time_tag,bx_gsm,by_gsm,bz_gsm,lon_gsm,lat_gsm,bt
2026-02-28 15:29:00+00:00,-1.43,-1.20,-3.28,219.98,-60.33,3.78
2026-02-28 15:30:00+00:00,-1.12,-1.42,-3.23,231.69,-60.73,3.70
2026-02-28 15:31:00+00:00,-0.81,-1.76,-3.24,245.26,-59.07,3.77
2026-02-28 15:32:00+00:00,-0.71,-2.12,-2.82,251.44,-51.61,3.60
2026-02-28 15:33:00+00:00,-0.12,-2.51,-2.33,267.30,-42.76,3.43
2026-02-28 15:34:00+00:00,0.23,-2.74,-2.15,274.73,-37.95,3.49
2026-02-28 15:35:00+00:00,1.32,-2.28,-2.05,300.12,-37.82,3.34
2026-02-28 15:36:00+00:00,1.74,-1.98,-1.88,311.33,-35.49,3.24
2026-02-28 15:37:00+00:00,1.15,-2.39,-2.17,295.80,-39.30,3.42
2026-02-28 15:38:00+00:00,0.94,-2.76,-1.89,288.88,-32.98,3.48
2026-02-28 15:39:00+00:00,1.24,-2.28,-2.13,298.41,-39.37,3.36
2026-02-28 15:40:00+00:00,0.57,-1.90,-2.65,286.73,-53.17,3.31
2026-02-28 15:41:00+00:00,-0.64,-1.81,-3.03,250.52,-57.68,3.59
2026-02-28 15:42:00+00:00,-1.19,-3.43,-1.75,250.79,-25.76,4.03
2026-02-28 15:43:00+00:00,-0.78,-3.31,-1.90,256.69,-29.18,3.90
2026-02-28 15:44:00+00:00,-0.43,-2.98,-2.36,261.72,-38.11,3.82
2026-02-28 15:45:00+00:00,-0.90,-2.94,-2.42,252.91,-38.14,3.91
2026-02-28 15:46:00+00:00,-0.93,-3.08,-2.22,253.27,-34.60,3.91
2026-02-28 15:47:00+00:00,-0.84,-3.39,-1.77,256.08,-26.94,3.91
2026-02-28 15:48:00+00:00,-0.62,-3.38,-1.59,259.66,-24.78,3.79
2026-02-28 15:49:00+00:00,1.14,-3.11,-0.91,290.08,-15.39,3.43
2026-02-28 15:50:00+00:00,0.60,-3.22,-1.30,280.58,-21.59,3.52
2026-02-28 15:51:00+00:00,0.28,-3.35,-1.47,274.77,-23.59,3.67
2026-02-28 15:52:00+00:00,0.15,-3.39,-1.44,272.57,-22.99,3.69
2026-02-28 15:53:00+00:00,0.58,-3.32,-1.35,279.97,-21.92,3.63
2026-02-28 15:54:00+00:00,1.01,-3.06,-1.32,288.20,-22.27,3.48
2026-02-28 15:55:00+00:00,0.95,-3.16,-1.07,286.68,-17.93,3.46
2026-02-28 15:56:00+00:00,0.98,-2.93,-1.61,288.45,-27.53,3.49
2026-02-28 15:57:00+00:00,1.18,-2.71,-1.56,293.63,-27.86,3.34
2026-02-28 15:58:00+00:00,1.17,-2.72,-1.33,293.36,-24.24,3.25
2026-02-28 16:00:00+00:00,1.95,-3.16,0.74,301.66,11.20,3.79
2026-02-28 16:03:00+00:00,1.70,-2.51,-0.88,304.19,-16.11,3.16
2026-02-28 16:04:00+00:00,1.89,-2.84,0.49,303.70,8.16,3.45
2026-02-28 16:05:00+00:00,0.94,-2.74,1.79,289.01,31.63,3.40
2026-02-28 16:06:00+00:00,1.11,-2.82,2.06,291.52,34.13,3.67
2026-02-28 16:07:00+00:00,0.94,-2.58,2.42,290.02,41.40,3.66
2026-02-28 16:08:00+00:00,0.42,-2.77,2.42,278.69,40.83,3.70
2026-02-28 16:09:00+00:00,-0.19,-2.50,2.66,265.58,46.64,3.65
2026-02-28 16:10:00+00:00,0.10,-2.16,2.85,272.74,52.84,3.58
2026-02-28 16:11:00+00:00,1.81,-1.86,2.41,314.23,42.86,3.55
2026-02-28 16:12:00+00:00,2.01,-1.83,2.06,317.67,37.22,3.41
2026-02-28 16:13:00+00:00,2.49,-0.40,1.96,350.95,37.88,3.20
2026-02-28 16:14:00+00:00,2.25,-0.85,1.95,339.21,39.03,3.10
2026-02-28 16:15:00+00:00,2.06,-0.83,2.57,338.05,49.11,3.40
2026-02-28 16:16:00+00:00,1.79,0.45,3.18,13.98,59.83,3.68
2026-02-28 16:17:00+00:00,1.48,0.18,3.43,6.99,66.51,3.74
2026-02-28 16:18:00+00:00,1.33,-0.03,3.66,358.64,69.99,3.90
2026-02-28 16:19:00+00:00,0.97,-0.25,3.88,345.33,75.46,4.00
2026-02-28 16:20:00+00:00,1.00,0.18,3.93,10.52,75.54,4.06
2026-02-28 16:21:00+00:00,0.78,0.91,3.90,49.15,72.94,4.08
2026-02-28 16:22:00+00:00,0.46,0.73,4.04,57.84,78.01,4.13
2026-02-28 16:23:00+00:00,0.43,0.99,3.99,66.68,74.85,4.13
2026-02-28 16:24:00+00:00,1.06,0.29,3.73,15.49,73.58,3.89
2026-02-28 16:25:00+00:00,1.32,-0.02,3.39,359.07,68.71,3.64
2026-02-28 16:26:00+00:00,-0.28,0.71,4.04,111.54,79.34,4.11
2026-02-28 16:27:00+00:00,-0.82,0.61,4.05,143.17,75.85,4.17
2026-02-28 16:28:00+00:00,-0.88,0.12,4.13,172.33,77.85,4.22
2026-02-28 16:29:00+00:00,-1.01,-0.16,4.13,189.03,76.07,4.25
2026-02-28 16:30:00+00:00,-1.22,-0.41,4.06,198.48,72.39,4.26
2026-02-28 16:31:00+00:00,-1.54,0.37,3.97,166.33,68.25,4.28
2026-02-28 16:32:00+00:00,-1.20,-0.12,4.03,185.54,73.33,4.21
2026-02-28 16:33:00+00:00,-1.39,-0.73,3.81,207.80,67.59,4.12
2026-02-28 16:34:00+00:00,1.44,0.14,3.36,5.44,66.72,3.66
2026-02-28 16:35:00+00:00,0.94,0.37,3.66,21.53,74.63,3.80
2026-02-28 16:36:00+00:00,1.21,0.27,3.51,12.46,70.59,3.72
2026-02-28 16:37:00+00:00,1.40,0.13,3.30,5.45,66.89,3.58
2026-02-28 16:38:00+00:00,1.54,-0.06,3.11,357.69,63.57,3.47
2026-02-28 16:39:00+00:00,1.49,-0.31,3.22,348.14,64.74,3.56
2026-02-28 16:40:00+00:00,1.43,-0.28,3.27,348.93,65.94,3.58
2026-02-28 16:41:00+00:00,1.12,-0.34,3.18,343.30,69.81,3.38
2026-02-28 16:42:00+00:00,1.09,-0.46,3.25,337.35,69.95,3.46
2026-02-28 16:43:00+00:00,1.25,0.36,3.29,16.23,68.45,3.54
2026-02-28 16:44:00+00:00,1.05,0.38,3.47,20.16,72.16,3.64
2026-02-28 16:45:00+00:00,0.11,-1.14,-0.10,275.62,-4.95,1.15
2026-02-28 16:46:00+00:00,-1.23,-1.56,-2.64,231.63,-53.02,3.30
2026-02-28 16:47:00+00:00,-1.47,-1.02,-2.94,214.75,-58.73,3.44
2026-02-28 16:48:00+00:00,-1.61,-1.25,-3.14,217.93,-56.95,3.74
2026-02-28 16:49:00+00:00,-1.10,-0.84,-3.61,217.49,-69.06,3.86
2026-02-28 16:50:00+00:00,-0.52,-1.63,-3.40,252.42,-63.27,3.80
2026-02-28 16:51:00+00:00,-0.37,-1.81,-3.28,258.53,-60.56,3.76
2026-02-28 16:52:00+00:00,-1.28,-2.04,-3.18,237.90,-52.91,3.98
2026-02-28 16:53:00+00:00,-1.00,-2.29,-2.83,246.29,-48.57,3.77
2026-02-28 16:54:00+00:00,-1.47,-2.17,-3.01,235.82,-48.93,3.99
2026-02-28 16:55:00+00:00,-0.56,-1.66,-3.29,251.46,-61.94,3.72
2026-02-28 16:56:00+00:00,-1.31,-2.46,-2.96,241.93,-46.75,4.06
2026-02-28 16:57:00+00:00,-1.74,-2.38,-2.95,233.82,-44.99,4.17
2026-02-28 16:58:00+00:00,-2.66,-2.41,-2.17,222.28,-31.19,4.20
2026-02-28 16:59:00+00:00,-2.61,-2.60,-2.32,224.93,-32.19,4.35
2026-02-28 17:00:00+00:00,-2.06,-2.61,-2.75,231.81,-39.59,4.32
2026-02-28 17:01:00+00:00,-1.48,-2.35,-3.13,237.81,-48.43,4.18
2026-02-28 17:02:00+00:00,-1.41,-2.47,-2.99,240.27,-46.42,4.12
2026-02-28 17:03:00+00:00,-1.65,-2.47,-2.96,236.37,-44.91,4.20
2026-02-28 17:04:00+00:00,-1.06,-2.68,-2.95,248.46,-45.65,4.12
2026-02-28 17:05:00+00:00,0.10,-2.44,-3.02,272.31,-51.01,3.88
2026-02-28 17:06:00+00:00,1.05,-2.20,-2.73,295.48,-48.21,3.66
2026-02-28 17:07:00+00:00,0.85,-2.20,-2.83,291.07,-50.26,3.68
2026-02-28 17:08:00+00:00,1.19,-2.27,-2.60,297.59,-45.41,3.65
2026-02-28 17:09:00+00:00,0.53,-2.42,-2.90,282.37,-49.47,3.82
2026-02-28 17:10:00+00:00,-1.05,-2.49,-3.06,247.17,-48.59,4.08
2026-02-28 17:11:00+00:00,-0.70,-2.56,-3.11,254.67,-49.56,4.09
2026-02-28 17:12:00+00:00,-0.34,-2.20,-3.42,261.34,-56.89,4.08
2026-02-28 17:13:00+00:00,-0.34,-2.27,-3.35,261.43,-55.64,4.06
2026-02-28 17:14:00+00:00,-0.58,-2.29,-3.30,255.75,-54.43,4.06
2026-02-28 17:15:00+00:00,0.03,-1.45,-3.61,271.25,-68.11,3.89
2026-02-28 17:16:00+00:00,-0.03,-1.48,-3.50,268.72,-67.14,3.80
2026-02-28 17:17:00+00:00,-0.29,-2.10,-3.33,262.19,-57.57,3.95
2026-02-28 17:18:00+00:00,-1.35,-2.47,-3.12,241.34,-47.90,4.20
2026-02-28 17:19:00+00:00,-1.23,-2.45,-3.14,243.38,-48.93,4.17
2026-02-28 17:20:00+00:00,-0.88,-2.64,-3.00,251.64,-47.16,4.10
2026-02-28 17:21:00+00:00,-0.77,-2.57,-2.97,253.35,-47.87,4.00
2026-02-28 17:22:00+00:00,-0.87,-2.31,-3.13,249.44,-51.75,3.99
2026-02-28 17:23:00+00:00,-0.62,-2.70,-2.24,257.05,-38.93,3.56
2026-02-28 17:24:00+00:00,-0.23,-2.77,-2.60,265.29,-43.06,3.80
2026-02-28 17:25:00+00:00,0.15,-1.65,-3.43,275.19,-64.25,3.81
2026-02-28 17:26:00+00:00,0.38,-1.48,-3.44,284.50,-65.98,3.77
2026-02-28 17:27:00+00:00,-1.42,-2.44,-2.78,239.77,-44.54,3.96
2026-02-28 17:28:00+00:00,-1.83,-2.85,-2.66,237.23,-38.17,4.31
2026-02-28 17:29:00+00:00,-1.71,-3.12,-2.44,241.29,-34.49,4.31
2026-02-28 17:30:00+00:00,-1.69,-2.77,-2.84,238.62,-41.22,4.31
2026-02-28 17:31:00+00:00,-1.43,-2.30,-3.25,238.21,-50.13,4.23
2026-02-28 17:32:00+00:00,-1.47,-1.76,-3.55,230.12,-57.12,4.22
2026-02-28 17:33:00+00:00,-1.85,-2.39,-2.84,232.22,-43.18,4.15
2026-02-28 17:34:00+00:00,-2.08,-2.21,-2.95,226.72,-44.15,4.24
2026-02-28 17:35:00+00:00,-2.17,-1.95,-2.85,221.91,-44.33,4.08
2026-02-28 17:36:00+00:00,-1.93,-1.31,-3.25,214.28,-54.36,4.00
2026-02-28 17:37:00+00:00,-1.88,-1.57,-3.25,219.95,-52.96,4.07
2026-02-28 17:38:00+00:00,-1.66,-2.09,-3.29,231.62,-50.89,4.24
2026-02-28 17:39:00+00:00,-1.84,-1.90,-3.26,225.86,-50.96,4.20
2026-02-28 17:40:00+00:00,-1.90,-2.00,-3.10,226.37,-48.34,4.15
2026-02-28 17:41:00+00:00,-2.22,-2.71,-2.58,230.74,-36.36,4.35
2026-02-28 17:42:00+00:00,-2.13,-2.70,-2.62,231.69,-37.25,4.32
2026-02-28 17:43:00+00:00,-2.33,-2.74,-2.47,229.69,-34.49,4.36
2026-02-28 17:44:00+00:00,-2.08,-2.80,-2.53,233.41,-35.93,4.31
2026-02-28 17:45:00+00:00,-2.64,-2.83,-2.10,227.00,-28.50,4.41
2026-02-28 17:46:00+00:00,-2.51,-3.13,-1.77,231.25,-23.81,4.38
2026-02-28 17:47:00+00:00,-2.31,-3.15,-1.83,233.77,-25.16,4.32
2026-02-28 17:48:00+00:00,-3.32,-2.54,-1.55,217.37,-20.37,4.46
2026-02-28 17:49:00+00:00,-1.91,-2.54,-2.59,233.08,-39.21,4.10
2026-02-28 17:50:00+00:00,-2.12,-2.58,-2.41,230.60,-35.77,4.12
2026-02-28 17:51:00+00:00,0.41,-2.09,-2.67,281.22,-51.43,3.42
2026-02-28 17:52:00+00:00,1.18,-1.93,-2.51,301.34,-47.90,3.38
2026-02-28 17:53:00+00:00,2.00,-0.45,-2.13,347.43,-46.14,2.95
2026-02-28 17:54:00+00:00,2.46,0.39,-2.10,9.06,-40.18,3.26
2026-02-28 17:55:00+00:00,2.59,0.39,-2.10,8.56,-38.78,3.36
2026-02-28 17:56:00+00:00,2.66,0.20,-2.04,4.34,-37.32,3.36
2026-02-28 17:57:00+00:00,2.84,0.66,-1.70,13.01,-30.27,3.38
2026-02-28 17:58:00+00:00,2.96,1.10,-0.96,20.33,-16.95,3.30
2026-02-28 17:59:00+00:00,3.00,1.37,-0.27,24.63,-4.66,3.31
2026-02-28 18:00:00+00:00,3.05,1.48,0.29,25.98,4.83,3.40
2026-02-28 18:01:00+00:00,1.20,-0.03,-1.99,358.68,-58.90,2.33
2026-02-28 18:02:00+00:00,-0.79,-1.91,-3.48,247.44,-59.25,4.05
2026-02-28 18:03:00+00:00,-0.64,-1.77,-3.57,250.28,-62.19,4.04
2026-02-28 18:04:00+00:00,-0.58,-2.09,-3.36,254.42,-57.14,4.00
2026-02-28 18:05:00+00:00,-0.86,-1.02,-3.84,229.88,-70.81,4.06
2026-02-28 18:06:00+00:00,-0.39,-1.66,-3.49,256.86,-63.95,3.88
2026-02-28 18:07:00+00:00,-0.44,-2.23,-3.25,258.90,-55.05,3.97
2026-02-28 18:08:00+00:00,-0.98,-2.63,-3.04,249.67,-47.31,4.14
2026-02-28 18:09:00+00:00,-1.20,-2.37,-3.20,243.23,-50.25,4.16
2026-02-28 18:10:00+00:00,-0.41,-1.60,-3.64,255.57,-65.59,4.00
2026-02-28 18:11:00+00:00,-0.47,-1.46,-3.75,251.97,-67.80,4.05
2026-02-28 18:12:00+00:00,-0.01,-1.25,-3.74,269.42,-71.47,3.94
2026-02-28 18:13:00+00:00,0.31,-1.84,-3.45,279.53,-61.59,3.92
2026-02-28 18:14:00+00:00,0.35,-1.19,-3.67,286.34,-71.33,3.87
2026-02-28 18:15:00+00:00,0.11,-0.80,-3.79,278.12,-77.93,3.87
2026-02-28 18:16:00+00:00,-0.52,-2.30,-3.30,257.35,-54.47,4.06
2026-02-28 18:17:00+00:00,0.03,-1.65,-3.57,270.95,-65.20,3.93
2026-02-28 18:18:00+00:00,1.03,-0.87,-3.43,319.84,-68.61,3.68
2026-02-28 18:19:00+00:00,-0.18,-1.92,-3.37,264.74,-60.18,3.88
2026-02-28 18:20:00+00:00,-0.79,-2.19,-3.34,250.09,-55.13,4.08
2026-02-28 18:21:00+00:00,-1.03,-2.04,-3.35,243.11,-55.69,4.06
2026-02-28 18:22:00+00:00,-1.54,-2.29,-3.25,236.11,-49.64,4.26
2026-02-28 18:23:00+00:00,-1.41,-2.20,-3.26,237.32,-51.33,4.18
2026-02-28 18:24:00+00:00,-1.12,-2.26,-3.21,243.66,-51.90,4.08
2026-02-28 18:25:00+00:00,-1.07,-0.88,-3.81,219.39,-70.06,4.05
2026-02-28 18:26:00+00:00,-1.17,-1.55,-3.60,233.06,-61.71,4.09
2026-02-28 18:27:00+00:00,-1.15,-2.62,-2.98,246.37,-46.13,4.13
2026-02-28 18:28:00+00:00,-0.57,-1.92,-3.46,253.40,-60.00,4.00
2026-02-28 18:29:00+00:00,-0.41,-1.36,-3.70,253.24,-69.05,3.97
2026-02-28 18:30:00+00:00,-0.29,-0.82,-3.85,250.53,-77.25,3.95
2026-02-28 18:31:00+00:00,0.65,-0.58,-3.67,318.44,-76.65,3.77
2026-02-28 18:32:00+00:00,1.10,-0.39,-3.46,340.73,-71.35,3.65
2026-02-28 18:33:00+00:00,0.72,0.66,-3.55,42.55,-74.52,3.68
2026-02-28 18:34:00+00:00,0.80,0.43,-3.51,28.43,-75.50,3.63
2026-02-28 18:35:00+00:00,0.63,0.76,-3.55,50.28,-74.48,3.68
2026-02-28 18:36:00+00:00,0.84,0.59,-3.46,34.91,-73.46,3.61
2026-02-28 18:37:00+00:00,-2.12,-3.75,-0.18,240.54,-2.33,4.31
2026-02-28 18:38:00+00:00,-1.24,-3.94,-0.65,252.51,-8.94,4.18
2026-02-28 18:39:00+00:00,-1.85,-3.79,-1.35,243.96,-17.69,4.43
2026-02-28 18:40:00+00:00,-1.79,-3.57,-1.64,243.40,-22.31,4.32
2026-02-28 18:41:00+00:00,-1.21,-2.72,-2.36,246.12,-38.35,3.80
2026-02-28 18:42:00+00:00,-1.61,-2.84,-2.30,240.51,-35.23,3.99
2026-02-28 18:43:00+00:00,-1.72,-3.69,-0.21,244.97,-2.99,4.08
2026-02-28 18:44:00+00:00,-1.68,-3.71,-0.48,245.67,-6.78,4.10
2026-02-28 18:45:00+00:00,-1.19,-2.97,-1.33,248.20,-22.55,3.46
2026-02-28 18:46:00+00:00,-1.11,-3.48,-2.30,252.30,-32.15,4.31
2026-02-28 18:47:00+00:00,-1.25,-3.60,-1.97,250.89,-27.32,4.29
2026-02-28 18:48:00+00:00,-1.51,-3.72,-1.74,248.00,-23.45,4.38
2026-02-28 18:49:00+00:00,-1.07,-3.38,-2.41,252.39,-34.19,4.29
2026-02-28 18:50:00+00:00,-0.67,-2.96,-2.81,257.21,-42.74,4.14
2026-02-28 18:51:00+00:00,-0.76,-3.02,-2.77,255.80,-41.69,4.17
2026-02-28 18:52:00+00:00,-0.94,-3.18,-2.51,253.57,-37.14,4.16
2026-02-28 18:53:00+00:00,-0.29,-2.99,-2.92,264.40,-44.19,4.20
2026-02-28 18:54:00+00:00,-0.36,-3.17,-2.75,263.56,-40.77,4.21
2026-02-28 18:55:00+00:00,-0.19,-3.15,-2.77,266.64,-41.22,4.20
2026-02-28 18:56:00+00:00,-0.60,-2.86,-3.15,258.12,-47.15,4.30
2026-02-28 18:57:00+00:00,-0.91,-2.68,-3.29,251.18,-49.29,4.35
2026-02-28 18:58:00+00:00,-1.14,-2.94,-3.06,248.80,-44.14,4.39
2026-02-28 18:59:00+00:00,-1.03,-3.06,-3.01,251.34,-42.97,4.42
2026-02-28 19:00:00+00:00,-1.07,-2.92,-3.10,249.86,-44.88,4.40
2026-02-28 19:01:00+00:00,-0.79,-2.68,-3.30,253.62,-49.78,4.33
2026-02-28 19:02:00+00:00,-0.22,-2.47,-3.46,264.94,-54.36,4.26
2026-02-28 19:03:00+00:00,-0.51,-2.57,-3.47,258.75,-52.93,4.35
2026-02-28 19:04:00+00:00,0.10,-2.31,-3.46,272.58,-56.22,4.17
2026-02-28 19:05:00+00:00,0.91,-1.76,-3.58,297.42,-61.02,4.09
2026-02-28 19:06:00+00:00,0.85,-1.91,-3.56,293.95,-59.58,4.13
2026-02-28 19:07:00+00:00,0.75,-1.73,-3.66,293.49,-62.71,4.12
2026-02-28 19:08:00+00:00,0.86,-1.27,-3.85,304.06,-68.23,4.14
2026-02-28 19:09:00+00:00,0.87,-1.21,-3.88,305.63,-69.01,4.15
2026-02-28 19:10:00+00:00,0.95,-1.71,-3.61,298.89,-61.53,4.11
2026-02-28 19:11:00+00:00,1.19,-1.74,-3.39,304.29,-58.09,3.99
2026-02-28 19:12:00+00:00,0.92,-0.98,-3.79,313.10,-70.47,4.02
2026-02-28 19:13:00+00:00,1.00,-0.96,-3.77,316.23,-69.76,4.02
2026-02-28 19:14:00+00:00,1.07,-0.45,-3.89,337.26,-73.35,4.06
2026-02-28 19:15:00+00:00,1.28,0.48,-3.83,20.69,-70.35,4.06
2026-02-28 19:16:00+00:00,1.09,1.01,-3.73,42.81,-68.21,4.02
2026-02-28 19:17:00+00:00,1.00,1.68,-3.46,59.27,-60.50,3.97
2026-02-28 19:18:00+00:00,1.12,1.41,-3.53,51.62,-62.98,3.97
2026-02-28 19:19:00+00:00,0.96,1.43,-3.56,56.17,-64.18,3.96
2026-02-28 19:20:00+00:00,0.88,1.39,-3.60,57.58,-65.41,3.96
2026-02-28 19:21:00+00:00,0.89,1.49,-3.49,59.13,-63.58,3.90
2026-02-28 19:22:00+00:00,0.91,1.70,-3.34,61.96,-60.04,3.85
2026-02-28 19:23:00+00:00,0.47,1.18,-3.48,68.10,-69.99,3.70
2026-02-28 19:24:00+00:00,0.33,1.41,-3.56,76.71,-67.83,3.84
2026-02-28 19:25:00+00:00,-0.06,1.46,-3.67,92.34,-68.23,3.95
2026-02-28 19:26:00+00:00,0.53,0.99,-3.69,61.89,-73.10,3.86
2026-02-28 19:27:00+00:00,0.38,1.09,-3.72,70.96,-72.78,3.90
2026-02-28 19:28:00+00:00,0.44,1.12,-3.70,68.41,-72.00,3.89
2026-02-28 19:29:00+00:00,0.31,1.47,-3.63,77.94,-67.48,3.93
2026-02-28 19:30:00+00:00,0.66,1.13,-3.68,59.94,-70.44,3.91
2026-02-28 19:31:00+00:00,-0.29,0.97,-3.96,106.36,-75.60,4.08
2026-02-28 19:32:00+00:00,-0.21,1.35,-3.80,98.76,-70.17,4.04
2026-02-28 19:33:00+00:00,-0.12,1.67,-3.66,94.04,-65.35,4.03
2026-02-28 19:34:00+00:00,-0.07,1.97,-3.51,92.06,-60.73,4.02
2026-02-28 19:35:00+00:00,0.15,2.39,-3.18,86.39,-53.04,3.99
2026-02-28 19:36:00+00:00,0.15,2.38,-3.12,86.31,-52.57,3.92
2026-02-28 19:37:00+00:00,-0.03,2.24,-3.30,90.66,-55.82,3.99
2026-02-28 19:38:00+00:00,-0.01,2.61,-3.01,90.16,-49.16,3.98
2026-02-28 19:39:00+00:00,0.18,2.74,-2.68,86.18,-44.30,3.84
2026-02-28 19:40:00+00:00,0.38,2.07,-3.13,79.48,-56.06,3.78
2026-02-28 19:41:00+00:00,0.45,1.40,-3.49,72.02,-67.20,3.79
2026-02-28 19:42:00+00:00,0.54,0.76,-3.73,54.58,-75.91,3.84
2026-02-28 19:43:00+00:00,0.57,0.68,-3.71,50.16,-76.53,3.81
2026-02-28 19:44:00+00:00,0.49,0.46,-3.73,42.99,-79.77,3.79
2026-02-28 19:45:00+00:00,0.48,0.54,-3.76,48.30,-79.11,3.82
2026-02-28 19:46:00+00:00,0.38,0.48,-3.78,51.42,-80.86,3.83
2026-02-28 19:47:00+00:00,0.66,0.48,-3.67,35.89,-77.47,3.76
2026-02-28 19:48:00+00:00,0.70,0.37,-3.68,27.60,-77.84,3.76
2026-02-28 19:49:00+00:00,0.49,0.44,-3.68,42.03,-79.83,3.74
2026-02-28 19:50:00+00:00,0.29,1.08,-3.22,75.15,-70.88,3.41
2026-02-28 19:51:00+00:00,0.67,0.45,-1.95,34.26,-67.54,2.11
2026-02-28 19:52:00+00:00,1.04,-3.19,-0.12,288.12,-2.11,3.35
2026-02-28 19:53:00+00:00,1.43,-1.65,-1.71,310.93,-37.98,2.78
2026-02-28 19:54:00+00:00,1.54,0.22,-2.76,8.02,-60.58,3.17
2026-02-28 19:55:00+00:00,2.08,0.10,-2.20,2.84,-46.48,3.03
2026-02-28 19:56:00+00:00,2.26,0.45,-2.16,11.17,-43.19,3.15
2026-02-28 19:57:00+00:00,2.19,0.67,-2.28,16.98,-44.95,3.23
2026-02-28 19:58:00+00:00,2.34,0.39,-2.24,9.54,-43.35,3.26
2026-02-28 19:59:00+00:00,2.26,0.99,-1.99,23.51,-38.87,3.17
2026-02-28 20:00:00+00:00,2.22,1.25,-2.01,29.36,-38.24,3.25
2026-02-28 20:01:00+00:00,2.35,1.21,-1.84,27.30,-34.83,3.23
2026-02-28 20:02:00+00:00,2.14,1.94,-1.46,42.22,-26.86,3.24
2026-02-28 20:03:00+00:00,2.28,2.15,-1.06,43.26,-18.65,3.31
2026-02-28 20:04:00+00:00,2.59,1.51,-1.37,30.27,-24.48,3.30
2026-02-28 20:05:00+00:00,2.81,0.40,-1.71,8.07,-31.06,3.31
2026-02-28 20:06:00+00:00,2.78,0.46,-1.84,9.42,-33.19,3.36
2026-02-28 20:07:00+00:00,2.69,-0.03,-2.12,359.45,-38.21,3.43
2026-02-28 20:08:00+00:00,2.57,-0.46,-2.13,349.82,-39.20,3.37
2026-02-28 20:09:00+00:00,1.50,-1.24,-1.83,320.32,-43.23,2.67
2026-02-28 20:10:00+00:00,-2.36,-2.09,-2.22,221.54,-35.13,3.85
2026-02-28 20:11:00+00:00,1.25,-2.30,-2.18,298.51,-39.82,3.40
2026-02-28 20:12:00+00:00,1.46,-1.88,-2.57,307.70,-47.16,3.50
2026-02-28 20:13:00+00:00,1.41,-1.90,-2.59,306.56,-47.53,3.51
2026-02-28 20:14:00+00:00,1.44,-1.42,-2.75,315.45,-53.59,3.42
2026-02-28 20:15:00+00:00,1.40,-1.43,-2.84,314.45,-54.85,3.47
2026-02-28 20:16:00+00:00,1.41,-2.73,-1.13,297.24,-20.19,3.28
2026-02-28 20:17:00+00:00,1.85,-1.85,-1.68,314.92,-32.63,3.11
2026-02-28 20:18:00+00:00,2.33,-1.40,-2.00,328.99,-36.29,3.37
2026-02-28 20:19:00+00:00,2.14,0.53,-2.37,13.92,-47.12,3.23
2026-02-28 20:20:00+00:00,2.38,1.50,-2.07,32.21,-36.36,3.49
2026-02-28 20:21:00+00:00,2.30,1.55,-2.14,34.01,-37.56,3.50
2026-02-28 20:22:00+00:00,2.28,1.41,-2.21,31.86,-39.47,3.47
2026-02-28 20:23:00+00:00,2.19,1.22,-2.49,29.11,-44.75,3.53
2026-02-28 20:24:00+00:00,2.41,1.19,-2.18,26.19,-39.07,3.46
2026-02-28 20:25:00+00:00,2.38,0.91,-2.44,20.98,-43.73,3.53
2026-02-28 20:26:00+00:00,2.45,0.31,-2.54,7.31,-45.85,3.54
2026-02-28 20:27:00+00:00,2.34,1.02,-2.39,23.53,-43.12,3.50
2026-02-28 20:28:00+00:00,2.67,0.88,-1.95,18.24,-34.69,3.42
2026-02-28 20:29:00+00:00,2.73,0.69,-2.00,14.24,-35.45,3.45
2026-02-28 20:30:00+00:00,2.35,1.21,-2.20,27.13,-39.82,3.44
2026-02-28 20:31:00+00:00,2.17,1.49,-2.30,34.58,-41.15,3.50
2026-02-28 20:32:00+00:00,1.77,1.47,-2.70,39.81,-49.58,3.55
2026-02-28 20:33:00+00:00,1.44,1.35,-3.03,43.10,-56.90,3.62
2026-02-28 20:34:00+00:00,1.43,1.38,-3.07,43.89,-57.05,3.66
2026-02-28 20:35:00+00:00,1.54,1.42,-2.99,42.68,-54.94,3.65
2026-02-28 20:36:00+00:00,1.42,1.59,-2.93,48.12,-53.96,3.62
2026-02-28 20:37:00+00:00,1.07,1.52,-3.16,54.88,-59.47,3.66
2026-02-28 20:38:00+00:00,1.75,1.45,-2.74,39.73,-50.38,3.56
2026-02-28 20:39:00+00:00,1.84,1.66,-2.50,42.04,-45.31,3.52
2026-02-28 20:40:00+00:00,1.84,1.62,-2.48,41.40,-45.30,3.49
2026-02-28 20:41:00+00:00,2.03,1.73,-2.35,40.39,-41.39,3.55
2026-02-28 20:42:00+00:00,1.70,1.61,-2.59,43.39,-47.92,3.49
2026-02-28 20:43:00+00:00,1.66,1.59,-2.57,43.79,-48.20,3.45
2026-02-28 20:44:00+00:00,2.07,2.01,-1.93,44.26,-33.71,3.47
2026-02-28 20:45:00+00:00,2.31,1.82,-1.93,38.20,-33.30,3.52
2026-02-28 20:46:00+00:00,2.02,1.99,-2.13,44.57,-36.93,3.54
2026-02-28 20:47:00+00:00,2.02,1.94,-2.18,43.90,-37.85,3.55
2026-02-28 20:48:00+00:00,1.88,1.95,-2.24,46.03,-39.57,3.52
2026-02-28 20:49:00+00:00,1.03,1.79,-2.85,60.08,-54.00,3.52
2026-02-28 20:50:00+00:00,0.81,2.18,-2.52,69.65,-47.30,3.43
2026-02-28 20:51:00+00:00,1.27,2.22,-2.27,60.30,-41.60,3.42
2026-02-28 20:52:00+00:00,1.25,1.70,-2.97,53.70,-54.62,3.64
2026-02-28 20:53:00+00:00,1.11,1.05,-3.33,43.47,-65.30,3.67
2026-02-28 20:54:00+00:00,1.21,1.13,-3.27,42.94,-63.14,3.66
2026-02-28 20:55:00+00:00,1.22,1.36,-3.17,48.16,-59.99,3.66
2026-02-28 20:56:00+00:00,0.95,1.55,-3.23,58.62,-60.62,3.71
2026-02-28 20:57:00+00:00,1.56,1.25,-2.81,38.61,-54.54,3.45
2026-02-28 20:58:00+00:00,1.46,1.48,-2.97,45.40,-54.95,3.63
2026-02-28 20:59:00+00:00,1.38,1.32,-2.97,43.83,-57.28,3.54
2026-02-28 21:00:00+00:00,1.01,1.19,-3.30,49.65,-64.79,3.65
2026-02-28 21:01:00+00:00,1.33,0.86,-3.17,32.92,-63.51,3.54
2026-02-28 21:02:00+00:00,1.36,-2.20,-2.57,301.73,-44.77,3.64
2026-02-28 21:03:00+00:00,1.57,-1.14,-2.68,324.11,-54.02,3.31
2026-02-28 21:04:00+00:00,1.72,-1.62,-2.60,316.73,-47.75,3.51
2026-02-28 21:05:00+00:00,1.05,-2.26,-2.19,294.99,-41.34,3.32
2026-02-28 21:06:00+00:00,0.80,-2.62,-2.18,287.03,-38.59,3.50
2026-02-28 21:07:00+00:00,1.56,-1.65,-2.34,313.43,-45.80,3.26
2026-02-28 21:08:00+00:00,1.85,-1.93,-2.01,313.71,-36.85,3.34
2026-02-28 21:09:00+00:00,2.07,-1.64,-2.04,321.68,-37.71,3.34
2026-02-28 21:10:00+00:00,2.16,-1.37,-2.14,327.64,-39.96,3.33
2026-02-28 21:11:00+00:00,1.79,-1.57,-2.33,318.79,-44.40,3.34
2026-02-28 21:12:00+00:00,1.75,0.16,-3.04,5.21,-59.99,3.51
2026-02-28 21:13:00+00:00,1.87,-0.11,-2.94,356.78,-57.45,3.49
2026-02-28 21:14:00+00:00,2.09,0.42,-2.74,11.34,-52.05,3.47
2026-02-28 21:15:00+00:00,1.72,0.22,-2.97,7.39,-59.73,3.44
2026-02-28 21:16:00+00:00,1.04,-0.06,-3.44,356.88,-73.25,3.60
2026-02-28 21:17:00+00:00,0.51,0.27,-3.70,28.01,-81.22,3.75
2026-02-28 21:18:00+00:00,1.77,0.01,-2.94,0.30,-58.85,3.43
2026-02-28 21:19:00+00:00,2.51,-0.71,-2.26,344.25,-41.01,3.45
2026-02-28 21:20:00+00:00,2.64,-1.10,-2.01,337.30,-35.08,3.50
2026-02-28 21:21:00+00:00,2.61,-0.12,-2.31,357.42,-41.50,3.49
2026-02-28 21:22:00+00:00,2.65,0.46,-2.17,9.92,-38.89,3.46
2026-02-28 21:23:00+00:00,2.28,0.54,-2.72,13.32,-49.25,3.59
2026-02-28 21:24:00+00:00,2.35,0.17,-2.56,4.20,-47.47,3.48
2026-02-28 21:25:00+00:00,2.48,-0.64,-2.31,345.47,-41.96,3.45
2026-02-28 21:26:00+00:00,2.34,0.76,-2.33,18.05,-43.40,3.39
2026-02-28 21:27:00+00:00,1.99,1.63,-2.31,39.33,-41.88,3.46
2026-02-28 21:28:00+00:00,1.85,2.05,-2.14,47.85,-37.69,3.49
2026-02-28 21:29:00+00:00,1.92,2.08,-2.02,47.38,-35.57,3.48
2026-02-28 21:30:00+00:00,1.87,2.29,-1.93,50.73,-33.10,3.53
2026-02-28 21:31:00+00:00,2.10,2.45,-1.46,49.37,-24.38,3.54
2026-02-28 21:32:00+00:00,1.92,2.25,-1.74,49.62,-30.49,3.43
2026-02-28 21:33:00+00:00,1.79,1.63,-2.60,42.20,-47.05,3.55
2026-02-28 21:34:00+00:00,1.39,1.23,-3.03,41.51,-58.54,3.55
2026-02-28 21:35:00+00:00,1.43,1.24,-2.95,40.88,-57.29,3.51
2026-02-28 21:36:00+00:00,1.54,1.64,-2.71,46.91,-50.35,3.52
2026-02-28 21:37:00+00:00,1.57,1.86,-2.60,49.76,-46.84,3.56
2026-02-28 21:38:00+00:00,1.61,1.89,-2.53,49.62,-45.56,3.54
2026-02-28 21:39:00+00:00,1.37,2.12,-2.57,57.06,-45.55,3.60
2026-02-28 21:40:00+00:00,1.45,2.01,-2.63,54.12,-46.69,3.62
2026-02-28 21:41:00+00:00,1.70,1.89,-2.46,48.04,-44.10,3.53
2026-02-28 21:42:00+00:00,1.84,2.39,-1.90,52.41,-32.17,3.57
2026-02-28 21:43:00+00:00,1.57,2.66,-1.95,59.52,-32.30,3.66
2026-02-28 21:44:00+00:00,1.86,2.85,-1.13,56.87,-18.35,3.58
2026-02-28 21:45:00+00:00,1.99,2.67,-1.39,53.25,-22.60,3.61
2026-02-28 21:46:00+00:00,1.80,2.77,-1.46,56.97,-23.86,3.61
2026-02-28 21:47:00+00:00,1.69,2.94,-1.39,60.09,-22.32,3.67
2026-02-28 21:48:00+00:00,1.87,2.86,-1.22,56.83,-19.63,3.63
2026-02-28 21:49:00+00:00,1.42,2.97,-1.46,64.38,-23.89,3.60
2026-02-28 21:50:00+00:00,1.41,3.07,-1.19,65.23,-19.41,3.58
2026-02-28 21:51:00+00:00,1.37,3.40,0.62,68.09,9.65,3.72
2026-02-28 21:52:00+00:00,1.11,3.38,1.29,71.78,19.89,3.79
2026-02-28 21:53:00+00:00,1.23,3.42,0.56,70.17,8.84,3.68
2026-02-28 21:54:00+00:00,0.99,3.62,-0.17,74.66,-2.53,3.76
2026-02-28 21:55:00+00:00,0.89,3.68,-0.48,76.37,-7.19,3.82
2026-02-28 21:56:00+00:00,1.10,3.39,0.26,72.01,4.13,3.58
2026-02-28 21:57:00+00:00,1.91,3.03,-0.51,57.80,-8.17,3.61
2026-02-28 21:58:00+00:00,1.86,2.99,-0.90,58.13,-14.42,3.63
2026-02-28 22:00:00+00:00,2.03,2.63,-1.30,52.32,-21.34,3.57
2026-03-01 03:02:00+00:00,1.59,-3.45,-0.17,294.77,-2.61,3.80
2026-03-01 03:03:00+00:00,1.39,-3.54,-1.28,291.39,-18.58,4.01
2026-03-01 03:04:00+00:00,1.01,-3.23,-1.88,287.40,-28.98,3.87
2026-03-01 03:05:00+00:00,0.99,-3.03,-1.90,288.15,-30.78,3.71
2026-03-01 03:06:00+00:00,0.92,-2.96,-1.34,287.32,-23.30,3.38
2026-03-01 03:07:00+00:00,0.60,-2.82,-1.84,282.09,-32.52,3.42
2026-03-01 03:08:00+00:00,0.87,-3.63,-1.22,283.51,-18.09,3.92
2026-03-01 03:09:00+00:00,0.79,-3.48,-1.69,282.76,-25.35,3.95
2026-03-01 03:10:00+00:00,0.59,-3.14,-2.31,280.64,-35.91,3.94
2026-03-01 03:11:00+00:00,0.62,-3.25,-2.23,280.84,-33.91,3.99
2026-03-01 03:12:00+00:00,0.20,-3.34,-2.41,273.34,-35.70,4.12
2026-03-01 03:13:00+00:00,-0.28,-3.32,-2.43,265.19,-36.09,4.12
2026-03-01 03:14:00+00:00,-0.53,-3.05,-2.73,260.19,-41.45,4.12
2026-03-01 03:15:00+00:00,-0.11,-2.32,-3.25,267.23,-54.39,3.99
2026-03-01 03:16:00+00:00,0.20,-1.76,-1.97,276.57,-48.13,2.65
2026-03-01 03:17:00+00:00,2.08,-2.25,2.10,312.75,34.44,3.72
2026-03-01 03:18:00+00:00,2.38,-2.36,1.80,315.33,28.22,3.80
2026-03-01 03:19:00+00:00,2.47,-2.75,0.91,311.95,13.81,3.80
2026-03-01 03:20:00+00:00,2.70,-2.49,0.30,317.31,4.66,3.69
2026-03-01 03:21:00+00:00,2.33,-2.89,0.37,308.84,5.69,3.73
2026-03-01 03:22:00+00:00,2.23,-3.05,0.75,306.14,11.18,3.85
2026-03-01 03:23:00+00:00,2.51,-2.82,0.53,311.61,8.03,3.82
2026-03-01 03:24:00+00:00,2.49,-2.76,0.01,312.02,0.08,3.72
2026-03-01 03:25:00+00:00,2.16,-2.55,0.52,310.29,8.81,3.38
2026-03-01 03:26:00+00:00,2.66,-2.36,0.90,318.47,14.17,3.67
2026-03-01 03:27:00+00:00,2.55,-2.59,-0.05,314.49,-0.81,3.64
2026-03-01 03:28:00+00:00,2.81,-2.09,-1.50,323.41,-23.21,3.81
2026-03-01 03:29:00+00:00,2.78,-1.87,-1.81,326.11,-28.41,3.81
2026-03-01 03:30:00+00:00,2.87,-1.52,-1.87,332.11,-29.86,3.75
2026-03-01 03:31:00+00:00,3.00,-0.99,-1.99,341.77,-32.26,3.73
2026-03-01 03:32:00+00:00,3.04,-0.85,-1.95,344.33,-31.75,3.71
2026-03-01 03:33:00+00:00,3.12,-0.35,-1.96,353.56,-31.97,3.70
2026-03-01 03:34:00+00:00,2.97,0.10,-1.74,1.91,-30.39,3.45
2026-03-01 03:35:00+00:00,2.77,1.74,-0.99,32.16,-16.80,3.42
2026-03-01 03:36:00+00:00,2.23,-0.41,-2.57,349.61,-48.49,3.43
2026-03-01 03:37:00+00:00,2.06,-0.41,-2.94,348.76,-54.50,3.61
2026-03-01 03:38:00+00:00,2.27,0.00,-2.75,0.06,-50.42,3.57
2026-03-01 03:39:00+00:00,2.39,0.26,-2.79,6.18,-49.18,3.68
2026-03-01 03:40:00+00:00,2.61,0.58,-2.36,12.64,-41.51,3.57
2026-03-01 03:41:00+00:00,2.66,0.43,-2.28,9.28,-40.22,3.53
2026-03-01 03:42:00+00:00,2.29,0.94,-2.45,22.25,-44.78,3.48
2026-03-01 03:43:00+00:00,2.65,1.14,-1.99,23.32,-34.57,3.50
2026-03-01 03:44:00+00:00,2.69,1.33,-1.95,26.26,-33.02,3.58
2026-03-01 03:45:00+00:00,2.32,1.71,-2.08,36.29,-35.78,3.55
2026-03-01 03:46:00+00:00,2.23,1.54,-2.35,34.61,-40.84,3.59
2026-03-01 03:47:00+00:00,1.99,1.63,-2.41,39.33,-43.08,3.52
2026-03-01 03:48:00+00:00,2.30,1.61,-2.21,34.94,-38.16,3.57
2026-03-01 03:49:00+00:00,1.90,1.83,-2.09,43.87,-38.38,3.37
2026-03-01 03:50:00+00:00,2.46,0.08,-1.98,1.80,-38.83,3.16
2026-03-01 03:51:00+00:00,1.50,2.27,-2.03,56.54,-36.69,3.39
2026-03-01 03:52:00+00:00,1.07,0.56,-1.12,27.86,-42.79,1.65
2026-03-01 03:53:00+00:00,1.27,-1.86,-2.61,304.45,-49.19,3.44
2026-03-01 03:54:00+00:00,1.51,-0.95,-2.85,327.99,-57.92,3.36
2026-03-01 03:55:00+00:00,2.56,0.53,-1.83,11.66,-34.94,3.19
2026-03-01 03:56:00+00:00,2.36,1.11,-1.79,25.25,-34.45,3.16
2026-03-01 03:57:00+00:00,2.56,1.43,-0.49,29.12,-9.52,2.98
2026-03-01 03:58:00+00:00,2.29,0.90,1.62,21.55,33.36,2.95
2026-03-01 04:00:00+00:00,1.92,0.57,1.18,16.47,30.52,2.32
2026-03-01 05:30:00+00:00,0.53,3.62,1.00,81.67,15.22,3.79
2026-03-01 05:31:00+00:00,1.14,2.69,2.00,66.97,34.40,3.54
2026-03-01 05:32:00+00:00,2.33,2.20,0.73,43.29,12.84,3.29
2026-03-01 05:33:00+00:00,1.80,1.52,2.02,40.19,40.61,3.10
2026-03-01 05:34:00+00:00,2.05,0.21,3.00,5.74,55.49,3.64
2026-03-01 05:35:00+00:00,1.15,-1.25,3.25,312.44,62.44,3.67
2026-03-01 05:36:00+00:00,1.34,-1.87,1.67,305.67,35.91,2.84
2026-03-01 05:37:00+00:00,1.56,-2.43,-1.38,302.81,-25.61,3.20
2026-03-01 05:38:00+00:00,1.88,-2.31,-0.39,309.21,-7.50,3.01
2026-03-01 05:39:00+00:00,2.09,-1.87,1.77,318.17,32.25,3.31
2026-03-01 05:40:00+00:00,2.08,-2.43,1.07,310.55,18.46,3.37
2026-03-01 05:41:00+00:00,2.11,-2.26,1.74,313.04,29.35,3.54
2026-03-01 05:42:00+00:00,2.07,-2.23,1.88,312.94,31.65,3.57
2026-03-01 05:43:00+00:00,1.53,-1.40,2.82,317.48,53.71,3.50
2026-03-01 05:44:00+00:00,1.15,0.66,3.40,29.72,68.72,3.65
2026-03-01 05:45:00+00:00,0.95,-0.57,3.52,329.13,72.53,3.69
2026-03-01 05:46:00+00:00,1.20,-1.06,2.99,318.40,61.84,3.39
2026-03-01 05:47:00+00:00,2.09,-1.13,1.99,331.68,39.88,3.10
2026-03-01 05:48:00+00:00,2.58,-1.43,1.61,330.97,28.64,3.36
2026-03-01 05:49:00+00:00,2.67,-1.46,1.21,331.42,21.59,3.28
2026-03-01 05:50:00+00:00,2.92,-1.08,0.58,339.61,10.50,3.17
2026-03-01 05:51:00+00:00,2.92,-1.40,1.16,334.44,19.74,3.44
2026-03-01 05:52:00+00:00,2.91,-1.00,1.25,341.06,22.16,3.32
2026-03-01 05:53:00+00:00,3.01,-0.54,1.15,349.79,20.54,3.26
2026-03-01 05:54:00+00:00,2.77,-0.47,1.65,350.34,30.45,3.26
2026-03-01 05:55:00+00:00,2.52,0.21,2.01,4.78,38.58,3.23
2026-03-01 05:56:00+00:00,2.30,-0.97,2.22,337.08,41.64,3.34
2026-03-01 05:57:00+00:00,2.56,-1.31,1.54,332.94,28.17,3.26
2026-03-01 05:58:00+00:00,2.82,-1.17,1.16,337.55,20.82,3.27
2026-03-01 05:59:00+00:00,2.42,-1.96,0.05,320.97,0.93,3.11
2026-03-01 06:00:00+00:00,2.12,-1.94,1.06,317.47,20.27,3.06
2026-03-01 06:01:00+00:00,1.21,-2.99,-0.55,292.09,-9.63,3.27
2026-03-01 06:02:00+00:00,0.66,-3.08,-1.78,282.03,-29.44,3.62
2026-03-01 06:03:00+00:00,0.48,-2.03,-2.90,283.33,-54.27,3.57
2026-03-01 06:04:00+00:00,-0.38,-2.67,-2.81,261.92,-46.15,3.90
2026-03-01 06:05:00+00:00,-0.80,-2.84,-2.77,254.34,-43.15,4.05
2026-03-01 06:06:00+00:00,-1.37,-2.77,-2.83,243.71,-42.49,4.19
2026-03-01 06:07:00+00:00,-1.81,-2.51,-2.94,234.29,-43.54,4.27
2026-03-01 06:08:00+00:00,-1.19,-2.62,-2.89,245.57,-45.03,4.08
2026-03-01 06:09:00+00:00,-0.44,-2.79,-2.49,260.99,-41.38,3.77
2026-03-01 06:10:00+00:00,1.07,0.57,-2.19,28.24,-61.03,2.51
2026-03-01 06:11:00+00:00,0.47,-0.02,-3.35,357.67,-82.02,3.39
2026-03-01 06:12:00+00:00,0.46,1.59,-3.08,73.69,-61.78,3.50
2026-03-01 06:13:00+00:00,0.46,0.61,-3.37,53.29,-77.29,3.46
2026-03-01 06:14:00+00:00,0.33,1.02,-3.41,71.81,-72.59,3.58
2026-03-01 06:15:00+00:00,0.39,1.08,-3.34,69.94,-70.97,3.53
2026-03-01 06:16:00+00:00,0.48,1.01,-3.32,64.69,-71.47,3.51
2026-03-01 06:17:00+00:00,0.26,1.12,-3.47,76.75,-71.71,3.65
2026-03-01 06:18:00+00:00,0.39,0.73,-3.59,61.57,-77.00,3.68
2026-03-01 06:19:00+00:00,0.11,1.15,-3.48,84.76,-71.65,3.66
2026-03-01 06:20:00+00:00,0.63,0.79,-3.46,51.54,-73.75,3.60
2026-03-01 06:21:00+00:00,0.93,0.74,-3.39,38.46,-70.77,3.59
2026-03-01 06:22:00+00:00,1.02,0.21,-3.39,11.55,-72.91,3.55
2026-03-01 06:23:00+00:00,1.08,0.17,-3.34,8.78,-71.88,3.51
2026-03-01 06:24:00+00:00,1.32,-0.02,-3.20,359.19,-67.55,3.46
2026-03-01 06:25:00+00:00,1.15,-0.11,-3.35,354.35,-70.92,3.54
2026-03-01 06:26:00+00:00,1.02,-0.25,-3.36,346.09,-72.58,3.52
2026-03-01 06:27:00+00:00,1.03,-1.07,-3.05,313.83,-64.12,3.39
2026-03-01 06:28:00+00:00,0.85,-1.84,-2.58,294.82,-51.75,3.28
2026-03-01 06:29:00+00:00,0.81,-0.14,-3.02,349.91,-74.76,3.13
2026-03-01 06:30:00+00:00,1.25,-0.76,-2.50,328.81,-59.73,2.89
2026-03-01 06:31:00+00:00,1.68,-0.30,-2.24,349.90,-52.73,2.82
2026-03-01 06:32:00+00:00,1.66,-0.27,-2.26,350.79,-53.28,2.82
2026-03-01 06:33:00+00:00,1.86,0.59,-1.95,17.75,-45.06,2.76
2026-03-01 06:34:00+00:00,2.15,1.41,-1.63,33.25,-32.33,3.04
2026-03-01 06:35:00+00:00,1.89,2.27,-0.72,50.23,-13.64,3.03
2026-03-01 06:36:00+00:00,2.58,1.02,-0.65,21.46,-13.13,2.85
2026-03-01 06:37:00+00:00,2.77,1.03,-0.59,20.39,-11.25,3.01
2026-03-01 06:38:00+00:00,2.78,0.73,-0.46,14.69,-9.10,2.91
2026-03-01 06:39:00+00:00,2.58,1.16,0.39,24.10,7.89,2.86
2026-03-01 06:40:00+00:00,2.07,2.27,-0.18,47.70,-3.37,3.08
2026-03-01 06:41:00+00:00,2.32,2.06,-0.14,41.64,-2.60,3.10
2026-03-01 06:42:00+00:00,1.87,2.51,0.37,53.29,6.71,3.15
2026-03-01 06:43:00+00:00,1.73,2.39,0.92,54.07,17.39,3.09
2026-03-01 06:44:00+00:00,1.38,0.89,-0.97,32.95,-30.50,1.90
2026-03-01 06:45:00+00:00,1.57,0.30,-2.37,10.81,-55.97,2.86
2026-03-01 06:46:00+00:00,2.23,0.06,-2.06,1.51,-42.76,3.04
2026-03-01 06:47:00+00:00,2.25,0.06,-2.15,1.51,-43.73,3.11
2026-03-01 06:48:00+00:00,2.15,1.37,-1.50,32.53,-30.55,2.96
2026-03-01 06:49:00+00:00,1.56,1.75,-1.43,48.29,-31.42,2.75
2026-03-01 06:50:00+00:00,0.97,1.90,-2.10,62.87,-44.55,3.00
2026-03-01 06:51:00+00:00,0.87,2.03,-2.32,66.68,-46.44,3.21
2026-03-01 06:52:00+00:00,1.80,1.75,-1.55,44.23,-31.70,2.95
2026-03-01 06:53:00+00:00,2.18,1.07,-1.70,26.24,-34.93,2.96
2026-03-01 06:54:00+00:00,1.86,0.84,-1.75,24.30,-40.73,2.69
2026-03-01 06:55:00+00:00,1.78,0.71,-2.04,21.59,-46.77,2.80
2026-03-01 06:56:00+00:00,2.02,0.61,-1.97,16.66,-43.01,2.89
2026-03-01 06:57:00+00:00,1.96,-0.12,-2.07,356.42,-46.43,2.85
2026-03-01 06:58:00+00:00,2.57,-0.20,-1.58,355.52,-31.50,3.03
2026-03-01 06:59:00+00:00,2.61,-0.11,-1.57,357.53,-31.09,3.05
2026-03-01 07:00:00+00:00,2.50,-0.08,-1.69,358.06,-34.07,3.02
2026-03-01 07:01:00+00:00,2.81,-0.23,-1.08,355.22,-20.89,3.02
2026-03-01 07:02:00+00:00,2.95,0.19,-0.58,3.65,-11.06,3.01
2026-03-01 07:03:00+00:00,2.95,0.64,0.65,12.20,12.10,3.08
2026-03-01 07:04:00+00:00,2.89,0.47,0.78,9.28,14.91,3.04
2026-03-01 07:05:00+00:00,2.57,0.52,1.51,11.37,29.99,3.03
2026-03-01 07:06:00+00:00,2.60,0.21,1.64,4.68,32.14,3.08
2026-03-01 07:07:00+00:00,2.95,-0.13,1.06,357.52,19.78,3.14
2026-03-01 07:08:00+00:00,2.90,0.79,0.98,15.30,18.08,3.16
2026-03-01 07:09:00+00:00,2.59,0.51,1.69,11.16,32.65,3.14
2026-03-01 07:10:00+00:00,2.02,0.49,1.73,13.60,39.81,2.70
2026-03-01 07:11:00+00:00,1.38,-1.40,0.72,314.50,20.14,2.10
2026-03-01 07:12:00+00:00,1.48,1.92,1.07,52.31,23.85,2.65
2026-03-01 07:13:00+00:00,1.38,2.69,1.12,62.94,20.32,3.23
2026-03-01 07:14:00+00:00,2.15,1.24,0.88,29.99,19.44,2.63
2026-03-01 07:15:00+00:00,2.39,0.14,1.32,3.30,28.86,2.73
2026-03-01 07:16:00+00:00,2.52,0.42,0.61,9.47,13.39,2.63
2026-03-01 07:17:00+00:00,2.74,0.82,-0.41,16.70,-8.14,2.89
2026-03-01 07:18:00+00:00,1.44,-1.86,-1.23,307.80,-27.65,2.65
2026-03-01 07:19:00+00:00,0.24,-2.94,-0.70,274.70,-13.40,3.03
2026-03-01 07:20:00+00:00,0.62,-2.74,-0.08,282.72,-1.61,2.81
2026-03-01 07:21:00+00:00,2.69,0.06,1.39,1.38,27.43,3.03
2026-03-01 07:22:00+00:00,2.40,-0.28,1.61,353.32,33.68,2.91
2026-03-01 07:23:00+00:00,2.91,0.24,0.83,4.63,15.81,3.04
2026-03-01 07:24:00+00:00,2.25,1.05,1.54,24.90,31.77,2.92
2026-03-01 07:25:00+00:00,2.63,0.83,1.22,17.53,23.82,3.02
2026-03-01 07:26:00+00:00,2.54,0.96,1.70,20.73,32.14,3.20
2026-03-01 07:27:00+00:00,2.27,1.46,1.41,32.82,27.52,3.05
2026-03-01 07:28:00+00:00,1.45,0.99,2.91,34.25,58.91,3.40
2026-03-01 07:29:00+00:00,1.44,0.82,3.06,29.86,61.62,3.48
2026-03-01 07:30:00+00:00,1.45,0.62,2.93,23.02,61.74,3.33
2026-03-01 07:31:00+00:00,1.55,1.00,2.58,32.77,54.52,3.17
2026-03-01 07:32:00+00:00,1.94,1.27,2.21,33.17,43.69,3.20
2026-03-01 07:33:00+00:00,1.05,3.09,0.13,71.21,2.21,3.26
2026-03-01 07:34:00+00:00,1.76,2.53,1.20,55.20,21.37,3.31
2026-03-01 07:35:00+00:00,2.01,1.98,1.69,44.54,31.04,3.29
2026-03-01 07:36:00+00:00,2.04,1.03,2.20,26.88,43.94,3.18
2026-03-01 07:37:00+00:00,1.91,0.37,2.79,10.95,55.12,3.40
2026-03-01 07:38:00+00:00,2.06,0.07,2.75,1.94,53.17,3.43
2026-03-01 07:39:00+00:00,2.20,-0.11,2.54,357.03,49.05,3.37
2026-03-01 07:40:00+00:00,2.16,0.53,2.40,13.68,47.14,3.27
2026-03-01 07:41:00+00:00,2.13,0.33,2.54,8.93,49.65,3.33
2026-03-01 07:42:00+00:00,2.04,-0.12,2.60,356.73,51.80,3.30
2026-03-01 07:43:00+00:00,1.82,0.25,2.48,7.98,53.46,3.08
2026-03-01 07:44:00+00:00,1.54,0.77,2.35,26.54,53.69,2.91
2026-03-01 07:45:00+00:00,1.67,0.43,2.62,14.45,56.69,3.13
2026-03-01 07:46:00+00:00,1.22,-0.49,3.05,338.12,66.67,3.32
2026-03-01 07:47:00+00:00,1.36,-0.38,3.19,344.21,66.12,3.49
2026-03-01 07:48:00+00:00,1.96,0.68,2.62,19.15,51.68,3.34
2026-03-01 07:49:00+00:00,2.16,2.04,0.93,43.44,17.32,3.11
2026-03-01 07:50:00+00:00,0.72,1.00,3.04,54.22,67.93,3.28
2026-03-01 07:51:00+00:00,0.23,0.17,3.75,36.38,85.56,3.76
2026-03-01 07:52:00+00:00,-0.64,-0.28,4.15,203.40,80.48,4.21
2026-03-01 07:53:00+00:00,-0.21,-1.01,3.99,258.07,75.48,4.12
2026-03-01 07:54:00+00:00,-0.14,-0.85,4.08,260.80,78.05,4.17
2026-03-01 07:55:00+00:00,-0.35,-1.38,3.89,255.59,69.88,4.14
2026-03-01 07:56:00+00:00,-0.07,0.26,4.03,104.60,86.14,4.04
2026-03-01 07:57:00+00:00,-0.33,-0.07,3.92,191.46,85.04,3.93
2026-03-01 07:58:00+00:00,-0.94,-0.43,4.04,204.43,75.66,4.17
2026-03-01 07:59:00+00:00,-1.13,-0.84,4.07,216.46,70.87,4.31
2026-03-01 08:00:00+00:00,-1.02,-1.29,3.79,231.64,66.54,4.13
2026-03-01 08:01:00+00:00,-0.81,-0.26,4.08,197.78,78.25,4.17
2026-03-01 08:02:00+00:00,-0.89,0.06,4.32,176.01,78.32,4.42
2026-03-01 08:03:00+00:00,-1.10,0.06,4.44,176.63,76.09,4.57
2026-03-01 08:04:00+00:00,-1.05,-0.07,4.32,183.67,76.26,4.45
2026-03-01 08:05:00+00:00,-1.28,-0.01,4.18,180.52,73.05,4.37
2026-03-01 08:06:00+00:00,-0.84,-0.89,4.10,226.75,73.40,4.27
2026-03-01 08:07:00+00:00,0.34,-1.70,3.48,281.24,63.51,3.89
2026-03-01 08:08:00+00:00,-0.73,-0.84,3.97,229.27,74.36,4.12
2026-03-01 08:09:00+00:00,-0.92,-0.70,4.09,217.14,74.21,4.25
2026-03-01 08:10:00+00:00,-1.49,-0.55,4.02,200.30,68.44,4.32
2026-03-01 08:11:00+00:00,-1.89,-1.60,3.59,220.26,55.32,4.36
2026-03-01 08:12:00+00:00,-1.39,-1.20,3.85,220.92,64.52,4.27
2026-03-01 08:13:00+00:00,-0.06,-0.37,4.02,259.98,84.71,4.04
2026-03-01 08:14:00+00:00,0.16,-0.25,4.01,303.47,85.76,4.02
2026-03-01 08:15:00+00:00,0.24,-0.46,3.95,297.88,82.55,3.98
2026-03-01 08:16:00+00:00,-0.16,-0.25,4.07,237.22,85.88,4.08
2026-03-01 08:17:00+00:00,0.45,-0.66,3.89,304.40,78.44,3.97
2026-03-01 08:18:00+00:00,1.16,-1.12,3.55,316.15,65.56,3.89
2026-03-01 08:19:00+00:00,0.29,-0.39,4.04,306.78,83.08,4.07
2026-03-01 08:20:00+00:00,-0.29,-0.44,4.19,236.84,82.84,4.22
2026-03-01 08:21:00+00:00,-0.54,-0.58,3.98,227.01,78.84,4.06
2026-03-01 08:22:00+00:00,-0.24,-0.73,3.91,251.53,78.91,3.99
2026-03-01 08:23:00+00:00,0.72,-1.72,3.50,292.59,61.88,3.96
2026-03-01 08:24:00+00:00,0.88,-1.78,3.43,296.41,59.92,3.97
2026-03-01 08:25:00+00:00,1.35,-1.57,3.29,310.71,57.76,3.89
2026-03-01 08:26:00+00:00,1.24,-1.48,3.41,310.06,60.46,3.92
2026-03-01 08:27:00+00:00,1.28,-1.75,3.26,306.12,56.33,3.91
2026-03-01 08:28:00+00:00,1.36,-1.74,3.24,307.93,55.71,3.92
2026-03-01 08:29:00+00:00,1.01,-1.64,3.50,301.51,61.17,3.99
2026-03-01 08:30:00+00:00,1.28,-1.20,3.58,316.63,63.87,3.98
2026-03-01 08:31:00+00:00,1.29,-0.82,3.55,327.74,66.71,3.87
2026-03-01 08:32:00+00:00,1.23,-0.93,3.50,322.76,66.26,3.83
2026-03-01 08:33:00+00:00,0.66,-1.31,3.61,296.59,67.94,3.90
2026-03-01 08:34:00+00:00,1.94,-0.60,2.63,342.83,52.28,3.32
2026-03-01 08:35:00+00:00,2.43,-0.47,2.39,349.03,44.02,3.44
2026-03-01 08:36:00+00:00,0.79,-0.94,3.45,310.02,70.44,3.66
2026-03-01 08:37:00+00:00,0.32,-1.30,3.90,283.67,71.04,4.13
2026-03-01 08:38:00+00:00,0.30,-1.33,3.89,282.51,70.67,4.12
2026-03-01 08:39:00+00:00,0.44,-0.31,4.00,325.13,82.37,4.04
2026-03-01 08:40:00+00:00,0.37,-0.17,3.98,335.07,84.20,4.00
2026-03-01 08:42:00+00:00,0.58,-0.34,3.73,329.16,79.77,3.79
2026-03-01 08:43:00+00:00,-0.83,-1.05,3.93,231.69,71.17,4.15
2026-03-01 08:44:00+00:00,-0.71,-0.90,4.07,231.56,74.24,4.23
2026-03-01 08:45:00+00:00,-1.02,-0.82,4.04,218.71,72.03,4.25
2026-03-01 08:46:00+00:00,-0.82,-0.73,4.06,221.41,74.86,4.21
2026-03-01 08:47:00+00:00,-0.78,0.04,4.08,176.94,79.12,4.16
2026-03-01 08:48:00+00:00,-0.88,0.38,4.07,156.51,76.79,4.18
2026-03-01 08:49:00+00:00,-0.64,0.99,3.97,123.06,73.45,4.14
2026-03-01 08:50:00+00:00,-0.30,0.62,4.02,115.47,80.26,4.08
2026-03-01 08:51:00+00:00,-0.54,-0.85,3.99,237.54,75.77,4.11
2026-03-01 08:52:00+00:00,-0.67,-1.12,3.93,239.03,71.56,4.14
2026-03-01 08:53:00+00:00,-1.41,-1.24,3.84,221.46,63.97,4.28
2026-03-01 08:54:00+00:00,-1.20,-2.14,3.37,240.73,53.86,4.17
2026-03-01 08:55:00+00:00,-0.62,-0.96,3.84,237.37,73.45,4.01
2026-03-01 08:56:00+00:00,-0.86,-0.61,3.99,215.15,75.24,4.13
2026-03-01 08:57:00+00:00,-0.81,-1.15,3.78,234.92,69.58,4.03
2026-03-01 08:58:00+00:00,-0.14,-1.90,3.31,265.65,60.08,3.82
2026-03-01 08:59:00+00:00,-0.43,-1.71,3.17,255.99,60.94,3.63
2026-03-01 09:00:00+00:00,0.21,-0.85,-1.29,283.88,-56.00,1.56
2026-03-01 09:01:00+00:00,0.05,-1.26,-3.09,272.27,-67.80,3.34
2026-03-01 09:02:00+00:00,-0.52,-1.79,-3.40,253.88,-61.23,3.88
2026-03-01 09:03:00+00:00,-0.52,-1.68,-3.61,252.93,-63.95,4.01
2026-03-01 09:04:00+00:00,-0.43,-1.53,-3.61,254.38,-66.20,3.95
2026-03-01 09:05:00+00:00,-0.07,-0.47,-3.82,261.27,-82.95,3.85
2026-03-01 09:06:00+00:00,-0.14,-0.39,-3.89,250.53,-83.87,3.91
2026-03-01 09:07:00+00:00,0.00,-1.18,-3.71,270.21,-72.35,3.89
2026-03-01 09:08:00+00:00,-0.08,-1.28,-3.71,266.63,-70.88,3.93
2026-03-01 09:09:00+00:00,-0.12,-1.43,-3.74,265.11,-69.00,4.00
2026-03-01 09:10:00+00:00,-0.18,-1.35,-3.72,262.22,-69.90,3.97
2026-03-01 09:11:00+00:00,0.19,-1.16,-3.59,279.20,-71.83,3.78
2026-03-01 09:12:00+00:00,0.06,-0.68,-3.46,274.82,-78.93,3.53
2026-03-01 09:13:00+00:00,-0.82,-1.03,-3.55,231.40,-69.69,3.79
2026-03-01 09:14:00+00:00,-0.87,-1.45,-3.68,238.99,-65.36,4.05
2026-03-01 09:15:00+00:00,-0.47,0.00,-3.89,179.64,-83.07,3.92
2026-03-01 09:16:00+00:00,-1.61,-1.43,-3.66,221.55,-59.61,4.25
2026-03-01 09:17:00+00:00,-2.42,-1.99,-3.18,219.39,-45.39,4.46
2026-03-01 09:18:00+00:00,-2.85,-1.54,-3.17,208.49,-44.39,4.53
2026-03-01 09:19:00+00:00,-2.03,-2.17,-3.24,227.01,-47.46,4.40
2026-03-01 09:20:00+00:00,-2.07,-2.42,-3.13,229.40,-44.54,4.47
2026-03-01 09:21:00+00:00,-1.76,-1.67,-3.62,223.54,-56.22,4.36
2026-03-01 09:22:00+00:00,-1.42,-1.00,-3.91,215.22,-66.01,4.28
2026-03-01 09:23:00+00:00,-1.06,-1.08,-3.92,225.60,-68.86,4.20
2026-03-01 09:24:00+00:00,-0.88,-1.14,-3.91,232.34,-69.68,4.16
2026-03-01 09:25:00+00:00,-1.26,-1.26,-3.86,224.99,-65.20,4.25
2026-03-01 09:26:00+00:00,-1.57,-1.56,-3.66,224.82,-58.83,4.28
2026-03-01 09:27:00+00:00,-1.44,-1.16,-3.82,218.96,-64.17,4.25
2026-03-01 09:28:00+00:00,-1.14,-0.94,-3.88,219.47,-69.20,4.15
2026-03-01 09:29:00+00:00,-1.16,-1.13,-3.84,224.26,-67.15,4.17
2026-03-01 09:30:00+00:00,-1.86,-1.38,-3.66,216.67,-57.68,4.33
2026-03-01 09:31:00+00:00,-1.68,-1.59,-3.69,223.47,-57.88,4.36
2026-03-01 09:32:00+00:00,-1.96,-1.86,-3.48,223.64,-52.21,4.41
2026-03-01 09:33:00+00:00,-1.38,-1.62,-3.67,229.66,-59.87,4.24
2026-03-01 09:34:00+00:00,-1.08,-1.83,-3.64,239.56,-59.73,4.21
2026-03-01 09:35:00+00:00,-0.76,-1.85,-3.70,247.50,-61.63,4.20
2026-03-01 09:36:00+00:00,-0.30,-2.23,-3.46,262.28,-56.99,4.12
2026-03-01 09:37:00+00:00,-0.97,-2.04,-3.42,244.50,-56.48,4.10
2026-03-01 09:38:00+00:00,-1.94,-1.72,-3.57,221.55,-54.00,4.42
2026-03-01 09:39:00+00:00,-1.83,-1.84,-3.53,225.20,-53.66,4.38
2026-03-01 09:40:00+00:00,-1.44,-1.85,-3.64,232.07,-57.26,4.33
2026-03-01 09:41:00+00:00,-1.91,-2.04,-3.47,226.92,-51.12,4.46
2026-03-01 09:42:00+00:00,-2.87,-2.16,-2.93,217.02,-39.18,4.63
2026-03-01 09:43:00+00:00,-3.14,-2.21,-2.65,215.08,-34.58,4.66
2026-03-01 09:44:00+00:00,-3.11,-1.97,-2.88,212.40,-38.03,4.67
2026-03-01 09:45:00+00:00,-2.49,-2.35,-2.99,223.40,-41.08,4.55
2026-03-01 09:46:00+00:00,-2.20,-2.36,-3.13,226.97,-44.10,4.50
2026-03-01 09:47:00+00:00,-2.04,-2.35,-3.27,228.94,-46.38,4.51
2026-03-01 09:48:00+00:00,-1.91,-2.27,-3.32,229.83,-48.23,4.45
2026-03-01 09:49:00+00:00,-1.80,-2.17,-3.37,230.34,-50.12,4.39
2026-03-01 09:50:00+00:00,-1.98,-2.72,-2.93,234.02,-41.02,4.46
2026-03-01 09:51:00+00:00,-2.01,-2.61,-2.93,232.39,-41.64,4.41
2026-03-01 09:52:00+00:00,-2.60,-1.95,-3.10,216.77,-43.63,4.49
2026-03-01 09:53:00+00:00,-1.54,-1.79,-3.67,229.29,-57.27,4.36
2026-03-01 09:54:00+00:00,-1.14,-1.40,-3.74,231.02,-64.20,4.15
2026-03-01 09:55:00+00:00,-0.25,1.00,-3.72,103.86,-74.60,3.86
2026-03-01 09:56:00+00:00,-0.80,-0.01,-4.11,180.44,-78.96,4.19
2026-03-01 09:57:00+00:00,-0.48,0.85,-3.98,119.69,-76.22,4.10
2026-03-01 09:58:00+00:00,-0.64,-0.53,-3.88,219.57,-77.95,3.97
2026-03-01 10:00:00+00:00,-0.55,-0.73,-4.12,233.10,-77.55,4.22
2026-03-01 10:02:00+00:00,-0.42,-0.15,-4.13,199.48,-83.87,4.15
2026-03-01 10:03:00+00:00,-0.16,-0.30,-4.06,241.26,-85.20,4.08
2026-03-01 10:04:00+00:00,-1.65,-0.06,-3.91,182.16,-67.06,4.24
2026-03-01 10:05:00+00:00,-1.63,-0.50,-4.09,197.09,-67.32,4.43
2026-03-01 10:06:00+00:00,-2.93,0.33,-3.66,173.54,-51.13,4.71
2026-03-01 10:07:00+00:00,-3.13,0.24,-3.57,175.58,-48.66,4.76
2026-03-01 10:08:00+00:00,-3.47,0.31,-3.41,174.92,-44.39,4.88
2026-03-01 10:09:00+00:00,-2.96,0.91,-3.64,162.98,-49.62,4.78
2026-03-01 10:10:00+00:00,-1.43,-0.08,-3.87,183.14,-69.64,4.13
2026-03-01 10:11:00+00:00,-0.13,-3.63,-1.76,268.01,-25.83,4.03
2026-03-01 10:12:00+00:00,-1.34,-3.87,-1.88,250.88,-24.62,4.51
2026-03-01 10:13:00+00:00,-1.07,-3.72,-2.22,254.02,-29.80,4.46
2026-03-01 10:14:00+00:00,-1.32,-3.93,-1.87,251.45,-24.34,4.55
2026-03-01 10:15:00+00:00,-1.19,-3.15,-2.86,249.31,-40.34,4.42
2026-03-01 10:16:00+00:00,-1.05,-2.05,-3.78,242.97,-58.64,4.42
2026-03-01 10:17:00+00:00,-0.32,-0.77,-4.11,247.28,-78.57,4.19
2026-03-01 10:18:00+00:00,-0.97,-1.75,-3.51,240.86,-60.31,4.04
2026-03-01 10:19:00+00:00,-1.82,-2.29,-3.29,231.51,-48.37,4.40
2026-03-01 10:20:00+00:00,-1.70,-0.61,-4.07,199.87,-66.03,4.45
2026-03-01 10:21:00+00:00,-1.64,-1.37,-3.59,219.80,-59.25,4.17
2026-03-01 10:22:00+00:00,-2.28,-2.56,-3.05,228.38,-41.68,4.59
2026-03-01 10:23:00+00:00,-2.61,-2.55,-2.78,224.35,-37.28,4.58
2026-03-01 10:24:00+00:00,-2.63,-3.33,-1.92,231.73,-24.38,4.66
2026-03-01 10:25:00+00:00,-2.09,-3.39,-2.17,238.28,-28.59,4.54
2026-03-01 10:26:00+00:00,-1.66,-3.69,-1.94,245.73,-25.57,4.49
2026-03-01 10:27:00+00:00,-1.52,-3.38,-2.38,245.74,-32.73,4.41
2026-03-01 10:28:00+00:00,-1.73,-2.97,-2.86,239.68,-39.75,4.47
2026-03-01 10:29:00+00:00,-2.03,-2.59,-3.12,231.98,-43.44,4.53
2026-03-01 10:30:00+00:00,-1.97,-2.66,-3.13,233.49,-43.43,4.56
2026-03-01 10:31:00+00:00,-1.99,-2.63,-3.13,232.87,-43.50,4.55
2026-03-01 10:32:00+00:00,-2.21,-2.45,-3.16,227.96,-43.74,4.57
2026-03-01 10:33:00+00:00,-1.97,-2.72,-3.01,234.06,-41.87,4.51
2026-03-01 10:34:00+00:00,-2.36,-2.66,-2.91,228.39,-39.32,4.59
2026-03-01 10:35:00+00:00,-2.01,-3.11,-2.73,237.07,-36.37,4.60
2026-03-01 10:36:00+00:00,-2.14,-2.99,-2.67,234.51,-36.00,4.55
2026-03-01 10:37:00+00:00,-2.14,-2.94,-2.63,233.88,-35.87,4.49
2026-03-01 10:38:00+00:00,-2.22,-2.80,-2.75,231.56,-37.49,4.51
2026-03-01 10:39:00+00:00,-2.35,-2.73,-2.79,229.26,-37.82,4.56
2026-03-01 10:40:00+00:00,-1.91,-3.09,-2.61,238.26,-35.71,4.47
2026-03-01 10:41:00+00:00,-1.74,-3.14,-2.61,240.92,-36.02,4.44
2026-03-01 10:42:00+00:00,-1.86,-2.91,-2.80,237.45,-39.00,4.45
2026-03-01 10:43:00+00:00,-2.43,-2.57,-2.74,226.57,-37.84,4.47
2026-03-01 10:44:00+00:00,-3.06,-1.77,-2.96,210.09,-39.91,4.61
2026-03-01 10:45:00+00:00,-3.36,-1.60,-2.85,205.56,-37.47,4.69
2026-03-01 10:46:00+00:00,-3.46,-1.72,-2.71,206.46,-35.10,4.72
2026-03-01 10:47:00+00:00,-3.70,-1.79,-2.37,205.86,-30.02,4.75
2026-03-01 10:48:00+00:00,-3.61,-1.72,-2.53,205.46,-32.34,4.74
2026-03-01 10:49:00+00:00,-3.72,-1.48,-2.54,201.75,-32.37,4.74
2026-03-01 10:50:00+00:00,-3.74,-1.85,-2.34,206.26,-29.30,4.79
2026-03-01 10:51:00+00:00,-3.40,-2.38,-2.26,215.03,-28.54,4.72
2026-03-01 10:52:00+00:00,-2.74,-2.83,-2.41,225.87,-31.41,4.62
2026-03-01 10:53:00+00:00,-3.11,-2.59,-2.33,219.83,-29.89,4.67
2026-03-01 10:54:00+00:00,-2.71,-2.54,-2.69,223.11,-35.85,4.59
2026-03-01 10:55:00+00:00,-2.55,-1.98,-3.21,217.86,-44.80,4.56
2026-03-01 10:56:00+00:00,-3.22,-3.13,-1.49,224.17,-18.36,4.73
2026-03-01 10:57:00+00:00,-3.11,-2.92,-1.88,223.21,-23.72,4.66
2026-03-01 10:58:00+00:00,-3.26,-2.80,-1.86,220.69,-23.41,4.68
2026-03-01 10:59:00+00:00,-3.38,-2.60,-2.08,217.57,-26.03,4.74
2026-03-01 11:00:00+00:00,-3.39,-2.74,-1.87,218.93,-23.23,4.74
2026-03-01 11:01:00+00:00,-3.17,-3.55,-0.60,228.29,-7.20,4.80
2026-03-01 11:02:00+00:00,-3.22,-3.40,-0.92,226.63,-11.14,4.77
2026-03-01 11:03:00+00:00,-3.06,-3.53,-1.03,229.06,-12.43,4.78
2026-03-01 11:04:00+00:00,-3.00,-3.64,-0.65,230.47,-7.82,4.76
2026-03-01 11:05:00+00:00,-3.14,-3.42,-1.13,227.44,-13.71,4.78
2026-03-01 11:06:00+00:00,-3.04,-3.22,-1.56,226.59,-19.39,4.69
2026-03-01 11:07:00+00:00,-2.96,-3.01,-1.97,225.46,-25.04,4.65
2026-03-01 11:08:00+00:00,-2.87,-3.09,-1.91,227.16,-24.35,4.63
2026-03-01 11:09:00+00:00,-3.04,-3.25,-1.47,226.89,-18.27,4.68
2026-03-01 11:10:00+00:00,-2.99,-3.32,-1.34,228.02,-16.73,4.67
2026-03-01 11:11:00+00:00,-2.84,-3.47,-1.29,230.70,-16.07,4.66
2026-03-01 11:12:00+00:00,-3.12,-3.27,-1.31,226.38,-16.19,4.71
2026-03-01 11:13:00+00:00,-3.25,-2.58,-2.27,218.51,-28.74,4.73
2026-03-01 11:14:00+00:00,-3.05,-2.16,-2.82,215.26,-37.05,4.68
2026-03-01 11:15:00+00:00,-3.03,-2.05,-2.91,214.09,-38.57,4.67
2026-03-01 11:16:00+00:00,-2.82,-2.20,-2.93,217.99,-39.33,4.62
2026-03-01 11:17:00+00:00,-2.92,-1.27,-3.34,203.43,-46.40,4.62
2026-03-01 11:18:00+00:00,-2.69,-1.86,-3.23,214.66,-44.65,4.60
2026-03-01 11:19:00+00:00,-2.75,-1.74,-3.31,212.33,-45.53,4.64
2026-03-01 11:20:00+00:00,-2.77,-1.81,-3.21,213.10,-44.16,4.61
2026-03-01 11:21:00+00:00,-2.70,-2.07,-3.13,217.40,-42.59,4.62
2026-03-01 11:22:00+00:00,-2.59,-1.93,-3.17,216.80,-44.46,4.52
2026-03-01 11:23:00+00:00,-2.86,-1.53,-3.11,208.19,-43.78,4.50
2026-03-01 11:24:00+00:00,-2.90,-2.21,-2.70,217.37,-36.54,4.54
2026-03-01 11:25:00+00:00,-2.93,-2.11,-2.82,215.79,-37.95,4.58
2026-03-01 11:26:00+00:00,-3.17,-1.83,-2.79,210.00,-37.25,4.60
2026-03-01 11:27:00+00:00,-3.01,-2.29,-2.59,217.25,-34.40,4.58
2026-03-01 11:28:00+00:00,-2.65,-3.02,-2.15,228.79,-28.17,4.56
2026-03-01 11:29:00+00:00,-2.44,-2.57,-2.71,226.46,-37.41,4.46
2026-03-01 11:30:00+00:00,-2.33,-2.50,-2.86,226.98,-39.92,4.45
2026-03-01 11:31:00+00:00,-2.42,-2.67,-2.69,227.77,-36.78,4.49
2026-03-01 11:32:00+00:00,-2.46,-2.56,-2.71,226.05,-37.38,4.47
2026-03-01 11:33:00+00:00,-2.64,-2.58,-2.61,224.34,-35.34,4.52
2026-03-01 11:34:00+00:00,-2.77,-2.61,-2.54,223.34,-33.78,4.57
2026-03-01 11:35:00+00:00,-2.94,-2.72,-2.23,222.80,-29.16,4.58
2026-03-01 11:36:00+00:00,-2.83,-2.86,-2.20,225.29,-28.64,4.59
2026-03-01 11:37:00+00:00,-2.85,-2.68,-2.36,223.22,-31.06,4.57
2026-03-01 11:38:00+00:00,-2.31,-3.56,-0.35,237.02,-4.68,4.26
2026-03-01 11:39:00+00:00,-2.02,-3.88,0.96,242.44,12.33,4.48
2026-03-01 11:40:00+00:00,-2.67,-3.29,0.20,230.97,2.72,4.24
2026-03-01 11:41:00+00:00,-2.23,-3.46,1.73,237.21,22.82,4.47
2026-03-01 11:42:00+00:00,-0.71,-3.44,2.37,258.38,34.03,4.24
2026-03-01 11:43:00+00:00,-0.89,-3.16,2.54,254.25,37.69,4.15
2026-03-01 11:44:00+00:00,-0.97,-3.88,1.65,256.04,22.39,4.33
2026-03-01 11:45:00+00:00,-1.73,-4.01,0.59,246.69,7.70,4.40
2026-03-01 11:46:00+00:00,-2.45,-3.72,0.29,236.56,3.68,4.46
2026-03-01 11:47:00+00:00,-2.56,-3.86,-0.38,236.39,-4.71,4.65
2026-03-01 11:48:00+00:00,-2.80,-2.89,-2.02,225.91,-26.67,4.50
2026-03-01 11:49:00+00:00,-2.81,-1.36,-3.21,205.72,-45.82,4.48
2026-03-01 11:50:00+00:00,-3.27,-0.67,-3.17,191.65,-43.57,4.60
2026-03-01 11:51:00+00:00,-2.98,-0.77,-3.33,194.55,-47.24,4.53
2026-03-01 11:52:00+00:00,-3.20,-0.78,-3.21,193.70,-44.25,4.60
2026-03-01 11:53:00+00:00,-3.82,-0.19,-2.87,182.91,-36.91,4.78
2026-03-01 11:54:00+00:00,-3.77,-0.26,-3.01,183.92,-38.57,4.83
2026-03-01 11:55:00+00:00,-3.64,-0.35,-3.01,185.43,-39.45,4.74
2026-03-01 11:56:00+00:00,-3.67,-0.71,-2.93,190.96,-38.14,4.75
2026-03-01 11:57:00+00:00,-3.80,-0.53,-2.90,187.99,-37.03,4.81
2026-03-01 11:58:00+00:00,-4.10,-0.79,-2.55,190.97,-31.45,4.89
2026-03-01 11:59:00+00:00,-4.10,-0.80,-2.52,191.08,-31.07,4.88
2026-03-01 12:00:00+00:00,-4.37,-0.60,-2.45,187.78,-29.04,5.05
2026-03-01 12:01:00+00:00,-4.64,-0.74,-1.82,189.07,-21.20,5.04
2026-03-01 12:02:00+00:00,-4.71,-0.81,-1.62,189.76,-18.73,5.05
2026-03-01 12:03:00+00:00,-1.01,-2.67,-1.61,249.24,-29.48,3.28
2026-03-01 12:04:00+00:00,0.06,-3.77,-1.64,270.86,-23.46,4.11
2026-03-01 12:05:00+00:00,-1.01,-3.71,-1.79,254.75,-24.99,4.24
2026-03-01 12:06:00+00:00,-0.62,-3.56,-1.16,260.09,-17.80,3.80
2026-03-01 12:07:00+00:00,1.44,-3.50,-0.54,292.31,-8.12,3.82
2026-03-01 12:08:00+00:00,0.91,-3.80,-0.01,283.53,-0.15,3.90
2026-03-01 12:09:00+00:00,0.18,-4.02,0.54,272.54,7.61,4.06
2026-03-01 12:10:00+00:00,-0.56,-4.13,0.50,262.34,6.83,4.20
2026-03-01 12:11:00+00:00,0.13,-4.02,0.78,271.83,11.03,4.10
2026-03-01 12:12:00+00:00,-0.90,-3.97,1.43,257.26,19.34,4.31
2026-03-01 12:13:00+00:00,-0.81,-3.94,1.43,258.46,19.56,4.27
2026-03-01 12:14:00+00:00,-1.43,-4.01,1.21,250.44,15.82,4.43
2026-03-01 12:15:00+00:00,-1.06,-3.82,1.31,254.51,18.30,4.18
2026-03-01 12:16:00+00:00,-1.17,-4.13,0.13,254.12,1.71,4.29
2026-03-01 12:17:00+00:00,-1.38,-4.08,0.82,251.34,10.80,4.38
2026-03-01 12:18:00+00:00,-2.44,-3.68,1.35,236.44,16.97,4.62
2026-03-01 12:19:00+00:00,-3.13,-3.26,1.25,226.20,15.50,4.69
2026-03-01 12:20:00+00:00,-3.13,-3.06,1.75,224.29,21.79,4.71
2026-03-01 12:21:00+00:00,-3.13,-3.00,1.61,223.78,20.41,4.62
2026-03-01 12:22:00+00:00,-4.02,-2.23,1.76,209.02,20.99,4.92
2026-03-01 12:23:00+00:00,-4.10,-2.16,1.68,207.74,19.88,4.93
2026-03-01 12:24:00+00:00,-4.12,-2.21,1.50,208.26,17.77,4.91
2026-03-01 12:25:00+00:00,-3.98,-2.16,1.93,208.45,23.12,4.92
2026-03-01 12:26:00+00:00,-4.19,-1.75,1.91,202.62,22.77,4.93
2026-03-01 12:27:00+00:00,-4.28,-1.69,1.77,201.53,21.09,4.93
2026-03-01 12:28:00+00:00,-4.06,-0.95,2.14,193.14,27.20,4.68
2026-03-01 12:29:00+00:00,-3.96,-1.38,1.81,199.25,23.30,4.57
2026-03-01 12:30:00+00:00,-4.17,-1.49,1.31,199.67,16.51,4.62
2026-03-01 12:31:00+00:00,-3.70,-1.80,1.90,205.97,24.79,4.53
2026-03-01 12:32:00+00:00,-4.63,-1.34,0.83,196.14,9.76,4.89
2026-03-01 12:33:00+00:00,-4.47,-1.38,1.41,197.18,16.71,4.89
2026-03-01 12:34:00+00:00,-4.54,-1.02,1.48,192.64,17.63,4.88
2026-03-01 12:35:00+00:00,-4.74,-0.71,1.18,188.54,13.81,4.93
2026-03-01 12:36:00+00:00,-4.71,-0.79,1.24,189.57,14.49,4.94
2026-03-01 12:37:00+00:00,-4.60,-0.90,1.54,191.03,18.18,4.93
2026-03-01 12:38:00+00:00,-4.58,-0.74,1.62,189.22,19.20,4.91
2026-03-01 12:39:00+00:00,-4.64,-0.50,1.28,186.20,15.35,4.84
2026-03-01 12:40:00+00:00,-4.63,-0.65,1.21,188.03,14.48,4.83
2026-03-01 12:41:00+00:00,-4.49,-1.08,1.40,193.58,16.83,4.82
2026-03-01 12:42:00+00:00,-3.68,-1.87,1.92,206.96,24.87,4.56
2026-03-01 12:43:00+00:00,-1.86,-2.65,0.99,234.88,16.94,3.39
2026-03-01 12:44:00+00:00,-1.71,-1.34,2.86,218.02,52.78,3.59
2026-03-01 12:45:00+00:00,-3.16,-2.36,2.27,216.75,29.89,4.55
2026-03-01 12:46:00+00:00,-3.43,-2.16,2.19,212.19,28.42,4.61
2026-03-01 12:47:00+00:00,-3.35,-2.12,2.29,212.40,30.04,4.58
2026-03-01 12:48:00+00:00,-3.34,-2.53,1.54,217.05,20.17,4.46
2026-03-01 12:49:00+00:00,-3.62,-1.07,2.28,196.55,31.17,4.41
2026-03-01 12:50:00+00:00,-2.19,-2.81,-0.78,232.03,-12.40,3.65
2026-03-01 12:51:00+00:00,-2.38,-3.25,-0.18,233.76,-2.61,4.03
2026-03-01 12:52:00+00:00,-1.69,-3.81,-0.06,246.09,-0.89,4.17
2026-03-01 12:53:00+00:00,-1.56,-3.56,0.96,246.29,13.86,4.00
2026-03-01 12:54:00+00:00,-2.46,-3.36,0.75,233.77,10.20,4.23
2026-03-01 12:55:00+00:00,-2.25,-3.65,-0.07,238.37,-0.97,4.29
2026-03-01 12:56:00+00:00,-2.92,-3.16,-0.63,227.28,-8.36,4.35
2026-03-01 12:57:00+00:00,-2.39,-3.35,-1.00,234.48,-13.69,4.24
2026-03-01 12:58:00+00:00,-2.53,-3.11,-1.44,230.86,-19.78,4.26
2026-03-01 12:59:00+00:00,-2.63,-3.20,-1.36,230.61,-18.19,4.36
2026-03-01 13:00:00+00:00,-3.16,-2.74,-1.07,220.92,-14.33,4.31
2026-03-01 13:01:00+00:00,-3.11,-2.67,-1.13,220.64,-15.46,4.25
2026-03-01 13:02:00+00:00,-1.93,-2.80,-1.97,235.43,-30.09,3.94
2026-03-01 13:03:00+00:00,-1.86,-2.60,-1.79,234.49,-29.28,3.67
2026-03-01 13:04:00+00:00,-3.05,-2.51,-1.30,219.44,-18.26,4.15
2026-03-01 13:05:00+00:00,-3.97,-1.74,-0.60,203.71,-7.85,4.38
2026-03-01 13:06:00+00:00,-3.64,-0.92,-0.95,194.24,-14.18,3.87
2026-03-01 13:07:00+00:00,-3.37,-0.90,-1.17,195.03,-18.54,3.68
2026-03-01 13:08:00+00:00,-3.72,-1.14,-0.98,197.03,-14.17,4.02
2026-03-01 13:09:00+00:00,-3.39,-1.13,-1.45,198.48,-22.09,3.85
2026-03-01 13:10:00+00:00,-3.41,-0.77,-1.84,192.72,-27.83,3.95
2026-03-01 13:11:00+00:00,-3.68,-0.14,-1.61,182.24,-23.58,4.02
2026-03-01 13:12:00+00:00,-4.04,-0.07,-1.07,181.01,-14.86,4.18
2026-03-01 13:13:00+00:00,-3.87,-0.57,-1.24,188.42,-17.63,4.10
2026-03-01 13:14:00+00:00,-3.73,-0.75,-1.52,191.42,-21.77,4.10
2026-03-01 13:15:00+00:00,-3.81,-0.74,-1.64,191.05,-22.92,4.21
2026-03-01 13:16:00+00:00,-3.77,-0.94,-1.80,193.98,-24.83,4.28
2026-03-01 13:17:00+00:00,-3.68,-0.90,-1.98,193.67,-27.54,4.27
2026-03-01 13:18:00+00:00,-2.72,-1.73,-2.23,212.44,-34.69,3.92
2026-03-01 13:19:00+00:00,-2.14,-1.07,-1.77,206.45,-36.44,2.98
2026-03-01 13:20:00+00:00,-2.49,-1.24,-2.31,206.52,-39.67,3.61
2026-03-01 13:21:00+00:00,-2.52,-1.12,-2.25,204.08,-39.18,3.56
2026-03-01 13:22:00+00:00,-2.74,-0.54,-2.36,191.14,-40.16,3.66
2026-03-01 13:23:00+00:00,-3.05,-0.15,-2.52,182.74,-39.48,3.96
2026-03-01 13:24:00+00:00,-3.74,1.08,-1.60,163.94,-22.34,4.20
2026-03-01 13:25:00+00:00,-3.95,1.19,-1.24,163.23,-16.76,4.31
2026-03-01 13:26:00+00:00,-4.06,1.11,-0.94,164.76,-12.54,4.31
2026-03-01 13:27:00+00:00,-4.10,1.18,-0.83,163.94,-11.02,4.34
2026-03-01 13:28:00+00:00,-4.16,1.65,-0.28,158.35,-3.64,4.48
2026-03-01 13:29:00+00:00,-2.99,2.36,0.68,141.69,10.10,3.87
2026-03-01 13:30:00+00:00,-4.01,0.45,-1.11,173.55,-15.38,4.19
2026-03-01 13:31:00+00:00,-4.06,0.73,-0.61,169.88,-8.47,4.17
2026-03-01 13:32:00+00:00,-4.37,1.11,-0.41,165.70,-5.16,4.53
2026-03-01 13:33:00+00:00,-4.38,1.02,-0.04,166.88,-0.48,4.50
2026-03-01 13:34:00+00:00,-4.08,1.70,-0.18,157.36,-2.32,4.42
2026-03-01 13:35:00+00:00,-4.01,1.97,-0.25,153.79,-3.26,4.48
2026-03-01 13:36:00+00:00,-3.75,2.38,0.09,147.56,1.17,4.44
2026-03-01 13:37:00+00:00,-3.30,2.52,1.27,142.62,16.97,4.34
2026-03-01 13:38:00+00:00,-3.58,2.48,0.56,145.29,7.28,4.39
2026-03-01 13:39:00+00:00,-2.90,2.75,1.37,136.52,18.89,4.23
2026-03-01 13:40:00+00:00,-2.98,2.44,1.91,140.71,26.32,4.30
2026-03-01 13:41:00+00:00,-3.07,2.17,2.10,144.76,29.24,4.30
2026-03-01 13:42:00+00:00,-3.23,1.95,2.17,148.88,29.95,4.35
2026-03-01 13:43:00+00:00,-2.95,2.27,2.00,142.36,28.22,4.22
2026-03-01 13:44:00+00:00,-1.97,-0.59,2.67,196.71,52.34,3.37
2026-03-01 13:45:00+00:00,0.67,-2.00,0.60,288.43,15.77,2.19
2026-03-01 13:46:00+00:00,1.53,-2.57,0.12,300.72,2.32,2.99
2026-03-01 13:47:00+00:00,1.33,-2.85,0.52,295.10,9.43,3.19
2026-03-01 13:48:00+00:00,1.68,-2.85,0.37,300.50,6.43,3.32
2026-03-01 13:49:00+00:00,1.75,-3.01,0.46,300.15,7.62,3.51
2026-03-01 13:50:00+00:00,1.82,-3.00,0.34,301.22,5.52,3.52
2026-03-01 13:51:00+00:00,1.69,-3.11,0.70,298.49,11.25,3.61
2026-03-01 13:52:00+00:00,1.95,-2.89,0.58,304.03,9.44,3.54
2026-03-01 13:53:00+00:00,1.88,-2.95,0.45,302.51,7.41,3.53
2026-03-01 13:54:00+00:00,2.03,-2.81,0.50,305.93,8.21,3.50
2026-03-01 13:55:00+00:00,2.28,-2.57,0.45,311.59,7.51,3.46
2026-03-01 13:56:00+00:00,2.49,-2.25,-0.11,317.89,-1.83,3.36
2026-03-01 13:57:00+00:00,2.60,-2.24,-0.09,319.14,-1.47,3.43
2026-03-01 13:58:00+00:00,2.65,-2.34,0.14,318.57,2.26,3.53
2026-03-01 13:59:00+00:00,2.56,-2.42,-0.51,316.60,-8.25,3.55
2026-03-01 14:00:00+00:00,2.46,-2.48,-0.64,314.73,-10.42,3.55
2026-03-01 14:01:00+00:00,2.30,-2.61,-0.66,311.49,-10.69,3.54
2026-03-01 14:02:00+00:00,2.24,-2.77,-0.21,308.90,-3.32,3.57
2026-03-01 14:03:00+00:00,2.22,-2.80,-0.21,308.43,-3.38,3.58
2026-03-01 14:04:00+00:00,1.63,-1.84,-1.83,311.62,-36.70,3.07
2026-03-01 14:05:00+00:00,1.74,-1.17,-2.62,326.17,-51.27,3.35
2026-03-01 14:06:00+00:00,2.01,-2.23,-1.89,312.07,-32.28,3.55
2026-03-01 14:07:00+00:00,2.06,-2.38,-1.55,310.87,-26.22,3.51
2026-03-01 14:08:00+00:00,2.18,-2.68,-1.05,309.06,-16.84,3.61
2026-03-01 14:09:00+00:00,2.09,-2.75,-0.96,307.18,-15.56,3.59
2026-03-01 14:10:00+00:00,2.17,-2.62,-1.17,309.63,-19.02,3.60
2026-03-01 14:11:00+00:00,2.33,-2.43,-1.19,313.85,-19.43,3.57
2026-03-01 14:12:00+00:00,2.38,-2.37,-1.06,315.15,-17.59,3.52
2026-03-01 14:13:00+00:00,2.32,-2.35,-0.98,314.64,-16.43,3.45
2026-03-01 14:14:00+00:00,2.72,-2.16,-0.85,321.62,-13.78,3.58
2026-03-01 14:15:00+00:00,2.72,-2.11,-0.76,322.09,-12.51,3.53
2026-03-01 14:16:00+00:00,2.60,-2.04,-0.82,321.93,-13.99,3.41
2026-03-01 14:17:00+00:00,2.33,-2.18,-1.05,316.96,-18.22,3.36
2026-03-01 14:18:00+00:00,2.38,-1.96,-1.40,320.49,-24.47,3.39
2026-03-01 14:19:00+00:00,2.02,-2.43,-1.39,309.76,-23.74,3.45
2026-03-01 14:20:00+00:00,1.70,-2.97,-0.94,299.80,-15.29,3.55
2026-03-01 14:21:00+00:00,1.72,-2.95,-1.06,300.21,-17.26,3.57
2026-03-01 14:22:00+00:00,1.15,-3.45,-0.28,288.41,-4.42,3.64
2026-03-01 14:23:00+00:00,1.95,-1.70,-2.02,319.00,-38.03,3.28
2026-03-01 14:24:00+00:00,1.81,-1.90,-2.06,313.56,-38.15,3.34
2026-03-01 14:25:00+00:00,2.13,-2.15,-1.24,314.82,-22.24,3.27
2026-03-01 14:26:00+00:00,2.15,-2.48,-0.78,310.89,-13.36,3.37
2026-03-01 14:27:00+00:00,2.27,-2.21,-0.85,315.66,-15.01,3.28
2026-03-01 14:28:00+00:00,2.57,-1.73,-1.19,326.16,-21.03,3.32
2026-03-01 14:29:00+00:00,2.43,-1.87,-1.40,322.41,-24.60,3.37
2026-03-01 14:30:00+00:00,2.13,-2.37,-1.28,311.99,-21.88,3.43
2026-03-01 14:31:00+00:00,2.03,-2.26,-1.43,311.93,-25.22,3.36
2026-03-01 14:32:00+00:00,2.30,-1.76,-1.52,322.52,-27.64,3.27
2026-03-01 14:33:00+00:00,1.82,-2.31,-1.31,308.24,-24.02,3.23
2026-03-01 14:34:00+00:00,1.93,-2.27,-1.52,310.32,-27.02,3.34
2026-03-01 14:35:00+00:00,1.98,-2.27,-1.37,311.10,-24.41,3.31
2026-03-01 14:36:00+00:00,2.23,-1.96,-1.50,318.67,-26.71,3.33
2026-03-01 14:37:00+00:00,2.24,-1.92,-1.47,319.49,-26.44,3.29
2026-03-01 14:38:00+00:00,2.24,-1.96,-1.36,318.91,-24.58,3.27
2026-03-01 14:39:00+00:00,2.23,-2.15,-1.15,316.02,-20.37,3.30
2026-03-01 14:40:00+00:00,2.02,-2.39,-1.00,310.27,-17.73,3.29
2026-03-01 14:41:00+00:00,1.20,-3.13,-1.02,291.05,-16.98,3.50
2026-03-01 14:42:00+00:00,1.49,-2.89,-1.17,297.34,-19.72,3.45
2026-03-01 14:43:00+00:00,0.43,-3.66,-0.66,276.70,-10.21,3.75
2026-03-01 14:44:00+00:00,0.46,-3.62,-0.93,277.32,-14.34,3.76
2026-03-01 14:45:00+00:00,0.97,-3.33,-0.96,286.31,-15.54,3.60
2026-03-01 14:46:00+00:00,1.18,-3.25,-0.96,289.95,-15.49,3.59
2026-03-01 14:47:00+00:00,1.28,-3.10,-1.23,292.37,-20.16,3.57
2026-03-01 14:48:00+00:00,1.45,-2.78,-1.55,297.56,-26.31,3.50
2026-03-01 14:49:00+00:00,1.33,-2.65,-1.85,296.64,-32.00,3.49
2026-03-01 14:50:00+00:00,1.24,-2.63,-1.92,295.29,-33.41,3.48
2026-03-01 14:51:00+00:00,1.42,-2.83,-1.37,296.72,-23.41,3.45
2026-03-01 14:52:00+00:00,1.59,-2.77,-1.13,299.92,-19.50,3.39
2026-03-01 14:53:00+00:00,1.58,-2.69,-1.22,300.44,-21.43,3.35
2026-03-01 14:54:00+00:00,1.64,-2.56,-1.72,302.60,-29.57,3.49
2026-03-01 14:55:00+00:00,1.78,-2.58,-1.43,304.53,-24.55,3.45
2026-03-01 14:56:00+00:00,1.83,-2.61,-1.39,304.93,-23.55,3.48
2026-03-01 14:57:00+00:00,1.84,-2.61,-1.35,305.16,-22.84,3.47
2026-03-01 14:58:00+00:00,1.76,-2.71,-1.11,302.98,-19.03,3.42
2026-03-01 14:59:00+00:00,1.98,-2.29,-1.45,310.88,-25.62,3.36
2026-03-01 15:00:00+00:00,1.68,-2.25,-1.77,306.81,-32.17,3.32
2026-03-01 15:01:00+00:00,1.75,-2.33,-1.75,306.87,-31.02,3.40
2026-03-01 15:02:00+00:00,1.62,-2.26,-1.84,305.60,-33.51,3.34
2026-03-01 15:03:00+00:00,1.75,-2.27,-1.87,307.73,-33.10,3.42
2026-03-01 15:04:00+00:00,1.97,-2.26,-1.55,311.07,-27.40,3.37
2026-03-01 15:05:00+00:00,1.91,-2.53,-1.52,307.01,-25.60,3.52
2026-03-01 15:06:00+00:00,1.84,-2.54,-1.52,305.96,-25.91,3.49
2026-03-01 15:07:00+00:00,1.80,-2.66,-1.40,304.06,-23.60,3.51
2026-03-01 15:08:00+00:00,1.67,-2.82,-1.37,300.64,-22.68,3.55
2026-03-01 15:09:00+00:00,1.45,-2.96,-1.14,296.06,-19.01,3.49
2026-03-01 15:10:00+00:00,1.22,-3.21,-0.96,290.83,-15.53,3.57
2026-03-01 15:11:00+00:00,1.31,-3.13,-0.86,292.68,-14.26,3.49
2026-03-01 15:12:00+00:00,1.91,-2.32,-1.18,309.39,-21.49,3.23
2026-03-01 15:13:00+00:00,1.94,-1.96,-2.04,314.68,-36.49,3.43
2026-03-01 15:14:00+00:00,1.41,-2.40,-2.11,300.42,-37.23,3.50
2026-03-01 15:15:00+00:00,1.78,-2.21,-2.10,308.77,-36.46,3.53
2026-03-01 15:16:00+00:00,1.83,-2.30,-1.90,308.49,-32.97,3.50
2026-03-01 15:17:00+00:00,1.86,-2.63,-1.46,305.37,-24.38,3.54
2026-03-01 15:18:00+00:00,1.71,-1.15,-2.62,326.09,-51.81,3.33
2026-03-01 15:19:00+00:00,0.83,-2.41,1.19,288.98,25.02,2.81
2026-03-01 15:20:00+00:00,0.39,-3.19,1.79,276.98,29.10,3.67
2026-03-01 15:21:00+00:00,0.20,-3.42,1.41,273.42,22.37,3.71
2026-03-01 15:22:00+00:00,-0.18,-3.53,1.44,267.10,22.19,3.81
2026-03-01 15:23:00+00:00,1.32,-3.18,0.34,292.54,5.72,3.46
2026-03-01 15:24:00+00:00,1.42,-3.13,0.30,294.35,4.99,3.45
2026-03-01 15:25:00+00:00,1.30,-3.21,0.49,292.02,8.01,3.50
2026-03-01 15:26:00+00:00,1.15,-3.28,0.44,289.25,7.16,3.51
2026-03-01 15:27:00+00:00,0.37,-3.38,1.10,276.18,17.84,3.57
2026-03-01 15:28:00+00:00,0.59,-3.42,0.69,279.75,11.23,3.54
2026-03-01 15:29:00+00:00,0.75,-3.26,1.17,282.95,19.20,3.55
2026-03-01 15:30:00+00:00,0.97,-3.19,1.02,286.90,16.95,3.48
2026-03-01 15:31:00+00:00,0.65,-3.43,0.28,280.80,4.59,3.51
2026-03-01 15:32:00+00:00,0.57,-3.47,-0.15,279.40,-2.40,3.52
2026-03-01 15:33:00+00:00,0.26,-3.57,-0.71,274.11,-11.20,3.65
2026-03-01 15:34:00+00:00,0.33,-3.51,-0.60,275.38,-9.67,3.58
2026-03-01 15:35:00+00:00,-0.15,-3.49,-1.04,267.49,-16.50,3.65
2026-03-01 15:36:00+00:00,-0.53,-3.30,-1.54,260.81,-24.66,3.68
2026-03-01 15:37:00+00:00,-1.00,-3.65,-0.61,254.66,-9.07,3.84
2026-03-01 15:38:00+00:00,-0.66,-3.35,-1.63,258.86,-25.44,3.79
2026-03-01 15:39:00+00:00,0.09,-3.61,-0.59,271.51,-9.23,3.65
2026-03-01 15:40:00+00:00,0.41,-3.60,-0.36,276.52,-5.69,3.64
2026-03-01 15:41:00+00:00,0.48,-3.47,-0.97,277.89,-15.39,3.64
2026-03-01 15:42:00+00:00,0.35,-3.59,-0.92,275.61,-14.22,3.73
2026-03-01 15:43:00+00:00,0.20,-3.64,-0.53,273.08,-8.25,3.69
2026-03-01 15:44:00+00:00,0.38,-3.66,-0.18,275.91,-2.80,3.69
2026-03-01 15:45:00+00:00,0.26,-3.47,-0.90,274.36,-14.50,3.59
2026-03-01 15:46:00+00:00,-0.43,-3.59,-1.65,263.22,-24.54,3.98
2026-03-01 15:47:00+00:00,-1.04,-3.54,-1.67,253.57,-24.32,4.05
2026-03-01 15:48:00+00:00,-0.70,-3.36,-2.05,258.28,-30.90,4.00
2026-03-01 15:49:00+00:00,-0.40,-3.34,-2.06,263.25,-31.42,3.95
2026-03-01 15:50:00+00:00,-0.28,-3.30,-2.08,265.08,-32.16,3.91
2026-03-01 15:51:00+00:00,-0.23,-3.26,-2.13,266.02,-33.09,3.90
2026-03-01 15:52:00+00:00,-0.26,-2.84,-2.30,264.71,-38.91,3.66
2026-03-01 15:53:00+00:00,-0.24,-3.06,-2.34,265.43,-37.30,3.86
2026-03-01 15:54:00+00:00,-0.31,-3.20,-2.09,264.54,-33.01,3.83
2026-03-01 15:55:00+00:00,0.12,-3.24,-1.84,272.09,-29.61,3.73
2026-03-01 15:56:00+00:00,0.65,-3.26,-1.48,281.18,-23.98,3.64
2026-03-01 15:57:00+00:00,0.55,-3.21,-1.62,279.74,-26.49,3.63
2026-03-01 15:58:00+00:00,1.00,-2.79,-1.86,289.61,-32.02,3.50
2026-03-01 16:00:00+00:00,1.25,-2.82,-1.49,293.89,-25.77,3.42
2026-03-01 18:34:00+00:00,-0.18,-4.23,-0.08,267.61,-1.04,4.24
2026-03-01 18:35:00+00:00,-0.60,-4.02,0.35,261.50,4.97,4.08
2026-03-01 18:36:00+00:00,-0.67,-4.11,0.33,260.68,4.47,4.18
2026-03-01 18:37:00+00:00,-0.84,-4.13,-0.06,258.47,-0.84,4.22
2026-03-01 18:38:00+00:00,-0.35,-4.03,-0.57,265.01,-8.00,4.08
2026-03-01 18:39:00+00:00,-0.14,-4.05,-0.58,268.02,-8.09,4.09
2026-03-01 18:40:00+00:00,-0.38,-4.12,-0.68,264.75,-9.30,4.19
2026-03-01 18:41:00+00:00,0.49,-3.89,-0.95,277.12,-13.65,4.03
2026-03-01 18:42:00+00:00,0.18,-3.87,-1.28,272.72,-18.22,4.08
2026-03-01 18:43:00+00:00,0.07,-4.05,-0.90,270.93,-12.52,4.14
2026-03-01 18:44:00+00:00,1.08,-3.68,-0.84,286.29,-12.36,3.93
2026-03-01 18:45:00+00:00,1.30,-3.71,-0.57,289.34,-8.28,3.98
2026-03-01 18:46:00+00:00,1.60,-3.42,-0.99,295.12,-14.75,3.90
2026-03-01 18:47:00+00:00,1.76,-3.25,-1.07,298.47,-16.09,3.85
2026-03-01 18:48:00+00:00,1.83,-2.93,-1.64,301.98,-25.36,3.83
2026-03-01 18:49:00+00:00,1.97,-2.44,-1.83,308.89,-30.20,3.63
2026-03-01 18:50:00+00:00,1.69,-3.08,-1.45,298.78,-22.45,3.81
2026-03-01 18:51:00+00:00,1.96,-2.88,-1.09,304.23,-17.44,3.65
2026-03-01 18:52:00+00:00,1.97,-2.93,-0.91,303.97,-14.46,3.65
2026-03-01 18:53:00+00:00,2.08,-3.06,-0.54,304.17,-8.25,3.74
2026-03-01 18:54:00+00:00,2.20,-2.89,-0.78,307.27,-12.13,3.72
2026-03-01 18:55:00+00:00,2.12,-3.04,-0.68,304.90,-10.38,3.77
2026-03-01 18:56:00+00:00,2.20,-3.10,-0.52,305.44,-7.79,3.84
2026-03-01 18:57:00+00:00,2.23,-3.02,-0.90,306.40,-13.49,3.86
2026-03-01 18:58:00+00:00,2.20,-2.81,-1.22,308.11,-18.92,3.77
2026-03-01 18:59:00+00:00,2.29,-2.67,-1.40,310.62,-21.61,3.79
2026-03-01 19:00:00+00:00,2.27,-2.65,-1.25,310.58,-19.71,3.71
2026-03-01 19:01:00+00:00,1.10,-4.15,-0.38,284.88,-5.10,4.31
2026-03-01 19:02:00+00:00,1.35,-3.97,-0.29,288.76,-3.93,4.20
2026-03-01 19:03:00+00:00,1.49,-3.89,-0.44,290.90,-5.98,4.19
2026-03-01 19:04:00+00:00,1.71,-3.69,-0.25,294.86,-3.57,4.08
2026-03-01 19:05:00+00:00,1.92,-3.66,-0.13,297.64,-1.85,4.13
2026-03-01 19:06:00+00:00,1.45,-3.88,-0.66,290.46,-9.02,4.19
2026-03-01 19:07:00+00:00,1.27,-4.06,-0.52,287.35,-6.94,4.29
2026-03-01 19:08:00+00:00,1.43,-4.00,-0.58,289.71,-7.73,4.29
2026-03-01 19:09:00+00:00,0.98,-4.15,-0.51,283.25,-6.78,4.29
2026-03-01 19:10:00+00:00,0.15,-4.43,-0.38,272.00,-4.87,4.45
2026-03-01 19:11:00+00:00,0.06,-4.43,-0.43,270.75,-5.51,4.45
2026-03-01 19:12:00+00:00,0.53,-4.25,-0.60,277.14,-7.95,4.32
2026-03-01 19:13:00+00:00,0.55,-4.24,-0.70,277.45,-9.26,4.33
2026-03-01 19:14:00+00:00,1.04,-4.18,-0.45,284.03,-6.01,4.33
2026-03-01 19:15:00+00:00,1.18,-3.88,-0.27,286.97,-3.75,4.07
2026-03-01 19:16:00+00:00,0.96,-3.83,-0.43,284.14,-6.21,3.97
2026-03-01 19:17:00+00:00,0.06,-3.98,-0.72,270.86,-10.27,4.04
2026-03-01 19:18:00+00:00,0.18,-3.75,-1.28,272.75,-18.85,3.96
2026-03-01 19:19:00+00:00,-0.26,-3.29,-1.67,265.55,-26.82,3.69
2026-03-01 19:20:00+00:00,-0.56,-3.02,-1.89,259.45,-31.64,3.61
2026-03-01 19:21:00+00:00,-0.07,-3.46,-1.98,268.89,-29.73,3.99
2026-03-01 19:22:00+00:00,0.03,-3.67,-1.98,270.54,-28.26,4.17
2026-03-01 19:23:00+00:00,0.57,-3.98,-1.26,278.16,-17.41,4.22
2026-03-01 19:24:00+00:00,0.79,-4.10,-0.84,280.95,-11.42,4.26
2026-03-01 19:25:00+00:00,1.22,-4.04,-0.97,286.80,-12.94,4.33
2026-03-01 19:26:00+00:00,1.08,-4.13,-1.13,284.66,-14.77,4.41
2026-03-01 19:27:00+00:00,1.19,-4.07,-1.17,286.36,-15.48,4.40
2026-03-01 19:28:00+00:00,1.13,-4.11,-1.21,285.32,-15.81,4.43
2026-03-01 19:29:00+00:00,1.39,-4.01,-0.88,289.10,-11.68,4.34
2026-03-01 19:30:00+00:00,1.62,-3.87,-0.75,292.77,-10.13,4.26
2026-03-01 19:31:00+00:00,1.61,-3.88,-0.81,292.46,-10.96,4.28
2026-03-01 19:32:00+00:00,1.52,-3.92,-0.74,291.13,-9.99,4.27
2026-03-01 19:33:00+00:00,1.59,-3.90,-0.72,292.17,-9.75,4.27
2026-03-01 19:34:00+00:00,1.83,-3.79,-0.28,295.72,-3.75,4.22
2026-03-01 19:35:00+00:00,1.59,-3.70,-0.62,293.18,-8.76,4.08
2026-03-01 19:36:00+00:00,1.93,-2.63,0.08,306.28,1.38,3.26
2026-03-01 19:37:00+00:00,1.76,-2.88,-0.43,301.45,-7.26,3.40
2026-03-01 19:38:00+00:00,1.68,-2.87,-0.83,300.37,-14.02,3.43
2026-03-01 19:39:00+00:00,1.45,-3.81,-0.46,290.85,-6.43,4.11
2026-03-01 19:40:00+00:00,1.57,-3.66,-0.78,293.20,-11.13,4.06
2026-03-01 19:41:00+00:00,1.08,-2.81,-1.02,291.04,-18.73,3.18
2026-03-01 19:42:00+00:00,1.05,-2.76,-0.22,290.80,-4.20,2.96
2026-03-01 19:43:00+00:00,0.84,-2.91,-0.55,286.17,-10.24,3.08
2026-03-01 19:44:00+00:00,0.08,-2.98,-2.04,271.52,-34.36,3.61
2026-03-01 19:45:00+00:00,-0.64,-2.84,-2.13,257.29,-36.13,3.61
2026-03-01 19:46:00+00:00,-0.26,-3.14,-2.06,265.26,-33.13,3.77
2026-03-01 19:47:00+00:00,-0.02,-2.75,-1.54,269.58,-29.32,3.15
2026-03-01 19:48:00+00:00,-0.41,-1.96,-1.46,258.04,-36.08,2.47
2026-03-01 19:49:00+00:00,-0.85,-1.62,-1.64,242.34,-41.89,2.46
2026-03-01 19:50:00+00:00,-0.93,-1.22,-1.40,232.72,-42.32,2.08
2026-03-01 19:51:00+00:00,-0.63,-1.54,-1.43,247.78,-40.70,2.19
2026-03-01 19:52:00+00:00,-1.20,-1.49,-2.32,231.08,-50.49,3.00
2026-03-01 19:53:00+00:00,-1.40,-1.15,-2.48,219.26,-53.77,3.07
2026-03-01 19:54:00+00:00,-1.46,-1.36,-2.18,222.81,-47.48,2.95
2026-03-01 19:55:00+00:00,-2.31,1.62,-1.60,144.93,-29.53,3.24
2026-03-01 19:56:00+00:00,-2.03,1.51,-0.63,143.36,-13.98,2.61
2026-03-01 19:57:00+00:00,-2.05,-1.21,-2.54,210.48,-46.78,3.48
2026-03-01 19:58:00+00:00,-2.33,-1.58,-2.02,214.22,-35.68,3.46
2026-03-01 19:59:00+00:00,-2.17,-0.35,-2.69,189.10,-50.76,3.47
2026-03-01 20:00:00+00:00,-2.01,0.01,-2.79,179.59,-54.21,3.45
2026-03-01 20:01:00+00:00,-1.96,0.21,-2.86,173.94,-55.50,3.47
2026-03-01 20:02:00+00:00,-2.12,0.55,-2.61,165.55,-50.09,3.41
2026-03-01 20:03:00+00:00,-2.71,-1.17,-2.13,203.30,-35.88,3.64
2026-03-01 20:04:00+00:00,-2.34,-1.33,-2.26,209.57,-40.06,3.52
2026-03-01 20:05:00+00:00,-1.90,-2.45,-1.56,232.15,-26.69,3.47
2026-03-01 20:06:00+00:00,-1.87,-2.82,-1.32,236.42,-21.27,3.64
2026-03-01 20:07:00+00:00,-2.19,-2.69,-1.16,230.84,-18.52,3.66
2026-03-01 20:08:00+00:00,-2.49,-2.50,-1.24,225.08,-19.39,3.74
2026-03-01 20:09:00+00:00,-2.60,-2.58,-1.05,224.82,-16.06,3.81
2026-03-01 20:10:00+00:00,-2.70,-1.58,-0.61,210.31,-11.06,3.18
2026-03-01 20:11:00+00:00,-2.32,-2.53,0.43,227.42,7.18,3.46
2026-03-01 20:12:00+00:00,-1.40,-2.89,1.24,244.06,21.18,3.44
2026-03-01 20:13:00+00:00,-1.20,0.32,-2.56,164.87,-64.12,2.85
2026-03-01 20:14:00+00:00,-1.12,-0.86,-2.86,217.38,-63.65,3.19
2026-03-01 20:15:00+00:00,-1.45,-0.84,-2.73,210.11,-58.47,3.20
2026-03-01 20:16:00+00:00,-1.87,-1.37,-2.37,216.21,-45.69,3.31
2026-03-01 20:17:00+00:00,-1.46,-1.16,-2.84,218.56,-56.69,3.40
2026-03-01 20:18:00+00:00,-1.57,-1.88,-2.60,230.15,-46.71,3.57
2026-03-01 20:19:00+00:00,-0.69,-2.33,-2.15,253.51,-41.53,3.24
2026-03-01 20:20:00+00:00,-0.02,-3.12,-1.40,269.55,-24.17,3.42
2026-03-01 20:21:00+00:00,-0.65,-3.38,-1.38,259.05,-21.82,3.70
2026-03-01 20:22:00+00:00,-0.53,-3.44,-1.38,261.24,-21.62,3.74
2026-03-01 20:23:00+00:00,-0.31,-3.42,-1.41,264.84,-22.37,3.72
2026-03-01 20:24:00+00:00,-0.27,-3.23,-1.70,265.25,-27.67,3.66
2026-03-01 20:25:00+00:00,0.14,-2.45,-2.49,273.35,-45.48,3.50
2026-03-01 20:26:00+00:00,0.25,-1.78,-2.90,278.01,-58.22,3.42
2026-03-01 20:27:00+00:00,-0.07,-0.95,-3.12,265.88,-72.93,3.26
2026-03-01 20:28:00+00:00,-0.66,-2.29,-2.45,254.01,-45.87,3.41
2026-03-01 20:29:00+00:00,-0.72,-2.97,-2.07,256.39,-34.10,3.69
2026-03-01 20:30:00+00:00,-0.07,-2.77,-2.30,268.64,-39.75,3.60
2026-03-01 20:31:00+00:00,-0.20,-2.50,-2.67,265.47,-46.73,3.66
2026-03-01 20:32:00+00:00,-0.14,-2.05,-3.03,266.19,-55.84,3.66
2026-03-01 20:33:00+00:00,-0.13,-2.57,-2.26,267.20,-41.21,3.43
2026-03-01 20:34:00+00:00,-0.93,-3.02,-2.02,252.89,-32.62,3.75
2026-03-01 20:35:00+00:00,-0.89,-1.90,-3.13,245.00,-56.16,3.76
2026-03-01 20:36:00+00:00,-0.90,-1.45,-3.28,238.12,-62.46,3.70
2026-03-01 20:37:00+00:00,-0.23,-1.51,-3.24,261.31,-64.79,3.59
2026-03-01 20:38:00+00:00,-0.13,-1.76,-3.17,265.74,-60.86,3.63
2026-03-01 20:39:00+00:00,0.34,-1.45,-3.05,283.41,-64.00,3.39
2026-03-01 20:40:00+00:00,-0.50,-1.61,-3.24,252.82,-62.46,3.65
2026-03-01 20:41:00+00:00,-0.66,-1.55,-3.33,246.97,-63.17,3.73
2026-03-01 20:42:00+00:00,-0.53,-2.19,-2.89,256.29,-52.10,3.66
2026-03-01 20:43:00+00:00,-0.89,-2.34,-2.81,249.19,-48.26,3.76
2026-03-01 20:44:00+00:00,-1.21,-2.57,-2.57,244.81,-42.19,3.83
2026-03-01 20:45:00+00:00,-1.20,-2.30,-2.73,242.43,-46.40,3.77
2026-03-01 20:46:00+00:00,-1.47,-2.44,-2.43,238.92,-40.47,3.75
2026-03-01 20:47:00+00:00,-1.58,-2.50,-2.30,237.80,-37.82,3.74
2026-03-01 20:48:00+00:00,-1.36,-2.52,-2.53,241.60,-41.40,3.82
2026-03-01 20:49:00+00:00,-0.75,-2.28,-2.79,251.80,-49.37,3.68
2026-03-01 20:50:00+00:00,-1.37,-2.57,-2.67,241.88,-42.46,3.95
2026-03-01 20:51:00+00:00,-1.52,-2.51,-2.71,238.71,-42.68,3.99
2026-03-01 20:52:00+00:00,-1.41,-2.50,-2.57,240.69,-41.87,3.86
2026-03-01 20:53:00+00:00,-1.50,-2.48,-2.39,238.81,-39.47,3.76
2026-03-01 20:54:00+00:00,-1.54,-2.67,-2.31,240.04,-36.77,3.85
2026-03-01 20:55:00+00:00,-1.55,-2.59,-2.16,239.04,-35.58,3.71
2026-03-01 20:56:00+00:00,-2.05,-2.16,-1.41,226.52,-25.31,3.29
2026-03-01 20:57:00+00:00,-2.79,-2.21,-0.73,218.48,-11.57,3.63
2026-03-01 20:58:00+00:00,-2.68,-2.89,-0.74,227.18,-10.66,4.01
2026-03-01 20:59:00+00:00,-2.82,-3.10,-1.08,227.67,-14.46,4.32
2026-03-01 21:00:00+00:00,-2.52,-3.29,-0.99,232.58,-13.46,4.26
2026-03-01 21:01:00+00:00,-3.07,-3.32,-0.76,227.28,-9.50,4.59
2026-03-01 21:02:00+00:00,-3.17,-3.29,-0.70,226.12,-8.76,4.62
2026-03-01 21:03:00+00:00,-3.51,-3.11,-0.45,221.59,-5.52,4.71
2026-03-01 21:04:00+00:00,-3.81,-2.96,0.13,217.87,1.59,4.83
2026-03-01 21:05:00+00:00,-3.95,-2.76,0.66,214.91,7.77,4.86
2026-03-01 21:06:00+00:00,-3.96,-2.71,0.86,214.36,10.19,4.87
2026-03-01 21:07:00+00:00,-4.06,-2.65,0.98,213.14,11.43,4.94
2026-03-01 21:08:00+00:00,-4.03,-2.68,1.19,213.63,13.83,4.98
2026-03-01 21:09:00+00:00,-3.69,-3.02,1.13,219.25,13.38,4.90
2026-03-01 21:11:00+00:00,-3.94,-2.65,1.36,213.97,15.98,4.94
2026-03-01 21:12:00+00:00,-3.89,-2.54,1.60,213.14,19.01,4.91
2026-03-01 21:13:00+00:00,-3.76,-2.43,1.88,212.94,22.78,4.85
2026-03-01 21:14:00+00:00,-3.71,-2.18,2.21,210.39,27.16,4.84
2026-03-01 21:15:00+00:00,-3.87,-2.44,1.94,212.19,23.01,4.97
2026-03-01 21:16:00+00:00,-3.74,-2.60,1.93,214.81,22.98,4.95
2026-03-01 21:17:00+00:00,-3.58,-2.60,2.15,216.00,25.90,4.92
2026-03-01 21:18:00+00:00,-3.68,-2.43,2.18,213.52,26.36,4.92
2026-03-01 21:19:00+00:00,-3.35,-2.70,2.28,218.85,27.97,4.87
2026-03-01 21:20:00+00:00,-2.73,-3.09,2.35,228.54,29.62,4.75
2026-03-01 21:21:00+00:00,-3.56,-2.48,2.14,214.79,26.27,4.84
2026-03-01 21:22:00+00:00,-3.39,-2.54,2.17,216.83,27.14,4.75
2026-03-01 21:23:00+00:00,-3.91,-1.16,2.75,196.52,34.03,4.92
2026-03-01 21:24:00+00:00,-3.53,-1.84,2.71,207.46,34.20,4.82
2026-03-01 21:25:00+00:00,-3.77,-1.43,2.72,200.82,33.99,4.86
2026-03-01 21:26:00+00:00,-3.97,-1.11,2.54,195.55,31.64,4.84
2026-03-01 21:27:00+00:00,-4.17,-0.60,2.44,188.21,30.05,4.86
2026-03-01 21:28:00+00:00,-3.86,-1.00,2.67,194.46,33.84,4.80
2026-03-01 21:29:00+00:00,-3.76,-0.56,2.85,188.48,36.87,4.75
2026-03-01 21:30:00+00:00,-3.92,-0.41,2.69,185.95,34.31,4.77
2026-03-01 21:31:00+00:00,-3.86,0.14,2.91,177.89,37.00,4.84
2026-03-01 21:32:00+00:00,-3.89,0.22,2.75,176.72,35.26,4.77
2026-03-01 21:33:00+00:00,-3.79,-1.32,2.28,199.20,29.62,4.61
2026-03-01 21:34:00+00:00,-3.23,-2.02,2.52,212.05,33.52,4.57
2026-03-01 21:35:00+00:00,-3.36,-1.59,2.94,205.39,38.29,4.74
2026-03-01 21:36:00+00:00,-3.59,-2.35,2.67,213.16,31.87,5.05
2026-03-01 21:37:00+00:00,-3.62,-2.31,2.67,212.49,31.83,5.06
2026-03-01 21:38:00+00:00,-3.79,-1.75,2.73,204.76,33.17,4.99
2026-03-01 21:39:00+00:00,-3.74,-2.29,2.62,211.50,30.88,5.11
2026-03-01 21:40:00+00:00,-3.47,-2.48,2.71,215.56,32.40,5.06
2026-03-01 21:41:00+00:00,-3.22,-2.89,2.54,221.92,30.43,5.01
2026-03-01 21:42:00+00:00,-2.58,-3.52,2.16,233.73,26.35,4.87
2026-03-01 21:43:00+00:00,-1.74,-4.07,1.67,246.78,20.68,4.73
2026-03-01 21:44:00+00:00,-1.02,-4.32,0.97,256.68,12.32,4.55
2026-03-01 21:45:00+00:00,-1.21,-4.21,1.58,253.92,19.82,4.65
2026-03-01 21:46:00+00:00,-3.00,-2.81,2.52,223.19,31.50,4.82
2026-03-01 21:47:00+00:00,-2.35,-3.31,2.48,234.58,31.37,4.76
2026-03-01 21:48:00+00:00,-1.39,-4.44,1.53,252.62,18.19,4.90
2026-03-01 21:49:00+00:00,-1.47,-4.37,1.84,251.42,21.77,4.97
2026-03-01 21:50:00+00:00,-1.60,-4.45,1.59,250.22,18.53,4.99
2026-03-01 21:51:00+00:00,-1.69,-4.46,1.76,249.26,20.25,5.08
2026-03-01 21:52:00+00:00,-1.83,-3.94,2.17,245.11,26.53,4.85
2026-03-01 21:53:00+00:00,-2.54,-2.97,2.99,229.51,37.38,4.92
2026-03-01 21:54:00+00:00,-2.14,-4.15,2.09,242.74,24.10,5.12
2026-03-01 21:55:00+00:00,-2.22,-4.21,1.88,242.19,21.55,5.12
2026-03-01 21:56:00+00:00,-1.99,-4.43,1.44,245.83,16.56,5.07
2026-03-01 21:57:00+00:00,-2.04,-4.40,1.52,245.12,17.42,5.09
2026-03-01 21:58:00+00:00,-1.16,-4.49,0.68,255.54,8.38,4.69
2026-03-01 22:00:00+00:00,-1.62,-4.35,1.61,249.55,19.11,4.91
2026-03-01 22:41:00+00:00,0.79,-4.27,-0.93,280.55,-12.09,4.44
2026-03-02 02:00:00+00:00,-3.48,-0.05,4.48,180.90,52.15,5.68
2026-03-02 02:12:00+00:00,-3.41,4.01,2.81,130.41,28.09,5.97
2026-03-02 02:13:00+00:00,-3.13,4.38,2.23,125.55,22.52,5.83
2026-03-02 02:14:00+00:00,-3.48,4.20,2.02,129.64,20.35,5.82
2026-03-02 02:15:00+00:00,-3.60,4.27,1.62,130.11,16.12,5.82
2026-03-02 02:16:00+00:00,-3.46,4.34,1.72,128.57,17.16,5.82
2026-03-02 02:17:00+00:00,-4.39,3.96,0.36,137.95,3.51,5.93
2026-03-02 02:18:00+00:00,-3.00,4.77,0.12,122.21,1.20,5.64
2026-03-02 02:19:00+00:00,-3.41,4.61,-0.32,126.43,-3.22,5.74
2026-03-02 02:20:00+00:00,-3.68,4.31,-0.88,130.45,-8.81,5.73
2026-03-02 02:21:00+00:00,-3.82,3.50,-2.02,137.50,-21.27,5.56
2026-03-02 02:22:00+00:00,-3.74,2.48,-3.18,146.45,-35.35,5.51
2026-03-02 02:23:00+00:00,-4.54,2.76,-2.11,148.69,-21.61,5.71
2026-03-02 02:24:00+00:00,-4.52,2.93,-2.07,147.04,-20.99,5.77
2026-03-02 02:25:00+00:00,-4.88,2.30,-2.18,154.73,-21.99,5.82
2026-03-02 02:26:00+00:00,-4.97,0.96,-2.71,169.12,-28.20,5.74
2026-03-02 02:27:00+00:00,-4.86,0.09,-3.04,178.93,-32.06,5.73
2026-03-02 02:28:00+00:00,-4.74,-0.40,-3.37,184.79,-35.33,5.83
2026-03-02 02:29:00+00:00,-5.09,-0.52,-2.97,185.86,-30.09,5.92
2026-03-02 02:30:00+00:00,-5.21,-0.55,-2.79,186.02,-28.08,5.94
2026-03-02 02:31:00+00:00,-5.18,-1.40,-2.37,195.14,-23.85,5.87
2026-03-02 02:32:00+00:00,-5.14,-2.02,-2.07,201.45,-20.55,5.90
2026-03-02 02:33:00+00:00,-5.31,-1.84,-1.84,199.14,-18.08,5.92
2026-03-02 02:34:00+00:00,-5.46,-2.06,-1.47,200.69,-14.10,6.02
2026-03-02 02:35:00+00:00,-5.41,-2.25,-1.11,202.54,-10.74,5.96
2026-03-02 02:36:00+00:00,-5.47,-2.49,-0.81,204.49,-7.68,6.07
2026-03-02 02:37:00+00:00,-5.34,-2.85,-0.59,208.09,-5.57,6.09
2026-03-02 02:38:00+00:00,-5.31,-2.94,-0.47,208.94,-4.40,6.09
2026-03-02 02:39:00+00:00,-5.19,-3.08,-0.34,210.71,-3.27,6.04
2026-03-02 02:40:00+00:00,-4.90,-3.21,0.65,213.24,6.33,5.90
2026-03-02 02:41:00+00:00,-4.85,-3.42,0.95,215.18,9.09,6.00
2026-03-02 02:42:00+00:00,-4.57,-3.78,0.86,219.60,8.25,6.00
2026-03-02 02:43:00+00:00,-4.32,-3.76,0.96,221.02,9.51,5.81
2026-03-02 02:44:00+00:00,-4.26,-3.73,1.50,221.21,14.79,5.86
2026-03-02 02:45:00+00:00,-4.13,-3.91,1.37,223.39,13.56,5.85
2026-03-02 02:46:00+00:00,-4.08,-4.11,0.55,225.17,5.44,5.82
2026-03-02 02:47:00+00:00,-4.20,-3.78,1.41,221.98,14.02,5.82
2026-03-02 02:48:00+00:00,-4.03,-3.62,1.51,221.93,15.52,5.63
2026-03-02 02:49:00+00:00,-3.51,-4.21,1.21,230.24,12.45,5.61
2026-03-02 02:50:00+00:00,-3.16,-4.00,1.94,231.73,20.88,5.46
2026-03-02 02:51:00+00:00,-3.65,-3.95,1.95,227.22,19.89,5.72
2026-03-02 02:52:00+00:00,-3.61,-4.17,1.77,229.18,17.83,5.79
2026-03-02 02:53:00+00:00,-3.46,-3.97,2.31,228.88,23.71,5.75
2026-03-02 02:54:00+00:00,-3.97,-4.15,0.03,226.25,0.34,5.74
2026-03-02 02:55:00+00:00,-4.23,-4.32,-0.27,225.66,-2.56,6.05
2026-03-02 02:56:00+00:00,-4.27,-4.25,-0.19,224.91,-1.83,6.03
2026-03-02 02:57:00+00:00,-3.84,-4.14,0.49,227.10,4.98,5.67
2026-03-02 02:58:00+00:00,-3.13,-4.38,1.52,234.47,15.73,5.60
2026-03-02 02:59:00+00:00,-4.14,-3.95,-1.04,223.65,-10.32,5.82
2026-03-02 03:00:00+00:00,-4.17,-3.49,-1.68,219.98,-17.19,5.69
2026-03-02 03:01:00+00:00,-4.46,-3.40,-1.20,217.37,-12.09,5.74
2026-03-02 03:02:00+00:00,-4.52,-3.18,-1.25,215.11,-12.74,5.67
2026-03-02 03:03:00+00:00,-4.51,-3.50,-0.29,217.78,-2.95,5.71
2026-03-02 03:04:00+00:00,-3.99,-3.76,-0.91,223.30,-9.46,5.55
2026-03-02 03:05:00+00:00,-4.09,-4.04,-0.95,224.66,-9.33,5.83
2026-03-02 03:06:00+00:00,-4.09,-4.29,-0.94,226.39,-9.00,6.00
2026-03-02 03:07:00+00:00,-4.09,-3.70,-0.97,222.13,-9.99,5.60
2026-03-02 03:08:00+00:00,-3.59,-4.12,-0.57,228.95,-5.99,5.49
2026-03-02 03:09:00+00:00,-3.98,-4.07,0.30,225.61,2.99,5.70
2026-03-02 03:10:00+00:00,-4.15,-3.83,1.27,222.72,12.64,5.79
2026-03-02 03:11:00+00:00,-2.33,-2.88,3.63,231.01,44.41,5.18
2026-03-02 03:12:00+00:00,-2.08,-3.32,3.70,237.98,43.32,5.39
2026-03-02 03:13:00+00:00,-2.28,-3.51,3.54,236.95,40.16,5.48
2026-03-02 03:14:00+00:00,-2.52,-3.34,3.40,232.99,39.06,5.39
2026-03-02 03:15:00+00:00,-3.85,-3.93,0.34,225.59,3.50,5.51
2026-03-02 03:16:00+00:00,-4.18,-3.51,-1.72,220.03,-17.48,5.72
2026-03-02 03:17:00+00:00,-4.17,-3.99,-1.15,223.74,-11.28,5.89
2026-03-02 03:18:00+00:00,-4.04,-4.13,-0.67,225.63,-6.62,5.81
2026-03-02 03:19:00+00:00,-3.96,-4.17,-0.01,226.50,-0.12,5.76
2026-03-02 03:20:00+00:00,-4.27,-4.05,-0.15,223.46,-1.42,5.89
2026-03-02 03:21:00+00:00,-4.59,-3.79,-0.72,219.60,-6.94,6.00
2026-03-02 03:22:00+00:00,-4.41,-3.71,-0.85,220.06,-8.37,5.82
2026-03-02 03:23:00+00:00,-4.25,-2.96,-2.33,214.78,-24.25,5.68
2026-03-02 03:24:00+00:00,-4.26,-2.44,-2.91,209.81,-30.64,5.71
2026-03-02 03:25:00+00:00,-4.20,-2.37,-3.05,209.48,-32.36,5.71
2026-03-02 03:26:00+00:00,-4.40,-3.44,-1.48,218.04,-14.89,5.78
2026-03-02 03:27:00+00:00,-4.18,-4.02,-0.33,223.87,-3.25,5.80
2026-03-02 03:28:00+00:00,-4.60,-3.56,-0.78,217.74,-7.63,5.86
2026-03-02 03:29:00+00:00,-4.65,-3.68,-0.33,218.35,-3.18,5.94
2026-03-02 03:30:00+00:00,-4.87,-3.33,-0.40,214.32,-3.88,5.92
2026-03-02 03:31:00+00:00,-4.73,-3.56,-0.40,216.95,-3.89,5.93
2026-03-02 03:32:00+00:00,-4.70,-3.57,-0.24,217.22,-2.29,5.91
2026-03-02 03:33:00+00:00,-4.93,-2.94,-0.96,210.84,-9.53,5.82
2026-03-02 03:34:00+00:00,-4.83,-3.03,-0.87,212.13,-8.71,5.77
2026-03-02 03:35:00+00:00,-4.88,-3.04,-0.37,211.91,-3.69,5.76
2026-03-02 03:36:00+00:00,-5.04,-2.70,-0.97,208.13,-9.64,5.80
2026-03-02 03:37:00+00:00,-4.95,-2.44,-1.79,206.28,-17.98,5.80
2026-03-02 03:38:00+00:00,-5.00,-2.63,-1.35,207.71,-13.45,5.81
2026-03-02 03:39:00+00:00,-5.03,-2.73,-1.21,208.50,-11.92,5.85
2026-03-02 03:40:00+00:00,-5.08,-2.72,-0.58,208.16,-5.75,5.79
2026-03-02 03:41:00+00:00,-5.31,-2.58,-0.39,205.88,-3.82,5.92
2026-03-02 03:42:00+00:00,-5.27,-2.61,0.14,206.34,1.34,5.88
2026-03-02 03:43:00+00:00,-5.53,-2.25,-0.03,202.18,-0.26,5.97
2026-03-02 03:44:00+00:00,-5.48,-2.13,0.12,201.27,1.15,5.88
2026-03-02 03:45:00+00:00,-5.80,-1.26,1.23,192.29,11.70,6.06
2026-03-02 03:46:00+00:00,-5.86,-1.08,1.20,190.43,11.40,6.08
2026-03-02 03:47:00+00:00,-5.80,-1.98,0.52,198.87,4.82,6.15
2026-03-02 03:48:00+00:00,-5.80,-2.01,0.27,199.11,2.49,6.14
2026-03-02 03:49:00+00:00,-5.76,-2.19,0.08,200.79,0.78,6.16
2026-03-02 03:50:00+00:00,-5.63,-2.40,-0.11,203.07,-1.03,6.12
2026-03-02 03:51:00+00:00,-5.46,-2.65,-0.54,205.88,-5.10,6.09
2026-03-02 03:52:00+00:00,-5.30,-2.74,-0.48,207.32,-4.57,5.99
2026-03-02 03:53:00+00:00,-5.38,-2.68,-0.48,206.44,-4.52,6.03
2026-03-02 03:54:00+00:00,-5.41,-2.56,0.22,205.28,2.09,5.99
2026-03-02 03:55:00+00:00,-5.42,-2.83,-0.20,207.55,-1.89,6.11
2026-03-02 03:56:00+00:00,-5.32,-3.03,0.19,209.62,1.75,6.13
2026-03-02 03:57:00+00:00,-5.43,-2.60,0.09,205.57,0.89,6.02
2026-03-02 03:58:00+00:00,-5.55,-2.38,-0.13,203.23,-1.27,6.04
2026-03-02 04:00:00+00:00,-5.70,-2.02,-0.22,199.51,-2.06,6.05
2026-03-02 04:01:00+00:00,-5.81,-1.50,-0.51,194.43,-4.90,6.03
2026-03-02 04:02:00+00:00,-5.95,-0.73,-0.87,186.97,-8.25,6.05
2026-03-02 04:03:00+00:00,-5.97,-0.32,-0.88,183.09,-8.35,6.04
2026-03-02 04:04:00+00:00,-5.56,-1.47,-0.67,194.79,-6.67,5.79
2026-03-02 04:05:00+00:00,-5.22,-2.74,0.16,207.71,1.52,5.90
2026-03-02 04:06:00+00:00,-5.35,-2.61,0.08,206.03,0.74,5.95
2026-03-02 04:07:00+00:00,-5.31,-2.66,0.24,206.58,2.27,5.94
2026-03-02 04:08:00+00:00,-5.26,-2.64,0.10,206.65,0.96,5.89
2026-03-02 04:09:00+00:00,-5.48,-1.98,-0.56,199.92,-5.52,5.85
2026-03-02 04:10:00+00:00,-5.52,-1.35,-1.06,193.77,-10.58,5.78
2026-03-02 04:11:00+00:00,-5.37,-0.84,-1.78,188.89,-18.13,5.72
2026-03-02 04:12:00+00:00,-5.20,-0.82,-1.69,188.98,-17.83,5.53
2026-03-02 04:13:00+00:00,-5.34,-1.95,-0.94,200.09,-9.35,5.76
2026-03-02 04:14:00+00:00,-5.23,-2.11,-1.14,201.93,-11.44,5.76
2026-03-02 04:15:00+00:00,-5.43,-1.53,-1.17,195.75,-11.75,5.76
2026-03-02 04:16:00+00:00,-5.50,-1.24,-1.35,192.70,-13.48,5.80
2026-03-02 04:17:00+00:00,-5.52,-0.84,-1.53,188.70,-15.32,5.79
2026-03-02 04:18:00+00:00,-5.47,-0.99,-1.44,190.28,-14.54,5.75
2026-03-02 04:19:00+00:00,-5.34,-0.77,-1.61,188.20,-16.57,5.63
2026-03-02 04:20:00+00:00,-5.24,-0.54,-1.90,185.93,-19.78,5.60
2026-03-02 04:21:00+00:00,-5.19,-1.80,-1.42,199.19,-14.55,5.67
2026-03-02 04:22:00+00:00,-5.14,-1.91,-1.54,200.37,-15.65,5.70
2026-03-02 04:23:00+00:00,-5.02,-1.79,-1.69,199.68,-17.55,5.59
2026-03-02 04:24:00+00:00,-5.00,-1.35,-1.98,195.13,-20.96,5.55
2026-03-02 04:25:00+00:00,-4.92,-0.97,-2.17,191.20,-23.41,5.46
2026-03-02 04:26:00+00:00,-5.01,-1.36,-2.10,195.19,-22.00,5.60
2026-03-02 04:27:00+00:00,-4.89,-1.29,-2.15,194.74,-23.00,5.49
2026-03-02 04:28:00+00:00,-4.75,-1.06,-2.16,192.55,-23.91,5.32
2026-03-02 04:29:00+00:00,-4.81,-1.05,-2.18,192.37,-23.85,5.38
2026-03-02 04:30:00+00:00,-4.82,-1.25,-1.94,194.52,-21.34,5.34
2026-03-02 04:31:00+00:00,-4.78,-1.06,-2.00,192.47,-22.23,5.29
2026-03-02 04:32:00+00:00,-4.52,-0.61,-2.51,187.66,-28.83,5.20
2026-03-02 04:33:00+00:00,-4.44,-0.62,-2.60,187.91,-30.15,5.18
2026-03-02 04:34:00+00:00,-4.47,-0.74,-2.58,189.45,-29.62,5.21
2026-03-02 04:35:00+00:00,-4.84,-1.15,-1.90,193.42,-20.91,5.32
2026-03-02 04:36:00+00:00,-4.40,-1.02,-2.35,193.10,-27.46,5.09
2026-03-02 04:37:00+00:00,-4.53,-1.29,-1.98,195.87,-22.78,5.11
2026-03-02 04:38:00+00:00,-4.63,-1.50,-1.70,197.95,-19.24,5.16
2026-03-02 04:39:00+00:00,-4.53,-1.64,-1.52,199.94,-17.52,5.05
2026-03-02 04:40:00+00:00,-4.80,-1.30,-1.44,195.15,-16.14,5.17
2026-03-02 04:41:00+00:00,-4.75,-1.49,-1.50,197.44,-16.75,5.20
2026-03-02 04:42:00+00:00,-4.79,-1.35,-1.49,195.75,-16.66,5.20
2026-03-02 04:43:00+00:00,-4.78,-1.23,-1.44,194.42,-16.23,5.14
2026-03-02 04:44:00+00:00,-4.86,-1.27,-1.12,194.66,-12.57,5.14
2026-03-02 04:45:00+00:00,-5.01,-0.88,-1.23,189.95,-13.63,5.23
2026-03-02 04:46:00+00:00,-4.87,-1.17,-1.10,193.49,-12.38,5.13
2026-03-02 04:47:00+00:00,-5.39,-0.88,-1.08,189.28,-11.22,5.57
2026-03-02 04:48:00+00:00,-5.39,-1.02,-0.94,190.74,-9.77,5.57
2026-03-02 04:49:00+00:00,-5.17,-1.24,-0.73,193.51,-7.84,5.37
2026-03-02 04:50:00+00:00,-5.05,-1.31,-0.72,194.54,-7.92,5.26
2026-03-02 04:51:00+00:00,-5.07,-1.31,-0.88,194.47,-9.52,5.31
2026-03-02 04:52:00+00:00,-5.24,-1.38,-1.40,194.73,-14.47,5.59
2026-03-02 04:53:00+00:00,-5.23,-1.45,-1.17,195.52,-12.18,5.55
2026-03-02 04:54:00+00:00,-5.12,-1.55,-1.04,196.81,-11.01,5.45
2026-03-02 04:55:00+00:00,-5.26,-1.55,-1.11,196.36,-11.41,5.60
2026-03-02 04:56:00+00:00,-5.27,-1.14,-0.39,192.19,-4.15,5.40
2026-03-02 04:57:00+00:00,-5.22,-1.39,-0.66,194.90,-6.99,5.44
2026-03-02 04:58:00+00:00,-5.22,-1.62,-1.05,197.27,-10.92,5.57
2026-03-02 04:59:00+00:00,-5.31,-1.67,-0.95,197.42,-9.70,5.65
2026-03-02 05:00:00+00:00,-5.27,-1.85,-0.97,199.30,-9.87,5.67
2026-03-02 05:01:00+00:00,-5.25,-1.91,-1.00,200.01,-10.11,5.67
2026-03-02 05:02:00+00:00,-5.20,-2.08,-0.92,201.78,-9.33,5.68
2026-03-02 05:03:00+00:00,-5.20,-2.06,-0.88,201.66,-8.95,5.66
2026-03-02 05:04:00+00:00,-5.14,-2.05,-1.20,201.70,-12.24,5.66
2026-03-02 05:05:00+00:00,-5.07,-2.28,-0.59,204.22,-6.06,5.59
2026-03-02 05:06:00+00:00,-5.08,-2.28,-0.51,204.21,-5.23,5.59
2026-03-02 05:07:00+00:00,-5.01,-2.33,-0.98,204.95,-10.06,5.61
2026-03-02 05:08:00+00:00,-4.94,-2.33,-1.10,205.27,-11.37,5.57
2026-03-02 05:09:00+00:00,-4.90,-2.36,-1.14,205.69,-11.84,5.55
2026-03-02 05:10:00+00:00,-4.82,-2.38,-1.26,206.23,-13.23,5.52
2026-03-02 05:11:00+00:00,-4.77,-2.38,-1.29,206.54,-13.57,5.49
2026-03-02 05:12:00+00:00,-4.57,-2.52,-0.57,208.92,-6.22,5.25
2026-03-02 05:13:00+00:00,-4.52,-2.50,-0.61,208.95,-6.73,5.20
2026-03-02 05:14:00+00:00,-4.58,-2.47,-0.34,208.27,-3.78,5.22
2026-03-02 05:15:00+00:00,-4.59,-2.46,-0.39,208.24,-4.29,5.22
2026-03-02 05:16:00+00:00,-3.47,-2.76,2.49,218.43,29.31,5.09
2026-03-02 05:17:00+00:00,-3.46,-2.84,2.55,219.41,29.61,5.15
2026-03-02 05:18:00+00:00,-3.39,-2.75,2.56,219.13,30.44,5.06
2026-03-02 05:19:00+00:00,-3.09,-3.03,2.46,224.48,29.57,4.98
2026-03-02 05:20:00+00:00,-3.07,-3.25,2.35,226.63,27.80,5.05
2026-03-02 05:21:00+00:00,-2.96,-3.05,2.56,225.91,31.03,4.96
2026-03-02 05:22:00+00:00,-3.08,-2.88,2.63,223.05,31.98,4.97
2026-03-02 05:23:00+00:00,-3.10,-2.79,2.66,221.98,32.56,4.95
2026-03-02 05:24:00+00:00,-2.88,-2.60,2.56,222.12,33.43,4.65
2026-03-02 05:25:00+00:00,-3.00,-2.34,2.93,217.99,37.54,4.80
2026-03-02 05:26:00+00:00,-3.04,-1.82,3.56,210.96,45.19,5.02
2026-03-02 05:27:00+00:00,-0.95,0.07,4.34,176.04,77.57,4.44
2026-03-02 05:28:00+00:00,-0.78,0.31,4.66,158.09,79.75,4.74
2026-03-02 05:29:00+00:00,-1.23,-0.15,4.71,186.80,75.28,4.87
2026-03-02 05:30:00+00:00,-1.76,-0.83,4.34,205.32,65.81,4.76
2026-03-02 05:31:00+00:00,-2.03,-1.35,4.09,213.64,59.20,4.76
2026-03-02 05:32:00+00:00,-1.68,-1.62,4.20,223.82,60.96,4.81
2026-03-02 05:33:00+00:00,-2.03,-1.59,4.33,218.05,59.25,5.04
2026-03-02 05:34:00+00:00,-2.00,-1.38,4.34,214.56,60.77,4.97
2026-03-02 05:35:00+00:00,-2.11,-1.67,4.15,218.32,57.04,4.95
2026-03-02 05:36:00+00:00,-2.00,-2.50,3.73,231.42,49.37,4.91
2026-03-02 05:37:00+00:00,-1.73,-2.99,3.54,239.91,45.67,4.95
2026-03-02 05:38:00+00:00,-1.80,-3.82,2.58,244.78,31.43,4.95
2026-03-02 05:39:00+00:00,-1.89,-3.46,2.59,241.38,33.23,4.72
2026-03-02 05:40:00+00:00,-1.51,-0.49,4.07,197.87,68.71,4.36
2026-03-02 05:41:00+00:00,-1.28,-0.05,4.05,182.03,72.43,4.25
2026-03-02 05:42:00+00:00,-1.20,0.08,4.06,176.05,73.46,4.23
2026-03-02 05:43:00+00:00,-1.91,-0.63,3.95,198.38,63.04,4.43
2026-03-02 05:44:00+00:00,-1.72,-0.22,4.05,187.41,66.82,4.41
2026-03-02 05:45:00+00:00,-1.74,-0.05,4.10,181.55,67.00,4.46
2026-03-02 05:46:00+00:00,-1.22,0.43,4.18,160.74,72.79,4.38
2026-03-02 05:47:00+00:00,-1.37,0.26,4.10,169.43,71.24,4.33
2026-03-02 05:48:00+00:00,-1.36,0.20,4.16,171.63,71.75,4.38
2026-03-02 05:49:00+00:00,-1.39,0.27,4.20,169.06,71.44,4.43
2026-03-02 05:50:00+00:00,-2.06,-0.43,4.24,191.77,63.59,4.73
2026-03-02 05:51:00+00:00,-2.07,-0.58,4.19,195.74,62.78,4.71
2026-03-02 05:52:00+00:00,-2.38,-1.11,4.06,204.96,57.12,4.83
2026-03-02 05:53:00+00:00,-2.49,-0.95,4.10,200.96,56.99,4.89
2026-03-02 05:54:00+00:00,-2.52,-0.91,4.12,199.87,56.95,4.91
2026-03-02 05:55:00+00:00,-2.50,-1.01,4.10,202.01,56.74,4.91
2026-03-02 05:56:00+00:00,-2.27,-1.05,4.18,204.78,59.13,4.87
2026-03-02 05:57:00+00:00,-2.14,-1.13,4.20,207.70,60.04,4.85
2026-03-02 05:58:00+00:00,-1.99,-1.11,4.16,209.28,61.31,4.75
2026-03-02 05:59:00+00:00,-1.69,-1.00,4.29,210.60,65.45,4.72
2026-03-02 06:00:00+00:00,-1.55,-0.71,4.40,204.70,68.75,4.72
2026-03-02 06:01:00+00:00,-2.49,-1.11,4.06,203.97,56.10,4.89
2026-03-02 06:02:00+00:00,-2.46,-1.13,4.06,204.65,56.31,4.88
2026-03-02 06:03:00+00:00,-2.06,-1.22,4.24,210.60,60.62,4.87
2026-03-02 06:04:00+00:00,-2.95,-3.32,2.08,228.38,25.07,4.91
2026-03-02 06:05:00+00:00,-2.96,-3.51,2.01,229.85,23.62,5.01
2026-03-02 06:06:00+00:00,-2.94,-2.75,2.94,223.05,36.17,4.99
2026-03-02 06:07:00+00:00,-2.93,-2.92,2.83,224.92,34.37,5.01
2026-03-02 06:08:00+00:00,-2.95,-3.38,2.34,228.89,27.53,5.06
2026-03-02 06:09:00+00:00,-2.83,-2.16,3.27,217.37,42.57,4.84
2026-03-02 06:10:00+00:00,-2.65,-1.37,3.83,207.33,52.13,4.85
2026-03-02 06:11:00+00:00,-2.81,-1.53,3.89,208.61,50.61,5.04
2026-03-02 06:12:00+00:00,-2.73,-1.34,3.95,206.14,52.33,4.99
2026-03-02 06:13:00+00:00,-1.56,-0.44,4.61,195.75,70.61,4.89
2026-03-02 06:14:00+00:00,-1.60,-0.99,4.53,211.66,67.42,4.91
2026-03-02 06:15:00+00:00,-1.97,-1.07,4.41,208.56,63.05,4.95
2026-03-02 06:16:00+00:00,-2.37,-1.66,4.07,214.93,54.62,5.00
2026-03-02 06:17:00+00:00,-2.67,-1.91,3.69,215.61,48.32,4.94
2026-03-02 06:18:00+00:00,-2.95,-1.92,3.52,213.04,44.96,4.98
2026-03-02 06:19:00+00:00,-2.63,-3.01,2.71,228.82,34.12,4.83
2026-03-02 06:20:00+00:00,-2.66,-2.16,3.55,219.11,46.01,4.93
2026-03-02 06:21:00+00:00,-2.81,-2.31,3.54,219.42,44.26,5.08
2026-03-02 06:22:00+00:00,-2.91,-1.55,3.94,208.12,50.08,5.14
2026-03-02 06:23:00+00:00,-3.01,-3.30,2.07,227.63,24.87,4.93
2026-03-02 06:24:00+00:00,-2.71,-4.14,0.13,236.76,1.56,4.95
2026-03-02 06:25:00+00:00,-2.81,-4.44,-0.11,237.69,-1.16,5.25
2026-03-02 06:26:00+00:00,-2.83,-4.45,-0.53,237.55,-5.70,5.30
2026-03-02 06:27:00+00:00,-2.89,-4.22,-1.27,235.63,-13.98,5.27
2026-03-02 06:28:00+00:00,-2.75,-4.29,-1.37,237.31,-15.09,5.28
2026-03-02 06:29:00+00:00,-2.54,-4.50,-0.33,240.60,-3.70,5.18
2026-03-02 06:30:00+00:00,-2.55,-4.17,-0.48,238.49,-5.64,4.91
2026-03-02 06:31:00+00:00,-3.10,-3.75,1.21,230.44,13.91,5.01
2026-03-02 06:32:00+00:00,-3.12,-3.52,1.78,228.47,20.75,5.03
2026-03-02 06:33:00+00:00,-2.88,-3.23,1.94,228.30,24.16,4.74
2026-03-02 06:34:00+00:00,-2.10,-2.44,2.31,229.33,35.64,3.96
2026-03-02 06:35:00+00:00,-1.85,-2.20,1.35,229.89,25.06,3.18
2026-03-02 06:36:00+00:00,-1.95,-2.77,0.97,234.78,16.01,3.53
2026-03-02 06:37:00+00:00,-2.02,-3.03,1.04,236.27,15.99,3.79
2026-03-02 06:38:00+00:00,-1.95,-2.78,1.24,235.01,20.10,3.61
2026-03-02 06:39:00+00:00,-1.77,-2.99,1.31,239.33,20.72,3.71
2026-03-02 06:40:00+00:00,-1.70,-3.20,1.19,242.10,18.22,3.81
2026-03-02 06:41:00+00:00,-1.96,-2.85,1.73,235.45,26.54,3.87
2026-03-02 06:42:00+00:00,-2.11,-2.77,1.54,232.76,23.87,3.81
2026-03-02 06:43:00+00:00,-2.00,-2.68,1.64,233.25,26.12,3.73
2026-03-02 06:44:00+00:00,-1.92,-2.46,1.91,232.07,31.42,3.66
2026-03-02 06:45:00+00:00,-1.74,-2.35,1.94,233.37,33.58,3.51
2026-03-02 06:46:00+00:00,-1.80,-2.30,2.01,231.87,34.55,3.55
2026-03-02 06:47:00+00:00,-1.82,-2.14,2.27,229.66,38.93,3.61
2026-03-02 06:48:00+00:00,-1.89,-2.40,2.25,231.80,36.35,3.80
2026-03-02 06:49:00+00:00,-1.37,-2.23,2.77,238.38,46.65,3.81
2026-03-02 06:50:00+00:00,-1.17,-2.02,3.12,239.88,53.20,3.89
2026-03-02 06:51:00+00:00,-0.97,-1.64,3.12,239.48,58.66,3.65
2026-03-02 06:52:00+00:00,-2.04,-2.23,2.57,227.46,40.35,3.96
2026-03-02 06:53:00+00:00,-2.58,-2.37,2.46,222.62,35.08,4.29
2026-03-02 06:54:00+00:00,-2.43,-2.28,2.76,223.19,39.66,4.33
2026-03-02 06:55:00+00:00,-2.40,-2.17,2.89,222.18,41.72,4.34
2026-03-02 06:56:00+00:00,-2.63,-2.24,3.00,220.50,40.95,4.57
2026-03-02 06:57:00+00:00,-2.72,-2.32,2.93,220.49,39.38,4.62
2026-03-02 06:58:00+00:00,-2.70,-2.36,2.88,221.09,38.73,4.60
2026-03-02 06:59:00+00:00,-2.81,-2.09,3.12,216.70,41.67,4.69
2026-03-02 07:00:00+00:00,-2.79,-1.63,3.35,210.30,46.09,4.66
2026-03-02 07:01:00+00:00,-2.84,-1.55,3.36,208.67,46.06,4.67
2026-03-02 07:02:00+00:00,-2.94,-1.55,3.38,207.79,45.42,4.74
2026-03-02 07:03:00+00:00,-3.13,-2.05,2.97,213.20,38.43,4.78
2026-03-02 07:04:00+00:00,-3.01,-1.90,3.09,212.20,40.98,4.72
2026-03-02 07:05:00+00:00,-3.12,-1.99,3.00,212.51,39.04,4.76
2026-03-02 07:06:00+00:00,-3.04,-1.73,3.19,209.67,42.32,4.73
2026-03-02 07:07:00+00:00,-2.98,-1.60,3.25,208.17,43.91,4.69
2026-03-02 07:08:00+00:00,-2.87,-1.67,3.31,210.25,44.95,4.69
2026-03-02 07:09:00+00:00,-2.91,-1.66,3.33,209.74,44.82,4.73
2026-03-02 07:10:00+00:00,-2.64,-1.86,3.30,215.19,45.56,4.62
2026-03-02 07:11:00+00:00,-2.46,-3.05,2.67,231.17,34.24,4.74
2026-03-02 07:12:00+00:00,-2.64,-2.86,2.76,227.28,35.36,4.78
2026-03-02 07:13:00+00:00,-2.68,-1.75,3.48,213.10,47.36,4.73
2026-03-02 07:14:00+00:00,-2.62,-1.58,3.79,211.09,51.04,4.87
2026-03-02 07:15:00+00:00,-2.20,-2.80,3.10,231.90,40.99,4.72
2026-03-02 07:16:00+00:00,-2.59,-1.43,3.72,208.96,51.52,4.75
2026-03-02 07:17:00+00:00,-2.22,-1.94,3.60,221.16,50.68,4.65
2026-03-02 07:18:00+00:00,-2.46,-1.37,3.62,209.04,52.11,4.58
2026-03-02 07:19:00+00:00,-2.40,-0.28,2.71,186.58,48.34,3.63
2026-03-02 07:20:00+00:00,-2.12,-0.66,2.85,197.18,52.08,3.61
2026-03-02 07:21:00+00:00,-2.16,-0.63,3.02,196.26,53.33,3.76
2026-03-02 07:22:00+00:00,-1.95,-0.24,2.91,186.97,56.05,3.51
2026-03-02 07:23:00+00:00,-1.92,-0.25,2.84,187.54,55.66,3.44
2026-03-02 07:24:00+00:00,-2.12,-0.30,2.79,188.05,52.58,3.52
2026-03-02 07:25:00+00:00,-2.00,-0.39,2.73,191.07,53.18,3.40
2026-03-02 07:26:00+00:00,-2.37,-0.40,2.65,189.47,47.80,3.58
2026-03-02 07:27:00+00:00,-2.83,-0.32,2.46,186.49,40.77,3.77
2026-03-02 07:28:00+00:00,-2.78,-0.23,2.38,184.82,40.48,3.66
2026-03-02 07:29:00+00:00,-2.81,-0.05,2.51,181.11,41.83,3.77
2026-03-02 07:30:00+00:00,-2.46,-0.06,2.72,181.34,47.88,3.67
2026-03-02 07:31:00+00:00,-2.42,0.30,2.96,172.86,50.48,3.84
2026-03-02 07:32:00+00:00,-2.10,0.62,3.05,163.56,54.26,3.75
2026-03-02 07:33:00+00:00,-1.97,0.72,2.87,159.95,53.91,3.55
2026-03-02 07:34:00+00:00,-1.85,0.59,2.33,162.31,50.15,3.03
2026-03-02 07:35:00+00:00,-2.11,0.09,3.02,177.44,55.08,3.68
2026-03-02 07:36:00+00:00,-2.27,0.28,3.33,173.06,55.57,4.04
2026-03-02 07:37:00+00:00,-2.05,0.72,3.46,160.51,57.88,4.09
2026-03-02 07:38:00+00:00,-1.88,0.68,3.21,160.16,58.11,3.78
2026-03-02 07:39:00+00:00,-1.95,0.65,2.96,161.56,55.21,3.61
2026-03-02 07:40:00+00:00,-1.93,0.74,3.00,158.96,55.47,3.64
2026-03-02 07:41:00+00:00,-1.78,1.05,3.01,149.41,55.46,3.65
2026-03-02 07:42:00+00:00,-1.80,1.12,3.12,147.97,55.82,3.77
2026-03-02 07:43:00+00:00,-1.99,1.07,3.15,151.70,54.33,3.88
2026-03-02 07:44:00+00:00,-1.89,1.12,3.21,149.34,55.67,3.89
2026-03-02 07:45:00+00:00,-1.72,1.17,3.24,145.78,57.32,3.84
2026-03-02 07:46:00+00:00,-1.69,1.22,3.20,144.05,56.91,3.82
2026-03-02 07:47:00+00:00,-1.52,1.22,3.25,141.34,59.05,3.79
2026-03-02 07:48:00+00:00,-1.40,1.44,3.23,134.30,58.12,3.80
2026-03-02 07:49:00+00:00,-2.03,0.93,3.23,155.49,55.35,3.93
2026-03-02 07:50:00+00:00,-2.15,0.83,3.24,158.91,54.57,3.98
2026-03-02 07:51:00+00:00,-1.92,0.71,3.43,159.64,59.17,4.00
2026-03-02 07:52:00+00:00,-1.83,0.59,3.60,162.13,61.85,4.09
2026-03-02 07:53:00+00:00,-2.02,0.60,3.63,163.44,59.91,4.20
2026-03-02 07:54:00+00:00,-2.19,0.62,3.68,164.18,58.26,4.32
2026-03-02 07:55:00+00:00,-2.45,0.52,3.64,167.91,55.50,4.42
2026-03-02 07:56:00+00:00,-2.81,0.92,3.31,161.78,48.23,4.44
2026-03-02 07:57:00+00:00,-2.83,0.86,3.37,163.14,48.74,4.48
2026-03-02 07:58:00+00:00,-2.67,0.84,3.46,162.57,51.05,4.45
2026-03-02 07:59:00+00:00,-2.37,1.37,2.60,150.06,43.49,3.77
2026-03-02 08:00:00+00:00,-2.43,1.38,2.44,150.34,41.12,3.71
2026-03-02 08:01:00+00:00,-3.00,0.46,2.86,171.22,43.31,4.17
2026-03-02 08:02:00+00:00,-3.55,-1.63,2.47,204.62,32.26,4.62
2026-03-02 08:03:00+00:00,-3.85,-1.91,2.72,206.42,32.36,5.09
2026-03-02 08:04:00+00:00,-3.85,-1.91,2.64,206.42,31.59,5.05
2026-03-02 08:05:00+00:00,-3.75,-1.76,2.69,205.14,33.00,4.94
2026-03-02 08:06:00+00:00,-3.54,-1.88,2.53,207.97,32.21,4.74
2026-03-02 08:07:00+00:00,-3.68,-1.90,2.40,207.35,30.11,4.79
2026-03-02 08:08:00+00:00,-2.89,-2.17,2.68,216.95,36.58,4.50
2026-03-02 08:09:00+00:00,-2.86,-2.21,2.43,217.68,33.90,4.35
2026-03-02 08:10:00+00:00,-2.87,-2.02,2.15,215.14,31.41,4.12
2026-03-02 08:11:00+00:00,-2.82,-1.93,2.00,214.33,30.39,3.96
2026-03-02 08:12:00+00:00,-2.50,-2.52,1.88,225.24,27.93,4.01
2026-03-02 08:13:00+00:00,-2.73,-2.50,2.05,222.53,29.01,4.23
2026-03-02 08:14:00+00:00,-2.72,-2.50,2.03,222.55,28.86,4.21
2026-03-02 08:15:00+00:00,-2.73,-2.47,2.09,222.18,29.53,4.24
2026-03-02 08:16:00+00:00,-2.59,-2.52,2.14,224.15,30.64,4.20
2026-03-02 08:17:00+00:00,-2.46,-2.70,2.09,227.68,29.80,4.21
2026-03-02 08:18:00+00:00,-2.44,-2.67,2.07,227.59,29.73,4.17
2026-03-02 08:19:00+00:00,-2.40,-2.66,2.02,227.84,29.42,4.11
2026-03-02 08:20:00+00:00,-2.52,-2.62,1.98,226.14,28.58,4.14
2026-03-02 08:21:00+00:00,-2.41,-2.62,2.09,227.30,30.41,4.13
2026-03-02 08:22:00+00:00,-2.40,-2.80,2.00,229.48,28.43,4.19
2026-03-02 08:23:00+00:00,-2.41,-2.73,1.72,228.56,25.27,4.03
2026-03-02 08:24:00+00:00,-2.34,-2.68,1.64,228.91,24.80,3.92
2026-03-02 08:25:00+00:00,-2.16,-2.90,1.43,233.31,21.61,3.89
2026-03-02 08:26:00+00:00,-2.49,-2.40,1.48,223.96,23.22,3.77
2026-03-02 08:27:00+00:00,-2.68,-2.50,1.24,223.05,18.64,3.87
2026-03-02 08:28:00+00:00,-2.55,-2.90,1.46,228.67,20.67,4.13
2026-03-02 08:29:00+00:00,-2.75,-3.05,1.33,227.96,17.97,4.32
2026-03-02 08:30:00+00:00,-3.08,-2.63,1.62,220.50,21.72,4.37
2026-03-02 08:31:00+00:00,-3.36,-2.07,1.79,211.58,24.39,4.33
2026-03-02 08:32:00+00:00,-3.27,-2.09,1.63,212.57,22.79,4.21
2026-03-02 08:33:00+00:00,-2.84,-2.53,1.36,221.71,19.77,4.04
2026-03-02 08:34:00+00:00,-2.73,-2.47,1.48,222.16,21.86,3.97
2026-03-02 08:35:00+00:00,-2.97,-2.41,1.45,219.12,20.76,4.09
2026-03-02 08:36:00+00:00,-3.62,-2.92,1.24,218.90,14.92,4.81
2026-03-02 08:37:00+00:00,-3.57,-3.14,1.39,221.29,16.30,4.95
2026-03-02 08:38:00+00:00,-3.64,-3.15,1.18,220.84,13.82,4.96
2026-03-02 08:39:00+00:00,-3.68,-2.97,1.07,218.96,12.77,4.85
2026-03-02 08:40:00+00:00,-3.93,-2.68,0.72,214.31,8.57,4.82
2026-03-02 08:41:00+00:00,-3.95,-2.88,0.88,216.14,10.19,4.97
2026-03-02 08:42:00+00:00,-3.88,-2.85,1.01,216.29,11.80,4.91
2026-03-02 08:43:00+00:00,-3.89,-2.84,1.03,216.15,12.07,4.93
2026-03-02 08:44:00+00:00,-3.60,-2.71,0.95,216.93,11.85,4.61
2026-03-02 08:45:00+00:00,-3.54,-2.90,1.07,219.29,13.16,4.70
2026-03-02 08:46:00+00:00,-3.44,-2.95,1.47,220.66,17.95,4.77
2026-03-02 08:47:00+00:00,-3.41,-3.30,1.18,224.03,14.02,4.89
2026-03-02 08:48:00+00:00,-2.75,-3.13,0.04,228.75,0.56,4.17
2026-03-02 08:49:00+00:00,-2.13,-3.17,-0.76,236.09,-11.27,3.89
2026-03-02 08:50:00+00:00,-2.89,-3.35,0.13,229.17,1.63,4.43
2026-03-02 08:51:00+00:00,-2.89,-3.08,0.24,226.83,3.26,4.23
2026-03-02 08:52:00+00:00,-3.16,-3.02,0.76,223.70,9.87,4.44
2026-03-02 08:53:00+00:00,-3.29,-3.04,1.03,222.70,12.91,4.59
2026-03-02 08:54:00+00:00,-3.26,-2.93,1.24,221.92,15.76,4.56
2026-03-02 08:55:00+00:00,-3.56,-2.52,1.37,215.30,17.49,4.57
2026-03-02 08:56:00+00:00,-3.77,-1.86,1.57,206.28,20.52,4.49
2026-03-02 08:57:00+00:00,-3.72,-1.94,1.84,207.49,23.72,4.58
2026-03-02 08:58:00+00:00,-3.81,-1.74,2.11,204.55,26.80,4.69
2026-03-02 08:59:00+00:00,-3.92,-1.41,2.24,199.81,28.25,4.73
2026-03-02 09:00:00+00:00,-3.99,-1.24,2.21,197.21,27.89,4.73
2026-03-02 09:01:00+00:00,-3.93,-1.99,1.70,206.87,21.05,4.72
2026-03-02 09:02:00+00:00,-3.93,-2.26,1.55,209.92,18.92,4.79
2026-03-02 09:03:00+00:00,-3.92,-2.55,1.52,212.97,17.98,4.92
2026-03-02 09:04:00+00:00,-3.65,-2.76,1.15,217.07,14.04,4.72
2026-03-02 09:05:00+00:00,-3.48,-3.09,0.79,221.61,9.66,4.72
2026-03-02 09:06:00+00:00,-3.31,-3.52,0.66,226.77,7.83,4.88
2026-03-02 09:07:00+00:00,-3.50,-3.56,0.69,225.53,7.91,5.04
2026-03-02 09:08:00+00:00,-3.52,-3.51,0.91,224.88,10.41,5.05
2026-03-02 09:09:00+00:00,-3.33,-3.47,0.98,226.12,11.53,4.91
2026-03-02 09:10:00+00:00,-3.35,-3.35,1.03,225.00,12.31,4.85
2026-03-02 09:11:00+00:00,-3.11,-3.34,1.08,227.06,13.30,4.68
2026-03-02 09:12:00+00:00,-3.35,-3.18,0.79,223.53,9.66,4.69
2026-03-02 09:13:00+00:00,-3.51,-3.10,0.15,221.42,1.84,4.68
2026-03-02 09:14:00+00:00,-3.63,-3.02,0.41,219.79,5.00,4.74
2026-03-02 09:15:00+00:00,-3.78,-2.71,0.95,215.64,11.59,4.75
2026-03-02 09:16:00+00:00,-3.61,-2.94,0.78,219.16,9.58,4.72
2026-03-02 09:17:00+00:00,-3.16,-3.27,0.50,226.03,6.33,4.57
2026-03-02 09:18:00+00:00,-3.48,-2.93,0.87,220.13,10.86,4.63
2026-03-02 09:19:00+00:00,-3.31,-3.11,0.62,223.23,7.82,4.59
2026-03-02 09:20:00+00:00,-3.45,-3.10,0.84,222.01,10.29,4.71
2026-03-02 09:21:00+00:00,-3.70,-2.78,1.02,216.93,12.43,4.74
2026-03-02 09:22:00+00:00,-3.66,-2.59,1.42,215.28,17.61,4.70
2026-03-02 09:23:00+00:00,-3.58,-2.88,0.92,218.82,11.30,4.69
2026-03-02 09:24:00+00:00,-3.48,-3.02,0.69,220.97,8.46,4.66
2026-03-02 09:25:00+00:00,-3.65,-2.96,0.81,219.04,9.76,4.76
2026-03-02 09:26:00+00:00,-3.43,-3.13,0.59,222.35,7.23,4.68
2026-03-02 09:27:00+00:00,-2.96,-3.42,0.07,229.05,0.92,4.52
2026-03-02 09:28:00+00:00,-3.00,-3.29,-0.06,227.71,-0.72,4.45
2026-03-02 09:29:00+00:00,-3.26,-3.21,0.23,224.52,2.87,4.58
2026-03-02 09:30:00+00:00,-3.14,-3.04,0.40,224.04,5.28,4.39
2026-03-02 09:31:00+00:00,-2.86,-3.21,0.49,228.28,6.48,4.32
2026-03-02 09:32:00+00:00,-2.70,-3.30,0.65,230.71,8.68,4.31
2026-03-02 09:33:00+00:00,-2.64,-3.35,0.83,231.78,11.05,4.35
2026-03-02 09:34:00+00:00,-2.96,-3.14,0.28,226.74,3.66,4.33
2026-03-02 09:35:00+00:00,-3.29,-3.01,-0.02,222.45,-0.21,4.45
2026-03-02 09:36:00+00:00,-3.37,-3.13,-0.02,222.93,-0.26,4.60
2026-03-02 09:37:00+00:00,-3.09,-3.34,0.38,227.23,4.75,4.57
2026-03-02 09:38:00+00:00,-3.16,-3.44,0.22,227.42,2.66,4.68
2026-03-02 09:39:00+00:00,-3.03,-3.39,-0.11,228.16,-1.35,4.55
2026-03-02 09:40:00+00:00,-2.94,-3.51,-0.26,230.03,-3.27,4.59
2026-03-02 09:41:00+00:00,-2.91,-3.60,-0.08,231.03,-1.05,4.63
2026-03-02 09:42:00+00:00,-3.11,-3.73,0.12,230.18,1.36,4.85
2026-03-02 09:43:00+00:00,-3.33,-3.68,0.03,227.82,0.37,4.96
2026-03-02 09:44:00+00:00,-4.08,-3.27,0.61,218.66,6.63,5.26
2026-03-02 09:45:00+00:00,-4.11,-3.48,0.64,220.24,6.72,5.43
2026-03-02 09:46:00+00:00,-4.45,-3.35,0.31,216.96,3.17,5.58
2026-03-02 09:47:00+00:00,-4.47,-3.20,-0.03,215.61,-0.27,5.50
2026-03-02 09:48:00+00:00,-4.57,-3.09,0.10,214.03,1.05,5.52
2026-03-02 09:49:00+00:00,-4.52,-2.93,-0.02,212.94,-0.20,5.39
2026-03-02 09:50:00+00:00,-3.91,-3.55,0.50,222.19,5.45,5.31
2026-03-02 09:51:00+00:00,-3.62,-3.84,0.67,226.68,7.25,5.32
2026-03-02 09:52:00+00:00,-3.35,-3.90,0.55,229.29,6.06,5.17
2026-03-02 09:53:00+00:00,-3.07,-4.00,0.18,232.54,2.06,5.04
2026-03-02 09:54:00+00:00,-3.29,-3.95,0.27,230.20,2.95,5.15
2026-03-02 09:55:00+00:00,-3.16,-4.11,0.22,232.44,2.42,5.19
2026-03-02 09:56:00+00:00,-3.22,-4.02,0.34,231.26,3.73,5.16
2026-03-02 09:57:00+00:00,-2.96,-4.18,-0.20,234.70,-2.25,5.12
2026-03-02 09:58:00+00:00,-3.12,-4.33,0.12,234.24,1.33,5.34
2026-03-02 09:59:00+00:00,-3.24,-4.23,-0.06,232.53,-0.64,5.32
2026-03-02 10:00:00+00:00,-3.16,-4.14,-0.47,232.68,-5.13,5.23
2026-03-02 10:02:00+00:00,-2.53,-4.58,0.18,241.07,1.92,5.23
2026-03-02 10:03:00+00:00,-2.11,-4.78,-0.21,246.22,-2.25,5.23
2026-03-02 10:04:00+00:00,-2.09,-4.88,-0.31,246.85,-3.29,5.32
2026-03-02 10:05:00+00:00,-2.14,-4.85,-0.52,246.22,-5.56,5.33
2026-03-02 10:06:00+00:00,-2.42,-4.66,-0.59,242.59,-6.39,5.29
2026-03-02 10:07:00+00:00,-2.58,-4.65,-0.67,241.03,-7.21,5.36
2026-03-02 10:08:00+00:00,-2.55,-4.60,-0.88,240.96,-9.55,5.33
2026-03-02 10:09:00+00:00,-2.43,-4.55,-1.03,241.89,-11.29,5.26
2026-03-02 10:10:00+00:00,-2.35,-4.53,-1.06,242.53,-11.71,5.21
2026-03-02 10:11:00+00:00,-2.48,-4.61,-1.15,241.75,-12.39,5.36
2026-03-02 10:12:00+00:00,-2.59,-4.51,-0.93,240.12,-10.11,5.28
2026-03-02 10:13:00+00:00,-2.80,-4.00,-1.54,234.94,-17.56,5.12
2026-03-02 10:14:00+00:00,-2.87,-4.00,-1.45,234.37,-16.43,5.14
2026-03-02 10:15:00+00:00,-2.63,-4.29,-1.16,238.43,-12.99,5.16
2026-03-02 10:16:00+00:00,-2.52,-4.49,-0.51,240.74,-5.70,5.17
2026-03-02 10:17:00+00:00,-2.51,-4.34,-0.96,239.95,-10.85,5.10
2026-03-02 10:18:00+00:00,-3.35,-3.43,-1.31,225.72,-15.25,4.97
2026-03-02 10:19:00+00:00,-4.40,-2.15,-1.68,206.04,-18.94,5.17
2026-03-02 10:20:00+00:00,-3.73,-2.75,-1.09,216.45,-13.25,4.76
2026-03-02 10:21:00+00:00,-2.34,-3.71,0.33,237.73,4.25,4.40
2026-03-02 10:22:00+00:00,-2.61,-3.57,-0.09,233.84,-1.14,4.42
2026-03-02 10:23:00+00:00,-2.65,-3.53,-0.18,233.12,-2.39,4.41
2026-03-02 10:24:00+00:00,-2.34,-3.67,-0.75,237.44,-9.74,4.42
2026-03-02 10:25:00+00:00,-2.61,-3.87,-1.08,235.97,-13.07,4.79
2026-03-02 10:26:00+00:00,-1.92,-3.66,-1.47,242.34,-19.56,4.38
2026-03-02 10:27:00+00:00,-1.49,-3.67,-1.66,247.92,-22.75,4.30
2026-03-02 10:28:00+00:00,-1.78,-3.40,-1.87,242.34,-25.96,4.27
2026-03-02 10:29:00+00:00,-1.70,-3.31,-2.06,242.82,-28.90,4.25
2026-03-02 10:30:00+00:00,-1.84,-3.24,-2.05,240.39,-28.83,4.25
2026-03-02 10:31:00+00:00,-1.69,-3.22,-2.25,242.31,-31.80,4.27
2026-03-02 10:32:00+00:00,-1.81,-3.15,-2.29,240.15,-32.28,4.29
2026-03-02 10:33:00+00:00,-1.91,-2.84,-2.71,236.01,-38.36,4.37
2026-03-02 10:34:00+00:00,-1.97,-2.55,-2.96,232.24,-42.56,4.37
2026-03-02 10:35:00+00:00,-2.72,-3.12,-2.57,228.89,-31.82,4.87
2026-03-02 10:36:00+00:00,-2.44,-3.08,-2.66,231.63,-34.06,4.74
2026-03-02 10:37:00+00:00,-1.87,-2.92,-3.46,237.36,-44.98,4.90
2026-03-02 10:38:00+00:00,-1.95,-2.75,-3.67,234.72,-47.42,4.98
2026-03-02 10:39:00+00:00,-1.80,-2.41,-3.50,233.15,-49.31,4.61
2026-03-02 10:40:00+00:00,-1.73,-2.18,-3.59,231.51,-52.24,4.54
2026-03-02 10:41:00+00:00,-1.79,-2.58,-3.13,235.28,-44.96,4.43
2026-03-02 10:42:00+00:00,-1.59,-1.95,-3.83,230.82,-56.71,4.58
2026-03-02 10:43:00+00:00,-1.63,-1.49,-4.04,222.43,-61.36,4.60
2026-03-02 10:44:00+00:00,-2.25,-0.88,-4.31,201.45,-60.74,4.94
2026-03-02 10:45:00+00:00,-1.86,-0.87,-3.79,205.08,-61.56,4.31
2026-03-02 10:46:00+00:00,-1.75,-0.53,-3.23,196.91,-60.45,3.71
2026-03-02 10:47:00+00:00,-0.88,-2.58,0.22,251.20,4.57,2.74
2026-03-02 10:48:00+00:00,-0.52,-2.60,0.64,258.78,13.59,2.73
2026-03-02 10:49:00+00:00,-0.55,-2.73,-0.28,258.67,-5.68,2.80
2026-03-02 10:50:00+00:00,-0.52,-2.63,-0.70,258.89,-14.55,2.77
2026-03-02 10:51:00+00:00,-0.33,-2.95,-0.61,263.63,-11.63,3.03
2026-03-02 10:52:00+00:00,-0.42,-3.30,-0.55,262.77,-9.37,3.37
2026-03-02 10:53:00+00:00,-0.29,-3.02,-0.43,264.59,-8.13,3.06
2026-03-02 10:54:00+00:00,-0.37,-3.24,-1.14,263.53,-19.35,3.45
2026-03-02 10:55:00+00:00,0.28,-2.97,0.25,275.43,4.75,2.99
2026-03-02 10:56:00+00:00,0.83,-2.76,0.53,286.80,10.34,2.94
2026-03-02 10:57:00+00:00,0.03,-3.27,-1.80,270.58,-28.86,3.74
2026-03-02 10:58:00+00:00,-0.03,-3.67,-1.97,269.51,-28.25,4.16
2026-03-02 10:59:00+00:00,0.22,-3.62,-2.02,273.50,-29.11,4.15
2026-03-02 11:00:00+00:00,0.43,-3.39,-2.27,277.23,-33.60,4.10
2026-03-02 11:01:00+00:00,0.42,-2.30,-2.58,280.28,-47.77,3.48
2026-03-02 11:02:00+00:00,0.84,-0.70,-2.35,320.35,-65.07,2.59
2026-03-02 11:03:00+00:00,0.33,-1.60,-2.40,281.63,-55.84,2.91
2026-03-02 11:04:00+00:00,0.15,-2.14,-2.43,273.93,-48.62,3.24
2026-03-02 11:05:00+00:00,-0.03,-1.85,-2.21,268.96,-50.04,2.88
2026-03-02 11:06:00+00:00,-0.04,-1.21,-1.99,267.98,-58.70,2.33
2026-03-02 11:07:00+00:00,-0.21,-1.47,-1.84,261.74,-50.97,2.36
2026-03-02 11:08:00+00:00,-0.15,-1.41,-2.00,264.03,-54.75,2.45
2026-03-02 11:09:00+00:00,-0.32,-1.69,-1.97,259.09,-48.95,2.61
2026-03-02 11:10:00+00:00,-0.60,-2.25,-2.08,255.11,-41.75,3.12
2026-03-02 11:11:00+00:00,-0.86,-2.17,-2.42,248.50,-45.98,3.36
2026-03-02 11:12:00+00:00,-0.86,-1.98,-2.35,246.42,-47.40,3.19
2026-03-02 11:13:00+00:00,-0.88,-1.98,-2.55,245.90,-49.67,3.35
2026-03-02 11:14:00+00:00,-0.73,-2.14,-2.88,251.16,-51.86,3.66
2026-03-02 11:15:00+00:00,-0.71,-1.77,-2.57,248.12,-53.35,3.20
2026-03-02 11:16:00+00:00,-0.41,-1.76,-2.19,256.98,-50.41,2.84
2026-03-02 11:17:00+00:00,-0.49,-1.39,-2.57,250.72,-60.20,2.97
2026-03-02 11:18:00+00:00,-0.86,0.19,-1.70,167.54,-62.65,1.91
2026-03-02 11:19:00+00:00,-1.44,-0.14,-1.50,185.59,-46.02,2.08
2026-03-02 11:20:00+00:00,-0.63,-0.35,-1.40,209.31,-62.67,1.57
2026-03-02 11:21:00+00:00,-0.19,-0.25,-0.71,232.60,-66.31,0.78
2026-03-02 11:22:00+00:00,-0.15,-0.35,-0.74,246.63,-62.63,0.83
2026-03-02 11:23:00+00:00,0.66,-0.20,0.05,343.15,4.13,0.69
2026-03-02 11:24:00+00:00,0.44,-1.15,0.17,290.85,7.85,1.24
2026-03-02 11:25:00+00:00,0.39,-0.66,1.87,300.89,67.79,2.02
2026-03-02 11:26:00+00:00,0.83,-1.33,2.02,301.95,52.19,2.55
2026-03-02 11:27:00+00:00,0.61,-1.63,1.56,290.58,41.92,2.34
2026-03-02 11:28:00+00:00,0.16,-1.04,-2.30,278.73,-65.37,2.53
2026-03-02 11:29:00+00:00,-0.06,-0.69,-3.45,264.65,-78.64,3.52
2026-03-02 11:30:00+00:00,0.14,-0.36,-3.31,291.96,-83.38,3.33
2026-03-02 11:31:00+00:00,0.17,-0.11,-3.38,327.18,-86.59,3.39
2026-03-02 11:32:00+00:00,-0.32,-0.50,-3.80,237.29,-81.17,3.84
2026-03-02 11:33:00+00:00,-0.42,-0.04,-4.50,185.54,-84.62,4.52
2026-03-02 11:34:00+00:00,-0.16,0.22,-4.16,126.87,-86.25,4.16
2026-03-02 11:35:00+00:00,-0.35,0.89,-3.88,111.64,-76.16,3.99
2026-03-02 11:36:00+00:00,-0.10,0.58,-3.76,99.35,-81.14,3.80
2026-03-02 11:37:00+00:00,-0.23,0.86,-5.09,104.90,-80.11,5.16
2026-03-02 11:38:00+00:00,-0.15,0.80,-4.66,100.34,-80.12,4.73
2026-03-02 11:39:00+00:00,0.30,0.74,-3.60,67.79,-77.50,3.69
2026-03-02 11:40:00+00:00,1.33,1.50,-2.93,48.62,-55.63,3.55
2026-03-02 11:41:00+00:00,1.09,1.49,-1.72,53.82,-43.13,2.52
2026-03-02 11:42:00+00:00,1.50,0.92,-0.42,31.57,-13.33,1.81
2026-03-02 11:43:00+00:00,1.06,0.70,-0.80,33.36,-32.25,1.50
2026-03-02 11:44:00+00:00,1.09,0.29,0.09,14.79,4.52,1.13
2026-03-02 11:45:00+00:00,0.45,0.01,1.17,1.42,68.88,1.25
2026-03-02 11:46:00+00:00,0.65,0.11,1.72,9.50,68.96,1.84
2026-03-02 11:47:00+00:00,0.29,0.80,-1.60,70.17,-61.95,1.82
2026-03-02 11:48:00+00:00,0.05,1.23,-2.24,87.64,-61.20,2.56
2026-03-02 11:49:00+00:00,0.20,1.38,-2.27,81.55,-58.48,2.66
2026-03-02 11:50:00+00:00,0.07,1.05,-2.46,86.10,-66.80,2.68
2026-03-02 11:51:00+00:00,0.08,0.89,-2.25,85.13,-68.45,2.42
2026-03-02 11:52:00+00:00,0.16,1.27,-2.42,82.73,-62.21,2.74
2026-03-02 11:53:00+00:00,0.13,1.41,-1.97,84.53,-54.36,2.43
2026-03-02 11:54:00+00:00,0.55,2.53,-1.96,77.72,-37.11,3.25
2026-03-02 11:55:00+00:00,0.24,2.15,-1.87,83.66,-40.77,2.86
2026-03-02 11:56:00+00:00,-0.03,2.37,-0.95,90.75,-21.73,2.55
2026-03-02 11:57:00+00:00,-0.27,1.85,-1.41,98.42,-37.03,2.35
2026-03-02 11:58:00+00:00,-0.28,2.03,-1.32,97.97,-32.77,2.44
2026-03-02 11:59:00+00:00,-0.70,1.94,-0.71,109.89,-19.01,2.19
2026-03-02 12:00:00+00:00,-0.44,1.87,-0.91,103.32,-25.46,2.12
2026-03-02 12:01:00+00:00,-0.16,2.68,-0.82,93.34,-17.00,2.81
2026-03-02 12:02:00+00:00,0.37,2.41,-1.46,81.21,-30.89,2.84
2026-03-02 12:03:00+00:00,0.37,2.59,-1.49,81.80,-29.73,3.01
2026-03-02 12:04:00+00:00,0.15,2.80,-0.85,86.89,-16.87,2.93
2026-03-02 12:05:00+00:00,0.26,1.88,-0.67,82.09,-19.39,2.02
2026-03-02 12:06:00+00:00,0.90,1.67,-0.51,61.69,-15.01,1.96
2026-03-02 12:07:00+00:00,0.39,1.35,-0.03,73.83,-1.16,1.40
2026-03-02 12:08:00+00:00,-0.88,2.05,-0.46,113.24,-11.58,2.28
2026-03-02 12:09:00+00:00,-1.39,1.79,-0.27,127.84,-6.73,2.29
2026-03-02 12:10:00+00:00,-1.68,1.63,-0.45,135.89,-10.82,2.38
2026-03-02 12:11:00+00:00,-1.09,1.74,-0.14,122.09,-3.77,2.06
2026-03-02 12:12:00+00:00,-2.61,1.08,-0.15,157.60,-3.12,2.83
2026-03-02 12:13:00+00:00,-2.44,1.19,0.02,153.89,0.43,2.71
2026-03-02 12:14:00+00:00,-2.51,0.44,0.10,169.99,2.34,2.56
2026-03-02 12:15:00+00:00,-1.89,1.67,-0.47,138.48,-10.45,2.57
2026-03-02 12:16:00+00:00,0.42,1.35,-0.19,72.75,-7.70,1.43
2026-03-02 12:17:00+00:00,1.37,2.05,-0.38,56.34,-8.87,2.50
2026-03-02 12:18:00+00:00,1.40,1.95,-0.42,54.33,-9.82,2.44
2026-03-02 12:19:00+00:00,1.55,1.27,-0.33,39.35,-9.41,2.04
2026-03-02 12:20:00+00:00,1.26,1.54,-0.34,50.60,-9.69,2.02
2026-03-02 12:21:00+00:00,0.03,1.72,0.21,89.16,7.13,1.73
2026-03-02 12:22:00+00:00,-1.22,1.30,0.86,133.18,25.72,1.98
2026-03-02 12:23:00+00:00,-1.36,1.37,1.00,134.88,27.37,2.17
2026-03-02 12:24:00+00:00,-1.18,1.91,0.56,121.65,14.03,2.31
2026-03-02 12:25:00+00:00,-2.02,2.22,-0.45,132.38,-8.58,3.04
2026-03-02 12:26:00+00:00,-2.12,1.93,-0.57,137.67,-11.32,2.92
2026-03-02 12:27:00+00:00,-2.60,1.26,-0.68,154.18,-13.19,2.96
2026-03-02 12:28:00+00:00,-3.30,0.81,-0.48,166.18,-8.01,3.43
2026-03-02 12:29:00+00:00,-3.58,1.16,-0.34,162.10,-5.09,3.78
2026-03-02 12:30:00+00:00,-3.84,0.44,0.13,173.40,1.96,3.87
2026-03-02 12:31:00+00:00,-3.43,1.17,0.33,161.20,5.26,3.64
2026-03-02 12:32:00+00:00,-3.11,1.23,0.43,158.46,7.37,3.37
2026-03-02 12:33:00+00:00,-3.15,1.46,0.58,155.08,9.53,3.52
2026-03-02 12:34:00+00:00,-3.49,1.55,0.51,156.06,7.63,3.85
2026-03-02 12:35:00+00:00,-3.35,1.82,0.07,151.46,1.12,3.82
2026-03-02 12:36:00+00:00,-3.22,1.84,0.08,150.22,1.18,3.71
2026-03-02 12:37:00+00:00,-3.27,1.76,0.03,151.71,0.42,3.72
2026-03-02 12:38:00+00:00,-3.28,1.70,-0.51,152.61,-7.83,3.73
2026-03-02 12:39:00+00:00,-3.35,1.75,-0.91,152.45,-13.51,3.89
2026-03-02 12:40:00+00:00,-3.53,1.98,-0.83,150.79,-11.65,4.13
2026-03-02 12:41:00+00:00,-3.83,2.04,-0.86,151.93,-11.26,4.43
2026-03-02 12:42:00+00:00,-3.93,1.81,-1.13,155.26,-14.58,4.47
2026-03-02 12:43:00+00:00,-3.91,2.18,-1.16,150.87,-14.56,4.62
2026-03-02 12:44:00+00:00,-3.88,2.05,-1.50,152.09,-18.88,4.64
2026-03-02 12:45:00+00:00,-3.78,2.03,-1.64,151.72,-20.98,4.59
2026-03-02 12:46:00+00:00,-3.73,2.06,-1.76,151.17,-22.48,4.61
2026-03-02 12:47:00+00:00,-3.89,2.00,-2.08,152.81,-25.43,4.85
2026-03-02 12:48:00+00:00,-4.30,2.28,-1.46,152.05,-16.69,5.08
2026-03-02 12:49:00+00:00,-4.32,2.47,-1.12,150.27,-12.71,5.10
2026-03-02 12:50:00+00:00,-4.32,2.42,-1.61,150.75,-18.00,5.21
2026-03-02 12:51:00+00:00,-4.37,2.38,-1.52,151.39,-17.03,5.20
2026-03-02 12:52:00+00:00,-4.19,2.29,-1.85,151.33,-21.25,5.12
2026-03-02 12:53:00+00:00,-3.99,2.38,-1.94,149.23,-22.65,5.03
2026-03-02 12:54:00+00:00,-4.32,1.88,0.26,156.43,3.20,4.72
2026-03-02 12:55:00+00:00,-4.37,1.42,1.61,162.00,19.33,4.87
2026-03-02 12:56:00+00:00,-4.83,1.79,-0.10,159.66,-1.13,5.15
2026-03-02 12:57:00+00:00,-4.82,1.79,-0.51,159.61,-5.69,5.17
2026-03-02 12:58:00+00:00,-4.85,1.95,-0.09,158.12,-0.97,5.23
2026-03-02 12:59:00+00:00,-4.96,1.93,0.17,158.71,1.86,5.33
2026-03-02 13:00:00+00:00,-5.12,2.21,0.47,156.67,4.86,5.59
2026-03-02 13:01:00+00:00,-4.84,2.26,0.37,154.98,3.96,5.36
2026-03-02 13:02:00+00:00,-4.63,2.43,-0.10,152.32,-1.09,5.23
2026-03-02 13:03:00+00:00,-4.69,2.27,-0.03,154.15,-0.32,5.21
2026-03-02 13:04:00+00:00,-4.81,2.19,0.02,155.55,0.22,5.28
2026-03-02 13:05:00+00:00,-4.86,2.09,-0.03,156.77,-0.28,5.29
2026-03-02 13:06:00+00:00,-4.82,2.06,-0.06,156.85,-0.64,5.24
2026-03-02 13:07:00+00:00,-4.94,1.93,0.23,158.68,2.46,5.31
2026-03-02 13:08:00+00:00,-5.06,1.92,0.53,159.24,5.55,5.44
2026-03-02 13:09:00+00:00,-5.14,1.85,0.35,160.21,3.71,5.48
2026-03-02 13:10:00+00:00,-5.23,1.88,0.40,160.27,4.15,5.57
2026-03-02 13:11:00+00:00,-5.25,1.98,0.39,159.36,4.02,5.63
2026-03-02 13:12:00+00:00,-5.16,2.02,0.65,158.62,6.72,5.58
2026-03-02 13:13:00+00:00,-5.11,2.07,0.78,157.92,8.04,5.57
2026-03-02 13:14:00+00:00,-5.20,1.92,0.91,159.77,9.34,5.62
2026-03-02 13:15:00+00:00,-5.18,1.83,1.11,160.49,11.40,5.61
2026-03-02 13:16:00+00:00,-5.19,1.77,1.25,161.13,12.90,5.62
2026-03-02 13:17:00+00:00,-5.10,1.68,1.35,161.75,14.09,5.54
2026-03-02 13:18:00+00:00,-5.05,1.85,1.49,159.88,15.44,5.58
2026-03-02 13:19:00+00:00,-5.20,1.64,1.38,162.45,14.20,5.63
2026-03-02 13:20:00+00:00,-5.36,1.56,1.18,163.74,11.98,5.71
2026-03-02 13:21:00+00:00,-5.33,1.42,1.04,165.05,10.66,5.61
2026-03-02 13:22:00+00:00,-5.34,1.18,1.18,167.55,12.23,5.59
2026-03-02 13:23:00+00:00,-5.23,1.10,1.24,168.15,13.09,5.48
2026-03-02 13:24:00+00:00,-5.27,1.13,1.23,167.92,12.90,5.53
2026-03-02 13:25:00+00:00,-5.33,1.23,1.11,167.03,11.51,5.59
2026-03-02 13:26:00+00:00,-5.37,1.23,1.19,167.13,12.15,5.64
2026-03-02 13:27:00+00:00,-5.40,1.35,1.24,165.96,12.52,5.70
2026-03-02 13:28:00+00:00,-5.43,1.51,0.93,164.49,9.36,5.71
2026-03-02 13:29:00+00:00,-5.46,1.40,1.00,165.65,10.01,5.73
2026-03-02 13:30:00+00:00,-5.50,1.42,1.00,165.52,10.03,5.76
2026-03-02 13:31:00+00:00,-5.64,1.51,0.93,165.04,9.07,5.91
2026-03-02 13:32:00+00:00,-5.56,1.56,0.96,164.34,9.39,5.85
2026-03-02 13:33:00+00:00,-5.56,1.47,0.93,165.22,9.16,5.82
2026-03-02 13:34:00+00:00,-5.68,1.43,0.87,165.87,8.46,5.92
2026-03-02 13:35:00+00:00,-5.56,1.52,1.00,164.69,9.87,5.86
2026-03-02 13:36:00+00:00,-5.57,1.54,1.07,164.50,10.52,5.88
2026-03-02 13:37:00+00:00,-5.55,1.47,1.00,165.11,9.89,5.83
2026-03-02 13:38:00+00:00,-5.57,1.49,1.11,165.03,10.87,5.87
2026-03-02 13:39:00+00:00,-5.65,1.50,1.09,165.18,10.58,5.95
2026-03-02 13:40:00+00:00,-5.65,1.51,1.18,165.07,11.43,5.96
2026-03-02 13:41:00+00:00,-5.62,1.52,1.23,164.89,11.94,5.95
2026-03-02 13:42:00+00:00,-5.70,1.36,1.22,166.55,11.79,5.99
2026-03-02 13:43:00+00:00,-5.71,1.37,1.18,166.52,11.40,5.99
2026-03-02 13:44:00+00:00,-5.68,1.34,1.15,166.70,11.17,5.95
2026-03-02 13:45:00+00:00,-5.59,1.36,1.26,166.36,12.34,5.88
2026-03-02 13:46:00+00:00,-5.68,1.36,1.11,166.53,10.72,5.94
2026-03-02 13:47:00+00:00,-5.56,1.28,0.95,167.06,9.44,5.78
2026-03-02 13:48:00+00:00,-5.54,1.22,1.01,167.60,10.07,5.76
2026-03-02 13:49:00+00:00,-5.48,0.97,0.99,169.93,10.11,5.66
2026-03-02 13:50:00+00:00,-5.43,0.93,0.95,170.31,9.78,5.59
2026-03-02 13:51:00+00:00,-5.56,1.08,1.12,169.00,11.21,5.77
2026-03-02 13:52:00+00:00,-5.43,1.02,1.01,169.38,10.40,5.62
2026-03-02 13:53:00+00:00,-5.42,0.92,0.97,170.35,9.99,5.58
2026-03-02 13:54:00+00:00,-5.46,0.90,1.03,170.66,10.57,5.63
2026-03-02 13:55:00+00:00,-5.48,0.91,1.06,170.61,10.77,5.66
2026-03-02 13:56:00+00:00,-5.47,0.90,1.09,170.64,11.12,5.65
2026-03-02 13:57:00+00:00,-5.43,0.95,1.12,170.05,11.46,5.62
2026-03-02 13:58:00+00:00,-5.49,0.83,1.13,171.41,11.46,5.67
2026-03-02 13:59:00+00:00,-5.66,0.79,1.14,172.01,11.31,5.82
2026-03-02 14:00:00+00:00,-5.52,0.73,1.12,172.48,11.40,5.68
2026-03-02 14:01:00+00:00,-5.50,0.68,1.16,172.94,11.83,5.66
2026-03-02 14:02:00+00:00,-5.58,0.98,1.14,169.99,11.40,5.78
2026-03-02 14:03:00+00:00,-5.69,1.11,1.10,168.92,10.76,5.90
2026-03-02 14:04:00+00:00,-5.67,1.04,1.09,169.60,10.69,5.87
2026-03-02 14:05:00+00:00,-5.70,1.04,1.10,169.71,10.74,5.90
2026-03-02 14:06:00+00:00,-5.77,0.97,1.07,170.46,10.34,5.95
2026-03-02 14:07:00+00:00,-5.49,1.59,1.08,163.88,10.70,5.82
2026-03-02 14:08:00+00:00,-5.45,1.49,1.05,164.72,10.49,5.74
2026-03-02 14:09:00+00:00,-5.56,1.22,1.00,167.61,10.00,5.78
2026-03-02 14:10:00+00:00,-5.77,1.04,1.07,169.82,10.35,5.96
2026-03-02 14:11:00+00:00,-5.83,1.09,1.07,169.46,10.27,6.03
2026-03-02 14:12:00+00:00,-5.81,1.12,1.07,169.12,10.29,6.01
2026-03-02 14:13:00+00:00,-5.70,1.29,1.05,167.29,10.18,5.94
2026-03-02 14:14:00+00:00,-5.73,1.25,1.07,167.70,10.34,5.96
2026-03-02 14:15:00+00:00,-5.79,0.82,1.16,171.97,11.26,5.96
2026-03-02 14:16:00+00:00,-5.72,0.78,1.24,172.28,12.15,5.91
2026-03-02 14:17:00+00:00,-5.65,1.01,1.14,169.82,11.23,5.85
2026-03-02 14:18:00+00:00,-5.68,1.29,1.09,167.22,10.55,5.93
2026-03-02 14:19:00+00:00,-5.44,1.37,1.15,165.90,11.54,5.73
2026-03-02 14:20:00+00:00,-5.37,1.52,1.17,164.24,11.88,5.70
2026-03-02 14:21:00+00:00,-5.23,1.52,1.17,163.75,12.11,5.57
2026-03-02 14:22:00+00:00,-5.36,1.43,1.19,165.01,12.09,5.67
2026-03-02 14:23:00+00:00,-5.29,1.60,1.35,163.12,13.71,5.69
2026-03-02 14:24:00+00:00,-5.29,1.66,1.43,162.62,14.50,5.73
2026-03-02 14:25:00+00:00,-5.25,1.75,1.41,161.52,14.32,5.71
2026-03-02 14:26:00+00:00,-5.36,1.70,1.37,162.39,13.68,5.79
2026-03-02 14:27:00+00:00,-5.28,1.68,1.38,162.33,14.02,5.72
2026-03-02 14:28:00+00:00,-5.18,1.66,1.40,162.20,14.47,5.62
2026-03-02 14:29:00+00:00,-5.12,1.61,1.34,162.57,14.06,5.53
2026-03-02 14:30:00+00:00,-5.10,1.62,1.36,162.35,14.30,5.52
2026-03-02 14:31:00+00:00,-5.13,1.57,1.36,162.97,14.19,5.53
2026-03-02 14:32:00+00:00,-5.25,1.60,1.39,163.09,14.21,5.66
2026-03-02 14:33:00+00:00,-5.23,1.58,1.46,163.17,14.96,5.66
2026-03-02 14:34:00+00:00,-5.27,1.57,1.24,163.46,12.68,5.64
2026-03-02 14:35:00+00:00,-5.36,1.66,1.30,162.79,13.05,5.76
2026-03-02 14:36:00+00:00,-5.33,1.74,1.40,161.96,14.01,5.77
2026-03-02 14:37:00+00:00,-5.46,1.73,1.41,162.44,13.84,5.90
2026-03-02 14:38:00+00:00,-5.39,1.80,1.38,161.52,13.61,5.85
2026-03-02 14:39:00+00:00,-5.31,1.94,1.49,159.88,14.80,5.85
2026-03-02 14:40:00+00:00,-5.47,1.92,1.42,160.68,13.79,5.96
2026-03-02 14:41:00+00:00,-5.40,1.97,1.32,159.99,12.94,5.90
2026-03-02 14:42:00+00:00,-5.46,1.82,1.32,161.56,12.92,5.91
2026-03-02 14:43:00+00:00,-5.58,1.10,1.15,168.81,11.43,5.80
2026-03-02 14:44:00+00:00,-5.74,1.17,1.00,168.46,9.67,5.95
2026-03-02 14:45:00+00:00,-5.76,1.32,1.05,167.05,10.09,6.00
2026-03-02 14:46:00+00:00,-5.66,1.27,1.08,167.34,10.52,5.90
2026-03-02 14:47:00+00:00,-5.68,1.06,1.10,169.46,10.83,5.88
2026-03-02 14:48:00+00:00,-5.63,1.07,1.23,169.22,12.11,5.86
2026-03-02 14:49:00+00:00,-5.41,1.07,1.13,168.82,11.61,5.63
2026-03-02 14:50:00+00:00,-5.41,0.97,1.28,169.82,13.08,5.64
2026-03-02 14:51:00+00:00,-5.50,0.97,1.30,170.00,13.09,5.74
2026-03-02 14:52:00+00:00,-5.39,0.87,1.33,170.81,13.71,5.62
2026-03-02 14:53:00+00:00,-5.38,0.94,1.34,170.12,13.77,5.62
2026-03-02 14:54:00+00:00,-5.43,1.07,1.25,168.82,12.69,5.68
2026-03-02 14:55:00+00:00,-5.39,1.57,0.98,163.82,9.86,5.70
2026-03-02 14:56:00+00:00,-5.47,1.77,0.82,162.07,8.16,5.81
2026-03-02 14:57:00+00:00,-5.57,1.43,0.98,165.60,9.71,5.84
2026-03-02 14:58:00+00:00,-5.52,1.40,1.06,165.81,10.55,5.80
2026-03-02 14:59:00+00:00,-5.53,1.51,1.03,164.72,10.23,5.82
2026-03-02 15:00:00+00:00,-5.41,1.60,1.07,163.57,10.74,5.74
2026-03-02 15:01:00+00:00,-5.55,1.84,1.04,161.66,10.11,5.94
2026-03-02 15:02:00+00:00,-5.47,1.71,0.92,162.66,9.10,5.80
2026-03-02 15:03:00+00:00,-5.40,1.74,0.79,162.11,7.92,5.73
2026-03-02 15:04:00+00:00,-5.58,1.91,0.96,161.06,9.26,5.98
2026-03-02 15:05:00+00:00,-5.59,2.04,0.94,159.90,8.96,6.02
2026-03-02 15:06:00+00:00,-5.52,2.24,0.80,157.92,7.67,6.01
2026-03-02 15:07:00+00:00,-5.62,1.75,0.74,162.73,7.17,5.93
2026-03-02 15:08:00+00:00,-5.59,1.82,0.65,161.98,6.35,5.91
2026-03-02 15:09:00+00:00,-5.47,2.02,0.75,159.74,7.32,5.88
2026-03-02 15:10:00+00:00,-5.54,2.14,0.69,158.91,6.64,5.97
2026-03-02 15:11:00+00:00,-5.50,2.07,0.61,159.42,5.89,5.91
2026-03-02 15:12:00+00:00,-5.45,2.05,0.61,159.37,5.97,5.86
2026-03-02 15:13:00+00:00,-5.53,1.85,0.68,161.56,6.65,5.87
2026-03-02 15:14:00+00:00,-5.51,1.81,0.73,161.79,7.18,5.85
2026-03-02 15:15:00+00:00,-5.52,1.86,0.68,161.35,6.61,5.86
2026-03-02 15:16:00+00:00,-5.43,1.81,0.61,161.53,6.08,5.75
2026-03-02 15:17:00+00:00,-5.47,1.10,0.48,168.58,4.95,5.60
2026-03-02 15:18:00+00:00,-5.60,0.82,0.20,171.65,2.05,5.66
2026-03-02 15:19:00+00:00,-5.54,0.99,0.17,169.84,1.74,5.63
2026-03-02 15:20:00+00:00,-5.57,0.64,0.28,173.41,2.84,5.62
2026-03-02 15:21:00+00:00,-5.60,0.57,0.20,174.18,2.05,5.64
2026-03-02 15:22:00+00:00,-5.55,0.37,0.40,176.15,4.15,5.58
2026-03-02 15:23:00+00:00,-5.53,0.33,0.33,176.59,3.42,5.55
2026-03-02 15:24:00+00:00,-5.44,0.82,-0.16,171.44,-1.63,5.50
2026-03-02 15:25:00+00:00,-5.43,0.59,-0.19,173.85,-2.03,5.47
2026-03-02 15:26:00+00:00,-5.43,0.27,0.33,177.11,3.52,5.44
2026-03-02 15:27:00+00:00,-5.42,0.15,0.68,178.38,7.19,5.46
2026-03-02 15:28:00+00:00,-5.40,0.29,0.38,176.90,4.06,5.43
2026-03-02 15:29:00+00:00,-5.36,0.38,0.21,175.90,2.27,5.38
2026-03-02 15:30:00+00:00,-5.29,0.36,0.03,176.14,0.29,5.30
2026-03-02 15:31:00+00:00,-5.28,-0.01,0.20,180.09,2.19,5.28
2026-03-02 15:32:00+00:00,-5.11,-0.28,0.91,183.10,10.06,5.20
2026-03-02 15:33:00+00:00,-5.02,-0.30,0.85,183.45,9.61,5.10
2026-03-02 15:34:00+00:00,-4.94,-0.24,1.11,182.75,12.64,5.06
2026-03-02 15:35:00+00:00,-4.57,1.45,0.01,162.43,0.07,4.80
2026-03-02 15:36:00+00:00,-4.58,1.35,0.09,163.53,1.13,4.78
2026-03-02 15:37:00+00:00,-4.35,1.71,0.00,158.50,-0.02,4.67
2026-03-02 15:38:00+00:00,-4.36,1.60,-0.21,159.83,-2.65,4.65
2026-03-02 15:39:00+00:00,-4.33,1.55,-0.27,160.36,-3.37,4.61
2026-03-02 15:40:00+00:00,-4.53,1.08,0.38,166.54,4.68,4.67
2026-03-02 15:41:00+00:00,-4.88,0.31,0.95,176.33,11.03,4.98
2026-03-02 15:42:00+00:00,-4.93,0.62,1.07,172.89,12.20,5.09
2026-03-02 15:43:00+00:00,-4.84,0.72,1.09,171.57,12.53,5.01
2026-03-02 15:44:00+00:00,-4.74,0.84,-0.13,169.97,-1.52,4.82
2026-03-02 15:45:00+00:00,-4.59,1.10,-0.07,166.53,-0.85,4.72
2026-03-02 15:46:00+00:00,-4.83,0.85,0.30,169.96,3.56,4.91
2026-03-02 15:47:00+00:00,-5.13,0.85,0.47,170.55,5.12,5.22
2026-03-02 15:48:00+00:00,-4.99,0.73,0.53,171.73,6.05,5.07
2026-03-02 15:49:00+00:00,-5.05,0.75,0.49,171.51,5.48,5.13
2026-03-02 15:50:00+00:00,-4.93,1.20,0.24,166.36,2.69,5.08
2026-03-02 15:51:00+00:00,-5.03,1.22,0.26,166.31,2.91,5.18
2026-03-02 15:52:00+00:00,-5.03,1.19,0.11,166.69,1.17,5.17
2026-03-02 15:53:00+00:00,-5.16,1.03,0.27,168.70,2.96,5.27
2026-03-02 15:54:00+00:00,-5.00,1.06,0.29,168.06,3.27,5.12
2026-03-02 15:55:00+00:00,-4.95,1.16,0.31,166.85,3.50,5.10
2026-03-02 15:56:00+00:00,-4.84,1.29,0.21,165.07,2.40,5.01
2026-03-02 15:57:00+00:00,-4.83,0.70,0.40,171.71,4.73,4.90
2026-03-02 15:58:00+00:00,-4.81,-0.78,0.60,189.19,6.97,4.91
2026-03-02 16:00:00+00:00,-4.26,-1.32,1.05,197.27,13.23,4.58
2026-03-02 16:02:00+00:00,-4.14,-0.84,0.74,191.42,9.88,4.28
2026-03-02 16:03:00+00:00,-4.26,-0.81,0.78,190.73,10.22,4.41
2026-03-02 16:04:00+00:00,-4.18,-0.79,0.77,190.66,10.27,4.33
2026-03-02 16:08:00+00:00,-4.46,-0.44,1.15,185.62,14.38,4.63
2026-03-02 16:09:00+00:00,-4.78,-0.38,1.35,184.55,15.79,4.98
2026-03-02 16:10:00+00:00,-4.94,-0.29,1.76,183.34,19.62,5.25
2026-03-02 16:11:00+00:00,-5.02,-0.28,1.82,183.14,19.90,5.35
2026-03-02 16:12:00+00:00,-5.14,-0.31,1.86,183.47,19.83,5.48
2026-03-02 16:13:00+00:00,-5.06,-0.44,1.85,185.02,20.04,5.41
2026-03-02 16:14:00+00:00,-5.14,-0.55,1.72,186.10,18.45,5.45
2026-03-02 16:15:00+00:00,-5.21,-0.43,1.76,184.68,18.58,5.52
2026-03-02 16:16:00+00:00,-5.15,-0.43,1.84,184.76,19.63,5.49
2026-03-02 16:17:00+00:00,-5.02,-0.50,1.76,185.69,19.23,5.35
2026-03-02 16:18:00+00:00,-4.97,-0.37,1.80,184.24,19.83,5.30
2026-03-02 16:19:00+00:00,-4.92,-0.42,1.83,184.85,20.36,5.27
2026-03-02 16:20:00+00:00,-4.15,-0.44,1.64,186.09,21.45,4.48
2026-03-02 16:21:00+00:00,-3.62,-0.41,1.57,186.41,23.29,3.96
2026-03-02 16:22:00+00:00,-3.92,-0.27,1.61,183.98,22.32,4.25
2026-03-02 16:23:00+00:00,-3.65,-0.22,1.83,183.44,26.57,4.09
2026-03-02 16:24:00+00:00,-4.09,-0.45,1.95,186.30,25.36,4.55
2026-03-02 16:25:00+00:00,-3.89,-0.24,1.64,183.53,22.87,4.23
2026-03-02 16:26:00+00:00,-3.52,-0.13,1.32,182.18,20.58,3.76
2026-03-02 16:27:00+00:00,-4.05,-0.28,2.04,183.96,26.68,4.55
2026-03-02 16:28:00+00:00,-4.12,-0.26,1.84,183.57,24.03,4.52
2026-03-02 16:29:00+00:00,-4.19,-0.27,1.65,183.66,21.39,4.51
2026-03-02 16:30:00+00:00,-3.84,-0.28,1.63,184.13,22.98,4.19
2026-03-02 16:31:00+00:00,-3.01,-0.27,1.96,185.10,32.99,3.60
2026-03-02 16:32:00+00:00,-3.25,-0.34,1.82,186.04,29.12,3.74
2026-03-02 16:33:00+00:00,-3.36,-0.31,1.73,185.32,27.18,3.79
2026-03-02 16:34:00+00:00,-2.86,-0.51,2.00,190.14,34.46,3.53
2026-03-02 16:35:00+00:00,-2.91,-0.32,2.08,186.23,35.46,3.59
2026-03-02 16:36:00+00:00,-3.09,0.45,1.86,171.73,30.72,3.63
2026-03-02 16:37:00+00:00,-3.90,-0.34,1.82,184.97,24.96,4.31
2026-03-02 16:38:00+00:00,-4.60,-1.17,1.95,194.33,22.33,5.13
2026-03-02 16:39:00+00:00,-4.32,-1.23,1.89,195.83,22.78,4.87
2026-03-02 16:40:00+00:00,-4.08,-1.00,1.86,193.80,23.88,4.59
2026-03-02 16:41:00+00:00,-3.84,-1.21,1.90,197.43,25.21,4.45
2026-03-02 16:42:00+00:00,-3.69,-0.68,1.71,190.47,24.49,4.12
2026-03-02 16:43:00+00:00,-4.35,0.58,1.74,172.34,21.69,4.72
2026-03-02 16:44:00+00:00,-4.53,0.53,1.70,173.28,20.49,4.87
2026-03-02 16:45:00+00:00,-4.52,0.79,1.50,170.14,18.15,4.82
2026-03-02 16:46:00+00:00,-4.32,0.58,1.36,172.34,17.31,4.56
2026-03-02 16:47:00+00:00,-4.52,0.47,1.44,174.08,17.55,4.76
2026-03-02 16:48:00+00:00,-4.70,0.44,1.39,174.66,16.38,4.92
2026-03-02 16:49:00+00:00,-5.01,0.48,1.16,174.58,13.00,5.17
2026-03-02 16:50:00+00:00,-5.28,0.21,1.28,177.69,13.66,5.44
2026-03-02 16:51:00+00:00,-5.25,0.14,1.31,178.47,14.05,5.41
2026-03-02 16:52:00+00:00,-5.34,0.05,1.30,179.51,13.70,5.50
2026-03-02 16:53:00+00:00,-5.34,-0.08,1.25,180.84,13.13,5.48
2026-03-02 16:54:00+00:00,-5.38,-0.09,1.28,180.92,13.38,5.53
2026-03-02 16:55:00+00:00,-5.19,0.13,1.34,178.55,14.49,5.36
2026-03-02 16:56:00+00:00,-5.18,0.01,1.36,179.91,14.67,5.35
2026-03-02 16:57:00+00:00,-5.13,0.12,1.48,178.62,16.08,5.34
2026-03-02 16:58:00+00:00,-4.93,0.14,1.18,178.33,13.50,5.07
2026-03-02 16:59:00+00:00,-4.44,0.00,1.24,180.04,15.60,4.61
2026-03-02 17:00:00+00:00,-4.31,0.01,1.28,179.88,16.49,4.49
2026-03-02 17:01:00+00:00,-4.36,0.15,1.30,178.02,16.55,4.56
2026-03-02 17:02:00+00:00,-4.56,0.14,1.15,178.25,14.21,4.70
2026-03-02 17:03:00+00:00,-4.42,0.02,0.99,179.76,12.64,4.53
2026-03-02 17:04:00+00:00,-3.62,0.12,1.07,178.13,16.51,3.78
2026-03-02 17:05:00+00:00,-3.53,-0.02,1.04,180.29,16.49,3.68
2026-03-02 17:06:00+00:00,-3.64,-0.09,1.06,181.41,16.30,3.79
2026-03-02 17:07:00+00:00,-3.78,0.03,1.28,179.50,18.78,3.99
2026-03-02 17:08:00+00:00,-4.23,0.26,1.04,176.50,13.75,4.37
2026-03-02 17:09:00+00:00,-4.27,0.22,0.84,177.05,11.12,4.36
2026-03-02 17:10:00+00:00,-4.40,0.22,0.91,177.20,11.63,4.50
2026-03-02 17:11:00+00:00,-4.68,0.19,0.88,177.69,10.62,4.76
2026-03-02 17:12:00+00:00,-4.39,0.18,0.85,177.71,10.95,4.47
2026-03-02 17:13:00+00:00,-4.42,0.10,0.81,178.67,10.41,4.49
2026-03-02 17:14:00+00:00,-4.21,0.11,0.88,178.54,11.86,4.30
2026-03-02 17:15:00+00:00,-3.84,0.20,0.87,176.96,12.80,3.94
2026-03-02 17:16:00+00:00,-3.98,0.25,1.00,176.35,14.14,4.11
2026-03-02 17:17:00+00:00,-3.82,0.21,1.14,176.92,16.60,3.99
2026-03-02 17:18:00+00:00,-3.76,0.17,1.11,177.47,16.41,3.93
2026-03-02 17:19:00+00:00,-3.93,0.49,0.82,172.91,11.67,4.05
2026-03-02 17:20:00+00:00,-4.02,0.62,0.60,171.29,8.35,4.11
2026-03-02 17:21:00+00:00,-4.05,0.54,0.62,172.43,8.58,4.14
2026-03-02 17:22:00+00:00,-4.20,0.38,0.62,174.84,8.41,4.26
2026-03-02 17:23:00+00:00,-4.28,0.17,0.64,177.67,8.55,4.33
2026-03-02 17:24:00+00:00,-4.02,0.17,0.69,177.63,9.71,4.08
2026-03-02 17:25:00+00:00,-4.17,0.19,0.70,177.38,9.45,4.23
2026-03-02 17:26:00+00:00,-4.16,0.17,0.60,177.67,8.26,4.21
2026-03-02 17:27:00+00:00,-4.36,0.15,0.59,177.99,7.74,4.40
2026-03-02 17:28:00+00:00,-4.25,0.15,0.54,178.03,7.29,4.29
2026-03-02 17:29:00+00:00,-4.25,0.11,0.63,178.51,8.41,4.30
2026-03-02 17:30:00+00:00,-4.13,0.11,0.67,178.52,9.14,4.18
2026-03-02 17:31:00+00:00,-4.16,0.10,0.61,178.56,8.37,4.20
2026-03-02 17:32:00+00:00,-4.18,0.03,0.55,179.52,7.49,4.22
2026-03-02 17:33:00+00:00,-4.15,0.01,0.51,179.92,6.95,4.18
2026-03-02 17:34:00+00:00,-4.23,-0.06,0.52,180.81,6.95,4.26
2026-03-02 17:35:00+00:00,-4.34,0.00,0.68,179.96,8.96,4.40
2026-03-02 17:36:00+00:00,-4.58,-0.03,0.82,180.37,10.15,4.65
2026-03-02 17:37:00+00:00,-4.35,-0.10,0.61,181.35,8.01,4.39
2026-03-02 17:38:00+00:00,-4.42,-0.13,0.66,181.68,8.51,4.48
2026-03-02 17:39:00+00:00,-4.43,-0.23,0.77,182.95,9.79,4.50
2026-03-02 17:40:00+00:00,-4.70,-0.44,0.62,185.32,7.46,4.76
2026-03-02 17:41:00+00:00,-5.20,-0.46,0.81,185.09,8.82,5.29
2026-03-02 17:42:00+00:00,-5.15,-0.40,0.97,184.40,10.59,5.26
2026-03-02 17:43:00+00:00,-5.17,-0.47,0.87,185.22,9.56,5.27
2026-03-02 17:44:00+00:00,-4.96,-0.65,0.31,187.51,3.53,5.02
2026-03-02 17:45:00+00:00,-5.06,-0.52,0.30,185.81,3.32,5.10
2026-03-02 17:46:00+00:00,-4.26,-0.50,0.28,186.64,3.75,4.30
2026-03-02 17:47:00+00:00,-4.48,-0.61,0.32,187.70,4.00,4.53
2026-03-02 17:48:00+00:00,-4.86,-0.47,1.28,185.54,14.68,5.05
2026-03-02 17:49:00+00:00,-4.81,-0.67,0.98,187.92,11.39,4.95
2026-03-02 17:50:00+00:00,-4.75,-0.88,0.67,190.55,7.94,4.88
2026-03-02 17:51:00+00:00,-4.78,-0.57,0.92,186.82,10.81,4.90
2026-03-02 17:52:00+00:00,-4.80,-0.75,0.97,188.88,11.33,4.96
2026-03-02 17:53:00+00:00,-5.06,-0.88,0.87,189.84,9.60,5.21
2026-03-02 17:54:00+00:00,-5.31,-1.07,-0.02,191.38,-0.21,5.42
2026-03-02 17:55:00+00:00,-5.33,-0.92,0.24,189.75,2.51,5.41
2026-03-02 17:56:00+00:00,-5.42,-0.99,0.25,190.40,2.56,5.52
2026-03-02 17:57:00+00:00,-5.50,-0.88,0.37,189.06,3.82,5.58
2026-03-02 17:58:00+00:00,-5.45,-0.81,0.37,188.43,3.79,5.53
2026-03-02 17:59:00+00:00,-5.45,-0.78,0.37,188.13,3.87,5.52
2026-03-02 18:00:00+00:00,-5.47,-0.78,0.29,188.13,2.99,5.53
2026-03-02 18:01:00+00:00,-5.42,-0.72,0.56,187.59,5.86,5.50
2026-03-02 18:02:00+00:00,-5.44,-0.74,0.45,187.75,4.69,5.51
2026-03-02 18:03:00+00:00,-5.43,-0.80,0.35,188.40,3.69,5.50
2026-03-02 18:04:00+00:00,-5.36,-0.75,0.33,187.94,3.52,5.42
2026-03-02 18:05:00+00:00,-5.45,-0.74,0.43,187.76,4.43,5.52
2026-03-02 18:06:00+00:00,-5.30,-1.00,0.27,190.67,2.82,5.39
2026-03-02 18:07:00+00:00,-5.28,-0.84,0.30,189.01,3.25,5.35
2026-03-02 18:08:00+00:00,-5.15,-1.06,0.08,191.67,0.87,5.25
2026-03-02 18:09:00+00:00,-5.00,-1.21,-0.06,193.64,-0.70,5.14
2026-03-02 18:10:00+00:00,-5.22,-1.01,-0.02,190.99,-0.20,5.32
2026-03-02 18:11:00+00:00,-5.25,-0.72,0.09,187.80,1.00,5.30
2026-03-02 18:12:00+00:00,-5.26,-0.88,-0.01,189.44,-0.13,5.34
2026-03-02 18:13:00+00:00,-5.28,-0.88,0.06,189.46,0.60,5.35
2026-03-02 18:14:00+00:00,-5.32,-0.98,0.03,190.40,0.35,5.41
2026-03-02 18:15:00+00:00,-5.49,-0.96,-0.23,189.94,-2.41,5.57
2026-03-02 18:16:00+00:00,-5.34,-1.04,-0.27,191.05,-2.84,5.45
2026-03-02 18:17:00+00:00,-5.22,-1.04,-0.21,191.25,-2.23,5.33
2026-03-02 18:18:00+00:00,-5.32,-0.92,0.04,189.84,0.40,5.40
2026-03-02 18:19:00+00:00,-5.43,-0.93,-0.33,189.72,-3.40,5.52
2026-03-02 18:20:00+00:00,-5.26,-0.88,-0.44,189.48,-4.76,5.35
2026-03-02 18:21:00+00:00,-5.37,-0.94,-0.77,189.93,-8.01,5.50
2026-03-02 18:22:00+00:00,-5.41,-1.14,-0.65,191.87,-6.68,5.57
2026-03-02 18:23:00+00:00,-5.36,-1.24,-0.42,193.01,-4.41,5.52
2026-03-02 18:24:00+00:00,-5.20,-1.78,-0.52,198.87,-5.36,5.52
2026-03-02 18:25:00+00:00,-5.44,-1.29,-0.36,193.37,-3.71,5.61
2026-03-02 18:26:00+00:00,-5.41,-1.29,-0.40,193.43,-4.15,5.58
2026-03-02 18:27:00+00:00,-5.50,-1.35,-0.30,193.82,-3.03,5.67
2026-03-02 18:28:00+00:00,-5.43,-1.42,-0.25,194.70,-2.54,5.61
2026-03-02 18:29:00+00:00,-5.34,-1.60,-0.34,196.65,-3.51,5.58
2026-03-02 18:30:00+00:00,-5.32,-1.72,-0.36,197.91,-3.73,5.61
2026-03-02 18:31:00+00:00,-5.21,-1.87,-0.35,199.74,-3.59,5.54
2026-03-02 18:32:00+00:00,-5.25,-1.79,-0.40,198.82,-4.12,5.56
2026-03-02 18:33:00+00:00,-5.28,-1.73,-0.39,198.19,-4.06,5.57
2026-03-02 18:34:00+00:00,-5.26,-1.73,-0.41,198.19,-4.22,5.55
2026-03-02 18:35:00+00:00,-5.16,-1.81,-0.44,199.30,-4.60,5.48
2026-03-02 18:36:00+00:00,-5.20,-1.91,-0.41,200.20,-4.26,5.56
2026-03-02 18:37:00+00:00,-5.33,-1.44,-0.45,195.08,-4.63,5.54
2026-03-02 18:38:00+00:00,-5.34,-1.68,-0.45,197.46,-4.56,5.61
2026-03-02 18:39:00+00:00,-5.28,-1.81,-0.18,198.89,-1.88,5.58
2026-03-02 18:40:00+00:00,-5.37,-0.58,-0.23,186.21,-2.43,5.41
2026-03-02 18:41:00+00:00,-5.42,-0.31,-0.25,183.30,-2.64,5.43
2026-03-02 18:42:00+00:00,-5.35,-0.76,-0.20,188.09,-2.14,5.41
2026-03-02 18:43:00+00:00,-5.32,-1.02,-0.25,190.84,-2.67,5.43
2026-03-02 18:44:00+00:00,-5.05,-1.59,-0.23,197.50,-2.46,5.30
2026-03-02 18:45:00+00:00,-5.05,-1.54,-0.47,196.98,-5.13,5.30
2026-03-02 18:46:00+00:00,-5.05,-1.35,-0.40,194.92,-4.43,5.24
2026-03-02 18:47:00+00:00,-5.12,-1.33,-0.27,194.51,-2.93,5.30
2026-03-02 18:48:00+00:00,-5.28,-1.08,0.17,191.56,1.82,5.40
2026-03-02 18:49:00+00:00,-5.38,-0.92,0.09,189.74,0.90,5.46
2026-03-02 18:50:00+00:00,-5.42,-0.69,0.10,187.23,1.08,5.46
2026-03-02 18:51:00+00:00,-5.41,-0.62,-0.09,186.54,-0.91,5.45
2026-03-02 18:52:00+00:00,-5.49,-0.67,-0.03,186.95,-0.35,5.53
2026-03-02 18:53:00+00:00,-5.44,-0.90,-0.17,189.37,-1.80,5.52
2026-03-02 18:54:00+00:00,-5.31,-1.29,-0.33,193.67,-3.47,5.48
2026-03-02 18:55:00+00:00,-5.40,-1.15,-0.05,192.03,-0.54,5.52
2026-03-02 18:56:00+00:00,-5.47,-0.73,0.30,187.57,3.13,5.52
2026-03-02 18:57:00+00:00,-5.45,-0.75,0.40,187.85,4.13,5.52
2026-03-02 18:58:00+00:00,-5.27,-0.91,0.28,189.80,3.02,5.35
2026-03-02 18:59:00+00:00,-5.26,-1.20,0.02,192.87,0.25,5.39
2026-03-02 19:00:00+00:00,-5.10,-1.36,-0.35,194.89,-3.77,5.28
2026-03-02 19:01:00+00:00,-5.04,-1.27,0.46,194.18,5.01,5.22
2026-03-02 19:02:00+00:00,-4.16,-0.78,1.31,190.67,17.18,4.43
2026-03-02 19:03:00+00:00,-3.94,-0.94,1.38,193.46,18.79,4.28
2026-03-02 19:04:00+00:00,-3.93,-1.09,1.32,195.53,17.91,4.28
2026-03-02 19:05:00+00:00,-3.90,-1.25,1.29,197.78,17.43,4.29
2026-03-02 19:06:00+00:00,-3.98,-0.86,1.44,192.24,19.47,4.31
2026-03-02 19:07:00+00:00,-4.04,-0.64,1.21,189.01,16.51,4.27
2026-03-02 19:08:00+00:00,-4.05,-0.37,1.17,185.24,16.08,4.24
2026-03-02 19:09:00+00:00,-4.04,-0.16,1.30,182.29,17.76,4.25
2026-03-02 19:10:00+00:00,-3.96,-0.30,1.52,184.30,20.93,4.25
2026-03-02 19:11:00+00:00,-3.92,-0.35,1.58,185.07,21.95,4.24
2026-03-02 19:12:00+00:00,-3.91,-0.33,1.46,184.88,20.43,4.19
2026-03-02 19:13:00+00:00,-3.96,-0.20,1.48,182.95,20.50,4.24
2026-03-02 19:14:00+00:00,-3.95,0.07,1.66,178.96,22.80,4.29
2026-03-02 19:15:00+00:00,-3.79,0.68,1.81,169.89,25.14,4.25
2026-03-02 19:16:00+00:00,-3.79,0.12,1.70,178.12,24.17,4.16
2026-03-02 19:17:00+00:00,-3.84,-0.70,1.41,190.40,19.93,4.15
2026-03-02 19:18:00+00:00,-3.74,-1.26,1.30,198.61,18.27,4.15
2026-03-02 19:19:00+00:00,-3.76,-1.32,1.23,199.31,17.11,4.16
2026-03-02 19:20:00+00:00,-3.70,-0.93,1.52,194.08,21.70,4.10
2026-03-02 19:21:00+00:00,-3.73,-0.57,1.37,188.72,20.04,4.01
2026-03-02 19:22:00+00:00,-3.50,-0.93,1.15,194.91,17.66,3.80
2026-03-02 19:23:00+00:00,-2.57,-1.16,0.73,204.32,14.43,2.91
2026-03-02 19:24:00+00:00,-2.37,-1.39,0.64,210.34,13.15,2.82
2026-03-02 19:25:00+00:00,-2.63,-1.40,0.71,207.98,13.36,3.07
2026-03-02 19:26:00+00:00,-2.42,-1.39,0.60,209.95,12.05,2.85
2026-03-02 19:27:00+00:00,-2.72,-1.38,0.89,206.80,16.21,3.18
2026-03-02 19:28:00+00:00,-2.70,-1.21,0.81,204.24,15.33,3.07
2026-03-02 19:29:00+00:00,-2.77,-1.15,0.86,202.67,15.97,3.12
2026-03-02 19:30:00+00:00,-2.67,-1.06,0.83,201.62,16.06,2.99
2026-03-02 19:31:00+00:00,-2.74,-1.02,0.81,200.50,15.52,3.03
2026-03-02 19:32:00+00:00,-2.99,-0.57,0.98,190.80,17.90,3.20
2026-03-02 19:33:00+00:00,-3.04,-0.66,0.97,192.31,17.36,3.26
2026-03-02 19:34:00+00:00,-2.87,-0.86,1.02,196.73,18.87,3.17
2026-03-02 19:35:00+00:00,-2.65,-0.92,0.87,199.18,17.17,2.94
2026-03-02 19:36:00+00:00,-2.44,-0.31,1.31,187.22,28.09,2.79
2026-03-02 19:37:00+00:00,-1.62,0.65,1.77,158.18,45.40,2.49
2026-03-02 19:38:00+00:00,-2.08,0.52,1.68,165.82,38.11,2.72
2026-03-02 19:39:00+00:00,-2.66,-0.80,0.86,196.82,17.19,2.91
2026-03-02 19:40:00+00:00,-1.64,-2.00,-0.79,230.65,-17.06,2.71
2026-03-02 19:41:00+00:00,-0.66,-2.13,-1.52,252.67,-34.33,2.70
2026-03-02 19:42:00+00:00,-0.04,-2.30,-2.05,269.08,-41.72,3.08
2026-03-02 19:43:00+00:00,-0.10,-1.85,-1.70,266.98,-42.54,2.52
2026-03-02 19:44:00+00:00,-0.16,-2.03,-2.05,265.50,-45.18,2.89
2026-03-02 19:45:00+00:00,0.15,-2.01,-2.21,274.17,-47.60,2.99
2026-03-02 19:46:00+00:00,-0.04,-2.13,-2.11,268.98,-44.76,3.00
2026-03-02 19:47:00+00:00,-0.23,-2.27,-1.81,264.15,-38.41,2.92
2026-03-02 19:48:00+00:00,-0.35,-2.53,-2.02,262.20,-38.30,3.25
2026-03-02 19:49:00+00:00,-0.28,-2.67,-2.17,264.11,-38.90,3.45
2026-03-02 19:50:00+00:00,-0.34,-2.19,-1.71,261.23,-37.73,2.80
2026-03-02 19:51:00+00:00,-0.12,-2.42,-2.26,267.07,-43.01,3.32
2026-03-02 19:52:00+00:00,-0.04,-2.87,-2.67,269.30,-42.88,3.92
2026-03-02 19:53:00+00:00,-0.07,-3.52,-2.97,268.87,-40.10,4.61
2026-03-02 19:54:00+00:00,-0.14,-3.39,-3.11,267.59,-42.56,4.60
2026-03-02 19:55:00+00:00,-0.22,-3.08,-3.17,265.89,-45.75,4.43
2026-03-02 19:56:00+00:00,-0.40,-3.45,-3.14,263.44,-42.11,4.68
2026-03-02 19:57:00+00:00,-0.30,-3.69,-3.17,265.29,-40.56,4.87
2026-03-02 19:58:00+00:00,-0.42,-3.81,-3.21,263.76,-39.93,5.00
2026-03-02 19:59:00+00:00,-0.23,-3.34,-3.61,266.13,-47.24,4.92
2026-03-02 20:00:00+00:00,-0.50,-3.69,-3.25,262.22,-41.05,4.94
2026-03-02 20:01:00+00:00,-1.11,-3.95,-2.77,254.25,-33.97,4.95
2026-03-02 20:02:00+00:00,-1.03,-3.99,-2.65,255.54,-32.80,4.90
2026-03-02 20:03:00+00:00,-1.06,-4.08,-2.62,255.43,-31.85,4.96
2026-03-02 20:04:00+00:00,-1.25,-4.38,-2.65,254.11,-30.22,5.27
2026-03-02 20:05:00+00:00,-1.41,-4.46,-2.44,252.50,-27.49,5.27
2026-03-02 20:06:00+00:00,-1.62,-4.19,-2.78,248.82,-31.69,5.28
2026-03-02 20:07:00+00:00,-1.59,-4.18,-2.80,249.10,-32.09,5.28
2026-03-02 20:08:00+00:00,-1.93,-4.23,-2.60,245.49,-29.24,5.32
2026-03-02 20:09:00+00:00,-2.21,-4.19,-2.51,242.15,-27.93,5.36
2026-03-02 20:10:00+00:00,-2.13,-4.35,-2.45,243.90,-26.86,5.43
2026-03-02 20:11:00+00:00,-2.22,-4.66,-2.11,244.49,-22.20,5.58
2026-03-02 20:12:00+00:00,-2.17,-4.64,-2.19,244.94,-23.14,5.57
2026-03-02 20:13:00+00:00,-2.48,-4.36,-1.99,240.33,-21.65,5.40
2026-03-02 20:14:00+00:00,-2.15,-4.06,-2.24,242.03,-25.96,5.11
2026-03-02 20:15:00+00:00,-2.61,-4.10,-1.71,237.52,-19.41,5.15
2026-03-02 20:16:00+00:00,-3.09,-3.82,-1.61,230.98,-18.09,5.17
2026-03-02 20:17:00+00:00,-2.78,-3.77,-1.95,233.66,-22.60,5.08
2026-03-02 20:18:00+00:00,-2.72,-4.27,-1.15,237.50,-12.81,5.19
2026-03-02 20:19:00+00:00,-2.77,-3.97,-0.69,235.08,-8.14,4.89
2026-03-02 20:20:00+00:00,-2.56,-3.82,-0.77,236.15,-9.53,4.67
2026-03-02 20:21:00+00:00,-2.80,-3.59,-0.31,231.99,-3.86,4.56
2026-03-02 20:22:00+00:00,-2.86,-3.74,-0.43,232.53,-5.19,4.73
2026-03-02 20:23:00+00:00,-2.69,-3.89,-0.14,235.36,-1.74,4.73
2026-03-02 20:24:00+00:00,-2.45,-3.90,-0.01,237.87,-0.15,4.61
2026-03-02 20:25:00+00:00,-2.65,-3.09,-0.99,229.43,-13.64,4.19
2026-03-02 20:26:00+00:00,-2.52,-3.09,-0.89,230.81,-12.55,4.09
2026-03-02 20:27:00+00:00,-2.45,-3.08,-0.81,231.47,-11.67,4.02
2026-03-02 20:28:00+00:00,-2.15,-2.10,-0.68,224.28,-12.80,3.08
2026-03-02 20:29:00+00:00,-2.04,-1.67,-1.63,219.20,-31.75,3.10
2026-03-02 20:30:00+00:00,-2.18,-1.64,-1.62,216.90,-30.69,3.17
2026-03-02 20:31:00+00:00,-2.99,-1.48,-0.80,206.40,-13.56,3.43
2026-03-02 20:32:00+00:00,-3.29,-1.25,-0.52,200.80,-8.35,3.56
2026-03-02 20:33:00+00:00,-3.20,-0.66,0.30,191.66,5.31,3.28
2026-03-02 20:34:00+00:00,-3.07,-0.76,0.62,193.87,11.11,3.22
2026-03-02 20:35:00+00:00,-3.81,0.03,-0.29,179.48,-4.35,3.83
2026-03-02 20:36:00+00:00,-4.10,-0.02,0.06,180.21,0.87,4.10
2026-03-02 20:37:00+00:00,-3.97,-0.11,0.77,181.53,10.97,4.05
2026-03-02 20:38:00+00:00,-3.79,0.07,1.02,178.98,15.05,3.93
2026-03-02 20:39:00+00:00,-3.85,0.31,1.31,175.35,18.73,4.07
2026-03-02 20:40:00+00:00,-3.84,0.52,1.31,172.31,18.61,4.09
2026-03-02 20:41:00+00:00,-4.23,-0.09,0.77,181.18,10.31,4.30
2026-03-02 20:42:00+00:00,-4.06,0.12,0.97,178.37,13.45,4.17
2026-03-02 20:43:00+00:00,-3.99,0.25,1.10,176.41,15.33,4.15
2026-03-02 20:44:00+00:00,-4.01,0.46,1.45,173.42,19.73,4.29
2026-03-02 20:45:00+00:00,-3.91,0.42,1.51,173.89,21.02,4.22
2026-03-02 20:46:00+00:00,-4.03,0.72,1.07,169.85,14.72,4.23
2026-03-02 20:47:00+00:00,-3.94,0.81,1.28,168.45,17.65,4.22
2026-03-02 20:48:00+00:00,-3.91,0.83,1.61,167.97,21.99,4.31
2026-03-02 20:49:00+00:00,-3.89,0.87,1.51,167.40,20.75,4.26
2026-03-02 20:50:00+00:00,-3.78,0.80,1.40,168.07,19.89,4.11
2026-03-02 20:51:00+00:00,-3.64,0.62,1.35,170.32,20.13,3.94
2026-03-02 20:52:00+00:00,-3.76,0.85,1.10,167.21,15.95,4.01
2026-03-02 20:53:00+00:00,-3.88,0.97,0.85,165.92,11.97,4.09
2026-03-02 20:54:00+00:00,-3.80,1.05,0.66,164.54,9.51,4.00
2026-03-02 20:55:00+00:00,-3.69,1.32,0.51,160.26,7.42,3.95
2026-03-02 20:56:00+00:00,-3.71,1.29,0.19,160.83,2.71,3.93
2026-03-02 20:57:00+00:00,-3.58,1.14,-0.24,162.28,-3.69,3.76
2026-03-02 20:58:00+00:00,-3.52,1.04,0.10,163.49,1.52,3.67
2026-03-02 20:59:00+00:00,-3.22,0.93,0.90,163.85,15.02,3.47
2026-03-02 21:00:00+00:00,-2.95,0.60,1.34,168.51,23.99,3.30
2026-03-02 21:01:00+00:00,-3.23,0.63,1.03,168.96,17.44,3.45
2026-03-02 21:02:00+00:00,-3.21,0.66,0.90,168.33,15.38,3.40
2026-03-02 21:03:00+00:00,-3.06,0.58,1.13,169.29,19.94,3.31
2026-03-02 21:04:00+00:00,-3.40,0.43,0.25,172.82,4.14,3.44
2026-03-02 21:05:00+00:00,-3.43,0.36,0.51,173.96,8.33,3.49
2026-03-02 21:06:00+00:00,-3.34,0.18,0.65,176.96,10.93,3.41
2026-03-02 21:07:00+00:00,-3.26,0.42,0.91,172.70,15.47,3.41
2026-03-02 21:08:00+00:00,-3.26,0.41,0.97,172.92,16.50,3.43
2026-03-02 21:09:00+00:00,-3.27,0.59,1.19,169.75,19.76,3.53
2026-03-02 21:10:00+00:00,-2.90,0.55,1.75,169.24,30.60,3.43
2026-03-02 21:11:00+00:00,-3.07,0.92,1.63,163.33,26.99,3.60
2026-03-02 21:12:00+00:00,-3.02,1.06,1.67,160.63,27.52,3.61
2026-03-02 21:13:00+00:00,-2.96,0.68,2.02,167.10,33.63,3.65
2026-03-02 21:14:00+00:00,-2.79,0.72,1.76,165.57,31.36,3.38
2026-03-02 21:15:00+00:00,-3.03,0.99,1.94,161.90,31.32,3.73
2026-03-02 21:16:00+00:00,-3.23,1.39,1.79,156.78,26.99,3.95
2026-03-02 21:17:00+00:00,-3.03,1.42,1.98,154.90,30.62,3.89
2026-03-02 21:18:00+00:00,-2.93,1.04,2.10,160.49,34.01,3.76
2026-03-02 21:19:00+00:00,-2.91,1.18,2.24,157.94,35.52,3.86
2026-03-02 21:20:00+00:00,-3.34,1.23,2.76,159.71,37.81,4.50
2026-03-02 21:21:00+00:00,-3.53,1.32,2.52,159.45,33.74,4.53
2026-03-02 21:22:00+00:00,-3.37,1.89,2.50,150.76,32.97,4.60
2026-03-02 21:23:00+00:00,-3.63,2.86,2.64,141.81,29.79,5.32
2026-03-02 21:24:00+00:00,-3.56,2.97,2.67,140.14,30.01,5.35
2026-03-02 21:25:00+00:00,-3.14,2.86,2.60,137.64,31.47,4.98
2026-03-02 21:26:00+00:00,-2.20,2.93,2.27,126.92,31.79,4.32
2026-03-02 21:27:00+00:00,-3.77,2.85,2.50,142.88,27.88,5.34
2026-03-02 21:28:00+00:00,-3.99,2.98,2.68,143.26,28.29,5.66
2026-03-02 21:29:00+00:00,-3.99,3.02,2.70,142.85,28.33,5.69
2026-03-02 21:30:00+00:00,-4.10,3.05,2.69,143.35,27.72,5.77
2026-03-02 21:31:00+00:00,-4.10,3.17,2.74,142.24,27.85,5.86
2026-03-02 21:32:00+00:00,-4.10,2.93,2.38,144.45,25.32,5.57
2026-03-02 21:33:00+00:00,-4.11,2.84,2.47,145.33,26.29,5.58
2026-03-02 21:34:00+00:00,-4.15,2.76,2.45,146.40,26.14,5.55
2026-03-02 21:35:00+00:00,-4.28,2.87,2.69,146.15,27.61,5.81
2026-03-02 21:36:00+00:00,-4.09,2.94,3.03,144.27,30.98,5.88
2026-03-02 21:37:00+00:00,-4.09,2.96,3.14,144.09,31.87,5.94
2026-03-02 21:38:00+00:00,-3.95,2.87,3.12,144.04,32.55,5.79
2026-03-02 21:39:00+00:00,-3.62,3.29,3.09,137.77,32.24,5.79
2026-03-02 21:40:00+00:00,-3.94,2.90,3.16,143.59,32.83,5.82
2026-03-02 21:41:00+00:00,-3.85,2.73,3.28,144.65,34.80,5.75
2026-03-02 21:42:00+00:00,-3.78,2.88,3.37,142.71,35.35,5.83
2026-03-02 21:43:00+00:00,-3.95,2.76,3.62,145.08,36.94,6.03
2026-03-02 21:44:00+00:00,-3.68,3.27,3.30,138.38,33.82,5.92
2026-03-02 21:45:00+00:00,-3.60,3.06,3.77,139.65,38.61,6.04
2026-03-02 21:46:00+00:00,-3.78,2.74,3.73,144.06,38.59,5.97
2026-03-02 21:47:00+00:00,-3.63,2.59,3.25,144.56,36.04,5.52
2026-03-02 21:48:00+00:00,-3.40,2.59,3.35,142.76,38.11,5.43
2026-03-02 21:49:00+00:00,-3.43,2.46,3.27,144.40,37.79,5.34
2026-03-02 21:50:00+00:00,-3.95,2.65,3.44,146.15,35.94,5.87
2026-03-02 21:51:00+00:00,-3.99,2.82,3.59,144.71,36.28,6.06
2026-03-02 21:52:00+00:00,-3.94,2.70,3.58,145.54,36.84,5.97
2026-03-02 21:53:00+00:00,-3.89,2.90,3.40,143.28,35.08,5.92
2026-03-02 21:54:00+00:00,-3.87,2.90,3.32,143.16,34.52,5.87
2026-03-02 21:55:00+00:00,-3.78,2.98,3.08,141.74,32.59,5.72
2026-03-02 21:56:00+00:00,-3.70,3.06,3.07,140.42,32.53,5.70
2026-03-02 21:57:00+00:00,-3.59,3.23,2.94,138.03,31.35,5.66
2026-03-02 21:58:00+00:00,-4.49,2.09,3.89,155.07,38.15,6.30
2026-03-02 22:00:00+00:00,-4.67,1.85,3.84,158.40,37.42,6.32
2026-03-02 22:01:00+00:00,-4.77,2.23,3.56,154.96,34.03,6.35
2026-03-02 22:02:00+00:00,-4.88,2.00,3.61,157.72,34.38,6.38
2026-03-02 22:03:00+00:00,-4.86,1.81,3.73,159.62,35.69,6.39
2026-03-02 22:04:00+00:00,-4.78,1.85,3.79,158.89,36.48,6.37
2026-03-02 22:05:00+00:00,-4.91,1.95,3.61,158.32,34.37,6.40
2026-03-02 22:06:00+00:00,-4.90,2.03,3.62,157.52,34.28,6.42
2026-03-02 22:07:00+00:00,-4.90,2.22,3.68,155.67,34.40,6.52
2026-03-02 22:08:00+00:00,-4.80,2.16,3.76,155.83,35.53,6.47
2026-03-02 22:09:00+00:00,-4.81,2.09,3.72,156.53,35.37,6.43
2026-03-02 22:10:00+00:00,-4.72,2.06,3.86,156.38,36.84,6.43
2026-03-02 22:11:00+00:00,-4.70,1.93,4.06,157.65,38.66,6.50
2026-03-02 22:12:00+00:00,-4.84,1.91,3.81,158.46,36.24,6.45
2026-03-02 22:13:00+00:00,-4.78,1.78,3.78,159.59,36.58,6.35
2026-03-02 22:14:00+00:00,-4.88,1.86,3.66,159.11,35.02,6.38
2026-03-02 22:15:00+00:00,-4.92,2.03,3.42,157.58,32.71,6.32
2026-03-02 22:16:00+00:00,-4.54,1.84,3.78,157.97,37.68,6.19
2026-03-02 22:17:00+00:00,-4.43,1.88,3.97,157.01,39.56,6.24
2026-03-02 22:18:00+00:00,-4.49,1.94,3.76,156.62,37.49,6.17
2026-03-02 22:19:00+00:00,-4.52,1.92,3.54,156.92,35.81,6.05
2026-03-02 22:20:00+00:00,-4.42,1.84,3.52,157.38,36.33,5.95
2026-03-02 22:21:00+00:00,-4.49,1.82,3.40,157.88,35.02,5.92
2026-03-02 22:22:00+00:00,-4.36,2.00,3.37,155.32,35.10,5.86
2026-03-02 22:23:00+00:00,-4.32,2.16,3.39,153.49,35.08,5.90
2026-03-02 22:24:00+00:00,-4.41,1.83,3.33,157.50,34.86,5.82
2026-03-02 22:25:00+00:00,-4.38,1.81,3.30,157.55,34.84,5.78
2026-03-02 22:26:00+00:00,-4.53,1.96,3.32,156.55,33.97,5.95
2026-03-02 22:27:00+00:00,-4.63,2.03,3.45,156.29,34.31,6.12
2026-03-02 22:28:00+00:00,-4.57,1.94,3.46,157.06,34.87,6.05
2026-03-02 22:29:00+00:00,-4.71,2.02,3.04,156.75,30.70,5.96
2026-03-02 22:30:00+00:00,-4.64,2.14,2.97,155.19,30.18,5.91
2026-03-02 22:31:00+00:00,-4.54,2.10,2.88,155.14,29.90,5.77
2026-03-02 22:32:00+00:00,-4.21,1.88,2.88,155.90,32.00,5.43
2026-03-02 22:33:00+00:00,-4.31,1.98,2.91,155.32,31.55,5.57
2026-03-02 22:34:00+00:00,-4.36,1.95,3.15,155.88,33.38,5.72
2026-03-02 22:35:00+00:00,-3.99,2.28,3.51,150.28,37.41,5.78
2026-03-02 22:36:00+00:00,-3.77,2.41,3.84,147.40,40.66,5.90
2026-03-02 22:37:00+00:00,-3.42,2.62,4.03,142.53,43.08,5.90
2026-03-02 22:38:00+00:00,-3.33,2.43,4.46,143.82,47.25,6.07
2026-03-02 22:39:00+00:00,-3.09,1.93,4.93,147.96,53.53,6.13
2026-03-02 22:40:00+00:00,-3.21,1.68,5.08,152.34,54.52,6.24
2026-03-02 22:41:00+00:00,-3.25,1.73,4.85,152.04,52.83,6.09
2026-03-02 22:42:00+00:00,-3.65,1.68,4.64,155.26,49.08,6.14
2026-03-02 22:43:00+00:00,-3.78,1.52,4.37,158.03,47.01,5.97
2026-03-02 22:44:00+00:00,-3.67,2.13,3.29,149.87,37.83,5.37
2026-03-02 22:45:00+00:00,-3.86,2.56,2.85,146.41,31.62,5.44
2026-03-02 22:46:00+00:00,-3.90,2.65,3.32,145.86,35.13,5.77
2026-03-02 22:47:00+00:00,-3.92,2.45,3.16,147.99,34.35,5.59
2026-03-02 22:48:00+00:00,-3.34,1.08,4.03,162.00,48.94,5.34
2026-03-02 22:49:00+00:00,-3.14,0.21,4.78,176.18,56.64,5.73
2026-03-02 22:50:00+00:00,-3.20,1.03,4.97,162.20,55.97,6.00
2026-03-02 22:51:00+00:00,-3.90,1.44,5.08,159.71,50.65,6.57
2026-03-02 22:52:00+00:00,-4.52,2.79,4.04,148.29,37.27,6.67
2026-03-02 22:53:00+00:00,-4.52,2.86,3.59,147.69,33.86,6.44
2026-03-02 22:54:00+00:00,-4.01,2.60,3.63,147.07,37.26,6.00
2026-03-02 22:55:00+00:00,-3.37,1.83,4.94,151.47,52.20,6.25
2026-03-02 22:56:00+00:00,-3.26,2.19,5.01,146.07,51.90,6.36
2026-03-02 22:57:00+00:00,-3.60,2.58,4.39,144.35,44.73,6.23
2026-03-02 22:58:00+00:00,-3.74,3.06,3.83,140.69,38.39,6.16
2026-03-02 22:59:00+00:00,-3.89,2.64,4.08,145.79,40.98,6.23
2026-03-02 23:00:00+00:00,-4.15,2.27,3.84,151.36,39.04,6.09
2026-03-02 23:01:00+00:00,-4.19,2.15,4.01,152.78,40.39,6.18
2026-03-02 23:02:00+00:00,-3.80,2.24,4.10,149.51,42.91,6.02
2026-03-02 23:03:00+00:00,-3.67,2.25,4.33,148.48,45.11,6.11
2026-03-02 23:04:00+00:00,-3.65,2.37,4.43,146.97,45.51,6.21
2026-03-02 23:05:00+00:00,-3.57,2.50,4.35,144.93,44.93,6.16
2026-03-02 23:06:00+00:00,-3.18,2.47,4.37,142.13,47.31,5.95
2026-03-02 23:07:00+00:00,-3.63,2.03,3.16,150.78,37.25,5.22
2026-03-02 23:08:00+00:00,-3.23,2.00,2.91,148.23,37.39,4.79
2026-03-02 23:09:00+00:00,-2.28,0.45,-1.57,168.90,-34.01,2.80
2026-03-02 23:10:00+00:00,-2.20,-1.80,-4.86,219.26,-59.69,5.63
2026-03-02 23:11:00+00:00,-1.38,-2.57,-4.69,241.77,-58.07,5.52
2026-03-02 23:12:00+00:00,-1.45,0.09,-5.52,176.27,-75.28,5.71
2026-03-02 23:13:00+00:00,-2.14,-0.27,-5.37,187.31,-68.12,5.78
2026-03-02 23:14:00+00:00,-3.50,0.59,-4.49,170.51,-51.69,5.72
2026-03-02 23:15:00+00:00,-3.88,2.27,-3.61,149.71,-38.74,5.77
2026-03-02 23:16:00+00:00,-4.00,3.82,-0.99,136.35,-10.16,5.62
2026-03-02 23:17:00+00:00,-4.25,3.42,-0.41,141.16,-4.33,5.47
2026-03-02 23:18:00+00:00,-1.74,1.38,6.00,141.51,69.72,6.40
2026-03-02 23:19:00+00:00,-2.82,2.78,7.43,135.40,61.99,8.42
2026-03-02 23:20:00+00:00,-2.74,2.55,7.47,137.06,63.42,8.35
2026-03-02 23:21:00+00:00,-2.46,2.04,6.47,140.24,63.72,7.22
2026-03-02 23:22:00+00:00,-2.50,2.09,5.74,140.07,60.42,6.59
2026-03-02 23:23:00+00:00,-2.31,1.55,6.28,146.14,66.09,6.87
2026-03-02 23:24:00+00:00,-2.48,1.87,6.45,142.87,64.29,7.16
2026-03-02 23:25:00+00:00,-3.17,3.05,5.45,136.03,51.11,7.01
2026-03-02 23:26:00+00:00,-2.79,2.77,5.72,135.23,55.50,6.95
2026-03-02 23:27:00+00:00,-4.31,4.41,3.82,134.35,31.78,7.25
2026-03-02 23:28:00+00:00,-4.21,5.06,2.90,129.77,23.80,7.19
2026-03-02 23:29:00+00:00,-4.33,5.43,-1.21,128.58,-9.85,7.05
2026-03-02 23:30:00+00:00,-4.61,5.43,-0.92,130.31,-7.33,7.18
2026-03-02 23:31:00+00:00,-4.72,5.31,-1.05,131.63,-8.43,7.18
2026-03-02 23:32:00+00:00,-4.76,5.42,-0.47,131.28,-3.72,7.23
2026-03-02 23:33:00+00:00,-5.09,5.02,1.44,135.37,11.40,7.30
2026-03-02 23:34:00+00:00,-4.78,3.60,3.42,143.01,29.74,6.90
2026-03-02 23:35:00+00:00,-4.77,2.58,4.51,151.56,39.78,7.05
2026-03-02 23:36:00+00:00,-4.85,2.88,4.50,149.26,38.56,7.22
2026-03-02 23:37:00+00:00,-4.92,2.55,4.91,152.55,41.53,7.40
2026-03-02 23:38:00+00:00,-4.88,2.82,4.54,149.98,38.87,7.24
2026-03-02 23:39:00+00:00,-4.87,4.52,2.78,137.15,22.69,7.20
2026-03-02 23:40:00+00:00,-5.06,4.69,2.38,137.16,19.04,7.29
2026-03-02 23:41:00+00:00,-4.95,4.67,2.73,136.67,21.84,7.33
2026-03-02 23:42:00+00:00,-4.59,4.91,2.60,133.07,21.15,7.20
2026-03-02 23:43:00+00:00,-4.61,3.77,3.71,140.71,31.91,7.02
2026-03-02 23:44:00+00:00,-3.62,0.18,5.36,177.23,55.89,6.47
2026-03-02 23:45:00+00:00,-3.91,0.63,5.61,170.82,54.75,6.87
2026-03-02 23:46:00+00:00,-4.71,2.58,4.10,151.29,37.36,6.76
2026-03-02 23:47:00+00:00,-4.52,2.68,4.41,149.33,40.02,6.86
2026-03-02 23:48:00+00:00,-4.79,4.00,3.03,140.16,25.92,6.94
2026-03-02 23:49:00+00:00,-3.93,1.88,4.98,154.48,48.88,6.62
2026-03-02 23:50:00+00:00,-3.69,0.22,6.04,176.58,58.52,7.09
2026-03-02 23:51:00+00:00,-4.12,0.89,5.68,167.77,53.44,7.08
2026-03-02 23:52:00+00:00,-4.72,1.28,5.63,164.86,49.03,7.46
2026-03-02 23:53:00+00:00,-4.69,1.53,5.79,161.97,49.57,7.60
2026-03-02 23:54:00+00:00,-4.43,1.74,5.52,158.51,49.22,7.29
2026-03-02 23:55:00+00:00,-4.60,2.76,5.04,149.05,43.22,7.35
2026-03-02 23:56:00+00:00,-4.56,2.66,5.31,149.73,45.18,7.49
2026-03-02 23:57:00+00:00,-4.59,1.97,5.75,156.74,49.02,7.61
2026-03-02 23:58:00+00:00,-4.73,1.50,5.67,162.35,48.81,7.54
2026-03-02 23:59:00+00:00,-4.44,1.22,5.91,164.61,52.08,7.49
2026-03-03 00:00:00+00:00,-4.14,1.79,6.00,156.56,53.06,7.50
2026-03-03 00:01:00+00:00,-4.14,1.95,6.01,154.76,52.69,7.55
2026-03-03 00:02:00+00:00,-3.57,2.53,6.05,144.64,54.14,7.46
2026-03-03 00:03:00+00:00,-3.21,3.09,5.97,136.10,53.26,7.45
2026-03-03 00:04:00+00:00,-3.56,2.97,5.92,140.18,51.92,7.52
2026-03-03 00:05:00+00:00,-3.71,2.95,5.82,141.47,50.83,7.51
2026-03-03 00:06:00+00:00,-3.87,3.10,5.77,141.37,49.33,7.61
2026-03-03 00:07:00+00:00,-4.16,2.81,5.85,145.96,49.37,7.71
2026-03-03 00:08:00+00:00,-4.41,0.73,6.57,170.57,55.78,7.95
2026-03-03 00:09:00+00:00,-4.00,2.21,6.21,151.07,53.61,7.71
2026-03-03 00:10:00+00:00,-3.70,1.91,6.41,152.69,56.99,7.64
2026-03-03 00:11:00+00:00,-4.12,0.90,5.68,167.71,53.44,7.08
2026-03-03 00:12:00+00:00,-4.01,4.87,3.91,129.46,31.77,7.42
2026-03-03 00:13:00+00:00,-3.88,5.30,4.12,126.21,32.07,7.76
2026-03-03 00:14:00+00:00,-3.89,4.46,4.89,131.06,39.60,7.68
2026-03-03 00:15:00+00:00,-3.84,4.51,5.34,130.39,42.04,7.98
2026-03-03 00:16:00+00:00,-3.07,2.52,6.51,140.66,58.61,7.63
2026-03-03 00:17:00+00:00,-3.46,1.85,7.13,151.94,61.17,8.14
2026-03-03 00:18:00+00:00,-3.56,3.52,6.38,135.31,51.91,8.11
2026-03-03 00:19:00+00:00,-3.93,3.92,5.98,135.05,47.09,8.16
2026-03-03 00:20:00+00:00,-4.55,3.75,5.90,140.50,45.07,8.34
2026-03-03 00:21:00+00:00,-3.79,3.50,7.08,137.22,53.91,8.76
2026-03-03 00:22:00+00:00,-4.47,3.46,6.73,142.25,49.95,8.79
2026-03-03 00:23:00+00:00,-4.34,2.66,7.37,148.44,55.38,8.96
2026-03-03 00:24:00+00:00,-5.07,2.34,7.24,155.17,52.34,9.14
2026-03-03 00:25:00+00:00,-5.01,2.11,7.09,157.13,52.53,8.94
2026-03-03 00:26:00+00:00,-5.38,1.34,7.08,166.02,51.92,8.99
2026-03-03 00:27:00+00:00,-4.35,3.85,6.91,138.48,49.94,9.03
2026-03-03 00:28:00+00:00,-3.82,3.70,7.17,135.95,53.43,8.92
2026-03-03 00:29:00+00:00,-3.92,3.81,7.17,135.84,52.70,9.02
2026-03-03 00:30:00+00:00,-4.28,4.03,7.09,136.69,50.31,9.21
2026-03-03 00:31:00+00:00,-4.05,4.11,7.18,134.59,51.20,9.21
2026-03-03 00:32:00+00:00,-3.83,4.26,7.29,132.01,51.82,9.27
2026-03-03 00:33:00+00:00,-3.56,4.32,7.48,129.49,53.18,9.34
2026-03-03 00:34:00+00:00,-3.41,4.17,7.52,129.24,54.37,9.25
2026-03-03 00:35:00+00:00,-3.16,4.33,7.51,126.11,54.50,9.23
2026-03-03 00:36:00+00:00,-3.33,4.66,7.46,125.59,52.48,9.40
2026-03-03 00:37:00+00:00,-3.47,4.61,7.45,126.97,52.28,9.42
2026-03-03 00:38:00+00:00,-3.35,4.77,7.40,125.13,51.76,9.42
2026-03-03 00:39:00+00:00,-3.31,4.85,7.38,124.33,51.50,9.43
2026-03-03 00:40:00+00:00,-3.61,4.81,7.34,126.91,50.69,9.49
2026-03-03 00:41:00+00:00,-3.31,4.60,7.59,125.73,53.24,9.47
2026-03-03 00:42:00+00:00,-3.28,4.85,7.42,124.09,51.75,9.45
2026-03-03 00:43:00+00:00,-2.64,5.71,6.19,114.81,44.54,8.83
2026-03-03 00:44:00+00:00,-3.24,4.70,7.52,124.54,52.79,9.44
2026-03-03 00:45:00+00:00,-3.05,3.55,7.97,130.69,59.60,9.24
2026-03-03 00:46:00+00:00,-2.64,3.54,8.17,126.74,61.59,9.29
2026-03-03 00:47:00+00:00,-3.47,3.91,7.77,131.54,56.04,9.36
2026-03-03 00:48:00+00:00,-3.83,4.71,7.01,129.09,49.11,9.27
2026-03-03 00:49:00+00:00,-3.71,5.99,6.21,121.82,41.38,9.39
2026-03-03 00:50:00+00:00,-4.06,6.43,5.17,122.31,34.20,9.19
2026-03-03 00:51:00+00:00,-3.45,6.60,4.75,117.58,32.53,8.83
2026-03-03 00:52:00+00:00,-2.38,7.33,4.05,107.97,27.72,8.71
2026-03-03 00:53:00+00:00,-2.75,6.99,4.04,111.43,28.26,8.53
2026-03-03 00:54:00+00:00,-2.69,6.88,4.25,111.37,29.91,8.52
2026-03-03 00:55:00+00:00,-3.41,6.91,2.20,116.29,15.92,8.01
2026-03-03 00:56:00+00:00,-4.37,7.69,0.19,119.63,1.22,8.84
2026-03-03 00:57:00+00:00,-5.17,5.62,6.07,132.62,38.49,9.75
2026-03-03 00:58:00+00:00,-4.91,5.50,6.34,131.72,40.71,9.73
2026-03-03 00:59:00+00:00,-4.63,5.89,6.21,128.19,39.65,9.73
2026-03-03 01:00:00+00:00,-4.70,5.80,6.23,129.01,39.82,9.72
2026-03-03 01:01:00+00:00,-4.60,5.46,6.49,130.11,42.25,9.65
2026-03-03 01:02:00+00:00,-4.62,5.99,6.13,127.66,39.01,9.74
2026-03-03 01:03:00+00:00,-4.18,5.02,7.01,129.76,46.99,9.58
2026-03-03 01:04:00+00:00,-4.42,5.90,6.04,126.87,39.32,9.53
2026-03-03 01:05:00+00:00,-4.71,6.89,4.91,124.37,30.45,9.69
2026-03-03 01:06:00+00:00,-4.57,6.84,5.12,123.74,31.92,9.69
2026-03-03 01:07:00+00:00,-4.09,6.72,5.42,121.31,34.55,9.55
2026-03-03 01:08:00+00:00,-3.98,7.22,4.92,118.86,30.80,9.60
2026-03-03 01:09:00+00:00,-3.62,6.28,5.96,119.96,39.43,9.38
2026-03-03 01:10:00+00:00,-3.78,6.15,6.33,121.62,41.27,9.60
2026-03-03 01:11:00+00:00,-3.60,6.39,6.13,119.35,39.90,9.56
2026-03-03 01:12:00+00:00,-2.67,6.05,6.49,113.80,44.49,9.27
2026-03-03 01:13:00+00:00,-0.81,5.91,6.96,97.80,49.40,9.16
2026-03-03 01:14:00+00:00,-1.77,6.21,6.59,105.93,45.58,9.23
2026-03-03 01:15:00+00:00,-2.79,6.79,5.58,112.37,37.23,9.22
2026-03-03 01:16:00+00:00,-2.87,6.65,5.80,113.33,38.66,9.28
2026-03-03 01:17:00+00:00,-3.89,7.44,5.17,117.59,31.60,9.86
2026-03-03 01:18:00+00:00,-3.70,7.76,4.61,115.46,28.21,9.76
2026-03-03 01:19:00+00:00,-3.36,8.09,4.41,112.54,26.73,9.80
2026-03-03 01:20:00+00:00,-3.26,8.20,3.81,111.69,23.34,9.61
2026-03-03 01:21:00+00:00,-3.08,8.37,3.83,110.19,23.25,9.71
2026-03-03 01:22:00+00:00,-3.16,8.74,3.42,109.85,20.23,9.90
2026-03-03 01:23:00+00:00,-3.33,8.78,2.96,110.79,17.48,9.85
2026-03-03 01:24:00+00:00,-3.39,8.93,2.52,110.76,14.79,9.88
2026-03-03 01:25:00+00:00,-3.63,9.02,1.98,111.91,11.50,9.92
2026-03-03 01:26:00+00:00,-4.12,8.77,1.34,115.17,7.85,9.78
2026-03-03 01:27:00+00:00,-4.23,8.77,0.75,115.74,4.39,9.76
2026-03-03 01:28:00+00:00,-3.61,8.33,0.03,113.42,0.21,9.08
2026-03-03 01:29:00+00:00,-4.26,7.95,-0.50,118.22,-3.15,9.03
2026-03-03 01:30:00+00:00,-4.33,7.92,-1.91,118.66,-11.93,9.23
2026-03-03 01:31:00+00:00,-4.26,7.87,-0.76,118.42,-4.84,8.98
2026-03-03 01:32:00+00:00,-3.75,8.10,-1.30,114.85,-8.28,9.02
2026-03-03 01:33:00+00:00,-4.28,7.69,-1.78,119.11,-11.46,8.98
2026-03-03 01:34:00+00:00,-4.84,7.45,-0.38,123.03,-2.44,8.89
2026-03-03 01:35:00+00:00,-4.35,8.31,-0.46,117.65,-2.80,9.39
2026-03-03 01:36:00+00:00,-3.97,8.61,-0.14,114.75,-0.84,9.48
2026-03-03 01:37:00+00:00,-4.38,8.92,-0.03,116.17,-0.17,9.94
2026-03-03 01:38:00+00:00,-4.37,9.03,-0.14,115.83,-0.77,10.04
2026-03-03 01:39:00+00:00,-4.26,9.06,0.36,115.20,2.03,10.02
2026-03-03 01:40:00+00:00,-4.06,8.39,2.04,115.84,12.34,9.54
2026-03-03 01:41:00+00:00,-3.89,6.40,7.02,121.31,43.12,10.27
2026-03-03 01:42:00+00:00,-4.22,6.57,7.07,122.74,42.16,10.53
2026-03-03 01:43:00+00:00,-4.68,6.69,6.69,125.00,39.33,10.55
2026-03-03 01:44:00+00:00,-4.78,7.05,6.29,124.13,36.45,10.59
2026-03-03 01:45:00+00:00,-4.85,7.25,6.02,123.77,34.62,10.59
2026-03-03 01:46:00+00:00,-4.14,7.96,4.82,117.47,28.21,10.19
2026-03-03 01:47:00+00:00,-4.02,7.93,4.80,116.91,28.37,10.10
2026-03-03 01:48:00+00:00,-3.86,8.31,4.18,114.93,24.51,10.07
2026-03-03 01:49:00+00:00,-4.10,8.44,4.00,115.89,23.07,10.20
2026-03-03 01:50:00+00:00,-3.82,8.95,3.37,113.12,19.13,10.30
2026-03-03 01:51:00+00:00,-4.46,8.44,4.06,117.84,23.03,10.37
2026-03-03 01:52:00+00:00,-3.83,8.70,4.06,113.76,23.15,10.34
2026-03-03 01:53:00+00:00,-4.38,8.31,4.13,117.77,23.74,10.26
2026-03-03 01:54:00+00:00,-4.40,8.30,4.22,117.95,24.19,10.30
2026-03-03 01:55:00+00:00,-4.44,7.01,5.79,122.37,34.88,10.12
2026-03-03 01:56:00+00:00,-4.13,7.70,4.78,118.18,28.69,9.96
2026-03-03 01:57:00+00:00,-4.30,8.12,4.02,117.91,23.61,10.03
2026-03-03 01:58:00+00:00,-4.23,8.15,4.02,117.41,23.63,10.03
2026-03-03 01:59:00+00:00,-4.47,9.02,2.49,116.34,13.92,10.37
2026-03-03 02:00:00+00:00,-4.93,9.04,1.11,118.61,6.16,10.36
2026-03-03 02:01:00+00:00,-4.70,8.84,1.44,117.99,8.20,10.12
2026-03-03 02:02:00+00:00,-4.84,8.69,2.19,119.11,12.42,10.18
2026-03-03 02:03:00+00:00,-4.02,8.96,1.34,114.17,7.77,9.91
2026-03-03 02:04:00+00:00,-4.41,8.79,-0.64,116.64,-3.71,9.86
2026-03-03 02:05:00+00:00,-3.69,8.62,-2.86,113.17,-16.98,9.80
2026-03-03 02:06:00+00:00,-3.84,8.68,-2.46,113.89,-14.54,9.81
2026-03-03 02:07:00+00:00,-4.09,8.93,-1.14,114.61,-6.62,9.89
2026-03-03 02:08:00+00:00,-5.06,8.60,-0.04,120.45,-0.20,9.98
2026-03-03 02:09:00+00:00,-4.15,8.97,0.60,114.85,3.50,9.90
2026-03-03 02:10:00+00:00,-4.33,9.19,-0.51,115.23,-2.90,10.17
2026-03-03 02:11:00+00:00,-4.04,9.36,-0.15,113.38,-0.82,10.19
2026-03-03 02:12:00+00:00,-4.53,9.14,0.47,116.35,2.62,10.21
2026-03-03 02:13:00+00:00,-5.17,8.98,-0.58,119.96,-3.20,10.38
2026-03-03 02:14:00+00:00,-4.93,9.17,-0.41,118.25,-2.24,10.42
2026-03-03 02:15:00+00:00,-5.07,9.08,-1.21,119.18,-6.65,10.48
2026-03-03 02:16:00+00:00,-4.65,9.25,0.27,116.71,1.50,10.36
2026-03-03 02:17:00+00:00,-4.54,8.89,-2.24,117.05,-12.62,10.23
2026-03-03 02:18:00+00:00,-4.81,8.95,-1.26,118.28,-7.05,10.24
2026-03-03 02:19:00+00:00,-4.95,9.02,-1.00,118.78,-5.52,10.34
2026-03-03 02:20:00+00:00,-5.26,8.90,-0.53,120.59,-2.92,10.36
2026-03-03 02:21:00+00:00,-4.32,8.86,-0.63,116.01,-3.64,9.88
2026-03-03 02:22:00+00:00,-2.44,6.50,-6.02,110.59,-40.95,9.19
2026-03-03 02:23:00+00:00,-1.14,4.50,-8.19,104.22,-60.47,9.41
2026-03-03 02:24:00+00:00,-1.48,4.86,-8.02,106.91,-57.62,9.49
2026-03-03 02:25:00+00:00,-1.35,4.22,-8.42,107.70,-62.28,9.51
2026-03-03 02:26:00+00:00,-1.82,4.09,-8.45,114.00,-62.11,9.56
2026-03-03 02:27:00+00:00,-1.42,3.61,-8.51,111.43,-65.53,9.35
2026-03-03 02:28:00+00:00,-1.97,3.69,-8.36,118.03,-63.41,9.34
2026-03-03 02:29:00+00:00,-3.13,3.26,-8.42,133.84,-61.77,9.56
2026-03-03 02:30:00+00:00,-3.28,4.01,-8.16,129.31,-57.59,9.67
2026-03-03 02:31:00+00:00,-3.25,5.04,-7.63,122.80,-51.84,9.71
2026-03-03 02:32:00+00:00,-1.59,3.29,-8.78,115.79,-67.42,9.51
2026-03-03 02:33:00+00:00,-1.65,3.62,-8.47,114.48,-64.87,9.35
2026-03-03 02:34:00+00:00,-3.10,5.00,-7.49,121.84,-51.85,9.53
2026-03-03 02:35:00+00:00,-1.35,4.99,-6.20,105.13,-50.20,8.07
2026-03-03 02:36:00+00:00,-3.75,6.03,-5.60,121.92,-38.27,9.05
2026-03-03 02:37:00+00:00,-3.89,7.86,-3.27,116.31,-20.48,9.36
2026-03-03 02:38:00+00:00,-3.80,8.13,-3.43,115.07,-20.91,9.61
2026-03-03 02:39:00+00:00,-3.78,8.39,-3.18,114.28,-19.08,9.74
2026-03-03 02:40:00+00:00,-4.02,8.78,-2.12,114.60,-12.35,9.89
2026-03-03 02:41:00+00:00,-4.56,9.11,-0.81,116.61,-4.55,10.22
2026-03-03 02:42:00+00:00,-5.05,8.88,0.85,119.60,4.74,10.25
2026-03-03 02:43:00+00:00,-5.01,8.89,0.69,119.43,3.86,10.23
2026-03-03 02:44:00+00:00,-4.07,8.87,-2.66,114.62,-15.23,10.11
2026-03-03 02:45:00+00:00,-4.17,9.36,-1.16,114.00,-6.47,10.32
2026-03-03 02:46:00+00:00,-4.69,9.37,-0.45,116.61,-2.44,10.49
2026-03-03 02:47:00+00:00,-4.91,9.49,0.97,117.36,5.19,10.72
2026-03-03 02:48:00+00:00,-4.54,9.65,1.25,115.19,6.68,10.74
2026-03-03 02:49:00+00:00,-4.31,9.62,2.50,114.11,13.31,10.84
2026-03-03 02:50:00+00:00,-4.15,9.65,2.68,113.29,14.31,10.84
2026-03-03 02:51:00+00:00,-4.64,9.55,2.27,115.94,12.07,10.86
2026-03-03 02:52:00+00:00,-4.26,9.70,2.02,113.68,10.79,10.79
2026-03-03 02:53:00+00:00,-5.10,9.40,2.61,118.50,13.71,11.00
2026-03-03 02:54:00+00:00,-5.06,9.34,2.73,118.46,14.43,10.97
2026-03-03 02:55:00+00:00,-5.22,9.16,2.85,119.69,15.13,10.92
2026-03-03 02:56:00+00:00,-5.27,9.06,2.77,120.19,14.82,10.84
2026-03-03 02:57:00+00:00,-5.26,8.85,3.05,120.73,16.51,10.74
2026-03-03 02:58:00+00:00,-5.22,8.80,3.41,120.67,18.45,10.79
2026-03-03 02:59:00+00:00,-4.95,9.27,2.48,118.12,13.28,10.80
2026-03-03 03:00:00+00:00,-5.17,9.01,3.12,119.85,16.69,10.85
2026-03-03 03:01:00+00:00,-5.13,8.81,3.65,120.23,19.72,10.83
2026-03-03 03:02:00+00:00,-4.93,8.68,4.04,119.60,22.00,10.77
2026-03-03 03:03:00+00:00,-5.01,8.70,3.80,119.96,20.73,10.73
2026-03-03 03:04:00+00:00,-5.17,8.23,3.89,122.16,21.79,10.47
2026-03-03 03:05:00+00:00,-4.75,8.36,4.24,119.59,23.79,10.51
2026-03-03 03:06:00+00:00,-3.29,6.82,6.98,115.77,42.69,10.30
2026-03-03 03:07:00+00:00,-5.11,7.71,4.97,123.56,28.25,10.50
2026-03-03 03:08:00+00:00,-4.97,6.80,6.18,126.14,36.28,10.45
2026-03-03 03:09:00+00:00,-3.51,6.41,7.50,118.71,45.74,10.48
2026-03-03 03:10:00+00:00,-3.40,7.29,6.82,114.96,40.28,10.54
2026-03-03 03:11:00+00:00,-4.20,6.95,6.77,121.15,39.78,10.57
2026-03-03 03:12:00+00:00,-5.14,7.30,5.74,125.14,32.77,10.61
2026-03-03 03:13:00+00:00,-4.90,7.33,6.06,123.75,34.53,10.70
2026-03-03 03:14:00+00:00,-4.61,7.28,6.30,122.32,36.17,10.67
2026-03-03 03:15:00+00:00,-4.72,7.71,5.50,121.47,31.33,10.58
2026-03-03 03:16:00+00:00,-4.65,8.57,4.52,118.52,24.89,10.75
2026-03-03 03:17:00+00:00,-4.37,8.27,4.61,117.86,26.23,10.42
2026-03-03 03:18:00+00:00,-4.59,8.38,3.90,118.72,22.21,10.33
2026-03-03 03:19:00+00:00,-4.61,8.24,4.02,119.22,23.04,10.26
2026-03-03 03:20:00+00:00,-4.62,8.32,3.91,119.05,22.35,10.29
2026-03-03 03:21:00+00:00,-3.15,7.07,-0.66,113.98,-4.90,7.77
2026-03-03 03:22:00+00:00,-0.60,3.93,-7.60,98.69,-62.40,8.57
2026-03-03 03:23:00+00:00,-0.48,3.14,-8.53,98.66,-69.61,9.10
2026-03-03 03:24:00+00:00,-0.28,4.80,-8.59,93.28,-60.76,9.84
2026-03-03 03:25:00+00:00,-0.69,5.36,-8.22,97.31,-56.70,9.84
2026-03-03 03:26:00+00:00,0.56,5.07,-8.22,83.73,-58.19,9.68
2026-03-03 03:27:00+00:00,-0.62,5.43,-8.13,96.51,-56.11,9.80
2026-03-03 03:28:00+00:00,-1.29,5.79,-7.81,102.56,-52.76,9.81
2026-03-03 03:29:00+00:00,-1.03,5.95,-7.68,99.81,-51.80,9.77
2026-03-03 03:30:00+00:00,-1.44,7.37,-5.60,101.06,-36.69,9.37
2026-03-03 03:31:00+00:00,-1.04,7.67,-5.85,97.76,-37.11,9.70
2026-03-03 03:32:00+00:00,-1.15,7.28,-6.32,98.98,-40.61,9.70
2026-03-03 03:33:00+00:00,-1.14,6.94,-6.73,99.33,-43.75,9.74
2026-03-03 03:34:00+00:00,-0.43,5.53,-7.61,94.49,-53.92,9.41
2026-03-03 03:35:00+00:00,-0.79,5.67,-7.41,97.91,-52.32,9.36
2026-03-03 03:36:00+00:00,-2.12,5.89,-6.94,109.78,-47.93,9.34
2026-03-03 03:37:00+00:00,-1.35,6.69,-6.42,101.39,-43.26,9.36
2026-03-03 03:38:00+00:00,-1.36,6.96,-6.05,101.07,-40.44,9.32
2026-03-03 03:39:00+00:00,-1.44,6.97,-6.05,101.66,-40.37,9.33
2026-03-03 03:40:00+00:00,-2.10,8.04,-4.78,104.64,-29.88,9.59
2026-03-03 03:41:00+00:00,-2.61,8.37,-3.97,107.35,-24.37,9.63
2026-03-03 03:42:00+00:00,-2.44,8.01,-4.92,106.97,-30.42,9.71
2026-03-03 03:43:00+00:00,-3.23,8.14,-4.44,111.67,-26.89,9.82
2026-03-03 03:44:00+00:00,-5.07,7.80,-2.89,123.03,-17.23,9.74
2026-03-03 03:45:00+00:00,-4.19,7.94,-3.58,117.84,-21.72,9.66
2026-03-03 03:46:00+00:00,-3.02,8.03,-4.36,110.60,-26.94,9.63
2026-03-03 03:47:00+00:00,-3.08,8.25,-3.87,110.50,-23.73,9.62
2026-03-03 03:48:00+00:00,-3.36,8.33,-3.64,111.96,-22.08,9.69
2026-03-03 03:49:00+00:00,-3.62,8.02,-3.73,114.31,-22.97,9.56
2026-03-03 03:50:00+00:00,-3.38,8.03,-3.56,112.82,-22.24,9.41
2026-03-03 03:51:00+00:00,-3.37,8.13,-3.39,112.51,-21.07,9.43
2026-03-03 03:52:00+00:00,-3.05,8.48,-2.85,109.78,-17.54,9.46
2026-03-03 03:53:00+00:00,-3.73,8.05,-3.36,114.85,-20.71,9.49
2026-03-03 03:54:00+00:00,-3.83,8.00,-3.31,115.57,-20.48,9.47
2026-03-03 03:55:00+00:00,-4.74,7.40,-3.69,122.63,-22.79,9.53
2026-03-03 03:56:00+00:00,-4.26,7.61,-3.55,119.22,-22.13,9.42
2026-03-03 03:57:00+00:00,-4.00,7.93,-3.21,116.75,-19.88,9.45
2026-03-03 03:58:00+00:00,-3.05,8.47,-2.86,109.79,-17.60,9.44
2026-03-03 04:00:00+00:00,-2.73,8.24,-3.81,108.37,-23.72,9.48
2026-03-03 04:01:00+00:00,-3.10,8.33,-3.09,110.44,-19.17,9.41
2026-03-03 04:02:00+00:00,-4.30,8.66,-0.39,116.41,-2.31,9.68
2026-03-03 04:03:00+00:00,-5.13,8.14,0.05,122.23,0.30,9.62
2026-03-03 04:04:00+00:00,-4.86,8.44,-1.67,119.95,-9.71,9.88
2026-03-03 04:05:00+00:00,-4.65,8.65,-1.55,118.25,-8.99,9.94
2026-03-03 04:06:00+00:00,-4.60,8.12,-2.88,119.54,-17.14,9.77
2026-03-03 04:07:00+00:00,-4.68,6.58,-4.69,125.40,-30.14,9.33
2026-03-03 04:08:00+00:00,-4.79,8.45,-0.62,119.58,-3.66,9.73
2026-03-03 04:09:00+00:00,-4.37,8.80,0.70,116.38,4.09,9.85
2026-03-03 04:10:00+00:00,-3.27,8.81,2.46,110.39,14.65,9.72
2026-03-03 04:11:00+00:00,-3.16,8.73,2.76,109.88,16.54,9.69
2026-03-03 04:12:00+00:00,-3.23,8.75,2.58,110.27,15.47,9.68
2026-03-03 04:13:00+00:00,-3.52,8.66,2.24,112.14,13.50,9.61
2026-03-03 04:14:00+00:00,-3.55,8.67,1.91,112.28,11.54,9.56
2026-03-03 04:15:00+00:00,-3.47,8.72,1.80,111.72,10.85,9.55
2026-03-03 04:16:00+00:00,-3.74,8.79,1.29,113.04,7.67,9.64
2026-03-03 04:17:00+00:00,-3.64,8.50,2.44,113.16,14.78,9.56
2026-03-03 04:18:00+00:00,-4.43,8.33,-0.06,118.00,-0.35,9.43
2026-03-03 04:19:00+00:00,-4.52,7.48,-1.58,121.13,-10.24,8.88
2026-03-03 04:20:00+00:00,-4.95,7.95,-1.58,121.92,-9.58,9.49
2026-03-03 04:21:00+00:00,-4.17,8.46,0.71,116.23,4.29,9.46
2026-03-03 04:22:00+00:00,-4.38,8.26,-0.04,117.94,-0.25,9.35
2026-03-03 04:23:00+00:00,-3.52,8.52,1.76,112.44,10.78,9.39
2026-03-03 04:24:00+00:00,-3.79,8.55,1.17,113.93,7.16,9.43
2026-03-03 04:25:00+00:00,-6.41,7.10,-0.34,132.10,-2.03,9.57
2026-03-03 04:26:00+00:00,-6.20,7.34,0.03,130.18,0.19,9.61
2026-03-03 04:27:00+00:00,-5.63,7.60,1.11,126.53,6.68,9.52
2026-03-03 04:28:00+00:00,-4.79,7.69,2.97,121.90,18.16,9.54
2026-03-03 04:29:00+00:00,-5.59,7.59,1.57,126.38,9.46,9.55
2026-03-03 04:30:00+00:00,-5.74,7.69,0.52,126.73,3.11,9.61
2026-03-03 04:31:00+00:00,-5.17,8.17,-0.49,122.35,-2.93,9.68
2026-03-03 04:32:00+00:00,-5.04,7.90,-1.99,122.52,-11.99,9.58
2026-03-03 04:33:00+00:00,-4.69,8.09,-1.33,120.08,-8.10,9.44
2026-03-03 04:34:00+00:00,-3.75,7.96,-1.67,115.21,-10.76,8.96
2026-03-03 04:35:00+00:00,-2.71,8.87,0.62,106.97,3.83,9.29
2026-03-03 04:36:00+00:00,-3.05,8.58,2.52,109.56,15.48,9.45
2026-03-03 04:37:00+00:00,-3.11,8.78,2.49,109.51,14.96,9.65
2026-03-03 04:38:00+00:00,-3.71,8.52,2.63,113.55,15.78,9.66
2026-03-03 04:39:00+00:00,-3.83,8.34,3.21,114.68,19.30,9.72
2026-03-03 04:40:00+00:00,-3.73,8.13,3.72,114.65,22.57,9.68
2026-03-03 04:41:00+00:00,-3.35,8.32,3.67,111.91,22.24,9.69
2026-03-03 04:42:00+00:00,-2.50,9.08,3.48,105.37,20.26,10.04
2026-03-03 04:43:00+00:00,-2.36,8.73,4.56,105.14,26.78,10.13
2026-03-03 04:44:00+00:00,-2.99,7.78,5.39,111.05,32.92,9.93
2026-03-03 04:45:00+00:00,-2.96,7.34,6.09,111.95,37.58,9.99
2026-03-03 04:46:00+00:00,-3.56,7.31,6.10,115.95,36.90,10.16
2026-03-03 04:47:00+00:00,-3.67,7.90,4.78,114.89,28.77,9.94
2026-03-03 04:48:00+00:00,-2.93,9.37,1.11,107.36,6.46,9.87
2026-03-03 04:49:00+00:00,-2.68,9.06,1.83,106.50,10.95,9.63
2026-03-03 04:50:00+00:00,-2.84,9.02,2.28,107.48,13.57,9.72
2026-03-03 04:51:00+00:00,-3.01,8.97,2.08,108.55,12.41,9.69
2026-03-03 04:52:00+00:00,-2.65,8.79,2.95,106.76,17.79,9.64
2026-03-03 04:53:00+00:00,-2.22,7.92,5.24,105.67,32.50,9.75
2026-03-03 04:54:00+00:00,-3.01,6.97,6.29,113.33,39.65,9.86
2026-03-03 04:55:00+00:00,-2.87,6.88,6.40,112.62,40.65,9.82
2026-03-03 04:56:00+00:00,0.11,8.83,4.06,89.28,24.72,9.72
2026-03-03 04:57:00+00:00,-0.28,8.13,5.12,91.97,32.20,9.61
2026-03-03 04:58:00+00:00,-0.18,8.39,5.05,91.23,31.04,9.80
2026-03-03 04:59:00+00:00,-0.79,7.48,6.02,96.00,38.71,9.63
2026-03-03 05:00:00+00:00,-1.78,6.46,6.90,105.43,45.84,9.62
2026-03-03 05:01:00+00:00,-1.51,6.25,7.12,103.53,47.91,9.60
2026-03-03 05:02:00+00:00,-1.74,5.61,7.83,107.18,53.11,9.79
2026-03-03 05:03:00+00:00,-1.31,5.19,8.10,104.17,56.53,9.71
2026-03-03 05:04:00+00:00,-0.78,3.61,9.03,102.25,67.77,9.76
2026-03-03 05:05:00+00:00,-1.51,5.15,7.18,106.33,53.24,8.96
2026-03-03 05:06:00+00:00,-3.00,8.96,-0.02,108.54,-0.13,9.45
2026-03-03 05:07:00+00:00,-3.67,8.84,-1.66,112.57,-9.82,9.71
2026-03-03 05:08:00+00:00,-3.83,8.81,-0.68,113.47,-4.07,9.63
2026-03-03 05:09:00+00:00,-3.81,8.63,0.76,113.81,4.61,9.46
2026-03-03 05:10:00+00:00,-3.98,8.53,1.46,115.03,8.84,9.52
2026-03-03 05:11:00+00:00,-5.42,7.81,0.39,124.78,2.36,9.51
2026-03-03 05:12:00+00:00,-5.42,7.72,2.14,125.05,12.81,9.67
2026-03-03 05:13:00+00:00,-4.95,8.16,1.01,121.23,6.03,9.59
2026-03-03 05:14:00+00:00,-4.25,8.35,0.99,116.97,6.02,9.43
2026-03-03 05:15:00+00:00,-3.95,7.41,4.26,118.06,26.90,9.41
2026-03-03 05:16:00+00:00,-4.13,5.72,5.16,125.83,36.19,8.74
2026-03-03 05:17:00+00:00,-4.97,6.50,4.16,127.40,26.96,9.18
2026-03-03 05:18:00+00:00,-5.06,5.97,4.88,130.29,31.94,9.23
2026-03-03 05:19:00+00:00,-4.51,5.68,5.69,128.46,38.10,9.22
2026-03-03 05:20:00+00:00,-4.65,6.99,3.67,123.61,23.62,9.16
2026-03-03 05:21:00+00:00,-5.10,7.20,2.78,125.29,17.49,9.25
2026-03-03 05:22:00+00:00,-3.80,7.74,0.52,116.12,3.45,8.64
2026-03-03 05:23:00+00:00,-2.82,8.25,0.40,108.86,2.66,8.72
2026-03-03 05:24:00+00:00,-2.25,8.43,1.26,104.93,8.25,8.81
2026-03-03 05:25:00+00:00,-2.36,8.52,2.28,105.46,14.46,9.13
2026-03-03 05:26:00+00:00,-1.12,7.69,3.23,98.29,22.54,8.41
2026-03-03 05:27:00+00:00,-3.17,6.26,3.94,116.81,29.32,8.05
2026-03-03 05:28:00+00:00,-2.71,4.84,6.70,119.22,50.40,8.70
2026-03-03 05:29:00+00:00,-2.30,4.23,7.18,118.55,56.19,8.65
2026-03-03 05:30:00+00:00,-1.35,2.03,8.78,123.62,74.45,9.11
2026-03-03 05:31:00+00:00,-1.27,1.37,9.21,132.91,78.52,9.39
2026-03-03 05:32:00+00:00,-1.81,0.95,9.35,152.33,77.67,9.57
2026-03-03 05:33:00+00:00,-2.00,0.64,9.39,162.31,77.38,9.62
2026-03-03 05:34:00+00:00,-1.55,-0.35,9.47,192.69,80.46,9.61
2026-03-03 05:35:00+00:00,-0.75,-0.70,9.38,223.33,83.76,9.44
2026-03-03 05:36:00+00:00,-0.45,-2.30,9.18,258.90,75.66,9.47
2026-03-03 05:37:00+00:00,0.19,-4.09,8.61,272.67,64.57,9.53
2026-03-03 05:38:00+00:00,0.48,-4.35,8.25,276.24,62.04,9.34
2026-03-03 05:39:00+00:00,-0.03,-3.78,7.87,269.55,64.32,8.73
2026-03-03 05:40:00+00:00,-1.20,1.02,3.05,139.61,62.67,3.43
2026-03-03 05:41:00+00:00,-3.18,6.76,-6.09,115.18,-39.21,9.64
2026-03-03 05:42:00+00:00,-2.93,6.30,-7.12,114.96,-45.70,9.95
2026-03-03 05:43:00+00:00,-2.69,6.64,-6.86,112.04,-43.74,9.92
2026-03-03 05:44:00+00:00,-2.75,6.36,-7.20,113.35,-46.07,9.99
2026-03-03 05:45:00+00:00,-2.99,5.36,-6.95,119.10,-48.54,9.27
2026-03-03 05:46:00+00:00,-3.70,2.33,-7.79,147.85,-60.69,8.94
2026-03-03 05:47:00+00:00,-4.06,2.86,-7.22,144.84,-55.52,8.76
2026-03-03 05:48:00+00:00,-4.31,5.40,-6.21,128.61,-41.95,9.30
2026-03-03 05:49:00+00:00,-5.44,5.40,-5.78,135.21,-37.02,9.59
2026-03-03 05:50:00+00:00,-6.01,5.87,-5.01,135.67,-30.80,9.78
2026-03-03 05:51:00+00:00,-5.93,6.18,-4.68,133.82,-28.62,9.76
2026-03-03 05:52:00+00:00,-6.41,5.92,-4.23,137.27,-25.87,9.70
2026-03-03 05:53:00+00:00,-6.62,6.75,-3.21,134.43,-18.74,9.98
2026-03-03 05:54:00+00:00,-5.68,7.60,-3.03,126.77,-17.69,9.96
2026-03-03 05:55:00+00:00,-5.61,7.57,-2.81,126.56,-16.60,9.83
2026-03-03 05:56:00+00:00,-6.47,6.71,-1.39,133.97,-8.46,9.43
2026-03-03 05:57:00+00:00,-7.30,6.00,-1.21,140.59,-7.32,9.53
2026-03-03 05:58:00+00:00,-5.16,8.19,-1.20,122.22,-7.07,9.75
2026-03-03 05:59:00+00:00,-5.65,8.19,0.42,124.61,2.40,9.96
2026-03-03 06:00:00+00:00,-5.69,8.17,0.74,124.86,4.25,9.99
2026-03-03 06:01:00+00:00,-5.53,8.07,1.50,124.44,8.73,9.90
2026-03-03 06:02:00+00:00,-4.42,8.45,0.40,117.59,2.41,9.54
2026-03-03 06:03:00+00:00,-2.97,8.85,-0.82,108.53,-5.01,9.37
2026-03-03 06:04:00+00:00,-4.12,8.33,1.92,116.29,11.65,9.49
2026-03-03 06:05:00+00:00,-3.09,7.87,3.77,111.44,24.02,9.26
2026-03-03 06:06:00+00:00,-3.60,7.66,3.36,115.15,21.64,9.11
2026-03-03 06:07:00+00:00,-3.26,6.73,4.76,115.83,32.48,8.87
2026-03-03 06:08:00+00:00,-2.57,6.03,4.69,113.05,35.59,8.06
2026-03-03 06:09:00+00:00,-1.93,4.69,6.06,112.35,50.04,7.90
2026-03-03 06:10:00+00:00,-2.26,3.37,7.19,123.93,60.56,8.26
2026-03-03 06:11:00+00:00,-2.63,4.81,6.09,118.67,47.98,8.20
2026-03-03 06:12:00+00:00,-2.82,6.87,4.48,112.34,31.09,8.68
2026-03-03 06:13:00+00:00,-3.23,7.60,2.73,113.05,18.31,8.70
2026-03-03 06:14:00+00:00,-1.14,4.33,5.97,104.79,53.12,7.46
2026-03-03 06:15:00+00:00,-1.19,3.36,7.31,109.55,63.99,8.14
2026-03-03 06:16:00+00:00,-1.63,3.90,7.55,112.69,60.76,8.65
2026-03-03 06:17:00+00:00,-1.36,3.69,7.48,110.30,62.28,8.45
2026-03-03 06:18:00+00:00,-2.49,4.70,6.30,117.93,49.79,8.25
2026-03-03 06:19:00+00:00,-5.33,6.09,0.07,131.16,0.52,8.09
2026-03-03 06:20:00+00:00,-5.58,5.05,-3.02,137.89,-21.89,8.11
2026-03-03 06:21:00+00:00,-4.00,5.24,0.09,127.31,0.77,6.59
2026-03-03 06:22:00+00:00,-3.22,7.59,3.45,112.96,22.70,8.94
2026-03-03 06:23:00+00:00,-3.35,7.57,3.01,113.89,20.00,8.81
2026-03-03 06:24:00+00:00,-3.30,7.85,2.77,112.81,18.04,8.96
2026-03-03 06:25:00+00:00,-3.15,8.38,1.74,110.59,11.02,9.12
2026-03-03 06:26:00+00:00,-4.10,8.04,1.45,117.02,9.11,9.14
2026-03-03 06:27:00+00:00,-3.57,7.60,0.27,115.18,1.82,8.40
2026-03-03 06:28:00+00:00,-3.96,7.13,-2.67,119.04,-18.15,8.58
2026-03-03 06:29:00+00:00,-3.65,7.14,-2.54,117.06,-17.60,8.41
2026-03-03 06:30:00+00:00,-3.03,7.27,-2.72,112.60,-19.02,8.33
2026-03-03 06:31:00+00:00,-4.89,7.17,-1.53,124.30,-9.98,8.81
2026-03-03 06:32:00+00:00,-3.57,7.30,-2.04,116.08,-14.11,8.38
2026-03-03 06:33:00+00:00,-2.59,6.21,-4.46,112.68,-33.52,8.07
2026-03-03 06:34:00+00:00,-2.68,6.45,-3.98,112.52,-29.65,8.04
2026-03-03 06:35:00+00:00,-2.74,6.77,-4.66,112.01,-32.57,8.66
2026-03-03 06:36:00+00:00,-2.94,6.69,-4.20,113.72,-29.91,8.42
2026-03-03 06:37:00+00:00,-2.75,5.68,-3.71,115.85,-30.42,7.32
2026-03-03 06:38:00+00:00,-3.15,6.55,-2.76,115.70,-20.80,7.78
2026-03-03 06:39:00+00:00,-4.91,6.44,1.09,127.30,7.67,8.17
2026-03-03 06:40:00+00:00,-4.41,5.65,3.53,127.99,26.19,7.99
2026-03-03 06:41:00+00:00,-3.91,6.43,-0.36,121.29,-2.71,7.53
2026-03-03 06:42:00+00:00,-3.91,7.02,-2.64,119.13,-18.16,8.46
2026-03-03 06:43:00+00:00,-3.79,6.94,-1.99,118.64,-14.15,8.15
2026-03-03 06:44:00+00:00,-2.98,7.74,-1.72,111.03,-11.72,8.47
2026-03-03 06:45:00+00:00,-3.49,7.44,-1.96,115.14,-13.43,8.45
2026-03-03 06:46:00+00:00,-3.31,6.46,0.38,117.12,3.00,7.27
2026-03-03 06:47:00+00:00,-1.25,1.21,7.84,135.78,77.50,8.03
2026-03-03 06:48:00+00:00,-2.81,4.58,5.81,121.51,47.24,7.92
2026-03-03 06:49:00+00:00,-3.61,6.66,1.42,118.43,10.61,7.71
2026-03-03 06:50:00+00:00,-1.23,7.15,-1.82,99.77,-14.11,7.48
2026-03-03 06:51:00+00:00,-1.46,4.70,4.70,107.28,43.67,6.80
2026-03-03 06:52:00+00:00,-4.20,5.79,3.77,125.97,27.79,8.08
2026-03-03 06:53:00+00:00,-3.39,6.73,3.41,116.72,24.32,8.27
2026-03-03 06:54:00+00:00,-2.83,5.93,5.06,115.50,37.60,8.29
2026-03-03 06:55:00+00:00,-3.21,7.66,1.64,112.76,11.16,8.46
2026-03-03 06:56:00+00:00,-2.29,7.93,0.51,106.13,3.56,8.27
2026-03-03 06:57:00+00:00,0.46,7.46,1.23,86.45,9.31,7.58
2026-03-03 06:58:00+00:00,2.72,7.17,0.12,69.25,0.88,7.67
2026-03-03 06:59:00+00:00,2.16,7.00,-2.33,72.87,-17.62,7.68
2026-03-03 07:00:00+00:00,-0.23,6.67,-2.64,91.94,-21.63,7.17
2026-03-03 07:01:00+00:00,-0.90,7.41,-2.50,96.93,-18.52,7.87
2026-03-03 07:02:00+00:00,-2.66,7.44,-1.27,109.68,-9.14,8.00
2026-03-03 07:03:00+00:00,-2.05,6.93,-3.30,106.48,-24.52,7.94
2026-03-03 07:04:00+00:00,-1.31,6.45,-4.46,101.49,-34.10,7.95
2026-03-03 07:05:00+00:00,-3.11,4.38,0.04,125.38,0.44,5.38
2026-03-03 07:06:00+00:00,-3.39,3.80,4.29,131.74,40.09,6.66
2026-03-03 07:07:00+00:00,-4.14,6.99,-0.27,120.66,-1.90,8.13
2026-03-03 07:08:00+00:00,-4.49,6.17,-3.21,126.04,-22.81,8.28
2026-03-03 07:09:00+00:00,-4.72,3.95,-4.77,140.07,-37.76,7.79
2026-03-03 07:10:00+00:00,-1.00,3.23,1.47,107.14,23.50,3.69
2026-03-03 07:11:00+00:00,-1.88,4.75,-1.87,111.56,-20.11,5.44
2026-03-03 07:12:00+00:00,-2.42,4.59,-6.33,117.77,-50.64,8.18
2026-03-03 07:13:00+00:00,-2.80,5.17,-5.89,118.45,-45.01,8.33
2026-03-03 07:14:00+00:00,-2.85,4.91,-6.16,120.08,-47.33,8.38
2026-03-03 07:15:00+00:00,-3.34,4.62,-6.04,125.81,-46.65,8.30
2026-03-03 07:16:00+00:00,-3.53,4.51,-6.14,128.03,-46.98,8.40
2026-03-03 07:17:00+00:00,-1.64,5.15,-6.14,107.71,-48.62,8.18
2026-03-03 07:18:00+00:00,-1.40,5.16,-6.20,105.18,-49.22,8.19
2026-03-03 07:19:00+00:00,-3.55,4.82,-6.12,126.41,-45.61,8.56
2026-03-03 07:20:00+00:00,-4.05,4.33,-6.11,133.06,-45.88,8.52
2026-03-03 07:21:00+00:00,-0.57,6.82,-4.65,94.75,-34.21,8.27
2026-03-03 07:22:00+00:00,-0.30,7.75,-3.29,92.19,-23.00,8.43
2026-03-03 07:23:00+00:00,0.89,7.58,-2.55,83.32,-18.51,8.04
2026-03-03 07:24:00+00:00,2.23,7.56,-2.69,73.59,-18.87,8.33
2026-03-03 07:25:00+00:00,2.07,7.46,-3.21,74.46,-22.55,8.38
2026-03-03 07:26:00+00:00,2.07,6.86,-3.94,73.22,-28.82,8.17
2026-03-03 07:27:00+00:00,0.76,7.68,-3.31,84.35,-23.23,8.39
2026-03-03 07:28:00+00:00,1.09,7.98,-2.16,82.20,-15.03,8.34
2026-03-03 07:29:00+00:00,0.93,8.17,-2.08,83.47,-14.18,8.48
2026-03-03 07:30:00+00:00,1.42,7.82,-2.05,79.71,-14.47,8.20
2026-03-03 07:31:00+00:00,2.07,7.68,-2.27,74.95,-15.94,8.27
2026-03-03 07:32:00+00:00,2.67,7.01,-2.79,69.11,-20.40,8.00
2026-03-03 07:33:00+00:00,1.50,7.55,-2.88,78.73,-20.51,8.21
2026-03-03 07:34:00+00:00,1.38,7.39,-3.75,79.43,-26.49,8.40
2026-03-03 07:35:00+00:00,0.92,6.57,-5.24,82.04,-38.30,8.45
2026-03-03 07:36:00+00:00,0.80,5.56,-6.18,81.81,-47.70,8.35
2026-03-03 07:37:00+00:00,-3.54,5.51,-4.09,122.75,-31.98,7.72
2026-03-03 07:38:00+00:00,-2.69,7.18,-2.82,110.52,-20.21,8.17
2026-03-03 07:39:00+00:00,-1.99,7.80,-2.84,104.28,-19.44,8.54
2026-03-03 07:40:00+00:00,-1.54,6.96,-2.58,102.48,-19.89,7.58
2026-03-03 07:41:00+00:00,-4.06,7.68,-0.41,117.84,-2.71,8.70
2026-03-03 07:42:00+00:00,-2.98,8.21,-0.59,109.94,-3.87,8.76
2026-03-03 07:43:00+00:00,-3.23,8.09,0.49,111.77,3.24,8.72
2026-03-03 07:44:00+00:00,-4.35,7.16,1.61,121.29,10.88,8.53
2026-03-03 07:45:00+00:00,-5.66,3.99,5.51,144.85,38.53,8.85
2026-03-03 07:46:00+00:00,-5.48,2.22,6.76,157.94,48.79,8.98
2026-03-03 07:47:00+00:00,-5.59,1.13,6.75,168.53,49.83,8.84
2026-03-03 07:48:00+00:00,-5.49,2.61,6.92,154.59,48.70,9.21
2026-03-03 07:49:00+00:00,-4.65,0.51,7.98,173.71,59.61,9.25
2026-03-03 07:50:00+00:00,-5.19,4.15,6.58,141.38,44.73,9.36
2026-03-03 07:51:00+00:00,-5.36,4.80,5.96,138.18,39.64,9.34
2026-03-03 07:52:00+00:00,-5.40,4.37,6.18,141.04,41.63,9.30
2026-03-03 07:53:00+00:00,-5.31,4.86,5.61,137.52,37.95,9.13
2026-03-03 07:54:00+00:00,-5.52,5.01,5.25,137.78,35.14,9.12
2026-03-03 07:55:00+00:00,-5.09,6.36,3.95,128.66,25.88,9.05
2026-03-03 07:56:00+00:00,-5.13,6.13,4.32,129.92,28.39,9.08
2026-03-03 07:57:00+00:00,-5.47,6.58,2.98,129.73,19.22,9.06
2026-03-03 07:58:00+00:00,-6.02,5.84,3.66,135.84,23.60,9.15
2026-03-03 07:59:00+00:00,-6.38,4.42,4.67,145.29,31.06,9.05
2026-03-03 08:00:00+00:00,-5.70,6.37,3.07,131.84,19.77,9.08
2026-03-03 08:01:00+00:00,-5.11,7.41,1.67,124.62,10.52,9.15
2026-03-03 08:02:00+00:00,-4.12,6.99,1.47,120.49,10.24,8.24
2026-03-03 08:03:00+00:00,-3.46,7.64,1.60,114.37,10.79,8.54
2026-03-03 08:04:00+00:00,-1.35,8.36,-0.28,99.19,-1.90,8.47
2026-03-03 08:05:00+00:00,-1.80,8.21,0.33,102.37,2.25,8.41
2026-03-03 08:06:00+00:00,-3.16,6.96,2.40,114.39,17.46,8.01
2026-03-03 08:07:00+00:00,-3.03,7.62,-2.24,111.67,-15.31,8.50
2026-03-03 08:08:00+00:00,-2.98,6.56,-5.71,114.40,-38.41,9.20
2026-03-03 08:09:00+00:00,-2.25,7.08,-5.35,107.59,-35.73,9.16
2026-03-03 08:10:00+00:00,-1.99,7.21,-5.48,105.43,-36.21,9.27
2026-03-03 08:11:00+00:00,-2.65,8.13,-3.48,108.03,-22.12,9.23
2026-03-03 08:12:00+00:00,-2.51,7.29,-4.74,109.01,-31.58,9.06
2026-03-03 08:13:00+00:00,-0.84,7.62,-4.15,96.32,-28.41,8.72
2026-03-03 08:14:00+00:00,-0.10,7.47,-4.13,90.77,-28.97,8.54
2026-03-03 08:15:00+00:00,-2.61,6.10,-6.51,113.12,-44.46,9.30
2026-03-03 08:16:00+00:00,-3.26,3.56,-7.40,132.41,-56.89,8.84
2026-03-03 08:17:00+00:00,-3.79,3.54,-7.22,136.98,-54.32,8.89
2026-03-03 08:18:00+00:00,-4.67,3.21,-6.94,145.46,-50.79,8.96
2026-03-03 08:19:00+00:00,-3.97,5.88,-5.79,124.03,-39.24,9.16
2026-03-03 08:20:00+00:00,-3.96,5.49,-5.20,125.83,-37.54,8.54
2026-03-03 08:21:00+00:00,-1.88,8.88,-1.57,101.97,-9.83,9.21
2026-03-03 08:22:00+00:00,-0.65,8.83,-2.47,94.20,-15.61,9.19
2026-03-03 08:23:00+00:00,-0.31,8.81,-2.90,92.03,-18.20,9.28
2026-03-03 08:24:00+00:00,-0.52,8.97,-2.32,93.34,-14.49,9.28
2026-03-03 08:25:00+00:00,-2.33,8.56,-2.74,105.23,-17.16,9.29
2026-03-03 08:26:00+00:00,-2.36,8.89,-1.86,104.84,-11.46,9.39
2026-03-03 08:27:00+00:00,-1.94,8.90,-2.62,102.29,-16.06,9.47
2026-03-03 08:28:00+00:00,-1.62,8.73,-3.05,100.52,-18.97,9.39
2026-03-03 08:29:00+00:00,-1.79,8.85,-2.84,101.42,-17.46,9.47
2026-03-03 08:30:00+00:00,-0.57,7.94,-4.41,94.07,-28.98,9.10
2026-03-03 08:31:00+00:00,-3.62,7.73,-3.86,115.13,-24.34,9.37
2026-03-03 08:32:00+00:00,-2.83,7.77,-4.27,109.99,-27.32,9.31
2026-03-03 08:33:00+00:00,-2.55,8.21,-3.79,107.28,-23.79,9.40
2026-03-03 08:34:00+00:00,-3.58,7.16,-5.05,116.57,-32.24,9.47
2026-03-03 08:35:00+00:00,-4.77,6.96,-4.61,124.45,-28.67,9.61
2026-03-03 08:36:00+00:00,-3.80,6.98,-4.67,118.60,-30.42,9.22
2026-03-03 08:37:00+00:00,-4.10,6.91,-4.53,120.70,-29.41,9.22
2026-03-03 08:38:00+00:00,-3.21,7.04,-5.37,114.52,-34.75,9.42
2026-03-03 08:39:00+00:00,-3.38,6.96,-5.26,115.88,-34.18,9.36
2026-03-03 08:40:00+00:00,-2.89,6.68,-5.54,113.43,-37.28,9.15
2026-03-03 08:41:00+00:00,-3.91,7.94,-2.12,116.24,-13.48,9.10
2026-03-03 08:42:00+00:00,-4.12,7.94,-1.73,117.44,-10.94,9.11
2026-03-03 08:43:00+00:00,-3.96,8.48,-1.46,115.02,-8.87,9.47
2026-03-03 08:44:00+00:00,-3.84,8.54,-1.41,114.20,-8.58,9.46
2026-03-03 08:45:00+00:00,-4.52,8.46,-1.15,118.13,-6.86,9.66
2026-03-03 08:46:00+00:00,-3.89,8.09,-1.86,115.70,-11.70,9.17
2026-03-03 08:47:00+00:00,-3.99,8.04,-2.26,116.36,-14.11,9.26
2026-03-03 08:48:00+00:00,-4.99,7.69,0.07,122.98,0.43,9.17
2026-03-03 08:49:00+00:00,-4.41,3.33,5.17,142.94,43.11,7.56
2026-03-03 08:50:00+00:00,-0.89,-2.20,8.02,247.96,73.55,8.36
2026-03-03 08:51:00+00:00,0.42,0.60,8.33,55.28,84.96,8.37
2026-03-03 08:52:00+00:00,-1.09,1.38,8.54,128.19,78.39,8.72
2026-03-03 08:53:00+00:00,-1.83,1.23,8.02,146.03,74.61,8.32
2026-03-03 08:54:00+00:00,-2.23,3.67,7.51,121.29,60.22,8.65
2026-03-03 08:55:00+00:00,-2.85,3.89,7.43,126.21,57.04,8.85
2026-03-03 08:56:00+00:00,-2.73,2.95,7.69,132.79,62.41,8.68
2026-03-03 08:57:00+00:00,-0.37,5.74,5.88,93.71,45.62,8.23
2026-03-03 08:58:00+00:00,-1.17,5.70,5.65,101.63,44.19,8.11
2026-03-03 08:59:00+00:00,-1.31,6.24,5.38,101.86,40.16,8.35
2026-03-03 09:00:00+00:00,-2.30,6.53,4.16,109.41,31.00,8.08
2026-03-03 09:01:00+00:00,-1.64,7.08,3.04,103.03,22.69,7.87
2026-03-03 09:02:00+00:00,-1.98,7.41,2.49,104.93,18.01,8.06
2026-03-03 09:03:00+00:00,-3.61,7.50,2.98,115.69,19.73,8.84
2026-03-03 09:04:00+00:00,-3.98,7.71,2.19,117.30,14.18,8.95
2026-03-03 09:05:00+00:00,-6.37,4.62,3.60,144.08,24.58,8.65
2026-03-03 09:06:00+00:00,-6.63,5.23,3.41,141.72,22.02,9.11
2026-03-03 09:07:00+00:00,-6.72,4.07,4.64,148.81,30.55,9.12
2026-03-03 09:08:00+00:00,-6.40,3.88,5.23,148.77,34.96,9.13
2026-03-03 09:09:00+00:00,-6.80,3.79,4.80,150.87,31.64,9.15
2026-03-03 09:10:00+00:00,-6.76,4.28,4.23,147.65,27.83,9.05
2026-03-03 09:11:00+00:00,-5.48,5.89,4.21,132.94,27.63,9.08
2026-03-03 09:12:00+00:00,-4.76,6.26,4.28,127.22,28.55,8.95
2026-03-03 09:13:00+00:00,-4.89,7.33,2.77,123.72,17.47,9.24
2026-03-03 09:14:00+00:00,-5.52,7.40,1.88,126.72,11.48,9.42
2026-03-03 09:15:00+00:00,-3.97,8.39,0.99,115.33,6.07,9.34
2026-03-03 09:16:00+00:00,-4.04,8.19,1.66,116.27,10.33,9.28
2026-03-03 09:17:00+00:00,-4.32,8.02,1.86,118.33,11.57,9.30
2026-03-03 09:18:00+00:00,-3.94,8.33,0.56,115.33,3.46,9.23
2026-03-03 09:19:00+00:00,-3.53,8.42,-0.32,112.76,-2.00,9.14
2026-03-03 09:20:00+00:00,-3.46,8.51,0.09,112.12,0.57,9.18
2026-03-03 09:21:00+00:00,-3.43,8.50,0.40,111.94,2.53,9.18
2026-03-03 09:22:00+00:00,-3.08,8.61,-0.35,109.67,-2.19,9.15
2026-03-03 09:23:00+00:00,-3.53,8.52,0.00,112.47,-0.01,9.22
2026-03-03 09:24:00+00:00,-2.95,8.67,-0.42,108.81,-2.64,9.17
2026-03-03 09:25:00+00:00,-2.74,8.80,-0.59,107.30,-3.65,9.23
2026-03-03 09:26:00+00:00,-2.41,8.86,-0.49,105.21,-3.07,9.19
2026-03-03 09:27:00+00:00,-3.74,8.56,0.08,113.59,0.48,9.34
2026-03-03 09:28:00+00:00,-2.56,8.18,-2.04,107.40,-13.37,8.81
2026-03-03 09:29:00+00:00,-3.00,8.34,-0.51,109.79,-3.32,8.87
2026-03-03 09:30:00+00:00,-3.67,7.96,1.25,114.78,8.12,8.85
2026-03-03 09:31:00+00:00,-5.13,7.14,1.45,125.70,9.33,8.92
2026-03-03 09:32:00+00:00,-3.82,7.88,1.27,115.87,8.26,8.85
2026-03-03 09:33:00+00:00,-5.22,6.97,2.79,126.80,17.77,9.14
2026-03-03 09:34:00+00:00,-4.36,7.71,0.10,119.51,0.68,8.86
2026-03-03 09:35:00+00:00,-3.86,8.19,-1.87,115.26,-11.70,9.24
2026-03-03 09:36:00+00:00,-4.55,8.34,-1.33,118.63,-7.96,9.60
2026-03-03 09:37:00+00:00,-4.79,7.75,0.11,121.71,0.69,9.11
2026-03-03 09:38:00+00:00,-5.53,7.08,0.95,127.97,6.01,9.03
2026-03-03 09:39:00+00:00,-5.08,7.39,1.92,124.50,12.07,9.17
2026-03-03 09:40:00+00:00,-6.30,6.64,2.24,133.50,13.75,9.42
2026-03-03 09:41:00+00:00,-6.54,4.48,4.56,145.62,29.92,9.15
2026-03-03 09:42:00+00:00,-6.65,2.79,5.76,157.20,38.59,9.23
2026-03-03 09:43:00+00:00,-6.63,3.54,5.41,151.86,35.74,9.26
2026-03-03 09:44:00+00:00,-6.90,3.90,4.83,150.51,31.35,9.29
2026-03-03 09:45:00+00:00,-6.76,4.21,4.72,148.05,30.65,9.25
2026-03-03 09:46:00+00:00,-7.04,3.90,4.42,151.02,28.81,9.18
2026-03-03 09:47:00+00:00,-6.59,3.92,4.78,149.28,31.93,9.03
2026-03-03 09:48:00+00:00,-7.02,5.24,2.75,143.28,17.41,9.18
2026-03-03 09:49:00+00:00,-6.43,5.48,3.21,139.58,20.83,9.04
2026-03-03 09:50:00+00:00,-6.38,5.87,2.68,137.39,17.18,9.07
2026-03-03 09:51:00+00:00,-6.93,4.35,4.12,147.92,26.75,9.16
2026-03-03 09:52:00+00:00,-6.66,4.62,4.81,145.25,30.68,9.42
2026-03-03 09:53:00+00:00,-6.67,3.84,5.41,150.06,35.09,9.41
2026-03-03 09:54:00+00:00,-6.13,3.69,5.83,148.98,39.20,9.23
2026-03-03 09:55:00+00:00,-5.83,3.36,6.11,150.02,42.27,9.09
2026-03-03 09:56:00+00:00,-5.28,2.02,7.45,159.03,52.79,9.35
2026-03-03 09:57:00+00:00,-5.06,2.77,7.00,151.33,50.54,9.07
2026-03-03 09:58:00+00:00,-4.21,-0.07,7.37,180.90,60.22,8.49
2026-03-03 09:59:00+00:00,-3.86,-3.51,7.41,222.28,54.85,9.06
2026-03-03 10:00:00+00:00,-4.25,-3.18,7.39,216.78,54.30,9.10
2026-03-03 10:03:00+00:00,-5.96,1.90,6.49,162.33,46.04,9.01
2026-03-03 10:04:00+00:00,-6.15,3.56,6.27,149.95,41.42,9.48
2026-03-03 10:05:00+00:00,-5.95,1.72,7.08,163.85,48.79,9.41
2026-03-03 10:06:00+00:00,-6.53,0.56,6.83,175.11,46.21,9.46
2026-03-03 10:07:00+00:00,-6.50,2.87,5.83,156.20,39.39,9.19
2026-03-03 10:08:00+00:00,-5.96,3.52,5.75,149.45,39.75,9.00
2026-03-03 10:09:00+00:00,-5.52,3.55,6.36,147.26,44.09,9.14
2026-03-03 10:10:00+00:00,-4.04,4.96,6.25,129.20,44.34,8.94
2026-03-03 10:11:00+00:00,-4.28,4.93,6.38,130.97,44.37,9.13
2026-03-03 10:12:00+00:00,-5.13,5.01,5.99,135.68,39.89,9.34
2026-03-03 10:13:00+00:00,-5.08,2.93,6.99,150.07,50.01,9.12
2026-03-03 10:14:00+00:00,-4.15,-0.34,8.27,184.69,63.28,9.26
2026-03-03 10:15:00+00:00,-5.40,0.30,7.32,176.78,53.56,9.10
2026-03-03 10:16:00+00:00,-5.84,1.96,6.88,161.40,48.18,9.24
2026-03-03 10:17:00+00:00,-6.65,2.34,6.41,160.63,42.25,9.53
2026-03-03 10:18:00+00:00,-5.50,3.89,6.20,144.71,42.61,9.15
2026-03-03 10:19:00+00:00,-5.16,2.26,7.21,156.33,51.99,9.15
2026-03-03 10:20:00+00:00,-5.43,1.99,7.13,159.88,50.99,9.18
2026-03-03 10:21:00+00:00,-6.42,0.59,6.47,174.74,45.11,9.13
2026-03-03 10:22:00+00:00,-5.91,0.11,6.80,178.97,49.00,9.01
2026-03-03 10:23:00+00:00,-5.92,0.88,6.92,171.57,49.11,9.15
2026-03-03 10:24:00+00:00,-5.66,0.66,6.83,173.37,50.15,8.90
2026-03-03 10:25:00+00:00,-2.98,1.82,8.43,148.60,67.54,9.12
2026-03-03 10:26:00+00:00,-3.66,1.55,8.33,157.03,64.49,9.22
2026-03-03 10:27:00+00:00,-4.16,1.41,8.10,161.29,61.52,9.21
2026-03-03 10:28:00+00:00,-3.62,1.82,8.17,153.31,63.61,9.13
2026-03-03 10:29:00+00:00,-4.03,1.17,8.12,163.86,62.66,9.15
2026-03-03 10:30:00+00:00,-5.06,0.44,7.29,175.09,55.10,8.88
2026-03-03 10:31:00+00:00,-5.96,-0.06,6.87,180.58,49.05,9.09
2026-03-03 10:32:00+00:00,-5.76,-0.10,6.79,181.00,49.73,8.90
2026-03-03 10:33:00+00:00,-5.80,-0.08,6.95,180.81,50.16,9.05
2026-03-03 10:34:00+00:00,-5.77,-0.04,6.87,180.40,49.93,8.97
2026-03-03 10:35:00+00:00,-6.29,-0.84,6.36,187.64,45.05,8.98
2026-03-03 10:36:00+00:00,-6.51,0.15,6.21,178.64,43.67,9.00
2026-03-03 10:37:00+00:00,-6.97,-0.64,5.50,185.26,38.14,8.90
2026-03-03 10:38:00+00:00,-6.62,-0.69,5.75,185.94,40.83,8.80
2026-03-03 10:39:00+00:00,-4.97,2.46,6.27,153.65,48.52,8.37
2026-03-03 10:40:00+00:00,-5.19,3.53,6.30,145.77,45.09,8.90
2026-03-03 10:41:00+00:00,-5.53,3.30,6.48,149.17,45.20,9.13
2026-03-03 10:42:00+00:00,-5.86,3.20,6.39,151.36,43.72,9.24
2026-03-03 10:43:00+00:00,-6.03,3.11,6.28,152.72,42.78,9.25
2026-03-03 10:44:00+00:00,-5.10,3.09,6.85,148.80,48.97,9.08
2026-03-03 10:45:00+00:00,-4.85,3.17,7.07,146.81,50.68,9.14
2026-03-03 10:46:00+00:00,-5.20,3.54,6.71,145.75,46.82,9.20
2026-03-03 10:47:00+00:00,-5.05,2.61,7.05,152.66,51.09,9.05
2026-03-03 10:48:00+00:00,-4.90,2.92,7.09,149.25,51.16,9.10
2026-03-03 10:49:00+00:00,-4.96,2.97,6.98,149.12,50.34,9.06
2026-03-03 10:50:00+00:00,-4.59,2.80,6.79,148.60,51.65,8.66
2026-03-03 10:51:00+00:00,-4.53,2.96,6.88,146.85,51.83,8.75
2026-03-03 10:52:00+00:00,-4.74,2.86,6.65,148.85,50.23,8.66
2026-03-03 10:53:00+00:00,-5.29,3.25,7.00,148.39,48.44,9.36
2026-03-03 10:54:00+00:00,-6.45,2.92,6.68,155.64,43.35,9.73
2026-03-03 10:55:00+00:00,-6.65,2.91,6.61,156.34,42.32,9.82
2026-03-03 10:56:00+00:00,-7.26,2.63,6.79,160.11,41.34,10.28
2026-03-03 10:57:00+00:00,-7.25,2.99,6.49,157.58,39.59,10.18
2026-03-03 10:58:00+00:00,-7.67,3.14,6.17,157.75,36.64,10.33
2026-03-03 10:59:00+00:00,-7.03,3.06,6.41,156.48,39.88,9.99
2026-03-03 11:00:00+00:00,-7.29,3.26,5.99,155.91,36.87,9.98
2026-03-03 11:01:00+00:00,-7.39,3.64,5.80,153.76,35.12,10.08
2026-03-03 11:02:00+00:00,-7.21,4.03,5.64,150.78,34.33,10.01
2026-03-03 11:03:00+00:00,-7.24,4.30,4.75,149.32,29.41,9.67
2026-03-03 11:04:00+00:00,-6.39,4.63,5.35,144.07,34.16,9.53
2026-03-03 11:05:00+00:00,-5.84,4.84,6.22,140.38,39.38,9.81
2026-03-03 11:06:00+00:00,-6.10,4.87,5.85,141.37,36.84,9.75
2026-03-03 11:07:00+00:00,-6.05,5.47,5.07,137.91,31.85,9.61
2026-03-03 11:08:00+00:00,-6.28,6.27,4.45,135.08,26.62,9.92
2026-03-03 11:09:00+00:00,-6.55,5.71,4.89,138.91,29.37,9.97
2026-03-03 11:10:00+00:00,-6.68,5.85,3.36,138.78,20.72,9.50
2026-03-03 11:11:00+00:00,-5.92,6.29,4.66,133.27,28.33,9.82
2026-03-03 11:12:00+00:00,-4.78,6.91,3.84,124.69,24.57,9.24
2026-03-03 11:13:00+00:00,-3.12,8.10,2.93,111.09,18.66,9.16
2026-03-03 11:14:00+00:00,-3.66,7.89,3.16,114.88,20.01,9.25
2026-03-03 11:15:00+00:00,-3.68,7.58,3.38,115.90,21.89,9.08
2026-03-03 11:16:00+00:00,-2.09,8.27,2.19,104.19,14.42,8.81
2026-03-03 11:17:00+00:00,-1.11,8.98,2.40,97.02,14.86,9.36
2026-03-03 11:18:00+00:00,-1.53,8.85,2.26,99.79,14.15,9.26
2026-03-03 11:19:00+00:00,-1.57,9.12,1.51,99.76,9.27,9.38
2026-03-03 11:20:00+00:00,-0.71,9.39,0.60,94.34,3.64,9.44
2026-03-03 11:21:00+00:00,-0.72,9.46,0.12,94.35,0.75,9.49
2026-03-03 11:22:00+00:00,-0.32,9.42,-0.01,91.92,-0.06,9.43
2026-03-03 11:23:00+00:00,0.85,9.09,-1.51,84.65,-9.36,9.26
2026-03-03 11:24:00+00:00,1.19,8.80,-1.50,82.28,-9.60,9.01
2026-03-03 11:25:00+00:00,0.88,9.19,-0.76,84.55,-4.73,9.26
2026-03-03 11:26:00+00:00,1.19,9.18,-0.30,82.59,-1.88,9.26
2026-03-03 11:27:00+00:00,0.24,9.27,-0.62,88.53,-3.81,9.29
2026-03-03 11:28:00+00:00,2.08,7.17,-5.16,73.81,-34.62,9.08
2026-03-03 11:29:00+00:00,0.65,7.34,-5.09,84.93,-34.64,8.96
2026-03-03 11:30:00+00:00,1.21,7.94,-4.10,81.32,-27.07,9.02
2026-03-03 11:31:00+00:00,3.15,4.22,-6.39,53.30,-50.50,8.28
2026-03-03 11:32:00+00:00,-2.27,7.18,3.15,107.55,22.71,8.16
2026-03-03 11:33:00+00:00,-4.07,7.39,3.73,118.86,23.88,9.23
2026-03-03 11:34:00+00:00,-4.16,8.04,3.28,117.33,19.91,9.63
2026-03-03 11:35:00+00:00,-5.08,7.82,4.21,122.98,24.28,10.23
2026-03-03 11:36:00+00:00,-5.75,7.14,5.40,128.84,30.47,10.64
2026-03-03 11:37:00+00:00,-6.37,7.03,4.95,132.18,27.55,10.70
2026-03-03 11:38:00+00:00,-5.91,7.20,5.20,129.34,29.16,10.67
2026-03-03 11:39:00+00:00,-5.49,7.77,4.85,125.26,27.00,10.68
2026-03-03 11:40:00+00:00,-5.86,6.94,5.57,130.16,31.51,10.65
2026-03-03 11:41:00+00:00,-5.98,5.29,6.76,138.49,40.25,10.46
2026-03-03 11:42:00+00:00,-6.90,4.57,7.01,146.49,40.28,10.84
2026-03-03 11:43:00+00:00,-6.87,5.41,6.46,141.76,36.48,10.87
2026-03-03 11:44:00+00:00,-7.61,4.34,6.20,150.29,35.28,10.73
2026-03-03 11:45:00+00:00,-8.29,2.09,6.64,165.85,37.84,10.82
2026-03-03 11:46:00+00:00,-6.70,5.32,6.51,141.58,37.26,10.75
2026-03-03 11:47:00+00:00,-6.74,5.67,6.20,139.97,35.15,10.77
2026-03-03 11:48:00+00:00,-5.53,7.12,5.40,127.82,30.95,10.51
2026-03-03 11:49:00+00:00,-4.36,8.38,3.99,117.49,22.91,10.25
2026-03-03 11:50:00+00:00,-4.37,8.51,4.33,117.22,24.34,10.50
2026-03-03 11:51:00+00:00,-4.74,8.63,3.97,118.78,21.96,10.62
2026-03-03 11:52:00+00:00,-3.57,9.31,2.76,111.00,15.47,10.35
2026-03-03 11:53:00+00:00,-3.33,9.77,1.52,108.81,8.38,10.44
2026-03-03 11:54:00+00:00,-1.72,9.44,3.09,100.31,17.84,10.08
2026-03-03 11:55:00+00:00,-0.90,9.90,2.86,95.22,16.08,10.34
2026-03-03 11:56:00+00:00,-1.12,10.09,1.46,96.35,8.19,10.25
2026-03-03 11:57:00+00:00,-2.26,9.91,0.06,102.83,0.32,10.16
2026-03-03 11:58:00+00:00,-2.87,9.59,0.25,106.69,1.43,10.01
2026-03-03 11:59:00+00:00,-2.99,9.95,2.37,106.74,12.83,10.65
2026-03-03 12:00:00+00:00,-2.08,9.84,2.08,101.96,11.66,10.27
2026-03-03 12:01:00+00:00,-0.71,9.56,-1.63,94.25,-9.68,9.72
2026-03-03 12:02:00+00:00,0.33,9.22,-4.83,87.97,-27.61,10.41
2026-03-03 12:03:00+00:00,0.86,7.85,-5.44,83.77,-34.54,9.59
2026-03-03 12:04:00+00:00,-3.00,8.02,1.58,110.50,10.46,8.71
2026-03-03 12:05:00+00:00,-2.98,8.36,3.96,109.63,24.05,9.72
2026-03-03 12:06:00+00:00,-2.47,8.31,3.71,106.53,23.16,9.43
2026-03-03 12:07:00+00:00,-3.36,8.47,2.50,111.64,15.31,9.45
2026-03-03 12:08:00+00:00,-4.84,7.32,3.56,123.49,22.06,9.47
2026-03-03 12:09:00+00:00,-6.49,5.66,4.35,138.90,26.81,9.65
2026-03-03 12:10:00+00:00,-6.83,4.14,5.04,148.80,32.27,9.44
2026-03-03 12:11:00+00:00,-6.43,4.41,5.14,145.56,33.37,9.34
2026-03-03 12:12:00+00:00,-6.34,5.05,4.92,141.49,31.27,9.49
2026-03-03 12:13:00+00:00,-6.76,3.26,5.30,154.23,35.25,9.19
2026-03-03 12:14:00+00:00,-4.58,0.64,2.62,172.06,29.52,5.32
2026-03-03 12:15:00+00:00,-1.70,-6.97,-2.02,256.33,-15.74,7.46
2026-03-03 12:16:00+00:00,-7.79,-2.35,2.15,196.78,14.83,8.42
2026-03-03 12:17:00+00:00,-8.23,-1.62,2.66,191.13,17.60,8.80
2026-03-03 12:18:00+00:00,-8.03,-0.81,3.44,185.74,23.09,8.77
2026-03-03 12:19:00+00:00,-7.41,-1.77,2.51,193.40,18.20,8.02
2026-03-03 12:20:00+00:00,-7.43,-4.58,0.57,211.64,3.75,8.75
2026-03-03 12:21:00+00:00,-6.52,-5.22,-2.35,218.69,-15.69,8.67
2026-03-03 12:22:00+00:00,-6.13,-4.86,-3.40,218.45,-23.48,8.53
2026-03-03 12:23:00+00:00,-6.19,-5.84,1.21,223.34,8.09,8.59
2026-03-03 12:24:00+00:00,-5.32,-6.88,0.41,232.28,2.72,8.70
2026-03-03 12:25:00+00:00,-4.89,-7.06,0.36,235.33,2.38,8.59
2026-03-03 12:26:00+00:00,-5.01,-6.86,-1.11,233.84,-7.42,8.57
2026-03-03 12:27:00+00:00,-4.68,-7.30,0.29,237.34,1.94,8.68
2026-03-03 12:28:00+00:00,-4.19,-7.50,-0.28,240.83,-1.88,8.59
2026-03-03 12:29:00+00:00,-4.61,-7.27,0.42,237.64,2.80,8.61
2026-03-03 12:30:00+00:00,-4.46,-7.52,0.56,239.31,3.66,8.76
2026-03-03 12:31:00+00:00,-5.17,-7.05,1.37,233.77,8.89,8.85
2026-03-03 12:32:00+00:00,-5.34,-6.63,0.28,231.14,1.89,8.52
2026-03-03 12:33:00+00:00,-5.35,-6.32,1.52,229.78,10.43,8.42
2026-03-03 12:34:00+00:00,-5.16,-6.09,1.88,229.71,13.27,8.20
2026-03-03 12:35:00+00:00,-7.94,-2.44,2.83,197.09,18.78,8.78
2026-03-03 12:36:00+00:00,-5.86,-2.73,2.80,204.96,23.45,7.04
2026-03-03 12:37:00+00:00,-4.61,-3.71,-4.40,218.83,-36.65,7.37
2026-03-03 12:38:00+00:00,-5.84,-5.18,-2.82,221.59,-19.84,8.30
2026-03-03 12:39:00+00:00,-6.07,-6.49,-0.55,226.94,-3.52,8.90
2026-03-03 12:40:00+00:00,-6.00,-5.86,-1.92,224.34,-12.89,8.61
2026-03-03 12:41:00+00:00,-6.32,-6.14,0.25,224.15,1.65,8.81
2026-03-03 12:42:00+00:00,-6.89,-5.66,-0.02,219.37,-0.16,8.92
2026-03-03 12:43:00+00:00,-6.52,-5.96,2.02,222.42,12.87,9.06
2026-03-03 12:44:00+00:00,-7.49,-5.44,-0.83,216.00,-5.10,9.29
2026-03-03 12:45:00+00:00,-6.80,-6.07,-0.09,221.76,-0.57,9.12
2026-03-03 12:46:00+00:00,-5.92,-4.92,-4.16,219.74,-28.40,8.76
2026-03-03 12:47:00+00:00,-4.94,-5.84,-3.98,229.77,-27.49,8.62
2026-03-03 12:48:00+00:00,-5.37,-5.83,-3.83,227.32,-25.75,8.80
2026-03-03 12:49:00+00:00,-6.10,-5.33,-3.51,221.16,-23.43,8.83
2026-03-03 12:50:00+00:00,-7.40,-4.94,-2.29,213.71,-14.46,9.19
2026-03-03 12:51:00+00:00,-7.14,-5.99,-0.50,219.97,-3.08,9.33
2026-03-03 12:52:00+00:00,-8.20,-4.50,0.44,208.76,2.70,9.36
2026-03-03 12:53:00+00:00,-8.33,-4.12,1.96,206.34,11.91,9.49
2026-03-03 12:54:00+00:00,-8.13,-3.13,3.59,201.02,22.37,9.42
2026-03-03 12:55:00+00:00,-8.01,-3.16,4.05,201.54,25.21,9.52
2026-03-03 12:56:00+00:00,-8.21,-2.94,4.13,199.68,25.34,9.65
2026-03-03 12:57:00+00:00,-8.03,-2.70,4.28,198.58,26.80,9.49
2026-03-03 12:58:00+00:00,-7.82,-3.01,4.32,201.02,27.27,9.43
2026-03-03 12:59:00+00:00,-7.38,-4.10,3.05,209.04,19.89,8.97
2026-03-03 13:00:00+00:00,-5.55,-4.59,-0.78,219.61,-6.20,7.24
2026-03-03 13:01:00+00:00,-6.21,-3.48,5.15,209.28,35.87,8.78
2026-03-03 13:02:00+00:00,-6.40,-4.14,4.39,212.88,29.96,8.80
2026-03-03 13:03:00+00:00,-7.42,-3.52,3.14,205.39,20.90,8.80
2026-03-03 13:04:00+00:00,-7.62,-3.15,-1.98,202.43,-13.47,8.48
2026-03-03 13:05:00+00:00,-7.00,-2.77,-3.59,201.56,-25.49,8.34
2026-03-03 13:06:00+00:00,-7.24,-1.57,-3.56,192.24,-25.68,8.22
2026-03-03 13:07:00+00:00,-7.68,-2.00,-3.37,194.58,-23.01,8.62
2026-03-03 13:08:00+00:00,-6.85,-1.01,-3.74,188.39,-28.39,7.87
2026-03-03 13:09:00+00:00,-4.79,-0.33,-4.42,183.93,-42.63,6.52
2026-03-03 13:10:00+00:00,-5.98,0.33,-3.72,176.85,-31.83,7.05
2026-03-03 13:11:00+00:00,-6.21,0.17,-2.24,178.45,-19.85,6.60
2026-03-03 13:12:00+00:00,-6.06,2.52,-0.97,157.43,-8.41,6.63
2026-03-03 13:13:00+00:00,-8.24,3.25,-0.10,158.47,-0.64,8.86
2026-03-03 13:14:00+00:00,-7.80,3.16,-1.32,157.95,-8.90,8.52
2026-03-03 13:15:00+00:00,-7.96,2.27,-1.77,164.06,-12.07,8.47
2026-03-03 13:16:00+00:00,-9.42,2.42,-1.70,165.61,-9.91,9.88
2026-03-03 13:17:00+00:00,-9.15,1.07,-1.88,173.32,-11.51,9.40
2026-03-03 13:18:00+00:00,-9.13,0.51,-1.95,176.77,-12.06,9.35
2026-03-03 13:19:00+00:00,-8.60,-0.28,-1.07,181.83,-7.06,8.67
2026-03-03 13:20:00+00:00,-9.16,-0.59,-0.65,183.69,-4.05,9.21
2026-03-03 13:21:00+00:00,-8.91,-1.43,0.00,189.11,0.01,9.02
2026-03-03 13:22:00+00:00,-8.38,-2.03,-0.05,193.59,-0.36,8.63
2026-03-03 13:23:00+00:00,-8.02,-2.93,1.32,200.03,8.76,8.64
2026-03-03 13:24:00+00:00,-7.71,-3.74,0.43,205.87,2.86,8.58
2026-03-03 13:26:00+00:00,-8.48,-2.62,-1.93,197.16,-12.26,9.08
2026-03-03 13:27:00+00:00,-8.67,-2.49,-1.01,196.02,-6.37,9.08
2026-03-03 13:28:00+00:00,-8.60,-3.03,-1.15,199.42,-7.18,9.19
2026-03-03 13:29:00+00:00,-9.06,-1.53,-0.63,189.62,-3.91,9.21
2026-03-03 13:30:00+00:00,-8.58,-2.73,-0.66,197.68,-4.19,9.03
2026-03-03 13:31:00+00:00,-8.15,-4.24,0.92,207.48,5.70,9.23
2026-03-03 13:32:00+00:00,-7.29,-4.96,0.74,214.24,4.80,8.85
2026-03-03 13:33:00+00:00,-7.86,-3.40,-1.53,203.38,-10.09,8.70
2026-03-03 13:34:00+00:00,-7.87,-2.60,-2.81,198.30,-18.69,8.76
2026-03-03 13:35:00+00:00,-7.02,-0.77,-5.01,186.28,-35.36,8.66
2026-03-03 13:36:00+00:00,-6.93,-3.74,-3.04,208.36,-21.15,8.44
2026-03-03 13:37:00+00:00,-6.27,-5.56,-2.19,221.53,-14.63,8.66
2026-03-03 13:38:00+00:00,-5.60,-6.37,-1.95,228.70,-12.94,8.70
2026-03-03 13:39:00+00:00,-4.34,-6.57,-3.12,236.53,-21.60,8.46
2026-03-03 13:40:00+00:00,-4.59,-5.19,-1.92,228.48,-15.52,7.19
2026-03-03 13:41:00+00:00,-6.14,5.14,-3.77,140.04,-25.19,8.85
2026-03-03 13:42:00+00:00,-5.95,4.51,-6.28,142.85,-40.07,9.75
2026-03-03 13:43:00+00:00,-6.66,3.44,-6.11,152.70,-39.21,9.67
2026-03-03 13:44:00+00:00,-7.61,2.35,-5.72,162.86,-35.67,9.81
2026-03-03 13:45:00+00:00,-8.66,0.31,-4.48,177.96,-27.33,9.75
2026-03-03 13:46:00+00:00,-9.01,-0.50,-4.12,183.20,-24.55,9.92
2026-03-03 13:47:00+00:00,-9.56,-0.14,-2.88,180.85,-16.76,9.99
2026-03-03 13:48:00+00:00,-9.44,-0.14,-2.84,180.87,-16.72,9.86
2026-03-03 13:49:00+00:00,-8.33,-1.19,-4.47,188.14,-27.96,9.53
2026-03-03 13:50:00+00:00,-7.33,-1.10,-5.66,188.50,-37.38,9.32
2026-03-03 13:51:00+00:00,-7.67,-1.31,-4.79,189.70,-31.65,9.14
2026-03-03 13:52:00+00:00,-7.21,2.71,-5.07,159.40,-33.35,9.23
2026-03-03 13:53:00+00:00,-8.62,1.82,-3.73,168.09,-22.97,9.57
2026-03-03 13:54:00+00:00,-9.60,-0.37,-1.36,182.20,-8.07,9.70
2026-03-03 13:55:00+00:00,-9.04,-2.19,-1.34,193.64,-8.21,9.40
2026-03-03 13:56:00+00:00,-8.90,1.65,-3.73,169.49,-22.39,9.79
2026-03-03 13:57:00+00:00,-8.55,3.79,-2.40,156.13,-14.42,9.66
2026-03-03 13:58:00+00:00,-8.18,5.04,-2.06,148.37,-12.10,9.83
2026-03-03 13:59:00+00:00,-5.91,5.78,-4.93,135.68,-30.82,9.63
2026-03-03 14:00:00+00:00,-5.25,6.48,-4.78,129.04,-29.83,9.61
2026-03-03 14:01:00+00:00,-4.17,6.53,-5.64,122.59,-36.03,9.58
2026-03-03 14:02:00+00:00,-3.65,7.10,-5.71,117.22,-35.55,9.82
2026-03-03 14:03:00+00:00,-4.16,6.82,-5.59,121.39,-34.96,9.75
2026-03-03 14:04:00+00:00,-3.98,7.08,-5.36,119.33,-33.44,9.73
2026-03-03 14:05:00+00:00,-2.70,7.63,-4.61,109.48,-29.65,9.31
2026-03-03 14:06:00+00:00,-1.92,8.93,-3.60,102.12,-21.50,9.82
2026-03-03 14:07:00+00:00,-2.72,9.03,-2.96,106.75,-17.44,9.88
2026-03-03 14:08:00+00:00,-1.74,9.17,-2.81,100.75,-16.74,9.75
2026-03-03 14:09:00+00:00,-1.17,9.63,-2.87,96.93,-16.46,10.12
2026-03-03 14:10:00+00:00,-4.29,8.77,-2.31,116.05,-13.32,10.03
2026-03-03 14:11:00+00:00,-2.60,9.35,-2.17,105.51,-12.63,9.94
2026-03-03 14:12:00+00:00,-3.18,10.19,0.27,107.32,1.43,10.68
2026-03-03 14:13:00+00:00,-2.85,10.21,-0.08,105.61,-0.42,10.60
2026-03-03 14:14:00+00:00,-2.72,10.35,0.33,104.73,1.76,10.71
2026-03-03 14:15:00+00:00,-2.21,10.49,0.48,101.90,2.58,10.73
2026-03-03 14:16:00+00:00,-1.98,10.08,2.67,101.11,14.58,10.62
2026-03-03 14:17:00+00:00,-1.74,9.75,4.08,100.14,22.40,10.71
2026-03-03 14:18:00+00:00,-2.28,10.06,3.12,102.75,16.81,10.78
2026-03-03 14:19:00+00:00,-2.07,10.40,2.12,101.26,11.30,10.81
2026-03-03 14:20:00+00:00,-2.60,10.26,2.38,104.21,12.68,10.85
2026-03-03 14:21:00+00:00,-2.56,10.39,0.71,103.84,3.81,10.73
2026-03-03 14:22:00+00:00,0.51,9.62,-2.57,86.97,-14.93,9.97
2026-03-03 14:23:00+00:00,1.80,9.21,-3.95,78.95,-22.85,10.18
2026-03-03 14:24:00+00:00,2.54,8.92,-4.24,74.08,-24.55,10.20
2026-03-03 14:25:00+00:00,2.84,8.96,-3.97,72.41,-22.92,10.20
2026-03-03 14:26:00+00:00,1.62,9.94,-2.22,80.75,-12.43,10.31
2026-03-03 14:27:00+00:00,0.11,10.18,-1.86,89.35,-10.38,10.35
2026-03-03 14:28:00+00:00,-0.19,10.33,-2.16,91.07,-11.82,10.56
2026-03-03 14:29:00+00:00,0.11,10.32,-2.15,89.38,-11.79,10.54
2026-03-03 14:30:00+00:00,0.12,10.27,-2.26,89.33,-12.42,10.52
2026-03-03 14:31:00+00:00,0.34,10.33,-2.01,88.12,-11.03,10.53
2026-03-03 14:32:00+00:00,0.43,10.40,-1.61,87.66,-8.79,10.53
2026-03-03 14:33:00+00:00,1.23,10.38,-1.35,83.24,-7.34,10.54
2026-03-03 14:34:00+00:00,0.15,10.60,-1.22,89.22,-6.59,10.68
2026-03-03 14:35:00+00:00,0.43,10.61,-0.66,87.69,-3.56,10.64
2026-03-03 14:36:00+00:00,1.74,10.40,-0.35,80.52,-1.93,10.55
2026-03-03 14:37:00+00:00,1.37,10.46,-0.29,82.56,-1.58,10.56
2026-03-03 14:38:00+00:00,-1.30,9.88,-3.59,97.51,-19.78,10.60
2026-03-03 14:39:00+00:00,-2.35,9.40,-4.65,104.02,-25.61,10.75
2026-03-03 14:40:00+00:00,-3.07,9.20,-5.00,108.48,-27.29,10.91
2026-03-03 14:41:00+00:00,-3.57,8.38,-5.91,113.09,-32.98,10.86
2026-03-03 14:42:00+00:00,-3.01,9.09,-4.57,108.30,-25.52,10.61
2026-03-03 14:43:00+00:00,-2.40,10.23,-2.47,103.18,-13.22,10.80
2026-03-03 14:44:00+00:00,-2.82,10.16,-2.43,105.53,-12.98,10.82
2026-03-03 14:45:00+00:00,-3.42,9.99,-2.23,108.93,-11.93,10.79
2026-03-03 14:46:00+00:00,-2.84,9.11,-3.83,107.32,-21.89,10.28
2026-03-03 14:47:00+00:00,-2.27,9.63,3.31,103.24,18.48,10.43
2026-03-03 14:48:00+00:00,-2.33,9.12,4.79,104.35,26.98,10.57
2026-03-03 14:49:00+00:00,-3.03,9.68,3.16,107.36,17.33,10.63
2026-03-03 14:50:00+00:00,-3.24,9.68,3.75,108.52,20.16,10.87
2026-03-03 14:51:00+00:00,-3.33,7.79,6.56,113.13,37.78,10.71
2026-03-03 14:52:00+00:00,-3.39,8.34,6.02,112.12,33.76,10.83
2026-03-03 14:53:00+00:00,-3.63,8.30,5.87,113.64,32.96,10.79
2026-03-03 14:54:00+00:00,-4.00,3.68,8.76,137.39,58.20,10.31
2026-03-03 14:55:00+00:00,-2.71,9.61,2.67,105.73,14.98,10.34
2026-03-03 14:56:00+00:00,-2.42,10.49,-0.49,102.96,-2.58,10.78
2026-03-03 14:57:00+00:00,-0.78,9.83,-4.15,94.53,-22.81,10.70
2026-03-03 14:58:00+00:00,-0.24,10.60,0.08,91.30,0.42,10.60
2026-03-03 14:59:00+00:00,0.88,10.36,-1.79,85.15,-9.80,10.55
2026-03-03 15:00:00+00:00,-1.15,10.82,0.02,96.05,0.11,10.88
2026-03-03 15:01:00+00:00,-2.62,10.65,-0.92,103.82,-4.78,11.01
2026-03-03 15:02:00+00:00,-3.15,10.56,-0.65,106.61,-3.37,11.04
2026-03-03 15:03:00+00:00,-3.55,10.45,-1.14,108.77,-5.89,11.09
2026-03-03 15:04:00+00:00,-1.49,10.68,-1.02,97.94,-5.42,10.83
2026-03-03 15:05:00+00:00,-0.18,10.80,-0.18,90.96,-0.98,10.81
2026-03-03 15:06:00+00:00,-0.24,10.80,-0.32,91.27,-1.71,10.81
2026-03-03 15:07:00+00:00,-1.15,10.79,-0.15,96.07,-0.80,10.85
2026-03-03 15:08:00+00:00,-0.97,10.87,0.03,95.12,0.13,10.91
2026-03-03 15:09:00+00:00,-1.00,10.84,0.89,95.25,4.66,10.93
2026-03-03 15:10:00+00:00,-1.57,10.79,1.29,98.27,6.76,10.98
2026-03-03 15:11:00+00:00,-2.25,10.75,1.40,101.83,7.24,11.07
2026-03-03 15:12:00+00:00,-2.52,10.56,0.52,103.44,2.73,10.87
2026-03-03 15:13:00+00:00,-4.54,9.56,-1.76,115.38,-9.45,10.73
2026-03-03 15:14:00+00:00,-4.67,9.29,-2.95,116.67,-15.83,10.81
2026-03-03 15:15:00+00:00,-3.91,9.72,-2.89,111.94,-15.42,10.87
2026-03-03 15:16:00+00:00,-4.51,9.17,-3.77,116.20,-20.27,10.90
2026-03-03 15:17:00+00:00,-5.63,8.53,-4.18,123.45,-22.26,11.04
2026-03-03 15:18:00+00:00,-5.45,7.65,-5.33,125.48,-29.56,10.80
2026-03-03 15:19:00+00:00,-6.02,7.90,-4.55,127.29,-24.62,10.92
2026-03-03 15:20:00+00:00,-6.05,7.34,-5.24,129.50,-28.86,10.86
2026-03-03 15:21:00+00:00,-6.36,8.55,-2.86,126.63,-15.05,11.03
2026-03-03 15:22:00+00:00,-6.67,8.57,-2.37,127.88,-12.32,11.12
2026-03-03 15:23:00+00:00,-6.08,8.77,-2.84,124.74,-14.88,11.04
2026-03-03 15:24:00+00:00,-6.39,8.46,-2.66,127.06,-14.08,10.93
2026-03-03 15:25:00+00:00,-5.97,8.55,-3.29,124.93,-17.51,10.93
2026-03-03 15:26:00+00:00,-5.56,8.40,-4.26,123.49,-22.93,10.93
2026-03-03 15:27:00+00:00,-5.70,8.20,-4.14,124.79,-22.50,10.81
2026-03-03 15:28:00+00:00,-5.22,8.20,-3.09,122.48,-17.65,10.20
2026-03-03 15:29:00+00:00,-3.76,4.15,6.54,132.19,49.45,8.61
2026-03-03 15:30:00+00:00,-3.08,1.57,9.33,153.03,69.70,9.95
2026-03-03 15:31:00+00:00,-3.52,1.22,9.34,160.81,68.28,10.06
2026-03-03 15:32:00+00:00,-4.38,2.74,8.73,148.03,59.38,10.14
2026-03-03 15:33:00+00:00,-4.84,3.70,8.26,142.58,53.58,10.26
2026-03-03 15:34:00+00:00,-3.21,0.97,10.47,163.10,72.26,10.99
2026-03-03 15:35:00+00:00,-1.95,0.69,10.77,160.53,79.10,10.96
2026-03-03 15:36:00+00:00,-1.16,2.02,10.37,119.86,77.34,10.63
2026-03-03 15:37:00+00:00,-1.67,3.10,9.69,118.28,70.02,10.31
2026-03-03 15:38:00+00:00,-4.98,0.74,9.89,171.59,63.02,11.10
2026-03-03 15:39:00+00:00,-5.07,-0.40,9.75,184.49,62.42,11.00
2026-03-03 15:40:00+00:00,-4.09,1.52,9.87,159.66,66.16,10.79
2026-03-03 15:41:00+00:00,-5.60,2.19,9.11,158.66,56.59,10.91
2026-03-03 15:42:00+00:00,-5.75,2.66,9.00,155.21,54.84,11.01
2026-03-03 15:43:00+00:00,-5.18,3.18,9.19,148.45,56.53,11.01
2026-03-03 15:44:00+00:00,-5.41,4.08,8.49,142.92,51.42,10.87
2026-03-03 15:45:00+00:00,-6.22,4.59,7.41,143.57,43.77,10.71
2026-03-03 15:46:00+00:00,-3.64,3.27,9.36,138.00,62.40,10.56
2026-03-03 15:47:00+00:00,-2.09,3.79,9.31,118.88,65.08,10.26
2026-03-03 15:48:00+00:00,-3.48,3.48,9.41,135.02,62.40,10.62
2026-03-03 15:49:00+00:00,-3.06,6.35,8.01,115.77,48.66,10.67
2026-03-03 15:50:00+00:00,-3.63,6.68,7.77,118.53,45.61,10.88
2026-03-03 15:51:00+00:00,-3.86,6.53,7.68,120.60,45.38,10.80
2026-03-03 15:52:00+00:00,-2.80,7.56,7.07,110.34,41.28,10.72
2026-03-03 15:53:00+00:00,-3.06,7.17,6.65,113.10,40.46,10.25
2026-03-03 15:54:00+00:00,-4.51,6.94,5.26,123.01,32.44,9.80
2026-03-03 15:55:00+00:00,-3.11,9.80,3.10,107.60,16.77,10.74
2026-03-03 15:56:00+00:00,-2.85,10.18,1.65,105.63,8.87,10.70
2026-03-03 15:57:00+00:00,-3.87,9.92,2.84,111.32,14.93,11.02
2026-03-03 15:58:00+00:00,-6.92,6.51,3.68,136.75,21.17,10.19
2026-03-03 16:00:00+00:00,2.77,9.32,0.54,73.46,3.19,9.74
2026-03-03 16:01:00+00:00,1.19,9.63,2.53,82.95,14.62,10.03
2026-03-03 16:02:00+00:00,0.68,9.42,3.24,85.86,18.91,9.98
2026-03-03 16:03:00+00:00,0.01,7.09,6.49,89.90,42.47,9.61
2026-03-03 16:04:00+00:00,-0.92,7.82,4.63,96.70,30.45,9.13
2026-03-03 16:05:00+00:00,0.11,9.65,-1.59,89.35,-9.37,9.78
2026-03-03 16:06:00+00:00,-2.28,9.60,2.43,103.38,13.85,10.16
2026-03-03 16:07:00+00:00,-3.97,8.44,4.40,115.21,25.28,10.31
2026-03-03 16:08:00+00:00,-3.44,9.75,3.33,109.45,17.84,10.86
2026-03-03 16:09:00+00:00,-3.24,9.90,2.77,108.13,14.88,10.78
2026-03-03 16:10:00+00:00,-3.13,10.03,1.54,107.34,8.34,10.62
2026-03-03 16:11:00+00:00,-1.55,10.05,0.16,98.77,0.91,10.17
2026-03-03 16:12:00+00:00,-0.62,10.19,-1.21,93.48,-6.79,10.28
2026-03-03 16:13:00+00:00,-3.54,8.46,4.74,112.73,27.33,10.32
2026-03-03 16:14:00+00:00,-2.93,9.26,3.76,107.53,21.18,10.42
2026-03-03 16:15:00+00:00,-3.72,9.07,2.96,112.31,16.79,10.24
2026-03-03 16:16:00+00:00,-3.80,8.72,-1.54,113.53,-9.18,9.63
2026-03-03 16:17:00+00:00,-6.38,6.06,-4.44,136.48,-26.77,9.86
2026-03-03 16:18:00+00:00,-6.11,5.81,-5.84,136.41,-34.69,10.26
2026-03-03 16:19:00+00:00,-5.80,5.87,-5.84,134.67,-35.31,10.11
2026-03-03 16:20:00+00:00,-6.82,4.29,-6.31,147.80,-38.07,10.23
2026-03-03 16:21:00+00:00,-7.94,4.60,-4.91,149.92,-28.15,10.41
2026-03-03 16:22:00+00:00,-6.76,4.77,-6.03,144.77,-36.06,10.24
2026-03-03 16:23:00+00:00,-5.86,4.94,-6.71,139.83,-41.18,10.18
2026-03-03 16:24:00+00:00,-4.23,5.17,-7.48,129.32,-48.25,10.03
2026-03-03 16:25:00+00:00,-7.95,5.72,-2.46,144.26,-14.11,10.10
2026-03-03 16:26:00+00:00,-3.76,4.43,-8.19,130.32,-54.64,10.04
2026-03-03 16:27:00+00:00,-3.97,2.77,-8.85,145.12,-61.30,10.09
2026-03-03 16:28:00+00:00,-5.79,5.69,-5.88,135.52,-35.90,10.02
2026-03-03 16:29:00+00:00,-5.78,5.04,-6.52,138.91,-40.37,10.07
2026-03-03 16:30:00+00:00,-4.98,4.32,-6.73,139.06,-45.58,9.42
2026-03-03 16:31:00+00:00,-4.45,3.64,-7.86,140.74,-53.82,9.74
2026-03-03 16:32:00+00:00,-3.74,3.81,-8.52,134.50,-57.94,10.05
2026-03-03 16:33:00+00:00,-3.74,3.44,-8.59,137.38,-59.42,9.98
2026-03-03 16:34:00+00:00,-3.65,2.85,-9.04,141.98,-62.86,10.16
2026-03-03 16:35:00+00:00,-3.17,0.66,-9.55,168.23,-71.29,10.09
2026-03-03 16:36:00+00:00,-3.16,0.03,-9.59,179.37,-71.77,10.10
2026-03-03 16:37:00+00:00,-4.03,2.37,-8.75,149.52,-61.87,9.92
2026-03-03 16:38:00+00:00,-3.43,-2.05,-8.84,210.86,-65.67,9.70
2026-03-03 16:39:00+00:00,-3.61,2.61,-7.74,144.20,-60.08,8.93
2026-03-03 16:40:00+00:00,-2.69,-0.51,-9.36,190.76,-73.67,9.75
2026-03-03 16:41:00+00:00,-1.82,2.51,-9.48,125.94,-71.92,9.98
2026-03-03 16:42:00+00:00,-0.06,5.82,-8.44,90.62,-55.42,10.25
2026-03-03 16:43:00+00:00,-1.23,5.00,-8.82,103.81,-59.72,10.21
2026-03-03 16:44:00+00:00,0.16,7.20,-7.12,88.73,-44.68,10.13
2026-03-03 16:45:00+00:00,0.94,7.68,-6.50,83.02,-40.04,10.10
2026-03-03 16:46:00+00:00,0.72,9.22,-4.65,85.54,-26.69,10.35
2026-03-03 16:47:00+00:00,1.84,9.52,-3.49,79.05,-19.80,10.30
2026-03-03 16:48:00+00:00,3.16,9.46,-1.48,71.53,-8.41,10.08
2026-03-03 16:49:00+00:00,2.26,9.82,-0.50,77.04,-2.84,10.09
2026-03-03 16:50:00+00:00,3.28,9.51,0.28,70.96,1.61,10.06
2026-03-03 16:51:00+00:00,2.87,9.69,1.07,73.50,6.02,10.16
2026-03-03 16:52:00+00:00,1.18,9.96,2.77,83.24,15.44,10.41
2026-03-03 16:53:00+00:00,0.17,9.76,3.53,88.98,19.86,10.38
2026-03-03 16:54:00+00:00,-1.03,9.61,3.28,96.12,18.72,10.21
2026-03-03 16:55:00+00:00,-2.79,10.05,-0.92,105.53,-5.03,10.47
2026-03-03 16:56:00+00:00,-2.19,10.39,1.32,101.88,7.10,10.70
2026-03-03 16:57:00+00:00,-2.10,9.95,2.80,101.92,15.37,10.55
2026-03-03 16:58:00+00:00,-0.08,7.91,6.86,90.57,40.96,10.47
2026-03-03 16:59:00+00:00,-1.94,7.26,7.22,104.98,43.86,10.42
2026-03-03 17:00:00+00:00,-2.93,6.72,7.45,113.59,45.47,10.45
2026-03-03 17:01:00+00:00,-2.88,6.66,7.67,113.36,46.61,10.55
2026-03-03 17:02:00+00:00,-3.47,7.03,7.07,116.28,42.07,10.56
2026-03-03 17:03:00+00:00,-2.79,6.07,8.02,114.64,50.22,10.44
2026-03-03 17:04:00+00:00,-2.89,7.55,6.55,110.98,39.01,10.40
2026-03-03 17:05:00+00:00,-2.40,5.34,8.60,114.24,55.76,10.40
2026-03-03 17:06:00+00:00,-1.88,6.49,7.82,106.16,49.16,10.34
2026-03-03 17:07:00+00:00,-1.37,7.17,7.22,100.78,44.70,10.27
2026-03-03 17:08:00+00:00,-1.80,6.64,7.88,105.14,48.88,10.46
2026-03-03 17:09:00+00:00,-2.32,6.37,8.03,110.01,49.83,10.51
2026-03-03 17:10:00+00:00,-2.72,6.02,8.07,114.32,50.69,10.44
2026-03-03 17:11:00+00:00,-2.73,5.70,8.45,115.62,53.22,10.56
2026-03-03 17:12:00+00:00,-2.84,6.01,8.27,115.34,51.22,10.61
2026-03-03 17:13:00+00:00,-1.79,4.76,9.28,110.67,61.27,10.58
2026-03-03 17:14:00+00:00,-2.48,5.77,8.45,113.25,53.36,10.52
2026-03-03 17:15:00+00:00,-2.63,5.74,8.48,114.64,53.31,10.58
2026-03-03 17:16:00+00:00,-2.90,6.25,7.97,114.89,49.17,10.54
2026-03-03 17:17:00+00:00,-2.80,5.98,8.40,115.10,51.85,10.68
2026-03-03 17:18:00+00:00,-2.29,5.34,8.05,113.20,54.16,9.92
2026-03-03 17:19:00+00:00,-2.76,5.41,7.52,117.04,51.09,9.66
2026-03-03 17:20:00+00:00,-2.51,4.86,8.44,117.30,57.07,10.05
2026-03-03 17:21:00+00:00,-2.06,4.25,9.34,115.87,63.19,10.46
2026-03-03 17:22:00+00:00,-1.39,3.37,9.85,112.41,69.67,10.50
2026-03-03 17:23:00+00:00,-0.73,4.46,9.53,99.26,64.65,10.55
2026-03-03 17:24:00+00:00,-0.84,5.38,8.94,98.85,58.63,10.47
2026-03-03 17:25:00+00:00,-0.14,6.07,8.40,91.34,54.14,10.37
2026-03-03 17:26:00+00:00,0.03,5.56,8.78,89.67,57.65,10.39
2026-03-03 17:27:00+00:00,0.41,5.18,8.89,85.44,59.68,10.30
2026-03-03 17:28:00+00:00,-1.76,6.01,8.40,106.29,53.27,10.48
2026-03-03 17:29:00+00:00,-3.13,5.50,8.55,119.63,53.47,10.64
2026-03-03 17:30:00+00:00,-3.70,5.96,7.80,121.87,48.05,10.49
2026-03-03 17:31:00+00:00,-1.54,4.83,9.23,107.66,61.25,10.53
2026-03-03 17:32:00+00:00,-2.14,5.27,8.83,112.10,57.23,10.50
2026-03-03 17:33:00+00:00,-2.23,5.56,8.65,111.85,55.28,10.52
2026-03-03 17:34:00+00:00,-3.22,5.53,8.40,120.23,52.70,10.56
2026-03-03 17:35:00+00:00,-3.09,6.17,7.97,116.58,49.12,10.54
2026-03-03 17:36:00+00:00,-4.34,5.85,7.78,126.59,46.86,10.66
2026-03-03 17:37:00+00:00,-5.42,5.17,7.63,136.36,45.55,10.69
2026-03-03 17:38:00+00:00,-5.44,5.16,7.70,136.50,45.76,10.75
2026-03-03 17:39:00+00:00,-4.11,6.82,7.07,121.10,41.61,10.65
2026-03-03 17:40:00+00:00,-4.82,6.21,7.21,127.80,42.51,10.66
2026-03-03 17:41:00+00:00,-4.59,6.50,7.06,125.26,41.57,10.64
2026-03-03 17:42:00+00:00,-4.87,6.86,6.49,125.37,37.62,10.63
2026-03-03 17:43:00+00:00,-4.09,7.23,6.71,119.51,38.95,10.68
2026-03-03 17:44:00+00:00,-4.32,7.24,6.62,120.84,38.14,10.71
2026-03-03 17:45:00+00:00,-3.75,7.50,6.40,116.53,37.34,10.55
2026-03-03 17:46:00+00:00,-3.43,8.44,5.38,112.11,30.55,10.58
2026-03-03 17:47:00+00:00,-3.74,8.73,4.42,113.20,24.96,10.48
2026-03-03 17:48:00+00:00,-3.33,8.43,4.93,111.57,28.53,10.31
2026-03-03 17:49:00+00:00,-3.10,6.92,7.03,114.10,42.86,10.34
2026-03-03 17:50:00+00:00,-3.20,6.70,7.21,115.54,44.15,10.35
2026-03-03 17:51:00+00:00,-3.37,4.51,8.62,126.74,56.86,10.29
2026-03-03 17:52:00+00:00,-5.93,4.75,7.12,141.28,43.15,10.42
2026-03-03 17:53:00+00:00,-2.48,7.91,5.80,107.38,34.95,10.12
2026-03-03 17:54:00+00:00,-2.37,7.44,6.61,107.64,40.23,10.23
2026-03-03 17:55:00+00:00,-3.20,7.38,6.44,113.47,38.69,10.30
2026-03-03 17:56:00+00:00,-2.52,7.75,6.35,108.02,37.94,10.33
2026-03-03 17:57:00+00:00,-2.91,7.38,6.45,111.50,39.10,10.22
2026-03-03 17:58:00+00:00,-3.65,6.09,7.39,120.95,46.14,10.25
2026-03-03 17:59:00+00:00,-4.08,6.11,7.09,123.71,43.98,10.21
2026-03-03 18:00:00+00:00,-3.93,6.62,6.65,120.70,40.80,10.18
2026-03-03 18:01:00+00:00,-3.58,6.59,6.74,118.52,41.93,10.09
2026-03-03 18:02:00+00:00,-3.18,6.72,6.68,115.29,41.95,10.00
2026-03-03 18:03:00+00:00,-2.41,6.21,7.73,111.19,49.24,10.20
2026-03-03 18:04:00+00:00,-2.16,5.94,7.64,109.97,50.37,9.91
2026-03-03 18:05:00+00:00,-2.45,6.35,7.44,111.09,47.56,10.08
2026-03-03 18:06:00+00:00,-2.01,6.13,7.52,108.19,49.38,9.91
2026-03-03 18:07:00+00:00,-1.70,6.04,7.61,105.70,50.49,9.86
2026-03-03 18:08:00+00:00,-1.68,6.11,7.63,105.41,50.28,9.92
2026-03-03 18:09:00+00:00,-1.77,6.38,7.33,105.49,47.92,9.88
2026-03-03 18:10:00+00:00,-1.25,6.52,7.04,100.86,46.68,9.67
2026-03-03 18:11:00+00:00,-1.44,6.63,6.77,102.23,44.96,9.58
2026-03-03 18:12:00+00:00,-1.87,6.67,6.69,105.65,44.00,9.63
2026-03-03 18:13:00+00:00,-2.41,5.71,6.06,112.84,44.38,8.67
2026-03-03 18:14:00+00:00,-2.45,4.68,5.48,117.60,46.08,7.61
2026-03-03 18:15:00+00:00,-2.30,4.09,4.37,119.37,42.95,6.42
2026-03-03 18:16:00+00:00,-2.73,4.84,3.45,119.45,31.85,6.54
2026-03-03 18:17:00+00:00,-2.47,5.08,5.89,115.88,46.21,8.17
2026-03-03 18:18:00+00:00,-2.85,5.65,5.32,116.72,40.06,8.27
2026-03-03 18:19:00+00:00,-5.29,7.46,1.87,125.36,11.54,9.33
2026-03-03 18:20:00+00:00,-4.32,7.90,3.57,118.70,21.65,9.69
2026-03-03 18:21:00+00:00,-3.97,7.91,3.65,116.68,22.39,9.57
2026-03-03 18:22:00+00:00,-3.73,8.20,3.10,114.45,18.99,9.53
2026-03-03 18:23:00+00:00,-3.98,8.68,1.47,114.64,8.73,9.66
2026-03-03 18:24:00+00:00,-5.30,7.03,3.03,126.99,19.00,9.31
2026-03-03 18:25:00+00:00,-5.10,4.89,6.00,136.18,40.32,9.27
2026-03-03 18:26:00+00:00,-4.29,4.92,6.42,131.08,44.50,9.16
2026-03-03 18:27:00+00:00,-4.99,6.18,4.44,128.89,29.23,9.10
2026-03-03 18:28:00+00:00,-5.64,6.96,2.73,129.02,16.93,9.36
2026-03-03 18:29:00+00:00,-5.49,6.92,3.86,128.46,23.61,9.64
2026-03-03 18:30:00+00:00,-4.84,7.94,2.70,121.36,16.19,9.69
2026-03-03 18:31:00+00:00,-5.10,7.89,2.48,122.88,14.80,9.71
2026-03-03 18:32:00+00:00,-6.74,7.11,0.97,133.46,5.65,9.84
2026-03-03 18:33:00+00:00,-7.41,6.75,-0.48,137.66,-2.73,10.03
2026-03-03 18:34:00+00:00,-7.69,6.20,-1.25,141.13,-7.20,9.96
2026-03-03 18:35:00+00:00,-7.57,6.16,-1.56,140.86,-9.05,9.89
2026-03-03 18:36:00+00:00,-6.23,7.44,-1.79,129.95,-10.44,9.87
2026-03-03 18:37:00+00:00,-5.36,7.58,-2.42,125.26,-14.60,9.60
2026-03-03 18:38:00+00:00,-5.51,7.21,-3.13,127.35,-19.02,9.60
2026-03-03 18:39:00+00:00,-6.06,6.64,-3.47,132.42,-21.11,9.64
2026-03-03 18:40:00+00:00,-3.49,5.11,-6.76,124.32,-47.54,9.16
2026-03-03 18:41:00+00:00,-2.08,1.98,-6.90,136.38,-67.35,7.47
2026-03-03 18:42:00+00:00,-1.02,-0.16,-8.42,188.85,-83.00,8.48
2026-03-03 18:43:00+00:00,-0.64,-1.23,-9.03,242.58,-81.28,9.13
2026-03-03 18:44:00+00:00,-0.88,-1.43,-9.63,238.22,-80.13,9.78
2026-03-03 18:45:00+00:00,-0.60,-1.42,-9.34,247.24,-80.64,9.46
2026-03-03 18:46:00+00:00,-0.12,-1.30,-9.31,264.89,-82.03,9.40
2026-03-03 18:47:00+00:00,0.04,-1.26,-9.39,271.96,-82.36,9.48
2026-03-03 18:48:00+00:00,0.45,-0.93,-9.53,295.69,-83.80,9.58
2026-03-03 18:49:00+00:00,0.43,-0.65,-9.64,303.35,-85.41,9.68
2026-03-03 18:50:00+00:00,0.83,-0.93,-9.60,311.70,-82.63,9.68
2026-03-03 18:51:00+00:00,0.68,-1.11,-9.58,301.72,-82.27,9.67
2026-03-03 18:52:00+00:00,0.45,-1.38,-9.56,288.24,-81.35,9.67
2026-03-03 18:53:00+00:00,0.28,-1.28,-9.50,282.38,-82.12,9.59
2026-03-03 18:54:00+00:00,0.44,-1.39,-9.52,287.57,-81.26,9.63
2026-03-03 18:55:00+00:00,0.42,-1.56,-9.52,285.00,-80.40,9.66
2026-03-03 18:56:00+00:00,0.81,-2.13,-9.40,290.77,-76.36,9.67
2026-03-03 18:57:00+00:00,0.87,-1.98,-9.30,293.86,-76.92,9.55
2026-03-03 18:58:00+00:00,0.17,-1.31,-9.52,277.38,-82.09,9.61
2026-03-03 18:59:00+00:00,0.03,-1.62,-9.61,270.91,-80.45,9.75
2026-03-03 19:00:00+00:00,-0.39,-1.58,-9.42,256.19,-80.21,9.56
2026-03-03 19:01:00+00:00,-1.85,0.53,-9.12,164.06,-78.12,9.32
2026-03-03 19:02:00+00:00,-2.29,0.87,-9.20,159.06,-75.11,9.52
2026-03-03 19:03:00+00:00,-1.64,0.03,-9.35,179.10,-80.07,9.49
2026-03-03 19:04:00+00:00,-1.92,-0.03,-9.71,180.79,-78.82,9.90
2026-03-03 19:05:00+00:00,-1.97,-0.75,-9.47,200.76,-77.43,9.70
2026-03-03 19:06:00+00:00,-1.81,-1.07,-9.46,210.66,-77.47,9.69
2026-03-03 19:07:00+00:00,-1.67,-1.00,-9.50,210.81,-78.43,9.69
2026-03-03 19:08:00+00:00,-2.29,-0.21,-9.48,185.32,-76.38,9.76
2026-03-03 19:09:00+00:00,-3.24,0.17,-9.40,176.99,-70.94,9.94
2026-03-03 19:10:00+00:00,-2.16,0.54,-9.65,166.06,-77.00,9.90
2026-03-03 19:11:00+00:00,-2.42,1.40,-9.44,149.98,-73.53,9.84
2026-03-03 19:12:00+00:00,-3.18,2.34,-8.87,143.65,-66.01,9.71
2026-03-03 19:13:00+00:00,-3.23,2.57,-8.76,141.56,-64.78,9.69
2026-03-03 19:14:00+00:00,-2.35,2.33,-9.00,135.23,-69.78,9.59
2026-03-03 19:15:00+00:00,-2.59,2.01,-9.06,142.19,-70.14,9.64
2026-03-03 19:16:00+00:00,-1.81,2.22,-9.26,129.06,-72.80,9.69
2026-03-03 19:17:00+00:00,0.08,3.05,-9.02,88.50,-71.32,9.52
2026-03-03 19:18:00+00:00,-0.25,2.95,-9.12,94.93,-72.02,9.59
2026-03-03 19:19:00+00:00,-0.19,2.87,-9.12,93.83,-72.52,9.56
2026-03-03 19:20:00+00:00,1.68,3.93,-8.34,66.92,-62.86,9.37
2026-03-03 19:21:00+00:00,1.11,3.24,-8.84,71.04,-68.79,9.48
2026-03-03 19:22:00+00:00,0.73,3.46,-8.87,78.13,-68.24,9.55
2026-03-03 19:23:00+00:00,1.53,3.33,-8.63,65.41,-66.99,9.38
2026-03-03 19:24:00+00:00,1.79,4.80,-7.81,69.55,-56.78,9.34
2026-03-03 19:25:00+00:00,2.26,5.03,-7.48,65.77,-53.57,9.29
2026-03-03 19:26:00+00:00,0.51,4.80,-7.75,83.98,-58.10,9.12
2026-03-03 19:27:00+00:00,-2.02,1.31,-9.43,147.12,-75.68,9.73
2026-03-03 19:28:00+00:00,-1.33,1.34,-9.63,134.83,-78.91,9.81
2026-03-03 19:29:00+00:00,-0.43,1.20,-9.46,109.82,-82.34,9.54
2026-03-03 19:30:00+00:00,-1.36,1.81,-9.32,126.83,-76.34,9.60
2026-03-03 19:31:00+00:00,-2.30,3.36,-8.61,124.39,-64.71,9.53
2026-03-03 19:32:00+00:00,-2.06,4.47,-7.91,114.69,-58.12,9.32
2026-03-03 19:33:00+00:00,-1.75,4.04,-8.18,113.40,-61.72,9.29
2026-03-03 19:34:00+00:00,-0.81,2.39,-8.82,108.77,-74.04,9.17
2026-03-03 19:35:00+00:00,-0.54,2.90,-8.60,100.64,-71.08,9.09
2026-03-03 19:36:00+00:00,-1.17,2.51,-8.64,114.91,-72.21,9.07
2026-03-03 19:37:00+00:00,0.06,6.44,-5.98,89.45,-42.86,8.79
2026-03-03 19:38:00+00:00,0.39,6.02,-6.52,86.25,-47.19,8.88
2026-03-03 19:39:00+00:00,0.10,3.85,-8.13,88.54,-64.66,8.99
2026-03-03 19:40:00+00:00,-0.45,4.03,-8.00,96.34,-63.10,8.97
2026-03-03 19:41:00+00:00,-0.70,4.54,-7.73,98.74,-59.30,8.99
2026-03-03 19:42:00+00:00,-0.11,2.85,-8.61,92.31,-71.66,9.07
2026-03-03 19:43:00+00:00,-0.44,4.36,-6.54,95.80,-56.18,7.87
2026-03-03 19:44:00+00:00,-1.07,0.53,-6.99,153.72,-80.35,7.09
2026-03-03 19:45:00+00:00,-0.99,-2.91,-8.12,251.28,-69.27,8.68
2026-03-03 19:46:00+00:00,-1.14,-1.34,-8.44,229.52,-78.24,8.62
2026-03-03 19:47:00+00:00,-1.25,-2.19,-8.37,240.29,-73.26,8.74
2026-03-03 19:48:00+00:00,-0.46,-1.44,-8.31,252.42,-79.71,8.44
2026-03-03 19:49:00+00:00,-0.42,-1.82,-8.67,256.85,-77.86,8.87
2026-03-03 19:50:00+00:00,0.59,-1.86,-8.60,287.71,-77.18,8.82
2026-03-03 19:51:00+00:00,2.84,-2.86,-7.64,314.80,-62.19,8.64
2026-03-03 19:52:00+00:00,0.37,-1.36,-7.97,285.39,-79.99,8.09
2026-03-03 19:53:00+00:00,-3.31,1.72,-7.17,152.56,-62.53,8.08
2026-03-03 19:54:00+00:00,-3.64,1.25,-7.51,161.04,-62.86,8.44
2026-03-03 19:55:00+00:00,-3.05,0.86,-8.05,164.33,-68.52,8.65
2026-03-03 19:56:00+00:00,-2.79,0.48,-8.38,170.23,-71.36,8.85
2026-03-03 19:57:00+00:00,-2.73,0.71,-8.33,165.46,-71.30,8.79
2026-03-03 19:58:00+00:00,-2.93,1.28,-8.09,156.31,-68.45,8.70
2026-03-03 19:59:00+00:00,-1.89,0.93,-7.45,153.70,-74.22,7.74
2026-03-03 20:00:00+00:00,-1.35,0.34,-6.51,165.74,-77.89,6.66
2026-03-03 20:01:00+00:00,-1.78,0.80,-3.21,155.81,-58.70,3.76
2026-03-03 20:02:00+00:00,-2.35,1.43,-5.08,148.78,-61.58,5.78
2026-03-03 20:03:00+00:00,-0.48,0.01,-8.01,178.89,-86.57,8.03
2026-03-03 20:04:00+00:00,0.99,-2.05,-8.03,295.76,-74.14,8.35
2026-03-03 20:05:00+00:00,0.43,-2.05,-8.02,281.71,-75.36,8.29
2026-03-03 20:06:00+00:00,-0.31,-1.32,-7.82,256.77,-80.18,7.94
2026-03-03 20:07:00+00:00,-3.87,1.39,-4.39,160.29,-46.89,6.01
2026-03-03 20:08:00+00:00,-0.12,-1.59,-6.56,265.61,-76.31,6.75
2026-03-03 20:09:00+00:00,2.18,-4.01,-6.58,298.56,-55.26,8.01
2026-03-03 20:10:00+00:00,-2.31,6.44,0.94,109.72,7.79,6.91
2026-03-03 20:11:00+00:00,-3.33,5.94,4.94,119.29,35.95,8.42
2026-03-03 20:12:00+00:00,-3.87,3.60,6.97,137.09,52.85,8.75
2026-03-03 20:13:00+00:00,-3.85,3.19,7.86,140.39,57.52,9.32
2026-03-03 20:14:00+00:00,-3.53,4.04,7.53,131.14,54.54,9.24
2026-03-03 20:15:00+00:00,-3.77,4.65,6.95,128.97,49.25,9.17
2026-03-03 20:16:00+00:00,-2.93,5.27,6.08,119.12,45.24,8.57
2026-03-03 20:17:00+00:00,-4.10,4.89,5.97,129.93,43.10,8.74
2026-03-03 20:18:00+00:00,-3.86,4.64,6.75,129.75,48.21,9.06
2026-03-03 20:19:00+00:00,-4.08,4.20,6.92,134.16,49.76,9.07
2026-03-03 20:20:00+00:00,-3.41,5.17,5.74,123.36,42.81,8.44
2026-03-03 20:21:00+00:00,-3.48,4.87,6.40,125.59,46.91,8.76
2026-03-03 20:22:00+00:00,-3.18,5.96,5.82,118.07,40.78,8.91
2026-03-03 20:23:00+00:00,-2.44,4.82,5.64,116.86,46.25,7.81
2026-03-03 20:24:00+00:00,-1.95,1.88,6.43,136.02,67.13,6.98
2026-03-03 20:25:00+00:00,-1.49,3.51,6.34,112.99,59.00,7.40
2026-03-03 20:26:00+00:00,-1.36,4.65,5.62,106.34,49.21,7.43
2026-03-03 20:27:00+00:00,-0.68,6.07,3.91,96.35,32.65,7.25
2026-03-03 20:28:00+00:00,-0.23,7.65,1.48,91.69,10.97,7.80
2026-03-03 20:29:00+00:00,-1.12,7.36,0.62,98.66,4.75,7.47
2026-03-03 20:30:00+00:00,-2.45,6.23,0.84,111.44,7.13,6.74
2026-03-03 20:31:00+00:00,-2.85,4.88,-1.43,120.30,-14.24,5.83
2026-03-03 20:32:00+00:00,-0.81,5.53,-5.65,98.28,-45.31,7.94
2026-03-03 20:33:00+00:00,-0.42,4.85,-6.85,94.94,-54.63,8.40
2026-03-03 20:34:00+00:00,0.45,3.55,-7.09,82.77,-63.22,7.94
2026-03-03 20:35:00+00:00,-1.21,4.34,-7.74,105.62,-59.81,8.96
2026-03-03 20:36:00+00:00,-1.12,3.67,-8.20,106.92,-64.93,9.05
2026-03-03 20:37:00+00:00,-0.61,1.77,-8.82,108.92,-78.05,9.02
2026-03-03 20:38:00+00:00,-0.49,0.39,-8.65,140.90,-85.86,8.67
2026-03-03 20:39:00+00:00,0.91,-2.22,-7.74,292.38,-72.80,8.10
2026-03-03 20:40:00+00:00,0.05,-1.18,-8.86,272.36,-82.40,8.94
2026-03-03 20:41:00+00:00,0.31,1.52,-9.13,78.34,-80.39,9.26
2026-03-03 20:42:00+00:00,-0.55,-0.82,-9.43,235.81,-84.03,9.48
2026-03-03 20:43:00+00:00,-0.20,0.22,-9.74,132.08,-88.25,9.74
2026-03-03 20:44:00+00:00,-0.05,1.08,-9.66,92.77,-83.59,9.72
2026-03-03 20:45:00+00:00,-0.16,1.50,-9.54,95.93,-81.04,9.66
2026-03-03 20:46:00+00:00,-0.30,1.43,-9.71,101.98,-81.47,9.82
2026-03-03 20:47:00+00:00,-0.24,1.94,-9.66,97.11,-78.54,9.86
2026-03-03 20:48:00+00:00,-0.45,2.79,-9.35,99.18,-73.21,9.77
2026-03-03 20:49:00+00:00,0.60,2.35,-9.37,75.62,-75.49,9.67
2026-03-03 20:50:00+00:00,0.14,2.15,-9.58,86.22,-77.34,9.82
2026-03-03 20:51:00+00:00,0.33,1.14,-9.84,73.94,-83.12,9.91
2026-03-03 20:52:00+00:00,0.30,0.14,-9.78,24.59,-88.05,9.79
2026-03-03 20:53:00+00:00,0.21,-0.17,-9.75,321.22,-88.40,9.75
2026-03-03 20:54:00+00:00,0.19,-0.82,-9.77,283.19,-85.05,9.80
2026-03-03 20:55:00+00:00,0.61,0.18,-9.74,16.16,-86.27,9.76
2026-03-03 20:56:00+00:00,1.04,1.99,-9.25,62.39,-76.35,9.52
2026-03-03 20:57:00+00:00,0.71,1.51,-9.33,64.69,-79.86,9.48
2026-03-03 20:58:00+00:00,1.12,2.20,-9.12,62.93,-74.84,9.45
2026-03-03 20:59:00+00:00,0.93,1.19,-9.60,51.87,-81.07,9.71
2026-03-03 21:00:00+00:00,0.98,1.11,-9.61,48.47,-81.23,9.73
2026-03-03 21:01:00+00:00,0.87,0.63,-9.69,35.91,-83.71,9.75
2026-03-03 21:02:00+00:00,0.52,0.50,-9.75,43.44,-85.78,9.78
2026-03-03 21:03:00+00:00,0.75,0.60,-9.71,38.88,-84.35,9.76
2026-03-03 21:04:00+00:00,0.66,0.37,-9.80,29.29,-85.60,9.83
2026-03-03 21:05:00+00:00,0.91,0.55,-9.75,31.36,-83.79,9.81
2026-03-03 21:06:00+00:00,1.61,1.24,-9.42,37.55,-77.84,9.64
2026-03-03 21:07:00+00:00,1.73,0.69,-9.50,21.68,-78.89,9.68
2026-03-03 21:08:00+00:00,1.66,-0.32,-9.49,349.06,-79.88,9.64
2026-03-03 21:09:00+00:00,1.27,-1.44,-9.57,311.49,-78.63,9.76
2026-03-03 21:10:00+00:00,0.97,-2.84,-9.32,288.94,-72.14,9.79
2026-03-03 21:11:00+00:00,1.03,-2.54,-9.40,292.14,-73.77,9.79
2026-03-03 21:12:00+00:00,1.46,-2.87,-9.13,297.01,-70.58,9.68
2026-03-03 21:13:00+00:00,1.00,-3.52,-8.88,285.85,-67.59,9.60
2026-03-03 21:14:00+00:00,1.13,-4.16,-8.57,285.12,-63.28,9.59
2026-03-03 21:15:00+00:00,0.78,-4.34,-8.44,280.17,-62.43,9.52
2026-03-03 21:16:00+00:00,0.63,-3.64,-8.77,279.77,-67.14,9.51
2026-03-03 21:17:00+00:00,0.31,-3.27,-8.97,275.37,-69.89,9.55
2026-03-03 21:18:00+00:00,0.41,-4.48,-8.16,275.25,-61.12,9.32
2026-03-03 21:19:00+00:00,0.82,-3.15,-8.62,284.49,-69.31,9.22
2026-03-03 21:20:00+00:00,0.40,-3.35,-8.67,276.82,-68.73,9.30
2026-03-03 21:21:00+00:00,0.87,-1.46,-8.67,300.69,-78.90,8.84
2026-03-03 21:22:00+00:00,1.07,-0.87,-8.88,320.87,-81.15,8.98
2026-03-03 21:23:00+00:00,0.93,-2.42,-8.58,290.97,-73.23,8.96
2026-03-03 21:24:00+00:00,0.83,-2.24,-7.25,290.31,-71.80,7.63
2026-03-03 21:25:00+00:00,-2.59,5.49,-0.50,115.27,-4.69,6.09
2026-03-03 21:26:00+00:00,-3.08,5.48,-0.55,119.35,-5.01,6.31
2026-03-03 21:27:00+00:00,-2.48,5.81,-3.84,113.10,-31.27,7.39
2026-03-03 21:28:00+00:00,-1.88,6.57,-1.89,105.93,-15.49,7.09
2026-03-03 21:29:00+00:00,-3.21,5.90,-2.43,118.53,-19.91,7.14
2026-03-03 21:30:00+00:00,-3.73,4.60,3.49,129.07,30.48,6.88
2026-03-03 21:31:00+00:00,-3.70,4.25,5.76,131.01,45.66,8.06
2026-03-03 21:32:00+00:00,-3.94,4.46,6.04,131.47,45.40,8.48
2026-03-03 21:33:00+00:00,-4.66,4.64,5.70,135.09,40.94,8.70
2026-03-03 21:34:00+00:00,-3.87,4.54,6.65,130.41,48.10,8.93
2026-03-03 21:35:00+00:00,-4.69,5.51,5.12,130.40,35.31,8.86
2026-03-03 21:36:00+00:00,-3.52,4.12,7.47,130.54,54.06,9.23
2026-03-03 21:37:00+00:00,-3.25,4.07,7.98,128.62,56.89,9.53
2026-03-03 21:38:00+00:00,-3.81,4.53,7.69,130.03,52.40,9.70
2026-03-03 21:39:00+00:00,-4.55,4.82,7.10,133.33,46.99,9.71
2026-03-03 21:40:00+00:00,-4.75,4.69,6.96,135.38,46.18,9.64
2026-03-03 21:41:00+00:00,-4.30,4.28,7.55,135.11,51.23,9.68
2026-03-03 21:42:00+00:00,-3.96,4.01,7.83,134.64,54.24,9.65
2026-03-03 21:43:00+00:00,-3.95,3.91,7.87,135.30,54.75,9.63
2026-03-03 21:44:00+00:00,-4.03,3.53,7.88,138.75,55.77,9.52
2026-03-03 21:45:00+00:00,-3.41,3.73,8.02,132.48,57.79,9.48
2026-03-03 21:46:00+00:00,-3.15,3.65,8.18,130.78,59.52,9.50
2026-03-03 21:47:00+00:00,-3.29,3.57,8.01,132.69,58.77,9.37
2026-03-03 21:48:00+00:00,-4.07,3.63,7.62,138.22,54.41,9.37
2026-03-03 21:49:00+00:00,-4.53,3.65,7.53,141.12,52.28,9.51
2026-03-03 21:50:00+00:00,-3.92,3.29,7.85,140.00,56.89,9.37
2026-03-03 21:51:00+00:00,-4.20,3.27,7.73,142.07,55.45,9.39
2026-03-03 21:52:00+00:00,-3.41,2.57,7.81,143.05,61.32,8.90
2026-03-03 21:53:00+00:00,-3.56,3.83,7.15,132.89,53.84,8.85
2026-03-03 21:54:00+00:00,-4.09,6.00,5.64,124.30,37.81,9.19
2026-03-03 21:55:00+00:00,-4.30,6.24,5.26,124.54,34.76,9.23
2026-03-03 21:56:00+00:00,-4.10,5.99,5.31,124.38,36.19,8.99
2026-03-03 21:57:00+00:00,-5.24,5.85,2.33,131.83,16.53,8.19
2026-03-03 21:58:00+00:00,-4.77,6.50,1.97,126.30,13.75,8.30
2026-03-03 22:00:00+00:00,-5.01,5.74,-0.45,131.10,-3.42,7.63
2026-03-03 22:57:00+00:00,-1.92,2.76,7.66,124.85,66.29,8.37
2026-03-03 22:58:00+00:00,-2.22,3.59,7.28,121.71,59.93,8.41
2026-03-03 22:59:00+00:00,-1.44,2.64,7.72,118.73,68.73,8.28
2026-03-03 23:00:00+00:00,-1.32,2.02,7.48,123.22,72.12,7.86
2026-03-03 23:01:00+00:00,-0.55,0.80,7.77,124.76,82.86,7.83
2026-03-03 23:02:00+00:00,-2.33,1.71,6.42,143.71,65.73,7.04
2026-03-03 23:03:00+00:00,-5.24,3.84,2.83,143.73,23.57,7.09
2026-03-03 23:04:00+00:00,-3.83,4.29,3.38,131.78,30.46,6.67
2026-03-03 23:05:00+00:00,-1.53,4.42,4.80,109.08,45.76,6.71
2026-03-03 23:06:00+00:00,-3.29,3.86,3.84,130.46,37.12,6.37
2026-03-03 23:07:00+00:00,-2.38,3.98,-5.34,120.82,-49.02,7.07
2026-03-03 23:08:00+00:00,-1.14,3.64,-5.91,107.38,-57.16,7.04
2026-03-03 23:09:00+00:00,-2.28,4.99,-3.43,114.55,-31.97,6.47
2026-03-03 23:10:00+00:00,-2.54,4.74,-3.66,118.22,-34.28,6.51
2026-03-03 23:11:00+00:00,-3.20,4.31,-2.42,126.62,-24.24,5.88
2026-03-03 23:12:00+00:00,-4.10,3.57,-2.54,138.98,-25.02,6.00
2026-03-03 23:13:00+00:00,-4.84,3.61,-3.21,143.28,-28.05,6.84
2026-03-03 23:14:00+00:00,-4.66,2.69,-4.79,149.97,-41.67,7.20
2026-03-03 23:15:00+00:00,-4.62,1.48,-5.73,162.23,-49.75,7.51
2026-03-03 23:16:00+00:00,-4.12,1.52,-5.46,159.69,-51.20,7.01
2026-03-03 23:17:00+00:00,-3.93,2.09,-5.79,152.05,-52.42,7.30
2026-03-03 23:18:00+00:00,-3.37,1.20,-6.18,160.39,-59.95,7.14
2026-03-03 23:19:00+00:00,-3.64,-0.43,-6.17,186.70,-59.32,7.17
2026-03-03 23:20:00+00:00,-3.75,-0.44,-6.43,186.63,-59.59,7.46
2026-03-03 23:21:00+00:00,-2.92,-0.49,-6.33,189.46,-64.95,6.99
2026-03-03 23:22:00+00:00,-2.84,0.06,-6.91,178.86,-67.65,7.47
2026-03-03 23:23:00+00:00,-3.45,-0.24,-6.82,183.91,-63.13,7.65
2026-03-03 23:24:00+00:00,-3.25,0.66,-6.33,168.44,-62.33,7.14
2026-03-03 23:25:00+00:00,-2.83,0.20,-6.48,175.92,-66.31,7.07
2026-03-03 23:26:00+00:00,-1.35,-1.55,-6.33,229.02,-72.01,6.66
2026-03-03 23:27:00+00:00,-0.47,-1.40,-5.66,251.56,-75.35,5.85
2026-03-03 23:28:00+00:00,-3.87,3.61,2.51,137.01,25.40,5.86
2026-03-03 23:29:00+00:00,-3.59,3.99,4.51,132.03,40.08,7.01
2026-03-03 23:30:00+00:00,-4.40,3.61,5.20,140.63,42.41,7.71
2026-03-03 23:31:00+00:00,-4.42,3.34,5.01,142.87,42.12,7.47
2026-03-03 23:32:00+00:00,-4.11,3.70,5.35,138.05,44.03,7.69
2026-03-03 23:33:00+00:00,-4.16,2.78,5.78,146.27,49.11,7.64
2026-03-03 23:34:00+00:00,-3.85,1.78,6.50,155.22,56.86,7.76
2026-03-03 23:35:00+00:00,-4.26,2.30,6.64,151.62,53.89,8.21
2026-03-03 23:36:00+00:00,-4.71,2.20,6.57,155.00,51.64,8.38
2026-03-03 23:37:00+00:00,-4.82,1.87,6.63,158.77,52.04,8.41
2026-03-03 23:38:00+00:00,-2.73,-0.38,7.91,188.01,70.76,8.38
2026-03-03 23:39:00+00:00,-2.29,-1.14,8.11,206.46,72.49,8.51
2026-03-03 23:40:00+00:00,-1.76,-1.77,7.95,225.25,72.56,8.34
2026-03-03 23:41:00+00:00,-1.25,-0.66,8.26,207.84,80.26,8.38
2026-03-03 23:42:00+00:00,-0.95,0.05,8.36,177.29,83.50,8.41
2026-03-03 23:43:00+00:00,-1.24,0.25,8.25,168.36,81.30,8.35
2026-03-03 23:44:00+00:00,-2.35,-0.48,7.99,191.59,73.25,8.34
2026-03-03 23:45:00+00:00,-3.33,-1.14,7.33,198.91,64.36,8.13
2026-03-03 23:46:00+00:00,-3.00,-0.27,7.74,185.16,68.75,8.31
2026-03-03 23:47:00+00:00,-3.46,1.44,7.49,157.39,63.38,8.38
2026-03-03 23:48:00+00:00,-1.03,0.81,7.92,141.96,80.61,8.03
2026-03-03 23:49:00+00:00,-0.49,0.15,8.14,162.86,86.41,8.15
2026-03-03 23:50:00+00:00,0.22,0.31,8.07,55.25,87.31,8.08
2026-03-03 23:51:00+00:00,-0.33,-0.19,7.95,210.00,87.24,7.96
2026-03-03 23:52:00+00:00,-1.87,1.47,7.90,141.88,73.26,8.25
2026-03-03 23:53:00+00:00,-4.55,4.13,5.53,137.75,41.96,8.26
2026-03-03 23:54:00+00:00,-4.57,5.61,3.75,129.14,27.38,8.15
2026-03-03 23:55:00+00:00,-4.47,5.79,3.84,127.67,27.71,8.27
2026-03-03 23:56:00+00:00,-1.75,3.27,7.24,118.12,62.92,8.13
2026-03-03 23:57:00+00:00,-2.71,3.85,6.77,125.20,55.19,8.24
2026-03-03 23:58:00+00:00,-2.78,3.87,6.65,125.69,54.36,8.18
2026-03-03 23:59:00+00:00,-2.73,3.44,6.81,128.43,57.23,8.10
2026-03-04 00:00:00+00:00,-2.38,1.76,6.67,143.58,66.06,7.29
2026-03-04 00:01:00+00:00,-3.01,1.05,7.32,160.77,66.50,7.98
2026-03-04 00:02:00+00:00,-3.35,4.86,2.33,124.53,21.49,6.35
2026-03-04 00:03:00+00:00,-3.58,2.66,5.42,143.37,50.58,7.02
2026-03-04 00:04:00+00:00,-2.58,0.73,7.52,164.29,70.38,7.99
2026-03-04 00:05:00+00:00,-3.41,1.68,7.08,153.80,61.81,8.04
2026-03-04 00:06:00+00:00,-0.02,-1.27,6.97,269.16,79.68,7.08
2026-03-04 00:07:00+00:00,-0.42,-0.93,7.71,245.70,82.43,7.78
2026-03-04 00:08:00+00:00,-0.70,-0.08,7.74,186.93,84.83,7.78
2026-03-04 00:09:00+00:00,0.72,-0.71,7.23,315.59,82.06,7.30
2026-03-04 00:10:00+00:00,-2.76,0.40,7.11,171.84,68.58,7.64
2026-03-04 00:11:00+00:00,-4.56,0.99,6.73,167.80,55.29,8.19
2026-03-04 00:12:00+00:00,-5.09,0.92,6.28,169.72,50.54,8.13
2026-03-04 00:13:00+00:00,-3.88,1.57,6.73,158.02,58.13,7.92
2026-03-04 00:14:00+00:00,-2.73,2.51,6.88,137.43,61.64,7.81
2026-03-04 00:15:00+00:00,-2.27,1.78,7.28,141.94,68.38,7.83
2026-03-04 00:16:00+00:00,-3.18,2.92,6.99,137.37,58.31,8.22
2026-03-04 00:17:00+00:00,-3.60,2.56,6.76,144.58,56.84,8.07
2026-03-04 00:18:00+00:00,-3.31,2.13,6.97,147.31,60.56,8.01
2026-03-04 00:19:00+00:00,-2.13,3.77,6.02,119.51,54.27,7.42
2026-03-04 00:20:00+00:00,-2.30,4.58,5.75,116.63,48.30,7.71
2026-03-04 00:21:00+00:00,-2.64,3.33,6.32,128.44,56.05,7.62
2026-03-04 00:22:00+00:00,-2.77,4.73,4.92,120.37,41.87,7.36
2026-03-04 00:23:00+00:00,-1.89,4.45,-2.31,112.99,-25.53,5.35
2026-03-04 00:24:00+00:00,-2.01,4.91,-5.12,112.25,-44.00,7.37
2026-03-04 00:25:00+00:00,-2.24,5.22,-4.12,113.22,-35.92,7.02
2026-03-04 00:26:00+00:00,-2.79,7.02,0.64,111.68,4.84,7.59
2026-03-04 00:27:00+00:00,-2.10,5.76,1.85,110.00,16.82,6.40
2026-03-04 00:28:00+00:00,2.06,6.63,1.87,72.72,15.04,7.19
2026-03-04 00:29:00+00:00,0.82,7.12,-1.23,83.46,-9.76,7.27
2026-03-04 00:30:00+00:00,0.54,6.92,-2.73,85.57,-21.52,7.46
2026-03-04 00:31:00+00:00,-0.41,6.29,-2.02,93.69,-17.79,6.62
2026-03-04 00:32:00+00:00,-5.82,4.20,3.08,144.16,23.21,7.80
2026-03-04 00:33:00+00:00,-5.36,3.92,4.15,143.84,32.03,7.83
2026-03-04 00:34:00+00:00,-5.27,4.30,3.75,140.76,28.86,7.77
2026-03-04 00:35:00+00:00,-5.32,3.60,4.14,145.90,32.80,7.65
2026-03-04 00:36:00+00:00,-5.08,1.87,5.73,159.81,46.63,7.89
2026-03-04 00:37:00+00:00,-5.82,2.26,5.37,158.78,40.66,8.23
2026-03-04 00:38:00+00:00,-5.75,3.20,4.61,150.93,35.02,8.03
2026-03-04 00:39:00+00:00,-5.36,2.11,5.75,158.49,44.95,8.14
2026-03-04 00:40:00+00:00,-5.46,2.59,5.44,154.61,41.99,8.13
2026-03-04 00:41:00+00:00,-5.15,3.71,4.28,144.19,34.02,7.66
2026-03-04 00:42:00+00:00,-4.00,5.14,-2.67,127.89,-22.26,7.04
2026-03-04 00:43:00+00:00,-6.47,3.30,-2.81,152.98,-21.17,7.78
2026-03-04 00:44:00+00:00,-6.99,3.95,-1.19,150.51,-8.44,8.12
2026-03-04 00:45:00+00:00,-0.14,5.91,1.23,91.34,11.79,6.04
2026-03-04 00:46:00+00:00,-0.96,6.59,2.61,98.30,21.41,7.15
2026-03-04 00:47:00+00:00,-3.52,6.25,2.84,119.41,21.62,7.72
2026-03-04 00:48:00+00:00,-3.75,5.18,4.22,125.93,33.41,7.66
2026-03-04 00:49:00+00:00,-3.36,6.04,2.26,119.07,18.14,7.27
2026-03-04 00:50:00+00:00,-1.75,6.53,-3.20,105.01,-25.34,7.48
2026-03-04 00:51:00+00:00,-2.21,6.91,-2.27,107.71,-17.38,7.60
2026-03-04 00:52:00+00:00,-3.08,6.94,-0.35,113.97,-2.64,7.60
2026-03-04 00:53:00+00:00,-2.43,7.30,-0.48,108.38,-3.58,7.71
2026-03-04 00:54:00+00:00,-2.64,6.93,-2.23,110.86,-16.70,7.74
2026-03-04 00:55:00+00:00,-1.99,6.66,-2.88,106.62,-22.50,7.53
2026-03-04 00:56:00+00:00,-1.72,6.97,-2.33,103.87,-17.99,7.55
2026-03-04 00:57:00+00:00,-1.49,6.87,-2.76,102.27,-21.41,7.55
2026-03-04 00:58:00+00:00,-1.38,6.31,-1.66,102.31,-14.37,6.67
2026-03-04 00:59:00+00:00,-3.17,1.54,5.19,154.12,55.81,6.27
2026-03-04 01:00:00+00:00,-2.25,-2.33,6.65,226.05,64.04,7.40
2026-03-04 01:01:00+00:00,-2.33,-2.11,6.61,222.14,64.59,7.32
2026-03-04 01:02:00+00:00,-2.11,-2.83,6.63,233.34,61.96,7.51
2026-03-04 01:03:00+00:00,-4.57,-0.83,5.79,190.26,51.28,7.43
2026-03-04 01:04:00+00:00,-5.72,0.69,5.77,173.10,45.02,8.16
2026-03-04 01:05:00+00:00,-6.56,1.16,4.71,170.01,35.26,8.16
2026-03-04 01:06:00+00:00,-7.05,0.87,4.19,172.99,30.52,8.24
2026-03-04 01:07:00+00:00,-7.24,1.38,3.56,169.20,25.80,8.18
2026-03-04 01:08:00+00:00,-7.33,1.81,3.14,166.16,22.60,8.18
2026-03-04 01:09:00+00:00,-7.32,1.59,3.24,167.76,23.40,8.16
2026-03-04 01:10:00+00:00,-6.72,-0.58,4.48,184.95,33.64,8.10
2026-03-04 01:11:00+00:00,-5.90,-1.70,4.81,196.09,38.08,7.80
2026-03-04 01:12:00+00:00,-5.83,-1.60,4.95,195.38,39.30,7.82
2026-03-04 01:13:00+00:00,-6.27,-1.07,3.99,189.69,32.11,7.50
2026-03-04 01:14:00+00:00,-6.79,-0.35,3.61,182.93,27.96,7.70
2026-03-04 01:15:00+00:00,-6.26,0.00,3.91,180.01,31.96,7.38
2026-03-04 01:16:00+00:00,-6.38,-0.49,4.17,184.42,33.07,7.64
2026-03-04 01:17:00+00:00,-7.29,-2.24,3.26,197.04,23.12,8.30
2026-03-04 01:18:00+00:00,-6.94,-1.50,3.32,192.22,25.09,7.84
2026-03-04 01:19:00+00:00,-7.02,-1.78,3.42,194.26,25.26,8.01
2026-03-04 01:20:00+00:00,-6.55,-1.49,4.00,192.84,30.73,7.82
2026-03-04 01:21:00+00:00,-6.59,-1.22,4.06,190.50,31.24,7.83
2026-03-04 01:22:00+00:00,-6.14,-1.18,4.22,190.90,34.05,7.54
2026-03-04 01:23:00+00:00,-5.83,-1.75,4.02,196.73,33.47,7.30
2026-03-04 01:24:00+00:00,-5.87,-1.46,5.28,193.94,41.13,8.03
2026-03-04 01:25:00+00:00,-5.84,-1.51,5.29,194.47,41.27,8.02
2026-03-04 01:26:00+00:00,-5.67,-1.62,5.49,195.96,42.98,8.06
2026-03-04 01:27:00+00:00,-5.20,-1.68,5.81,197.86,46.77,7.98
2026-03-04 01:28:00+00:00,-4.85,-1.49,6.01,197.08,49.86,7.86
2026-03-04 01:29:00+00:00,-5.50,-1.41,5.49,194.33,44.03,7.90
2026-03-04 01:30:00+00:00,-4.27,0.11,6.25,178.48,55.66,7.57
2026-03-04 01:31:00+00:00,-3.41,0.33,6.88,174.53,63.52,7.69
2026-03-04 01:32:00+00:00,-2.49,1.35,6.63,151.44,66.88,7.21
2026-03-04 01:33:00+00:00,-3.93,-0.13,6.45,181.87,58.62,7.56
2026-03-04 01:34:00+00:00,-4.17,-1.08,6.26,194.53,55.48,7.60
2026-03-04 01:35:00+00:00,-4.74,-1.05,5.74,192.53,49.82,7.52
2026-03-04 01:36:00+00:00,-4.30,0.84,6.00,168.90,53.85,7.43
2026-03-04 01:37:00+00:00,-3.88,2.16,6.12,150.95,54.01,7.56
2026-03-04 01:38:00+00:00,-3.91,1.39,6.37,160.40,56.94,7.61
2026-03-04 01:39:00+00:00,-3.85,-0.49,6.42,187.18,58.81,7.50
2026-03-04 01:40:00+00:00,-3.20,0.44,6.88,172.22,64.84,7.60
2026-03-04 01:41:00+00:00,-4.58,-0.50,6.23,186.24,53.48,7.75
2026-03-04 01:42:00+00:00,-4.14,-1.54,5.97,200.47,53.52,7.43
2026-03-04 01:43:00+00:00,-3.26,1.81,6.71,150.92,60.91,7.68
2026-03-04 01:44:00+00:00,-3.65,1.32,6.70,160.12,59.91,7.74
2026-03-04 01:45:00+00:00,-3.55,1.39,6.45,158.66,59.40,7.49
2026-03-04 01:46:00+00:00,-3.74,0.50,6.63,172.40,60.37,7.63
2026-03-04 01:47:00+00:00,-3.58,1.61,6.46,155.84,58.71,7.55
2026-03-04 01:48:00+00:00,-4.14,2.70,1.21,146.94,13.75,5.09
2026-03-04 01:49:00+00:00,-3.67,2.81,-0.79,142.60,-9.73,4.69
2026-03-04 01:50:00+00:00,-5.97,3.01,3.01,153.26,24.24,7.33
2026-03-04 01:51:00+00:00,-6.11,1.90,4.00,162.77,32.03,7.55
2026-03-04 01:52:00+00:00,-7.26,2.21,1.45,163.10,10.81,7.72
2026-03-04 01:53:00+00:00,-7.48,1.77,1.48,166.70,10.93,7.82
2026-03-04 01:54:00+00:00,-4.75,2.18,3.68,155.32,35.13,6.39
2026-03-04 01:55:00+00:00,-2.59,2.18,6.65,139.87,63.03,7.47
2026-03-04 01:56:00+00:00,-4.44,1.66,6.17,159.55,52.47,7.78
2026-03-04 01:57:00+00:00,-3.89,1.77,6.33,155.54,55.95,7.63
2026-03-04 01:58:00+00:00,-3.72,2.68,6.15,144.18,53.30,7.67
2026-03-04 01:59:00+00:00,-4.01,1.67,6.17,157.38,54.86,7.54
2026-03-04 02:00:00+00:00,-5.26,1.65,5.28,162.53,43.78,7.63
2026-03-04 02:01:00+00:00,-4.44,1.21,5.93,164.72,52.20,7.51
2026-03-04 02:02:00+00:00,-3.74,0.51,6.52,172.28,59.96,7.53
2026-03-04 02:03:00+00:00,-4.28,1.99,5.86,155.10,51.11,7.52
2026-03-04 02:04:00+00:00,-3.39,3.93,4.52,130.79,41.09,6.89
2026-03-04 02:05:00+00:00,-0.93,7.14,0.84,97.44,6.65,7.25
2026-03-04 02:06:00+00:00,-1.20,7.15,1.08,99.52,8.50,7.33
2026-03-04 02:07:00+00:00,-0.99,7.19,0.94,97.87,7.40,7.32
2026-03-04 02:08:00+00:00,-0.64,7.21,0.73,95.04,5.76,7.28
2026-03-04 02:09:00+00:00,-1.14,7.22,0.31,99.00,2.47,7.32
2026-03-04 02:10:00+00:00,-1.09,7.21,-0.02,98.59,-0.16,7.29
2026-03-04 02:11:00+00:00,-1.02,7.30,0.50,97.97,3.91,7.39
2026-03-04 02:12:00+00:00,-1.35,7.21,0.70,100.60,5.43,7.37
2026-03-04 02:13:00+00:00,-2.26,7.06,0.39,107.73,3.01,7.42
2026-03-04 02:14:00+00:00,-2.35,7.09,0.44,108.36,3.38,7.48
2026-03-04 02:15:00+00:00,-2.81,6.94,0.22,112.05,1.65,7.49
2026-03-04 02:16:00+00:00,-2.89,6.98,-0.20,112.50,-1.52,7.55
2026-03-04 02:17:00+00:00,-2.52,7.08,-0.01,109.56,-0.07,7.52
2026-03-04 02:18:00+00:00,-1.79,6.91,-0.14,104.54,-1.16,7.14
2026-03-04 02:19:00+00:00,-2.60,5.77,1.86,114.27,16.42,6.60
2026-03-04 02:20:00+00:00,-3.63,4.59,4.08,128.35,34.87,7.13
2026-03-04 02:21:00+00:00,-3.31,3.34,5.34,134.73,48.61,7.11
2026-03-04 02:22:00+00:00,-4.41,3.07,4.91,145.20,42.45,7.28
2026-03-04 02:23:00+00:00,-4.51,3.02,4.85,146.20,41.83,7.28
2026-03-04 02:24:00+00:00,-6.18,2.77,3.22,155.83,25.40,7.50
2026-03-04 02:25:00+00:00,-5.24,1.70,4.97,162.05,42.07,7.42
2026-03-04 02:26:00+00:00,-3.83,2.90,5.66,142.86,49.64,7.42
2026-03-04 02:27:00+00:00,-4.75,3.96,4.56,140.19,36.41,7.68
2026-03-04 02:28:00+00:00,-4.23,4.31,4.69,134.44,37.87,7.65
2026-03-04 02:29:00+00:00,-4.27,2.35,5.73,151.20,49.62,7.52
2026-03-04 02:30:00+00:00,-3.77,1.07,6.51,164.09,58.92,7.60
2026-03-04 02:31:00+00:00,-4.92,0.70,5.91,171.95,49.95,7.72
2026-03-04 02:32:00+00:00,-5.02,0.96,5.73,169.15,48.24,7.68
2026-03-04 02:33:00+00:00,-5.15,0.38,5.69,175.73,47.79,7.68
2026-03-04 02:34:00+00:00,-4.41,-0.38,6.21,184.90,54.56,7.63
2026-03-04 02:35:00+00:00,-3.43,-0.88,6.35,194.38,60.82,7.27
2026-03-04 02:36:00+00:00,-3.66,-1.70,6.45,204.87,57.94,7.61
2026-03-04 02:37:00+00:00,-3.69,-1.47,6.65,201.70,59.16,7.75
2026-03-04 02:38:00+00:00,-3.54,-1.86,6.63,207.68,58.93,7.74
2026-03-04 02:39:00+00:00,0.10,5.04,2.03,88.90,21.98,5.43
2026-03-04 02:40:00+00:00,0.90,6.33,-0.23,81.94,-2.03,6.39
2026-03-04 02:41:00+00:00,1.18,6.39,-0.82,79.55,-7.16,6.54
2026-03-04 02:42:00+00:00,1.00,6.32,-2.36,81.04,-20.23,6.81
2026-03-04 02:43:00+00:00,0.66,5.00,0.50,82.53,5.64,5.07
2026-03-04 02:44:00+00:00,-0.92,1.16,6.90,128.48,77.93,7.06
2026-03-04 02:45:00+00:00,-2.50,2.75,6.57,132.26,60.51,7.55
2026-03-04 02:46:00+00:00,-1.87,0.68,7.04,160.12,74.25,7.31
2026-03-04 02:47:00+00:00,-0.95,3.48,5.55,105.25,56.97,6.62
2026-03-04 02:48:00+00:00,-0.87,5.75,3.75,98.62,32.78,6.92
2026-03-04 02:49:00+00:00,0.33,6.24,3.15,86.96,26.76,7.00
2026-03-04 02:50:00+00:00,0.19,6.58,2.51,88.34,20.90,7.05
2026-03-04 02:51:00+00:00,-0.10,6.88,1.51,90.85,12.35,7.04
2026-03-04 02:52:00+00:00,0.04,7.00,0.78,89.71,6.36,7.04
2026-03-04 02:53:00+00:00,0.24,7.02,0.68,88.04,5.52,7.05
2026-03-04 02:54:00+00:00,0.97,6.90,0.07,81.96,0.59,6.97
2026-03-04 02:55:00+00:00,1.41,6.75,-0.47,78.20,-3.89,6.91
2026-03-04 02:56:00+00:00,1.27,6.72,-1.24,79.31,-10.28,6.95
2026-03-04 02:57:00+00:00,1.06,6.61,-1.86,80.88,-15.54,6.94
2026-03-04 02:58:00+00:00,-0.68,7.09,-0.31,95.49,-2.45,7.13
2026-03-04 02:59:00+00:00,-4.32,5.47,2.47,128.31,19.51,7.40
2026-03-04 03:00:00+00:00,-2.63,6.90,0.50,110.86,3.90,7.40
2026-03-04 03:01:00+00:00,-2.98,6.58,0.86,114.40,6.77,7.27
2026-03-04 03:02:00+00:00,-3.91,6.31,0.81,121.80,6.22,7.47
2026-03-04 03:03:00+00:00,-2.95,6.85,0.67,113.27,5.15,7.49
2026-03-04 03:04:00+00:00,-3.25,6.68,0.45,115.92,3.50,7.44
2026-03-04 03:05:00+00:00,-3.87,6.48,0.02,120.82,0.18,7.55
2026-03-04 03:06:00+00:00,-3.51,6.49,0.72,118.45,5.61,7.41
2026-03-04 03:07:00+00:00,-3.81,6.28,1.40,121.27,10.75,7.48
2026-03-04 03:08:00+00:00,-2.32,6.51,1.43,109.63,11.68,7.06
2026-03-04 03:09:00+00:00,-0.93,7.15,0.47,97.38,3.72,7.23
2026-03-04 03:10:00+00:00,-0.54,6.98,-1.74,94.43,-13.94,7.21
2026-03-04 03:11:00+00:00,-0.79,6.57,-2.59,96.90,-21.42,7.10
2026-03-04 03:12:00+00:00,-0.37,6.60,-2.34,93.18,-19.46,7.02
2026-03-04 03:13:00+00:00,1.79,6.46,0.16,74.49,1.39,6.71
2026-03-04 03:14:00+00:00,0.61,6.51,-1.48,84.61,-12.74,6.71
2026-03-04 03:15:00+00:00,-1.36,5.08,-4.24,104.96,-38.88,6.75
2026-03-04 03:16:00+00:00,-2.85,3.98,-5.08,125.61,-46.06,7.05
2026-03-04 03:17:00+00:00,-3.99,3.20,-5.16,141.30,-45.27,7.26
2026-03-04 03:18:00+00:00,-4.20,3.28,-5.09,142.04,-43.68,7.37
2026-03-04 03:19:00+00:00,-4.93,3.27,-4.59,146.46,-37.78,7.49
2026-03-04 03:20:00+00:00,-5.72,3.71,-3.42,147.03,-26.65,7.63
2026-03-04 03:21:00+00:00,-4.35,5.09,-3.08,130.56,-24.73,7.37
2026-03-04 03:22:00+00:00,-3.31,6.04,-2.82,118.68,-22.26,7.44
2026-03-04 03:23:00+00:00,-3.40,6.15,-2.13,118.99,-16.87,7.34
2026-03-04 03:24:00+00:00,-5.16,5.58,-0.39,132.75,-2.94,7.61
2026-03-04 03:25:00+00:00,-4.88,5.70,-0.05,130.53,-0.36,7.50
2026-03-04 03:26:00+00:00,-3.98,6.04,-0.78,123.42,-6.19,7.28
2026-03-04 03:27:00+00:00,-3.38,6.28,-0.66,118.29,-5.27,7.16
2026-03-04 03:28:00+00:00,-5.12,4.55,1.40,138.39,11.51,6.99
2026-03-04 03:29:00+00:00,-0.36,4.80,-4.78,94.32,-44.85,6.78
2026-03-04 03:30:00+00:00,-0.62,4.55,-5.35,97.75,-49.36,7.05
2026-03-04 03:31:00+00:00,-0.94,5.07,-4.42,100.53,-40.63,6.79
2026-03-04 03:32:00+00:00,-1.16,5.95,-3.44,101.01,-29.54,6.97
2026-03-04 03:33:00+00:00,-1.27,5.34,-4.15,103.43,-37.08,6.88
2026-03-04 03:34:00+00:00,-1.43,4.10,-5.23,109.20,-50.32,6.80
2026-03-04 03:35:00+00:00,0.23,5.73,-3.65,87.66,-32.50,6.80
2026-03-04 03:36:00+00:00,1.64,5.36,-3.66,73.02,-33.11,6.70
2026-03-04 03:37:00+00:00,1.14,5.83,-3.17,78.90,-28.12,6.73
2026-03-04 03:38:00+00:00,0.82,6.25,-2.60,82.51,-22.44,6.82
2026-03-04 03:39:00+00:00,0.46,6.31,-2.56,85.80,-22.04,6.83
2026-03-04 03:40:00+00:00,-0.95,5.96,-3.36,99.06,-29.09,6.90
2026-03-04 03:41:00+00:00,-1.58,6.12,-3.13,104.51,-26.36,7.05
2026-03-04 03:42:00+00:00,-1.28,6.03,-3.32,102.01,-28.35,7.00
2026-03-04 03:43:00+00:00,-1.33,5.60,-3.75,103.41,-33.11,6.87
2026-03-04 03:44:00+00:00,-2.16,5.68,-3.44,110.86,-29.54,6.98
2026-03-04 03:45:00+00:00,-2.66,5.79,-3.51,114.66,-28.83,7.28
2026-03-04 03:46:00+00:00,-2.23,5.36,-4.36,112.58,-36.93,7.26
2026-03-04 03:47:00+00:00,-1.02,5.41,-4.50,100.70,-39.26,7.12
2026-03-04 03:48:00+00:00,-2.06,4.76,-5.02,113.42,-44.11,7.22
2026-03-04 03:49:00+00:00,-2.17,5.48,-4.43,111.65,-36.95,7.38
2026-03-04 03:50:00+00:00,-2.29,5.61,-4.40,112.17,-35.95,7.49
2026-03-04 03:51:00+00:00,-2.33,5.83,-4.06,111.78,-32.90,7.47
2026-03-04 03:52:00+00:00,-2.30,5.78,-4.06,111.71,-33.12,7.43
2026-03-04 03:53:00+00:00,-2.27,6.41,-2.90,109.50,-23.07,7.39
2026-03-04 03:54:00+00:00,-2.52,6.47,-2.44,111.26,-19.36,7.36
2026-03-04 03:55:00+00:00,-2.31,6.78,-1.51,108.81,-11.87,7.32
2026-03-04 03:56:00+00:00,-1.75,6.68,-1.94,104.69,-15.72,7.18
2026-03-04 03:57:00+00:00,-1.79,6.67,-1.94,104.98,-15.71,7.18
2026-03-04 03:58:00+00:00,-1.42,6.65,-2.49,102.09,-20.13,7.24
2026-03-04 04:00:00+00:00,-1.47,6.81,-2.40,102.21,-19.02,7.37
2026-03-04 04:01:00+00:00,-1.52,7.14,-0.28,102.02,-2.23,7.31
2026-03-04 04:02:00+00:00,-0.42,7.03,-0.16,93.40,-1.27,7.04
2026-03-04 04:03:00+00:00,-0.06,6.85,-0.48,90.54,-3.99,6.87
2026-03-04 04:04:00+00:00,0.76,6.58,-0.61,83.38,-5.29,6.65
2026-03-04 04:05:00+00:00,0.98,6.53,2.12,81.44,17.78,6.93
2026-03-04 04:06:00+00:00,0.50,6.67,2.03,85.68,16.91,6.99
2026-03-04 04:07:00+00:00,-0.74,6.94,1.21,96.05,9.86,7.09
2026-03-04 04:08:00+00:00,-1.01,6.75,0.89,98.54,7.41,6.88
2026-03-04 04:09:00+00:00,0.76,3.39,5.18,77.33,56.17,6.24
2026-03-04 04:10:00+00:00,-1.39,3.30,5.67,112.93,57.70,6.70
2026-03-04 04:11:00+00:00,-1.02,3.67,6.71,105.53,60.38,7.72
2026-03-04 04:12:00+00:00,-1.19,3.08,7.00,111.11,64.70,7.74
2026-03-04 04:13:00+00:00,-1.71,2.20,7.28,127.81,69.08,7.80
2026-03-04 04:14:00+00:00,-2.45,1.28,7.42,152.31,69.59,7.92
2026-03-04 04:15:00+00:00,-2.68,0.17,7.44,176.35,70.12,7.91
2026-03-04 04:16:00+00:00,-1.89,0.84,7.22,155.93,74.04,7.51
2026-03-04 04:17:00+00:00,-0.20,2.14,7.29,95.35,73.54,7.60
2026-03-04 04:18:00+00:00,0.06,1.30,7.49,87.48,80.12,7.61
2026-03-04 04:19:00+00:00,-0.38,0.64,7.68,120.59,84.49,7.72
2026-03-04 04:20:00+00:00,-1.42,-0.04,7.58,181.79,79.40,7.72
2026-03-04 04:21:00+00:00,-0.72,1.09,7.69,123.39,80.40,7.80
2026-03-04 04:22:00+00:00,-0.66,1.60,7.53,112.33,77.04,7.72
2026-03-04 04:23:00+00:00,0.15,0.85,7.51,79.76,83.41,7.56
2026-03-04 04:24:00+00:00,0.21,1.65,7.33,82.74,77.23,7.52
2026-03-04 04:25:00+00:00,-0.16,2.24,7.28,94.01,72.86,7.62
2026-03-04 04:26:00+00:00,-0.85,2.01,7.21,112.81,73.16,7.54
2026-03-04 04:27:00+00:00,-0.15,2.86,7.05,92.92,67.87,7.61
2026-03-04 04:28:00+00:00,0.56,4.09,6.50,82.25,57.57,7.70
2026-03-04 04:29:00+00:00,0.27,3.94,6.49,86.08,58.71,7.60
2026-03-04 04:30:00+00:00,-0.47,2.89,6.35,99.21,65.21,6.99
2026-03-04 04:31:00+00:00,0.18,1.51,7.01,83.19,77.73,7.17
2026-03-04 04:32:00+00:00,-0.28,3.86,6.05,94.17,57.39,7.19
2026-03-04 04:33:00+00:00,-0.31,4.54,5.91,93.87,52.37,7.46
2026-03-04 04:34:00+00:00,0.10,4.99,5.35,88.85,46.98,7.32
2026-03-04 04:35:00+00:00,0.47,4.85,5.32,84.47,47.52,7.21
2026-03-04 04:36:00+00:00,-0.11,4.30,4.90,91.45,48.77,6.52
2026-03-04 04:37:00+00:00,-0.94,3.01,5.13,107.43,58.46,6.02
2026-03-04 04:38:00+00:00,-0.56,4.02,4.66,97.90,48.92,6.18
2026-03-04 04:39:00+00:00,0.11,5.16,2.52,88.77,26.01,5.74
2026-03-04 04:40:00+00:00,0.24,5.34,2.56,87.48,25.57,5.93
2026-03-04 04:41:00+00:00,-0.22,5.62,1.64,92.19,16.30,5.86
2026-03-04 04:42:00+00:00,0.23,5.97,-1.22,87.76,-11.52,6.10
2026-03-04 04:43:00+00:00,0.28,6.08,-1.65,87.36,-15.20,6.30
2026-03-04 04:44:00+00:00,0.12,5.68,-1.15,88.78,-11.41,5.80
2026-03-04 04:45:00+00:00,-0.47,3.54,3.71,97.64,46.08,5.15
2026-03-04 04:46:00+00:00,-0.97,2.06,3.65,115.09,58.02,4.30
2026-03-04 04:47:00+00:00,-1.11,3.76,0.31,106.45,4.49,3.94
2026-03-04 04:48:00+00:00,-3.11,-2.74,3.94,221.38,43.57,5.72
2026-03-04 04:49:00+00:00,-2.19,-2.17,5.04,224.81,58.53,5.91
2026-03-04 04:50:00+00:00,-2.11,-1.16,5.70,208.86,67.07,6.19
2026-03-04 04:51:00+00:00,-2.10,-0.73,6.14,199.19,70.14,6.53
2026-03-04 04:52:00+00:00,-2.13,0.76,6.23,160.45,70.08,6.63
2026-03-04 04:53:00+00:00,-2.13,1.31,6.12,148.43,67.81,6.61
2026-03-04 04:54:00+00:00,-2.56,1.63,5.99,147.43,63.12,6.72
2026-03-04 04:55:00+00:00,-2.80,1.22,5.81,156.44,62.32,6.56
2026-03-04 04:56:00+00:00,-3.15,1.08,5.75,161.08,59.96,6.64
2026-03-04 04:57:00+00:00,-3.39,0.58,5.70,170.30,58.89,6.66
2026-03-04 04:58:00+00:00,-2.99,1.19,5.67,158.38,60.43,6.52
2026-03-04 04:59:00+00:00,-2.96,1.77,5.69,149.15,58.82,6.66
2026-03-04 05:00:00+00:00,-2.80,1.59,5.79,150.47,60.93,6.62
2026-03-04 05:01:00+00:00,-3.89,0.29,5.79,175.71,56.04,6.98
2026-03-04 05:02:00+00:00,-3.39,0.74,5.94,167.74,59.75,6.88
2026-03-04 05:03:00+00:00,-3.59,1.08,5.77,163.21,56.97,6.88
2026-03-04 05:04:00+00:00,-3.54,1.04,5.84,163.60,57.68,6.91
2026-03-04 05:05:00+00:00,-3.99,1.47,5.51,159.70,52.33,6.96
2026-03-04 05:06:00+00:00,-4.27,2.05,5.19,154.38,47.62,7.02
2026-03-04 05:07:00+00:00,-3.65,1.73,5.52,154.66,53.78,6.84
2026-03-04 05:08:00+00:00,-3.19,2.04,5.73,147.39,56.54,6.86
2026-03-04 05:09:00+00:00,-2.88,1.95,5.52,145.89,57.83,6.52
2026-03-04 05:10:00+00:00,-3.71,1.70,5.04,155.39,51.03,6.48
2026-03-04 05:11:00+00:00,-2.42,-0.37,6.03,188.72,67.94,6.51
2026-03-04 05:12:00+00:00,-2.97,-1.90,5.69,212.54,58.20,6.69
2026-03-04 05:13:00+00:00,-2.67,-1.73,5.70,213.01,60.80,6.53
2026-03-04 05:14:00+00:00,-2.79,-2.75,5.20,224.52,53.01,6.51
2026-03-04 05:15:00+00:00,-3.80,-2.23,5.05,210.40,48.93,6.70
2026-03-04 05:16:00+00:00,-3.33,-0.71,6.04,192.10,60.62,6.94
2026-03-04 05:17:00+00:00,-3.00,0.11,6.19,177.82,64.13,6.88
2026-03-04 05:18:00+00:00,-2.89,-0.57,6.28,191.14,64.84,6.93
2026-03-04 05:19:00+00:00,-2.86,-1.14,6.37,201.69,64.18,7.07
2026-03-04 05:20:00+00:00,-2.97,-0.93,6.44,197.38,64.23,7.15
2026-03-04 05:21:00+00:00,-2.87,-0.70,6.42,193.67,65.26,7.06
2026-03-04 05:22:00+00:00,-2.92,-0.93,6.38,197.62,64.36,7.07
2026-03-04 05:23:00+00:00,-2.66,0.04,6.55,179.18,67.90,7.07
2026-03-04 05:24:00+00:00,-2.92,0.46,6.47,170.97,65.47,7.12
2026-03-04 05:25:00+00:00,-3.69,1.67,5.82,155.64,55.13,7.09
2026-03-04 05:26:00+00:00,-2.71,1.26,6.40,155.01,64.98,7.07
2026-03-04 05:27:00+00:00,-2.37,1.85,6.24,142.03,64.27,6.93
2026-03-04 05:28:00+00:00,-2.44,1.66,6.50,145.76,65.57,7.13
2026-03-04 05:29:00+00:00,-3.02,2.23,6.09,143.54,58.36,7.16
2026-03-04 05:30:00+00:00,-2.77,2.03,6.21,143.72,61.06,7.09
2026-03-04 05:31:00+00:00,-2.29,1.44,6.58,147.86,67.65,7.12
2026-03-04 05:32:00+00:00,-3.31,2.06,5.93,148.20,56.67,7.10
2026-03-04 05:33:00+00:00,-2.67,1.92,6.31,144.23,62.45,7.12
2026-03-04 05:34:00+00:00,-2.38,3.06,5.80,127.88,56.21,6.97
2026-03-04 05:35:00+00:00,-3.57,2.62,5.63,143.68,51.83,7.17
2026-03-04 05:36:00+00:00,-3.72,1.87,5.87,153.31,54.62,7.20
2026-03-04 05:37:00+00:00,-3.79,1.06,6.15,164.30,57.40,7.30
2026-03-04 05:38:00+00:00,-3.38,2.74,5.48,140.97,51.55,7.00
2026-03-04 05:39:00+00:00,-3.60,4.76,4.09,127.09,34.43,7.23
2026-03-04 05:40:00+00:00,-3.59,4.77,3.83,126.94,32.67,7.09
2026-03-04 05:41:00+00:00,-4.34,2.29,4.62,152.21,43.29,6.74
2026-03-04 05:42:00+00:00,-3.65,2.92,4.66,141.35,44.95,6.59
2026-03-04 05:43:00+00:00,-3.68,2.95,4.39,141.26,42.93,6.44
2026-03-04 05:44:00+00:00,-3.27,3.32,4.11,134.59,41.44,6.21
2026-03-04 05:45:00+00:00,-3.51,2.79,4.11,141.49,42.54,6.08
2026-03-04 05:46:00+00:00,-3.35,2.55,4.73,142.79,48.32,6.33
2026-03-04 05:47:00+00:00,-4.03,2.81,3.76,145.13,37.42,6.19
2026-03-04 05:48:00+00:00,-2.29,5.63,-1.22,112.15,-11.33,6.20
2026-03-04 05:49:00+00:00,-0.94,5.99,-3.42,98.91,-29.43,6.96
2026-03-04 05:50:00+00:00,-0.78,5.03,-4.62,98.84,-42.21,6.87
2026-03-04 05:51:00+00:00,-0.44,4.28,-5.24,95.91,-50.59,6.78
2026-03-04 05:52:00+00:00,-0.01,4.49,-5.12,90.11,-48.75,6.81
2026-03-04 05:53:00+00:00,0.08,4.70,-4.94,89.04,-46.41,6.82
2026-03-04 05:54:00+00:00,0.51,4.01,-5.26,82.77,-52.48,6.64
2026-03-04 05:55:00+00:00,0.81,3.89,-4.75,78.29,-50.10,6.20
2026-03-04 05:56:00+00:00,1.58,1.88,-2.63,50.01,-47.02,3.60
2026-03-04 05:57:00+00:00,-3.58,1.59,3.30,156.04,40.14,5.12
2026-03-04 05:58:00+00:00,-4.20,3.17,3.21,142.93,31.39,6.16
2026-03-04 05:59:00+00:00,-4.02,5.09,1.10,128.31,9.67,6.58
2026-03-04 06:00:00+00:00,-4.69,4.00,2.09,139.48,18.70,6.51
2026-03-04 06:01:00+00:00,-5.05,3.21,2.11,147.57,19.38,6.35
2026-03-04 06:02:00+00:00,-5.68,3.05,1.49,151.77,13.03,6.61
2026-03-04 06:03:00+00:00,-5.44,3.64,0.81,146.21,7.09,6.60
2026-03-04 06:04:00+00:00,-4.01,4.32,-1.00,132.86,-9.65,5.98
2026-03-04 06:05:00+00:00,-1.85,4.39,-3.56,112.82,-36.80,5.95
2026-03-04 06:06:00+00:00,-2.05,3.99,-3.80,117.16,-40.29,5.88
2026-03-04 06:07:00+00:00,-2.37,5.89,-1.57,111.93,-13.89,6.54
2026-03-04 06:08:00+00:00,-3.32,5.61,0.12,120.63,1.04,6.52
2026-03-04 06:09:00+00:00,-2.17,5.91,-1.83,110.19,-16.21,6.56
2026-03-04 06:10:00+00:00,-2.67,6.08,-1.72,113.70,-14.51,6.86
2026-03-04 06:11:00+00:00,-2.96,6.11,-1.73,115.87,-14.27,7.00
2026-03-04 06:12:00+00:00,-2.68,6.23,-1.50,113.33,-12.52,6.94
2026-03-04 06:13:00+00:00,-3.09,6.19,-1.08,116.49,-8.84,7.00
2026-03-04 06:14:00+00:00,-3.19,5.29,-0.66,121.12,-6.12,6.21
2026-03-04 06:15:00+00:00,-4.47,2.42,2.36,151.59,24.94,5.60
2026-03-04 06:16:00+00:00,-4.52,4.49,-0.32,135.24,-2.91,6.38
2026-03-04 06:17:00+00:00,-4.98,3.65,1.92,143.74,17.25,6.47
2026-03-04 06:18:00+00:00,-3.64,4.22,1.23,130.75,12.47,5.71
2026-03-04 06:19:00+00:00,-3.38,4.79,0.85,125.23,8.25,5.92
2026-03-04 06:20:00+00:00,-3.32,3.68,2.99,132.08,31.06,5.79
2026-03-04 06:21:00+00:00,-2.69,2.98,2.06,132.14,27.13,4.51
2026-03-04 06:22:00+00:00,-1.83,4.14,-3.59,113.82,-38.40,5.78
2026-03-04 06:23:00+00:00,-3.03,5.00,-2.05,121.26,-19.33,6.20
2026-03-04 06:24:00+00:00,-1.22,5.41,-2.34,102.69,-22.87,6.02
2026-03-04 06:25:00+00:00,-0.52,4.98,-3.51,96.01,-35.02,6.12
2026-03-04 06:26:00+00:00,-1.35,5.00,-3.67,105.09,-35.35,6.34
2026-03-04 06:27:00+00:00,-1.68,5.48,-2.92,107.06,-26.97,6.44
2026-03-04 06:28:00+00:00,-1.75,5.34,-3.13,108.11,-29.15,6.44
2026-03-04 06:29:00+00:00,-2.07,4.88,-3.45,113.01,-33.08,6.32
2026-03-04 06:30:00+00:00,-1.92,5.29,-3.22,109.94,-29.76,6.48
2026-03-04 06:31:00+00:00,-2.27,5.12,-3.34,113.92,-30.82,6.52
2026-03-04 06:32:00+00:00,-1.95,4.89,-3.69,111.79,-35.06,6.43
2026-03-04 06:33:00+00:00,-2.55,3.95,-2.11,122.88,-24.15,5.15
2026-03-04 06:34:00+00:00,-4.62,2.85,3.24,148.36,30.79,6.32
2026-03-04 06:35:00+00:00,-3.99,2.60,2.98,146.91,32.05,5.62
2026-03-04 06:36:00+00:00,-3.49,1.59,3.45,155.47,41.91,5.16
2026-03-04 06:37:00+00:00,-3.69,0.21,4.60,176.71,51.21,5.90
2026-03-04 06:38:00+00:00,-3.67,0.51,4.30,172.01,49.26,5.68
2026-03-04 06:39:00+00:00,-3.28,0.37,3.79,173.54,48.93,5.03
2026-03-04 06:40:00+00:00,-3.86,0.74,4.48,169.19,48.77,5.96
2026-03-04 06:41:00+00:00,-4.88,0.53,4.67,173.77,43.58,6.78
2026-03-04 06:42:00+00:00,-5.21,0.28,4.38,176.88,39.99,6.81
2026-03-04 06:43:00+00:00,-5.09,0.12,4.62,178.62,42.19,6.88
2026-03-04 06:44:00+00:00,-3.17,1.96,4.34,148.31,49.33,5.72
2026-03-04 06:45:00+00:00,-5.46,1.00,2.51,169.57,24.38,6.09
2026-03-04 06:46:00+00:00,-5.78,1.58,1.48,164.72,13.87,6.18
2026-03-04 06:47:00+00:00,-5.88,2.07,0.83,160.59,7.57,6.29
2026-03-04 06:48:00+00:00,-5.43,2.61,0.97,154.33,9.11,6.10
2026-03-04 06:49:00+00:00,-4.39,3.41,2.00,142.13,19.81,5.91
2026-03-04 06:50:00+00:00,-3.06,4.18,2.50,126.19,25.74,5.75
2026-03-04 06:51:00+00:00,-2.82,4.82,2.30,120.27,22.34,6.04
2026-03-04 06:52:00+00:00,-3.31,4.96,1.17,123.72,11.15,6.08
2026-03-04 06:53:00+00:00,-3.04,4.80,2.03,122.32,19.63,6.03
2026-03-04 06:54:00+00:00,-2.74,5.38,1.40,116.95,13.08,6.20
2026-03-04 06:55:00+00:00,-3.66,4.59,2.40,128.61,22.24,6.34
2026-03-04 06:56:00+00:00,-4.60,3.85,1.77,140.08,16.49,6.25
2026-03-04 06:57:00+00:00,-4.78,3.42,2.67,144.39,24.40,6.46
2026-03-04 06:58:00+00:00,-5.29,2.81,2.75,152.03,24.66,6.60
2026-03-04 06:59:00+00:00,-4.13,0.74,4.32,169.84,45.85,6.02
2026-03-04 07:00:00+00:00,-2.88,-0.97,5.46,198.66,60.84,6.25
2026-03-04 07:01:00+00:00,-3.61,-0.28,5.43,184.39,56.29,6.53
2026-03-04 07:02:00+00:00,-3.04,-1.08,5.52,199.49,59.67,6.40
2026-03-04 07:03:00+00:00,-3.04,-0.40,5.43,187.54,60.58,6.24
2026-03-04 07:04:00+00:00,-4.19,1.27,3.76,163.19,40.67,5.77
2026-03-04 07:05:00+00:00,-4.02,1.22,3.45,163.10,39.38,5.43
2026-03-04 07:06:00+00:00,-2.58,4.65,-0.22,119.00,-2.42,5.32
2026-03-04 07:07:00+00:00,-0.99,3.91,-3.18,104.18,-38.22,5.14
2026-03-04 07:08:00+00:00,0.41,3.65,-3.24,83.51,-41.47,4.90
2026-03-04 07:09:00+00:00,0.84,4.93,-2.26,80.27,-24.35,5.49
2026-03-04 07:10:00+00:00,1.89,4.73,-0.68,68.20,-7.63,5.14
2026-03-04 07:11:00+00:00,0.27,5.53,-1.05,87.20,-10.77,5.64
2026-03-04 07:12:00+00:00,-0.79,5.36,2.42,98.38,24.09,5.93
2026-03-04 07:13:00+00:00,-0.51,5.78,0.97,95.00,9.48,5.89
2026-03-04 07:14:00+00:00,-0.21,4.41,-4.08,92.76,-42.76,6.01
2026-03-04 07:15:00+00:00,0.19,3.65,-4.59,87.02,-51.42,5.87
2026-03-04 07:16:00+00:00,1.19,2.99,-4.80,68.26,-56.17,5.77
2026-03-04 07:17:00+00:00,1.11,3.19,-4.74,70.75,-54.52,5.82
2026-03-04 07:18:00+00:00,-0.69,4.52,-2.46,98.61,-28.22,5.19
2026-03-04 07:19:00+00:00,-0.84,4.34,-3.37,100.89,-37.29,5.56
2026-03-04 07:20:00+00:00,-0.73,4.58,-3.24,99.01,-34.91,5.66
2026-03-04 07:21:00+00:00,-0.73,4.19,-4.20,99.84,-44.65,5.98
2026-03-04 07:22:00+00:00,-0.21,2.81,-5.91,94.30,-64.53,6.54
2026-03-04 07:23:00+00:00,-0.44,1.43,-6.33,107.03,-76.68,6.51
2026-03-04 07:24:00+00:00,-0.02,0.96,-6.60,91.45,-81.71,6.67
2026-03-04 07:25:00+00:00,-1.57,1.79,3.23,131.20,53.64,4.01
2026-03-04 07:26:00+00:00,-2.88,3.30,4.87,131.11,48.05,6.54
2026-03-04 07:27:00+00:00,-3.03,4.31,3.92,125.06,36.67,6.57
2026-03-04 07:28:00+00:00,-3.04,4.69,3.33,122.93,30.81,6.50
2026-03-04 07:29:00+00:00,-2.79,4.68,3.14,120.77,29.94,6.28
2026-03-04 07:30:00+00:00,-2.81,4.55,3.28,121.71,31.56,6.27
2026-03-04 07:31:00+00:00,-4.10,4.44,1.76,132.70,16.25,6.29
2026-03-04 07:32:00+00:00,-4.34,3.93,2.36,137.83,21.97,6.31
2026-03-04 07:33:00+00:00,-4.59,3.71,2.45,141.02,22.53,6.39
2026-03-04 07:34:00+00:00,-4.35,3.13,3.43,144.28,32.60,6.36
2026-03-04 07:35:00+00:00,-1.30,5.46,1.72,103.43,17.05,5.87
2026-03-04 07:36:00+00:00,-1.89,5.08,2.42,110.43,24.03,5.93
2026-03-04 07:37:00+00:00,-2.23,5.11,1.97,113.61,19.44,5.92
2026-03-04 07:38:00+00:00,-2.55,4.17,3.57,121.42,36.13,6.05
2026-03-04 07:39:00+00:00,-2.60,4.69,2.85,118.96,27.95,6.07
2026-03-04 07:40:00+00:00,-3.00,5.23,1.13,119.83,10.59,6.13
2026-03-04 07:41:00+00:00,-2.95,5.25,-0.28,119.33,-2.66,6.03
2026-03-04 07:42:00+00:00,-4.13,4.61,-0.70,131.83,-6.47,6.23
2026-03-04 07:43:00+00:00,-2.67,4.31,-3.40,121.74,-33.81,6.11
2026-03-04 07:44:00+00:00,-2.33,3.99,-0.87,120.29,-10.73,4.70
2026-03-04 07:45:00+00:00,-1.56,2.51,5.29,121.94,60.80,6.05
2026-03-04 07:46:00+00:00,-2.31,3.75,4.06,121.57,42.68,5.99
2026-03-04 07:47:00+00:00,-2.57,4.89,2.51,117.77,24.41,6.07
2026-03-04 07:48:00+00:00,-3.37,4.70,2.62,125.61,24.35,6.35
2026-03-04 07:49:00+00:00,-2.61,4.74,2.60,118.82,25.67,6.00
2026-03-04 07:50:00+00:00,-1.62,5.11,-1.50,107.56,-15.66,5.57
2026-03-04 07:51:00+00:00,-1.12,4.89,3.89,102.88,37.81,6.35
2026-03-04 07:52:00+00:00,-1.57,5.34,2.88,106.43,27.39,6.27
2026-03-04 07:53:00+00:00,-1.85,5.94,1.75,107.31,15.68,6.47
2026-03-04 07:54:00+00:00,-2.17,6.04,1.17,109.74,10.31,6.52
2026-03-04 07:55:00+00:00,-2.09,6.17,0.56,108.69,4.91,6.54
2026-03-04 07:56:00+00:00,-1.65,6.28,0.49,104.71,4.33,6.52
2026-03-04 07:57:00+00:00,-1.78,6.32,-0.07,105.76,-0.59,6.57
2026-03-04 07:58:00+00:00,-1.83,6.32,-0.70,106.12,-6.04,6.61
2026-03-04 07:59:00+00:00,-1.78,6.15,-1.50,106.12,-13.22,6.57
2026-03-04 08:00:00+00:00,-1.92,5.08,-3.22,110.68,-30.67,6.31
2026-03-04 08:01:00+00:00,-1.45,4.74,-3.92,106.98,-38.30,6.32
2026-03-04 08:02:00+00:00,-1.20,3.28,-4.96,110.17,-54.84,6.06
2026-03-04 08:03:00+00:00,-0.85,3.20,-5.10,104.81,-57.07,6.08
2026-03-04 08:04:00+00:00,-0.92,3.00,-5.14,107.03,-58.62,6.03
2026-03-04 08:05:00+00:00,-0.80,2.87,-5.17,105.65,-60.07,5.97
2026-03-04 08:06:00+00:00,-0.92,2.84,-5.21,107.98,-60.23,6.00
2026-03-04 08:07:00+00:00,-1.07,2.99,-5.18,109.70,-58.54,6.08
2026-03-04 08:08:00+00:00,-0.82,2.98,-5.19,105.34,-59.20,6.04
2026-03-04 08:09:00+00:00,-0.25,2.66,-5.31,95.37,-63.29,5.94
2026-03-04 08:10:00+00:00,-0.79,2.96,-5.14,104.87,-59.21,5.99
2026-03-04 08:11:00+00:00,-0.91,2.75,-5.29,108.35,-61.34,6.03
2026-03-04 08:12:00+00:00,-1.08,2.15,-5.13,116.73,-64.87,5.67
2026-03-04 08:13:00+00:00,-1.01,2.29,-5.58,113.87,-65.80,6.11
2026-03-04 08:14:00+00:00,-1.53,2.74,-5.47,119.18,-60.19,6.31
2026-03-04 08:15:00+00:00,-1.16,2.72,-5.42,113.05,-61.41,6.18
2026-03-04 08:16:00+00:00,-0.83,3.40,-4.98,103.78,-54.90,6.09
2026-03-04 08:17:00+00:00,-0.48,3.59,-4.64,97.59,-52.05,5.88
2026-03-04 08:18:00+00:00,-0.42,1.95,-5.62,102.23,-70.46,5.96
2026-03-04 08:19:00+00:00,-0.75,2.36,-5.36,107.73,-65.18,5.90
2026-03-04 08:20:00+00:00,-1.13,2.56,-5.33,113.83,-62.26,6.03
2026-03-04 08:21:00+00:00,-1.06,1.79,-5.72,120.59,-70.07,6.09
2026-03-04 08:22:00+00:00,-1.21,2.66,-5.11,114.41,-60.22,5.89
2026-03-04 08:23:00+00:00,-0.80,4.62,-2.71,99.84,-30.06,5.41
2026-03-04 08:24:00+00:00,-0.88,5.89,0.90,98.48,8.62,6.03
2026-03-04 08:25:00+00:00,-1.82,6.01,0.00,106.83,0.02,6.27
2026-03-04 08:26:00+00:00,-1.65,5.92,-0.75,105.60,-6.91,6.19
2026-03-04 08:27:00+00:00,-1.25,5.73,-1.75,102.31,-16.65,6.12
2026-03-04 08:28:00+00:00,-1.45,4.99,-2.97,106.20,-29.79,5.98
2026-03-04 08:29:00+00:00,-1.31,4.88,-3.27,105.07,-32.91,6.02
2026-03-04 08:30:00+00:00,-1.92,5.32,-2.31,109.85,-22.19,6.11
2026-03-04 08:31:00+00:00,-1.15,5.32,-2.01,102.24,-20.29,5.80
2026-03-04 08:32:00+00:00,-0.14,5.55,-1.48,91.40,-14.90,5.75
2026-03-04 08:33:00+00:00,-1.25,4.61,-3.38,105.16,-35.32,5.85
2026-03-04 08:34:00+00:00,-1.11,4.91,-2.96,102.77,-30.41,5.84
2026-03-04 08:35:00+00:00,-0.17,5.22,-2.28,91.85,-23.57,5.70
2026-03-04 08:36:00+00:00,-1.25,5.19,-2.40,103.57,-24.18,5.85
2026-03-04 08:37:00+00:00,-0.20,5.41,-1.90,92.11,-19.37,5.74
2026-03-04 08:38:00+00:00,0.70,5.51,-1.03,82.77,-10.52,5.65
2026-03-04 08:39:00+00:00,1.00,5.60,-0.21,79.84,-2.11,5.70
2026-03-04 08:40:00+00:00,1.06,5.59,0.38,79.25,3.81,5.70
2026-03-04 08:41:00+00:00,1.19,5.60,0.82,78.01,8.11,5.78
2026-03-04 08:42:00+00:00,1.87,5.22,1.01,70.27,10.29,5.64
2026-03-04 08:43:00+00:00,1.80,5.27,1.24,71.16,12.54,5.70
2026-03-04 08:44:00+00:00,1.43,5.44,1.26,75.23,12.66,5.76
2026-03-04 08:45:00+00:00,1.77,5.13,1.59,70.98,16.30,5.66
2026-03-04 08:46:00+00:00,1.12,5.22,1.69,77.92,17.58,5.60
2026-03-04 08:47:00+00:00,1.82,4.52,2.29,68.05,25.16,5.38
2026-03-04 08:48:00+00:00,-0.61,5.01,-0.93,96.91,-10.48,5.13
2026-03-04 08:49:00+00:00,-1.83,5.04,-2.51,109.98,-25.08,5.92
2026-03-04 08:50:00+00:00,-1.72,4.92,-2.71,109.33,-27.48,5.87
2026-03-04 08:51:00+00:00,-1.51,5.30,-1.95,105.92,-19.46,5.85
2026-03-04 08:52:00+00:00,-0.52,5.47,-0.49,95.40,-5.12,5.52
2026-03-04 08:53:00+00:00,0.00,5.16,1.02,90.00,11.14,5.26
2026-03-04 08:54:00+00:00,-1.41,4.63,-2.86,106.92,-30.58,5.62
2026-03-04 08:55:00+00:00,-2.12,4.59,-3.24,114.75,-32.63,6.00
2026-03-04 08:56:00+00:00,-1.96,4.47,-3.58,113.70,-36.23,6.05
2026-03-04 08:57:00+00:00,-2.40,3.76,-3.77,122.51,-40.23,5.84
2026-03-04 08:58:00+00:00,-2.39,2.17,-4.82,137.83,-56.20,5.81
2026-03-04 08:59:00+00:00,-2.73,1.79,-4.94,146.72,-56.55,5.92
2026-03-04 09:00:00+00:00,-1.84,3.10,-3.04,120.73,-40.15,4.72
2026-03-04 09:01:00+00:00,-1.86,2.57,-3.67,125.92,-49.11,4.86
2026-03-04 09:02:00+00:00,-4.08,2.19,-1.66,151.73,-19.72,4.92
2026-03-04 09:03:00+00:00,-3.49,3.63,-2.62,133.90,-27.44,5.68
2026-03-04 09:04:00+00:00,-3.28,3.40,-2.48,134.00,-27.69,5.33
2026-03-04 09:05:00+00:00,-2.87,2.36,-4.39,140.61,-49.76,5.76
2026-03-04 09:06:00+00:00,-3.38,2.72,-3.39,141.19,-37.98,5.51
2026-03-04 09:07:00+00:00,-3.23,3.96,-2.41,129.21,-25.24,5.65
2026-03-04 09:08:00+00:00,-1.64,3.58,-2.30,114.59,-30.26,4.56
2026-03-04 09:09:00+00:00,-3.71,1.82,-3.82,153.87,-42.75,5.63
2026-03-04 09:10:00+00:00,-4.10,2.23,-3.83,151.51,-39.39,6.04
2026-03-04 09:11:00+00:00,0.15,0.43,4.65,70.04,84.44,4.67
2026-03-04 09:12:00+00:00,0.98,-0.09,5.80,354.91,80.43,5.89
2026-03-04 09:13:00+00:00,0.51,0.07,5.77,8.01,84.86,5.79
2026-03-04 09:14:00+00:00,0.33,1.07,5.76,72.97,78.99,5.87
2026-03-04 09:15:00+00:00,0.54,1.21,5.50,66.10,76.50,5.66
2026-03-04 09:16:00+00:00,0.27,1.11,5.82,76.51,78.94,5.93
2026-03-04 09:17:00+00:00,1.78,0.84,5.38,25.27,69.90,5.73
2026-03-04 09:18:00+00:00,1.69,0.61,5.37,19.99,71.48,5.66
2026-03-04 09:19:00+00:00,1.08,2.37,5.22,65.54,63.53,5.83
2026-03-04 09:20:00+00:00,-0.98,2.20,5.56,114.09,66.62,6.06
2026-03-04 09:21:00+00:00,-1.39,2.12,5.48,123.26,65.13,6.04
2026-03-04 09:22:00+00:00,-1.93,2.12,5.42,132.33,62.13,6.13
2026-03-04 09:23:00+00:00,-2.36,2.08,5.32,138.66,59.39,6.18
2026-03-04 09:24:00+00:00,-3.42,1.29,3.44,159.43,43.28,5.02
2026-03-04 09:25:00+00:00,-5.08,-1.35,-3.13,194.84,-30.78,6.11
2026-03-04 09:26:00+00:00,-5.17,-1.59,-3.02,197.09,-29.20,6.19
2026-03-04 09:27:00+00:00,-4.64,-1.74,-3.44,200.52,-34.79,6.04
2026-03-04 09:28:00+00:00,-5.09,-1.11,-3.25,192.33,-31.90,6.14
2026-03-04 09:29:00+00:00,-4.99,-1.67,-3.16,198.46,-31.02,6.14
2026-03-04 09:30:00+00:00,-4.89,-1.89,-3.05,201.11,-30.21,6.06
2026-03-04 09:31:00+00:00,-4.54,-2.06,-3.32,204.44,-33.63,5.99
2026-03-04 09:32:00+00:00,-4.36,-2.20,-3.46,206.77,-35.32,5.98
2026-03-04 09:33:00+00:00,-4.59,-2.26,-3.08,206.24,-31.06,5.97
2026-03-04 09:34:00+00:00,-4.06,-2.72,-3.17,213.85,-32.91,5.83
2026-03-04 09:35:00+00:00,-3.33,-3.31,-3.16,224.79,-33.98,5.66
2026-03-04 09:36:00+00:00,-3.83,-3.24,-2.36,220.17,-25.16,5.54
2026-03-04 09:37:00+00:00,-4.58,-2.75,-2.15,210.96,-21.88,5.76
2026-03-04 09:38:00+00:00,-5.77,0.22,-0.93,177.83,-9.12,5.84
2026-03-04 09:39:00+00:00,-5.55,0.00,-1.19,180.05,-12.09,5.68
2026-03-04 09:40:00+00:00,-5.01,0.57,-0.63,173.52,-7.08,5.08
2026-03-04 09:41:00+00:00,-4.76,2.56,0.58,151.71,6.09,5.44
2026-03-04 09:42:00+00:00,-4.09,2.81,2.18,145.50,23.71,5.42
2026-03-04 09:43:00+00:00,-2.38,4.36,2.20,118.65,23.86,5.43
2026-03-04 09:44:00+00:00,-2.85,4.15,2.43,124.54,25.82,5.59
2026-03-04 09:45:00+00:00,-2.82,3.87,2.65,126.05,28.97,5.47
2026-03-04 09:46:00+00:00,-3.12,3.96,2.33,128.25,24.81,5.55
2026-03-04 09:47:00+00:00,-3.56,3.73,2.06,133.67,21.80,5.56
2026-03-04 09:48:00+00:00,-3.23,4.02,2.33,128.81,24.32,5.66
2026-03-04 09:49:00+00:00,-4.93,0.83,1.30,170.45,14.59,5.17
2026-03-04 09:50:00+00:00,-6.07,-0.77,1.19,187.27,11.04,6.24
2026-03-04 09:51:00+00:00,-6.10,0.06,1.49,179.44,13.73,6.28
2026-03-04 09:52:00+00:00,-6.11,-0.12,1.74,181.14,15.92,6.35
2026-03-04 09:53:00+00:00,-6.08,0.26,1.99,177.54,18.14,6.41
2026-03-04 09:54:00+00:00,-5.26,2.17,2.01,157.55,19.48,6.03
2026-03-04 09:55:00+00:00,-5.40,2.15,1.82,158.30,17.41,6.09
2026-03-04 09:56:00+00:00,-5.49,1.96,2.05,160.30,19.40,6.18
2026-03-04 09:57:00+00:00,-5.42,1.21,2.72,167.36,26.07,6.18
2026-03-04 09:58:00+00:00,-5.30,1.03,3.15,169.03,30.24,6.25
2026-03-04 09:59:00+00:00,-4.69,1.32,3.80,164.25,37.91,6.18
2026-03-04 10:00:00+00:00,-4.70,1.20,3.78,165.64,37.93,6.15
2026-03-04 10:01:00+00:00,-4.68,1.39,3.91,163.43,38.68,6.26
2026-03-04 10:02:00+00:00,-4.93,2.36,2.74,154.46,26.59,6.11
2026-03-04 10:03:00+00:00,-4.78,2.35,2.77,153.81,27.46,6.01
2026-03-04 10:04:00+00:00,-4.04,1.31,4.05,162.08,43.66,5.87
2026-03-04 10:05:00+00:00,-4.18,0.84,4.26,168.67,44.93,6.03
2026-03-04 10:06:00+00:00,-4.10,-1.09,4.12,194.93,44.20,5.92
2026-03-04 10:07:00+00:00,-2.41,2.64,0.73,132.38,11.58,3.65
2026-03-04 10:08:00+00:00,-0.56,5.19,0.06,96.17,0.65,5.22
2026-03-04 10:09:00+00:00,-2.97,3.15,2.97,133.29,34.49,5.25
2026-03-04 10:10:00+00:00,-3.53,3.57,2.57,134.62,27.09,5.64
2026-03-04 10:11:00+00:00,-2.21,3.98,1.26,118.98,15.42,4.73
2026-03-04 10:12:00+00:00,-1.35,4.89,-1.95,105.48,-21.06,5.44
2026-03-04 10:13:00+00:00,-0.71,4.45,-3.22,99.05,-35.56,5.54
2026-03-04 10:14:00+00:00,-1.30,4.55,-2.19,105.89,-24.82,5.22
2026-03-04 10:15:00+00:00,-1.51,4.86,-1.83,107.29,-19.80,5.41
2026-03-04 10:16:00+00:00,-1.65,4.85,-2.05,108.76,-21.78,5.52
2026-03-04 10:17:00+00:00,-0.80,4.86,-2.28,99.35,-24.88,5.43
2026-03-04 10:18:00+00:00,-0.06,4.59,-1.91,90.75,-22.58,4.97
2026-03-04 10:19:00+00:00,0.44,5.26,-1.16,85.17,-12.43,5.41
2026-03-04 10:20:00+00:00,-0.63,5.33,-0.35,96.71,-3.78,5.38
2026-03-04 10:21:00+00:00,-2.24,4.79,-0.69,115.10,-7.48,5.33
2026-03-04 10:22:00+00:00,-4.84,3.16,-1.26,146.88,-12.26,5.92
2026-03-04 10:23:00+00:00,-4.76,3.32,-0.77,145.13,-7.55,5.85
2026-03-04 10:24:00+00:00,-3.64,4.07,-1.73,131.82,-17.54,5.73
2026-03-04 10:25:00+00:00,-3.37,4.40,-2.03,127.46,-20.09,5.91
2026-03-04 10:26:00+00:00,-4.26,3.76,-0.97,138.52,-9.69,5.77
2026-03-04 10:27:00+00:00,-5.40,2.73,0.13,153.20,1.27,6.05
2026-03-04 10:28:00+00:00,-5.16,3.25,-0.50,147.77,-4.70,6.12
2026-03-04 10:29:00+00:00,-5.49,2.47,0.03,155.82,0.32,6.02
2026-03-04 10:30:00+00:00,-5.46,2.18,1.23,158.27,11.80,6.00
2026-03-04 10:31:00+00:00,-5.40,2.12,2.12,158.57,20.04,6.18
2026-03-04 10:32:00+00:00,-5.08,2.77,2.11,151.40,19.99,6.16
2026-03-04 10:33:00+00:00,-5.49,1.55,2.45,164.24,23.20,6.21
2026-03-04 10:34:00+00:00,-5.76,0.84,2.32,171.65,21.71,6.26
2026-03-04 10:35:00+00:00,-4.93,1.45,3.25,163.63,32.30,6.08
2026-03-04 10:36:00+00:00,-4.70,1.08,2.77,167.02,29.86,5.56
2026-03-04 10:37:00+00:00,-5.03,3.45,-0.55,145.57,-5.17,6.12
2026-03-04 10:38:00+00:00,-4.69,4.15,-0.68,138.45,-6.24,6.30
2026-03-04 10:39:00+00:00,-4.76,4.05,-0.53,139.61,-4.88,6.27
2026-03-04 10:40:00+00:00,-4.76,3.92,-1.07,140.50,-9.88,6.26
2026-03-04 10:41:00+00:00,-4.69,4.15,-0.49,138.47,-4.48,6.28
2026-03-04 10:42:00+00:00,-4.44,4.48,0.48,134.72,4.39,6.33
2026-03-04 10:43:00+00:00,-4.18,4.13,-1.51,135.32,-14.38,6.06
2026-03-04 10:44:00+00:00,-5.29,3.17,-0.49,149.08,-4.51,6.19
2026-03-04 10:45:00+00:00,-4.98,3.31,-1.73,146.40,-16.11,6.22
2026-03-04 10:46:00+00:00,-4.81,2.86,-2.96,149.22,-27.86,6.33
2026-03-04 10:47:00+00:00,-5.23,3.33,-1.87,147.53,-16.82,6.48
2026-03-04 10:48:00+00:00,-5.53,3.41,-1.12,148.34,-9.80,6.59
2026-03-04 10:49:00+00:00,-5.94,2.83,-0.69,154.54,-6.00,6.62
2026-03-04 10:50:00+00:00,-6.19,2.20,-0.95,160.45,-8.23,6.64
2026-03-04 10:51:00+00:00,-6.07,2.13,-1.62,160.68,-14.10,6.63
2026-03-04 10:52:00+00:00,-5.85,2.47,-1.08,157.10,-9.64,6.44
2026-03-04 10:53:00+00:00,-5.96,2.27,-0.67,159.12,-6.02,6.41
2026-03-04 10:54:00+00:00,-6.02,1.90,-1.12,162.53,-10.07,6.41
2026-03-04 10:55:00+00:00,-5.90,1.50,-1.75,165.71,-16.00,6.34
2026-03-04 10:56:00+00:00,-6.08,1.40,-1.36,167.05,-12.28,6.39
2026-03-04 10:57:00+00:00,-6.02,2.19,-0.70,160.05,-6.26,6.45
2026-03-04 10:58:00+00:00,-6.15,1.68,-0.80,164.74,-7.16,6.42
2026-03-04 10:59:00+00:00,-5.43,2.67,2.24,153.85,20.31,6.45
2026-03-04 11:00:00+00:00,-4.83,2.93,3.18,148.79,29.37,6.49
2026-03-04 11:01:00+00:00,-4.82,2.89,3.14,149.10,29.18,6.44
2026-03-04 11:02:00+00:00,-4.65,2.59,3.59,150.91,34.03,6.42
2026-03-04 11:03:00+00:00,-4.45,2.23,4.02,153.41,38.90,6.40
2026-03-04 11:04:00+00:00,-4.39,2.20,4.09,153.34,39.79,6.39
2026-03-04 11:05:00+00:00,-4.12,2.50,4.18,148.75,40.94,6.38
2026-03-04 11:06:00+00:00,-3.94,2.47,4.26,147.95,42.54,6.31
2026-03-04 11:07:00+00:00,-4.21,2.13,4.27,153.17,42.14,6.36
2026-03-04 11:08:00+00:00,-4.12,1.96,4.65,154.58,45.54,6.51
2026-03-04 11:09:00+00:00,-4.11,1.99,4.50,154.20,44.60,6.41
2026-03-04 11:10:00+00:00,-4.24,2.67,3.98,147.80,38.50,6.40
2026-03-04 11:11:00+00:00,-4.32,2.24,4.28,152.54,41.36,6.48
2026-03-04 11:12:00+00:00,-4.15,2.12,4.53,152.98,44.23,6.50
2026-03-04 11:13:00+00:00,-4.34,2.26,4.29,152.54,41.27,6.51
2026-03-04 11:14:00+00:00,-4.34,2.05,4.31,154.69,41.92,6.46
2026-03-04 11:15:00+00:00,-4.86,1.98,3.90,157.81,36.67,6.54
2026-03-04 11:16:00+00:00,-5.00,1.83,3.78,159.95,35.38,6.53
2026-03-04 11:17:00+00:00,-4.88,2.11,3.67,156.59,34.65,6.46
2026-03-04 11:18:00+00:00,-5.17,1.80,3.47,160.80,32.34,6.48
2026-03-04 11:19:00+00:00,-5.14,1.19,3.75,166.95,35.41,6.47
2026-03-04 11:20:00+00:00,-5.49,1.31,3.56,166.57,32.21,6.68
2026-03-04 11:21:00+00:00,-5.09,3.04,2.62,149.14,23.81,6.48
2026-03-04 11:22:00+00:00,-4.54,4.49,0.95,135.34,8.48,6.45
2026-03-04 11:23:00+00:00,-3.56,5.32,0.17,123.82,1.50,6.41
2026-03-04 11:24:00+00:00,-2.70,5.63,0.98,115.61,8.88,6.32
2026-03-04 11:25:00+00:00,-2.87,5.45,1.50,117.77,13.72,6.34
2026-03-04 11:26:00+00:00,-3.86,5.09,1.24,127.16,10.95,6.50
2026-03-04 11:27:00+00:00,-2.48,5.61,1.29,113.88,11.92,6.27
2026-03-04 11:28:00+00:00,-2.67,5.23,1.99,117.07,18.74,6.20
2026-03-04 11:29:00+00:00,-0.94,5.06,3.09,100.58,30.98,6.00
2026-03-04 11:30:00+00:00,-1.87,4.91,3.19,110.82,31.24,6.15
2026-03-04 11:31:00+00:00,-2.58,4.77,3.05,118.35,29.33,6.22
2026-03-04 11:32:00+00:00,-2.60,4.96,3.23,117.63,30.00,6.46
2026-03-04 11:33:00+00:00,-2.71,5.43,2.00,116.51,18.28,6.39
2026-03-04 11:34:00+00:00,-2.07,5.64,1.56,110.13,14.54,6.20
2026-03-04 11:35:00+00:00,-2.65,5.63,1.00,115.24,9.15,6.30
2026-03-04 11:36:00+00:00,-2.31,5.74,-0.02,111.91,-0.22,6.19
2026-03-04 11:37:00+00:00,-4.44,2.83,1.98,147.47,20.64,5.63
2026-03-04 11:38:00+00:00,-5.62,1.23,3.27,167.68,29.66,6.61
2026-03-04 11:39:00+00:00,-5.71,1.47,3.12,165.53,27.92,6.67
2026-03-04 11:40:00+00:00,-5.75,0.31,3.11,176.87,28.36,6.55
2026-03-04 11:41:00+00:00,-5.13,0.35,3.93,176.14,37.40,6.48
2026-03-04 11:42:00+00:00,-4.84,-0.90,4.30,190.53,41.12,6.54
2026-03-04 11:43:00+00:00,-4.80,-0.14,4.47,181.68,42.97,6.56
2026-03-04 11:44:00+00:00,-4.28,0.12,4.87,178.33,48.72,6.49
2026-03-04 11:45:00+00:00,-4.96,0.36,4.27,175.85,40.64,6.55
2026-03-04 11:46:00+00:00,-5.65,0.02,3.41,179.78,31.07,6.60
2026-03-04 11:47:00+00:00,-5.65,-1.42,2.74,194.08,25.17,6.44
2026-03-04 11:48:00+00:00,-5.71,-1.11,2.82,191.02,25.88,6.47
2026-03-04 11:49:00+00:00,-5.32,0.18,3.81,178.10,35.60,6.55
2026-03-04 11:50:00+00:00,-5.93,-0.99,2.74,189.47,24.52,6.60
2026-03-04 11:51:00+00:00,-5.77,0.54,3.04,174.61,27.66,6.54
2026-03-04 11:52:00+00:00,-4.94,1.32,3.98,165.02,37.93,6.48
2026-03-04 11:53:00+00:00,-4.88,2.09,3.96,156.77,36.71,6.62
2026-03-04 11:54:00+00:00,-5.12,3.26,2.73,147.47,24.20,6.66
2026-03-04 11:55:00+00:00,-3.82,1.46,5.08,159.12,51.17,6.52
2026-03-04 11:56:00+00:00,-4.09,2.00,4.64,153.90,45.54,6.50
2026-03-04 11:57:00+00:00,-4.20,3.01,3.89,144.43,36.97,6.47
2026-03-04 11:58:00+00:00,-4.77,4.24,0.99,138.38,8.82,6.45
2026-03-04 11:59:00+00:00,-3.61,4.87,0.64,126.52,6.01,6.10
2026-03-04 12:00:00+00:00,-3.25,5.19,1.54,122.06,14.12,6.32
2026-03-04 12:01:00+00:00,-3.54,4.80,2.17,126.43,19.97,6.35
2026-03-04 12:02:00+00:00,-4.07,4.30,2.05,133.41,19.09,6.27
2026-03-04 12:03:00+00:00,-3.90,4.46,1.85,131.21,17.38,6.21
2026-03-04 12:04:00+00:00,-3.26,5.15,0.80,122.33,7.51,6.15
2026-03-04 12:05:00+00:00,-3.87,4.42,0.82,131.21,7.99,5.93
2026-03-04 12:06:00+00:00,-4.79,2.55,2.39,152.02,23.76,5.93
2026-03-04 12:07:00+00:00,-3.66,1.70,4.18,155.11,46.03,5.80
2026-03-04 12:08:00+00:00,-3.90,1.38,4.86,160.55,49.65,6.38
2026-03-04 12:09:00+00:00,-2.87,4.43,1.04,122.91,11.18,5.38
2026-03-04 12:10:00+00:00,-2.37,5.13,-1.45,114.81,-14.40,5.83
2026-03-04 12:11:00+00:00,-2.03,5.02,-2.48,111.96,-24.62,5.96
2026-03-04 12:12:00+00:00,-1.50,5.09,-0.89,106.38,-9.53,5.38
2026-03-04 12:13:00+00:00,-1.39,5.77,1.31,103.58,12.43,6.08
2026-03-04 12:14:00+00:00,-1.49,5.63,1.21,104.84,11.72,5.95
2026-03-04 12:15:00+00:00,-2.25,5.61,0.89,111.82,8.41,6.11
2026-03-04 12:16:00+00:00,-2.61,5.36,-0.01,115.99,-0.05,5.96
2026-03-04 12:17:00+00:00,-2.96,5.32,0.67,119.03,6.28,6.13
2026-03-04 12:18:00+00:00,-3.03,4.22,2.88,125.73,29.01,5.94
2026-03-04 12:19:00+00:00,-2.56,0.84,5.07,161.90,62.05,5.74
2026-03-04 12:20:00+00:00,-2.47,2.48,4.52,134.85,52.26,5.72
2026-03-04 12:21:00+00:00,-2.81,4.31,3.27,123.07,32.40,6.10
2026-03-04 12:22:00+00:00,-2.70,4.25,3.56,122.44,35.31,6.17
2026-03-04 12:23:00+00:00,-3.28,4.44,2.78,126.43,26.75,6.18
2026-03-04 12:24:00+00:00,-4.87,3.16,2.77,147.02,25.50,6.43
2026-03-04 12:25:00+00:00,-4.85,4.20,1.02,139.12,8.99,6.50
2026-03-04 12:26:00+00:00,-3.62,5.01,1.13,125.85,10.37,6.28
2026-03-04 12:27:00+00:00,-2.49,5.45,-0.71,114.52,-6.73,6.03
2026-03-04 12:28:00+00:00,-1.78,5.77,-0.70,107.14,-6.64,6.08
2026-03-04 12:29:00+00:00,-2.24,5.54,-1.38,112.00,-13.02,6.13
2026-03-04 12:30:00+00:00,-2.67,5.23,-0.83,117.05,-8.02,5.93
2026-03-04 12:31:00+00:00,-2.09,5.69,0.78,110.16,7.34,6.11
2026-03-04 12:32:00+00:00,-1.90,5.69,0.05,108.48,0.44,6.00
2026-03-04 12:33:00+00:00,-0.95,5.21,0.48,100.33,5.21,5.31
2026-03-04 12:34:00+00:00,-0.08,5.30,0.08,90.86,0.82,5.30
2026-03-04 12:35:00+00:00,-1.85,-1.36,2.97,216.22,52.28,3.76
2026-03-04 12:36:00+00:00,-2.38,1.23,5.31,152.68,63.25,5.94
2026-03-04 12:37:00+00:00,-2.60,2.56,4.59,135.49,51.52,5.87
2026-03-04 12:38:00+00:00,-2.59,3.73,3.91,124.77,40.75,6.00
2026-03-04 12:39:00+00:00,-1.26,3.77,3.34,108.43,40.09,5.19
2026-03-04 12:40:00+00:00,0.65,4.47,2.77,81.76,31.55,5.30
2026-03-04 12:41:00+00:00,-1.00,5.02,2.80,101.33,28.65,5.83
2026-03-04 12:42:00+00:00,0.42,5.33,2.09,85.54,21.36,5.74
2026-03-04 12:43:00+00:00,-0.27,4.92,2.75,93.11,29.20,5.64
2026-03-04 12:44:00+00:00,0.07,4.99,2.55,89.25,27.04,5.60
2026-03-04 12:45:00+00:00,0.81,4.69,2.74,80.25,29.94,5.50
2026-03-04 12:46:00+00:00,1.42,4.95,1.21,73.94,13.22,5.29
2026-03-04 12:47:00+00:00,1.17,5.14,0.74,77.24,7.95,5.33
2026-03-04 12:48:00+00:00,0.86,5.12,-1.39,80.49,-14.97,5.37
2026-03-04 12:49:00+00:00,1.22,3.88,-1.95,72.55,-25.64,4.52
2026-03-04 12:50:00+00:00,0.21,4.95,1.96,87.58,21.57,5.32
2026-03-04 12:51:00+00:00,-1.73,4.13,2.58,112.73,30.00,5.17
2026-03-04 12:52:00+00:00,-4.11,2.36,3.53,150.12,36.66,5.91
2026-03-04 12:53:00+00:00,-3.91,1.67,4.24,156.87,44.90,6.00
2026-03-04 12:54:00+00:00,-4.32,1.31,3.74,163.11,39.66,5.87
2026-03-04 12:55:00+00:00,-3.91,3.88,2.41,135.23,23.62,6.01
2026-03-04 12:56:00+00:00,-4.84,1.51,3.55,162.65,34.96,6.19
2026-03-04 12:57:00+00:00,-5.02,1.81,3.37,160.17,32.29,6.31
2026-03-04 12:58:00+00:00,-4.51,2.15,3.85,154.49,37.65,6.31
2026-03-04 12:59:00+00:00,-3.20,3.00,3.05,136.83,34.85,5.34
2026-03-04 13:00:00+00:00,-1.17,4.34,2.88,105.06,32.68,5.34
2026-03-04 13:01:00+00:00,0.24,3.90,3.86,86.51,44.65,5.49
2026-03-04 13:02:00+00:00,-0.47,3.38,4.59,97.87,53.35,5.72
2026-03-04 13:03:00+00:00,-1.65,4.35,3.69,110.80,38.41,5.94
2026-03-04 13:04:00+00:00,-1.95,3.37,3.90,120.04,45.06,5.51
2026-03-04 13:05:00+00:00,-2.80,0.96,5.25,161.09,60.61,6.02
2026-03-04 13:06:00+00:00,-2.70,0.68,5.49,165.76,63.12,6.16
2026-03-04 13:07:00+00:00,-2.34,2.13,5.37,137.67,59.46,6.23
2026-03-04 13:08:00+00:00,-0.98,1.86,5.63,117.88,69.50,6.01
2026-03-04 13:09:00+00:00,-1.19,2.67,5.27,114.05,60.97,6.03
2026-03-04 13:10:00+00:00,-1.07,2.66,5.32,111.94,61.68,6.04
2026-03-04 13:11:00+00:00,-1.17,3.32,4.93,109.45,54.42,6.06
2026-03-04 13:12:00+00:00,-0.22,4.38,4.05,92.91,42.76,5.97
2026-03-04 13:13:00+00:00,0.60,4.13,4.23,81.71,45.39,5.95
2026-03-04 13:14:00+00:00,0.49,4.49,3.88,83.77,40.67,5.95
2026-03-04 13:15:00+00:00,0.11,5.10,2.86,88.80,29.29,5.85
2026-03-04 13:16:00+00:00,-0.41,4.97,2.99,94.77,30.94,5.81
2026-03-04 13:17:00+00:00,-1.81,5.36,2.34,108.67,22.44,6.12
2026-03-04 13:18:00+00:00,-1.79,5.30,2.10,108.61,20.61,5.98
2026-03-04 13:19:00+00:00,-2.42,4.96,2.68,116.04,25.88,6.13
2026-03-04 13:20:00+00:00,-2.12,5.42,1.09,111.35,10.60,5.92
2026-03-04 13:21:00+00:00,-3.21,4.75,1.95,124.09,18.79,6.06
2026-03-04 13:22:00+00:00,-4.09,4.66,1.50,131.23,13.58,6.38
2026-03-04 13:23:00+00:00,-3.71,4.54,1.13,129.23,10.86,5.97
2026-03-04 13:24:00+00:00,-2.95,4.78,2.56,121.70,24.50,6.18
2026-03-04 13:25:00+00:00,-1.84,5.09,2.19,109.90,21.97,5.84
2026-03-04 13:26:00+00:00,-3.44,4.91,1.76,125.03,16.40,6.25
2026-03-04 13:27:00+00:00,-2.98,4.55,2.81,123.25,27.36,6.12
2026-03-04 13:28:00+00:00,-3.02,4.62,2.55,123.17,24.80,6.07
2026-03-04 13:29:00+00:00,-3.30,4.54,2.53,125.99,24.24,6.16
2026-03-04 13:30:00+00:00,0.51,5.16,0.73,84.38,8.07,5.23
2026-03-04 13:31:00+00:00,-3.24,4.43,2.50,126.18,24.49,6.03
2026-03-04 13:32:00+00:00,-1.87,5.34,2.02,109.35,19.66,6.01
2026-03-04 13:33:00+00:00,-2.77,5.09,1.73,118.51,16.59,6.05
2026-03-04 13:34:00+00:00,-2.43,5.30,1.31,114.66,12.64,5.97
2026-03-04 13:35:00+00:00,-1.54,5.42,1.70,105.82,16.78,5.88
2026-03-04 13:36:00+00:00,-1.71,5.46,1.59,107.38,15.53,5.94
2026-03-04 13:37:00+00:00,-0.32,5.71,0.71,93.25,7.07,5.76
2026-03-04 13:38:00+00:00,-0.43,5.73,0.69,94.28,6.89,5.79
2026-03-04 13:39:00+00:00,0.08,5.57,1.11,89.16,11.23,5.68
2026-03-04 13:40:00+00:00,-1.62,4.49,3.23,109.85,34.05,5.76
2026-03-04 13:41:00+00:00,-3.66,3.82,3.19,133.83,31.10,6.18
2026-03-04 13:42:00+00:00,-1.98,5.24,1.68,110.74,16.70,5.85
2026-03-04 13:43:00+00:00,-0.70,5.27,2.27,97.55,23.08,5.78
2026-03-04 13:44:00+00:00,-1.53,4.86,3.08,107.51,31.12,5.96
2026-03-04 13:45:00+00:00,-1.06,4.67,3.38,102.73,35.23,5.87
2026-03-04 13:46:00+00:00,-2.12,5.13,2.35,112.45,22.95,6.03
2026-03-04 13:47:00+00:00,-1.98,4.93,2.87,111.89,28.35,6.04
2026-03-04 13:48:00+00:00,-2.29,5.10,2.22,114.21,21.68,6.01
2026-03-04 13:49:00+00:00,-1.98,5.67,0.47,109.24,4.49,6.03
2026-03-04 13:50:00+00:00,-2.97,5.05,1.23,120.46,11.83,5.99
2026-03-04 13:51:00+00:00,-3.82,4.31,1.79,131.56,17.22,6.03
2026-03-04 13:52:00+00:00,-2.57,4.57,3.07,119.41,30.36,6.07
2026-03-04 13:53:00+00:00,-2.50,4.77,2.70,117.61,26.62,6.02
2026-03-04 13:54:00+00:00,-2.97,4.41,2.69,123.97,26.83,5.96
2026-03-04 13:55:00+00:00,-3.24,4.52,1.71,125.68,17.09,5.82
2026-03-04 13:56:00+00:00,-4.52,3.64,1.95,141.13,18.56,6.12
2026-03-04 13:57:00+00:00,-4.88,3.35,1.70,145.52,16.07,6.16
2026-03-04 13:58:00+00:00,-4.98,3.19,1.69,147.39,15.94,6.15
2026-03-04 13:59:00+00:00,-4.45,3.83,1.91,139.30,18.03,6.18
2026-03-04 14:00:00+00:00,-3.81,4.41,1.76,130.77,16.81,6.09
2026-03-04 14:01:00+00:00,-4.12,4.30,1.10,133.77,10.48,6.06
2026-03-04 14:02:00+00:00,-3.92,4.11,1.81,133.63,17.69,5.96
2026-03-04 14:03:00+00:00,-2.27,4.94,1.29,114.68,13.32,5.59
2026-03-04 14:04:00+00:00,-3.39,4.52,1.31,126.80,13.09,5.80
2026-03-04 14:05:00+00:00,-4.49,3.44,2.47,142.54,23.60,6.18
2026-03-04 14:06:00+00:00,-4.79,3.36,2.30,144.94,21.44,6.28
2026-03-04 14:07:00+00:00,-4.54,3.62,2.42,141.43,22.60,6.29
2026-03-04 14:08:00+00:00,-4.66,3.60,2.32,142.31,21.52,6.34
2026-03-04 14:09:00+00:00,-4.79,3.69,2.26,142.44,20.47,6.45
2026-03-04 14:10:00+00:00,-4.80,3.65,2.27,142.74,20.64,6.44
2026-03-04 14:11:00+00:00,-4.95,3.49,2.16,144.84,19.62,6.43
2026-03-04 14:12:00+00:00,-5.36,3.34,1.32,148.08,11.85,6.45
2026-03-04 14:13:00+00:00,-5.65,2.91,1.21,152.73,10.81,6.47
2026-03-04 14:14:00+00:00,-5.16,3.69,1.23,144.40,10.94,6.46
2026-03-04 14:15:00+00:00,-5.52,3.08,1.47,150.89,13.11,6.49
2026-03-04 14:16:00+00:00,-5.66,2.60,2.12,155.33,18.80,6.58
2026-03-04 14:17:00+00:00,-5.80,2.56,1.86,156.19,16.37,6.60
2026-03-04 14:18:00+00:00,-6.05,2.07,1.77,161.13,15.50,6.64
2026-03-04 14:19:00+00:00,-5.97,2.16,1.81,160.15,15.93,6.60
2026-03-04 14:20:00+00:00,-6.26,1.49,1.64,166.62,14.28,6.64
2026-03-04 14:21:00+00:00,-5.80,2.13,2.34,159.87,20.73,6.61
2026-03-04 14:22:00+00:00,-5.85,1.88,2.30,162.17,20.55,6.56
2026-03-04 14:23:00+00:00,-5.81,1.45,2.60,166.02,23.50,6.53
2026-03-04 14:24:00+00:00,-5.88,1.57,2.50,165.04,22.30,6.58
2026-03-04 14:25:00+00:00,-6.03,2.39,1.20,158.36,10.51,6.60
2026-03-04 14:26:00+00:00,-5.93,2.63,0.62,156.07,5.48,6.52
2026-03-04 14:27:00+00:00,-6.04,2.25,0.42,159.54,3.77,6.46
2026-03-04 14:28:00+00:00,-4.80,1.67,4.12,160.80,39.03,6.54
2026-03-04 14:29:00+00:00,-5.61,1.24,3.14,167.53,28.61,6.55
2026-03-04 14:30:00+00:00,-5.19,1.16,3.87,167.35,36.04,6.58
2026-03-04 14:31:00+00:00,-5.32,1.55,3.47,163.76,32.05,6.53
2026-03-04 14:32:00+00:00,-5.24,1.22,3.68,166.87,34.34,6.52
2026-03-04 14:33:00+00:00,-5.27,0.99,3.18,169.37,30.63,6.24
2026-03-04 14:34:00+00:00,-6.37,0.49,1.64,175.57,14.45,6.59
2026-03-04 14:35:00+00:00,-5.91,0.82,2.70,172.10,24.38,6.55
2026-03-04 14:36:00+00:00,-5.72,0.57,3.26,174.28,29.57,6.61
2026-03-04 14:37:00+00:00,-6.06,-0.11,2.67,181.08,23.78,6.62
2026-03-04 14:38:00+00:00,-5.73,-0.11,3.07,181.11,28.17,6.50
2026-03-04 14:39:00+00:00,-5.15,0.31,3.81,176.56,36.45,6.41
2026-03-04 14:40:00+00:00,-5.48,-0.57,3.37,185.98,31.50,6.46
2026-03-04 14:41:00+00:00,-4.23,1.08,4.57,165.64,46.34,6.32
2026-03-04 14:42:00+00:00,-3.98,1.24,4.82,162.64,49.12,6.37
2026-03-04 14:43:00+00:00,-4.01,1.37,4.72,161.11,48.05,6.34
2026-03-04 14:44:00+00:00,-4.06,1.30,4.75,162.24,48.10,6.38
2026-03-04 14:45:00+00:00,-4.14,0.75,4.77,169.69,48.56,6.36
2026-03-04 14:46:00+00:00,-3.89,0.68,4.95,170.10,51.44,6.34
2026-03-04 14:47:00+00:00,-4.48,0.37,4.56,175.33,45.38,6.41
2026-03-04 14:48:00+00:00,-4.02,0.61,4.91,171.34,50.40,6.37
2026-03-04 14:49:00+00:00,-4.08,0.61,4.90,171.46,49.86,6.41
2026-03-04 14:50:00+00:00,-3.82,0.12,5.03,178.20,52.77,6.32
2026-03-04 14:51:00+00:00,-4.19,-0.28,4.74,183.82,48.45,6.34
2026-03-04 14:52:00+00:00,-4.12,-0.79,4.76,190.88,48.61,6.35
2026-03-04 14:53:00+00:00,-3.78,0.78,4.57,168.31,49.77,5.98
2026-03-04 14:54:00+00:00,-1.62,4.27,3.63,110.76,38.50,5.83
2026-03-04 14:55:00+00:00,-1.36,4.18,3.92,108.00,41.71,5.89
2026-03-04 14:56:00+00:00,-0.78,4.92,2.54,99.01,26.98,5.59
2026-03-04 14:57:00+00:00,-3.59,2.34,4.34,146.93,45.38,6.09
2026-03-04 14:58:00+00:00,-3.22,2.99,4.25,137.16,44.08,6.11
2026-03-04 14:59:00+00:00,-2.81,3.07,4.48,132.47,47.12,6.12
2026-03-04 15:00:00+00:00,-3.19,3.53,3.97,132.13,39.85,6.19
2026-03-04 15:01:00+00:00,-4.24,3.40,3.05,141.33,29.32,6.23
2026-03-04 15:02:00+00:00,-3.88,3.27,3.44,139.94,34.17,6.13
2026-03-04 15:03:00+00:00,-3.48,3.55,3.59,134.44,35.85,6.13
2026-03-04 15:04:00+00:00,-3.52,3.27,3.91,137.16,39.13,6.19
2026-03-04 15:05:00+00:00,-3.81,3.02,3.87,141.60,38.53,6.21
2026-03-04 15:06:00+00:00,-3.97,3.12,3.52,141.84,34.92,6.15
2026-03-04 15:07:00+00:00,-3.76,3.12,3.90,140.32,38.64,6.25
2026-03-04 15:08:00+00:00,-3.87,2.99,3.83,142.29,38.02,6.21
2026-03-04 15:09:00+00:00,-3.36,3.24,3.98,135.99,40.45,6.13
2026-03-04 15:10:00+00:00,-3.17,3.36,3.80,133.37,39.45,5.99
2026-03-04 15:11:00+00:00,-2.80,3.88,3.50,125.85,36.15,5.93
2026-03-04 15:12:00+00:00,-4.25,2.38,3.67,150.80,37.00,6.10
2026-03-04 15:13:00+00:00,-1.82,2.38,4.73,127.37,57.67,5.60
2026-03-04 15:14:00+00:00,-2.19,2.93,4.40,126.72,50.25,5.72
2026-03-04 15:15:00+00:00,-2.41,3.11,4.09,127.78,46.09,5.67
2026-03-04 15:16:00+00:00,-2.35,3.86,2.98,121.33,33.36,5.42
2026-03-04 15:17:00+00:00,-2.40,3.92,2.63,121.44,29.79,5.29
2026-03-04 15:18:00+00:00,-3.14,1.06,4.74,161.41,55.02,5.78
2026-03-04 15:19:00+00:00,-2.90,0.61,4.49,168.16,56.55,5.38
2026-03-04 15:20:00+00:00,-1.98,3.76,2.38,117.74,29.22,4.87
2026-03-04 15:21:00+00:00,-2.63,0.79,3.94,163.27,55.07,4.81
2026-03-04 15:22:00+00:00,-2.78,-1.51,4.40,208.47,54.34,5.42
2026-03-04 15:23:00+00:00,-2.45,-2.24,4.25,222.41,52.06,5.39
2026-03-04 15:24:00+00:00,-2.65,-2.41,4.28,222.29,50.02,5.58
2026-03-04 15:25:00+00:00,-2.93,-1.35,4.37,204.65,53.54,5.43
2026-03-04 15:26:00+00:00,-2.88,-0.96,4.53,198.55,56.21,5.45
2026-03-04 15:27:00+00:00,-2.57,-1.79,4.76,214.87,56.58,5.70
2026-03-04 15:28:00+00:00,-3.81,0.52,4.11,172.18,46.92,5.63
2026-03-04 15:29:00+00:00,-2.35,-2.51,4.33,226.96,51.54,5.53
2026-03-04 15:30:00+00:00,-2.31,-3.16,4.35,233.78,47.98,5.85
2026-03-04 15:31:00+00:00,-2.80,-2.48,4.71,221.55,51.53,6.01
2026-03-04 15:32:00+00:00,-3.36,-0.74,4.82,192.42,54.51,5.93
2026-03-04 15:33:00+00:00,-3.19,-1.44,4.68,204.30,53.20,5.85
2026-03-04 15:34:00+00:00,-3.27,-1.91,4.59,210.22,50.46,5.95
2026-03-04 15:35:00+00:00,-3.44,-1.48,4.73,203.26,51.64,6.03
2026-03-04 15:36:00+00:00,-3.81,-0.85,4.80,192.61,50.89,6.19
2026-03-04 15:37:00+00:00,-3.33,-1.00,5.12,196.64,55.81,6.19
2026-03-04 15:38:00+00:00,-3.97,0.48,4.77,173.08,50.05,6.22
2026-03-04 15:39:00+00:00,-3.51,2.25,4.50,147.34,47.25,6.13
2026-03-04 15:40:00+00:00,-3.43,2.93,4.13,139.47,42.47,6.12
2026-03-04 15:41:00+00:00,-3.92,3.05,3.64,142.10,36.27,6.16
2026-03-04 15:42:00+00:00,-4.77,2.08,3.60,156.44,34.70,6.33
2026-03-04 15:43:00+00:00,-4.71,3.09,2.74,146.73,25.91,6.26
2026-03-04 15:44:00+00:00,-4.87,2.78,2.82,150.32,26.66,6.28
2026-03-04 15:45:00+00:00,-4.08,4.08,2.39,135.00,22.50,6.24
2026-03-04 15:46:00+00:00,-3.33,4.49,1.71,126.59,17.02,5.85
2026-03-04 15:47:00+00:00,-3.92,4.18,1.36,133.18,13.35,5.89
2026-03-04 15:48:00+00:00,-3.82,4.26,0.68,131.89,6.76,5.77
2026-03-04 15:49:00+00:00,-3.99,3.90,0.40,135.69,4.14,5.60
2026-03-04 15:50:00+00:00,-3.29,4.85,0.58,124.13,5.70,5.88
2026-03-04 15:51:00+00:00,-3.16,4.93,-0.29,122.68,-2.88,5.86
2026-03-04 15:52:00+00:00,-1.85,4.51,2.56,112.26,27.67,5.51
2026-03-04 15:53:00+00:00,-3.93,4.33,-0.43,132.23,-4.18,5.86
2026-03-04 15:54:00+00:00,-1.99,3.48,2.52,119.81,32.19,4.74
2026-03-04 15:55:00+00:00,-1.06,3.79,4.21,105.60,46.89,5.76
2026-03-04 15:56:00+00:00,-3.96,4.77,0.77,129.71,7.08,6.24
2026-03-04 15:57:00+00:00,-4.01,4.88,0.52,129.40,4.74,6.34
2026-03-04 15:58:00+00:00,-3.35,5.22,0.72,122.65,6.60,6.24
2026-03-04 16:00:00+00:00,-3.10,5.41,-1.49,119.78,-13.48,6.41
2026-03-04 16:03:00+00:00,-3.45,4.83,-1.47,125.55,-13.89,6.12
2026-03-04 16:04:00+00:00,-2.00,5.06,-1.57,111.55,-16.13,5.67
2026-03-04 16:06:00+00:00,-2.59,4.76,-1.69,118.61,-17.35,5.67
2026-03-04 16:07:00+00:00,-2.06,4.65,-2.20,113.90,-23.39,5.55
2026-03-04 16:08:00+00:00,-2.35,4.00,-2.79,120.48,-31.03,5.41
2026-03-04 16:09:00+00:00,-2.29,4.28,-2.36,118.14,-25.93,5.40
2026-03-04 16:10:00+00:00,-2.83,4.10,-2.42,124.67,-25.86,5.54
2026-03-04 16:11:00+00:00,-3.16,3.74,-2.61,130.22,-28.01,5.55
2026-03-04 16:12:00+00:00,-0.86,3.97,-2.52,102.25,-31.81,4.78
2026-03-04 16:13:00+00:00,-3.08,2.67,-2.43,139.09,-30.83,4.74
2026-03-04 16:14:00+00:00,-2.14,3.44,-2.41,121.83,-30.71,4.71
2026-03-04 16:15:00+00:00,-1.38,3.61,-2.39,110.83,-31.74,4.55
2026-03-04 16:16:00+00:00,-1.07,2.88,0.14,110.37,2.59,3.07
2026-03-04 16:17:00+00:00,-2.02,3.36,-1.92,120.94,-26.15,4.37
2026-03-04 16:18:00+00:00,-0.78,3.24,-2.31,103.58,-34.67,4.06
2026-03-04 16:19:00+00:00,-0.05,3.53,-2.35,90.81,-33.64,4.24
2026-03-04 16:20:00+00:00,0.00,2.78,-3.55,90.05,-51.95,4.51
2026-03-04 16:21:00+00:00,0.07,3.00,-3.29,88.62,-47.63,4.46
2026-03-04 16:22:00+00:00,-1.25,1.84,0.59,124.08,14.76,2.30
2026-03-04 16:23:00+00:00,-2.56,0.55,4.84,167.84,61.54,5.50
2026-03-04 16:24:00+00:00,-3.74,0.56,4.15,171.43,47.60,5.62
2026-03-04 16:25:00+00:00,-2.84,-0.66,4.80,193.09,58.73,5.62
2026-03-04 16:26:00+00:00,-1.61,-2.10,4.53,232.62,59.71,5.25
2026-03-04 16:27:00+00:00,-2.04,-1.95,4.59,223.65,58.42,5.39
2026-03-04 16:28:00+00:00,-2.19,-2.87,4.06,232.75,48.32,5.43
2026-03-04 16:29:00+00:00,-3.04,-2.39,4.29,218.23,47.96,5.77
2026-03-04 16:30:00+00:00,-2.28,-2.81,2.89,230.94,38.56,4.63
2026-03-04 16:31:00+00:00,-2.70,-2.57,4.39,223.58,49.62,5.76
2026-03-04 16:32:00+00:00,-3.28,-1.46,4.48,204.01,51.29,5.74
2026-03-04 16:33:00+00:00,-3.80,-0.94,4.30,193.93,47.66,5.82
2026-03-04 16:34:00+00:00,-3.91,-0.84,4.04,192.14,45.29,5.68
2026-03-04 16:35:00+00:00,-3.76,-1.16,4.18,197.07,46.70,5.74
2026-03-04 16:36:00+00:00,-4.05,-0.91,3.86,192.60,42.92,5.67
2026-03-04 16:37:00+00:00,-4.65,-0.18,3.46,182.25,36.67,5.80
2026-03-04 16:38:00+00:00,-3.97,-1.02,3.68,194.34,41.86,5.51
2026-03-04 16:39:00+00:00,-4.45,0.61,3.44,172.21,37.48,5.66
2026-03-04 16:40:00+00:00,-4.83,1.09,2.49,167.25,26.64,5.54
2026-03-04 16:41:00+00:00,-5.10,0.53,2.57,174.08,26.64,5.73
2026-03-04 16:42:00+00:00,-5.11,2.02,0.02,158.37,0.16,5.49
2026-03-04 16:43:00+00:00,-4.73,1.84,-1.74,158.73,-18.89,5.37
2026-03-04 16:44:00+00:00,-4.28,1.66,-2.46,158.74,-28.18,5.21
2026-03-04 16:45:00+00:00,-3.34,1.24,-0.48,159.68,-7.69,3.60
2026-03-04 16:46:00+00:00,-0.05,-0.69,4.20,265.64,80.57,4.25
2026-03-04 16:47:00+00:00,-0.67,0.35,4.61,152.53,80.73,4.68
2026-03-04 16:48:00+00:00,-0.76,0.90,4.20,129.93,74.32,4.36
2026-03-04 16:49:00+00:00,-1.19,1.15,3.59,135.98,65.20,3.96
2026-03-04 16:50:00+00:00,-1.41,1.07,3.02,142.98,59.60,3.50
2026-03-04 16:51:00+00:00,-1.00,0.78,3.76,142.19,71.41,3.97
2026-03-04 16:52:00+00:00,0.55,0.29,5.02,27.51,82.96,5.06
2026-03-04 16:53:00+00:00,0.52,0.12,5.20,13.47,84.16,5.23
2026-03-04 16:54:00+00:00,-0.08,0.80,5.15,95.94,81.08,5.21
2026-03-04 16:55:00+00:00,-0.32,1.84,4.72,99.83,68.48,5.08
2026-03-04 16:56:00+00:00,-0.36,2.18,4.54,99.28,64.05,5.05
2026-03-04 16:57:00+00:00,-0.65,2.98,3.96,102.23,52.41,5.00
2026-03-04 16:58:00+00:00,-3.47,1.82,3.78,152.30,43.97,5.44
2026-03-04 16:59:00+00:00,-3.60,2.46,2.92,145.60,33.78,5.24
2026-03-04 17:00:00+00:00,-2.38,2.48,4.26,133.83,51.07,5.48
2026-03-04 17:01:00+00:00,-2.92,2.61,3.94,138.16,45.20,5.56
2026-03-04 17:02:00+00:00,-2.28,3.28,3.63,124.75,42.30,5.40
2026-03-04 17:03:00+00:00,-3.43,1.60,4.04,154.97,46.89,5.54
2026-03-04 17:04:00+00:00,-2.63,2.48,4.27,136.74,49.76,5.60
2026-03-04 17:05:00+00:00,-2.82,2.51,4.13,138.24,47.60,5.60
2026-03-04 17:06:00+00:00,-2.95,3.10,3.67,133.56,40.69,5.64
2026-03-04 17:07:00+00:00,-2.50,3.45,3.52,125.87,39.59,5.53
2026-03-04 17:08:00+00:00,-2.35,3.28,3.79,125.68,43.22,5.53
2026-03-04 17:09:00+00:00,-2.61,2.86,4.04,132.47,46.23,5.60
2026-03-04 17:10:00+00:00,-2.75,3.55,3.18,127.69,35.32,5.51
2026-03-04 17:11:00+00:00,-3.31,-1.67,4.20,206.83,48.53,5.60
2026-03-04 17:12:00+00:00,-3.11,-1.54,4.22,206.41,50.55,5.46
2026-03-04 17:13:00+00:00,-4.00,1.06,3.73,165.23,42.00,5.57
2026-03-04 17:14:00+00:00,-3.53,0.69,4.45,169.02,51.08,5.72
2026-03-04 17:15:00+00:00,-2.32,-2.31,4.33,224.90,52.93,5.43
2026-03-04 17:16:00+00:00,-2.41,-2.19,4.50,222.34,54.08,5.55
2026-03-04 17:17:00+00:00,-3.18,-1.09,4.59,198.86,53.77,5.69
2026-03-04 17:18:00+00:00,-3.15,-0.60,4.66,190.71,55.47,5.66
2026-03-04 17:19:00+00:00,-3.77,1.11,4.10,163.58,46.16,5.68
2026-03-04 17:20:00+00:00,-3.53,1.74,3.33,153.80,40.29,5.15
2026-03-04 17:21:00+00:00,-1.79,3.95,0.62,114.35,8.16,4.38
2026-03-04 17:22:00+00:00,-0.70,4.67,-2.59,98.57,-28.73,5.38
2026-03-04 17:23:00+00:00,-0.82,4.86,-2.26,99.58,-24.61,5.42
2026-03-04 17:24:00+00:00,-0.85,4.85,-2.38,99.90,-25.82,5.46
2026-03-04 17:25:00+00:00,-0.85,4.96,-2.20,99.68,-23.58,5.49
2026-03-04 17:26:00+00:00,-0.49,4.97,-2.19,95.65,-23.70,5.45
2026-03-04 17:27:00+00:00,-0.90,4.82,-2.34,100.59,-25.52,5.44
2026-03-04 17:28:00+00:00,-1.30,4.61,-2.40,105.78,-26.59,5.36
2026-03-04 17:29:00+00:00,-1.87,4.82,-1.71,111.25,-18.34,5.44
2026-03-04 17:30:00+00:00,-1.24,4.71,-2.69,104.77,-28.89,5.56
2026-03-04 17:31:00+00:00,-1.46,4.67,-2.75,107.38,-29.36,5.62
2026-03-04 17:32:00+00:00,-1.21,4.84,-2.22,104.05,-23.98,5.47
2026-03-04 17:33:00+00:00,-1.38,4.63,-2.47,106.55,-27.10,5.43
2026-03-04 17:34:00+00:00,-1.88,4.25,-2.86,113.87,-31.59,5.45
2026-03-04 17:35:00+00:00,-2.96,3.47,-3.28,130.46,-35.66,5.62
2026-03-04 17:36:00+00:00,-3.25,3.33,-3.41,134.30,-36.22,5.76
2026-03-04 17:37:00+00:00,-3.32,3.25,-3.21,135.65,-34.64,5.65
2026-03-04 17:38:00+00:00,-3.55,2.59,-3.35,143.94,-37.33,5.53
2026-03-04 17:39:00+00:00,-3.38,2.67,-3.04,141.76,-35.25,5.28
2026-03-04 17:40:00+00:00,-3.19,1.78,-3.82,150.78,-46.32,5.28
2026-03-04 17:41:00+00:00,-3.43,1.35,-3.42,158.60,-42.86,5.03
2026-03-04 17:42:00+00:00,-4.53,-0.08,-2.61,181.07,-29.94,5.22
2026-03-04 17:43:00+00:00,-4.62,-1.29,-2.22,195.63,-24.84,5.29
2026-03-04 17:44:00+00:00,-4.01,-2.50,-1.72,212.00,-20.05,5.03
2026-03-04 17:45:00+00:00,-4.12,-2.40,-1.07,210.20,-12.63,4.88
2026-03-04 17:46:00+00:00,-4.00,-2.71,-0.82,214.15,-9.63,4.90
2026-03-04 17:47:00+00:00,-3.44,-3.35,-0.06,224.26,-0.69,4.81
2026-03-04 17:48:00+00:00,-4.90,-2.37,-1.02,205.83,-10.62,5.54
2026-03-04 17:49:00+00:00,-5.07,-2.22,-0.66,203.61,-6.76,5.58
2026-03-04 17:50:00+00:00,-5.38,-1.62,0.53,196.79,5.44,5.64
2026-03-04 17:51:00+00:00,-5.18,-2.13,1.38,202.39,13.88,5.77
2026-03-04 17:52:00+00:00,-5.35,-2.09,1.44,201.34,14.05,5.92
2026-03-04 17:53:00+00:00,-5.34,-1.59,1.45,196.58,14.58,5.75
2026-03-04 17:54:00+00:00,-5.36,-0.96,1.82,190.12,18.50,5.74
2026-03-04 17:55:00+00:00,-5.29,-0.87,1.89,189.37,19.39,5.68
2026-03-04 17:56:00+00:00,-5.41,-1.37,1.55,194.18,15.56,5.80
2026-03-04 17:57:00+00:00,-5.48,-0.74,1.64,187.71,16.55,5.77
2026-03-04 17:58:00+00:00,-5.29,-0.96,1.84,190.25,18.87,5.68
2026-03-04 17:59:00+00:00,-4.68,-1.31,2.37,195.59,25.94,5.41
2026-03-04 18:00:00+00:00,-3.03,1.13,2.25,159.62,34.82,3.94
2026-03-04 18:01:00+00:00,0.75,4.44,0.13,80.40,1.59,4.50
2026-03-04 18:02:00+00:00,0.72,4.20,-0.77,80.31,-10.29,4.33
2026-03-04 18:03:00+00:00,-0.56,4.48,-0.13,97.15,-1.68,4.52
2026-03-04 18:04:00+00:00,0.25,4.09,0.05,86.56,0.65,4.10
2026-03-04 18:05:00+00:00,1.05,3.34,1.31,72.56,20.50,3.73
2026-03-04 18:06:00+00:00,1.01,3.57,-0.64,74.16,-9.79,3.76
2026-03-04 18:07:00+00:00,-1.07,1.00,-1.09,136.88,-36.68,1.83
2026-03-04 18:08:00+00:00,1.56,2.83,1.58,61.16,26.09,3.59
2026-03-04 18:09:00+00:00,0.71,4.32,1.82,80.71,22.56,4.73
2026-03-04 18:10:00+00:00,0.45,4.46,1.40,84.29,17.32,4.69
2026-03-04 18:11:00+00:00,2.04,4.05,0.79,63.26,9.83,4.60
2026-03-04 18:12:00+00:00,1.98,4.16,0.38,64.50,4.66,4.63
2026-03-04 18:13:00+00:00,1.54,4.49,0.24,71.03,2.93,4.76
2026-03-04 18:14:00+00:00,2.24,3.92,-0.09,60.20,-1.19,4.51
2026-03-04 18:15:00+00:00,1.88,4.04,1.02,65.03,12.87,4.57
2026-03-04 18:16:00+00:00,1.94,3.76,0.56,62.68,7.49,4.27
2026-03-04 18:17:00+00:00,-1.70,0.47,-0.63,164.37,-19.57,1.87
2026-03-04 18:18:00+00:00,-3.98,-2.65,0.26,213.73,3.10,4.79
2026-03-04 18:19:00+00:00,-4.73,-0.73,0.25,188.74,2.97,4.79
2026-03-04 18:20:00+00:00,-4.31,-0.18,-0.68,182.33,-8.96,4.37
2026-03-04 18:21:00+00:00,-2.84,2.84,0.94,135.06,13.11,4.12
2026-03-04 18:22:00+00:00,-1.62,4.30,1.34,110.69,16.30,4.78
2026-03-04 18:23:00+00:00,-2.24,4.31,1.48,117.39,16.96,5.08
2026-03-04 18:24:00+00:00,-1.89,4.36,1.84,113.41,21.19,5.09
2026-03-04 18:25:00+00:00,-1.63,4.38,2.14,110.40,24.65,5.14
2026-03-04 18:26:00+00:00,-1.93,4.30,2.00,114.21,22.97,5.12
2026-03-04 18:27:00+00:00,-1.91,4.37,2.28,113.67,25.55,5.29
2026-03-04 18:28:00+00:00,-0.96,4.39,2.76,102.33,31.61,5.27
2026-03-04 18:29:00+00:00,-1.83,4.60,2.09,111.68,22.96,5.37
2026-03-04 18:30:00+00:00,-2.27,4.44,2.33,117.06,25.06,5.50
2026-03-04 18:31:00+00:00,-2.93,3.94,2.49,126.70,26.90,5.50
2026-03-04 18:32:00+00:00,-2.82,4.31,1.72,123.23,18.42,5.43
2026-03-04 18:33:00+00:00,-3.79,3.91,1.37,134.12,14.11,5.61
2026-03-04 18:34:00+00:00,-4.01,2.52,3.43,147.90,35.96,5.85
2026-03-04 18:35:00+00:00,-3.75,3.31,2.97,138.58,30.66,5.82
2026-03-04 18:36:00+00:00,-2.98,3.15,3.21,133.42,36.51,5.40
2026-03-04 18:37:00+00:00,-0.78,3.27,3.22,103.42,43.79,4.66
2026-03-04 18:38:00+00:00,-0.25,2.36,3.91,96.05,58.72,4.58
2026-03-04 18:39:00+00:00,-1.41,3.26,3.72,113.44,46.30,5.14
2026-03-04 18:40:00+00:00,-1.81,3.39,3.33,118.15,40.93,5.09
2026-03-04 18:41:00+00:00,-3.73,-1.50,2.32,201.89,29.96,4.64
2026-03-04 18:42:00+00:00,-3.04,-0.71,2.42,193.13,37.77,3.95
2026-03-04 18:43:00+00:00,-1.86,3.04,2.10,121.40,30.53,4.14
2026-03-04 18:44:00+00:00,-0.89,4.12,1.08,102.13,14.33,4.35
2026-03-04 18:45:00+00:00,-0.16,4.17,1.01,92.23,13.64,4.30
2026-03-04 18:46:00+00:00,-1.90,2.28,2.30,129.81,37.69,3.75
2026-03-04 18:47:00+00:00,-3.75,0.81,3.32,167.80,40.86,5.07
2026-03-04 18:48:00+00:00,-3.69,0.48,2.94,172.66,38.31,4.75
2026-03-04 18:49:00+00:00,-4.37,-0.30,2.61,183.95,30.77,5.10
2026-03-04 18:50:00+00:00,-4.20,0.17,2.57,177.66,31.44,4.92
2026-03-04 18:51:00+00:00,-4.31,0.51,2.51,173.26,30.03,5.01
2026-03-04 18:52:00+00:00,-4.40,0.47,2.56,173.88,30.02,5.11
2026-03-04 18:53:00+00:00,-4.31,0.71,2.39,170.61,28.66,4.98
2026-03-04 18:54:00+00:00,-3.30,2.13,2.38,147.15,31.22,4.59
2026-03-04 18:55:00+00:00,-3.57,2.14,1.44,149.09,19.05,4.41
2026-03-04 18:56:00+00:00,-5.05,1.20,1.05,166.65,11.47,5.29
2026-03-04 18:57:00+00:00,-5.14,0.91,0.52,170.00,5.65,5.24
2026-03-04 18:58:00+00:00,-5.07,0.76,0.15,171.43,1.70,5.12
2026-03-04 18:59:00+00:00,-4.75,1.68,-0.16,160.50,-1.84,5.04
2026-03-04 19:00:00+00:00,-5.15,0.43,-0.49,175.20,-5.41,5.19
2026-03-04 19:01:00+00:00,-4.96,-0.58,-1.35,186.62,-15.12,5.17
2026-03-04 19:02:00+00:00,-4.81,-1.44,-0.99,196.65,-11.14,5.12
2026-03-04 19:03:00+00:00,-0.54,1.09,0.26,116.36,12.19,1.25
2026-03-04 19:04:00+00:00,2.63,2.53,1.38,43.86,20.68,3.90
2026-03-04 19:05:00+00:00,2.57,3.04,0.67,49.77,9.51,4.03
2026-03-04 19:06:00+00:00,1.65,3.69,0.24,65.97,3.42,4.05
2026-03-04 19:07:00+00:00,0.23,3.82,-0.35,86.50,-5.22,3.85
2026-03-04 19:08:00+00:00,-0.45,3.92,-0.18,96.50,-2.61,3.95
2026-03-04 19:09:00+00:00,-1.56,4.44,-1.43,109.32,-16.94,4.92
2026-03-04 19:10:00+00:00,-1.90,4.70,-0.75,111.98,-8.38,5.12
2026-03-04 19:11:00+00:00,-0.54,4.86,-0.16,96.28,-1.93,4.89
2026-03-04 19:12:00+00:00,0.02,4.96,0.27,89.82,3.13,4.96
2026-03-04 19:13:00+00:00,-0.09,4.82,1.34,91.07,15.50,5.00
2026-03-04 19:14:00+00:00,-0.83,4.51,-0.85,100.40,-10.48,4.67
2026-03-04 19:15:00+00:00,-1.21,4.96,-0.34,103.71,-3.79,5.12
2026-03-04 19:16:00+00:00,-0.78,4.72,1.24,99.41,14.49,4.94
2026-03-04 19:17:00+00:00,-0.37,4.48,2.12,94.70,25.20,4.97
2026-03-04 19:18:00+00:00,-1.17,4.60,1.87,104.29,21.51,5.10
2026-03-04 19:19:00+00:00,-1.62,4.71,0.78,109.04,8.85,5.04
2026-03-04 19:20:00+00:00,-2.32,4.48,-0.93,117.39,-10.44,5.13
2026-03-04 19:21:00+00:00,-2.11,4.70,-1.12,114.20,-12.21,5.28
2026-03-04 19:22:00+00:00,-2.15,4.06,-1.75,117.89,-20.89,4.92
2026-03-04 19:23:00+00:00,-2.49,3.74,-1.54,123.70,-18.97,4.75
2026-03-04 19:24:00+00:00,-3.32,3.69,-0.76,132.03,-8.73,5.02
2026-03-04 19:25:00+00:00,-2.10,4.10,-1.59,117.10,-19.08,4.87
2026-03-04 19:26:00+00:00,-2.38,3.91,-1.74,121.34,-20.80,4.89
2026-03-04 19:27:00+00:00,-3.13,3.82,-0.80,129.38,-9.23,5.00
2026-03-04 19:28:00+00:00,-2.36,4.23,-0.46,119.15,-5.38,4.86
2026-03-04 19:29:00+00:00,-0.73,4.63,0.93,98.98,11.25,4.78
2026-03-04 19:30:00+00:00,-1.39,4.75,0.15,106.30,1.71,4.95
2026-03-04 19:31:00+00:00,0.18,4.42,1.05,87.62,13.31,4.55
2026-03-04 19:32:00+00:00,0.21,4.49,1.34,87.28,16.59,4.69
2026-03-04 19:33:00+00:00,0.44,4.40,1.24,84.25,15.68,4.59
2026-03-04 19:34:00+00:00,1.44,2.77,2.50,62.49,38.67,4.00
2026-03-04 19:35:00+00:00,0.62,4.14,1.67,81.46,21.75,4.50
2026-03-04 19:36:00+00:00,0.11,4.63,1.20,88.61,14.49,4.79
2026-03-04 19:37:00+00:00,0.28,4.59,0.65,86.48,8.11,4.64
2026-03-04 19:38:00+00:00,-0.80,4.13,1.04,101.03,13.88,4.33
2026-03-04 19:39:00+00:00,-0.32,3.46,3.33,95.28,43.78,4.81
2026-03-04 19:40:00+00:00,-1.10,2.91,4.02,110.65,52.26,5.08
2026-03-04 19:41:00+00:00,-1.42,2.14,4.57,123.62,60.66,5.24
2026-03-04 19:42:00+00:00,-1.29,2.54,4.33,116.92,56.69,5.18
2026-03-04 19:43:00+00:00,-1.17,2.91,4.13,111.97,52.82,5.19
2026-03-04 19:44:00+00:00,-2.05,3.65,3.35,119.33,38.65,5.36
2026-03-04 19:45:00+00:00,-2.18,3.84,3.10,119.65,35.07,5.39
2026-03-04 19:46:00+00:00,-1.87,4.16,2.76,114.14,31.20,5.33
2026-03-04 19:47:00+00:00,-2.26,3.96,2.79,119.66,31.48,5.35
2026-03-04 19:48:00+00:00,-1.08,4.93,-0.03,102.41,-0.35,5.05
2026-03-04 19:49:00+00:00,-1.33,5.02,-0.24,104.87,-2.67,5.20
2026-03-04 19:50:00+00:00,-1.33,5.02,-0.66,104.79,-7.23,5.24
2026-03-04 19:51:00+00:00,-1.99,4.77,-1.21,112.68,-13.13,5.31
2026-03-04 19:52:00+00:00,-2.33,4.46,0.93,117.57,10.51,5.12
2026-03-04 19:53:00+00:00,-2.11,3.77,2.98,119.30,34.57,5.25
2026-03-04 19:54:00+00:00,-2.19,2.60,4.34,130.06,51.94,5.51
2026-03-04 19:55:00+00:00,-2.35,1.92,4.63,140.82,56.74,5.53
2026-03-04 19:56:00+00:00,-1.94,2.13,4.80,132.25,59.00,5.60
2026-03-04 19:57:00+00:00,-1.71,3.26,4.06,117.75,47.77,5.48
2026-03-04 19:58:00+00:00,-2.16,3.88,3.47,119.15,38.04,5.63
2026-03-04 19:59:00+00:00,-1.59,4.64,2.68,108.89,28.63,5.59
2026-03-04 20:00:00+00:00,-0.40,3.49,1.74,96.57,26.31,3.92
2026-03-04 20:01:00+00:00,-0.74,4.87,1.90,98.62,21.13,5.28
2026-03-04 20:02:00+00:00,0.15,4.91,0.10,88.28,1.21,4.91
2026-03-04 20:03:00+00:00,1.15,4.81,0.11,76.55,1.33,4.95
2026-03-04 20:04:00+00:00,0.99,4.86,0.50,78.53,5.81,4.99
2026-03-04 20:05:00+00:00,1.32,4.70,0.19,74.30,2.24,4.88
2026-03-04 20:06:00+00:00,0.82,4.53,0.63,79.68,7.81,4.65
2026-03-04 20:07:00+00:00,1.28,4.45,-0.02,73.97,-0.24,4.63
2026-03-04 20:08:00+00:00,1.05,4.35,0.37,76.39,4.72,4.49
2026-03-04 20:09:00+00:00,0.55,4.52,2.18,83.09,25.62,5.04
2026-03-04 20:10:00+00:00,0.64,4.67,1.30,82.24,15.45,4.89
2026-03-04 20:11:00+00:00,0.92,4.50,1.73,78.42,20.59,4.90
2026-03-04 20:12:00+00:00,-0.03,4.47,2.49,90.37,29.15,5.12
2026-03-04 20:13:00+00:00,1.78,2.77,3.33,57.18,45.35,4.68
2026-03-04 20:14:00+00:00,1.67,2.92,3.23,60.29,43.87,4.66
2026-03-04 20:15:00+00:00,0.67,3.44,3.22,78.98,42.55,4.76
2026-03-04 20:16:00+00:00,-0.15,3.39,3.64,92.56,46.98,4.97
2026-03-04 20:17:00+00:00,-1.48,4.62,0.87,107.73,10.19,4.93
2026-03-04 20:18:00+00:00,-1.13,4.10,2.04,105.44,25.60,4.72
2026-03-04 20:19:00+00:00,-2.32,3.44,3.25,124.01,38.10,5.27
2026-03-04 20:20:00+00:00,-1.91,4.14,1.67,114.79,20.09,4.86
2026-03-04 20:21:00+00:00,-0.98,4.83,0.83,101.44,9.56,4.99
2026-03-04 20:22:00+00:00,-2.54,4.39,0.62,120.02,6.96,5.11
2026-03-04 20:23:00+00:00,-2.61,4.20,0.84,121.84,9.59,5.02
2026-03-04 20:24:00+00:00,-2.40,4.44,1.21,118.40,13.48,5.19
2026-03-04 20:25:00+00:00,-2.51,4.36,0.54,119.95,6.17,5.07
2026-03-04 20:26:00+00:00,-3.25,3.20,-0.57,135.45,-7.11,4.59
2026-03-04 20:27:00+00:00,-4.86,0.10,-2.16,178.85,-23.97,5.32
2026-03-04 20:28:00+00:00,-4.55,-0.26,-2.69,183.23,-30.51,5.29
2026-03-04 20:29:00+00:00,-4.88,-0.45,-2.09,185.28,-23.08,5.33
2026-03-04 20:30:00+00:00,-3.98,-0.74,-2.99,190.50,-36.46,5.03
2026-03-04 20:31:00+00:00,-5.15,0.56,-1.05,173.82,-11.49,5.29
2026-03-04 20:32:00+00:00,-5.19,-0.84,-1.14,189.16,-12.22,5.38
2026-03-04 20:33:00+00:00,-4.98,0.72,-1.65,171.80,-18.16,5.30
2026-03-04 20:34:00+00:00,-5.46,0.25,-0.45,177.33,-4.75,5.49
2026-03-04 20:35:00+00:00,-5.60,0.33,0.05,176.65,0.50,5.61
2026-03-04 20:36:00+00:00,-5.45,0.49,-0.25,174.82,-2.65,5.48
2026-03-04 20:37:00+00:00,-5.58,0.39,-0.11,176.05,-1.13,5.60
2026-03-04 20:38:00+00:00,-5.57,0.17,-0.41,178.22,-4.22,5.59
2026-03-04 20:39:00+00:00,-5.48,0.76,-0.65,172.09,-6.68,5.57
2026-03-04 20:40:00+00:00,-5.30,1.22,0.45,167.09,4.74,5.46
2026-03-04 20:41:00+00:00,-4.54,1.97,1.80,156.50,20.04,5.26
2026-03-04 20:42:00+00:00,-4.33,2.39,1.49,151.05,16.80,5.17
2026-03-04 20:43:00+00:00,-2.22,3.31,0.80,123.87,11.42,4.06
2026-03-04 20:44:00+00:00,-1.55,4.34,1.51,109.63,18.16,4.85
2026-03-04 20:45:00+00:00,-3.34,3.57,1.00,133.08,11.53,4.99
2026-03-04 20:46:00+00:00,-3.56,3.45,0.55,135.95,6.36,4.99
2026-03-04 20:47:00+00:00,-4.33,2.97,-0.03,145.56,-0.33,5.25
2026-03-04 20:48:00+00:00,-4.23,2.98,-0.25,144.82,-2.73,5.18
2026-03-04 20:49:00+00:00,-3.84,3.08,0.09,141.27,1.04,4.93
2026-03-04 20:50:00+00:00,-4.01,2.76,-0.79,145.38,-9.26,4.93
2026-03-04 20:51:00+00:00,-3.52,2.71,-0.94,142.39,-11.96,4.54
2026-03-04 20:52:00+00:00,-3.33,3.77,0.29,131.51,3.26,5.04
2026-03-04 20:53:00+00:00,-1.54,4.28,1.93,109.77,22.96,4.93
2026-03-04 20:54:00+00:00,-1.85,4.56,1.60,112.05,18.00,5.18
2026-03-04 20:55:00+00:00,-0.77,4.45,2.48,99.84,28.82,5.15
2026-03-04 20:56:00+00:00,-0.58,4.52,2.36,97.36,27.40,5.13
2026-03-04 20:57:00+00:00,-1.13,4.58,2.37,103.84,26.65,5.27
2026-03-04 20:58:00+00:00,-1.84,4.25,2.24,113.40,25.83,5.14
2026-03-04 20:59:00+00:00,-2.47,1.59,3.13,147.14,46.86,4.29
2026-03-04 21:01:00+00:00,-0.86,3.64,3.00,103.27,38.71,4.80
2026-03-04 21:02:00+00:00,-0.86,3.34,1.53,104.47,23.91,3.78
2026-03-04 21:03:00+00:00,-4.70,-0.22,2.62,182.67,29.13,5.38
2026-03-04 21:04:00+00:00,-5.00,-0.73,1.70,188.29,18.61,5.33
2026-03-04 21:05:00+00:00,0.78,3.51,2.26,77.48,32.16,4.24
2026-03-04 21:06:00+00:00,0.93,4.24,1.86,77.69,23.19,4.73
2026-03-04 21:07:00+00:00,0.28,3.72,2.15,85.64,29.91,4.30
2026-03-04 21:08:00+00:00,-3.25,0.87,2.87,165.01,40.42,4.42
2026-03-04 21:09:00+00:00,-3.28,1.69,3.39,152.81,42.59,5.01
2026-03-04 21:10:00+00:00,-1.00,3.56,0.50,105.69,7.69,3.73
2026-03-04 21:11:00+00:00,-0.50,4.42,0.32,96.42,4.18,4.46
2026-03-04 21:12:00+00:00,-0.73,4.50,-0.80,99.25,-9.94,4.63
2026-03-04 21:13:00+00:00,-0.97,4.37,-1.06,102.52,-13.30,4.60
2026-03-04 21:14:00+00:00,-1.10,4.67,0.19,103.26,2.25,4.80
2026-03-04 21:15:00+00:00,-2.44,1.66,3.00,145.80,45.53,4.21
2026-03-04 21:16:00+00:00,-1.15,-0.97,4.17,220.10,70.17,4.44
2026-03-04 21:17:00+00:00,-0.08,-0.40,4.68,258.24,85.07,4.70
2026-03-04 21:18:00+00:00,-0.06,0.99,5.13,93.57,79.05,5.23
2026-03-04 21:19:00+00:00,-0.10,1.73,4.91,93.34,70.54,5.21
2026-03-04 21:20:00+00:00,-0.14,3.40,4.12,92.33,50.41,5.35
2026-03-04 21:21:00+00:00,-0.79,4.51,1.09,99.97,13.35,4.70
2026-03-04 21:22:00+00:00,-1.26,4.80,-0.78,104.67,-8.92,5.02
2026-03-04 21:23:00+00:00,-1.20,4.74,0.16,104.24,1.88,4.89
2026-03-04 21:24:00+00:00,-0.76,4.72,-2.06,99.18,-23.31,5.21
2026-03-04 21:25:00+00:00,-0.76,4.62,-2.19,99.31,-25.11,5.17
2026-03-04 21:26:00+00:00,-0.32,4.65,-1.93,93.91,-22.51,5.04
2026-03-04 21:27:00+00:00,-0.31,3.21,-3.58,95.43,-47.91,4.82
2026-03-04 21:28:00+00:00,0.77,4.61,-1.54,80.50,-18.20,4.92
2026-03-04 21:29:00+00:00,0.65,4.84,-1.09,82.32,-12.55,5.00
2026-03-04 21:30:00+00:00,0.22,5.10,-0.21,87.56,-2.40,5.11
2026-03-04 21:31:00+00:00,0.01,5.15,-1.32,89.90,-14.39,5.32
2026-03-04 21:32:00+00:00,-0.12,5.14,-1.33,91.36,-14.51,5.31
2026-03-04 21:33:00+00:00,-0.09,4.97,-1.54,91.08,-17.18,5.20
2026-03-04 21:34:00+00:00,0.03,4.97,-1.76,89.60,-19.54,5.27
2026-03-04 21:35:00+00:00,0.01,4.70,-2.34,89.89,-26.50,5.25
2026-03-04 21:36:00+00:00,-0.23,4.23,-2.93,93.11,-34.71,5.15
2026-03-04 21:37:00+00:00,-0.09,4.06,-3.16,91.26,-37.94,5.14
2026-03-04 21:38:00+00:00,-0.10,4.07,-3.05,91.34,-36.85,5.08
2026-03-04 21:39:00+00:00,0.07,4.02,-2.86,89.01,-35.48,4.93
2026-03-04 21:40:00+00:00,-0.04,4.18,-2.80,90.55,-33.84,5.03
2026-03-04 21:41:00+00:00,-0.53,4.22,-2.72,97.16,-32.62,5.05
2026-03-04 21:42:00+00:00,-0.63,4.66,-2.14,97.75,-24.44,5.16
2026-03-04 21:43:00+00:00,-0.29,3.39,-3.45,94.84,-45.43,4.85
2026-03-04 21:44:00+00:00,-0.42,4.13,-3.09,95.78,-36.66,5.18
2026-03-04 21:45:00+00:00,0.24,4.95,-1.75,87.26,-19.41,5.26
2026-03-04 21:46:00+00:00,0.32,5.11,-0.97,86.38,-10.76,5.21
2026-03-04 21:47:00+00:00,0.98,4.62,1.75,78.03,20.38,5.04
2026-03-04 21:48:00+00:00,0.13,4.89,1.79,88.51,20.11,5.21
2026-03-04 21:49:00+00:00,-0.01,4.45,2.85,90.07,32.70,5.28
2026-03-04 21:50:00+00:00,-0.04,4.91,1.71,90.41,19.18,5.19
2026-03-04 21:51:00+00:00,-0.40,5.09,-0.43,94.46,-4.84,5.13
2026-03-04 21:52:00+00:00,-0.79,4.77,-0.30,99.41,-3.59,4.84
2026-03-04 21:53:00+00:00,-0.86,3.65,4.07,103.32,47.35,5.54
2026-03-04 21:54:00+00:00,-0.87,4.23,3.35,101.60,37.81,5.47
2026-03-04 21:55:00+00:00,-0.23,4.19,3.34,93.08,38.56,5.36
2026-03-04 21:56:00+00:00,-0.30,4.62,2.64,93.69,29.70,5.33
2026-03-04 21:57:00+00:00,-0.59,4.97,1.88,96.73,20.58,5.35
2026-03-04 21:58:00+00:00,-1.08,4.95,1.89,102.25,20.48,5.41
2026-03-04 21:59:00+00:00,-1.01,4.28,1.60,103.23,19.98,4.67
2026-03-04 22:00:00+00:00,-0.31,4.73,2.27,93.70,25.64,5.25
2026-03-04 22:01:00+00:00,-0.15,5.13,0.67,91.67,7.48,5.18
2026-03-04 22:02:00+00:00,-1.55,4.71,-0.27,108.17,-3.08,4.97
2026-03-04 22:03:00+00:00,0.46,4.15,1.68,83.64,21.88,4.50
2026-03-04 22:04:00+00:00,0.17,4.91,1.34,88.06,15.22,5.09
2026-03-04 22:05:00+00:00,0.84,4.17,2.70,78.63,32.38,5.04
2026-03-04 22:06:00+00:00,1.54,3.55,3.12,66.57,38.88,4.97
2026-03-04 22:07:00+00:00,1.21,3.81,2.93,72.40,36.25,4.96
2026-03-04 22:08:00+00:00,0.67,4.29,2.46,81.11,29.55,5.00
2026-03-04 22:09:00+00:00,0.56,4.46,2.36,82.79,27.65,5.08
2026-03-04 22:10:00+00:00,0.42,4.55,2.20,84.74,25.71,5.07
2026-03-04 22:11:00+00:00,0.54,4.47,2.46,83.17,28.63,5.12
2026-03-04 22:12:00+00:00,0.65,3.94,3.25,80.64,39.11,5.15
2026-03-04 22:13:00+00:00,0.51,4.11,2.76,82.90,33.63,4.98
2026-03-04 22:14:00+00:00,0.13,4.97,1.44,88.56,16.11,5.18
2026-03-04 22:15:00+00:00,-0.22,4.70,2.42,92.71,27.17,5.29
2026-03-04 22:16:00+00:00,-0.20,4.87,2.11,92.40,23.39,5.31
2026-03-04 22:17:00+00:00,-0.07,4.95,1.80,90.83,20.03,5.26
2026-03-04 22:18:00+00:00,0.13,5.08,1.21,88.55,13.37,5.23
2026-03-04 22:19:00+00:00,-0.22,4.78,-1.14,92.69,-13.44,4.92
2026-03-04 22:20:00+00:00,0.22,5.02,-0.80,87.48,-9.08,5.09
2026-03-04 22:21:00+00:00,1.02,4.81,-1.02,78.04,-11.76,5.02
2026-03-04 22:22:00+00:00,0.50,4.86,0.18,84.14,2.13,4.89
2026-03-04 22:23:00+00:00,-1.40,3.13,4.37,114.14,51.86,5.55
2026-03-04 22:24:00+00:00,-1.51,3.92,3.74,111.04,41.69,5.62
2026-03-04 22:25:00+00:00,-1.38,3.46,4.12,111.78,47.86,5.55
2026-03-04 22:26:00+00:00,-1.19,4.36,2.17,105.24,25.63,5.01
2026-03-04 22:27:00+00:00,-0.45,4.53,2.82,95.65,31.79,5.35
2026-03-04 22:28:00+00:00,-0.59,4.31,3.41,97.86,38.11,5.53
2026-03-04 22:29:00+00:00,-0.48,4.31,3.22,96.39,36.61,5.40
2026-03-04 22:30:00+00:00,-1.62,4.95,0.94,108.07,10.26,5.29
2026-03-04 22:31:00+00:00,-1.96,3.69,-0.02,117.99,-0.33,4.18
2026-03-04 22:32:00+00:00,1.28,4.22,1.86,73.16,22.80,4.79
2026-03-04 22:33:00+00:00,1.15,4.58,1.39,75.91,16.43,4.92
2026-03-04 22:34:00+00:00,1.44,4.57,0.81,72.53,9.57,4.86
2026-03-04 22:35:00+00:00,1.26,4.72,0.89,75.07,10.32,4.96
2026-03-04 22:36:00+00:00,1.16,4.80,1.05,76.46,12.00,5.04
2026-03-04 22:37:00+00:00,0.53,4.66,2.06,83.49,23.69,5.12
2026-03-04 22:38:00+00:00,-0.01,4.50,2.06,90.19,24.60,4.94
2026-03-04 22:39:00+00:00,-3.20,-2.34,3.23,216.15,39.18,5.11
2026-03-04 22:40:00+00:00,-3.48,-3.09,3.09,221.59,33.57,5.59
2026-03-04 22:41:00+00:00,-3.22,-2.91,3.46,222.10,38.63,5.55
2026-03-04 22:42:00+00:00,-3.47,-2.65,3.20,217.45,36.25,5.41
2026-03-04 22:43:00+00:00,-3.58,-2.14,3.25,210.88,37.91,5.28
2026-03-04 22:44:00+00:00,-3.67,-2.06,3.23,209.26,37.53,5.31
2026-03-04 22:45:00+00:00,-3.29,-1.75,3.70,208.09,44.79,5.25
2026-03-04 22:46:00+00:00,-3.29,-2.01,3.71,211.36,43.95,5.35
2026-03-04 22:47:00+00:00,-3.11,-1.74,3.90,209.24,47.59,5.28
2026-03-04 22:48:00+00:00,-3.14,0.02,4.40,179.56,54.51,5.41
2026-03-04 22:49:00+00:00,-2.53,-0.19,4.76,184.25,61.94,5.40
2026-03-04 22:50:00+00:00,-2.35,-0.10,4.77,182.37,63.78,5.32
2026-03-04 22:51:00+00:00,-2.24,0.08,4.38,178.05,62.84,4.92
2026-03-04 22:52:00+00:00,-2.88,0.39,4.54,172.25,57.41,5.39
2026-03-04 22:53:00+00:00,-3.63,-1.10,3.56,196.85,43.21,5.20
2026-03-04 22:54:00+00:00,-3.43,-1.71,3.59,206.53,43.18,5.25
2026-03-04 22:55:00+00:00,-3.77,-2.46,3.26,213.12,35.98,5.56
2026-03-04 22:56:00+00:00,-4.15,-0.74,3.70,190.14,41.25,5.61
2026-03-04 22:57:00+00:00,-4.58,-0.59,3.32,187.29,35.72,5.69
2026-03-04 22:58:00+00:00,-4.00,1.25,3.75,162.67,41.79,5.63
2026-03-04 22:59:00+00:00,-4.02,1.17,3.64,163.77,40.97,5.54
2026-03-04 23:00:00+00:00,-3.50,-0.03,4.29,180.56,50.79,5.54
2026-03-04 23:01:00+00:00,-3.39,0.61,3.98,169.75,49.14,5.27
2026-03-04 23:02:00+00:00,-0.62,-3.06,3.81,258.61,50.71,4.93
2026-03-04 23:03:00+00:00,-1.94,-0.36,4.20,190.50,64.88,4.64
2026-03-04 23:04:00+00:00,-1.22,2.78,3.98,113.70,52.65,5.01
2026-03-04 23:05:00+00:00,-2.68,1.88,3.82,145.00,49.43,5.03
2026-03-04 23:06:00+00:00,-2.33,1.82,4.36,141.92,55.87,5.26
2026-03-04 23:07:00+00:00,-1.23,2.95,3.91,112.68,50.73,5.05
2026-03-04 23:08:00+00:00,-0.60,3.54,3.65,99.65,45.47,5.12
2026-03-04 23:09:00+00:00,-0.43,4.22,2.75,95.79,32.94,5.06
2026-03-04 23:10:00+00:00,-0.34,4.42,2.37,94.43,28.16,5.03
2026-03-04 23:11:00+00:00,-0.84,4.67,2.00,100.19,22.85,5.15
2026-03-04 23:12:00+00:00,-0.55,4.47,2.35,97.04,27.55,5.08
2026-03-04 23:13:00+00:00,-0.76,4.71,2.23,99.20,25.09,5.27
2026-03-04 23:14:00+00:00,-1.25,4.81,1.89,104.54,20.83,5.32
2026-03-04 23:15:00+00:00,0.09,4.34,2.26,88.81,27.52,4.90
2026-03-04 23:16:00+00:00,1.26,3.86,3.00,71.88,36.48,5.05
2026-03-04 23:17:00+00:00,-0.14,4.38,2.66,91.80,31.28,5.12
2026-03-04 23:18:00+00:00,-2.35,4.26,2.40,118.91,26.23,5.42
2026-03-04 23:19:00+00:00,-1.14,4.23,2.14,105.03,26.05,4.87
2026-03-04 23:20:00+00:00,0.67,4.42,2.12,81.39,25.31,4.95
2026-03-04 23:21:00+00:00,0.13,4.60,2.34,88.35,26.96,5.17
2026-03-04 23:22:00+00:00,0.97,4.81,1.24,78.56,14.21,5.06
2026-03-04 23:23:00+00:00,0.67,4.96,0.18,82.35,2.06,5.01
2026-03-04 23:24:00+00:00,1.02,4.83,-0.58,78.09,-6.70,4.97
2026-03-04 23:25:00+00:00,1.48,4.22,-1.63,70.71,-19.98,4.76
2026-03-04 23:26:00+00:00,0.69,4.55,-1.05,81.41,-12.88,4.72
2026-03-04 23:27:00+00:00,0.09,4.96,-0.99,88.94,-11.33,5.06
2026-03-04 23:28:00+00:00,0.37,4.95,-0.60,85.68,-6.95,5.00
2026-03-04 23:29:00+00:00,-0.27,4.78,-0.86,93.28,-10.16,4.86
2026-03-04 23:30:00+00:00,0.05,4.86,-1.01,89.47,-11.69,4.97
2026-03-04 23:31:00+00:00,0.90,4.53,-1.30,78.72,-15.67,4.80
2026-03-04 23:32:00+00:00,0.30,4.88,-0.78,86.50,-9.09,4.95
2026-03-04 23:33:00+00:00,0.67,4.68,0.67,81.81,8.12,4.78
2026-03-04 23:34:00+00:00,0.64,4.71,0.59,82.22,7.03,4.79
2026-03-04 23:35:00+00:00,0.66,4.81,-0.34,82.18,-3.98,4.87
2026-03-04 23:36:00+00:00,0.15,4.94,0.53,88.28,6.18,4.97
2026-03-04 23:37:00+00:00,-0.69,4.72,1.84,98.36,21.14,5.11
2026-03-04 23:38:00+00:00,-0.92,4.43,2.13,101.69,25.18,5.00
2026-03-04 23:39:00+00:00,-1.34,3.97,3.26,108.67,37.91,5.31
2026-03-04 23:40:00+00:00,-1.67,3.88,3.26,113.29,37.68,5.34
2026-03-04 23:41:00+00:00,-1.85,3.93,3.14,115.21,35.79,5.36
2026-03-04 23:42:00+00:00,-2.25,2.85,3.94,128.38,47.38,5.36
2026-03-04 23:43:00+00:00,-1.90,3.47,3.25,118.70,39.34,5.12
2026-03-04 23:44:00+00:00,-0.02,4.87,1.20,90.19,13.81,5.02
2026-03-04 23:45:00+00:00,0.20,4.75,1.26,87.63,14.90,4.91
2026-03-04 23:46:00+00:00,-0.82,4.86,1.33,99.52,15.16,5.11
2026-03-04 23:47:00+00:00,-0.13,4.83,0.82,91.54,9.63,4.90
2026-03-04 23:48:00+00:00,-1.31,4.95,1.40,104.82,15.28,5.31
2026-03-04 23:49:00+00:00,0.19,4.00,2.69,87.32,33.95,4.82
2026-03-04 23:50:00+00:00,-0.44,4.76,1.81,95.23,20.75,5.11
2026-03-04 23:51:00+00:00,-0.91,5.02,0.49,100.24,5.53,5.13
2026-03-04 23:52:00+00:00,-0.60,5.10,-0.27,96.68,-2.97,5.15
2026-03-04 23:53:00+00:00,-0.16,5.03,-0.31,91.85,-3.54,5.04
2026-03-04 23:54:00+00:00,0.17,4.90,0.17,88.06,1.99,4.91
2026-03-04 23:55:00+00:00,0.13,4.80,1.39,88.51,16.12,5.00
2026-03-04 23:56:00+00:00,0.39,4.79,1.39,85.33,16.17,5.00
2026-03-04 23:57:00+00:00,1.63,4.44,0.71,69.86,8.53,4.78
2026-03-04 23:58:00+00:00,1.91,4.23,0.81,65.71,9.88,4.71
2026-03-04 23:59:00+00:00,0.79,4.83,0.98,80.72,11.32,4.99
2026-03-05 00:00:00+00:00,0.34,4.93,0.98,86.11,11.22,5.04
2026-03-05 00:01:00+00:00,0.11,5.03,0.43,88.78,4.85,5.05
2026-03-05 00:02:00+00:00,0.06,4.70,0.33,89.29,4.03,4.72
2026-03-05 00:03:00+00:00,1.41,3.92,2.19,70.21,27.77,4.71
2026-03-05 00:04:00+00:00,1.04,4.57,0.27,77.19,3.27,4.69
2026-03-05 00:05:00+00:00,1.04,4.48,1.56,76.91,18.71,4.85
2026-03-05 00:06:00+00:00,0.52,4.78,0.03,83.75,0.34,4.81
2026-03-05 00:07:00+00:00,-0.37,4.22,1.36,95.04,17.73,4.45
2026-03-05 00:08:00+00:00,-0.62,4.65,1.35,97.62,16.11,4.88
2026-03-05 00:09:00+00:00,0.25,4.81,-0.89,87.03,-10.50,4.90
2026-03-05 00:10:00+00:00,0.18,4.76,1.08,87.82,12.81,4.88
2026-03-05 00:11:00+00:00,-0.12,4.73,1.50,91.44,17.55,4.96
2026-03-05 00:12:00+00:00,-1.93,4.69,0.88,112.32,9.89,5.15
2026-03-05 00:13:00+00:00,-1.79,4.75,-1.01,110.67,-11.29,5.18
2026-03-05 00:14:00+00:00,-1.67,4.42,-2.14,110.64,-24.34,5.19
2026-03-05 00:15:00+00:00,-1.51,4.68,-1.71,107.90,-19.20,5.21
2026-03-05 00:16:00+00:00,-1.87,4.61,-1.76,112.02,-19.47,5.28
2026-03-05 00:17:00+00:00,-1.71,4.84,-1.12,109.43,-12.34,5.25
2026-03-05 00:18:00+00:00,-1.88,4.83,-1.11,111.32,-12.11,5.30
2026-03-05 00:19:00+00:00,-1.62,4.69,-1.77,109.06,-19.62,5.27
2026-03-05 00:20:00+00:00,-1.64,4.46,-2.21,110.19,-24.96,5.24
2026-03-05 00:21:00+00:00,-1.21,4.05,-2.90,106.63,-34.42,5.12
2026-03-05 00:22:00+00:00,-1.12,4.13,-2.75,105.23,-32.75,5.08
2026-03-05 00:23:00+00:00,-1.49,4.17,-2.28,109.70,-27.24,4.99
2026-03-05 00:24:00+00:00,-1.62,3.93,-2.77,112.36,-33.08,5.07
2026-03-05 00:25:00+00:00,-2.11,3.28,-3.23,122.72,-39.64,5.07
2026-03-05 00:26:00+00:00,-0.40,4.01,1.29,95.74,17.68,4.23
2026-03-05 00:27:00+00:00,-0.62,4.80,-0.28,97.33,-3.34,4.85
2026-03-05 00:28:00+00:00,-0.70,4.70,0.87,98.42,10.34,4.83
2026-03-05 00:29:00+00:00,-0.59,3.80,-2.16,98.86,-29.36,4.41
2026-03-05 00:30:00+00:00,-0.29,2.63,-1.61,96.35,-31.32,3.10
2026-03-05 00:31:00+00:00,-1.73,4.12,-0.54,112.77,-6.86,4.50
2026-03-05 00:32:00+00:00,-2.58,3.83,-0.78,123.93,-9.57,4.68
2026-03-05 00:33:00+00:00,-2.35,3.75,-1.06,122.01,-13.52,4.55
2026-03-05 00:34:00+00:00,-1.87,3.91,-1.25,115.58,-16.12,4.52
2026-03-05 00:35:00+00:00,-1.18,4.03,-1.04,106.35,-13.96,4.33
2026-03-05 00:36:00+00:00,-0.89,3.93,-1.15,102.74,-15.89,4.19
2026-03-05 00:37:00+00:00,-1.73,3.43,-2.39,116.76,-31.91,4.53
2026-03-05 00:38:00+00:00,-0.47,3.56,-1.85,97.58,-27.28,4.05
2026-03-05 00:39:00+00:00,0.22,3.08,-2.40,85.97,-37.82,3.92
2026-03-05 00:40:00+00:00,-0.60,2.90,-2.84,101.70,-43.74,4.10
2026-03-05 00:41:00+00:00,-0.90,2.77,-3.05,107.97,-46.28,4.22
2026-03-05 00:42:00+00:00,-0.94,2.74,-3.16,108.91,-47.49,4.28
2026-03-05 00:43:00+00:00,-2.18,2.38,-3.27,132.47,-45.40,4.59
2026-03-05 00:44:00+00:00,-1.62,2.03,-3.60,128.60,-54.14,4.44
2026-03-05 00:45:00+00:00,-2.06,1.20,-3.73,149.79,-57.40,4.43
2026-03-05 00:46:00+00:00,-2.22,0.94,-3.64,156.97,-56.49,4.37
2026-03-05 00:47:00+00:00,-2.58,2.15,-2.39,140.18,-35.41,4.12
2026-03-05 00:48:00+00:00,-3.48,3.20,-0.01,137.35,-0.10,4.73
2026-03-05 00:49:00+00:00,-4.27,2.62,0.87,148.53,9.80,5.08
2026-03-05 00:50:00+00:00,-4.01,3.39,0.62,139.79,6.77,5.29
2026-03-05 00:51:00+00:00,-3.50,3.35,0.43,136.29,5.03,4.86
2026-03-05 00:52:00+00:00,-4.23,2.80,1.40,146.52,15.46,5.26
2026-03-05 00:53:00+00:00,-4.26,2.77,1.42,147.00,15.58,5.27
2026-03-05 00:54:00+00:00,-4.26,2.86,0.81,146.12,8.93,5.19
2026-03-05 00:55:00+00:00,-4.37,1.24,-1.23,164.17,-15.12,4.70
2026-03-05 00:56:00+00:00,-4.05,-0.07,-3.00,181.03,-36.53,5.03
2026-03-05 00:57:00+00:00,-3.53,1.92,-2.51,151.40,-32.02,4.74
2026-03-05 00:58:00+00:00,-2.64,2.27,-3.05,139.27,-41.19,4.63
2026-03-05 00:59:00+00:00,-3.52,3.10,-1.58,138.58,-18.63,4.95
2026-03-05 01:00:00+00:00,-3.69,3.36,-0.95,137.68,-10.82,5.08
2026-03-05 01:01:00+00:00,-3.04,3.62,-1.71,129.99,-19.93,5.02
2026-03-05 01:02:00+00:00,-2.96,3.68,-1.78,128.83,-20.69,5.05
2026-03-05 01:03:00+00:00,-3.02,3.97,-1.18,127.26,-13.27,5.13
2026-03-05 01:04:00+00:00,-2.95,4.04,-0.48,126.11,-5.43,5.02
2026-03-05 01:05:00+00:00,-3.46,3.71,-0.86,133.03,-9.62,5.15
2026-03-05 01:06:00+00:00,-3.28,4.05,-0.33,129.01,-3.60,5.23
2026-03-05 01:07:00+00:00,-3.42,3.91,0.23,131.19,2.54,5.20
2026-03-05 01:08:00+00:00,-1.76,4.03,0.79,113.57,10.23,4.47
2026-03-05 01:09:00+00:00,-0.06,4.13,1.54,90.85,20.47,4.40
2026-03-05 01:10:00+00:00,-0.44,4.26,1.26,95.88,16.41,4.46
2026-03-05 01:11:00+00:00,-1.80,4.70,0.60,111.01,6.83,5.07
2026-03-05 01:12:00+00:00,-1.40,4.67,0.44,106.71,5.14,4.90
2026-03-05 01:13:00+00:00,-1.40,4.35,0.64,107.89,8.00,4.61
2026-03-05 01:14:00+00:00,-1.55,3.94,1.78,111.47,22.78,4.59
2026-03-05 01:15:00+00:00,-1.38,3.98,1.46,109.16,19.16,4.46
2026-03-05 01:16:00+00:00,-1.31,4.03,1.32,108.01,17.31,4.44
2026-03-05 01:17:00+00:00,-0.47,4.46,-0.56,95.99,-7.06,4.52
2026-03-05 01:18:00+00:00,-0.06,4.64,-0.82,90.78,-9.99,4.71
2026-03-05 01:19:00+00:00,-0.20,4.57,-0.55,92.50,-6.84,4.61
2026-03-05 01:20:00+00:00,-1.11,4.85,0.18,102.93,2.02,4.98
2026-03-05 01:21:00+00:00,-1.20,4.78,-0.39,104.09,-4.58,4.95
2026-03-05 01:22:00+00:00,-1.32,4.84,-0.42,105.23,-4.81,5.04
2026-03-05 01:23:00+00:00,-1.19,4.94,-0.39,103.51,-4.42,5.09
2026-03-05 01:24:00+00:00,-1.22,4.67,-0.27,104.67,-3.21,4.83
2026-03-05 01:25:00+00:00,-0.68,4.40,-0.71,98.77,-9.11,4.51
2026-03-05 01:26:00+00:00,-1.30,4.37,-0.23,106.52,-2.90,4.56
2026-03-05 01:27:00+00:00,-3.76,2.71,1.53,144.24,18.25,4.88
2026-03-05 01:28:00+00:00,-4.46,1.48,2.49,161.61,27.91,5.32
2026-03-05 01:29:00+00:00,-4.69,1.50,1.82,162.24,20.30,5.25
2026-03-05 01:30:00+00:00,-4.04,1.55,2.85,159.00,33.43,5.18
2026-03-05 01:31:00+00:00,-3.94,2.08,2.64,152.15,30.60,5.18
2026-03-05 01:32:00+00:00,-4.29,0.74,3.00,170.25,34.61,5.29
2026-03-05 01:33:00+00:00,-2.03,3.86,0.98,117.67,12.64,4.47
2026-03-05 01:34:00+00:00,0.17,4.13,-0.68,87.68,-9.37,4.19
2026-03-05 01:35:00+00:00,-1.15,4.22,0.04,105.24,0.49,4.38
2026-03-05 01:36:00+00:00,-1.93,3.56,0.23,118.46,3.30,4.05
2026-03-05 01:37:00+00:00,-0.62,3.31,-0.75,100.51,-12.59,3.45
2026-03-05 01:38:00+00:00,0.69,3.85,-1.12,79.87,-16.03,4.07
2026-03-05 01:39:00+00:00,0.19,4.09,0.28,87.36,3.89,4.10
2026-03-05 01:40:00+00:00,0.92,3.69,-0.31,75.94,-4.66,3.82
2026-03-05 01:41:00+00:00,-0.95,3.39,-1.29,105.65,-20.09,3.75
2026-03-05 01:42:00+00:00,-1.15,2.95,-2.12,111.29,-33.76,3.81
2026-03-05 01:43:00+00:00,-0.77,4.35,1.18,100.02,14.94,4.57
2026-03-05 01:44:00+00:00,-0.94,4.42,1.35,102.05,16.63,4.72
2026-03-05 01:45:00+00:00,-0.48,3.80,2.37,97.16,31.72,4.50
2026-03-05 01:46:00+00:00,-0.40,3.45,2.76,96.65,38.43,4.44
2026-03-05 01:47:00+00:00,-0.87,3.43,2.74,104.29,37.74,4.48
2026-03-05 01:48:00+00:00,-0.97,3.48,2.64,105.51,36.12,4.47
2026-03-05 01:49:00+00:00,-1.30,3.42,2.87,110.74,38.10,4.65
2026-03-05 01:50:00+00:00,-1.57,4.18,1.86,110.57,22.59,4.84
2026-03-05 01:51:00+00:00,-1.07,4.15,1.96,104.52,24.62,4.71
2026-03-05 01:52:00+00:00,-0.94,4.02,2.19,103.15,27.99,4.68
2026-03-05 01:53:00+00:00,-1.33,4.08,2.23,108.05,27.44,4.84
2026-03-05 01:54:00+00:00,-1.50,4.45,0.72,108.64,8.68,4.75
2026-03-05 01:55:00+00:00,-1.59,4.39,1.33,109.93,15.90,4.85
2026-03-05 01:56:00+00:00,-2.26,3.95,2.11,119.79,24.89,5.01
2026-03-05 01:57:00+00:00,-2.96,3.03,2.85,134.33,33.91,5.10
2026-03-05 01:58:00+00:00,-2.92,2.85,2.65,135.70,32.98,4.87
2026-03-05 01:59:00+00:00,-3.32,1.23,3.04,159.71,40.64,4.66
2026-03-05 02:00:00+00:00,-3.21,2.35,2.36,143.84,30.67,4.62
2026-03-05 02:01:00+00:00,-3.02,2.31,2.68,142.52,35.22,4.65
2026-03-05 02:02:00+00:00,-3.55,1.36,3.24,159.10,40.40,4.99
2026-03-05 02:03:00+00:00,-1.00,2.15,3.07,114.92,52.33,3.88
2026-03-05 02:04:00+00:00,-0.16,2.23,3.60,94.07,58.16,4.24
2026-03-05 02:05:00+00:00,-1.55,2.81,3.50,118.89,47.51,4.75
2026-03-05 02:06:00+00:00,-1.80,2.95,3.27,121.40,43.37,4.76
2026-03-05 02:07:00+00:00,-0.77,4.01,2.07,100.89,26.85,4.57
2026-03-05 02:08:00+00:00,-1.20,3.91,2.36,107.05,29.97,4.72
2026-03-05 02:09:00+00:00,-1.47,4.05,2.31,109.92,28.20,4.89
2026-03-05 02:10:00+00:00,-1.26,4.13,2.17,106.94,26.73,4.83
2026-03-05 02:11:00+00:00,-1.04,4.05,2.03,104.38,25.92,4.64
2026-03-05 02:12:00+00:00,-1.59,3.06,3.33,117.44,44.04,4.79
2026-03-05 02:13:00+00:00,-2.36,2.53,3.43,133.04,44.72,4.87
2026-03-05 02:14:00+00:00,-2.56,2.31,3.41,137.95,44.69,4.84
2026-03-05 02:15:00+00:00,-2.77,2.98,2.63,132.91,32.91,4.85
2026-03-05 02:16:00+00:00,-2.90,3.50,1.98,129.65,23.55,4.96
2026-03-05 02:17:00+00:00,-3.43,3.58,1.01,133.74,11.54,5.06
2026-03-05 02:18:00+00:00,-3.05,3.62,1.37,130.07,16.17,4.93
2026-03-05 02:19:00+00:00,-2.50,3.77,1.34,123.50,16.55,4.72
2026-03-05 02:20:00+00:00,-1.82,3.56,2.56,117.11,32.67,4.75
2026-03-05 02:21:00+00:00,-2.12,3.55,2.64,120.84,32.61,4.91
2026-03-05 02:22:00+00:00,-2.14,3.79,2.26,119.40,27.40,4.90
2026-03-05 02:23:00+00:00,-2.16,3.35,2.65,122.79,33.56,4.79
2026-03-05 02:24:00+00:00,-2.65,4.33,-0.30,121.42,-3.33,5.09
2026-03-05 02:25:00+00:00,-3.07,3.60,-1.74,130.43,-20.17,5.04
2026-03-05 02:26:00+00:00,-3.08,2.84,-2.65,137.32,-32.28,4.96
2026-03-05 02:27:00+00:00,-2.34,2.31,-3.29,135.34,-45.01,4.65
2026-03-05 02:28:00+00:00,-1.66,1.71,-3.42,134.21,-55.15,4.16
2026-03-05 02:29:00+00:00,-1.56,1.74,-3.77,131.87,-58.26,4.43
2026-03-05 02:30:00+00:00,-2.84,3.29,-1.82,130.75,-22.76,4.71
2026-03-05 02:31:00+00:00,-2.19,3.59,-1.80,121.44,-23.19,4.58
2026-03-05 02:32:00+00:00,-3.20,3.63,1.20,131.41,13.87,4.99
2026-03-05 02:33:00+00:00,-3.67,2.77,2.40,142.96,27.52,5.19
2026-03-05 02:34:00+00:00,-3.46,2.89,2.39,140.11,27.98,5.10
2026-03-05 02:35:00+00:00,-2.29,3.84,0.57,120.77,7.22,4.51
2026-03-05 02:36:00+00:00,-0.46,4.29,0.17,96.17,2.27,4.32
2026-03-05 02:37:00+00:00,-2.70,2.47,0.73,137.60,11.28,3.73
2026-03-05 02:38:00+00:00,-3.44,1.95,2.13,150.50,28.32,4.49
2026-03-05 02:39:00+00:00,-3.29,1.80,2.72,151.30,35.94,4.63
2026-03-05 02:40:00+00:00,-4.12,1.36,2.76,161.74,32.42,5.14
2026-03-05 02:41:00+00:00,-4.31,1.34,2.32,162.68,27.15,5.08
2026-03-05 02:42:00+00:00,-4.61,0.98,2.09,167.98,23.89,5.16
2026-03-05 02:43:00+00:00,-4.64,1.01,2.23,167.69,25.15,5.25
2026-03-05 02:44:00+00:00,-3.56,0.66,3.19,169.54,41.41,4.83
2026-03-05 02:45:00+00:00,-3.27,0.21,4.03,176.30,50.86,5.19
2026-03-05 02:46:00+00:00,-3.59,0.59,3.73,170.72,45.66,5.21
2026-03-05 02:47:00+00:00,-3.54,0.66,3.78,169.43,46.35,5.22
2026-03-05 02:48:00+00:00,-3.72,1.04,3.40,164.36,41.40,5.15
2026-03-05 02:49:00+00:00,-3.27,2.27,3.17,145.22,38.54,5.09
2026-03-05 02:50:00+00:00,-3.62,1.41,3.50,158.71,42.00,5.22
2026-03-05 02:51:00+00:00,-3.77,0.62,3.68,170.72,43.96,5.31
2026-03-05 02:52:00+00:00,-3.69,-0.41,3.79,186.35,45.62,5.31
2026-03-05 02:53:00+00:00,-3.58,-0.23,3.88,183.63,47.30,5.28
2026-03-05 02:54:00+00:00,-3.57,0.68,3.78,169.27,46.16,5.24
2026-03-05 02:55:00+00:00,-3.20,0.81,4.14,165.85,51.44,5.30
2026-03-05 02:56:00+00:00,-3.12,1.65,3.81,152.14,47.20,5.19
2026-03-05 02:57:00+00:00,-3.36,2.18,3.43,147.04,40.59,5.27
2026-03-05 02:58:00+00:00,-3.69,1.73,3.32,154.89,39.21,5.25
2026-03-05 02:59:00+00:00,-3.72,0.00,3.00,180.04,38.87,4.78
2026-03-05 03:00:00+00:00,-3.64,-1.74,2.82,205.48,34.92,4.92
2026-03-05 03:01:00+00:00,-4.12,-1.90,1.92,204.82,22.92,4.93
2026-03-05 03:02:00+00:00,-3.48,-2.19,3.00,212.24,36.13,5.09
2026-03-05 03:03:00+00:00,-2.90,-3.34,2.45,229.02,28.95,5.06
2026-03-05 03:04:00+00:00,-2.35,-3.63,2.22,237.15,27.18,4.86
2026-03-05 03:05:00+00:00,-3.53,-1.25,3.10,199.55,39.57,4.86
2026-03-05 03:06:00+00:00,-3.75,-0.84,3.54,192.59,42.65,5.23
2026-03-05 03:07:00+00:00,-3.94,0.08,3.42,178.89,40.95,5.21
2026-03-05 03:08:00+00:00,-4.04,0.36,3.40,174.89,39.97,5.29
2026-03-05 03:09:00+00:00,-4.02,0.58,3.18,171.81,38.03,5.16
2026-03-05 03:10:00+00:00,-4.10,0.18,3.11,177.48,37.17,5.15
2026-03-05 03:11:00+00:00,-4.24,-0.33,2.85,184.51,33.83,5.11
2026-03-05 03:12:00+00:00,-3.96,-0.77,3.21,190.99,38.45,5.16
2026-03-05 03:13:00+00:00,-3.27,-1.67,3.32,207.07,42.14,4.95
2026-03-05 03:14:00+00:00,-3.47,-3.13,2.12,222.02,24.43,5.13
2026-03-05 03:15:00+00:00,-3.34,-3.28,2.12,224.48,24.40,5.14
2026-03-05 03:16:00+00:00,-2.81,-3.33,1.96,229.83,24.26,4.78
2026-03-05 03:17:00+00:00,-2.70,-2.53,3.32,223.07,41.91,4.97
2026-03-05 03:18:00+00:00,-3.00,-1.57,3.86,207.62,48.71,5.13
2026-03-05 03:19:00+00:00,-3.31,-0.97,3.86,196.27,48.20,5.18
2026-03-05 03:20:00+00:00,-3.59,-0.56,3.72,188.81,45.68,5.21
2026-03-05 03:21:00+00:00,-4.41,-1.46,2.87,198.30,31.69,5.45
2026-03-05 03:22:00+00:00,-4.11,-0.63,3.59,188.74,40.79,5.49
2026-03-05 03:23:00+00:00,-3.94,-0.39,3.72,185.65,43.22,5.44
2026-03-05 03:24:00+00:00,-2.78,0.76,4.32,164.73,56.35,5.19
2026-03-05 03:25:00+00:00,-2.91,0.70,4.38,166.48,55.65,5.30
2026-03-05 03:26:00+00:00,-2.61,0.67,4.43,165.66,58.76,5.19
2026-03-05 03:27:00+00:00,-3.19,0.30,4.21,174.66,52.78,5.29
2026-03-05 03:28:00+00:00,-3.61,1.52,3.62,157.13,42.76,5.33
2026-03-05 03:29:00+00:00,-3.63,1.36,3.72,159.46,43.81,5.37
2026-03-05 03:30:00+00:00,-3.62,0.28,4.18,175.66,48.99,5.54
2026-03-05 03:31:00+00:00,-3.31,1.33,3.94,158.07,47.79,5.32
2026-03-05 03:32:00+00:00,-1.90,-1.58,3.83,219.68,57.10,4.56
2026-03-05 03:33:00+00:00,-1.86,-2.27,3.97,230.61,53.48,4.94
2026-03-05 03:34:00+00:00,-1.91,-2.53,3.81,232.96,50.29,4.95
2026-03-05 03:35:00+00:00,-2.04,-2.20,4.04,227.15,53.37,5.03
2026-03-05 03:36:00+00:00,-1.90,-2.24,3.97,229.79,53.47,4.94
2026-03-05 03:37:00+00:00,-2.11,-2.43,4.02,229.02,51.34,5.15
2026-03-05 03:38:00+00:00,-2.28,-1.36,4.31,210.89,58.36,5.06
2026-03-05 03:39:00+00:00,-2.67,-1.01,4.44,200.81,57.24,5.28
2026-03-05 03:40:00+00:00,-2.55,-0.73,4.58,196.10,59.92,5.29
2026-03-05 03:41:00+00:00,-3.01,-0.03,4.25,180.62,54.72,5.21
2026-03-05 03:42:00+00:00,-3.47,0.11,3.93,178.12,48.55,5.25
2026-03-05 03:43:00+00:00,-3.91,0.64,3.48,170.64,41.35,5.27
2026-03-05 03:44:00+00:00,-1.74,-0.85,4.38,205.91,66.14,4.79
2026-03-05 03:45:00+00:00,-1.06,-1.23,4.57,229.26,70.51,4.85
2026-03-05 03:46:00+00:00,-1.58,-0.32,4.50,191.43,70.27,4.78
2026-03-05 03:47:00+00:00,-1.67,0.65,4.46,158.55,68.15,4.81
2026-03-05 03:48:00+00:00,-1.62,-1.41,4.39,221.05,64.01,4.89
2026-03-05 03:49:00+00:00,-1.78,-1.18,4.40,213.40,64.12,4.89
2026-03-05 03:50:00+00:00,-2.47,-0.56,4.30,192.72,59.53,4.99
2026-03-05 03:51:00+00:00,-2.50,-0.83,3.93,198.32,56.18,4.73
2026-03-05 03:52:00+00:00,-2.70,1.75,2.16,147.08,33.88,3.88
2026-03-05 03:53:00+00:00,1.07,3.87,-1.34,74.53,-18.51,4.23
2026-03-05 03:54:00+00:00,0.43,4.21,-0.89,84.13,-11.83,4.32
2026-03-05 03:55:00+00:00,-2.77,2.57,2.79,137.14,36.44,4.70
2026-03-05 03:56:00+00:00,-2.51,3.53,1.48,125.41,18.90,4.57
2026-03-05 03:57:00+00:00,-3.28,2.48,2.80,142.91,34.27,4.98
2026-03-05 03:58:00+00:00,-2.45,3.20,2.62,127.46,33.04,4.80
2026-03-05 03:59:00+00:00,-2.91,4.16,2.64,124.97,27.49,5.72
2026-03-05 04:00:00+00:00,-3.37,2.92,2.23,139.11,26.58,4.99
2026-03-05 04:01:00+00:00,-2.57,3.47,2.24,126.54,27.36,4.87
2026-03-05 04:02:00+00:00,-2.10,3.66,2.31,119.85,28.74,4.81
2026-03-05 04:03:00+00:00,-0.59,3.56,2.94,99.41,39.17,4.66
2026-03-05 04:04:00+00:00,-1.15,3.34,3.13,108.95,41.54,4.72
2026-03-05 04:05:00+00:00,-1.15,3.77,2.49,106.95,32.29,4.66
2026-03-05 04:06:00+00:00,-2.23,2.17,3.43,135.74,47.79,4.63
2026-03-05 04:07:00+00:00,-4.02,0.26,2.84,176.33,35.23,4.93
2026-03-05 04:08:00+00:00,-2.91,1.30,3.76,155.85,49.74,4.93
2026-03-05 04:09:00+00:00,-2.28,1.24,3.97,151.54,56.83,4.74
2026-03-05 04:10:00+00:00,-2.11,1.64,4.14,142.18,57.22,4.93
2026-03-05 04:11:00+00:00,-2.19,2.29,3.68,133.69,49.30,4.85
2026-03-05 04:12:00+00:00,-3.27,2.57,2.58,141.86,31.80,4.89
2026-03-05 04:13:00+00:00,-1.56,4.08,-0.06,110.88,-0.73,4.36
2026-03-05 04:14:00+00:00,-0.34,4.53,0.15,94.32,1.86,4.54
2026-03-05 04:15:00+00:00,-1.25,4.61,1.34,105.14,15.68,4.96
2026-03-05 04:16:00+00:00,-1.27,4.74,0.41,105.03,4.82,4.93
2026-03-05 04:17:00+00:00,-1.44,4.67,0.51,107.17,5.93,4.91
2026-03-05 04:18:00+00:00,-0.85,4.70,0.66,100.27,7.91,4.82
2026-03-05 04:19:00+00:00,-1.57,4.62,-0.09,108.83,-1.03,4.88
2026-03-05 04:20:00+00:00,-1.76,4.61,-0.15,110.92,-1.79,4.94
2026-03-05 04:21:00+00:00,-2.37,4.14,1.23,119.76,14.47,4.93
2026-03-05 04:22:00+00:00,-2.62,3.61,2.62,125.99,30.43,5.17
2026-03-05 04:23:00+00:00,-2.60,3.59,2.74,125.92,31.70,5.21
2026-03-05 04:24:00+00:00,-2.58,3.48,3.18,126.55,36.28,5.37
2026-03-05 04:25:00+00:00,-2.40,4.03,2.62,120.83,29.17,5.37
2026-03-05 04:26:00+00:00,-2.45,4.48,1.12,118.60,12.35,5.23
2026-03-05 04:27:00+00:00,-1.94,4.76,0.04,112.21,0.43,5.14
2026-03-05 04:28:00+00:00,-1.73,4.59,-1.13,110.67,-12.97,5.04
2026-03-05 04:29:00+00:00,-1.61,4.66,-0.86,109.07,-9.85,5.00
2026-03-05 04:30:00+00:00,-1.71,3.97,-2.52,113.35,-30.24,5.00
2026-03-05 04:31:00+00:00,-3.00,4.14,0.91,125.94,10.12,5.20
2026-03-05 04:32:00+00:00,-3.19,3.96,1.92,128.90,20.69,5.44
2026-03-05 04:33:00+00:00,-2.55,4.01,-0.28,122.46,-3.34,4.76
2026-03-05 04:34:00+00:00,-3.66,3.65,-0.12,135.07,-1.35,5.17
2026-03-05 04:35:00+00:00,-3.69,2.96,-2.47,141.22,-27.60,5.34
2026-03-05 04:36:00+00:00,-3.31,2.89,-2.95,138.86,-33.88,5.30
2026-03-05 04:37:00+00:00,-3.58,3.67,-1.39,134.28,-15.19,5.32
2026-03-05 04:38:00+00:00,-3.98,3.28,-1.50,140.50,-16.19,5.37
2026-03-05 04:39:00+00:00,-2.27,4.59,-0.37,116.34,-4.19,5.13
2026-03-05 04:40:00+00:00,-2.42,4.53,-0.83,118.15,-9.15,5.20
2026-03-05 04:41:00+00:00,-2.50,3.99,-2.33,122.05,-26.37,5.25
2026-03-05 04:42:00+00:00,-2.95,4.00,-1.76,126.42,-19.52,5.27
2026-03-05 04:43:00+00:00,-2.71,4.00,-1.63,124.06,-18.68,5.10
2026-03-05 04:44:00+00:00,-1.69,4.69,0.52,109.85,5.92,5.01
2026-03-05 04:45:00+00:00,-1.60,4.69,0.35,108.80,3.99,4.97
2026-03-05 04:46:00+00:00,-0.69,4.76,-0.59,98.22,-7.01,4.85
2026-03-05 04:47:00+00:00,-2.18,4.53,-0.87,115.65,-9.81,5.10
2026-03-05 04:48:00+00:00,-2.19,4.41,-1.26,116.47,-14.38,5.08
2026-03-05 04:49:00+00:00,-2.48,4.00,-0.41,121.84,-4.98,4.72
2026-03-05 04:50:00+00:00,-3.29,3.67,2.06,131.86,22.74,5.34
2026-03-05 04:51:00+00:00,-3.20,4.01,1.32,128.60,14.38,5.30
2026-03-05 04:52:00+00:00,-1.44,4.77,0.79,106.82,8.98,5.05
2026-03-05 04:53:00+00:00,-3.12,4.21,0.99,126.54,10.72,5.33
2026-03-05 04:54:00+00:00,-2.21,4.53,-0.12,116.04,-1.39,5.04
2026-03-05 04:55:00+00:00,-0.96,4.19,-1.50,102.94,-19.19,4.56
2026-03-05 04:56:00+00:00,-0.10,3.77,-2.48,91.55,-33.39,4.51
2026-03-05 04:57:00+00:00,0.26,3.33,-2.84,85.59,-40.32,4.38
2026-03-05 04:58:00+00:00,0.76,2.92,-3.08,75.34,-45.57,4.31
2026-03-05 04:59:00+00:00,0.76,3.08,-2.97,76.09,-43.07,4.35
2026-03-05 05:00:00+00:00,0.81,3.31,-2.74,76.17,-38.84,4.38
2026-03-05 05:01:00+00:00,0.76,3.48,-2.46,77.76,-34.66,4.33
2026-03-05 05:02:00+00:00,0.56,3.95,-1.90,81.86,-25.51,4.42
2026-03-05 05:03:00+00:00,0.89,3.82,-2.04,76.84,-27.44,4.42
2026-03-05 05:04:00+00:00,0.59,3.91,-1.98,81.38,-26.54,4.42
2026-03-05 05:05:00+00:00,0.62,3.92,-1.98,81.05,-26.54,4.43
2026-03-05 05:06:00+00:00,0.88,3.65,-2.28,76.51,-31.34,4.39
2026-03-05 05:07:00+00:00,0.18,3.88,-2.40,87.35,-31.71,4.56
2026-03-05 05:08:00+00:00,-0.06,3.29,-3.12,91.10,-43.44,4.54
2026-03-05 05:09:00+00:00,0.35,4.03,-2.13,85.04,-27.75,4.57
2026-03-05 05:10:00+00:00,0.76,3.62,-2.55,78.10,-34.58,4.50
2026-03-05 05:11:00+00:00,-0.11,3.49,-3.14,91.78,-41.97,4.70
2026-03-05 05:12:00+00:00,0.13,4.10,-2.21,88.14,-28.25,4.66
2026-03-05 05:13:00+00:00,0.24,4.29,-2.06,86.74,-25.65,4.76
2026-03-05 05:14:00+00:00,-0.79,3.47,-3.13,102.75,-41.35,4.74
2026-03-05 05:15:00+00:00,-0.75,3.85,-2.87,101.02,-36.21,4.86
2026-03-05 05:16:00+00:00,-0.45,3.90,-2.92,96.63,-36.60,4.89
2026-03-05 05:17:00+00:00,-1.05,4.24,-2.21,103.89,-26.77,4.90
2026-03-05 05:18:00+00:00,-1.50,4.44,-1.58,108.65,-18.62,4.94
2026-03-05 05:19:00+00:00,-1.80,4.40,-1.31,112.23,-15.43,4.93
2026-03-05 05:20:00+00:00,-1.90,4.54,-0.96,112.76,-11.08,5.01
2026-03-05 05:21:00+00:00,-1.30,4.13,-2.22,107.51,-27.14,4.87
2026-03-05 05:22:00+00:00,-1.45,3.88,-2.22,110.44,-28.18,4.69
2026-03-05 05:23:00+00:00,-2.02,3.88,-2.07,117.51,-25.32,4.84
2026-03-05 05:24:00+00:00,-1.43,3.53,-2.58,112.01,-34.12,4.60
2026-03-05 05:25:00+00:00,-1.02,2.61,-3.80,111.23,-53.59,4.73
2026-03-05 05:26:00+00:00,-1.11,3.02,-3.43,110.20,-46.84,4.71
2026-03-05 05:27:00+00:00,-0.46,2.74,-3.59,99.45,-52.25,4.54
2026-03-05 05:28:00+00:00,-0.53,3.39,-2.86,98.95,-39.86,4.47
2026-03-05 05:29:00+00:00,-1.19,3.49,-2.99,108.86,-39.07,4.75
2026-03-05 05:30:00+00:00,-1.36,3.43,-2.85,111.70,-37.67,4.66
2026-03-05 05:31:00+00:00,-2.24,3.54,-1.67,122.24,-21.78,4.51
2026-03-05 05:32:00+00:00,-2.71,3.54,0.25,127.43,3.25,4.47
2026-03-05 05:33:00+00:00,-2.70,3.67,0.00,126.33,0.03,4.55
2026-03-05 05:34:00+00:00,-3.18,3.29,-1.49,134.07,-18.03,4.81
2026-03-05 05:35:00+00:00,-2.43,3.73,-0.88,123.13,-11.22,4.54
2026-03-05 05:36:00+00:00,-2.98,3.84,-0.59,127.86,-6.86,4.90
2026-03-05 05:37:00+00:00,-2.71,3.73,-0.74,125.98,-9.16,4.67
2026-03-05 05:38:00+00:00,-2.68,3.34,0.08,128.82,1.04,4.28
2026-03-05 05:39:00+00:00,-2.43,3.76,2.75,122.91,31.51,5.25
2026-03-05 05:40:00+00:00,-2.14,4.10,2.44,117.60,27.78,5.22
2026-03-05 05:41:00+00:00,-1.81,4.18,2.16,113.45,25.35,5.04
2026-03-05 05:42:00+00:00,-2.03,3.23,-0.92,122.18,-13.57,3.92
2026-03-05 05:43:00+00:00,-3.26,2.01,-2.79,148.34,-36.07,4.73
2026-03-05 05:44:00+00:00,-2.50,3.53,1.53,125.33,19.41,4.59
2026-03-05 05:45:00+00:00,-1.40,3.24,3.57,113.45,45.37,5.02
2026-03-05 05:46:00+00:00,-1.61,3.55,2.70,114.43,34.69,4.74
2026-03-05 05:47:00+00:00,-1.86,3.52,3.14,117.90,38.30,5.07
2026-03-05 05:48:00+00:00,-2.29,3.53,2.85,122.98,34.16,5.08
2026-03-05 05:49:00+00:00,-0.78,4.28,1.82,100.30,22.67,4.71
2026-03-05 05:50:00+00:00,-0.11,4.48,0.96,91.43,12.06,4.59
2026-03-05 05:51:00+00:00,0.89,4.38,0.89,78.55,11.33,4.55
2026-03-05 05:52:00+00:00,0.64,4.26,1.67,81.45,21.21,4.62
2026-03-05 05:53:00+00:00,-0.16,4.19,2.23,92.20,27.97,4.75
2026-03-05 05:54:00+00:00,-0.84,4.42,1.55,100.74,19.02,4.75
2026-03-05 05:55:00+00:00,-1.88,4.32,1.18,113.55,14.05,4.86
2026-03-05 05:56:00+00:00,-2.68,3.53,2.36,127.17,28.03,5.02
2026-03-05 05:57:00+00:00,-1.32,4.07,2.40,107.96,29.30,4.90
2026-03-05 05:58:00+00:00,-1.46,3.79,2.69,111.11,33.53,4.87
2026-03-05 05:59:00+00:00,-2.50,3.79,2.22,123.42,26.12,5.05
2026-03-05 06:00:00+00:00,-3.45,3.15,2.06,137.59,23.83,5.10
2026-03-05 06:01:00+00:00,-2.49,4.16,1.18,120.87,13.69,4.99
2026-03-05 06:02:00+00:00,-2.41,3.89,1.98,121.78,23.36,4.99
2026-03-05 06:03:00+00:00,-1.76,4.31,0.77,112.21,9.36,4.72
2026-03-05 06:04:00+00:00,-1.89,4.35,0.66,113.48,7.88,4.79
2026-03-05 06:05:00+00:00,-2.31,2.15,2.84,137.13,41.99,4.24
2026-03-05 06:06:00+00:00,-3.43,0.76,3.85,167.56,47.60,5.21
2026-03-05 06:07:00+00:00,-3.39,2.10,3.29,148.26,39.51,5.17
2026-03-05 06:08:00+00:00,-3.46,3.34,2.02,136.01,22.81,5.22
2026-03-05 06:09:00+00:00,-3.33,3.73,-0.28,131.77,-3.24,5.00
2026-03-05 06:10:00+00:00,-2.95,3.83,-0.77,127.65,-9.09,4.89
2026-03-05 06:11:00+00:00,-2.88,4.01,-0.04,125.74,-0.50,4.94
2026-03-05 06:12:00+00:00,-3.13,3.70,1.29,130.24,14.87,5.01
2026-03-05 06:13:00+00:00,-3.07,3.55,0.25,130.90,3.10,4.70
2026-03-05 06:14:00+00:00,-2.30,4.09,0.86,119.38,10.41,4.78
2026-03-05 06:15:00+00:00,-0.74,4.03,-0.39,100.45,-5.44,4.12
2026-03-05 06:16:00+00:00,0.09,3.49,-1.65,88.49,-25.34,3.86
2026-03-05 06:17:00+00:00,0.72,3.93,-1.06,79.54,-14.87,4.13
2026-03-05 06:18:00+00:00,-2.10,2.58,3.18,129.11,43.69,4.60
2026-03-05 06:19:00+00:00,-2.50,2.72,3.44,132.62,42.92,5.05
2026-03-05 06:20:00+00:00,-2.31,1.21,3.70,152.39,54.84,4.52
2026-03-05 06:21:00+00:00,-2.52,-1.26,4.31,206.51,56.79,5.15
2026-03-05 06:22:00+00:00,-2.48,-0.99,4.33,201.70,58.35,5.09
2026-03-05 06:23:00+00:00,-2.43,-0.74,4.18,196.97,58.68,4.89
2026-03-05 06:24:00+00:00,-3.45,0.68,3.90,168.77,47.98,5.25
2026-03-05 06:25:00+00:00,-2.45,0.99,4.30,157.97,58.40,5.05
2026-03-05 06:26:00+00:00,-1.62,1.82,4.34,131.55,60.68,4.98
2026-03-05 06:27:00+00:00,-1.58,1.98,4.25,128.60,59.24,4.94
2026-03-05 06:28:00+00:00,-1.59,2.61,3.82,121.36,51.31,4.89
2026-03-05 06:29:00+00:00,-1.41,3.32,3.21,113.00,41.67,4.83
2026-03-05 06:30:00+00:00,-1.36,2.87,3.75,115.26,49.74,4.92
2026-03-05 06:31:00+00:00,-1.38,0.75,3.72,151.34,67.09,4.04
2026-03-05 06:32:00+00:00,-1.91,-1.81,3.85,223.43,55.69,4.66
2026-03-05 06:33:00+00:00,-2.51,-1.28,3.69,207.12,52.65,4.64
2026-03-05 06:34:00+00:00,-3.00,-1.19,3.42,201.72,46.70,4.70
2026-03-05 06:35:00+00:00,-1.26,0.28,4.15,167.36,72.68,4.35
2026-03-05 06:36:00+00:00,-1.47,0.40,4.35,164.77,70.72,4.61
2026-03-05 06:37:00+00:00,-2.66,0.86,4.05,162.04,55.39,4.92
2026-03-05 06:38:00+00:00,-2.49,0.86,4.06,160.89,57.06,4.84
2026-03-05 06:39:00+00:00,-0.04,-0.56,4.23,266.05,82.41,4.26
2026-03-05 06:40:00+00:00,-1.20,0.43,4.25,160.22,73.27,4.44
2026-03-05 06:41:00+00:00,-1.19,1.65,4.28,125.91,64.53,4.74
2026-03-05 06:42:00+00:00,-0.87,3.07,3.26,105.93,45.60,4.56
2026-03-05 06:43:00+00:00,-0.75,2.74,3.71,105.37,52.48,4.67
2026-03-05 06:44:00+00:00,-0.60,2.96,3.58,101.36,49.86,4.69
2026-03-05 06:45:00+00:00,-0.63,3.56,3.02,100.07,39.85,4.71
2026-03-05 06:46:00+00:00,-0.75,3.51,3.02,102.01,40.10,4.69
2026-03-05 06:47:00+00:00,-0.74,3.11,3.14,103.29,44.47,4.48
2026-03-05 06:48:00+00:00,-0.32,2.26,3.77,98.02,58.78,4.41
2026-03-05 06:49:00+00:00,-0.23,2.81,3.13,94.77,47.94,4.21
2026-03-05 06:50:00+00:00,-0.29,2.79,3.16,95.88,48.40,4.22
2026-03-05 06:51:00+00:00,1.10,2.33,3.04,64.69,49.71,3.99
2026-03-05 06:52:00+00:00,1.52,2.62,2.55,59.91,40.09,3.96
2026-03-05 06:53:00+00:00,0.93,3.15,2.46,73.57,36.82,4.10
2026-03-05 06:54:00+00:00,0.89,3.69,1.87,76.46,26.29,4.23
2026-03-05 06:55:00+00:00,0.02,3.86,1.67,89.74,23.36,4.21
2026-03-05 06:56:00+00:00,-0.06,4.22,1.03,90.87,13.73,4.34
2026-03-05 06:57:00+00:00,0.28,4.14,0.89,86.09,12.06,4.24
2026-03-05 06:58:00+00:00,-0.39,4.28,-0.03,95.27,-0.35,4.30
2026-03-05 06:59:00+00:00,-0.49,4.39,-0.23,96.33,-3.01,4.43
2026-03-05 07:00:00+00:00,-0.53,3.83,-0.81,97.91,-11.84,3.95
2026-03-05 07:01:00+00:00,-0.88,4.20,0.24,101.78,3.16,4.30
2026-03-05 07:02:00+00:00,-1.02,1.50,-3.90,124.08,-65.04,4.30
2026-03-05 07:03:00+00:00,-1.02,1.62,-3.96,122.31,-64.20,4.40
2026-03-05 07:04:00+00:00,-0.87,2.74,-3.37,107.54,-49.49,4.43
2026-03-05 07:05:00+00:00,-0.45,3.17,-2.64,98.16,-39.57,4.15
2026-03-05 07:06:00+00:00,-0.40,3.79,-1.59,95.99,-22.68,4.13
2026-03-05 07:07:00+00:00,-0.15,3.68,-1.77,92.26,-25.59,4.09
2026-03-05 07:08:00+00:00,-0.20,3.59,-2.43,93.16,-34.04,4.34
2026-03-05 07:09:00+00:00,0.19,3.45,-2.64,86.85,-37.33,4.35
2026-03-05 07:10:00+00:00,0.10,3.67,-2.33,88.41,-32.36,4.35
2026-03-05 07:11:00+00:00,-1.02,3.09,-3.09,108.27,-43.51,4.49
2026-03-05 07:12:00+00:00,0.60,3.10,-2.97,78.99,-43.22,4.33
2026-03-05 07:13:00+00:00,0.98,2.71,-3.15,70.05,-47.56,4.27
2026-03-05 07:14:00+00:00,1.08,2.10,-3.54,62.77,-56.31,4.26
2026-03-05 07:15:00+00:00,0.80,1.50,-3.86,62.03,-66.26,4.22
2026-03-05 07:16:00+00:00,0.93,0.92,-3.91,44.69,-71.56,4.12
2026-03-05 07:17:00+00:00,0.75,1.30,-3.90,60.02,-68.99,4.17
2026-03-05 07:18:00+00:00,1.21,1.22,-3.78,45.20,-65.58,4.15
2026-03-05 07:19:00+00:00,-0.03,1.42,-3.35,91.12,-67.08,3.63
2026-03-05 07:20:00+00:00,-3.17,3.45,-0.50,132.57,-6.03,4.71
2026-03-05 07:21:00+00:00,-3.17,3.14,-1.10,135.22,-13.82,4.60
2026-03-05 07:22:00+00:00,-2.86,3.11,-1.56,132.58,-20.29,4.51
2026-03-05 07:23:00+00:00,-3.56,3.23,1.12,137.84,13.09,4.94
2026-03-05 07:24:00+00:00,-3.38,3.46,1.71,134.38,19.52,5.13
2026-03-05 07:25:00+00:00,-3.08,3.08,2.41,135.02,28.91,4.98
2026-03-05 07:26:00+00:00,-2.68,2.97,2.92,132.03,36.11,4.95
2026-03-05 07:27:00+00:00,-2.15,2.64,3.52,129.20,45.95,4.90
2026-03-05 07:28:00+00:00,-2.63,1.42,3.93,151.69,52.79,4.94
2026-03-05 07:29:00+00:00,-2.96,1.19,3.76,158.06,49.71,4.93
2026-03-05 07:30:00+00:00,-2.75,1.09,4.00,158.34,53.49,4.97
2026-03-05 07:31:00+00:00,-3.33,1.31,3.61,158.46,45.26,5.09
2026-03-05 07:32:00+00:00,-3.27,1.27,3.71,158.83,46.56,5.10
2026-03-05 07:33:00+00:00,-2.97,1.13,3.81,159.12,50.16,4.96
2026-03-05 07:34:00+00:00,-2.96,1.94,2.50,146.71,35.26,4.33
2026-03-05 07:35:00+00:00,-3.19,2.78,1.34,138.90,17.58,4.44
2026-03-05 07:36:00+00:00,-2.60,0.84,4.00,161.99,55.67,4.84
2026-03-05 07:37:00+00:00,-2.68,-0.40,4.18,188.49,57.04,4.98
2026-03-05 07:38:00+00:00,-2.69,-0.12,4.34,182.51,58.23,5.11
2026-03-05 07:39:00+00:00,-2.56,0.01,4.44,179.70,60.01,5.13
2026-03-05 07:40:00+00:00,-2.67,0.07,4.26,178.60,57.84,5.03
2026-03-05 07:41:00+00:00,-2.50,-0.30,4.24,186.95,59.27,4.93
2026-03-05 07:42:00+00:00,-2.88,-0.71,4.21,193.91,54.88,5.15
2026-03-05 07:43:00+00:00,-2.85,-0.98,4.06,199.00,53.38,5.06
2026-03-05 07:44:00+00:00,-2.46,-0.97,4.29,201.47,58.40,5.04
2026-03-05 07:45:00+00:00,-2.71,-1.53,3.81,209.50,50.80,4.92
2026-03-05 07:46:00+00:00,-2.71,-1.26,3.88,204.87,52.36,4.90
2026-03-05 07:47:00+00:00,-2.33,-1.63,4.05,215.01,54.94,4.95
2026-03-05 07:48:00+00:00,-2.76,-0.30,4.33,186.13,57.30,5.15
2026-03-05 07:49:00+00:00,-2.86,-0.35,4.21,186.97,55.59,5.11
2026-03-05 07:50:00+00:00,-2.91,-0.61,4.11,191.85,54.14,5.07
2026-03-05 07:51:00+00:00,-3.03,-0.52,3.97,189.66,52.23,5.03
2026-03-05 07:52:00+00:00,-2.96,-0.77,3.99,194.65,52.54,5.03
2026-03-05 07:53:00+00:00,-2.71,-1.26,3.94,204.94,52.82,4.94
2026-03-05 07:54:00+00:00,-2.08,-1.88,3.80,222.06,53.59,4.72
2026-03-05 07:55:00+00:00,-3.34,-0.47,3.73,188.03,47.89,5.03
2026-03-05 07:56:00+00:00,-2.95,-0.90,3.79,196.93,50.85,4.89
2026-03-05 07:57:00+00:00,-2.68,-1.26,3.83,205.25,52.27,4.84
2026-03-05 07:58:00+00:00,-3.17,-0.91,3.80,196.02,49.05,5.03
2026-03-05 07:59:00+00:00,-2.78,-1.32,3.81,205.36,51.10,4.89
2026-03-05 08:00:00+00:00,-2.92,-1.55,3.93,207.91,49.90,5.14
2026-03-05 08:01:00+00:00,-2.91,-1.00,3.90,198.91,51.67,4.97
2026-03-05 08:02:00+00:00,-3.02,-0.94,3.99,197.24,51.56,5.09
2026-03-05 08:03:00+00:00,-2.79,-1.15,4.09,202.46,53.58,5.08
2026-03-05 08:04:00+00:00,-2.65,-1.45,3.70,208.73,50.73,4.78
2026-03-05 08:05:00+00:00,-2.78,-1.20,3.70,203.37,50.73,4.78
2026-03-05 08:06:00+00:00,-2.79,0.16,4.04,176.69,55.33,4.91
2026-03-05 08:07:00+00:00,-2.68,-0.46,4.00,189.82,55.84,4.84
2026-03-05 08:08:00+00:00,-2.25,-1.06,4.04,205.25,58.40,4.74
2026-03-05 08:09:00+00:00,-2.40,-0.70,3.66,196.18,55.73,4.43
2026-03-05 08:10:00+00:00,-3.15,0.05,3.87,179.04,50.84,4.99
2026-03-05 08:11:00+00:00,-2.37,0.95,4.19,158.13,58.65,4.90
2026-03-05 08:12:00+00:00,-2.50,0.57,4.15,167.07,58.34,4.88
2026-03-05 08:13:00+00:00,-2.81,0.00,4.03,179.96,55.16,4.91
2026-03-05 08:14:00+00:00,-2.52,-0.32,4.09,187.33,58.16,4.81
2026-03-05 08:15:00+00:00,-2.24,0.07,4.19,178.25,61.89,4.75
2026-03-05 08:16:00+00:00,-2.40,0.01,4.04,179.87,59.27,4.69
2026-03-05 08:17:00+00:00,-2.46,0.51,4.06,168.35,58.28,4.78
2026-03-05 08:18:00+00:00,-2.74,0.45,3.96,170.58,54.98,4.83
2026-03-05 08:19:00+00:00,-4.36,1.88,0.00,156.69,0.05,4.74
2026-03-05 08:20:00+00:00,-4.35,2.04,0.62,154.84,7.33,4.84
2026-03-05 08:21:00+00:00,-4.44,1.70,1.46,159.03,17.03,4.98
2026-03-05 08:22:00+00:00,-4.21,1.36,2.07,162.10,25.04,4.88
2026-03-05 08:23:00+00:00,-4.05,1.46,2.41,160.17,29.24,4.93
2026-03-05 08:24:00+00:00,-4.21,2.57,1.40,148.60,15.79,5.13
2026-03-05 08:25:00+00:00,-3.59,0.29,3.20,175.44,41.58,4.82
2026-03-05 08:26:00+00:00,-3.85,0.27,3.19,176.06,39.57,5.00
2026-03-05 08:27:00+00:00,-4.09,0.06,2.92,179.16,35.56,5.02
2026-03-05 08:28:00+00:00,-4.23,0.31,2.73,175.78,32.80,5.04
2026-03-05 08:29:00+00:00,-3.71,0.34,3.22,174.74,40.82,4.92
2026-03-05 08:30:00+00:00,-3.39,-0.15,3.66,182.59,47.14,4.99
2026-03-05 08:31:00+00:00,-3.33,-0.08,3.68,181.38,47.86,4.97
2026-03-05 08:32:00+00:00,-3.38,-0.49,3.48,188.20,45.53,4.87
2026-03-05 08:33:00+00:00,-3.08,-0.44,3.62,188.08,49.28,4.78
2026-03-05 08:34:00+00:00,-3.02,0.30,3.69,174.35,50.60,4.78
2026-03-05 08:35:00+00:00,-3.77,1.36,2.57,160.22,32.72,4.76
2026-03-05 08:36:00+00:00,-4.17,1.70,2.04,157.79,24.35,4.94
2026-03-05 08:37:00+00:00,-4.21,1.54,2.21,159.87,26.25,5.00
2026-03-05 08:38:00+00:00,-4.01,1.05,2.48,165.29,30.89,4.83
2026-03-05 08:39:00+00:00,-3.96,0.95,2.76,166.49,34.15,4.93
2026-03-05 08:40:00+00:00,-4.53,1.70,1.44,159.40,16.52,5.05
2026-03-05 08:41:00+00:00,-4.12,1.43,2.52,160.83,29.97,5.04
2026-03-05 08:42:00+00:00,-3.79,1.18,3.05,162.74,37.52,5.00
2026-03-05 08:43:00+00:00,-4.05,0.72,3.02,169.90,36.34,5.10
2026-03-05 08:44:00+00:00,-3.84,0.67,3.26,170.05,39.86,5.08
2026-03-05 08:45:00+00:00,-3.60,1.14,3.21,162.48,40.36,4.95
2026-03-05 08:46:00+00:00,-3.48,0.88,3.49,165.88,44.22,5.01
2026-03-05 08:47:00+00:00,-3.70,0.77,3.11,168.25,39.51,4.89
2026-03-05 08:48:00+00:00,-0.17,3.60,-0.20,92.68,-3.12,3.60
2026-03-05 08:49:00+00:00,-0.57,3.76,-0.66,98.61,-9.87,3.86
2026-03-05 08:50:00+00:00,-0.04,3.07,-0.90,90.82,-16.32,3.20
2026-03-05 08:51:00+00:00,-1.28,3.42,0.66,110.49,10.17,3.71
2026-03-05 08:52:00+00:00,-1.54,3.56,0.57,113.40,8.33,3.92
2026-03-05 08:53:00+00:00,-1.48,3.68,0.23,111.94,3.27,3.97
2026-03-05 08:54:00+00:00,-1.74,3.17,1.59,118.70,23.77,3.96
2026-03-05 08:55:00+00:00,-1.90,3.43,-0.57,118.93,-8.24,3.96
2026-03-05 08:56:00+00:00,-2.67,2.31,2.74,139.10,37.78,4.47
2026-03-05 08:57:00+00:00,-2.96,1.18,3.70,158.31,49.21,4.88
2026-03-05 08:58:00+00:00,-2.96,1.14,3.74,158.92,49.75,4.90
2026-03-05 08:59:00+00:00,-2.77,0.89,3.88,162.18,53.16,4.85
2026-03-05 09:00:00+00:00,-2.51,0.52,3.99,168.33,57.22,4.74
2026-03-05 09:01:00+00:00,-2.72,0.60,4.13,167.48,55.96,4.98
2026-03-05 09:02:00+00:00,-2.91,0.64,4.05,167.64,53.61,5.03
2026-03-05 09:03:00+00:00,-2.91,0.84,3.86,163.98,51.93,4.91
2026-03-05 09:04:00+00:00,-3.28,0.60,3.54,169.56,46.68,4.86
2026-03-05 09:05:00+00:00,-3.30,0.53,3.60,170.86,47.15,4.91
2026-03-05 09:06:00+00:00,-3.18,0.91,3.78,164.10,48.78,5.02
2026-03-05 09:07:00+00:00,-3.14,1.01,3.74,162.14,48.57,4.99
2026-03-05 09:08:00+00:00,-2.98,0.95,3.70,162.31,49.73,4.84
2026-03-05 09:09:00+00:00,-2.99,1.06,3.56,160.53,48.36,4.77
2026-03-05 09:10:00+00:00,-2.65,1.09,3.71,157.56,52.30,4.69
2026-03-05 09:11:00+00:00,-1.89,1.06,4.01,150.79,61.63,4.56
2026-03-05 09:12:00+00:00,-2.16,1.13,4.02,152.38,58.74,4.71
2026-03-05 09:13:00+00:00,-2.07,1.21,4.05,149.72,59.41,4.71
2026-03-05 09:14:00+00:00,-2.00,1.06,4.10,152.04,61.13,4.68
2026-03-05 09:15:00+00:00,-2.35,1.20,3.85,152.98,55.55,4.67
2026-03-05 09:16:00+00:00,-2.85,0.82,3.78,163.98,51.83,4.80
2026-03-05 09:17:00+00:00,-3.00,0.70,3.77,166.87,50.72,4.87
2026-03-05 09:18:00+00:00,-3.02,0.71,3.77,166.82,50.56,4.88
2026-03-05 09:19:00+00:00,-2.91,0.93,3.70,162.30,50.44,4.80
2026-03-05 09:20:00+00:00,-2.94,0.67,3.78,167.15,51.46,4.83
2026-03-05 09:21:00+00:00,-2.85,0.90,3.69,162.39,51.04,4.75
2026-03-05 09:22:00+00:00,-2.89,1.36,3.55,154.72,48.06,4.78
2026-03-05 09:23:00+00:00,-3.19,1.50,3.16,154.76,41.85,4.73
2026-03-05 09:24:00+00:00,-3.62,0.49,3.16,172.25,40.88,4.83
2026-03-05 09:25:00+00:00,-3.52,1.21,3.02,161.00,39.07,4.79
2026-03-05 09:26:00+00:00,-3.39,1.21,3.20,160.34,41.70,4.82
2026-03-05 09:27:00+00:00,-3.38,1.56,3.08,155.19,39.63,4.83
2026-03-05 09:28:00+00:00,-3.26,1.86,2.96,150.33,38.24,4.78
2026-03-05 09:29:00+00:00,-3.37,1.55,2.96,155.33,38.59,4.74
2026-03-05 09:30:00+00:00,-3.42,1.49,2.99,156.52,38.67,4.78
2026-03-05 09:31:00+00:00,-3.40,1.52,2.89,155.90,37.86,4.71
2026-03-05 09:32:00+00:00,-3.41,1.54,2.95,155.64,38.24,4.77
2026-03-05 09:33:00+00:00,-3.41,1.85,2.83,151.58,36.09,4.80
2026-03-05 09:34:00+00:00,-3.27,1.93,2.91,149.42,37.41,4.78
2026-03-05 09:35:00+00:00,-3.32,2.25,2.60,145.88,32.94,4.77
2026-03-05 09:36:00+00:00,-3.30,2.25,2.50,145.64,32.00,4.71
2026-03-05 09:37:00+00:00,-3.34,1.40,3.08,157.25,40.40,4.76
2026-03-05 09:38:00+00:00,-3.40,1.72,2.80,153.15,36.28,4.73
2026-03-05 09:39:00+00:00,-3.35,1.65,2.93,153.81,38.18,4.75
2026-03-05 09:40:00+00:00,-3.39,1.69,2.84,153.45,36.89,4.74
2026-03-05 09:41:00+00:00,-3.43,1.42,2.96,157.58,38.59,4.75
2026-03-05 09:42:00+00:00,-3.67,1.32,2.72,160.14,34.94,4.75
2026-03-05 09:43:00+00:00,-3.32,1.03,3.30,162.73,43.44,4.79
2026-03-05 09:44:00+00:00,-3.67,1.55,2.39,157.10,31.02,4.65
2026-03-05 09:45:00+00:00,-3.54,1.36,2.37,159.03,32.06,4.47
2026-03-05 09:46:00+00:00,-3.42,1.63,2.35,154.48,31.78,4.45
2026-03-05 09:47:00+00:00,-3.25,1.81,2.76,150.92,36.56,4.63
2026-03-05 09:48:00+00:00,-4.27,1.48,1.04,160.84,12.93,4.64
2026-03-05 09:49:00+00:00,-4.55,1.48,0.45,162.03,5.35,4.81
2026-03-05 09:50:00+00:00,-4.61,0.58,1.11,172.85,13.42,4.77
2026-03-05 09:51:00+00:00,-4.54,-0.52,0.55,186.53,6.86,4.60
2026-03-05 09:52:00+00:00,-4.23,-0.12,2.23,181.69,27.78,4.78
2026-03-05 09:53:00+00:00,-4.20,0.11,2.59,178.48,31.60,4.93
2026-03-05 09:54:00+00:00,-4.00,0.90,2.81,167.34,34.39,4.97
2026-03-05 09:55:00+00:00,-4.02,1.08,2.81,164.94,34.04,5.02
2026-03-05 09:56:00+00:00,-4.14,0.73,2.72,169.99,32.91,5.00
2026-03-05 09:57:00+00:00,-4.33,-0.11,2.46,181.45,29.56,4.98
2026-03-05 09:58:00+00:00,-4.36,-0.65,2.37,188.41,28.25,5.01
2026-03-05 10:00:00+00:00,-4.11,1.58,1.84,158.94,22.61,4.77
2026-03-05 10:02:00+00:00,-4.22,1.38,2.13,161.81,25.60,4.92
2026-03-05 10:03:00+00:00,-2.16,2.76,3.11,128.06,41.54,4.69
2026-03-05 10:04:00+00:00,-1.04,3.51,2.59,106.52,35.25,4.49
2026-03-05 10:05:00+00:00,-1.83,3.03,3.18,121.14,42.01,4.76
2026-03-05 10:06:00+00:00,-2.34,2.70,3.28,130.91,42.62,4.85
2026-03-05 10:07:00+00:00,-2.13,3.30,2.90,122.88,36.45,4.89
2026-03-05 10:08:00+00:00,-1.78,3.43,2.97,117.45,37.55,4.87
2026-03-05 10:09:00+00:00,-3.02,2.49,3.15,140.40,38.85,5.03
2026-03-05 10:10:00+00:00,-1.72,3.58,2.62,115.62,33.40,4.76
2026-03-05 10:11:00+00:00,-1.11,3.97,2.18,105.65,27.86,4.67
2026-03-05 10:12:00+00:00,-0.74,4.10,1.75,100.21,22.74,4.52
2026-03-05 10:13:00+00:00,-0.48,4.06,1.46,96.79,19.69,4.34
2026-03-05 10:14:00+00:00,-0.37,3.86,2.43,95.52,32.04,4.57
2026-03-05 10:15:00+00:00,-0.22,4.04,2.11,93.10,27.51,4.56
2026-03-05 10:16:00+00:00,0.05,4.14,1.64,89.33,21.59,4.45
2026-03-05 10:17:00+00:00,-0.22,3.80,2.27,93.27,30.84,4.44
2026-03-05 10:18:00+00:00,-0.31,3.61,2.79,94.84,37.54,4.57
2026-03-05 10:19:00+00:00,-0.39,3.70,2.71,96.00,36.01,4.60
2026-03-05 10:20:00+00:00,-0.18,3.66,2.69,92.86,36.24,4.54
2026-03-05 10:21:00+00:00,-0.45,3.70,2.76,96.93,36.56,4.63
2026-03-05 10:22:00+00:00,-0.69,3.79,2.57,100.34,33.66,4.63
2026-03-05 10:23:00+00:00,-1.47,3.99,2.14,110.22,26.73,4.76
2026-03-05 10:24:00+00:00,-1.82,3.64,2.60,116.61,32.56,4.83
2026-03-05 10:25:00+00:00,-1.38,3.83,2.49,109.81,31.43,4.77
2026-03-05 10:26:00+00:00,-1.89,3.59,2.74,117.73,34.02,4.90
2026-03-05 10:27:00+00:00,-2.05,3.63,2.58,119.47,31.74,4.90
2026-03-05 10:28:00+00:00,-1.38,3.72,2.71,110.37,34.33,4.81
2026-03-05 10:29:00+00:00,-1.27,3.11,3.41,112.20,45.44,4.79
2026-03-05 10:30:00+00:00,-1.50,3.24,3.17,114.79,41.57,4.77
2026-03-05 10:31:00+00:00,-1.84,3.94,2.16,115.02,26.40,4.85
2026-03-05 10:32:00+00:00,-1.36,3.94,2.30,109.09,28.96,4.76
2026-03-05 10:33:00+00:00,-0.95,4.02,2.31,103.27,29.27,4.73
2026-03-05 10:34:00+00:00,-0.69,4.01,2.29,99.81,29.36,4.67
2026-03-05 10:35:00+00:00,-1.06,3.97,2.39,104.89,30.23,4.75
2026-03-05 10:36:00+00:00,-0.88,4.06,2.22,102.25,28.16,4.71
2026-03-05 10:37:00+00:00,-1.36,4.30,1.52,107.50,18.63,4.76
2026-03-05 10:38:00+00:00,-2.16,3.05,2.86,125.26,37.44,4.71
2026-03-05 10:39:00+00:00,-1.87,3.18,3.10,120.44,40.08,4.81
2026-03-05 10:40:00+00:00,-2.11,3.56,2.50,120.60,31.12,4.83
2026-03-05 10:41:00+00:00,-2.00,3.88,2.27,117.29,27.46,4.91
2026-03-05 10:42:00+00:00,-2.07,3.62,2.51,119.75,31.04,4.86
2026-03-05 10:43:00+00:00,-2.06,2.79,3.38,126.53,44.24,4.84
2026-03-05 10:44:00+00:00,-1.75,3.01,3.23,120.21,42.79,4.75
2026-03-05 10:45:00+00:00,-2.09,3.09,3.05,124.01,39.25,4.82
2026-03-05 10:46:00+00:00,-2.46,3.28,2.68,126.85,33.18,4.89
2026-03-05 10:47:00+00:00,-2.29,3.83,2.11,120.93,25.28,4.94
2026-03-05 10:48:00+00:00,-2.35,3.92,1.79,120.94,21.41,4.91
2026-03-05 10:49:00+00:00,-1.99,4.13,1.65,115.73,19.81,4.87
2026-03-05 10:50:00+00:00,-2.00,4.29,0.67,115.05,8.12,4.78
2026-03-05 10:51:00+00:00,-1.59,4.17,1.82,110.86,22.19,4.82
2026-03-05 10:52:00+00:00,-2.00,4.02,1.16,116.53,14.47,4.64
2026-03-05 10:53:00+00:00,-3.16,3.91,-0.70,128.93,-7.97,5.08
2026-03-05 10:54:00+00:00,-2.56,4.17,0.00,121.60,0.00,4.89
2026-03-05 10:55:00+00:00,-3.08,3.86,-0.61,128.62,-7.03,4.98
2026-03-05 10:56:00+00:00,-3.55,3.55,-0.69,135.02,-7.83,5.06
2026-03-05 10:57:00+00:00,-3.37,3.68,-0.53,132.43,-6.02,5.02
2026-03-05 10:58:00+00:00,-3.13,3.94,-0.17,128.49,-1.99,5.03
2026-03-05 10:59:00+00:00,-2.77,4.05,-0.58,124.40,-6.78,4.94
2026-03-05 11:00:00+00:00,-2.51,4.02,-1.03,121.98,-12.22,4.84
2026-03-05 11:01:00+00:00,-2.77,4.07,-0.35,124.28,-4.03,4.93
2026-03-05 11:02:00+00:00,-2.55,4.12,0.70,121.78,8.16,4.90
2026-03-05 11:03:00+00:00,-2.64,4.08,-0.39,122.88,-4.61,4.88
2026-03-05 11:04:00+00:00,-2.72,4.00,-0.35,124.27,-4.13,4.85
2026-03-05 11:05:00+00:00,-3.04,3.87,-0.05,128.16,-0.64,4.93
2026-03-05 11:06:00+00:00,-2.83,3.85,-0.61,126.34,-7.25,4.81
2026-03-05 11:07:00+00:00,-4.37,2.49,0.58,150.31,6.61,5.06
2026-03-05 11:08:00+00:00,-4.42,2.51,0.49,150.45,5.52,5.10
2026-03-05 11:09:00+00:00,-4.59,2.02,-0.02,156.19,-0.19,5.02
2026-03-05 11:10:00+00:00,-4.72,1.82,-0.74,158.95,-8.34,5.11
2026-03-05 11:11:00+00:00,-4.79,1.63,-0.83,161.26,-9.30,5.13
2026-03-05 11:12:00+00:00,-4.86,1.11,-1.23,167.15,-13.83,5.14
2026-03-05 11:13:00+00:00,-5.09,1.12,-0.23,167.62,-2.57,5.21
2026-03-05 11:14:00+00:00,-5.15,0.85,0.26,170.63,2.81,5.22
2026-03-05 11:15:00+00:00,-5.10,1.02,0.53,168.70,5.86,5.23
2026-03-05 11:16:00+00:00,-4.76,1.73,0.96,160.03,10.76,5.16
2026-03-05 11:17:00+00:00,-4.78,1.87,0.82,158.63,9.07,5.20
2026-03-05 11:18:00+00:00,-4.80,1.45,0.30,163.22,3.40,5.02
2026-03-05 11:19:00+00:00,-4.79,-0.83,2.06,189.81,22.93,5.27
2026-03-05 11:20:00+00:00,-4.90,-0.81,1.73,189.37,19.26,5.26
2026-03-05 11:21:00+00:00,-4.93,-1.03,1.36,191.75,15.11,5.22
2026-03-05 11:22:00+00:00,-4.89,-1.31,1.37,194.97,15.09,5.24
2026-03-05 11:23:00+00:00,-4.78,-1.04,1.83,192.25,20.48,5.22
2026-03-05 11:24:00+00:00,-4.86,0.07,0.26,179.16,3.11,4.87
2026-03-05 11:25:00+00:00,-4.85,1.83,-0.31,159.29,-3.43,5.20
2026-03-05 11:26:00+00:00,-5.02,0.95,-1.16,169.32,-12.76,5.24
2026-03-05 11:27:00+00:00,-4.56,1.32,-1.92,163.81,-22.04,5.12
2026-03-05 11:28:00+00:00,-4.55,1.04,-1.97,167.17,-22.89,5.07
2026-03-05 11:29:00+00:00,-4.84,0.58,-1.66,173.17,-18.77,5.15
2026-03-05 11:30:00+00:00,-4.76,-0.75,-2.63,188.92,-28.62,5.48
2026-03-05 11:31:00+00:00,-4.60,0.35,-1.88,175.70,-22.17,4.98
2026-03-05 11:32:00+00:00,-4.95,-0.42,-1.44,184.85,-16.19,5.17
2026-03-05 11:33:00+00:00,-5.03,-0.08,-1.20,180.94,-13.40,5.17
2026-03-05 11:34:00+00:00,-4.04,1.26,-2.29,162.65,-28.41,4.81
2026-03-05 11:35:00+00:00,-2.92,2.54,-2.97,138.97,-37.46,4.88
2026-03-05 11:36:00+00:00,-2.47,2.62,-3.12,133.27,-40.85,4.76
2026-03-05 11:37:00+00:00,-2.44,2.91,-2.92,130.01,-37.56,4.79
2026-03-05 11:38:00+00:00,-2.78,2.71,-2.97,135.80,-37.39,4.88
2026-03-05 11:39:00+00:00,-2.95,2.68,-2.92,137.73,-36.22,4.94
2026-03-05 11:40:00+00:00,-3.14,2.31,-3.09,143.65,-38.40,4.98
2026-03-05 11:41:00+00:00,-3.11,2.33,-3.04,143.19,-38.06,4.94
2026-03-05 11:42:00+00:00,-2.68,2.20,-3.24,140.63,-43.00,4.75
2026-03-05 11:43:00+00:00,-3.30,2.00,-3.05,148.83,-38.31,4.92
2026-03-05 11:44:00+00:00,-2.88,2.00,-3.21,145.22,-42.45,4.76
2026-03-05 11:45:00+00:00,-3.12,1.59,-3.28,152.94,-43.14,4.80
2026-03-05 11:46:00+00:00,-3.32,1.50,-3.12,155.71,-40.57,4.80
2026-03-05 11:47:00+00:00,-3.92,1.60,-2.61,157.75,-31.59,4.97
2026-03-05 11:48:00+00:00,-4.26,2.10,-1.96,153.77,-22.41,5.14
2026-03-05 11:49:00+00:00,-4.02,1.84,-2.12,155.43,-25.70,4.90
2026-03-05 11:50:00+00:00,-4.82,1.91,-0.84,158.38,-9.19,5.25
2026-03-05 11:51:00+00:00,-4.64,2.01,-0.73,156.54,-8.24,5.11
2026-03-05 11:52:00+00:00,-4.58,2.32,-0.68,153.16,-7.50,5.18
2026-03-05 11:53:00+00:00,-4.21,2.76,-0.79,146.76,-8.89,5.10
2026-03-05 11:54:00+00:00,-3.88,3.07,-0.79,141.63,-9.11,5.01
2026-03-05 11:55:00+00:00,-4.27,2.46,-1.28,150.04,-14.59,5.09
2026-03-05 11:56:00+00:00,-3.70,3.16,-1.29,139.50,-14.88,5.03
2026-03-05 11:57:00+00:00,-3.80,3.07,-1.25,141.05,-14.29,5.05
2026-03-05 11:58:00+00:00,-3.97,2.71,-1.63,145.67,-18.79,5.07
2026-03-05 11:59:00+00:00,-3.61,2.83,-1.97,141.84,-23.30,4.99
2026-03-05 12:00:00+00:00,-4.21,2.18,-1.88,152.67,-21.65,5.10
2026-03-05 12:01:00+00:00,-3.69,2.71,-1.92,143.72,-22.73,4.96
2026-03-05 12:02:00+00:00,-3.49,2.94,-2.00,139.89,-23.65,4.98
2026-03-05 12:03:00+00:00,-3.31,2.57,-2.58,142.20,-31.57,4.92
2026-03-05 12:04:00+00:00,-4.05,2.43,-1.76,149.06,-20.43,5.04
2026-03-05 12:05:00+00:00,-3.31,2.57,-2.46,142.19,-30.36,4.86
2026-03-05 12:06:00+00:00,-2.98,2.02,-3.17,145.92,-41.37,4.80
2026-03-05 12:07:00+00:00,-3.15,2.00,-3.08,147.64,-39.53,4.83
2026-03-05 12:08:00+00:00,-2.94,2.18,-3.12,143.39,-40.46,4.81
2026-03-05 12:09:00+00:00,-2.90,1.70,-3.42,149.54,-45.52,4.79
2026-03-05 12:10:00+00:00,-2.50,1.13,-3.81,155.74,-54.25,4.70
2026-03-05 12:11:00+00:00,-4.27,2.22,-0.25,152.55,-2.92,4.82
2026-03-05 12:12:00+00:00,-4.54,2.65,0.61,149.74,6.64,5.29
2026-03-05 12:13:00+00:00,-3.99,3.00,-0.82,143.09,-9.30,5.06
2026-03-05 12:14:00+00:00,-4.29,2.87,-0.47,146.18,-5.16,5.18
2026-03-05 12:15:00+00:00,-4.17,2.96,-0.66,144.59,-7.32,5.16
2026-03-05 12:16:00+00:00,-4.06,3.18,-0.30,141.96,-3.36,5.16
2026-03-05 12:17:00+00:00,-4.15,3.05,-0.47,143.67,-5.25,5.18
2026-03-05 12:18:00+00:00,-4.30,2.75,-0.41,147.35,-4.58,5.12
2026-03-05 12:19:00+00:00,-4.09,3.15,0.72,142.41,7.90,5.21
2026-03-05 12:20:00+00:00,-4.10,3.08,0.00,143.09,-0.02,5.13
2026-03-05 12:21:00+00:00,-4.11,3.16,0.15,142.42,1.63,5.19
2026-03-05 12:22:00+00:00,-3.77,3.34,1.17,138.43,13.07,5.17
2026-03-05 12:23:00+00:00,-4.02,3.17,-0.46,141.73,-5.17,5.14
2026-03-05 12:24:00+00:00,-3.69,3.42,0.85,137.18,9.63,5.10
2026-03-05 12:25:00+00:00,-3.52,3.51,1.07,135.07,12.15,5.08
2026-03-05 12:26:00+00:00,-4.26,2.83,0.14,146.37,1.62,5.12
2026-03-05 12:27:00+00:00,-3.87,3.20,-0.18,140.47,-2.04,5.03
2026-03-05 12:28:00+00:00,-3.78,3.03,-1.01,141.31,-11.80,4.94
2026-03-05 12:29:00+00:00,-3.74,3.19,-0.41,139.53,-4.80,4.93
2026-03-05 12:30:00+00:00,-2.90,3.61,1.10,128.71,13.37,4.76
2026-03-05 12:31:00+00:00,-3.00,3.72,1.11,128.85,13.14,4.90
2026-03-05 12:32:00+00:00,-3.15,3.61,0.76,131.16,9.05,4.85
2026-03-05 12:33:00+00:00,-3.53,3.24,0.17,137.50,2.07,4.79
2026-03-05 12:34:00+00:00,-3.48,3.38,0.41,135.83,4.80,4.86
2026-03-05 12:35:00+00:00,-3.40,3.44,0.45,134.62,5.34,4.86
2026-03-05 12:36:00+00:00,-3.31,3.45,0.82,133.85,9.69,4.85
2026-03-05 12:37:00+00:00,-3.43,3.40,0.37,135.23,4.39,4.84
2026-03-05 12:38:00+00:00,-3.58,3.33,-0.06,137.07,-0.74,4.89
2026-03-05 12:39:00+00:00,-3.21,3.57,0.41,131.91,4.94,4.82
2026-03-05 12:40:00+00:00,-3.14,3.61,0.07,131.01,0.89,4.78
2026-03-05 12:41:00+00:00,-3.24,3.59,0.16,132.02,1.88,4.84
2026-03-05 12:42:00+00:00,-3.32,3.53,0.22,133.29,2.54,4.85
2026-03-05 12:43:00+00:00,-3.43,3.43,-0.17,135.01,-2.03,4.85
2026-03-05 12:44:00+00:00,-3.53,3.31,-0.25,136.80,-2.94,4.84
2026-03-05 12:45:00+00:00,-3.37,3.49,0.12,133.98,1.42,4.85
2026-03-05 12:46:00+00:00,-3.10,3.64,0.48,130.43,5.75,4.80
2026-03-05 12:47:00+00:00,-3.19,3.58,0.60,131.75,7.14,4.83
2026-03-05 12:48:00+00:00,-3.16,3.55,0.31,131.69,3.79,4.76
2026-03-05 12:49:00+00:00,-3.28,3.44,0.17,133.62,2.09,4.76
2026-03-05 12:50:00+00:00,-3.18,3.58,0.27,131.62,3.28,4.80
2026-03-05 12:51:00+00:00,-3.25,3.51,0.42,132.85,5.06,4.80
2026-03-05 12:52:00+00:00,-3.26,3.50,0.02,132.97,0.22,4.78
2026-03-05 12:53:00+00:00,-3.01,3.68,-0.17,129.35,-2.04,4.76
2026-03-05 12:54:00+00:00,-3.49,3.31,0.17,136.48,2.00,4.81
2026-03-05 12:55:00+00:00,-3.56,3.34,0.14,136.82,1.65,4.88
2026-03-05 12:56:00+00:00,-3.55,3.28,0.18,137.26,2.10,4.84
2026-03-05 12:57:00+00:00,-3.41,3.38,-0.12,135.20,-1.39,4.80
2026-03-05 12:58:00+00:00,-3.24,3.54,0.13,132.49,1.54,4.80
2026-03-05 12:59:00+00:00,-3.16,3.59,-0.21,131.36,-2.52,4.78
2026-03-05 13:00:00+00:00,-3.14,3.64,-0.57,130.79,-6.79,4.84
2026-03-05 13:01:00+00:00,-3.18,3.55,-0.66,131.87,-7.84,4.82
2026-03-05 13:02:00+00:00,-3.38,3.26,-0.99,136.04,-11.87,4.80
2026-03-05 13:03:00+00:00,-3.27,3.07,-1.49,136.74,-18.39,4.73
2026-03-05 13:04:00+00:00,-4.02,2.92,-0.09,143.99,-1.01,4.97
2026-03-05 13:05:00+00:00,-3.26,3.52,-0.94,132.82,-11.08,4.88
2026-03-05 13:06:00+00:00,-3.33,3.51,-0.34,133.44,-3.99,4.85
2026-03-05 13:07:00+00:00,-3.26,3.47,-0.46,133.18,-5.56,4.78
2026-03-05 13:08:00+00:00,-3.35,3.53,-0.19,133.44,-2.29,4.87
2026-03-05 13:09:00+00:00,-3.74,3.40,-0.16,137.73,-1.79,5.06
2026-03-05 13:10:00+00:00,-3.75,3.26,-0.74,139.00,-8.50,5.03
2026-03-05 13:11:00+00:00,-3.30,3.42,-1.07,134.03,-12.65,4.87
2026-03-05 13:12:00+00:00,-3.43,3.22,-1.40,136.76,-16.59,4.91
2026-03-05 13:13:00+00:00,-3.26,3.36,-1.23,134.13,-14.75,4.85
2026-03-05 13:14:00+00:00,-3.82,3.19,0.26,140.09,2.99,4.98
2026-03-05 13:15:00+00:00,-3.73,3.28,0.25,138.61,2.85,4.97
2026-03-05 13:16:00+00:00,-3.85,3.25,0.10,139.83,1.11,5.04
2026-03-05 13:17:00+00:00,-3.85,3.19,0.05,140.36,0.52,5.00
2026-03-05 13:18:00+00:00,-3.66,3.14,-1.03,139.40,-12.05,4.93
2026-03-05 13:19:00+00:00,-3.67,3.14,-1.18,139.46,-13.67,4.98
2026-03-05 13:20:00+00:00,-3.74,3.13,-0.70,140.06,-8.14,4.93
2026-03-05 13:21:00+00:00,-3.62,3.34,-0.53,137.28,-6.13,4.95
2026-03-05 13:22:00+00:00,-3.76,3.00,-1.12,141.41,-13.13,4.94
2026-03-05 13:23:00+00:00,-3.61,2.91,-1.38,141.19,-16.61,4.84
2026-03-05 13:24:00+00:00,-3.70,3.05,-1.10,140.48,-12.95,4.92
2026-03-05 13:25:00+00:00,-3.76,3.02,-1.06,141.23,-12.40,4.94
2026-03-05 13:26:00+00:00,-3.68,2.95,-1.26,141.28,-14.94,4.88
2026-03-05 13:27:00+00:00,-3.71,3.02,-1.07,140.88,-12.63,4.91
2026-03-05 13:28:00+00:00,-3.65,3.26,-0.47,138.23,-5.52,4.91
2026-03-05 13:29:00+00:00,-3.47,3.39,-0.51,135.66,-6.05,4.87
2026-03-05 13:30:00+00:00,-3.40,3.38,-0.60,135.23,-7.12,4.83
2026-03-05 13:31:00+00:00,-3.48,3.23,-0.72,137.12,-8.64,4.81
2026-03-05 13:32:00+00:00,-3.14,3.69,0.35,130.39,4.16,4.85
2026-03-05 13:33:00+00:00,-3.03,3.68,0.79,129.49,9.35,4.84
2026-03-05 13:34:00+00:00,-3.36,3.55,1.05,133.46,12.08,5.00
2026-03-05 13:35:00+00:00,-3.49,3.47,0.85,135.23,9.76,4.99
2026-03-05 13:36:00+00:00,-3.07,3.25,2.41,133.34,28.29,5.08
2026-03-05 13:37:00+00:00,-3.12,3.35,2.30,132.93,26.72,5.12
2026-03-05 13:38:00+00:00,-3.85,3.35,0.81,138.93,8.98,5.17
2026-03-05 13:39:00+00:00,-3.96,3.13,1.22,141.67,13.57,5.20
2026-03-05 13:40:00+00:00,-3.78,2.43,2.69,147.28,30.89,5.24
2026-03-05 13:41:00+00:00,-3.07,2.42,3.30,141.71,40.15,5.12
2026-03-05 13:42:00+00:00,-3.31,2.65,2.96,141.33,34.91,5.17
2026-03-05 13:43:00+00:00,-3.55,2.68,2.68,142.97,31.06,5.20
2026-03-05 13:44:00+00:00,-3.30,2.45,3.15,143.34,37.48,5.18
2026-03-05 13:45:00+00:00,-2.98,2.46,3.40,140.52,41.35,5.15
2026-03-05 13:46:00+00:00,-2.18,2.99,3.37,126.12,42.28,5.01
2026-03-05 13:47:00+00:00,-1.79,2.79,3.53,122.66,46.78,4.84
2026-03-05 13:48:00+00:00,-1.80,2.50,3.97,125.71,52.20,5.02
2026-03-05 13:49:00+00:00,-1.86,3.11,3.58,120.86,44.68,5.09
2026-03-05 13:50:00+00:00,-2.27,3.28,3.23,124.75,38.98,5.13
2026-03-05 13:51:00+00:00,-2.00,3.14,3.46,122.46,42.95,5.08
2026-03-05 13:52:00+00:00,-2.17,3.17,3.31,124.39,40.76,5.07
2026-03-05 13:53:00+00:00,-2.50,3.58,2.67,124.91,31.50,5.12
2026-03-05 13:54:00+00:00,-2.60,3.41,2.79,127.36,33.06,5.12
2026-03-05 13:55:00+00:00,-3.48,3.26,2.02,136.85,22.97,5.18
2026-03-05 13:56:00+00:00,-4.18,2.78,1.62,146.35,17.90,5.27
2026-03-05 13:57:00+00:00,-3.36,3.10,2.21,137.26,25.79,5.08
2026-03-05 13:58:00+00:00,-2.33,3.50,2.68,123.65,32.53,4.99
2026-03-05 13:59:00+00:00,-1.52,3.77,2.84,111.91,34.94,4.96
2026-03-05 14:00:00+00:00,-2.67,3.57,2.48,126.82,29.06,5.10
2026-03-05 14:01:00+00:00,-2.41,3.59,2.58,123.84,30.78,5.04
2026-03-05 14:02:00+00:00,-2.32,3.65,2.57,122.37,30.69,5.03
2026-03-05 14:03:00+00:00,-2.70,3.31,2.74,129.18,32.65,5.08
2026-03-05 14:04:00+00:00,-3.02,3.01,2.87,135.06,33.98,5.14
2026-03-05 14:05:00+00:00,-3.08,2.97,2.89,136.05,34.08,5.16
2026-03-05 14:06:00+00:00,-2.79,3.28,2.69,130.39,32.04,5.07
2026-03-05 14:07:00+00:00,-3.24,2.87,2.85,138.48,33.33,5.18
2026-03-05 14:08:00+00:00,-3.00,2.90,2.98,135.98,35.52,5.12
2026-03-05 14:09:00+00:00,-1.47,3.98,2.51,110.30,30.64,4.93
2026-03-05 14:10:00+00:00,-2.40,3.55,2.73,124.08,32.47,5.08
2026-03-05 14:11:00+00:00,-2.73,3.42,2.65,128.60,31.20,5.11
2026-03-05 14:12:00+00:00,-2.15,3.55,2.77,121.21,33.65,4.99
2026-03-05 14:13:00+00:00,-1.60,3.66,2.93,113.60,36.30,4.95
2026-03-05 14:14:00+00:00,-1.89,3.84,2.63,116.21,31.57,5.02
2026-03-05 14:15:00+00:00,-2.33,3.71,2.55,122.10,30.25,5.07
2026-03-05 14:16:00+00:00,-2.34,3.65,2.64,122.67,31.36,5.08
2026-03-05 14:17:00+00:00,-2.39,3.57,2.73,123.80,32.45,5.10
2026-03-05 14:18:00+00:00,-2.40,3.55,2.72,123.99,32.38,5.07
2026-03-05 14:19:00+00:00,-2.69,3.71,2.40,125.91,27.63,5.18
2026-03-05 14:20:00+00:00,-2.55,3.75,2.38,124.20,27.66,5.12
2026-03-05 14:21:00+00:00,-2.65,3.73,2.23,125.42,25.99,5.09
2026-03-05 14:22:00+00:00,-2.72,3.71,2.18,126.31,25.33,5.09
2026-03-05 14:23:00+00:00,-2.70,3.63,2.25,126.71,26.48,5.06
2026-03-05 14:24:00+00:00,-2.76,3.66,2.21,127.10,25.75,5.09
2026-03-05 14:25:00+00:00,-2.71,3.70,2.24,126.24,26.03,5.10
2026-03-05 14:26:00+00:00,-2.41,3.89,2.05,121.73,24.16,5.02
2026-03-05 14:27:00+00:00,-2.48,3.85,2.08,122.73,24.43,5.03
2026-03-05 14:28:00+00:00,-2.50,4.00,1.72,121.96,20.07,5.02
2026-03-05 14:29:00+00:00,-2.55,4.04,1.54,122.25,17.86,5.02
2026-03-05 14:30:00+00:00,-2.25,4.33,0.76,117.47,8.79,4.94
2026-03-05 14:31:00+00:00,-2.19,4.34,0.84,116.75,9.77,4.93
2026-03-05 14:32:00+00:00,-2.36,4.21,1.18,119.25,13.70,4.97
2026-03-05 14:33:00+00:00,-2.73,4.11,1.07,123.57,12.28,5.05
2026-03-05 14:34:00+00:00,-2.95,4.00,0.90,126.41,10.30,5.05
2026-03-05 14:35:00+00:00,-2.53,4.18,0.87,121.15,10.05,4.97
2026-03-05 14:36:00+00:00,-1.65,4.57,0.49,109.91,5.76,4.88
2026-03-05 14:37:00+00:00,-1.95,4.49,0.50,113.43,5.79,4.92
2026-03-05 14:38:00+00:00,-2.21,4.37,0.66,116.81,7.68,4.94
2026-03-05 14:39:00+00:00,-2.22,4.41,0.67,116.73,7.73,4.98
2026-03-05 14:40:00+00:00,-2.33,4.35,0.80,118.16,9.24,5.00
2026-03-05 14:41:00+00:00,-2.25,4.40,0.71,117.16,8.17,4.99
2026-03-05 14:42:00+00:00,-2.27,4.39,0.74,117.33,8.50,5.00
2026-03-05 14:43:00+00:00,-2.22,4.04,1.97,118.73,23.18,5.02
2026-03-05 14:44:00+00:00,-2.18,4.18,1.70,117.54,19.79,5.01
2026-03-05 14:45:00+00:00,-2.00,4.26,1.66,115.16,19.42,4.99
2026-03-05 14:46:00+00:00,-2.11,4.21,1.78,116.67,20.76,5.03
2026-03-05 14:47:00+00:00,-2.48,4.08,1.55,121.22,17.95,5.02
2026-03-05 14:48:00+00:00,-2.63,3.88,1.71,124.10,20.02,4.99
2026-03-05 14:49:00+00:00,-2.22,4.33,0.89,117.12,10.33,4.94
2026-03-05 14:50:00+00:00,-2.21,4.32,0.77,117.09,9.04,4.91
2026-03-05 14:51:00+00:00,-1.82,4.45,0.98,112.21,11.51,4.91
2026-03-05 14:52:00+00:00,-1.77,4.41,1.23,111.86,14.57,4.91
2026-03-05 14:53:00+00:00,-1.94,4.39,1.11,113.85,13.02,4.92
2026-03-05 14:54:00+00:00,-2.41,4.24,1.04,119.65,12.00,4.99
2026-03-05 14:55:00+00:00,-2.86,4.05,0.93,125.21,10.61,5.04
2026-03-05 14:56:00+00:00,-2.88,4.03,1.00,125.54,11.42,5.05
2026-03-05 14:57:00+00:00,-2.93,3.96,1.15,126.52,13.17,5.06
2026-03-05 14:58:00+00:00,-2.61,3.94,1.69,123.54,19.73,5.02
2026-03-05 14:59:00+00:00,-2.87,3.92,1.65,126.19,18.74,5.14
2026-03-05 15:00:00+00:00,-3.04,3.75,1.76,129.06,20.07,5.13
2026-03-05 15:01:00+00:00,-3.19,3.63,1.83,131.35,20.75,5.17
2026-03-05 15:02:00+00:00,-3.03,3.59,2.04,130.14,23.52,5.12
2026-03-05 15:03:00+00:00,-2.96,3.46,2.34,130.54,27.24,5.12
2026-03-05 15:04:00+00:00,-3.05,3.50,2.12,131.12,24.51,5.10
2026-03-05 15:05:00+00:00,-3.08,3.61,2.09,130.49,23.75,5.18
2026-03-05 15:06:00+00:00,-2.74,3.81,1.95,125.69,22.56,5.08
2026-03-05 15:07:00+00:00,-3.01,3.66,1.80,129.38,20.81,5.07
2026-03-05 15:08:00+00:00,-3.57,2.72,2.44,142.66,28.48,5.11
2026-03-05 15:09:00+00:00,-3.25,2.96,2.48,137.68,29.39,5.05
2026-03-05 15:10:00+00:00,-3.41,2.84,2.43,140.26,28.73,5.06
2026-03-05 15:11:00+00:00,-3.41,2.93,2.34,139.30,27.48,5.07
2026-03-05 15:12:00+00:00,-3.45,2.77,2.43,141.28,28.81,5.05
2026-03-05 15:13:00+00:00,-3.69,2.75,2.28,143.29,26.31,5.13
2026-03-05 15:14:00+00:00,-3.72,2.67,2.17,144.29,25.35,5.07
2026-03-05 15:15:00+00:00,-3.81,2.76,2.00,144.02,23.00,5.11
2026-03-05 15:16:00+00:00,-3.78,2.72,2.10,144.22,24.25,5.11
2026-03-05 15:17:00+00:00,-3.59,3.05,1.78,139.61,20.71,5.04
2026-03-05 15:18:00+00:00,-3.61,3.06,1.82,139.69,21.09,5.07
2026-03-05 15:19:00+00:00,-3.82,3.10,1.53,140.94,17.26,5.15
2026-03-05 15:20:00+00:00,-3.71,2.90,1.95,142.02,22.49,5.09
2026-03-05 15:21:00+00:00,-4.18,2.52,1.88,148.91,21.05,5.23
2026-03-05 15:22:00+00:00,-3.90,2.76,1.84,144.67,21.08,5.12
2026-03-05 15:23:00+00:00,-3.58,2.88,2.16,141.12,25.23,5.08
2026-03-05 15:24:00+00:00,-3.78,2.86,1.84,142.91,21.19,5.08
2026-03-05 15:25:00+00:00,-3.78,2.77,1.90,143.76,22.05,5.06
2026-03-05 15:26:00+00:00,-3.79,2.93,1.63,142.25,18.73,5.06
2026-03-05 15:27:00+00:00,-3.76,2.82,1.85,143.15,21.51,5.05
2026-03-05 15:28:00+00:00,-3.84,2.77,1.70,144.27,19.74,5.03
2026-03-05 15:29:00+00:00,-3.71,2.94,1.87,141.64,21.52,5.09
2026-03-05 15:30:00+00:00,-3.71,2.85,1.98,142.47,22.91,5.08
2026-03-05 15:31:00+00:00,-3.49,3.05,1.98,138.84,23.11,5.04
2026-03-05 15:32:00+00:00,-3.74,2.28,2.50,148.62,29.68,5.04
2026-03-05 15:33:00+00:00,-3.88,1.96,2.54,153.14,30.29,5.03
2026-03-05 15:34:00+00:00,-4.01,1.62,2.65,157.97,31.53,5.07
2026-03-05 15:35:00+00:00,-4.21,1.03,2.81,166.19,32.96,5.16
2026-03-05 15:36:00+00:00,-4.37,1.19,2.52,164.70,29.09,5.18
2026-03-05 15:37:00+00:00,-4.32,1.06,2.57,166.16,30.06,5.14
2026-03-05 15:38:00+00:00,-4.41,1.00,2.53,167.21,29.23,5.19
2026-03-05 15:39:00+00:00,-4.49,0.78,2.45,170.18,28.28,5.17
2026-03-05 15:40:00+00:00,-4.37,0.84,2.65,169.11,30.77,5.18
2026-03-05 15:41:00+00:00,-4.29,0.86,2.65,168.67,31.26,5.12
2026-03-05 15:42:00+00:00,-4.36,0.32,2.73,175.86,32.03,5.15
2026-03-05 15:43:00+00:00,-4.48,0.89,2.45,168.72,28.14,5.19
2026-03-05 15:44:00+00:00,-4.35,1.43,2.24,161.80,26.10,5.10
2026-03-05 15:45:00+00:00,-4.01,2.40,1.87,149.08,21.87,5.03
2026-03-05 15:46:00+00:00,-4.26,2.34,1.60,151.27,18.20,5.12
2026-03-05 15:47:00+00:00,-4.01,2.54,1.96,147.69,22.41,5.14
2026-03-05 15:48:00+00:00,-4.02,2.39,2.01,149.30,23.29,5.09
2026-03-05 15:49:00+00:00,-3.97,1.40,2.88,160.59,34.34,5.10
2026-03-05 15:50:00+00:00,-4.19,1.43,2.70,161.19,31.35,5.18
2026-03-05 15:51:00+00:00,-4.26,1.48,2.61,160.88,30.11,5.21
2026-03-05 15:52:00+00:00,-4.42,1.75,2.20,158.36,24.90,5.24
2026-03-05 15:53:00+00:00,-4.46,1.82,2.05,157.82,23.05,5.23
2026-03-05 15:54:00+00:00,-4.60,1.49,2.21,162.09,24.60,5.32
2026-03-05 15:55:00+00:00,-4.70,1.41,1.98,163.23,21.98,5.29
2026-03-05 15:56:00+00:00,-4.77,1.45,1.97,163.07,21.53,5.36
2026-03-05 15:57:00+00:00,-4.58,1.62,2.15,160.51,23.89,5.31
2026-03-05 15:58:00+00:00,-4.57,1.20,2.48,165.28,27.73,5.33
2026-03-05 15:59:00+00:00,-4.75,-0.36,2.60,184.33,28.64,5.42
2026-03-05 16:00:00+00:00,-4.81,0.63,2.40,172.49,26.34,5.41
2026-03-05 16:01:00+00:00,-4.84,-0.27,2.12,183.14,23.62,5.29
2026-03-05 16:02:00+00:00,-4.82,-0.63,1.95,187.40,21.88,5.24
2026-03-05 16:03:00+00:00,-4.83,-0.85,2.05,190.00,22.64,5.31
2026-03-05 16:04:00+00:00,-4.95,-0.81,1.89,189.35,20.70,5.36
2026-03-05 16:05:00+00:00,-4.79,0.17,2.33,177.94,25.93,5.33
2026-03-05 16:06:00+00:00,-4.90,0.04,2.16,179.55,23.82,5.35
2026-03-05 16:07:00+00:00,-4.90,0.27,2.35,176.80,25.58,5.44
2026-03-05 16:08:00+00:00,-4.80,0.54,2.42,173.53,26.56,5.40
2026-03-05 16:09:00+00:00,-4.84,0.51,2.38,174.03,26.06,5.42
2026-03-05 16:10:00+00:00,-4.94,0.33,2.29,176.22,24.86,5.46
2026-03-05 16:11:00+00:00,-4.82,0.87,2.39,169.78,25.98,5.45
2026-03-05 16:12:00+00:00,-4.64,1.42,2.38,162.99,26.18,5.40
2026-03-05 16:13:00+00:00,-4.67,1.37,2.36,163.65,25.85,5.41
2026-03-05 16:14:00+00:00,-4.76,1.19,2.19,165.93,24.04,5.37
2026-03-05 16:15:00+00:00,-4.75,1.04,2.15,167.64,23.83,5.32
2026-03-05 16:16:00+00:00,-4.57,1.12,2.27,166.25,25.80,5.23
2026-03-05 16:17:00+00:00,-4.08,2.45,2.07,148.98,23.55,5.19
2026-03-05 16:18:00+00:00,-4.25,2.27,2.12,151.85,23.76,5.26
2026-03-05 16:19:00+00:00,-4.23,2.29,2.09,151.54,23.53,5.24
2026-03-05 16:20:00+00:00,-4.27,2.28,2.09,151.91,23.38,5.27
2026-03-05 16:21:00+00:00,-4.27,2.33,2.08,151.34,23.17,5.29
2026-03-05 16:22:00+00:00,-4.36,2.28,1.68,152.44,18.90,5.20
2026-03-05 16:23:00+00:00,-4.34,2.64,1.30,148.63,14.32,5.24
2026-03-05 16:24:00+00:00,-4.28,2.77,1.09,147.07,12.10,5.22
2026-03-05 16:25:00+00:00,-4.35,2.86,0.86,146.70,9.37,5.27
2026-03-05 16:26:00+00:00,-4.36,2.81,1.27,147.23,13.80,5.34
2026-03-05 16:27:00+00:00,-4.12,2.48,2.07,148.91,23.33,5.24
2026-03-05 16:28:00+00:00,-3.89,2.31,2.57,149.24,29.59,5.20
2026-03-05 16:29:00+00:00,-4.13,2.43,2.36,149.51,26.17,5.34
2026-03-05 16:30:00+00:00,-4.04,2.62,2.25,147.07,24.99,5.32
2026-03-05 16:31:00+00:00,-4.19,2.80,1.83,146.27,19.99,5.36
2026-03-05 16:32:00+00:00,-4.20,2.79,1.69,146.39,18.53,5.32
2026-03-05 16:33:00+00:00,-4.17,3.02,1.63,144.07,17.52,5.40
2026-03-05 16:34:00+00:00,-4.15,3.06,1.57,143.63,16.94,5.39
2026-03-05 16:35:00+00:00,-4.20,3.02,1.46,144.26,15.79,5.37
2026-03-05 16:36:00+00:00,-4.37,2.93,1.12,146.16,11.98,5.38
2026-03-05 16:37:00+00:00,-4.31,2.49,1.29,150.02,14.53,5.15
2026-03-05 16:38:00+00:00,-3.55,1.98,3.35,150.84,39.51,5.27
2026-03-05 16:39:00+00:00,-3.76,2.19,3.00,149.85,34.58,5.29
2026-03-05 16:40:00+00:00,-3.65,2.32,2.93,147.63,34.08,5.22
2026-03-05 16:41:00+00:00,-3.72,2.57,2.67,145.35,30.58,5.25
2026-03-05 16:42:00+00:00,-3.67,2.53,2.58,145.48,30.01,5.15
2026-03-05 16:43:00+00:00,-3.88,2.55,2.37,146.67,27.04,5.21
2026-03-05 16:44:00+00:00,-3.99,2.61,2.23,146.85,25.10,5.26
2026-03-05 16:45:00+00:00,-4.05,2.59,2.13,147.39,23.83,5.26
2026-03-05 16:46:00+00:00,-4.05,2.57,2.20,147.58,24.61,5.27
2026-03-05 16:47:00+00:00,-4.06,2.52,2.15,148.17,24.17,5.24
2026-03-05 16:48:00+00:00,-4.01,2.57,2.14,147.31,24.21,5.22
2026-03-05 16:49:00+00:00,-4.01,2.68,2.01,146.31,22.59,5.22
2026-03-05 16:50:00+00:00,-4.01,2.77,1.79,145.36,20.24,5.19
2026-03-05 16:51:00+00:00,-4.31,2.34,2.09,151.50,23.13,5.33
2026-03-05 16:52:00+00:00,-4.54,2.05,2.22,155.69,23.96,5.46
2026-03-05 16:53:00+00:00,-4.45,2.08,2.29,154.93,24.96,5.42
2026-03-05 16:54:00+00:00,-4.53,2.25,1.89,153.62,20.53,5.40
2026-03-05 16:55:00+00:00,-4.15,1.89,2.72,155.53,30.83,5.31
2026-03-05 16:56:00+00:00,-4.14,1.83,2.72,156.11,31.05,5.28
2026-03-05 16:57:00+00:00,-4.19,1.97,2.66,154.82,29.92,5.34
2026-03-05 16:58:00+00:00,-4.23,1.95,2.60,155.24,29.18,5.33
2026-03-05 16:59:00+00:00,-4.29,1.96,2.55,155.45,28.45,5.36
2026-03-05 17:00:00+00:00,-4.63,1.75,2.26,159.28,24.54,5.44
2026-03-05 17:01:00+00:00,-4.25,2.05,2.52,154.27,28.09,5.35
2026-03-05 17:02:00+00:00,-4.21,2.15,2.53,152.94,28.14,5.36
2026-03-05 17:03:00+00:00,-4.20,2.23,2.51,152.03,27.85,5.38
2026-03-05 17:04:00+00:00,-4.54,2.16,2.08,154.60,22.49,5.44
2026-03-05 17:05:00+00:00,-4.55,2.33,1.82,152.83,19.58,5.42
2026-03-05 17:06:00+00:00,-4.69,2.16,1.63,155.34,17.50,5.42
2026-03-05 17:07:00+00:00,-4.63,2.21,1.65,154.45,17.87,5.39
2026-03-05 17:08:00+00:00,-4.86,2.07,1.55,156.91,16.33,5.50
2026-03-05 17:09:00+00:00,-4.91,2.02,1.40,157.65,14.80,5.49
2026-03-05 17:10:00+00:00,-4.82,2.19,1.35,155.60,14.26,5.46
2026-03-05 17:11:00+00:00,-4.95,2.09,1.03,157.10,10.91,5.47
2026-03-05 17:12:00+00:00,-4.93,2.00,1.09,157.89,11.56,5.43
2026-03-05 17:13:00+00:00,-4.99,1.97,1.03,158.41,10.84,5.46
2026-03-05 17:14:00+00:00,-4.99,1.94,1.05,158.78,11.07,5.45
2026-03-05 17:15:00+00:00,-5.02,1.81,0.89,160.19,9.50,5.41
2026-03-05 17:16:00+00:00,-4.82,1.92,1.45,158.24,15.64,5.39
2026-03-05 17:17:00+00:00,-4.83,1.89,1.61,158.60,17.29,5.43
2026-03-05 17:18:00+00:00,-4.86,1.92,1.67,158.47,17.77,5.49
2026-03-05 17:19:00+00:00,-4.91,1.81,1.78,159.77,18.79,5.53
2026-03-05 17:20:00+00:00,-4.76,1.69,2.14,160.41,22.90,5.49
2026-03-05 17:21:00+00:00,-4.90,2.13,1.16,156.51,12.30,5.46
2026-03-05 17:22:00+00:00,-5.17,1.79,1.03,160.95,10.66,5.57
2026-03-05 17:23:00+00:00,-5.22,1.67,1.09,162.25,11.21,5.59
2026-03-05 17:24:00+00:00,-5.18,1.85,1.06,160.34,10.95,5.60
2026-03-05 17:25:00+00:00,-5.04,2.14,0.98,156.95,10.18,5.56
2026-03-05 17:26:00+00:00,-5.09,1.49,1.48,163.70,15.58,5.51
2026-03-05 17:27:00+00:00,-4.95,1.84,0.97,159.63,10.39,5.37
2026-03-05 17:28:00+00:00,-4.37,2.99,-0.66,145.63,-7.10,5.33
2026-03-05 17:29:00+00:00,-4.60,2.75,-0.69,149.13,-7.28,5.41
2026-03-05 17:30:00+00:00,-4.63,2.62,-0.58,150.50,-6.25,5.35
2026-03-05 17:31:00+00:00,-4.75,2.36,-0.63,153.57,-6.78,5.34
2026-03-05 17:32:00+00:00,-4.84,2.30,-0.40,154.61,-4.25,5.37
2026-03-05 17:33:00+00:00,-4.81,2.39,-0.36,153.60,-3.81,5.38
2026-03-05 17:34:00+00:00,-4.83,2.37,-0.54,153.89,-5.75,5.41
2026-03-05 17:35:00+00:00,-4.75,2.48,-0.35,152.36,-3.70,5.37
2026-03-05 17:36:00+00:00,-4.77,2.42,-0.41,153.14,-4.35,5.36
2026-03-05 17:37:00+00:00,-4.88,2.37,-0.56,154.06,-5.92,5.46
2026-03-05 17:38:00+00:00,-4.87,2.31,-0.62,154.60,-6.52,5.42
2026-03-05 17:39:00+00:00,-4.84,2.23,-0.94,155.26,-10.04,5.41
2026-03-05 17:40:00+00:00,-4.62,2.26,-1.04,153.97,-11.48,5.24
2026-03-05 17:41:00+00:00,-4.64,2.31,-0.99,153.60,-10.79,5.28
2026-03-05 17:42:00+00:00,-4.38,2.90,-0.89,146.46,-9.58,5.33
2026-03-05 17:43:00+00:00,-4.22,3.11,-0.70,143.56,-7.66,5.29
2026-03-05 17:44:00+00:00,-4.31,3.06,-0.74,144.63,-7.96,5.33
2026-03-05 17:45:00+00:00,-4.24,3.08,-0.68,144.06,-7.43,5.28
2026-03-05 17:46:00+00:00,-4.28,3.05,-0.58,144.46,-6.26,5.29
2026-03-05 17:47:00+00:00,-4.36,2.84,-0.58,146.92,-6.31,5.24
2026-03-05 17:48:00+00:00,-4.31,2.86,-0.65,146.42,-7.19,5.22
2026-03-05 17:49:00+00:00,-4.32,2.92,-0.57,145.92,-6.27,5.25
2026-03-05 17:50:00+00:00,-4.20,3.00,-0.58,144.48,-6.43,5.19
2026-03-05 17:51:00+00:00,-4.18,3.00,-0.60,144.38,-6.70,5.18
2026-03-05 17:52:00+00:00,-4.12,3.00,-0.60,143.92,-6.75,5.13
2026-03-05 17:53:00+00:00,-4.13,3.06,-0.70,143.49,-7.73,5.19
2026-03-05 17:54:00+00:00,-4.06,3.12,-0.63,142.49,-7.05,5.16
2026-03-05 17:55:00+00:00,-4.03,3.13,-0.67,142.18,-7.46,5.15
2026-03-05 17:56:00+00:00,-4.16,3.04,-0.82,143.86,-9.01,5.21
2026-03-05 17:57:00+00:00,-4.14,3.04,-0.88,143.70,-9.67,5.21
2026-03-05 17:58:00+00:00,-4.28,3.03,-0.68,144.68,-7.35,5.29
2026-03-05 17:59:00+00:00,-4.19,2.98,-0.66,144.57,-7.33,5.19
2026-03-05 18:00:00+00:00,-4.69,2.23,-0.77,154.52,-8.40,5.25
2026-03-05 18:01:00+00:00,-4.37,2.65,-0.95,148.75,-10.50,5.20
2026-03-05 18:02:00+00:00,-4.36,2.94,-0.39,146.01,-4.20,5.28
2026-03-05 18:03:00+00:00,-4.40,2.70,-0.61,148.46,-6.71,5.20
2026-03-05 18:04:00+00:00,-4.45,2.63,-0.80,149.35,-8.77,5.23
2026-03-05 18:05:00+00:00,-4.46,2.56,-0.67,150.12,-7.41,5.18
2026-03-05 18:06:00+00:00,-4.36,2.69,-0.63,148.33,-7.04,5.16
2026-03-05 18:07:00+00:00,-4.47,2.50,-0.56,150.79,-6.19,5.15
2026-03-05 18:08:00+00:00,-4.54,2.03,-0.89,155.90,-10.18,5.05
2026-03-05 18:09:00+00:00,-4.69,1.62,-1.23,160.92,-13.93,5.11
2026-03-05 18:10:00+00:00,-4.77,1.43,-1.33,163.27,-15.00,5.15
2026-03-05 18:11:00+00:00,-4.46,2.67,-0.15,149.10,-1.64,5.20
2026-03-05 18:12:00+00:00,-4.37,2.96,0.08,145.88,0.85,5.28
2026-03-05 18:13:00+00:00,-4.21,3.16,0.20,143.14,2.13,5.27
2026-03-05 18:14:00+00:00,-4.26,3.07,-0.06,144.19,-0.66,5.25
2026-03-05 18:15:00+00:00,-4.00,3.24,-0.29,141.04,-3.21,5.15
2026-03-05 18:16:00+00:00,-4.15,3.11,-0.28,143.11,-3.09,5.19
2026-03-05 18:17:00+00:00,-4.36,2.89,-0.34,146.51,-3.67,5.24
2026-03-05 18:18:00+00:00,-4.43,2.83,-0.18,147.48,-2.01,5.26
2026-03-05 18:19:00+00:00,-4.37,2.86,-0.12,146.75,-1.34,5.23
2026-03-05 18:20:00+00:00,-4.27,3.02,-0.21,144.67,-2.30,5.23
2026-03-05 18:21:00+00:00,-4.30,3.05,-0.12,144.61,-1.29,5.27
2026-03-05 18:22:00+00:00,-4.34,2.98,-0.07,145.49,-0.75,5.26
2026-03-05 18:23:00+00:00,-4.30,3.01,0.10,145.04,1.04,5.25
2026-03-05 18:24:00+00:00,-4.29,3.00,0.28,144.97,3.10,5.24
2026-03-05 18:25:00+00:00,-4.44,2.94,0.24,146.47,2.60,5.34
2026-03-05 18:26:00+00:00,-4.40,2.95,0.17,146.13,1.88,5.30
2026-03-05 18:27:00+00:00,-4.35,2.90,0.05,146.30,0.56,5.23
2026-03-05 18:28:00+00:00,-4.44,2.86,-0.01,147.15,-0.16,5.28
2026-03-05 18:29:00+00:00,-4.38,2.92,0.13,146.37,1.47,5.27
2026-03-05 18:30:00+00:00,-4.24,3.08,0.08,143.96,0.86,5.24
2026-03-05 18:31:00+00:00,-4.14,3.11,0.25,143.07,2.72,5.18
2026-03-05 18:32:00+00:00,-4.19,3.10,0.23,143.52,2.55,5.22
2026-03-05 18:33:00+00:00,-4.17,3.12,0.23,143.19,2.51,5.21
2026-03-05 18:34:00+00:00,-4.26,3.05,0.01,144.45,0.14,5.24
2026-03-05 18:35:00+00:00,-4.22,3.04,-0.04,144.21,-0.49,5.20
2026-03-05 18:36:00+00:00,-4.21,3.05,0.12,144.03,1.29,5.20
2026-03-05 18:37:00+00:00,-4.28,2.90,-0.24,145.92,-2.63,5.17
2026-03-05 18:38:00+00:00,-4.35,3.02,0.03,145.18,0.30,5.30
2026-03-05 18:39:00+00:00,-4.15,3.19,0.22,142.45,2.39,5.24
2026-03-05 18:40:00+00:00,-4.04,3.27,0.12,141.01,1.33,5.20
2026-03-05 18:41:00+00:00,-3.98,3.26,0.04,140.68,0.43,5.15
2026-03-05 18:42:00+00:00,-4.16,3.12,0.15,143.18,1.60,5.20
2026-03-05 18:43:00+00:00,-4.18,2.95,0.49,144.81,5.51,5.14
2026-03-05 18:44:00+00:00,-4.16,2.96,0.62,144.57,6.96,5.14
2026-03-05 18:45:00+00:00,-4.20,2.84,0.86,145.91,9.57,5.15
2026-03-05 18:46:00+00:00,-4.21,2.90,1.02,145.44,11.26,5.21
2026-03-05 18:47:00+00:00,-4.16,2.91,0.94,145.05,10.48,5.16
2026-03-05 18:48:00+00:00,-4.21,2.92,0.50,145.23,5.54,5.15
2026-03-05 18:49:00+00:00,-4.31,2.75,0.87,147.48,9.64,5.18
2026-03-05 18:50:00+00:00,-4.26,2.85,0.91,146.26,10.03,5.21
2026-03-05 18:51:00+00:00,-4.19,2.96,0.93,144.83,10.23,5.21
2026-03-05 18:52:00+00:00,-4.01,3.18,0.67,141.63,7.48,5.16
2026-03-05 18:53:00+00:00,-4.03,3.09,0.80,142.56,8.92,5.14
2026-03-05 18:54:00+00:00,-4.16,2.82,1.27,145.84,14.15,5.19
2026-03-05 18:55:00+00:00,-4.15,2.82,1.27,145.83,14.19,5.17
2026-03-05 18:56:00+00:00,-4.40,2.60,1.13,149.38,12.48,5.23
2026-03-05 18:57:00+00:00,-4.54,2.38,0.94,152.36,10.38,5.21
2026-03-05 18:58:00+00:00,-4.58,2.29,0.84,153.48,9.28,5.19
2026-03-05 18:59:00+00:00,-4.30,2.71,0.96,147.82,10.71,5.17
2026-03-05 19:00:00+00:00,-4.31,2.70,1.05,147.99,11.66,5.19
2026-03-05 19:01:00+00:00,-4.42,2.39,1.39,151.59,15.44,5.21
2026-03-05 19:02:00+00:00,-4.33,2.13,1.87,153.82,21.24,5.17
2026-03-05 19:03:00+00:00,-4.36,1.90,2.18,156.46,24.59,5.23
2026-03-05 19:04:00+00:00,-4.47,2.03,2.11,155.63,23.23,5.34
2026-03-05 19:05:00+00:00,-4.41,1.99,2.30,155.75,25.47,5.36
2026-03-05 19:06:00+00:00,-4.31,1.94,2.33,155.76,26.24,5.27
2026-03-05 19:07:00+00:00,-4.28,1.84,2.37,156.75,26.96,5.22
2026-03-05 19:08:00+00:00,-4.28,1.75,2.47,157.72,28.06,5.24
2026-03-05 19:09:00+00:00,-4.10,2.31,2.17,150.65,24.74,5.18
2026-03-05 19:10:00+00:00,-4.01,2.32,2.22,150.00,25.64,5.14
2026-03-05 19:11:00+00:00,-3.95,2.33,2.19,149.47,25.52,5.08
2026-03-05 19:12:00+00:00,-3.93,2.46,2.08,147.92,24.13,5.08
2026-03-05 19:13:00+00:00,-3.99,2.53,2.07,147.65,23.70,5.15
2026-03-05 19:14:00+00:00,-3.99,2.51,2.16,147.80,24.64,5.19
2026-03-05 19:15:00+00:00,-3.97,2.55,2.16,147.31,24.58,5.19
2026-03-05 19:16:00+00:00,-3.99,2.54,2.02,147.58,23.11,5.14
2026-03-05 19:17:00+00:00,-3.94,2.48,2.11,147.81,24.43,5.11
2026-03-05 19:18:00+00:00,-3.96,2.46,2.05,148.15,23.72,5.09
2026-03-05 19:19:00+00:00,-3.90,2.40,2.23,148.43,25.99,5.10
2026-03-05 19:20:00+00:00,-3.97,2.32,2.29,149.67,26.50,5.14
2026-03-05 19:21:00+00:00,-3.98,2.21,2.38,150.95,27.59,5.14
2026-03-05 19:22:00+00:00,-3.97,2.34,2.19,149.47,25.47,5.10
2026-03-05 19:23:00+00:00,-4.07,2.50,1.62,148.43,18.79,5.04
2026-03-05 19:24:00+00:00,-4.26,2.68,-0.18,147.80,-2.10,5.04
2026-03-05 19:25:00+00:00,-4.09,2.62,0.87,147.36,10.20,4.94
2026-03-05 19:26:00+00:00,-4.08,2.67,1.11,146.80,12.80,5.00
2026-03-05 19:27:00+00:00,-4.16,2.48,1.10,149.26,12.83,4.97
2026-03-05 19:28:00+00:00,-4.09,2.74,1.13,146.17,12.87,5.06
2026-03-05 19:29:00+00:00,-4.04,2.77,1.38,145.50,15.72,5.09
2026-03-05 19:30:00+00:00,-3.79,2.80,1.67,143.53,19.49,5.00
2026-03-05 19:31:00+00:00,-4.06,2.77,1.32,145.74,15.03,5.09
2026-03-05 19:32:00+00:00,-3.87,2.84,1.32,143.72,15.42,4.98
2026-03-05 19:33:00+00:00,-3.57,2.95,1.75,140.37,20.69,4.95
2026-03-05 19:34:00+00:00,-3.34,3.37,1.54,134.69,18.01,4.99
2026-03-05 19:35:00+00:00,-3.48,3.47,0.89,135.11,10.22,4.99
2026-03-05 19:36:00+00:00,-3.59,3.47,0.35,135.99,3.97,5.01
2026-03-05 19:37:00+00:00,-3.92,3.08,0.87,141.81,9.84,5.06
2026-03-05 19:38:00+00:00,-4.09,2.87,1.33,145.00,14.95,5.17
2026-03-05 19:39:00+00:00,-4.16,2.69,1.42,147.07,16.04,5.16
2026-03-05 19:40:00+00:00,-4.31,2.48,1.46,150.10,16.40,5.18
2026-03-05 19:41:00+00:00,-4.15,2.56,1.73,148.32,19.58,5.17
2026-03-05 19:42:00+00:00,-4.07,2.68,1.62,146.60,18.43,5.13
2026-03-05 19:43:00+00:00,-3.54,2.80,2.44,141.59,28.37,5.13
2026-03-05 19:44:00+00:00,-3.74,2.76,2.46,143.56,27.83,5.26
2026-03-05 19:45:00+00:00,-3.89,2.72,2.39,145.04,26.75,5.32
2026-03-05 19:46:00+00:00,-3.78,2.74,2.43,144.10,27.44,5.26
2026-03-05 19:47:00+00:00,-3.72,2.82,2.34,142.87,26.60,5.22
2026-03-05 19:48:00+00:00,-3.66,2.88,2.37,141.77,26.93,5.23
2026-03-05 19:49:00+00:00,-3.69,2.86,2.38,142.23,27.03,5.24
2026-03-05 19:50:00+00:00,-3.69,2.84,2.28,142.43,26.15,5.18
2026-03-05 19:51:00+00:00,-3.65,2.83,2.26,142.19,26.13,5.14
2026-03-05 19:52:00+00:00,-3.71,2.87,2.20,142.27,25.11,5.19
2026-03-05 19:53:00+00:00,-3.65,2.98,2.11,140.76,24.14,5.16
2026-03-05 19:54:00+00:00,-3.68,3.02,2.16,140.68,24.38,5.23
2026-03-05 19:55:00+00:00,-3.63,2.91,2.28,141.29,26.15,5.18
2026-03-05 19:56:00+00:00,-3.59,2.88,2.36,141.19,27.16,5.17
2026-03-05 19:57:00+00:00,-3.60,3.04,2.02,139.84,23.26,5.12
2026-03-05 19:58:00+00:00,-3.55,3.21,1.74,137.88,19.95,5.09
2026-03-05 19:59:00+00:00,-3.60,3.56,0.42,135.34,4.69,5.08
2026-03-05 20:00:00+00:00,-3.55,3.61,0.62,134.57,7.00,5.10
2026-03-05 20:01:00+00:00,-3.75,3.37,0.90,138.03,10.13,5.12
2026-03-05 20:02:00+00:00,-3.60,3.45,0.92,136.26,10.40,5.07
2026-03-05 20:03:00+00:00,-3.40,3.48,0.96,134.28,11.11,4.96
2026-03-05 20:04:00+00:00,-3.37,3.50,1.01,133.90,11.73,4.96
2026-03-05 20:05:00+00:00,-3.27,3.57,1.02,132.47,11.92,4.95
2026-03-05 20:06:00+00:00,-3.36,3.56,1.06,133.34,12.23,5.01
2026-03-05 20:07:00+00:00,-3.36,3.55,1.11,133.45,12.84,5.01
2026-03-05 20:08:00+00:00,-3.37,3.65,0.99,132.72,11.21,5.07
2026-03-05 20:09:00+00:00,-3.33,3.63,1.09,132.53,12.49,5.05
2026-03-05 20:10:00+00:00,-3.37,3.60,1.07,133.11,12.25,5.05
2026-03-05 20:11:00+00:00,-3.26,3.77,0.93,130.85,10.56,5.07
2026-03-05 20:12:00+00:00,-3.15,3.93,0.85,128.75,9.54,5.11
2026-03-05 20:13:00+00:00,-3.11,3.96,0.94,128.12,10.55,5.12
2026-03-05 20:14:00+00:00,-3.07,3.96,1.04,127.75,11.70,5.12
2026-03-05 20:15:00+00:00,-3.40,3.63,0.75,133.14,8.62,5.04
2026-03-05 20:16:00+00:00,-3.87,3.29,0.19,139.65,2.16,5.09
2026-03-05 20:17:00+00:00,-3.66,3.49,0.29,136.41,3.26,5.07
2026-03-05 20:18:00+00:00,-3.53,3.59,0.35,134.48,3.98,5.05
2026-03-05 20:19:00+00:00,-3.33,3.82,0.56,131.07,6.26,5.10
2026-03-05 20:20:00+00:00,-3.35,3.78,0.75,131.59,8.40,5.11
2026-03-05 20:21:00+00:00,-3.29,3.87,0.59,130.41,6.62,5.11
2026-03-05 20:22:00+00:00,-3.31,3.86,0.54,130.65,6.04,5.11
2026-03-05 20:23:00+00:00,-3.53,3.63,1.08,134.20,12.10,5.17
2026-03-05 20:24:00+00:00,-3.41,3.73,1.03,132.45,11.49,5.16
2026-03-05 20:25:00+00:00,-3.33,3.64,1.22,132.48,13.87,5.08
2026-03-05 20:26:00+00:00,-3.30,3.70,1.13,131.69,12.84,5.09
2026-03-05 20:27:00+00:00,-3.44,3.62,1.09,133.59,12.27,5.11
2026-03-05 20:28:00+00:00,-3.43,3.63,0.91,133.37,10.33,5.08
2026-03-05 20:29:00+00:00,-3.45,3.71,0.92,132.92,10.32,5.15
2026-03-05 20:30:00+00:00,-3.34,3.75,0.93,131.69,10.46,5.10
2026-03-05 20:31:00+00:00,-3.47,3.60,1.02,133.91,11.55,5.10
2026-03-05 20:32:00+00:00,-3.68,3.53,0.88,136.14,9.76,5.17
2026-03-05 20:33:00+00:00,-3.47,3.60,1.02,133.91,11.49,5.10
2026-03-05 20:34:00+00:00,-3.55,3.52,0.95,135.30,10.78,5.09
2026-03-05 20:35:00+00:00,-3.57,3.45,0.83,136.01,9.52,5.04
2026-03-05 20:36:00+00:00,-3.64,3.48,1.03,136.30,11.57,5.14
2026-03-05 20:37:00+00:00,-3.46,3.58,1.27,134.03,14.32,5.14
2026-03-05 20:38:00+00:00,-3.36,3.58,1.31,133.18,14.89,5.08
2026-03-05 20:39:00+00:00,-3.35,3.61,1.40,132.84,15.81,5.12
2026-03-05 20:40:00+00:00,-3.47,3.53,1.46,134.50,16.44,5.16
2026-03-05 20:41:00+00:00,-3.66,3.34,1.47,137.61,16.58,5.17
2026-03-05 20:42:00+00:00,-3.05,3.79,1.38,128.83,15.83,5.05
2026-03-05 20:43:00+00:00,-3.00,3.89,1.31,127.60,14.93,5.08
2026-03-05 20:44:00+00:00,-3.06,3.83,1.40,128.63,15.90,5.10
2026-03-05 20:45:00+00:00,-3.05,3.84,1.26,128.47,14.41,5.07
2026-03-05 20:46:00+00:00,-3.23,3.71,1.21,131.03,13.82,5.06
2026-03-05 20:47:00+00:00,-3.26,3.68,1.21,131.51,13.79,5.06
2026-03-05 20:48:00+00:00,-3.96,2.75,2.02,145.26,22.71,5.22
2026-03-05 20:49:00+00:00,-4.01,2.74,1.99,145.68,22.25,5.25
2026-03-05 20:50:00+00:00,-4.03,2.64,1.96,146.75,22.13,5.20
2026-03-05 20:51:00+00:00,-4.08,2.71,1.83,146.46,20.52,5.23
2026-03-05 20:52:00+00:00,-3.88,2.95,1.76,142.71,19.88,5.18
2026-03-05 20:53:00+00:00,-4.00,2.82,1.70,144.80,19.17,5.18
2026-03-05 20:54:00+00:00,-4.06,2.79,1.64,145.53,18.43,5.19
2026-03-05 20:55:00+00:00,-4.09,2.58,1.76,147.73,20.02,5.15
2026-03-05 20:56:00+00:00,-4.14,2.52,1.80,148.71,20.33,5.17
2026-03-05 20:57:00+00:00,-4.14,2.67,1.66,147.22,18.61,5.20
2026-03-05 20:58:00+00:00,-4.13,2.71,1.61,146.78,18.02,5.19
2026-03-05 20:59:00+00:00,-4.23,2.82,1.25,146.28,13.82,5.24
2026-03-05 21:00:00+00:00,-4.20,2.86,1.10,145.73,12.18,5.20
2026-03-05 21:01:00+00:00,-4.04,3.06,0.95,142.81,10.62,5.15
2026-03-05 21:02:00+00:00,-3.88,3.26,0.91,139.97,10.21,5.16
2026-03-05 21:03:00+00:00,-3.93,3.21,0.50,140.82,5.65,5.10
2026-03-05 21:04:00+00:00,-3.83,3.24,1.17,139.81,13.13,5.15
2026-03-05 21:05:00+00:00,-3.86,3.28,1.10,139.60,12.26,5.19
2026-03-05 21:06:00+00:00,-3.75,3.39,1.00,137.84,11.24,5.15
2026-03-05 21:07:00+00:00,-3.77,3.32,1.07,138.64,12.05,5.14
2026-03-05 21:08:00+00:00,-3.94,3.16,1.05,141.30,11.77,5.16
2026-03-05 21:09:00+00:00,-3.93,3.17,1.10,141.14,12.28,5.16
2026-03-05 21:10:00+00:00,-4.03,3.10,0.93,142.41,10.36,5.17
2026-03-05 21:11:00+00:00,-4.04,3.05,0.86,143.00,9.65,5.13
2026-03-05 21:12:00+00:00,-4.09,3.02,1.03,143.63,11.42,5.19
2026-03-05 21:13:00+00:00,-4.09,2.96,0.95,144.14,10.60,5.14
2026-03-05 21:14:00+00:00,-4.22,2.86,1.04,145.85,11.52,5.20
2026-03-05 21:15:00+00:00,-4.18,2.81,1.10,146.06,12.28,5.16
2026-03-05 21:16:00+00:00,-3.89,3.20,0.93,140.56,10.51,5.12
2026-03-05 21:17:00+00:00,-3.71,3.41,1.05,137.43,11.79,5.14
2026-03-05 21:18:00+00:00,-3.62,3.30,1.29,137.59,14.76,5.07
2026-03-05 21:19:00+00:00,-3.59,3.28,1.32,137.59,15.20,5.03
2026-03-05 21:20:00+00:00,-3.56,3.24,1.36,137.74,15.82,5.00
2026-03-05 21:21:00+00:00,-3.50,3.36,1.42,136.20,16.26,5.05
2026-03-05 21:22:00+00:00,-3.52,3.35,1.59,136.38,18.12,5.12
2026-03-05 21:23:00+00:00,-3.65,3.12,1.89,139.43,21.46,5.16
2026-03-05 21:24:00+00:00,-3.61,3.17,1.76,138.77,20.09,5.12
2026-03-05 21:25:00+00:00,-3.67,3.16,1.67,139.29,19.05,5.13
2026-03-05 21:26:00+00:00,-3.77,3.16,1.44,140.05,16.35,5.13
2026-03-05 21:27:00+00:00,-3.73,3.15,1.57,139.87,17.77,5.13
2026-03-05 21:28:00+00:00,-3.70,3.16,1.67,139.53,18.96,5.15
2026-03-05 21:29:00+00:00,-3.80,3.09,1.68,140.88,18.90,5.18
2026-03-05 21:30:00+00:00,-3.79,3.19,1.41,139.96,15.90,5.15
2026-03-05 21:31:00+00:00,-4.00,2.97,1.27,143.44,14.33,5.14
2026-03-05 21:32:00+00:00,-4.02,2.97,1.15,143.51,12.91,5.12
2026-03-05 21:33:00+00:00,-3.91,3.04,1.22,142.11,13.81,5.10
2026-03-05 21:34:00+00:00,-3.96,2.98,1.51,143.05,16.93,5.18
2026-03-05 21:35:00+00:00,-4.04,2.91,1.46,144.25,16.36,5.18
2026-03-05 21:36:00+00:00,-4.06,2.83,1.59,145.13,17.81,5.20
2026-03-05 21:37:00+00:00,-4.07,2.83,1.58,145.22,17.72,5.20
2026-03-05 21:38:00+00:00,-4.22,2.82,1.42,146.25,15.63,5.26
2026-03-05 21:39:00+00:00,-4.15,2.84,1.28,145.57,14.27,5.19
2026-03-05 21:40:00+00:00,-4.16,2.84,1.40,145.68,15.56,5.23
2026-03-05 21:41:00+00:00,-4.29,2.76,1.45,147.27,15.87,5.30
2026-03-05 21:42:00+00:00,-4.42,2.65,1.43,149.02,15.51,5.35
2026-03-05 21:43:00+00:00,-4.24,2.77,1.56,146.78,17.17,5.30
2026-03-05 21:44:00+00:00,-4.19,2.76,1.62,146.65,17.86,5.27
2026-03-05 21:45:00+00:00,-4.50,2.22,1.68,153.71,18.47,5.29
2026-03-05 21:46:00+00:00,-4.35,2.58,1.67,149.31,18.23,5.33
2026-03-05 21:47:00+00:00,-4.41,2.55,1.76,149.95,19.02,5.39
2026-03-05 21:48:00+00:00,-3.96,2.88,1.77,143.95,19.85,5.20
2026-03-05 21:49:00+00:00,-3.01,3.83,1.33,128.19,15.24,5.05
2026-03-05 21:50:00+00:00,-3.04,3.82,1.22,128.49,13.98,5.03
2026-03-05 21:51:00+00:00,-2.78,3.89,1.22,125.56,14.28,4.93
2026-03-05 21:52:00+00:00,-2.75,3.73,1.69,126.34,20.06,4.93
2026-03-05 21:53:00+00:00,-3.25,3.72,1.14,131.12,12.98,5.07
2026-03-05 21:54:00+00:00,-3.14,3.81,1.07,129.51,12.18,5.06
2026-03-05 21:55:00+00:00,-3.17,3.71,1.32,130.54,15.17,5.06
2026-03-05 21:56:00+00:00,-3.13,3.65,1.49,130.56,17.20,5.03
2026-03-05 21:57:00+00:00,-3.02,3.72,1.43,129.02,16.67,5.00
2026-03-05 21:58:00+00:00,-3.08,3.63,1.53,130.32,17.87,5.00
2026-03-05 21:59:00+00:00,-2.84,3.93,1.53,125.87,17.50,5.09
2026-03-05 22:00:00+00:00,-2.56,3.49,2.54,126.27,30.42,5.02
2026-03-05 22:01:00+00:00,-2.63,3.41,2.63,127.59,31.45,5.05
2026-03-05 22:02:00+00:00,-2.08,2.87,2.15,125.96,31.29,4.15
2026-03-05 22:03:00+00:00,-2.56,3.31,2.83,127.73,34.09,5.05
2026-03-05 22:04:00+00:00,-2.09,3.92,2.15,118.02,25.83,4.93
2026-03-05 22:05:00+00:00,-2.04,3.95,2.21,117.29,26.50,4.96
2026-03-05 22:06:00+00:00,-2.50,3.50,2.61,125.59,31.20,5.03
2026-03-05 22:07:00+00:00,-2.22,3.69,2.53,120.96,30.48,5.00
2026-03-05 22:08:00+00:00,-2.18,3.60,2.78,121.24,33.46,5.05
2026-03-05 22:09:00+00:00,-2.19,3.66,2.68,120.88,32.17,5.04
2026-03-05 22:10:00+00:00,-2.33,3.75,2.49,121.87,29.42,5.07
2026-03-05 22:11:00+00:00,-2.48,3.88,2.16,122.63,25.11,5.08
2026-03-05 22:12:00+00:00,-2.59,3.93,1.93,123.42,22.26,5.08
2026-03-05 22:13:00+00:00,-2.44,3.98,2.09,121.52,24.13,5.12
2026-03-05 22:14:00+00:00,-2.62,3.89,2.11,123.93,24.27,5.14
2026-03-05 22:15:00+00:00,-2.70,3.68,2.43,126.32,28.05,5.17
2026-03-05 22:16:00+00:00,-2.53,3.79,2.26,123.66,26.36,5.09
2026-03-05 22:17:00+00:00,-2.67,3.59,2.41,126.57,28.27,5.08
2026-03-05 22:18:00+00:00,-3.34,3.53,1.65,133.50,18.77,5.13
2026-03-05 22:19:00+00:00,-2.91,3.66,1.93,128.42,22.48,5.06
2026-03-05 22:20:00+00:00,-2.83,3.79,1.79,126.77,20.67,5.06
2026-03-05 22:21:00+00:00,-3.18,3.65,1.65,131.06,18.84,5.12
2026-03-05 22:22:00+00:00,-3.35,3.72,1.50,131.98,16.72,5.22
2026-03-05 22:23:00+00:00,-3.41,3.68,1.42,132.82,15.82,5.22
2026-03-05 22:24:00+00:00,-3.00,3.83,1.52,128.03,17.36,5.10
2026-03-05 22:25:00+00:00,-3.06,3.87,1.50,128.38,16.94,5.16
2026-03-05 22:26:00+00:00,-2.93,4.08,1.15,125.72,12.91,5.15
2026-03-05 22:27:00+00:00,-2.90,4.10,1.11,125.24,12.44,5.15
2026-03-05 22:28:00+00:00,-3.19,3.82,1.30,129.86,14.68,5.14
2026-03-05 22:29:00+00:00,-3.18,3.78,1.35,130.08,15.32,5.12
2026-03-05 22:30:00+00:00,-2.78,3.94,1.63,125.27,18.64,5.09
2026-03-05 22:31:00+00:00,-2.89,3.71,1.96,127.93,22.58,5.10
2026-03-05 22:32:00+00:00,-3.05,3.72,1.75,129.40,19.99,5.12
2026-03-05 22:33:00+00:00,-3.31,3.69,1.62,131.88,18.15,5.21
2026-03-05 22:34:00+00:00,-3.09,3.62,1.89,130.53,21.64,5.12
2026-03-05 22:35:00+00:00,-3.16,3.65,1.81,130.88,20.53,5.15
2026-03-05 22:36:00+00:00,-3.28,3.31,2.17,134.77,24.94,5.14
2026-03-05 22:37:00+00:00,-3.20,3.30,2.42,134.14,27.72,5.20
2026-03-05 22:38:00+00:00,-3.28,3.51,1.84,133.06,20.97,5.14
2026-03-05 22:39:00+00:00,-3.34,3.78,1.14,131.46,12.74,5.17
2026-03-05 22:40:00+00:00,-3.49,3.66,1.19,133.70,13.29,5.20
2026-03-05 22:41:00+00:00,-3.53,3.56,1.22,134.71,13.68,5.16
2026-03-05 22:42:00+00:00,-3.74,3.35,1.12,138.15,12.56,5.14
2026-03-05 22:43:00+00:00,-3.05,3.77,1.49,129.00,17.03,5.07
2026-03-05 22:44:00+00:00,-3.25,3.74,1.48,130.92,16.62,5.17
2026-03-05 22:45:00+00:00,-3.13,3.79,1.46,129.55,16.60,5.12
2026-03-05 22:46:00+00:00,-3.00,3.81,1.68,128.18,19.17,5.13
2026-03-05 22:47:00+00:00,-3.03,3.89,1.36,127.92,15.41,5.12
2026-03-05 22:48:00+00:00,-2.84,3.93,1.64,125.87,18.68,5.12
2026-03-05 22:49:00+00:00,-3.07,3.90,1.23,128.21,13.92,5.11
2026-03-05 22:50:00+00:00,-3.23,3.91,0.60,129.57,6.71,5.11
2026-03-05 22:51:00+00:00,-3.22,3.77,1.18,130.47,13.36,5.10
2026-03-05 22:52:00+00:00,-3.25,3.78,1.24,130.67,13.92,5.14
2026-03-05 22:53:00+00:00,-3.08,3.86,1.50,128.54,16.93,5.16
2026-03-05 22:54:00+00:00,-3.06,3.98,1.30,127.54,14.47,5.18
2026-03-05 22:55:00+00:00,-3.14,3.95,0.76,128.45,8.54,5.10
2026-03-05 22:56:00+00:00,-3.34,3.86,0.79,130.86,8.82,5.17
2026-03-05 22:57:00+00:00,-3.05,4.01,1.05,127.28,11.74,5.15
2026-03-05 22:58:00+00:00,-3.31,3.88,0.59,130.42,6.56,5.13
2026-03-05 22:59:00+00:00,-3.32,3.78,0.72,131.30,8.10,5.08
2026-03-05 23:00:00+00:00,-3.41,3.28,1.74,136.12,20.18,5.04
2026-03-05 23:01:00+00:00,-3.57,3.41,1.54,136.31,17.36,5.17
2026-03-05 23:02:00+00:00,-3.54,3.49,1.41,135.48,15.80,5.17
2026-03-05 23:03:00+00:00,-3.54,3.50,1.37,135.32,15.35,5.16
2026-03-05 23:04:00+00:00,-3.34,3.64,1.26,132.52,14.27,5.10
2026-03-05 23:05:00+00:00,-3.21,3.73,1.19,130.73,13.63,5.06
2026-03-05 23:06:00+00:00,-2.99,3.84,1.10,127.95,12.78,4.99
2026-03-05 23:07:00+00:00,-2.90,4.02,1.05,125.79,11.96,5.06
2026-03-05 23:08:00+00:00,-2.77,4.06,1.02,124.30,11.78,5.02
2026-03-05 23:09:00+00:00,-2.89,4.08,0.94,125.32,10.67,5.09
2026-03-05 23:10:00+00:00,-3.09,4.00,0.95,127.68,10.69,5.14
2026-03-05 23:11:00+00:00,-2.98,4.06,0.86,126.25,9.66,5.11
2026-03-05 23:12:00+00:00,-2.73,4.17,0.34,123.27,3.86,5.00
2026-03-05 23:13:00+00:00,-2.92,4.09,0.80,125.54,9.00,5.09
2026-03-05 23:14:00+00:00,-2.70,4.19,0.67,122.84,7.67,5.03
2026-03-05 23:15:00+00:00,-2.65,4.26,0.61,121.86,6.90,5.05
2026-03-05 23:16:00+00:00,-2.50,4.32,0.62,120.08,7.05,5.03
2026-03-05 23:17:00+00:00,-2.45,4.37,0.60,119.27,6.85,5.05
2026-03-05 23:18:00+00:00,-2.42,4.32,0.84,119.26,9.61,5.03
2026-03-05 23:19:00+00:00,-2.34,4.32,0.91,118.42,10.48,4.99
2026-03-05 23:20:00+00:00,-2.34,4.39,0.81,118.01,9.22,5.04
2026-03-05 23:21:00+00:00,-2.34,4.39,0.82,118.07,9.30,5.04
2026-03-05 23:22:00+00:00,-2.17,4.41,0.83,116.20,9.52,4.99
2026-03-05 23:23:00+00:00,-2.19,4.37,0.83,116.63,9.69,4.96
2026-03-05 23:24:00+00:00,-2.23,4.40,0.93,116.90,10.72,5.02
2026-03-05 23:25:00+00:00,-2.27,4.37,0.94,117.48,10.79,5.01
2026-03-05 23:26:00+00:00,-2.43,4.33,0.87,119.31,9.89,5.04
2026-03-05 23:27:00+00:00,-2.58,4.34,0.73,120.77,8.21,5.10
2026-03-05 23:28:00+00:00,-2.23,4.50,0.58,116.37,6.63,5.06
2026-03-05 23:29:00+00:00,-2.09,4.55,0.63,114.73,7.18,5.04
2026-03-05 23:30:00+00:00,-2.35,4.45,0.43,117.83,4.91,5.05
2026-03-05 23:31:00+00:00,-4.15,2.90,1.31,145.07,14.53,5.23
2026-03-05 23:32:00+00:00,-3.95,2.78,1.20,144.85,13.98,4.98
2026-03-05 23:33:00+00:00,-1.96,3.72,0.27,117.81,3.66,4.21
2026-03-05 23:34:00+00:00,-0.92,3.45,-0.46,104.98,-7.33,3.60
2026-03-05 23:35:00+00:00,0.77,3.55,-1.02,77.75,-15.62,3.77
2026-03-05 23:36:00+00:00,1.13,3.93,-0.57,73.96,-7.89,4.13
2026-03-05 23:37:00+00:00,0.32,4.11,-0.37,85.57,-5.20,4.14
2026-03-05 23:38:00+00:00,0.57,4.02,-0.59,81.94,-8.33,4.10
2026-03-05 23:39:00+00:00,0.97,3.85,-0.83,75.79,-11.81,4.06
2026-03-05 23:40:00+00:00,0.72,4.00,-0.93,79.79,-12.94,4.17
2026-03-05 23:41:00+00:00,-0.09,4.43,-0.23,91.12,-2.95,4.44
2026-03-05 23:42:00+00:00,0.55,4.18,-0.31,82.49,-4.16,4.23
2026-03-05 23:43:00+00:00,1.14,4.05,-1.14,74.24,-15.14,4.36
2026-03-05 23:44:00+00:00,1.00,4.29,-0.82,76.92,-10.50,4.48
2026-03-05 23:45:00+00:00,0.96,4.38,-0.55,77.68,-7.01,4.52
2026-03-05 23:46:00+00:00,0.78,4.37,-0.57,79.87,-7.35,4.48
2026-03-05 23:47:00+00:00,0.59,4.14,-0.45,81.94,-6.09,4.21
2026-03-05 23:48:00+00:00,1.49,3.77,-0.76,68.45,-10.68,4.13
2026-03-05 23:49:00+00:00,1.50,3.88,-0.67,68.81,-9.13,4.21
2026-03-05 23:50:00+00:00,0.57,4.02,-0.25,81.92,-3.52,4.07
2026-03-05 23:51:00+00:00,-3.37,3.00,1.40,138.34,17.24,4.72
2026-03-05 23:52:00+00:00,-3.51,3.05,1.55,139.04,18.49,4.90
2026-03-05 23:53:00+00:00,-3.14,3.55,1.18,131.50,13.97,4.89
2026-03-05 23:54:00+00:00,-2.83,3.74,1.28,127.07,15.22,4.86
2026-03-05 23:55:00+00:00,-2.62,3.91,1.19,123.81,14.17,4.85
2026-03-05 23:56:00+00:00,-2.49,3.99,1.05,122.00,12.58,4.82
2026-03-05 23:57:00+00:00,-2.72,3.88,0.97,124.98,11.55,4.84
2026-03-05 23:58:00+00:00,-2.87,3.82,0.77,126.95,9.14,4.84
2026-03-05 23:59:00+00:00,-2.53,4.04,0.56,122.02,6.70,4.80
2026-03-06 00:00:00+00:00,-2.27,4.10,0.31,118.95,3.83,4.69
2026-03-06 00:01:00+00:00,-2.12,4.13,0.44,117.20,5.42,4.66
2026-03-06 00:02:00+00:00,-2.22,4.07,0.67,118.61,8.26,4.68
2026-03-06 00:03:00+00:00,-2.32,4.04,0.40,119.91,4.95,4.68
2026-03-06 00:04:00+00:00,-2.41,3.95,0.54,121.36,6.62,4.66
2026-03-06 00:05:00+00:00,-2.20,4.01,0.58,118.75,7.16,4.61
2026-03-06 00:06:00+00:00,-2.08,4.18,0.71,116.47,8.64,4.72
2026-03-06 00:07:00+00:00,-2.11,4.21,0.49,116.62,5.94,4.73
2026-03-06 00:08:00+00:00,-1.85,4.24,0.42,113.58,5.15,4.64
2026-03-06 00:09:00+00:00,-1.22,4.18,1.15,106.24,14.78,4.50
2026-03-06 00:10:00+00:00,-1.42,4.08,0.70,109.22,9.19,4.38
2026-03-06 00:11:00+00:00,-1.46,4.13,0.59,109.47,7.73,4.42
2026-03-06 00:12:00+00:00,-1.41,4.28,0.27,108.29,3.40,4.52
2026-03-06 00:13:00+00:00,-1.47,4.12,0.25,109.58,3.28,4.38
2026-03-06 00:14:00+00:00,-0.98,4.04,-0.16,103.59,-2.24,4.16
2026-03-06 00:15:00+00:00,-0.54,3.99,0.49,97.69,6.91,4.05
2026-03-06 00:16:00+00:00,-1.27,3.62,-1.16,109.31,-16.88,4.01
2026-03-06 00:17:00+00:00,-0.70,3.92,-0.12,100.16,-1.71,3.98
2026-03-06 00:18:00+00:00,-0.74,4.13,0.07,100.19,0.93,4.19
2026-03-06 00:19:00+00:00,-0.54,4.10,-0.52,97.57,-7.13,4.17
2026-03-06 00:20:00+00:00,-0.43,4.33,-0.38,95.61,-5.01,4.36
2026-03-06 00:21:00+00:00,-0.32,4.40,-0.20,94.10,-2.57,4.41
2026-03-06 00:22:00+00:00,-0.68,4.24,-0.97,99.17,-12.67,4.40
2026-03-06 00:23:00+00:00,-0.71,4.15,-1.15,99.67,-15.29,4.37
2026-03-06 00:24:00+00:00,-0.60,3.90,-1.51,98.71,-20.95,4.22
2026-03-06 00:25:00+00:00,-0.50,3.97,-1.29,97.23,-17.85,4.20
2026-03-06 00:26:00+00:00,-0.81,4.12,0.27,101.11,3.67,4.21
2026-03-06 00:27:00+00:00,-1.14,4.19,0.86,105.21,11.19,4.43
2026-03-06 00:28:00+00:00,-1.21,4.07,1.35,106.51,17.69,4.46
2026-03-06 00:29:00+00:00,-1.27,3.90,1.69,107.99,22.46,4.44
2026-03-06 00:30:00+00:00,-0.94,4.22,0.79,102.52,10.37,4.39
2026-03-06 00:31:00+00:00,-0.55,4.30,-0.17,97.30,-2.28,4.34
2026-03-06 00:32:00+00:00,-0.35,4.40,-0.10,94.49,-1.35,4.41
2026-03-06 00:33:00+00:00,-0.33,4.46,-0.11,94.24,-1.35,4.47
2026-03-06 00:34:00+00:00,-0.09,4.41,-0.10,91.11,-1.31,4.41
2026-03-06 00:35:00+00:00,-0.20,4.43,0.06,92.60,0.72,4.43
2026-03-06 00:36:00+00:00,-0.07,4.41,0.16,90.92,2.02,4.41
2026-03-06 00:37:00+00:00,0.10,4.29,0.17,88.63,2.24,4.29
2026-03-06 00:38:00+00:00,0.19,4.16,0.51,87.35,7.00,4.20
2026-03-06 00:39:00+00:00,0.29,4.24,0.54,86.02,7.29,4.29
2026-03-06 00:40:00+00:00,0.10,4.36,0.58,88.66,7.61,4.40
2026-03-06 00:41:00+00:00,0.06,4.36,0.57,89.22,7.43,4.40
2026-03-06 00:42:00+00:00,0.08,4.33,0.66,88.91,8.68,4.38
2026-03-06 00:43:00+00:00,0.41,4.30,0.68,84.49,8.98,4.37
2026-03-06 00:44:00+00:00,0.57,4.27,0.69,82.34,9.09,4.36
2026-03-06 00:45:00+00:00,0.56,4.26,0.80,82.56,10.52,4.37
2026-03-06 00:46:00+00:00,0.62,4.30,0.71,81.78,9.29,4.40
2026-03-06 00:47:00+00:00,0.45,4.39,0.70,84.18,9.05,4.47
2026-03-06 00:48:00+00:00,0.33,4.42,0.72,85.76,9.18,4.49
2026-03-06 00:49:00+00:00,0.32,4.41,0.62,85.86,8.02,4.47
2026-03-06 00:50:00+00:00,0.02,4.42,0.70,89.79,9.04,4.48
2026-03-06 00:51:00+00:00,0.04,4.41,0.35,89.43,4.61,4.42
2026-03-06 00:52:00+00:00,-0.10,4.36,0.40,91.33,5.26,4.38
2026-03-06 00:53:00+00:00,-0.94,4.32,0.67,102.21,8.57,4.47
2026-03-06 00:54:00+00:00,-0.86,4.28,0.79,101.30,10.24,4.44
2026-03-06 00:55:00+00:00,-1.53,4.37,0.97,109.31,11.85,4.74
2026-03-06 00:56:00+00:00,-1.48,4.47,0.81,108.39,9.78,4.78
2026-03-06 00:57:00+00:00,-1.46,4.30,0.59,108.72,7.40,4.58
2026-03-06 00:58:00+00:00,-1.49,4.17,1.17,109.67,14.76,4.58
2026-03-06 00:59:00+00:00,-1.82,4.28,1.19,113.04,14.31,4.80
2026-03-06 01:00:00+00:00,-2.09,4.26,1.11,116.16,13.20,4.87
2026-03-06 01:01:00+00:00,-1.90,4.16,0.88,114.52,10.92,4.66
2026-03-06 01:02:00+00:00,-2.14,4.08,0.64,117.67,7.87,4.65
2026-03-06 01:03:00+00:00,-1.72,4.22,-0.06,112.12,-0.73,4.56
2026-03-06 01:04:00+00:00,-1.87,4.20,0.03,114.01,0.35,4.59
2026-03-06 01:05:00+00:00,-1.50,4.29,-0.07,109.25,-0.84,4.55
2026-03-06 01:06:00+00:00,-0.64,4.40,0.24,98.25,3.07,4.45
2026-03-06 01:07:00+00:00,-0.01,4.43,0.82,90.16,10.54,4.51
2026-03-06 01:08:00+00:00,0.20,4.40,0.70,87.44,8.97,4.46
2026-03-06 01:09:00+00:00,-0.05,4.33,1.17,90.61,15.19,4.48
2026-03-06 01:10:00+00:00,-0.46,4.38,1.36,96.00,17.15,4.61
2026-03-06 01:11:00+00:00,-0.60,4.37,1.11,97.85,14.11,4.55
2026-03-06 01:12:00+00:00,-0.78,4.42,0.85,100.04,10.70,4.57
2026-03-06 01:13:00+00:00,-0.63,4.49,-0.01,97.95,-0.17,4.53
2026-03-06 01:14:00+00:00,-0.38,4.68,0.62,94.62,7.47,4.73
2026-03-06 01:15:00+00:00,-1.00,4.69,1.37,102.07,15.93,4.99
2026-03-06 01:16:00+00:00,-1.47,4.69,1.86,107.36,20.73,5.26
2026-03-06 01:17:00+00:00,-1.39,4.72,1.72,106.46,19.32,5.21
2026-03-06 01:18:00+00:00,-1.59,4.65,1.70,108.89,19.11,5.20
2026-03-06 01:19:00+00:00,-2.40,3.95,2.23,121.23,25.79,5.13
2026-03-06 01:20:00+00:00,-2.49,4.09,2.06,121.28,23.23,5.21
2026-03-06 01:21:00+00:00,-2.71,4.09,1.84,123.51,20.52,5.23
2026-03-06 01:22:00+00:00,-2.55,4.27,1.72,120.88,19.12,5.26
2026-03-06 01:23:00+00:00,-2.82,4.13,1.64,124.33,18.17,5.26
2026-03-06 01:24:00+00:00,-3.10,3.98,1.42,127.89,15.73,5.25
2026-03-06 01:25:00+00:00,-2.45,4.37,1.57,119.27,17.40,5.25
2026-03-06 01:26:00+00:00,-2.66,4.33,1.50,121.59,16.38,5.30
2026-03-06 01:27:00+00:00,-2.66,4.34,1.36,121.51,15.01,5.27
2026-03-06 01:28:00+00:00,-2.58,4.37,0.99,120.52,11.00,5.17
2026-03-06 01:29:00+00:00,-2.20,4.35,1.80,116.81,20.29,5.19
2026-03-06 01:30:00+00:00,-2.04,4.21,1.61,115.85,19.00,4.95
2026-03-06 01:31:00+00:00,-2.09,4.26,1.31,116.11,15.41,4.92
2026-03-06 01:32:00+00:00,-1.88,4.30,1.26,113.56,15.08,4.86
2026-03-06 01:33:00+00:00,-1.93,4.28,1.23,114.25,14.64,4.86
2026-03-06 01:34:00+00:00,-2.02,4.20,1.18,115.69,14.22,4.81
2026-03-06 01:35:00+00:00,-1.80,4.28,1.08,112.80,13.11,4.76
2026-03-06 01:36:00+00:00,-1.58,4.49,0.55,109.34,6.60,4.80
2026-03-06 01:37:00+00:00,-1.69,4.48,0.51,110.71,6.03,4.81
2026-03-06 01:38:00+00:00,-1.44,4.51,0.30,107.65,3.60,4.74
2026-03-06 01:39:00+00:00,-1.20,4.45,0.25,105.06,3.14,4.62
2026-03-06 01:40:00+00:00,-1.29,4.43,0.63,106.24,7.75,4.65
2026-03-06 01:41:00+00:00,-0.67,4.48,-0.03,98.57,-0.39,4.53
2026-03-06 01:42:00+00:00,-0.05,4.47,-0.58,90.65,-7.41,4.50
2026-03-06 01:43:00+00:00,-0.22,4.35,-0.77,92.93,-9.99,4.42
2026-03-06 01:44:00+00:00,-0.10,4.37,-0.66,91.31,-8.55,4.42
2026-03-06 01:45:00+00:00,0.10,4.41,-0.76,88.65,-9.77,4.47
2026-03-06 01:46:00+00:00,0.12,4.34,-1.25,88.40,-16.07,4.52
2026-03-06 01:47:00+00:00,-0.03,4.26,-1.40,90.37,-18.15,4.48
2026-03-06 01:48:00+00:00,-0.68,4.29,-1.02,99.06,-13.23,4.47
2026-03-06 01:49:00+00:00,-0.99,4.18,-0.42,103.38,-5.60,4.32
2026-03-06 01:50:00+00:00,-1.69,4.22,0.34,111.79,4.23,4.56
2026-03-06 01:51:00+00:00,-1.82,4.23,0.48,113.28,6.00,4.63
2026-03-06 01:52:00+00:00,-2.71,3.83,0.90,125.29,10.89,4.78
2026-03-06 01:53:00+00:00,-3.27,3.57,1.25,132.52,14.50,5.00
2026-03-06 01:54:00+00:00,-2.98,3.83,1.18,127.84,13.68,5.00
2026-03-06 01:55:00+00:00,-2.83,3.92,1.07,125.77,12.42,4.95
2026-03-06 01:56:00+00:00,-2.31,4.18,1.14,118.96,13.39,4.91
2026-03-06 01:57:00+00:00,-2.45,4.07,1.15,121.08,13.56,4.89
2026-03-06 01:58:00+00:00,-1.42,4.38,-0.25,108.00,-3.05,4.61
2026-03-06 01:59:00+00:00,-1.37,4.29,-0.77,107.66,-9.71,4.57
2026-03-06 02:00:00+00:00,-1.85,4.49,-0.02,112.36,-0.28,4.85
2026-03-06 02:01:00+00:00,-1.23,4.64,-0.78,104.86,-9.17,4.86
2026-03-06 02:02:00+00:00,-1.50,4.38,-1.17,108.96,-14.19,4.77
2026-03-06 02:03:00+00:00,-1.60,4.15,-1.56,111.06,-19.33,4.72
2026-03-06 02:04:00+00:00,-1.19,4.06,-1.89,106.36,-24.12,4.64
2026-03-06 02:05:00+00:00,-1.12,3.75,-2.39,106.66,-31.47,4.58
2026-03-06 02:06:00+00:00,-1.00,3.57,-2.74,105.60,-36.48,4.61
2026-03-06 02:07:00+00:00,-0.43,2.78,-3.40,98.73,-50.46,4.41
2026-03-06 02:08:00+00:00,-1.17,3.80,-1.95,107.16,-26.12,4.43
2026-03-06 02:09:00+00:00,-1.70,4.10,-1.48,112.47,-18.49,4.68
2026-03-06 02:10:00+00:00,-1.68,4.16,-1.57,111.99,-19.28,4.75
2026-03-06 02:11:00+00:00,-2.31,4.37,-0.55,117.92,-6.39,4.97
2026-03-06 02:12:00+00:00,-2.05,4.41,-1.14,114.93,-13.24,4.99
2026-03-06 02:13:00+00:00,-1.78,4.15,-1.85,113.24,-22.26,4.88
2026-03-06 02:14:00+00:00,-1.09,3.17,-3.24,108.98,-44.02,4.67
2026-03-06 02:15:00+00:00,-0.78,3.09,-3.32,104.17,-46.21,4.60
2026-03-06 02:16:00+00:00,-0.63,3.65,-2.57,99.84,-34.77,4.51
2026-03-06 02:17:00+00:00,-0.39,4.01,-2.06,95.48,-27.12,4.53
2026-03-06 02:18:00+00:00,-0.62,3.89,-2.09,99.07,-27.91,4.46
2026-03-06 02:19:00+00:00,-0.57,4.02,-2.18,98.03,-28.26,4.61
2026-03-06 02:20:00+00:00,-0.79,4.05,-2.18,101.03,-27.81,4.67
2026-03-06 02:21:00+00:00,-0.66,4.24,-1.95,98.85,-24.44,4.72
2026-03-06 02:22:00+00:00,-0.45,4.25,-1.87,96.01,-23.56,4.67
2026-03-06 02:23:00+00:00,-0.36,4.21,-1.96,94.93,-24.87,4.66
2026-03-06 02:24:00+00:00,-0.26,4.22,-2.04,93.52,-25.80,4.69
2026-03-06 02:25:00+00:00,-0.04,4.35,-1.79,90.59,-22.42,4.70
2026-03-06 02:26:00+00:00,-0.12,4.46,-1.55,91.57,-19.17,4.73
2026-03-06 02:27:00+00:00,-0.08,4.44,-1.49,91.08,-18.61,4.68
2026-03-06 02:28:00+00:00,-0.33,4.30,-1.67,94.37,-21.22,4.62
2026-03-06 02:29:00+00:00,-0.76,4.40,-1.56,99.78,-19.24,4.73
2026-03-06 02:30:00+00:00,-1.24,4.47,-1.60,105.57,-19.05,4.91
2026-03-06 02:31:00+00:00,-1.05,4.36,-1.80,103.52,-21.94,4.83
2026-03-06 02:32:00+00:00,-1.20,4.45,-1.53,105.07,-18.41,4.86
2026-03-06 02:33:00+00:00,-1.96,4.52,-1.09,113.46,-12.51,5.05
2026-03-06 02:34:00+00:00,-1.85,4.47,-1.24,112.42,-14.39,4.99
2026-03-06 02:35:00+00:00,-1.81,4.40,-1.41,112.31,-16.49,4.96
2026-03-06 02:36:00+00:00,-2.10,4.47,-0.97,115.18,-11.14,5.03
2026-03-06 02:37:00+00:00,-2.20,4.49,-0.93,116.06,-10.52,5.09
2026-03-06 02:38:00+00:00,-2.32,4.47,-0.86,117.44,-9.69,5.10
2026-03-06 02:39:00+00:00,-2.33,4.41,-0.80,117.89,-9.09,5.05
2026-03-06 02:40:00+00:00,-2.41,4.34,-0.86,118.98,-9.84,5.04
2026-03-06 02:41:00+00:00,-2.46,4.28,-1.17,119.88,-13.37,5.07
2026-03-06 02:42:00+00:00,-2.33,4.46,-0.91,117.58,-10.25,5.11
2026-03-06 02:43:00+00:00,-2.07,4.31,-1.34,115.64,-15.60,4.97
2026-03-06 02:44:00+00:00,-1.91,3.96,-1.51,115.71,-18.95,4.65
2026-03-06 02:45:00+00:00,-0.43,2.28,-3.42,100.61,-55.78,4.13
2026-03-06 02:46:00+00:00,-1.22,3.28,-2.48,110.37,-35.36,4.28
2026-03-06 02:47:00+00:00,-1.88,3.81,-1.92,116.29,-24.37,4.66
2026-03-06 02:48:00+00:00,-1.97,3.51,-1.53,119.29,-20.84,4.30
2026-03-06 02:49:00+00:00,-1.46,1.85,-3.97,128.36,-59.32,4.61
2026-03-06 02:50:00+00:00,-1.86,3.67,-0.13,116.94,-1.84,4.12
2026-03-06 02:51:00+00:00,-1.54,4.28,-0.53,109.83,-6.68,4.58
2026-03-06 02:52:00+00:00,-1.86,4.00,-1.82,114.94,-22.48,4.77
2026-03-06 02:53:00+00:00,-2.21,3.65,-2.51,121.18,-30.50,4.95
2026-03-06 02:54:00+00:00,-2.11,3.87,-2.35,118.66,-28.04,4.99
2026-03-06 02:55:00+00:00,-1.92,4.09,-2.26,115.12,-26.62,5.05
2026-03-06 02:56:00+00:00,-2.81,3.89,-0.92,125.81,-10.89,4.88
2026-03-06 02:57:00+00:00,-3.28,3.79,0.18,130.92,2.09,5.02
2026-03-06 02:58:00+00:00,-3.46,3.80,0.10,132.36,1.15,5.14
2026-03-06 02:59:00+00:00,-3.40,3.77,0.64,132.02,7.14,5.12
2026-03-06 03:00:00+00:00,-3.62,3.58,1.24,135.26,13.68,5.24
2026-03-06 03:01:00+00:00,-3.77,3.63,0.70,136.04,7.66,5.28
2026-03-06 03:02:00+00:00,-3.85,3.69,0.72,136.18,7.74,5.38
2026-03-06 03:03:00+00:00,-3.87,3.66,1.07,136.62,11.32,5.43
2026-03-06 03:04:00+00:00,-3.81,3.61,1.31,136.58,14.04,5.41
2026-03-06 03:05:00+00:00,-3.96,3.52,1.35,138.37,14.32,5.46
2026-03-06 03:06:00+00:00,-3.96,3.56,0.98,138.08,10.47,5.41
2026-03-06 03:07:00+00:00,-4.03,3.57,0.88,138.52,9.31,5.46
2026-03-06 03:08:00+00:00,-3.90,3.76,0.64,135.99,6.77,5.46
2026-03-06 03:09:00+00:00,-3.92,3.79,0.78,135.97,8.18,5.50
2026-03-06 03:10:00+00:00,-3.95,3.82,0.80,135.93,8.24,5.56
2026-03-06 03:11:00+00:00,-4.41,3.09,1.20,145.00,12.55,5.52
2026-03-06 03:12:00+00:00,-4.66,2.91,1.42,148.04,14.45,5.68
2026-03-06 03:13:00+00:00,-4.60,3.18,1.23,145.33,12.40,5.72
2026-03-06 03:14:00+00:00,-4.31,3.62,0.55,140.01,5.61,5.66
2026-03-06 03:15:00+00:00,-4.65,3.33,1.05,144.38,10.41,5.82
2026-03-06 03:16:00+00:00,-4.53,3.31,1.48,143.81,14.74,5.80
2026-03-06 03:17:00+00:00,-4.60,3.35,1.05,143.92,10.44,5.79
2026-03-06 03:18:00+00:00,-4.47,3.43,1.10,142.50,11.01,5.74
2026-03-06 03:19:00+00:00,-4.76,3.01,1.03,147.70,10.39,5.72
2026-03-06 03:20:00+00:00,-4.82,2.86,1.28,149.36,12.87,5.75
2026-03-06 03:21:00+00:00,-4.68,2.92,1.39,148.04,14.15,5.69
2026-03-06 03:22:00+00:00,-4.19,3.56,1.39,139.67,14.18,5.67
2026-03-06 03:23:00+00:00,-3.73,3.89,1.30,133.79,13.53,5.54
2026-03-06 03:24:00+00:00,-3.68,3.89,1.29,133.36,13.57,5.51
2026-03-06 03:25:00+00:00,-3.80,3.68,1.36,135.91,14.39,5.46
2026-03-06 03:26:00+00:00,-3.77,3.69,1.24,135.62,13.25,5.42
2026-03-06 03:27:00+00:00,-3.80,3.87,1.25,134.45,12.93,5.57
2026-03-06 03:28:00+00:00,-3.85,3.86,1.08,134.94,11.20,5.56
2026-03-06 03:29:00+00:00,-3.76,3.99,1.21,133.31,12.45,5.61
2026-03-06 03:30:00+00:00,-3.55,4.14,1.07,130.66,11.14,5.56
2026-03-06 03:31:00+00:00,-3.58,4.25,0.77,130.13,7.93,5.61
2026-03-06 03:32:00+00:00,-3.67,4.03,0.55,132.29,5.77,5.48
2026-03-06 03:33:00+00:00,-3.99,3.48,1.24,138.97,13.23,5.44
2026-03-06 03:34:00+00:00,-4.24,3.19,1.38,143.00,14.62,5.49
2026-03-06 03:35:00+00:00,-4.43,3.18,1.25,144.32,12.92,5.60
2026-03-06 03:36:00+00:00,-4.33,3.27,1.61,142.88,16.56,5.66
2026-03-06 03:37:00+00:00,-4.32,3.02,1.56,145.06,16.50,5.50
2026-03-06 03:38:00+00:00,-3.97,3.33,1.24,140.04,13.41,5.33
2026-03-06 03:39:00+00:00,-4.01,3.50,1.35,138.84,14.26,5.49
2026-03-06 03:40:00+00:00,-3.94,3.63,1.26,137.36,13.22,5.50
2026-03-06 03:41:00+00:00,-3.68,3.78,1.12,134.25,11.98,5.40
2026-03-06 03:42:00+00:00,-3.77,3.69,1.32,135.60,14.04,5.43
2026-03-06 03:43:00+00:00,-3.70,3.75,1.23,134.66,13.11,5.41
2026-03-06 03:44:00+00:00,-3.52,3.78,2.40,132.95,24.96,5.69
2026-03-06 03:45:00+00:00,-3.48,3.84,2.63,132.23,26.90,5.81
2026-03-06 03:46:00+00:00,-3.49,3.93,2.50,131.63,25.45,5.82
2026-03-06 03:47:00+00:00,-3.59,3.94,2.30,132.32,23.36,5.81
2026-03-06 03:48:00+00:00,-3.72,3.94,2.50,133.33,24.75,5.96
2026-03-06 03:49:00+00:00,-3.75,3.93,2.27,133.69,22.69,5.89
2026-03-06 03:50:00+00:00,-3.88,3.80,2.30,135.66,22.99,5.90
2026-03-06 03:51:00+00:00,-3.81,3.80,2.39,135.10,23.94,5.89
2026-03-06 03:52:00+00:00,-3.96,3.64,2.38,137.39,23.91,5.88
2026-03-06 03:53:00+00:00,-4.03,3.61,2.00,138.17,20.29,5.76
2026-03-06 03:54:00+00:00,-3.85,3.85,1.83,135.01,18.53,5.75
2026-03-06 03:55:00+00:00,-4.19,3.32,1.89,141.60,19.45,5.68
2026-03-06 03:56:00+00:00,-4.16,3.20,1.99,142.48,20.77,5.62
2026-03-06 03:57:00+00:00,-4.03,3.39,2.21,139.99,22.74,5.71
2026-03-06 03:58:00+00:00,-3.55,3.58,2.24,134.79,23.94,5.52
2026-03-06 03:59:00+00:00,-3.84,4.08,2.98,133.28,28.04,6.35
2026-03-06 04:00:00+00:00,-4.14,2.95,2.58,144.49,26.94,5.70
2026-03-06 04:01:00+00:00,-4.12,2.84,2.76,145.37,28.88,5.71
2026-03-06 04:02:00+00:00,-4.13,3.00,2.82,143.97,28.93,5.83
2026-03-06 04:03:00+00:00,-4.20,3.13,2.63,143.34,26.66,5.86
2026-03-06 04:04:00+00:00,-4.39,3.10,2.41,144.79,24.17,5.89
2026-03-06 04:05:00+00:00,-4.34,3.07,2.33,144.68,23.66,5.80
2026-03-06 04:06:00+00:00,-4.24,3.27,2.12,142.36,21.55,5.76
2026-03-06 04:07:00+00:00,-4.19,3.25,2.17,142.17,22.26,5.73
2026-03-06 04:08:00+00:00,-4.27,3.24,2.27,142.86,22.92,5.82
2026-03-06 04:09:00+00:00,-4.14,3.22,1.88,142.09,19.69,5.57
2026-03-06 04:10:00+00:00,-4.20,3.14,1.71,143.21,18.09,5.51
2026-03-06 04:11:00+00:00,-4.10,3.36,1.51,140.68,15.88,5.51
2026-03-06 04:12:00+00:00,-3.99,3.57,1.00,138.14,10.54,5.45
2026-03-06 04:13:00+00:00,-3.86,3.80,0.02,135.47,0.22,5.42
2026-03-06 04:14:00+00:00,-3.84,3.82,0.32,135.20,3.38,5.43
2026-03-06 04:15:00+00:00,-4.27,2.62,2.26,148.47,24.25,5.50
2026-03-06 04:16:00+00:00,-4.30,2.55,2.42,149.33,25.83,5.55
2026-03-06 04:17:00+00:00,-4.41,3.03,1.89,145.48,19.44,5.67
2026-03-06 04:18:00+00:00,-4.41,3.15,1.73,144.46,17.70,5.69
2026-03-06 04:19:00+00:00,-4.57,3.09,1.36,145.91,13.88,5.68
2026-03-06 04:20:00+00:00,-4.25,3.46,1.30,140.79,13.37,5.63
2026-03-06 04:21:00+00:00,-3.81,3.91,1.20,134.30,12.39,5.59
2026-03-06 04:22:00+00:00,-3.83,3.87,0.70,134.71,7.30,5.49
2026-03-06 04:23:00+00:00,-3.79,3.91,0.77,134.10,8.05,5.50
2026-03-06 04:24:00+00:00,-3.79,3.91,0.94,134.15,9.84,5.52
2026-03-06 04:25:00+00:00,-3.71,4.06,0.51,132.40,5.28,5.52
2026-03-06 04:26:00+00:00,-3.75,4.07,0.37,132.66,3.87,5.55
2026-03-06 04:27:00+00:00,-3.69,4.13,0.25,131.81,2.59,5.54
2026-03-06 04:28:00+00:00,-3.14,4.41,0.96,125.43,10.06,5.49
2026-03-06 04:29:00+00:00,-3.53,4.30,-0.23,129.34,-2.40,5.57
2026-03-06 04:30:00+00:00,-3.41,4.21,-0.36,129.00,-3.79,5.43
2026-03-06 04:31:00+00:00,-3.25,4.33,-0.26,126.89,-2.72,5.41
2026-03-06 04:32:00+00:00,-3.27,4.39,-0.23,126.74,-2.36,5.48
2026-03-06 04:33:00+00:00,-3.25,4.41,-0.25,126.40,-2.65,5.49
2026-03-06 04:34:00+00:00,-3.02,4.38,-0.51,124.62,-5.47,5.35
2026-03-06 04:35:00+00:00,-2.38,4.36,-0.81,118.67,-9.22,5.03
2026-03-06 04:36:00+00:00,-2.19,4.44,-1.06,116.28,-12.12,5.06
2026-03-06 04:37:00+00:00,-2.28,4.43,-1.26,117.24,-14.21,5.13
2026-03-06 04:38:00+00:00,-2.45,4.65,-0.92,117.71,-9.94,5.34
2026-03-06 04:39:00+00:00,-3.11,4.34,-0.24,125.65,-2.60,5.35
2026-03-06 04:40:00+00:00,-3.94,3.93,0.74,135.09,7.53,5.61
2026-03-06 04:41:00+00:00,-3.17,4.49,-0.26,125.22,-2.68,5.50
2026-03-06 04:42:00+00:00,-3.91,4.07,0.37,133.81,3.74,5.66
2026-03-06 04:43:00+00:00,-4.35,3.14,1.14,144.17,12.03,5.49
2026-03-06 04:44:00+00:00,-4.96,2.09,1.70,157.13,17.50,5.64
2026-03-06 04:45:00+00:00,-4.95,1.94,2.22,158.61,22.65,5.76
2026-03-06 04:46:00+00:00,-4.64,2.20,2.69,154.64,27.65,5.80
2026-03-06 04:47:00+00:00,-4.77,1.66,2.77,160.83,28.75,5.75
2026-03-06 04:48:00+00:00,-5.15,1.77,1.84,161.02,18.63,5.75
2026-03-06 04:49:00+00:00,-5.25,1.58,2.00,163.22,20.04,5.84
2026-03-06 04:50:00+00:00,-5.27,1.72,1.69,161.91,16.99,5.79
2026-03-06 04:51:00+00:00,-5.16,1.97,1.75,159.15,17.58,5.80
2026-03-06 04:52:00+00:00,-5.17,1.95,1.96,159.32,19.50,5.87
2026-03-06 04:53:00+00:00,-7.14,2.62,3.78,159.88,26.44,8.49
2026-03-06 04:54:00+00:00,-7.62,2.88,3.90,159.30,25.57,9.04
2026-03-06 04:55:00+00:00,-7.92,3.01,3.94,159.17,24.92,9.34
2026-03-06 04:56:00+00:00,-8.31,2.94,3.38,160.52,20.96,9.44
2026-03-06 04:57:00+00:00,-8.20,3.41,4.51,157.43,26.92,9.95
2026-03-06 04:58:00+00:00,-8.01,3.82,4.26,154.52,25.63,9.84
2026-03-06 04:59:00+00:00,-7.90,3.88,4.16,153.85,25.29,9.73
2026-03-06 05:00:00+00:00,-8.21,3.86,3.86,154.79,23.05,9.86
2026-03-06 05:01:00+00:00,-8.15,4.34,3.81,151.97,22.41,9.99
2026-03-06 05:02:00+00:00,-7.80,4.39,3.74,150.66,22.69,9.70
2026-03-06 05:03:00+00:00,-7.94,4.17,2.78,152.28,17.22,9.39
2026-03-06 05:04:00+00:00,-7.88,3.72,2.06,154.74,13.28,8.95
2026-03-06 05:05:00+00:00,-7.58,4.02,2.30,152.07,14.99,8.88
2026-03-06 05:06:00+00:00,-7.57,4.20,2.12,150.97,13.74,8.91
2026-03-06 05:07:00+00:00,-7.28,4.41,2.59,148.77,16.95,8.90
2026-03-06 05:08:00+00:00,-7.56,4.27,2.92,150.52,18.63,9.16
2026-03-06 05:09:00+00:00,-7.22,4.83,2.43,146.19,15.64,9.02
2026-03-06 05:10:00+00:00,-7.22,4.57,2.69,147.67,17.47,8.96
2026-03-06 05:11:00+00:00,-7.11,5.09,2.48,144.40,15.80,9.09
2026-03-06 05:12:00+00:00,-6.80,5.22,2.06,142.52,13.49,8.82
2026-03-06 05:13:00+00:00,-7.81,2.67,4.33,161.15,27.65,9.32
2026-03-06 05:14:00+00:00,-7.97,2.09,4.74,165.32,29.90,9.50
2026-03-06 05:15:00+00:00,-8.07,1.73,4.83,167.93,30.32,9.56
2026-03-06 05:16:00+00:00,-7.86,1.03,5.16,172.50,33.08,9.46
2026-03-06 05:17:00+00:00,-8.05,2.41,4.39,163.32,27.57,9.48
2026-03-06 05:18:00+00:00,-8.01,2.39,4.47,163.40,28.13,9.47
2026-03-06 05:19:00+00:00,-8.03,2.12,4.48,165.20,28.35,9.43
2026-03-06 05:20:00+00:00,-8.13,1.68,4.45,168.34,28.22,9.42
2026-03-06 05:21:00+00:00,-8.14,1.57,4.61,169.07,29.07,9.49
2026-03-06 05:22:00+00:00,-8.17,1.51,3.76,169.54,24.37,9.12
2026-03-06 05:23:00+00:00,-6.03,5.61,0.17,137.09,1.19,8.24
2026-03-06 05:24:00+00:00,-6.75,5.13,1.42,142.78,9.51,8.60
2026-03-06 05:25:00+00:00,-6.67,5.22,1.54,141.98,10.28,8.61
2026-03-06 05:26:00+00:00,-7.56,3.96,1.75,152.34,11.60,8.71
2026-03-06 05:27:00+00:00,-7.72,3.52,2.28,155.49,15.06,8.78
2026-03-06 05:28:00+00:00,-7.10,4.73,2.29,146.31,15.05,8.83
2026-03-06 05:29:00+00:00,-6.98,5.04,2.63,144.18,16.98,9.00
2026-03-06 05:30:00+00:00,-6.87,5.14,3.22,143.18,20.58,9.17
2026-03-06 05:31:00+00:00,-7.34,5.01,2.50,145.67,15.71,9.23
2026-03-06 05:32:00+00:00,-7.47,4.72,2.91,147.71,18.23,9.30
2026-03-06 05:33:00+00:00,-7.38,4.50,3.34,148.60,21.13,9.27
2026-03-06 05:34:00+00:00,-7.87,2.25,3.80,164.07,24.90,9.02
2026-03-06 05:35:00+00:00,-7.48,0.95,4.66,172.76,31.73,8.86
2026-03-06 05:36:00+00:00,-7.88,3.38,3.55,156.76,22.49,9.28
2026-03-06 05:37:00+00:00,-8.34,2.67,3.37,162.28,21.02,9.38
2026-03-06 05:38:00+00:00,-8.35,2.25,3.66,164.93,22.90,9.39
2026-03-06 05:39:00+00:00,-8.14,2.04,3.84,165.92,24.56,9.23
2026-03-06 05:40:00+00:00,-8.37,2.47,3.58,163.59,22.31,9.43
2026-03-06 05:41:00+00:00,-8.14,2.98,4.00,159.93,24.79,9.55
2026-03-06 05:42:00+00:00,-7.93,3.24,4.57,157.81,28.08,9.71
2026-03-06 05:43:00+00:00,-8.20,3.25,4.25,158.38,25.73,9.79
2026-03-06 05:44:00+00:00,-8.20,3.46,3.61,157.13,22.08,9.61
2026-03-06 05:45:00+00:00,-7.96,2.90,4.64,159.99,28.73,9.66
2026-03-06 05:46:00+00:00,-7.19,2.11,5.68,163.67,37.15,9.40
2026-03-06 05:47:00+00:00,-6.92,2.16,5.58,162.70,37.59,9.15
2026-03-06 05:48:00+00:00,-6.76,2.38,5.43,160.61,37.12,8.99
2026-03-06 05:49:00+00:00,-6.92,3.76,4.32,151.45,28.72,8.98
2026-03-06 05:50:00+00:00,-6.76,4.50,3.84,146.37,25.33,8.99
2026-03-06 05:51:00+00:00,-6.45,4.65,3.58,144.19,24.27,8.72
2026-03-06 05:52:00+00:00,-5.89,3.25,5.39,151.10,38.71,8.62
2026-03-06 05:53:00+00:00,-6.62,3.30,4.76,153.52,32.74,8.80
2026-03-06 05:54:00+00:00,-6.07,3.17,5.28,152.39,37.63,8.64
2026-03-06 05:55:00+00:00,-5.55,3.29,5.23,149.30,39.00,8.30
2026-03-06 05:56:00+00:00,-6.20,3.11,5.02,153.32,35.90,8.56
2026-03-06 05:57:00+00:00,-6.33,3.37,4.60,151.93,32.69,8.52
2026-03-06 05:58:00+00:00,-6.63,3.43,3.73,152.64,26.56,8.34
2026-03-06 05:59:00+00:00,-6.36,2.74,3.32,156.67,25.63,7.68
2026-03-06 06:00:00+00:00,-2.29,1.85,0.93,140.97,17.51,3.09
2026-03-06 06:01:00+00:00,-0.21,0.19,-0.98,138.16,-74.23,1.02
2026-03-06 06:02:00+00:00,-0.85,0.72,-0.12,139.92,-6.36,1.12
2026-03-06 06:03:00+00:00,-1.91,1.21,1.04,147.71,24.80,2.49
2026-03-06 06:04:00+00:00,-2.55,1.40,1.35,151.23,24.94,3.21
2026-03-06 06:05:00+00:00,-2.30,0.87,1.36,159.18,28.87,2.81
2026-03-06 06:06:00+00:00,-2.28,1.14,1.47,153.45,29.97,2.94
2026-03-06 06:07:00+00:00,-2.02,0.94,1.19,154.97,28.12,2.52
2026-03-06 06:08:00+00:00,-2.41,1.19,1.09,153.73,22.16,2.90
2026-03-06 06:09:00+00:00,-3.06,1.77,0.90,149.98,14.33,3.65
2026-03-06 06:10:00+00:00,-3.14,1.69,0.61,151.70,9.66,3.62
2026-03-06 06:11:00+00:00,-2.91,1.79,0.42,148.42,7.08,3.44
2026-03-06 06:12:00+00:00,-2.34,1.53,0.36,146.76,7.28,2.82
2026-03-06 06:13:00+00:00,-1.50,0.49,0.11,161.99,4.08,1.58
2026-03-06 06:14:00+00:00,-1.47,0.24,0.34,170.60,12.87,1.53
2026-03-06 06:15:00+00:00,-1.37,0.27,0.19,168.70,7.88,1.41
2026-03-06 06:16:00+00:00,-1.30,0.37,-0.35,164.21,-14.57,1.40
2026-03-06 06:17:00+00:00,-1.65,0.93,-0.07,150.73,-2.02,1.90
2026-03-06 06:18:00+00:00,-1.11,0.62,-0.35,151.04,-15.55,1.32
2026-03-06 06:19:00+00:00,-1.07,0.53,-0.23,153.64,-10.82,1.21
2026-03-06 06:20:00+00:00,-0.47,-0.90,-0.31,242.29,-17.14,1.07
2026-03-06 06:21:00+00:00,0.11,-1.84,-0.99,273.58,-28.18,2.09
2026-03-06 06:22:00+00:00,0.46,-1.92,-1.32,283.47,-33.72,2.38
2026-03-06 06:23:00+00:00,0.06,-0.53,-0.95,276.32,-60.50,1.09
2026-03-06 06:24:00+00:00,0.80,0.14,-1.20,9.95,-56.10,1.45
2026-03-06 06:25:00+00:00,0.77,0.59,-1.48,37.61,-56.57,1.77
2026-03-06 06:26:00+00:00,0.45,0.99,-0.90,65.46,-39.80,1.41
2026-03-06 06:27:00+00:00,0.40,1.17,-0.97,71.18,-38.25,1.57
2026-03-06 06:28:00+00:00,1.11,0.70,-1.39,32.36,-46.55,1.91
2026-03-06 06:29:00+00:00,1.49,0.59,-1.57,21.77,-44.33,2.24
2026-03-06 06:30:00+00:00,1.68,0.66,-1.64,21.42,-42.28,2.44
2026-03-06 06:31:00+00:00,-0.17,-1.17,-2.05,261.67,-60.05,2.37
2026-03-06 06:32:00+00:00,-0.25,-1.33,-2.19,259.33,-58.23,2.58
2026-03-06 06:33:00+00:00,0.39,-1.33,-2.90,286.25,-64.50,3.21
2026-03-06 06:34:00+00:00,0.51,-1.25,-2.58,291.99,-62.33,2.91
2026-03-06 06:35:00+00:00,0.61,-1.06,-2.52,299.78,-64.19,2.80
2026-03-06 06:36:00+00:00,0.46,-1.09,-2.50,292.72,-64.76,2.76
2026-03-06 06:37:00+00:00,0.30,-1.29,-2.49,282.87,-61.97,2.82
2026-03-06 06:38:00+00:00,0.50,-1.13,-2.41,293.78,-62.77,2.71
2026-03-06 06:39:00+00:00,0.84,0.23,-1.97,15.17,-66.14,2.16
2026-03-06 06:40:00+00:00,0.60,-0.46,-2.06,322.38,-69.88,2.19
2026-03-06 06:41:00+00:00,0.62,-0.46,-1.60,323.09,-64.25,1.78
2026-03-06 06:42:00+00:00,0.78,-0.43,-1.35,331.06,-56.51,1.62
2026-03-06 06:43:00+00:00,0.77,-0.62,-1.43,321.20,-55.46,1.74
2026-03-06 06:44:00+00:00,1.20,-0.91,-1.88,322.87,-51.30,2.41
2026-03-06 06:45:00+00:00,0.97,-0.85,-1.88,318.99,-55.45,2.28
2026-03-06 06:46:00+00:00,1.22,-0.94,-1.89,322.26,-50.82,2.43
2026-03-06 06:47:00+00:00,1.59,-0.71,-1.88,335.96,-47.23,2.56
2026-03-06 06:48:00+00:00,1.02,-0.27,-1.11,345.06,-46.56,1.54
2026-03-06 06:49:00+00:00,0.31,-0.98,-1.34,287.42,-52.46,1.68
2026-03-06 06:50:00+00:00,0.34,-0.96,-1.34,289.62,-52.86,1.68
2026-03-06 06:51:00+00:00,0.74,-1.52,-2.10,295.93,-51.15,2.70
2026-03-06 06:52:00+00:00,1.00,-1.09,-1.95,312.52,-52.80,2.45
2026-03-06 06:53:00+00:00,0.94,-1.22,-2.19,307.72,-54.76,2.68
2026-03-06 06:54:00+00:00,1.21,-0.92,-2.10,322.66,-54.01,2.59
2026-03-06 06:55:00+00:00,1.30,-0.62,-2.05,334.63,-54.99,2.50
2026-03-06 06:56:00+00:00,1.52,-1.23,-2.27,321.02,-49.19,3.00
2026-03-06 06:57:00+00:00,0.29,-2.59,-1.50,276.32,-29.92,3.00
2026-03-06 06:58:00+00:00,0.58,-2.01,-1.62,286.12,-37.68,2.64
2026-03-06 06:59:00+00:00,1.01,-1.61,-1.65,302.03,-40.95,2.52
2026-03-06 07:00:00+00:00,1.44,-1.33,-1.57,317.31,-38.68,2.51
2026-03-06 07:01:00+00:00,1.63,-1.13,-1.84,325.13,-42.82,2.70
2026-03-06 07:02:00+00:00,1.71,-1.33,-2.14,322.16,-44.73,3.04
2026-03-06 07:03:00+00:00,1.54,-1.53,-2.25,315.24,-45.96,3.12
2026-03-06 07:04:00+00:00,1.70,-1.51,-2.02,318.41,-41.59,3.04
2026-03-06 07:05:00+00:00,1.68,-1.50,-1.98,318.29,-41.30,3.00
2026-03-06 07:06:00+00:00,1.53,-1.37,-1.97,318.10,-43.72,2.84
2026-03-06 07:07:00+00:00,1.60,-1.32,-2.17,320.29,-46.34,3.00
2026-03-06 07:08:00+00:00,1.11,-1.42,-2.62,307.96,-55.55,3.18
2026-03-06 07:09:00+00:00,2.19,-1.01,-2.20,335.18,-42.36,3.27
2026-03-06 07:10:00+00:00,1.91,-0.98,-2.31,332.96,-47.13,3.16
2026-03-06 07:11:00+00:00,0.66,-1.28,-2.35,297.10,-58.41,2.76
2026-03-06 07:12:00+00:00,-0.27,-1.32,-2.26,258.39,-59.09,2.63
2026-03-06 07:13:00+00:00,-0.57,-1.43,-2.31,248.11,-56.24,2.77
2026-03-06 07:14:00+00:00,-0.69,-1.48,-2.28,244.88,-54.35,2.80
2026-03-06 07:15:00+00:00,-0.27,-1.66,-2.26,260.69,-53.32,2.82
2026-03-06 07:16:00+00:00,0.42,-1.14,-2.27,290.18,-61.97,2.58
2026-03-06 07:17:00+00:00,1.00,-0.65,-2.18,326.79,-61.30,2.48
2026-03-06 07:18:00+00:00,0.61,-0.87,-2.23,305.09,-64.53,2.48
2026-03-06 07:19:00+00:00,0.89,-0.98,-2.09,312.44,-57.67,2.48
2026-03-06 07:20:00+00:00,0.02,-0.89,-2.28,271.41,-68.73,2.45
2026-03-06 07:21:00+00:00,0.15,-0.88,-2.39,279.76,-69.50,2.55
2026-03-06 07:22:00+00:00,0.32,-0.74,-2.32,293.32,-70.91,2.46
2026-03-06 07:23:00+00:00,1.29,0.41,-1.00,17.77,-36.49,1.69
2026-03-06 07:24:00+00:00,1.18,0.39,-1.04,18.16,-39.92,1.61
2026-03-06 07:25:00+00:00,1.26,0.46,-1.14,20.19,-40.34,1.76
2026-03-06 07:26:00+00:00,0.90,0.76,-0.77,40.18,-33.15,1.40
2026-03-06 07:27:00+00:00,0.92,1.19,-0.53,52.41,-19.27,1.60
2026-03-06 07:28:00+00:00,0.87,1.37,-0.48,57.51,-16.42,1.69
2026-03-06 07:29:00+00:00,0.85,1.24,-0.79,55.71,-27.83,1.70
2026-03-06 07:30:00+00:00,0.95,1.42,-0.79,56.23,-24.84,1.89
2026-03-06 07:31:00+00:00,0.97,1.40,-0.65,55.21,-20.93,1.82
2026-03-06 07:32:00+00:00,1.04,1.57,-0.72,56.37,-21.02,2.02
2026-03-06 07:33:00+00:00,0.63,1.37,-0.48,65.34,-17.74,1.58
2026-03-06 07:34:00+00:00,0.62,1.49,-0.38,67.28,-13.20,1.66
2026-03-06 07:35:00+00:00,0.57,1.41,-0.36,68.14,-13.38,1.56
2026-03-06 07:36:00+00:00,0.36,1.37,-0.31,75.24,-12.44,1.45
2026-03-06 07:37:00+00:00,0.08,0.99,-0.32,85.12,-17.80,1.04
2026-03-06 07:38:00+00:00,0.21,1.15,-0.47,79.79,-21.96,1.26
2026-03-06 07:39:00+00:00,0.18,0.92,-0.31,79.00,-18.58,0.99
2026-03-06 07:40:00+00:00,0.11,1.83,-0.51,86.55,-15.45,1.90
2026-03-06 07:41:00+00:00,0.20,2.66,-0.84,85.74,-17.49,2.79
2026-03-06 07:42:00+00:00,-0.02,2.73,-0.89,90.51,-18.03,2.87
2026-03-06 07:43:00+00:00,0.11,2.86,-0.74,87.73,-14.52,2.96
2026-03-06 07:44:00+00:00,-0.05,2.63,-0.80,91.00,-17.00,2.75
2026-03-06 07:45:00+00:00,-0.14,2.76,-0.71,92.87,-14.37,2.85
2026-03-06 07:46:00+00:00,-0.28,2.75,-0.61,95.84,-12.37,2.83
2026-03-06 07:47:00+00:00,-0.15,3.13,-0.58,92.79,-10.49,3.19
2026-03-06 07:48:00+00:00,-0.21,2.97,-0.49,94.07,-9.25,3.02
2026-03-06 07:49:00+00:00,-0.53,2.92,-0.28,100.24,-5.40,2.98
2026-03-06 07:50:00+00:00,-0.41,2.61,-0.21,98.82,-4.61,2.65
2026-03-06 07:51:00+00:00,0.26,2.42,-0.45,83.84,-10.60,2.47
2026-03-06 07:52:00+00:00,0.74,1.77,-0.61,67.17,-17.67,2.01
2026-03-06 07:53:00+00:00,0.86,1.69,-0.66,63.02,-19.18,2.01
2026-03-06 07:54:00+00:00,-0.47,2.94,-0.44,99.07,-8.33,3.01
2026-03-06 07:55:00+00:00,-0.81,3.05,-0.35,104.85,-6.39,3.18
2026-03-06 07:56:00+00:00,-1.12,2.96,-0.13,110.72,-2.36,3.17
2026-03-06 07:57:00+00:00,-0.96,2.88,-0.09,108.50,-1.66,3.04
2026-03-06 07:58:00+00:00,-0.26,1.99,-0.24,97.50,-6.84,2.02
2026-03-06 07:59:00+00:00,-0.81,1.57,-0.04,117.32,-1.19,1.76
2026-03-06 08:00:00+00:00,-1.38,2.34,0.05,120.52,1.14,2.72
2026-03-06 08:01:00+00:00,-1.45,2.68,-0.20,118.45,-3.76,3.05
2026-03-06 08:02:00+00:00,-1.91,2.48,-0.58,127.57,-10.52,3.18
2026-03-06 08:03:00+00:00,-1.82,1.97,-0.40,132.60,-8.53,2.71
2026-03-06 08:04:00+00:00,-1.92,1.91,-0.30,135.10,-6.27,2.73
2026-03-06 08:05:00+00:00,-2.16,2.36,-0.41,132.46,-7.38,3.22
2026-03-06 08:06:00+00:00,-2.02,2.35,-0.43,130.61,-7.84,3.13
2026-03-06 08:07:00+00:00,-2.10,2.32,-0.32,132.19,-5.81,3.15
2026-03-06 08:08:00+00:00,-2.25,2.19,-0.30,135.82,-5.51,3.15
2026-03-06 08:09:00+00:00,-2.09,2.08,-0.28,135.19,-5.48,2.96
2026-03-06 08:10:00+00:00,-2.20,2.08,-0.32,136.62,-5.96,3.04
2026-03-06 08:11:00+00:00,-2.10,2.31,-0.41,132.31,-7.51,3.15
2026-03-06 08:12:00+00:00,-2.17,2.42,-0.56,131.81,-9.81,3.30
2026-03-06 08:13:00+00:00,-2.01,2.23,-0.93,132.04,-17.09,3.15
2026-03-06 08:14:00+00:00,-2.15,2.17,-0.82,134.77,-14.96,3.16
2026-03-06 08:15:00+00:00,-1.54,1.98,-0.63,127.96,-14.18,2.58
2026-03-06 08:16:00+00:00,-0.44,2.25,-0.53,101.10,-13.06,2.36
2026-03-06 08:17:00+00:00,-2.07,2.41,-0.64,130.58,-11.36,3.24
2026-03-06 08:18:00+00:00,-1.88,2.83,-0.53,123.60,-8.88,3.44
2026-03-06 08:19:00+00:00,-1.90,2.87,-0.55,123.57,-9.01,3.48
2026-03-06 08:20:00+00:00,-2.01,2.89,-0.45,124.75,-7.27,3.55
2026-03-06 08:21:00+00:00,-1.97,2.89,-0.29,124.24,-4.73,3.50
2026-03-06 08:22:00+00:00,-1.70,2.88,-0.01,120.54,-0.22,3.34
2026-03-06 08:23:00+00:00,-1.00,3.02,-0.81,108.41,-14.27,3.28
2026-03-06 08:24:00+00:00,-1.36,3.15,-0.42,113.34,-7.04,3.46
2026-03-06 08:25:00+00:00,-1.63,3.13,0.47,117.52,7.60,3.56
2026-03-06 08:26:00+00:00,-1.32,3.19,-0.25,112.47,-4.08,3.46
2026-03-06 08:27:00+00:00,-1.22,2.86,-0.99,113.17,-17.60,3.26
2026-03-06 08:28:00+00:00,-0.89,2.74,-1.41,108.06,-26.09,3.21
2026-03-06 08:29:00+00:00,-1.23,3.41,-0.41,109.79,-6.47,3.65
2026-03-06 08:30:00+00:00,-1.16,3.65,-0.04,107.57,-0.57,3.83
2026-03-06 08:31:00+00:00,-1.20,3.59,-0.16,108.50,-2.41,3.79
2026-03-06 08:32:00+00:00,-1.29,3.57,0.00,109.89,0.01,3.79
2026-03-06 08:33:00+00:00,-1.17,3.39,-0.28,109.10,-4.44,3.60
2026-03-06 08:34:00+00:00,-1.09,3.39,-0.23,107.85,-3.68,3.57
2026-03-06 08:35:00+00:00,-1.13,3.53,-0.01,107.83,-0.12,3.71
2026-03-06 08:36:00+00:00,-1.16,3.52,0.29,108.27,4.44,3.72
2026-03-06 08:37:00+00:00,-1.11,3.64,0.69,106.92,10.20,3.87
2026-03-06 08:38:00+00:00,-1.17,3.49,0.86,108.51,13.08,3.78
2026-03-06 08:39:00+00:00,-1.11,3.43,0.93,107.90,14.46,3.72
2026-03-06 08:40:00+00:00,-1.10,3.43,1.10,107.84,17.00,3.76
2026-03-06 08:41:00+00:00,-1.19,3.43,1.21,109.10,18.42,3.83
2026-03-06 08:42:00+00:00,-0.99,3.48,0.99,105.81,15.26,3.75
2026-03-06 08:43:00+00:00,-0.90,3.28,1.40,105.39,22.35,3.68
2026-03-06 08:44:00+00:00,-0.80,3.27,1.59,103.75,25.30,3.73
2026-03-06 08:45:00+00:00,-0.81,3.27,1.81,103.98,28.25,3.83
2026-03-06 08:46:00+00:00,-0.71,3.24,1.88,102.38,29.53,3.82
2026-03-06 08:47:00+00:00,-0.42,3.14,2.16,97.68,34.33,3.84
2026-03-06 08:48:00+00:00,-0.80,3.26,2.24,103.79,33.78,4.03
2026-03-06 08:49:00+00:00,-0.92,3.68,1.76,103.97,24.91,4.18
2026-03-06 08:50:00+00:00,-0.97,3.26,2.03,106.52,30.78,3.96
2026-03-06 08:51:00+00:00,-1.18,2.96,2.38,111.77,36.75,3.98
2026-03-06 08:52:00+00:00,-1.27,2.28,2.59,119.02,44.82,3.68
2026-03-06 08:53:00+00:00,-1.47,1.44,3.01,135.60,55.66,3.65
2026-03-06 08:54:00+00:00,-1.47,0.96,2.18,146.85,51.18,2.79
2026-03-06 08:55:00+00:00,-0.27,0.66,1.65,112.00,66.74,1.79
2026-03-06 08:56:00+00:00,0.28,0.31,1.30,48.59,72.27,1.37
2026-03-06 08:57:00+00:00,1.01,0.58,0.88,30.02,36.90,1.46
2026-03-06 08:58:00+00:00,-0.09,0.08,1.45,137.37,85.11,1.45
2026-03-06 08:59:00+00:00,-0.42,-0.10,1.50,192.97,73.97,1.56
2026-03-06 09:00:00+00:00,-0.88,-0.18,0.96,191.79,46.79,1.32
2026-03-06 09:01:00+00:00,-0.68,-0.29,1.08,203.17,55.54,1.31
2026-03-06 09:02:00+00:00,-0.57,-0.24,1.29,203.00,64.46,1.43
2026-03-06 09:03:00+00:00,-0.45,-0.25,1.46,209.41,70.51,1.55
2026-03-06 09:04:00+00:00,-0.41,-0.27,1.59,213.06,72.84,1.66
2026-03-06 09:05:00+00:00,-0.50,-0.33,1.40,213.74,66.80,1.53
2026-03-06 09:06:00+00:00,-0.30,-0.84,1.44,250.42,58.15,1.69
2026-03-06 09:07:00+00:00,-0.34,-0.91,1.05,249.58,47.20,1.43
2026-03-06 09:08:00+00:00,-0.38,-1.04,1.18,249.69,46.83,1.62
2026-03-06 09:09:00+00:00,-0.28,-1.24,1.23,257.38,44.02,1.77
2026-03-06 09:10:00+00:00,-0.21,-1.14,1.23,259.54,46.79,1.69
2026-03-06 09:11:00+00:00,-0.10,-1.27,1.11,265.42,41.14,1.69
2026-03-06 09:12:00+00:00,-0.15,-1.19,0.91,262.90,37.28,1.50
2026-03-06 09:13:00+00:00,-0.15,-1.33,1.10,263.48,39.39,1.74
2026-03-06 09:14:00+00:00,-0.20,-1.15,1.05,260.28,42.21,1.57
2026-03-06 09:15:00+00:00,0.20,-2.13,1.39,275.28,33.12,2.55
2026-03-06 09:16:00+00:00,0.28,-2.25,1.35,277.03,30.74,2.64
2026-03-06 09:17:00+00:00,0.37,-2.40,1.29,278.88,27.99,2.75
2026-03-06 09:18:00+00:00,0.46,-2.51,1.22,280.38,25.54,2.83
2026-03-06 09:19:00+00:00,0.35,-2.54,0.99,277.88,21.01,2.75
2026-03-06 09:20:00+00:00,0.41,-2.67,0.92,278.72,18.78,2.86
2026-03-06 09:21:00+00:00,0.82,-2.84,1.33,286.14,24.21,3.24
2026-03-06 09:22:00+00:00,0.70,-2.98,1.39,283.22,24.37,3.36
2026-03-06 09:23:00+00:00,0.75,-3.05,1.30,283.72,22.53,3.40
2026-03-06 09:24:00+00:00,0.74,-3.12,1.08,283.33,18.61,3.38
2026-03-06 09:25:00+00:00,0.95,-2.93,1.11,287.97,19.78,3.27
2026-03-06 09:26:00+00:00,1.17,-2.88,1.10,292.02,19.46,3.30
2026-03-06 09:27:00+00:00,1.08,-2.89,0.85,290.53,15.44,3.20
2026-03-06 09:28:00+00:00,0.97,-2.90,0.87,288.39,15.90,3.18
2026-03-06 09:29:00+00:00,0.82,-2.88,0.83,285.90,15.52,3.11
2026-03-06 09:30:00+00:00,0.76,-2.79,0.73,285.13,14.17,2.98
2026-03-06 09:31:00+00:00,0.76,-2.82,0.77,285.15,14.86,3.02
2026-03-06 09:32:00+00:00,0.64,-2.82,0.77,282.75,14.88,2.99
2026-03-06 09:33:00+00:00,0.42,-2.71,0.94,278.83,18.88,2.90
2026-03-06 09:34:00+00:00,0.22,-2.68,1.27,274.77,25.29,2.98
2026-03-06 09:35:00+00:00,0.12,-2.75,1.21,272.53,23.67,3.01
2026-03-06 09:36:00+00:00,0.59,-2.63,0.46,282.68,9.72,2.73
2026-03-06 09:37:00+00:00,0.70,-2.69,0.51,284.53,10.45,2.82
2026-03-06 09:38:00+00:00,0.68,-2.78,0.59,283.68,11.67,2.92
2026-03-06 09:39:00+00:00,0.79,-2.66,0.57,286.51,11.58,2.83
2026-03-06 09:40:00+00:00,0.74,-2.80,0.70,284.78,13.53,2.98
2026-03-06 09:41:00+00:00,0.58,-2.74,0.71,281.98,14.29,2.90
2026-03-06 09:42:00+00:00,0.30,-2.78,0.44,276.11,8.99,2.83
2026-03-06 09:43:00+00:00,0.25,-2.80,0.36,275.10,7.22,2.83
2026-03-06 09:44:00+00:00,0.39,-2.65,0.58,278.39,12.31,2.74
2026-03-06 09:45:00+00:00,0.41,-2.41,0.70,279.78,16.06,2.54
2026-03-06 09:46:00+00:00,0.54,-2.73,0.43,281.10,8.79,2.81
2026-03-06 09:47:00+00:00,0.34,-2.61,0.70,277.37,14.87,2.72
2026-03-06 09:48:00+00:00,0.43,-2.94,0.18,278.26,3.54,2.98
2026-03-06 09:49:00+00:00,0.54,-2.86,0.35,280.76,6.85,2.93
2026-03-06 09:50:00+00:00,0.45,-2.77,0.23,279.23,4.67,2.81
2026-03-06 09:51:00+00:00,0.57,-2.78,0.14,281.63,2.74,2.84
2026-03-06 09:52:00+00:00,0.71,-2.84,0.05,284.06,1.04,2.93
2026-03-06 09:53:00+00:00,0.71,-2.90,0.10,283.69,1.97,2.99
2026-03-06 09:54:00+00:00,0.64,-2.90,0.16,282.41,3.15,2.98
2026-03-06 09:55:00+00:00,0.55,-2.89,0.20,280.72,3.89,2.95
2026-03-06 09:56:00+00:00,0.44,-2.86,0.13,278.75,2.64,2.90
2026-03-06 09:57:00+00:00,0.57,-2.69,0.13,281.92,2.79,2.75
2026-03-06 09:58:00+00:00,-0.38,-2.57,-0.15,261.66,-3.28,2.60
2026-03-06 09:59:00+00:00,-0.58,-2.20,-0.21,255.24,-5.26,2.29
2026-03-06 10:00:00+00:00,0.00,-2.74,-0.31,270.03,-6.53,2.76
2026-03-06 10:01:00+00:00,0.62,-3.14,0.14,281.13,2.60,3.20
2026-03-06 10:03:00+00:00,1.33,-2.18,0.71,301.31,15.44,2.65
2026-03-06 10:04:00+00:00,1.33,-2.13,0.66,301.90,14.64,2.59
2026-03-06 10:05:00+00:00,1.31,-2.19,0.49,300.88,10.88,2.59
2026-03-06 10:06:00+00:00,1.12,-2.66,0.10,292.77,2.03,2.89
2026-03-06 10:07:00+00:00,1.02,-2.72,0.01,290.56,0.15,2.91
2026-03-06 10:08:00+00:00,1.04,-2.77,-0.11,290.58,-2.12,2.96
2026-03-06 10:09:00+00:00,0.81,-2.61,-0.73,287.28,-15.02,2.83
2026-03-06 10:10:00+00:00,0.74,-2.33,-0.56,287.58,-12.92,2.51
2026-03-06 10:11:00+00:00,1.05,-2.11,-0.29,296.47,-6.93,2.38
2026-03-06 10:12:00+00:00,1.05,-1.86,-0.42,299.33,-11.15,2.17
2026-03-06 10:13:00+00:00,0.94,-2.03,-0.35,294.91,-9.01,2.26
2026-03-06 10:14:00+00:00,0.97,-2.33,-0.19,292.57,-4.20,2.53
2026-03-06 10:15:00+00:00,1.05,-3.08,-0.39,288.80,-6.80,3.28
2026-03-06 10:16:00+00:00,0.93,-2.90,-0.55,287.76,-10.29,3.09
2026-03-06 10:17:00+00:00,1.03,-2.76,-0.82,290.56,-15.62,3.06
2026-03-06 10:18:00+00:00,1.03,-2.81,-0.86,290.22,-15.99,3.11
2026-03-06 10:19:00+00:00,0.97,-2.84,-0.89,288.86,-16.50,3.13
2026-03-06 10:20:00+00:00,0.45,-2.45,-0.50,280.42,-11.26,2.54
2026-03-06 10:21:00+00:00,0.26,-1.51,-0.29,279.77,-10.55,1.56
2026-03-06 10:22:00+00:00,0.93,-0.81,-1.11,318.89,-42.15,1.66
2026-03-06 10:23:00+00:00,1.34,-1.13,-0.95,319.88,-28.54,1.99
2026-03-06 10:24:00+00:00,1.56,-1.00,-1.05,327.35,-29.53,2.12
2026-03-06 10:25:00+00:00,1.41,-1.36,-0.59,316.07,-16.89,2.05
2026-03-06 10:26:00+00:00,1.07,-1.34,-0.54,308.60,-17.49,1.79
2026-03-06 10:27:00+00:00,0.78,-1.21,-0.54,302.64,-20.64,1.54
2026-03-06 10:28:00+00:00,1.25,-1.51,-0.68,309.62,-19.26,2.07
2026-03-06 10:29:00+00:00,1.25,-0.74,-0.88,329.25,-31.17,1.70
2026-03-06 10:30:00+00:00,1.20,-1.17,-0.51,315.64,-16.76,1.75
2026-03-06 10:31:00+00:00,1.46,-1.48,-0.76,314.64,-20.02,2.22
2026-03-06 10:32:00+00:00,1.26,-1.73,-0.50,306.00,-13.24,2.20
2026-03-06 10:33:00+00:00,2.14,-3.04,-0.81,305.16,-12.28,3.81
2026-03-06 10:34:00+00:00,2.80,-3.49,-1.44,308.73,-17.84,4.70
2026-03-06 10:35:00+00:00,3.13,-3.92,-1.45,308.57,-16.13,5.22
2026-03-06 10:36:00+00:00,2.82,-3.85,-1.46,306.23,-16.98,4.99
2026-03-06 10:37:00+00:00,2.94,-3.94,-1.66,306.73,-18.67,5.19
2026-03-06 10:38:00+00:00,3.37,-3.91,-1.64,310.76,-17.63,5.42
2026-03-06 10:39:00+00:00,3.40,-3.80,-1.82,311.82,-19.65,5.41
2026-03-06 10:40:00+00:00,2.88,-3.45,-1.68,309.88,-20.50,4.79
2026-03-06 10:41:00+00:00,2.43,-3.93,-0.46,301.74,-5.62,4.64
2026-03-06 10:42:00+00:00,2.52,-3.90,-0.51,302.91,-6.28,4.67
2026-03-06 10:43:00+00:00,2.64,-3.31,-1.05,308.59,-13.94,4.36
2026-03-06 10:44:00+00:00,2.71,-3.19,-1.26,310.31,-16.72,4.37
2026-03-06 10:45:00+00:00,2.88,-3.63,-1.02,308.41,-12.47,4.74
2026-03-06 10:46:00+00:00,3.06,-3.68,-1.01,309.70,-11.97,4.89
2026-03-06 10:47:00+00:00,2.99,-3.72,-1.13,308.76,-13.29,4.90
2026-03-06 10:48:00+00:00,2.99,-3.99,-1.25,306.87,-14.13,5.14
2026-03-06 10:49:00+00:00,2.64,-3.95,-0.84,303.72,-10.04,4.83
2026-03-06 10:50:00+00:00,2.73,-3.80,-0.97,305.72,-11.66,4.78
2026-03-06 10:51:00+00:00,2.92,-3.72,-1.11,308.11,-13.20,4.85
2026-03-06 10:52:00+00:00,2.89,-3.85,-0.80,306.91,-9.44,4.88
2026-03-06 10:53:00+00:00,3.02,-3.71,-1.43,309.18,-16.66,5.00
2026-03-06 10:54:00+00:00,3.21,-3.57,-1.90,311.99,-21.65,5.16
2026-03-06 10:55:00+00:00,3.27,-3.43,-2.04,313.62,-23.28,5.16
2026-03-06 10:56:00+00:00,2.75,-3.39,-2.61,309.02,-30.88,5.08
2026-03-06 10:57:00+00:00,3.29,-3.35,-2.50,314.51,-28.05,5.32
2026-03-06 10:58:00+00:00,3.34,-3.33,-2.49,315.08,-27.81,5.33
2026-03-06 10:59:00+00:00,3.21,-3.11,-2.59,315.90,-30.12,5.16
2026-03-06 11:00:00+00:00,3.37,-3.02,-2.51,318.15,-28.98,5.17
2026-03-06 11:01:00+00:00,3.54,-2.79,-2.46,321.82,-28.61,5.14
2026-03-06 11:02:00+00:00,2.58,-3.51,-2.43,306.37,-29.12,4.99
2026-03-06 11:03:00+00:00,2.36,-3.96,-1.79,300.79,-21.21,4.94
2026-03-06 11:04:00+00:00,2.46,-3.88,-2.10,302.33,-24.62,5.05
2026-03-06 11:05:00+00:00,2.96,-3.39,-2.61,311.12,-30.11,5.21
2026-03-06 11:06:00+00:00,2.97,-3.96,-1.56,306.91,-17.46,5.19
2026-03-06 11:07:00+00:00,3.18,-4.03,-1.19,308.27,-13.05,5.27
2026-03-06 11:08:00+00:00,3.40,-3.86,-1.34,311.38,-14.63,5.31
2026-03-06 11:09:00+00:00,3.51,-3.48,-1.63,315.19,-18.25,5.21
2026-03-06 11:10:00+00:00,3.39,-3.37,-1.88,315.12,-21.43,5.14
2026-03-06 11:11:00+00:00,2.95,-4.03,-1.98,306.24,-21.63,5.37
2026-03-06 11:12:00+00:00,3.25,-3.55,-1.96,312.46,-22.10,5.20
2026-03-06 11:13:00+00:00,3.45,-3.66,-1.95,313.31,-21.19,5.40
2026-03-06 11:14:00+00:00,3.48,-3.41,-1.94,315.58,-21.71,5.24
2026-03-06 11:15:00+00:00,3.28,-3.67,-2.58,311.75,-27.61,5.56
2026-03-06 11:16:00+00:00,3.10,-3.71,-2.74,309.87,-29.52,5.56
2026-03-06 11:17:00+00:00,3.13,-3.66,-2.37,310.57,-26.23,5.37
2026-03-06 11:18:00+00:00,3.12,-3.70,-2.29,310.17,-25.35,5.35
2026-03-06 11:19:00+00:00,3.25,-3.62,-2.33,311.94,-25.55,5.39
2026-03-06 11:20:00+00:00,3.25,-3.50,-2.35,312.86,-26.21,5.33
2026-03-06 11:21:00+00:00,3.27,-3.50,-2.20,313.05,-24.70,5.27
2026-03-06 11:22:00+00:00,3.23,-3.44,-2.30,313.19,-26.01,5.26
2026-03-06 11:23:00+00:00,3.46,-3.46,-2.45,314.96,-26.59,5.47
2026-03-06 11:24:00+00:00,3.42,-3.79,-2.44,312.06,-25.54,5.66
2026-03-06 11:25:00+00:00,3.52,-3.87,-2.21,312.30,-22.87,5.68
2026-03-06 11:26:00+00:00,3.62,-3.70,-2.34,314.37,-24.37,5.68
2026-03-06 11:27:00+00:00,3.67,-3.48,-2.34,316.54,-24.84,5.57
2026-03-06 11:28:00+00:00,3.44,-3.57,-2.67,313.92,-28.26,5.63
2026-03-06 11:29:00+00:00,3.31,-3.76,-2.91,311.40,-30.19,5.79
2026-03-06 11:30:00+00:00,3.42,-3.78,-2.85,312.17,-29.24,5.84
2026-03-06 11:31:00+00:00,3.36,-3.63,-2.80,312.85,-29.54,5.69
2026-03-06 11:32:00+00:00,3.43,-3.40,-2.88,315.23,-30.81,5.62
2026-03-06 11:33:00+00:00,3.51,-3.12,-2.92,318.42,-31.90,5.53
2026-03-06 11:34:00+00:00,3.47,-3.06,-2.83,318.60,-31.51,5.42
2026-03-06 11:35:00+00:00,3.73,-2.67,-2.73,324.42,-30.78,5.34
2026-03-06 11:36:00+00:00,3.86,-2.24,-2.75,329.87,-31.66,5.24
2026-03-06 11:37:00+00:00,4.00,-0.91,-3.16,347.18,-37.61,5.18
2026-03-06 11:38:00+00:00,3.91,-0.90,-2.87,347.02,-35.59,4.93
2026-03-06 11:39:00+00:00,3.69,-0.46,-2.74,352.95,-36.42,4.62
2026-03-06 11:40:00+00:00,3.42,-0.63,-2.63,349.61,-37.10,4.36
2026-03-06 11:41:00+00:00,3.46,-0.68,-2.54,348.91,-35.77,4.35
2026-03-06 11:42:00+00:00,3.33,-0.76,-2.61,347.20,-37.42,4.30
2026-03-06 11:43:00+00:00,3.22,-1.37,-2.68,336.98,-37.45,4.41
2026-03-06 11:44:00+00:00,3.81,-0.23,-2.85,356.57,-36.76,4.77
2026-03-06 11:45:00+00:00,3.86,-0.90,-2.79,346.87,-35.15,4.85
2026-03-06 11:46:00+00:00,3.65,-0.86,-2.94,346.74,-38.03,4.76
2026-03-06 11:47:00+00:00,3.97,-1.19,-2.46,343.31,-30.68,4.82
2026-03-06 11:48:00+00:00,3.92,-1.18,-2.79,343.28,-34.22,4.96
2026-03-06 11:49:00+00:00,4.11,-0.89,-2.54,347.81,-31.15,4.91
2026-03-06 11:50:00+00:00,4.20,-0.76,-2.43,349.79,-29.67,4.91
2026-03-06 11:51:00+00:00,4.20,-0.76,-2.25,349.78,-27.82,4.82
2026-03-06 11:52:00+00:00,4.28,-0.71,-2.18,350.61,-26.70,4.85
2026-03-06 11:53:00+00:00,4.30,-0.56,-2.25,352.60,-27.44,4.89
2026-03-06 11:54:00+00:00,4.41,-0.52,-2.09,353.31,-25.20,4.90
2026-03-06 11:55:00+00:00,4.38,-0.07,-2.05,359.11,-25.05,4.84
2026-03-06 11:56:00+00:00,4.36,-0.42,-2.15,354.48,-26.15,4.88
2026-03-06 11:57:00+00:00,3.92,-0.41,-2.16,353.97,-28.74,4.50
2026-03-06 11:58:00+00:00,3.82,-0.50,-1.98,352.50,-27.16,4.33
2026-03-06 11:59:00+00:00,3.17,-0.95,-2.89,343.37,-41.19,4.39
2026-03-06 12:00:00+00:00,3.03,-1.06,-2.99,340.69,-42.92,4.39
2026-03-06 12:01:00+00:00,3.02,-1.06,-3.00,340.73,-43.17,4.39
2026-03-06 12:02:00+00:00,3.15,-1.06,-3.08,341.40,-42.86,4.53
2026-03-06 12:03:00+00:00,3.35,-1.11,-3.45,341.68,-44.38,4.93
2026-03-06 12:04:00+00:00,3.24,-0.95,-3.71,343.62,-47.76,5.02
2026-03-06 12:05:00+00:00,3.06,-0.80,-3.89,345.40,-50.93,5.02
2026-03-06 12:06:00+00:00,2.70,-1.17,-3.90,336.51,-52.93,4.88
2026-03-06 12:07:00+00:00,2.23,-0.75,-4.10,341.41,-60.16,4.73
2026-03-06 12:08:00+00:00,1.75,-2.14,-3.66,309.20,-52.91,4.59
2026-03-06 12:09:00+00:00,1.84,-2.06,-3.68,311.72,-53.16,4.60
2026-03-06 12:10:00+00:00,2.11,-1.23,-3.67,329.78,-56.34,4.41
2026-03-06 12:11:00+00:00,2.40,-0.96,-3.54,338.19,-53.83,4.38
2026-03-06 12:12:00+00:00,1.91,-2.63,-3.66,305.93,-48.38,4.90
2026-03-06 12:13:00+00:00,2.03,-2.87,-3.55,305.29,-45.27,4.99
2026-03-06 12:14:00+00:00,2.39,-2.93,-3.68,309.13,-44.23,5.28
2026-03-06 12:15:00+00:00,2.22,-3.43,-3.62,302.88,-41.55,5.46
2026-03-06 12:16:00+00:00,1.68,-3.86,-3.22,293.53,-37.41,5.30
2026-03-06 12:17:00+00:00,1.49,-3.14,-3.06,295.45,-41.31,4.63
2026-03-06 12:18:00+00:00,1.96,-2.08,-3.42,313.28,-50.12,4.46
2026-03-06 12:19:00+00:00,2.09,-1.67,-3.42,321.32,-52.00,4.34
2026-03-06 12:20:00+00:00,2.00,-1.27,-3.98,327.57,-59.21,4.63
2026-03-06 12:21:00+00:00,1.68,-1.35,-3.89,321.33,-61.02,4.45
2026-03-06 12:22:00+00:00,1.73,-1.76,-4.27,314.51,-59.96,4.93
2026-03-06 12:23:00+00:00,2.01,-1.14,-4.09,330.52,-60.58,4.70
2026-03-06 12:24:00+00:00,1.62,-1.20,-4.07,323.59,-63.59,4.54
2026-03-06 12:25:00+00:00,1.93,-1.02,-3.76,332.14,-59.89,4.35
2026-03-06 12:26:00+00:00,2.31,-1.55,-3.47,326.09,-51.23,4.45
2026-03-06 12:27:00+00:00,2.93,-1.16,-2.88,338.43,-42.42,4.27
2026-03-06 12:28:00+00:00,2.65,-1.26,-3.02,334.61,-45.87,4.21
2026-03-06 12:29:00+00:00,1.96,-0.33,-3.95,350.41,-63.29,4.43
2026-03-06 12:30:00+00:00,2.44,-0.81,-3.54,341.71,-54.01,4.38
2026-03-06 12:31:00+00:00,2.69,-1.75,-3.11,326.92,-44.12,4.47
2026-03-06 12:32:00+00:00,2.71,-1.98,-3.02,323.88,-42.03,4.52
2026-03-06 12:33:00+00:00,2.80,-2.00,-3.18,324.45,-42.75,4.69
2026-03-06 12:34:00+00:00,3.16,-2.08,-3.08,326.66,-39.10,4.88
2026-03-06 12:35:00+00:00,2.93,-2.17,-3.18,323.49,-41.10,4.84
2026-03-06 12:36:00+00:00,2.71,-2.22,-3.24,320.66,-42.80,4.77
2026-03-06 12:37:00+00:00,2.83,-2.33,-3.27,320.54,-41.75,4.91
2026-03-06 12:38:00+00:00,2.39,-2.03,-3.59,319.65,-48.95,4.77
2026-03-06 12:39:00+00:00,2.65,-2.20,-3.62,320.34,-46.42,4.99
2026-03-06 12:40:00+00:00,2.79,-2.51,-3.42,318.03,-42.34,5.08
2026-03-06 12:41:00+00:00,2.65,-2.38,-3.42,318.11,-43.79,4.94
2026-03-06 12:42:00+00:00,2.74,-2.53,-3.37,317.31,-42.11,5.03
2026-03-06 12:43:00+00:00,2.25,-2.60,-3.66,310.85,-46.81,5.02
2026-03-06 12:44:00+00:00,2.43,-2.57,-3.46,313.39,-44.38,4.95
2026-03-06 12:45:00+00:00,2.62,-2.35,-3.40,318.09,-44.00,4.90
2026-03-06 12:46:00+00:00,3.09,-2.01,-3.42,326.93,-42.91,5.03
2026-03-06 12:47:00+00:00,3.20,-1.47,-3.27,335.35,-42.85,4.80
2026-03-06 12:48:00+00:00,3.21,-0.90,-3.24,344.39,-44.24,4.65
2026-03-06 12:49:00+00:00,2.22,-2.12,-3.74,316.27,-50.61,4.84
2026-03-06 12:50:00+00:00,2.26,-1.86,-3.92,320.53,-53.22,4.90
2026-03-06 12:51:00+00:00,2.26,-1.92,-3.97,319.64,-53.28,4.96
2026-03-06 12:52:00+00:00,2.23,-1.79,-4.00,321.27,-54.44,4.92
2026-03-06 12:53:00+00:00,2.28,-1.67,-3.98,323.71,-54.68,4.88
2026-03-06 12:54:00+00:00,2.35,-1.69,-3.92,324.20,-53.56,4.88
2026-03-06 12:55:00+00:00,2.41,-1.37,-3.93,330.37,-54.76,4.81
2026-03-06 12:56:00+00:00,2.43,-1.83,-3.89,323.04,-51.98,4.94
2026-03-06 12:57:00+00:00,2.48,-2.12,-4.03,319.49,-50.97,5.18
2026-03-06 12:58:00+00:00,2.45,-1.64,-4.24,326.23,-55.16,5.16
2026-03-06 12:59:00+00:00,2.38,-1.52,-4.28,327.46,-56.52,5.13
2026-03-06 13:00:00+00:00,2.29,-1.48,-4.36,327.19,-58.02,5.14
2026-03-06 13:01:00+00:00,2.07,-1.28,-4.44,328.25,-61.29,5.06
2026-03-06 13:02:00+00:00,1.91,-1.22,-4.45,327.56,-62.99,4.99
2026-03-06 13:03:00+00:00,1.89,-1.24,-4.15,326.83,-61.39,4.72
2026-03-06 13:04:00+00:00,1.82,-1.47,-3.96,321.11,-59.50,4.60
2026-03-06 13:05:00+00:00,1.74,-1.43,-3.90,320.61,-59.94,4.51
2026-03-06 13:06:00+00:00,1.94,-1.35,-3.80,325.07,-58.08,4.48
2026-03-06 13:07:00+00:00,2.02,-1.55,-3.78,322.45,-56.01,4.55
2026-03-06 13:08:00+00:00,1.94,-1.54,-3.77,321.54,-56.63,4.52
2026-03-06 13:09:00+00:00,1.85,-1.58,-3.76,319.45,-57.05,4.48
2026-03-06 13:10:00+00:00,1.90,-1.63,-3.67,319.39,-55.68,4.45
2026-03-06 13:11:00+00:00,1.78,-1.70,-3.59,316.47,-55.55,4.35
2026-03-06 13:12:00+00:00,1.55,-1.62,-3.62,313.83,-58.29,4.26
2026-03-06 13:13:00+00:00,1.46,-1.43,-3.59,315.75,-60.33,4.13
2026-03-06 13:14:00+00:00,1.41,-1.41,-3.74,315.01,-61.91,4.24
2026-03-06 13:15:00+00:00,1.17,-2.07,-3.86,299.54,-58.32,4.53
2026-03-06 13:16:00+00:00,1.25,-1.20,-3.78,316.04,-65.43,4.16
2026-03-06 13:17:00+00:00,1.25,-1.24,-3.68,315.16,-64.38,4.08
2026-03-06 13:18:00+00:00,1.15,-1.36,-3.62,310.10,-63.78,4.03
2026-03-06 13:19:00+00:00,1.00,-1.20,-3.60,309.81,-66.51,3.93
2026-03-06 13:20:00+00:00,1.26,-1.39,-3.65,312.19,-62.82,4.10
2026-03-06 13:21:00+00:00,1.18,-1.41,-3.82,309.77,-64.26,4.24
2026-03-06 13:22:00+00:00,1.35,-1.64,-3.53,309.44,-58.94,4.12
2026-03-06 13:23:00+00:00,1.63,-2.30,-3.45,305.45,-50.78,4.46
2026-03-06 13:24:00+00:00,1.45,-2.04,-3.59,305.36,-55.17,4.37
2026-03-06 13:25:00+00:00,1.64,-1.75,-3.91,313.14,-58.48,4.58
2026-03-06 13:26:00+00:00,1.64,-1.70,-3.87,313.90,-58.59,4.53
2026-03-06 13:27:00+00:00,1.51,-1.48,-3.98,315.52,-62.10,4.51
2026-03-06 13:28:00+00:00,1.70,-1.49,-3.56,318.81,-57.55,4.22
2026-03-06 13:29:00+00:00,1.85,-1.48,-3.66,321.38,-57.03,4.36
2026-03-06 13:30:00+00:00,1.86,-1.38,-3.93,323.44,-59.52,4.56
2026-03-06 13:31:00+00:00,1.94,-1.53,-3.95,321.65,-58.01,4.66
2026-03-06 13:32:00+00:00,1.92,-2.09,-3.64,312.58,-52.03,4.62
2026-03-06 13:33:00+00:00,1.72,-1.42,-3.71,320.58,-58.99,4.33
2026-03-06 13:34:00+00:00,1.96,-1.60,-3.90,320.69,-57.03,4.65
2026-03-06 13:35:00+00:00,1.73,-1.49,-3.52,319.25,-57.04,4.20
2026-03-06 13:36:00+00:00,1.68,-1.42,-3.32,319.68,-56.47,3.99
2026-03-06 13:37:00+00:00,1.92,-2.03,-3.24,313.33,-49.24,4.28
2026-03-06 13:38:00+00:00,2.01,-1.21,-3.63,329.06,-57.07,4.32
2026-03-06 13:39:00+00:00,1.95,-1.53,-3.76,321.91,-56.62,4.51
2026-03-06 13:40:00+00:00,2.19,-3.08,-2.95,305.42,-37.98,4.80
2026-03-06 13:41:00+00:00,2.23,-3.06,-4.21,306.15,-48.08,5.66
2026-03-06 13:42:00+00:00,2.12,-3.85,-3.78,298.84,-40.68,5.80
2026-03-06 13:43:00+00:00,2.48,-3.78,-3.72,303.29,-39.45,5.85
2026-03-06 13:44:00+00:00,2.46,-3.99,-3.56,301.65,-37.18,5.88
2026-03-06 13:45:00+00:00,2.69,-3.89,-3.27,304.66,-34.70,5.75
2026-03-06 13:46:00+00:00,2.85,-4.09,-2.73,304.79,-28.72,5.69
2026-03-06 13:47:00+00:00,2.54,-4.30,-2.15,300.54,-23.30,5.44
2026-03-06 13:48:00+00:00,2.54,-4.26,-2.70,300.80,-28.57,5.65
2026-03-06 13:49:00+00:00,2.33,-3.69,-3.86,302.32,-41.45,5.82
2026-03-06 13:50:00+00:00,2.52,-3.94,-3.54,302.65,-37.12,5.87
2026-03-06 13:51:00+00:00,2.56,-4.07,-3.26,302.21,-34.16,5.81
2026-03-06 13:52:00+00:00,2.49,-4.27,-2.87,300.19,-30.11,5.72
2026-03-06 13:53:00+00:00,2.34,-4.46,-2.52,297.73,-26.56,5.63
2026-03-06 13:54:00+00:00,2.25,-4.72,-2.04,295.52,-21.30,5.61
2026-03-06 13:55:00+00:00,2.49,-4.35,-2.27,299.81,-24.34,5.50
2026-03-06 13:56:00+00:00,2.47,-4.49,-2.21,298.88,-23.32,5.58
2026-03-06 13:57:00+00:00,2.64,-4.79,-1.54,298.86,-15.71,5.68
2026-03-06 13:58:00+00:00,2.26,-4.42,-2.60,297.07,-27.65,5.61
2026-03-06 13:59:00+00:00,2.31,-4.41,-2.38,297.63,-25.55,5.52
2026-03-06 14:00:00+00:00,2.16,-4.70,-2.02,294.69,-21.35,5.55
2026-03-06 14:01:00+00:00,2.21,-4.78,-1.87,294.79,-19.56,5.59
2026-03-06 14:02:00+00:00,2.20,-4.75,-1.92,294.83,-20.14,5.58
2026-03-06 14:03:00+00:00,2.30,-4.94,-1.77,295.01,-17.99,5.73
2026-03-06 14:04:00+00:00,2.15,-4.97,-1.86,293.39,-18.92,5.73
2026-03-06 14:05:00+00:00,2.04,-5.14,-1.94,291.68,-19.35,5.86
2026-03-06 14:06:00+00:00,2.29,-5.08,-1.75,294.26,-17.47,5.84
2026-03-06 14:07:00+00:00,2.26,-5.16,-1.73,293.70,-17.07,5.89
2026-03-06 14:08:00+00:00,2.38,-5.10,-1.82,295.07,-17.92,5.91
2026-03-06 14:09:00+00:00,2.40,-5.05,-2.29,295.48,-22.32,6.04
2026-03-06 14:10:00+00:00,3.06,-4.72,-2.32,302.97,-22.45,6.08
2026-03-06 14:11:00+00:00,3.18,-4.57,-2.72,304.83,-26.02,6.19
2026-03-06 14:12:00+00:00,3.20,-4.74,-2.41,304.06,-22.87,6.21
2026-03-06 14:13:00+00:00,3.19,-4.68,-2.57,304.25,-24.38,6.22
2026-03-06 14:14:00+00:00,3.05,-4.54,-2.92,303.90,-28.13,6.20
2026-03-06 14:15:00+00:00,2.92,-4.42,-3.16,303.43,-30.82,6.16
2026-03-06 14:16:00+00:00,3.04,-4.34,-3.12,305.01,-30.53,6.15
2026-03-06 14:17:00+00:00,3.03,-4.32,-3.23,305.10,-31.46,6.18
2026-03-06 14:18:00+00:00,2.81,-4.37,-3.37,302.71,-32.94,6.19
2026-03-06 14:19:00+00:00,2.90,-4.30,-3.47,303.99,-33.79,6.24
2026-03-06 14:20:00+00:00,3.03,-3.99,-3.48,307.21,-34.78,6.11
2026-03-06 14:21:00+00:00,3.04,-4.32,-3.00,305.11,-29.63,6.08
2026-03-06 14:22:00+00:00,3.01,-4.35,-3.15,304.65,-30.79,6.15
2026-03-06 14:23:00+00:00,2.75,-4.71,-3.12,300.29,-29.78,6.28
2026-03-06 14:24:00+00:00,2.63,-4.72,-3.08,299.12,-29.64,6.22
2026-03-06 14:25:00+00:00,2.49,-5.00,-2.80,296.48,-26.63,6.24
2026-03-06 14:26:00+00:00,2.47,-5.07,-2.79,295.96,-26.28,6.29
2026-03-06 14:27:00+00:00,2.43,-5.11,-2.64,295.44,-24.96,6.25
2026-03-06 14:28:00+00:00,2.51,-5.11,-2.63,296.18,-24.81,6.27
2026-03-06 14:29:00+00:00,2.57,-5.01,-2.68,297.20,-25.44,6.23
2026-03-06 14:30:00+00:00,2.76,-4.92,-2.66,299.29,-25.20,6.24
2026-03-06 14:31:00+00:00,2.66,-5.06,-2.54,297.75,-23.93,6.25
2026-03-06 14:32:00+00:00,2.97,-4.92,-2.49,301.11,-23.41,6.27
2026-03-06 14:33:00+00:00,3.21,-4.79,-2.44,303.78,-22.94,6.26
2026-03-06 14:34:00+00:00,3.59,-4.02,-3.03,311.78,-29.35,6.19
2026-03-06 14:35:00+00:00,3.11,-4.29,-3.27,305.95,-31.73,6.22
2026-03-06 14:36:00+00:00,3.72,-3.81,-3.14,314.32,-30.56,6.18
2026-03-06 14:37:00+00:00,4.08,-3.36,-3.16,320.58,-30.87,6.16
2026-03-06 14:38:00+00:00,5.17,-1.61,-2.97,342.73,-28.76,6.17
2026-03-06 14:39:00+00:00,5.27,-1.44,-2.84,344.69,-27.42,6.16
2026-03-06 14:40:00+00:00,5.34,-1.46,-2.52,344.74,-24.44,6.08
2026-03-06 14:41:00+00:00,5.37,-1.05,-2.71,348.90,-26.31,6.11
2026-03-06 14:42:00+00:00,5.31,-0.64,-2.90,353.11,-28.45,6.08
2026-03-06 14:43:00+00:00,5.26,-0.63,-3.14,353.17,-30.62,6.16
2026-03-06 14:44:00+00:00,5.24,-0.71,-3.18,352.31,-30.99,6.17
2026-03-06 14:45:00+00:00,5.16,-0.58,-3.20,353.57,-31.60,6.10
2026-03-06 14:46:00+00:00,5.12,-0.99,-2.86,349.02,-28.80,5.95
2026-03-06 14:47:00+00:00,4.88,-2.06,-2.81,337.12,-27.97,5.99
2026-03-06 14:48:00+00:00,5.06,-0.56,-3.15,353.67,-31.75,5.99
2026-03-06 14:49:00+00:00,5.22,0.22,-2.96,2.37,-29.55,6.00
2026-03-06 14:50:00+00:00,5.13,0.08,-3.14,0.85,-31.42,6.01
2026-03-06 14:51:00+00:00,5.14,-0.54,-3.07,354.03,-30.75,6.01
2026-03-06 14:52:00+00:00,5.18,-0.44,-3.21,355.15,-31.72,6.11
2026-03-06 14:53:00+00:00,5.17,-0.37,-2.99,355.88,-30.00,5.98
2026-03-06 14:54:00+00:00,5.16,-0.66,-2.80,352.73,-28.32,5.91
2026-03-06 14:55:00+00:00,5.08,-0.80,-2.74,351.06,-28.07,5.83
2026-03-06 14:56:00+00:00,5.32,0.07,-2.42,0.77,-24.40,5.85
2026-03-06 14:57:00+00:00,5.42,0.30,-2.10,3.15,-21.13,5.81
2026-03-06 14:58:00+00:00,5.45,0.36,-2.29,3.79,-22.75,5.92
2026-03-06 14:59:00+00:00,5.45,0.53,-2.20,5.59,-21.91,5.90
2026-03-06 15:00:00+00:00,5.58,0.66,-2.43,6.72,-23.39,6.12
2026-03-06 15:01:00+00:00,5.54,0.60,-2.57,6.19,-24.74,6.13
2026-03-06 15:02:00+00:00,5.26,1.03,-2.40,11.11,-24.14,5.88
2026-03-06 15:03:00+00:00,5.33,0.35,-2.52,3.76,-25.25,5.91
2026-03-06 15:04:00+00:00,5.31,0.20,-2.68,2.19,-26.73,5.95
2026-03-06 15:05:00+00:00,5.48,0.24,-2.33,2.48,-23.05,5.96
2026-03-06 15:06:00+00:00,5.45,0.74,-2.19,7.74,-21.72,5.92
2026-03-06 15:07:00+00:00,5.24,1.99,-2.29,20.82,-22.25,6.05
2026-03-06 15:08:00+00:00,5.28,1.61,-2.35,16.95,-23.06,6.00
2026-03-06 15:09:00+00:00,5.45,1.22,-2.35,12.63,-22.87,6.06
2026-03-06 15:10:00+00:00,5.50,1.13,-2.41,11.58,-23.25,6.11
2026-03-06 15:11:00+00:00,5.42,0.77,-2.39,8.04,-23.58,5.98
2026-03-06 15:12:00+00:00,5.34,-0.01,-2.43,359.92,-24.42,5.87
2026-03-06 15:13:00+00:00,5.46,2.10,-1.72,21.03,-16.40,6.09
2026-03-06 15:14:00+00:00,5.55,1.18,-2.21,12.02,-21.29,6.09
2026-03-06 15:15:00+00:00,5.47,1.17,-2.12,12.06,-20.76,5.98
2026-03-06 15:16:00+00:00,5.15,-0.61,-2.56,353.23,-26.26,5.78
2026-03-06 15:17:00+00:00,4.91,-0.64,-2.89,352.54,-30.30,5.73
2026-03-06 15:18:00+00:00,5.18,-0.64,-2.70,352.93,-27.38,5.88
2026-03-06 15:19:00+00:00,5.37,0.28,-2.75,2.95,-27.07,6.04
2026-03-06 15:20:00+00:00,5.65,0.20,-2.50,2.05,-23.82,6.18
2026-03-06 15:21:00+00:00,5.59,0.23,-2.67,2.35,-25.52,6.20
2026-03-06 15:22:00+00:00,5.51,-0.23,-2.46,357.56,-24.01,6.04
2026-03-06 15:23:00+00:00,5.26,-1.54,-2.41,343.62,-23.73,5.98
2026-03-06 15:24:00+00:00,4.91,-3.32,-2.38,325.90,-21.89,6.39
2026-03-06 15:25:00+00:00,4.56,-4.05,-2.15,318.37,-19.45,6.46
2026-03-06 15:26:00+00:00,4.85,-3.67,-2.20,322.86,-19.86,6.46
2026-03-06 15:27:00+00:00,4.37,-4.42,-1.93,314.65,-17.30,6.51
2026-03-06 15:28:00+00:00,4.19,-4.61,-2.18,312.28,-19.28,6.60
2026-03-06 15:29:00+00:00,4.00,-4.90,-1.94,309.24,-17.04,6.61
2026-03-06 15:30:00+00:00,3.73,-5.11,-1.88,306.12,-16.58,6.60
2026-03-06 15:31:00+00:00,3.37,-5.59,-1.50,301.05,-12.91,6.70
2026-03-06 15:32:00+00:00,3.16,-5.57,-1.88,299.57,-16.40,6.67
2026-03-06 15:33:00+00:00,2.94,-5.76,-1.69,297.03,-14.63,6.68
2026-03-06 15:34:00+00:00,3.14,-5.55,-1.52,299.54,-13.43,6.55
2026-03-06 15:35:00+00:00,2.80,-5.79,-1.28,295.85,-11.26,6.56
2026-03-06 15:36:00+00:00,2.04,-6.18,-1.24,288.30,-10.81,6.63
2026-03-06 15:37:00+00:00,1.80,-6.33,-1.00,285.84,-8.61,6.66
2026-03-06 15:38:00+00:00,2.14,-6.09,-1.12,289.36,-9.87,6.55
2026-03-06 15:39:00+00:00,2.12,-6.05,-0.84,289.28,-7.43,6.47
2026-03-06 15:40:00+00:00,2.06,-6.10,-0.99,288.70,-8.71,6.51
2026-03-06 15:41:00+00:00,1.81,-6.11,-1.11,286.52,-9.85,6.47
2026-03-06 15:42:00+00:00,1.61,-6.18,-1.09,284.60,-9.65,6.48
2026-03-06 15:43:00+00:00,1.81,-6.11,-1.12,286.46,-9.93,6.47
2026-03-06 15:44:00+00:00,2.03,-5.97,-1.28,288.77,-11.50,6.44
2026-03-06 15:45:00+00:00,2.11,-5.94,-1.37,289.55,-12.30,6.45
2026-03-06 15:46:00+00:00,2.11,-6.05,-0.95,289.25,-8.40,6.48
2026-03-06 15:47:00+00:00,2.12,-6.04,-0.88,289.37,-7.87,6.46
2026-03-06 15:48:00+00:00,1.95,-6.19,-0.76,287.46,-6.71,6.53
2026-03-06 15:49:00+00:00,1.86,-6.30,-0.63,286.40,-5.46,6.60
2026-03-06 15:50:00+00:00,2.69,-5.70,-0.99,295.28,-8.91,6.38
2026-03-06 15:51:00+00:00,3.54,-5.12,-1.17,304.69,-10.66,6.33
2026-03-06 15:52:00+00:00,3.32,-5.31,-1.36,301.97,-12.27,6.41
2026-03-06 15:53:00+00:00,3.70,-4.92,-1.18,306.96,-10.90,6.26
2026-03-06 15:54:00+00:00,3.38,-5.16,-1.20,303.21,-11.01,6.29
2026-03-06 15:55:00+00:00,3.76,-5.00,-0.71,306.91,-6.46,6.30
2026-03-06 15:56:00+00:00,4.04,-4.69,-0.99,310.77,-9.09,6.27
2026-03-06 15:57:00+00:00,3.95,-4.47,-2.04,311.48,-18.88,6.30
2026-03-06 15:58:00+00:00,3.64,-5.09,-1.31,305.59,-11.80,6.39
2026-03-06 15:59:00+00:00,4.01,-5.30,-2.49,307.09,-20.53,7.10
2026-03-06 16:00:00+00:00,4.11,-4.39,-2.17,313.11,-19.88,6.40
2026-03-06 16:01:00+00:00,3.97,-4.64,-2.02,310.56,-18.30,6.43
2026-03-06 16:02:00+00:00,4.29,-4.46,-1.33,313.90,-12.12,6.33
2026-03-06 16:03:00+00:00,4.27,-4.42,-1.63,314.02,-14.87,6.36
2026-03-06 16:04:00+00:00,3.97,-4.62,-2.06,310.63,-18.73,6.43
2026-03-06 16:05:00+00:00,3.79,-4.72,-2.26,308.75,-20.51,6.46
2026-03-06 16:06:00+00:00,4.09,-4.77,-1.20,310.65,-10.79,6.39
2026-03-06 16:07:00+00:00,4.30,-4.67,-0.98,312.61,-8.74,6.42
2026-03-06 16:08:00+00:00,4.34,-4.67,-1.22,312.92,-10.83,6.49
2026-03-06 16:09:00+00:00,4.51,-4.54,-1.34,314.85,-11.79,6.54
2026-03-06 16:10:00+00:00,4.50,-4.54,-1.17,314.73,-10.36,6.50
2026-03-06 16:11:00+00:00,4.70,-4.59,-1.00,315.64,-8.63,6.65
2026-03-06 16:12:00+00:00,4.59,-4.67,-0.89,314.51,-7.70,6.60
2026-03-06 16:13:00+00:00,4.67,-4.56,-0.86,315.71,-7.47,6.59
2026-03-06 16:14:00+00:00,4.73,-4.53,-1.05,316.23,-9.12,6.64
2026-03-06 16:15:00+00:00,4.55,-4.79,-1.20,313.56,-10.34,6.71
2026-03-06 16:16:00+00:00,4.95,-4.54,-0.99,317.45,-8.39,6.79
2026-03-06 16:17:00+00:00,5.17,-4.36,-0.81,319.87,-6.80,6.81
2026-03-06 16:18:00+00:00,5.09,-4.41,-0.90,319.07,-7.62,6.80
2026-03-06 16:19:00+00:00,5.02,-4.61,-0.81,317.43,-6.75,6.86
2026-03-06 16:20:00+00:00,4.89,-4.67,-1.03,316.28,-8.69,6.84
2026-03-06 16:21:00+00:00,4.23,-5.17,-0.91,309.27,-7.79,6.75
2026-03-06 16:22:00+00:00,4.23,-5.18,-0.84,309.19,-7.13,6.74
2026-03-06 16:23:00+00:00,4.25,-5.17,-0.76,309.38,-6.51,6.74
2026-03-06 16:24:00+00:00,4.38,-5.12,-0.97,310.53,-8.21,6.81
2026-03-06 16:25:00+00:00,4.32,-5.08,-0.98,310.38,-8.40,6.74
2026-03-06 16:26:00+00:00,4.22,-5.17,-0.96,309.22,-8.18,6.74
2026-03-06 16:27:00+00:00,4.27,-5.18,-0.86,309.51,-7.33,6.76
2026-03-06 16:28:00+00:00,4.51,-5.00,-0.84,312.07,-7.15,6.79
2026-03-06 16:29:00+00:00,4.48,-5.03,-0.86,311.69,-7.28,6.79
2026-03-06 16:30:00+00:00,4.41,-5.08,-0.73,310.94,-6.19,6.77
2026-03-06 16:31:00+00:00,4.22,-5.37,-0.84,308.16,-7.03,6.88
2026-03-06 16:32:00+00:00,3.86,-5.72,-0.59,304.01,-4.85,6.93
2026-03-06 16:33:00+00:00,4.17,-5.43,-0.90,307.53,-7.51,6.91
2026-03-06 16:34:00+00:00,4.10,-5.34,-1.11,307.54,-9.38,6.82
2026-03-06 16:35:00+00:00,4.27,-5.29,-1.03,308.90,-8.59,6.87
2026-03-06 16:36:00+00:00,4.24,-5.34,-1.07,308.48,-8.93,6.90
2026-03-06 16:37:00+00:00,4.13,-5.36,-1.10,307.64,-9.22,6.85
2026-03-06 16:38:00+00:00,4.20,-5.30,-0.99,308.36,-8.33,6.83
2026-03-06 16:39:00+00:00,4.30,-5.20,-1.10,309.57,-9.26,6.84
2026-03-06 16:40:00+00:00,4.26,-5.28,-1.27,308.91,-10.62,6.90
2026-03-06 16:41:00+00:00,4.39,-5.12,-1.49,310.63,-12.44,6.91
2026-03-06 16:42:00+00:00,4.37,-5.19,-1.36,310.14,-11.37,6.92
2026-03-06 16:43:00+00:00,4.34,-5.21,-1.27,309.82,-10.59,6.90
2026-03-06 16:44:00+00:00,4.19,-5.28,-1.44,308.44,-12.08,6.90
2026-03-06 16:45:00+00:00,4.26,-5.13,-1.71,309.69,-14.43,6.88
2026-03-06 16:46:00+00:00,3.73,-5.58,-1.49,303.76,-12.48,6.87
2026-03-06 16:47:00+00:00,3.65,-5.62,-1.71,303.04,-14.30,6.91
2026-03-06 16:48:00+00:00,3.75,-5.58,-1.75,303.92,-14.59,6.95
2026-03-06 16:49:00+00:00,3.82,-5.55,-1.90,304.49,-15.76,7.00
2026-03-06 16:50:00+00:00,3.83,-5.41,-1.79,305.28,-15.12,6.86
2026-03-06 16:51:00+00:00,3.78,-5.45,-1.70,304.76,-14.39,6.85
2026-03-06 16:52:00+00:00,3.65,-5.75,-1.49,302.40,-12.38,6.97
2026-03-06 16:53:00+00:00,4.03,-5.22,-1.90,307.70,-16.04,6.86
2026-03-06 16:54:00+00:00,4.06,-5.17,-1.92,308.13,-16.27,6.85
2026-03-06 16:55:00+00:00,4.46,-4.86,-1.84,312.53,-15.62,6.85
2026-03-06 16:56:00+00:00,3.93,-5.36,-1.98,306.28,-16.60,6.93
2026-03-06 16:57:00+00:00,3.79,-5.49,-1.90,304.62,-15.92,6.94
2026-03-06 16:58:00+00:00,4.21,-5.12,-1.83,309.42,-15.39,6.88
2026-03-06 16:59:00+00:00,3.97,-5.50,-1.97,305.78,-16.21,7.06
2026-03-06 17:00:00+00:00,4.02,-5.35,-2.16,306.92,-17.89,7.03
2026-03-06 17:01:00+00:00,4.00,-5.41,-2.12,306.48,-17.47,7.06
2026-03-06 17:02:00+00:00,3.67,-5.69,-2.11,302.79,-17.29,7.09
2026-03-06 17:03:00+00:00,3.57,-5.68,-2.26,302.20,-18.64,7.08
2026-03-06 17:04:00+00:00,3.55,-5.72,-2.15,301.84,-17.73,7.07
2026-03-06 17:05:00+00:00,3.78,-5.41,-2.28,304.99,-19.07,6.98
2026-03-06 17:06:00+00:00,4.50,-4.96,-1.86,312.22,-15.53,6.95
2026-03-06 17:07:00+00:00,4.63,-4.82,-1.98,313.83,-16.50,6.97
2026-03-06 17:08:00+00:00,4.57,-4.64,-2.16,314.57,-18.40,6.86
2026-03-06 17:09:00+00:00,4.70,-4.51,-2.48,316.19,-20.85,6.97
2026-03-06 17:10:00+00:00,4.66,-4.58,-2.37,315.51,-19.91,6.95
2026-03-06 17:11:00+00:00,4.87,-4.47,-2.20,317.48,-18.44,6.97
2026-03-06 17:12:00+00:00,4.72,-4.57,-2.39,315.92,-19.97,6.99
2026-03-06 17:13:00+00:00,4.76,-4.53,-2.43,316.39,-20.30,7.01
2026-03-06 17:14:00+00:00,4.97,-4.26,-2.44,319.43,-20.46,6.99
2026-03-06 17:15:00+00:00,4.99,-4.07,-2.76,320.77,-23.19,7.01
2026-03-06 17:16:00+00:00,4.57,-5.06,-2.21,312.08,-17.98,7.17
2026-03-06 17:17:00+00:00,4.85,-4.77,-2.40,315.48,-19.40,7.21
2026-03-06 17:18:00+00:00,5.10,-4.40,-2.53,319.21,-20.59,7.20
2026-03-06 17:19:00+00:00,5.15,-4.37,-2.64,319.67,-21.33,7.25
2026-03-06 17:20:00+00:00,5.18,-4.10,-2.76,321.61,-22.65,7.16
2026-03-06 17:21:00+00:00,5.32,-3.57,-3.04,326.14,-25.36,7.10
2026-03-06 17:22:00+00:00,5.17,-3.74,-2.83,324.17,-23.89,6.98
2026-03-06 17:23:00+00:00,4.86,-4.23,-2.70,318.99,-22.75,6.99
2026-03-06 17:24:00+00:00,4.87,-4.12,-2.83,319.81,-23.89,6.98
2026-03-06 17:25:00+00:00,4.97,-3.94,-2.96,321.57,-25.03,7.00
2026-03-06 17:26:00+00:00,5.07,-3.78,-2.80,323.31,-23.85,6.92
2026-03-06 17:27:00+00:00,5.19,-3.82,-2.69,323.62,-22.64,6.99
2026-03-06 17:28:00+00:00,5.26,-3.81,-2.62,324.09,-21.96,7.00
2026-03-06 17:29:00+00:00,5.13,-4.06,-2.63,321.60,-21.92,7.05
2026-03-06 17:30:00+00:00,5.10,-4.08,-2.64,321.31,-22.04,7.05
2026-03-06 17:31:00+00:00,4.66,-4.56,-2.72,315.62,-22.68,7.06
2026-03-06 17:32:00+00:00,4.85,-4.53,-2.60,316.99,-21.41,7.13
2026-03-06 17:33:00+00:00,5.26,-4.25,-2.58,321.07,-20.85,7.24
2026-03-06 17:34:00+00:00,5.83,-3.68,-2.48,327.78,-19.78,7.32
2026-03-06 17:35:00+00:00,5.79,-3.57,-2.69,328.36,-21.56,7.32
2026-03-06 17:36:00+00:00,5.71,-3.69,-2.73,327.14,-21.93,7.32
2026-03-06 17:37:00+00:00,5.55,-3.79,-2.79,325.70,-22.58,7.28
2026-03-06 17:38:00+00:00,5.71,-3.91,-2.37,325.65,-18.93,7.32
2026-03-06 17:39:00+00:00,5.62,-4.19,-2.05,323.26,-16.31,7.31
2026-03-06 17:40:00+00:00,5.63,-4.32,-1.99,322.53,-15.65,7.37
2026-03-06 17:41:00+00:00,5.58,-4.33,-2.05,322.24,-16.18,7.36
2026-03-06 17:42:00+00:00,5.52,-4.27,-2.05,322.26,-16.35,7.27
2026-03-06 17:43:00+00:00,5.59,-4.27,-2.02,322.65,-16.02,7.32
2026-03-06 17:44:00+00:00,5.49,-4.43,-2.00,321.09,-15.84,7.34
2026-03-06 17:45:00+00:00,5.56,-4.33,-1.96,322.10,-15.55,7.31
2026-03-06 17:46:00+00:00,5.68,-4.21,-1.84,323.48,-14.57,7.31
2026-03-06 17:47:00+00:00,5.66,-4.24,-1.80,323.16,-14.28,7.30
2026-03-06 17:48:00+00:00,5.48,-4.40,-1.96,321.26,-15.57,7.30
2026-03-06 17:49:00+00:00,5.54,-4.37,-1.97,321.76,-15.62,7.33
2026-03-06 17:50:00+00:00,5.42,-4.44,-1.90,320.68,-15.20,7.26
2026-03-06 17:51:00+00:00,5.40,-4.47,-1.84,320.40,-14.68,7.25
2026-03-06 17:52:00+00:00,5.29,-4.55,-1.89,319.30,-15.17,7.22
2026-03-06 17:53:00+00:00,5.14,-4.76,-1.99,317.18,-15.85,7.28
2026-03-06 17:54:00+00:00,5.12,-4.87,-2.03,316.41,-16.05,7.35
2026-03-06 17:55:00+00:00,4.96,-4.99,-2.05,314.88,-16.23,7.33
2026-03-06 17:56:00+00:00,4.79,-5.13,-1.97,313.03,-15.69,7.30
2026-03-06 17:57:00+00:00,4.70,-5.16,-2.09,312.36,-16.65,7.29
2026-03-06 17:58:00+00:00,4.78,-5.16,-2.06,312.84,-16.34,7.33
2026-03-06 17:59:00+00:00,4.84,-5.09,-1.95,313.57,-15.52,7.29
2026-03-06 18:00:00+00:00,4.25,-5.23,-2.73,309.09,-22.05,7.27
2026-03-06 18:01:00+00:00,4.69,-5.03,-2.59,312.99,-20.63,7.35
2026-03-06 18:02:00+00:00,3.42,-4.94,-3.69,304.66,-31.55,7.05
2026-03-06 18:03:00+00:00,2.92,-4.92,-4.10,300.65,-35.60,7.04
2026-03-06 18:04:00+00:00,2.91,-4.51,-4.54,302.86,-40.25,7.03
2026-03-06 18:05:00+00:00,2.93,-4.95,-4.06,300.63,-35.26,7.04
2026-03-06 18:06:00+00:00,3.16,-5.14,-3.66,301.57,-31.25,7.06
2026-03-06 18:07:00+00:00,3.17,-4.77,-4.02,303.60,-35.06,7.00
2026-03-06 18:08:00+00:00,3.07,-4.74,-4.00,302.96,-35.34,6.92
2026-03-06 18:09:00+00:00,2.77,-4.53,-3.74,301.43,-35.18,6.49
2026-03-06 18:10:00+00:00,2.94,-4.30,-3.72,304.35,-35.54,6.40
2026-03-06 18:11:00+00:00,3.46,-4.16,-4.23,309.71,-38.00,6.87
2026-03-06 18:12:00+00:00,3.17,-4.69,-4.04,304.10,-35.55,6.95
2026-03-06 18:13:00+00:00,2.85,-4.21,-4.46,304.13,-41.21,6.76
2026-03-06 18:14:00+00:00,2.84,-4.84,-3.53,300.38,-32.18,6.62
2026-03-06 18:15:00+00:00,2.92,-5.05,-3.02,300.04,-27.36,6.57
2026-03-06 18:16:00+00:00,3.02,-5.51,-2.22,298.78,-19.43,6.66
2026-03-06 18:17:00+00:00,3.19,-6.05,-1.12,297.77,-9.31,6.93
2026-03-06 18:18:00+00:00,3.65,-6.17,-0.55,300.57,-4.41,7.19
2026-03-06 18:19:00+00:00,3.43,-6.33,0.63,298.49,5.01,7.22
2026-03-06 18:20:00+00:00,3.29,-6.44,2.60,297.06,19.76,7.68
2026-03-06 18:21:00+00:00,3.28,-6.43,2.55,297.02,19.46,7.66
2026-03-06 18:22:00+00:00,3.46,-6.47,1.87,298.13,14.32,7.57
2026-03-06 18:23:00+00:00,3.65,-6.37,1.63,299.82,12.54,7.52
2026-03-06 18:24:00+00:00,3.45,-6.35,0.97,298.54,7.61,7.29
2026-03-06 18:25:00+00:00,3.31,-6.35,0.44,297.56,3.53,7.17
2026-03-06 18:26:00+00:00,3.20,-6.00,-0.30,298.07,-2.54,6.81
2026-03-06 18:27:00+00:00,3.33,-5.67,1.56,300.39,13.34,6.76
2026-03-06 18:28:00+00:00,3.31,-5.47,2.04,301.17,17.74,6.71
2026-03-06 18:29:00+00:00,3.25,-5.29,2.45,301.59,21.51,6.67
2026-03-06 18:30:00+00:00,3.48,-5.24,2.43,303.56,21.15,6.74
2026-03-06 18:31:00+00:00,3.77,-5.36,0.92,305.12,8.00,6.62
2026-03-06 18:32:00+00:00,3.55,-5.70,0.84,301.95,7.17,6.77
2026-03-06 18:33:00+00:00,3.39,-5.89,0.29,299.91,2.41,6.80
2026-03-06 18:34:00+00:00,3.33,-5.85,-0.08,299.65,-0.67,6.73
2026-03-06 18:35:00+00:00,3.64,-5.41,-0.92,303.91,-8.00,6.59
2026-03-06 18:36:00+00:00,3.18,-5.80,-0.91,298.71,-7.86,6.68
2026-03-06 18:37:00+00:00,3.22,-5.76,-0.60,299.17,-5.23,6.62
2026-03-06 18:38:00+00:00,3.29,-5.61,-0.42,300.35,-3.67,6.52
2026-03-06 18:39:00+00:00,3.68,-5.10,0.03,305.81,0.27,6.29
2026-03-06 18:40:00+00:00,3.32,-5.55,0.15,300.91,1.34,6.47
2026-03-06 18:41:00+00:00,3.19,-5.53,0.48,299.97,4.31,6.41
2026-03-06 18:42:00+00:00,3.13,-5.78,0.19,298.44,1.62,6.57
2026-03-06 18:43:00+00:00,3.27,-5.70,-0.74,299.84,-6.44,6.61
2026-03-06 18:44:00+00:00,3.02,-5.61,-0.01,298.31,-0.09,6.37
2026-03-06 18:45:00+00:00,3.09,-6.08,-0.16,296.90,-1.37,6.82
2026-03-06 18:46:00+00:00,2.88,-6.10,-1.10,295.26,-9.28,6.83
2026-03-06 18:47:00+00:00,2.96,-6.27,-1.11,295.31,-9.12,7.02
2026-03-06 18:48:00+00:00,3.68,-4.70,1.89,308.07,17.57,6.26
2026-03-06 18:49:00+00:00,3.83,-4.60,2.78,309.79,24.91,6.61
2026-03-06 18:50:00+00:00,3.71,-4.90,2.59,307.14,22.83,6.66
2026-03-06 18:51:00+00:00,3.85,-5.14,1.31,306.84,11.52,6.55
2026-03-06 18:52:00+00:00,3.58,-5.32,0.73,303.91,6.53,6.46
2026-03-06 18:53:00+00:00,3.51,-5.39,0.65,303.12,5.80,6.46
2026-03-06 18:54:00+00:00,3.45,-5.33,0.72,302.89,6.51,6.39
2026-03-06 18:55:00+00:00,3.18,-5.61,1.12,299.55,9.83,6.54
2026-03-06 18:56:00+00:00,2.79,-5.56,-0.40,296.68,-3.72,6.23
2026-03-06 18:57:00+00:00,3.31,-5.60,0.11,300.57,1.00,6.50
2026-03-06 18:58:00+00:00,2.69,-6.65,1.15,292.05,9.12,7.26
2026-03-06 18:59:00+00:00,1.34,-6.84,0.98,281.10,8.00,7.04
2026-03-06 19:00:00+00:00,0.89,-6.54,1.45,277.79,12.41,6.75
2026-03-06 19:01:00+00:00,2.69,-6.57,0.88,292.28,7.04,7.15
2026-03-06 19:02:00+00:00,4.01,-5.74,-0.16,304.98,-1.33,7.00
2026-03-06 19:03:00+00:00,3.63,-6.16,-0.03,300.53,-0.22,7.15
2026-03-06 19:04:00+00:00,3.33,-6.33,0.03,297.75,0.21,7.15
2026-03-06 19:05:00+00:00,3.53,-5.29,-1.76,303.73,-15.42,6.60
2026-03-06 19:06:00+00:00,3.96,-4.80,-1.89,309.54,-16.93,6.51
2026-03-06 19:07:00+00:00,3.44,-6.10,-0.07,299.41,-0.56,7.00
2026-03-06 19:08:00+00:00,2.86,-6.30,0.04,294.41,0.35,6.92
2026-03-06 19:09:00+00:00,3.28,-6.21,0.02,297.86,0.14,7.02
2026-03-06 19:10:00+00:00,3.99,-6.03,-0.16,303.50,-1.30,7.23
2026-03-06 19:11:00+00:00,4.24,-5.86,-0.55,305.92,-4.32,7.25
2026-03-06 19:12:00+00:00,4.35,-5.87,-0.84,306.51,-6.55,7.36
2026-03-06 19:13:00+00:00,4.28,-5.91,-1.12,305.96,-8.72,7.38
2026-03-06 19:14:00+00:00,4.31,-5.51,-1.57,308.07,-12.63,7.17
2026-03-06 19:15:00+00:00,4.42,-5.28,-1.70,309.92,-13.85,7.10
2026-03-06 19:16:00+00:00,4.37,-5.38,-1.70,309.11,-13.77,7.14
2026-03-06 19:17:00+00:00,4.35,-5.38,-1.82,308.99,-14.75,7.15
2026-03-06 19:18:00+00:00,4.29,-5.17,-1.92,309.64,-15.95,6.99
2026-03-06 19:19:00+00:00,4.27,-4.96,-2.04,310.75,-17.27,6.86
2026-03-06 19:20:00+00:00,4.66,-4.52,-2.17,315.85,-18.50,6.85
2026-03-06 19:21:00+00:00,3.91,-5.69,-1.96,304.49,-15.83,7.17
2026-03-06 19:22:00+00:00,3.98,-5.45,-2.31,306.14,-18.93,7.13
2026-03-06 19:23:00+00:00,4.02,-5.58,-1.97,305.80,-16.02,7.15
2026-03-06 19:24:00+00:00,3.85,-5.80,-1.80,303.55,-14.47,7.19
2026-03-06 19:25:00+00:00,4.18,-5.47,-2.17,307.38,-17.48,7.21
2026-03-06 19:26:00+00:00,3.86,-5.63,-2.26,304.42,-18.32,7.19
2026-03-06 19:27:00+00:00,3.91,-5.51,-2.42,305.32,-19.72,7.18
2026-03-06 19:28:00+00:00,3.79,-5.68,-2.31,303.71,-18.69,7.20
2026-03-06 19:29:00+00:00,3.75,-5.67,-2.27,303.52,-18.45,7.17
2026-03-06 19:30:00+00:00,3.67,-5.65,-2.22,302.99,-18.26,7.09
2026-03-06 19:31:00+00:00,3.82,-5.63,-2.19,304.19,-17.83,7.14
2026-03-06 19:32:00+00:00,3.61,-5.52,-1.95,303.20,-16.45,6.88
2026-03-06 19:33:00+00:00,3.02,-6.03,-0.75,296.57,-6.37,6.79
2026-03-06 19:34:00+00:00,2.89,-5.96,-0.06,295.92,-0.50,6.62
2026-03-06 19:35:00+00:00,3.19,-5.80,-0.75,298.80,-6.46,6.66
2026-03-06 19:36:00+00:00,3.26,-5.89,-0.29,298.98,-2.49,6.74
2026-03-06 19:37:00+00:00,3.43,-5.75,0.26,300.82,2.21,6.70
2026-03-06 19:38:00+00:00,3.66,-5.75,-0.74,302.48,-6.21,6.86
2026-03-06 19:39:00+00:00,4.08,-5.78,-1.18,305.17,-9.49,7.17
2026-03-06 19:40:00+00:00,4.23,-5.67,-1.27,306.74,-10.17,7.19
2026-03-06 19:41:00+00:00,4.16,-5.78,-1.42,305.75,-11.27,7.26
2026-03-06 19:42:00+00:00,4.02,-6.08,-1.43,303.48,-11.10,7.43
2026-03-06 19:43:00+00:00,3.91,-6.15,-1.38,302.50,-10.72,7.42
2026-03-06 19:44:00+00:00,3.95,-6.18,-1.40,302.55,-10.79,7.47
2026-03-06 19:45:00+00:00,3.71,-6.55,-0.84,299.54,-6.37,7.57
2026-03-06 19:46:00+00:00,3.69,-6.58,-0.83,299.29,-6.29,7.59
2026-03-06 19:47:00+00:00,3.88,-6.29,-1.22,301.66,-9.34,7.49
2026-03-06 19:48:00+00:00,3.70,-6.19,-1.27,300.84,-9.96,7.32
2026-03-06 19:49:00+00:00,4.13,-5.35,-1.51,307.64,-12.59,6.92
2026-03-06 19:50:00+00:00,4.37,-5.04,-1.98,310.93,-16.53,6.96
2026-03-06 19:51:00+00:00,4.40,-5.15,-1.78,310.50,-14.70,7.00
2026-03-06 19:52:00+00:00,3.82,-6.09,-0.82,302.06,-6.49,7.24
2026-03-06 19:53:00+00:00,4.93,-1.33,-4.19,344.88,-39.34,6.60
2026-03-06 19:54:00+00:00,4.94,-0.72,-4.61,351.73,-42.70,6.80
2026-03-06 19:55:00+00:00,4.79,-3.27,-3.92,325.64,-34.04,7.00
2026-03-06 19:56:00+00:00,5.09,-1.76,-4.50,340.91,-39.85,7.02
2026-03-06 19:57:00+00:00,5.21,-1.04,-4.47,348.75,-40.04,6.94
2026-03-06 19:58:00+00:00,4.86,-1.27,-4.79,345.33,-43.66,6.94
2026-03-06 19:59:00+00:00,4.93,-1.32,-4.81,345.04,-43.33,7.01
2026-03-06 20:00:00+00:00,5.25,-0.87,-4.88,350.57,-42.49,7.22
2026-03-06 20:01:00+00:00,5.30,-0.96,-4.84,349.71,-41.93,7.25
2026-03-06 20:02:00+00:00,5.00,-1.48,-4.93,343.48,-43.38,7.17
2026-03-06 20:03:00+00:00,4.94,-1.13,-5.11,347.14,-45.22,7.20
2026-03-06 20:04:00+00:00,5.03,-1.03,-5.16,348.38,-45.12,7.28
2026-03-06 20:05:00+00:00,5.02,-1.15,-5.14,347.14,-44.93,7.28
2026-03-06 20:06:00+00:00,5.00,-1.24,-5.12,346.08,-44.85,7.26
2026-03-06 20:07:00+00:00,5.12,-1.22,-5.36,346.62,-45.48,7.51
2026-03-06 20:08:00+00:00,4.78,-1.60,-5.40,341.52,-46.97,7.39
2026-03-06 20:09:00+00:00,5.01,-1.47,-5.24,343.67,-45.11,7.40
2026-03-06 20:10:00+00:00,5.09,-1.10,-5.11,347.77,-44.46,7.29
2026-03-06 20:11:00+00:00,5.25,-1.58,-4.89,343.26,-41.73,7.34
2026-03-06 20:12:00+00:00,5.67,-1.62,-4.38,344.06,-36.61,7.35
2026-03-06 20:13:00+00:00,5.48,-1.58,-4.49,343.93,-38.20,7.25
2026-03-06 20:14:00+00:00,5.70,-1.67,-4.24,343.69,-35.57,7.30
2026-03-06 20:15:00+00:00,5.78,-1.60,-4.18,344.57,-34.89,7.31
2026-03-06 20:16:00+00:00,5.77,-1.59,-4.27,344.56,-35.47,7.35
2026-03-06 20:17:00+00:00,5.80,-1.99,-4.35,341.02,-35.35,7.52
2026-03-06 20:18:00+00:00,5.46,-2.14,-4.57,338.64,-37.89,7.43
2026-03-06 20:19:00+00:00,5.40,-2.07,-4.65,339.05,-38.78,7.42
2026-03-06 20:20:00+00:00,5.40,-2.00,-4.69,339.71,-39.18,7.43
2026-03-06 20:21:00+00:00,5.44,-2.08,-4.89,339.07,-40.04,7.60
2026-03-06 20:22:00+00:00,5.27,-0.97,-5.09,349.52,-43.54,7.39
2026-03-06 20:23:00+00:00,5.09,-0.50,-5.06,354.38,-44.69,7.19
2026-03-06 20:24:00+00:00,4.74,-1.06,-5.65,347.39,-49.31,7.45
2026-03-06 20:25:00+00:00,4.93,-1.10,-6.20,347.43,-50.84,8.00
2026-03-06 20:26:00+00:00,5.00,-1.51,-6.36,343.24,-50.60,8.23
2026-03-06 20:27:00+00:00,4.57,-1.42,-6.34,342.73,-52.99,7.94
2026-03-06 20:28:00+00:00,4.34,-1.46,-6.16,341.42,-53.34,7.67
2026-03-06 20:29:00+00:00,4.52,-0.58,-5.87,352.70,-52.13,7.43
2026-03-06 20:30:00+00:00,5.09,0.30,-5.05,3.39,-44.71,7.17
2026-03-06 20:31:00+00:00,4.51,0.24,-5.94,3.01,-52.73,7.47
2026-03-06 20:32:00+00:00,4.94,-0.82,-5.81,350.61,-49.20,7.67
2026-03-06 20:33:00+00:00,5.78,-1.63,-6.22,344.26,-46.02,8.65
2026-03-06 20:34:00+00:00,5.63,-0.33,-4.11,356.67,-36.11,6.98
2026-03-06 20:35:00+00:00,3.72,0.20,-6.38,3.04,-59.69,7.38
2026-03-06 20:36:00+00:00,3.80,0.37,-6.30,5.62,-58.76,7.37
2026-03-06 20:37:00+00:00,3.60,0.23,-6.39,3.73,-60.58,7.34
2026-03-06 20:38:00+00:00,3.49,0.54,-6.54,8.85,-61.64,7.43
2026-03-06 20:39:00+00:00,3.00,0.87,-6.93,16.22,-65.74,7.60
2026-03-06 20:40:00+00:00,2.71,0.91,-7.01,18.56,-67.78,7.57
2026-03-06 20:41:00+00:00,3.81,-0.73,-5.95,349.16,-56.87,7.10
2026-03-06 20:42:00+00:00,4.94,-1.95,-6.05,338.48,-48.74,8.05
2026-03-06 20:43:00+00:00,4.53,-1.20,-7.57,345.16,-58.24,8.90
2026-03-06 20:44:00+00:00,4.33,-1.13,-7.59,345.33,-59.48,8.81
2026-03-06 20:45:00+00:00,4.33,-1.11,-7.60,345.60,-59.51,8.82
2026-03-06 20:46:00+00:00,4.37,-1.40,-7.47,342.17,-58.45,8.77
2026-03-06 20:47:00+00:00,5.09,-0.53,-6.31,354.09,-50.96,8.12
2026-03-06 20:48:00+00:00,5.67,-0.85,-6.32,351.44,-47.75,8.53
2026-03-06 20:49:00+00:00,5.90,-0.72,-6.19,353.06,-46.16,8.58
2026-03-06 20:50:00+00:00,5.08,0.27,-5.86,3.03,-49.03,7.76
2026-03-06 20:51:00+00:00,5.14,-0.26,-5.69,357.09,-47.86,7.68
2026-03-06 20:52:00+00:00,5.35,-0.36,-5.36,356.14,-44.95,7.58
2026-03-06 20:53:00+00:00,4.86,-0.67,-6.10,352.21,-51.18,7.83
2026-03-06 20:54:00+00:00,4.89,-0.70,-6.35,351.87,-52.13,8.05
2026-03-06 20:55:00+00:00,4.37,-0.73,-6.54,350.51,-55.89,7.89
2026-03-06 20:56:00+00:00,4.41,-0.44,-6.68,354.27,-56.46,8.01
2026-03-06 20:57:00+00:00,4.41,-0.48,-6.47,353.74,-55.58,7.85
2026-03-06 20:58:00+00:00,4.91,-0.93,-5.73,349.33,-48.88,7.60
2026-03-06 20:59:00+00:00,6.00,-1.26,-4.98,348.12,-39.07,7.90
2026-03-06 21:00:00+00:00,6.01,-1.09,-4.94,349.67,-38.98,7.86
2026-03-06 21:01:00+00:00,6.01,-0.73,-4.86,353.12,-38.74,7.76
2026-03-06 21:02:00+00:00,5.71,-0.83,-5.19,351.74,-41.98,7.76
2026-03-06 21:03:00+00:00,5.51,-0.67,-5.32,353.02,-43.79,7.68
2026-03-06 21:04:00+00:00,5.39,-0.56,-5.26,354.03,-44.18,7.55
2026-03-06 21:05:00+00:00,5.81,-0.58,-5.10,354.32,-41.18,7.75
2026-03-06 21:06:00+00:00,6.16,-0.67,-4.71,353.78,-37.27,7.78
2026-03-06 21:07:00+00:00,6.39,-0.44,-4.57,356.03,-35.49,7.86
2026-03-06 21:08:00+00:00,5.59,-0.86,-5.00,351.30,-41.48,7.55
2026-03-06 21:09:00+00:00,5.16,-0.86,-5.74,350.58,-47.66,7.76
2026-03-06 21:10:00+00:00,5.32,-0.29,-5.61,356.86,-46.49,7.74
2026-03-06 21:11:00+00:00,5.54,-1.83,-5.54,341.74,-43.48,8.05
2026-03-06 21:12:00+00:00,4.73,-1.78,-5.74,339.36,-48.62,7.64
2026-03-06 21:13:00+00:00,4.96,-0.70,-6.16,351.91,-50.88,7.93
2026-03-06 21:14:00+00:00,4.73,-0.86,-6.26,349.71,-52.46,7.90
2026-03-06 21:15:00+00:00,4.05,-0.99,-6.72,346.22,-58.18,7.91
2026-03-06 21:16:00+00:00,4.00,-0.19,-6.82,357.27,-59.54,7.91
2026-03-06 21:17:00+00:00,4.43,-1.31,-6.30,343.49,-53.73,7.81
2026-03-06 21:18:00+00:00,4.82,-2.36,-5.38,333.90,-45.09,7.60
2026-03-06 21:19:00+00:00,4.04,-1.67,-6.25,337.60,-55.02,7.63
2026-03-06 21:20:00+00:00,4.33,-1.48,-6.17,341.11,-53.46,7.68
2026-03-06 21:21:00+00:00,4.31,-1.90,-6.08,336.20,-52.22,7.70
2026-03-06 21:22:00+00:00,4.40,-1.89,-6.12,336.79,-51.95,7.77
2026-03-06 21:23:00+00:00,4.30,-1.31,-6.37,343.09,-54.81,7.80
2026-03-06 21:24:00+00:00,5.13,-1.29,-5.61,345.90,-46.65,7.71
2026-03-06 21:25:00+00:00,5.33,-1.56,-5.86,343.74,-46.55,8.08
2026-03-06 21:26:00+00:00,5.29,-1.70,-5.82,342.24,-46.33,8.05
2026-03-06 21:27:00+00:00,5.08,-1.73,-5.91,341.19,-47.74,7.99
2026-03-06 21:28:00+00:00,5.22,-1.72,-5.82,341.75,-46.63,8.01
2026-03-06 21:29:00+00:00,5.19,-1.71,-5.79,341.77,-46.69,7.96
2026-03-06 21:30:00+00:00,4.86,-1.64,-5.99,341.42,-49.41,7.89
2026-03-06 21:31:00+00:00,3.92,-0.71,-6.84,349.79,-59.82,7.91
2026-03-06 21:32:00+00:00,3.91,-1.35,-6.74,340.97,-58.48,7.91
2026-03-06 21:33:00+00:00,4.14,-1.61,-6.57,338.71,-55.89,7.93
2026-03-06 21:34:00+00:00,3.67,-0.98,-6.99,345.04,-61.47,7.96
2026-03-06 21:35:00+00:00,3.77,-0.20,-6.98,356.96,-61.57,7.94
2026-03-06 21:36:00+00:00,4.06,-0.78,-6.71,349.17,-58.37,7.88
2026-03-06 21:37:00+00:00,4.10,-0.43,-6.62,353.98,-58.09,7.80
2026-03-06 21:38:00+00:00,4.19,-0.56,-6.53,352.36,-57.10,7.78
2026-03-06 21:39:00+00:00,4.41,-1.07,-6.23,346.39,-53.92,7.71
2026-03-06 21:40:00+00:00,4.30,-1.05,-6.33,346.26,-55.02,7.72
2026-03-06 21:41:00+00:00,4.60,-1.00,-6.15,347.69,-52.57,7.74
2026-03-06 21:42:00+00:00,4.39,-1.34,-6.28,343.05,-53.84,7.78
2026-03-06 21:43:00+00:00,4.44,-1.58,-6.29,340.37,-53.17,7.86
2026-03-06 21:44:00+00:00,4.12,-1.62,-6.29,338.59,-54.86,7.69
2026-03-06 21:45:00+00:00,4.40,-1.24,-6.34,344.30,-54.24,7.81
2026-03-06 21:46:00+00:00,4.71,-1.04,-6.27,347.52,-52.44,7.91
2026-03-06 21:47:00+00:00,4.45,-0.85,-6.43,349.19,-54.82,7.86
2026-03-06 21:48:00+00:00,4.30,-0.99,-6.43,347.02,-55.50,7.80
2026-03-06 21:49:00+00:00,4.88,-0.63,-6.65,352.66,-53.47,8.27
2026-03-06 21:50:00+00:00,4.95,-0.63,-6.87,352.74,-54.03,8.49
2026-03-06 21:51:00+00:00,4.60,-0.56,-6.99,353.00,-56.45,8.38
2026-03-06 21:52:00+00:00,4.91,-0.49,-6.99,354.25,-54.76,8.56
2026-03-06 21:53:00+00:00,4.79,-0.90,-7.05,349.32,-55.38,8.57
2026-03-06 21:54:00+00:00,4.81,-0.95,-7.08,348.80,-55.30,8.61
2026-03-06 21:55:00+00:00,4.70,-0.90,-7.24,349.17,-56.54,8.67
2026-03-06 21:56:00+00:00,4.67,-1.40,-7.24,343.28,-56.08,8.73
2026-03-06 21:57:00+00:00,4.50,-1.02,-7.43,347.29,-58.12,8.74
2026-03-06 21:58:00+00:00,4.62,-1.17,-7.33,345.83,-56.99,8.74
2026-03-06 22:00:00+00:00,5.08,-0.03,-6.40,359.62,-51.53,8.17
2026-03-06 22:03:00+00:00,5.03,-0.23,-6.92,357.44,-53.93,8.56
2026-03-06 22:04:00+00:00,4.74,-0.77,-7.29,350.72,-56.63,8.73
2026-03-06 22:05:00+00:00,4.14,-1.53,-7.42,339.77,-59.24,8.63
2026-03-06 22:06:00+00:00,3.66,-2.72,-7.38,323.38,-58.29,8.67
2026-03-06 22:07:00+00:00,3.42,-2.08,-7.44,328.73,-61.74,8.44
2026-03-06 22:08:00+00:00,3.29,-1.54,-7.59,334.87,-64.42,8.42
2026-03-06 22:09:00+00:00,3.01,-2.43,-7.21,321.01,-61.77,8.18
2026-03-06 22:10:00+00:00,3.55,-0.80,-7.81,347.24,-65.02,8.62
2026-03-06 22:11:00+00:00,3.28,-2.51,-7.83,322.64,-62.17,8.85
2026-03-06 22:12:00+00:00,4.17,-1.97,-7.80,334.76,-59.40,9.06
2026-03-06 22:13:00+00:00,3.33,-2.22,-8.23,326.40,-64.06,9.15
2026-03-06 22:14:00+00:00,3.21,-1.73,-8.13,331.71,-65.86,8.91
2026-03-06 22:15:00+00:00,2.52,-1.04,-8.25,337.55,-71.71,8.68
2026-03-06 22:16:00+00:00,4.87,-1.28,-7.07,345.25,-54.51,8.68
2026-03-06 22:17:00+00:00,4.21,-0.99,-7.37,346.82,-59.58,8.55
2026-03-06 22:18:00+00:00,3.63,0.38,-7.58,5.98,-64.30,8.41
2026-03-06 22:19:00+00:00,4.27,-0.10,-7.38,358.64,-59.94,8.53
2026-03-06 22:20:00+00:00,4.02,0.09,-7.59,1.27,-62.08,8.59
2026-03-06 22:21:00+00:00,4.20,-1.36,-7.28,342.03,-58.74,8.52
2026-03-06 22:22:00+00:00,4.97,-2.75,-6.51,331.05,-48.88,8.64
2026-03-06 22:23:00+00:00,5.38,-2.31,-6.47,336.70,-47.86,8.72
2026-03-06 22:24:00+00:00,5.72,-0.11,-6.51,358.91,-48.70,8.66
2026-03-06 22:25:00+00:00,4.97,-0.83,-7.14,350.49,-54.76,8.74
2026-03-06 22:26:00+00:00,4.21,-2.12,-7.28,333.23,-57.09,8.67
2026-03-06 22:27:00+00:00,5.71,0.39,-6.88,3.88,-50.25,8.95
2026-03-06 22:28:00+00:00,5.95,1.04,-6.27,9.92,-46.08,8.71
2026-03-06 22:29:00+00:00,5.69,0.75,-6.65,7.54,-49.16,8.78
2026-03-06 22:30:00+00:00,6.23,1.00,-6.50,9.13,-45.85,9.06
2026-03-06 22:31:00+00:00,6.27,1.50,-5.63,13.48,-41.13,8.55
2026-03-06 22:32:00+00:00,6.53,3.24,-4.21,26.41,-30.03,8.42
2026-03-06 22:33:00+00:00,7.01,2.58,-3.88,20.20,-27.45,8.41
2026-03-06 22:34:00+00:00,6.54,1.25,-5.46,10.78,-39.36,8.61
2026-03-06 22:35:00+00:00,6.95,1.44,-4.99,11.73,-35.09,8.67
2026-03-06 22:36:00+00:00,5.32,-2.47,-6.54,335.14,-48.10,8.79
2026-03-06 22:37:00+00:00,4.93,-2.62,-7.10,332.00,-51.85,9.03
2026-03-06 22:38:00+00:00,4.62,-3.63,-6.96,321.83,-49.82,9.11
2026-03-06 22:39:00+00:00,4.60,-3.88,-6.86,319.85,-48.73,9.12
2026-03-06 22:40:00+00:00,4.94,-2.87,-6.90,329.79,-50.39,8.96
2026-03-06 22:41:00+00:00,5.22,-2.38,-6.95,335.48,-50.47,9.02
2026-03-06 22:42:00+00:00,5.63,-1.52,-6.32,344.86,-47.31,8.60
2026-03-06 22:43:00+00:00,5.93,-0.81,-5.78,352.26,-43.99,8.32
2026-03-06 22:44:00+00:00,6.20,-1.73,-5.60,344.40,-41.02,8.54
2026-03-06 22:45:00+00:00,5.88,-1.22,-6.10,348.31,-45.44,8.56
2026-03-06 22:46:00+00:00,5.93,-2.01,-6.20,341.28,-44.73,8.81
2026-03-06 22:47:00+00:00,5.81,-1.74,-6.63,343.34,-47.55,8.98
2026-03-06 22:48:00+00:00,6.27,1.24,-6.68,11.15,-46.28,9.25
2026-03-06 22:49:00+00:00,6.39,6.48,-2.71,45.39,-16.56,9.49
2026-03-06 22:50:00+00:00,5.32,6.64,-3.71,51.32,-23.56,9.28
2026-03-06 22:51:00+00:00,6.05,7.06,-2.62,49.38,-15.72,9.66
2026-03-06 22:52:00+00:00,7.39,6.47,-3.23,41.19,-18.21,10.34
2026-03-06 22:53:00+00:00,7.89,6.06,-3.75,37.56,-20.66,10.63
2026-03-06 22:54:00+00:00,7.83,6.26,-3.64,38.64,-19.96,10.67
2026-03-06 22:55:00+00:00,8.16,5.63,-4.34,34.62,-23.63,10.82
2026-03-06 22:56:00+00:00,7.96,5.36,-4.41,33.98,-24.71,10.56
2026-03-06 22:57:00+00:00,7.71,5.23,-4.45,34.18,-25.55,10.32
2026-03-06 22:58:00+00:00,7.78,5.39,-4.54,34.72,-25.63,10.50
2026-03-06 22:59:00+00:00,8.07,5.74,-4.59,35.41,-24.85,10.91
2026-03-06 23:00:00+00:00,8.30,6.16,-4.09,36.61,-21.57,11.11
2026-03-06 23:01:00+00:00,7.95,6.10,-4.62,37.53,-24.75,11.03
2026-03-06 23:02:00+00:00,8.13,5.32,-5.12,33.22,-27.80,10.98
2026-03-06 23:03:00+00:00,8.20,4.57,-5.81,29.12,-31.76,11.03
2026-03-06 23:04:00+00:00,8.04,5.43,-5.18,34.04,-28.08,10.99
2026-03-06 23:05:00+00:00,8.23,5.16,-5.11,32.06,-27.75,10.98
2026-03-06 23:06:00+00:00,8.47,2.69,-6.24,17.59,-35.10,10.86
2026-03-06 23:07:00+00:00,8.37,0.38,-6.98,2.62,-39.78,10.90
2026-03-06 23:08:00+00:00,8.36,-0.02,-6.94,359.87,-39.71,10.86
2026-03-06 23:09:00+00:00,8.19,0.10,-7.21,0.72,-41.35,10.91
2026-03-06 23:10:00+00:00,8.14,0.07,-7.24,0.50,-41.66,10.89
2026-03-06 23:11:00+00:00,8.15,0.16,-7.27,1.12,-41.73,10.92
2026-03-06 23:12:00+00:00,8.17,-0.65,-7.36,355.42,-41.91,11.02
2026-03-06 23:13:00+00:00,8.13,-0.98,-7.44,353.10,-42.28,11.07
2026-03-06 23:14:00+00:00,8.06,0.16,-7.56,1.12,-43.18,11.05
2026-03-06 23:15:00+00:00,8.16,1.70,-7.50,11.75,-42.00,11.21
2026-03-06 23:16:00+00:00,7.97,2.86,-7.49,19.73,-41.50,11.31
2026-03-06 23:17:00+00:00,8.08,2.24,-7.50,15.51,-41.83,11.25
2026-03-06 23:18:00+00:00,8.10,2.44,-7.52,16.76,-41.61,11.32
2026-03-06 23:19:00+00:00,8.37,1.77,-7.43,11.96,-40.98,11.33
2026-03-06 23:20:00+00:00,8.34,2.00,-7.41,13.48,-40.80,11.34
2026-03-06 23:21:00+00:00,8.48,1.47,-7.42,9.86,-40.76,11.37
2026-03-06 23:22:00+00:00,8.38,2.15,-7.30,14.41,-40.15,11.32
2026-03-06 23:23:00+00:00,8.41,2.57,-7.14,16.98,-39.08,11.33
2026-03-06 23:24:00+00:00,8.51,2.66,-7.08,17.35,-38.43,11.38
2026-03-06 23:25:00+00:00,8.30,2.71,-7.36,18.06,-40.14,11.42
2026-03-06 23:26:00+00:00,7.82,3.10,-7.70,21.67,-42.46,11.40
2026-03-06 23:27:00+00:00,7.83,2.83,-7.73,19.89,-42.86,11.37
2026-03-06 23:28:00+00:00,8.10,2.33,-7.72,16.06,-42.48,11.43
2026-03-06 23:29:00+00:00,8.05,2.19,-7.76,15.23,-42.93,11.39
2026-03-06 23:31:00+00:00,6.65,2.56,-7.75,21.07,-47.42,10.52
2026-03-06 23:32:00+00:00,6.50,1.57,-8.03,13.62,-50.23,10.45
2026-03-06 23:33:00+00:00,6.97,0.57,-7.67,4.66,-47.62,10.38
2026-03-06 23:34:00+00:00,6.89,0.01,-7.78,0.07,-48.48,10.40
2026-03-06 23:35:00+00:00,6.98,-0.36,-7.88,357.04,-48.45,10.54
2026-03-06 23:36:00+00:00,7.23,-0.65,-8.00,354.83,-47.78,10.81
2026-03-06 23:37:00+00:00,7.06,-0.27,-8.29,357.78,-49.57,10.89
2026-03-06 23:38:00+00:00,6.08,-1.15,-8.73,349.25,-54.69,10.70
2026-03-06 23:39:00+00:00,5.50,-0.94,-8.68,350.28,-57.29,10.32
2026-03-06 23:40:00+00:00,5.66,-0.98,-8.47,350.18,-55.87,10.23
2026-03-06 23:41:00+00:00,4.83,-1.66,-9.04,341.04,-60.55,10.38
2026-03-06 23:42:00+00:00,4.53,-1.77,-9.13,338.68,-61.96,10.35
2026-03-06 23:43:00+00:00,4.60,-1.70,-9.20,339.67,-61.96,10.43
2026-03-06 23:44:00+00:00,4.97,-2.04,-8.62,337.65,-58.07,10.16
2026-03-06 23:45:00+00:00,4.65,-3.33,-8.34,324.40,-55.56,10.11
2026-03-06 23:46:00+00:00,2.17,-5.49,-8.08,291.56,-53.87,10.01
2026-03-06 23:47:00+00:00,3.79,-4.04,-8.90,313.18,-58.09,10.49
2026-03-06 23:48:00+00:00,4.65,-2.44,-8.69,332.37,-58.85,10.15
2026-03-06 23:49:00+00:00,5.48,-0.92,-8.38,350.44,-56.44,10.05
2026-03-06 23:50:00+00:00,6.92,0.79,-7.61,6.50,-47.53,10.32
2026-03-06 23:51:00+00:00,7.17,0.77,-7.46,6.11,-45.95,10.38
2026-03-06 23:52:00+00:00,7.21,0.33,-7.32,2.65,-45.40,10.28
2026-03-06 23:53:00+00:00,7.12,0.28,-7.26,2.29,-45.54,10.18
2026-03-06 23:54:00+00:00,7.39,0.06,-7.44,0.50,-45.20,10.48
2026-03-06 23:55:00+00:00,7.53,0.55,-7.29,4.15,-43.98,10.50
2026-03-06 23:56:00+00:00,7.45,0.92,-7.61,7.04,-45.39,10.69
2026-03-06 23:57:00+00:00,8.14,1.05,-6.62,7.38,-38.89,10.54
2026-03-06 23:58:00+00:00,8.46,1.20,-6.29,8.09,-36.35,10.61
2026-03-06 23:59:00+00:00,8.96,1.22,-5.84,7.75,-32.84,10.76
2026-03-07 00:00:00+00:00,9.07,1.82,-5.20,11.35,-29.33,10.62
2026-03-07 00:01:00+00:00,8.85,2.14,-4.65,13.62,-27.05,10.23
2026-03-07 00:02:00+00:00,8.26,1.72,-6.52,11.77,-37.70,10.67
2026-03-07 00:03:00+00:00,7.83,1.46,-7.65,10.56,-43.84,11.04
2026-03-07 00:04:00+00:00,7.71,1.72,-7.90,12.56,-45.03,11.17
2026-03-07 00:05:00+00:00,8.40,2.75,-6.57,18.14,-36.62,11.02
2026-03-07 00:06:00+00:00,8.60,2.94,-6.18,18.90,-34.22,10.99
2026-03-07 00:07:00+00:00,8.40,2.81,-6.43,18.49,-35.97,10.94
2026-03-07 00:08:00+00:00,8.38,3.14,-5.91,20.52,-33.43,10.72
2026-03-07 00:09:00+00:00,8.21,3.02,-5.90,20.22,-33.99,10.55
2026-03-07 00:10:00+00:00,8.19,2.66,-6.07,18.01,-35.18,10.53
2026-03-07 00:11:00+00:00,8.29,2.81,-5.84,18.69,-33.70,10.53
2026-03-07 00:12:00+00:00,8.32,2.75,-6.01,18.28,-34.45,10.63
2026-03-07 00:13:00+00:00,8.34,3.10,-5.90,20.38,-33.55,10.67
2026-03-07 00:14:00+00:00,8.21,3.31,-5.92,21.94,-33.79,10.65
2026-03-07 00:15:00+00:00,8.52,3.63,-5.41,23.08,-30.31,10.73
2026-03-07 00:16:00+00:00,8.63,4.21,-4.53,26.01,-25.28,10.62
2026-03-07 00:17:00+00:00,8.39,4.35,-4.86,27.38,-27.22,10.63
2026-03-07 00:18:00+00:00,7.75,4.12,-6.10,28.01,-34.81,10.69
2026-03-07 00:19:00+00:00,8.41,4.36,-4.97,27.41,-27.69,10.70
2026-03-07 00:20:00+00:00,8.52,4.48,-4.54,27.74,-25.22,10.64
2026-03-07 00:21:00+00:00,8.05,4.44,-5.05,28.86,-28.78,10.49
2026-03-07 00:22:00+00:00,7.86,6.10,-3.71,37.81,-20.43,10.61
2026-03-07 00:23:00+00:00,8.04,3.17,-6.16,21.51,-35.47,10.61
2026-03-07 00:24:00+00:00,7.78,4.28,-6.04,28.81,-34.24,10.74
2026-03-07 00:25:00+00:00,7.68,4.76,-5.80,31.77,-32.71,10.74
2026-03-07 00:26:00+00:00,7.51,5.09,-5.85,34.14,-32.79,10.80
2026-03-07 00:27:00+00:00,8.58,2.30,-6.02,15.03,-34.11,10.73
2026-03-07 00:28:00+00:00,8.54,3.13,-5.63,20.14,-31.75,10.69
2026-03-07 00:29:00+00:00,7.77,4.60,-5.74,30.60,-32.43,10.70
2026-03-07 00:30:00+00:00,8.22,2.76,-6.44,18.54,-36.62,10.80
2026-03-07 00:31:00+00:00,8.37,3.22,-6.14,21.03,-34.40,10.87
2026-03-07 00:32:00+00:00,8.41,4.10,-5.63,26.00,-31.03,10.92
2026-03-07 00:33:00+00:00,8.19,4.69,-5.62,29.78,-30.76,10.99
2026-03-07 00:34:00+00:00,8.16,4.85,-5.16,30.76,-28.51,10.80
2026-03-07 00:35:00+00:00,8.08,3.12,-6.42,21.09,-36.54,10.78
2026-03-07 00:36:00+00:00,8.07,1.72,-6.96,12.04,-40.16,10.79
2026-03-07 00:37:00+00:00,8.32,1.73,-6.50,11.72,-37.41,10.70
2026-03-07 00:38:00+00:00,7.20,0.25,-7.83,1.99,-47.36,10.64
2026-03-07 00:39:00+00:00,7.86,2.07,-6.94,14.78,-40.49,10.69
2026-03-07 00:40:00+00:00,7.05,2.31,-7.89,18.16,-46.79,10.83
2026-03-07 00:41:00+00:00,6.97,3.31,-6.88,25.41,-41.71,10.34
2026-03-07 00:42:00+00:00,7.47,-2.62,-8.24,340.68,-46.13,11.43
2026-03-07 00:43:00+00:00,8.03,-0.97,-8.19,353.14,-45.35,11.51
2026-03-07 00:44:00+00:00,8.14,-0.64,-8.11,355.49,-44.79,11.51
2026-03-07 00:45:00+00:00,8.00,-0.96,-8.31,353.14,-45.88,11.58
2026-03-07 00:46:00+00:00,8.10,-0.95,-8.20,353.31,-45.17,11.56
2026-03-07 00:47:00+00:00,8.35,-0.22,-7.72,358.48,-42.73,11.38
2026-03-07 00:48:00+00:00,8.87,1.37,-7.08,8.79,-38.25,11.43
2026-03-07 00:49:00+00:00,8.53,-0.47,-7.66,356.87,-41.89,11.47
2026-03-07 00:50:00+00:00,7.37,-2.01,-8.16,344.72,-46.88,11.18
2026-03-07 00:51:00+00:00,8.91,1.20,-6.47,7.66,-35.73,11.08
2026-03-07 00:52:00+00:00,8.97,1.44,-6.49,9.13,-35.56,11.16
2026-03-07 00:53:00+00:00,8.18,-1.48,-7.50,349.75,-42.03,11.20
2026-03-07 00:54:00+00:00,8.45,-2.69,-6.71,342.32,-37.09,11.12
2026-03-07 00:55:00+00:00,8.05,-2.65,-7.34,341.77,-40.89,11.21
2026-03-07 00:56:00+00:00,7.83,-2.25,-7.80,343.99,-43.76,11.28
2026-03-07 00:57:00+00:00,7.66,-2.91,-7.72,339.20,-43.28,11.26
2026-03-07 00:58:00+00:00,7.61,-4.22,-7.00,331.00,-38.79,11.17
2026-03-07 00:59:00+00:00,6.88,-5.07,-7.38,323.63,-40.80,11.29
2026-03-07 01:00:00+00:00,5.44,-7.92,-6.02,304.47,-32.07,11.34
2026-03-07 01:01:00+00:00,3.37,-10.39,-4.34,287.99,-21.65,11.75
2026-03-07 01:02:00+00:00,3.61,-10.32,-4.11,289.30,-20.59,11.68
2026-03-07 01:03:00+00:00,3.77,-10.61,-4.19,289.54,-20.43,12.02
2026-03-07 01:04:00+00:00,5.42,-8.93,-5.57,301.25,-28.09,11.83
2026-03-07 01:05:00+00:00,7.64,-6.54,-6.04,319.42,-30.98,11.73
2026-03-07 01:06:00+00:00,8.45,-5.58,-6.18,326.55,-31.38,11.86
2026-03-07 01:07:00+00:00,8.41,-4.40,-7.01,332.38,-36.47,11.80
2026-03-07 01:08:00+00:00,8.10,-1.63,-8.37,348.62,-45.36,11.77
2026-03-07 01:09:00+00:00,8.19,-0.61,-8.29,355.74,-45.27,11.67
2026-03-07 01:10:00+00:00,8.27,-0.16,-8.10,358.87,-44.41,11.58
2026-03-07 01:11:00+00:00,8.50,0.67,-7.74,4.51,-42.22,11.51
2026-03-07 01:12:00+00:00,8.57,2.38,-7.56,15.51,-40.34,11.67
2026-03-07 01:13:00+00:00,8.54,1.12,-7.84,7.46,-42.32,11.64
2026-03-07 01:14:00+00:00,8.77,0.24,-7.53,1.55,-40.64,11.57
2026-03-07 01:15:00+00:00,8.78,-0.05,-7.22,359.67,-39.43,11.37
2026-03-07 01:16:00+00:00,8.88,0.46,-7.16,2.96,-38.83,11.42
2026-03-07 01:17:00+00:00,8.79,-0.49,-7.13,356.83,-39.01,11.33
2026-03-07 01:18:00+00:00,8.63,-0.90,-7.44,354.04,-40.61,11.43
2026-03-07 01:19:00+00:00,8.51,-1.53,-7.33,349.79,-40.30,11.33
2026-03-07 01:20:00+00:00,8.96,-1.45,-6.79,350.83,-36.78,11.33
2026-03-07 01:21:00+00:00,8.23,-3.01,-6.99,339.88,-38.58,11.21
2026-03-07 01:22:00+00:00,7.37,-4.42,-7.21,329.04,-39.97,11.22
2026-03-07 01:23:00+00:00,7.85,-4.19,-6.79,331.93,-37.35,11.19
2026-03-07 01:24:00+00:00,7.50,-4.57,-6.91,328.62,-38.18,11.17
2026-03-07 01:25:00+00:00,7.21,-4.96,-6.92,325.47,-38.34,11.16
2026-03-07 01:26:00+00:00,6.74,-5.94,-6.64,318.62,-36.46,11.17
2026-03-07 01:27:00+00:00,5.37,-7.94,-5.72,304.08,-30.84,11.17
2026-03-07 01:28:00+00:00,5.71,-7.30,-6.08,308.05,-33.27,11.09
2026-03-07 01:29:00+00:00,7.80,-2.64,-6.61,341.32,-38.78,10.56
2026-03-07 01:30:00+00:00,7.90,-1.60,-6.87,348.53,-40.43,10.59
2026-03-07 01:31:00+00:00,8.30,-1.91,-6.14,347.01,-35.78,10.50
2026-03-07 01:32:00+00:00,7.74,-4.51,-5.53,329.80,-31.70,10.53
2026-03-07 01:33:00+00:00,7.38,-4.50,-6.23,328.63,-35.79,10.65
2026-03-07 01:34:00+00:00,6.81,-5.18,-6.28,322.77,-36.29,10.62
2026-03-07 01:35:00+00:00,8.08,-3.42,-5.63,337.05,-32.69,10.43
2026-03-07 01:36:00+00:00,7.85,-1.23,-6.48,351.10,-39.20,10.25
2026-03-07 01:37:00+00:00,7.41,-0.85,-7.12,353.46,-43.67,10.31
2026-03-07 01:38:00+00:00,8.20,0.65,-6.21,4.50,-37.06,10.31
2026-03-07 01:39:00+00:00,7.99,-0.52,-6.26,356.29,-38.03,10.16
2026-03-07 01:40:00+00:00,8.51,-1.79,-5.20,348.10,-30.85,10.13
2026-03-07 01:41:00+00:00,8.29,-2.45,-5.39,343.52,-31.95,10.18
2026-03-07 01:42:00+00:00,8.10,-3.26,-5.18,338.10,-30.71,10.15
2026-03-07 01:43:00+00:00,5.54,-6.48,-5.95,310.52,-34.93,10.39
2026-03-07 01:44:00+00:00,6.93,-5.45,-5.22,321.82,-30.61,10.25
2026-03-07 01:45:00+00:00,8.22,-3.96,-4.18,334.30,-24.60,10.03
2026-03-07 01:46:00+00:00,8.06,-3.54,-4.62,336.32,-27.68,9.94
2026-03-07 01:47:00+00:00,7.32,-3.40,-5.67,335.09,-35.10,9.86
2026-03-07 01:48:00+00:00,4.53,-4.48,-8.06,315.37,-51.68,10.28
2026-03-07 01:49:00+00:00,5.54,-4.76,-7.50,319.36,-45.77,10.47
2026-03-07 01:50:00+00:00,3.74,-5.98,-7.77,301.99,-47.74,10.49
2026-03-07 01:51:00+00:00,4.13,-6.11,-7.54,304.10,-45.63,10.54
2026-03-07 01:52:00+00:00,2.41,-7.51,-7.21,287.79,-42.45,10.69
2026-03-07 01:53:00+00:00,5.19,-6.48,-6.49,308.69,-37.99,10.54
2026-03-07 01:54:00+00:00,5.87,-5.54,-6.61,316.65,-39.32,10.43
2026-03-07 01:55:00+00:00,6.28,-5.95,-5.82,316.53,-33.93,10.42
2026-03-07 01:56:00+00:00,6.36,-6.20,-5.45,315.73,-31.56,10.42
2026-03-07 01:57:00+00:00,6.99,-4.57,-5.95,326.79,-35.46,10.25
2026-03-07 01:58:00+00:00,7.86,-4.31,-5.70,331.26,-32.49,10.62
2026-03-07 01:59:00+00:00,5.98,-8.06,-3.29,306.58,-18.12,10.57
2026-03-07 02:00:00+00:00,4.94,-9.64,-2.08,297.13,-10.88,11.03
2026-03-07 02:01:00+00:00,5.39,-8.25,-4.45,303.18,-24.32,10.81
2026-03-07 02:02:00+00:00,6.82,-7.44,-3.59,312.49,-19.57,10.71
2026-03-07 02:03:00+00:00,5.88,-8.09,-3.89,306.01,-21.23,10.73
2026-03-07 02:04:00+00:00,5.80,-8.52,-3.22,304.25,-17.36,10.80
2026-03-07 02:05:00+00:00,5.12,-9.04,-3.74,299.51,-19.78,11.04
2026-03-07 02:06:00+00:00,5.52,-8.83,-3.72,302.02,-19.65,11.05
2026-03-07 02:07:00+00:00,6.44,-8.31,-2.68,307.79,-14.31,10.85
2026-03-07 02:08:00+00:00,5.81,-8.58,-3.40,304.11,-18.18,10.91
2026-03-07 02:09:00+00:00,6.07,-8.15,-3.90,306.69,-21.01,10.88
2026-03-07 02:10:00+00:00,5.89,-8.50,-3.35,304.71,-17.95,10.87
2026-03-07 02:11:00+00:00,6.42,-8.08,-3.05,308.47,-16.49,10.76
2026-03-07 02:12:00+00:00,5.32,-9.03,-2.89,300.48,-15.42,10.87
2026-03-07 02:13:00+00:00,4.97,-8.75,-4.30,299.59,-23.16,10.94
2026-03-07 02:14:00+00:00,4.30,-8.96,-4.71,295.67,-25.36,11.00
2026-03-07 02:15:00+00:00,4.60,-8.80,-4.34,297.61,-23.60,10.83
2026-03-07 02:16:00+00:00,8.08,-5.65,-4.57,325.03,-24.87,10.87
2026-03-07 02:17:00+00:00,7.25,-7.01,-4.17,315.98,-22.44,10.91
2026-03-07 02:18:00+00:00,5.23,-9.07,-3.38,299.98,-17.90,11.01
2026-03-07 02:19:00+00:00,5.19,-8.83,-3.41,300.45,-18.40,10.79
2026-03-07 02:20:00+00:00,3.49,-9.68,-0.92,289.81,-5.10,10.33
2026-03-07 02:21:00+00:00,3.06,-9.54,-0.61,287.79,-3.48,10.04
2026-03-07 02:22:00+00:00,5.18,-7.17,-0.91,305.84,-5.86,8.90
2026-03-07 02:23:00+00:00,3.53,-10.26,0.08,288.96,0.45,10.85
2026-03-07 02:24:00+00:00,1.86,-10.68,-0.29,279.90,-1.52,10.85
2026-03-07 02:25:00+00:00,1.97,-10.59,-0.11,280.54,-0.58,10.78
2026-03-07 02:26:00+00:00,2.19,-10.63,0.26,281.65,1.37,10.86
2026-03-07 02:27:00+00:00,1.36,-10.59,-0.03,277.34,-0.14,10.67
2026-03-07 02:28:00+00:00,3.04,-9.83,-2.02,287.19,-11.12,10.49
2026-03-07 02:29:00+00:00,4.60,-8.68,-3.42,297.91,-19.23,10.40
2026-03-07 02:30:00+00:00,4.01,-9.28,-3.18,293.39,-17.48,10.60
2026-03-07 02:31:00+00:00,4.20,-9.24,-2.93,294.43,-16.12,10.57
2026-03-07 02:32:00+00:00,3.87,-9.50,-2.56,292.18,-14.01,10.57
2026-03-07 02:33:00+00:00,4.63,-9.10,-2.39,296.96,-13.19,10.48
2026-03-07 02:34:00+00:00,5.78,-7.87,-3.27,306.31,-18.54,10.30
2026-03-07 02:35:00+00:00,2.83,-10.05,-2.39,285.71,-12.92,10.71
2026-03-07 02:36:00+00:00,2.28,-10.43,-1.77,282.32,-9.40,10.82
2026-03-07 02:37:00+00:00,2.39,-10.52,-0.50,282.81,-2.67,10.80
2026-03-07 02:38:00+00:00,3.00,-10.21,-0.92,286.39,-4.93,10.68
2026-03-07 02:39:00+00:00,3.57,-10.07,-0.62,289.52,-3.34,10.70
2026-03-07 02:40:00+00:00,3.74,-9.92,-0.71,290.66,-3.82,10.63
2026-03-07 02:41:00+00:00,2.70,-10.41,-0.13,284.54,-0.68,10.76
2026-03-07 02:42:00+00:00,2.81,-10.46,-0.04,285.01,-0.22,10.83
2026-03-07 02:43:00+00:00,2.21,-10.65,-0.12,281.75,-0.65,10.88
2026-03-07 02:44:00+00:00,2.37,-10.50,-0.18,282.72,-0.93,10.77
2026-03-07 02:45:00+00:00,0.12,-10.99,1.00,270.61,5.18,11.03
2026-03-07 02:46:00+00:00,0.41,-10.92,0.90,272.15,4.73,10.97
2026-03-07 02:47:00+00:00,-0.58,-10.65,2.21,266.87,11.70,10.89
2026-03-07 02:48:00+00:00,-0.95,-10.87,2.73,264.99,14.05,11.25
2026-03-07 02:49:00+00:00,-2.38,-10.82,1.58,257.61,8.12,11.19
2026-03-07 02:50:00+00:00,-3.52,-10.67,0.80,251.74,4.08,11.27
2026-03-07 02:51:00+00:00,-2.66,-11.06,1.11,256.46,5.55,11.43
2026-03-07 02:52:00+00:00,-4.95,-10.34,0.18,244.42,0.92,11.46
2026-03-07 02:53:00+00:00,-3.32,-10.55,2.04,252.54,10.45,11.24
2026-03-07 02:54:00+00:00,-2.56,-10.76,2.81,256.61,14.28,11.41
2026-03-07 02:55:00+00:00,-1.49,-10.36,4.37,261.82,22.66,11.34
2026-03-07 02:56:00+00:00,-2.20,-10.80,2.73,258.47,13.92,11.35
2026-03-07 02:57:00+00:00,-2.29,-10.64,2.84,257.87,14.62,11.25
2026-03-07 02:58:00+00:00,-1.23,-10.68,2.99,263.42,15.53,11.16
2026-03-07 02:59:00+00:00,-2.10,-10.65,-0.82,258.85,-4.31,10.88
2026-03-07 03:00:00+00:00,-2.81,-9.56,3.17,253.64,17.68,10.46
2026-03-07 03:01:00+00:00,2.81,-3.58,-7.90,308.13,-60.06,9.12
2026-03-07 03:02:00+00:00,3.55,-2.75,-8.90,322.24,-63.24,9.96
2026-03-07 03:03:00+00:00,4.53,-4.48,-7.78,315.34,-50.68,10.05
2026-03-07 03:04:00+00:00,5.09,-5.94,-6.41,310.58,-39.37,10.11
2026-03-07 03:05:00+00:00,5.07,-6.75,-5.65,306.93,-33.79,10.16
2026-03-07 03:06:00+00:00,4.67,-7.44,-5.34,302.11,-31.28,10.28
2026-03-07 03:07:00+00:00,1.37,-9.67,1.66,278.07,9.66,9.91
2026-03-07 03:08:00+00:00,0.04,-10.31,4.63,270.20,24.17,11.30
2026-03-07 03:09:00+00:00,0.57,-10.38,3.94,273.13,20.78,11.12
2026-03-07 03:10:00+00:00,1.44,-10.56,3.04,277.78,15.92,11.09
2026-03-07 03:11:00+00:00,0.80,-10.62,2.95,274.33,15.45,11.05
2026-03-07 03:12:00+00:00,1.60,-10.64,2.20,278.53,11.59,10.98
2026-03-07 03:13:00+00:00,1.39,-10.54,2.75,277.52,14.49,10.99
2026-03-07 03:14:00+00:00,0.07,-10.89,1.93,270.38,10.06,11.06
2026-03-07 03:15:00+00:00,-0.63,-10.96,1.97,266.72,10.18,11.16
2026-03-07 03:16:00+00:00,0.23,-10.91,2.38,271.22,12.28,11.17
2026-03-07 03:17:00+00:00,-0.48,-11.08,2.06,267.54,10.53,11.28
2026-03-07 03:18:00+00:00,0.20,-10.98,2.14,271.05,11.01,11.19
2026-03-07 03:19:00+00:00,0.54,-10.94,2.19,272.81,11.29,11.17
2026-03-07 03:20:00+00:00,0.32,-10.94,2.45,271.66,12.61,11.21
2026-03-07 03:21:00+00:00,-1.67,-10.48,3.61,260.94,18.80,11.21
2026-03-07 03:22:00+00:00,-2.24,-10.21,3.36,257.63,17.82,10.98
2026-03-07 03:23:00+00:00,-1.47,-10.57,3.28,262.06,17.10,11.16
2026-03-07 03:24:00+00:00,-0.19,-8.59,1.09,268.71,7.23,8.67
2026-03-07 03:25:00+00:00,-0.54,-7.57,6.71,265.93,41.51,10.13
2026-03-07 03:26:00+00:00,-0.64,-8.38,6.62,265.60,38.23,10.69
2026-03-07 03:27:00+00:00,-0.20,-8.71,6.30,268.68,35.89,10.75
2026-03-07 03:28:00+00:00,-1.05,-9.70,4.72,263.81,25.80,10.84
2026-03-07 03:29:00+00:00,-2.34,-10.16,3.51,257.03,18.59,11.00
2026-03-07 03:30:00+00:00,-3.51,-9.98,3.53,250.62,18.44,11.15
2026-03-07 03:31:00+00:00,-0.32,-10.17,3.36,268.18,18.26,10.72
2026-03-07 03:32:00+00:00,0.94,-10.25,3.49,275.25,18.75,10.87
2026-03-07 03:33:00+00:00,0.32,-10.43,2.26,271.73,12.20,10.68
2026-03-07 03:34:00+00:00,0.89,-10.52,0.74,274.84,4.03,10.58
2026-03-07 03:35:00+00:00,1.44,-10.41,-0.23,277.86,-1.24,10.51
2026-03-07 03:36:00+00:00,0.90,-10.14,-3.32,275.06,-18.06,10.71
2026-03-07 03:37:00+00:00,0.08,-10.42,-3.18,270.46,-16.95,10.89
2026-03-07 03:38:00+00:00,0.10,-10.20,-3.78,270.54,-20.31,10.88
2026-03-07 03:39:00+00:00,-0.71,-9.97,-4.22,265.92,-22.88,10.85
2026-03-07 03:40:00+00:00,-0.87,-9.74,-4.66,264.89,-25.47,10.83
2026-03-07 03:41:00+00:00,-1.17,-9.74,-4.46,263.15,-24.41,10.78
2026-03-07 03:42:00+00:00,-1.31,-10.34,-2.59,262.75,-13.98,10.74
2026-03-07 03:43:00+00:00,0.11,-9.96,-3.76,270.61,-20.68,10.65
2026-03-07 03:44:00+00:00,1.08,-9.65,-3.82,276.39,-21.46,10.43
2026-03-07 03:45:00+00:00,3.45,-6.77,-6.40,297.02,-40.11,9.93
2026-03-07 03:46:00+00:00,2.80,-6.38,-5.00,293.72,-35.62,8.58
2026-03-07 03:47:00+00:00,-1.44,-10.30,1.09,262.04,5.96,10.46
2026-03-07 03:48:00+00:00,1.97,-10.07,-0.86,281.09,-4.78,10.30
2026-03-07 03:49:00+00:00,4.62,-8.90,-1.37,297.41,-7.81,10.12
2026-03-07 03:50:00+00:00,3.50,-9.66,0.05,289.95,0.29,10.27
2026-03-07 03:51:00+00:00,4.05,-9.21,0.39,293.71,2.21,10.07
2026-03-07 03:52:00+00:00,3.60,-9.35,0.11,291.08,0.62,10.02
2026-03-07 03:53:00+00:00,2.43,-9.91,-0.25,283.78,-1.39,10.20
2026-03-07 03:54:00+00:00,2.79,-9.89,0.08,285.74,0.46,10.28
2026-03-07 03:55:00+00:00,2.07,-10.11,-0.35,281.55,-1.95,10.32
2026-03-07 03:56:00+00:00,-0.19,-10.71,0.65,269.01,3.49,10.73
2026-03-07 03:57:00+00:00,-1.98,-9.66,3.43,258.43,19.19,10.43
2026-03-07 03:58:00+00:00,-2.30,-10.05,3.10,257.10,16.72,10.77
2026-03-07 03:59:00+00:00,-2.18,-9.05,0.62,256.48,3.83,9.33
2026-03-07 04:00:00+00:00,-2.68,-9.91,1.82,254.86,10.07,10.43
2026-03-07 04:01:00+00:00,-2.02,-9.51,1.16,258.03,6.82,9.79
2026-03-07 04:02:00+00:00,-1.48,-9.34,1.74,261.00,10.42,9.62
2026-03-07 04:03:00+00:00,-0.31,-9.47,0.08,268.11,0.49,9.48
2026-03-07 04:04:00+00:00,0.30,-9.19,-1.01,271.87,-6.30,9.25
2026-03-07 04:05:00+00:00,1.49,-6.64,-5.95,282.61,-41.17,9.04
2026-03-07 04:06:00+00:00,1.89,-6.85,-6.03,285.43,-40.32,9.31
2026-03-07 04:07:00+00:00,1.84,-4.06,-8.32,294.42,-61.83,9.44
2026-03-07 04:08:00+00:00,2.31,-4.43,-7.78,297.59,-57.29,9.25
2026-03-07 04:09:00+00:00,3.46,-5.51,-4.95,302.16,-37.23,8.18
2026-03-07 04:10:00+00:00,4.58,-3.58,-6.24,321.96,-47.05,8.53
2026-03-07 04:11:00+00:00,3.44,-5.26,-6.13,303.20,-44.29,8.78
2026-03-07 04:12:00+00:00,2.85,-7.78,-3.65,290.14,-23.75,9.06
2026-03-07 04:13:00+00:00,2.51,-8.09,-1.63,287.21,-10.87,8.62
2026-03-07 04:14:00+00:00,4.94,-5.04,-5.44,314.44,-37.61,8.91
2026-03-07 04:15:00+00:00,5.24,-4.83,-5.66,317.33,-38.47,9.11
2026-03-07 04:16:00+00:00,5.74,-3.83,-5.11,326.28,-36.49,8.59
2026-03-07 04:17:00+00:00,5.81,0.36,-5.69,3.56,-44.37,8.14
2026-03-07 04:18:00+00:00,4.88,1.57,-6.74,17.78,-52.71,8.47
2026-03-07 04:19:00+00:00,5.36,2.35,-5.36,23.68,-42.52,7.93
2026-03-07 04:20:00+00:00,4.83,-0.34,-6.40,355.92,-52.90,8.02
2026-03-07 04:21:00+00:00,5.63,0.73,-6.50,7.36,-48.83,8.63
2026-03-07 04:22:00+00:00,4.71,-2.84,-6.74,328.91,-50.83,8.70
2026-03-07 04:23:00+00:00,4.14,-3.86,-7.15,316.97,-51.62,9.12
2026-03-07 04:24:00+00:00,4.53,-2.75,-7.52,328.70,-54.82,9.20
2026-03-07 04:25:00+00:00,4.89,-1.70,-7.64,340.83,-55.89,9.23
2026-03-07 04:26:00+00:00,4.25,-0.91,-8.16,347.95,-61.99,9.24
2026-03-07 04:27:00+00:00,5.36,0.69,-6.88,7.35,-51.86,8.75
2026-03-07 04:28:00+00:00,4.86,0.61,-7.16,7.12,-55.61,8.68
2026-03-07 04:29:00+00:00,4.46,3.69,-6.45,39.58,-48.10,8.66
2026-03-07 04:30:00+00:00,4.09,-2.33,-5.46,330.36,-49.26,7.21
2026-03-07 04:31:00+00:00,3.86,-6.69,-4.50,299.96,-30.19,8.94
2026-03-07 04:32:00+00:00,5.22,-4.27,-5.81,320.72,-40.78,8.90
2026-03-07 04:33:00+00:00,2.99,-7.74,-2.02,291.13,-13.70,8.55
2026-03-07 04:34:00+00:00,2.83,-8.40,-2.23,288.60,-14.14,9.14
2026-03-07 04:35:00+00:00,3.76,-7.86,-3.29,295.59,-20.66,9.31
2026-03-07 04:36:00+00:00,3.69,-7.58,-3.23,295.94,-20.96,9.03
2026-03-07 04:37:00+00:00,3.57,-8.31,-2.34,293.25,-14.48,9.34
2026-03-07 04:38:00+00:00,4.00,-7.79,-2.98,297.16,-18.81,9.25
2026-03-07 04:39:00+00:00,3.22,-8.43,-2.24,290.91,-13.91,9.30
2026-03-07 04:40:00+00:00,2.92,-8.49,-2.71,288.97,-16.77,9.38
2026-03-07 04:41:00+00:00,3.50,-8.25,-2.50,292.97,-15.61,9.30
2026-03-07 04:42:00+00:00,3.33,-8.62,-2.05,291.10,-12.51,9.46
2026-03-07 04:43:00+00:00,4.92,-7.89,-1.48,301.95,-9.06,9.42
2026-03-07 04:44:00+00:00,3.82,-8.41,-2.10,294.42,-12.82,9.47
2026-03-07 04:45:00+00:00,2.87,-8.91,-1.91,287.84,-11.53,9.55
2026-03-07 04:46:00+00:00,4.73,-7.98,-1.07,300.66,-6.56,9.34
2026-03-07 04:47:00+00:00,5.88,-6.99,-0.65,310.07,-4.09,9.16
2026-03-07 04:48:00+00:00,3.96,-8.39,-1.41,295.28,-8.63,9.39
2026-03-07 04:49:00+00:00,3.80,-8.60,-0.87,293.82,-5.30,9.44
2026-03-07 04:50:00+00:00,4.18,-8.45,-0.51,296.29,-3.12,9.44
2026-03-07 04:51:00+00:00,4.09,-8.67,-0.21,295.24,-1.27,9.58
2026-03-07 04:52:00+00:00,2.92,-9.27,0.17,287.49,1.02,9.72
2026-03-07 04:53:00+00:00,1.96,-9.62,0.59,281.52,3.43,9.83
2026-03-07 04:54:00+00:00,1.72,-9.54,1.45,280.20,8.52,9.80
2026-03-07 04:55:00+00:00,3.52,-8.79,-0.97,291.81,-5.83,9.52
2026-03-07 04:56:00+00:00,3.35,-8.63,-1.98,291.24,-12.10,9.47
2026-03-07 04:57:00+00:00,3.56,-8.92,-1.04,291.77,-6.17,9.66
2026-03-07 04:58:00+00:00,3.59,-8.57,-2.78,292.73,-16.64,9.70
2026-03-07 04:59:00+00:00,4.15,-8.11,-2.71,297.10,-16.57,9.50
2026-03-07 05:00:00+00:00,0.77,-9.28,3.29,274.75,19.48,9.88
2026-03-07 05:01:00+00:00,0.15,-9.44,3.99,270.88,22.92,10.25
2026-03-07 05:02:00+00:00,0.67,-9.61,3.72,273.96,21.14,10.32
2026-03-07 05:03:00+00:00,1.16,-9.67,3.13,276.83,17.81,10.23
2026-03-07 05:04:00+00:00,1.35,-9.57,2.68,278.02,15.52,10.03
2026-03-07 05:05:00+00:00,2.15,-9.74,0.43,282.45,2.45,9.98
2026-03-07 05:06:00+00:00,2.43,-9.67,0.49,284.11,2.80,9.99
2026-03-07 05:07:00+00:00,2.00,-9.84,-0.16,281.48,-0.92,10.04
2026-03-07 05:08:00+00:00,1.91,-9.57,-1.52,281.27,-8.87,9.87
2026-03-07 05:09:00+00:00,1.95,-9.00,-3.37,282.20,-20.13,9.81
2026-03-07 05:10:00+00:00,1.36,-8.84,-3.38,278.75,-20.69,9.56
2026-03-07 05:11:00+00:00,1.01,-9.11,1.05,276.30,6.54,9.23
2026-03-07 05:12:00+00:00,3.72,-8.65,2.66,293.27,15.79,9.78
2026-03-07 05:13:00+00:00,4.37,-8.63,2.49,296.87,14.41,9.99
2026-03-07 05:14:00+00:00,4.97,-7.61,3.70,303.15,22.15,9.81
2026-03-07 05:15:00+00:00,4.68,-7.62,4.11,301.57,24.65,9.84
2026-03-07 05:16:00+00:00,5.53,-7.80,2.63,305.35,15.37,9.91
2026-03-07 05:17:00+00:00,6.07,-7.67,1.88,308.35,10.87,9.96
2026-03-07 05:18:00+00:00,6.52,-7.36,1.34,311.52,7.77,9.93
2026-03-07 05:19:00+00:00,5.52,-8.05,2.36,304.47,13.59,10.04
2026-03-07 05:20:00+00:00,6.35,-7.36,2.06,310.76,11.95,9.93
2026-03-07 05:21:00+00:00,4.16,-7.46,5.44,299.11,32.47,10.13
2026-03-07 05:22:00+00:00,3.04,-7.80,6.09,291.30,36.03,10.36
2026-03-07 05:23:00+00:00,2.25,-8.82,5.06,284.30,29.07,10.41
2026-03-07 05:24:00+00:00,3.57,-9.12,2.96,291.37,16.83,10.23
2026-03-07 05:25:00+00:00,4.23,-8.65,3.56,296.04,20.29,10.26
2026-03-07 05:26:00+00:00,4.31,-8.58,3.58,296.69,20.42,10.25
2026-03-07 05:27:00+00:00,4.24,-8.78,3.38,295.75,19.13,10.32
2026-03-07 05:28:00+00:00,4.25,-8.70,3.83,296.05,21.58,10.41
2026-03-07 05:29:00+00:00,4.54,-9.22,1.14,296.22,6.33,10.34
2026-03-07 05:30:00+00:00,4.31,-9.16,-1.29,295.19,-7.23,10.21
2026-03-07 05:31:00+00:00,3.59,-8.99,0.38,291.79,2.24,9.69
2026-03-07 05:32:00+00:00,4.05,-7.84,5.59,297.33,32.39,10.44
2026-03-07 05:33:00+00:00,3.82,-7.95,5.38,295.65,31.38,10.33
2026-03-07 05:34:00+00:00,5.02,-8.53,2.82,300.46,15.92,10.29
2026-03-07 05:35:00+00:00,5.55,-8.56,1.88,302.94,10.44,10.38
2026-03-07 05:36:00+00:00,5.75,-8.51,1.23,304.06,6.82,10.34
2026-03-07 05:37:00+00:00,5.60,-8.53,0.18,303.29,1.01,10.21
2026-03-07 05:38:00+00:00,5.67,-8.54,-0.37,303.60,-2.06,10.26
2026-03-07 05:39:00+00:00,6.05,-8.25,-0.95,306.23,-5.29,10.27
2026-03-07 05:40:00+00:00,6.16,-7.40,0.19,309.76,1.12,9.64
2026-03-07 05:41:00+00:00,5.29,-8.38,1.64,302.26,9.41,10.05
2026-03-07 05:42:00+00:00,5.72,-8.38,1.51,304.32,8.48,10.26
2026-03-07 05:43:00+00:00,4.99,-8.69,2.46,299.84,13.80,10.32
2026-03-07 05:44:00+00:00,3.91,-9.69,2.14,291.98,11.56,10.66
2026-03-07 05:45:00+00:00,3.98,-9.65,1.10,292.41,5.99,10.49
2026-03-07 05:46:00+00:00,3.74,-9.57,-0.09,291.34,-0.49,10.28
2026-03-07 05:47:00+00:00,2.01,-9.96,-1.78,281.41,-9.95,10.32
2026-03-07 05:48:00+00:00,4.12,-8.88,-2.35,294.87,-13.50,10.07
2026-03-07 05:49:00+00:00,3.92,-7.78,-4.51,296.74,-27.39,9.81
2026-03-07 05:50:00+00:00,3.60,-6.63,-6.12,298.53,-39.04,9.71
2026-03-07 05:51:00+00:00,2.98,-5.50,-6.63,298.41,-46.67,9.12
2026-03-07 05:52:00+00:00,1.83,-8.40,4.64,282.29,28.36,9.77
2026-03-07 05:53:00+00:00,1.68,-8.36,4.85,281.38,29.63,9.81
2026-03-07 05:54:00+00:00,2.37,-8.42,4.61,285.74,27.79,9.89
2026-03-07 05:55:00+00:00,1.56,-8.50,4.62,280.39,28.14,9.80
2026-03-07 05:56:00+00:00,3.90,-7.90,3.92,296.29,23.96,9.64
2026-03-07 05:57:00+00:00,2.96,-8.46,3.62,289.30,21.97,9.67
2026-03-07 05:58:00+00:00,1.46,-8.44,4.79,279.84,29.22,9.82
2026-03-07 05:59:00+00:00,2.79,-8.52,3.85,288.12,23.25,9.76
2026-03-07 06:00:00+00:00,1.17,-8.88,4.78,277.50,28.10,10.16
2026-03-07 06:01:00+00:00,1.07,-9.01,5.20,276.80,29.80,10.46
2026-03-07 06:02:00+00:00,2.70,-8.92,4.26,286.84,24.58,10.25
2026-03-07 06:03:00+00:00,1.88,-9.01,4.87,281.79,27.90,10.42
2026-03-07 06:04:00+00:00,0.76,-9.29,4.86,274.68,27.55,10.51
2026-03-07 06:05:00+00:00,0.61,-9.39,4.48,273.71,25.44,10.42
2026-03-07 06:06:00+00:00,-0.19,-9.12,5.35,268.82,30.40,10.58
2026-03-07 06:07:00+00:00,-0.22,-9.66,4.32,268.68,24.07,10.59
2026-03-07 06:08:00+00:00,-0.04,-7.08,7.63,269.67,47.16,10.41
2026-03-07 06:09:00+00:00,-2.19,-8.79,5.76,255.99,32.44,10.74
2026-03-07 06:10:00+00:00,-2.63,-9.48,4.25,254.52,23.34,10.72
2026-03-07 06:11:00+00:00,-1.90,-9.05,4.63,258.12,26.60,10.34
2026-03-07 06:12:00+00:00,-2.55,-10.07,1.07,255.82,5.89,10.44
2026-03-07 06:13:00+00:00,-0.70,-9.78,3.52,265.90,19.76,10.42
2026-03-07 06:14:00+00:00,-0.85,-9.72,3.84,264.99,21.51,10.49
2026-03-07 06:15:00+00:00,-0.69,-9.64,3.82,265.89,21.54,10.39
2026-03-07 06:16:00+00:00,1.87,-8.37,5.54,282.57,32.88,10.21
2026-03-07 06:17:00+00:00,1.42,-8.50,5.62,279.51,33.10,10.29
2026-03-07 06:18:00+00:00,0.43,-8.98,5.14,272.77,29.76,10.36
2026-03-07 06:19:00+00:00,0.08,-9.09,4.92,270.52,28.42,10.33
2026-03-07 06:20:00+00:00,0.38,-9.15,4.74,272.36,27.39,10.31
2026-03-07 06:21:00+00:00,0.46,-9.63,3.83,272.76,21.69,10.38
2026-03-07 06:22:00+00:00,1.10,-9.49,3.96,276.64,22.49,10.34
2026-03-07 06:23:00+00:00,0.83,-9.27,4.32,275.10,24.91,10.27
2026-03-07 06:24:00+00:00,-0.11,-10.01,2.96,269.35,16.48,10.44
2026-03-07 06:25:00+00:00,-0.19,-10.40,2.63,268.93,14.21,10.73
2026-03-07 06:26:00+00:00,0.11,-10.60,1.28,270.61,6.86,10.68
2026-03-07 06:27:00+00:00,-1.01,-8.55,3.34,263.25,21.19,9.23
2026-03-07 06:28:00+00:00,-3.00,-6.13,7.79,243.89,48.80,10.36
2026-03-07 06:29:00+00:00,-3.57,-5.96,7.07,239.08,45.51,9.91
2026-03-07 06:30:00+00:00,0.10,-1.63,-0.78,273.59,-25.54,1.81
2026-03-07 06:31:00+00:00,3.82,3.10,-6.63,39.05,-53.42,8.26
2026-03-07 06:32:00+00:00,3.55,2.90,-6.81,39.28,-56.06,8.20
2026-03-07 06:33:00+00:00,3.32,1.99,-6.82,30.91,-60.43,7.84
2026-03-07 06:34:00+00:00,3.36,-0.13,-7.12,357.83,-64.70,7.87
2026-03-07 06:35:00+00:00,2.80,1.98,-7.04,35.24,-64.02,7.83
2026-03-07 06:36:00+00:00,3.89,-0.23,-6.58,356.61,-59.38,7.64
2026-03-07 06:37:00+00:00,3.96,-1.96,-6.64,333.61,-56.35,7.97
2026-03-07 06:38:00+00:00,3.16,-6.43,-2.46,296.15,-18.98,7.58
2026-03-07 06:39:00+00:00,3.39,-6.46,-1.03,297.71,-8.00,7.37
2026-03-07 06:40:00+00:00,3.73,-4.66,-4.37,308.69,-36.20,7.39
2026-03-07 06:41:00+00:00,3.83,-4.83,-3.66,308.40,-30.73,7.17
2026-03-07 06:42:00+00:00,3.98,-3.43,-3.78,319.21,-35.75,6.47
2026-03-07 06:43:00+00:00,3.45,-4.62,-2.95,306.77,-27.08,6.47
2026-03-07 06:44:00+00:00,3.64,-2.23,-5.51,328.42,-52.25,6.97
2026-03-07 06:45:00+00:00,3.66,-3.12,-5.25,319.59,-47.50,7.12
2026-03-07 06:46:00+00:00,4.15,-1.60,-5.15,338.90,-49.15,6.80
2026-03-07 06:47:00+00:00,2.48,3.65,-5.52,55.79,-51.33,7.07
2026-03-07 06:48:00+00:00,1.87,4.17,-5.38,65.87,-49.67,7.06
2026-03-07 06:49:00+00:00,2.37,2.60,-5.99,47.68,-59.59,6.95
2026-03-07 06:50:00+00:00,3.53,1.38,-5.93,21.39,-57.44,7.03
2026-03-07 06:51:00+00:00,4.14,-1.35,-5.61,341.96,-52.13,7.10
2026-03-07 06:52:00+00:00,3.51,0.23,-5.97,3.76,-59.48,6.93
2026-03-07 06:53:00+00:00,3.16,1.79,-6.30,29.52,-60.03,7.27
2026-03-07 06:54:00+00:00,3.80,2.94,-5.84,37.69,-50.54,7.56
2026-03-07 06:55:00+00:00,4.30,1.31,-6.02,16.97,-53.29,7.51
2026-03-07 06:56:00+00:00,4.67,0.46,-6.09,5.57,-52.37,7.68
2026-03-07 06:57:00+00:00,5.30,-0.34,-5.62,356.37,-46.65,7.73
2026-03-07 06:58:00+00:00,5.27,-1.42,-5.69,344.92,-46.16,7.88
2026-03-07 06:59:00+00:00,4.43,-1.98,-5.99,335.88,-50.96,7.71
2026-03-07 07:00:00+00:00,4.29,-2.29,-6.37,331.90,-52.60,8.01
2026-03-07 07:01:00+00:00,5.68,-3.07,-3.86,331.59,-30.90,7.52
2026-03-07 07:02:00+00:00,5.59,-3.64,-3.86,326.96,-30.03,7.71
2026-03-07 07:03:00+00:00,4.67,-5.46,-3.26,310.55,-24.40,7.90
2026-03-07 07:04:00+00:00,4.95,-6.32,-0.73,308.07,-5.16,8.06
2026-03-07 07:05:00+00:00,5.09,-5.94,-0.76,310.61,-5.53,7.86
2026-03-07 07:06:00+00:00,4.35,-6.28,0.77,304.69,5.74,7.68
2026-03-07 07:07:00+00:00,4.74,-5.66,0.55,309.93,4.26,7.41
2026-03-07 07:08:00+00:00,3.96,-5.47,2.28,305.86,18.65,7.13
2026-03-07 07:09:00+00:00,3.93,-5.79,1.88,304.18,15.04,7.25
2026-03-07 07:10:00+00:00,4.66,-6.13,0.48,307.24,3.59,7.71
2026-03-07 07:11:00+00:00,4.02,-6.60,-1.38,301.32,-10.15,7.85
2026-03-07 07:12:00+00:00,3.97,-6.33,-2.25,302.10,-16.73,7.81
2026-03-07 07:13:00+00:00,3.39,-6.73,-1.78,296.72,-13.33,7.74
2026-03-07 07:14:00+00:00,3.71,-5.25,-3.10,305.28,-25.78,7.14
2026-03-07 07:15:00+00:00,4.26,-4.22,-4.69,315.24,-38.00,7.61
2026-03-07 07:16:00+00:00,4.93,-4.75,-3.17,316.08,-24.85,7.54
2026-03-07 07:17:00+00:00,4.53,-4.80,-4.03,313.35,-31.36,7.74
2026-03-07 07:18:00+00:00,3.96,-4.96,-3.55,308.60,-29.19,7.27
2026-03-07 07:19:00+00:00,0.22,-7.73,-1.23,271.62,-9.05,7.83
2026-03-07 07:20:00+00:00,1.33,-6.50,-4.85,281.60,-36.16,8.22
2026-03-07 07:21:00+00:00,1.50,-6.89,-4.44,282.29,-32.19,8.33
2026-03-07 07:22:00+00:00,0.99,-6.74,-5.24,278.38,-37.56,8.60
2026-03-07 07:23:00+00:00,1.42,-5.67,-5.44,284.08,-42.93,7.99
2026-03-07 07:24:00+00:00,4.40,-5.84,-1.06,306.98,-8.27,7.38
2026-03-07 07:25:00+00:00,3.47,-5.77,-3.70,301.02,-28.77,7.68
2026-03-07 07:26:00+00:00,3.79,-6.15,-1.15,301.63,-9.02,7.31
2026-03-07 07:27:00+00:00,4.76,-5.67,-0.51,309.97,-3.98,7.42
2026-03-07 07:28:00+00:00,4.73,-5.70,-1.06,309.72,-8.16,7.48
2026-03-07 07:29:00+00:00,4.43,-5.97,-0.09,306.59,-0.70,7.44
2026-03-07 07:30:00+00:00,3.43,-6.45,0.66,297.95,5.13,7.34
2026-03-07 07:31:00+00:00,3.37,-6.69,-0.33,296.74,-2.53,7.50
2026-03-07 07:32:00+00:00,3.68,-5.25,-1.39,305.01,-12.20,6.56
2026-03-07 07:33:00+00:00,4.63,-3.98,-1.78,319.28,-16.27,6.36
2026-03-07 07:34:00+00:00,2.43,-0.07,-3.89,358.43,-57.98,4.58
2026-03-07 07:35:00+00:00,1.61,4.42,-7.02,69.96,-56.17,8.46
2026-03-07 07:36:00+00:00,2.28,5.16,-7.00,66.19,-51.11,8.99
2026-03-07 07:37:00+00:00,2.07,6.58,-6.35,72.52,-42.63,9.38
2026-03-07 07:38:00+00:00,1.46,6.22,-7.44,76.83,-49.32,9.81
2026-03-07 07:39:00+00:00,1.93,5.67,-7.18,71.18,-50.16,9.35
2026-03-07 07:40:00+00:00,0.46,2.16,-6.79,77.93,-72.00,7.13
2026-03-07 07:41:00+00:00,1.27,-2.53,-4.25,296.70,-56.39,5.11
2026-03-07 07:42:00+00:00,2.41,-5.73,-0.23,292.82,-2.08,6.22
2026-03-07 07:43:00+00:00,2.40,-6.13,0.05,291.39,0.46,6.58
2026-03-07 07:44:00+00:00,1.20,-6.56,2.26,280.34,18.75,7.04
2026-03-07 07:45:00+00:00,1.35,-7.18,3.06,280.68,22.69,7.92
2026-03-07 07:46:00+00:00,0.95,-7.95,3.11,276.82,21.25,8.59
2026-03-07 07:47:00+00:00,0.52,-8.82,2.73,273.39,17.15,9.25
2026-03-07 07:48:00+00:00,0.61,-8.45,4.06,274.14,25.62,9.39
2026-03-07 07:49:00+00:00,-1.48,-7.56,1.48,258.92,10.88,7.85
2026-03-07 07:50:00+00:00,-2.20,-9.65,0.96,257.15,5.54,9.95
2026-03-07 07:51:00+00:00,-2.21,-9.60,0.77,257.04,4.46,9.88
2026-03-07 07:52:00+00:00,-1.65,-9.31,-0.68,259.95,-4.14,9.48
2026-03-07 07:53:00+00:00,-0.84,-9.62,-0.61,265.01,-3.64,9.67
2026-03-07 07:54:00+00:00,-0.02,-9.05,0.03,269.90,0.21,9.05
2026-03-07 07:55:00+00:00,0.51,-9.06,-0.87,273.21,-5.49,9.11
2026-03-07 07:56:00+00:00,-0.06,-9.14,-0.39,269.63,-2.47,9.15
2026-03-07 07:57:00+00:00,0.54,-9.13,-0.35,273.42,-2.22,9.15
2026-03-07 07:58:00+00:00,0.76,-9.06,-0.36,274.76,-2.28,9.10
2026-03-07 07:59:00+00:00,-0.56,-9.29,-1.19,266.58,-7.29,9.38
2026-03-07 08:00:00+00:00,-0.64,-8.91,-0.93,265.92,-5.96,8.98
2026-03-07 08:01:00+00:00,1.99,-8.47,1.06,283.24,6.92,8.76
2026-03-07 08:02:00+00:00,1.21,-8.60,1.79,278.02,11.65,8.87
2026-03-07 08:03:00+00:00,2.41,-8.05,2.27,286.67,15.12,8.71
2026-03-07 08:04:00+00:00,2.56,-8.05,-1.84,287.65,-12.26,8.65
2026-03-07 08:05:00+00:00,0.72,-8.63,2.17,274.80,14.07,8.93
2026-03-07 08:06:00+00:00,0.66,-9.09,0.48,274.13,3.02,9.12
2026-03-07 08:07:00+00:00,-0.15,-9.19,-1.57,269.05,-9.70,9.32
2026-03-07 08:08:00+00:00,0.49,-8.56,-3.27,273.25,-20.87,9.17
2026-03-07 08:09:00+00:00,1.57,-8.70,-2.08,280.20,-13.21,9.08
2026-03-07 08:10:00+00:00,1.79,-8.70,-3.05,281.62,-18.95,9.39
2026-03-07 08:11:00+00:00,3.74,-7.59,-3.30,296.20,-21.31,9.08
2026-03-07 08:12:00+00:00,3.85,-7.55,-2.89,297.00,-18.82,8.96
2026-03-07 08:13:00+00:00,3.86,-5.71,-5.73,304.03,-39.73,8.96
2026-03-07 08:14:00+00:00,4.75,-5.35,-5.19,311.65,-35.96,8.84
2026-03-07 08:15:00+00:00,4.56,-5.49,-3.22,309.76,-24.28,7.83
2026-03-07 08:16:00+00:00,4.29,-6.66,-1.19,302.78,-8.53,8.01
2026-03-07 08:17:00+00:00,5.64,-5.09,-3.15,317.92,-22.50,8.22
2026-03-07 08:18:00+00:00,5.43,-5.14,-3.58,316.59,-25.56,8.29
2026-03-07 08:19:00+00:00,4.49,-1.69,-6.85,339.40,-55.00,8.36
2026-03-07 08:20:00+00:00,4.88,-1.45,-6.80,343.45,-53.18,8.49
2026-03-07 08:21:00+00:00,4.73,-0.42,-6.69,354.91,-54.60,8.20
2026-03-07 08:22:00+00:00,5.29,-3.55,-5.10,326.12,-38.69,8.17
2026-03-07 08:23:00+00:00,3.61,-6.09,-3.06,300.67,-23.38,7.71
2026-03-07 08:24:00+00:00,2.94,-5.99,-3.99,296.15,-30.88,7.77
2026-03-07 08:25:00+00:00,2.74,-7.52,-3.50,290.00,-23.61,8.74
2026-03-07 08:26:00+00:00,2.30,-1.17,-7.31,333.09,-70.59,7.75
2026-03-07 08:27:00+00:00,2.45,1.24,-8.54,26.92,-72.17,8.97
2026-03-07 08:28:00+00:00,2.14,1.39,-8.62,33.03,-73.49,8.99
2026-03-07 08:29:00+00:00,2.27,2.48,-8.15,47.58,-67.61,8.82
2026-03-07 08:30:00+00:00,2.89,0.76,-8.05,14.67,-69.66,8.59
2026-03-07 08:31:00+00:00,2.45,-5.68,-0.80,293.31,-7.36,6.23
2026-03-07 08:32:00+00:00,1.43,-7.95,4.80,280.22,30.71,9.40
2026-03-07 08:33:00+00:00,0.99,-7.62,5.53,277.42,35.71,9.47
2026-03-07 08:34:00+00:00,1.99,-7.83,4.72,284.27,30.30,9.35
2026-03-07 08:35:00+00:00,1.61,-7.11,5.27,282.76,35.89,8.99
2026-03-07 08:36:00+00:00,0.46,-7.07,7.03,273.72,44.78,9.98
2026-03-07 08:37:00+00:00,0.47,-6.78,7.30,273.95,47.05,9.98
2026-03-07 08:38:00+00:00,0.39,-6.87,7.30,273.25,46.68,10.03
2026-03-07 08:39:00+00:00,0.23,-6.90,7.54,271.94,47.51,10.22
2026-03-07 08:40:00+00:00,0.45,-7.13,7.41,273.64,46.04,10.30
2026-03-07 08:41:00+00:00,0.78,-6.55,7.63,276.76,49.15,10.09
2026-03-07 08:42:00+00:00,0.26,-6.47,7.76,272.28,50.17,10.11
2026-03-07 08:43:00+00:00,1.77,-7.07,6.09,284.02,39.87,9.50
2026-03-07 08:44:00+00:00,2.34,-7.56,5.42,287.23,34.42,9.59
2026-03-07 08:45:00+00:00,2.33,-7.46,5.35,287.34,34.41,9.47
2026-03-07 08:46:00+00:00,3.71,-8.57,0.77,293.43,4.72,9.37
2026-03-07 08:47:00+00:00,3.44,-8.64,1.04,291.69,6.39,9.35
2026-03-07 08:48:00+00:00,2.80,-8.83,-0.65,287.60,-4.03,9.29
2026-03-07 08:49:00+00:00,1.88,-9.16,-0.49,281.60,-3.02,9.37
2026-03-07 08:50:00+00:00,2.40,-8.83,3.10,285.19,18.72,9.66
2026-03-07 08:51:00+00:00,1.95,-9.17,3.20,282.01,18.83,9.90
2026-03-07 08:52:00+00:00,2.26,-8.25,4.89,285.34,29.76,9.86
2026-03-07 08:53:00+00:00,2.66,-8.05,5.02,288.26,30.62,9.85
2026-03-07 08:54:00+00:00,2.86,-7.74,5.06,290.29,31.52,9.68
2026-03-07 08:55:00+00:00,3.26,-8.39,3.79,291.22,22.86,9.76
2026-03-07 08:56:00+00:00,2.98,-8.80,2.83,288.71,16.91,9.72
2026-03-07 08:57:00+00:00,6.16,-7.34,0.33,310.04,1.96,9.59
2026-03-07 08:58:00+00:00,6.09,-7.44,0.24,309.30,1.46,9.62
2026-03-07 08:59:00+00:00,5.42,-7.81,-1.22,304.76,-7.32,9.59
2026-03-07 09:00:00+00:00,1.93,-9.32,0.80,281.70,4.82,9.55
2026-03-07 09:01:00+00:00,-2.09,-9.33,3.59,257.40,20.59,10.21
2026-03-07 09:02:00+00:00,-2.62,-9.16,4.26,254.07,24.11,10.44
2026-03-07 09:03:00+00:00,-1.64,-9.62,3.73,260.32,20.91,10.44
2026-03-07 09:04:00+00:00,-2.06,-9.58,3.76,257.88,20.99,10.50
2026-03-07 09:05:00+00:00,-1.20,-9.88,3.20,263.08,17.82,10.46
2026-03-07 09:06:00+00:00,-0.77,-10.06,2.62,265.65,14.58,10.43
2026-03-07 09:07:00+00:00,-0.03,-10.07,2.16,269.85,12.12,10.30
2026-03-07 09:08:00+00:00,0.30,-10.23,1.43,271.69,7.98,10.33
2026-03-07 09:09:00+00:00,-0.26,-10.36,1.19,268.55,6.56,10.43
2026-03-07 09:10:00+00:00,0.23,-10.32,0.77,271.26,4.24,10.35
2026-03-07 09:11:00+00:00,0.48,-10.24,1.32,272.70,7.33,10.34
2026-03-07 09:12:00+00:00,0.89,-10.25,0.49,274.95,2.71,10.30
2026-03-07 09:13:00+00:00,1.51,-10.12,-0.02,278.48,-0.13,10.23
2026-03-07 09:14:00+00:00,3.14,-9.33,-0.81,288.57,-4.68,9.88
2026-03-07 09:15:00+00:00,5.82,-7.38,-3.06,308.23,-18.03,9.88
2026-03-07 09:16:00+00:00,5.71,-7.69,-2.50,306.62,-14.62,9.90
2026-03-07 09:17:00+00:00,6.08,-7.28,-2.72,309.86,-16.00,9.86
2026-03-07 09:18:00+00:00,5.73,-6.81,-4.12,310.11,-24.87,9.81
2026-03-07 09:19:00+00:00,5.03,-7.94,-3.29,302.36,-19.32,9.96
2026-03-07 09:20:00+00:00,4.55,-8.27,-3.03,298.84,-17.79,9.92
2026-03-07 09:21:00+00:00,4.03,-8.49,-3.28,295.40,-19.22,9.95
2026-03-07 09:22:00+00:00,5.07,-8.22,-2.48,301.68,-14.41,9.97
2026-03-07 09:23:00+00:00,4.39,-8.72,-2.53,296.74,-14.52,10.08
2026-03-07 09:24:00+00:00,3.71,-8.50,-4.01,293.58,-23.37,10.10
2026-03-07 09:25:00+00:00,3.11,-8.02,-5.54,291.17,-32.81,10.23
2026-03-07 09:26:00+00:00,2.45,-8.03,-2.30,286.98,-15.34,8.71
2026-03-07 09:27:00+00:00,2.44,-8.91,4.36,285.33,25.27,10.22
2026-03-07 09:28:00+00:00,2.34,-9.69,3.30,283.55,18.34,10.50
2026-03-07 09:29:00+00:00,2.43,-9.76,3.19,283.99,17.59,10.56
2026-03-07 09:30:00+00:00,2.37,-9.86,3.05,283.50,16.73,10.59
2026-03-07 09:31:00+00:00,2.89,-9.67,2.63,286.63,14.62,10.43
2026-03-07 09:32:00+00:00,3.71,-9.71,1.13,290.90,6.19,10.45
2026-03-07 09:33:00+00:00,3.63,-9.57,2.20,290.79,12.11,10.47
2026-03-07 09:34:00+00:00,2.74,-9.18,3.89,286.64,22.10,10.34
2026-03-07 09:35:00+00:00,0.16,-8.93,6.55,271.01,36.23,11.08
2026-03-07 09:36:00+00:00,2.83,-9.96,4.16,285.88,21.88,11.16
2026-03-07 09:37:00+00:00,3.04,-9.90,4.26,287.06,22.37,11.20
2026-03-07 09:38:00+00:00,1.87,-9.74,5.16,280.84,27.48,11.18
2026-03-07 09:39:00+00:00,1.61,-9.62,6.12,279.50,32.09,11.52
2026-03-07 09:40:00+00:00,2.60,-9.98,5.17,284.63,26.62,11.53
2026-03-07 09:41:00+00:00,3.59,-9.74,5.27,290.22,26.90,11.64
2026-03-07 09:42:00+00:00,3.41,-9.63,5.59,289.51,28.68,11.65
2026-03-07 09:43:00+00:00,2.78,-9.51,6.20,286.27,32.04,11.69
2026-03-07 09:44:00+00:00,2.25,-9.55,6.34,283.28,32.87,11.68
2026-03-07 09:45:00+00:00,2.88,-9.27,6.45,287.26,33.60,11.65
2026-03-07 09:46:00+00:00,2.80,-9.30,6.23,286.78,32.70,11.54
2026-03-07 09:47:00+00:00,2.48,-9.51,6.02,284.59,31.48,11.52
2026-03-07 09:48:00+00:00,2.38,-9.42,5.42,284.19,29.16,11.12
2026-03-07 09:49:00+00:00,2.23,-9.28,5.95,283.52,31.95,11.25
2026-03-07 09:50:00+00:00,2.16,-9.18,6.02,283.22,32.53,11.19
2026-03-07 09:51:00+00:00,2.38,-8.86,6.55,285.01,35.53,11.27
2026-03-07 09:52:00+00:00,2.41,-8.47,7.05,285.91,38.69,11.28
2026-03-07 09:53:00+00:00,2.06,-8.77,6.90,283.23,37.44,11.34
2026-03-07 09:54:00+00:00,2.33,-8.84,6.38,284.73,34.89,11.15
2026-03-07 09:55:00+00:00,2.68,-7.90,7.04,288.76,40.16,10.91
2026-03-07 09:56:00+00:00,2.11,-8.33,6.76,284.24,38.20,10.93
2026-03-07 09:57:00+00:00,2.30,-8.60,7.12,284.96,38.66,11.40
2026-03-07 09:58:00+00:00,2.19,-9.08,6.74,283.56,35.83,11.52
2026-03-07 10:00:00+00:00,2.14,-11.14,-0.25,280.87,-1.26,11.35
2026-03-07 10:03:00+00:00,1.95,-11.27,-0.32,279.83,-1.62,11.44
2026-03-07 10:04:00+00:00,1.84,-11.12,-0.07,279.42,-0.36,11.28
2026-03-07 10:05:00+00:00,0.97,-11.67,0.31,274.77,1.52,11.71
2026-03-07 10:06:00+00:00,2.04,-11.67,1.04,279.93,5.00,11.89
2026-03-07 10:07:00+00:00,2.23,-11.47,1.69,280.99,8.23,11.81
2026-03-07 10:08:00+00:00,2.70,-11.56,1.72,283.16,8.25,11.99
2026-03-07 10:09:00+00:00,2.72,-11.45,1.46,283.37,7.10,11.86
2026-03-07 10:10:00+00:00,2.87,-10.02,4.52,285.96,23.45,11.36
2026-03-07 10:11:00+00:00,2.38,-10.04,5.77,283.31,29.20,11.82
2026-03-07 10:12:00+00:00,3.09,-9.57,6.53,287.90,33.01,11.99
2026-03-07 10:13:00+00:00,3.27,-9.73,6.22,288.58,31.24,12.00
2026-03-07 10:14:00+00:00,3.42,-9.51,6.59,289.80,33.12,12.06
2026-03-07 10:15:00+00:00,2.46,-10.72,5.22,282.90,25.38,12.17
2026-03-07 10:16:00+00:00,2.56,-10.85,4.85,283.27,23.51,12.16
2026-03-07 10:17:00+00:00,2.57,-10.68,5.05,283.55,24.70,12.09
2026-03-07 10:18:00+00:00,2.83,-10.63,4.99,284.90,24.38,12.08
2026-03-07 10:19:00+00:00,1.82,-10.30,5.48,280.01,27.66,11.81
2026-03-07 10:20:00+00:00,1.44,-10.38,4.97,277.92,25.35,11.60
2026-03-07 10:21:00+00:00,2.06,-6.47,9.07,287.67,53.19,11.32
2026-03-07 10:22:00+00:00,1.94,-7.16,9.17,285.17,51.04,11.79
2026-03-07 10:23:00+00:00,1.68,-8.40,8.43,281.28,44.54,12.02
2026-03-07 10:24:00+00:00,2.49,-9.74,7.03,284.32,34.95,12.27
2026-03-07 10:25:00+00:00,2.86,-10.05,6.18,285.87,30.60,12.14
2026-03-07 10:26:00+00:00,3.10,-10.15,5.96,287.00,29.32,12.17
2026-03-07 10:27:00+00:00,3.81,-10.11,5.57,290.62,27.28,12.15
2026-03-07 10:28:00+00:00,4.31,-10.21,4.74,292.89,23.15,12.06
2026-03-07 10:29:00+00:00,4.41,-10.37,4.52,293.06,21.86,12.14
2026-03-07 10:30:00+00:00,4.78,-10.42,3.93,294.63,18.95,12.12
2026-03-07 10:31:00+00:00,4.75,-10.80,3.31,293.74,15.65,12.25
2026-03-07 10:32:00+00:00,4.21,-11.32,2.35,290.40,11.00,12.30
2026-03-07 10:33:00+00:00,4.00,-11.49,1.69,289.18,7.89,12.28
2026-03-07 10:34:00+00:00,3.76,-11.39,2.39,288.25,11.29,12.23
2026-03-07 10:35:00+00:00,3.40,-11.47,2.68,286.53,12.63,12.26
2026-03-07 10:36:00+00:00,3.32,-11.55,2.25,286.06,10.63,12.22
2026-03-07 10:37:00+00:00,3.24,-11.57,1.65,285.64,7.80,12.13
2026-03-07 10:38:00+00:00,3.65,-11.30,1.97,287.89,9.43,12.04
2026-03-07 10:39:00+00:00,3.77,-11.06,2.91,288.80,13.99,12.04
2026-03-07 10:40:00+00:00,3.54,-11.22,2.23,287.50,10.71,11.97
2026-03-07 10:41:00+00:00,3.51,-11.42,0.33,287.07,1.58,11.95
2026-03-07 10:42:00+00:00,3.33,-11.09,1.70,286.69,8.34,11.70
2026-03-07 10:43:00+00:00,2.77,-11.39,1.11,283.65,5.39,11.77
2026-03-07 10:44:00+00:00,2.67,-11.61,-0.37,282.94,-1.77,11.91
2026-03-07 10:45:00+00:00,2.77,-11.26,0.58,283.83,2.85,11.61
2026-03-07 10:46:00+00:00,2.79,-11.12,2.74,284.07,13.43,11.79
2026-03-07 10:47:00+00:00,2.63,-10.83,2.66,283.66,13.44,11.46
2026-03-07 10:48:00+00:00,2.35,-10.85,2.34,282.21,11.90,11.34
2026-03-07 10:49:00+00:00,3.53,-10.77,0.29,288.17,1.48,11.34
2026-03-07 10:50:00+00:00,3.85,-10.57,2.56,290.01,12.83,11.54
2026-03-07 10:51:00+00:00,3.96,-10.41,3.08,290.82,15.47,11.56
2026-03-07 10:52:00+00:00,3.18,-10.35,3.60,287.07,18.39,11.41
2026-03-07 10:53:00+00:00,2.57,-10.31,3.60,284.01,18.71,11.22
2026-03-07 10:54:00+00:00,2.57,-9.49,5.12,285.14,27.52,11.09
2026-03-07 10:55:00+00:00,2.36,-9.45,5.33,284.04,28.69,11.11
2026-03-07 10:56:00+00:00,2.87,-9.03,5.94,287.63,32.10,11.18
2026-03-07 10:57:00+00:00,1.06,-10.54,2.81,275.72,14.83,10.96
2026-03-07 10:58:00+00:00,0.50,-11.32,1.06,272.55,5.34,11.38
2026-03-07 10:59:00+00:00,0.54,-10.84,-1.30,272.84,-6.84,10.93
2026-03-07 11:00:00+00:00,1.70,-10.85,0.93,278.89,4.82,11.02
2026-03-07 11:01:00+00:00,1.21,-11.32,1.84,276.11,9.20,11.53
2026-03-07 11:02:00+00:00,1.21,-11.14,3.43,276.22,17.02,11.72
2026-03-07 11:03:00+00:00,1.27,-10.99,3.36,276.58,16.91,11.56
2026-03-07 11:04:00+00:00,1.52,-10.95,2.48,277.88,12.66,11.33
2026-03-07 11:05:00+00:00,0.81,-10.37,4.63,274.49,23.98,11.38
2026-03-07 11:06:00+00:00,1.17,-9.84,5.44,276.78,28.79,11.30
2026-03-07 11:07:00+00:00,2.84,-9.28,5.11,287.02,27.75,10.97
2026-03-07 11:08:00+00:00,1.77,-9.43,5.12,280.62,28.08,10.88
2026-03-07 11:09:00+00:00,1.69,-8.96,5.44,280.69,30.80,10.62
2026-03-07 11:10:00+00:00,1.36,-7.68,7.22,280.05,42.79,10.63
2026-03-07 11:11:00+00:00,0.04,-5.05,9.57,270.47,62.19,10.82
2026-03-07 11:12:00+00:00,0.26,-3.65,10.27,274.10,70.41,10.91
2026-03-07 11:13:00+00:00,2.48,-7.13,6.84,289.14,42.17,10.18
2026-03-07 11:14:00+00:00,3.70,-10.50,2.96,289.41,14.90,11.52
2026-03-07 11:15:00+00:00,3.68,-10.56,2.31,289.20,11.67,11.42
2026-03-07 11:16:00+00:00,2.90,-10.71,2.99,285.13,15.10,11.49
2026-03-07 11:17:00+00:00,1.83,-11.15,2.87,279.31,14.24,11.65
2026-03-07 11:18:00+00:00,2.97,-11.00,2.41,285.09,11.96,11.65
2026-03-07 11:19:00+00:00,3.27,-10.98,2.67,286.57,13.14,11.77
2026-03-07 11:20:00+00:00,3.32,-11.07,2.82,286.69,13.72,11.90
2026-03-07 11:21:00+00:00,3.18,-11.21,2.89,285.81,13.92,12.01
2026-03-07 11:22:00+00:00,2.98,-11.29,1.88,284.78,9.15,11.83
2026-03-07 11:23:00+00:00,2.72,-11.26,2.04,283.57,9.97,11.76
2026-03-07 11:24:00+00:00,2.64,-11.21,2.11,283.26,10.37,11.71
2026-03-07 11:25:00+00:00,2.20,-11.33,2.04,281.01,10.04,11.72
2026-03-07 11:26:00+00:00,2.40,-11.08,2.50,282.20,12.45,11.61
2026-03-07 11:27:00+00:00,6.07,-7.12,4.98,310.46,28.02,10.60
2026-03-07 11:28:00+00:00,3.13,-10.35,2.83,286.82,14.67,11.17
2026-03-07 11:29:00+00:00,2.26,-11.05,2.73,281.56,13.61,11.60
2026-03-07 11:31:00+00:00,2.71,-10.53,3.64,284.44,18.52,11.47
2026-03-07 11:32:00+00:00,3.10,-10.39,3.69,286.63,18.79,11.46
2026-03-07 11:33:00+00:00,2.99,-10.52,3.61,285.88,18.26,11.52
2026-03-07 11:34:00+00:00,3.59,-9.91,4.71,289.91,24.07,11.54
2026-03-07 11:35:00+00:00,4.31,-9.83,3.90,293.65,19.95,11.42
2026-03-07 11:36:00+00:00,4.18,-9.56,4.65,293.60,24.01,11.42
2026-03-07 11:37:00+00:00,5.05,-8.67,5.31,300.21,27.90,11.35
2026-03-07 11:38:00+00:00,5.29,-8.79,4.90,301.03,25.52,11.37
2026-03-07 11:39:00+00:00,5.44,-9.33,3.67,300.27,18.77,11.41
2026-03-07 11:40:00+00:00,5.40,-9.31,3.69,300.09,18.93,11.38
2026-03-07 11:41:00+00:00,5.34,-9.32,3.90,299.81,19.94,11.42
2026-03-07 11:42:00+00:00,5.64,-9.59,2.96,300.47,14.88,11.51
2026-03-07 11:43:00+00:00,5.40,-9.76,2.75,298.93,13.86,11.49
2026-03-07 11:44:00+00:00,5.07,-10.02,2.16,296.82,10.88,11.44
2026-03-07 11:45:00+00:00,5.16,-9.98,2.03,297.36,10.23,11.41
2026-03-07 11:46:00+00:00,5.38,-9.94,2.32,298.41,11.59,11.54
2026-03-07 11:47:00+00:00,5.54,-9.73,1.90,299.68,9.65,11.36
2026-03-07 11:48:00+00:00,5.67,-9.49,1.31,300.87,6.74,11.13
2026-03-07 11:49:00+00:00,5.53,-9.49,1.69,300.24,8.74,11.11
2026-03-07 11:50:00+00:00,5.74,-9.16,1.02,302.05,5.38,10.86
2026-03-07 11:51:00+00:00,6.32,-8.82,0.65,305.62,3.45,10.87
2026-03-07 11:52:00+00:00,6.54,-8.60,0.92,307.26,4.88,10.84
2026-03-07 11:53:00+00:00,6.39,-8.73,1.11,306.19,5.85,10.88
2026-03-07 11:54:00+00:00,6.47,-8.76,1.29,306.47,6.74,10.97
2026-03-07 11:55:00+00:00,6.24,-9.02,1.22,304.67,6.34,11.03
2026-03-07 11:56:00+00:00,0.07,-11.19,3.89,270.38,19.18,11.85
2026-03-07 11:57:00+00:00,-0.06,-11.41,4.07,269.70,19.65,12.11
2026-03-07 11:58:00+00:00,0.51,-11.48,3.95,272.56,18.99,12.16
2026-03-07 11:59:00+00:00,1.67,-11.41,3.46,278.31,16.71,12.04
2026-03-07 12:00:00+00:00,0.52,-11.70,3.14,272.55,15.02,12.12
2026-03-07 12:01:00+00:00,0.05,-11.48,2.86,270.25,14.00,11.84
2026-03-07 12:02:00+00:00,0.23,-11.46,3.10,271.16,15.12,11.87
2026-03-07 12:03:00+00:00,0.22,-11.41,3.15,271.09,15.44,11.84
2026-03-07 12:04:00+00:00,0.80,-11.48,3.01,273.99,14.68,11.89
2026-03-07 12:05:00+00:00,0.81,-11.51,3.19,274.04,15.44,11.97
2026-03-07 12:06:00+00:00,1.08,-11.53,3.40,275.35,16.37,12.07
2026-03-07 12:07:00+00:00,1.42,-11.37,3.50,277.10,17.01,11.98
2026-03-07 12:08:00+00:00,1.28,-11.40,2.46,276.42,12.12,11.74
2026-03-07 12:09:00+00:00,1.35,-11.76,1.96,276.56,9.39,11.99
2026-03-07 12:10:00+00:00,1.36,-11.64,1.95,276.67,9.46,11.88
2026-03-07 12:11:00+00:00,0.34,-11.53,2.99,271.70,14.51,11.92
2026-03-07 12:12:00+00:00,0.39,-11.44,3.16,271.96,15.45,11.88
2026-03-07 12:13:00+00:00,0.43,-11.52,3.24,272.12,15.68,11.98
2026-03-07 12:14:00+00:00,0.24,-11.88,2.87,271.16,13.58,12.23
2026-03-07 12:15:00+00:00,1.40,-11.31,3.74,277.08,18.19,11.99
2026-03-07 12:16:00+00:00,1.44,-11.30,3.41,277.25,16.65,11.89
2026-03-07 12:17:00+00:00,1.14,-10.37,4.55,276.24,23.56,11.39
2026-03-07 12:18:00+00:00,0.92,-10.36,4.95,275.06,25.44,11.52
2026-03-07 12:19:00+00:00,0.37,-11.10,3.64,271.89,18.14,11.69
2026-03-07 12:20:00+00:00,2.43,-10.26,5.49,283.31,27.49,11.88
2026-03-07 12:21:00+00:00,2.78,-10.04,5.97,285.45,29.83,12.01
2026-03-07 12:22:00+00:00,2.87,-10.17,5.77,285.77,28.63,12.04
2026-03-07 12:23:00+00:00,2.97,-10.60,5.00,285.64,24.42,12.09
2026-03-07 12:24:00+00:00,2.81,-10.97,4.25,284.38,20.58,12.09
2026-03-07 12:25:00+00:00,2.29,-11.03,3.14,281.71,15.56,11.69
2026-03-07 12:26:00+00:00,1.24,-9.88,5.49,277.18,28.86,11.37
2026-03-07 12:27:00+00:00,2.34,-8.89,6.75,284.76,36.29,11.41
2026-03-07 12:28:00+00:00,3.17,-7.99,7.39,291.65,40.68,11.33
2026-03-07 12:29:00+00:00,2.76,-9.00,6.25,287.03,33.59,11.30
2026-03-07 12:30:00+00:00,1.94,-10.43,3.94,280.51,20.36,11.32
2026-03-07 12:31:00+00:00,1.28,-11.23,2.42,276.49,12.11,11.56
2026-03-07 12:32:00+00:00,2.30,-10.73,3.31,282.09,16.77,11.46
2026-03-07 12:33:00+00:00,5.10,-8.74,5.37,300.27,27.95,11.46
2026-03-07 12:34:00+00:00,3.33,-10.53,3.81,287.56,19.05,11.68
2026-03-07 12:35:00+00:00,2.97,-10.92,3.16,285.21,15.62,11.75
2026-03-07 12:36:00+00:00,3.03,-10.92,2.86,285.51,14.14,11.69
2026-03-07 12:37:00+00:00,3.24,-11.01,2.48,286.39,12.20,11.74
2026-03-07 12:38:00+00:00,3.13,-11.17,1.70,285.66,8.35,11.72
2026-03-07 12:39:00+00:00,2.48,-10.85,-1.52,282.90,-7.80,11.23
2026-03-07 12:40:00+00:00,2.58,-11.08,-1.32,283.10,-6.63,11.45
2026-03-07 12:41:00+00:00,2.67,-11.27,-0.72,283.33,-3.56,11.60
2026-03-07 12:42:00+00:00,2.34,-11.12,2.81,281.88,13.86,11.71
2026-03-07 12:43:00+00:00,1.84,-11.32,2.55,279.24,12.53,11.75
2026-03-07 12:44:00+00:00,1.77,-11.06,2.90,279.06,14.54,11.57
2026-03-07 12:45:00+00:00,2.78,-11.12,1.31,284.03,6.52,11.53
2026-03-07 12:46:00+00:00,3.61,-10.70,-0.40,288.62,-2.01,11.30
2026-03-07 12:47:00+00:00,3.59,-10.50,-0.47,288.89,-2.40,11.10
2026-03-07 12:48:00+00:00,2.33,-11.24,3.41,281.71,16.56,11.97
2026-03-07 12:49:00+00:00,2.25,-11.28,3.27,281.28,15.85,11.95
2026-03-07 12:50:00+00:00,2.14,-11.21,3.00,280.79,14.74,11.81
2026-03-07 12:51:00+00:00,2.24,-11.22,2.86,281.30,14.05,11.79
2026-03-07 12:52:00+00:00,2.25,-11.24,2.99,281.32,14.61,11.84
2026-03-07 12:53:00+00:00,1.90,-11.34,3.52,279.49,17.01,12.02
2026-03-07 12:54:00+00:00,2.06,-11.19,3.84,280.45,18.65,12.01
2026-03-07 12:55:00+00:00,1.92,-11.24,3.71,279.69,18.01,11.99
2026-03-07 12:56:00+00:00,1.19,-11.11,4.22,276.11,20.68,11.94
2026-03-07 12:57:00+00:00,2.07,-11.06,3.29,280.62,16.28,11.72
2026-03-07 12:58:00+00:00,2.95,-11.05,2.45,284.97,12.09,11.69
2026-03-07 12:59:00+00:00,2.93,-11.07,2.20,284.80,10.86,11.66
2026-03-07 13:00:00+00:00,3.62,-10.95,1.56,288.27,7.72,11.64
2026-03-07 13:01:00+00:00,3.29,-11.09,2.01,286.51,9.86,11.74
2026-03-07 13:02:00+00:00,2.27,-11.28,2.98,281.39,14.51,11.89
2026-03-07 13:03:00+00:00,2.98,-11.00,2.46,285.18,12.17,11.66
2026-03-07 13:04:00+00:00,2.59,-11.18,2.55,283.05,12.55,11.76
2026-03-07 13:05:00+00:00,2.31,-11.03,3.19,281.85,15.83,11.71
2026-03-07 13:06:00+00:00,1.61,-11.24,2.75,278.14,13.59,11.69
2026-03-07 13:07:00+00:00,1.30,-11.32,2.94,276.54,14.48,11.77
2026-03-07 13:08:00+00:00,1.28,-10.96,4.07,276.68,20.26,11.76
2026-03-07 13:09:00+00:00,1.71,-10.87,4.02,278.96,20.06,11.71
2026-03-07 13:10:00+00:00,2.89,-10.49,3.68,285.43,18.70,11.49
2026-03-07 13:11:00+00:00,3.32,-10.36,3.57,287.78,18.19,11.45
2026-03-07 13:12:00+00:00,3.05,-10.38,3.78,286.35,19.24,11.46
2026-03-07 13:13:00+00:00,2.82,-10.47,3.73,285.08,18.99,11.47
2026-03-07 13:14:00+00:00,2.51,-10.47,3.99,283.50,20.34,11.49
2026-03-07 13:15:00+00:00,2.21,-10.52,4.08,281.88,20.76,11.50
2026-03-07 13:16:00+00:00,2.35,-10.47,4.05,282.64,20.68,11.47
2026-03-07 13:17:00+00:00,2.81,-10.11,4.03,285.53,21.01,11.24
2026-03-07 13:18:00+00:00,2.26,-9.88,4.46,282.91,23.73,11.07
2026-03-07 13:19:00+00:00,3.71,-9.75,3.06,290.81,16.34,10.87
2026-03-07 13:20:00+00:00,4.16,-9.71,2.78,293.21,14.74,10.92
2026-03-07 13:21:00+00:00,3.99,-9.67,3.09,292.44,16.43,10.91
2026-03-07 13:22:00+00:00,4.28,-9.47,3.12,294.29,16.71,10.85
2026-03-07 13:23:00+00:00,4.91,-8.91,3.50,298.88,19.00,10.76
2026-03-07 13:24:00+00:00,2.58,-9.99,3.12,284.47,16.81,10.78
2026-03-07 13:25:00+00:00,3.06,-9.40,3.36,288.04,18.78,10.45
2026-03-07 13:26:00+00:00,2.79,-9.88,3.38,285.74,18.21,10.81
2026-03-07 13:27:00+00:00,2.77,-9.93,3.10,285.60,16.75,10.77
2026-03-07 13:28:00+00:00,2.99,-9.64,3.22,287.24,17.71,10.60
2026-03-07 13:29:00+00:00,3.69,-9.21,3.13,291.83,17.51,10.40
2026-03-07 13:30:00+00:00,2.74,-9.64,3.89,285.87,21.24,10.75
2026-03-07 13:31:00+00:00,2.64,-9.49,5.05,285.53,27.14,11.07
2026-03-07 13:32:00+00:00,2.58,-9.44,4.66,285.31,25.45,10.83
2026-03-07 13:33:00+00:00,3.08,-9.42,4.18,288.10,22.88,10.76
2026-03-07 13:34:00+00:00,3.37,-9.32,4.13,289.87,22.62,10.73
2026-03-07 13:35:00+00:00,3.17,-9.09,4.69,289.22,25.97,10.70
2026-03-07 13:36:00+00:00,3.40,-9.33,4.30,290.01,23.43,10.83
2026-03-07 13:37:00+00:00,3.48,-9.64,3.36,289.84,18.12,10.79
2026-03-07 13:38:00+00:00,2.99,-10.24,2.40,286.30,12.69,10.94
2026-03-07 13:39:00+00:00,3.58,-9.58,3.43,290.48,18.57,10.79
2026-03-07 13:40:00+00:00,4.30,-9.23,3.65,294.95,19.71,10.81
2026-03-07 13:41:00+00:00,4.09,-9.29,3.56,293.77,19.35,10.75
2026-03-07 13:42:00+00:00,3.56,-9.50,3.44,290.56,18.75,10.72
2026-03-07 13:43:00+00:00,3.20,-9.66,3.78,288.31,20.38,10.85
2026-03-07 13:44:00+00:00,3.04,-9.46,4.29,287.81,23.38,10.82
2026-03-07 13:45:00+00:00,2.87,-9.62,4.04,286.62,21.93,10.82
2026-03-07 13:46:00+00:00,2.98,-9.77,3.38,286.98,18.30,10.76
2026-03-07 13:47:00+00:00,3.27,-9.76,3.03,288.52,16.38,10.73
2026-03-07 13:48:00+00:00,3.20,-9.71,3.17,288.24,17.23,10.70
2026-03-07 13:49:00+00:00,2.72,-9.80,3.15,285.54,17.21,10.64
2026-03-07 13:50:00+00:00,3.32,-9.42,3.08,289.39,17.16,10.46
2026-03-07 13:51:00+00:00,3.44,-9.62,2.88,289.66,15.77,10.61
2026-03-07 13:52:00+00:00,2.55,-10.30,2.28,283.90,12.11,10.85
2026-03-07 13:53:00+00:00,2.56,-10.23,2.04,284.04,10.93,10.74
2026-03-07 13:54:00+00:00,1.36,-10.44,1.33,277.44,7.21,10.61
2026-03-07 13:55:00+00:00,1.59,-9.68,1.62,279.34,9.37,9.95
2026-03-07 13:56:00+00:00,2.43,-9.31,3.19,284.62,18.32,10.13
2026-03-07 13:57:00+00:00,2.56,-9.51,2.70,285.07,15.36,10.21
2026-03-07 13:58:00+00:00,2.69,-9.31,2.07,286.12,12.04,9.91
2026-03-07 13:59:00+00:00,1.29,-9.53,3.47,277.72,19.87,10.22
2026-03-07 14:00:00+00:00,1.85,-9.35,3.74,281.22,21.42,10.23
2026-03-07 14:01:00+00:00,1.44,-9.37,3.69,278.74,21.29,10.17
2026-03-07 14:02:00+00:00,1.03,-9.50,3.82,276.17,21.79,10.29
2026-03-07 14:03:00+00:00,1.22,-9.40,3.77,277.38,21.70,10.20
2026-03-07 14:04:00+00:00,1.80,-9.02,3.74,281.29,22.15,9.93
2026-03-07 14:05:00+00:00,1.82,-8.99,3.70,281.42,21.99,9.90
2026-03-07 14:06:00+00:00,3.73,-7.47,4.49,296.56,28.25,9.48
2026-03-07 14:07:00+00:00,5.69,-5.62,5.10,315.36,32.51,9.49
2026-03-07 14:08:00+00:00,4.89,-6.43,4.97,307.26,31.59,9.48
2026-03-07 14:09:00+00:00,2.76,-8.10,4.60,288.78,28.27,9.72
2026-03-07 14:10:00+00:00,3.57,-7.58,4.73,295.20,29.46,9.63
2026-03-07 14:11:00+00:00,2.33,-8.79,3.43,284.86,20.66,9.72
2026-03-07 14:12:00+00:00,2.35,-8.46,3.90,285.50,23.96,9.61
2026-03-07 14:13:00+00:00,2.17,-8.78,3.89,283.88,23.26,9.85
2026-03-07 14:14:00+00:00,2.45,-8.81,3.58,285.57,21.37,9.82
2026-03-07 14:15:00+00:00,3.74,-7.95,4.15,295.17,25.29,9.72
2026-03-07 14:16:00+00:00,3.47,-8.22,3.99,292.89,24.08,9.77
2026-03-07 14:17:00+00:00,3.50,-8.32,3.78,292.78,22.71,9.79
2026-03-07 14:18:00+00:00,3.96,-8.13,3.56,295.96,21.51,9.72
2026-03-07 14:19:00+00:00,3.58,-8.45,3.19,292.94,19.17,9.71
2026-03-07 14:20:00+00:00,3.90,-8.43,0.29,294.84,1.78,9.29
2026-03-07 14:21:00+00:00,4.14,-8.26,-0.14,296.63,-0.84,9.25
2026-03-07 14:22:00+00:00,5.13,-6.73,-1.79,307.33,-11.97,8.65
2026-03-07 14:23:00+00:00,5.01,-7.50,0.65,303.71,4.10,9.04
2026-03-07 14:24:00+00:00,3.90,-7.72,3.38,296.81,21.32,9.29
2026-03-07 14:25:00+00:00,3.11,-7.51,4.92,292.48,31.21,9.50
2026-03-07 14:26:00+00:00,3.49,-5.84,6.33,300.91,42.92,9.29
2026-03-07 14:27:00+00:00,2.98,-8.31,1.77,289.75,11.34,9.01
2026-03-07 14:28:00+00:00,2.99,-8.78,1.26,288.78,7.72,9.36
2026-03-07 14:29:00+00:00,3.64,-8.24,1.78,293.85,11.15,9.18
2026-03-07 14:30:00+00:00,3.16,-8.34,1.22,290.74,7.82,9.00
2026-03-07 14:31:00+00:00,1.82,-8.84,0.78,281.65,4.95,9.06
2026-03-07 14:32:00+00:00,3.06,-8.55,1.84,289.68,11.48,9.26
2026-03-07 14:33:00+00:00,2.37,-8.78,1.44,285.08,9.00,9.21
2026-03-07 14:34:00+00:00,2.54,-8.66,1.48,286.38,9.34,9.14
2026-03-07 14:35:00+00:00,2.83,-8.43,1.28,288.58,8.21,8.98
2026-03-07 14:36:00+00:00,2.90,-8.42,1.13,289.02,7.21,8.97
2026-03-07 14:37:00+00:00,2.62,-8.57,1.09,286.99,6.96,9.03
2026-03-07 14:38:00+00:00,2.75,-8.38,2.82,288.16,17.75,9.26
2026-03-07 14:39:00+00:00,2.25,-8.05,3.70,285.64,23.87,9.14
2026-03-07 14:40:00+00:00,3.48,-7.53,2.02,294.77,13.69,8.54
2026-03-07 14:41:00+00:00,5.78,-6.30,0.05,312.57,0.33,8.55
2026-03-07 14:42:00+00:00,6.09,-5.95,1.14,315.64,7.66,8.59
2026-03-07 14:43:00+00:00,3.56,-7.01,3.32,296.92,22.87,8.54
2026-03-07 14:44:00+00:00,2.08,-7.41,4.48,285.65,30.18,8.90
2026-03-07 14:45:00+00:00,2.62,-7.25,4.15,289.84,28.33,8.75
2026-03-07 14:46:00+00:00,3.13,-7.35,3.48,293.09,23.56,8.71
2026-03-07 14:47:00+00:00,3.01,-7.51,3.35,291.86,22.47,8.76
2026-03-07 14:48:00+00:00,2.72,-7.40,3.53,290.18,24.13,8.64
2026-03-07 14:49:00+00:00,2.64,-7.39,3.61,289.66,24.68,8.64
2026-03-07 14:50:00+00:00,2.57,-7.55,3.53,288.80,23.90,8.72
2026-03-07 14:51:00+00:00,1.40,-7.97,3.97,279.96,26.11,9.02
2026-03-07 14:52:00+00:00,1.69,-8.23,3.00,281.62,19.67,8.92
2026-03-07 14:53:00+00:00,2.94,-7.84,2.68,290.57,17.76,8.79
2026-03-07 14:54:00+00:00,4.15,-7.61,1.38,298.60,9.06,8.78
2026-03-07 14:55:00+00:00,4.87,-7.14,0.43,304.27,2.86,8.65
2026-03-07 14:56:00+00:00,5.19,-6.82,-0.08,307.28,-0.56,8.57
2026-03-07 14:57:00+00:00,5.47,-6.21,-1.70,311.39,-11.59,8.45
2026-03-07 14:58:00+00:00,5.14,-6.57,-1.41,308.08,-9.60,8.46
2026-03-07 14:59:00+00:00,4.95,-6.43,-1.94,307.60,-13.42,8.34
2026-03-07 15:00:00+00:00,4.63,-5.47,-3.56,310.24,-26.40,8.01
2026-03-07 15:01:00+00:00,3.54,-6.86,0.12,297.27,0.88,7.72
2026-03-07 15:02:00+00:00,2.19,-7.74,3.42,285.80,23.05,8.74
2026-03-07 15:03:00+00:00,1.79,-7.47,4.48,283.47,30.24,8.89
2026-03-07 15:04:00+00:00,2.12,-7.57,3.54,285.64,24.24,8.62
2026-03-07 15:05:00+00:00,2.26,-7.78,2.91,286.18,19.77,8.60
2026-03-07 15:06:00+00:00,2.59,-7.95,2.44,288.01,16.28,8.71
2026-03-07 15:07:00+00:00,2.10,-7.91,2.91,284.83,19.58,8.69
2026-03-07 15:08:00+00:00,2.21,-7.23,2.74,286.96,19.93,8.05
2026-03-07 15:09:00+00:00,1.90,-7.04,3.14,285.09,23.32,7.94
2026-03-07 15:10:00+00:00,1.39,-7.06,3.71,281.13,27.26,8.09
2026-03-07 15:11:00+00:00,1.87,-7.20,2.74,284.52,20.21,7.93
2026-03-07 15:12:00+00:00,2.41,-7.28,2.48,288.34,17.89,8.06
2026-03-07 15:13:00+00:00,2.83,-7.13,1.65,291.61,12.14,7.85
2026-03-07 15:14:00+00:00,2.95,-7.25,1.31,292.15,9.52,7.94
2026-03-07 15:15:00+00:00,2.93,-7.21,1.12,292.09,8.19,7.86
2026-03-07 15:16:00+00:00,2.85,-7.16,0.96,291.73,7.12,7.76
2026-03-07 15:17:00+00:00,3.17,-6.79,0.62,294.99,4.73,7.52
2026-03-07 15:18:00+00:00,3.36,-6.54,0.45,297.17,3.47,7.36
2026-03-07 15:19:00+00:00,3.54,-6.56,-0.08,298.37,-0.60,7.46
2026-03-07 15:20:00+00:00,2.50,-6.94,1.55,289.81,11.89,7.54
2026-03-07 15:21:00+00:00,2.40,-6.95,1.46,289.02,11.20,7.50
2026-03-07 15:22:00+00:00,2.64,-6.84,1.05,291.11,8.19,7.41
2026-03-07 15:23:00+00:00,3.34,-6.53,0.35,297.12,2.74,7.35
2026-03-07 15:24:00+00:00,3.42,-6.51,0.16,297.75,1.27,7.35
2026-03-07 15:25:00+00:00,3.79,-6.26,-0.17,301.24,-1.34,7.32
2026-03-07 15:26:00+00:00,4.03,-6.03,-0.30,303.75,-2.36,7.26
