time_tag,density,speed,temperature
2026-02-20 09:52:00+00:00,2.03,484.1,110908
2026-02-20 09:53:00+00:00,2.32,481.8,116646
2026-02-20 09:54:00+00:00,2.69,473.0,82614
2026-02-20 09:55:00+00:00,3.36,482.9,104074
2026-02-20 09:56:00+00:00,4.22,497.0,149697
2026-02-20 09:57:00+00:00,4.01,494.5,141277
2026-02-20 09:58:00+00:00,1.69,466.1,48956
2026-02-20 09:59:00+00:00,1.94,467.8,66570
2026-02-20 10:02:00+00:00,1.88,457.3,46441
2026-02-20 10:03:00+00:00,1.45,459.8,40561
2026-02-20 10:04:00+00:00,1.51,476.9,98303
2026-02-20 10:05:00+00:00,2.13,477.8,98326
2026-02-20 10:06:00+00:00,2.14,469.7,70789
2026-02-20 10:07:00+00:00,1.60,457.6,52699
2026-02-20 10:08:00+00:00,1.72,460.0,63565
2026-02-20 10:09:00+00:00,2.52,475.6,88680
2026-02-20 10:10:00+00:00,2.71,470.9,74517
2026-02-20 10:11:00+00:00,2.21,466.9,65885
2026-02-20 10:12:00+00:00,2.37,477.3,87233
2026-02-20 10:13:00+00:00,2.69,474.0,82135
2026-02-20 10:14:00+00:00,2.04,470.2,66156
2026-02-20 10:15:00+00:00,2.18,464.8,51815
2026-02-20 10:16:00+00:00,2.15,480.6,71917
2026-02-20 10:17:00+00:00,2.29,475.5,89414
2026-02-20 10:18:00+00:00,2.47,468.6,72462
2026-02-20 10:19:00+00:00,2.18,463.9,57293
2026-02-20 10:20:00+00:00,2.26,471.3,68400
2026-02-20 10:21:00+00:00,2.27,469.2,71119
2026-02-20 10:22:00+00:00,1.97,463.8,66863
2026-02-20 10:23:00+00:00,1.82,469.9,71388
2026-02-20 10:24:00+00:00,2.20,475.9,84691
2026-02-20 10:25:00+00:00,3.08,473.4,88493
2026-02-20 10:26:00+00:00,3.17,472.9,73316
2026-02-20 10:27:00+00:00,1.70,471.0,65311
2026-02-20 10:28:00+00:00,2.61,473.5,73833
2026-02-20 10:29:00+00:00,0.62,433.5,35606
2026-02-20 10:30:00+00:00,0.65,434.0,35973
2026-02-20 10:31:00+00:00,2.20,464.7,57637
2026-02-20 10:32:00+00:00,2.63,474.3,79825
2026-02-20 10:33:00+00:00,2.45,468.9,69104
2026-02-20 10:34:00+00:00,1.52,443.4,44266
2026-02-20 10:35:00+00:00,1.48,467.7,107134
2026-02-20 10:36:00+00:00,1.52,483.0,119654
2026-02-20 10:37:00+00:00,1.81,476.4,86664
2026-02-20 10:38:00+00:00,1.86,459.6,53589
2026-02-20 10:39:00+00:00,1.69,457.2,49845
2026-02-20 10:40:00+00:00,1.65,461.7,55701
2026-02-20 10:41:00+00:00,1.56,452.6,49006
2026-02-20 10:42:00+00:00,1.37,453.2,70029
2026-02-20 10:43:00+00:00,1.61,481.9,145687
2026-02-20 10:44:00+00:00,1.92,483.1,182662
2026-02-20 10:45:00+00:00,1.95,464.6,73794
2026-02-20 10:46:00+00:00,1.62,426.0,29742
2026-02-20 10:47:00+00:00,2.21,465.4,62987
2026-02-20 10:48:00+00:00,2.40,476.1,97455
2026-02-20 10:49:00+00:00,1.17,457.6,83219
2026-02-20 10:50:00+00:00,1.98,476.6,118902
2026-02-20 10:51:00+00:00,2.02,467.9,94198
2026-02-20 10:52:00+00:00,1.81,462.1,76858
2026-02-20 10:53:00+00:00,1.68,444.9,49424
2026-02-20 10:54:00+00:00,2.03,463.4,76159
2026-02-20 10:55:00+00:00,2.29,473.9,86771
2026-02-20 10:56:00+00:00,2.08,464.0,64043
2026-02-20 10:57:00+00:00,1.76,465.7,61081
2026-02-20 10:58:00+00:00,1.49,460.4,59873
2026-02-20 10:59:00+00:00,1.16,465.7,81935
2026-02-20 11:00:00+00:00,0.82,464.7,67080
2026-02-20 11:01:00+00:00,0.85,475.8,109796
2026-02-20 11:02:00+00:00,1.11,,
2026-02-20 11:03:00+00:00,1.11,477.0,87138
2026-02-20 11:04:00+00:00,0.69,463.0,69007
2026-02-20 11:05:00+00:00,1.40,469.6,72397
2026-02-20 11:06:00+00:00,1.24,483.6,137294
2026-02-20 11:07:00+00:00,1.19,478.5,109990
2026-02-20 11:08:00+00:00,1.10,474.6,91732
2026-02-20 11:09:00+00:00,1.32,482.1,107138
2026-02-20 11:10:00+00:00,1.24,480.2,104603
2026-02-20 11:11:00+00:00,1.07,473.1,87831
2026-02-20 11:12:00+00:00,1.17,463.8,73427
2026-02-20 11:13:00+00:00,1.37,468.9,97819
2026-02-20 11:14:00+00:00,1.64,491.6,143418
2026-02-20 11:15:00+00:00,1.82,476.0,92341
2026-02-20 11:16:00+00:00,1.89,475.5,98419
2026-02-20 11:17:00+00:00,1.49,465.4,95974
2026-02-20 11:18:00+00:00,2.25,490.2,106657
2026-02-20 11:19:00+00:00,1.30,476.5,105775
2026-02-20 11:20:00+00:00,1.31,471.4,93769
2026-02-20 11:21:00+00:00,1.69,482.9,125579
2026-02-20 11:22:00+00:00,1.41,469.3,113097
2026-02-20 11:23:00+00:00,1.33,469.6,142751
2026-02-20 11:24:00+00:00,1.23,458.3,131242
2026-02-20 11:25:00+00:00,2.07,465.2,152013
2026-02-20 11:26:00+00:00,2.65,461.3,103344
2026-02-20 11:27:00+00:00,3.49,462.6,73636
2026-02-20 11:28:00+00:00,4.66,478.5,115887
2026-02-20 11:29:00+00:00,4.58,477.9,116845
2026-02-20 11:30:00+00:00,3.53,463.7,80505
2026-02-20 11:31:00+00:00,3.33,457.1,81298
2026-02-20 11:32:00+00:00,3.74,458.6,98246
2026-02-20 11:33:00+00:00,4.13,484.2,143527
2026-02-20 11:34:00+00:00,4.26,468.2,88032
2026-02-20 11:36:00+00:00,3.98,470.9,115079
2026-02-20 11:37:00+00:00,2.25,460.6,95623
2026-02-20 11:38:00+00:00,2.20,460.6,90148
2026-02-20 11:39:00+00:00,1.01,473.1,179111
2026-02-20 11:40:00+00:00,1.95,479.3,187875
2026-02-20 11:41:00+00:00,1.88,464.9,120729
2026-02-20 11:42:00+00:00,1.37,457.4,87349
2026-02-20 11:43:00+00:00,0.98,467.3,144726
2026-02-20 11:44:00+00:00,0.63,488.5,232394
2026-02-20 11:45:00+00:00,0.54,497.7,222851
2026-02-20 11:46:00+00:00,0.57,477.0,136459
2026-02-20 11:47:00+00:00,1.12,463.0,139643
2026-02-20 11:48:00+00:00,1.31,466.6,104455
2026-02-20 11:49:00+00:00,1.48,477.6,98393
2026-02-20 11:50:00+00:00,1.00,454.9,102879
2026-02-20 11:51:00+00:00,2.80,465.1,71076
2026-02-20 11:52:00+00:00,3.55,480.9,122395
2026-02-20 11:53:00+00:00,2.83,464.4,72474
2026-02-20 11:54:00+00:00,3.11,465.8,73817
2026-02-20 11:55:00+00:00,2.16,461.0,84813
2026-02-20 11:56:00+00:00,2.01,466.5,103466
2026-02-20 11:57:00+00:00,2.15,463.4,86558
2026-02-20 11:58:00+00:00,2.08,459.1,77899
2026-02-20 11:59:00+00:00,1.95,460.1,82282
2026-02-20 12:00:00+00:00,1.69,458.1,74133
2026-02-20 12:01:00+00:00,1.52,455.5,70003
2026-02-20 12:02:00+00:00,1.96,459.8,80322
2026-02-20 12:03:00+00:00,2.22,461.7,81088
2026-02-20 12:04:00+00:00,1.44,461.3,91377
2026-02-20 12:05:00+00:00,1.32,459.0,87155
2026-02-20 12:06:00+00:00,1.12,458.4,108983
2026-02-20 12:07:00+00:00,2.26,459.3,67927
2026-02-20 12:08:00+00:00,2.26,,
2026-02-20 12:09:00+00:00,2.32,472.9,92529
2026-02-20 12:10:00+00:00,1.61,456.0,65998
2026-02-20 12:11:00+00:00,1.38,457.5,96547
2026-02-20 12:12:00+00:00,1.27,458.3,102196
2026-02-20 12:13:00+00:00,1.28,458.7,96577
2026-02-20 12:14:00+00:00,1.15,448.7,81088
2026-02-20 12:15:00+00:00,1.19,450.0,93990
2026-02-20 12:16:00+00:00,1.43,462.1,120942
2026-02-20 12:17:00+00:00,1.39,462.1,112269
2026-02-20 12:18:00+00:00,1.34,462.4,103183
2026-02-20 12:19:00+00:00,1.58,470.7,127593
2026-02-20 12:20:00+00:00,1.27,463.3,123113
2026-02-20 12:21:00+00:00,1.66,463.7,98395
2026-02-20 12:22:00+00:00,0.30,440.7,87547
2026-02-20 12:23:00+00:00,1.04,468.6,142410
2026-02-20 12:24:00+00:00,1.21,475.2,135473
2026-02-20 12:25:00+00:00,1.60,459.7,82193
2026-02-20 12:26:00+00:00,1.89,460.9,89124
2026-02-20 12:27:00+00:00,0.66,435.3,33143
2026-02-20 12:28:00+00:00,0.97,459.9,63331
2026-02-20 12:29:00+00:00,1.57,456.1,73057
2026-02-20 12:30:00+00:00,1.03,437.4,36354
2026-02-20 12:31:00+00:00,0.75,447.3,69302
2026-02-20 12:32:00+00:00,1.23,462.4,116826
2026-02-20 12:33:00+00:00,1.66,456.0,86408
2026-02-20 12:34:00+00:00,1.82,456.8,106027
2026-02-20 12:35:00+00:00,1.10,474.7,194763
2026-02-20 12:36:00+00:00,0.63,452.1,112159
2026-02-20 12:37:00+00:00,1.47,457.7,91147
2026-02-20 12:38:00+00:00,1.14,466.4,168658
2026-02-20 12:39:00+00:00,0.88,457.7,143961
2026-02-20 12:40:00+00:00,0.84,455.3,132154
2026-02-20 12:41:00+00:00,0.83,455.1,131533
2026-02-20 12:42:00+00:00,1.15,463.4,161559
2026-02-20 12:43:00+00:00,0.98,460.4,146762
2026-02-20 12:44:00+00:00,0.90,454.5,120302
2026-02-20 12:45:00+00:00,1.13,450.7,95677
2026-02-20 12:46:00+00:00,1.20,460.2,133900
2026-02-20 12:47:00+00:00,1.04,458.0,118619
2026-02-20 12:48:00+00:00,0.94,444.3,59498
2026-02-20 12:49:00+00:00,1.02,446.1,79013
2026-02-20 12:50:00+00:00,1.08,452.3,110274
2026-02-20 12:51:00+00:00,0.98,445.4,89979
2026-02-20 12:52:00+00:00,1.28,446.4,90778
2026-02-20 12:53:00+00:00,1.32,432.3,70472
2026-02-20 12:54:00+00:00,3.58,464.7,124028
2026-02-20 12:55:00+00:00,1.97,446.3,100388
2026-02-20 12:56:00+00:00,2.16,447.4,105917
2026-02-20 12:57:00+00:00,0.93,427.4,64156
2026-02-20 12:58:00+00:00,1.73,451.5,87490
2026-02-20 12:59:00+00:00,1.38,446.8,96914
2026-02-20 13:00:00+00:00,1.09,435.8,87574
2026-02-20 13:01:00+00:00,1.27,451.2,133253
2026-02-20 13:02:00+00:00,1.15,447.7,126357
2026-02-20 13:03:00+00:00,0.86,439.9,124916
2026-02-20 13:04:00+00:00,0.72,439.1,155725
2026-02-20 13:05:00+00:00,0.74,443.0,185177
2026-02-20 13:06:00+00:00,0.89,461.6,222157
2026-02-20 13:07:00+00:00,0.80,451.9,170616
2026-02-20 13:08:00+00:00,0.70,454.5,167821
2026-02-20 13:09:00+00:00,0.86,468.0,141840
2026-02-20 13:10:00+00:00,0.77,452.3,168649
2026-02-20 13:11:00+00:00,0.82,447.1,159326
2026-02-20 13:12:00+00:00,0.57,436.7,119391
2026-02-20 13:13:00+00:00,0.84,459.5,252575
2026-02-20 13:14:00+00:00,0.87,462.6,270443
2026-02-20 13:16:00+00:00,1.01,443.5,123317
2026-02-20 13:17:00+00:00,1.19,444.4,94156
2026-02-20 13:18:00+00:00,1.15,440.8,68328
2026-02-20 13:19:00+00:00,1.27,445.0,128146
2026-02-20 13:20:00+00:00,2.77,458.3,160095
2026-02-20 13:21:00+00:00,3.97,463.6,115411
2026-02-20 13:22:00+00:00,3.46,470.3,142159
2026-02-20 13:23:00+00:00,4.49,480.1,139335
2026-02-20 13:24:00+00:00,3.64,427.4,57116
2026-02-20 13:25:00+00:00,4.95,458.0,123206
2026-02-20 13:26:00+00:00,3.28,447.5,187300
2026-02-20 13:27:00+00:00,3.34,433.1,60443
2026-02-20 13:28:00+00:00,4.39,458.0,159519
2026-02-20 13:29:00+00:00,3.81,442.9,95447
2026-02-20 13:30:00+00:00,4.04,446.0,96310
2026-02-20 13:31:00+00:00,2.98,444.9,70791
2026-02-20 13:32:00+00:00,3.09,461.9,132247
2026-02-20 13:33:00+00:00,3.50,457.5,134654
2026-02-20 13:34:00+00:00,3.87,444.1,101848
2026-02-20 13:35:00+00:00,3.82,439.5,85427
2026-02-20 13:36:00+00:00,4.04,446.6,114118
2026-02-20 13:37:00+00:00,4.31,451.7,138855
2026-02-20 13:38:00+00:00,3.78,438.2,84433
2026-02-20 13:39:00+00:00,4.33,440.8,59981
2026-02-20 13:40:00+00:00,4.31,490.1,92115
2026-02-20 13:41:00+00:00,4.75,494.0,159406
2026-02-20 13:42:00+00:00,3.32,459.0,114199
2026-02-20 13:43:00+00:00,4.68,424.7,43036
2026-02-20 13:44:00+00:00,5.73,467.0,92272
2026-02-20 13:45:00+00:00,5.81,475.2,88702
2026-02-20 13:46:00+00:00,5.83,456.5,61177
2026-02-20 13:47:00+00:00,5.84,452.1,55181
2026-02-20 13:48:00+00:00,5.99,514.7,160848
2026-02-20 13:49:00+00:00,5.92,484.0,94718
2026-02-20 13:50:00+00:00,6.01,452.1,55996
2026-02-20 13:51:00+00:00,5.87,464.0,69445
2026-02-20 13:52:00+00:00,5.52,490.7,88258
2026-02-20 13:53:00+00:00,5.42,491.5,90656
2026-02-20 13:54:00+00:00,5.39,478.3,74898
2026-02-20 13:55:00+00:00,4.50,465.0,87003
2026-02-20 13:56:00+00:00,2.00,489.6,171122
2026-02-20 13:57:00+00:00,2.56,484.8,217037
2026-02-20 13:58:00+00:00,5.68,447.4,61584
2026-02-20 13:59:00+00:00,2.58,464.2,92253
2026-02-20 14:00:00+00:00,2.30,461.4,125295
2026-02-20 14:01:00+00:00,2.49,462.1,118385
2026-02-20 14:02:00+00:00,1.98,442.7,76651
2026-02-20 14:03:00+00:00,2.36,470.0,137596
2026-02-20 14:04:00+00:00,2.52,468.0,148569
2026-02-20 14:05:00+00:00,2.58,456.0,107866
2026-02-20 14:06:00+00:00,2.66,454.7,103426
2026-02-20 14:07:00+00:00,2.41,457.0,109514
2026-02-20 14:08:00+00:00,2.15,455.6,100143
2026-02-20 14:09:00+00:00,2.29,451.9,95476
2026-02-20 14:10:00+00:00,2.70,457.8,117381
2026-02-20 14:11:00+00:00,3.12,475.6,174943
2026-02-20 14:12:00+00:00,2.33,459.0,124971
2026-02-20 14:13:00+00:00,2.50,462.8,139384
2026-02-20 14:14:00+00:00,2.87,432.5,73566
2026-02-20 14:15:00+00:00,4.33,487.7,141148
2026-02-20 14:16:00+00:00,3.73,461.2,80157
2026-02-20 14:17:00+00:00,3.79,446.6,61935
2026-02-20 14:18:00+00:00,4.08,472.5,137710
2026-02-20 14:21:00+00:00,3.04,424.0,44130
2026-02-20 14:22:00+00:00,3.76,449.2,78380
2026-02-20 14:23:00+00:00,3.51,458.7,92703
2026-02-20 14:24:00+00:00,2.55,441.8,70224
2026-02-20 14:25:00+00:00,2.49,437.8,64894
2026-02-20 14:26:00+00:00,2.52,446.9,87029
2026-02-20 14:27:00+00:00,2.99,456.0,107008
2026-02-20 14:28:00+00:00,5.65,447.4,67347
2026-02-20 14:29:00+00:00,8.84,421.7,43628
2026-02-20 14:30:00+00:00,2.86,467.4,107718
2026-02-20 14:31:00+00:00,2.91,467.9,133756
2026-02-20 14:32:00+00:00,4.08,468.6,100820
2026-02-20 14:33:00+00:00,4.17,445.7,62125
2026-02-20 14:34:00+00:00,4.63,466.1,115233
2026-02-20 14:35:00+00:00,5.07,489.4,129847
2026-02-20 14:36:00+00:00,4.89,471.1,87834
2026-02-20 14:37:00+00:00,4.12,473.7,97220
2026-02-20 14:38:00+00:00,4.27,484.9,122460
2026-02-20 14:39:00+00:00,4.35,475.2,94715
2026-02-20 14:40:00+00:00,3.99,458.5,56411
2026-02-20 14:41:00+00:00,3.79,464.3,57022
2026-02-20 14:42:00+00:00,3.64,493.2,84444
2026-02-20 14:43:00+00:00,4.45,507.6,123826
2026-02-20 14:44:00+00:00,4.25,483.7,78483
2026-02-20 14:45:00+00:00,4.42,463.5,61580
2026-02-20 14:46:00+00:00,4.89,506.4,136469
2026-02-20 14:47:00+00:00,5.41,466.8,58266
2026-02-20 14:48:00+00:00,3.00,464.9,45555
2026-02-20 14:49:00+00:00,5.17,490.0,87526
2026-02-20 14:50:00+00:00,4.65,502.6,131754
2026-02-20 14:51:00+00:00,5.62,485.5,94174
2026-02-20 14:52:00+00:00,5.28,451.8,59645
2026-02-20 14:53:00+00:00,4.94,439.1,50787
2026-02-20 14:54:00+00:00,4.84,512.9,235071
2026-02-20 14:55:00+00:00,4.75,489.8,160840
2026-02-20 14:56:00+00:00,4.56,467.8,84367
2026-02-20 14:57:00+00:00,4.11,475.4,90720
2026-02-20 14:58:00+00:00,3.52,476.8,89017
2026-02-20 14:59:00+00:00,3.90,464.7,73585
2026-02-20 15:00:00+00:00,5.40,476.6,75602
2026-02-20 15:01:00+00:00,5.06,492.7,94557
2026-02-20 15:02:00+00:00,4.99,499.9,128356
2026-02-20 15:03:00+00:00,4.59,472.1,73906
2026-02-20 15:04:00+00:00,4.70,469.2,74892
2026-02-20 15:05:00+00:00,4.42,494.2,114078
2026-02-20 15:06:00+00:00,4.21,476.2,86705
2026-02-20 15:07:00+00:00,3.69,456.8,60592
2026-02-20 15:08:00+00:00,4.15,462.9,71323
2026-02-20 15:09:00+00:00,3.73,472.5,108357
2026-02-20 15:10:00+00:00,4.07,470.8,98951
2026-02-20 15:11:00+00:00,4.36,445.6,57124
2026-02-20 15:12:00+00:00,3.70,451.3,71284
2026-02-20 15:13:00+00:00,4.05,490.0,118394
2026-02-20 15:14:00+00:00,5.19,479.1,99911
2026-02-20 15:15:00+00:00,4.57,458.7,63052
2026-02-20 15:16:00+00:00,4.61,464.5,76171
2026-02-20 15:17:00+00:00,5.29,495.5,105632
2026-02-20 15:18:00+00:00,5.08,502.0,145738
2026-02-20 15:19:00+00:00,5.41,435.9,57237
2026-02-20 15:20:00+00:00,6.86,496.0,219181
2026-02-20 15:21:00+00:00,5.58,499.2,222613
2026-02-20 15:22:00+00:00,2.58,490.8,141646
2026-02-20 15:23:00+00:00,1.71,462.5,106463
2026-02-20 15:24:00+00:00,2.27,477.2,131203
2026-02-20 15:25:00+00:00,2.38,488.8,156552
2026-02-20 15:26:00+00:00,2.27,489.2,163534
2026-02-20 15:27:00+00:00,2.80,490.2,192632
2026-02-20 15:28:00+00:00,2.82,480.1,155248
2026-02-20 15:29:00+00:00,2.79,466.4,120843
2026-02-20 15:30:00+00:00,2.65,459.8,131068
2026-02-20 15:31:00+00:00,2.86,447.4,99006
2026-02-20 15:32:00+00:00,4.05,467.9,178463
2026-02-20 15:33:00+00:00,3.52,461.9,90992
2026-02-20 15:34:00+00:00,3.94,471.5,104702
2026-02-20 15:35:00+00:00,3.61,455.6,77071
2026-02-20 15:36:00+00:00,4.26,473.0,110021
2026-02-20 15:37:00+00:00,4.45,468.7,102608
2026-02-20 15:38:00+00:00,3.82,459.3,92542
2026-02-20 15:39:00+00:00,4.61,472.8,133987
2026-02-20 15:40:00+00:00,4.50,469.9,110051
2026-02-20 15:41:00+00:00,4.58,465.4,88099
2026-02-20 15:42:00+00:00,4.58,456.4,78118
2026-02-20 15:43:00+00:00,5.18,465.5,71315
2026-02-20 15:44:00+00:00,5.86,485.4,74035
2026-02-20 15:45:00+00:00,6.04,485.2,72749
2026-02-20 15:46:00+00:00,6.39,475.1,60587
2026-02-20 15:47:00+00:00,5.88,477.0,71033
2026-02-20 15:48:00+00:00,6.31,503.0,107342
2026-02-20 15:49:00+00:00,5.64,470.4,65393
2026-02-20 15:50:00+00:00,6.16,450.4,52426
2026-02-20 15:51:00+00:00,6.98,487.4,145310
2026-02-20 15:52:00+00:00,6.16,480.0,86447
2026-02-20 15:53:00+00:00,5.72,476.3,71110
2026-02-20 15:54:00+00:00,6.55,447.3,51198
2026-02-20 15:55:00+00:00,6.16,474.6,83629
2026-02-20 15:56:00+00:00,5.41,487.1,103146
2026-02-20 15:57:00+00:00,4.60,494.5,111839
2026-02-20 15:58:00+00:00,3.59,477.9,90665
2026-02-20 16:00:00+00:00,4.07,481.4,94341
2026-02-20 16:01:00+00:00,4.07,481.4,94341
2026-02-20 16:03:00+00:00,4.51,502.6,156751
2026-02-20 16:04:00+00:00,4.14,478.0,92152
2026-02-20 16:05:00+00:00,4.11,482.0,120239
2026-02-20 16:06:00+00:00,4.85,447.9,61108
2026-02-20 16:07:00+00:00,4.42,491.7,128489
2026-02-20 16:08:00+00:00,4.00,498.7,123827
2026-02-20 16:09:00+00:00,3.90,472.4,83836
2026-02-20 16:10:00+00:00,4.73,496.0,184987
2026-02-20 16:11:00+00:00,4.98,480.0,131722
2026-02-20 16:12:00+00:00,4.72,471.4,91549
2026-02-20 16:13:00+00:00,4.38,456.1,66133
2026-02-20 16:14:00+00:00,4.08,476.5,94267
2026-02-20 16:15:00+00:00,4.91,500.8,155077
2026-02-20 16:16:00+00:00,5.13,483.7,131591
2026-02-20 16:17:00+00:00,3.90,462.9,68514
2026-02-20 16:18:00+00:00,3.83,471.6,95386
2026-02-20 16:19:00+00:00,3.99,482.4,113752
2026-02-20 16:20:00+00:00,3.85,489.0,128655
2026-02-20 16:21:00+00:00,3.35,459.0,72931
2026-02-20 16:22:00+00:00,4.00,503.0,174731
2026-02-20 16:23:00+00:00,6.38,471.4,78871
2026-02-20 16:24:00+00:00,6.07,467.7,72221
2026-02-20 16:25:00+00:00,7.37,428.5,45093
2026-02-20 16:26:00+00:00,6.89,486.6,88736
2026-02-20 16:27:00+00:00,7.10,481.3,101969
2026-02-20 16:28:00+00:00,6.68,462.1,72488
2026-02-20 16:29:00+00:00,6.90,477.1,77942
2026-02-20 16:30:00+00:00,7.15,489.3,101668
2026-02-20 16:31:00+00:00,7.29,484.5,95945
2026-02-20 16:32:00+00:00,7.46,480.1,79692
2026-02-20 16:33:00+00:00,9.42,490.4,122620
2026-02-20 16:34:00+00:00,8.69,486.0,110629
2026-02-20 16:35:00+00:00,6.92,475.8,81269
2026-02-20 16:36:00+00:00,6.92,474.1,78443
2026-02-20 16:37:00+00:00,5.62,450.0,48931
2026-02-20 16:38:00+00:00,7.03,501.3,118267
2026-02-20 16:39:00+00:00,5.64,477.5,83769
2026-02-20 16:40:00+00:00,5.87,462.4,64215
2026-02-20 16:41:00+00:00,6.03,490.0,112346
2026-02-20 16:42:00+00:00,6.68,491.4,118692
2026-02-20 16:43:00+00:00,6.44,482.0,90988
2026-02-20 16:44:00+00:00,6.48,447.4,56849
2026-02-20 16:45:00+00:00,2.60,418.9,30036
2026-02-20 16:46:00+00:00,3.51,456.4,74070
2026-02-20 16:47:00+00:00,6.10,481.0,95447
2026-02-20 16:48:00+00:00,6.17,475.2,86936
2026-02-20 16:49:00+00:00,6.29,486.5,124255
2026-02-20 16:50:00+00:00,5.52,482.7,137145
2026-02-20 16:51:00+00:00,4.82,467.8,89018
2026-02-20 16:52:00+00:00,4.91,452.7,79306
2026-02-20 16:53:00+00:00,5.09,499.3,166571
2026-02-20 16:54:00+00:00,5.45,488.0,148003
2026-02-20 16:55:00+00:00,4.65,468.8,95343
2026-02-20 16:56:00+00:00,5.13,461.9,78772
2026-02-20 16:57:00+00:00,5.25,487.2,91478
2026-02-20 16:58:00+00:00,6.12,499.6,175296
2026-02-20 16:59:00+00:00,5.45,464.4,90470
2026-02-20 17:00:00+00:00,5.09,490.3,85844
2026-02-20 17:01:00+00:00,6.08,500.4,144810
2026-02-20 17:02:00+00:00,6.63,497.0,172089
2026-02-20 17:03:00+00:00,5.77,468.2,110259
2026-02-20 17:04:00+00:00,5.06,462.5,75860
2026-02-20 17:05:00+00:00,5.23,499.3,119258
2026-02-20 17:08:00+00:00,6.42,509.6,135885
2026-02-20 17:09:00+00:00,6.51,512.4,158340
2026-02-20 17:10:00+00:00,4.04,476.9,65233
2026-02-20 17:11:00+00:00,4.27,476.7,66434
2026-02-20 17:12:00+00:00,5.23,512.3,163844
2026-02-20 17:13:00+00:00,5.33,494.9,114632
2026-02-20 17:14:00+00:00,5.20,492.6,123818
2026-02-20 17:15:00+00:00,5.48,487.5,103107
2026-02-20 17:16:00+00:00,5.52,497.0,125412
2026-02-20 17:17:00+00:00,5.68,491.5,116878
2026-02-20 17:18:00+00:00,5.39,476.1,88088
2026-02-20 17:19:00+00:00,5.88,481.3,135745
2026-02-20 17:20:00+00:00,6.14,483.9,155197
2026-02-20 17:21:00+00:00,5.61,471.7,99825
2026-02-20 17:22:00+00:00,5.90,464.8,94013
2026-02-20 17:23:00+00:00,5.29,448.9,70985
2026-02-20 17:24:00+00:00,5.74,498.8,162406
2026-02-20 17:25:00+00:00,5.34,495.8,191690
2026-02-20 17:26:00+00:00,5.98,453.9,70171
2026-02-20 17:27:00+00:00,8.01,464.6,124587
2026-02-20 17:28:00+00:00,8.14,480.2,139513
2026-02-20 17:29:00+00:00,7.16,494.0,130098
2026-02-20 17:30:00+00:00,6.47,461.0,87698
2026-02-20 17:31:00+00:00,5.52,497.3,135807
2026-02-20 17:32:00+00:00,5.63,499.9,152758
2026-02-20 17:33:00+00:00,6.35,496.6,180115
2026-02-20 17:34:00+00:00,6.21,465.5,122896
2026-02-20 17:35:00+00:00,5.26,465.9,144378
2026-02-20 17:36:00+00:00,5.21,488.1,209782
2026-02-20 17:37:00+00:00,5.35,466.2,140195
2026-02-20 17:38:00+00:00,4.25,442.9,70819
2026-02-20 17:39:00+00:00,6.61,502.0,298865
2026-02-20 17:40:00+00:00,6.50,496.6,265713
2026-02-20 17:41:00+00:00,5.75,462.6,74072
2026-02-20 17:42:00+00:00,4.47,429.7,34167
2026-02-20 17:43:00+00:00,6.24,474.8,131986
2026-02-20 17:44:00+00:00,6.17,476.3,117995
2026-02-20 17:45:00+00:00,5.50,471.5,80479
2026-02-20 17:46:00+00:00,4.55,461.6,71259
2026-02-20 17:47:00+00:00,5.36,472.6,101641
2026-02-20 17:48:00+00:00,5.59,478.0,99477
2026-02-20 17:49:00+00:00,4.46,463.1,65568
2026-02-20 17:50:00+00:00,4.48,470.9,91166
2026-02-20 17:51:00+00:00,5.00,477.9,104053
2026-02-20 17:52:00+00:00,5.04,471.7,85531
2026-02-20 17:53:00+00:00,4.39,461.0,71972
2026-02-20 17:54:00+00:00,3.52,451.0,55999
2026-02-20 17:55:00+00:00,5.10,484.7,116484
2026-02-20 17:56:00+00:00,5.39,480.3,119702
2026-02-20 17:57:00+00:00,4.85,470.9,99107
2026-02-20 17:58:00+00:00,6.17,481.9,128144
2026-02-20 17:59:00+00:00,4.86,469.3,89846
2026-02-20 18:00:00+00:00,4.42,468.0,75625
2026-02-20 18:01:00+00:00,3.84,435.9,47289
2026-02-20 18:02:00+00:00,4.65,478.4,83794
2026-02-20 18:03:00+00:00,5.09,489.8,121448
2026-02-20 18:04:00+00:00,6.03,494.7,171970
2026-02-20 18:05:00+00:00,5.39,476.5,111757
2026-02-20 18:06:00+00:00,4.74,472.5,102084
2026-02-20 18:07:00+00:00,5.14,482.6,148644
2026-02-20 18:08:00+00:00,4.23,465.9,112499
2026-02-20 18:09:00+00:00,3.23,456.2,77201
2026-02-20 18:10:00+00:00,5.21,489.4,149565
2026-02-20 18:11:00+00:00,6.12,488.9,160938
2026-02-20 18:12:00+00:00,3.80,464.8,74426
2026-02-20 18:13:00+00:00,3.97,466.2,78954
2026-02-20 18:14:00+00:00,5.79,481.2,128002
2026-02-20 18:15:00+00:00,4.09,471.5,83165
2026-02-20 18:16:00+00:00,4.38,472.0,74130
2026-02-20 18:17:00+00:00,4.79,475.6,115334
2026-02-20 18:18:00+00:00,4.60,471.5,103154
2026-02-20 18:19:00+00:00,5.13,478.6,133431
2026-02-20 18:20:00+00:00,3.16,453.1,79488
2026-02-20 18:21:00+00:00,3.87,475.2,145399
2026-02-20 18:22:00+00:00,5.08,488.4,165249
2026-02-20 18:23:00+00:00,4.52,476.8,115616
2026-02-20 18:24:00+00:00,3.13,457.8,74978
2026-02-20 18:25:00+00:00,2.92,455.6,84027
2026-02-20 18:26:00+00:00,4.49,485.7,154682
2026-02-20 18:27:00+00:00,4.82,476.1,128315
2026-02-20 18:28:00+00:00,3.93,464.8,84972
2026-02-20 18:29:00+00:00,5.42,484.3,134655
2026-02-20 18:30:00+00:00,5.30,482.1,124980
2026-02-20 18:31:00+00:00,4.95,476.1,80445
2026-02-20 18:32:00+00:00,3.80,440.1,36756
2026-02-20 18:33:00+00:00,5.05,482.7,106489
2026-02-20 18:34:00+00:00,5.07,481.7,138598
2026-02-20 18:35:00+00:00,5.01,476.7,138334
2026-02-20 18:36:00+00:00,5.06,478.0,146403
2026-02-20 18:37:00+00:00,5.69,484.0,137134
2026-02-20 18:38:00+00:00,5.24,480.6,121762
2026-02-20 18:39:00+00:00,4.80,474.1,96619
2026-02-20 18:40:00+00:00,5.06,478.7,90563
2026-02-20 18:41:00+00:00,5.40,486.9,122762
2026-02-20 18:42:00+00:00,5.86,485.4,135363
2026-02-20 18:43:00+00:00,5.08,473.0,98650
2026-02-20 18:44:00+00:00,3.33,440.5,43306
2026-02-20 18:45:00+00:00,6.62,516.2,304151
2026-02-20 18:46:00+00:00,6.55,515.0,299769
2026-02-20 18:47:00+00:00,2.46,444.9,41213
2026-02-20 18:48:00+00:00,5.58,496.9,166392
2026-02-20 18:49:00+00:00,6.55,486.5,122272
2026-02-20 18:50:00+00:00,6.00,480.2,87041
2026-02-20 18:51:00+00:00,5.46,471.7,65472
2026-02-20 18:52:00+00:00,5.82,483.7,96601
2026-02-20 18:53:00+00:00,6.48,486.7,115915
2026-02-20 18:54:00+00:00,5.96,477.5,89295
2026-02-20 18:55:00+00:00,4.97,471.9,72924
2026-02-20 18:56:00+00:00,5.06,476.7,99612
2026-02-20 18:57:00+00:00,5.85,482.9,114523
2026-02-20 18:58:00+00:00,5.46,469.9,75814
2026-02-20 18:59:00+00:00,4.38,452.1,58048
2026-02-20 19:00:00+00:00,6.23,496.0,134196
2026-02-20 19:01:00+00:00,6.63,489.3,118790
2026-02-20 19:02:00+00:00,6.88,485.2,116083
2026-02-20 19:03:00+00:00,4.24,437.8,32213
2026-02-20 19:04:00+00:00,5.87,484.1,98430
2026-02-20 19:05:00+00:00,6.30,484.1,104424
2026-02-20 19:06:00+00:00,5.52,472.7,80217
2026-02-20 19:07:00+00:00,4.88,468.7,83043
2026-02-20 19:08:00+00:00,5.43,478.7,159934
2026-02-20 19:09:00+00:00,5.99,476.6,174576
2026-02-20 19:10:00+00:00,4.31,454.5,120223
2026-02-20 19:11:00+00:00,3.22,470.1,174572
2026-02-20 19:12:00+00:00,3.37,501.5,258892
2026-02-20 19:13:00+00:00,2.91,493.0,214395
2026-02-20 19:14:00+00:00,2.97,470.1,140294
2026-02-20 19:15:00+00:00,3.59,455.8,128062
2026-02-20 19:16:00+00:00,4.62,489.9,250970
2026-02-20 19:17:00+00:00,4.25,489.6,211770
2026-02-20 19:20:00+00:00,2.27,468.4,136915
2026-02-20 19:21:00+00:00,2.27,470.0,144140
2026-02-20 19:22:00+00:00,2.61,458.6,122657
2026-02-20 19:23:00+00:00,3.25,490.2,233062
2026-02-20 19:24:00+00:00,2.99,493.8,213826
2026-02-20 19:25:00+00:00,3.43,479.8,184932
2026-02-20 19:26:00+00:00,3.53,469.2,166130
2026-02-20 19:27:00+00:00,3.87,472.8,193533
2026-02-20 19:28:00+00:00,3.84,472.5,200103
2026-02-20 19:29:00+00:00,2.90,460.0,144500
2026-02-20 19:30:00+00:00,2.48,449.4,105661
2026-02-20 19:31:00+00:00,1.86,437.6,52032
2026-02-20 19:32:00+00:00,3.39,465.6,173976
2026-02-20 19:33:00+00:00,3.22,465.4,178382
2026-02-20 19:34:00+00:00,3.02,451.3,137929
2026-02-20 19:35:00+00:00,3.84,481.9,244618
2026-02-20 19:36:00+00:00,4.26,479.4,232811
2026-02-20 19:37:00+00:00,3.80,468.7,197733
2026-02-20 19:38:00+00:00,4.09,465.0,152176
2026-02-20 19:39:00+00:00,3.99,468.3,167785
2026-02-20 19:40:00+00:00,4.06,472.2,182197
2026-02-20 19:41:00+00:00,3.07,452.5,129782
2026-02-20 19:42:00+00:00,3.46,462.0,156429
2026-02-20 19:43:00+00:00,4.77,479.1,229714
2026-02-20 19:44:00+00:00,5.04,472.3,224262
2026-02-20 19:45:00+00:00,3.93,455.2,151400
2026-02-20 19:46:00+00:00,3.06,448.0,125197
2026-02-20 19:47:00+00:00,4.89,474.1,211119
2026-02-20 19:48:00+00:00,5.27,470.6,225634
2026-02-20 19:49:00+00:00,3.07,443.8,114359
2026-02-20 19:50:00+00:00,5.27,482.8,269805
2026-02-20 19:52:00+00:00,5.04,466.7,179103
2026-02-20 19:53:00+00:00,3.09,443.3,107611
2026-02-20 19:54:00+00:00,4.92,471.0,206810
2026-02-20 19:55:00+00:00,4.84,467.5,183881
2026-02-20 19:56:00+00:00,4.49,460.2,151631
2026-02-20 19:57:00+00:00,3.99,452.6,127333
2026-02-20 19:58:00+00:00,4.71,458.2,167695
2026-02-20 19:59:00+00:00,5.08,461.2,191003
2026-02-20 20:00:00+00:00,3.88,448.6,144747
2026-02-20 20:01:00+00:00,3.89,450.6,153887
2026-02-20 20:02:00+00:00,5.62,470.5,221004
2026-02-20 20:03:00+00:00,5.29,461.3,170254
2026-02-20 20:04:00+00:00,5.14,459.4,155831
2026-02-20 20:05:00+00:00,4.73,445.0,111292
2026-02-20 20:06:00+00:00,6.32,486.4,237705
2026-02-20 20:07:00+00:00,6.71,489.3,325632
2026-02-20 20:08:00+00:00,6.07,460.6,198452
2026-02-20 20:09:00+00:00,5.89,458.1,186893
2026-02-20 20:10:00+00:00,5.28,469.7,114752
2026-02-20 20:11:00+00:00,4.80,473.7,113510
2026-02-20 20:12:00+00:00,5.06,470.3,134943
2026-02-20 20:13:00+00:00,4.98,468.1,135693
2026-02-20 20:14:00+00:00,5.20,464.7,134912
2026-02-20 20:15:00+00:00,5.50,461.9,144901
2026-02-20 20:16:00+00:00,5.60,461.9,159021
2026-02-20 20:17:00+00:00,5.63,462.6,163254
2026-02-20 20:18:00+00:00,5.35,463.6,154671
2026-02-20 20:19:00+00:00,5.27,463.7,158736
2026-02-20 20:20:00+00:00,5.90,460.3,167887
2026-02-20 20:21:00+00:00,5.96,458.7,162285
2026-02-20 20:22:00+00:00,5.46,458.8,174024
2026-02-20 20:25:00+00:00,4.65,472.7,190388
2026-02-20 20:26:00+00:00,5.50,459.8,185757
2026-02-20 20:27:00+00:00,5.57,454.6,175244
2026-02-20 20:28:00+00:00,4.80,455.9,154101
2026-02-20 20:29:00+00:00,4.70,456.3,130310
2026-02-20 20:30:00+00:00,4.55,456.9,115824
2026-02-20 20:31:00+00:00,4.65,457.8,114907
2026-02-20 20:32:00+00:00,4.72,459.5,118773
2026-02-20 20:33:00+00:00,4.39,460.9,114121
2026-02-20 20:34:00+00:00,4.46,460.3,105695
2026-02-20 20:35:00+00:00,4.24,461.1,111110
2026-02-20 20:36:00+00:00,4.15,457.2,113488
2026-02-20 20:37:00+00:00,3.87,458.2,105277
2026-02-20 20:38:00+00:00,3.54,462.4,105975
2026-02-20 20:39:00+00:00,4.17,462.9,120810
2026-02-20 20:40:00+00:00,4.28,463.7,104979
2026-02-20 20:41:00+00:00,4.57,468.2,110431
2026-02-20 20:42:00+00:00,4.90,461.4,125059
2026-02-20 20:43:00+00:00,4.25,461.8,139269
2026-02-20 20:44:00+00:00,3.92,471.0,127348
2026-02-20 20:45:00+00:00,3.99,465.8,142775
2026-02-20 20:46:00+00:00,4.57,457.8,157885
2026-02-20 20:47:00+00:00,4.81,461.7,140307
2026-02-20 20:48:00+00:00,5.32,466.9,117937
2026-02-20 20:49:00+00:00,5.68,469.4,109979
2026-02-20 20:50:00+00:00,4.90,477.3,103103
2026-02-20 20:51:00+00:00,5.46,479.1,107584
2026-02-20 20:52:00+00:00,4.47,475.8,110199
2026-02-20 20:53:00+00:00,6.31,466.9,82720
2026-02-20 20:54:00+00:00,5.42,459.7,104812
2026-02-20 20:55:00+00:00,5.23,469.3,100818
2026-02-20 20:58:00+00:00,4.49,476.1,80291
2026-02-20 20:59:00+00:00,4.73,474.6,80281
2026-02-20 21:00:00+00:00,4.59,473.6,86371
2026-02-20 21:01:00+00:00,4.68,470.2,74151
2026-02-20 21:02:00+00:00,4.88,466.4,80557
2026-02-20 21:03:00+00:00,5.77,465.6,80084
2026-02-20 21:04:00+00:00,6.25,464.3,70183
2026-02-20 21:05:00+00:00,5.61,461.5,74494
2026-02-20 21:06:00+00:00,5.93,464.1,67653
2026-02-20 21:07:00+00:00,7.39,469.4,66821
2026-02-20 21:08:00+00:00,7.57,463.7,95281
2026-02-20 21:09:00+00:00,6.53,460.0,93998
2026-02-20 21:10:00+00:00,7.61,457.8,80628
2026-02-20 21:11:00+00:00,6.66,462.7,84456
2026-02-20 21:12:00+00:00,7.14,463.3,56710
2026-02-20 21:13:00+00:00,6.81,461.4,76807
2026-02-20 21:14:00+00:00,8.18,459.3,78550
2026-02-20 21:15:00+00:00,8.28,462.1,74040
2026-02-20 21:16:00+00:00,7.88,460.3,74315
2026-02-20 21:17:00+00:00,6.78,460.3,91798
2026-02-20 21:18:00+00:00,7.56,457.4,95421
2026-02-20 21:19:00+00:00,8.42,457.5,82219
2026-02-20 21:20:00+00:00,8.39,461.1,73964
2026-02-20 21:21:00+00:00,8.57,462.1,77306
2026-02-20 21:22:00+00:00,7.93,464.1,81008
2026-02-20 21:23:00+00:00,6.78,468.4,72431
2026-02-20 21:24:00+00:00,5.47,473.3,65488
2026-02-20 21:25:00+00:00,5.86,461.5,66111
2026-02-20 21:26:00+00:00,5.33,463.5,78829
2026-02-20 21:27:00+00:00,7.52,464.3,64580
2026-02-20 21:28:00+00:00,4.66,469.5,76157
2026-02-20 21:31:00+00:00,8.47,476.7,53375
2026-02-20 21:32:00+00:00,9.67,470.6,65093
2026-02-20 21:33:00+00:00,9.79,469.8,67966
2026-02-20 21:34:00+00:00,8.86,473.1,60489
2026-02-20 21:35:00+00:00,8.31,476.4,57498
2026-02-20 21:36:00+00:00,7.79,475.4,75871
2026-02-20 21:37:00+00:00,6.94,470.2,88349
2026-02-20 21:38:00+00:00,6.57,467.0,71622
2026-02-20 21:39:00+00:00,6.27,466.7,77898
2026-02-20 21:40:00+00:00,5.99,468.3,74401
2026-02-20 21:41:00+00:00,6.07,473.1,70304
2026-02-20 21:42:00+00:00,6.33,470.0,64556
2026-02-20 21:43:00+00:00,5.74,470.6,71709
2026-02-20 21:44:00+00:00,6.55,468.3,76234
2026-02-20 21:45:00+00:00,6.51,464.9,77685
2026-02-20 21:46:00+00:00,7.53,467.4,76365
2026-02-20 21:47:00+00:00,7.01,469.4,78361
2026-02-20 21:48:00+00:00,7.02,467.8,82064
2026-02-20 21:49:00+00:00,8.54,465.3,78625
2026-02-20 21:50:00+00:00,7.38,470.9,80804
2026-02-20 21:51:00+00:00,5.48,473.8,81745
2026-02-20 21:52:00+00:00,5.79,467.1,85327
2026-02-20 21:53:00+00:00,6.42,461.5,93397
2026-02-20 21:54:00+00:00,6.71,461.3,84485
2026-02-20 21:55:00+00:00,7.62,462.9,76370
2026-02-20 21:56:00+00:00,5.81,473.3,93410
2026-02-20 21:57:00+00:00,6.15,472.2,72459
2026-02-20 22:04:00+00:00,11.17,464.1,74467
2026-02-20 22:05:00+00:00,10.92,464.2,73242
2026-02-20 22:06:00+00:00,10.83,463.6,73492
2026-02-20 22:07:00+00:00,10.52,463.7,76346
2026-02-20 22:08:00+00:00,10.35,465.0,77492
2026-02-20 22:09:00+00:00,10.46,465.6,75907
2026-02-20 22:10:00+00:00,10.12,466.3,74804
2026-02-20 22:11:00+00:00,10.41,467.4,74178
2026-02-20 22:12:00+00:00,11.02,464.3,78522
2026-02-20 22:13:00+00:00,11.39,465.7,73945
2026-02-20 22:14:00+00:00,10.20,466.8,72568
2026-02-20 22:15:00+00:00,7.70,465.2,75437
2026-02-20 22:16:00+00:00,7.85,464.8,71643
2026-02-20 22:17:00+00:00,6.88,462.7,55795
2026-02-20 22:18:00+00:00,7.02,462.5,54595
2026-02-20 22:19:00+00:00,6.97,463.5,48681
2026-02-20 22:20:00+00:00,6.22,461.2,50042
2026-02-20 22:21:00+00:00,6.04,462.8,49344
2026-02-20 22:22:00+00:00,6.03,463.5,50988
2026-02-20 22:23:00+00:00,6.38,461.9,53258
2026-02-20 22:24:00+00:00,6.59,460.0,53531
2026-02-20 22:25:00+00:00,6.25,459.3,53156
2026-02-20 22:26:00+00:00,6.35,461.7,51313
2026-02-20 22:27:00+00:00,6.61,464.1,55288
2026-02-20 22:28:00+00:00,6.55,465.7,67408
2026-02-20 22:29:00+00:00,6.05,470.0,67614
2026-02-20 22:30:00+00:00,5.99,474.1,93288
2026-02-20 22:31:00+00:00,5.12,481.3,122064
2026-02-20 22:32:00+00:00,5.55,481.4,89946
2026-02-20 22:33:00+00:00,5.32,479.0,76056
2026-02-20 22:34:00+00:00,5.00,482.8,75433
2026-02-20 22:37:00+00:00,5.59,468.6,100289
2026-02-20 22:38:00+00:00,5.55,468.5,116451
2026-02-20 22:39:00+00:00,6.57,464.2,125641
2026-02-20 22:40:00+00:00,7.31,462.4,105617
2026-02-20 22:41:00+00:00,7.00,465.8,83178
2026-02-20 22:42:00+00:00,7.05,467.5,94178
2026-02-20 22:43:00+00:00,6.37,471.3,121743
2026-02-20 22:44:00+00:00,7.50,463.0,113082
2026-02-20 22:45:00+00:00,8.03,477.8,112509
2026-02-20 22:46:00+00:00,7.68,475.1,119007
2026-02-20 22:47:00+00:00,7.42,476.9,106488
2026-02-20 22:48:00+00:00,8.89,470.1,131627
2026-02-20 22:49:00+00:00,6.96,473.1,124196
2026-02-20 22:50:00+00:00,6.70,473.5,123040
2026-02-20 22:51:00+00:00,6.00,474.6,165115
2026-02-20 22:52:00+00:00,7.24,477.9,146863
2026-02-20 22:53:00+00:00,7.16,484.0,136736
2026-02-20 22:54:00+00:00,6.81,484.0,122053
2026-02-20 22:55:00+00:00,6.64,486.3,105531
2026-02-20 22:56:00+00:00,6.35,491.7,110316
2026-02-20 22:57:00+00:00,6.68,492.6,126379
2026-02-20 22:58:00+00:00,7.60,495.7,125115
2026-02-20 22:59:00+00:00,7.91,499.1,116687
2026-02-20 23:00:00+00:00,8.04,489.4,124745
2026-02-20 23:01:00+00:00,9.44,477.1,147117
2026-02-20 23:02:00+00:00,5.33,487.6,134741
2026-02-20 23:03:00+00:00,8.66,471.9,139809
2026-02-20 23:04:00+00:00,7.54,465.0,159025
2026-02-20 23:05:00+00:00,8.54,468.3,139222
2026-02-20 23:06:00+00:00,8.04,463.9,151795
2026-02-20 23:07:00+00:00,8.21,467.2,137937
2026-02-20 23:10:00+00:00,9.47,468.8,131519
2026-02-20 23:11:00+00:00,7.30,473.7,178962
2026-02-20 23:12:00+00:00,4.45,483.9,232300
2026-02-20 23:13:00+00:00,3.84,489.0,231785
2026-02-20 23:14:00+00:00,3.80,483.3,226487
2026-02-20 23:15:00+00:00,3.17,479.6,240604
2026-02-20 23:16:00+00:00,3.60,487.9,269943
2026-02-20 23:17:00+00:00,3.82,496.1,264946
2026-02-20 23:18:00+00:00,4.44,482.3,149557
2026-02-20 23:19:00+00:00,6.36,481.0,102117
2026-02-20 23:20:00+00:00,6.36,,
2026-02-20 23:21:00+00:00,5.02,488.5,99609
2026-02-20 23:22:00+00:00,4.49,485.0,104919
2026-02-20 23:23:00+00:00,4.26,483.7,106894
2026-02-20 23:24:00+00:00,4.56,483.8,102494
2026-02-20 23:25:00+00:00,4.96,485.4,104188
2026-02-20 23:26:00+00:00,5.50,488.0,100736
2026-02-20 23:27:00+00:00,5.38,488.7,95158
2026-02-20 23:28:00+00:00,5.24,487.9,94051
2026-02-20 23:29:00+00:00,5.90,489.5,93659
2026-02-20 23:30:00+00:00,6.32,492.3,95187
2026-02-20 23:31:00+00:00,6.62,492.7,99216
2026-02-20 23:32:00+00:00,7.35,496.2,98563
2026-02-20 23:33:00+00:00,7.30,493.8,94965
2026-02-20 23:34:00+00:00,6.22,493.3,101782
2026-02-20 23:35:00+00:00,7.98,500.1,105491
2026-02-20 23:36:00+00:00,7.38,500.7,91467
2026-02-20 23:37:00+00:00,8.11,496.7,102452
2026-02-20 23:38:00+00:00,7.89,495.9,92771
2026-02-20 23:39:00+00:00,7.93,498.5,91564
2026-02-20 23:40:00+00:00,8.61,498.6,94261
2026-02-20 23:41:00+00:00,9.05,497.1,88212
2026-02-20 23:42:00+00:00,9.13,496.5,83801
2026-02-20 23:43:00+00:00,7.46,488.3,77914
2026-02-20 23:44:00+00:00,7.27,488.4,78876
2026-02-20 23:45:00+00:00,6.82,488.0,79937
2026-02-20 23:46:00+00:00,6.59,486.9,80345
2026-02-20 23:47:00+00:00,6.78,487.7,81416
2026-02-20 23:48:00+00:00,6.67,490.6,77179
2026-02-20 23:49:00+00:00,7.21,489.5,79443
2026-02-20 23:50:00+00:00,7.02,489.4,75805
2026-02-20 23:51:00+00:00,6.71,492.4,82101
2026-02-20 23:52:00+00:00,6.46,491.7,79801
2026-02-20 23:53:00+00:00,6.88,490.7,79319
2026-02-20 23:54:00+00:00,7.25,491.5,80738
2026-02-20 23:55:00+00:00,7.76,493.6,81159
2026-02-20 23:56:00+00:00,7.54,492.0,83991
2026-02-20 23:57:00+00:00,7.31,492.8,80972
2026-02-20 23:58:00+00:00,7.36,497.2,89687
2026-02-20 23:59:00+00:00,7.61,496.6,91429
2026-02-21 00:00:00+00:00,7.53,492.9,80557
2026-02-21 00:01:00+00:00,7.40,493.0,78819
2026-02-21 00:02:00+00:00,7.50,494.4,84649
2026-02-21 00:03:00+00:00,7.20,497.5,94839
2026-02-21 00:04:00+00:00,8.75,501.8,112154
2026-02-21 00:05:00+00:00,7.96,496.0,98690
2026-02-21 00:06:00+00:00,7.65,497.4,103950
2026-02-21 00:07:00+00:00,8.20,498.2,102832
2026-02-21 00:08:00+00:00,8.82,500.5,99919
2026-02-21 00:09:00+00:00,8.34,499.9,102974
2026-02-21 00:10:00+00:00,7.60,497.3,90786
2026-02-21 00:11:00+00:00,7.33,494.5,92886
2026-02-21 00:12:00+00:00,9.32,496.7,108166
2026-02-21 00:13:00+00:00,9.82,500.6,99785
2026-02-21 00:14:00+00:00,10.93,506.4,90498
2026-02-21 00:15:00+00:00,12.06,509.9,90375
2026-02-21 00:16:00+00:00,10.67,507.8,80782
2026-02-21 00:17:00+00:00,11.00,508.1,85414
2026-02-21 00:18:00+00:00,11.91,512.4,93568
2026-02-21 00:19:00+00:00,12.22,517.3,89255
2026-02-21 00:20:00+00:00,11.14,503.6,81453
2026-02-21 00:21:00+00:00,13.44,515.4,101350
2026-02-21 00:22:00+00:00,13.28,511.1,89256
2026-02-21 00:23:00+00:00,13.86,518.1,85191
2026-02-21 00:24:00+00:00,11.88,508.0,79070
2026-02-21 00:25:00+00:00,8.61,525.1,84608
2026-02-21 00:26:00+00:00,7.48,520.2,80727
2026-02-21 00:27:00+00:00,8.68,510.2,60522
2026-02-21 00:28:00+00:00,9.68,506.3,51767
2026-02-21 00:29:00+00:00,8.99,507.5,54229
2026-02-21 00:30:00+00:00,9.38,508.5,49937
2026-02-21 00:31:00+00:00,9.97,508.9,46190
2026-02-21 00:32:00+00:00,9.67,508.1,44242
2026-02-21 00:33:00+00:00,9.41,506.2,41591
2026-02-21 00:34:00+00:00,9.47,505.2,45414
2026-02-21 00:35:00+00:00,10.11,502.2,44838
2026-02-21 00:36:00+00:00,9.37,502.3,48202
2026-02-21 00:37:00+00:00,9.60,500.7,43390
2026-02-21 00:38:00+00:00,9.17,501.6,47911
2026-02-21 00:39:00+00:00,9.03,502.0,44124
2026-02-21 00:40:00+00:00,8.77,502.7,49634
2026-02-21 00:41:00+00:00,9.43,504.0,48319
2026-02-21 00:42:00+00:00,9.24,504.4,51909
2026-02-21 00:43:00+00:00,10.76,505.0,51730
2026-02-21 00:44:00+00:00,10.66,508.2,55822
2026-02-21 00:45:00+00:00,10.75,507.4,63013
2026-02-21 00:46:00+00:00,11.55,507.3,61987
2026-02-21 00:47:00+00:00,12.30,508.1,56007
2026-02-21 00:48:00+00:00,12.59,507.9,53305
2026-02-21 00:49:00+00:00,12.33,507.7,54454
2026-02-21 00:50:00+00:00,12.40,507.2,53633
2026-02-21 00:51:00+00:00,12.33,507.1,55371
2026-02-21 00:52:00+00:00,11.49,512.6,68997
2026-02-21 00:53:00+00:00,11.79,515.1,67570
2026-02-21 00:54:00+00:00,11.38,512.2,62438
2026-02-21 00:55:00+00:00,12.01,507.6,65401
2026-02-21 00:56:00+00:00,10.95,504.6,68887
2026-02-21 00:57:00+00:00,11.62,506.8,70331
2026-02-21 00:58:00+00:00,13.92,508.3,87597
2026-02-21 00:59:00+00:00,11.79,512.1,73857
2026-02-21 01:00:00+00:00,8.85,509.6,63714
2026-02-21 01:01:00+00:00,9.48,507.0,64779
2026-02-21 01:02:00+00:00,11.00,508.9,68861
2026-02-21 01:03:00+00:00,11.96,510.0,68322
2026-02-21 01:04:00+00:00,12.14,509.4,67454
2026-02-21 01:05:00+00:00,12.04,509.2,70859
2026-02-21 01:06:00+00:00,12.82,508.8,73953
2026-02-21 01:07:00+00:00,12.57,509.3,76056
2026-02-21 01:08:00+00:00,12.18,507.9,75066
2026-02-21 01:09:00+00:00,12.87,510.9,77002
2026-02-21 01:10:00+00:00,9.10,483.2,75022
2026-02-21 01:11:00+00:00,11.39,502.4,81350
2026-02-21 01:12:00+00:00,12.27,501.8,57450
2026-02-21 01:13:00+00:00,14.19,496.0,57082
2026-02-21 01:14:00+00:00,17.03,495.5,56600
2026-02-21 01:15:00+00:00,17.18,496.0,58815
2026-02-21 01:16:00+00:00,16.21,494.2,52881
2026-02-21 01:17:00+00:00,15.36,491.8,47184
2026-02-21 01:18:00+00:00,15.66,490.9,45202
2026-02-21 01:19:00+00:00,15.38,490.0,42990
2026-02-21 01:20:00+00:00,15.02,489.0,42389
2026-02-21 01:21:00+00:00,15.63,489.0,44398
2026-02-21 01:22:00+00:00,14.42,491.1,46726
2026-02-21 01:23:00+00:00,14.54,491.8,45139
2026-02-21 01:24:00+00:00,14.77,493.9,40242
2026-02-21 01:25:00+00:00,13.81,492.5,45487
2026-02-21 01:26:00+00:00,15.49,490.3,50629
2026-02-21 01:27:00+00:00,15.37,485.0,45816
2026-02-21 01:28:00+00:00,16.60,486.0,48943
2026-02-21 01:29:00+00:00,15.36,486.1,47023
2026-02-21 01:30:00+00:00,16.58,488.8,47105
2026-02-21 01:31:00+00:00,15.37,486.4,42150
2026-02-21 01:32:00+00:00,15.79,486.1,44182
2026-02-21 01:33:00+00:00,15.72,485.6,45582
2026-02-21 01:34:00+00:00,15.63,485.5,46885
2026-02-21 01:35:00+00:00,15.72,484.4,47138
2026-02-21 01:36:00+00:00,16.14,482.9,48563
2026-02-21 01:37:00+00:00,16.00,484.6,52372
2026-02-21 01:38:00+00:00,13.93,488.5,50899
2026-02-21 01:39:00+00:00,13.73,489.6,43327
2026-02-21 01:40:00+00:00,16.99,486.3,35984
2026-02-21 01:41:00+00:00,16.51,486.9,39253
2026-02-21 01:42:00+00:00,15.61,487.1,41106
2026-02-21 01:43:00+00:00,15.87,487.7,44204
2026-02-21 01:44:00+00:00,15.42,489.6,46884
2026-02-21 01:45:00+00:00,15.88,491.1,44196
2026-02-21 01:46:00+00:00,14.70,489.5,44847
2026-02-21 01:47:00+00:00,15.56,490.6,50965
2026-02-21 01:48:00+00:00,15.47,488.2,44439
2026-02-21 01:49:00+00:00,15.49,488.5,45741
2026-02-21 01:50:00+00:00,14.47,487.5,48554
2026-02-21 01:51:00+00:00,15.04,487.4,53669
2026-02-21 01:52:00+00:00,17.15,488.4,51495
2026-02-21 01:53:00+00:00,18.05,487.8,41167
2026-02-21 01:54:00+00:00,18.47,488.2,42861
2026-02-21 01:55:00+00:00,19.03,487.1,46500
2026-02-21 01:56:00+00:00,18.64,487.0,46491
2026-02-21 01:57:00+00:00,16.62,486.4,46419
2026-02-21 01:58:00+00:00,18.55,487.8,46289
2026-02-21 01:59:00+00:00,14.34,488.0,54280
2026-02-21 02:00:00+00:00,14.13,490.1,58051
2026-02-21 02:01:00+00:00,13.62,489.2,56888
2026-02-21 02:02:00+00:00,13.46,489.1,54247
2026-02-21 02:03:00+00:00,14.23,489.1,56484
2026-02-21 02:04:00+00:00,14.74,493.7,54803
2026-02-21 02:05:00+00:00,15.31,493.2,54294
2026-02-21 02:06:00+00:00,16.46,488.8,56686
2026-02-21 02:07:00+00:00,17.09,486.2,56337
2026-02-21 02:08:00+00:00,15.18,487.2,58195
2026-02-21 02:09:00+00:00,11.60,488.3,60297
2026-02-21 02:10:00+00:00,10.27,487.1,54819
2026-02-21 02:11:00+00:00,11.44,488.1,57155
2026-02-21 02:12:00+00:00,11.02,488.6,57707
2026-02-21 02:13:00+00:00,12.09,492.8,57587
2026-02-21 02:14:00+00:00,10.63,492.1,56162
2026-02-21 02:15:00+00:00,11.89,493.3,49534
2026-02-21 02:16:00+00:00,11.04,493.0,49837
2026-02-21 02:17:00+00:00,11.81,494.3,44783
2026-02-21 02:18:00+00:00,12.68,492.3,32677
2026-02-21 02:19:00+00:00,12.85,496.2,30708
2026-02-21 02:20:00+00:00,11.97,497.4,33551
2026-02-21 02:21:00+00:00,11.33,498.5,31698
2026-02-21 02:22:00+00:00,11.69,496.3,30539
2026-02-21 02:23:00+00:00,12.64,493.9,30105
2026-02-21 02:24:00+00:00,13.30,493.6,30544
2026-02-21 02:25:00+00:00,14.08,493.2,31570
2026-02-21 02:26:00+00:00,14.34,494.0,32970
2026-02-21 02:27:00+00:00,11.87,495.6,41969
2026-02-21 02:28:00+00:00,10.57,493.4,41569
2026-02-21 02:29:00+00:00,10.64,493.4,41492
2026-02-21 02:30:00+00:00,11.37,492.8,40664
2026-02-21 02:31:00+00:00,10.69,497.5,41885
2026-02-21 02:32:00+00:00,10.48,495.2,42942
2026-02-21 02:33:00+00:00,10.15,493.7,42768
2026-02-21 02:34:00+00:00,11.34,497.3,40785
2026-02-21 02:35:00+00:00,10.97,496.7,43997
2026-02-21 02:36:00+00:00,11.14,496.0,40642
2026-02-21 02:37:00+00:00,10.70,494.5,40506
2026-02-21 02:38:00+00:00,10.94,495.4,39263
2026-02-21 02:39:00+00:00,10.81,495.4,39549
2026-02-21 02:40:00+00:00,10.61,494.6,40784
2026-02-21 02:41:00+00:00,11.28,495.9,39569
2026-02-21 02:42:00+00:00,11.39,497.0,39668
2026-02-21 02:43:00+00:00,11.67,496.7,38685
2026-02-21 02:44:00+00:00,11.54,494.9,43209
2026-02-21 02:45:00+00:00,12.57,494.8,44317
2026-02-21 02:46:00+00:00,11.43,491.7,43231
2026-02-21 02:47:00+00:00,12.64,496.4,52558
2026-02-21 02:48:00+00:00,11.11,493.3,57064
2026-02-21 02:49:00+00:00,11.89,495.1,54876
2026-02-21 02:50:00+00:00,11.56,495.5,58691
2026-02-21 02:51:00+00:00,10.25,494.0,76844
2026-02-21 02:52:00+00:00,8.85,495.8,85940
2026-02-21 02:53:00+00:00,9.42,498.1,77805
2026-02-21 02:54:00+00:00,9.87,502.4,71985
2026-02-21 02:55:00+00:00,9.49,505.3,72503
2026-02-21 02:56:00+00:00,7.67,505.4,95256
2026-02-21 02:57:00+00:00,5.53,501.8,118173
2026-02-21 02:58:00+00:00,6.20,495.2,104636
2026-02-21 02:59:00+00:00,7.59,498.8,117209
2026-02-21 03:00:00+00:00,7.36,511.7,143596
2026-02-21 03:01:00+00:00,4.29,516.4,170794
2026-02-21 03:02:00+00:00,4.28,516.0,169724
2026-02-21 03:03:00+00:00,3.55,493.6,106623
2026-02-21 03:04:00+00:00,4.08,496.5,126208
2026-02-21 03:05:00+00:00,4.29,500.9,176395
2026-02-21 03:06:00+00:00,3.00,495.4,179593
2026-02-21 03:07:00+00:00,2.56,495.2,161714
2026-02-21 03:08:00+00:00,2.81,497.1,162485
2026-02-21 03:09:00+00:00,3.04,500.0,177680
2026-02-21 03:10:00+00:00,2.95,498.8,178115
2026-02-21 03:11:00+00:00,2.60,500.1,176986
2026-02-21 03:12:00+00:00,2.06,505.5,177389
2026-02-21 03:13:00+00:00,1.78,503.2,181232
2026-02-21 03:14:00+00:00,2.00,498.3,193809
2026-02-21 03:15:00+00:00,1.94,508.2,173739
2026-02-21 03:16:00+00:00,2.05,511.0,161760
2026-02-21 03:17:00+00:00,2.04,512.0,165297
2026-02-21 03:18:00+00:00,2.19,518.2,196215
2026-02-21 03:19:00+00:00,2.09,518.0,159796
2026-02-21 03:20:00+00:00,2.05,511.1,161120
2026-02-21 03:21:00+00:00,2.09,507.3,156584
2026-02-21 03:22:00+00:00,2.09,513.8,147330
2026-02-21 03:23:00+00:00,1.93,516.0,150991
2026-02-21 03:24:00+00:00,1.82,513.9,144016
2026-02-21 03:25:00+00:00,1.95,513.9,139224
2026-02-21 03:26:00+00:00,2.15,514.3,141738
2026-02-21 03:27:00+00:00,1.99,510.0,132732
2026-02-21 03:28:00+00:00,1.79,505.6,128953
2026-02-21 03:29:00+00:00,1.89,506.7,136018
2026-02-21 03:30:00+00:00,1.82,510.3,133085
2026-02-21 03:31:00+00:00,1.69,515.3,146003
2026-02-21 03:32:00+00:00,1.87,520.1,137503
2026-02-21 03:33:00+00:00,1.89,513.8,127806
2026-02-21 03:34:00+00:00,2.07,,
2026-02-21 03:35:00+00:00,2.07,509.4,129044
2026-02-21 03:36:00+00:00,2.08,514.4,136721
2026-02-21 03:37:00+00:00,1.93,519.5,146242
2026-02-21 03:38:00+00:00,1.78,517.8,186323
2026-02-21 03:39:00+00:00,1.73,520.4,190278
2026-02-21 03:40:00+00:00,1.93,520.3,191906
2026-02-21 03:41:00+00:00,1.93,519.1,174472
2026-02-21 03:42:00+00:00,1.83,528.1,159477
2026-02-21 03:43:00+00:00,1.81,532.1,161719
2026-02-21 03:44:00+00:00,1.72,525.5,163272
2026-02-21 03:45:00+00:00,1.62,522.3,164369
2026-02-21 03:46:00+00:00,1.81,523.5,169491
2026-02-21 03:47:00+00:00,2.06,525.8,148966
2026-02-21 03:48:00+00:00,1.73,531.5,131324
2026-02-21 03:49:00+00:00,1.62,537.3,117682
2026-02-21 03:50:00+00:00,1.52,528.4,121114
2026-02-21 03:51:00+00:00,1.65,521.4,102024
2026-02-21 03:52:00+00:00,1.81,523.7,110024
2026-02-21 03:53:00+00:00,1.86,533.7,121049
2026-02-21 03:54:00+00:00,1.53,538.3,114263
2026-02-21 03:55:00+00:00,1.52,533.6,115678
2026-02-21 03:56:00+00:00,1.60,532.6,123996
2026-02-21 03:57:00+00:00,1.81,533.2,117587
2026-02-21 03:58:00+00:00,1.84,537.2,114499
2026-02-21 04:00:00+00:00,1.66,532.8,110110
2026-02-21 04:01:00+00:00,1.80,535.0,109736
2026-02-21 04:02:00+00:00,1.94,540.4,116467
2026-02-21 04:03:00+00:00,1.77,543.5,127929
2026-02-21 04:04:00+00:00,2.14,544.4,103502
2026-02-21 04:05:00+00:00,1.83,549.1,114338
2026-02-21 04:06:00+00:00,1.92,559.8,106413
2026-02-21 04:08:00+00:00,1.57,540.2,116015
2026-02-21 04:09:00+00:00,1.54,533.1,114443
2026-02-21 04:10:00+00:00,1.91,532.7,108785
2026-02-21 04:11:00+00:00,1.93,539.5,110496
2026-02-21 04:12:00+00:00,2.02,542.8,113806
2026-02-21 04:13:00+00:00,1.87,541.4,107753
2026-02-21 04:14:00+00:00,1.89,536.9,111373
2026-02-21 04:15:00+00:00,2.26,529.9,105847
2026-02-21 04:16:00+00:00,2.68,523.0,85215
2026-02-21 04:17:00+00:00,2.68,526.5,74435
2026-02-21 04:18:00+00:00,2.32,538.5,76428
2026-02-21 04:19:00+00:00,2.51,537.8,83247
2026-02-21 04:20:00+00:00,2.37,538.9,87759
2026-02-21 04:21:00+00:00,2.38,537.2,79959
2026-02-21 04:22:00+00:00,2.54,543.4,81876
2026-02-21 04:23:00+00:00,2.90,539.0,75183
2026-02-21 04:24:00+00:00,2.80,539.6,73524
2026-02-21 04:25:00+00:00,2.99,538.8,78334
2026-02-21 04:26:00+00:00,2.89,537.2,74221
2026-02-21 04:27:00+00:00,3.07,535.0,77680
2026-02-21 04:28:00+00:00,3.44,529.3,72062
2026-02-21 04:29:00+00:00,3.51,528.6,73596
2026-02-21 04:30:00+00:00,3.50,530.8,73410
2026-02-21 04:31:00+00:00,3.33,530.1,72210
2026-02-21 04:32:00+00:00,2.98,527.7,71244
2026-02-21 04:33:00+00:00,2.97,527.7,70764
2026-02-21 04:34:00+00:00,3.23,530.5,76818
2026-02-21 04:35:00+00:00,3.05,533.6,76661
2026-02-21 04:36:00+00:00,3.04,534.8,71268
2026-02-21 04:37:00+00:00,2.79,534.2,70853
2026-02-21 04:38:00+00:00,3.15,536.4,74728
2026-02-21 04:39:00+00:00,3.15,539.8,69043
2026-02-21 04:40:00+00:00,3.15,,
2026-02-21 04:41:00+00:00,2.67,541.9,63591
2026-02-21 04:42:00+00:00,2.53,542.0,65048
2026-02-21 04:43:00+00:00,2.33,539.3,66771
2026-02-21 04:44:00+00:00,2.37,540.9,63501
2026-02-21 04:45:00+00:00,2.37,541.9,65375
2026-02-21 04:46:00+00:00,2.36,540.1,70045
2026-02-21 04:47:00+00:00,2.41,542.5,73095
2026-02-21 04:48:00+00:00,2.47,547.2,73167
2026-02-21 04:49:00+00:00,2.44,545.7,75598
2026-02-21 04:50:00+00:00,2.26,540.4,80003
2026-02-21 04:51:00+00:00,2.10,538.2,72728
2026-02-21 04:52:00+00:00,1.85,538.1,71564
2026-02-21 04:53:00+00:00,2.29,542.9,64752
2026-02-21 04:54:00+00:00,2.60,545.6,60887
2026-02-21 04:55:00+00:00,2.69,538.4,56633
2026-02-21 04:56:00+00:00,2.57,541.9,56389
2026-02-21 04:57:00+00:00,2.15,541.2,64176
2026-02-21 04:58:00+00:00,2.11,542.4,62417
2026-02-21 04:59:00+00:00,2.00,540.8,58884
2026-02-21 05:00:00+00:00,1.91,539.4,61133
2026-02-21 05:01:00+00:00,2.10,541.2,56357
2026-02-21 05:02:00+00:00,2.12,541.9,51534
2026-02-21 05:03:00+00:00,2.01,540.6,53762
2026-02-21 05:04:00+00:00,2.26,539.3,58278
2026-02-21 05:05:00+00:00,2.63,538.7,58064
2026-02-21 05:06:00+00:00,2.58,538.8,55306
2026-02-21 05:07:00+00:00,2.43,540.1,58467
2026-02-21 05:08:00+00:00,2.47,541.4,58611
2026-02-21 05:09:00+00:00,2.86,543.9,51890
2026-02-21 05:10:00+00:00,2.07,542.7,62325
2026-02-21 05:11:00+00:00,1.89,545.1,66367
2026-02-21 05:12:00+00:00,3.30,533.1,44159
2026-02-21 05:13:00+00:00,3.37,532.5,42991
2026-02-21 05:14:00+00:00,2.12,537.5,52050
2026-02-21 05:15:00+00:00,2.10,530.5,45235
2026-02-21 05:16:00+00:00,2.71,525.0,44112
2026-02-21 05:17:00+00:00,2.42,527.4,44890
2026-02-21 05:18:00+00:00,2.28,525.3,45126
2026-02-21 05:19:00+00:00,2.73,520.5,40026
2026-02-21 05:20:00+00:00,2.96,521.2,38679
2026-02-21 05:21:00+00:00,3.09,525.9,43124
2026-02-21 05:22:00+00:00,3.37,526.6,41453
2026-02-21 05:23:00+00:00,3.03,519.9,43606
2026-02-21 05:24:00+00:00,2.97,521.4,42848
2026-02-21 05:25:00+00:00,2.97,521.6,42774
2026-02-21 05:26:00+00:00,3.00,518.3,41873
2026-02-21 05:27:00+00:00,1.92,526.1,39294
2026-02-21 05:28:00+00:00,3.12,530.4,33036
2026-02-21 05:29:00+00:00,2.53,525.3,39209
2026-02-21 05:30:00+00:00,2.12,523.5,36007
2026-02-21 05:31:00+00:00,2.36,524.5,38637
2026-02-21 05:32:00+00:00,2.28,524.5,35948
2026-02-21 05:33:00+00:00,2.31,522.7,35611
2026-02-21 05:34:00+00:00,2.38,523.5,33395
2026-02-21 05:35:00+00:00,2.54,522.2,31909
2026-02-21 05:36:00+00:00,2.83,520.4,30736
2026-02-21 05:37:00+00:00,2.92,522.0,30137
2026-02-21 05:38:00+00:00,2.63,521.8,34842
2026-02-21 05:39:00+00:00,2.27,521.4,35146
2026-02-21 05:40:00+00:00,2.24,520.8,36894
2026-02-21 05:41:00+00:00,2.62,523.2,30380
2026-02-21 05:42:00+00:00,1.94,518.1,33379
2026-02-21 05:43:00+00:00,2.09,520.0,34670
2026-02-21 05:44:00+00:00,2.71,518.1,34108
2026-02-21 05:45:00+00:00,2.57,518.8,36410
2026-02-21 05:46:00+00:00,2.54,518.9,36718
2026-02-21 05:47:00+00:00,2.75,519.8,37971
2026-02-21 05:48:00+00:00,2.64,521.2,37762
2026-02-21 05:49:00+00:00,2.91,520.1,36554
2026-02-21 05:50:00+00:00,2.70,517.6,34285
2026-02-21 05:51:00+00:00,2.39,515.5,34882
2026-02-21 05:52:00+00:00,2.58,515.1,36271
2026-02-21 05:53:00+00:00,2.56,515.2,37863
2026-02-21 05:54:00+00:00,2.48,515.0,41836
2026-02-21 05:55:00+00:00,3.45,517.0,40756
2026-02-21 05:56:00+00:00,3.61,516.9,42539
2026-02-21 05:57:00+00:00,3.68,516.9,42574
2026-02-21 05:58:00+00:00,4.62,514.4,43945
2026-02-21 05:59:00+00:00,3.57,517.6,48716
2026-02-21 06:00:00+00:00,3.30,515.8,45583
2026-02-21 06:01:00+00:00,3.91,513.3,44938
2026-02-21 06:02:00+00:00,3.87,511.2,43265
2026-02-21 06:03:00+00:00,3.90,510.3,49016
2026-02-21 06:04:00+00:00,3.53,511.0,51497
2026-02-21 06:05:00+00:00,3.43,514.7,48029
2026-02-21 06:06:00+00:00,3.84,514.9,45331
2026-02-21 06:07:00+00:00,4.17,515.5,44999
2026-02-21 06:08:00+00:00,4.02,516.9,45679
2026-02-21 06:09:00+00:00,3.60,516.6,46902
2026-02-21 06:10:00+00:00,3.52,516.9,45204
2026-02-21 06:11:00+00:00,4.16,514.6,40977
2026-02-21 06:12:00+00:00,4.16,513.6,46183
2026-02-21 06:13:00+00:00,4.00,512.5,47364
2026-02-21 06:14:00+00:00,3.77,511.7,49411
2026-02-21 06:15:00+00:00,3.79,510.4,46284
2026-02-21 06:16:00+00:00,3.49,511.9,50477
2026-02-21 06:17:00+00:00,3.86,508.7,43084
2026-02-21 06:18:00+00:00,3.77,510.3,43118
2026-02-21 06:19:00+00:00,3.74,510.7,43352
2026-02-21 06:20:00+00:00,2.82,506.3,50716
2026-02-21 06:21:00+00:00,3.80,505.9,44862
2026-02-21 06:22:00+00:00,4.32,505.9,49825
2026-02-21 06:23:00+00:00,4.03,506.1,56644
2026-02-21 06:24:00+00:00,3.95,508.1,54193
2026-02-21 06:25:00+00:00,3.86,507.8,53277
2026-02-21 06:26:00+00:00,3.38,502.5,58545
2026-02-21 06:27:00+00:00,3.69,502.9,59608
2026-02-21 06:28:00+00:00,4.25,503.6,53799
2026-02-21 06:29:00+00:00,3.98,511.9,60684
2026-02-21 06:30:00+00:00,3.78,508.8,47596
2026-02-21 06:31:00+00:00,3.53,509.2,45895
2026-02-21 06:32:00+00:00,3.35,507.4,42310
2026-02-21 06:33:00+00:00,3.58,506.6,44689
2026-02-21 06:34:00+00:00,3.78,502.3,45368
2026-02-21 06:35:00+00:00,3.47,501.1,50601
2026-02-21 06:36:00+00:00,3.54,498.7,49420
2026-02-21 06:37:00+00:00,4.02,498.4,50291
2026-02-21 06:38:00+00:00,4.25,498.0,51217
2026-02-21 06:39:00+00:00,4.15,496.5,49847
2026-02-21 06:40:00+00:00,4.14,494.5,48021
2026-02-21 06:41:00+00:00,3.89,490.7,45178
2026-02-21 06:42:00+00:00,3.49,490.9,42409
2026-02-21 06:43:00+00:00,3.96,499.9,45753
2026-02-21 06:44:00+00:00,3.41,494.7,52121
2026-02-21 06:45:00+00:00,4.48,493.3,48893
2026-02-21 06:46:00+00:00,4.85,491.5,58738
2026-02-21 06:47:00+00:00,4.46,496.0,51412
2026-02-21 06:48:00+00:00,3.81,496.8,57716
2026-02-21 06:49:00+00:00,4.89,498.2,52151
2026-02-21 06:50:00+00:00,3.99,497.2,55943
2026-02-21 06:51:00+00:00,4.26,496.4,58717
2026-02-21 06:52:00+00:00,4.42,496.2,59299
2026-02-21 06:53:00+00:00,5.00,501.7,50585
2026-02-21 06:54:00+00:00,4.73,502.4,58222
2026-02-21 06:55:00+00:00,4.71,503.3,61651
2026-02-21 06:56:00+00:00,4.69,504.0,62598
2026-02-21 06:57:00+00:00,5.47,504.9,63664
2026-02-21 06:58:00+00:00,6.71,504.9,56758
2026-02-21 06:59:00+00:00,4.64,503.1,59812
2026-02-21 07:00:00+00:00,4.42,503.2,58145
2026-02-21 07:01:00+00:00,4.74,507.6,59058
2026-02-21 07:02:00+00:00,4.65,505.0,54519
2026-02-21 07:03:00+00:00,4.59,505.2,56604
2026-02-21 07:04:00+00:00,5.12,502.9,62341
2026-02-21 07:05:00+00:00,4.57,499.8,63280
2026-02-21 07:06:00+00:00,4.41,497.6,58876
2026-02-21 07:07:00+00:00,4.75,500.0,60011
2026-02-21 07:08:00+00:00,4.77,497.5,60526
2026-02-21 07:09:00+00:00,4.76,494.7,61265
2026-02-21 07:10:00+00:00,4.66,496.0,57733
2026-02-21 07:11:00+00:00,4.91,498.3,57266
2026-02-21 07:12:00+00:00,5.64,504.7,70267
2026-02-21 07:13:00+00:00,5.77,509.6,77091
2026-02-21 07:14:00+00:00,4.60,501.9,54562
2026-02-21 07:15:00+00:00,3.41,492.5,30579
2026-02-21 07:16:00+00:00,4.03,488.4,40453
2026-02-21 07:17:00+00:00,5.69,529.0,100639
2026-02-21 07:18:00+00:00,4.80,505.6,51734
2026-02-21 07:19:00+00:00,5.01,502.4,51218
2026-02-21 07:20:00+00:00,5.20,499.9,62125
2026-02-21 07:21:00+00:00,5.59,500.3,60912
2026-02-21 07:22:00+00:00,7.56,486.1,63850
2026-02-21 07:23:00+00:00,8.33,493.0,56779
2026-02-21 07:24:00+00:00,7.78,498.8,53778
2026-02-21 07:25:00+00:00,7.47,500.0,53590
2026-02-21 07:26:00+00:00,7.20,483.4,47385
2026-02-21 07:27:00+00:00,7.20,484.3,51544
2026-02-21 07:28:00+00:00,8.00,482.0,56364
2026-02-21 07:29:00+00:00,9.15,478.0,62437
2026-02-21 07:30:00+00:00,8.40,482.7,63473
2026-02-21 07:31:00+00:00,6.50,492.5,40038
2026-02-21 07:32:00+00:00,7.22,495.1,39444
2026-02-21 07:33:00+00:00,8.71,495.3,35941
2026-02-21 07:34:00+00:00,8.40,494.0,37548
2026-02-21 07:35:00+00:00,8.17,490.1,35642
2026-02-21 07:36:00+00:00,9.27,488.7,31616
2026-02-21 07:37:00+00:00,7.08,493.6,39232
2026-02-21 07:38:00+00:00,8.12,487.8,37089
2026-02-21 07:39:00+00:00,7.92,485.1,39712
2026-02-21 07:40:00+00:00,9.83,484.9,43920
2026-02-21 07:41:00+00:00,9.49,484.4,37043
2026-02-21 07:42:00+00:00,8.61,492.2,33264
2026-02-21 07:43:00+00:00,9.93,496.8,41050
2026-02-21 07:44:00+00:00,11.72,499.8,51390
2026-02-21 07:45:00+00:00,10.74,512.4,51265
2026-02-21 07:46:00+00:00,8.29,522.5,42595
2026-02-21 07:47:00+00:00,8.83,522.6,41957
2026-02-21 07:48:00+00:00,9.75,519.0,39850
2026-02-21 07:49:00+00:00,9.74,516.5,38847
2026-02-21 07:50:00+00:00,10.66,519.5,37581
2026-02-21 07:51:00+00:00,10.53,513.4,38040
2026-02-21 07:52:00+00:00,10.69,502.8,40912
2026-02-21 07:53:00+00:00,12.30,508.4,42744
2026-02-21 07:54:00+00:00,11.50,496.4,41326
2026-02-21 07:55:00+00:00,7.30,497.8,44759
2026-02-21 07:56:00+00:00,5.67,497.7,47736
2026-02-21 07:57:00+00:00,5.76,494.3,44353
2026-02-21 07:58:00+00:00,5.91,492.7,41758
2026-02-21 07:59:00+00:00,5.06,498.7,42030
2026-02-21 08:00:00+00:00,5.84,494.0,39839
2026-02-21 08:01:00+00:00,6.84,487.0,35166
2026-02-21 08:02:00+00:00,7.05,487.9,33077
2026-02-21 08:03:00+00:00,7.90,491.2,35167
2026-02-21 08:04:00+00:00,7.48,487.5,34809
2026-02-21 08:05:00+00:00,7.61,491.0,36018
2026-02-21 08:06:00+00:00,7.01,493.2,33623
2026-02-21 08:07:00+00:00,8.16,494.9,33366
2026-02-21 08:08:00+00:00,7.13,501.0,42417
2026-02-21 08:09:00+00:00,7.61,504.1,31930
2026-02-21 08:10:00+00:00,7.23,506.5,34711
2026-02-21 08:11:00+00:00,6.99,504.9,33803
2026-02-21 08:12:00+00:00,5.90,505.9,35515
2026-02-21 08:13:00+00:00,6.34,506.4,30861
2026-02-21 08:14:00+00:00,6.48,508.4,30255
2026-02-21 08:15:00+00:00,6.55,509.7,30487
2026-02-21 08:16:00+00:00,6.44,510.4,30802
2026-02-21 08:17:00+00:00,5.46,511.0,35143
2026-02-21 08:18:00+00:00,5.35,509.6,35151
2026-02-21 08:19:00+00:00,6.19,511.1,31962
2026-02-21 08:20:00+00:00,7.13,510.4,31147
2026-02-21 08:21:00+00:00,6.81,510.2,31718
2026-02-21 08:22:00+00:00,7.50,509.4,28172
2026-02-21 08:23:00+00:00,5.10,513.4,41481
2026-02-21 08:24:00+00:00,4.79,512.7,37802
2026-02-21 08:25:00+00:00,6.58,515.7,38146
2026-02-21 08:26:00+00:00,5.43,512.9,42001
2026-02-21 08:27:00+00:00,5.12,512.6,41860
2026-02-21 08:28:00+00:00,4.57,512.1,49285
2026-02-21 08:29:00+00:00,4.33,513.2,50810
2026-02-21 08:30:00+00:00,4.45,513.2,49072
2026-02-21 08:31:00+00:00,4.53,512.5,48702
2026-02-21 08:32:00+00:00,4.53,512.1,53497
2026-02-21 08:33:00+00:00,4.75,517.0,65103
2026-02-21 08:34:00+00:00,4.95,522.7,79312
2026-02-21 08:35:00+00:00,4.33,513.5,59915
2026-02-21 08:36:00+00:00,3.96,506.0,52728
2026-02-21 08:37:00+00:00,3.97,477.5,32024
2026-02-21 08:38:00+00:00,5.16,528.9,67519
2026-02-21 08:39:00+00:00,4.02,509.8,53623
2026-02-21 08:40:00+00:00,3.88,474.0,32102
2026-02-21 08:41:00+00:00,4.64,518.4,66726
2026-02-21 08:42:00+00:00,5.05,528.0,74992
2026-02-21 08:43:00+00:00,4.48,512.9,57933
2026-02-21 08:44:00+00:00,3.67,477.0,31834
2026-02-21 08:45:00+00:00,4.70,508.7,66818
2026-02-21 08:46:00+00:00,5.46,524.6,79051
2026-02-21 08:47:00+00:00,5.09,511.0,61310
2026-02-21 08:48:00+00:00,4.69,511.1,57290
2026-02-21 08:49:00+00:00,4.65,518.6,68180
2026-02-21 08:50:00+00:00,4.56,520.3,79117
2026-02-21 08:51:00+00:00,4.23,511.8,62561
2026-02-21 08:52:00+00:00,4.68,507.5,51328
2026-02-21 08:53:00+00:00,5.24,514.8,55048
2026-02-21 08:54:00+00:00,7.37,528.1,66910
2026-02-21 08:55:00+00:00,6.82,511.5,43408
2026-02-21 08:56:00+00:00,6.91,483.7,27732
2026-02-21 08:57:00+00:00,7.59,521.4,52035
2026-02-21 08:58:00+00:00,7.55,506.9,38420
2026-02-21 08:59:00+00:00,5.76,508.6,51051
2026-02-21 09:00:00+00:00,6.04,518.4,75703
2026-02-21 09:01:00+00:00,6.67,521.0,81839
2026-02-21 09:02:00+00:00,4.58,506.4,50364
2026-02-21 09:03:00+00:00,4.32,504.0,42351
2026-02-21 09:04:00+00:00,5.99,513.9,59819
2026-02-21 09:05:00+00:00,8.01,570.1,272776
2026-02-21 09:06:00+00:00,6.76,550.2,205044
2026-02-21 09:07:00+00:00,3.92,499.3,36780
2026-02-21 09:08:00+00:00,5.43,501.7,55601
2026-02-21 09:09:00+00:00,8.50,526.1,94916
2026-02-21 09:10:00+00:00,24.37,508.7,43855
2026-02-21 09:11:00+00:00,6.52,511.4,60160
2026-02-21 09:12:00+00:00,6.55,542.5,81567
2026-02-21 09:13:00+00:00,6.45,533.1,74300
2026-02-21 09:14:00+00:00,5.55,514.1,59245
2026-02-21 09:15:00+00:00,5.66,513.9,57104
2026-02-21 09:16:00+00:00,5.81,537.8,72401
2026-02-21 09:17:00+00:00,5.68,530.8,68653
2026-02-21 09:18:00+00:00,5.37,512.8,58305
2026-02-21 09:19:00+00:00,5.51,509.8,54872
2026-02-21 09:20:00+00:00,5.77,510.8,54672
2026-02-21 09:21:00+00:00,5.61,511.1,56922
2026-02-21 09:22:00+00:00,5.66,500.3,53279
2026-02-21 09:23:00+00:00,5.85,468.5,40126
2026-02-21 09:24:00+00:00,5.11,510.9,60480
2026-02-21 09:25:00+00:00,5.16,527.0,70092
2026-02-21 09:26:00+00:00,6.11,513.5,64599
2026-02-21 09:27:00+00:00,5.80,509.0,62329
2026-02-21 09:28:00+00:00,6.11,524.8,80460
2026-02-21 09:29:00+00:00,5.39,525.4,86461
2026-02-21 09:30:00+00:00,5.86,479.2,42363
2026-02-21 09:31:00+00:00,5.92,498.6,53086
2026-02-21 09:32:00+00:00,6.11,520.2,70766
2026-02-21 09:33:00+00:00,5.98,519.5,67573
2026-02-21 09:34:00+00:00,5.89,483.4,43279
2026-02-21 09:35:00+00:00,5.80,481.6,44256
2026-02-21 09:36:00+00:00,5.79,514.8,70084
2026-02-21 09:37:00+00:00,5.97,524.5,81256
2026-02-21 09:38:00+00:00,7.61,536.1,165119
2026-02-21 09:39:00+00:00,7.14,529.7,141638
2026-02-21 09:40:00+00:00,5.23,504.9,54008
2026-02-21 09:41:00+00:00,4.19,491.8,37578
2026-02-21 09:42:00+00:00,4.55,458.2,27813
2026-02-21 09:43:00+00:00,4.93,509.6,55948
2026-02-21 09:44:00+00:00,5.13,526.5,64601
2026-02-21 09:45:00+00:00,4.40,526.4,76086
2026-02-21 09:46:00+00:00,4.88,498.6,44000
2026-02-21 09:47:00+00:00,4.48,505.7,51019
2026-02-21 09:48:00+00:00,4.50,512.5,59018
2026-02-21 09:49:00+00:00,3.96,494.1,41762
2026-02-21 09:50:00+00:00,3.58,482.0,30129
2026-02-21 09:51:00+00:00,4.98,512.4,53184
2026-02-21 09:52:00+00:00,5.16,519.0,61397
2026-02-21 09:53:00+00:00,5.41,528.2,72896
2026-02-21 09:54:00+00:00,5.59,505.2,40156
2026-02-21 09:55:00+00:00,5.26,505.8,42694
2026-02-21 09:56:00+00:00,4.08,507.8,50062
2026-02-21 09:57:00+00:00,4.16,505.0,40382
2026-02-21 10:03:00+00:00,4.31,506.2,34764
2026-02-21 10:04:00+00:00,3.48,506.0,42603
2026-02-21 10:05:00+00:00,4.07,505.0,40866
2026-02-21 10:06:00+00:00,3.90,504.6,43275
2026-02-21 10:07:00+00:00,3.74,504.6,43792
2026-02-21 10:08:00+00:00,3.86,504.9,42591
2026-02-21 10:09:00+00:00,3.30,505.7,47173
2026-02-21 10:11:00+00:00,3.55,512.9,35805
2026-02-21 10:12:00+00:00,3.75,511.9,35531
2026-02-21 10:13:00+00:00,4.74,506.6,34589
2026-02-21 10:14:00+00:00,3.47,507.4,41020
2026-02-21 10:15:00+00:00,5.75,507.1,27353
2026-02-21 10:16:00+00:00,5.70,510.6,31090
2026-02-21 10:17:00+00:00,5.83,508.3,28732
2026-02-21 10:18:00+00:00,5.75,510.1,31289
2026-02-21 10:19:00+00:00,5.96,507.2,28409
2026-02-21 10:20:00+00:00,6.11,507.2,31871
2026-02-21 10:21:00+00:00,7.00,508.5,31908
2026-02-21 10:22:00+00:00,7.09,509.8,33561
2026-02-21 10:23:00+00:00,6.18,508.0,36899
2026-02-21 10:24:00+00:00,5.45,506.1,37832
2026-02-21 10:25:00+00:00,5.55,507.7,37187
2026-02-21 10:26:00+00:00,5.69,508.0,37857
2026-02-21 10:27:00+00:00,4.93,505.5,40758
2026-02-21 10:28:00+00:00,5.91,504.3,36089
2026-02-21 10:29:00+00:00,5.19,502.9,41080
2026-02-21 10:30:00+00:00,6.01,502.8,37748
2026-02-21 10:31:00+00:00,4.75,506.6,38922
2026-02-21 10:32:00+00:00,6.22,504.2,37408
2026-02-21 10:33:00+00:00,5.55,503.9,38944
2026-02-21 10:34:00+00:00,6.43,504.1,33982
2026-02-21 10:35:00+00:00,6.71,504.8,38416
2026-02-21 10:36:00+00:00,7.01,504.5,35292
2026-02-21 10:37:00+00:00,6.56,504.4,37240
2026-02-21 10:38:00+00:00,6.66,503.7,37116
2026-02-21 10:39:00+00:00,6.76,504.1,36624
2026-02-21 10:40:00+00:00,6.53,504.4,36967
2026-02-21 10:41:00+00:00,6.32,502.7,35911
2026-02-21 10:42:00+00:00,5.78,501.8,37992
2026-02-21 10:44:00+00:00,6.13,500.7,38924
2026-02-21 10:45:00+00:00,6.17,500.6,38621
2026-02-21 10:46:00+00:00,6.60,498.9,35376
2026-02-21 10:47:00+00:00,6.17,499.3,40736
2026-02-21 10:48:00+00:00,6.16,496.9,35567
2026-02-21 10:49:00+00:00,5.88,498.3,38510
2026-02-21 10:50:00+00:00,5.24,496.7,37981
2026-02-21 10:51:00+00:00,5.49,495.0,37836
2026-02-21 10:52:00+00:00,6.36,494.5,35104
2026-02-21 10:53:00+00:00,6.17,494.2,35722
2026-02-21 10:54:00+00:00,6.98,498.4,31663
2026-02-21 10:55:00+00:00,7.17,501.5,29767
2026-02-21 10:56:00+00:00,6.74,501.2,30278
2026-02-21 10:57:00+00:00,7.07,501.3,29102
2026-02-21 10:58:00+00:00,7.03,500.9,30683
2026-02-21 10:59:00+00:00,7.73,500.7,27673
2026-02-21 11:00:00+00:00,7.66,502.3,30540
2026-02-21 11:01:00+00:00,8.70,501.8,28449
2026-02-21 11:02:00+00:00,7.12,500.5,30236
2026-02-21 11:03:00+00:00,8.60,500.1,27517
2026-02-21 11:04:00+00:00,7.54,497.7,30642
2026-02-21 11:05:00+00:00,7.57,499.9,28610
2026-02-21 11:06:00+00:00,6.60,498.0,31837
2026-02-21 11:07:00+00:00,6.95,496.1,31074
2026-02-21 11:08:00+00:00,6.08,495.8,30339
2026-02-21 11:09:00+00:00,5.88,495.4,31014
2026-02-21 11:10:00+00:00,5.89,496.1,31941
2026-02-21 11:11:00+00:00,6.22,497.2,30614
2026-02-21 11:12:00+00:00,6.18,497.2,30241
2026-02-21 11:13:00+00:00,5.91,496.6,31187
2026-02-21 11:14:00+00:00,6.76,494.8,29341
2026-02-21 11:15:00+00:00,6.45,490.9,29651
2026-02-21 11:17:00+00:00,6.16,494.5,30559
2026-02-21 11:18:00+00:00,6.14,494.5,30628
2026-02-21 11:19:00+00:00,5.14,496.2,34674
2026-02-21 11:20:00+00:00,5.85,495.1,28934
2026-02-21 11:21:00+00:00,4.52,495.3,34857
2026-02-21 11:22:00+00:00,6.13,497.1,28915
2026-02-21 11:23:00+00:00,5.49,494.9,30870
2026-02-21 11:24:00+00:00,5.76,494.8,31378
2026-02-21 11:25:00+00:00,5.42,491.9,31269
2026-02-21 11:26:00+00:00,5.23,489.6,30999
2026-02-21 11:27:00+00:00,5.47,489.2,30443
2026-02-21 11:28:00+00:00,5.60,489.7,28668
2026-02-21 11:29:00+00:00,5.72,488.6,27016
2026-02-21 11:30:00+00:00,5.46,484.9,29071
2026-02-21 11:31:00+00:00,4.74,485.3,30975
2026-02-21 11:32:00+00:00,5.22,489.1,27258
2026-02-21 11:33:00+00:00,5.97,492.3,27927
2026-02-21 11:34:00+00:00,6.10,493.6,28466
2026-02-21 11:35:00+00:00,6.83,492.1,27772
2026-02-21 11:36:00+00:00,5.92,492.0,27698
2026-02-21 11:37:00+00:00,6.57,493.9,27086
2026-02-21 11:38:00+00:00,6.29,491.9,26969
2026-02-21 11:39:00+00:00,6.72,491.7,25768
2026-02-21 11:40:00+00:00,5.23,489.2,26538
2026-02-21 11:41:00+00:00,6.11,489.9,27093
2026-02-21 11:42:00+00:00,6.68,489.5,27250
2026-02-21 11:43:00+00:00,6.18,484.4,27535
2026-02-21 11:44:00+00:00,6.31,481.1,27240
2026-02-21 11:45:00+00:00,6.60,482.7,26999
2026-02-21 11:46:00+00:00,6.54,483.3,27005
2026-02-21 11:47:00+00:00,6.56,483.5,25686
2026-02-21 11:48:00+00:00,6.33,483.7,27935
2026-02-21 11:50:00+00:00,6.50,,
2026-02-21 11:51:00+00:00,6.50,481.3,23577
2026-02-21 11:52:00+00:00,6.28,484.4,25967
2026-02-21 11:53:00+00:00,6.22,479.8,21850
2026-02-21 11:54:00+00:00,6.70,480.6,26061
2026-02-21 11:55:00+00:00,6.86,478.6,22102
2026-02-21 11:56:00+00:00,6.58,477.8,23320
2026-02-21 11:57:00+00:00,7.24,478.4,22811
2026-02-21 11:58:00+00:00,7.38,478.6,23886
2026-02-21 11:59:00+00:00,6.39,476.3,23940
2026-02-21 12:00:00+00:00,5.72,473.3,22887
2026-02-21 12:01:00+00:00,5.90,473.4,22214
2026-02-21 12:02:00+00:00,6.02,473.6,19634
2026-02-21 12:03:00+00:00,5.74,470.3,22121
2026-02-21 12:04:00+00:00,5.22,473.1,23039
2026-02-21 12:05:00+00:00,6.87,471.8,20575
2026-02-21 12:06:00+00:00,7.00,473.3,18581
2026-02-21 12:07:00+00:00,6.90,471.6,20845
2026-02-21 12:08:00+00:00,6.82,471.9,23061
2026-02-21 12:09:00+00:00,7.90,467.8,20392
2026-02-21 12:10:00+00:00,7.00,468.2,23091
2026-02-21 12:11:00+00:00,6.69,465.5,20490
2026-02-21 12:12:00+00:00,6.44,465.4,24405
2026-02-21 12:13:00+00:00,7.16,464.7,22274
2026-02-21 12:14:00+00:00,7.87,466.7,21378
2026-02-21 12:15:00+00:00,8.14,467.4,21950
2026-02-21 12:16:00+00:00,8.09,464.4,21965
2026-02-21 12:17:00+00:00,8.51,461.5,22925
2026-02-21 12:18:00+00:00,8.70,459.9,22491
2026-02-21 12:19:00+00:00,6.40,460.5,23606
2026-02-21 12:20:00+00:00,7.69,458.0,23897
2026-02-21 12:21:00+00:00,7.68,459.0,28209
2026-02-21 12:24:00+00:00,8.47,459.3,23017
2026-02-21 12:25:00+00:00,6.99,459.3,29162
2026-02-21 12:26:00+00:00,8.18,460.6,26420
2026-02-21 12:27:00+00:00,7.08,459.6,27124
2026-02-21 12:28:00+00:00,7.35,461.9,23589
2026-02-21 12:29:00+00:00,7.41,464.8,22801
2026-02-21 12:30:00+00:00,7.65,464.9,21852
2026-02-21 12:31:00+00:00,7.56,463.9,21230
2026-02-21 12:32:00+00:00,7.67,462.8,20657
2026-02-21 12:33:00+00:00,8.09,462.8,20209
2026-02-21 12:34:00+00:00,7.28,464.0,23107
2026-02-21 12:35:00+00:00,7.25,463.2,23648
2026-02-21 12:36:00+00:00,7.76,463.5,22776
2026-02-21 12:37:00+00:00,7.89,460.7,21674
2026-02-21 12:38:00+00:00,7.56,461.9,25078
2026-02-21 12:39:00+00:00,8.48,461.7,22039
2026-02-21 12:40:00+00:00,7.43,461.8,22126
2026-02-21 12:41:00+00:00,7.31,460.7,19703
2026-02-21 12:42:00+00:00,6.58,463.4,25389
2026-02-21 12:43:00+00:00,8.07,461.7,22208
2026-02-21 12:44:00+00:00,8.12,462.7,22922
2026-02-21 12:45:00+00:00,8.24,462.2,21308
2026-02-21 12:46:00+00:00,8.57,462.6,22910
2026-02-21 12:47:00+00:00,8.72,461.7,22719
2026-02-21 12:48:00+00:00,8.34,460.9,20969
2026-02-21 12:49:00+00:00,7.85,462.8,22770
2026-02-21 12:50:00+00:00,7.84,463.1,23464
2026-02-21 12:51:00+00:00,7.41,463.2,24801
2026-02-21 12:52:00+00:00,7.98,462.7,23694
2026-02-21 12:53:00+00:00,6.23,464.6,26689
2026-02-21 12:54:00+00:00,6.91,463.2,22300
2026-02-21 12:57:00+00:00,7.91,462.9,19043
2026-02-21 12:58:00+00:00,7.79,466.0,19804
2026-02-21 12:59:00+00:00,8.41,462.8,22014
2026-02-21 13:00:00+00:00,7.31,463.9,25073
2026-02-21 13:01:00+00:00,6.06,463.5,24305
2026-02-21 13:02:00+00:00,6.32,465.6,23737
2026-02-21 13:03:00+00:00,6.68,469.0,23740
2026-02-21 13:04:00+00:00,6.51,469.3,22013
2026-02-21 13:05:00+00:00,6.56,467.4,20222
2026-02-21 13:06:00+00:00,6.54,466.7,20437
2026-02-21 13:07:00+00:00,6.13,469.0,21161
2026-02-21 13:08:00+00:00,5.01,469.1,20162
2026-02-21 13:09:00+00:00,4.72,470.3,20223
2026-02-21 13:10:00+00:00,4.30,469.0,21678
2026-02-21 13:11:00+00:00,4.38,469.1,20325
2026-02-21 13:12:00+00:00,4.30,465.9,21178
2026-02-21 13:13:00+00:00,3.94,469.1,21541
2026-02-21 13:14:00+00:00,4.12,469.0,24514
2026-02-21 13:15:00+00:00,4.64,468.6,22582
2026-02-21 13:16:00+00:00,4.36,467.6,22702
2026-02-21 13:17:00+00:00,4.49,466.7,21485
2026-02-21 13:18:00+00:00,4.77,465.3,18115
2026-02-21 13:19:00+00:00,4.72,466.0,18635
2026-02-21 13:20:00+00:00,4.95,466.6,21650
2026-02-21 13:21:00+00:00,3.96,457.5,20006
2026-02-21 13:22:00+00:00,2.86,451.9,23565
2026-02-21 13:23:00+00:00,7.35,473.1,41311
2026-02-21 13:24:00+00:00,8.77,472.7,32038
2026-02-21 13:25:00+00:00,7.98,465.7,15379
2026-02-21 13:26:00+00:00,1.24,452.8,
2026-02-21 13:27:00+00:00,12.27,480.5,45368
2026-02-21 13:28:00+00:00,7.40,471.8,17678
2026-02-21 13:29:00+00:00,7.15,471.4,16221
2026-02-21 13:30:00+00:00,7.64,478.5,13036
2026-02-21 13:31:00+00:00,4.49,467.7,13036
2026-02-21 13:32:00+00:00,4.22,469.0,10231
2026-02-21 13:33:00+00:00,5.21,471.2,12982
2026-02-21 13:34:00+00:00,7.80,479.2,29404
2026-02-21 13:35:00+00:00,7.84,480.0,31361
2026-02-21 13:36:00+00:00,5.68,473.2,20585
2026-02-21 13:37:00+00:00,5.66,475.3,31525
2026-02-21 13:38:00+00:00,6.17,479.0,26070
2026-02-21 13:39:00+00:00,5.50,474.8,12530
2026-02-21 13:40:00+00:00,4.47,474.1,13388
2026-02-21 13:41:00+00:00,5.99,476.9,15460
2026-02-21 13:42:00+00:00,9.29,490.2,42739
2026-02-21 13:43:00+00:00,6.14,477.0,17117
2026-02-21 13:44:00+00:00,2.71,465.6,11676
2026-02-21 13:45:00+00:00,6.85,476.5,18955
2026-02-21 13:46:00+00:00,6.54,475.3,20544
2026-02-21 13:47:00+00:00,5.47,471.6,14452
2026-02-21 13:48:00+00:00,5.92,471.3,17508
2026-02-21 13:49:00+00:00,5.85,470.3,14518
2026-02-21 13:50:00+00:00,6.03,470.7,15580
2026-02-21 13:51:00+00:00,5.21,470.8,15677
2026-02-21 13:52:00+00:00,2.71,464.1,11236
2026-02-21 13:53:00+00:00,3.48,464.3,17221
2026-02-21 13:54:00+00:00,7.76,477.2,26227
2026-02-21 13:55:00+00:00,6.91,472.4,16210
2026-02-21 13:56:00+00:00,7.33,474.1,15803
2026-02-21 13:57:00+00:00,5.94,471.6,15300
2026-02-21 13:58:00+00:00,6.21,473.6,14451
2026-02-21 13:59:00+00:00,5.57,468.7,13985
2026-02-21 14:00:00+00:00,0.51,457.7,20359
2026-02-21 14:01:00+00:00,4.27,478.6,16091
2026-02-21 14:02:00+00:00,4.80,481.4,15483
2026-02-21 14:03:00+00:00,6.46,476.7,17224
2026-02-21 14:04:00+00:00,3.41,460.7,17224
2026-02-21 14:05:00+00:00,4.72,468.6,27431
2026-02-21 14:06:00+00:00,7.49,479.8,27797
2026-02-21 14:07:00+00:00,7.00,477.7,26789
2026-02-21 14:08:00+00:00,5.36,472.2,21647
2026-02-21 14:09:00+00:00,5.36,470.2,14972
2026-02-21 14:10:00+00:00,5.44,469.4,13430
2026-02-21 14:11:00+00:00,3.70,459.5,16267
2026-02-21 14:12:00+00:00,1.00,443.0,21879
2026-02-21 14:13:00+00:00,4.34,475.1,22289
2026-02-21 14:14:00+00:00,10.25,488.4,26739
2026-02-21 14:15:00+00:00,3.17,470.2,23449
2026-02-21 14:16:00+00:00,5.98,480.7,39447
2026-02-21 14:17:00+00:00,4.27,470.8,21118
2026-02-21 14:18:00+00:00,3.30,465.5,16066
2026-02-21 14:19:00+00:00,1.86,455.7,12826
2026-02-21 14:20:00+00:00,3.40,457.3,13320
2026-02-21 14:21:00+00:00,6.08,470.7,35193
2026-02-21 14:22:00+00:00,6.79,471.5,31209
2026-02-21 14:23:00+00:00,5.02,455.8,17152
2026-02-21 14:24:00+00:00,5.32,457.9,32387
2026-02-21 14:25:00+00:00,8.44,475.9,32071
2026-02-21 14:26:00+00:00,9.61,471.7,31050
2026-02-21 14:27:00+00:00,8.33,461.7,27518
2026-02-21 14:28:00+00:00,3.18,453.0,21822
2026-02-21 14:29:00+00:00,9.06,469.1,37396
2026-02-21 14:30:00+00:00,4.68,453.7,15209
2026-02-21 14:31:00+00:00,17.40,463.2,17200
2026-02-21 14:32:00+00:00,3.74,490.0,45181
2026-02-21 14:33:00+00:00,2.60,476.3,33355
2026-02-21 14:34:00+00:00,2.66,477.8,34484
2026-02-21 14:35:00+00:00,2.68,478.6,35132
2026-02-21 14:36:00+00:00,3.35,475.2,69203
2026-02-21 14:37:00+00:00,3.63,473.8,44334
2026-02-21 14:38:00+00:00,3.86,475.3,31650
2026-02-21 14:39:00+00:00,3.79,478.1,46175
2026-02-21 14:40:00+00:00,3.17,472.7,45438
2026-02-21 14:41:00+00:00,2.82,466.6,29051
2026-02-21 14:42:00+00:00,2.84,459.4,27955
2026-02-21 14:43:00+00:00,1.73,441.7,22471
2026-02-21 14:44:00+00:00,3.17,490.3,62061
2026-02-21 14:45:00+00:00,3.45,477.0,51932
2026-02-21 14:46:00+00:00,1.95,458.2,22339
2026-02-21 14:47:00+00:00,2.83,464.9,28935
2026-02-21 14:48:00+00:00,2.78,482.6,56205
2026-02-21 14:49:00+00:00,2.83,468.7,29876
2026-02-21 14:50:00+00:00,2.93,469.5,33175
2026-02-21 14:51:00+00:00,3.14,480.9,60386
2026-02-21 14:52:00+00:00,3.14,479.4,50612
2026-02-21 14:53:00+00:00,2.69,474.8,34206
2026-02-21 14:54:00+00:00,1.90,457.3,19030
2026-02-21 14:55:00+00:00,2.28,463.5,29230
2026-02-21 14:56:00+00:00,3.25,483.3,48446
2026-02-21 14:57:00+00:00,2.98,471.6,35676
2026-02-21 14:58:00+00:00,2.40,462.1,20318
2026-02-21 14:59:00+00:00,2.96,486.2,36677
2026-02-21 15:00:00+00:00,3.30,482.9,37045
2026-02-21 15:01:00+00:00,2.86,492.5,46587
2026-02-21 15:02:00+00:00,2.30,459.8,23607
2026-02-21 15:03:00+00:00,2.71,516.1,71924
2026-02-21 15:04:00+00:00,2.99,514.2,96555
2026-02-21 15:05:00+00:00,3.46,496.1,57861
2026-02-21 15:06:00+00:00,4.30,487.3,43294
2026-02-21 15:07:00+00:00,4.06,483.8,34367
2026-02-21 15:08:00+00:00,3.93,483.1,32086
2026-02-21 15:10:00+00:00,3.99,509.0,40872
2026-02-21 15:11:00+00:00,3.95,502.9,39457
2026-02-21 15:12:00+00:00,4.89,494.4,43941
2026-02-21 15:13:00+00:00,5.76,488.9,43236
2026-02-21 15:14:00+00:00,4.86,487.9,30462
2026-02-21 15:15:00+00:00,5.38,496.9,47307
2026-02-21 15:16:00+00:00,6.68,488.9,64422
2026-02-21 15:17:00+00:00,5.72,483.2,31956
2026-02-21 15:18:00+00:00,6.68,492.9,50879
2026-02-21 15:19:00+00:00,5.41,483.4,36730
2026-02-21 15:20:00+00:00,4.42,478.8,26109
2026-02-21 15:21:00+00:00,2.05,463.2,17975
2026-02-21 15:22:00+00:00,4.21,467.5,29858
2026-02-21 15:23:00+00:00,4.64,494.3,58947
2026-02-21 15:24:00+00:00,5.07,491.9,43333
2026-02-21 15:25:00+00:00,6.30,492.6,26227
2026-02-21 15:26:00+00:00,4.75,484.2,24116
2026-02-21 15:27:00+00:00,2.44,475.8,20874
2026-02-21 15:28:00+00:00,1.83,474.4,21825
2026-02-21 15:29:00+00:00,2.02,469.9,26668
2026-02-21 15:30:00+00:00,2.72,470.5,27291
2026-02-21 15:31:00+00:00,2.96,472.7,39235
2026-02-21 15:32:00+00:00,1.82,467.4,22010
2026-02-21 15:33:00+00:00,2.03,464.6,18605
2026-02-21 15:34:00+00:00,9.97,486.3,19740
2026-02-21 15:35:00+00:00,1.96,471.3,53218
2026-02-21 15:36:00+00:00,1.45,470.2,13024
2026-02-21 15:37:00+00:00,2.98,478.6,11771
2026-02-21 15:38:00+00:00,2.21,483.9,18517
2026-02-21 15:39:00+00:00,1.27,488.0,17699
2026-02-21 15:40:00+00:00,1.08,490.9,15200
2026-02-21 15:41:00+00:00,1.11,491.8,14398
2026-02-21 15:42:00+00:00,3.75,498.0,49413
2026-02-21 15:43:00+00:00,2.98,491.0,34686
2026-02-21 15:44:00+00:00,1.55,478.5,16211
2026-02-21 15:45:00+00:00,2.02,478.6,18964
2026-02-21 15:46:00+00:00,4.66,488.8,30347
2026-02-21 15:47:00+00:00,4.25,477.6,24360
2026-02-21 15:48:00+00:00,1.38,465.7,14840
2026-02-21 15:49:00+00:00,5.08,487.1,38691
2026-02-21 15:50:00+00:00,2.68,479.5,20564
2026-02-21 15:51:00+00:00,4.11,489.6,36645
2026-02-21 15:52:00+00:00,3.06,480.0,24836
2026-02-21 15:53:00+00:00,3.12,484.7,23922
2026-02-21 15:54:00+00:00,3.98,483.9,36466
2026-02-21 15:55:00+00:00,4.49,481.6,30908
2026-02-21 15:56:00+00:00,2.58,472.7,18042
2026-02-21 15:57:00+00:00,2.64,480.5,20782
2026-02-21 15:58:00+00:00,3.49,490.5,24804
2026-02-21 16:00:00+00:00,3.29,489.7,13005
2026-02-21 16:01:00+00:00,2.39,490.9,17155
2026-02-21 16:02:00+00:00,1.94,496.4,24042
2026-02-21 16:03:00+00:00,4.41,499.2,21969
2026-02-21 16:04:00+00:00,2.79,482.8,64516
2026-02-21 16:05:00+00:00,6.71,511.8,61333
2026-02-21 16:06:00+00:00,4.74,502.2,26365
2026-02-21 16:07:00+00:00,4.86,489.8,28803
2026-02-21 16:08:00+00:00,1.94,476.3,14604
2026-02-21 16:09:00+00:00,6.37,491.3,28198
2026-02-21 16:10:00+00:00,5.31,485.1,24694
2026-02-21 16:11:00+00:00,1.37,464.0,15381
2026-02-21 16:12:00+00:00,3.60,484.7,34047
2026-02-21 16:13:00+00:00,5.23,489.7,34115
2026-02-21 16:14:00+00:00,5.26,485.0,28002
2026-02-21 16:15:00+00:00,3.35,503.4,56125
2026-02-21 16:16:00+00:00,3.84,498.6,41708
2026-02-21 16:17:00+00:00,4.73,488.4,21028
2026-02-21 16:18:00+00:00,4.64,480.8,20650
2026-02-21 16:19:00+00:00,3.80,478.2,21884
2026-02-21 16:20:00+00:00,4.88,479.0,22677
2026-02-21 16:21:00+00:00,4.86,479.3,29832
2026-02-21 16:22:00+00:00,3.61,479.9,28226
2026-02-21 16:23:00+00:00,0.93,457.4,24006
2026-02-21 16:24:00+00:00,3.94,509.0,43662
2026-02-21 16:25:00+00:00,8.15,498.4,78524
2026-02-21 16:26:00+00:00,6.50,487.1,35798
2026-02-21 16:27:00+00:00,4.38,480.4,22814
2026-02-21 16:28:00+00:00,4.32,486.6,21557
2026-02-21 16:29:00+00:00,4.00,495.6,19662
2026-02-21 16:30:00+00:00,4.12,485.4,15724
2026-02-21 16:31:00+00:00,6.11,484.6,21193
2026-02-21 16:32:00+00:00,7.24,491.2,27842
2026-02-21 16:33:00+00:00,6.11,484.7,22235
2026-02-21 16:34:00+00:00,5.57,483.3,15880
2026-02-21 16:35:00+00:00,6.22,483.7,18287
2026-02-21 16:36:00+00:00,8.17,489.8,29569
2026-02-21 16:37:00+00:00,6.48,485.7,20964
2026-02-21 16:38:00+00:00,5.77,478.6,13513
2026-02-21 16:39:00+00:00,5.22,475.4,21534
2026-02-21 16:40:00+00:00,4.83,460.2,33468
2026-02-21 16:41:00+00:00,2.33,465.4,28163
2026-02-21 16:42:00+00:00,2.34,449.8,20209
2026-02-21 16:43:00+00:00,4.31,472.9,31117
2026-02-21 16:44:00+00:00,13.28,492.4,36518
2026-02-21 16:45:00+00:00,8.54,489.9,62903
2026-02-21 16:46:00+00:00,4.48,485.4,72116
2026-02-21 16:47:00+00:00,5.53,485.5,66525
2026-02-21 16:48:00+00:00,3.79,481.2,40316
2026-02-21 16:49:00+00:00,3.68,479.1,37890
2026-02-21 16:51:00+00:00,8.22,497.0,63248
2026-02-21 16:52:00+00:00,6.49,482.8,50106
2026-02-21 16:53:00+00:00,6.31,479.5,31544
2026-02-21 16:54:00+00:00,0.65,455.6,42420
2026-02-21 16:55:00+00:00,4.27,484.1,69241
2026-02-21 16:56:00+00:00,4.32,479.5,92141
2026-02-21 16:57:00+00:00,2.11,479.6,75107
2026-02-21 16:58:00+00:00,5.94,490.7,49680
2026-02-21 16:59:00+00:00,4.03,489.4,44068
2026-02-21 17:00:00+00:00,2.17,484.2,57199
2026-02-21 17:01:00+00:00,2.95,472.8,37185
2026-02-21 17:02:00+00:00,4.52,492.1,34758
2026-02-21 17:03:00+00:00,6.65,514.1,73520
2026-02-21 17:04:00+00:00,10.62,513.1,71779
2026-02-21 17:05:00+00:00,10.67,500.8,28876
2026-02-21 17:06:00+00:00,4.18,481.4,27760
2026-02-21 17:07:00+00:00,3.48,478.7,25960
2026-02-21 17:08:00+00:00,3.24,488.0,37973
2026-02-21 17:09:00+00:00,2.07,480.5,29892
2026-02-21 17:10:00+00:00,4.26,494.5,58473
2026-02-21 17:11:00+00:00,2.93,487.2,35099
2026-02-21 17:12:00+00:00,1.64,480.1,28200
2026-02-21 17:13:00+00:00,2.09,465.6,24159
2026-02-21 17:14:00+00:00,2.96,497.9,40655
2026-02-21 17:15:00+00:00,3.28,505.4,84229
2026-02-21 17:16:00+00:00,3.65,505.1,97619
2026-02-21 17:17:00+00:00,3.42,498.6,83527
2026-02-21 17:18:00+00:00,4.29,507.7,104104
2026-02-21 17:19:00+00:00,4.83,516.2,118348
2026-02-21 17:20:00+00:00,4.44,513.9,107882
2026-02-21 17:21:00+00:00,5.25,520.3,98536
2026-02-21 17:22:00+00:00,4.78,516.0,88238
2026-02-21 17:23:00+00:00,3.81,507.6,66534
2026-02-21 17:24:00+00:00,4.05,510.1,74942
2026-02-21 17:25:00+00:00,0.97,478.5,35603
2026-02-21 17:26:00+00:00,3.50,524.4,56970
2026-02-21 17:27:00+00:00,4.58,502.2,37921
2026-02-21 17:28:00+00:00,18.70,509.7,38445
2026-02-21 17:29:00+00:00,5.63,507.2,70021
2026-02-21 17:30:00+00:00,3.63,492.4,56666
2026-02-21 17:31:00+00:00,3.09,491.5,53206
2026-02-21 17:32:00+00:00,2.39,482.6,42802
2026-02-21 17:33:00+00:00,3.39,492.8,68789
2026-02-21 17:34:00+00:00,3.82,498.9,82230
2026-02-21 17:35:00+00:00,3.65,494.8,76383
2026-02-21 17:36:00+00:00,3.38,490.9,69908
2026-02-21 17:37:00+00:00,3.34,491.1,74596
2026-02-21 17:38:00+00:00,4.01,494.2,84083
2026-02-21 17:39:00+00:00,2.93,483.1,46753
2026-02-21 17:40:00+00:00,2.02,475.0,42581
2026-02-21 17:41:00+00:00,3.71,514.7,111399
2026-02-21 17:42:00+00:00,3.79,494.1,63106
2026-02-21 17:43:00+00:00,2.97,495.3,63482
2026-02-21 17:44:00+00:00,1.85,478.0,44695
2026-02-21 17:45:00+00:00,2.58,503.5,86186
2026-02-21 17:46:00+00:00,2.91,502.6,64563
2026-02-21 17:47:00+00:00,2.88,496.7,54600
2026-02-21 17:48:00+00:00,3.50,501.6,66500
2026-02-21 17:49:00+00:00,3.13,500.0,51583
2026-02-21 17:50:00+00:00,2.86,502.1,46126
2026-02-21 17:51:00+00:00,2.90,504.6,51024
2026-02-21 17:52:00+00:00,3.62,508.7,76758
2026-02-21 17:53:00+00:00,4.73,516.9,114777
2026-02-21 17:54:00+00:00,3.76,504.4,55535
2026-02-21 17:55:00+00:00,3.30,501.8,52023
2026-02-21 17:56:00+00:00,2.01,495.3,45322
2026-02-21 17:57:00+00:00,3.97,510.8,76738
2026-02-21 17:58:00+00:00,2.51,496.3,48562
2026-02-21 17:59:00+00:00,2.29,499.9,51378
2026-02-21 18:00:00+00:00,3.27,505.2,84912
2026-02-21 18:01:00+00:00,2.38,492.5,54742
2026-02-21 18:02:00+00:00,1.93,492.0,46101
2026-02-21 18:03:00+00:00,2.00,494.9,49957
2026-02-21 18:04:00+00:00,2.58,503.2,58409
2026-02-21 18:05:00+00:00,2.59,509.2,86181
2026-02-21 18:06:00+00:00,2.28,510.6,86227
2026-02-21 18:07:00+00:00,2.36,504.2,76747
2026-02-21 18:08:00+00:00,2.56,497.6,69132
2026-02-21 18:09:00+00:00,2.06,493.5,44798
2026-02-21 18:10:00+00:00,1.19,478.9,26337
2026-02-21 18:11:00+00:00,1.09,469.2,28486
2026-02-21 18:12:00+00:00,1.40,493.6,57372
2026-02-21 18:13:00+00:00,2.15,515.9,101953
2026-02-21 18:14:00+00:00,2.19,493.6,72575
2026-02-21 18:15:00+00:00,2.00,493.5,66516
2026-02-21 18:16:00+00:00,1.95,499.4,65479
2026-02-21 18:17:00+00:00,1.97,500.4,69438
2026-02-21 18:18:00+00:00,1.51,492.1,129225
2026-02-21 18:19:00+00:00,1.70,491.1,91944
2026-02-21 18:20:00+00:00,1.19,488.3,69272
2026-02-21 18:21:00+00:00,1.04,488.9,116414
2026-02-21 18:22:00+00:00,1.17,484.6,109701
2026-02-21 18:23:00+00:00,1.60,487.5,98606
2026-02-21 18:24:00+00:00,1.96,493.3,95983
2026-02-21 18:25:00+00:00,1.73,487.1,58665
2026-02-21 18:26:00+00:00,1.46,481.6,51051
2026-02-21 18:27:00+00:00,2.86,476.0,53750
2026-02-21 18:28:00+00:00,2.67,477.1,51388
2026-02-21 18:29:00+00:00,1.54,481.8,35778
2026-02-21 18:30:00+00:00,1.38,463.5,11459
2026-02-21 18:31:00+00:00,4.96,485.5,20361
2026-02-21 18:32:00+00:00,10.15,493.9,18979
2026-02-21 18:33:00+00:00,4.71,488.2,37636
2026-02-21 18:34:00+00:00,2.85,481.7,26937
2026-02-21 18:35:00+00:00,2.85,481.3,22966
2026-02-21 18:36:00+00:00,3.28,482.3,27748
2026-02-21 18:37:00+00:00,2.29,479.2,28369
2026-02-21 18:38:00+00:00,7.66,490.7,23469
2026-02-21 18:39:00+00:00,7.94,492.6,23352
2026-02-21 18:40:00+00:00,3.01,484.1,28944
2026-02-21 18:41:00+00:00,2.17,480.5,28813
2026-02-21 18:42:00+00:00,1.15,478.7,36324
2026-02-21 18:43:00+00:00,3.10,499.2,66996
2026-02-21 18:44:00+00:00,2.67,494.1,53020
2026-02-21 18:45:00+00:00,1.16,488.6,65917
2026-02-21 18:46:00+00:00,1.76,483.1,37125
2026-02-21 18:47:00+00:00,3.10,478.1,59142
2026-02-21 18:48:00+00:00,3.59,483.2,23751
2026-02-21 18:49:00+00:00,1.30,471.8,17226
2026-02-21 18:50:00+00:00,3.69,476.0,15997
2026-02-21 18:51:00+00:00,13.06,486.2,14835
2026-02-21 18:52:00+00:00,14.04,496.6,15193
2026-02-21 18:53:00+00:00,8.01,484.5,26382
2026-02-21 18:54:00+00:00,6.52,488.9,23472
2026-02-21 18:55:00+00:00,5.89,489.9,28117
2026-02-21 18:56:00+00:00,4.49,474.3,38105
2026-02-21 18:57:00+00:00,6.07,467.6,30698
2026-02-21 18:58:00+00:00,6.33,465.6,25508
2026-02-21 18:59:00+00:00,4.57,462.2,24621
2026-02-21 19:00:00+00:00,9.72,479.3,20149
2026-02-21 19:01:00+00:00,9.16,479.0,21847
2026-02-21 19:02:00+00:00,3.06,475.6,40686
2026-02-21 19:03:00+00:00,3.33,469.1,50364
2026-02-21 19:04:00+00:00,1.55,465.3,33132
2026-02-21 19:05:00+00:00,4.99,472.1,48803
2026-02-21 19:06:00+00:00,1.59,488.6,46997
2026-02-21 19:07:00+00:00,3.19,498.2,36708
2026-02-21 19:08:00+00:00,4.51,493.2,33235
2026-02-21 19:09:00+00:00,8.95,502.5,29743
2026-02-21 19:10:00+00:00,6.46,495.9,32198
2026-02-21 19:11:00+00:00,2.79,486.7,35754
2026-02-21 19:12:00+00:00,3.02,479.8,31098
2026-02-21 19:13:00+00:00,2.62,476.6,30051
2026-02-21 19:14:00+00:00,2.91,498.6,46772
2026-02-21 19:15:00+00:00,3.12,504.3,63126
2026-02-21 19:16:00+00:00,2.05,495.2,57535
2026-02-21 19:17:00+00:00,2.73,493.4,50492
2026-02-21 19:18:00+00:00,2.23,487.7,36252
2026-02-21 19:19:00+00:00,2.43,493.2,66164
2026-02-21 19:20:00+00:00,0.50,466.7,34196
2026-02-21 19:21:00+00:00,0.92,515.2,129953
2026-02-21 19:22:00+00:00,15.20,523.4,51485
2026-02-21 19:23:00+00:00,6.38,508.1,37132
2026-02-21 19:24:00+00:00,1.13,497.1,26376
2026-02-21 19:25:00+00:00,1.93,496.2,38259
2026-02-21 19:26:00+00:00,2.66,493.5,47202
2026-02-21 19:27:00+00:00,2.45,483.5,38080
2026-02-21 19:28:00+00:00,1.80,477.5,33912
2026-02-21 19:29:00+00:00,1.12,483.4,37474
2026-02-21 19:30:00+00:00,1.25,490.3,36068
2026-02-21 19:31:00+00:00,1.75,488.5,37277
2026-02-21 19:32:00+00:00,3.30,481.9,26609
2026-02-21 19:33:00+00:00,5.02,522.2,138293
2026-02-21 19:34:00+00:00,5.00,521.9,137027
2026-02-21 19:35:00+00:00,3.88,506.8,62297
2026-02-21 19:36:00+00:00,3.01,506.2,59260
2026-02-21 19:37:00+00:00,1.78,495.1,71820
2026-02-21 19:38:00+00:00,1.72,483.2,54733
2026-02-21 19:39:00+00:00,1.23,472.5,44299
2026-02-21 19:40:00+00:00,1.65,502.7,129110
2026-02-21 19:41:00+00:00,2.20,510.6,95022
2026-02-21 19:42:00+00:00,2.78,521.3,49200
2026-02-21 19:43:00+00:00,3.18,521.9,46244
2026-02-21 19:44:00+00:00,3.03,518.0,44814
2026-02-21 19:45:00+00:00,10.63,535.7,47910
2026-02-21 19:46:00+00:00,18.86,533.9,48358
2026-02-21 19:47:00+00:00,2.40,511.8,54094
2026-02-21 19:48:00+00:00,2.18,534.1,80282
2026-02-21 19:49:00+00:00,4.64,514.0,108689
2026-02-21 19:50:00+00:00,1.03,504.1,24442
2026-02-21 19:51:00+00:00,3.45,500.3,44710
2026-02-21 19:52:00+00:00,3.76,515.4,65679
2026-02-21 19:53:00+00:00,2.85,507.3,121445
2026-02-21 19:54:00+00:00,1.36,492.8,67117
2026-02-21 19:55:00+00:00,2.00,499.1,61185
2026-02-21 19:56:00+00:00,3.19,500.6,58376
2026-02-21 19:57:00+00:00,2.74,497.6,59012
2026-02-21 19:58:00+00:00,9.28,489.1,45552
2026-02-21 19:59:00+00:00,9.80,495.3,40701
2026-02-21 20:00:00+00:00,4.25,510.0,49467
2026-02-21 20:01:00+00:00,5.19,512.4,55788
2026-02-21 20:02:00+00:00,5.54,501.6,54091
2026-02-21 20:03:00+00:00,3.59,485.6,27488
2026-02-21 20:04:00+00:00,7.53,522.6,46270
2026-02-21 20:05:00+00:00,8.10,536.7,63893
2026-02-21 20:06:00+00:00,4.05,,
2026-02-21 20:07:00+00:00,4.05,515.3,53735
2026-02-21 20:08:00+00:00,4.43,512.4,46096
2026-02-21 20:09:00+00:00,1.94,505.4,50463
2026-02-21 20:10:00+00:00,2.09,489.6,38508
2026-02-21 20:11:00+00:00,3.05,506.8,67209
2026-02-21 20:12:00+00:00,3.86,525.4,83694
2026-02-21 20:13:00+00:00,3.49,522.4,110526
2026-02-21 20:14:00+00:00,2.27,506.1,85681
2026-02-21 20:15:00+00:00,2.58,510.5,75921
2026-02-21 20:16:00+00:00,3.23,524.4,90503
2026-02-21 20:17:00+00:00,2.75,523.5,88735
2026-02-21 20:18:00+00:00,2.96,522.0,125851
2026-02-21 20:19:00+00:00,2.95,518.8,145186
2026-02-21 20:20:00+00:00,3.23,516.4,89245
2026-02-21 20:21:00+00:00,3.28,513.3,141138
2026-02-21 20:22:00+00:00,1.40,475.2,52332
2026-02-21 20:23:00+00:00,4.81,532.4,229610
2026-02-21 20:24:00+00:00,3.81,509.8,68850
2026-02-21 20:25:00+00:00,3.30,517.4,106948
2026-02-21 20:26:00+00:00,2.94,509.4,85546
2026-02-21 20:27:00+00:00,3.37,521.8,119438
2026-02-21 20:28:00+00:00,2.96,518.3,102354
2026-02-21 20:29:00+00:00,1.80,506.1,89352
2026-02-21 20:30:00+00:00,2.06,535.2,115660
2026-02-21 20:31:00+00:00,4.92,536.9,152810
2026-02-21 20:32:00+00:00,5.99,499.2,123995
2026-02-21 20:33:00+00:00,3.52,478.7,49706
2026-02-21 20:34:00+00:00,3.38,482.5,62491
2026-02-21 20:35:00+00:00,5.87,523.1,121449
2026-02-21 20:36:00+00:00,4.28,515.2,54396
2026-02-21 20:37:00+00:00,5.22,519.9,68607
2026-02-21 20:38:00+00:00,9.29,538.2,112993
2026-02-21 20:40:00+00:00,8.96,531.4,88664
2026-02-21 20:41:00+00:00,2.81,494.1,26551
2026-02-21 20:42:00+00:00,6.91,516.9,63155
2026-02-21 20:43:00+00:00,6.87,516.5,63145
2026-02-21 20:44:00+00:00,12.50,522.6,43545
2026-02-21 20:45:00+00:00,6.64,496.1,41685
2026-02-21 20:46:00+00:00,2.21,508.0,99598
2026-02-21 20:47:00+00:00,2.74,518.5,135167
2026-02-21 20:48:00+00:00,2.10,496.3,102408
2026-02-21 20:49:00+00:00,1.59,487.0,69909
2026-02-21 20:50:00+00:00,3.37,536.8,178184
2026-02-21 20:51:00+00:00,3.76,529.2,163993
2026-02-21 20:52:00+00:00,4.63,499.4,108037
2026-02-21 20:53:00+00:00,1.95,489.7,93663
2026-02-21 20:54:00+00:00,7.10,542.3,223862
2026-02-21 20:55:00+00:00,6.58,513.9,126086
2026-02-21 20:56:00+00:00,6.98,520.8,167463
2026-02-21 20:57:00+00:00,5.43,476.7,84030
2026-02-21 20:58:00+00:00,7.11,532.2,183869
2026-02-21 20:59:00+00:00,7.33,537.2,187568
2026-02-21 21:00:00+00:00,5.79,491.8,112455
2026-02-21 21:01:00+00:00,6.20,510.1,170864
2026-02-21 21:02:00+00:00,7.09,542.3,248563
2026-02-21 21:03:00+00:00,7.38,540.8,243525
2026-02-21 21:04:00+00:00,7.44,510.1,187309
2026-02-21 21:05:00+00:00,7.40,503.0,190671
2026-02-21 21:06:00+00:00,7.63,551.5,300126
2026-02-21 21:07:00+00:00,7.41,558.7,316152
2026-02-21 21:08:00+00:00,5.94,539.5,188561
2026-02-21 21:09:00+00:00,5.90,556.1,208402
2026-02-21 21:10:00+00:00,6.17,557.1,241621
2026-02-21 21:11:00+00:00,7.28,545.3,217339
2026-02-21 21:12:00+00:00,7.28,,
2026-02-21 21:13:00+00:00,9.78,565.8,395947
2026-02-21 21:14:00+00:00,4.24,509.5,163870
2026-02-21 21:15:00+00:00,5.14,521.6,158329
2026-02-21 21:16:00+00:00,5.61,503.7,139843
2026-02-21 21:17:00+00:00,6.05,525.1,173742
2026-02-21 21:18:00+00:00,6.62,546.5,215363
2026-02-21 21:19:00+00:00,6.46,539.9,204932
2026-02-21 21:20:00+00:00,6.16,539.8,200548
2026-02-21 21:21:00+00:00,6.52,547.5,211731
2026-02-21 21:22:00+00:00,6.96,533.4,171920
2026-02-21 21:23:00+00:00,7.10,514.7,135757
2026-02-21 21:24:00+00:00,7.71,535.4,177943
2026-02-21 21:25:00+00:00,7.57,552.4,194801
2026-02-21 21:26:00+00:00,7.15,546.2,167637
2026-02-21 21:27:00+00:00,7.02,554.1,201092
2026-02-21 21:28:00+00:00,6.94,539.0,184036
2026-02-21 21:29:00+00:00,7.16,543.3,195541
2026-02-21 21:30:00+00:00,6.93,549.0,230878
2026-02-21 21:31:00+00:00,6.67,535.7,182588
2026-02-21 21:32:00+00:00,6.70,550.7,199008
2026-02-21 21:33:00+00:00,6.99,547.6,204557
2026-02-21 21:34:00+00:00,7.17,541.4,186263
2026-02-21 21:35:00+00:00,5.73,540.2,155884
2026-02-21 21:36:00+00:00,4.21,549.7,154954
2026-02-21 21:37:00+00:00,4.85,558.9,176443
2026-02-21 21:38:00+00:00,5.63,534.2,150253
2026-02-21 21:39:00+00:00,5.15,513.2,129107
2026-02-21 21:40:00+00:00,6.04,533.5,147547
2026-02-21 21:41:00+00:00,5.82,529.6,139272
2026-02-21 21:42:00+00:00,5.96,535.9,160593
2026-02-21 21:43:00+00:00,5.36,482.4,107612
2026-02-21 21:44:00+00:00,5.60,532.9,150178
2026-02-21 21:45:00+00:00,5.61,535.6,152418
2026-02-21 21:46:00+00:00,5.78,538.9,173158
2026-02-21 21:47:00+00:00,5.57,526.6,209665
2026-02-21 21:48:00+00:00,4.96,530.3,210125
2026-02-21 21:49:00+00:00,4.55,552.8,317970
2026-02-21 21:50:00+00:00,4.06,525.2,269564
2026-02-21 21:51:00+00:00,3.77,520.9,229060
2026-02-21 21:52:00+00:00,4.80,550.6,348568
2026-02-21 21:53:00+00:00,5.37,555.8,411209
2026-02-21 21:54:00+00:00,4.07,543.0,319095
2026-02-21 21:55:00+00:00,4.47,497.7,219058
2026-02-21 21:56:00+00:00,4.06,546.8,370271
2026-02-21 21:57:00+00:00,4.51,571.1,406722
2026-02-21 21:58:00+00:00,8.26,538.0,386280
2026-02-21 21:59:00+00:00,4.94,552.3,491411
2026-02-21 22:00:00+00:00,4.22,541.3,236482
2026-02-21 22:01:00+00:00,4.45,538.4,242393
2026-02-21 22:02:00+00:00,4.21,496.1,163427
2026-02-21 22:03:00+00:00,4.03,522.6,206941
2026-02-21 22:04:00+00:00,3.96,547.3,251884
2026-02-21 22:05:00+00:00,4.10,545.8,261314
2026-02-21 22:06:00+00:00,4.26,526.0,252181
2026-02-21 22:07:00+00:00,5.88,525.4,326618
2026-02-21 22:08:00+00:00,6.16,547.0,423533
2026-02-21 22:09:00+00:00,4.06,534.3,339096
2026-02-21 22:10:00+00:00,3.96,501.6,193713
2026-02-21 22:11:00+00:00,4.92,535.6,308385
2026-02-21 22:12:00+00:00,6.38,532.8,371057
2026-02-21 22:13:00+00:00,3.94,553.1,356809
2026-02-21 22:14:00+00:00,4.46,495.3,213852
2026-02-21 22:15:00+00:00,4.12,536.8,292951
2026-02-21 22:16:00+00:00,4.25,541.6,302828
2026-02-21 22:17:00+00:00,3.83,556.2,369462
2026-02-21 22:18:00+00:00,3.78,558.1,378194
2026-02-21 22:19:00+00:00,4.11,539.7,359190
2026-02-21 22:20:00+00:00,4.24,550.3,407343
2026-02-21 22:21:00+00:00,3.79,519.8,309266
2026-02-21 22:22:00+00:00,3.68,522.8,296557
2026-02-21 22:23:00+00:00,3.96,550.5,381059
2026-02-21 22:24:00+00:00,3.96,553.0,397955
2026-02-21 22:25:00+00:00,3.61,527.0,316917
2026-02-21 22:26:00+00:00,3.33,506.3,248791
2026-02-21 22:27:00+00:00,3.36,543.2,330800
2026-02-21 22:28:00+00:00,3.29,545.7,326498
2026-02-21 22:29:00+00:00,2.83,533.3,325504
2026-02-21 22:30:00+00:00,3.44,563.6,408751
2026-02-21 22:31:00+00:00,3.36,547.7,351464
2026-02-21 22:32:00+00:00,3.67,559.2,435989
2026-02-21 22:33:00+00:00,3.55,544.0,313875
2026-02-21 22:34:00+00:00,3.81,541.5,312253
2026-02-21 22:35:00+00:00,3.61,540.9,321455
2026-02-21 22:36:00+00:00,3.66,544.0,358166
2026-02-21 22:37:00+00:00,3.72,543.1,352838
2026-02-21 22:38:00+00:00,3.70,543.2,343299
2026-02-21 22:39:00+00:00,3.52,543.7,343841
2026-02-21 22:40:00+00:00,4.06,543.3,323127
2026-02-21 22:41:00+00:00,5.09,543.6,299670
2026-02-21 22:42:00+00:00,4.90,542.4,300839
2026-02-21 22:43:00+00:00,4.49,539.9,287932
2026-02-21 22:44:00+00:00,4.55,537.6,271633
2026-02-21 22:45:00+00:00,4.14,538.8,338682
2026-02-21 22:46:00+00:00,4.77,530.8,330860
2026-02-21 22:47:00+00:00,3.81,546.2,298791
2026-02-21 22:48:00+00:00,4.08,550.2,445074
2026-02-21 22:49:00+00:00,4.02,548.3,380032
2026-02-21 22:50:00+00:00,3.96,545.0,352873
2026-02-21 22:51:00+00:00,3.94,544.3,348932
2026-02-21 22:52:00+00:00,4.18,549.5,303129
2026-02-21 22:53:00+00:00,4.45,551.5,304901
2026-02-21 22:54:00+00:00,5.00,551.5,235114
2026-02-21 22:55:00+00:00,5.12,549.0,240398
2026-02-21 22:56:00+00:00,4.69,550.9,323397
2026-02-21 22:57:00+00:00,4.35,553.3,323229
2026-02-21 22:58:00+00:00,4.23,549.2,285376
2026-02-21 22:59:00+00:00,4.19,549.3,288300
2026-02-21 23:00:00+00:00,4.47,547.3,277029
2026-02-21 23:01:00+00:00,4.58,544.5,274199
2026-02-21 23:02:00+00:00,4.20,544.2,253135
2026-02-21 23:03:00+00:00,4.43,544.9,262505
2026-02-21 23:04:00+00:00,4.37,545.5,271398
2026-02-21 23:05:00+00:00,4.43,546.0,274737
2026-02-21 23:06:00+00:00,3.96,543.0,334255
2026-02-21 23:07:00+00:00,3.89,543.3,294447
2026-02-21 23:08:00+00:00,3.98,545.6,294840
2026-02-21 23:09:00+00:00,3.94,547.6,307516
2026-02-21 23:10:00+00:00,4.63,554.3,368727
2026-02-21 23:11:00+00:00,5.39,552.0,364984
2026-02-21 23:12:00+00:00,5.17,546.7,339416
2026-02-21 23:13:00+00:00,4.55,547.3,366718
2026-02-21 23:14:00+00:00,4.66,542.5,319572
2026-02-21 23:15:00+00:00,5.22,543.3,271942
2026-02-21 23:16:00+00:00,4.92,542.3,284521
2026-02-21 23:17:00+00:00,5.05,544.6,254084
2026-02-21 23:18:00+00:00,4.78,541.5,258621
2026-02-21 23:19:00+00:00,4.91,542.0,270176
2026-02-21 23:20:00+00:00,4.72,549.7,260964
2026-02-21 23:21:00+00:00,6.38,551.1,196741
2026-02-21 23:22:00+00:00,6.20,542.4,241507
2026-02-21 23:23:00+00:00,6.36,542.5,219704
2026-02-21 23:24:00+00:00,6.45,543.2,208457
2026-02-21 23:25:00+00:00,6.11,542.6,215655
2026-02-21 23:26:00+00:00,5.89,545.1,211499
2026-02-21 23:27:00+00:00,6.38,548.4,210008
2026-02-21 23:28:00+00:00,6.49,552.7,238061
2026-02-21 23:29:00+00:00,5.40,551.8,271269
2026-02-21 23:30:00+00:00,5.00,544.1,266866
2026-02-21 23:31:00+00:00,5.35,546.3,259630
2026-02-21 23:32:00+00:00,5.95,541.5,226730
2026-02-21 23:33:00+00:00,5.36,545.6,271077
2026-02-21 23:34:00+00:00,5.48,543.2,290913
2026-02-21 23:35:00+00:00,5.57,544.4,258213
2026-02-21 23:36:00+00:00,5.50,548.4,246917
2026-02-21 23:37:00+00:00,4.62,554.4,261081
2026-02-21 23:38:00+00:00,4.57,548.6,259485
2026-02-21 23:39:00+00:00,4.76,552.2,248181
2026-02-21 23:40:00+00:00,5.49,559.5,273289
2026-02-21 23:41:00+00:00,5.10,555.8,263412
2026-02-21 23:42:00+00:00,4.30,543.4,281487
2026-02-21 23:43:00+00:00,4.64,548.3,343948
2026-02-21 23:44:00+00:00,5.23,562.3,331530
2026-02-21 23:45:00+00:00,5.08,562.2,254644
2026-02-21 23:46:00+00:00,4.95,556.5,257524
2026-02-21 23:47:00+00:00,4.80,548.5,289786
2026-02-21 23:48:00+00:00,5.19,536.2,303361
2026-02-21 23:49:00+00:00,4.24,543.9,418386
2026-02-21 23:50:00+00:00,4.53,540.3,359526
2026-02-21 23:51:00+00:00,5.58,543.1,319178
2026-02-21 23:52:00+00:00,4.07,546.7,359799
2026-02-21 23:53:00+00:00,3.86,548.2,325789
2026-02-21 23:54:00+00:00,5.06,558.0,354054
2026-02-21 23:55:00+00:00,4.74,558.3,386077
2026-02-21 23:56:00+00:00,4.40,558.4,383329
2026-02-21 23:57:00+00:00,4.34,558.7,378255
2026-02-21 23:58:00+00:00,4.89,565.9,369213
2026-02-21 23:59:00+00:00,5.16,557.8,361789
2026-02-22 00:00:00+00:00,4.96,552.4,351131
2026-02-22 00:01:00+00:00,5.06,558.1,338658
2026-02-22 00:02:00+00:00,6.14,562.1,335525
2026-02-22 00:03:00+00:00,5.56,567.8,367112
2026-02-22 00:04:00+00:00,6.62,565.4,360672
2026-02-22 00:05:00+00:00,5.43,557.9,350434
2026-02-22 00:06:00+00:00,5.47,556.8,374162
2026-02-22 00:07:00+00:00,5.11,561.4,379212
2026-02-22 00:08:00+00:00,4.29,562.3,347526
2026-02-22 00:09:00+00:00,4.40,562.1,340271
2026-02-22 00:10:00+00:00,4.18,561.5,341052
2026-02-22 00:11:00+00:00,3.90,557.8,319864
2026-02-22 00:12:00+00:00,4.16,566.1,324738
2026-02-22 00:13:00+00:00,4.20,572.4,344840
2026-02-22 00:14:00+00:00,4.12,577.1,358165
2026-02-22 00:15:00+00:00,3.85,579.5,370558
2026-02-22 00:16:00+00:00,3.81,578.0,389757
2026-02-22 00:17:00+00:00,4.05,577.1,389977
2026-02-22 00:18:00+00:00,3.87,575.9,364379
2026-02-22 00:19:00+00:00,3.95,570.9,357640
2026-02-22 00:20:00+00:00,4.08,575.6,339354
2026-02-22 00:21:00+00:00,4.19,570.2,336460
2026-02-22 00:22:00+00:00,4.03,567.2,352802
2026-02-22 00:23:00+00:00,4.07,576.4,297414
2026-02-22 00:24:00+00:00,4.39,571.7,376528
2026-02-22 00:25:00+00:00,4.40,570.9,336736
2026-02-22 00:26:00+00:00,4.42,575.9,338670
2026-02-22 00:27:00+00:00,4.02,571.6,320986
2026-02-22 00:28:00+00:00,4.20,572.2,333489
2026-02-22 00:29:00+00:00,4.31,572.2,357566
2026-02-22 00:30:00+00:00,4.29,571.5,367066
2026-02-22 00:31:00+00:00,4.98,565.6,333377
2026-02-22 00:32:00+00:00,4.74,574.4,357461
2026-02-22 00:33:00+00:00,4.52,582.6,399935
2026-02-22 00:34:00+00:00,4.58,577.0,405567
2026-02-22 00:35:00+00:00,4.39,580.1,374097
2026-02-22 00:36:00+00:00,4.82,577.6,355851
2026-02-22 00:37:00+00:00,4.82,584.0,346220
2026-02-22 00:38:00+00:00,4.90,587.1,342552
2026-02-22 00:39:00+00:00,4.61,580.4,325852
2026-02-22 00:40:00+00:00,4.50,582.5,294072
2026-02-22 00:41:00+00:00,4.35,574.3,289513
2026-02-22 00:42:00+00:00,5.19,580.0,336428
2026-02-22 00:43:00+00:00,5.73,576.7,355931
2026-02-22 00:44:00+00:00,5.92,575.7,306543
2026-02-22 00:45:00+00:00,6.12,567.8,328746
2026-02-22 00:46:00+00:00,5.30,557.7,346911
2026-02-22 00:47:00+00:00,4.35,553.2,315154
2026-02-22 00:48:00+00:00,4.03,554.8,268336
2026-02-22 00:49:00+00:00,3.84,556.9,242315
2026-02-22 00:50:00+00:00,3.72,555.9,256684
2026-02-22 00:51:00+00:00,3.45,555.4,275881
2026-02-22 00:52:00+00:00,3.46,550.4,289063
2026-02-22 00:53:00+00:00,3.75,557.3,221622
2026-02-22 00:54:00+00:00,3.35,550.8,216073
2026-02-22 00:55:00+00:00,3.99,547.1,274641
2026-02-22 00:56:00+00:00,4.68,563.1,418659
2026-02-22 00:57:00+00:00,7.91,547.8,390068
2026-02-22 00:58:00+00:00,7.59,547.4,371617
2026-02-22 00:59:00+00:00,7.09,554.0,354636
2026-02-22 01:00:00+00:00,6.72,556.2,336132
2026-02-22 01:01:00+00:00,7.47,552.5,363767
2026-02-22 01:02:00+00:00,7.78,551.4,395909
2026-02-22 01:03:00+00:00,7.59,552.4,404883
2026-02-22 01:04:00+00:00,6.71,550.1,341740
2026-02-22 01:05:00+00:00,7.22,547.8,350778
2026-02-22 01:06:00+00:00,7.99,545.0,372186
2026-02-22 01:07:00+00:00,7.19,549.4,376248
2026-02-22 01:08:00+00:00,6.22,552.1,356427
2026-02-22 01:09:00+00:00,7.71,546.7,402056
2026-02-22 01:10:00+00:00,7.25,549.2,420402
2026-02-22 01:11:00+00:00,8.23,546.9,386479
2026-02-22 01:12:00+00:00,6.42,555.9,342944
2026-02-22 01:13:00+00:00,7.73,546.2,339336
2026-02-22 01:14:00+00:00,6.37,546.4,360179
2026-02-22 01:15:00+00:00,5.85,548.6,366999
2026-02-22 01:16:00+00:00,5.33,548.6,364221
2026-02-22 01:17:00+00:00,5.27,548.4,366697
2026-02-22 01:18:00+00:00,5.41,549.1,395159
2026-02-22 01:19:00+00:00,5.53,554.3,387148
2026-02-22 01:20:00+00:00,5.42,558.0,365430
2026-02-22 01:21:00+00:00,4.99,552.9,363283
2026-02-22 01:22:00+00:00,4.73,549.3,334403
2026-02-22 01:23:00+00:00,4.80,553.6,339397
2026-02-22 01:24:00+00:00,5.02,551.9,360649
2026-02-22 01:25:00+00:00,5.65,555.7,375794
2026-02-22 01:26:00+00:00,4.93,551.4,423779
2026-02-22 01:27:00+00:00,6.73,556.1,349316
2026-02-22 01:28:00+00:00,5.01,550.4,423641
2026-02-22 01:29:00+00:00,6.80,547.6,379192
2026-02-22 01:30:00+00:00,6.56,555.9,327518
2026-02-22 01:31:00+00:00,6.03,560.3,383138
2026-02-22 01:32:00+00:00,5.66,555.0,373162
2026-02-22 01:33:00+00:00,6.93,553.6,395636
2026-02-22 01:34:00+00:00,7.37,557.0,389365
2026-02-22 01:35:00+00:00,6.60,557.8,367372
2026-02-22 01:36:00+00:00,6.13,556.7,369602
2026-02-22 01:37:00+00:00,5.22,546.6,401682
2026-02-22 01:38:00+00:00,5.29,548.0,389790
2026-02-22 01:39:00+00:00,5.42,552.6,368581
2026-02-22 01:40:00+00:00,5.18,555.7,402268
2026-02-22 01:41:00+00:00,4.58,553.9,407989
2026-02-22 01:42:00+00:00,6.70,551.6,370563
2026-02-22 01:43:00+00:00,4.01,563.8,399481
2026-02-22 01:44:00+00:00,3.83,553.0,360889
2026-02-22 01:45:00+00:00,3.60,558.3,392151
2026-02-22 01:46:00+00:00,5.90,560.8,297626
2026-02-22 01:47:00+00:00,6.57,554.6,269065
2026-02-22 01:48:00+00:00,4.71,552.5,369337
2026-02-22 01:49:00+00:00,4.29,548.1,387967
2026-02-22 01:50:00+00:00,4.24,548.3,420497
2026-02-22 01:51:00+00:00,4.07,553.8,499440
2026-02-22 01:52:00+00:00,4.31,553.0,510721
2026-02-22 01:53:00+00:00,4.36,547.8,491357
2026-02-22 01:54:00+00:00,4.73,552.7,494155
2026-02-22 01:55:00+00:00,5.95,562.2,409667
2026-02-22 01:56:00+00:00,4.51,563.7,421560
2026-02-22 01:57:00+00:00,4.35,573.7,324046
2026-02-22 01:58:00+00:00,4.78,574.6,335984
2026-02-22 01:59:00+00:00,4.75,575.4,318576
2026-02-22 02:00:00+00:00,4.37,577.0,317928
2026-02-22 02:01:00+00:00,5.11,575.4,378060
2026-02-22 02:02:00+00:00,5.55,574.7,392350
2026-02-22 02:03:00+00:00,4.94,576.6,332786
2026-02-22 02:04:00+00:00,5.04,576.6,322924
2026-02-22 02:05:00+00:00,5.43,571.6,377333
2026-02-22 02:06:00+00:00,5.91,569.3,408199
2026-02-22 02:07:00+00:00,5.44,569.3,384457
2026-02-22 02:08:00+00:00,5.05,566.6,397506
2026-02-22 02:09:00+00:00,5.59,563.5,451378
2026-02-22 02:10:00+00:00,5.06,563.2,358383
2026-02-22 02:11:00+00:00,5.01,563.5,355280
2026-02-22 02:12:00+00:00,5.00,563.1,353866
2026-02-22 02:13:00+00:00,5.97,555.7,406034
2026-02-22 02:14:00+00:00,5.94,559.2,368499
2026-02-22 02:15:00+00:00,6.54,557.5,347245
2026-02-22 02:16:00+00:00,6.22,556.4,338548
2026-02-22 02:17:00+00:00,6.39,558.7,357095
2026-02-22 02:18:00+00:00,6.21,557.7,356322
2026-02-22 02:19:00+00:00,5.58,558.1,366179
2026-02-22 02:20:00+00:00,5.77,560.1,354471
2026-02-22 02:21:00+00:00,5.99,561.6,349577
2026-02-22 02:22:00+00:00,5.98,559.9,347827
2026-02-22 02:23:00+00:00,5.88,558.6,344240
2026-02-22 02:24:00+00:00,5.81,558.4,341294
2026-02-22 02:25:00+00:00,5.88,559.4,343688
2026-02-22 02:26:00+00:00,5.94,562.5,351846
2026-02-22 02:27:00+00:00,5.73,561.4,347776
2026-02-22 02:28:00+00:00,5.77,563.2,343635
2026-02-22 02:29:00+00:00,6.34,558.4,348046
2026-02-22 02:30:00+00:00,6.03,558.6,318313
2026-02-22 02:31:00+00:00,5.37,560.1,333244
2026-02-22 02:32:00+00:00,5.56,562.1,335756
2026-02-22 02:33:00+00:00,5.59,561.6,341104
2026-02-22 02:34:00+00:00,5.38,560.5,340611
2026-02-22 02:35:00+00:00,5.62,557.2,327968
2026-02-22 02:36:00+00:00,5.58,556.1,329406
2026-02-22 02:37:00+00:00,5.81,555.6,339202
2026-02-22 02:38:00+00:00,5.52,554.8,355982
2026-02-22 02:39:00+00:00,5.42,556.9,347735
2026-02-22 02:40:00+00:00,5.81,558.5,345183
2026-02-22 02:41:00+00:00,5.88,556.1,362668
2026-02-22 02:42:00+00:00,5.80,554.6,350898
2026-02-22 02:43:00+00:00,5.73,561.7,305599
2026-02-22 02:44:00+00:00,5.69,561.7,305369
2026-02-22 02:45:00+00:00,5.50,561.8,304922
2026-02-22 02:46:00+00:00,6.01,562.7,313788
2026-02-22 02:47:00+00:00,5.81,563.8,281534
2026-02-22 02:48:00+00:00,5.69,562.9,280439
2026-02-22 02:49:00+00:00,5.84,558.7,293718
2026-02-22 02:50:00+00:00,5.08,560.3,298954
2026-02-22 02:51:00+00:00,5.95,563.6,318202
2026-02-22 02:52:00+00:00,6.27,563.6,320105
2026-02-22 02:53:00+00:00,6.42,562.0,322961
2026-02-22 02:54:00+00:00,6.20,560.9,331970
2026-02-22 02:55:00+00:00,5.98,560.7,332726
2026-02-22 02:56:00+00:00,6.24,557.5,324358
2026-02-22 02:57:00+00:00,6.40,554.2,317949
2026-02-22 02:58:00+00:00,6.20,556.1,302384
2026-02-22 02:59:00+00:00,6.32,552.9,269846
2026-02-22 03:00:00+00:00,6.26,552.1,279691
2026-02-22 03:01:00+00:00,5.93,556.0,284314
2026-02-22 03:02:00+00:00,5.53,556.1,284238
2026-02-22 03:03:00+00:00,5.66,554.5,271768
2026-02-22 03:04:00+00:00,6.27,547.9,260562
2026-02-22 03:05:00+00:00,6.25,544.8,260979
2026-02-22 03:06:00+00:00,5.95,549.2,263925
2026-02-22 03:07:00+00:00,6.09,545.4,263597
2026-02-22 03:08:00+00:00,6.22,546.8,267103
2026-02-22 03:09:00+00:00,5.60,549.2,277151
2026-02-22 03:10:00+00:00,5.43,548.5,268132
2026-02-22 03:11:00+00:00,5.80,548.5,269497
2026-02-22 03:12:00+00:00,5.83,551.1,295970
2026-02-22 03:13:00+00:00,5.53,552.0,303703
2026-02-22 03:14:00+00:00,5.32,551.3,277456
2026-02-22 03:15:00+00:00,5.09,555.8,257781
2026-02-22 03:16:00+00:00,4.74,552.6,269002
2026-02-22 03:17:00+00:00,4.77,552.3,275232
2026-02-22 03:18:00+00:00,5.07,549.2,343236
2026-02-22 03:19:00+00:00,5.19,549.2,311657
2026-02-22 03:20:00+00:00,5.59,549.2,307515
2026-02-22 03:21:00+00:00,5.01,550.4,307475
2026-02-22 03:22:00+00:00,5.52,550.3,333101
2026-02-22 03:23:00+00:00,5.67,550.9,312031
2026-02-22 03:24:00+00:00,5.56,549.6,297562
2026-02-22 03:25:00+00:00,5.54,551.5,290293
2026-02-22 03:26:00+00:00,5.48,555.3,260337
2026-02-22 03:27:00+00:00,5.65,555.2,260060
2026-02-22 03:28:00+00:00,5.73,554.3,285840
2026-02-22 03:29:00+00:00,5.62,554.9,283893
2026-02-22 03:30:00+00:00,5.90,552.3,275739
2026-02-22 03:31:00+00:00,5.97,551.0,279318
2026-02-22 03:32:00+00:00,6.23,551.8,276370
2026-02-22 03:33:00+00:00,5.70,552.3,279699
2026-02-22 03:34:00+00:00,5.85,549.2,283271
2026-02-22 03:35:00+00:00,6.60,547.8,283853
2026-02-22 03:36:00+00:00,6.04,545.1,304891
2026-02-22 03:37:00+00:00,6.05,541.5,330050
2026-02-22 03:38:00+00:00,5.84,542.8,317374
2026-02-22 03:39:00+00:00,5.98,542.9,306900
2026-02-22 03:40:00+00:00,5.29,553.0,283461
2026-02-22 03:41:00+00:00,5.09,557.5,259424
2026-02-22 03:42:00+00:00,5.59,556.0,286439
2026-02-22 03:43:00+00:00,6.23,551.6,316872
2026-02-22 03:44:00+00:00,6.25,548.2,320661
2026-02-22 03:45:00+00:00,5.71,548.5,319595
2026-02-22 03:46:00+00:00,5.73,547.7,320735
2026-02-22 03:47:00+00:00,6.14,545.7,348640
2026-02-22 03:48:00+00:00,5.61,547.9,358479
2026-02-22 03:49:00+00:00,5.55,553.3,287059
2026-02-22 03:50:00+00:00,5.55,553.2,287321
2026-02-22 03:51:00+00:00,5.25,551.7,302781
2026-02-22 03:52:00+00:00,5.44,550.3,358867
2026-02-22 03:53:00+00:00,5.39,549.3,329769
2026-02-22 03:54:00+00:00,4.94,548.7,350371
2026-02-22 03:55:00+00:00,5.16,547.0,359838
2026-02-22 03:56:00+00:00,5.90,548.8,311526
2026-02-22 03:57:00+00:00,6.04,553.7,296177
2026-02-22 03:58:00+00:00,5.40,553.4,308785
2026-02-22 04:00:00+00:00,6.27,542.5,350459
2026-02-22 04:01:00+00:00,6.22,542.3,346284
2026-02-22 04:02:00+00:00,5.80,542.5,349326
2026-02-22 04:03:00+00:00,5.08,544.8,361369
2026-02-22 04:04:00+00:00,5.36,548.5,302710
2026-02-22 04:05:00+00:00,5.81,548.1,284808
2026-02-22 04:06:00+00:00,5.51,535.8,303287
2026-02-22 04:07:00+00:00,3.97,528.8,224065
2026-02-22 04:08:00+00:00,5.49,536.1,223393
2026-02-22 04:09:00+00:00,4.35,530.7,253310
2026-02-22 04:10:00+00:00,5.21,532.6,253688
2026-02-22 04:11:00+00:00,4.81,535.9,255254
2026-02-22 04:12:00+00:00,4.64,537.1,254529
2026-02-22 04:13:00+00:00,4.52,537.3,261604
2026-02-22 04:14:00+00:00,4.62,536.5,267152
2026-02-22 04:15:00+00:00,4.61,534.2,273526
2026-02-22 04:16:00+00:00,4.42,533.0,271480
2026-02-22 04:17:00+00:00,4.37,534.1,265165
2026-02-22 04:18:00+00:00,4.31,534.5,276916
2026-02-22 04:19:00+00:00,4.60,535.7,277486
2026-02-22 04:20:00+00:00,5.59,543.6,263929
2026-02-22 04:21:00+00:00,5.87,542.1,282690
2026-02-22 04:22:00+00:00,5.59,,
2026-02-22 04:23:00+00:00,5.59,546.3,261828
2026-02-22 04:24:00+00:00,5.83,545.3,279561
2026-02-22 04:25:00+00:00,5.59,547.0,269074
2026-02-22 04:26:00+00:00,5.47,544.5,250091
2026-02-22 04:27:00+00:00,4.73,554.3,324862
2026-02-22 04:28:00+00:00,5.42,551.8,314365
2026-02-22 04:29:00+00:00,5.82,549.7,268446
2026-02-22 04:30:00+00:00,5.30,550.5,242725
2026-02-22 04:31:00+00:00,4.04,559.8,322366
2026-02-22 04:32:00+00:00,3.04,567.9,404920
2026-02-22 04:33:00+00:00,2.98,564.3,399408
2026-02-22 04:34:00+00:00,3.15,560.9,418526
2026-02-22 04:35:00+00:00,3.28,559.8,436421
2026-02-22 04:36:00+00:00,3.36,559.5,449793
2026-02-22 04:37:00+00:00,3.38,557.7,422515
2026-02-22 04:38:00+00:00,2.68,562.2,464015
2026-02-22 04:39:00+00:00,2.80,554.7,376555
2026-02-22 04:40:00+00:00,2.82,554.0,423189
2026-02-22 04:41:00+00:00,2.91,551.5,410338
2026-02-22 04:42:00+00:00,2.95,548.5,351357
2026-02-22 04:43:00+00:00,3.03,554.8,444053
2026-02-22 04:44:00+00:00,2.88,561.1,387157
2026-02-22 04:45:00+00:00,2.89,566.5,357302
2026-02-22 04:46:00+00:00,3.09,566.5,383017
2026-02-22 04:47:00+00:00,3.17,575.1,512243
2026-02-22 04:48:00+00:00,3.03,574.7,525764
2026-02-22 04:49:00+00:00,2.85,559.7,377968
2026-02-22 04:50:00+00:00,2.84,560.1,405328
2026-02-22 04:51:00+00:00,3.17,554.6,435144
2026-02-22 04:52:00+00:00,3.37,552.3,386818
2026-02-22 04:53:00+00:00,3.31,552.0,441395
2026-02-22 04:54:00+00:00,3.72,554.9,394010
2026-02-22 04:56:00+00:00,3.24,557.5,433951
2026-02-22 04:57:00+00:00,3.03,552.9,431785
2026-02-22 04:58:00+00:00,3.16,551.2,406538
2026-02-22 04:59:00+00:00,2.98,548.4,368613
2026-02-22 05:00:00+00:00,3.00,548.2,400400
2026-02-22 05:01:00+00:00,3.19,551.6,403851
2026-02-22 05:02:00+00:00,3.11,559.0,459758
2026-02-22 05:03:00+00:00,3.04,559.5,456919
2026-02-22 05:04:00+00:00,3.15,552.5,386619
2026-02-22 05:05:00+00:00,3.18,553.5,405665
2026-02-22 05:06:00+00:00,3.36,559.1,450141
2026-02-22 05:07:00+00:00,4.00,549.6,441507
2026-02-22 05:08:00+00:00,3.85,549.9,539611
2026-02-22 05:09:00+00:00,3.70,548.8,462927
2026-02-22 05:10:00+00:00,3.66,549.2,480006
2026-02-22 05:11:00+00:00,3.67,543.3,450850
2026-02-22 05:12:00+00:00,4.21,543.1,407213
2026-02-22 05:13:00+00:00,3.35,539.7,322163
2026-02-22 05:14:00+00:00,3.83,552.0,432169
2026-02-22 05:15:00+00:00,3.85,558.0,496486
2026-02-22 05:16:00+00:00,3.49,556.4,406770
2026-02-22 05:17:00+00:00,3.63,539.0,377641
2026-02-22 05:18:00+00:00,3.96,544.3,475430
2026-02-22 05:19:00+00:00,3.67,552.5,475592
2026-02-22 05:20:00+00:00,3.39,546.2,428082
2026-02-22 05:21:00+00:00,3.64,543.5,467297
2026-02-22 05:22:00+00:00,3.64,543.5,465668
2026-02-22 05:23:00+00:00,3.30,542.7,451728
2026-02-22 05:24:00+00:00,3.08,536.0,416674
2026-02-22 05:25:00+00:00,3.35,540.6,410223
2026-02-22 05:26:00+00:00,3.63,536.5,394196
2026-02-22 05:27:00+00:00,3.48,533.3,396621
2026-02-22 05:28:00+00:00,3.48,,
2026-02-22 05:29:00+00:00,3.85,521.6,403828
2026-02-22 05:30:00+00:00,3.85,524.9,392860
2026-02-22 05:31:00+00:00,3.70,526.4,410624
2026-02-22 05:32:00+00:00,3.63,526.8,396153
2026-02-22 05:33:00+00:00,3.60,525.1,380151
2026-02-22 05:34:00+00:00,3.65,526.9,434052
2026-02-22 05:35:00+00:00,3.19,536.1,454828
2026-02-22 05:36:00+00:00,3.06,535.6,427281
2026-02-22 05:37:00+00:00,3.53,524.1,413593
2026-02-22 05:38:00+00:00,3.45,523.0,394368
2026-02-22 05:39:00+00:00,3.83,524.4,414440
2026-02-22 05:40:00+00:00,3.76,529.7,412617
2026-02-22 05:41:00+00:00,3.62,527.1,409276
2026-02-22 05:42:00+00:00,3.40,531.2,380478
2026-02-22 05:43:00+00:00,2.78,543.4,396399
2026-02-22 05:44:00+00:00,3.18,532.2,413301
2026-02-22 05:45:00+00:00,3.44,525.6,434423
2026-02-22 05:46:00+00:00,3.48,527.7,460331
2026-02-22 05:47:00+00:00,3.51,530.5,441023
2026-02-22 05:48:00+00:00,3.68,532.5,438520
2026-02-22 05:49:00+00:00,3.84,531.6,449584
2026-02-22 05:50:00+00:00,3.81,528.8,462136
2026-02-22 05:51:00+00:00,3.72,528.3,414010
2026-02-22 05:52:00+00:00,3.65,532.1,396963
2026-02-22 05:53:00+00:00,3.54,535.9,445614
2026-02-22 05:54:00+00:00,3.46,535.2,415440
2026-02-22 05:55:00+00:00,3.46,532.2,373223
2026-02-22 05:56:00+00:00,3.51,528.8,357204
2026-02-22 05:57:00+00:00,3.67,531.3,381777
2026-02-22 05:58:00+00:00,4.08,531.9,385746
2026-02-22 05:59:00+00:00,3.49,529.4,406845
2026-02-22 06:00:00+00:00,3.97,539.3,408268
2026-02-22 06:01:00+00:00,4.00,539.8,408342
2026-02-22 06:02:00+00:00,3.88,542.0,388328
2026-02-22 06:03:00+00:00,3.67,540.1,372283
2026-02-22 06:04:00+00:00,3.71,536.8,374211
2026-02-22 06:05:00+00:00,3.90,533.6,393140
2026-02-22 06:06:00+00:00,3.81,533.5,395307
2026-02-22 06:07:00+00:00,3.74,536.6,418083
2026-02-22 06:08:00+00:00,3.68,534.9,478058
2026-02-22 06:09:00+00:00,3.54,531.9,518564
2026-02-22 06:10:00+00:00,3.61,538.8,542038
2026-02-22 06:11:00+00:00,3.44,544.2,603231
2026-02-22 06:12:00+00:00,3.24,544.0,596483
2026-02-22 06:13:00+00:00,3.41,544.2,540442
2026-02-22 06:14:00+00:00,3.21,534.1,558718
2026-02-22 06:15:00+00:00,2.81,536.2,545097
2026-02-22 06:16:00+00:00,3.31,545.0,538900
2026-02-22 06:17:00+00:00,3.72,541.8,526140
2026-02-22 06:18:00+00:00,3.17,538.8,588998
2026-02-22 06:19:00+00:00,3.45,542.7,499639
2026-02-22 06:20:00+00:00,3.47,545.2,501438
2026-02-22 06:21:00+00:00,3.60,547.3,540109
2026-02-22 06:22:00+00:00,3.45,544.8,522682
2026-02-22 06:23:00+00:00,3.36,540.6,496886
2026-02-22 06:24:00+00:00,3.29,537.6,523634
2026-02-22 06:25:00+00:00,3.12,530.4,522736
2026-02-22 06:26:00+00:00,3.36,522.4,486937
2026-02-22 06:27:00+00:00,3.26,523.2,542079
2026-02-22 06:28:00+00:00,3.04,513.7,411402
2026-02-22 06:29:00+00:00,3.32,518.9,450433
2026-02-22 06:30:00+00:00,3.24,528.2,548228
2026-02-22 06:31:00+00:00,3.42,523.6,512110
2026-02-22 06:32:00+00:00,1.58,467.5,118083
2026-02-22 06:33:00+00:00,3.15,519.1,459416
2026-02-22 06:34:00+00:00,3.37,526.3,507236
2026-02-22 06:35:00+00:00,3.59,523.1,482906
2026-02-22 06:36:00+00:00,3.38,522.2,486843
2026-02-22 06:37:00+00:00,2.50,497.4,257192
2026-02-22 06:38:00+00:00,2.59,502.7,257726
2026-02-22 06:39:00+00:00,3.11,519.4,369643
2026-02-22 06:40:00+00:00,3.18,521.9,351331
2026-02-22 06:41:00+00:00,3.30,525.7,352257
2026-02-22 06:42:00+00:00,3.41,526.0,389147
2026-02-22 06:43:00+00:00,3.31,526.4,409145
2026-02-22 06:44:00+00:00,3.16,530.9,445668
2026-02-22 06:45:00+00:00,3.12,521.8,462353
2026-02-22 06:46:00+00:00,1.52,467.9,78692
2026-02-22 06:47:00+00:00,3.63,523.8,513746
2026-02-22 06:48:00+00:00,2.39,479.5,118787
2026-02-22 06:49:00+00:00,3.18,515.2,507739
2026-02-22 06:50:00+00:00,3.73,520.3,511822
2026-02-22 06:51:00+00:00,3.56,518.8,534177
2026-02-22 06:52:00+00:00,3.25,504.6,344888
2026-02-22 06:53:00+00:00,3.43,516.9,406037
2026-02-22 06:54:00+00:00,3.49,531.7,466903
2026-02-22 06:55:00+00:00,3.49,535.1,445034
2026-02-22 06:56:00+00:00,3.60,535.8,462369
2026-02-22 06:57:00+00:00,3.53,536.0,477137
2026-02-22 06:58:00+00:00,3.34,534.0,461866
2026-02-22 06:59:00+00:00,3.33,527.3,434957
2026-02-22 07:00:00+00:00,3.42,528.7,487382
2026-02-22 07:01:00+00:00,3.54,528.1,494804
2026-02-22 07:02:00+00:00,3.71,530.5,480208
2026-02-22 07:03:00+00:00,3.74,526.5,457608
2026-02-22 07:04:00+00:00,3.54,522.8,532314
2026-02-22 07:05:00+00:00,3.63,521.8,584426
2026-02-22 07:06:00+00:00,3.73,526.4,527780
2026-02-22 07:07:00+00:00,3.75,527.4,513635
2026-02-22 07:08:00+00:00,3.04,532.8,479365
2026-02-22 07:09:00+00:00,3.06,531.1,473355
2026-02-22 07:10:00+00:00,3.18,530.0,466931
2026-02-22 07:11:00+00:00,3.34,528.3,465615
2026-02-22 07:12:00+00:00,3.42,524.2,466442
2026-02-22 07:13:00+00:00,3.21,517.0,428110
2026-02-22 07:14:00+00:00,3.01,514.2,381818
2026-02-22 07:15:00+00:00,3.60,530.0,461176
2026-02-22 07:16:00+00:00,3.67,537.9,497653
2026-02-22 07:17:00+00:00,3.26,512.6,358750
2026-02-22 07:18:00+00:00,3.38,528.3,422474
2026-02-22 07:19:00+00:00,3.73,524.1,414336
2026-02-22 07:20:00+00:00,3.79,541.8,431389
2026-02-22 07:21:00+00:00,3.42,524.1,451294
2026-02-22 07:22:00+00:00,3.48,535.1,489735
2026-02-22 07:23:00+00:00,3.48,527.0,421803
2026-02-22 07:24:00+00:00,3.53,526.6,416674
2026-02-22 07:25:00+00:00,3.57,499.3,364422
2026-02-22 07:26:00+00:00,3.71,522.1,445764
2026-02-22 07:27:00+00:00,3.65,540.9,525258
2026-02-22 07:28:00+00:00,3.49,522.7,491181
2026-02-22 07:29:00+00:00,3.48,526.8,492292
2026-02-22 07:30:00+00:00,3.36,542.5,513291
2026-02-22 07:31:00+00:00,3.27,547.9,439970
2026-02-22 07:32:00+00:00,3.56,551.3,333828
2026-02-22 07:33:00+00:00,3.39,534.0,275845
2026-02-22 07:34:00+00:00,3.29,551.6,297549
2026-02-22 07:35:00+00:00,3.47,556.4,280882
2026-02-22 07:36:00+00:00,3.44,562.6,302439
2026-02-22 07:37:00+00:00,3.23,537.9,279540
2026-02-22 07:38:00+00:00,3.39,570.4,449033
2026-02-22 07:39:00+00:00,3.47,555.0,426762
2026-02-22 07:40:00+00:00,3.48,547.2,406418
2026-02-22 07:41:00+00:00,4.39,570.2,686065
2026-02-22 07:42:00+00:00,3.44,542.5,494847
2026-02-22 07:43:00+00:00,2.80,527.6,402863
2026-02-22 07:44:00+00:00,4.32,510.8,383688
2026-02-22 07:45:00+00:00,5.13,504.9,370967
2026-02-22 07:46:00+00:00,3.07,558.0,550909
2026-02-22 07:47:00+00:00,3.26,551.8,488736
2026-02-22 07:48:00+00:00,3.65,537.3,498365
2026-02-22 07:49:00+00:00,3.64,543.3,498405
2026-02-22 07:50:00+00:00,3.10,554.1,401111
2026-02-22 07:51:00+00:00,2.93,542.9,489126
2026-02-22 07:52:00+00:00,2.74,505.4,367238
2026-02-22 07:53:00+00:00,2.91,566.3,425126
2026-02-22 07:54:00+00:00,2.71,558.9,400192
2026-02-22 07:55:00+00:00,3.00,542.8,388268
2026-02-22 07:56:00+00:00,3.02,503.1,299933
2026-02-22 07:57:00+00:00,3.03,530.6,335008
2026-02-22 07:58:00+00:00,3.26,558.6,419255
2026-02-22 07:59:00+00:00,3.39,547.3,407979
2026-02-22 08:00:00+00:00,3.35,542.8,387430
2026-02-22 08:01:00+00:00,3.19,554.6,415780
2026-02-22 08:02:00+00:00,3.01,554.7,423319
2026-02-22 08:03:00+00:00,3.18,550.3,448534
2026-02-22 08:04:00+00:00,3.37,544.0,387467
2026-02-22 08:05:00+00:00,3.40,558.8,450353
2026-02-22 08:06:00+00:00,3.77,551.3,430721
2026-02-22 08:07:00+00:00,3.65,539.5,399888
2026-02-22 08:08:00+00:00,3.68,545.6,398187
2026-02-22 08:09:00+00:00,3.58,559.9,424927
2026-02-22 08:10:00+00:00,3.48,528.2,319924
2026-02-22 08:11:00+00:00,3.35,536.7,345082
2026-02-22 08:12:00+00:00,3.37,554.4,389006
2026-02-22 08:13:00+00:00,3.40,560.1,401711
2026-02-22 08:14:00+00:00,4.02,600.5,585755
2026-02-22 08:15:00+00:00,3.73,579.8,463748
2026-02-22 08:16:00+00:00,3.27,568.4,302944
2026-02-22 08:17:00+00:00,4.31,577.3,278028
2026-02-22 08:18:00+00:00,5.38,561.2,313361
2026-02-22 08:19:00+00:00,2.39,560.0,336437
2026-02-22 08:20:00+00:00,2.65,599.1,393944
2026-02-22 08:21:00+00:00,2.57,609.5,390166
2026-02-22 08:22:00+00:00,2.39,621.3,474229
2026-02-22 08:23:00+00:00,3.41,609.8,338345
2026-02-22 08:24:00+00:00,3.49,615.6,342208
2026-02-22 08:25:00+00:00,3.81,632.8,301008
2026-02-22 08:26:00+00:00,3.64,593.3,242466
2026-02-22 08:27:00+00:00,3.95,600.1,244585
2026-02-22 08:28:00+00:00,4.21,619.5,265118
2026-02-22 08:29:00+00:00,4.10,631.1,272759
2026-02-22 08:30:00+00:00,3.73,584.3,217225
2026-02-22 08:31:00+00:00,3.61,572.7,202424
2026-02-22 08:32:00+00:00,3.80,612.9,241738
2026-02-22 08:33:00+00:00,3.79,619.1,248841
2026-02-22 08:34:00+00:00,3.53,602.4,241029
2026-02-22 08:35:00+00:00,3.37,594.6,233776
2026-02-22 08:36:00+00:00,3.16,614.4,247683
2026-02-22 08:37:00+00:00,3.21,618.3,247920
2026-02-22 08:38:00+00:00,2.85,595.5,230341
2026-02-22 08:39:00+00:00,3.89,612.8,271479
2026-02-22 08:40:00+00:00,3.63,618.1,189034
2026-02-22 08:41:00+00:00,3.80,636.7,201193
2026-02-22 08:42:00+00:00,3.47,591.8,176275
2026-02-22 08:43:00+00:00,3.25,604.0,234379
2026-02-22 08:44:00+00:00,3.25,627.5,278078
2026-02-22 08:45:00+00:00,3.03,610.2,241843
2026-02-22 08:46:00+00:00,2.87,594.9,212893
2026-02-22 08:47:00+00:00,3.86,621.4,201147
2026-02-22 08:48:00+00:00,3.81,618.9,194702
2026-02-22 08:49:00+00:00,3.56,608.0,187835
2026-02-22 08:50:00+00:00,2.36,574.5,149003
2026-02-22 08:51:00+00:00,0.95,546.9,86266
2026-02-22 08:52:00+00:00,4.08,628.4,253278
2026-02-22 08:53:00+00:00,3.97,630.7,262059
2026-02-22 08:54:00+00:00,2.97,575.6,228161
2026-02-22 08:55:00+00:00,2.97,627.1,250500
2026-02-22 08:56:00+00:00,3.14,646.4,275676
2026-02-22 08:57:00+00:00,3.30,609.8,204688
2026-02-22 08:58:00+00:00,3.78,633.2,267943
2026-02-22 08:59:00+00:00,3.54,623.5,230701
2026-02-22 09:00:00+00:00,3.53,621.2,227998
2026-02-22 09:01:00+00:00,3.26,582.1,179918
2026-02-22 09:02:00+00:00,3.43,609.6,217087
2026-02-22 09:03:00+00:00,3.51,638.2,265742
2026-02-22 09:04:00+00:00,3.27,619.1,248556
2026-02-22 09:05:00+00:00,3.24,618.8,306053
2026-02-22 09:06:00+00:00,3.31,638.1,454428
2026-02-22 09:07:00+00:00,3.63,659.8,481207
2026-02-22 09:08:00+00:00,3.40,638.1,355231
2026-02-22 09:09:00+00:00,3.66,632.5,356342
2026-02-22 09:10:00+00:00,6.46,650.1,516901
2026-02-22 09:11:00+00:00,2.80,682.8,481059
2026-02-22 09:12:00+00:00,2.58,645.3,399058
2026-02-22 09:13:00+00:00,3.00,626.2,345270
2026-02-22 09:14:00+00:00,3.10,657.6,398615
2026-02-22 09:15:00+00:00,2.98,644.8,349044
2026-02-22 09:16:00+00:00,3.19,640.1,490798
2026-02-22 09:17:00+00:00,2.76,697.8,588353
2026-02-22 09:18:00+00:00,1.32,628.6,306959
2026-02-22 09:19:00+00:00,0.42,543.1,65471
2026-02-22 09:20:00+00:00,2.42,565.8,176745
2026-02-22 09:21:00+00:00,2.95,598.6,249546
2026-02-22 09:22:00+00:00,3.84,656.3,372635
2026-02-22 09:23:00+00:00,3.70,645.1,320315
2026-02-22 09:24:00+00:00,4.00,629.5,237109
2026-02-22 09:25:00+00:00,3.82,615.4,215263
2026-02-22 09:26:00+00:00,4.12,651.0,274798
2026-02-22 09:27:00+00:00,3.73,630.0,252777
2026-02-22 09:28:00+00:00,3.57,637.9,263630
2026-02-22 09:29:00+00:00,3.61,659.7,292505
2026-02-22 09:30:00+00:00,6.58,642.2,289286
2026-02-22 09:31:00+00:00,4.27,644.5,292235
2026-02-22 09:32:00+00:00,3.00,604.1,205719
2026-02-22 09:33:00+00:00,5.18,622.0,340100
2026-02-22 09:34:00+00:00,4.83,656.8,398171
2026-02-22 09:35:00+00:00,3.02,661.4,335627
2026-02-22 09:36:00+00:00,2.64,658.1,304907
2026-02-22 09:37:00+00:00,4.39,647.2,265051
2026-02-22 09:38:00+00:00,6.47,629.7,238923
2026-02-22 09:39:00+00:00,3.38,647.5,302503
2026-02-22 09:40:00+00:00,3.48,647.0,296707
2026-02-22 09:41:00+00:00,3.87,661.4,327674
2026-02-22 09:42:00+00:00,6.84,626.8,376013
2026-02-22 09:43:00+00:00,3.36,656.8,315551
2026-02-22 09:44:00+00:00,2.39,621.1,246146
2026-02-22 09:45:00+00:00,3.98,652.4,294384
2026-02-22 09:46:00+00:00,3.56,651.4,321219
2026-02-22 09:47:00+00:00,3.63,632.0,289960
2026-02-22 09:48:00+00:00,6.29,625.4,280676
2026-02-22 09:49:00+00:00,4.72,634.0,288658
2026-02-22 09:50:00+00:00,1.38,589.9,154715
2026-02-22 09:51:00+00:00,1.62,599.8,170895
2026-02-22 09:52:00+00:00,3.29,653.7,309016
2026-02-22 09:53:00+00:00,3.36,651.9,249105
2026-02-22 09:54:00+00:00,3.51,649.4,251866
2026-02-22 09:55:00+00:00,3.99,643.0,265241
2026-02-22 09:56:00+00:00,4.30,641.4,286952
2026-02-22 09:57:00+00:00,4.16,637.3,284505
2026-02-22 09:58:00+00:00,3.60,646.3,342239
2026-02-22 09:59:00+00:00,2.79,578.0,211269
2026-02-22 10:00:00+00:00,3.45,626.6,256236
2026-02-22 10:01:00+00:00,3.60,645.1,301923
2026-02-22 10:02:00+00:00,3.55,623.5,253586
2026-02-22 10:03:00+00:00,3.90,629.8,217786
2026-02-22 10:04:00+00:00,3.87,648.4,293871
2026-02-22 10:05:00+00:00,3.68,629.8,266012
2026-02-22 10:06:00+00:00,3.69,621.0,273094
2026-02-22 10:07:00+00:00,3.85,637.2,337999
2026-02-22 10:08:00+00:00,3.65,634.7,339116
2026-02-22 10:09:00+00:00,3.36,612.9,288782
2026-02-22 10:10:00+00:00,3.70,615.3,270679
2026-02-22 10:11:00+00:00,4.45,636.1,326082
2026-02-22 10:12:00+00:00,5.59,649.3,439239
2026-02-22 10:13:00+00:00,4.03,675.7,375324
2026-02-22 10:14:00+00:00,3.65,684.1,336522
2026-02-22 10:15:00+00:00,3.19,640.7,370935
2026-02-22 10:16:00+00:00,2.77,614.5,285776
2026-02-22 10:17:00+00:00,2.77,596.4,234107
2026-02-22 10:18:00+00:00,3.44,640.4,343955
2026-02-22 10:19:00+00:00,3.69,667.6,393136
2026-02-22 10:20:00+00:00,2.65,681.2,443681
2026-02-22 10:21:00+00:00,2.58,713.2,455837
2026-02-22 10:22:00+00:00,3.16,713.0,401639
2026-02-22 10:23:00+00:00,1.87,635.3,214801
2026-02-22 10:24:00+00:00,0.92,588.9,128153
2026-02-22 10:25:00+00:00,1.90,618.3,225956
2026-02-22 10:26:00+00:00,2.75,623.2,401786
2026-02-22 10:27:00+00:00,2.75,624.6,405857
2026-02-22 10:28:00+00:00,2.77,623.1,399248
2026-02-22 10:29:00+00:00,2.80,587.1,281952
2026-02-22 10:30:00+00:00,2.51,596.4,321253
2026-02-22 10:31:00+00:00,3.54,621.3,323842
2026-02-22 10:32:00+00:00,3.79,654.7,418841
2026-02-22 10:33:00+00:00,3.29,623.4,338661
2026-02-22 10:34:00+00:00,3.18,593.0,282699
2026-02-22 10:35:00+00:00,2.98,612.1,348278
2026-02-22 10:36:00+00:00,2.98,635.8,413473
2026-02-22 10:37:00+00:00,3.15,615.0,317323
2026-02-22 10:38:00+00:00,3.17,612.1,296873
2026-02-22 10:39:00+00:00,3.28,639.3,382646
2026-02-22 10:40:00+00:00,2.82,634.3,356643
2026-02-22 10:41:00+00:00,2.56,605.3,249757
2026-02-22 10:42:00+00:00,3.67,609.1,277420
2026-02-22 10:43:00+00:00,3.57,610.6,348977
2026-02-22 10:44:00+00:00,3.17,611.4,297417
2026-02-22 10:45:00+00:00,2.11,679.3,384118
2026-02-22 10:46:00+00:00,2.44,594.2,286632
2026-02-22 10:47:00+00:00,3.06,688.6,372668
2026-02-22 10:48:00+00:00,3.11,694.9,386222
2026-02-22 10:49:00+00:00,2.01,718.6,464871
2026-02-22 10:50:00+00:00,0.42,551.7,131390
2026-02-22 10:51:00+00:00,0.94,657.1,238442
2026-02-22 10:52:00+00:00,1.69,710.1,479871
2026-02-22 10:53:00+00:00,2.11,674.2,318590
2026-02-22 10:54:00+00:00,2.83,675.0,274109
2026-02-22 10:55:00+00:00,3.25,684.3,342127
2026-02-22 10:56:00+00:00,2.72,659.8,269710
2026-02-22 10:57:00+00:00,2.47,671.4,275601
2026-02-22 10:58:00+00:00,3.22,726.7,419114
2026-02-22 10:59:00+00:00,0.54,579.0,58904
2026-02-22 11:00:00+00:00,0.99,586.4,84774
2026-02-22 11:01:00+00:00,3.57,631.0,242090
2026-02-22 11:02:00+00:00,4.00,657.6,359735
2026-02-22 11:03:00+00:00,2.54,625.8,344295
2026-02-22 11:04:00+00:00,2.72,627.7,385687
2026-02-22 11:05:00+00:00,2.86,593.3,311761
2026-02-22 11:06:00+00:00,2.79,619.0,391258
2026-02-22 11:07:00+00:00,2.94,615.2,374847
2026-02-22 11:08:00+00:00,2.90,589.1,305576
2026-02-22 11:09:00+00:00,3.19,606.5,293744
2026-02-22 11:10:00+00:00,3.50,622.9,292607
2026-02-22 11:11:00+00:00,3.71,631.4,320687
2026-02-22 11:12:00+00:00,3.64,608.5,289958
2026-02-22 11:13:00+00:00,3.97,593.0,316496
2026-02-22 11:14:00+00:00,4.54,642.5,493901
2026-02-22 11:15:00+00:00,3.13,625.3,359841
2026-02-22 11:16:00+00:00,3.20,620.3,337015
2026-02-22 11:17:00+00:00,3.33,586.6,224151
2026-02-22 11:18:00+00:00,4.71,697.3,451247
2026-02-22 11:19:00+00:00,3.03,672.1,412385
2026-02-22 11:20:00+00:00,2.82,610.7,298747
2026-02-22 11:21:00+00:00,4.47,691.1,426147
2026-02-22 11:22:00+00:00,3.76,720.6,386736
2026-02-22 11:23:00+00:00,3.03,678.3,342211
2026-02-22 11:24:00+00:00,2.73,694.8,279624
2026-02-22 11:25:00+00:00,3.60,729.8,304506
2026-02-22 11:26:00+00:00,3.73,727.3,305310
2026-02-22 11:27:00+00:00,2.90,688.1,246526
2026-02-22 11:28:00+00:00,2.63,696.1,282236
2026-02-22 11:29:00+00:00,2.80,727.7,406726
2026-02-22 11:30:00+00:00,2.14,682.3,418703
2026-02-22 11:31:00+00:00,1.24,661.5,341781
2026-02-22 11:32:00+00:00,1.19,666.4,278853
2026-02-22 11:33:00+00:00,1.23,666.4,275147
2026-02-22 11:34:00+00:00,1.73,667.1,235467
2026-02-22 11:35:00+00:00,2.52,713.0,299465
2026-02-22 11:36:00+00:00,2.59,733.9,371558
2026-02-22 11:37:00+00:00,2.18,673.8,303928
2026-02-22 11:38:00+00:00,1.86,718.6,322746
2026-02-22 11:39:00+00:00,2.36,710.8,345024
2026-02-22 11:40:00+00:00,2.50,687.1,319277
2026-02-22 11:41:00+00:00,2.13,697.2,328801
2026-02-22 11:42:00+00:00,0.95,631.2,186589
2026-02-22 11:43:00+00:00,1.36,619.0,163117
2026-02-22 11:44:00+00:00,2.79,678.5,340686
2026-02-22 11:45:00+00:00,2.77,662.3,351962
2026-02-22 11:46:00+00:00,2.30,621.2,233324
2026-02-22 11:47:00+00:00,2.28,632.6,347572
2026-02-22 11:48:00+00:00,2.47,648.5,455886
2026-02-22 11:49:00+00:00,2.07,611.7,294112
2026-02-22 11:50:00+00:00,2.05,624.0,325621
2026-02-22 11:51:00+00:00,0.79,595.8,250719
2026-02-22 11:52:00+00:00,1.11,626.4,239868
2026-02-22 11:53:00+00:00,1.60,606.6,257033
2026-02-22 11:54:00+00:00,1.48,627.0,518456
2026-02-22 11:55:00+00:00,2.18,614.3,345194
2026-02-22 11:56:00+00:00,4.62,614.4,289892
2026-02-22 11:57:00+00:00,4.17,622.9,292904
2026-02-22 11:58:00+00:00,3.15,623.4,270430
2026-02-22 11:59:00+00:00,3.11,629.0,271777
2026-02-22 12:00:00+00:00,3.18,647.2,309364
2026-02-22 12:01:00+00:00,3.07,651.8,313911
2026-02-22 12:02:00+00:00,2.87,640.0,284512
2026-02-22 12:03:00+00:00,3.02,660.0,338126
2026-02-22 12:04:00+00:00,3.08,688.6,394036
2026-02-22 12:05:00+00:00,3.24,649.3,324560
2026-02-22 12:06:00+00:00,3.25,649.2,323005
2026-02-22 12:07:00+00:00,3.68,639.2,231264
2026-02-22 12:08:00+00:00,7.93,642.2,314982
2026-02-22 12:09:00+00:00,4.02,647.0,387356
2026-02-22 12:10:00+00:00,2.59,583.9,204805
2026-02-22 12:11:00+00:00,3.07,600.5,229054
2026-02-22 12:12:00+00:00,3.35,615.3,259842
2026-02-22 12:13:00+00:00,3.60,655.9,286376
2026-02-22 12:14:00+00:00,4.13,677.3,316941
2026-02-22 12:15:00+00:00,3.44,669.2,285852
2026-02-22 12:16:00+00:00,2.40,656.6,259430
2026-02-22 12:17:00+00:00,3.06,640.8,312330
2026-02-22 12:18:00+00:00,3.13,641.4,323286
2026-02-22 12:19:00+00:00,0.93,671.0,250843
2026-02-22 12:20:00+00:00,2.94,643.2,281461
2026-02-22 12:21:00+00:00,5.98,598.5,271082
2026-02-22 12:22:00+00:00,2.59,588.5,217730
2026-02-22 12:23:00+00:00,3.27,631.8,295627
2026-02-22 12:24:00+00:00,3.31,655.2,322536
2026-02-22 12:25:00+00:00,2.87,641.3,287260
2026-02-22 12:26:00+00:00,3.46,634.2,262050
2026-02-22 12:27:00+00:00,3.66,631.4,292310
2026-02-22 12:28:00+00:00,3.63,626.5,299303
2026-02-22 12:29:00+00:00,2.57,610.0,351146
2026-02-22 12:30:00+00:00,2.11,595.8,251961
2026-02-22 12:31:00+00:00,2.82,602.3,208544
2026-02-22 12:32:00+00:00,3.36,611.6,270293
2026-02-22 12:33:00+00:00,3.29,608.8,256784
2026-02-22 12:34:00+00:00,2.36,581.5,186832
2026-02-22 12:35:00+00:00,0.73,540.8,79797
2026-02-22 12:36:00+00:00,2.89,618.6,235669
2026-02-22 12:37:00+00:00,2.68,592.6,202771
2026-02-22 12:38:00+00:00,1.10,,
2026-02-22 12:39:00+00:00,1.10,578.9,49915
2026-02-22 12:40:00+00:00,3.12,616.3,188443
2026-02-22 12:41:00+00:00,3.38,578.2,152864
2026-02-22 12:42:00+00:00,4.45,665.2,335724
2026-02-22 12:43:00+00:00,3.84,623.4,237909
2026-02-22 12:44:00+00:00,3.32,594.6,169315
2026-02-22 12:45:00+00:00,3.01,580.2,146781
2026-02-22 12:46:00+00:00,1.33,547.0,81247
2026-02-22 12:47:00+00:00,1.83,571.1,116295
2026-02-22 12:48:00+00:00,3.41,608.7,179599
2026-02-22 12:49:00+00:00,3.42,612.3,183496
2026-02-22 12:50:00+00:00,5.15,631.5,229490
2026-02-22 12:51:00+00:00,7.13,619.3,221857
2026-02-22 12:52:00+00:00,3.04,613.1,203269
2026-02-22 12:53:00+00:00,3.47,627.7,260699
2026-02-22 12:54:00+00:00,2.38,633.7,254852
2026-02-22 12:55:00+00:00,3.16,644.2,286233
2026-02-22 12:56:00+00:00,3.38,636.6,277878
2026-02-22 12:57:00+00:00,3.40,598.5,159930
2026-02-22 12:58:00+00:00,3.93,625.7,211629
2026-02-22 12:59:00+00:00,7.12,624.9,198053
2026-02-22 13:00:00+00:00,4.19,598.4,178889
2026-02-22 13:01:00+00:00,2.90,627.9,233629
2026-02-22 13:02:00+00:00,3.08,657.8,292007
2026-02-22 13:03:00+00:00,3.18,656.7,307425
2026-02-22 13:04:00+00:00,2.87,620.1,237900
2026-02-22 13:05:00+00:00,2.34,605.5,226439
2026-02-22 13:06:00+00:00,2.57,633.7,324503
2026-02-22 13:07:00+00:00,3.13,604.2,256963
2026-02-22 13:08:00+00:00,3.50,625.0,285244
2026-02-22 13:09:00+00:00,3.67,629.8,293225
2026-02-22 13:10:00+00:00,3.09,612.2,375304
2026-02-22 13:12:00+00:00,3.53,607.8,295450
2026-02-22 13:13:00+00:00,2.43,609.6,361793
2026-02-22 13:14:00+00:00,2.42,620.8,458142
2026-02-22 13:15:00+00:00,2.92,633.3,361067
2026-02-22 13:16:00+00:00,3.28,633.9,348344
2026-02-22 13:17:00+00:00,3.44,614.3,289048
2026-02-22 13:18:00+00:00,3.63,614.1,282470
2026-02-22 13:19:00+00:00,3.59,597.8,260104
2026-02-22 13:20:00+00:00,3.56,607.0,284313
2026-02-22 13:21:00+00:00,3.68,639.8,361854
2026-02-22 13:22:00+00:00,3.63,620.0,330009
2026-02-22 13:23:00+00:00,3.32,610.1,322130
2026-02-22 13:24:00+00:00,2.33,599.1,329582
2026-02-22 13:25:00+00:00,2.69,676.4,395591
2026-02-22 13:26:00+00:00,3.15,673.5,554034
2026-02-22 13:27:00+00:00,3.69,633.2,278748
2026-02-22 13:28:00+00:00,9.50,667.2,304318
2026-02-22 13:29:00+00:00,4.34,674.4,534896
2026-02-22 13:30:00+00:00,3.37,675.0,625030
2026-02-22 13:31:00+00:00,2.91,640.6,408449
2026-02-22 13:32:00+00:00,2.53,632.0,300492
2026-02-22 13:33:00+00:00,2.17,624.6,190465
2026-02-22 13:34:00+00:00,2.66,615.9,287124
2026-02-22 13:35:00+00:00,3.38,630.7,328404
2026-02-22 13:36:00+00:00,2.96,666.3,317696
2026-02-22 13:37:00+00:00,2.18,687.6,383571
2026-02-22 13:38:00+00:00,2.53,663.1,320649
2026-02-22 13:39:00+00:00,4.27,619.6,240726
2026-02-22 13:40:00+00:00,7.73,634.6,254366
2026-02-22 13:41:00+00:00,3.99,619.4,334319
2026-02-22 13:42:00+00:00,6.08,577.3,173283
2026-02-22 13:43:00+00:00,2.26,557.7,167358
2026-02-22 13:44:00+00:00,2.26,,
2026-02-22 13:45:00+00:00,3.43,691.7,391596
2026-02-22 13:46:00+00:00,0.92,621.8,346863
2026-02-22 13:47:00+00:00,0.51,637.6,472173
2026-02-22 13:48:00+00:00,0.53,641.4,508474
2026-02-22 13:49:00+00:00,0.43,622.9,451650
2026-02-22 13:50:00+00:00,0.55,613.3,337966
2026-02-22 13:51:00+00:00,0.38,570.3,161956
2026-02-22 13:52:00+00:00,0.32,590.0,176189
2026-02-22 13:53:00+00:00,0.66,650.9,330297
2026-02-22 13:54:00+00:00,0.80,615.1,310490
2026-02-22 13:55:00+00:00,1.32,613.5,305715
2026-02-22 13:56:00+00:00,2.22,604.8,290763
2026-02-22 13:57:00+00:00,2.05,597.6,374397
2026-02-22 13:58:00+00:00,6.92,605.8,325383
2026-02-22 13:59:00+00:00,3.51,659.4,289498
2026-02-22 14:00:00+00:00,7.68,630.0,270205
2026-02-22 14:01:00+00:00,3.42,619.5,249286
2026-02-22 14:02:00+00:00,2.79,603.8,247753
2026-02-22 14:03:00+00:00,2.79,661.6,280750
2026-02-22 14:04:00+00:00,1.18,577.0,112749
2026-02-22 14:05:00+00:00,1.81,580.6,303430
2026-02-22 14:06:00+00:00,1.23,565.6,219038
2026-02-22 14:07:00+00:00,1.44,587.8,148599
2026-02-22 14:08:00+00:00,4.32,642.7,246735
2026-02-22 14:09:00+00:00,5.82,637.6,200873
2026-02-22 14:10:00+00:00,4.03,627.3,167365
2026-02-22 14:11:00+00:00,1.91,635.8,218253
2026-02-22 14:12:00+00:00,0.48,671.0,274525
2026-02-22 14:13:00+00:00,0.45,650.3,247568
2026-02-22 14:14:00+00:00,0.34,654.6,263605
2026-02-22 14:15:00+00:00,1.54,650.3,464221
2026-02-22 14:16:00+00:00,2.76,609.7,208955
2026-02-22 14:17:00+00:00,2.80,608.3,200153
2026-02-22 14:18:00+00:00,3.98,715.9,492139
2026-02-22 14:19:00+00:00,3.78,662.1,305350
2026-02-22 14:20:00+00:00,4.03,668.5,320732
2026-02-22 14:21:00+00:00,3.04,636.0,234242
2026-02-22 14:22:00+00:00,2.83,621.3,155943
2026-02-22 14:23:00+00:00,1.90,642.7,177704
2026-02-22 14:24:00+00:00,0.44,608.2,135186
2026-02-22 14:25:00+00:00,1.26,574.2,160355
2026-02-22 14:26:00+00:00,2.98,619.9,311177
2026-02-22 14:27:00+00:00,2.73,614.3,220397
2026-02-22 14:28:00+00:00,3.00,623.3,317132
2026-02-22 14:29:00+00:00,2.36,585.4,161325
2026-02-22 14:30:00+00:00,2.44,619.6,180718
2026-02-22 14:31:00+00:00,3.07,619.0,219410
2026-02-22 14:32:00+00:00,3.05,606.0,185197
2026-02-22 14:33:00+00:00,3.12,575.1,142870
2026-02-22 14:34:00+00:00,3.29,621.2,206595
2026-02-22 14:35:00+00:00,3.05,604.2,164423
2026-02-22 14:36:00+00:00,3.10,612.3,175503
2026-02-22 14:37:00+00:00,3.26,597.5,166448
2026-02-22 14:38:00+00:00,3.15,590.4,159027
2026-02-22 14:39:00+00:00,3.21,613.2,211560
2026-02-22 14:40:00+00:00,2.95,605.6,212650
2026-02-22 14:41:00+00:00,2.72,590.9,195265
2026-02-22 14:42:00+00:00,3.23,615.4,243271
2026-02-22 14:43:00+00:00,3.04,595.2,178999
2026-02-22 14:44:00+00:00,3.19,596.4,196289
2026-02-22 14:45:00+00:00,3.18,587.2,192522
2026-02-22 14:46:00+00:00,3.18,612.6,194800
2026-02-22 14:47:00+00:00,3.25,611.7,274578
2026-02-22 14:48:00+00:00,3.33,592.2,184051
2026-02-22 14:49:00+00:00,3.42,606.1,196898
2026-02-22 14:50:00+00:00,3.43,607.7,198672
2026-02-22 14:52:00+00:00,2.97,562.7,138913
2026-02-22 14:53:00+00:00,3.22,605.1,192350
2026-02-22 14:54:00+00:00,3.93,636.7,265951
2026-02-22 14:55:00+00:00,3.82,621.1,228149
2026-02-22 14:56:00+00:00,3.24,606.2,174170
2026-02-22 14:57:00+00:00,3.31,607.0,173326
2026-02-22 14:58:00+00:00,3.44,592.3,138008
2026-02-22 14:59:00+00:00,3.09,583.8,141144
2026-02-22 15:00:00+00:00,2.90,582.9,138456
2026-02-22 15:01:00+00:00,3.13,617.0,195228
2026-02-22 15:02:00+00:00,2.90,600.8,154728
2026-02-22 15:03:00+00:00,3.17,595.3,139240
2026-02-22 15:04:00+00:00,1.65,599.4,154228
2026-02-22 15:05:00+00:00,0.23,525.0,38957
2026-02-22 15:06:00+00:00,2.46,591.5,158648
2026-02-22 15:07:00+00:00,3.14,605.9,167633
2026-02-22 15:08:00+00:00,2.93,594.9,139905
2026-02-22 15:09:00+00:00,2.98,604.6,164445
2026-02-22 15:10:00+00:00,2.91,597.0,161054
2026-02-22 15:11:00+00:00,2.76,582.3,126827
2026-02-22 15:12:00+00:00,2.74,597.4,132166
2026-02-22 15:13:00+00:00,2.91,620.3,173828
2026-02-22 15:14:00+00:00,3.11,617.6,191908
2026-02-22 15:15:00+00:00,2.86,608.9,177921
2026-02-22 15:16:00+00:00,2.86,601.3,169159
2026-02-22 15:17:00+00:00,2.99,604.1,175361
2026-02-22 15:18:00+00:00,2.56,590.1,114829
2026-02-22 15:19:00+00:00,2.09,639.3,152769
2026-02-22 15:20:00+00:00,4.70,664.8,371203
2026-02-22 15:21:00+00:00,3.71,642.1,356460
2026-02-22 15:22:00+00:00,2.39,594.6,155937
2026-02-22 15:23:00+00:00,2.15,585.7,116327
2026-02-22 15:24:00+00:00,3.49,619.9,216886
2026-02-22 15:25:00+00:00,2.80,574.3,133927
2026-02-22 15:26:00+00:00,2.68,593.8,148079
2026-02-22 15:27:00+00:00,2.85,616.1,155701
2026-02-22 15:28:00+00:00,2.84,611.8,143320
2026-02-22 15:29:00+00:00,3.01,616.9,169812
2026-02-22 15:30:00+00:00,3.00,599.4,145018
2026-02-22 15:31:00+00:00,2.59,586.9,128686
2026-02-22 15:32:00+00:00,2.78,599.9,136317
2026-02-22 15:33:00+00:00,2.67,599.3,133880
2026-02-22 15:34:00+00:00,3.14,618.1,224491
2026-02-22 15:35:00+00:00,2.38,558.5,113217
2026-02-22 15:36:00+00:00,1.12,632.4,276353
2026-02-22 15:37:00+00:00,1.03,620.9,259181
2026-02-22 15:38:00+00:00,2.34,590.6,178955
2026-02-22 15:39:00+00:00,3.19,614.7,241186
2026-02-22 15:40:00+00:00,2.75,592.5,168499
2026-02-22 15:41:00+00:00,2.44,587.2,163193
2026-02-22 15:42:00+00:00,2.42,579.5,154357
2026-02-22 15:43:00+00:00,2.79,583.3,142621
2026-02-22 15:44:00+00:00,3.15,593.6,147421
2026-02-22 15:45:00+00:00,3.30,598.0,155622
2026-02-22 15:46:00+00:00,4.79,598.4,160800
2026-02-22 15:47:00+00:00,6.44,578.9,139101
2026-02-22 15:48:00+00:00,2.66,622.4,244008
2026-02-22 15:49:00+00:00,3.08,615.2,233156
2026-02-22 15:50:00+00:00,7.06,564.8,106766
2026-02-22 15:51:00+00:00,2.58,627.4,219187
2026-02-22 15:52:00+00:00,2.66,609.2,232419
2026-02-22 15:53:00+00:00,3.10,619.8,273915
2026-02-22 15:54:00+00:00,1.53,571.3,123717
2026-02-22 15:55:00+00:00,2.02,637.0,297296
2026-02-22 15:56:00+00:00,2.27,660.0,359544
2026-02-22 15:57:00+00:00,2.18,590.7,135938
2026-02-22 15:58:00+00:00,2.64,619.4,251696
2026-02-22 16:00:00+00:00,2.32,633.0,238303
2026-02-22 16:01:00+00:00,2.15,610.0,198559
2026-02-22 16:02:00+00:00,1.31,554.1,98702
2026-02-22 16:03:00+00:00,1.68,540.7,83446
2026-02-22 16:04:00+00:00,6.19,620.8,279594
2026-02-22 16:05:00+00:00,2.42,615.0,304974
2026-02-22 16:06:00+00:00,2.24,588.5,221373
2026-02-22 16:07:00+00:00,2.93,604.7,326800
2026-02-22 16:08:00+00:00,3.21,619.1,376893
2026-02-22 16:09:00+00:00,1.85,594.3,398095
2026-02-22 16:10:00+00:00,2.19,617.9,399608
2026-02-22 16:11:00+00:00,2.16,614.6,292628
2026-02-22 16:12:00+00:00,1.99,609.4,239777
2026-02-22 16:13:00+00:00,2.35,584.7,209579
2026-02-22 16:14:00+00:00,1.29,592.1,161490
2026-02-22 16:15:00+00:00,0.85,629.6,220642
2026-02-22 16:16:00+00:00,1.32,663.4,273204
2026-02-22 16:17:00+00:00,1.22,685.9,275080
2026-02-22 16:18:00+00:00,1.17,679.5,323694
2026-02-22 16:19:00+00:00,0.92,631.9,225573
2026-02-22 16:20:00+00:00,0.94,618.5,181146
2026-02-22 16:21:00+00:00,1.15,672.9,384939
2026-02-22 16:22:00+00:00,1.39,684.4,430266
2026-02-22 16:23:00+00:00,1.34,629.7,223758
2026-02-22 16:24:00+00:00,1.69,660.6,441714
2026-02-22 16:25:00+00:00,1.55,624.3,389980
2026-02-22 16:26:00+00:00,2.46,674.2,522881
2026-02-22 16:27:00+00:00,1.41,662.3,353277
2026-02-22 16:28:00+00:00,1.15,632.4,192395
2026-02-22 16:29:00+00:00,1.20,622.5,149207
2026-02-22 16:30:00+00:00,1.22,728.4,409396
2026-02-22 16:31:00+00:00,1.07,679.4,309614
2026-02-22 16:32:00+00:00,0.96,638.6,220871
2026-02-22 16:33:00+00:00,1.04,668.6,260424
2026-02-22 16:34:00+00:00,1.09,682.9,271116
2026-02-22 16:35:00+00:00,1.07,637.1,189128
2026-02-22 16:36:00+00:00,0.80,638.3,193136
2026-02-22 16:37:00+00:00,1.12,672.8,311369
2026-02-22 16:38:00+00:00,2.28,620.4,353907
2026-02-22 16:39:00+00:00,2.89,642.6,420898
2026-02-22 16:40:00+00:00,2.75,580.6,262079
2026-02-22 16:41:00+00:00,3.04,643.8,402792
2026-02-22 16:42:00+00:00,2.97,638.6,370876
2026-02-22 16:43:00+00:00,3.12,640.6,445845
2026-02-22 16:44:00+00:00,2.74,592.1,302836
2026-02-22 16:45:00+00:00,26.16,519.3,135391
2026-02-22 16:46:00+00:00,17.37,513.2,58993
2026-02-22 16:47:00+00:00,1.44,576.7,185330
2026-02-22 16:48:00+00:00,2.93,631.2,339778
2026-02-22 16:49:00+00:00,3.30,647.1,356014
2026-02-22 16:50:00+00:00,2.88,651.2,363594
2026-02-22 16:51:00+00:00,1.72,645.3,378041
2026-02-22 16:52:00+00:00,3.16,620.2,347358
2026-02-22 16:53:00+00:00,3.15,620.5,346463
2026-02-22 16:54:00+00:00,3.03,623.3,339641
2026-02-22 16:55:00+00:00,2.55,631.3,375485
2026-02-22 16:56:00+00:00,2.83,623.0,368973
2026-02-22 16:57:00+00:00,3.38,626.2,319166
2026-02-22 16:58:00+00:00,2.72,630.9,367305
2026-02-22 16:59:00+00:00,2.47,633.4,364398
2026-02-22 17:00:00+00:00,2.41,626.0,330962
2026-02-22 17:03:00+00:00,2.56,629.3,364131
2026-02-22 17:04:00+00:00,2.68,626.4,375171
2026-02-22 17:05:00+00:00,2.84,622.6,377767
2026-02-22 17:06:00+00:00,2.89,625.4,342184
2026-02-22 17:07:00+00:00,2.99,630.6,310373
2026-02-22 17:08:00+00:00,3.03,625.4,321057
2026-02-22 17:09:00+00:00,2.85,626.6,317072
2026-02-22 17:10:00+00:00,2.79,629.3,317572
2026-02-22 17:11:00+00:00,2.57,632.7,333604
2026-02-22 17:12:00+00:00,3.05,629.6,312667
2026-02-22 17:13:00+00:00,3.01,634.7,307086
2026-02-22 17:14:00+00:00,2.34,641.9,365099
2026-02-22 17:15:00+00:00,2.65,632.9,323750
2026-02-22 17:16:00+00:00,2.93,633.2,299241
2026-02-22 17:17:00+00:00,2.87,634.2,300759
2026-02-22 17:18:00+00:00,2.57,634.7,327738
2026-02-22 17:19:00+00:00,2.49,637.5,345374
2026-02-22 17:20:00+00:00,2.41,643.5,332987
2026-02-22 17:21:00+00:00,1.98,650.9,323457
2026-02-22 17:22:00+00:00,1.78,652.7,326322
2026-02-22 17:23:00+00:00,2.07,648.4,308072
2026-02-22 17:24:00+00:00,2.12,651.5,296945
2026-02-22 17:25:00+00:00,2.38,653.2,275263
2026-02-22 17:26:00+00:00,2.33,650.3,293701
2026-02-22 17:27:00+00:00,2.24,659.1,312581
2026-02-22 17:28:00+00:00,2.45,666.0,263058
2026-02-22 17:29:00+00:00,2.00,660.8,283916
2026-02-22 17:30:00+00:00,2.42,647.2,248821
2026-02-22 17:31:00+00:00,2.79,645.5,251832
2026-02-22 17:32:00+00:00,3.13,643.7,255561
2026-02-22 17:33:00+00:00,3.00,639.8,243126
2026-02-22 17:36:00+00:00,1.83,697.2,298312
2026-02-22 17:37:00+00:00,1.90,697.1,299360
2026-02-22 17:38:00+00:00,1.96,698.1,291510
2026-02-22 17:39:00+00:00,1.80,698.9,268014
2026-02-22 17:40:00+00:00,1.80,693.9,263801
2026-02-22 17:41:00+00:00,1.99,696.3,260469
2026-02-22 17:42:00+00:00,1.96,666.4,279877
2026-02-22 17:43:00+00:00,2.22,689.4,320887
2026-02-22 17:44:00+00:00,2.29,673.0,230011
2026-02-22 17:45:00+00:00,2.15,669.8,222307
2026-02-22 17:46:00+00:00,1.69,658.1,247147
2026-02-22 17:47:00+00:00,2.74,644.0,250615
2026-02-22 17:48:00+00:00,2.96,646.5,255118
2026-02-22 17:49:00+00:00,3.05,654.7,252897
2026-02-22 17:50:00+00:00,2.81,653.9,250629
2026-02-22 17:51:00+00:00,2.76,650.2,257146
2026-02-22 17:52:00+00:00,2.90,651.6,262731
2026-02-22 17:53:00+00:00,2.83,653.8,258182
2026-02-22 17:54:00+00:00,3.03,656.7,252616
2026-02-22 17:55:00+00:00,3.37,663.4,251079
2026-02-22 17:56:00+00:00,3.18,655.0,240728
2026-02-22 17:57:00+00:00,3.05,657.0,243047
2026-02-22 17:58:00+00:00,3.56,671.5,283132
2026-02-22 17:59:00+00:00,3.27,673.6,260821
2026-02-22 18:00:00+00:00,2.95,661.5,213979
2026-02-22 18:01:00+00:00,2.83,648.4,241744
2026-02-22 18:02:00+00:00,3.07,653.5,245477
2026-02-22 18:03:00+00:00,2.82,650.2,247878
2026-02-22 18:04:00+00:00,2.85,638.8,262551
2026-02-22 18:05:00+00:00,2.78,633.4,265819
2026-02-22 18:06:00+00:00,2.83,640.0,261161
2026-02-22 18:07:00+00:00,2.91,645.5,258802
2026-02-22 18:09:00+00:00,3.06,666.8,213783
2026-02-22 18:10:00+00:00,2.94,660.6,230667
2026-02-22 18:11:00+00:00,2.66,647.1,264640
2026-02-22 18:12:00+00:00,2.66,648.1,245643
2026-02-22 18:13:00+00:00,2.43,638.7,238374
2026-02-22 18:14:00+00:00,2.40,640.9,228052
2026-02-22 18:15:00+00:00,3.06,640.7,282118
2026-02-22 18:16:00+00:00,2.97,642.7,230476
2026-02-22 18:17:00+00:00,2.95,645.8,239530
2026-02-22 18:18:00+00:00,3.25,650.3,236205
2026-02-22 18:19:00+00:00,2.96,655.7,229324
2026-02-22 18:20:00+00:00,2.68,639.1,253683
2026-02-22 18:21:00+00:00,2.56,632.3,269974
2026-02-22 18:22:00+00:00,2.63,631.2,269286
2026-02-22 18:23:00+00:00,2.70,631.3,264232
2026-02-22 18:24:00+00:00,2.71,632.4,265767
2026-02-22 18:25:00+00:00,2.80,631.8,265403
2026-02-22 18:26:00+00:00,2.96,633.7,247595
2026-02-22 18:27:00+00:00,3.16,640.1,232123
2026-02-22 18:28:00+00:00,3.18,640.4,246649
2026-02-22 18:29:00+00:00,3.01,632.8,244768
2026-02-22 18:30:00+00:00,3.00,635.4,237822
2026-02-22 18:31:00+00:00,2.78,633.2,251547
2026-02-22 18:32:00+00:00,3.00,628.5,242385
2026-02-22 18:33:00+00:00,2.39,637.4,312973
2026-02-22 18:34:00+00:00,2.40,638.2,296216
2026-02-22 18:35:00+00:00,2.81,636.0,270100
2026-02-22 18:36:00+00:00,2.57,637.3,288054
2026-02-22 18:37:00+00:00,2.32,640.2,266434
2026-02-22 18:38:00+00:00,2.11,638.4,250246
2026-02-22 18:39:00+00:00,2.05,639.7,243563
2026-02-22 18:40:00+00:00,2.12,643.4,235056
2026-02-22 18:42:00+00:00,2.82,631.7,236876
2026-02-22 18:43:00+00:00,2.82,630.3,226473
2026-02-22 18:44:00+00:00,2.74,626.4,206288
2026-02-22 18:45:00+00:00,2.40,629.6,272998
2026-02-22 18:46:00+00:00,2.84,628.5,243594
2026-02-22 18:47:00+00:00,2.59,633.1,244084
2026-02-22 18:48:00+00:00,2.39,640.6,273418
2026-02-22 18:49:00+00:00,2.27,645.3,264264
2026-02-22 18:50:00+00:00,2.68,644.9,245630
2026-02-22 18:51:00+00:00,2.47,640.8,260786
2026-02-22 18:52:00+00:00,2.44,635.6,279500
2026-02-22 18:53:00+00:00,2.79,631.2,250273
2026-02-22 18:54:00+00:00,2.88,629.4,229524
2026-02-22 18:55:00+00:00,2.89,628.0,231397
2026-02-22 18:56:00+00:00,2.71,628.0,256059
2026-02-22 18:57:00+00:00,2.54,628.1,262285
2026-02-22 18:58:00+00:00,2.79,626.8,232436
2026-02-22 18:59:00+00:00,2.71,629.5,250242
2026-02-22 19:00:00+00:00,2.89,627.4,232553
2026-02-22 19:01:00+00:00,2.84,626.4,229461
2026-02-22 19:02:00+00:00,2.75,627.2,233923
2026-02-22 19:03:00+00:00,2.65,626.0,238290
2026-02-22 19:04:00+00:00,2.94,624.2,221741
2026-02-22 19:05:00+00:00,2.84,623.7,222075
2026-02-22 19:06:00+00:00,2.56,624.4,221845
2026-02-22 19:07:00+00:00,2.84,632.6,218453
2026-02-22 19:08:00+00:00,2.97,635.9,225221
2026-02-22 19:09:00+00:00,2.45,629.2,229677
2026-02-22 19:10:00+00:00,2.43,628.8,229917
2026-02-22 19:11:00+00:00,2.47,629.4,239326
2026-02-22 19:12:00+00:00,2.23,629.0,262382
2026-02-22 19:13:00+00:00,2.14,631.2,279816
2026-02-22 19:15:00+00:00,2.96,648.4,247224
2026-02-22 19:16:00+00:00,2.90,649.1,245427
2026-02-22 19:17:00+00:00,2.62,652.0,239425
2026-02-22 19:18:00+00:00,3.00,645.3,265201
2026-02-22 19:19:00+00:00,3.18,649.1,233458
2026-02-22 19:20:00+00:00,2.93,655.6,230022
2026-02-22 19:21:00+00:00,2.63,651.8,224457
2026-02-22 19:22:00+00:00,2.91,650.9,211381
2026-02-22 19:23:00+00:00,2.50,650.3,232909
2026-02-22 19:24:00+00:00,2.68,643.7,238670
2026-02-22 19:25:00+00:00,2.86,643.2,245805
2026-02-22 19:26:00+00:00,2.95,643.1,247592
2026-02-22 19:27:00+00:00,2.87,639.7,249044
2026-02-22 19:28:00+00:00,2.61,636.3,259600
2026-02-22 19:29:00+00:00,2.47,639.7,271694
2026-02-22 19:30:00+00:00,2.63,643.7,270171
2026-02-22 19:31:00+00:00,2.86,633.3,249457
2026-02-22 19:32:00+00:00,2.78,632.8,238830
2026-02-22 19:33:00+00:00,2.38,642.4,271290
2026-02-22 19:34:00+00:00,1.86,648.4,244878
2026-02-22 19:35:00+00:00,2.08,646.0,286363
2026-02-22 19:36:00+00:00,2.06,649.4,277537
2026-02-22 19:37:00+00:00,2.08,647.8,287975
2026-02-22 19:38:00+00:00,1.97,640.8,275327
2026-02-22 19:39:00+00:00,1.95,637.2,244181
2026-02-22 19:40:00+00:00,2.07,645.4,220939
2026-02-22 19:41:00+00:00,2.09,651.9,238170
2026-02-22 19:42:00+00:00,2.50,645.6,244848
2026-02-22 19:43:00+00:00,2.63,638.5,241187
2026-02-22 19:44:00+00:00,2.18,637.6,250434
2026-02-22 19:45:00+00:00,1.98,640.8,267169
2026-02-22 19:46:00+00:00,2.22,646.2,278874
2026-02-22 19:49:00+00:00,2.32,636.9,305405
2026-02-22 19:50:00+00:00,2.30,637.8,304573
2026-02-22 19:51:00+00:00,1.90,663.6,280433
2026-02-22 19:52:00+00:00,2.32,642.4,280735
2026-02-22 19:53:00+00:00,2.19,646.3,319318
2026-02-22 19:54:00+00:00,2.65,656.1,254444
2026-02-22 19:55:00+00:00,2.73,656.7,238436
2026-02-22 19:56:00+00:00,2.71,662.8,280185
2026-02-22 19:57:00+00:00,2.29,666.0,294492
2026-02-22 19:58:00+00:00,2.45,659.2,260536
2026-02-22 19:59:00+00:00,2.43,647.9,262117
2026-02-22 20:00:00+00:00,2.41,643.5,270049
2026-02-22 20:01:00+00:00,2.66,644.3,253840
2026-02-22 20:02:00+00:00,2.33,643.6,276004
2026-02-22 20:03:00+00:00,2.08,645.5,286324
2026-02-22 20:04:00+00:00,2.13,641.8,248637
2026-02-22 20:05:00+00:00,1.83,641.9,261578
2026-02-22 20:06:00+00:00,2.37,635.5,245545
2026-02-22 20:07:00+00:00,2.51,631.5,230661
2026-02-22 20:08:00+00:00,2.56,632.3,244790
2026-02-22 20:09:00+00:00,1.82,636.7,291791
2026-02-22 20:10:00+00:00,1.83,640.5,270922
2026-02-22 20:11:00+00:00,1.91,648.0,311862
2026-02-22 20:12:00+00:00,2.05,649.3,348478
2026-02-22 20:13:00+00:00,2.15,647.6,353416
2026-02-22 20:16:00+00:00,1.74,644.6,250034
2026-02-22 20:17:00+00:00,1.83,637.3,259767
2026-02-22 20:18:00+00:00,1.96,648.2,282659
2026-02-22 20:19:00+00:00,2.11,632.0,262212
2026-02-22 20:20:00+00:00,2.10,620.7,206352
2026-02-22 20:21:00+00:00,3.62,671.2,426862
2026-02-22 20:22:00+00:00,3.61,670.7,423666
2026-02-22 20:23:00+00:00,3.39,653.9,330974
2026-02-22 20:24:00+00:00,1.36,602.9,168882
2026-02-22 20:25:00+00:00,2.64,636.4,249092
2026-02-22 20:26:00+00:00,3.33,649.7,306762
2026-02-22 20:27:00+00:00,2.65,637.6,263614
2026-02-22 20:28:00+00:00,2.26,624.5,221935
2026-02-22 20:29:00+00:00,2.69,645.1,290542
2026-02-22 20:30:00+00:00,2.84,653.6,299032
2026-02-22 20:31:00+00:00,2.33,629.7,211411
2026-02-22 20:32:00+00:00,2.36,632.5,240869
2026-02-22 20:33:00+00:00,2.99,660.8,347597
2026-02-22 20:34:00+00:00,3.08,664.8,338327
2026-02-22 20:35:00+00:00,2.76,663.3,310861
2026-02-22 20:36:00+00:00,2.14,621.1,214095
2026-02-22 20:37:00+00:00,3.45,659.9,401145
2026-02-22 20:38:00+00:00,3.39,649.3,332823
2026-02-22 20:39:00+00:00,1.50,621.1,214276
2026-02-22 20:40:00+00:00,4.98,644.7,243286
2026-02-22 20:41:00+00:00,2.69,629.6,193514
2026-02-22 20:42:00+00:00,2.44,640.5,281931
2026-02-22 20:43:00+00:00,1.51,614.0,193645
2026-02-22 20:44:00+00:00,2.76,650.3,323129
2026-02-22 20:45:00+00:00,13.11,607.6,382564
2026-02-22 20:46:00+00:00,9.57,612.8,315456
2026-02-22 20:47:00+00:00,3.64,662.5,288788
2026-02-22 20:48:00+00:00,4.07,669.5,303830
2026-02-22 20:49:00+00:00,2.58,643.0,266329
2026-02-22 20:50:00+00:00,2.37,618.1,189269
2026-02-22 20:51:00+00:00,3.77,621.4,210878
2026-02-22 20:52:00+00:00,1.63,661.3,422543
2026-02-22 20:53:00+00:00,2.48,636.8,207342
2026-02-22 20:54:00+00:00,5.83,,
2026-02-22 20:55:00+00:00,5.83,658.1,233417
2026-02-22 20:56:00+00:00,2.48,671.3,376313
2026-02-22 20:57:00+00:00,1.98,657.8,256370
2026-02-22 20:58:00+00:00,1.99,662.0,264673
2026-02-22 20:59:00+00:00,2.24,667.1,260983
2026-02-22 21:00:00+00:00,2.60,668.7,325939
2026-02-22 21:01:00+00:00,2.23,657.9,292331
2026-02-22 21:02:00+00:00,1.57,625.0,186900
2026-02-22 21:03:00+00:00,1.67,642.3,205251
2026-02-22 21:04:00+00:00,1.24,642.4,174990
2026-02-22 21:05:00+00:00,0.93,633.6,154366
2026-02-22 21:06:00+00:00,2.32,697.6,343799
2026-02-22 21:07:00+00:00,2.29,686.0,318287
2026-02-22 21:08:00+00:00,1.69,683.6,262046
2026-02-22 21:09:00+00:00,1.57,663.8,224463
2026-02-22 21:10:00+00:00,1.44,637.2,151938
2026-02-22 21:11:00+00:00,1.95,709.9,366236
2026-02-22 21:12:00+00:00,2.03,663.7,189502
2026-02-22 21:13:00+00:00,2.07,673.0,272543
2026-02-22 21:14:00+00:00,1.80,624.2,183963
2026-02-22 21:15:00+00:00,2.11,679.8,284184
2026-02-22 21:16:00+00:00,2.17,700.7,304469
2026-02-22 21:17:00+00:00,1.98,688.6,265222
2026-02-22 21:18:00+00:00,2.11,667.0,273594
2026-02-22 21:19:00+00:00,2.16,662.1,309829
2026-02-22 21:20:00+00:00,2.00,662.9,289594
2026-02-22 21:21:00+00:00,2.00,658.3,252482
2026-02-22 21:22:00+00:00,2.11,668.4,281415
2026-02-22 21:23:00+00:00,2.15,681.8,333067
2026-02-22 21:24:00+00:00,2.10,675.4,386312
2026-02-22 21:25:00+00:00,1.93,659.5,265731
2026-02-22 21:26:00+00:00,1.68,631.1,196798
2026-02-22 21:28:00+00:00,2.60,660.7,340047
2026-02-22 21:29:00+00:00,3.28,682.7,242909
2026-02-22 21:30:00+00:00,3.44,703.7,272949
2026-02-22 21:31:00+00:00,3.56,718.1,369779
2026-02-22 21:32:00+00:00,3.68,714.0,366336
2026-02-22 21:33:00+00:00,2.97,697.8,269935
2026-02-22 21:34:00+00:00,2.78,705.3,349975
2026-02-22 21:35:00+00:00,3.86,702.2,327740
2026-02-22 21:36:00+00:00,3.74,681.1,222715
2026-02-22 21:37:00+00:00,2.38,674.1,247412
2026-02-22 21:38:00+00:00,1.80,653.0,193091
2026-02-22 21:39:00+00:00,1.56,614.7,77936
2026-02-22 21:40:00+00:00,4.43,658.9,174453
2026-02-22 21:41:00+00:00,1.44,608.8,176746
2026-02-22 21:42:00+00:00,3.23,674.4,342052
2026-02-22 21:43:00+00:00,2.51,644.8,229644
2026-02-22 21:44:00+00:00,2.88,648.6,277879
2026-02-22 21:45:00+00:00,2.89,648.7,279542
2026-02-22 21:46:00+00:00,1.98,618.8,198649
2026-02-22 21:47:00+00:00,2.47,661.2,316346
2026-02-22 21:48:00+00:00,2.28,645.7,240971
2026-02-22 21:49:00+00:00,2.10,639.2,243689
2026-02-22 21:50:00+00:00,2.31,650.1,316731
2026-02-22 21:51:00+00:00,2.34,655.6,350998
2026-02-22 21:52:00+00:00,1.66,634.0,261578
2026-02-22 21:53:00+00:00,1.30,619.5,193426
2026-02-22 21:54:00+00:00,1.96,646.8,299171
2026-02-22 21:55:00+00:00,2.04,661.2,342862
2026-02-22 21:56:00+00:00,1.45,664.0,299880
2026-02-22 21:57:00+00:00,0.96,619.9,170270
2026-02-22 21:58:00+00:00,1.62,672.0,531957
2026-02-22 21:59:00+00:00,2.23,635.3,289955
2026-02-22 22:02:00+00:00,2.12,650.8,251957
2026-02-22 22:03:00+00:00,1.92,663.3,347893
2026-02-22 22:04:00+00:00,1.30,626.9,210140
2026-02-22 22:05:00+00:00,1.93,647.8,306409
2026-02-22 22:06:00+00:00,2.61,667.8,347804
2026-02-22 22:07:00+00:00,2.29,653.7,285254
2026-02-22 22:08:00+00:00,2.07,642.9,272395
2026-02-22 22:09:00+00:00,2.56,648.3,270382
2026-02-22 22:10:00+00:00,2.72,651.6,245407
2026-02-22 22:11:00+00:00,2.81,634.5,206607
2026-02-22 22:12:00+00:00,3.86,606.4,153722
2026-02-22 22:13:00+00:00,2.29,666.4,309779
2026-02-22 22:14:00+00:00,2.92,666.2,278982
2026-02-22 22:15:00+00:00,2.61,650.4,207417
2026-02-22 22:16:00+00:00,1.71,601.4,112145
2026-02-22 22:17:00+00:00,5.90,665.9,219555
2026-02-22 22:18:00+00:00,3.02,654.3,342035
2026-02-22 22:19:00+00:00,2.41,652.6,236231
2026-02-22 22:20:00+00:00,2.79,670.3,304299
2026-02-22 22:21:00+00:00,2.92,660.7,285315
2026-02-22 22:22:00+00:00,4.15,649.5,204604
2026-02-22 22:23:00+00:00,3.27,625.4,151870
2026-02-22 22:24:00+00:00,1.78,634.0,236963
2026-02-22 22:25:00+00:00,2.27,667.3,347611
2026-02-22 22:26:00+00:00,2.49,652.6,288427
2026-02-22 22:27:00+00:00,3.32,645.4,233085
2026-02-22 22:28:00+00:00,4.38,628.7,189237
2026-02-22 22:29:00+00:00,2.80,645.3,351506
2026-02-22 22:30:00+00:00,3.48,645.7,281789
2026-02-22 22:31:00+00:00,2.57,633.4,248257
2026-02-22 22:32:00+00:00,5.28,648.6,264113
2026-02-22 22:33:00+00:00,5.37,649.1,264660
2026-02-22 22:34:00+00:00,2.26,637.1,289121
2026-02-22 22:35:00+00:00,1.78,649.7,266095
2026-02-22 22:36:00+00:00,2.33,644.3,230615
2026-02-22 22:37:00+00:00,2.61,638.8,202206
2026-02-22 22:38:00+00:00,2.58,637.2,195753
2026-02-22 22:39:00+00:00,2.68,636.9,201384
2026-02-22 22:40:00+00:00,2.83,637.5,197607
2026-02-22 22:41:00+00:00,2.74,638.6,192895
2026-02-22 22:42:00+00:00,2.54,640.0,202367
2026-02-22 22:43:00+00:00,2.56,639.6,216745
2026-02-22 22:44:00+00:00,2.37,636.3,249854
2026-02-22 22:45:00+00:00,2.74,637.5,232476
2026-02-22 22:46:00+00:00,2.78,639.0,223190
2026-02-22 22:47:00+00:00,2.24,636.1,256641
2026-02-22 22:48:00+00:00,2.77,633.9,214114
2026-02-22 22:49:00+00:00,2.37,629.2,196559
2026-02-22 22:50:00+00:00,2.66,632.0,219690
2026-02-22 22:51:00+00:00,2.30,634.4,224013
2026-02-22 22:52:00+00:00,2.21,634.5,219390
2026-02-22 22:53:00+00:00,2.60,633.9,204674
2026-02-22 22:54:00+00:00,2.71,633.6,209097
2026-02-22 22:55:00+00:00,2.68,632.6,216047
2026-02-22 22:56:00+00:00,2.53,632.2,206088
2026-02-22 22:57:00+00:00,2.45,631.9,196706
2026-02-22 22:58:00+00:00,2.67,631.0,206785
2026-02-22 22:59:00+00:00,2.48,634.2,220278
2026-02-22 23:00:00+00:00,2.79,638.6,199694
2026-02-22 23:01:00+00:00,2.66,640.8,202240
2026-02-22 23:02:00+00:00,2.99,643.6,197545
2026-02-22 23:03:00+00:00,3.07,642.6,201925
2026-02-22 23:04:00+00:00,3.21,644.2,206610
2026-02-22 23:05:00+00:00,2.91,639.9,193033
2026-02-22 23:06:00+00:00,2.87,639.4,191507
2026-02-22 23:07:00+00:00,3.11,638.0,174905
2026-02-22 23:08:00+00:00,2.94,640.9,192585
2026-02-22 23:09:00+00:00,2.91,643.5,187237
2026-02-22 23:10:00+00:00,2.98,641.2,182112
2026-02-22 23:11:00+00:00,3.00,641.2,186802
2026-02-22 23:12:00+00:00,2.84,645.2,188552
2026-02-22 23:13:00+00:00,2.70,646.3,184864
2026-02-22 23:14:00+00:00,2.87,645.2,183223
2026-02-22 23:15:00+00:00,2.90,646.4,193199
2026-02-22 23:16:00+00:00,2.67,644.8,209990
2026-02-22 23:17:00+00:00,2.53,648.4,211056
2026-02-22 23:18:00+00:00,2.47,643.9,195461
2026-02-22 23:19:00+00:00,2.73,648.9,207976
2026-02-22 23:20:00+00:00,2.41,643.0,198866
2026-02-22 23:21:00+00:00,2.09,649.8,219450
2026-02-22 23:22:00+00:00,2.30,652.8,224341
2026-02-22 23:23:00+00:00,2.18,655.1,219297
2026-02-22 23:24:00+00:00,2.59,650.6,209419
2026-02-22 23:25:00+00:00,2.47,646.1,207811
2026-02-22 23:26:00+00:00,2.57,642.7,196821
2026-02-22 23:27:00+00:00,2.56,654.7,202288
2026-02-22 23:28:00+00:00,2.52,665.7,202779
2026-02-22 23:29:00+00:00,2.65,654.2,184134
2026-02-22 23:30:00+00:00,2.57,639.7,184208
2026-02-22 23:31:00+00:00,2.73,638.8,184120
2026-02-22 23:32:00+00:00,2.47,639.2,179046
2026-02-22 23:33:00+00:00,2.21,634.6,161824
2026-02-22 23:34:00+00:00,2.70,631.0,168768
2026-02-22 23:35:00+00:00,2.23,636.0,172437
2026-02-22 23:36:00+00:00,2.48,635.0,168458
2026-02-22 23:37:00+00:00,2.60,637.1,181709
2026-02-22 23:38:00+00:00,2.54,639.4,181906
2026-02-22 23:39:00+00:00,2.52,639.8,181648
2026-02-22 23:40:00+00:00,2.23,626.7,200926
2026-02-22 23:41:00+00:00,2.33,622.3,183624
2026-02-22 23:42:00+00:00,2.50,620.6,167365
2026-02-22 23:43:00+00:00,2.50,620.9,150879
2026-02-22 23:44:00+00:00,2.22,622.4,163902
2026-02-22 23:45:00+00:00,1.97,624.7,181001
2026-02-22 23:46:00+00:00,2.18,626.6,156484
2026-02-22 23:47:00+00:00,2.69,635.2,164384
2026-02-22 23:48:00+00:00,2.69,646.2,175603
2026-02-22 23:49:00+00:00,2.69,647.7,169361
2026-02-22 23:50:00+00:00,2.45,636.5,149813
2026-02-22 23:51:00+00:00,2.22,635.7,179181
2026-02-22 23:52:00+00:00,2.13,638.6,146964
2026-02-22 23:53:00+00:00,2.82,640.7,182480
2026-02-22 23:54:00+00:00,1.96,649.1,168672
2026-02-22 23:55:00+00:00,2.11,642.1,170976
2026-02-22 23:56:00+00:00,2.35,642.4,162694
2026-02-22 23:57:00+00:00,2.08,642.5,172665
2026-02-22 23:58:00+00:00,1.71,637.4,183663
2026-02-22 23:59:00+00:00,2.03,626.4,166206
2026-02-23 00:00:00+00:00,2.53,620.2,142676
2026-02-23 00:01:00+00:00,2.54,622.5,141205
2026-02-23 00:02:00+00:00,2.27,623.5,151469
2026-02-23 00:03:00+00:00,1.82,621.5,162211
2026-02-23 00:04:00+00:00,2.17,617.1,166414
2026-02-23 00:05:00+00:00,2.55,620.0,157362
2026-02-23 00:06:00+00:00,2.31,626.0,166387
2026-02-23 00:07:00+00:00,3.01,633.2,164485
2026-02-23 00:08:00+00:00,2.39,637.9,146576
2026-02-23 00:09:00+00:00,2.64,636.8,161608
2026-02-23 00:10:00+00:00,2.39,631.4,146963
2026-02-23 00:11:00+00:00,2.46,629.9,139085
2026-02-23 00:12:00+00:00,2.50,629.7,137685
2026-02-23 00:13:00+00:00,2.65,622.9,140347
2026-02-23 00:14:00+00:00,2.48,622.8,137543
2026-02-23 00:15:00+00:00,2.51,619.0,134167
2026-02-23 00:16:00+00:00,2.61,614.6,136149
2026-02-23 00:17:00+00:00,2.52,613.4,137454
2026-02-23 00:18:00+00:00,2.51,614.9,136940
2026-02-23 00:19:00+00:00,2.43,621.8,156653
2026-02-23 00:20:00+00:00,2.13,629.6,183552
2026-02-23 00:21:00+00:00,2.24,634.8,166040
2026-02-23 00:22:00+00:00,1.76,640.1,162392
2026-02-23 00:23:00+00:00,2.59,626.5,158374
2026-02-23 00:24:00+00:00,2.60,620.0,157592
2026-02-23 00:25:00+00:00,2.72,616.8,147964
2026-02-23 00:26:00+00:00,2.48,613.0,111348
2026-02-23 00:27:00+00:00,2.55,617.8,143448
2026-02-23 00:28:00+00:00,1.90,635.0,220849
2026-02-23 00:29:00+00:00,1.55,642.4,233582
2026-02-23 00:30:00+00:00,1.65,641.5,190347
2026-02-23 00:31:00+00:00,1.73,646.0,189569
2026-02-23 00:32:00+00:00,1.84,641.7,201796
2026-02-23 00:33:00+00:00,2.18,628.8,170901
2026-02-23 00:34:00+00:00,2.39,628.1,151972
2026-02-23 00:35:00+00:00,1.96,626.6,172614
2026-02-23 00:36:00+00:00,1.70,625.9,201923
2026-02-23 00:37:00+00:00,1.86,624.4,189969
2026-02-23 00:38:00+00:00,1.77,629.7,279797
2026-02-23 00:39:00+00:00,1.72,625.9,262096
2026-02-23 00:40:00+00:00,1.82,631.3,286877
2026-02-23 00:41:00+00:00,1.39,634.3,351876
2026-02-23 00:42:00+00:00,1.79,631.0,305074
2026-02-23 00:43:00+00:00,1.84,630.2,240248
2026-02-23 00:44:00+00:00,1.86,639.7,225143
2026-02-23 00:45:00+00:00,1.86,643.8,225718
2026-02-23 00:46:00+00:00,1.97,642.5,249576
2026-02-23 00:47:00+00:00,1.80,641.5,216981
2026-02-23 00:48:00+00:00,1.41,654.2,232147
2026-02-23 00:49:00+00:00,1.13,673.3,299710
2026-02-23 00:50:00+00:00,1.33,668.3,312900
2026-02-23 00:51:00+00:00,1.67,656.0,314843
2026-02-23 00:52:00+00:00,1.53,667.9,287531
2026-02-23 00:53:00+00:00,1.50,656.6,281929
2026-02-23 00:54:00+00:00,1.50,643.7,241522
2026-02-23 00:55:00+00:00,1.62,648.1,260734
2026-02-23 00:56:00+00:00,1.64,642.4,252377
2026-02-23 00:57:00+00:00,1.39,659.3,254626
2026-02-23 00:58:00+00:00,1.10,661.1,282927
2026-02-23 00:59:00+00:00,1.67,644.1,218340
2026-02-23 01:00:00+00:00,1.56,634.5,175237
2026-02-23 01:01:00+00:00,1.46,638.4,205458
2026-02-23 01:02:00+00:00,1.52,641.1,242738
2026-02-23 01:03:00+00:00,1.58,640.8,248498
2026-02-23 01:04:00+00:00,1.66,644.2,296806
2026-02-23 01:05:00+00:00,1.67,645.9,316839
2026-02-23 01:06:00+00:00,1.67,643.1,253538
2026-02-23 01:07:00+00:00,1.80,647.1,315730
2026-02-23 01:08:00+00:00,1.66,647.7,345420
2026-02-23 01:09:00+00:00,1.79,645.8,349054
2026-02-23 01:10:00+00:00,1.86,640.1,287346
2026-02-23 01:11:00+00:00,1.70,638.4,320863
2026-02-23 01:12:00+00:00,1.52,619.4,97194
2026-02-23 01:13:00+00:00,1.79,636.0,288521
2026-02-23 01:14:00+00:00,2.00,634.9,338440
2026-02-23 01:15:00+00:00,1.69,639.4,410265
2026-02-23 01:16:00+00:00,1.90,643.6,450829
2026-02-23 01:17:00+00:00,2.04,644.0,451448
2026-02-23 01:18:00+00:00,2.05,643.6,446745
2026-02-23 01:19:00+00:00,1.73,642.5,451204
2026-02-23 01:20:00+00:00,1.77,643.5,483163
2026-02-23 01:21:00+00:00,1.87,643.3,491826
2026-02-23 01:22:00+00:00,1.80,632.6,335022
2026-02-23 01:23:00+00:00,1.46,614.2,100368
2026-02-23 01:24:00+00:00,1.50,619.3,162592
2026-02-23 01:25:00+00:00,1.81,646.1,508176
2026-02-23 01:26:00+00:00,2.05,643.9,479573
2026-02-23 01:27:00+00:00,1.90,647.7,497231
2026-02-23 01:28:00+00:00,2.09,646.4,447130
2026-02-23 01:29:00+00:00,2.02,642.3,447267
2026-02-23 01:30:00+00:00,1.99,641.6,430057
2026-02-23 01:31:00+00:00,1.82,644.3,483853
2026-02-23 01:32:00+00:00,1.94,645.3,459998
2026-02-23 01:33:00+00:00,1.94,643.7,449244
2026-02-23 01:34:00+00:00,2.03,642.9,409989
2026-02-23 01:35:00+00:00,2.02,643.4,409564
2026-02-23 01:36:00+00:00,1.83,643.7,438468
2026-02-23 01:37:00+00:00,1.76,641.5,437860
2026-02-23 01:38:00+00:00,1.82,636.9,429637
2026-02-23 01:39:00+00:00,1.85,636.4,402513
2026-02-23 01:40:00+00:00,1.83,641.6,427814
2026-02-23 01:41:00+00:00,1.93,642.4,402120
2026-02-23 01:42:00+00:00,1.80,639.7,426081
2026-02-23 01:43:00+00:00,1.85,634.9,357627
2026-02-23 01:44:00+00:00,2.00,629.0,300260
2026-02-23 01:45:00+00:00,2.15,633.8,293627
2026-02-23 01:46:00+00:00,1.87,633.4,210657
2026-02-23 01:47:00+00:00,2.17,639.0,214868
2026-02-23 01:48:00+00:00,2.30,642.9,276576
2026-02-23 01:49:00+00:00,2.25,640.8,275747
2026-02-23 01:50:00+00:00,1.89,635.9,243383
2026-02-23 01:51:00+00:00,1.64,633.5,229514
2026-02-23 01:52:00+00:00,1.67,646.9,290950
2026-02-23 01:53:00+00:00,1.67,650.4,325192
2026-02-23 01:54:00+00:00,1.79,652.5,389081
2026-02-23 01:55:00+00:00,1.92,646.9,391268
2026-02-23 01:56:00+00:00,1.47,658.6,358626
2026-02-23 01:57:00+00:00,1.40,656.8,342721
2026-02-23 01:58:00+00:00,1.61,645.7,359946
2026-02-23 01:59:00+00:00,1.64,645.7,488464
2026-02-23 02:00:00+00:00,1.46,660.6,399037
2026-02-23 02:01:00+00:00,1.39,658.1,379667
2026-02-23 02:02:00+00:00,1.23,656.5,459365
2026-02-23 02:03:00+00:00,1.33,662.5,452826
2026-02-23 02:04:00+00:00,1.39,660.8,416281
2026-02-23 02:05:00+00:00,1.39,656.8,440065
2026-02-23 02:06:00+00:00,1.42,659.3,441449
2026-02-23 02:07:00+00:00,1.54,657.0,342042
2026-02-23 02:08:00+00:00,1.59,657.9,284642
2026-02-23 02:09:00+00:00,1.49,666.2,322893
2026-02-23 02:10:00+00:00,1.47,664.6,318011
2026-02-23 02:11:00+00:00,1.57,661.5,282125
2026-02-23 02:12:00+00:00,1.46,663.7,252170
2026-02-23 02:13:00+00:00,1.56,663.4,307010
2026-02-23 02:14:00+00:00,1.37,667.2,346440
2026-02-23 02:15:00+00:00,1.52,665.3,423896
2026-02-23 02:16:00+00:00,1.41,657.9,415898
2026-02-23 02:17:00+00:00,1.23,669.9,385605
2026-02-23 02:18:00+00:00,1.42,666.5,415030
2026-02-23 02:19:00+00:00,1.32,681.0,424163
2026-02-23 02:20:00+00:00,1.46,666.7,473722
2026-02-23 02:21:00+00:00,1.45,655.7,493397
2026-02-23 02:22:00+00:00,1.54,646.7,345947
2026-02-23 02:23:00+00:00,1.68,640.1,206600
2026-02-23 02:24:00+00:00,1.71,639.1,179466
2026-02-23 02:25:00+00:00,2.08,649.2,346418
2026-02-23 02:26:00+00:00,1.90,653.2,370531
2026-02-23 02:27:00+00:00,1.60,663.9,415668
2026-02-23 02:28:00+00:00,1.94,671.5,379243
2026-02-23 02:29:00+00:00,1.50,687.7,374885
2026-02-23 02:30:00+00:00,2.00,679.7,330269
2026-02-23 02:31:00+00:00,1.95,685.5,341902
2026-02-23 02:32:00+00:00,1.93,694.6,338462
2026-02-23 02:33:00+00:00,1.88,679.7,334440
2026-02-23 02:34:00+00:00,1.89,674.4,307930
2026-02-23 02:35:00+00:00,1.88,677.8,336250
2026-02-23 02:36:00+00:00,1.90,675.2,342291
2026-02-23 02:37:00+00:00,1.91,677.3,347712
2026-02-23 02:38:00+00:00,1.83,680.8,333246
2026-02-23 02:39:00+00:00,1.78,683.0,332649
2026-02-23 02:40:00+00:00,1.67,685.5,357678
2026-02-23 02:41:00+00:00,1.60,687.9,340732
2026-02-23 02:42:00+00:00,1.80,687.9,282695
2026-02-23 02:43:00+00:00,1.80,687.5,294304
2026-02-23 02:44:00+00:00,1.64,692.9,354680
2026-02-23 02:45:00+00:00,1.79,690.8,343898
2026-02-23 02:46:00+00:00,1.94,684.1,308032
2026-02-23 02:47:00+00:00,1.78,685.6,291470
2026-02-23 02:48:00+00:00,1.46,690.8,363836
2026-02-23 02:49:00+00:00,1.91,685.6,320645
2026-02-23 02:50:00+00:00,1.89,688.5,303758
2026-02-23 02:51:00+00:00,1.87,686.8,309781
2026-02-23 02:52:00+00:00,1.42,689.6,376541
2026-02-23 02:53:00+00:00,1.26,708.7,339773
2026-02-23 02:54:00+00:00,1.31,746.3,301373
2026-02-23 02:55:00+00:00,1.32,767.5,305512
2026-02-23 02:56:00+00:00,1.36,760.8,315025
2026-02-23 02:57:00+00:00,1.44,751.7,320870
2026-02-23 02:58:00+00:00,1.34,684.4,339670
2026-02-23 02:59:00+00:00,1.35,683.5,340324
2026-02-23 03:00:00+00:00,1.43,680.8,329572
2026-02-23 03:01:00+00:00,1.62,681.2,271594
2026-02-23 03:02:00+00:00,1.48,677.9,330537
2026-02-23 03:03:00+00:00,1.39,676.0,340587
2026-02-23 03:04:00+00:00,1.57,678.5,321170
2026-02-23 03:05:00+00:00,1.54,675.4,286207
2026-02-23 03:06:00+00:00,1.79,675.9,296625
2026-02-23 03:07:00+00:00,1.60,679.9,291393
2026-02-23 03:08:00+00:00,1.51,682.6,323193
2026-02-23 03:09:00+00:00,1.59,692.2,343176
2026-02-23 03:10:00+00:00,1.57,701.8,346399
2026-02-23 03:11:00+00:00,1.31,707.3,326568
2026-02-23 03:12:00+00:00,1.22,707.4,312826
2026-02-23 03:13:00+00:00,1.52,693.0,321164
2026-02-23 03:14:00+00:00,1.65,680.2,315243
2026-02-23 03:15:00+00:00,1.39,697.0,302603
2026-02-23 03:16:00+00:00,1.46,698.0,302066
2026-02-23 03:17:00+00:00,1.35,693.3,270725
2026-02-23 03:18:00+00:00,1.55,683.2,316709
2026-02-23 03:19:00+00:00,1.92,673.6,283485
2026-02-23 03:20:00+00:00,1.69,671.3,291429
2026-02-23 03:21:00+00:00,1.57,725.1,277028
2026-02-23 03:22:00+00:00,1.46,740.2,276714
2026-02-23 03:23:00+00:00,1.18,739.5,328210
2026-02-23 03:24:00+00:00,1.21,744.6,290605
2026-02-23 03:25:00+00:00,1.30,742.4,273996
2026-02-23 03:26:00+00:00,1.33,738.0,301017
2026-02-23 03:27:00+00:00,1.33,733.4,320597
2026-02-23 03:28:00+00:00,1.35,726.1,315334
2026-02-23 03:29:00+00:00,1.39,719.5,297397
2026-02-23 03:30:00+00:00,1.36,716.8,282045
2026-02-23 03:31:00+00:00,1.16,718.0,249834
2026-02-23 03:32:00+00:00,1.19,716.1,254343
2026-02-23 03:33:00+00:00,1.33,707.1,277887
2026-02-23 03:34:00+00:00,1.35,708.5,286319
2026-02-23 03:35:00+00:00,1.36,715.4,270881
2026-02-23 03:36:00+00:00,1.17,714.7,231994
2026-02-23 03:37:00+00:00,1.30,695.8,275275
2026-02-23 03:38:00+00:00,1.57,682.4,224802
2026-02-23 03:39:00+00:00,1.47,686.5,273774
2026-02-23 03:40:00+00:00,1.63,672.1,263992
2026-02-23 03:41:00+00:00,1.75,667.7,258797
2026-02-23 03:42:00+00:00,1.57,667.3,267652
2026-02-23 03:43:00+00:00,1.59,665.5,262208
2026-02-23 03:44:00+00:00,1.77,664.1,255809
2026-02-23 03:45:00+00:00,1.64,667.9,261398
2026-02-23 03:46:00+00:00,1.41,677.7,268712
2026-02-23 03:47:00+00:00,1.38,682.6,277220
2026-02-23 03:48:00+00:00,1.26,690.2,274664
2026-02-23 03:49:00+00:00,1.35,694.2,272766
2026-02-23 03:50:00+00:00,1.26,722.3,260076
2026-02-23 03:51:00+00:00,1.39,706.7,247481
2026-02-23 03:52:00+00:00,1.53,667.4,260799
2026-02-23 03:53:00+00:00,1.60,674.5,281780
2026-02-23 03:54:00+00:00,1.29,706.5,281740
2026-02-23 03:55:00+00:00,1.23,709.1,281091
2026-02-23 03:56:00+00:00,1.42,683.0,300581
2026-02-23 03:57:00+00:00,1.53,672.3,299028
2026-02-23 03:58:00+00:00,1.66,671.6,292091
2026-02-23 04:00:00+00:00,1.55,680.3,323065
2026-02-23 04:01:00+00:00,1.65,679.8,312985
2026-02-23 04:02:00+00:00,1.80,678.1,286758
2026-02-23 04:03:00+00:00,1.73,676.1,266185
2026-02-23 04:04:00+00:00,1.41,678.4,278598
2026-02-23 04:05:00+00:00,1.41,678.3,283355
2026-02-23 04:06:00+00:00,1.45,677.9,325793
2026-02-23 04:07:00+00:00,1.30,689.2,314979
2026-02-23 04:08:00+00:00,1.38,712.6,294467
2026-02-23 04:09:00+00:00,1.31,709.8,280634
2026-02-23 04:10:00+00:00,1.24,697.9,327504
2026-02-23 04:11:00+00:00,1.20,704.1,329821
2026-02-23 04:12:00+00:00,1.34,700.1,321907
2026-02-23 04:13:00+00:00,1.34,696.7,306193
2026-02-23 04:14:00+00:00,1.52,679.9,315089
2026-02-23 04:15:00+00:00,1.66,672.7,327963
2026-02-23 04:16:00+00:00,1.57,681.2,316759
2026-02-23 04:17:00+00:00,1.46,693.3,310035
2026-02-23 04:18:00+00:00,1.47,699.9,333853
2026-02-23 04:19:00+00:00,1.55,691.9,341735
2026-02-23 04:20:00+00:00,1.41,713.1,273751
2026-02-23 04:21:00+00:00,1.55,663.1,185015
2026-02-23 04:22:00+00:00,1.81,674.3,269063
2026-02-23 04:23:00+00:00,1.74,670.4,302427
2026-02-23 04:24:00+00:00,1.85,671.3,318475
2026-02-23 04:25:00+00:00,1.81,672.9,285169
2026-02-23 04:26:00+00:00,1.90,671.6,304675
2026-02-23 04:27:00+00:00,1.85,673.6,315799
2026-02-23 04:28:00+00:00,1.74,672.0,319106
2026-02-23 04:29:00+00:00,1.62,675.4,351315
2026-02-23 04:30:00+00:00,1.68,675.2,346053
2026-02-23 04:31:00+00:00,1.67,674.2,330656
2026-02-23 04:32:00+00:00,1.54,675.1,330673
2026-02-23 04:33:00+00:00,1.56,673.5,306997
2026-02-23 04:34:00+00:00,1.73,674.6,275236
2026-02-23 04:35:00+00:00,1.84,680.3,283353
2026-02-23 04:36:00+00:00,1.83,675.6,285301
2026-02-23 04:37:00+00:00,1.82,677.7,309996
2026-02-23 04:38:00+00:00,1.82,677.5,309750
2026-02-23 04:39:00+00:00,1.88,669.8,302612
2026-02-23 04:40:00+00:00,1.83,671.8,299855
2026-02-23 04:41:00+00:00,1.82,668.9,277333
2026-02-23 04:42:00+00:00,2.01,671.0,303880
2026-02-23 04:43:00+00:00,1.90,673.9,320858
2026-02-23 04:44:00+00:00,1.89,676.2,325286
2026-02-23 04:45:00+00:00,1.71,678.6,327705
2026-02-23 04:46:00+00:00,1.77,679.5,314902
2026-02-23 04:47:00+00:00,1.83,680.8,330098
2026-02-23 04:48:00+00:00,1.86,679.9,341057
2026-02-23 04:49:00+00:00,1.97,677.4,325566
2026-02-23 04:50:00+00:00,1.91,679.0,325688
2026-02-23 04:51:00+00:00,1.92,681.2,317125
2026-02-23 04:52:00+00:00,1.83,682.4,329409
2026-02-23 04:53:00+00:00,1.80,678.8,283383
2026-02-23 04:54:00+00:00,1.53,686.0,391566
2026-02-23 04:55:00+00:00,1.60,682.5,388777
2026-02-23 04:56:00+00:00,1.62,686.2,335474
2026-02-23 04:57:00+00:00,1.45,688.2,302713
2026-02-23 04:58:00+00:00,1.62,689.2,344242
2026-02-23 04:59:00+00:00,1.59,681.2,320748
2026-02-23 05:00:00+00:00,1.66,681.1,305318
2026-02-23 05:01:00+00:00,1.82,678.0,295870
2026-02-23 05:02:00+00:00,1.86,678.2,300747
2026-02-23 05:03:00+00:00,1.63,683.0,308986
2026-02-23 05:04:00+00:00,1.64,683.5,304916
2026-02-23 05:05:00+00:00,1.80,680.1,308260
2026-02-23 05:06:00+00:00,1.64,682.0,312144
2026-02-23 05:07:00+00:00,1.81,689.3,278252
2026-02-23 05:08:00+00:00,1.94,690.2,281634
2026-02-23 05:09:00+00:00,1.56,684.3,310954
2026-02-23 05:10:00+00:00,1.50,,
2026-02-23 05:11:00+00:00,1.50,711.7,319185
2026-02-23 05:12:00+00:00,1.66,711.1,285160
2026-02-23 05:13:00+00:00,1.46,709.5,278482
2026-02-23 05:14:00+00:00,1.55,710.2,286306
2026-02-23 05:15:00+00:00,1.65,707.2,292567
2026-02-23 05:16:00+00:00,1.60,706.2,298184
2026-02-23 05:17:00+00:00,1.57,712.1,311204
2026-02-23 05:18:00+00:00,1.46,718.3,294852
2026-02-23 05:19:00+00:00,1.70,712.9,269186
2026-02-23 05:20:00+00:00,2.05,700.8,270350
2026-02-23 05:21:00+00:00,2.03,694.6,277420
2026-02-23 05:22:00+00:00,1.92,694.3,278320
2026-02-23 05:23:00+00:00,1.84,693.6,294501
2026-02-23 05:24:00+00:00,1.77,691.0,279843
2026-02-23 05:25:00+00:00,2.02,679.5,317627
2026-02-23 05:26:00+00:00,2.09,678.5,318350
2026-02-23 05:27:00+00:00,1.89,681.6,336381
2026-02-23 05:28:00+00:00,1.91,677.6,289999
2026-02-23 05:29:00+00:00,1.75,677.8,350250
2026-02-23 05:30:00+00:00,1.78,674.9,331679
2026-02-23 05:31:00+00:00,1.90,674.5,333099
2026-02-23 05:32:00+00:00,1.92,674.9,341670
2026-02-23 05:33:00+00:00,1.87,678.8,344742
2026-02-23 05:34:00+00:00,1.82,682.3,334341
2026-02-23 05:35:00+00:00,1.77,679.2,313528
2026-02-23 05:36:00+00:00,1.82,676.8,307386
2026-02-23 05:37:00+00:00,1.92,678.8,323730
2026-02-23 05:38:00+00:00,1.86,680.7,344218
2026-02-23 05:39:00+00:00,1.79,686.0,349029
2026-02-23 05:40:00+00:00,1.83,684.0,304601
2026-02-23 05:41:00+00:00,1.99,679.2,283128
2026-02-23 05:42:00+00:00,1.53,675.1,322655
2026-02-23 05:44:00+00:00,2.04,687.0,282242
2026-02-23 05:45:00+00:00,1.99,687.0,320764
2026-02-23 05:46:00+00:00,1.94,688.7,316788
2026-02-23 05:47:00+00:00,2.07,685.1,297688
2026-02-23 05:48:00+00:00,1.89,694.3,317953
2026-02-23 05:49:00+00:00,1.73,690.1,293716
2026-02-23 05:50:00+00:00,1.66,681.2,247024
2026-02-23 05:51:00+00:00,1.61,683.8,228753
2026-02-23 05:52:00+00:00,1.59,691.4,239640
2026-02-23 05:53:00+00:00,1.62,692.7,252872
2026-02-23 05:54:00+00:00,1.78,685.9,234082
2026-02-23 05:55:00+00:00,1.99,677.2,200432
2026-02-23 05:56:00+00:00,2.03,682.6,256615
2026-02-23 05:57:00+00:00,2.10,683.9,273327
2026-02-23 05:58:00+00:00,2.13,688.1,246594
2026-02-23 05:59:00+00:00,1.99,677.7,217515
2026-02-23 06:00:00+00:00,1.89,673.5,210122
2026-02-23 06:01:00+00:00,2.07,674.5,219030
2026-02-23 06:02:00+00:00,1.91,673.7,197175
2026-02-23 06:03:00+00:00,1.94,671.3,179165
2026-02-23 06:04:00+00:00,2.00,669.1,203714
2026-02-23 06:05:00+00:00,1.82,673.4,213117
2026-02-23 06:06:00+00:00,1.82,671.4,214247
2026-02-23 06:07:00+00:00,1.91,678.6,213429
2026-02-23 06:08:00+00:00,1.92,688.8,234337
2026-02-23 06:09:00+00:00,1.92,688.6,253874
2026-02-23 06:10:00+00:00,1.95,691.3,234404
2026-02-23 06:11:00+00:00,2.03,697.8,242524
2026-02-23 06:12:00+00:00,2.09,704.1,261012
2026-02-23 06:13:00+00:00,2.11,696.8,244016
2026-02-23 06:14:00+00:00,2.04,689.2,226164
2026-02-23 06:15:00+00:00,2.15,696.9,267214
2026-02-23 06:16:00+00:00,2.15,,
2026-02-23 06:17:00+00:00,1.57,696.4,299956
2026-02-23 06:18:00+00:00,1.54,688.6,263593
2026-02-23 06:19:00+00:00,1.76,684.0,250810
2026-02-23 06:20:00+00:00,1.90,683.4,239200
2026-02-23 06:21:00+00:00,1.84,690.8,259420
2026-02-23 06:22:00+00:00,1.76,701.0,303230
2026-02-23 06:23:00+00:00,1.64,703.0,295558
2026-02-23 06:24:00+00:00,1.77,697.8,257978
2026-02-23 06:25:00+00:00,2.11,695.8,245084
2026-02-23 06:26:00+00:00,2.15,699.3,231697
2026-02-23 06:27:00+00:00,2.11,701.3,227168
2026-02-23 06:28:00+00:00,2.19,700.7,259016
2026-02-23 06:29:00+00:00,2.01,696.9,211086
2026-02-23 06:30:00+00:00,2.05,701.5,254554
2026-02-23 06:31:00+00:00,2.20,692.2,230197
2026-02-23 06:32:00+00:00,2.17,685.9,228866
2026-02-23 06:33:00+00:00,1.89,706.4,274392
2026-02-23 06:34:00+00:00,1.73,706.7,249883
2026-02-23 06:35:00+00:00,1.97,696.3,285639
2026-02-23 06:36:00+00:00,1.89,700.4,249658
2026-02-23 06:37:00+00:00,1.89,707.3,273430
2026-02-23 06:38:00+00:00,1.89,705.5,268094
2026-02-23 06:39:00+00:00,1.75,695.5,254237
2026-02-23 06:40:00+00:00,1.65,687.9,255024
2026-02-23 06:41:00+00:00,1.79,682.2,244572
2026-02-23 06:42:00+00:00,1.96,678.9,249304
2026-02-23 06:43:00+00:00,1.75,690.2,250217
2026-02-23 06:44:00+00:00,1.75,689.7,239066
2026-02-23 06:45:00+00:00,1.95,689.4,243457
2026-02-23 06:46:00+00:00,2.07,688.4,224536
2026-02-23 06:47:00+00:00,1.77,685.6,233789
2026-02-23 06:48:00+00:00,2.06,679.1,229451
2026-02-23 06:49:00+00:00,2.07,678.8,229301
2026-02-23 06:50:00+00:00,2.03,696.7,258011
2026-02-23 06:51:00+00:00,1.93,702.7,270907
2026-02-23 06:52:00+00:00,1.87,692.2,252013
2026-02-23 06:53:00+00:00,1.92,692.9,247099
2026-02-23 06:54:00+00:00,2.00,697.5,255897
2026-02-23 06:55:00+00:00,2.01,692.0,261230
2026-02-23 06:56:00+00:00,2.03,689.3,255960
2026-02-23 06:57:00+00:00,2.07,688.4,229693
2026-02-23 06:58:00+00:00,1.92,677.8,208905
2026-02-23 06:59:00+00:00,1.74,676.7,232653
2026-02-23 07:00:00+00:00,1.97,682.4,234517
2026-02-23 07:01:00+00:00,2.17,695.1,267376
2026-02-23 07:02:00+00:00,1.82,683.7,208383
2026-02-23 07:03:00+00:00,1.54,675.5,244920
2026-02-23 07:04:00+00:00,1.68,677.2,260738
2026-02-23 07:05:00+00:00,1.70,687.3,222484
2026-02-23 07:06:00+00:00,1.93,683.6,220864
2026-02-23 07:07:00+00:00,1.68,683.3,251469
2026-02-23 07:08:00+00:00,1.69,686.1,233967
2026-02-23 07:09:00+00:00,2.13,686.8,248978
2026-02-23 07:10:00+00:00,2.11,695.1,265250
2026-02-23 07:11:00+00:00,1.97,699.9,255016
2026-02-23 07:12:00+00:00,2.05,701.8,254953
2026-02-23 07:13:00+00:00,3.13,710.4,251895
2026-02-23 07:14:00+00:00,4.04,717.0,266288
2026-02-23 07:15:00+00:00,1.69,702.7,316190
2026-02-23 07:16:00+00:00,1.68,669.1,155574
2026-02-23 07:17:00+00:00,4.81,732.3,232938
2026-02-23 07:18:00+00:00,1.65,686.8,243434
2026-02-23 07:19:00+00:00,1.95,690.6,232863
2026-02-23 07:20:00+00:00,1.61,669.2,220268
2026-02-23 07:21:00+00:00,1.59,676.3,179463
2026-02-23 07:22:00+00:00,1.59,677.2,174978
2026-02-23 07:23:00+00:00,1.92,663.2,182028
2026-02-23 07:24:00+00:00,2.03,683.7,211893
2026-02-23 07:25:00+00:00,1.71,695.7,250140
2026-02-23 07:26:00+00:00,1.49,687.9,241756
2026-02-23 07:27:00+00:00,1.51,683.2,230257
2026-02-23 07:28:00+00:00,1.48,692.6,249574
2026-02-23 07:29:00+00:00,1.53,705.8,260749
2026-02-23 07:30:00+00:00,1.79,710.0,251346
2026-02-23 07:31:00+00:00,1.82,700.0,258558
2026-02-23 07:32:00+00:00,1.62,697.7,276671
2026-02-23 07:33:00+00:00,2.05,717.6,285091
2026-02-23 07:34:00+00:00,2.02,716.2,276195
2026-02-23 07:35:00+00:00,1.78,711.1,241381
2026-02-23 07:36:00+00:00,1.76,737.4,229610
2026-02-23 07:37:00+00:00,1.91,755.8,257956
2026-02-23 07:38:00+00:00,2.08,747.4,418697
2026-02-23 07:39:00+00:00,1.81,735.5,336974
2026-02-23 07:40:00+00:00,1.53,720.9,241040
2026-02-23 07:41:00+00:00,2.07,743.0,336747
2026-02-23 07:42:00+00:00,1.93,704.6,245402
2026-02-23 07:43:00+00:00,1.80,693.1,180328
2026-02-23 07:44:00+00:00,3.67,739.3,235854
2026-02-23 07:45:00+00:00,4.25,746.8,310391
2026-02-23 07:46:00+00:00,1.64,709.5,352571
2026-02-23 07:47:00+00:00,1.69,687.2,154664
2026-02-23 07:48:00+00:00,1.64,718.1,259837
2026-02-23 07:49:00+00:00,2.02,719.7,400739
2026-02-23 07:50:00+00:00,3.83,668.0,116044
2026-02-23 07:51:00+00:00,1.79,720.5,506841
2026-02-23 07:52:00+00:00,2.61,715.5,300231
2026-02-23 07:53:00+00:00,2.30,706.6,225001
2026-02-23 07:54:00+00:00,1.40,668.1,120548
2026-02-23 07:55:00+00:00,1.23,660.6,101170
2026-02-23 07:56:00+00:00,5.26,676.5,203430
2026-02-23 07:57:00+00:00,2.96,703.2,246899
2026-02-23 07:58:00+00:00,1.74,718.6,312222
2026-02-23 07:59:00+00:00,1.79,714.0,271905
2026-02-23 08:00:00+00:00,1.82,710.4,215764
2026-02-23 08:01:00+00:00,1.76,692.0,197472
2026-02-23 08:02:00+00:00,1.70,675.6,170391
2026-02-23 08:03:00+00:00,2.21,711.8,251006
2026-02-23 08:04:00+00:00,2.77,700.1,213261
2026-02-23 08:05:00+00:00,4.49,715.5,156534
2026-02-23 08:06:00+00:00,1.06,649.9,115246
2026-02-23 08:07:00+00:00,2.61,721.9,303162
2026-02-23 08:08:00+00:00,4.23,702.0,171985
2026-02-23 08:09:00+00:00,1.98,686.4,208565
2026-02-23 08:10:00+00:00,1.72,684.8,219931
2026-02-23 08:11:00+00:00,2.03,684.2,203700
2026-02-23 08:12:00+00:00,3.79,703.2,159245
2026-02-23 08:13:00+00:00,2.04,664.6,129456
2026-02-23 08:14:00+00:00,1.14,668.8,176533
2026-02-23 08:15:00+00:00,1.81,695.4,213348
2026-02-23 08:16:00+00:00,2.37,702.8,240291
2026-02-23 08:17:00+00:00,2.19,686.1,213782
2026-02-23 08:18:00+00:00,2.63,665.8,116543
2026-02-23 08:19:00+00:00,5.03,704.1,173822
2026-02-23 08:20:00+00:00,1.85,678.3,193379
2026-02-23 08:21:00+00:00,1.49,661.9,152062
2026-02-23 08:22:00+00:00,2.63,689.9,258642
2026-02-23 08:23:00+00:00,3.42,675.3,161379
2026-02-23 08:24:00+00:00,2.43,689.5,294652
2026-02-23 08:25:00+00:00,1.16,642.8,156696
2026-02-23 08:26:00+00:00,1.75,687.8,255623
2026-02-23 08:27:00+00:00,1.75,681.2,261273
2026-02-23 08:28:00+00:00,1.71,676.1,256006
2026-02-23 08:29:00+00:00,1.26,651.5,183386
2026-02-23 08:30:00+00:00,1.54,692.9,354287
2026-02-23 08:31:00+00:00,1.72,699.9,311297
2026-02-23 08:32:00+00:00,2.83,671.8,128893
2026-02-23 08:33:00+00:00,3.44,679.4,203323
2026-02-23 08:34:00+00:00,1.94,691.1,303410
2026-02-23 08:35:00+00:00,1.99,671.5,199680
2026-02-23 08:36:00+00:00,1.97,670.5,216828
2026-02-23 08:37:00+00:00,1.55,644.2,171150
2026-02-23 08:38:00+00:00,2.35,689.2,273303
2026-02-23 08:39:00+00:00,2.21,680.1,241885
2026-02-23 08:40:00+00:00,1.83,652.2,180303
2026-02-23 08:41:00+00:00,2.43,696.4,314126
2026-02-23 08:42:00+00:00,2.39,681.9,265294
2026-02-23 08:43:00+00:00,2.02,672.0,243183
2026-02-23 08:44:00+00:00,1.50,641.8,195979
2026-02-23 08:45:00+00:00,2.02,679.3,275693
2026-02-23 08:46:00+00:00,2.09,699.8,275202
2026-02-23 08:47:00+00:00,1.87,685.9,241799
2026-02-23 08:48:00+00:00,1.60,662.9,213540
2026-02-23 08:49:00+00:00,1.45,666.6,258355
2026-02-23 08:50:00+00:00,2.01,700.6,389228
2026-02-23 08:51:00+00:00,2.14,682.7,296156
2026-02-23 08:52:00+00:00,1.77,684.5,276605
2026-02-23 08:53:00+00:00,2.01,704.0,366914
2026-02-23 08:54:00+00:00,1.86,668.5,200012
2026-02-23 08:55:00+00:00,1.89,680.2,235673
2026-02-23 08:56:00+00:00,2.12,673.3,251962
2026-02-23 08:57:00+00:00,2.29,689.0,299781
2026-02-23 08:58:00+00:00,2.24,689.1,343329
2026-02-23 08:59:00+00:00,2.01,675.9,309497
2026-02-23 09:00:00+00:00,2.23,681.5,348131
2026-02-23 09:01:00+00:00,2.35,685.6,370101
2026-02-23 09:02:00+00:00,1.37,648.1,237515
2026-02-23 09:03:00+00:00,1.66,661.8,258863
2026-02-23 09:04:00+00:00,2.07,688.2,324044
2026-02-23 09:05:00+00:00,2.36,696.8,358584
2026-02-23 09:06:00+00:00,2.31,682.8,320271
2026-02-23 09:07:00+00:00,1.74,681.1,307692
2026-02-23 09:08:00+00:00,2.20,674.6,254591
2026-02-23 09:09:00+00:00,3.62,666.7,245013
2026-02-23 09:10:00+00:00,1.52,719.2,328964
2026-02-23 09:11:00+00:00,1.28,687.9,255066
2026-02-23 09:12:00+00:00,1.41,724.5,411183
2026-02-23 09:13:00+00:00,1.59,672.5,224941
2026-02-23 09:14:00+00:00,2.17,692.1,305623
2026-02-23 09:15:00+00:00,1.71,684.3,271496
2026-02-23 09:16:00+00:00,1.54,687.2,262306
2026-02-23 09:17:00+00:00,1.63,704.9,261687
2026-02-23 09:18:00+00:00,1.49,718.4,274956
2026-02-23 09:19:00+00:00,1.33,710.6,250812
2026-02-23 09:20:00+00:00,1.31,707.5,252042
2026-02-23 09:21:00+00:00,1.38,715.5,281259
2026-02-23 09:22:00+00:00,1.52,701.5,242458
2026-02-23 09:23:00+00:00,1.77,680.0,239094
2026-02-23 09:24:00+00:00,2.27,675.3,258709
2026-02-23 09:25:00+00:00,3.07,681.1,221657
2026-02-23 09:26:00+00:00,1.49,684.4,313750
2026-02-23 09:27:00+00:00,1.24,648.9,232675
2026-02-23 09:28:00+00:00,1.94,670.0,260339
2026-02-23 09:29:00+00:00,2.47,681.9,299454
2026-02-23 09:30:00+00:00,1.62,665.7,230663
2026-02-23 09:31:00+00:00,1.77,667.8,262990
2026-02-23 09:32:00+00:00,1.42,663.9,272144
2026-02-23 09:33:00+00:00,1.83,676.9,299042
2026-02-23 09:34:00+00:00,2.19,685.8,315888
2026-02-23 09:35:00+00:00,1.53,676.5,299295
2026-02-23 09:36:00+00:00,1.59,684.8,333449
2026-02-23 09:37:00+00:00,1.62,691.1,360885
2026-02-23 09:38:00+00:00,2.11,680.4,287133
2026-02-23 09:39:00+00:00,3.14,677.1,189896
2026-02-23 09:40:00+00:00,2.01,686.0,201975
2026-02-23 09:41:00+00:00,2.07,667.6,175892
2026-02-23 09:42:00+00:00,3.44,658.2,201816
2026-02-23 09:43:00+00:00,1.58,729.0,282295
2026-02-23 09:44:00+00:00,1.52,689.9,233152
2026-02-23 09:45:00+00:00,1.34,690.1,197156
2026-02-23 09:46:00+00:00,1.35,657.1,153562
2026-02-23 09:47:00+00:00,1.93,698.5,224431
2026-02-23 09:48:00+00:00,2.07,701.4,234687
2026-02-23 09:49:00+00:00,2.35,718.5,302337
2026-02-23 09:50:00+00:00,2.29,723.1,285306
2026-02-23 09:51:00+00:00,1.69,702.3,234036
2026-02-23 09:52:00+00:00,1.45,698.8,184261
2026-02-23 09:53:00+00:00,1.62,694.4,145387
2026-02-23 09:54:00+00:00,1.48,673.5,226584
2026-02-23 09:55:00+00:00,1.60,701.4,314338
2026-02-23 09:56:00+00:00,1.99,705.1,239834
2026-02-23 09:57:00+00:00,2.10,713.1,277414
2026-02-23 09:58:00+00:00,1.46,658.2,124637
2026-02-23 09:59:00+00:00,2.15,713.8,294347
2026-02-23 10:02:00+00:00,1.89,674.0,190191
2026-02-23 10:03:00+00:00,2.10,673.0,227525
2026-02-23 10:04:00+00:00,2.48,681.9,252590
2026-02-23 10:05:00+00:00,1.63,646.7,183050
2026-02-23 10:06:00+00:00,1.74,669.8,239023
2026-02-23 10:07:00+00:00,2.26,704.8,315213
2026-02-23 10:08:00+00:00,1.71,649.0,194408
2026-02-23 10:09:00+00:00,1.93,671.4,245483
2026-02-23 10:10:00+00:00,2.24,699.0,293980
2026-02-23 10:11:00+00:00,2.10,674.6,205736
2026-02-23 10:12:00+00:00,1.95,671.1,208578
2026-02-23 10:13:00+00:00,1.03,634.4,165546
2026-02-23 10:14:00+00:00,2.25,707.8,304074
2026-02-23 10:15:00+00:00,1.89,675.9,210938
2026-02-23 10:16:00+00:00,1.52,696.9,192331
2026-02-23 10:17:00+00:00,1.50,702.3,194146
2026-02-23 10:18:00+00:00,1.91,712.7,266976
2026-02-23 10:19:00+00:00,1.60,705.8,235366
2026-02-23 10:20:00+00:00,0.98,670.4,129391
2026-02-23 10:21:00+00:00,1.36,700.3,232797
2026-02-23 10:22:00+00:00,1.69,709.0,271355
2026-02-23 10:23:00+00:00,1.77,712.2,259115
2026-02-23 10:24:00+00:00,1.72,714.8,249376
2026-02-23 10:25:00+00:00,2.37,702.6,211756
2026-02-23 10:26:00+00:00,3.24,701.8,215312
2026-02-23 10:27:00+00:00,2.32,684.1,203386
2026-02-23 10:28:00+00:00,3.36,697.3,179843
2026-02-23 10:29:00+00:00,1.00,678.6,198091
2026-02-23 10:30:00+00:00,1.58,722.2,352256
2026-02-23 10:31:00+00:00,1.66,698.5,196984
2026-02-23 10:32:00+00:00,0.93,649.6,93053
2026-02-23 10:33:00+00:00,2.18,716.0,314887
2026-02-23 10:34:00+00:00,1.79,694.4,194881
2026-02-23 10:35:00+00:00,1.88,693.4,211011
2026-02-23 10:36:00+00:00,1.42,658.4,132641
2026-02-23 10:37:00+00:00,1.56,693.0,210575
2026-02-23 10:38:00+00:00,2.16,715.7,317538
2026-02-23 10:39:00+00:00,2.20,696.6,283735
2026-02-23 10:40:00+00:00,1.94,682.5,220117
2026-02-23 10:41:00+00:00,1.81,661.2,181102
2026-02-23 10:42:00+00:00,1.76,665.4,185232
2026-02-23 10:43:00+00:00,2.07,666.8,183007
2026-02-23 10:44:00+00:00,3.06,655.5,190133
2026-02-23 10:45:00+00:00,1.46,732.1,409717
2026-02-23 10:46:00+00:00,1.86,700.9,308740
2026-02-23 10:47:00+00:00,1.32,688.2,228640
2026-02-23 10:48:00+00:00,0.93,659.0,211246
2026-02-23 10:49:00+00:00,2.15,691.8,299400
2026-02-23 10:50:00+00:00,3.01,705.7,228922
2026-02-23 10:51:00+00:00,1.87,696.6,250889
2026-02-23 10:52:00+00:00,1.56,682.9,295456
2026-02-23 10:53:00+00:00,2.66,687.1,209929
2026-02-23 10:54:00+00:00,1.89,681.1,223796
2026-02-23 10:55:00+00:00,1.30,682.8,249409
2026-02-23 10:56:00+00:00,1.90,705.5,275282
2026-02-23 10:57:00+00:00,2.23,717.8,340871
2026-02-23 10:58:00+00:00,2.00,695.5,271126
2026-02-23 10:59:00+00:00,1.18,672.5,171922
2026-02-23 11:00:00+00:00,2.34,710.6,273918
2026-02-23 11:01:00+00:00,3.35,707.6,187053
2026-02-23 11:02:00+00:00,1.47,724.3,436179
2026-02-23 11:03:00+00:00,1.93,692.2,227402
2026-02-23 11:04:00+00:00,2.32,719.8,367040
2026-02-23 11:05:00+00:00,2.14,703.9,256279
2026-02-23 11:06:00+00:00,2.41,705.7,276054
2026-02-23 11:07:00+00:00,1.95,701.1,240346
2026-02-23 11:08:00+00:00,2.00,709.5,311179
2026-02-23 11:09:00+00:00,2.30,703.1,315461
2026-02-23 11:10:00+00:00,1.74,675.5,228770
2026-02-23 11:11:00+00:00,1.54,668.2,215531
2026-02-23 11:12:00+00:00,1.87,680.5,265197
2026-02-23 11:13:00+00:00,1.89,684.7,279052
2026-02-23 11:14:00+00:00,0.99,648.5,138190
2026-02-23 11:15:00+00:00,1.08,667.5,171588
2026-02-23 11:16:00+00:00,1.39,732.3,301954
2026-02-23 11:17:00+00:00,1.59,740.6,398913
2026-02-23 11:18:00+00:00,2.08,712.9,340923
2026-02-23 11:19:00+00:00,1.23,694.3,277867
2026-02-23 11:20:00+00:00,1.72,710.7,474420
2026-02-23 11:21:00+00:00,1.89,704.9,316759
2026-02-23 11:22:00+00:00,1.24,664.6,147164
2026-02-23 11:23:00+00:00,1.80,678.7,201049
2026-02-23 11:24:00+00:00,1.95,681.9,213474
2026-02-23 11:25:00+00:00,2.03,680.5,219644
2026-02-23 11:26:00+00:00,1.43,663.9,191424
2026-02-23 11:27:00+00:00,1.46,663.7,199727
2026-02-23 11:28:00+00:00,2.25,681.3,261047
2026-02-23 11:29:00+00:00,2.27,687.5,280320
2026-02-23 11:30:00+00:00,1.94,692.5,260444
2026-02-23 11:31:00+00:00,2.47,700.5,264275
2026-02-23 11:32:00+00:00,2.09,682.6,231825
2026-02-23 11:33:00+00:00,1.53,675.7,226622
2026-02-23 11:34:00+00:00,0.70,645.4,136449
2026-02-23 11:35:00+00:00,2.69,706.9,365510
2026-02-23 11:36:00+00:00,3.27,691.3,181182
2026-02-23 11:37:00+00:00,2.27,687.1,268346
2026-02-23 11:38:00+00:00,0.78,650.9,158345
2026-02-23 11:39:00+00:00,1.80,673.5,208807
2026-02-23 11:40:00+00:00,3.09,692.7,173446
2026-02-23 11:41:00+00:00,1.85,673.3,149939
2026-02-23 11:42:00+00:00,1.23,690.8,210205
2026-02-23 11:43:00+00:00,1.51,698.9,237373
2026-02-23 11:44:00+00:00,1.59,677.8,226699
2026-02-23 11:45:00+00:00,1.60,672.5,202006
2026-02-23 11:46:00+00:00,1.49,675.5,142106
2026-02-23 11:47:00+00:00,1.40,695.2,235749
2026-02-23 11:48:00+00:00,1.47,698.6,271398
2026-02-23 11:49:00+00:00,1.83,712.4,432583
2026-02-23 11:50:00+00:00,2.08,683.4,275955
2026-02-23 11:51:00+00:00,1.96,693.2,186291
2026-02-23 11:52:00+00:00,2.77,695.3,279553
2026-02-23 11:53:00+00:00,0.76,650.6,147945
2026-02-23 11:54:00+00:00,2.10,679.3,237101
2026-02-23 11:55:00+00:00,2.05,673.9,215475
2026-02-23 11:56:00+00:00,2.26,679.3,236187
2026-02-23 11:57:00+00:00,2.02,664.7,166168
2026-02-23 11:58:00+00:00,1.84,677.8,212956
2026-02-23 11:59:00+00:00,1.57,691.0,241730
2026-02-23 12:00:00+00:00,1.19,678.8,176588
2026-02-23 12:01:00+00:00,1.39,679.0,185634
2026-02-23 12:02:00+00:00,1.70,691.3,262386
2026-02-23 12:03:00+00:00,1.75,685.2,252569
2026-02-23 12:04:00+00:00,3.40,689.0,110848
2026-02-23 12:05:00+00:00,0.78,642.5,130943
2026-02-23 12:06:00+00:00,1.75,717.4,320365
2026-02-23 12:07:00+00:00,1.44,689.1,191813
2026-02-23 12:08:00+00:00,1.80,684.2,301069
2026-02-23 12:09:00+00:00,1.59,664.3,153084
2026-02-23 12:10:00+00:00,4.35,691.0,137251
2026-02-23 12:11:00+00:00,2.17,686.0,192253
2026-02-23 12:12:00+00:00,1.01,656.7,147956
2026-02-23 12:13:00+00:00,2.75,679.8,184372
2026-02-23 12:14:00+00:00,2.50,697.9,274041
2026-02-23 12:15:00+00:00,1.59,687.4,264073
2026-02-23 12:16:00+00:00,1.48,668.5,178979
2026-02-23 12:17:00+00:00,2.52,675.3,150983
2026-02-23 12:18:00+00:00,3.91,699.3,210947
2026-02-23 12:19:00+00:00,1.76,676.8,283205
2026-02-23 12:20:00+00:00,1.33,637.7,103399
2026-02-23 12:21:00+00:00,1.41,644.4,114653
2026-02-23 12:22:00+00:00,2.14,704.3,216561
2026-02-23 12:23:00+00:00,2.46,694.4,234438
2026-02-23 12:24:00+00:00,1.30,638.3,120134
2026-02-23 12:25:00+00:00,3.95,686.7,203449
2026-02-23 12:26:00+00:00,1.90,708.9,243828
2026-02-23 12:27:00+00:00,1.80,693.5,200630
2026-02-23 12:28:00+00:00,2.25,698.1,228332
2026-02-23 12:29:00+00:00,1.72,687.9,191239
2026-02-23 12:30:00+00:00,1.52,677.9,166325
2026-02-23 12:31:00+00:00,1.77,673.8,187073
2026-02-23 12:32:00+00:00,2.05,677.6,232609
2026-02-23 12:33:00+00:00,2.15,683.1,247637
2026-02-23 12:34:00+00:00,2.14,684.5,231949
2026-02-23 12:35:00+00:00,2.40,694.3,270038
2026-02-23 12:36:00+00:00,1.96,676.4,210152
2026-02-23 12:37:00+00:00,2.56,693.5,302632
2026-02-23 12:38:00+00:00,2.27,678.5,243207
2026-02-23 12:39:00+00:00,1.43,659.1,150268
2026-02-23 12:40:00+00:00,2.39,680.4,229677
2026-02-23 12:41:00+00:00,1.49,661.1,159706
2026-02-23 12:42:00+00:00,2.21,679.1,219752
2026-02-23 12:43:00+00:00,1.98,670.6,195604
2026-02-23 12:44:00+00:00,2.04,677.6,224374
2026-02-23 12:45:00+00:00,2.21,676.3,215251
2026-02-23 12:46:00+00:00,2.16,671.3,195784
2026-02-23 12:47:00+00:00,2.05,670.2,184847
2026-02-23 12:48:00+00:00,3.06,677.7,185259
2026-02-23 12:49:00+00:00,3.49,688.3,223086
2026-02-23 12:50:00+00:00,1.83,689.6,270036
2026-02-23 12:51:00+00:00,1.54,674.0,200894
2026-02-23 12:52:00+00:00,1.54,674.0,200894
2026-02-23 12:53:00+00:00,1.15,647.6,137821
2026-02-23 12:54:00+00:00,1.16,648.6,141001
2026-02-23 12:55:00+00:00,1.37,675.7,233217
2026-02-23 12:56:00+00:00,1.78,712.5,381407
2026-02-23 12:57:00+00:00,1.86,685.5,255388
2026-02-23 12:58:00+00:00,1.86,682.3,240818
2026-02-23 12:59:00+00:00,1.53,676.5,197874
2026-02-23 13:00:00+00:00,1.85,685.7,198823
2026-02-23 13:01:00+00:00,1.85,691.4,191429
2026-02-23 13:02:00+00:00,1.88,686.9,192850
2026-02-23 13:03:00+00:00,1.89,680.7,197493
2026-02-23 13:04:00+00:00,1.71,678.2,200656
2026-02-23 13:05:00+00:00,1.28,686.7,212022
2026-02-23 13:06:00+00:00,1.09,698.9,218711
2026-02-23 13:07:00+00:00,1.54,693.9,208272
2026-02-23 13:08:00+00:00,0.88,709.4,215258
2026-02-23 13:09:00+00:00,1.30,726.5,191771
2026-02-23 13:10:00+00:00,1.32,692.0,203691
2026-02-23 13:11:00+00:00,1.64,700.8,202940
2026-02-23 13:12:00+00:00,1.28,688.7,218364
2026-02-23 13:13:00+00:00,0.90,682.2,208045
2026-02-23 13:14:00+00:00,1.47,671.9,219612
2026-02-23 13:15:00+00:00,1.39,669.6,243968
2026-02-23 13:16:00+00:00,1.54,667.7,236268
2026-02-23 13:17:00+00:00,1.80,668.2,210347
2026-02-23 13:18:00+00:00,1.90,667.5,205398
2026-02-23 13:19:00+00:00,1.92,669.6,203063
2026-02-23 13:20:00+00:00,1.82,672.6,205712
2026-02-23 13:21:00+00:00,1.68,671.2,217041
2026-02-23 13:22:00+00:00,1.65,669.3,219539
2026-02-23 13:23:00+00:00,1.54,669.5,226189
2026-02-23 13:24:00+00:00,1.62,671.2,206504
2026-02-23 13:29:00+00:00,1.87,666.8,190874
2026-02-23 13:30:00+00:00,1.89,667.3,188856
2026-02-23 13:31:00+00:00,1.70,667.7,190680
2026-02-23 13:32:00+00:00,1.57,670.4,197304
2026-02-23 13:33:00+00:00,1.62,670.3,193991
2026-02-23 13:34:00+00:00,1.54,674.3,195306
2026-02-23 13:35:00+00:00,1.64,674.4,194685
2026-02-23 13:36:00+00:00,1.66,671.2,199971
2026-02-23 13:37:00+00:00,1.54,671.7,217275
2026-02-23 13:38:00+00:00,1.77,673.4,216925
2026-02-23 13:39:00+00:00,1.57,682.1,207895
2026-02-23 13:40:00+00:00,0.88,695.0,237029
2026-02-23 13:41:00+00:00,1.27,688.3,196765
2026-02-23 13:42:00+00:00,1.30,685.4,209935
2026-02-23 13:43:00+00:00,1.54,686.2,202891
2026-02-23 13:44:00+00:00,1.32,682.7,196628
2026-02-23 13:45:00+00:00,1.88,690.3,175895
2026-02-23 13:46:00+00:00,2.06,692.6,193297
2026-02-23 13:47:00+00:00,2.03,696.0,176545
2026-02-23 13:48:00+00:00,2.07,705.5,188667
2026-02-23 13:49:00+00:00,1.46,689.1,204392
2026-02-23 13:50:00+00:00,1.64,682.3,191946
2026-02-23 13:51:00+00:00,2.18,679.4,172163
2026-02-23 13:52:00+00:00,2.16,672.8,174473
2026-02-23 13:53:00+00:00,1.99,672.3,182497
2026-02-23 13:54:00+00:00,1.93,672.8,182670
2026-02-23 13:55:00+00:00,1.65,681.6,195669
2026-02-23 13:56:00+00:00,1.45,705.5,187817
2026-02-23 13:57:00+00:00,1.40,721.5,199073
2026-02-23 13:58:00+00:00,1.46,714.1,199412
2026-02-23 13:59:00+00:00,1.39,720.3,207881
2026-02-23 14:02:00+00:00,1.40,733.8,155960
2026-02-23 14:03:00+00:00,1.26,707.9,198888
2026-02-23 14:04:00+00:00,1.00,719.8,141513
2026-02-23 14:05:00+00:00,1.41,692.5,160891
2026-02-23 14:06:00+00:00,1.57,682.4,181274
2026-02-23 14:07:00+00:00,1.59,685.1,164918
2026-02-23 14:08:00+00:00,1.70,685.3,167895
2026-02-23 14:09:00+00:00,1.68,692.2,175137
2026-02-23 14:10:00+00:00,1.67,690.4,161082
2026-02-23 14:11:00+00:00,1.57,689.0,167502
2026-02-23 14:12:00+00:00,1.42,691.7,168990
2026-02-23 14:13:00+00:00,1.72,689.1,175573
2026-02-23 14:14:00+00:00,1.47,690.2,169207
2026-02-23 14:15:00+00:00,1.94,681.8,145717
2026-02-23 14:16:00+00:00,1.70,677.6,165799
2026-02-23 14:17:00+00:00,1.74,675.5,168839
2026-02-23 14:18:00+00:00,1.48,678.9,164364
2026-02-23 14:19:00+00:00,1.65,679.8,160044
2026-02-23 14:20:00+00:00,1.47,681.7,158648
2026-02-23 14:21:00+00:00,1.49,682.8,147881
2026-02-23 14:22:00+00:00,1.64,684.4,150119
2026-02-23 14:23:00+00:00,1.81,684.3,157905
2026-02-23 14:24:00+00:00,2.00,685.1,162007
2026-02-23 14:25:00+00:00,2.16,687.5,168581
2026-02-23 14:26:00+00:00,2.14,685.1,166942
2026-02-23 14:27:00+00:00,1.89,680.3,156262
2026-02-23 14:28:00+00:00,1.98,679.4,175556
2026-02-23 14:29:00+00:00,1.74,670.3,182813
2026-02-23 14:30:00+00:00,1.62,672.1,160234
2026-02-23 14:31:00+00:00,2.03,672.6,139823
2026-02-23 14:32:00+00:00,1.82,673.8,134635
2026-02-23 14:35:00+00:00,2.02,671.9,149338
2026-02-23 14:36:00+00:00,1.90,670.7,154070
2026-02-23 14:37:00+00:00,1.88,673.4,149224
2026-02-23 14:38:00+00:00,2.00,672.9,142587
2026-02-23 14:39:00+00:00,2.12,670.9,143844
2026-02-23 14:40:00+00:00,2.05,670.0,149332
2026-02-23 14:41:00+00:00,1.99,668.6,146905
2026-02-23 14:42:00+00:00,2.14,667.8,141940
2026-02-23 14:43:00+00:00,2.13,668.6,149825
2026-02-23 14:44:00+00:00,2.17,672.3,146298
2026-02-23 14:45:00+00:00,2.19,674.1,157573
2026-02-23 14:46:00+00:00,2.36,673.8,138165
2026-02-23 14:47:00+00:00,2.28,673.7,160479
2026-02-23 14:48:00+00:00,2.35,687.4,170546
2026-02-23 14:49:00+00:00,1.54,685.7,197824
2026-02-23 14:50:00+00:00,1.54,681.7,169474
2026-02-23 14:51:00+00:00,1.48,676.9,156538
2026-02-23 14:52:00+00:00,1.48,675.5,149983
2026-02-23 14:53:00+00:00,1.74,670.6,141874
2026-02-23 14:54:00+00:00,1.72,672.7,154541
2026-02-23 14:55:00+00:00,1.69,680.3,168309
2026-02-23 14:56:00+00:00,1.65,684.4,169481
2026-02-23 14:57:00+00:00,1.52,681.9,166015
2026-02-23 14:58:00+00:00,1.65,677.9,157796
2026-02-23 14:59:00+00:00,1.70,681.1,153291
2026-02-23 15:00:00+00:00,1.39,685.4,158856
2026-02-23 15:01:00+00:00,1.05,689.9,159723
2026-02-23 15:02:00+00:00,1.48,681.8,161428
2026-02-23 15:03:00+00:00,1.61,677.0,158059
2026-02-23 15:04:00+00:00,1.46,678.6,154681
2026-02-23 15:05:00+00:00,1.71,677.2,152843
2026-02-23 15:08:00+00:00,1.75,671.3,142931
2026-02-23 15:09:00+00:00,1.87,670.8,132447
2026-02-23 15:10:00+00:00,1.99,669.7,133311
2026-02-23 15:11:00+00:00,2.08,667.4,136401
2026-02-23 15:12:00+00:00,2.02,666.3,132373
2026-02-23 15:13:00+00:00,1.82,667.4,138148
2026-02-23 15:14:00+00:00,1.80,667.0,146953
2026-02-23 15:15:00+00:00,2.01,665.8,134855
2026-02-23 15:16:00+00:00,2.11,668.1,133347
2026-02-23 15:17:00+00:00,2.28,664.1,123400
2026-02-23 15:18:00+00:00,2.10,663.4,132301
2026-02-23 15:19:00+00:00,2.23,665.9,134169
2026-02-23 15:20:00+00:00,2.10,665.9,158866
2026-02-23 15:21:00+00:00,2.02,667.6,160250
2026-02-23 15:22:00+00:00,2.14,668.0,158432
2026-02-23 15:23:00+00:00,2.15,669.1,148393
2026-02-23 15:24:00+00:00,2.57,677.0,132540
2026-02-23 15:25:00+00:00,1.97,675.5,165234
2026-02-23 15:26:00+00:00,1.97,670.7,173611
2026-02-23 15:27:00+00:00,2.02,670.8,157879
2026-02-23 15:28:00+00:00,1.87,670.2,141689
2026-02-23 15:29:00+00:00,1.93,667.6,140672
2026-02-23 15:30:00+00:00,1.76,666.6,159843
2026-02-23 15:31:00+00:00,1.99,664.7,148916
2026-02-23 15:32:00+00:00,2.07,667.7,145276
2026-02-23 15:33:00+00:00,2.16,666.6,156701
2026-02-23 15:34:00+00:00,2.12,672.2,141998
2026-02-23 15:35:00+00:00,1.90,664.8,155452
2026-02-23 15:36:00+00:00,2.24,670.6,139718
2026-02-23 15:37:00+00:00,2.15,674.3,154743
2026-02-23 15:38:00+00:00,2.06,667.0,148910
2026-02-23 15:41:00+00:00,1.41,679.5,201184
2026-02-23 15:42:00+00:00,1.33,692.6,181990
2026-02-23 15:43:00+00:00,1.27,710.2,165187
2026-02-23 15:44:00+00:00,1.35,715.2,201205
2026-02-23 15:45:00+00:00,1.33,708.5,222321
2026-02-23 15:46:00+00:00,1.12,698.7,175748
2026-02-23 15:47:00+00:00,1.31,686.5,176231
2026-02-23 15:48:00+00:00,2.24,679.4,159379
2026-02-23 15:49:00+00:00,2.48,690.1,181280
2026-02-23 15:50:00+00:00,9.62,722.0,136199
2026-02-23 15:51:00+00:00,9.43,727.9,143014
2026-02-23 15:52:00+00:00,1.00,643.6,99765
2026-02-23 15:53:00+00:00,1.94,662.8,162625
2026-02-23 15:54:00+00:00,1.94,660.5,164723
2026-02-23 15:55:00+00:00,2.74,683.6,167484
2026-02-23 15:56:00+00:00,1.28,646.3,137134
2026-02-23 15:57:00+00:00,1.26,650.3,172060
2026-02-23 15:58:00+00:00,1.95,670.0,233597
2026-02-23 16:00:00+00:00,1.83,667.1,184670
2026-02-23 16:01:00+00:00,1.68,663.5,168882
2026-02-23 16:02:00+00:00,1.46,658.2,144360
2026-02-23 16:03:00+00:00,1.30,653.6,146177
2026-02-23 16:04:00+00:00,0.85,639.0,139398
2026-02-23 16:05:00+00:00,2.89,674.2,179682
2026-02-23 16:06:00+00:00,1.45,655.7,168420
2026-02-23 16:07:00+00:00,1.63,661.8,184095
2026-02-23 16:08:00+00:00,0.88,633.4,121529
2026-02-23 16:09:00+00:00,1.84,675.9,227849
2026-02-23 16:10:00+00:00,2.09,682.6,221775
2026-02-23 16:11:00+00:00,1.62,669.5,172327
2026-02-23 16:12:00+00:00,2.07,681.4,195080
2026-02-23 16:13:00+00:00,2.33,688.3,210808
2026-02-23 16:14:00+00:00,1.24,636.9,84010
2026-02-23 16:15:00+00:00,1.59,654.7,103469
2026-02-23 16:16:00+00:00,1.94,687.1,142781
2026-02-23 16:17:00+00:00,1.99,708.8,175190
2026-02-23 16:18:00+00:00,1.90,710.3,181148
2026-02-23 16:19:00+00:00,1.51,703.2,179182
2026-02-23 16:20:00+00:00,1.74,703.7,224387
2026-02-23 16:21:00+00:00,1.94,701.5,269195
2026-02-23 16:22:00+00:00,1.65,699.1,136012
2026-02-23 16:23:00+00:00,2.06,691.3,170189
2026-02-23 16:24:00+00:00,2.22,712.9,223056
2026-02-23 16:25:00+00:00,2.54,709.2,234912
2026-02-23 16:26:00+00:00,1.91,690.0,165555
2026-02-23 16:27:00+00:00,1.93,683.9,151101
2026-02-23 16:28:00+00:00,2.31,694.4,189796
2026-02-23 16:29:00+00:00,2.11,695.3,175408
2026-02-23 16:30:00+00:00,1.68,681.8,138374
2026-02-23 16:31:00+00:00,3.19,692.0,120468
2026-02-23 16:32:00+00:00,3.21,693.7,132659
2026-02-23 16:33:00+00:00,1.34,678.2,152102
2026-02-23 16:34:00+00:00,1.88,687.1,143830
2026-02-23 16:35:00+00:00,1.88,683.6,145023
2026-02-23 16:36:00+00:00,2.05,694.6,194376
2026-02-23 16:37:00+00:00,2.20,685.7,167455
2026-02-23 16:38:00+00:00,2.58,691.7,232231
2026-02-23 16:39:00+00:00,1.89,682.2,152837
2026-02-23 16:40:00+00:00,2.44,694.3,206016
2026-02-23 16:41:00+00:00,1.70,678.5,148559
2026-02-23 16:42:00+00:00,0.82,641.9,78286
2026-02-23 16:43:00+00:00,1.66,669.9,141565
2026-02-23 16:44:00+00:00,1.89,675.6,148804
2026-02-23 16:45:00+00:00,2.20,687.3,200836
2026-02-23 16:46:00+00:00,2.39,695.3,234904
2026-02-23 16:47:00+00:00,1.21,634.9,63004
2026-02-23 16:48:00+00:00,2.85,671.9,118810
2026-02-23 16:49:00+00:00,3.64,704.1,214855
2026-02-23 16:50:00+00:00,1.42,678.9,220526
2026-02-23 16:51:00+00:00,1.73,686.4,141870
2026-02-23 16:52:00+00:00,1.75,693.7,143962
2026-02-23 16:53:00+00:00,1.50,702.3,128554
2026-02-23 16:54:00+00:00,1.00,663.4,57925
2026-02-23 16:55:00+00:00,1.34,702.1,103554
2026-02-23 16:56:00+00:00,2.20,700.0,242892
2026-02-23 16:57:00+00:00,1.76,707.3,178698
2026-02-23 16:58:00+00:00,2.10,672.4,180765
2026-02-23 16:59:00+00:00,1.83,656.9,137174
2026-02-23 17:00:00+00:00,1.71,655.6,175990
2026-02-23 17:01:00+00:00,0.89,644.6,132026
2026-02-23 17:02:00+00:00,1.38,669.8,151879
2026-02-23 17:03:00+00:00,2.00,690.1,162287
2026-02-23 17:04:00+00:00,2.11,694.9,170700
2026-02-23 17:05:00+00:00,2.06,685.2,169399
2026-02-23 17:06:00+00:00,2.14,662.1,94603
2026-02-23 17:07:00+00:00,3.19,688.3,164617
2026-02-23 17:08:00+00:00,1.52,668.2,210764
2026-02-23 17:09:00+00:00,1.03,664.0,201161
2026-02-23 17:10:00+00:00,1.79,673.7,188190
2026-02-23 17:11:00+00:00,1.54,666.7,166414
2026-02-23 17:12:00+00:00,2.76,684.2,105578
2026-02-23 17:13:00+00:00,0.71,620.3,83609
2026-02-23 17:14:00+00:00,1.47,671.3,183436
2026-02-23 17:15:00+00:00,1.49,667.9,179977
2026-02-23 17:16:00+00:00,2.52,670.6,155419
2026-02-23 17:17:00+00:00,1.64,649.5,134863
2026-02-23 17:18:00+00:00,1.01,656.7,186227
2026-02-23 17:19:00+00:00,1.12,672.9,231324
2026-02-23 17:20:00+00:00,0.75,608.4,90399
2026-02-23 17:21:00+00:00,1.05,643.2,171503
2026-02-23 17:22:00+00:00,1.47,691.0,254688
2026-02-23 17:23:00+00:00,1.35,664.9,143194
2026-02-23 17:24:00+00:00,1.50,664.0,188143
2026-02-23 17:25:00+00:00,1.03,625.5,87084
2026-02-23 17:26:00+00:00,1.78,676.8,298060
2026-02-23 17:27:00+00:00,1.45,632.1,204465
2026-02-23 17:28:00+00:00,1.21,631.9,178133
2026-02-23 17:29:00+00:00,1.68,638.8,189638
2026-02-23 17:30:00+00:00,1.37,634.6,157406
2026-02-23 17:31:00+00:00,1.44,634.7,165219
2026-02-23 17:32:00+00:00,0.97,623.6,144706
2026-02-23 17:33:00+00:00,1.62,636.2,174835
2026-02-23 17:34:00+00:00,1.51,633.7,164156
2026-02-23 17:35:00+00:00,1.49,635.6,179389
2026-02-23 17:36:00+00:00,1.41,623.0,167459
2026-02-23 17:37:00+00:00,1.17,616.0,155604
2026-02-23 17:38:00+00:00,1.81,649.9,231879
2026-02-23 17:39:00+00:00,1.54,629.4,195933
2026-02-23 17:40:00+00:00,1.84,635.1,237716
2026-02-23 17:41:00+00:00,2.79,648.7,136363
2026-02-23 17:42:00+00:00,1.20,637.4,258161
2026-02-23 17:43:00+00:00,1.31,638.4,162545
2026-02-23 17:44:00+00:00,1.26,609.3,66369
2026-02-23 17:45:00+00:00,1.75,642.7,301558
2026-02-23 17:46:00+00:00,2.70,638.3,136252
2026-02-23 17:47:00+00:00,1.65,636.8,161432
2026-02-23 17:48:00+00:00,0.88,626.7,145144
2026-02-23 17:49:00+00:00,1.10,639.5,246324
2026-02-23 17:50:00+00:00,1.57,655.5,273677
2026-02-23 17:51:00+00:00,1.29,637.6,171122
2026-02-23 17:52:00+00:00,0.81,615.1,99205
2026-02-23 17:53:00+00:00,1.63,656.4,201805
2026-02-23 17:54:00+00:00,1.81,657.4,222838
2026-02-23 17:55:00+00:00,2.21,643.7,224880
2026-02-23 17:56:00+00:00,2.01,604.9,112924
2026-02-23 17:57:00+00:00,1.50,676.5,309184
2026-02-23 17:58:00+00:00,3.86,677.7,160004
2026-02-23 17:59:00+00:00,1.10,651.0,194168
2026-02-23 18:00:00+00:00,0.99,658.2,233935
2026-02-23 18:01:00+00:00,1.87,689.7,189708
2026-02-23 18:02:00+00:00,2.15,697.2,209789
2026-02-23 18:03:00+00:00,1.95,678.8,167288
2026-02-23 18:04:00+00:00,1.96,687.1,188956
2026-02-23 18:05:00+00:00,2.04,690.6,215412
2026-02-23 18:06:00+00:00,2.18,684.2,220400
2026-02-23 18:07:00+00:00,1.51,650.5,145373
2026-02-23 18:08:00+00:00,1.23,656.0,133474
2026-02-23 18:09:00+00:00,2.01,708.7,260131
2026-02-23 18:10:00+00:00,2.17,707.8,287207
2026-02-23 18:11:00+00:00,1.84,678.4,163931
2026-02-23 18:12:00+00:00,1.84,679.5,165932
2026-02-23 18:13:00+00:00,2.04,706.0,222894
2026-02-23 18:14:00+00:00,2.01,691.1,170334
2026-02-23 18:15:00+00:00,1.78,673.0,143772
2026-02-23 18:16:00+00:00,1.80,683.0,147825
2026-02-23 18:17:00+00:00,3.78,691.0,185668
2026-02-23 18:18:00+00:00,1.90,672.5,289756
2026-02-23 18:19:00+00:00,1.30,646.4,218827
2026-02-23 18:20:00+00:00,1.19,648.5,188267
2026-02-23 18:21:00+00:00,1.39,651.8,230807
2026-02-23 18:22:00+00:00,1.54,628.4,146347
2026-02-23 18:23:00+00:00,1.37,642.0,116617
2026-02-23 18:24:00+00:00,1.15,665.1,154996
2026-02-23 18:25:00+00:00,1.12,654.1,134256
2026-02-23 18:26:00+00:00,1.36,687.8,225656
2026-02-23 18:27:00+00:00,1.36,686.5,238214
2026-02-23 18:28:00+00:00,1.32,678.2,266552
2026-02-23 18:29:00+00:00,1.11,658.7,198290
2026-02-23 18:30:00+00:00,1.16,652.2,165040
2026-02-23 18:31:00+00:00,1.10,652.1,151092
2026-02-23 18:32:00+00:00,1.30,654.4,177674
2026-02-23 18:33:00+00:00,1.07,653.5,165474
2026-02-23 18:34:00+00:00,0.56,615.2,77471
2026-02-23 18:35:00+00:00,0.97,634.4,141589
2026-02-23 18:36:00+00:00,1.03,642.9,139212
2026-02-23 18:37:00+00:00,1.39,660.8,221139
2026-02-23 18:38:00+00:00,1.39,662.2,219228
2026-02-23 18:39:00+00:00,1.23,655.1,170683
2026-02-23 18:40:00+00:00,1.19,653.8,157448
2026-02-23 18:41:00+00:00,1.04,644.2,133845
2026-02-23 18:42:00+00:00,1.09,641.5,155109
2026-02-23 18:43:00+00:00,1.53,660.2,239442
2026-02-23 18:44:00+00:00,1.38,638.2,178740
2026-02-23 18:45:00+00:00,1.25,645.2,202543
2026-02-23 18:46:00+00:00,0.68,593.7,124654
2026-02-23 18:47:00+00:00,1.02,635.8,233304
2026-02-23 18:48:00+00:00,1.22,647.9,269903
2026-02-23 18:49:00+00:00,0.84,634.3,158545
2026-02-23 18:50:00+00:00,1.27,650.2,242436
2026-02-23 18:51:00+00:00,1.10,645.1,215332
2026-02-23 18:52:00+00:00,0.95,639.6,192712
2026-02-23 18:53:00+00:00,0.65,612.5,131110
2026-02-23 18:54:00+00:00,0.89,640.2,236738
2026-02-23 18:55:00+00:00,1.15,658.1,270817
2026-02-23 18:56:00+00:00,1.17,650.7,225987
2026-02-23 18:57:00+00:00,1.15,656.0,250648
2026-02-23 18:58:00+00:00,1.00,648.5,231075
2026-02-23 18:59:00+00:00,0.97,638.8,196117
2026-02-23 19:00:00+00:00,0.99,642.9,205035
2026-02-23 19:01:00+00:00,1.09,662.2,243972
2026-02-23 19:02:00+00:00,1.22,649.5,193276
2026-02-23 19:03:00+00:00,1.36,647.4,197793
2026-02-23 19:04:00+00:00,1.31,655.8,206161
2026-02-23 19:05:00+00:00,0.67,608.3,122133
2026-02-23 19:06:00+00:00,1.06,673.7,242132
2026-02-23 19:07:00+00:00,1.08,666.2,194202
2026-02-23 19:08:00+00:00,1.02,654.9,156760
2026-02-23 19:09:00+00:00,1.35,662.4,208201
2026-02-23 19:10:00+00:00,1.52,663.7,246501
2026-02-23 19:11:00+00:00,1.23,654.4,227474
2026-02-23 19:12:00+00:00,0.83,637.7,173903
2026-02-23 19:13:00+00:00,1.00,640.7,206770
2026-02-23 19:14:00+00:00,1.36,656.8,275680
2026-02-23 19:15:00+00:00,0.91,634.7,166460
2026-02-23 19:16:00+00:00,1.12,655.3,226669
2026-02-23 19:17:00+00:00,0.87,626.4,122165
2026-02-23 19:18:00+00:00,1.24,678.7,198478
2026-02-23 19:19:00+00:00,1.31,671.0,305986
2026-02-23 19:20:00+00:00,1.37,660.7,266298
2026-02-23 19:21:00+00:00,1.38,651.1,177729
2026-02-23 19:22:00+00:00,1.38,652.1,201903
2026-02-23 19:23:00+00:00,1.27,658.0,174419
2026-02-23 19:24:00+00:00,0.98,633.4,104129
2026-02-23 19:25:00+00:00,1.09,659.8,163854
2026-02-23 19:26:00+00:00,1.30,681.8,236542
2026-02-23 19:27:00+00:00,1.30,672.9,209744
2026-02-23 19:28:00+00:00,1.32,657.1,178980
2026-02-23 19:29:00+00:00,1.39,650.0,211085
2026-02-23 19:30:00+00:00,1.26,648.3,224808
2026-02-23 19:31:00+00:00,1.17,637.7,200279
2026-02-23 19:32:00+00:00,0.33,615.4,97425
2026-02-23 19:33:00+00:00,0.41,619.8,111038
2026-02-23 19:34:00+00:00,1.09,658.4,231161
2026-02-23 19:35:00+00:00,0.93,637.7,161659
2026-02-23 19:36:00+00:00,0.49,596.8,88744
2026-02-23 19:37:00+00:00,0.99,668.8,219910
2026-02-23 19:38:00+00:00,1.20,682.3,241410
2026-02-23 19:39:00+00:00,1.03,654.4,174611
2026-02-23 19:40:00+00:00,1.20,653.4,190969
2026-02-23 19:41:00+00:00,1.26,650.8,196217
2026-02-23 19:42:00+00:00,1.04,645.8,172734
2026-02-23 19:43:00+00:00,0.98,646.7,187954
2026-02-23 19:44:00+00:00,1.11,657.3,243406
2026-02-23 19:45:00+00:00,1.21,664.3,268155
2026-02-23 19:46:00+00:00,1.32,658.2,248253
2026-02-23 19:47:00+00:00,1.17,650.0,209700
2026-02-23 19:48:00+00:00,0.67,625.4,134039
2026-02-23 19:49:00+00:00,1.32,669.2,308162
2026-02-23 19:50:00+00:00,1.15,638.6,163969
2026-02-23 19:51:00+00:00,1.12,637.6,178159
2026-02-23 19:52:00+00:00,1.34,650.0,222697
2026-02-23 19:53:00+00:00,0.77,633.7,171949
2026-02-23 19:54:00+00:00,0.92,642.5,161101
2026-02-23 19:55:00+00:00,1.24,645.1,209479
2026-02-23 19:56:00+00:00,1.49,663.5,307014
2026-02-23 19:57:00+00:00,1.44,660.5,298613
2026-02-23 19:58:00+00:00,1.33,648.2,243032
2026-02-23 19:59:00+00:00,1.21,642.6,218850
2026-02-23 20:00:00+00:00,1.06,640.6,201850
2026-02-23 20:01:00+00:00,1.04,639.4,180559
2026-02-23 20:02:00+00:00,0.92,631.9,165234
2026-02-23 20:03:00+00:00,0.66,625.5,163154
2026-02-23 20:04:00+00:00,1.27,661.6,268027
2026-02-23 20:05:00+00:00,1.20,640.3,174961
2026-02-23 20:06:00+00:00,1.19,639.4,174630
2026-02-23 20:07:00+00:00,0.89,614.4,165024
2026-02-23 20:08:00+00:00,1.37,663.0,260078
2026-02-23 20:09:00+00:00,1.52,677.3,304390
2026-02-23 20:10:00+00:00,1.52,654.2,227469
2026-02-23 20:11:00+00:00,1.28,644.4,195123
2026-02-23 20:12:00+00:00,1.12,641.3,179632
2026-02-23 20:13:00+00:00,0.92,645.6,167247
2026-02-23 20:14:00+00:00,0.72,623.7,111724
2026-02-23 20:15:00+00:00,1.17,621.7,115178
2026-02-23 20:16:00+00:00,2.68,641.1,146540
2026-02-23 20:17:00+00:00,3.03,647.7,184489
2026-02-23 20:18:00+00:00,1.40,648.1,251590
2026-02-23 20:19:00+00:00,1.32,638.5,219998
2026-02-23 20:20:00+00:00,1.26,645.8,282099
2026-02-23 20:21:00+00:00,0.99,633.1,210496
2026-02-23 20:22:00+00:00,0.97,635.5,200756
2026-02-23 20:23:00+00:00,1.12,641.6,199444
2026-02-23 20:24:00+00:00,0.95,627.1,170334
2026-02-23 20:25:00+00:00,1.17,642.3,207088
2026-02-23 20:26:00+00:00,0.79,613.0,163324
2026-02-23 20:27:00+00:00,1.13,640.2,175807
2026-02-23 20:28:00+00:00,1.36,663.2,225493
2026-02-23 20:29:00+00:00,1.32,651.7,208507
2026-02-23 20:30:00+00:00,1.26,654.0,219315
2026-02-23 20:31:00+00:00,1.21,651.7,211881
2026-02-23 20:32:00+00:00,1.14,638.1,174218
2026-02-23 20:33:00+00:00,0.85,623.0,138317
2026-02-23 20:34:00+00:00,0.79,620.6,163924
2026-02-23 20:35:00+00:00,1.49,656.1,288467
2026-02-23 20:36:00+00:00,1.18,634.8,172088
2026-02-23 20:37:00+00:00,1.74,668.5,358259
2026-02-23 20:38:00+00:00,4.24,,
2026-02-23 20:39:00+00:00,4.24,644.3,107928
2026-02-23 20:40:00+00:00,1.38,652.7,259818
2026-02-23 20:41:00+00:00,0.95,639.4,121549
2026-02-23 20:42:00+00:00,1.95,682.5,248856
2026-02-23 20:43:00+00:00,1.38,648.6,213314
2026-02-23 20:44:00+00:00,0.89,653.5,176998
2026-02-23 20:45:00+00:00,0.78,636.6,104071
2026-02-23 20:46:00+00:00,1.05,672.0,163940
2026-02-23 20:47:00+00:00,1.20,695.8,202860
2026-02-23 20:48:00+00:00,1.11,680.9,159502
2026-02-23 20:49:00+00:00,1.17,674.0,138291
2026-02-23 20:50:00+00:00,1.37,677.7,166531
2026-02-23 20:51:00+00:00,1.35,702.2,255265
2026-02-23 20:52:00+00:00,1.13,669.1,160710
2026-02-23 20:53:00+00:00,0.81,635.4,102314
2026-02-23 20:54:00+00:00,1.39,680.8,324562
2026-02-23 20:55:00+00:00,1.02,642.9,164018
2026-02-23 20:56:00+00:00,1.23,648.1,184315
2026-02-23 20:57:00+00:00,0.83,625.2,123563
2026-02-23 20:58:00+00:00,1.31,666.3,268815
2026-02-23 20:59:00+00:00,1.05,656.2,217997
2026-02-23 21:00:00+00:00,1.09,648.8,202634
2026-02-23 21:01:00+00:00,1.25,644.2,211211
2026-02-23 21:02:00+00:00,1.23,638.0,188424
2026-02-23 21:03:00+00:00,1.12,634.1,188206
2026-02-23 21:04:00+00:00,0.83,621.8,170266
2026-02-23 21:05:00+00:00,0.75,623.7,204067
2026-02-23 21:06:00+00:00,2.32,650.9,290052
2026-02-23 21:07:00+00:00,4.33,655.9,154296
2026-02-23 21:08:00+00:00,2.33,691.9,149644
2026-02-23 21:09:00+00:00,3.94,706.9,201700
2026-02-23 21:10:00+00:00,1.60,691.8,247727
2026-02-23 21:12:00+00:00,1.14,645.8,98928
2026-02-23 21:13:00+00:00,1.10,683.7,407390
2026-02-23 21:14:00+00:00,3.56,679.6,158456
2026-02-23 21:15:00+00:00,1.90,675.5,134686
2026-02-23 21:16:00+00:00,1.14,650.7,108414
2026-02-23 21:17:00+00:00,1.40,674.0,216200
2026-02-23 21:18:00+00:00,1.57,678.6,240167
2026-02-23 21:19:00+00:00,1.30,656.1,169630
2026-02-23 21:20:00+00:00,1.04,644.9,155427
2026-02-23 21:21:00+00:00,1.19,648.6,176898
2026-02-23 21:22:00+00:00,1.36,652.4,160746
2026-02-23 21:23:00+00:00,1.12,651.5,141998
2026-02-23 21:24:00+00:00,0.78,677.1,157730
2026-02-23 21:25:00+00:00,0.91,706.1,235001
2026-02-23 21:26:00+00:00,1.40,696.6,192896
2026-02-23 21:27:00+00:00,1.80,685.4,333564
2026-02-23 21:28:00+00:00,0.58,609.0,83769
2026-02-23 21:29:00+00:00,1.42,644.9,238548
2026-02-23 21:30:00+00:00,1.37,650.4,263568
2026-02-23 21:31:00+00:00,1.31,649.2,184604
2026-02-23 21:32:00+00:00,1.43,660.9,198087
2026-02-23 21:33:00+00:00,1.37,653.9,182270
2026-02-23 21:34:00+00:00,1.33,645.7,190810
2026-02-23 21:35:00+00:00,1.28,649.8,183965
2026-02-23 21:36:00+00:00,1.24,663.6,186520
2026-02-23 21:37:00+00:00,1.38,669.2,233992
2026-02-23 21:38:00+00:00,1.54,652.0,239861
2026-02-23 21:39:00+00:00,1.43,633.3,216290
2026-02-23 21:40:00+00:00,1.26,626.0,218869
2026-02-23 21:41:00+00:00,1.33,629.5,288844
2026-02-23 21:42:00+00:00,1.53,637.3,102156
2026-02-23 21:43:00+00:00,0.52,605.6,145434
2026-02-23 21:44:00+00:00,0.52,,
2026-02-23 21:45:00+00:00,1.49,644.5,276390
2026-02-23 21:46:00+00:00,1.51,645.6,259795
2026-02-23 21:47:00+00:00,0.83,615.1,154586
2026-02-23 21:48:00+00:00,1.38,639.1,268183
2026-02-23 21:49:00+00:00,1.59,646.0,272405
2026-02-23 21:50:00+00:00,1.25,634.7,208495
2026-02-23 21:51:00+00:00,1.15,630.4,189623
2026-02-23 21:52:00+00:00,1.31,633.0,201374
2026-02-23 21:53:00+00:00,1.21,634.3,205188
2026-02-23 21:54:00+00:00,0.80,621.2,166793
2026-02-23 21:55:00+00:00,0.72,602.3,130732
2026-02-23 21:56:00+00:00,1.31,630.9,233721
2026-02-23 21:57:00+00:00,1.39,634.8,249564
2026-02-23 21:58:00+00:00,1.29,636.5,241323
2026-02-23 21:59:00+00:00,1.64,641.0,266399
2026-02-23 22:00:00+00:00,1.25,627.8,198843
2026-02-23 22:01:00+00:00,1.21,625.2,201762
2026-02-23 22:02:00+00:00,0.73,613.0,164831
2026-02-23 22:03:00+00:00,1.09,624.8,194592
2026-02-23 22:04:00+00:00,1.14,625.8,197363
2026-02-23 22:05:00+00:00,1.25,630.5,221730
2026-02-23 22:06:00+00:00,0.84,611.2,177218
2026-02-23 22:07:00+00:00,1.11,622.4,246027
2026-02-23 22:08:00+00:00,1.72,644.3,329691
2026-02-23 22:09:00+00:00,1.46,630.2,263773
2026-02-23 22:10:00+00:00,1.18,621.5,219783
2026-02-23 22:11:00+00:00,1.31,622.1,213995
2026-02-23 22:12:00+00:00,1.13,622.3,204550
2026-02-23 22:13:00+00:00,1.01,622.9,190071
2026-02-23 22:14:00+00:00,0.59,600.9,146798
2026-02-23 22:15:00+00:00,1.17,627.8,217886
2026-02-23 22:16:00+00:00,1.34,629.6,241782
2026-02-23 22:17:00+00:00,1.35,629.6,242606
2026-02-23 22:18:00+00:00,1.18,625.7,193056
2026-02-23 22:19:00+00:00,1.24,625.2,200279
2026-02-23 22:20:00+00:00,1.16,622.2,195925
2026-02-23 22:21:00+00:00,0.96,619.6,176079
2026-02-23 22:22:00+00:00,1.31,628.1,220208
2026-02-23 22:23:00+00:00,1.36,632.1,224635
2026-02-23 22:24:00+00:00,1.17,634.1,204924
2026-02-23 22:25:00+00:00,0.98,623.4,177834
2026-02-23 22:26:00+00:00,0.63,603.6,125600
2026-02-23 22:27:00+00:00,1.20,629.7,215132
2026-02-23 22:28:00+00:00,1.42,634.2,245024
2026-02-23 22:29:00+00:00,1.06,619.6,202465
2026-02-23 22:30:00+00:00,1.35,623.5,224536
2026-02-23 22:31:00+00:00,1.34,626.1,227742
2026-02-23 22:32:00+00:00,1.57,624.6,271501
2026-02-23 22:33:00+00:00,1.17,598.5,115809
2026-02-23 22:34:00+00:00,0.80,582.7,41406
2026-02-23 22:35:00+00:00,1.51,607.6,161799
2026-02-23 22:36:00+00:00,3.32,633.3,172521
2026-02-23 22:37:00+00:00,1.83,609.0,137674
2026-02-23 22:38:00+00:00,0.58,590.6,124792
2026-02-23 23:52:00+00:00,1.16,622.5,199436
2026-02-23 23:53:00+00:00,0.99,620.1,204419
2026-02-23 23:54:00+00:00,1.32,617.1,205206
2026-02-23 23:55:00+00:00,1.15,622.6,209135
2026-02-23 23:56:00+00:00,1.08,624.4,210317
2026-02-23 23:57:00+00:00,1.14,619.0,201844
2026-02-23 23:58:00+00:00,1.19,615.6,220649
2026-02-23 23:59:00+00:00,1.28,611.5,224851
2026-02-24 00:00:00+00:00,1.26,613.2,209934
2026-02-24 00:01:00+00:00,1.17,617.7,206935
2026-02-24 00:02:00+00:00,1.22,619.1,206560
2026-02-24 00:03:00+00:00,1.26,620.9,196717
2026-02-24 00:04:00+00:00,1.16,617.7,210938
2026-02-24 00:05:00+00:00,1.32,609.7,218552
2026-02-24 00:06:00+00:00,1.60,606.3,225497
2026-02-24 00:07:00+00:00,2.03,601.5,184940
2026-02-24 00:08:00+00:00,1.45,600.6,217588
2026-02-24 00:09:00+00:00,1.85,609.8,152080
2026-02-24 00:10:00+00:00,1.55,631.5,126295
2026-02-24 00:11:00+00:00,1.88,629.1,120838
2026-02-24 00:12:00+00:00,2.06,631.0,134470
2026-02-24 00:13:00+00:00,2.16,636.7,137108
2026-02-24 00:14:00+00:00,2.08,638.7,120472
2026-02-24 00:15:00+00:00,2.11,637.5,115333
2026-02-24 00:16:00+00:00,2.22,642.0,118436
2026-02-24 00:17:00+00:00,1.94,644.7,114685
2026-02-24 00:18:00+00:00,1.41,636.4,111883
2026-02-24 00:19:00+00:00,1.47,632.1,109247
2026-02-24 00:20:00+00:00,2.03,622.6,123640
2026-02-24 00:21:00+00:00,1.44,626.8,131808
2026-02-24 00:22:00+00:00,1.14,613.5,203325
2026-02-24 00:23:00+00:00,1.23,629.7,186502
2026-02-24 00:24:00+00:00,1.64,633.1,186139
2026-02-24 00:25:00+00:00,1.73,623.2,208069
2026-02-24 00:26:00+00:00,1.36,616.5,175121
2026-02-24 00:27:00+00:00,1.88,618.6,140629
2026-02-24 00:28:00+00:00,1.67,615.1,155374
2026-02-24 00:29:00+00:00,1.50,613.2,165269
2026-02-24 00:30:00+00:00,1.48,604.5,189366
2026-02-24 00:31:00+00:00,1.38,607.3,189000
2026-02-24 00:32:00+00:00,1.31,605.0,197715
2026-02-24 00:33:00+00:00,1.31,599.3,207212
2026-02-24 00:34:00+00:00,1.35,604.1,200872
2026-02-24 00:35:00+00:00,1.49,614.2,192340
2026-02-24 00:36:00+00:00,1.33,621.6,187048
2026-02-24 00:37:00+00:00,1.65,623.2,212440
2026-02-24 00:38:00+00:00,1.47,612.6,186362
2026-02-24 00:39:00+00:00,1.49,636.3,133015
2026-02-24 00:40:00+00:00,1.94,639.0,134185
2026-02-24 00:41:00+00:00,1.76,636.4,122448
2026-02-24 00:42:00+00:00,1.78,636.2,127077
2026-02-24 00:43:00+00:00,2.03,643.1,124995
2026-02-24 00:44:00+00:00,1.81,646.1,142461
2026-02-24 00:45:00+00:00,2.15,651.7,146023
2026-02-24 00:46:00+00:00,1.92,651.4,142776
2026-02-24 00:47:00+00:00,1.83,650.3,129656
2026-02-24 00:48:00+00:00,2.17,651.2,128132
2026-02-24 00:49:00+00:00,2.25,649.8,139075
2026-02-24 00:50:00+00:00,2.08,649.5,133574
2026-02-24 00:51:00+00:00,1.69,647.9,133590
2026-02-24 00:52:00+00:00,1.53,636.0,128342
2026-02-24 00:53:00+00:00,1.47,635.6,122246
2026-02-24 00:54:00+00:00,1.42,640.4,122247
2026-02-24 00:55:00+00:00,1.20,636.3,122291
2026-02-24 00:56:00+00:00,1.22,627.7,129284
2026-02-24 00:57:00+00:00,0.90,624.6,110571
2026-02-24 00:58:00+00:00,1.69,600.4,127354
2026-02-24 00:59:00+00:00,1.91,593.4,142990
2026-02-24 01:00:00+00:00,1.91,593.6,158213
2026-02-24 01:01:00+00:00,2.03,593.8,150238
2026-02-24 01:02:00+00:00,2.10,593.7,142738
2026-02-24 01:03:00+00:00,2.24,599.8,136094
2026-02-24 01:04:00+00:00,2.32,599.7,138905
2026-02-24 01:05:00+00:00,2.40,599.7,143865
2026-02-24 01:06:00+00:00,2.36,599.6,143519
2026-02-24 01:07:00+00:00,2.21,597.1,140710
2026-02-24 01:08:00+00:00,1.97,591.4,151060
2026-02-24 01:09:00+00:00,2.12,592.5,152052
2026-02-24 01:10:00+00:00,1.98,590.0,163241
2026-02-24 01:11:00+00:00,2.03,589.7,126419
2026-02-24 01:12:00+00:00,2.17,593.5,162942
2026-02-24 01:13:00+00:00,2.18,597.1,145586
2026-02-24 01:14:00+00:00,1.91,596.3,143415
2026-02-24 01:15:00+00:00,1.66,595.2,160528
2026-02-24 01:16:00+00:00,1.62,595.7,164560
2026-02-24 01:17:00+00:00,1.59,600.2,171152
2026-02-24 01:18:00+00:00,1.97,598.1,169186
2026-02-24 01:19:00+00:00,2.25,594.6,171052
2026-02-24 01:20:00+00:00,1.87,601.1,159924
2026-02-24 01:21:00+00:00,1.14,613.4,128070
2026-02-24 01:22:00+00:00,0.99,613.3,130658
2026-02-24 01:23:00+00:00,1.66,598.5,182304
2026-02-24 01:24:00+00:00,1.33,599.1,213739
2026-02-24 01:25:00+00:00,1.27,599.8,200021
2026-02-24 01:26:00+00:00,1.26,600.4,170478
2026-02-24 01:27:00+00:00,1.54,608.3,220383
2026-02-24 01:28:00+00:00,1.31,606.8,214652
2026-02-24 01:29:00+00:00,1.20,608.0,216855
2026-02-24 01:30:00+00:00,1.35,599.6,253789
2026-02-24 01:31:00+00:00,1.21,599.3,247250
2026-02-24 01:32:00+00:00,1.23,599.3,220526
2026-02-24 01:33:00+00:00,1.17,599.8,197384
2026-02-24 01:34:00+00:00,1.21,598.1,206138
2026-02-24 01:35:00+00:00,1.29,596.5,218809
2026-02-24 01:36:00+00:00,1.37,596.1,201248
2026-02-24 01:37:00+00:00,1.41,596.5,202884
2026-02-24 01:38:00+00:00,1.47,598.9,206291
2026-02-24 01:39:00+00:00,1.45,603.0,204802
2026-02-24 01:40:00+00:00,1.40,604.1,192840
2026-02-24 01:41:00+00:00,1.47,605.3,180617
2026-02-24 01:42:00+00:00,1.40,609.4,187857
2026-02-24 01:43:00+00:00,1.52,607.8,180004
2026-02-24 01:44:00+00:00,1.69,640.5,141625
2026-02-24 01:45:00+00:00,1.35,630.5,139811
2026-02-24 01:46:00+00:00,1.37,627.1,152949
2026-02-24 01:47:00+00:00,1.22,617.2,166607
2026-02-24 01:48:00+00:00,1.26,613.2,182227
2026-02-24 01:49:00+00:00,1.21,612.9,178441
2026-02-24 01:50:00+00:00,1.18,612.7,163284
2026-02-24 01:51:00+00:00,1.21,608.1,167894
2026-02-24 01:52:00+00:00,1.14,604.1,183105
2026-02-24 01:53:00+00:00,1.10,605.5,196654
2026-02-24 01:54:00+00:00,1.24,607.5,211542
2026-02-24 01:55:00+00:00,1.31,606.9,210165
2026-02-24 01:56:00+00:00,1.40,602.0,221135
2026-02-24 01:57:00+00:00,1.19,607.6,234354
2026-02-24 01:58:00+00:00,1.23,607.1,243469
2026-02-24 01:59:00+00:00,1.27,605.8,227182
2026-02-24 02:00:00+00:00,1.23,599.3,219649
2026-02-24 02:01:00+00:00,1.28,599.5,192132
2026-02-24 02:02:00+00:00,1.28,600.7,190538
2026-02-24 02:03:00+00:00,1.25,601.9,188613
2026-02-24 02:04:00+00:00,1.31,598.2,179065
2026-02-24 02:05:00+00:00,1.64,598.7,175705
2026-02-24 02:06:00+00:00,1.55,603.9,201019
2026-02-24 02:07:00+00:00,1.22,608.1,218041
2026-02-24 02:08:00+00:00,1.10,609.3,215902
2026-02-24 02:09:00+00:00,1.22,604.5,209419
2026-02-24 02:10:00+00:00,1.22,605.1,209226
2026-02-24 02:11:00+00:00,1.20,606.2,211160
2026-02-24 02:12:00+00:00,1.12,605.2,217923
2026-02-24 02:13:00+00:00,1.25,605.0,212890
2026-02-24 02:14:00+00:00,1.29,602.8,215413
2026-02-24 02:15:00+00:00,1.19,601.3,211366
2026-02-24 02:16:00+00:00,1.08,606.1,226390
2026-02-24 02:17:00+00:00,1.73,602.2,195105
2026-02-24 02:18:00+00:00,1.62,601.7,184395
2026-02-24 02:19:00+00:00,1.32,603.2,197197
2026-02-24 02:20:00+00:00,1.23,603.2,198444
2026-02-24 02:21:00+00:00,1.20,605.2,206404
2026-02-24 02:22:00+00:00,1.23,605.9,204371
2026-02-24 02:23:00+00:00,1.25,607.0,185410
2026-02-24 02:24:00+00:00,1.28,607.2,176642
2026-02-24 02:25:00+00:00,1.32,604.6,181199
2026-02-24 02:26:00+00:00,1.31,603.8,176099
2026-02-24 02:27:00+00:00,1.33,606.2,174730
2026-02-24 02:28:00+00:00,1.22,609.0,192506
2026-02-24 02:29:00+00:00,1.38,607.0,196455
2026-02-24 02:30:00+00:00,1.89,604.2,176206
2026-02-24 02:31:00+00:00,1.29,605.5,218219
2026-02-24 02:32:00+00:00,1.16,615.4,230934
2026-02-24 02:33:00+00:00,1.31,606.4,220115
2026-02-24 02:34:00+00:00,1.02,623.0,226686
2026-02-24 02:35:00+00:00,0.79,630.4,226772
2026-02-24 02:36:00+00:00,1.19,617.8,215915
2026-02-24 02:37:00+00:00,1.39,609.5,208579
2026-02-24 02:38:00+00:00,1.41,608.6,193681
2026-02-24 02:39:00+00:00,1.34,611.9,185937
2026-02-24 02:40:00+00:00,1.27,615.2,188486
2026-02-24 02:41:00+00:00,1.27,615.6,188713
2026-02-24 02:42:00+00:00,1.38,613.5,175476
2026-02-24 02:43:00+00:00,1.38,614.9,180514
2026-02-24 02:44:00+00:00,1.40,621.0,190812
2026-02-24 02:45:00+00:00,1.55,626.2,157045
2026-02-24 02:46:00+00:00,2.05,612.4,135080
2026-02-24 02:47:00+00:00,1.23,637.0,144871
2026-02-24 02:48:00+00:00,1.24,634.5,142265
2026-02-24 02:49:00+00:00,1.36,632.1,136793
2026-02-24 02:50:00+00:00,1.05,634.5,138813
2026-02-24 02:51:00+00:00,1.34,631.3,146690
2026-02-24 02:52:00+00:00,2.01,633.0,135701
2026-02-24 02:53:00+00:00,1.50,634.8,134295
2026-02-24 02:54:00+00:00,1.17,634.6,135005
2026-02-24 02:55:00+00:00,1.10,628.1,137240
2026-02-24 02:56:00+00:00,1.30,632.9,149333
2026-02-24 02:57:00+00:00,1.53,644.6,156434
2026-02-24 02:58:00+00:00,1.12,636.3,152718
2026-02-24 02:59:00+00:00,1.08,626.5,158270
2026-02-24 03:00:00+00:00,1.16,624.6,154033
2026-02-24 03:01:00+00:00,1.08,622.6,166109
2026-02-24 03:02:00+00:00,1.16,621.8,163076
2026-02-24 03:03:00+00:00,1.20,619.9,164071
2026-02-24 03:04:00+00:00,1.11,618.8,171651
2026-02-24 03:05:00+00:00,1.17,612.1,158780
2026-02-24 03:06:00+00:00,0.96,613.9,183843
2026-02-24 03:07:00+00:00,1.12,611.1,191038
2026-02-24 03:08:00+00:00,1.19,607.1,192606
2026-02-24 03:09:00+00:00,1.20,607.7,193307
2026-02-24 03:10:00+00:00,1.33,609.7,191091
2026-02-24 03:11:00+00:00,1.28,612.2,193619
2026-02-24 03:12:00+00:00,1.15,612.1,193906
2026-02-24 03:13:00+00:00,1.23,607.3,186603
2026-02-24 03:14:00+00:00,1.30,603.0,183156
2026-02-24 03:15:00+00:00,1.33,605.5,198830
2026-02-24 03:16:00+00:00,1.34,605.4,199819
2026-02-24 03:17:00+00:00,1.36,605.7,203501
2026-02-24 03:18:00+00:00,1.19,611.6,192887
2026-02-24 03:19:00+00:00,1.17,614.4,214407
2026-02-24 03:20:00+00:00,1.34,604.4,183380
2026-02-24 03:21:00+00:00,0.94,619.3,192304
2026-02-24 03:22:00+00:00,1.18,635.3,156121
2026-02-24 03:23:00+00:00,1.28,616.8,174335
2026-02-24 03:24:00+00:00,1.24,613.1,193161
2026-02-24 03:25:00+00:00,1.15,611.3,199935
2026-02-24 03:26:00+00:00,1.19,611.0,206451
2026-02-24 03:27:00+00:00,1.25,608.2,207283
2026-02-24 03:28:00+00:00,1.24,604.5,195059
2026-02-24 03:29:00+00:00,1.24,613.4,175023
2026-02-24 03:30:00+00:00,1.25,619.3,168742
2026-02-24 03:31:00+00:00,1.27,598.8,189352
2026-02-24 03:32:00+00:00,1.53,596.9,189077
2026-02-24 03:33:00+00:00,1.91,590.9,158534
2026-02-24 03:34:00+00:00,2.02,595.1,172309
2026-02-24 03:35:00+00:00,1.65,598.4,183453
2026-02-24 03:36:00+00:00,2.15,598.3,154054
2026-02-24 03:37:00+00:00,1.65,616.3,136077
2026-02-24 03:38:00+00:00,1.88,604.9,160313
2026-02-24 03:39:00+00:00,1.83,610.4,148016
2026-02-24 03:40:00+00:00,1.77,599.9,140318
2026-02-24 03:41:00+00:00,1.48,598.4,169036
2026-02-24 03:42:00+00:00,1.37,601.2,180806
2026-02-24 03:43:00+00:00,1.32,602.3,178272
2026-02-24 03:44:00+00:00,1.20,602.7,175420
2026-02-24 03:45:00+00:00,1.18,603.8,178669
2026-02-24 03:46:00+00:00,1.20,604.5,189822
2026-02-24 03:47:00+00:00,1.15,601.2,179145
2026-02-24 03:48:00+00:00,1.31,588.0,174630
2026-02-24 03:49:00+00:00,1.31,588.3,175764
2026-02-24 03:50:00+00:00,1.29,591.3,186689
2026-02-24 03:51:00+00:00,1.16,593.3,207569
2026-02-24 03:52:00+00:00,1.21,589.8,198580
2026-02-24 03:53:00+00:00,1.19,594.5,219097
2026-02-24 03:54:00+00:00,1.23,595.0,211711
2026-02-24 03:55:00+00:00,1.27,598.9,214349
2026-02-24 03:56:00+00:00,1.13,597.6,240973
2026-02-24 03:57:00+00:00,1.25,596.3,249555
2026-02-24 03:58:00+00:00,1.30,600.9,238370
2026-02-24 04:00:00+00:00,1.04,606.6,221217
2026-02-24 04:01:00+00:00,1.10,604.1,222210
2026-02-24 04:02:00+00:00,1.18,599.5,229491
2026-02-24 04:03:00+00:00,1.16,597.5,234673
2026-02-24 04:04:00+00:00,1.29,592.9,211154
2026-02-24 04:05:00+00:00,1.44,593.1,224366
2026-02-24 04:06:00+00:00,1.29,593.1,246297
2026-02-24 04:07:00+00:00,1.24,591.5,215187
2026-02-24 04:08:00+00:00,1.20,591.5,213263
2026-02-24 04:09:00+00:00,1.25,589.8,212752
2026-02-24 04:10:00+00:00,1.24,587.3,198832
2026-02-24 04:11:00+00:00,1.23,586.5,177302
2026-02-24 04:12:00+00:00,1.26,585.6,176818
2026-02-24 04:13:00+00:00,1.19,587.2,196580
2026-02-24 04:14:00+00:00,1.18,586.6,193497
2026-02-24 04:15:00+00:00,1.07,580.9,127386
2026-02-24 04:16:00+00:00,1.07,581.5,134033
2026-02-24 04:17:00+00:00,1.21,588.8,212576
2026-02-24 04:18:00+00:00,1.18,589.9,204096
2026-02-24 04:19:00+00:00,1.19,589.5,195916
2026-02-24 04:20:00+00:00,1.03,592.1,189381
2026-02-24 04:21:00+00:00,1.17,586.2,182295
2026-02-24 04:22:00+00:00,1.17,586.3,182168
2026-02-24 04:23:00+00:00,1.16,587.0,178477
2026-02-24 04:24:00+00:00,1.24,586.3,203572
2026-02-24 04:25:00+00:00,1.16,586.7,187152
2026-02-24 04:26:00+00:00,1.27,576.4,87313
2026-02-24 04:27:00+00:00,1.18,585.5,144872
2026-02-24 04:28:00+00:00,1.23,589.1,191345
2026-02-24 04:29:00+00:00,1.18,588.5,186741
2026-02-24 04:30:00+00:00,1.14,590.3,207769
2026-02-24 04:31:00+00:00,1.16,590.1,208927
2026-02-24 04:32:00+00:00,1.21,587.7,189913
2026-02-24 04:33:00+00:00,1.20,587.9,190542
2026-02-24 04:34:00+00:00,1.12,588.8,178395
2026-02-24 04:35:00+00:00,1.15,589.8,173966
2026-02-24 04:36:00+00:00,1.28,596.1,219698
2026-02-24 04:37:00+00:00,1.28,591.0,211927
2026-02-24 04:38:00+00:00,1.38,595.8,193912
2026-02-24 04:39:00+00:00,1.22,598.2,207796
2026-02-24 04:40:00+00:00,1.24,609.9,223326
2026-02-24 04:41:00+00:00,1.75,603.2,194551
2026-02-24 04:42:00+00:00,1.33,599.8,186636
2026-02-24 04:43:00+00:00,1.53,598.7,187843
2026-02-24 04:44:00+00:00,1.58,600.5,186863
2026-02-24 04:45:00+00:00,1.46,608.9,181360
2026-02-24 04:46:00+00:00,1.55,607.6,175472
2026-02-24 04:47:00+00:00,1.57,610.9,173328
2026-02-24 04:48:00+00:00,1.76,625.6,155162
2026-02-24 04:49:00+00:00,1.97,628.7,135880
2026-02-24 04:50:00+00:00,1.80,619.3,142946
2026-02-24 04:51:00+00:00,2.14,621.1,140145
2026-02-24 04:52:00+00:00,2.15,618.3,140039
2026-02-24 04:53:00+00:00,2.03,618.4,139958
2026-02-24 04:54:00+00:00,1.31,,
2026-02-24 04:55:00+00:00,1.31,615.8,169430
2026-02-24 04:56:00+00:00,1.35,619.7,166180
2026-02-24 04:57:00+00:00,1.61,624.0,166422
2026-02-24 04:58:00+00:00,1.44,628.4,149081
2026-02-24 04:59:00+00:00,1.41,619.8,186852
2026-02-24 05:00:00+00:00,1.36,623.6,153592
2026-02-24 05:01:00+00:00,1.35,617.7,138236
2026-02-24 05:02:00+00:00,1.31,611.5,148737
2026-02-24 05:03:00+00:00,1.28,608.0,152967
2026-02-24 05:04:00+00:00,1.25,605.1,157402
2026-02-24 05:05:00+00:00,1.14,604.0,179011
2026-02-24 05:06:00+00:00,1.08,603.6,213160
2026-02-24 05:07:00+00:00,1.28,604.5,233683
2026-02-24 05:08:00+00:00,1.34,598.9,215314
2026-02-24 05:09:00+00:00,1.57,590.2,212618
2026-02-24 05:10:00+00:00,1.41,600.2,203749
2026-02-24 05:11:00+00:00,1.73,586.8,185601
2026-02-24 05:12:00+00:00,1.44,596.9,239577
2026-02-24 05:13:00+00:00,1.71,584.1,184198
2026-02-24 05:14:00+00:00,2.00,590.2,196504
2026-02-24 05:15:00+00:00,1.98,590.7,197767
2026-02-24 05:16:00+00:00,1.71,589.2,194099
2026-02-24 05:17:00+00:00,1.68,589.3,198631
2026-02-24 05:18:00+00:00,1.88,594.0,195648
2026-02-24 05:19:00+00:00,1.74,603.5,194217
2026-02-24 05:20:00+00:00,1.58,608.5,191954
2026-02-24 05:21:00+00:00,1.69,599.6,190347
2026-02-24 05:22:00+00:00,1.59,591.0,203632
2026-02-24 05:23:00+00:00,1.25,605.8,210438
2026-02-24 05:24:00+00:00,0.97,620.4,200822
2026-02-24 05:25:00+00:00,1.36,614.1,175805
2026-02-24 05:26:00+00:00,1.14,621.7,269519
2026-02-24 05:28:00+00:00,1.20,602.0,219095
2026-02-24 05:29:00+00:00,1.08,604.2,213844
2026-02-24 05:30:00+00:00,1.18,602.9,238287
2026-02-24 05:31:00+00:00,1.24,599.4,237067
2026-02-24 05:32:00+00:00,1.22,605.2,219967
2026-02-24 05:33:00+00:00,1.45,613.3,197922
2026-02-24 05:34:00+00:00,1.46,618.0,178034
2026-02-24 05:35:00+00:00,1.35,619.7,169954
2026-02-24 05:36:00+00:00,1.58,627.1,152243
2026-02-24 05:37:00+00:00,1.96,633.6,130569
2026-02-24 05:38:00+00:00,2.04,627.0,132100
2026-02-24 05:39:00+00:00,1.97,621.5,131802
2026-02-24 05:40:00+00:00,1.95,621.6,144895
2026-02-24 05:41:00+00:00,1.65,629.1,150945
2026-02-24 05:42:00+00:00,2.10,628.8,128979
2026-02-24 05:43:00+00:00,2.08,615.0,136083
2026-02-24 05:44:00+00:00,2.08,616.3,143057
2026-02-24 05:45:00+00:00,1.41,607.2,216117
2026-02-24 05:46:00+00:00,1.18,612.5,196569
2026-02-24 05:47:00+00:00,1.13,613.4,189460
2026-02-24 05:48:00+00:00,1.08,608.9,193946
2026-02-24 05:49:00+00:00,1.23,604.0,203232
2026-02-24 05:50:00+00:00,1.28,599.9,207222
2026-02-24 05:51:00+00:00,1.26,601.0,207176
2026-02-24 05:52:00+00:00,1.24,605.6,205232
2026-02-24 05:53:00+00:00,1.22,605.4,193299
2026-02-24 05:54:00+00:00,1.24,602.1,188752
2026-02-24 05:55:00+00:00,1.11,604.5,212974
2026-02-24 05:56:00+00:00,1.02,606.3,205309
2026-02-24 05:57:00+00:00,1.29,608.0,210094
2026-02-24 05:58:00+00:00,1.23,608.6,208145
2026-02-24 05:59:00+00:00,1.26,607.3,191608
2026-02-24 06:00:00+00:00,1.26,,
2026-02-24 06:01:00+00:00,1.27,599.1,184121
2026-02-24 06:02:00+00:00,1.07,611.3,171435
2026-02-24 06:03:00+00:00,1.15,604.7,175157
2026-02-24 06:04:00+00:00,1.25,609.5,195386
2026-02-24 06:05:00+00:00,1.19,610.9,186461
2026-02-24 06:06:00+00:00,1.21,605.8,195805
2026-02-24 06:07:00+00:00,1.26,607.3,185470
2026-02-24 06:08:00+00:00,1.25,608.0,183275
2026-02-24 06:09:00+00:00,1.23,603.7,210196
2026-02-24 06:10:00+00:00,1.20,612.3,186055
2026-02-24 06:11:00+00:00,1.17,624.9,146669
2026-02-24 06:12:00+00:00,1.31,613.6,164267
2026-02-24 06:13:00+00:00,1.22,610.3,158383
2026-02-24 06:14:00+00:00,1.26,614.3,160574
2026-02-24 06:15:00+00:00,1.09,618.3,172284
2026-02-24 06:16:00+00:00,1.73,594.2,215167
2026-02-24 06:17:00+00:00,1.39,599.1,195528
2026-02-24 06:18:00+00:00,1.27,611.8,192367
2026-02-24 06:19:00+00:00,1.30,613.6,171914
2026-02-24 06:20:00+00:00,1.16,604.8,187468
2026-02-24 06:21:00+00:00,1.11,602.6,180075
2026-02-24 06:22:00+00:00,1.24,600.8,179012
2026-02-24 06:23:00+00:00,1.23,604.6,184504
2026-02-24 06:24:00+00:00,1.16,607.8,180750
2026-02-24 06:25:00+00:00,1.20,600.0,182431
2026-02-24 06:26:00+00:00,1.16,595.3,186258
2026-02-24 06:27:00+00:00,1.22,602.1,181055
2026-02-24 06:28:00+00:00,1.38,600.4,198984
2026-02-24 06:29:00+00:00,1.34,594.3,178320
2026-02-24 06:30:00+00:00,1.47,604.0,171595
2026-02-24 06:31:00+00:00,1.40,611.8,160358
2026-02-24 06:32:00+00:00,1.26,618.8,142308
2026-02-24 06:33:00+00:00,1.26,619.1,141686
2026-02-24 06:34:00+00:00,1.07,615.3,136155
2026-02-24 06:35:00+00:00,1.45,598.7,152308
2026-02-24 06:36:00+00:00,1.54,595.9,141901
2026-02-24 06:37:00+00:00,1.83,599.9,140717
2026-02-24 06:38:00+00:00,1.71,598.7,149884
2026-02-24 06:39:00+00:00,1.46,597.8,158377
2026-02-24 06:40:00+00:00,1.40,598.2,155492
2026-02-24 06:41:00+00:00,1.34,597.6,153270
2026-02-24 06:42:00+00:00,1.51,610.4,157206
2026-02-24 06:43:00+00:00,2.02,637.8,139570
2026-02-24 06:44:00+00:00,2.06,636.5,139923
2026-02-24 06:45:00+00:00,2.09,628.7,144493
2026-02-24 06:46:00+00:00,1.96,626.0,141570
2026-02-24 06:47:00+00:00,2.22,630.9,193624
2026-02-24 06:48:00+00:00,1.99,643.4,129476
2026-02-24 06:49:00+00:00,1.82,626.7,108149
2026-02-24 06:50:00+00:00,1.88,615.4,137473
2026-02-24 06:51:00+00:00,1.56,612.4,126735
2026-02-24 06:52:00+00:00,1.39,604.7,143430
2026-02-24 06:53:00+00:00,1.55,602.5,140234
2026-02-24 06:54:00+00:00,1.66,603.7,154245
2026-02-24 06:55:00+00:00,1.58,607.4,167012
2026-02-24 06:56:00+00:00,1.50,609.0,165624
2026-02-24 06:57:00+00:00,1.51,614.2,158996
2026-02-24 06:58:00+00:00,1.48,626.9,145970
2026-02-24 06:59:00+00:00,1.45,626.3,151339
2026-02-24 07:00:00+00:00,1.49,625.6,142368
2026-02-24 07:01:00+00:00,1.78,635.2,131440
2026-02-24 07:02:00+00:00,1.61,619.2,121128
2026-02-24 07:03:00+00:00,2.41,635.9,178253
2026-02-24 07:04:00+00:00,1.44,620.0,116440
2026-02-24 07:05:00+00:00,1.81,624.4,130809
2026-02-24 07:06:00+00:00,1.86,624.9,132643
2026-02-24 07:07:00+00:00,1.96,621.0,127823
2026-02-24 07:08:00+00:00,1.78,631.2,115922
2026-02-24 07:09:00+00:00,1.68,630.6,134827
2026-02-24 07:10:00+00:00,1.47,623.5,121525
2026-02-24 07:11:00+00:00,1.55,619.9,124350
2026-02-24 07:12:00+00:00,1.91,620.3,161193
2026-02-24 07:13:00+00:00,1.57,606.0,132669
2026-02-24 07:14:00+00:00,0.90,596.2,94041
2026-02-24 07:15:00+00:00,1.38,635.0,176684
2026-02-24 07:16:00+00:00,1.23,634.2,140696
2026-02-24 07:17:00+00:00,1.30,629.9,145862
2026-02-24 07:18:00+00:00,0.93,585.0,62302
2026-02-24 07:19:00+00:00,1.34,639.6,122889
2026-02-24 07:20:00+00:00,1.92,656.5,259668
2026-02-24 07:21:00+00:00,1.72,638.2,177044
2026-02-24 07:22:00+00:00,2.23,630.2,191452
2026-02-24 07:23:00+00:00,2.10,629.6,155296
2026-02-24 07:24:00+00:00,1.65,620.6,118838
2026-02-24 07:25:00+00:00,1.40,596.1,83422
2026-02-24 07:26:00+00:00,3.59,601.4,107757
2026-02-24 07:27:00+00:00,3.65,612.5,137997
2026-02-24 07:28:00+00:00,2.12,611.0,148400
2026-02-24 07:29:00+00:00,1.90,593.6,125581
2026-02-24 07:30:00+00:00,1.52,587.1,129696
2026-02-24 07:31:00+00:00,1.90,635.6,258873
2026-02-24 07:32:00+00:00,1.28,601.4,173875
2026-02-24 07:33:00+00:00,1.41,595.9,159178
2026-02-24 07:34:00+00:00,1.63,626.6,217709
2026-02-24 07:35:00+00:00,1.06,606.7,177753
2026-02-24 07:36:00+00:00,1.09,599.1,156654
2026-02-24 07:37:00+00:00,0.67,566.8,91435
2026-02-24 07:38:00+00:00,1.57,618.2,258618
2026-02-24 07:39:00+00:00,1.76,629.2,293488
2026-02-24 07:40:00+00:00,2.20,607.4,310534
2026-02-24 07:41:00+00:00,2.33,582.0,152284
2026-02-24 07:42:00+00:00,2.11,586.8,165865
2026-02-24 07:43:00+00:00,1.83,597.9,199400
2026-02-24 07:44:00+00:00,1.48,586.6,130130
2026-02-24 07:45:00+00:00,1.60,595.8,156012
2026-02-24 07:46:00+00:00,2.32,620.4,216731
2026-02-24 07:47:00+00:00,1.90,603.9,134142
2026-02-24 07:48:00+00:00,2.16,603.4,115798
2026-02-24 07:49:00+00:00,3.23,568.9,78741
2026-02-24 07:50:00+00:00,1.65,635.0,256034
2026-02-24 07:51:00+00:00,2.02,618.5,245861
2026-02-24 07:52:00+00:00,1.69,604.9,193754
2026-02-24 07:53:00+00:00,1.43,603.4,198026
2026-02-24 07:54:00+00:00,1.63,599.7,143031
2026-02-24 07:55:00+00:00,1.78,607.3,137551
2026-02-24 07:56:00+00:00,1.23,581.0,80910
2026-02-24 07:57:00+00:00,4.20,606.3,122510
2026-02-24 07:58:00+00:00,3.49,607.6,187122
2026-02-24 07:59:00+00:00,1.66,593.0,176066
2026-02-24 08:00:00+00:00,1.38,585.3,120588
2026-02-24 08:01:00+00:00,1.24,591.9,159054
2026-02-24 08:02:00+00:00,1.95,619.6,262471
2026-02-24 08:03:00+00:00,1.89,609.0,204293
2026-02-24 08:04:00+00:00,2.11,602.4,163025
2026-02-24 08:05:00+00:00,2.51,610.0,201042
2026-02-24 08:06:00+00:00,2.15,591.0,135126
2026-02-24 08:07:00+00:00,3.82,625.8,134548
2026-02-24 08:08:00+00:00,0.79,565.7,92474
2026-02-24 08:09:00+00:00,2.49,620.1,264413
2026-02-24 08:10:00+00:00,2.64,610.4,219592
2026-02-24 08:11:00+00:00,1.89,596.8,164484
2026-02-24 08:12:00+00:00,1.66,593.7,151613
2026-02-24 08:13:00+00:00,2.09,590.8,172312
2026-02-24 08:14:00+00:00,1.97,593.3,174478
2026-02-24 08:15:00+00:00,1.94,591.7,168838
2026-02-24 08:16:00+00:00,1.97,598.4,170220
2026-02-24 08:17:00+00:00,1.80,611.1,200843
2026-02-24 08:18:00+00:00,1.50,610.2,216890
2026-02-24 08:19:00+00:00,1.47,605.6,176869
2026-02-24 08:20:00+00:00,1.99,593.4,192626
2026-02-24 08:21:00+00:00,2.25,614.1,263651
2026-02-24 08:22:00+00:00,2.02,602.6,223688
2026-02-24 08:23:00+00:00,1.65,588.7,160165
2026-02-24 08:24:00+00:00,1.61,590.3,143234
2026-02-24 08:25:00+00:00,1.55,601.9,174637
2026-02-24 08:26:00+00:00,1.69,600.3,190562
2026-02-24 08:27:00+00:00,1.44,603.6,177228
2026-02-24 08:28:00+00:00,1.49,625.4,231760
2026-02-24 08:29:00+00:00,1.89,619.1,233741
2026-02-24 08:30:00+00:00,1.83,605.6,199955
2026-02-24 08:31:00+00:00,1.63,597.1,166100
2026-02-24 08:32:00+00:00,1.72,598.1,173269
2026-02-24 08:33:00+00:00,1.88,609.1,208424
2026-02-24 08:34:00+00:00,1.73,606.3,178801
2026-02-24 08:35:00+00:00,1.30,590.3,110938
2026-02-24 08:36:00+00:00,1.62,605.9,142618
2026-02-24 08:37:00+00:00,1.96,601.9,162416
2026-02-24 08:38:00+00:00,1.33,600.5,121540
2026-02-24 08:39:00+00:00,0.92,557.9,56127
2026-02-24 08:40:00+00:00,1.80,600.9,133026
2026-02-24 08:41:00+00:00,2.14,614.1,183348
2026-02-24 08:42:00+00:00,1.89,611.0,164559
2026-02-24 08:43:00+00:00,1.53,603.3,155683
2026-02-24 08:44:00+00:00,1.58,610.1,163649
2026-02-24 08:45:00+00:00,1.64,613.9,167593
2026-02-24 08:46:00+00:00,1.16,570.9,65270
2026-02-24 08:47:00+00:00,1.23,592.1,114627
2026-02-24 08:48:00+00:00,1.31,616.4,164190
2026-02-24 08:49:00+00:00,1.24,624.7,158678
2026-02-24 08:50:00+00:00,1.05,616.6,139223
2026-02-24 08:51:00+00:00,1.13,582.9,131722
2026-02-24 08:52:00+00:00,2.14,592.6,172673
2026-02-24 08:53:00+00:00,3.68,604.5,140976
2026-02-24 08:54:00+00:00,0.99,595.8,171566
2026-02-24 08:55:00+00:00,1.93,597.2,204179
2026-02-24 08:56:00+00:00,1.15,598.3,184381
2026-02-24 08:57:00+00:00,1.45,594.0,191853
2026-02-24 08:58:00+00:00,0.66,565.5,125905
2026-02-24 08:59:00+00:00,1.56,599.0,264225
2026-02-24 09:00:00+00:00,1.65,595.9,228255
2026-02-24 09:01:00+00:00,1.56,597.1,209576
2026-02-24 09:02:00+00:00,1.27,592.8,175432
2026-02-24 09:03:00+00:00,1.22,595.6,150130
2026-02-24 09:04:00+00:00,1.56,603.7,170596
2026-02-24 09:05:00+00:00,1.34,587.3,161411
2026-02-24 09:06:00+00:00,1.02,575.9,166258
2026-02-24 09:07:00+00:00,1.89,602.2,256763
2026-02-24 09:08:00+00:00,1.59,583.6,189180
2026-02-24 09:09:00+00:00,1.67,594.0,217798
2026-02-24 09:10:00+00:00,0.96,567.5,137587
2026-02-24 09:11:00+00:00,1.81,620.5,266303
2026-02-24 09:12:00+00:00,1.60,591.5,207037
2026-02-24 09:13:00+00:00,2.06,593.8,119732
2026-02-24 09:14:00+00:00,1.69,587.3,181227
2026-02-24 09:15:00+00:00,1.48,589.7,179433
2026-02-24 09:16:00+00:00,1.67,584.2,186684
2026-02-24 09:17:00+00:00,0.99,571.1,139948
2026-02-24 09:18:00+00:00,0.54,565.2,109885
2026-02-24 09:19:00+00:00,2.58,596.3,161754
2026-02-24 09:20:00+00:00,2.07,598.0,152119
2026-02-24 09:21:00+00:00,1.28,589.7,147911
2026-02-24 09:22:00+00:00,1.45,579.4,175119
2026-02-24 09:23:00+00:00,2.23,595.3,195057
2026-02-24 09:24:00+00:00,1.63,581.4,157721
2026-02-24 09:25:00+00:00,1.13,572.7,139006
2026-02-24 09:26:00+00:00,2.48,592.1,210902
2026-02-24 09:27:00+00:00,2.00,588.9,177018
2026-02-24 09:28:00+00:00,2.03,583.5,170828
2026-02-24 09:29:00+00:00,0.75,565.3,109293
2026-02-24 09:30:00+00:00,2.15,591.6,199898
2026-02-24 09:31:00+00:00,2.39,591.6,170786
2026-02-24 09:32:00+00:00,3.75,594.1,111256
2026-02-24 09:33:00+00:00,2.61,583.1,131907
2026-02-24 09:34:00+00:00,2.10,581.1,201294
2026-02-24 09:35:00+00:00,1.92,583.4,202085
2026-02-24 09:36:00+00:00,1.02,574.6,165271
2026-02-24 09:37:00+00:00,1.40,578.2,200974
2026-02-24 09:38:00+00:00,2.57,593.2,235041
2026-02-24 09:39:00+00:00,1.93,578.8,162531
2026-02-24 09:40:00+00:00,1.86,578.8,162119
2026-02-24 09:41:00+00:00,0.86,564.6,119826
2026-02-24 09:42:00+00:00,2.69,604.7,253780
2026-02-24 09:43:00+00:00,2.36,584.4,174831
2026-02-24 09:44:00+00:00,1.66,582.1,183387
2026-02-24 09:45:00+00:00,1.88,593.2,218533
2026-02-24 09:46:00+00:00,1.12,607.8,187374
2026-02-24 09:47:00+00:00,1.47,618.9,176044
2026-02-24 09:48:00+00:00,1.19,590.4,108576
2026-02-24 09:49:00+00:00,1.35,604.9,155632
2026-02-24 09:50:00+00:00,1.64,622.8,233007
2026-02-24 09:51:00+00:00,1.72,624.1,258790
2026-02-24 09:52:00+00:00,1.90,636.1,224494
2026-02-24 09:53:00+00:00,1.82,632.5,201938
2026-02-24 09:54:00+00:00,1.59,620.7,154974
2026-02-24 09:55:00+00:00,1.33,606.0,140428
2026-02-24 09:56:00+00:00,1.43,602.2,160367
2026-02-24 09:57:00+00:00,1.55,613.3,185303
2026-02-24 09:58:00+00:00,1.10,602.2,126038
2026-02-24 09:59:00+00:00,2.23,610.3,206268
2026-02-24 10:00:00+00:00,1.49,613.7,147808
2026-02-24 10:01:00+00:00,1.86,632.4,259738
2026-02-24 10:02:00+00:00,1.57,628.0,192582
2026-02-24 10:03:00+00:00,1.48,620.5,137336
2026-02-24 10:04:00+00:00,1.79,615.2,161447
2026-02-24 10:05:00+00:00,1.75,607.8,172901
2026-02-24 10:06:00+00:00,1.45,607.5,169040
2026-02-24 10:07:00+00:00,0.88,586.6,117303
2026-02-24 10:08:00+00:00,1.09,587.7,164157
2026-02-24 10:09:00+00:00,1.78,608.8,238777
2026-02-24 10:10:00+00:00,1.45,593.5,149822
2026-02-24 10:11:00+00:00,1.23,597.1,147211
2026-02-24 10:12:00+00:00,1.16,583.3,137201
2026-02-24 10:13:00+00:00,1.25,588.3,206390
2026-02-24 10:14:00+00:00,1.82,594.7,139600
2026-02-24 10:15:00+00:00,1.94,597.4,151068
2026-02-24 10:16:00+00:00,2.76,600.8,212441
2026-02-24 10:17:00+00:00,3.51,601.1,109625
2026-02-24 10:18:00+00:00,1.66,595.5,195068
2026-02-24 10:19:00+00:00,1.82,587.0,184610
2026-02-24 10:20:00+00:00,4.48,602.6,181738
2026-02-24 10:21:00+00:00,2.77,617.6,171964
2026-02-24 10:22:00+00:00,1.39,623.0,208274
2026-02-24 10:23:00+00:00,1.58,618.2,215932
2026-02-24 10:24:00+00:00,1.60,612.6,190316
2026-02-24 10:25:00+00:00,1.28,591.7,137638
2026-02-24 10:26:00+00:00,1.32,590.7,159247
2026-02-24 10:27:00+00:00,1.53,592.6,232819
2026-02-24 10:28:00+00:00,1.80,604.1,288802
2026-02-24 10:29:00+00:00,1.16,590.8,195341
2026-02-24 10:30:00+00:00,1.41,599.4,253863
2026-02-24 10:31:00+00:00,1.64,632.8,129107
2026-02-24 10:32:00+00:00,1.80,647.9,222890
2026-02-24 10:33:00+00:00,2.30,617.1,202131
2026-02-24 10:34:00+00:00,3.28,597.9,88103
2026-02-24 10:35:00+00:00,1.87,601.2,145170
2026-02-24 10:36:00+00:00,1.26,602.0,158443
2026-02-24 10:37:00+00:00,1.31,599.6,181805
2026-02-24 10:38:00+00:00,0.92,576.4,144049
2026-02-24 10:39:00+00:00,1.14,591.9,196174
2026-02-24 10:40:00+00:00,1.74,613.5,310294
2026-02-24 10:41:00+00:00,1.84,595.4,280040
2026-02-24 10:42:00+00:00,1.82,587.9,176637
2026-02-24 10:43:00+00:00,1.75,587.3,176066
2026-02-24 10:44:00+00:00,2.15,589.2,206307
2026-02-24 10:45:00+00:00,1.44,584.8,186700
2026-02-24 10:46:00+00:00,0.67,578.5,67876
2026-02-24 10:47:00+00:00,1.59,604.8,140315
2026-02-24 10:48:00+00:00,1.49,631.3,133044
2026-02-24 10:49:00+00:00,1.77,613.0,173559
2026-02-24 10:50:00+00:00,0.82,569.5,76665
2026-02-24 10:51:00+00:00,1.42,583.7,130061
2026-02-24 10:52:00+00:00,2.04,595.8,181795
2026-02-24 10:53:00+00:00,2.05,586.7,174486
2026-02-24 10:54:00+00:00,1.98,582.4,172288
2026-02-24 10:55:00+00:00,2.06,580.8,178657
2026-02-24 10:56:00+00:00,1.97,576.6,176276
2026-02-24 10:57:00+00:00,1.77,575.5,174139
2026-02-24 10:58:00+00:00,2.22,581.4,209888
2026-02-24 10:59:00+00:00,1.98,576.2,181748
2026-02-24 11:00:00+00:00,1.37,562.6,102180
2026-02-24 11:01:00+00:00,2.19,579.3,162364
2026-02-24 11:02:00+00:00,1.57,572.1,124792
2026-02-24 11:03:00+00:00,2.22,579.8,149706
2026-02-24 11:04:00+00:00,2.48,583.2,164685
2026-02-24 11:05:00+00:00,2.25,570.2,103720
2026-02-24 11:06:00+00:00,2.34,590.3,250643
2026-02-24 11:07:00+00:00,2.23,579.4,200711
2026-02-24 11:08:00+00:00,2.55,583.1,208146
2026-02-24 11:09:00+00:00,1.62,566.8,156807
2026-02-24 11:10:00+00:00,1.88,573.9,177055
2026-02-24 11:11:00+00:00,2.40,580.4,195987
2026-02-24 11:12:00+00:00,2.33,574.0,177227
2026-02-24 11:13:00+00:00,2.40,575.6,191213
2026-02-24 11:14:00+00:00,2.23,576.2,200585
2026-02-24 11:15:00+00:00,2.08,578.6,198346
2026-02-24 11:16:00+00:00,1.88,576.2,175441
2026-02-24 11:17:00+00:00,1.12,559.6,106650
2026-02-24 11:18:00+00:00,5.75,597.8,152359
2026-02-24 11:19:00+00:00,1.32,583.1,195546
2026-02-24 11:20:00+00:00,1.18,581.1,177936
2026-02-24 11:21:00+00:00,1.22,572.3,149079
2026-02-24 11:22:00+00:00,1.61,610.7,246843
2026-02-24 11:23:00+00:00,1.35,601.0,187104
2026-02-24 11:24:00+00:00,1.55,591.4,172158
2026-02-24 11:25:00+00:00,1.61,594.2,172221
2026-02-24 11:26:00+00:00,1.49,599.3,160242
2026-02-24 11:27:00+00:00,1.16,601.5,153800
2026-02-24 11:28:00+00:00,0.78,586.5,122471
2026-02-24 11:29:00+00:00,1.02,583.2,123547
2026-02-24 11:30:00+00:00,1.73,612.1,198354
2026-02-24 11:31:00+00:00,1.22,597.8,136181
2026-02-24 11:32:00+00:00,1.34,598.8,150424
2026-02-24 11:33:00+00:00,1.93,603.0,226645
2026-02-24 11:34:00+00:00,1.70,595.4,267233
2026-02-24 11:35:00+00:00,2.41,577.1,137556
2026-02-24 11:36:00+00:00,0.91,552.5,73735
2026-02-24 11:37:00+00:00,1.90,602.6,280096
2026-02-24 11:38:00+00:00,1.50,589.5,186708
2026-02-24 11:39:00+00:00,1.30,594.0,169419
2026-02-24 11:40:00+00:00,1.14,568.4,132055
2026-02-24 11:41:00+00:00,1.94,581.1,227725
2026-02-24 11:42:00+00:00,3.27,594.2,199297
2026-02-24 11:43:00+00:00,2.64,587.9,148894
2026-02-24 11:44:00+00:00,1.52,587.3,215555
2026-02-24 11:45:00+00:00,2.15,594.0,201219
2026-02-24 11:46:00+00:00,2.44,594.8,104628
2026-02-24 11:47:00+00:00,1.42,597.3,184404
2026-02-24 11:48:00+00:00,1.59,608.2,231516
2026-02-24 11:49:00+00:00,1.84,624.4,325500
2026-02-24 11:50:00+00:00,1.53,591.5,147598
2026-02-24 11:51:00+00:00,1.48,602.9,201274
2026-02-24 11:52:00+00:00,1.16,580.0,125358
2026-02-24 11:53:00+00:00,1.72,615.4,209444
2026-02-24 11:54:00+00:00,1.50,601.9,160992
2026-02-24 11:55:00+00:00,1.36,591.6,137811
2026-02-24 11:56:00+00:00,1.41,592.2,144755
2026-02-24 11:57:00+00:00,1.18,591.5,148644
2026-02-24 11:58:00+00:00,1.16,589.2,140715
2026-02-24 11:59:00+00:00,1.35,592.5,149340
2026-02-24 12:00:00+00:00,1.55,608.9,195509
2026-02-24 12:01:00+00:00,1.66,614.3,214979
2026-02-24 12:02:00+00:00,1.47,594.9,164279
2026-02-24 12:03:00+00:00,1.20,592.5,134819
2026-02-24 12:04:00+00:00,1.78,590.7,200943
2026-02-24 12:05:00+00:00,1.75,589.9,200665
2026-02-24 12:06:00+00:00,1.54,583.1,198141
2026-02-24 12:07:00+00:00,1.72,582.3,197623
2026-02-24 12:08:00+00:00,0.88,549.0,29029
2026-02-24 12:09:00+00:00,4.47,589.4,109918
2026-02-24 12:10:00+00:00,1.94,592.4,165634
2026-02-24 12:11:00+00:00,1.88,602.3,149100
2026-02-24 12:12:00+00:00,2.25,617.1,163126
2026-02-24 12:13:00+00:00,1.99,619.7,136217
2026-02-24 12:14:00+00:00,1.39,603.9,85282
2026-02-24 12:15:00+00:00,1.71,611.3,97699
2026-02-24 12:16:00+00:00,3.90,637.8,130393
2026-02-24 12:17:00+00:00,4.27,635.4,132902
2026-02-24 12:18:00+00:00,1.10,599.4,114902
2026-02-24 12:19:00+00:00,0.71,578.6,62667
2026-02-24 12:20:00+00:00,1.40,611.1,140531
2026-02-24 12:21:00+00:00,2.11,601.1,283155
2026-02-24 12:22:00+00:00,1.99,581.8,83061
2026-02-24 12:23:00+00:00,1.60,574.8,182414
2026-02-24 12:24:00+00:00,1.25,608.1,192902
2026-02-24 12:25:00+00:00,1.57,643.2,190710
2026-02-24 12:26:00+00:00,1.26,581.7,121648
2026-02-24 12:27:00+00:00,1.09,596.9,138299
2026-02-24 12:28:00+00:00,1.08,599.5,149191
2026-02-24 12:29:00+00:00,1.23,596.7,172876
2026-02-24 12:30:00+00:00,1.13,577.8,142117
2026-02-24 12:31:00+00:00,1.65,569.5,130775
2026-02-24 12:32:00+00:00,3.07,581.6,137365
2026-02-24 12:33:00+00:00,3.26,596.8,188342
2026-02-24 12:34:00+00:00,1.77,602.9,295292
2026-02-24 12:35:00+00:00,1.69,585.0,229690
2026-02-24 12:36:00+00:00,1.98,573.4,142245
2026-02-24 12:37:00+00:00,0.90,578.4,136464
2026-02-24 12:38:00+00:00,0.95,579.5,137438
2026-02-24 12:39:00+00:00,2.60,612.0,165677
2026-02-24 12:40:00+00:00,2.72,595.1,170245
2026-02-24 12:41:00+00:00,2.09,591.2,126186
2026-02-24 12:42:00+00:00,1.20,582.7,78568
2026-02-24 12:43:00+00:00,1.71,587.6,111202
2026-02-24 12:44:00+00:00,3.26,598.7,85391
2026-02-24 12:45:00+00:00,1.73,580.4,77693
2026-02-24 12:46:00+00:00,1.40,586.0,149566
2026-02-24 12:47:00+00:00,1.80,612.3,172488
2026-02-24 12:48:00+00:00,1.74,619.4,190218
2026-02-24 12:49:00+00:00,1.51,589.7,202164
2026-02-24 12:50:00+00:00,1.28,558.8,145465
2026-02-24 12:51:00+00:00,2.53,577.1,189983
2026-02-24 12:52:00+00:00,1.47,574.2,161855
2026-02-24 12:53:00+00:00,1.53,594.9,286156
2026-02-24 12:54:00+00:00,1.60,592.3,161721
2026-02-24 12:55:00+00:00,1.48,586.4,172270
2026-02-24 12:56:00+00:00,1.56,575.6,130820
2026-02-24 12:57:00+00:00,0.67,551.6,111346
2026-02-24 12:58:00+00:00,2.80,576.7,203250
2026-02-24 12:59:00+00:00,1.93,566.0,166731
2026-02-24 13:00:00+00:00,3.85,576.2,138073
2026-02-24 13:01:00+00:00,2.29,562.5,131729
2026-02-24 13:02:00+00:00,1.33,574.1,192734
2026-02-24 13:03:00+00:00,1.59,595.1,228511
2026-02-24 13:04:00+00:00,1.39,611.6,241134
2026-02-24 13:05:00+00:00,1.54,635.7,255944
2026-02-24 13:06:00+00:00,1.81,635.9,216507
2026-02-24 13:07:00+00:00,1.65,617.6,183246
2026-02-24 13:08:00+00:00,1.83,633.6,147609
2026-02-24 13:09:00+00:00,1.69,584.7,106900
2026-02-24 13:10:00+00:00,3.06,,
2026-02-24 13:11:00+00:00,3.06,623.5,314275
2026-02-24 13:12:00+00:00,1.37,580.6,115444
2026-02-24 13:13:00+00:00,1.09,567.3,83019
2026-02-24 13:14:00+00:00,2.01,605.0,264357
2026-02-24 13:15:00+00:00,1.79,590.0,158490
2026-02-24 13:16:00+00:00,1.94,581.1,138131
2026-02-24 13:17:00+00:00,2.34,584.0,151718
2026-02-24 13:18:00+00:00,4.18,591.5,122596
2026-02-24 13:19:00+00:00,3.53,590.3,135764
2026-02-24 13:20:00+00:00,2.03,574.9,135826
2026-02-24 13:21:00+00:00,2.34,579.6,124905
2026-02-24 13:22:00+00:00,1.96,609.5,196047
2026-02-24 13:23:00+00:00,1.87,604.5,197412
2026-02-24 13:24:00+00:00,1.47,598.9,157967
2026-02-24 13:25:00+00:00,1.74,596.0,174413
2026-02-24 13:26:00+00:00,4.83,619.2,94549
2026-02-24 13:27:00+00:00,1.92,605.7,168316
2026-02-24 13:28:00+00:00,0.48,560.6,70540
2026-02-24 13:29:00+00:00,1.54,609.2,175350
2026-02-24 13:30:00+00:00,1.69,586.1,143614
2026-02-24 13:31:00+00:00,1.60,577.9,149196
2026-02-24 13:32:00+00:00,1.27,561.7,122097
2026-02-24 13:33:00+00:00,1.76,576.4,179592
2026-02-24 13:34:00+00:00,4.46,587.4,155181
2026-02-24 13:35:00+00:00,3.76,576.3,111703
2026-02-24 13:36:00+00:00,1.96,575.8,147041
2026-02-24 13:37:00+00:00,2.43,585.0,188945
2026-02-24 13:38:00+00:00,1.99,582.1,178210
2026-02-24 13:39:00+00:00,2.44,578.9,117220
2026-02-24 13:40:00+00:00,1.70,557.9,78151
2026-02-24 13:41:00+00:00,2.60,618.0,182981
2026-02-24 13:42:00+00:00,2.58,619.0,156002
2026-02-24 13:45:00+00:00,1.43,560.9,76927
2026-02-24 13:46:00+00:00,2.27,579.4,149892
2026-02-24 13:47:00+00:00,2.11,571.2,114078
2026-02-24 13:48:00+00:00,2.49,573.3,126178
2026-02-24 13:49:00+00:00,2.86,580.3,191292
2026-02-24 13:50:00+00:00,2.54,577.7,174934
2026-02-24 13:51:00+00:00,2.06,574.0,126708
2026-02-24 13:52:00+00:00,2.35,582.3,167455
2026-02-24 13:53:00+00:00,2.77,591.3,207025
2026-02-24 13:54:00+00:00,2.06,580.4,131814
2026-02-24 13:55:00+00:00,1.55,567.4,99331
2026-02-24 13:56:00+00:00,2.89,588.0,171581
2026-02-24 13:57:00+00:00,2.34,579.6,139478
2026-02-24 13:58:00+00:00,2.16,586.3,142462
2026-02-24 13:59:00+00:00,2.27,545.9,40373
2026-02-24 14:00:00+00:00,2.35,604.1,276956
2026-02-24 14:01:00+00:00,2.28,602.8,179503
2026-02-24 14:02:00+00:00,2.05,597.8,150994
2026-02-24 14:03:00+00:00,1.39,581.9,95397
2026-02-24 14:04:00+00:00,2.21,594.8,151942
2026-02-24 14:05:00+00:00,2.15,595.9,145396
2026-02-24 14:06:00+00:00,1.33,577.1,84167
2026-02-24 14:07:00+00:00,1.31,582.0,95680
2026-02-24 14:08:00+00:00,1.82,599.5,146374
2026-02-24 14:09:00+00:00,2.16,604.4,167188
2026-02-24 14:10:00+00:00,1.98,596.0,142088
2026-02-24 14:11:00+00:00,1.10,569.0,67797
2026-02-24 14:12:00+00:00,2.04,592.7,147501
2026-02-24 14:13:00+00:00,2.53,597.0,196064
2026-02-24 14:14:00+00:00,1.62,575.7,110101
2026-02-24 14:15:00+00:00,1.83,591.9,141387
2026-02-24 14:16:00+00:00,1.83,,
2026-02-24 14:17:00+00:00,2.45,603.6,170274
2026-02-24 14:18:00+00:00,1.45,556.7,82520
2026-02-24 14:19:00+00:00,2.78,575.4,208054
2026-02-24 14:20:00+00:00,1.67,568.6,151305
2026-02-24 14:21:00+00:00,1.95,576.6,159113
2026-02-24 14:22:00+00:00,1.71,570.1,143378
2026-02-24 14:23:00+00:00,1.74,578.1,155462
2026-02-24 14:24:00+00:00,2.48,594.1,226419
2026-02-24 14:25:00+00:00,2.01,577.0,188610
2026-02-24 14:26:00+00:00,1.36,568.5,100509
2026-02-24 14:27:00+00:00,2.17,600.3,168946
2026-02-24 14:28:00+00:00,2.07,598.3,154547
2026-02-24 14:29:00+00:00,2.51,585.3,180762
2026-02-24 14:30:00+00:00,0.69,548.8,74110
2026-02-24 14:31:00+00:00,2.49,582.5,191863
2026-02-24 14:32:00+00:00,2.34,584.5,162060
2026-02-24 14:33:00+00:00,2.14,576.6,152787
2026-02-24 14:34:00+00:00,1.52,565.6,118076
2026-02-24 14:35:00+00:00,2.40,576.1,160036
2026-02-24 14:36:00+00:00,2.16,578.2,155816
2026-02-24 14:37:00+00:00,1.25,561.4,108560
2026-02-24 14:38:00+00:00,2.15,569.6,176073
2026-02-24 14:39:00+00:00,2.41,570.0,184490
2026-02-24 14:40:00+00:00,2.34,564.6,141934
2026-02-24 14:41:00+00:00,2.47,563.4,139112
2026-02-24 14:42:00+00:00,1.87,555.8,130542
2026-02-24 14:43:00+00:00,3.14,579.3,205901
2026-02-24 14:44:00+00:00,2.10,565.6,161949
2026-02-24 14:45:00+00:00,1.54,563.2,119058
2026-02-24 14:46:00+00:00,2.45,591.3,133091
2026-02-24 14:47:00+00:00,1.99,587.0,151473
2026-02-24 14:48:00+00:00,1.83,583.5,127872
2026-02-24 14:49:00+00:00,1.82,583.3,127058
2026-02-24 14:51:00+00:00,1.35,551.0,73524
2026-02-24 14:52:00+00:00,4.86,588.1,82768
2026-02-24 14:53:00+00:00,3.32,595.9,138393
2026-02-24 14:54:00+00:00,2.39,602.5,179884
2026-02-24 14:55:00+00:00,2.85,611.0,119688
2026-02-24 14:56:00+00:00,1.98,591.5,50886
2026-02-24 14:57:00+00:00,1.68,593.9,85410
2026-02-24 14:58:00+00:00,3.91,643.2,135936
2026-02-24 14:59:00+00:00,5.64,644.0,134728
2026-02-24 15:00:00+00:00,1.99,621.9,171331
2026-02-24 15:01:00+00:00,1.25,572.3,58207
2026-02-24 15:02:00+00:00,1.60,652.1,162893
2026-02-24 15:03:00+00:00,2.12,627.9,165714
2026-02-24 15:04:00+00:00,1.77,615.1,133153
2026-02-24 15:05:00+00:00,1.88,618.6,134397
2026-02-24 15:06:00+00:00,1.52,609.2,110739
2026-02-24 15:07:00+00:00,1.79,617.3,138047
2026-02-24 15:08:00+00:00,1.07,580.6,83706
2026-02-24 15:09:00+00:00,1.34,596.6,124276
2026-02-24 15:10:00+00:00,1.86,613.8,174079
2026-02-24 15:11:00+00:00,1.64,603.4,157381
2026-02-24 15:12:00+00:00,1.22,582.0,122204
2026-02-24 15:13:00+00:00,1.53,571.1,172717
2026-02-24 15:14:00+00:00,2.20,575.4,238941
2026-02-24 15:15:00+00:00,2.03,562.4,127394
2026-02-24 15:16:00+00:00,1.98,558.6,111869
2026-02-24 15:17:00+00:00,2.74,567.2,147327
2026-02-24 15:18:00+00:00,1.99,563.0,123086
2026-02-24 15:19:00+00:00,2.17,565.4,118933
2026-02-24 15:20:00+00:00,2.41,557.0,74637
2026-02-24 15:21:00+00:00,5.66,574.4,110075
2026-02-24 15:22:00+00:00,6.02,576.4,114182
2026-02-24 15:23:00+00:00,2.58,584.2,228279
2026-02-24 15:24:00+00:00,1.37,558.7,132576
2026-02-24 15:25:00+00:00,1.90,568.8,135388
2026-02-24 15:26:00+00:00,2.27,581.4,223564
2026-02-24 15:27:00+00:00,1.65,565.4,159963
2026-02-24 15:28:00+00:00,1.43,562.9,105139
2026-02-24 15:29:00+00:00,1.56,582.8,152180
2026-02-24 15:30:00+00:00,1.41,593.1,108338
2026-02-24 15:31:00+00:00,1.65,605.2,107900
2026-02-24 15:32:00+00:00,1.49,597.1,93927
2026-02-24 15:33:00+00:00,1.61,628.4,151950
2026-02-24 15:34:00+00:00,1.60,631.0,132046
2026-02-24 15:35:00+00:00,1.73,616.7,144307
2026-02-24 15:36:00+00:00,1.73,614.5,143156
2026-02-24 15:37:00+00:00,1.30,599.9,114712
2026-02-24 15:38:00+00:00,1.36,614.7,112516
2026-02-24 15:39:00+00:00,1.02,584.2,59634
2026-02-24 15:40:00+00:00,1.43,610.4,127781
2026-02-24 15:41:00+00:00,1.73,626.1,147900
2026-02-24 15:42:00+00:00,1.57,618.6,130120
2026-02-24 15:43:00+00:00,1.25,610.2,124449
2026-02-24 15:44:00+00:00,1.02,604.9,112433
2026-02-24 15:45:00+00:00,1.29,601.9,128119
2026-02-24 15:46:00+00:00,1.60,586.1,154893
2026-02-24 15:47:00+00:00,1.22,551.2,95264
2026-02-24 15:48:00+00:00,2.37,567.6,119499
2026-02-24 15:49:00+00:00,2.94,586.3,105049
2026-02-24 15:50:00+00:00,2.03,575.8,190764
2026-02-24 15:51:00+00:00,1.51,546.4,68118
2026-02-24 15:52:00+00:00,2.73,590.5,214599
2026-02-24 15:53:00+00:00,2.15,583.4,196811
2026-02-24 15:54:00+00:00,1.67,588.2,121419
2026-02-24 15:55:00+00:00,1.59,589.4,106848
2026-02-24 15:57:00+00:00,1.66,574.1,135552
2026-02-24 15:58:00+00:00,1.09,553.6,99913
2026-02-24 16:00:00+00:00,2.09,562.3,135385
2026-02-24 16:01:00+00:00,2.26,566.9,153553
2026-02-24 16:02:00+00:00,2.07,562.9,148690
2026-02-24 16:03:00+00:00,2.26,546.6,84680
2026-02-24 16:04:00+00:00,5.95,583.9,157811
2026-02-24 16:05:00+00:00,2.10,578.9,176459
2026-02-24 16:06:00+00:00,0.93,556.7,94912
2026-02-24 16:07:00+00:00,1.42,592.0,144662
2026-02-24 16:08:00+00:00,1.80,596.8,179322
2026-02-24 16:09:00+00:00,1.92,593.7,176202
2026-02-24 16:10:00+00:00,0.76,554.0,71935
2026-02-24 16:11:00+00:00,1.09,587.2,158995
2026-02-24 16:12:00+00:00,1.39,605.5,169074
2026-02-24 16:13:00+00:00,1.56,613.3,165086
2026-02-24 16:14:00+00:00,1.55,602.0,147647
2026-02-24 16:15:00+00:00,1.49,592.5,134361
2026-02-24 16:16:00+00:00,1.52,595.7,142290
2026-02-24 16:17:00+00:00,1.20,583.4,119168
2026-02-24 16:18:00+00:00,0.85,571.0,96316
2026-02-24 16:19:00+00:00,1.44,597.9,145956
2026-02-24 16:20:00+00:00,1.18,595.1,104463
2026-02-24 16:21:00+00:00,1.52,608.9,189490
2026-02-24 16:22:00+00:00,1.04,577.9,114343
2026-02-24 16:23:00+00:00,1.23,589.3,119979
2026-02-24 16:24:00+00:00,1.28,610.8,129215
2026-02-24 16:25:00+00:00,1.85,606.9,163760
2026-02-24 16:26:00+00:00,1.27,594.2,105174
2026-02-24 16:27:00+00:00,1.44,593.2,113911
2026-02-24 16:28:00+00:00,1.53,593.7,120367
2026-02-24 16:29:00+00:00,0.93,590.8,61889
2026-02-24 16:30:00+00:00,1.30,605.8,83414
2026-02-24 16:31:00+00:00,1.63,621.7,109549
2026-02-24 16:32:00+00:00,1.95,628.2,146673
2026-02-24 16:33:00+00:00,1.82,620.0,140929
2026-02-24 16:34:00+00:00,1.28,607.1,90263
2026-02-24 16:35:00+00:00,1.80,619.8,128366
2026-02-24 16:36:00+00:00,1.41,613.1,92216
2026-02-24 16:37:00+00:00,2.08,606.5,101040
2026-02-24 16:38:00+00:00,7.13,642.8,107032
2026-02-24 16:39:00+00:00,1.39,608.7,100163
2026-02-24 16:40:00+00:00,1.80,620.4,189434
2026-02-24 16:41:00+00:00,1.25,570.2,67756
2026-02-24 16:42:00+00:00,1.71,612.2,193114
2026-02-24 16:43:00+00:00,2.08,595.1,211050
2026-02-24 16:44:00+00:00,1.29,570.0,148653
2026-02-24 16:45:00+00:00,1.39,568.8,134421
2026-02-24 16:46:00+00:00,1.40,568.3,138488
2026-02-24 16:47:00+00:00,1.19,563.6,135237
2026-02-24 16:48:00+00:00,1.00,551.6,114010
2026-02-24 16:49:00+00:00,1.14,551.0,131339
2026-02-24 16:50:00+00:00,1.79,570.9,193140
2026-02-24 16:51:00+00:00,1.70,562.4,155171
2026-02-24 16:52:00+00:00,1.55,555.7,127767
2026-02-24 16:53:00+00:00,1.48,552.4,131303
2026-02-24 16:54:00+00:00,2.23,579.7,237546
2026-02-24 16:55:00+00:00,1.54,567.2,120098
2026-02-24 16:56:00+00:00,1.65,572.6,142865
2026-02-24 16:57:00+00:00,2.03,575.6,193528
2026-02-24 16:58:00+00:00,1.61,571.2,161949
2026-02-24 16:59:00+00:00,1.32,573.3,147012
2026-02-24 17:00:00+00:00,0.89,554.0,96435
2026-02-24 17:01:00+00:00,0.74,545.4,75739
2026-02-24 17:04:00+00:00,1.53,569.2,126174
2026-02-24 17:05:00+00:00,2.95,575.0,112579
2026-02-24 17:06:00+00:00,4.62,588.8,114543
2026-02-24 17:07:00+00:00,1.46,572.6,154075
2026-02-24 17:08:00+00:00,1.09,564.3,125233
2026-02-24 17:09:00+00:00,1.88,586.7,177711
2026-02-24 17:10:00+00:00,1.68,571.3,131840
2026-02-24 17:11:00+00:00,1.04,552.5,66802
2026-02-24 17:12:00+00:00,1.10,532.6,87632
2026-02-24 17:13:00+00:00,2.02,573.5,224417
2026-02-24 17:14:00+00:00,1.78,570.5,164010
2026-02-24 17:15:00+00:00,1.50,573.0,179326
2026-02-24 17:16:00+00:00,1.70,581.1,217924
2026-02-24 17:17:00+00:00,1.94,572.8,190501
2026-02-24 17:18:00+00:00,1.44,557.7,132216
2026-02-24 17:19:00+00:00,0.88,548.7,105723
2026-02-24 17:20:00+00:00,1.28,562.5,157189
2026-02-24 17:21:00+00:00,1.68,576.6,187439
2026-02-24 17:22:00+00:00,1.28,564.3,121970
2026-02-24 17:23:00+00:00,1.40,567.2,124669
2026-02-24 17:24:00+00:00,1.55,575.3,154088
2026-02-24 17:25:00+00:00,1.72,581.2,167030
2026-02-24 17:26:00+00:00,1.41,575.3,149597
2026-02-24 17:27:00+00:00,0.79,557.9,65730
2026-02-24 17:28:00+00:00,1.43,590.6,173307
2026-02-24 17:29:00+00:00,1.29,578.7,109977
2026-02-24 17:30:00+00:00,1.40,592.7,153596
2026-02-24 17:31:00+00:00,1.24,583.3,104705
2026-02-24 17:32:00+00:00,1.40,607.2,155091
2026-02-24 17:33:00+00:00,1.50,606.2,159010
2026-02-24 17:34:00+00:00,1.50,598.8,144315
2026-02-24 17:37:00+00:00,1.72,604.7,117751
2026-02-24 17:38:00+00:00,1.56,594.2,116123
2026-02-24 17:39:00+00:00,0.71,563.1,80675
2026-02-24 17:40:00+00:00,1.74,577.2,194979
2026-02-24 17:41:00+00:00,0.57,562.8,76764
2026-02-24 17:42:00+00:00,1.67,627.1,137688
2026-02-24 17:43:00+00:00,1.75,630.4,119746
2026-02-24 17:44:00+00:00,2.00,646.1,167795
2026-02-24 17:45:00+00:00,1.63,626.7,155297
2026-02-24 17:46:00+00:00,2.08,601.4,299748
2026-02-24 17:47:00+00:00,2.22,563.8,183783
2026-02-24 17:48:00+00:00,1.72,558.0,146836
2026-02-24 17:49:00+00:00,1.81,568.7,111045
2026-02-24 17:50:00+00:00,1.83,585.2,91241
2026-02-24 17:51:00+00:00,1.61,598.4,94052
2026-02-24 17:52:00+00:00,1.57,610.7,107836
2026-02-24 17:53:00+00:00,1.57,617.4,129164
2026-02-24 17:54:00+00:00,1.41,605.0,118064
2026-02-24 17:55:00+00:00,1.59,599.9,105385
2026-02-24 17:56:00+00:00,2.09,626.0,185177
2026-02-24 17:57:00+00:00,1.36,605.3,80018
2026-02-24 17:58:00+00:00,0.72,566.3,44429
2026-02-24 17:59:00+00:00,2.02,628.7,153531
2026-02-24 18:00:00+00:00,1.77,618.7,139764
2026-02-24 18:01:00+00:00,1.46,606.1,109537
2026-02-24 18:02:00+00:00,1.09,578.9,65607
2026-02-24 18:03:00+00:00,1.49,611.5,119864
2026-02-24 18:04:00+00:00,1.93,617.8,164891
2026-02-24 18:05:00+00:00,1.82,603.0,130733
2026-02-24 18:06:00+00:00,1.86,594.8,120982
2026-02-24 18:07:00+00:00,1.99,594.0,133588
2026-02-24 18:08:00+00:00,2.09,587.8,79180
2026-02-24 18:09:00+00:00,1.51,576.5,67490
2026-02-24 18:10:00+00:00,0.95,570.3,77719
2026-02-24 18:11:00+00:00,1.88,602.6,138657
2026-02-24 18:12:00+00:00,1.54,605.2,108537
2026-02-24 18:13:00+00:00,1.66,592.5,120463
2026-02-24 18:14:00+00:00,1.40,582.9,100511
2026-02-24 18:15:00+00:00,1.83,595.6,172170
2026-02-24 18:16:00+00:00,1.68,587.2,129941
2026-02-24 18:17:00+00:00,0.95,568.8,67663
2026-02-24 18:18:00+00:00,1.90,571.8,137724
2026-02-24 18:19:00+00:00,1.73,581.5,123458
2026-02-24 18:20:00+00:00,1.82,594.3,156749
2026-02-24 18:21:00+00:00,1.25,574.3,110660
2026-02-24 18:22:00+00:00,1.84,581.4,128416
2026-02-24 18:23:00+00:00,2.30,581.9,127372
2026-02-24 18:24:00+00:00,1.78,567.4,97977
2026-02-24 18:25:00+00:00,1.87,572.5,112232
2026-02-24 18:26:00+00:00,2.47,573.1,103002
2026-02-24 18:27:00+00:00,2.27,562.8,99776
2026-02-24 18:28:00+00:00,2.34,564.5,99319
2026-02-24 18:29:00+00:00,2.55,538.4,40495
2026-02-24 18:30:00+00:00,2.68,564.9,89682
2026-02-24 18:31:00+00:00,1.18,561.3,118908
2026-02-24 18:32:00+00:00,1.55,570.8,113822
2026-02-24 18:33:00+00:00,1.49,582.3,91692
2026-02-24 18:34:00+00:00,2.93,589.6,204029
2026-02-24 18:35:00+00:00,2.44,573.2,122918
2026-02-24 18:36:00+00:00,1.09,554.3,65694
2026-02-24 18:37:00+00:00,1.94,580.1,98808
2026-02-24 18:38:00+00:00,2.56,596.9,117318
2026-02-24 18:39:00+00:00,2.34,582.0,101792
2026-02-24 18:40:00+00:00,2.24,568.3,91619
2026-02-24 18:41:00+00:00,3.20,585.9,159100
2026-02-24 18:42:00+00:00,2.60,584.2,126490
2026-02-24 18:43:00+00:00,1.62,576.2,96661
2026-02-24 18:44:00+00:00,2.81,558.4,215480
2026-02-24 18:45:00+00:00,1.89,536.8,60281
2026-02-24 18:46:00+00:00,3.01,556.7,156011
2026-02-24 18:47:00+00:00,2.49,551.8,138313
2026-02-24 18:48:00+00:00,0.64,527.8,72803
2026-02-24 18:49:00+00:00,3.08,567.2,182942
2026-02-24 18:50:00+00:00,2.70,561.5,117908
2026-02-24 18:51:00+00:00,2.28,564.8,96743
2026-02-24 18:52:00+00:00,1.31,539.6,62153
2026-02-24 18:53:00+00:00,5.50,569.0,87959
2026-02-24 18:54:00+00:00,4.73,582.7,151322
2026-02-24 18:55:00+00:00,1.78,571.8,152902
2026-02-24 18:56:00+00:00,1.55,569.0,127920
2026-02-24 18:57:00+00:00,1.66,568.7,136409
2026-02-24 18:58:00+00:00,1.50,565.0,135041
2026-02-24 18:59:00+00:00,1.34,559.4,127142
2026-02-24 19:00:00+00:00,1.67,561.2,164771
2026-02-24 19:01:00+00:00,1.93,577.2,227348
2026-02-24 19:02:00+00:00,1.37,558.1,166470
2026-02-24 19:03:00+00:00,2.06,624.3,218613
2026-02-24 19:04:00+00:00,2.17,590.5,135345
2026-02-24 19:05:00+00:00,2.22,600.7,107818
2026-02-24 19:06:00+00:00,1.67,581.1,130863
2026-02-24 19:07:00+00:00,0.94,559.6,87456
2026-02-24 19:08:00+00:00,1.13,578.1,134298
2026-02-24 19:09:00+00:00,0.99,570.9,117782
2026-02-24 19:10:00+00:00,1.13,575.6,133784
2026-02-24 19:11:00+00:00,1.04,560.0,110145
2026-02-24 19:12:00+00:00,0.87,565.2,127968
2026-02-24 19:13:00+00:00,1.08,607.0,223040
2026-02-24 19:14:00+00:00,1.23,595.1,168519
2026-02-24 19:15:00+00:00,1.16,588.9,160137
2026-02-24 19:16:00+00:00,1.01,567.5,136843
2026-02-24 19:17:00+00:00,1.36,560.8,152629
2026-02-24 19:18:00+00:00,0.81,554.3,103200
2026-02-24 19:19:00+00:00,0.94,547.1,94119
2026-02-24 19:20:00+00:00,1.74,568.5,206745
2026-02-24 19:21:00+00:00,1.01,555.0,183208
2026-02-24 19:22:00+00:00,1.67,563.5,219118
2026-02-24 19:23:00+00:00,1.75,551.7,136027
2026-02-24 19:24:00+00:00,4.17,567.4,96335
2026-02-24 19:25:00+00:00,2.99,562.7,124692
2026-02-24 19:26:00+00:00,1.47,546.6,123474
2026-02-24 19:27:00+00:00,1.36,545.8,135662
2026-02-24 19:28:00+00:00,1.26,553.7,159864
2026-02-24 19:29:00+00:00,1.20,565.5,161991
2026-02-24 19:30:00+00:00,1.24,565.9,137338
2026-02-24 19:31:00+00:00,0.84,543.5,80927
2026-02-24 19:32:00+00:00,1.55,583.2,183222
2026-02-24 19:33:00+00:00,2.24,583.8,195343
2026-02-24 19:34:00+00:00,5.61,586.9,60218
2026-02-24 19:35:00+00:00,1.66,562.2,112601
2026-02-24 19:36:00+00:00,1.49,575.0,125094
2026-02-24 19:37:00+00:00,1.67,582.4,123701
2026-02-24 19:38:00+00:00,0.85,545.0,52328
2026-02-24 19:39:00+00:00,1.67,573.5,224434
2026-02-24 19:40:00+00:00,2.32,570.2,165884
2026-02-24 19:41:00+00:00,4.29,570.2,88524
2026-02-24 19:42:00+00:00,2.98,565.1,70038
2026-02-24 19:43:00+00:00,14.96,533.7,100232
2026-02-24 19:44:00+00:00,28.75,508.8,132182
2026-02-24 19:47:00+00:00,1.13,577.6,100047
2026-02-24 19:48:00+00:00,1.18,574.0,105803
2026-02-24 19:49:00+00:00,1.45,558.2,134332
2026-02-24 19:50:00+00:00,1.36,576.2,134755
2026-02-24 19:51:00+00:00,1.71,579.7,212488
2026-02-24 19:52:00+00:00,1.35,568.4,102042
2026-02-24 19:53:00+00:00,1.69,553.7,120107
2026-02-24 19:54:00+00:00,1.55,555.5,124355
2026-02-24 19:55:00+00:00,1.55,557.3,130080
2026-02-24 19:56:00+00:00,1.44,552.2,138487
2026-02-24 19:57:00+00:00,2.03,547.7,127263
2026-02-24 19:58:00+00:00,2.13,551.8,121278
2026-02-24 19:59:00+00:00,2.00,552.2,118431
2026-02-24 20:00:00+00:00,2.28,550.7,109760
2026-02-24 20:01:00+00:00,3.36,535.7,137366
2026-02-24 20:02:00+00:00,4.81,504.9,194411
2026-02-24 20:03:00+00:00,1.11,571.7,98079
2026-02-24 20:04:00+00:00,1.12,570.4,98273
2026-02-24 20:05:00+00:00,1.16,563.6,100562
2026-02-24 20:06:00+00:00,1.42,558.0,112051
2026-02-24 20:07:00+00:00,0.88,569.2,100584
2026-02-24 20:08:00+00:00,1.00,564.6,115828
2026-02-24 20:09:00+00:00,0.94,570.3,103829
2026-02-24 20:10:00+00:00,0.94,568.1,105303
2026-02-24 20:11:00+00:00,1.03,566.9,120338
2026-02-24 20:12:00+00:00,1.35,547.5,129400
2026-02-24 20:13:00+00:00,1.93,534.2,127425
2026-02-24 20:14:00+00:00,1.64,541.6,121814
2026-02-24 20:15:00+00:00,1.65,541.6,129150
2026-02-24 20:16:00+00:00,2.01,532.6,134852
2026-02-24 20:17:00+00:00,1.96,531.4,119515
2026-02-24 20:18:00+00:00,2.00,532.2,102436
2026-02-24 20:20:00+00:00,1.77,534.7,87502
2026-02-24 20:21:00+00:00,1.79,535.3,86377
2026-02-24 20:22:00+00:00,1.94,540.4,76496
2026-02-24 20:23:00+00:00,2.07,545.1,83688
2026-02-24 20:24:00+00:00,1.96,536.6,72516
2026-02-24 20:25:00+00:00,2.11,545.1,81837
2026-02-24 20:26:00+00:00,2.02,537.1,84033
2026-02-24 20:27:00+00:00,1.68,528.5,88735
2026-02-24 20:28:00+00:00,1.57,530.3,87739
2026-02-24 20:29:00+00:00,1.49,531.0,105398
2026-02-24 20:30:00+00:00,1.40,530.4,104483
2026-02-24 20:31:00+00:00,1.27,529.4,108518
2026-02-24 20:32:00+00:00,1.07,530.1,133066
2026-02-24 20:33:00+00:00,0.96,531.6,151942
2026-02-24 20:34:00+00:00,0.95,531.0,154683
2026-02-24 20:35:00+00:00,1.02,530.7,140244
2026-02-24 20:36:00+00:00,1.31,528.4,117900
2026-02-24 20:37:00+00:00,1.30,526.7,99742
2026-02-24 20:38:00+00:00,1.37,525.7,111509
2026-02-24 20:39:00+00:00,1.12,526.9,120654
2026-02-24 20:40:00+00:00,1.72,530.7,96923
2026-02-24 20:41:00+00:00,1.51,534.7,103109
2026-02-24 20:42:00+00:00,1.18,531.7,153819
2026-02-24 20:43:00+00:00,1.53,532.1,124001
2026-02-24 20:44:00+00:00,1.42,502.6,71549
2026-02-24 20:45:00+00:00,1.32,489.7,54261
2026-02-24 20:46:00+00:00,0.80,544.1,168911
2026-02-24 20:47:00+00:00,1.05,543.7,145417
2026-02-24 20:48:00+00:00,1.74,549.2,115697
2026-02-24 20:49:00+00:00,2.01,557.2,107074
2026-02-24 20:50:00+00:00,1.49,556.1,108897
2026-02-24 20:51:00+00:00,1.49,552.2,115094
2026-02-24 20:54:00+00:00,1.47,,
2026-02-24 20:55:00+00:00,1.47,572.0,125822
2026-02-24 20:56:00+00:00,1.47,,
2026-02-24 20:57:00+00:00,1.82,595.1,101592
2026-02-24 20:58:00+00:00,1.78,586.9,88224
2026-02-24 20:59:00+00:00,2.00,585.5,92286
2026-02-24 21:00:00+00:00,1.82,576.6,91868
2026-02-24 21:01:00+00:00,1.76,574.2,86183
2026-02-24 21:02:00+00:00,1.85,573.4,91395
2026-02-24 21:03:00+00:00,1.79,569.2,96333
2026-02-24 21:04:00+00:00,1.85,567.4,103568
2026-02-24 21:05:00+00:00,2.05,573.6,118752
2026-02-24 21:06:00+00:00,1.92,582.4,114226
2026-02-24 21:07:00+00:00,1.52,581.7,90679
2026-02-24 21:08:00+00:00,0.93,574.4,113249
2026-02-24 21:09:00+00:00,0.93,571.6,152715
2026-02-24 21:10:00+00:00,1.84,552.3,127425
2026-02-24 21:11:00+00:00,1.79,573.9,92990
2026-02-24 21:12:00+00:00,1.82,565.0,105357
2026-02-24 21:13:00+00:00,1.79,561.5,119500
2026-02-24 21:14:00+00:00,1.79,554.8,129002
2026-02-24 21:15:00+00:00,1.93,576.3,99265
2026-02-24 21:16:00+00:00,1.87,586.8,85512
2026-02-24 21:17:00+00:00,1.84,575.9,90974
2026-02-24 21:18:00+00:00,1.71,570.9,120196
2026-02-24 21:19:00+00:00,1.68,571.4,126154
2026-02-24 21:20:00+00:00,1.77,568.8,117921
2026-02-24 21:21:00+00:00,1.97,553.4,146469
2026-02-24 21:22:00+00:00,2.08,534.0,172982
2026-02-24 21:23:00+00:00,1.64,546.2,142904
2026-02-24 21:24:00+00:00,1.84,554.1,133362
2026-02-24 21:26:00+00:00,1.75,,
2026-02-24 21:27:00+00:00,1.75,572.4,98401
2026-02-24 21:28:00+00:00,1.43,562.8,106541
2026-02-24 21:29:00+00:00,1.42,550.6,127955
2026-02-24 21:30:00+00:00,1.67,562.2,96050
2026-02-24 21:31:00+00:00,1.81,565.0,97527
2026-02-24 21:32:00+00:00,1.88,573.7,104312
2026-02-24 21:33:00+00:00,1.94,571.4,111242
2026-02-24 21:34:00+00:00,1.93,569.9,109603
2026-02-24 21:35:00+00:00,1.91,566.4,105886
2026-02-24 21:36:00+00:00,1.97,558.6,106110
2026-02-24 21:37:00+00:00,1.90,553.9,114805
2026-02-24 21:38:00+00:00,1.65,551.6,121217
2026-02-24 21:39:00+00:00,1.65,549.7,109009
2026-02-24 21:40:00+00:00,1.59,545.4,129604
2026-02-24 21:41:00+00:00,1.74,546.2,138585
2026-02-24 21:42:00+00:00,1.76,547.7,125026
2026-02-24 21:43:00+00:00,1.69,551.4,110523
2026-02-24 21:44:00+00:00,1.74,557.2,109459
2026-02-24 21:45:00+00:00,1.69,556.7,109786
2026-02-24 21:46:00+00:00,1.48,554.7,112996
2026-02-24 21:47:00+00:00,1.65,547.3,108505
2026-02-24 21:48:00+00:00,1.52,543.6,138804
2026-02-24 21:49:00+00:00,1.54,544.7,127787
2026-02-24 21:50:00+00:00,1.39,551.1,122144
2026-02-24 21:51:00+00:00,1.23,547.3,161437
2026-02-24 21:52:00+00:00,1.27,538.9,192560
2026-02-24 21:53:00+00:00,1.28,538.9,196091
2026-02-24 21:54:00+00:00,1.24,538.5,195590
2026-02-24 21:55:00+00:00,1.31,536.9,178343
2026-02-24 21:56:00+00:00,1.11,544.3,198859
2026-02-24 21:57:00+00:00,0.73,559.7,196499
2026-02-24 22:03:00+00:00,0.71,567.1,117386
2026-02-24 22:04:00+00:00,0.67,564.8,188441
2026-02-24 22:05:00+00:00,1.20,547.4,187664
2026-02-24 22:06:00+00:00,1.50,539.2,153664
2026-02-24 22:07:00+00:00,1.59,539.2,148873
2026-02-24 22:08:00+00:00,1.26,546.3,190231
2026-02-24 22:09:00+00:00,0.64,561.6,210382
2026-02-24 22:10:00+00:00,0.60,565.8,184473
2026-02-24 22:11:00+00:00,0.66,557.0,221862
2026-02-24 22:12:00+00:00,1.33,536.5,187915
2026-02-24 22:13:00+00:00,1.33,536.1,186335
2026-02-24 22:14:00+00:00,1.36,532.6,172428
2026-02-24 22:15:00+00:00,1.46,539.3,181339
2026-02-24 22:16:00+00:00,1.66,537.5,168208
2026-02-24 22:17:00+00:00,1.66,537.4,167755
2026-02-24 22:18:00+00:00,2.17,541.3,149248
2026-02-24 22:19:00+00:00,1.76,539.9,149099
2026-02-24 22:20:00+00:00,1.70,536.4,152227
2026-02-24 22:21:00+00:00,1.65,532.8,149942
2026-02-24 22:22:00+00:00,1.40,534.9,174601
2026-02-24 22:23:00+00:00,1.24,537.2,177677
2026-02-24 22:24:00+00:00,1.23,535.9,171945
2026-02-24 22:25:00+00:00,1.19,537.5,193689
2026-02-24 22:26:00+00:00,0.98,537.7,178980
2026-02-24 22:27:00+00:00,0.74,531.0,140595
2026-02-24 22:28:00+00:00,0.94,543.2,213754
2026-02-24 22:29:00+00:00,0.94,543.8,217679
2026-02-24 22:30:00+00:00,0.77,548.0,228369
2026-02-24 22:33:00+00:00,0.96,543.8,230490
2026-02-24 22:34:00+00:00,1.02,541.7,205795
2026-02-24 22:35:00+00:00,0.83,548.7,229881
2026-02-24 22:36:00+00:00,0.77,550.6,229722
2026-02-24 22:37:00+00:00,0.99,544.3,215341
2026-02-24 22:38:00+00:00,0.96,543.9,216361
2026-02-24 22:39:00+00:00,0.88,544.4,226577
2026-02-24 22:40:00+00:00,0.97,541.0,224824
2026-02-24 22:41:00+00:00,1.18,536.7,206335
2026-02-24 22:42:00+00:00,1.45,532.4,185654
2026-02-24 22:43:00+00:00,1.54,531.9,166323
2026-02-24 22:44:00+00:00,1.76,530.9,131051
2026-02-24 22:45:00+00:00,1.71,532.8,136650
2026-02-24 22:46:00+00:00,1.91,532.3,121095
2026-02-24 22:47:00+00:00,1.72,533.5,153348
2026-02-24 22:48:00+00:00,1.62,530.0,154646
2026-02-24 22:49:00+00:00,1.62,532.2,145029
2026-02-24 22:50:00+00:00,1.86,532.9,137847
2026-02-24 22:51:00+00:00,1.96,542.1,115037
2026-02-24 22:52:00+00:00,1.80,538.7,114100
2026-02-24 22:53:00+00:00,1.78,535.4,123118
2026-02-24 22:54:00+00:00,1.65,546.8,127182
2026-02-24 22:55:00+00:00,1.77,555.5,118789
2026-02-24 22:56:00+00:00,1.74,552.6,122289
2026-02-24 22:57:00+00:00,1.58,547.6,134063
2026-02-24 22:58:00+00:00,1.82,543.5,126394
2026-02-24 22:59:00+00:00,1.58,540.3,124834
2026-02-24 23:00:00+00:00,1.54,542.9,123278
2026-02-24 23:01:00+00:00,1.91,546.7,115308
2026-02-24 23:02:00+00:00,1.44,548.7,132114
2026-02-24 23:03:00+00:00,2.17,550.8,113549
2026-02-24 23:04:00+00:00,1.86,542.1,107046
2026-02-24 23:05:00+00:00,1.85,541.8,106822
2026-02-24 23:06:00+00:00,1.50,568.8,114200
2026-02-24 23:07:00+00:00,1.34,563.6,110574
2026-02-24 23:08:00+00:00,1.49,561.1,119775
2026-02-24 23:09:00+00:00,1.42,556.3,124939
2026-02-24 23:10:00+00:00,1.44,552.8,127729
2026-02-24 23:11:00+00:00,1.33,558.3,113297
2026-02-24 23:12:00+00:00,1.26,561.5,104397
2026-02-24 23:13:00+00:00,1.43,560.5,114683
2026-02-24 23:14:00+00:00,1.37,562.2,114908
2026-02-24 23:15:00+00:00,1.20,554.0,115588
2026-02-24 23:16:00+00:00,1.37,555.2,125367
2026-02-24 23:17:00+00:00,1.74,556.1,126209
2026-02-24 23:18:00+00:00,1.38,560.3,130472
2026-02-24 23:19:00+00:00,1.45,558.5,117610
2026-02-24 23:20:00+00:00,1.43,557.7,116587
2026-02-24 23:21:00+00:00,1.45,546.1,122097
2026-02-24 23:22:00+00:00,1.41,541.5,118607
2026-02-24 23:23:00+00:00,1.86,540.1,122326
2026-02-24 23:24:00+00:00,1.93,541.7,117697
2026-02-24 23:25:00+00:00,1.91,538.9,117021
2026-02-24 23:26:00+00:00,1.93,540.0,118838
2026-02-24 23:27:00+00:00,2.02,543.3,123637
2026-02-24 23:28:00+00:00,2.09,542.5,121380
2026-02-24 23:29:00+00:00,2.03,541.9,111975
2026-02-24 23:30:00+00:00,1.96,543.9,113009
2026-02-24 23:31:00+00:00,1.97,541.4,119230
2026-02-24 23:32:00+00:00,1.98,537.9,119697
2026-02-24 23:33:00+00:00,1.68,538.4,116818
2026-02-24 23:34:00+00:00,2.14,542.2,100817
2026-02-24 23:35:00+00:00,1.84,541.7,125848
2026-02-24 23:36:00+00:00,1.54,547.6,133843
2026-02-24 23:37:00+00:00,1.67,534.7,131168
2026-02-24 23:38:00+00:00,1.69,533.3,130840
2026-02-24 23:39:00+00:00,1.84,531.1,154291
2026-02-24 23:40:00+00:00,1.73,532.1,131372
2026-02-24 23:41:00+00:00,1.43,543.6,115970
2026-02-24 23:42:00+00:00,1.37,546.1,126175
2026-02-24 23:43:00+00:00,1.72,542.8,119842
2026-02-24 23:44:00+00:00,1.82,550.1,106478
2026-02-24 23:45:00+00:00,1.47,556.6,110871
2026-02-24 23:46:00+00:00,1.24,549.3,115663
2026-02-24 23:47:00+00:00,1.28,543.1,128382
2026-02-24 23:48:00+00:00,1.78,536.3,133511
2026-02-24 23:49:00+00:00,1.50,559.1,123531
2026-02-24 23:50:00+00:00,1.37,552.5,119417
2026-02-24 23:51:00+00:00,1.97,535.5,104085
2026-02-24 23:52:00+00:00,1.81,534.4,103764
2026-02-24 23:53:00+00:00,1.51,560.9,91765
2026-02-24 23:54:00+00:00,1.49,554.1,105018
2026-02-24 23:55:00+00:00,1.31,558.6,108257
2026-02-24 23:56:00+00:00,1.28,556.3,107901
2026-02-24 23:57:00+00:00,1.37,551.7,118609
2026-02-24 23:58:00+00:00,1.43,545.6,126174
2026-02-24 23:59:00+00:00,1.32,550.7,124121
2026-02-25 00:00:00+00:00,1.34,558.6,119996
2026-02-25 00:01:00+00:00,1.46,558.0,122095
2026-02-25 00:02:00+00:00,1.38,557.6,124312
2026-02-25 00:03:00+00:00,1.43,557.1,119747
2026-02-25 00:04:00+00:00,1.44,560.3,130247
2026-02-25 00:05:00+00:00,1.39,557.1,108313
2026-02-25 00:06:00+00:00,1.31,547.3,118024
2026-02-25 00:07:00+00:00,1.43,547.9,118389
2026-02-25 00:08:00+00:00,1.54,539.6,127041
2026-02-25 00:09:00+00:00,2.06,538.7,119347
2026-02-25 00:10:00+00:00,1.95,536.9,118875
2026-02-25 00:11:00+00:00,1.92,536.5,118959
2026-02-25 00:12:00+00:00,1.80,535.3,118641
2026-02-25 00:13:00+00:00,1.77,535.0,123012
2026-02-25 00:14:00+00:00,1.83,538.0,121911
2026-02-25 00:15:00+00:00,1.85,540.0,124684
2026-02-25 00:16:00+00:00,1.84,539.3,125834
2026-02-25 00:17:00+00:00,1.86,535.7,129967
2026-02-25 00:18:00+00:00,1.78,532.1,149684
2026-02-25 00:19:00+00:00,1.81,535.9,154205
2026-02-25 00:20:00+00:00,1.95,531.2,148733
2026-02-25 00:21:00+00:00,1.93,531.4,149096
2026-02-25 00:22:00+00:00,1.88,529.4,154482
2026-02-25 00:23:00+00:00,1.58,529.3,135573
2026-02-25 00:24:00+00:00,1.69,529.6,165373
2026-02-25 00:25:00+00:00,1.61,529.0,175300
2026-02-25 00:26:00+00:00,1.76,531.3,155600
2026-02-25 00:27:00+00:00,1.64,529.5,158636
2026-02-25 00:28:00+00:00,1.02,543.2,197170
2026-02-25 00:29:00+00:00,0.82,546.9,205801
2026-02-25 00:30:00+00:00,1.03,536.6,194857
2026-02-25 00:31:00+00:00,1.23,529.5,188269
2026-02-25 00:32:00+00:00,1.13,536.0,177491
2026-02-25 00:33:00+00:00,1.23,538.7,158928
2026-02-25 00:34:00+00:00,1.71,530.4,139543
2026-02-25 00:35:00+00:00,1.67,534.3,123875
2026-02-25 00:36:00+00:00,1.57,531.0,148424
2026-02-25 00:37:00+00:00,0.90,534.2,193279
2026-02-25 00:38:00+00:00,0.92,532.7,190698
2026-02-25 00:39:00+00:00,1.40,531.1,146524
2026-02-25 00:40:00+00:00,1.16,527.0,163021
2026-02-25 00:41:00+00:00,1.05,529.6,174188
2026-02-25 00:42:00+00:00,1.21,530.2,177372
2026-02-25 00:43:00+00:00,1.42,525.8,154232
2026-02-25 00:44:00+00:00,1.47,524.4,147068
2026-02-25 00:45:00+00:00,1.12,524.0,186874
2026-02-25 00:46:00+00:00,0.96,526.6,198940
2026-02-25 00:47:00+00:00,0.83,532.2,211446
2026-02-25 00:48:00+00:00,0.72,543.2,205226
2026-02-25 00:49:00+00:00,0.70,545.0,186803
2026-02-25 00:50:00+00:00,0.92,530.6,181046
2026-02-25 00:51:00+00:00,0.93,528.0,189791
2026-02-25 00:52:00+00:00,0.96,525.6,188146
2026-02-25 00:53:00+00:00,0.75,529.4,212740
2026-02-25 00:54:00+00:00,0.74,532.3,209609
2026-02-25 00:55:00+00:00,0.54,551.9,212166
2026-02-25 00:56:00+00:00,0.18,508.3,103889
2026-02-25 00:57:00+00:00,0.44,541.0,209735
2026-02-25 00:58:00+00:00,0.23,568.2,266306
2026-02-25 00:59:00+00:00,0.49,548.8,230763
2026-02-25 01:00:00+00:00,0.33,516.4,141864
2026-02-25 01:01:00+00:00,0.43,529.3,177867
2026-02-25 01:02:00+00:00,0.64,537.8,223656
2026-02-25 01:03:00+00:00,0.67,532.5,214115
2026-02-25 01:04:00+00:00,0.64,533.1,186473
2026-02-25 01:05:00+00:00,0.71,534.9,171733
2026-02-25 01:06:00+00:00,0.80,532.6,180542
2026-02-25 01:07:00+00:00,0.72,529.4,188229
2026-02-25 01:08:00+00:00,0.73,527.5,177689
2026-02-25 01:09:00+00:00,0.62,528.1,164110
2026-02-25 01:10:00+00:00,0.60,538.1,213394
2026-02-25 01:11:00+00:00,0.55,539.9,168338
2026-02-25 01:12:00+00:00,0.47,552.9,117476
2026-02-25 01:13:00+00:00,0.43,553.2,126907
2026-02-25 01:14:00+00:00,0.59,548.0,129263
2026-02-25 01:15:00+00:00,0.71,549.4,112987
2026-02-25 01:16:00+00:00,0.63,547.6,115368
2026-02-25 01:17:00+00:00,0.59,546.5,118540
2026-02-25 01:18:00+00:00,1.21,524.8,172857
2026-02-25 01:19:00+00:00,0.84,536.3,192502
2026-02-25 01:20:00+00:00,0.54,544.6,212200
2026-02-25 01:21:00+00:00,0.60,538.8,203407
2026-02-25 01:22:00+00:00,0.55,533.2,175441
2026-02-25 01:23:00+00:00,0.57,527.2,151615
2026-02-25 01:24:00+00:00,0.69,531.9,175810
2026-02-25 01:25:00+00:00,0.83,529.6,203524
2026-02-25 01:26:00+00:00,0.73,528.1,206957
2026-02-25 01:27:00+00:00,0.82,532.1,174054
2026-02-25 01:28:00+00:00,0.81,525.9,195267
2026-02-25 01:29:00+00:00,0.83,525.1,183496
2026-02-25 01:30:00+00:00,1.01,523.4,192119
2026-02-25 01:31:00+00:00,1.64,540.9,143836
2026-02-25 01:32:00+00:00,1.56,581.2,117645
2026-02-25 01:33:00+00:00,1.37,599.5,109509
2026-02-25 01:34:00+00:00,1.47,595.3,87594
2026-02-25 01:35:00+00:00,1.35,558.4,116943
2026-02-25 01:36:00+00:00,1.27,528.9,141850
2026-02-25 01:37:00+00:00,1.28,534.1,120728
2026-02-25 01:38:00+00:00,0.77,545.5,128567
2026-02-25 01:39:00+00:00,0.43,559.2,135559
2026-02-25 01:40:00+00:00,0.75,537.9,150261
2026-02-25 01:41:00+00:00,1.07,543.9,107782
2026-02-25 01:42:00+00:00,0.59,540.7,131412
2026-02-25 01:43:00+00:00,0.76,525.5,160219
2026-02-25 01:44:00+00:00,0.78,525.7,206986
2026-02-25 01:45:00+00:00,0.71,532.4,196475
2026-02-25 01:46:00+00:00,0.72,528.0,182048
2026-02-25 01:47:00+00:00,0.88,523.2,179418
2026-02-25 01:48:00+00:00,0.87,523.9,174644
2026-02-25 01:49:00+00:00,0.89,525.2,163635
2026-02-25 01:50:00+00:00,0.91,525.6,158445
2026-02-25 01:51:00+00:00,0.67,533.1,196767
2026-02-25 01:52:00+00:00,0.75,527.8,174781
2026-02-25 01:53:00+00:00,0.76,523.5,166417
2026-02-25 01:54:00+00:00,0.56,530.1,203736
2026-02-25 01:55:00+00:00,0.46,531.2,190062
2026-02-25 01:56:00+00:00,0.55,520.4,131888
2026-02-25 01:57:00+00:00,0.91,526.4,147804
2026-02-25 01:58:00+00:00,0.66,525.1,160335
2026-02-25 01:59:00+00:00,1.02,526.6,146121
2026-02-25 02:00:00+00:00,0.16,495.3,23739
2026-02-25 02:01:00+00:00,0.45,533.5,135624
2026-02-25 02:02:00+00:00,0.21,504.4,41148
2026-02-25 02:03:00+00:00,0.17,552.3,120331
2026-02-25 02:04:00+00:00,0.12,541.5,90588
2026-02-25 02:05:00+00:00,0.07,554.4,262256
2026-02-25 02:06:00+00:00,0.24,567.3,213332
2026-02-25 02:07:00+00:00,0.26,555.5,101422
2026-02-25 02:08:00+00:00,0.27,555.2,104520
2026-02-25 02:09:00+00:00,0.49,562.2,132050
2026-02-25 02:10:00+00:00,0.55,556.4,172402
2026-02-25 02:11:00+00:00,0.47,561.5,112628
2026-02-25 02:12:00+00:00,0.55,532.8,142275
2026-02-25 02:13:00+00:00,0.66,530.1,148843
2026-02-25 02:14:00+00:00,0.91,532.0,203422
2026-02-25 02:15:00+00:00,0.90,521.0,142954
2026-02-25 02:16:00+00:00,0.94,521.4,164885
2026-02-25 02:17:00+00:00,0.96,518.7,146113
2026-02-25 02:18:00+00:00,1.05,523.2,182994
2026-02-25 02:19:00+00:00,1.02,524.8,173538
2026-02-25 02:20:00+00:00,0.98,523.8,171627
2026-02-25 02:21:00+00:00,1.09,524.4,175699
2026-02-25 02:22:00+00:00,1.07,521.4,141362
2026-02-25 02:23:00+00:00,1.02,518.7,113936
2026-02-25 02:24:00+00:00,1.35,517.9,124315
2026-02-25 02:25:00+00:00,1.35,518.9,136436
2026-02-25 02:26:00+00:00,1.39,519.6,149892
2026-02-25 02:27:00+00:00,1.43,517.4,135305
2026-02-25 02:28:00+00:00,1.39,517.6,137944
2026-02-25 02:29:00+00:00,1.96,519.9,103475
2026-02-25 02:30:00+00:00,1.63,516.3,98554
2026-02-25 02:31:00+00:00,1.67,512.9,99843
2026-02-25 02:32:00+00:00,1.40,516.3,99290
2026-02-25 02:33:00+00:00,1.52,516.9,121821
2026-02-25 02:34:00+00:00,1.58,520.9,104492
2026-02-25 02:35:00+00:00,1.59,519.8,100918
2026-02-25 02:36:00+00:00,1.41,520.6,113986
2026-02-25 02:37:00+00:00,1.49,522.9,116110
2026-02-25 02:38:00+00:00,1.37,523.6,118324
2026-02-25 02:39:00+00:00,1.13,521.7,141177
2026-02-25 02:40:00+00:00,1.11,519.9,153818
2026-02-25 02:41:00+00:00,1.52,522.6,135771
2026-02-25 02:42:00+00:00,1.99,526.9,119635
2026-02-25 02:43:00+00:00,1.78,526.2,115933
2026-02-25 02:44:00+00:00,1.82,524.8,111812
2026-02-25 02:45:00+00:00,1.47,521.2,123273
2026-02-25 02:46:00+00:00,1.58,515.7,132519
2026-02-25 02:47:00+00:00,1.38,523.6,126518
2026-02-25 02:48:00+00:00,1.78,521.2,130814
2026-02-25 02:49:00+00:00,1.64,522.1,136900
2026-02-25 02:50:00+00:00,1.62,520.6,129795
2026-02-25 02:51:00+00:00,1.58,522.6,125272
2026-02-25 02:52:00+00:00,1.77,521.4,128386
2026-02-25 02:53:00+00:00,1.76,520.9,130402
2026-02-25 02:54:00+00:00,1.74,522.9,126142
2026-02-25 02:55:00+00:00,1.68,523.1,136556
2026-02-25 02:56:00+00:00,1.59,522.0,150359
2026-02-25 02:57:00+00:00,1.65,520.6,142438
2026-02-25 02:58:00+00:00,1.60,521.1,150816
2026-02-25 02:59:00+00:00,1.47,521.1,175245
2026-02-25 03:00:00+00:00,1.34,517.8,189213
2026-02-25 03:01:00+00:00,1.21,519.9,179558
2026-02-25 03:02:00+00:00,0.91,524.2,185213
2026-02-25 03:03:00+00:00,1.65,519.3,166016
2026-02-25 03:04:00+00:00,1.04,523.3,188760
2026-02-25 03:05:00+00:00,1.08,527.2,215742
2026-02-25 03:06:00+00:00,0.94,528.0,228389
2026-02-25 03:07:00+00:00,1.36,527.6,181255
2026-02-25 03:08:00+00:00,1.26,524.8,202297
2026-02-25 03:09:00+00:00,0.51,551.7,260272
2026-02-25 03:10:00+00:00,0.15,566.0,232368
2026-02-25 03:11:00+00:00,0.14,566.2,225187
2026-02-25 03:12:00+00:00,0.11,574.2,267313
2026-02-25 03:13:00+00:00,0.13,576.9,228752
2026-02-25 03:14:00+00:00,0.19,565.3,182659
2026-02-25 03:15:00+00:00,0.17,563.3,301826
2026-02-25 03:16:00+00:00,0.12,554.3,317392
2026-02-25 03:17:00+00:00,0.12,483.5,41677
2026-02-25 03:18:00+00:00,0.29,552.1,292843
2026-02-25 03:19:00+00:00,0.14,555.5,414431
2026-02-25 03:20:00+00:00,0.14,575.4,327847
2026-02-25 03:21:00+00:00,0.19,569.2,256255
2026-02-25 03:22:00+00:00,0.23,567.7,243390
2026-02-25 03:23:00+00:00,0.23,564.4,195434
2026-02-25 03:24:00+00:00,0.22,564.0,217729
2026-02-25 03:25:00+00:00,1.04,548.1,173139
2026-02-25 03:26:00+00:00,1.68,531.1,139525
2026-02-25 03:27:00+00:00,1.76,525.4,128833
2026-02-25 03:28:00+00:00,1.58,526.6,134634
2026-02-25 03:29:00+00:00,1.38,528.2,157478
2026-02-25 03:30:00+00:00,1.81,525.9,126867
2026-02-25 03:31:00+00:00,1.77,525.5,134712
2026-02-25 03:32:00+00:00,1.63,524.4,160200
2026-02-25 03:33:00+00:00,1.52,526.4,160441
2026-02-25 03:34:00+00:00,1.50,525.9,175016
2026-02-25 03:35:00+00:00,1.73,526.6,157483
2026-02-25 03:36:00+00:00,1.35,525.6,180599
2026-02-25 03:37:00+00:00,1.25,532.7,201987
2026-02-25 03:38:00+00:00,1.29,532.0,206874
2026-02-25 03:39:00+00:00,1.47,531.3,185996
2026-02-25 03:40:00+00:00,1.41,532.1,198021
2026-02-25 03:41:00+00:00,1.42,530.3,207319
2026-02-25 03:42:00+00:00,1.40,529.3,204088
2026-02-25 03:43:00+00:00,1.32,529.5,189831
2026-02-25 03:44:00+00:00,1.36,530.8,178340
2026-02-25 03:45:00+00:00,1.48,531.4,168959
2026-02-25 03:46:00+00:00,1.62,530.2,150086
2026-02-25 03:47:00+00:00,1.66,532.9,143849
2026-02-25 03:48:00+00:00,1.06,539.7,147552
2026-02-25 03:49:00+00:00,0.93,548.1,145501
2026-02-25 03:50:00+00:00,0.96,542.7,196353
2026-02-25 03:51:00+00:00,1.23,528.5,187543
2026-02-25 03:52:00+00:00,1.45,524.2,181133
2026-02-25 03:53:00+00:00,1.31,526.1,187716
2026-02-25 03:54:00+00:00,1.46,525.3,174043
2026-02-25 03:55:00+00:00,1.38,528.3,185023
2026-02-25 03:56:00+00:00,1.14,533.2,217867
2026-02-25 03:57:00+00:00,0.94,542.3,217302
2026-02-25 03:58:00+00:00,0.98,541.6,197572
2026-02-25 04:00:00+00:00,0.72,562.0,144855
2026-02-25 04:01:00+00:00,0.73,561.2,148748
2026-02-25 04:02:00+00:00,0.77,559.7,155472
2026-02-25 04:03:00+00:00,0.72,562.8,115713
2026-02-25 04:04:00+00:00,0.73,562.1,120285
2026-02-25 04:05:00+00:00,0.75,559.6,139684
2026-02-25 04:06:00+00:00,0.67,566.4,107996
2026-02-25 04:07:00+00:00,0.62,567.0,92232
2026-02-25 04:08:00+00:00,0.81,557.8,130943
2026-02-25 04:09:00+00:00,0.73,563.4,132107
2026-02-25 04:10:00+00:00,0.68,562.4,122707
2026-02-25 04:11:00+00:00,0.69,564.6,120498
2026-02-25 04:12:00+00:00,0.66,566.5,115527
2026-02-25 04:13:00+00:00,0.75,555.9,159836
2026-02-25 04:14:00+00:00,0.77,551.0,186297
2026-02-25 04:15:00+00:00,0.79,548.7,201051
2026-02-25 04:16:00+00:00,0.81,545.9,219762
2026-02-25 04:17:00+00:00,0.85,545.2,222006
2026-02-25 04:18:00+00:00,0.98,540.6,220381
2026-02-25 04:19:00+00:00,1.03,536.5,227747
2026-02-25 04:20:00+00:00,1.15,533.7,227812
2026-02-25 04:21:00+00:00,1.26,527.8,211848
2026-02-25 04:22:00+00:00,1.34,527.8,206124
2026-02-25 04:23:00+00:00,1.35,531.8,190239
2026-02-25 04:24:00+00:00,1.34,532.6,185918
2026-02-25 04:25:00+00:00,1.16,529.7,178650
2026-02-25 04:26:00+00:00,1.75,525.4,148344
2026-02-25 04:27:00+00:00,1.74,522.1,166997
2026-02-25 04:28:00+00:00,1.92,520.7,166535
2026-02-25 04:29:00+00:00,1.72,522.4,145323
2026-02-25 04:30:00+00:00,1.74,518.5,139540
2026-02-25 04:31:00+00:00,1.88,514.7,141429
2026-02-25 04:32:00+00:00,1.94,515.5,135292
2026-02-25 04:33:00+00:00,1.94,515.7,132271
2026-02-25 04:34:00+00:00,1.82,515.2,136558
2026-02-25 04:35:00+00:00,1.89,517.5,134694
2026-02-25 04:36:00+00:00,1.63,519.4,138766
2026-02-25 04:37:00+00:00,1.65,519.7,138764
2026-02-25 04:38:00+00:00,1.87,522.6,138940
2026-02-25 04:39:00+00:00,1.86,522.0,144519
2026-02-25 04:40:00+00:00,1.56,524.0,155619
2026-02-25 04:41:00+00:00,1.17,532.7,176426
2026-02-25 04:42:00+00:00,1.28,533.6,194061
2026-02-25 04:43:00+00:00,1.48,535.1,168914
2026-02-25 04:44:00+00:00,1.08,543.0,182321
2026-02-25 04:45:00+00:00,0.88,544.8,172738
2026-02-25 04:46:00+00:00,1.00,540.7,177684
2026-02-25 04:47:00+00:00,1.08,537.8,192803
2026-02-25 04:48:00+00:00,0.98,541.6,203212
2026-02-25 04:49:00+00:00,0.85,548.9,206411
2026-02-25 04:50:00+00:00,1.24,546.6,169804
2026-02-25 04:51:00+00:00,2.26,538.2,108967
2026-02-25 04:52:00+00:00,2.32,550.4,103568
2026-02-25 04:53:00+00:00,1.91,535.3,111033
2026-02-25 04:54:00+00:00,1.66,532.7,125348
2026-02-25 04:55:00+00:00,2.13,540.1,116377
2026-02-25 04:56:00+00:00,1.93,526.3,140918
2026-02-25 04:57:00+00:00,1.85,526.3,153278
2026-02-25 04:58:00+00:00,1.96,525.7,141328
2026-02-25 04:59:00+00:00,1.94,527.9,147387
2026-02-25 05:00:00+00:00,2.03,526.6,146078
2026-02-25 05:01:00+00:00,1.90,526.2,148601
2026-02-25 05:02:00+00:00,1.79,526.4,142705
2026-02-25 05:03:00+00:00,1.72,528.1,132134
2026-02-25 05:04:00+00:00,1.72,530.3,130078
2026-02-25 05:05:00+00:00,1.77,530.8,132667
2026-02-25 05:06:00+00:00,1.75,529.6,132412
2026-02-25 05:07:00+00:00,1.88,530.0,133942
2026-02-25 05:08:00+00:00,1.86,534.7,138171
2026-02-25 05:09:00+00:00,1.87,527.1,138617
2026-02-25 05:10:00+00:00,1.86,527.1,138005
2026-02-25 05:11:00+00:00,1.75,528.0,120282
2026-02-25 05:12:00+00:00,1.68,529.9,99667
2026-02-25 05:13:00+00:00,1.66,532.5,94758
2026-02-25 05:14:00+00:00,1.23,533.0,95346
2026-02-25 05:15:00+00:00,1.44,531.6,93242
2026-02-25 05:16:00+00:00,1.51,531.1,115965
2026-02-25 05:17:00+00:00,1.51,530.7,122056
2026-02-25 05:18:00+00:00,1.46,528.3,121313
2026-02-25 05:19:00+00:00,1.39,526.5,125502
2026-02-25 05:20:00+00:00,1.49,527.1,129280
2026-02-25 05:21:00+00:00,1.55,527.9,137508
2026-02-25 05:22:00+00:00,1.40,527.4,147246
2026-02-25 05:23:00+00:00,1.49,527.2,149981
2026-02-25 05:24:00+00:00,1.39,531.3,176846
2026-02-25 05:25:00+00:00,1.37,527.9,158155
2026-02-25 05:26:00+00:00,1.57,525.7,127484
2026-02-25 05:27:00+00:00,1.45,517.7,100784
2026-02-25 05:28:00+00:00,1.40,522.0,163800
2026-02-25 05:29:00+00:00,1.43,522.5,158011
2026-02-25 05:30:00+00:00,1.36,524.1,179929
2026-02-25 05:31:00+00:00,1.46,525.1,185238
2026-02-25 05:32:00+00:00,1.32,526.6,189874
2026-02-25 05:33:00+00:00,1.31,526.6,185105
2026-02-25 05:34:00+00:00,1.33,526.0,192366
2026-02-25 05:35:00+00:00,1.13,528.3,234833
2026-02-25 05:36:00+00:00,0.97,530.5,257931
2026-02-25 05:37:00+00:00,1.02,529.9,247493
2026-02-25 05:38:00+00:00,1.14,532.3,247319
2026-02-25 05:39:00+00:00,1.42,538.1,229035
2026-02-25 05:40:00+00:00,1.35,535.1,220915
2026-02-25 05:41:00+00:00,1.44,536.5,224113
2026-02-25 05:42:00+00:00,1.63,,
2026-02-25 05:43:00+00:00,1.63,533.9,198466
2026-02-25 05:44:00+00:00,1.44,536.9,210623
2026-02-25 05:45:00+00:00,1.16,539.2,245868
2026-02-25 05:46:00+00:00,0.78,552.7,254583
2026-02-25 05:47:00+00:00,0.92,548.7,247133
2026-02-25 05:48:00+00:00,0.86,553.3,234906
2026-02-25 05:49:00+00:00,0.73,562.3,182604
2026-02-25 05:50:00+00:00,0.69,566.2,154790
2026-02-25 05:51:00+00:00,0.53,566.5,171387
2026-02-25 05:52:00+00:00,0.26,566.2,220933
2026-02-25 05:53:00+00:00,0.13,564.8,247235
2026-02-25 05:54:00+00:00,0.16,567.2,187039
2026-02-25 05:55:00+00:00,0.21,578.3,158849
2026-02-25 05:56:00+00:00,0.07,580.6,274390
2026-02-25 05:57:00+00:00,0.07,556.9,130706
2026-02-25 05:58:00+00:00,0.17,585.9,193335
2026-02-25 05:59:00+00:00,0.12,583.0,141738
2026-02-25 06:00:00+00:00,0.09,531.5,94328
2026-02-25 06:01:00+00:00,0.32,568.0,169786
2026-02-25 06:02:00+00:00,0.48,580.2,159485
2026-02-25 06:03:00+00:00,0.52,576.5,171444
2026-02-25 06:04:00+00:00,0.34,577.4,122226
2026-02-25 06:05:00+00:00,0.31,573.5,130732
2026-02-25 06:06:00+00:00,0.38,571.2,153842
2026-02-25 06:07:00+00:00,0.39,567.8,159730
2026-02-25 06:08:00+00:00,0.38,568.1,162266
2026-02-25 06:09:00+00:00,0.42,570.1,167354
2026-02-25 06:10:00+00:00,0.41,566.7,146418
2026-02-25 06:11:00+00:00,0.28,571.0,87689
2026-02-25 06:12:00+00:00,0.24,567.6,116247
2026-02-25 06:13:00+00:00,0.14,569.8,108663
2026-02-25 06:14:00+00:00,0.09,565.0,87894
2026-02-25 06:16:00+00:00,0.34,576.4,97806
2026-02-25 06:17:00+00:00,0.33,575.5,109159
2026-02-25 06:18:00+00:00,0.37,576.1,108487
2026-02-25 06:19:00+00:00,0.34,577.1,99286
2026-02-25 06:20:00+00:00,0.14,570.8,241310
2026-02-25 06:21:00+00:00,0.18,576.6,169413
2026-02-25 06:22:00+00:00,0.14,582.4,191445
2026-02-25 06:23:00+00:00,0.22,573.5,207882
2026-02-25 06:24:00+00:00,0.36,565.6,143773
2026-02-25 06:25:00+00:00,0.32,569.1,139233
2026-02-25 06:26:00+00:00,0.40,572.6,143443
2026-02-25 06:27:00+00:00,0.55,574.0,151985
2026-02-25 06:28:00+00:00,0.59,573.5,165942
2026-02-25 06:29:00+00:00,0.51,564.7,176226
2026-02-25 06:30:00+00:00,0.27,564.5,183797
2026-02-25 06:31:00+00:00,0.29,571.3,207358
2026-02-25 06:32:00+00:00,0.07,587.6,385006
2026-02-25 06:33:00+00:00,0.37,581.1,148593
2026-02-25 06:34:00+00:00,0.14,533.1,127825
2026-02-25 06:35:00+00:00,0.43,546.3,184395
2026-02-25 06:36:00+00:00,0.74,551.0,203503
2026-02-25 06:37:00+00:00,0.79,543.1,221975
2026-02-25 06:38:00+00:00,0.90,539.4,199422
2026-02-25 06:39:00+00:00,1.11,535.2,170125
2026-02-25 06:40:00+00:00,1.34,533.2,142956
2026-02-25 06:41:00+00:00,1.52,534.5,113053
2026-02-25 06:42:00+00:00,1.52,532.0,115654
2026-02-25 06:43:00+00:00,1.46,532.8,119342
2026-02-25 06:44:00+00:00,1.41,527.7,109584
2026-02-25 06:45:00+00:00,1.19,531.0,101154
2026-02-25 06:46:00+00:00,1.57,538.2,114416
2026-02-25 06:47:00+00:00,1.50,536.7,133122
2026-02-25 06:48:00+00:00,1.50,,
2026-02-25 06:49:00+00:00,1.88,532.4,167966
2026-02-25 06:50:00+00:00,0.99,563.9,187141
2026-02-25 06:51:00+00:00,0.84,572.7,164559
2026-02-25 06:52:00+00:00,0.76,563.5,173429
2026-02-25 06:53:00+00:00,0.76,566.7,176680
2026-02-25 06:54:00+00:00,0.78,572.6,162524
2026-02-25 06:55:00+00:00,0.81,574.1,165066
2026-02-25 06:56:00+00:00,0.82,573.4,180027
2026-02-25 06:57:00+00:00,0.79,571.5,178484
2026-02-25 06:58:00+00:00,0.80,568.5,171733
2026-02-25 06:59:00+00:00,0.89,564.7,182764
2026-02-25 07:00:00+00:00,0.89,569.1,188405
2026-02-25 07:01:00+00:00,0.94,571.9,170731
2026-02-25 07:02:00+00:00,1.00,572.7,178267
2026-02-25 07:03:00+00:00,0.92,577.1,170532
2026-02-25 07:04:00+00:00,0.87,575.8,173654
2026-02-25 07:05:00+00:00,0.95,590.3,217835
2026-02-25 07:06:00+00:00,0.51,540.2,97444
2026-02-25 07:07:00+00:00,0.53,562.0,124750
2026-02-25 07:08:00+00:00,0.55,571.2,136703
2026-02-25 07:09:00+00:00,0.61,570.6,143172
2026-02-25 07:10:00+00:00,0.61,570.0,139780
2026-02-25 07:11:00+00:00,0.59,570.6,143453
2026-02-25 07:12:00+00:00,0.68,571.4,158180
2026-02-25 07:13:00+00:00,0.80,572.0,167220
2026-02-25 07:14:00+00:00,0.84,569.8,166886
2026-02-25 07:15:00+00:00,1.18,556.7,154225
2026-02-25 07:16:00+00:00,1.76,545.3,157209
2026-02-25 07:17:00+00:00,0.62,560.2,185061
2026-02-25 07:18:00+00:00,0.54,571.0,159173
2026-02-25 07:19:00+00:00,0.67,568.1,150383
2026-02-25 07:20:00+00:00,0.59,564.6,182325
2026-02-25 07:21:00+00:00,0.59,564.5,183426
2026-02-25 07:22:00+00:00,0.75,556.0,247000
2026-02-25 07:23:00+00:00,0.87,558.2,237154
2026-02-25 07:24:00+00:00,0.92,574.0,241238
2026-02-25 07:25:00+00:00,0.85,571.2,191160
2026-02-25 07:26:00+00:00,0.96,570.0,230227
2026-02-25 07:27:00+00:00,0.89,560.5,239114
2026-02-25 07:28:00+00:00,0.62,539.8,162514
2026-02-25 07:29:00+00:00,0.65,555.6,133334
2026-02-25 07:30:00+00:00,0.89,592.2,165316
2026-02-25 07:31:00+00:00,0.88,571.4,183514
2026-02-25 07:32:00+00:00,0.65,562.3,157314
2026-02-25 07:33:00+00:00,0.59,536.2,119045
2026-02-25 07:34:00+00:00,0.77,600.3,232685
2026-02-25 07:35:00+00:00,0.89,571.7,183511
2026-02-25 07:36:00+00:00,0.73,564.7,167733
2026-02-25 07:37:00+00:00,0.80,589.5,241418
2026-02-25 07:38:00+00:00,0.60,561.6,189973
2026-02-25 07:39:00+00:00,0.92,557.8,210575
2026-02-25 07:40:00+00:00,0.92,533.1,168598
2026-02-25 07:41:00+00:00,1.19,557.3,276653
2026-02-25 07:42:00+00:00,1.49,567.8,283810
2026-02-25 07:43:00+00:00,1.47,553.0,241186
2026-02-25 07:44:00+00:00,1.39,548.1,261345
2026-02-25 07:45:00+00:00,1.34,550.3,274397
2026-02-25 07:46:00+00:00,1.19,547.0,250195
2026-02-25 07:47:00+00:00,1.16,544.4,199118
2026-02-25 07:48:00+00:00,1.40,554.3,222898
2026-02-25 07:49:00+00:00,1.55,574.9,292542
2026-02-25 07:50:00+00:00,1.64,559.5,182184
2026-02-25 07:51:00+00:00,1.33,564.4,148151
2026-02-25 07:52:00+00:00,1.03,564.3,195840
2026-02-25 07:53:00+00:00,0.86,555.1,171183
2026-02-25 07:54:00+00:00,0.84,554.1,168261
2026-02-25 07:55:00+00:00,0.63,573.7,180811
2026-02-25 07:56:00+00:00,0.75,586.6,282263
2026-02-25 07:57:00+00:00,0.66,561.5,204065
2026-02-25 07:58:00+00:00,0.66,570.3,165089
2026-02-25 07:59:00+00:00,0.66,582.6,180242
2026-02-25 08:00:00+00:00,0.67,584.8,225145
2026-02-25 08:01:00+00:00,0.71,585.6,250908
2026-02-25 08:02:00+00:00,0.67,558.0,170842
2026-02-25 08:03:00+00:00,0.67,548.1,175105
2026-02-25 08:04:00+00:00,0.71,560.9,209630
2026-02-25 08:05:00+00:00,0.73,556.0,203274
2026-02-25 08:06:00+00:00,0.78,563.3,256628
2026-02-25 08:07:00+00:00,0.56,532.7,119986
2026-02-25 08:08:00+00:00,0.79,553.4,245541
2026-02-25 08:09:00+00:00,0.82,558.7,265102
2026-02-25 08:10:00+00:00,0.70,559.1,221493
2026-02-25 08:11:00+00:00,0.63,570.6,221147
2026-02-25 08:12:00+00:00,0.75,558.9,236849
2026-02-25 08:13:00+00:00,0.80,569.6,229322
2026-02-25 08:14:00+00:00,0.67,551.6,158094
2026-02-25 08:15:00+00:00,1.08,541.5,151927
2026-02-25 08:16:00+00:00,1.67,558.8,219289
2026-02-25 08:17:00+00:00,1.88,559.4,230612
2026-02-25 08:18:00+00:00,1.92,546.2,184156
2026-02-25 08:19:00+00:00,1.60,547.1,177586
2026-02-25 08:20:00+00:00,1.41,552.9,235052
2026-02-25 08:21:00+00:00,1.46,551.6,240542
2026-02-25 08:22:00+00:00,0.77,531.1,135611
2026-02-25 08:23:00+00:00,2.40,562.3,306953
2026-02-25 08:24:00+00:00,1.79,541.3,242956
2026-02-25 08:25:00+00:00,1.77,554.1,318424
2026-02-25 08:26:00+00:00,1.25,536.1,193573
2026-02-25 08:27:00+00:00,1.15,532.2,166877
2026-02-25 08:28:00+00:00,1.48,544.4,236874
2026-02-25 08:29:00+00:00,0.98,530.1,161446
2026-02-25 08:30:00+00:00,1.38,546.6,263544
2026-02-25 08:31:00+00:00,1.68,556.0,317018
2026-02-25 08:32:00+00:00,1.65,548.8,281372
2026-02-25 08:33:00+00:00,1.44,543.2,244580
2026-02-25 08:34:00+00:00,1.09,538.5,193070
2026-02-25 08:35:00+00:00,1.91,558.7,314714
2026-02-25 08:36:00+00:00,1.33,541.9,221209
2026-02-25 08:37:00+00:00,0.93,532.2,164926
2026-02-25 08:38:00+00:00,2.55,557.3,280824
2026-02-25 08:39:00+00:00,2.02,543.7,241544
2026-02-25 08:40:00+00:00,1.82,541.2,210414
2026-02-25 08:41:00+00:00,1.07,534.0,169577
2026-02-25 08:42:00+00:00,1.87,549.7,240733
2026-02-25 08:43:00+00:00,1.65,543.3,204652
2026-02-25 08:44:00+00:00,1.11,542.1,201377
2026-02-25 08:45:00+00:00,1.56,553.9,237667
2026-02-25 08:46:00+00:00,2.24,556.1,245350
2026-02-25 08:47:00+00:00,2.26,545.3,214202
2026-02-25 08:48:00+00:00,1.65,528.6,172366
2026-02-25 08:49:00+00:00,1.62,531.0,194923
2026-02-25 08:50:00+00:00,2.19,551.0,250567
2026-02-25 08:51:00+00:00,1.61,538.9,190878
2026-02-25 08:52:00+00:00,1.80,539.7,195363
2026-02-25 08:53:00+00:00,1.96,549.1,223165
2026-02-25 08:54:00+00:00,1.37,530.9,144838
2026-02-25 08:55:00+00:00,2.32,553.8,231343
2026-02-25 08:56:00+00:00,1.75,541.6,193824
2026-02-25 08:57:00+00:00,2.00,563.1,275134
2026-02-25 08:58:00+00:00,1.96,547.8,197757
2026-02-25 08:59:00+00:00,2.03,546.2,172381
2026-02-25 09:00:00+00:00,2.05,546.7,169927
2026-02-25 09:01:00+00:00,2.42,553.2,201038
2026-02-25 09:02:00+00:00,2.10,549.2,170266
2026-02-25 09:03:00+00:00,1.37,531.9,133352
2026-02-25 09:04:00+00:00,1.58,544.2,163003
2026-02-25 09:05:00+00:00,2.51,572.6,209461
2026-02-25 09:06:00+00:00,2.32,558.2,175807
2026-02-25 09:07:00+00:00,1.89,550.6,137949
2026-02-25 09:08:00+00:00,2.11,553.6,153751
2026-02-25 09:09:00+00:00,2.48,571.1,209186
2026-02-25 09:10:00+00:00,2.22,553.9,157773
2026-02-25 09:11:00+00:00,0.92,518.9,83783
2026-02-25 09:12:00+00:00,2.02,553.5,164173
2026-02-25 09:13:00+00:00,2.57,562.4,214540
2026-02-25 09:14:00+00:00,2.04,549.8,159396
2026-02-25 09:15:00+00:00,1.33,528.0,110379
2026-02-25 09:16:00+00:00,1.85,540.1,135631
2026-02-25 09:17:00+00:00,4.63,553.5,123177
2026-02-25 09:18:00+00:00,3.53,541.1,107043
2026-02-25 09:19:00+00:00,1.93,540.1,129324
2026-02-25 09:20:00+00:00,2.52,554.5,173492
2026-02-25 09:21:00+00:00,2.52,553.1,181708
2026-02-25 09:22:00+00:00,1.83,536.9,134574
2026-02-25 09:23:00+00:00,1.71,527.1,114408
2026-02-25 09:24:00+00:00,2.09,544.2,139417
2026-02-25 09:25:00+00:00,2.25,544.2,145096
2026-02-25 09:26:00+00:00,1.96,534.2,112265
2026-02-25 09:27:00+00:00,6.26,561.3,103957
2026-02-25 09:28:00+00:00,2.37,545.5,142975
2026-02-25 09:29:00+00:00,2.05,541.6,193232
2026-02-25 09:30:00+00:00,1.05,513.9,99488
2026-02-25 09:31:00+00:00,2.23,551.9,210349
2026-02-25 09:32:00+00:00,2.30,548.7,179456
2026-02-25 09:33:00+00:00,2.15,541.6,149169
2026-02-25 09:34:00+00:00,3.10,576.9,259355
2026-02-25 09:35:00+00:00,2.59,563.9,189816
2026-02-25 09:36:00+00:00,2.02,548.7,121170
2026-02-25 09:37:00+00:00,1.62,534.4,100417
2026-02-25 09:38:00+00:00,1.47,534.0,121529
2026-02-25 09:39:00+00:00,2.52,573.9,234239
2026-02-25 09:40:00+00:00,2.45,557.6,150525
2026-02-25 09:41:00+00:00,2.27,550.6,134203
2026-02-25 09:42:00+00:00,1.55,520.2,76702
2026-02-25 09:43:00+00:00,2.26,564.9,166849
2026-02-25 09:44:00+00:00,2.04,548.0,141185
2026-02-25 09:45:00+00:00,1.52,530.3,96393
2026-02-25 09:46:00+00:00,2.18,565.8,167224
2026-02-25 09:47:00+00:00,2.53,567.7,208456
2026-02-25 09:48:00+00:00,2.18,552.0,172778
2026-02-25 09:49:00+00:00,1.60,527.4,117028
2026-02-25 09:50:00+00:00,2.03,554.1,180006
2026-02-25 09:51:00+00:00,2.29,574.4,195821
2026-02-25 09:52:00+00:00,2.17,564.7,163749
2026-02-25 09:53:00+00:00,1.83,555.2,180185
2026-02-25 09:54:00+00:00,1.38,544.0,170864
2026-02-25 09:55:00+00:00,2.37,549.6,171279
2026-02-25 09:56:00+00:00,1.85,543.6,162101
2026-02-25 09:57:00+00:00,1.55,521.5,128496
2026-02-25 09:58:00+00:00,1.88,583.6,310307
2026-02-25 09:59:00+00:00,2.24,559.8,199829
2026-02-25 10:02:00+00:00,1.04,571.7,201417
2026-02-25 10:03:00+00:00,0.75,569.6,143086
2026-02-25 10:04:00+00:00,0.77,588.2,205671
2026-02-25 10:05:00+00:00,0.78,584.9,191698
2026-02-25 10:06:00+00:00,0.76,578.2,163675
2026-02-25 10:07:00+00:00,1.44,565.6,155195
2026-02-25 10:08:00+00:00,1.40,558.4,143389
2026-02-25 10:09:00+00:00,1.73,554.6,153272
2026-02-25 10:10:00+00:00,2.20,562.7,197363
2026-02-25 10:11:00+00:00,1.73,555.3,189107
2026-02-25 10:12:00+00:00,1.68,550.7,174731
2026-02-25 10:13:00+00:00,1.80,587.4,239597
2026-02-25 10:14:00+00:00,1.37,550.7,129222
2026-02-25 10:15:00+00:00,1.70,566.2,183007
2026-02-25 10:16:00+00:00,1.55,538.4,133429
2026-02-25 10:17:00+00:00,1.61,591.5,306379
2026-02-25 10:18:00+00:00,1.55,569.4,159303
2026-02-25 10:19:00+00:00,1.67,567.0,118870
2026-02-25 10:20:00+00:00,1.86,586.2,170471
2026-02-25 10:21:00+00:00,1.44,568.9,129326
2026-02-25 10:22:00+00:00,1.25,569.9,167267
2026-02-25 10:23:00+00:00,1.32,581.8,224699
2026-02-25 10:24:00+00:00,1.85,541.9,144886
2026-02-25 10:25:00+00:00,1.91,542.9,142073
2026-02-25 10:26:00+00:00,2.06,547.0,147649
2026-02-25 10:27:00+00:00,2.22,555.5,186681
2026-02-25 10:28:00+00:00,2.36,565.2,236091
2026-02-25 10:29:00+00:00,2.21,560.7,235179
2026-02-25 10:30:00+00:00,2.06,564.0,173376
2026-02-25 10:31:00+00:00,1.99,550.0,142333
2026-02-25 10:32:00+00:00,2.08,566.6,177969
2026-02-25 10:33:00+00:00,2.16,557.4,148499
2026-02-25 10:34:00+00:00,1.72,549.8,139906
2026-02-25 10:35:00+00:00,2.09,553.0,150925
2026-02-25 10:36:00+00:00,2.33,556.5,172882
2026-02-25 10:37:00+00:00,2.06,547.6,155752
2026-02-25 10:38:00+00:00,1.68,528.8,140756
2026-02-25 10:39:00+00:00,1.53,518.9,140342
2026-02-25 10:40:00+00:00,2.06,594.9,276985
2026-02-25 10:41:00+00:00,2.07,587.7,268783
2026-02-25 10:42:00+00:00,1.96,565.1,224294
2026-02-25 10:43:00+00:00,1.74,545.1,154381
2026-02-25 10:44:00+00:00,2.14,560.0,158701
2026-02-25 10:45:00+00:00,2.08,562.2,160473
2026-02-25 10:46:00+00:00,1.57,526.7,108103
2026-02-25 10:47:00+00:00,1.90,579.4,174169
2026-02-25 10:48:00+00:00,2.26,575.0,172756
2026-02-25 10:49:00+00:00,2.20,575.1,192810
2026-02-25 10:50:00+00:00,1.80,544.0,109188
2026-02-25 10:51:00+00:00,1.83,552.1,126679
2026-02-25 10:52:00+00:00,2.06,565.0,164036
2026-02-25 10:53:00+00:00,1.83,552.2,131035
2026-02-25 10:54:00+00:00,1.93,550.0,134548
2026-02-25 10:55:00+00:00,2.06,551.3,146621
2026-02-25 10:56:00+00:00,2.14,551.5,154826
2026-02-25 10:57:00+00:00,1.88,544.9,161604
2026-02-25 10:58:00+00:00,1.36,535.5,142215
2026-02-25 10:59:00+00:00,2.07,561.1,161901
2026-02-25 11:00:00+00:00,1.90,547.6,135244
2026-02-25 11:01:00+00:00,1.50,536.6,105470
2026-02-25 11:02:00+00:00,2.18,579.5,245296
2026-02-25 11:03:00+00:00,2.04,555.3,169399
2026-02-25 11:04:00+00:00,2.04,547.4,171464
2026-02-25 11:05:00+00:00,0.88,515.5,89200
2026-02-25 11:06:00+00:00,2.06,564.4,221215
2026-02-25 11:07:00+00:00,1.81,560.3,175708
2026-02-25 11:08:00+00:00,1.42,540.6,118100
2026-02-25 11:09:00+00:00,1.76,550.4,160233
2026-02-25 11:10:00+00:00,2.22,563.3,206753
2026-02-25 11:11:00+00:00,2.19,563.2,174650
2026-02-25 11:12:00+00:00,2.02,560.5,132298
2026-02-25 11:13:00+00:00,3.05,572.9,245448
2026-02-25 11:14:00+00:00,2.31,554.3,196695
2026-02-25 11:15:00+00:00,0.92,519.0,97048
2026-02-25 11:16:00+00:00,2.04,547.9,151170
2026-02-25 11:17:00+00:00,2.31,553.5,180398
2026-02-25 11:18:00+00:00,1.74,532.4,97294
2026-02-25 11:19:00+00:00,2.26,557.9,189438
2026-02-25 11:20:00+00:00,1.84,545.3,131367
2026-02-25 11:21:00+00:00,2.09,567.0,196897
2026-02-25 11:22:00+00:00,1.85,543.8,176249
2026-02-25 11:23:00+00:00,1.79,535.8,160957
2026-02-25 11:24:00+00:00,1.50,511.4,126393
2026-02-25 11:25:00+00:00,1.69,536.7,188057
2026-02-25 11:26:00+00:00,1.67,543.1,189204
2026-02-25 11:27:00+00:00,1.29,538.0,186891
2026-02-25 11:28:00+00:00,1.17,547.3,249140
2026-02-25 11:29:00+00:00,1.13,543.6,256035
2026-02-25 11:30:00+00:00,0.95,537.9,223963
2026-02-25 11:31:00+00:00,1.27,553.6,266848
2026-02-25 11:32:00+00:00,1.34,539.8,194501
2026-02-25 11:33:00+00:00,1.54,545.3,215201
2026-02-25 11:34:00+00:00,1.32,525.6,127515
2026-02-25 11:35:00+00:00,1.41,533.6,148985
2026-02-25 11:36:00+00:00,2.38,548.9,180766
2026-02-25 11:37:00+00:00,2.11,556.9,121902
2026-02-25 11:38:00+00:00,1.35,539.1,164397
2026-02-25 11:39:00+00:00,0.57,561.7,249121
2026-02-25 11:40:00+00:00,0.99,572.5,297717
2026-02-25 11:41:00+00:00,0.87,544.3,203453
2026-02-25 11:42:00+00:00,0.72,533.2,164085
2026-02-25 11:43:00+00:00,1.03,542.7,170235
2026-02-25 11:44:00+00:00,1.30,543.8,160082
2026-02-25 11:45:00+00:00,1.33,538.5,160372
2026-02-25 11:46:00+00:00,1.43,517.0,111606
2026-02-25 11:47:00+00:00,1.40,519.0,123998
2026-02-25 11:48:00+00:00,1.28,525.2,163247
2026-02-25 11:49:00+00:00,1.16,524.8,158530
2026-02-25 11:50:00+00:00,1.24,539.1,182042
2026-02-25 11:51:00+00:00,2.09,550.8,179942
2026-02-25 11:52:00+00:00,2.01,545.4,133393
2026-02-25 11:53:00+00:00,1.76,532.9,103937
2026-02-25 11:54:00+00:00,1.75,527.9,106101
2026-02-25 11:55:00+00:00,1.59,551.6,132381
2026-02-25 11:56:00+00:00,1.84,572.1,223115
2026-02-25 11:57:00+00:00,1.51,556.7,169874
2026-02-25 11:58:00+00:00,1.43,551.2,152895
2026-02-25 11:59:00+00:00,1.64,552.5,161133
2026-02-25 12:00:00+00:00,1.65,546.9,140888
2026-02-25 12:01:00+00:00,1.48,531.4,116912
2026-02-25 12:02:00+00:00,1.43,525.7,121468
2026-02-25 12:03:00+00:00,1.84,558.2,201656
2026-02-25 12:04:00+00:00,1.86,537.2,156241
2026-02-25 12:05:00+00:00,2.06,542.1,176732
2026-02-25 12:06:00+00:00,1.01,502.0,70803
2026-02-25 12:07:00+00:00,1.84,549.0,168495
2026-02-25 12:08:00+00:00,2.03,540.9,127025
2026-02-25 12:09:00+00:00,1.82,528.7,103226
2026-02-25 12:10:00+00:00,2.24,554.7,149496
2026-02-25 12:11:00+00:00,2.09,550.1,151426
2026-02-25 12:12:00+00:00,2.03,561.0,153971
2026-02-25 12:13:00+00:00,1.27,547.5,146685
2026-02-25 12:14:00+00:00,1.22,546.9,189639
2026-02-25 12:15:00+00:00,1.57,546.9,224759
2026-02-25 12:16:00+00:00,1.48,534.9,201040
2026-02-25 12:17:00+00:00,1.53,544.0,228806
2026-02-25 12:18:00+00:00,1.92,568.0,326077
2026-02-25 12:19:00+00:00,1.38,551.0,168489
2026-02-25 12:20:00+00:00,1.28,544.5,155525
2026-02-25 12:21:00+00:00,0.92,518.0,109375
2026-02-25 12:22:00+00:00,1.82,569.4,275259
2026-02-25 12:23:00+00:00,1.46,557.6,213688
2026-02-25 12:24:00+00:00,1.03,557.4,181756
2026-02-25 12:25:00+00:00,1.12,570.4,220470
2026-02-25 12:26:00+00:00,0.96,551.6,144987
2026-02-25 12:27:00+00:00,0.97,555.4,171476
2026-02-25 12:28:00+00:00,0.92,537.5,151659
2026-02-25 12:29:00+00:00,0.88,565.6,205584
2026-02-25 12:30:00+00:00,1.09,579.6,267143
2026-02-25 12:31:00+00:00,1.14,568.1,221911
2026-02-25 12:32:00+00:00,0.98,555.9,146114
2026-02-25 12:33:00+00:00,0.98,551.5,171471
2026-02-25 12:34:00+00:00,1.05,553.3,211887
2026-02-25 12:35:00+00:00,1.17,550.5,133722
2026-02-25 12:36:00+00:00,1.66,583.8,152464
2026-02-25 12:37:00+00:00,1.94,608.4,215166
2026-02-25 12:38:00+00:00,3.05,606.0,126219
2026-02-25 12:39:00+00:00,0.63,535.5,168914
2026-02-25 12:40:00+00:00,1.01,562.0,175306
2026-02-25 12:41:00+00:00,1.16,561.3,207323
2026-02-25 12:42:00+00:00,1.21,561.4,161165
2026-02-25 12:43:00+00:00,1.10,551.7,133174
2026-02-25 12:44:00+00:00,0.91,558.1,152903
2026-02-25 12:45:00+00:00,0.78,553.2,140265
2026-02-25 12:46:00+00:00,0.91,569.0,187572
2026-02-25 12:47:00+00:00,1.02,578.9,177055
2026-02-25 12:48:00+00:00,1.02,586.3,158272
2026-02-25 12:49:00+00:00,1.06,593.1,182554
2026-02-25 12:50:00+00:00,1.05,568.2,128665
2026-02-25 12:51:00+00:00,1.02,554.8,106862
2026-02-25 12:52:00+00:00,1.22,598.7,176842
2026-02-25 12:53:00+00:00,1.20,595.5,171276
2026-02-25 12:54:00+00:00,1.00,566.4,120157
2026-02-25 12:55:00+00:00,0.99,541.2,90469
2026-02-25 12:56:00+00:00,1.57,567.6,175436
2026-02-25 12:57:00+00:00,1.51,565.3,145743
2026-02-25 12:58:00+00:00,1.40,575.2,149482
2026-02-25 12:59:00+00:00,1.35,580.9,173343
2026-02-25 13:00:00+00:00,1.29,573.9,137167
2026-02-25 13:01:00+00:00,1.36,571.1,133548
2026-02-25 13:02:00+00:00,1.34,556.0,111656
2026-02-25 13:03:00+00:00,1.35,557.9,138879
2026-02-25 13:04:00+00:00,1.33,566.6,172338
2026-02-25 13:05:00+00:00,1.24,568.2,151763
2026-02-25 13:06:00+00:00,1.19,569.7,143947
2026-02-25 13:07:00+00:00,1.10,544.4,127790
2026-02-25 13:08:00+00:00,1.46,559.7,165806
2026-02-25 13:09:00+00:00,1.56,565.4,194317
2026-02-25 13:10:00+00:00,1.41,515.6,84396
2026-02-25 13:11:00+00:00,2.03,576.9,197870
2026-02-25 13:12:00+00:00,2.30,564.9,206976
2026-02-25 13:13:00+00:00,2.18,567.4,180694
2026-02-25 13:14:00+00:00,1.95,531.0,140298
2026-02-25 13:15:00+00:00,2.24,536.6,181851
2026-02-25 13:16:00+00:00,2.09,537.7,172748
2026-02-25 13:17:00+00:00,1.74,530.9,140013
2026-02-25 13:18:00+00:00,2.08,541.2,167118
2026-02-25 13:19:00+00:00,2.17,540.9,169918
2026-02-25 13:20:00+00:00,1.73,536.5,201636
2026-02-25 13:21:00+00:00,1.25,537.1,235026
2026-02-25 13:22:00+00:00,1.14,529.6,172025
2026-02-25 13:23:00+00:00,2.13,545.2,207482
2026-02-25 13:24:00+00:00,2.58,552.9,217445
2026-02-25 13:27:00+00:00,1.82,556.5,110448
2026-02-25 13:28:00+00:00,2.22,567.9,203463
2026-02-25 13:29:00+00:00,2.03,542.8,154253
2026-02-25 13:30:00+00:00,2.50,588.4,280158
2026-02-25 13:31:00+00:00,2.53,577.3,267091
2026-02-25 13:32:00+00:00,2.48,569.2,255881
2026-02-25 13:33:00+00:00,1.99,543.5,178023
2026-02-25 13:34:00+00:00,2.33,553.8,248941
2026-02-25 13:35:00+00:00,2.36,558.6,275172
2026-02-25 13:36:00+00:00,1.75,531.8,196043
2026-02-25 13:37:00+00:00,1.82,533.2,202324
2026-02-25 13:38:00+00:00,2.33,566.7,268839
2026-02-25 13:39:00+00:00,2.20,569.0,305124
2026-02-25 13:40:00+00:00,1.87,554.5,266099
2026-02-25 13:41:00+00:00,1.39,536.3,182357
2026-02-25 13:42:00+00:00,2.28,553.4,211242
2026-02-25 13:43:00+00:00,1.59,548.3,245446
2026-02-25 13:44:00+00:00,1.16,548.0,105109
2026-02-25 13:45:00+00:00,1.15,565.3,125244
2026-02-25 13:46:00+00:00,2.28,589.7,319959
2026-02-25 13:47:00+00:00,1.37,551.6,206282
2026-02-25 13:48:00+00:00,1.37,537.6,160858
2026-02-25 13:49:00+00:00,1.60,562.0,202711
2026-02-25 13:50:00+00:00,1.80,571.9,246564
2026-02-25 13:51:00+00:00,1.49,543.7,211936
2026-02-25 13:52:00+00:00,1.40,544.0,217492
2026-02-25 13:53:00+00:00,1.78,571.4,288010
2026-02-25 13:54:00+00:00,1.69,557.7,269613
2026-02-25 13:55:00+00:00,1.55,538.6,210317
2026-02-25 13:56:00+00:00,1.09,519.5,157946
2026-02-25 13:57:00+00:00,1.64,569.4,288600
2026-02-25 13:58:00+00:00,1.96,,
2026-02-25 13:59:00+00:00,1.96,552.7,238059
2026-02-25 14:00:00+00:00,1.76,551.7,189693
2026-02-25 14:01:00+00:00,1.72,546.5,184580
2026-02-25 14:02:00+00:00,1.92,548.3,172036
2026-02-25 14:03:00+00:00,1.14,542.7,129941
2026-02-25 14:04:00+00:00,1.22,577.7,216149
2026-02-25 14:05:00+00:00,1.38,597.9,276221
2026-02-25 14:06:00+00:00,1.00,580.5,205679
2026-02-25 14:07:00+00:00,0.92,584.1,201812
2026-02-25 14:08:00+00:00,0.96,583.5,209627
2026-02-25 14:09:00+00:00,0.82,560.7,147358
2026-02-25 14:10:00+00:00,1.11,557.5,139561
2026-02-25 14:11:00+00:00,1.43,554.7,135158
2026-02-25 14:12:00+00:00,1.30,600.7,214688
2026-02-25 14:13:00+00:00,1.38,592.3,172128
2026-02-25 14:14:00+00:00,1.47,581.4,265356
2026-02-25 14:15:00+00:00,0.74,520.5,122096
2026-02-25 14:16:00+00:00,1.32,568.8,280310
2026-02-25 14:17:00+00:00,1.25,549.3,208601
2026-02-25 14:18:00+00:00,1.15,529.8,145897
2026-02-25 14:19:00+00:00,1.52,552.7,140420
2026-02-25 14:20:00+00:00,1.39,569.4,272992
2026-02-25 14:21:00+00:00,1.34,574.3,345130
2026-02-25 14:22:00+00:00,1.27,551.3,242790
2026-02-25 14:23:00+00:00,1.19,545.7,190822
2026-02-25 14:24:00+00:00,1.34,559.3,240964
2026-02-25 14:25:00+00:00,1.43,550.6,226009
2026-02-25 14:26:00+00:00,1.62,539.6,202805
2026-02-25 14:27:00+00:00,2.28,552.8,278755
2026-02-25 14:28:00+00:00,1.79,546.4,227962
2026-02-25 14:29:00+00:00,2.22,553.0,263970
2026-02-25 14:30:00+00:00,1.59,516.7,137484
2026-02-25 14:33:00+00:00,0.90,528.6,122775
2026-02-25 14:34:00+00:00,1.65,561.6,173073
2026-02-25 14:35:00+00:00,1.85,569.8,224102
2026-02-25 14:36:00+00:00,1.94,561.7,174044
2026-02-25 14:37:00+00:00,1.41,534.7,97373
2026-02-25 14:38:00+00:00,1.44,545.7,117188
2026-02-25 14:39:00+00:00,1.12,531.1,89652
2026-02-25 14:40:00+00:00,0.95,520.9,108866
2026-02-25 14:41:00+00:00,2.64,559.8,180843
2026-02-25 14:42:00+00:00,4.05,569.9,148986
2026-02-25 14:43:00+00:00,2.31,551.9,209152
2026-02-25 14:44:00+00:00,0.91,527.0,144681
2026-02-25 14:45:00+00:00,0.70,508.4,108846
2026-02-25 14:46:00+00:00,0.09,479.3,30980
2026-02-25 14:47:00+00:00,1.16,571.2,307084
2026-02-25 14:48:00+00:00,0.74,571.8,192278
2026-02-25 14:49:00+00:00,0.78,573.3,212978
2026-02-25 14:50:00+00:00,0.69,567.9,162094
2026-02-25 14:51:00+00:00,0.62,578.7,184016
2026-02-25 14:52:00+00:00,0.61,574.4,192078
2026-02-25 14:53:00+00:00,0.71,574.9,248753
2026-02-25 14:54:00+00:00,0.71,565.4,241074
2026-02-25 14:55:00+00:00,0.70,560.8,234117
2026-02-25 14:56:00+00:00,0.76,546.7,203455
2026-02-25 14:57:00+00:00,1.04,535.6,189779
2026-02-25 14:58:00+00:00,1.57,555.6,283403
2026-02-25 14:59:00+00:00,1.58,541.7,230161
2026-02-25 15:00:00+00:00,0.96,526.6,140418
2026-02-25 15:01:00+00:00,0.89,575.9,283472
2026-02-25 15:02:00+00:00,1.06,554.4,167365
2026-02-25 15:03:00+00:00,0.86,554.7,231915
2026-02-25 15:04:00+00:00,0.86,,
2026-02-25 15:06:00+00:00,0.60,584.0,214539
2026-02-25 15:07:00+00:00,0.87,558.2,198353
2026-02-25 15:08:00+00:00,0.62,530.9,220145
2026-02-25 15:09:00+00:00,0.47,542.2,210246
2026-02-25 15:10:00+00:00,0.45,564.6,183780
2026-02-25 15:11:00+00:00,0.68,556.3,156706
2026-02-25 15:12:00+00:00,0.73,561.2,223880
2026-02-25 15:13:00+00:00,0.45,584.1,285009
2026-02-25 15:14:00+00:00,0.44,571.4,201832
2026-02-25 15:15:00+00:00,0.66,565.2,201652
2026-02-25 15:16:00+00:00,0.93,572.5,210178
2026-02-25 15:17:00+00:00,1.03,569.5,234742
2026-02-25 15:18:00+00:00,0.95,556.4,130271
2026-02-25 15:19:00+00:00,0.81,530.2,110665
2026-02-25 15:20:00+00:00,0.12,488.8,31554
2026-02-25 15:21:00+00:00,1.06,542.3,185732
2026-02-25 15:22:00+00:00,1.22,551.0,202620
2026-02-25 15:23:00+00:00,0.85,538.9,201268
2026-02-25 15:24:00+00:00,0.79,553.3,186373
2026-02-25 15:25:00+00:00,0.68,551.7,173385
2026-02-25 15:26:00+00:00,0.57,536.0,163671
2026-02-25 15:27:00+00:00,0.77,549.4,222340
2026-02-25 15:28:00+00:00,0.98,563.1,246467
2026-02-25 15:29:00+00:00,0.82,554.1,178697
2026-02-25 15:30:00+00:00,0.57,553.1,151834
2026-02-25 15:31:00+00:00,0.54,553.0,183653
2026-02-25 15:32:00+00:00,0.65,571.2,266598
2026-02-25 15:33:00+00:00,0.59,572.2,225833
2026-02-25 15:34:00+00:00,0.43,518.1,89317
2026-02-25 15:35:00+00:00,0.58,584.9,217368
2026-02-25 15:36:00+00:00,0.75,570.5,204197
2026-02-25 15:37:00+00:00,0.75,570.0,203743
2026-02-25 15:38:00+00:00,0.73,585.2,189657
2026-02-25 15:39:00+00:00,0.65,567.6,190221
2026-02-25 15:40:00+00:00,0.67,563.0,165434
2026-02-25 15:41:00+00:00,0.66,553.3,141522
2026-02-25 15:42:00+00:00,0.82,567.8,227402
2026-02-25 15:43:00+00:00,1.02,570.9,222370
2026-02-25 15:44:00+00:00,1.21,559.3,144338
2026-02-25 15:45:00+00:00,1.31,555.6,131978
2026-02-25 15:46:00+00:00,1.12,558.4,129041
2026-02-25 15:47:00+00:00,0.85,585.4,178520
2026-02-25 15:48:00+00:00,0.58,586.0,220673
2026-02-25 15:49:00+00:00,0.50,577.7,202724
2026-02-25 15:50:00+00:00,0.73,587.0,253926
2026-02-25 15:51:00+00:00,0.57,564.8,96031
2026-02-25 15:52:00+00:00,0.69,568.2,190513
2026-02-25 15:53:00+00:00,0.65,554.6,148121
2026-02-25 15:54:00+00:00,0.91,573.8,275051
2026-02-25 15:55:00+00:00,0.78,576.1,214201
2026-02-25 15:56:00+00:00,0.59,551.0,206984
2026-02-25 15:57:00+00:00,0.45,528.9,169631
2026-02-25 15:58:00+00:00,0.56,543.4,210410
2026-02-25 16:00:00+00:00,0.81,543.2,177794
2026-02-25 16:01:00+00:00,0.79,548.8,167065
2026-02-25 16:02:00+00:00,0.79,559.8,161589
2026-02-25 16:03:00+00:00,0.83,564.4,208397
2026-02-25 16:04:00+00:00,0.67,566.2,248047
2026-02-25 16:05:00+00:00,0.91,549.6,179865
2026-02-25 16:06:00+00:00,1.97,574.6,195220
2026-02-25 16:07:00+00:00,5.58,570.2,115655
2026-02-25 16:08:00+00:00,1.25,524.6,98677
2026-02-25 16:09:00+00:00,1.73,585.8,233607
2026-02-25 16:10:00+00:00,1.80,592.7,248664
2026-02-25 16:12:00+00:00,0.55,508.1,93854
2026-02-25 16:13:00+00:00,1.32,556.2,221058
2026-02-25 16:14:00+00:00,1.82,582.5,298191
2026-02-25 16:15:00+00:00,1.71,570.4,204555
2026-02-25 16:16:00+00:00,1.55,567.7,116617
2026-02-25 16:17:00+00:00,1.52,580.6,150403
2026-02-25 16:18:00+00:00,1.49,582.1,176986
2026-02-25 16:19:00+00:00,1.41,564.7,131488
2026-02-25 16:20:00+00:00,1.28,539.2,102449
2026-02-25 16:21:00+00:00,1.70,608.1,211134
2026-02-25 16:22:00+00:00,1.89,598.1,211036
2026-02-25 16:23:00+00:00,1.14,571.1,196942
2026-02-25 16:24:00+00:00,1.18,590.3,216406
2026-02-25 16:25:00+00:00,1.13,564.2,150106
2026-02-25 16:26:00+00:00,0.90,552.1,138697
2026-02-25 16:27:00+00:00,0.79,562.0,156396
2026-02-25 16:28:00+00:00,0.93,586.9,172893
2026-02-25 16:29:00+00:00,0.73,579.4,213233
2026-02-25 16:30:00+00:00,0.59,556.5,200151
2026-02-25 16:31:00+00:00,0.53,560.1,174010
2026-02-25 16:32:00+00:00,0.48,568.9,156194
2026-02-25 16:33:00+00:00,0.53,571.9,164613
2026-02-25 16:34:00+00:00,0.58,582.1,199950
2026-02-25 16:35:00+00:00,0.43,555.3,126716
2026-02-25 16:36:00+00:00,0.17,522.5,53216
2026-02-25 16:37:00+00:00,0.69,563.7,169877
2026-02-25 16:38:00+00:00,0.64,562.2,144260
2026-02-25 16:39:00+00:00,0.53,556.9,146827
2026-02-25 16:40:00+00:00,0.55,566.6,220323
2026-02-25 16:41:00+00:00,0.45,550.8,147760
2026-02-25 16:42:00+00:00,0.55,561.1,141856
2026-02-25 16:43:00+00:00,0.57,563.5,142344
2026-02-25 16:44:00+00:00,0.84,602.7,370085
2026-02-25 16:45:00+00:00,0.61,568.1,222150
2026-02-25 16:46:00+00:00,0.50,539.1,137124
2026-02-25 16:47:00+00:00,0.62,541.6,158015
2026-02-25 16:48:00+00:00,0.74,547.6,176039
2026-02-25 16:49:00+00:00,0.64,541.8,153958
2026-02-25 16:50:00+00:00,0.55,549.6,185459
2026-02-25 16:51:00+00:00,0.76,570.6,309915
2026-02-25 16:52:00+00:00,0.69,556.8,220019
2026-02-25 16:53:00+00:00,0.65,548.0,184102
2026-02-25 16:54:00+00:00,0.59,533.0,150049
2026-02-25 16:55:00+00:00,0.77,567.0,259118
2026-02-25 16:56:00+00:00,0.68,565.5,191678
2026-02-25 16:57:00+00:00,0.54,552.2,150369
2026-02-25 16:58:00+00:00,0.48,579.4,198851
2026-02-25 16:59:00+00:00,0.46,564.3,150741
2026-02-25 17:00:00+00:00,0.59,575.3,178125
2026-02-25 17:01:00+00:00,0.64,554.9,166305
2026-02-25 17:02:00+00:00,0.59,558.6,206449
2026-02-25 17:03:00+00:00,0.55,572.6,224253
2026-02-25 17:04:00+00:00,0.61,576.8,198838
2026-02-25 17:05:00+00:00,0.66,572.7,218831
2026-02-25 17:06:00+00:00,0.51,549.4,196057
2026-02-25 17:07:00+00:00,0.39,544.7,97947
2026-02-25 17:08:00+00:00,0.46,560.8,181800
2026-02-25 17:09:00+00:00,0.38,558.1,133143
2026-02-25 17:10:00+00:00,0.37,572.5,175873
2026-02-25 17:11:00+00:00,0.37,569.0,142775
2026-02-25 17:12:00+00:00,0.35,560.5,147511
2026-02-25 17:13:00+00:00,0.35,558.4,119644
2026-02-25 17:14:00+00:00,0.38,565.1,136438
2026-02-25 17:15:00+00:00,0.34,556.0,109520
2026-02-25 17:16:00+00:00,0.32,552.9,100115
2026-02-25 17:17:00+00:00,0.39,592.7,230596
2026-02-25 17:18:00+00:00,0.29,565.4,142629
2026-02-25 17:19:00+00:00,0.29,553.3,95205
2026-02-25 17:20:00+00:00,0.31,547.3,90021
2026-02-25 17:21:00+00:00,0.33,550.8,109782
2026-02-25 17:22:00+00:00,0.48,580.5,169644
2026-02-25 17:23:00+00:00,0.48,555.7,97009
2026-02-25 17:24:00+00:00,0.43,553.5,113873
2026-02-25 17:25:00+00:00,0.52,579.0,198398
2026-02-25 17:26:00+00:00,0.33,552.2,89687
2026-02-25 17:27:00+00:00,0.37,572.0,130428
2026-02-25 17:28:00+00:00,0.37,563.6,112750
2026-02-25 17:29:00+00:00,0.38,577.9,161312
2026-02-25 17:30:00+00:00,0.43,565.6,124537
2026-02-25 17:31:00+00:00,0.37,554.8,106413
2026-02-25 17:32:00+00:00,0.41,560.1,130729
2026-02-25 17:33:00+00:00,0.42,552.3,117148
2026-02-25 17:34:00+00:00,0.36,547.4,94651
2026-02-25 17:35:00+00:00,0.37,554.1,97726
2026-02-25 17:36:00+00:00,0.49,560.1,148398
2026-02-25 17:37:00+00:00,0.57,558.4,164772
2026-02-25 17:38:00+00:00,0.59,554.9,106309
2026-02-25 17:39:00+00:00,0.59,551.2,110983
2026-02-25 17:40:00+00:00,0.42,539.1,77512
2026-02-25 17:41:00+00:00,0.57,553.4,107379
2026-02-25 17:42:00+00:00,0.40,540.3,99012
2026-02-25 17:43:00+00:00,0.44,523.1,61003
2026-02-25 17:44:00+00:00,0.69,559.2,140235
2026-02-25 17:45:00+00:00,0.61,557.3,108376
2026-02-25 17:46:00+00:00,0.69,559.9,128886
2026-02-25 17:47:00+00:00,0.74,553.6,102465
2026-02-25 17:48:00+00:00,0.89,557.2,125335
2026-02-25 17:49:00+00:00,0.95,559.6,139218
2026-02-25 17:50:00+00:00,0.54,494.2,47752
2026-02-25 17:51:00+00:00,1.32,523.9,160258
2026-02-25 17:52:00+00:00,1.71,555.9,255654
2026-02-25 17:53:00+00:00,1.01,564.8,207064
2026-02-25 17:54:00+00:00,0.69,567.1,162625
2026-02-25 17:55:00+00:00,0.68,553.4,187365
2026-02-25 17:56:00+00:00,0.74,562.0,233164
2026-02-25 17:57:00+00:00,0.99,532.7,93988
2026-02-25 17:58:00+00:00,0.86,550.1,147787
2026-02-25 17:59:00+00:00,1.20,576.5,173155
2026-02-25 18:00:00+00:00,0.87,547.5,190903
2026-02-25 18:01:00+00:00,1.05,544.5,159405
2026-02-25 18:02:00+00:00,0.95,531.8,85823
2026-02-25 18:03:00+00:00,0.70,553.4,193475
2026-02-25 18:04:00+00:00,0.49,549.2,125243
2026-02-25 18:05:00+00:00,0.48,550.0,112878
2026-02-25 18:06:00+00:00,0.66,576.6,154044
2026-02-25 18:07:00+00:00,0.66,577.3,157569
2026-02-25 18:08:00+00:00,0.61,573.2,134649
2026-02-25 18:09:00+00:00,0.66,563.9,120318
2026-02-25 18:10:00+00:00,0.69,531.1,165604
2026-02-25 18:11:00+00:00,0.82,560.7,248832
2026-02-25 18:12:00+00:00,0.57,558.9,154819
2026-02-25 18:13:00+00:00,0.65,553.4,183766
2026-02-25 18:14:00+00:00,0.59,561.5,189570
2026-02-25 18:15:00+00:00,0.51,566.5,119795
2026-02-25 18:16:00+00:00,0.08,553.0,155384
2026-02-25 18:17:00+00:00,0.08,569.3,278507
2026-02-25 18:18:00+00:00,0.77,580.3,192623
2026-02-25 18:19:00+00:00,0.53,555.0,127584
2026-02-25 18:20:00+00:00,0.54,558.9,198061
2026-02-25 18:21:00+00:00,0.51,562.8,172138
2026-02-25 18:22:00+00:00,0.46,562.0,136234
2026-02-25 18:25:00+00:00,0.51,542.2,137389
2026-02-25 18:26:00+00:00,0.52,580.0,192127
2026-02-25 18:27:00+00:00,0.56,556.9,112344
2026-02-25 18:28:00+00:00,0.52,540.0,108773
2026-02-25 18:29:00+00:00,0.69,541.7,203421
2026-02-25 18:30:00+00:00,0.79,570.7,203652
2026-02-25 18:31:00+00:00,0.66,562.8,156546
2026-02-25 18:32:00+00:00,0.57,545.3,118008
2026-02-25 18:33:00+00:00,0.72,582.7,245422
2026-02-25 18:34:00+00:00,0.72,563.1,157560
2026-02-25 18:35:00+00:00,0.66,556.5,122547
2026-02-25 18:36:00+00:00,0.62,535.8,135308
2026-02-25 18:37:00+00:00,0.93,541.5,243679
2026-02-25 18:38:00+00:00,1.47,541.3,232265
2026-02-25 18:39:00+00:00,1.47,530.6,185817
2026-02-25 18:40:00+00:00,1.22,536.5,217240
2026-02-25 18:41:00+00:00,1.29,538.2,220856
2026-02-25 18:42:00+00:00,1.33,527.3,167163
2026-02-25 18:43:00+00:00,1.10,549.7,161763
2026-02-25 18:44:00+00:00,0.73,558.6,195055
2026-02-25 18:45:00+00:00,0.78,576.6,254550
2026-02-25 18:46:00+00:00,0.67,524.4,142545
2026-02-25 18:47:00+00:00,0.82,552.4,290846
2026-02-25 18:48:00+00:00,0.72,541.6,187962
2026-02-25 18:49:00+00:00,0.72,558.8,180513
2026-02-25 18:50:00+00:00,0.81,538.3,205430
2026-02-25 18:51:00+00:00,0.62,524.2,148079
2026-02-25 18:52:00+00:00,1.50,538.2,162640
2026-02-25 18:53:00+00:00,1.90,549.9,181757
2026-02-25 18:56:00+00:00,0.92,535.9,218717
2026-02-25 18:57:00+00:00,0.65,513.7,146521
2026-02-25 18:58:00+00:00,0.66,491.8,59069
2026-02-25 18:59:00+00:00,1.46,534.5,180104
2026-02-25 19:00:00+00:00,0.70,545.9,275875
2026-02-25 19:01:00+00:00,1.43,530.0,192358
2026-02-25 19:02:00+00:00,1.27,533.5,174684
2026-02-25 19:03:00+00:00,1.63,531.0,128582
2026-02-25 19:04:00+00:00,1.52,526.0,126790
2026-02-25 19:05:00+00:00,1.30,527.6,146244
2026-02-25 19:06:00+00:00,1.62,525.5,132181
2026-02-25 19:07:00+00:00,1.72,521.9,135173
2026-02-25 19:08:00+00:00,1.55,522.5,140209
2026-02-25 19:09:00+00:00,1.59,525.6,137420
2026-02-25 19:10:00+00:00,1.54,526.7,126852
2026-02-25 19:11:00+00:00,1.52,528.1,131397
2026-02-25 19:12:00+00:00,1.55,530.2,141140
2026-02-25 19:13:00+00:00,1.39,530.1,147756
2026-02-25 19:14:00+00:00,1.20,529.4,160821
2026-02-25 19:15:00+00:00,1.25,529.9,154536
2026-02-25 19:16:00+00:00,1.50,530.3,146684
2026-02-25 19:17:00+00:00,1.66,535.5,175373
2026-02-25 19:18:00+00:00,1.89,534.6,113133
2026-02-25 19:19:00+00:00,2.00,536.9,105995
2026-02-25 19:20:00+00:00,2.08,530.8,105869
2026-02-25 19:21:00+00:00,1.72,529.2,100583
2026-02-25 19:22:00+00:00,1.98,526.1,102838
2026-02-25 19:23:00+00:00,1.78,527.1,102036
2026-02-25 19:24:00+00:00,1.83,529.3,109946
2026-02-25 19:25:00+00:00,2.00,528.6,113644
2026-02-25 19:26:00+00:00,1.88,529.4,128896
2026-02-25 19:27:00+00:00,1.73,530.6,140502
2026-02-25 19:29:00+00:00,1.41,528.7,133563
2026-02-25 19:30:00+00:00,1.53,527.0,129575
2026-02-25 19:31:00+00:00,1.74,523.6,120206
2026-02-25 19:32:00+00:00,1.50,525.9,129447
2026-02-25 19:33:00+00:00,0.97,530.5,173859
2026-02-25 19:34:00+00:00,0.67,542.0,148188
2026-02-25 19:35:00+00:00,1.26,522.7,140212
2026-02-25 19:36:00+00:00,1.79,519.9,111265
2026-02-25 19:37:00+00:00,1.81,519.8,110267
2026-02-25 19:38:00+00:00,1.55,531.8,110631
2026-02-25 19:39:00+00:00,1.58,533.3,115616
2026-02-25 19:40:00+00:00,1.75,532.8,111740
2026-02-25 19:41:00+00:00,1.31,539.1,103698
2026-02-25 19:42:00+00:00,1.43,538.1,103974
2026-02-25 19:43:00+00:00,1.27,535.2,117196
2026-02-25 19:44:00+00:00,0.51,546.5,128539
2026-02-25 19:45:00+00:00,0.14,563.1,131198
2026-02-25 19:46:00+00:00,0.18,567.8,124824
2026-02-25 19:47:00+00:00,0.18,566.7,105813
2026-02-25 19:48:00+00:00,0.10,565.8,114510
2026-02-25 19:49:00+00:00,0.15,568.6,121668
2026-02-25 19:50:00+00:00,0.20,570.6,91035
2026-02-25 19:51:00+00:00,0.11,568.0,108870
2026-02-25 19:52:00+00:00,0.15,566.0,112195
2026-02-25 19:53:00+00:00,0.17,569.4,137858
2026-02-25 19:54:00+00:00,0.12,572.8,118672
2026-02-25 19:55:00+00:00,0.96,553.9,101042
2026-02-25 19:56:00+00:00,1.44,547.9,115906
2026-02-25 19:57:00+00:00,1.65,541.2,117347
2026-02-25 19:58:00+00:00,1.62,532.1,109457
2026-02-25 19:59:00+00:00,1.77,529.5,105226
2026-02-25 20:00:00+00:00,2.00,530.9,104083
2026-02-25 20:02:00+00:00,1.91,552.8,101250
2026-02-25 20:03:00+00:00,1.78,544.9,101723
2026-02-25 20:04:00+00:00,1.43,518.4,103114
2026-02-25 20:05:00+00:00,1.53,521.0,103474
2026-02-25 20:06:00+00:00,0.11,566.1,113823
2026-02-25 20:07:00+00:00,0.52,578.0,104065
2026-02-25 20:08:00+00:00,0.74,572.6,96827
2026-02-25 20:09:00+00:00,0.76,582.6,107847
2026-02-25 20:10:00+00:00,0.87,580.4,75602
2026-02-25 20:11:00+00:00,1.09,571.1,99523
2026-02-25 20:12:00+00:00,1.59,562.4,113974
2026-02-25 20:13:00+00:00,1.58,562.7,152230
2026-02-25 20:14:00+00:00,1.82,563.4,135066
2026-02-25 20:15:00+00:00,1.90,564.8,110545
2026-02-25 20:16:00+00:00,1.59,568.7,100614
2026-02-25 20:17:00+00:00,1.50,564.9,89692
2026-02-25 20:18:00+00:00,1.76,550.0,106017
2026-02-25 20:19:00+00:00,1.98,539.5,109401
2026-02-25 20:20:00+00:00,1.80,536.0,103076
2026-02-25 20:21:00+00:00,1.93,545.0,111166
2026-02-25 20:22:00+00:00,2.01,548.2,125089
2026-02-25 20:23:00+00:00,1.82,553.3,91159
2026-02-25 20:24:00+00:00,1.98,540.5,106358
2026-02-25 20:25:00+00:00,1.70,540.2,116364
2026-02-25 20:26:00+00:00,1.74,534.6,110285
2026-02-25 20:27:00+00:00,1.86,537.2,105618
2026-02-25 20:28:00+00:00,2.07,536.9,111239
2026-02-25 20:29:00+00:00,2.05,537.4,110575
2026-02-25 20:30:00+00:00,2.06,533.9,108048
2026-02-25 20:31:00+00:00,2.10,531.9,112348
2026-02-25 20:32:00+00:00,1.91,534.5,109271
2026-02-25 20:33:00+00:00,1.67,536.5,99121
2026-02-25 20:35:00+00:00,1.74,535.5,94266
2026-02-25 20:36:00+00:00,1.67,534.3,89699
2026-02-25 20:37:00+00:00,1.38,527.9,70350
2026-02-25 20:38:00+00:00,1.83,526.5,101873
2026-02-25 20:39:00+00:00,1.98,524.9,105535
2026-02-25 20:40:00+00:00,1.35,516.6,86104
2026-02-25 20:41:00+00:00,1.87,545.5,128647
2026-02-25 20:42:00+00:00,1.98,554.9,127514
2026-02-25 20:43:00+00:00,1.97,549.1,122087
2026-02-25 20:44:00+00:00,1.70,534.9,111454
2026-02-25 20:45:00+00:00,1.62,518.4,98480
2026-02-25 20:46:00+00:00,1.62,542.5,95592
2026-02-25 20:47:00+00:00,1.45,561.7,103072
2026-02-25 20:48:00+00:00,1.68,561.1,117295
2026-02-25 20:49:00+00:00,2.16,563.3,123023
2026-02-25 20:50:00+00:00,1.94,557.1,104933
2026-02-25 20:51:00+00:00,1.34,547.9,85980
2026-02-25 20:52:00+00:00,1.16,531.1,96077
2026-02-25 20:53:00+00:00,1.49,532.6,121690
2026-02-25 20:54:00+00:00,1.12,528.8,122329
2026-02-25 20:55:00+00:00,0.99,526.5,127585
2026-02-25 20:56:00+00:00,0.89,524.9,141526
2026-02-25 20:57:00+00:00,0.98,523.0,130151
2026-02-25 20:58:00+00:00,1.64,535.1,112276
2026-02-25 20:59:00+00:00,1.74,535.6,102810
2026-02-25 21:00:00+00:00,1.45,534.2,106307
2026-02-25 21:01:00+00:00,1.32,532.9,109056
2026-02-25 21:02:00+00:00,1.45,532.3,96951
2026-02-25 21:03:00+00:00,1.66,532.2,96702
2026-02-25 21:04:00+00:00,1.82,531.2,106922
2026-02-25 21:05:00+00:00,1.84,527.9,105803
2026-02-25 21:06:00+00:00,1.73,524.3,101580
2026-02-25 21:08:00+00:00,1.73,537.8,91481
2026-02-25 21:09:00+00:00,1.66,536.9,92632
2026-02-25 21:10:00+00:00,1.02,528.4,103669
2026-02-25 21:11:00+00:00,1.60,528.3,123265
2026-02-25 21:12:00+00:00,0.66,523.2,128899
2026-02-25 21:13:00+00:00,0.80,526.7,131718
2026-02-25 21:14:00+00:00,0.95,521.5,131917
2026-02-25 21:15:00+00:00,1.69,527.9,111130
2026-02-25 21:16:00+00:00,1.33,521.0,117389
2026-02-25 21:17:00+00:00,1.25,536.4,116530
2026-02-25 21:18:00+00:00,1.59,537.1,114100
2026-02-25 21:19:00+00:00,1.75,526.3,103628
2026-02-25 21:20:00+00:00,1.48,537.4,101354
2026-02-25 21:21:00+00:00,1.20,548.7,111363
2026-02-25 21:22:00+00:00,1.26,542.1,93658
2026-02-25 21:23:00+00:00,1.10,548.0,74009
2026-02-25 21:24:00+00:00,1.10,529.2,116157
2026-02-25 21:25:00+00:00,1.32,548.3,103983
2026-02-25 21:26:00+00:00,0.66,529.9,167330
2026-02-25 21:27:00+00:00,2.01,506.1,104734
2026-02-25 21:28:00+00:00,2.32,521.3,144049
2026-02-25 21:29:00+00:00,1.76,536.3,136101
2026-02-25 21:30:00+00:00,1.69,537.9,135067
2026-02-25 21:31:00+00:00,1.33,562.9,102210
2026-02-25 21:32:00+00:00,1.31,559.0,104517
2026-02-25 21:33:00+00:00,1.48,554.6,110808
2026-02-25 21:34:00+00:00,1.51,548.6,115114
2026-02-25 21:35:00+00:00,1.61,543.3,118758
2026-02-25 21:36:00+00:00,1.63,531.5,116228
2026-02-25 21:37:00+00:00,1.61,515.2,114120
2026-02-25 21:38:00+00:00,1.80,508.9,119293
2026-02-25 21:39:00+00:00,1.60,507.9,112305
2026-02-25 21:41:00+00:00,1.61,508.6,135220
2026-02-25 21:42:00+00:00,1.60,508.6,135522
2026-02-25 21:43:00+00:00,1.46,505.9,144280
2026-02-25 21:44:00+00:00,1.56,507.5,141092
2026-02-25 21:45:00+00:00,1.54,510.0,126329
2026-02-25 21:46:00+00:00,1.50,513.2,125107
2026-02-25 21:47:00+00:00,1.49,510.8,130161
2026-02-25 21:48:00+00:00,1.06,511.8,148855
2026-02-25 21:49:00+00:00,1.05,513.0,164630
2026-02-25 21:50:00+00:00,1.09,507.4,129899
2026-02-25 21:51:00+00:00,0.99,507.8,125761
2026-02-25 21:52:00+00:00,1.00,515.1,149260
2026-02-25 21:53:00+00:00,1.01,517.5,153277
2026-02-25 21:54:00+00:00,1.02,520.7,149747
2026-02-25 21:55:00+00:00,1.14,531.4,114535
2026-02-25 21:56:00+00:00,0.72,531.6,129782
2026-02-25 21:57:00+00:00,0.81,520.2,151184
2026-02-25 22:02:00+00:00,2.86,474.3,19257
2026-02-25 22:03:00+00:00,1.85,523.1,112802
2026-02-25 22:04:00+00:00,1.42,528.0,123238
2026-02-25 22:05:00+00:00,0.91,543.6,217704
2026-02-25 22:06:00+00:00,0.73,531.8,216128
2026-02-25 22:07:00+00:00,1.12,514.8,149389
2026-02-25 22:08:00+00:00,1.04,506.8,130502
2026-02-25 22:09:00+00:00,0.75,509.1,181384
2026-02-25 22:10:00+00:00,1.31,527.5,227330
2026-02-25 22:11:00+00:00,1.58,513.7,132863
2026-02-25 22:12:00+00:00,1.50,514.5,127158
2026-02-25 22:13:00+00:00,1.73,526.9,164239
2026-02-25 22:14:00+00:00,,,
2026-02-25 22:15:00+00:00,,,
2026-02-25 22:16:00+00:00,0.69,500.0,100474
2026-02-25 22:17:00+00:00,1.40,527.2,129619
2026-02-25 22:18:00+00:00,1.78,524.1,112249
2026-02-25 22:19:00+00:00,2.13,527.3,103127
2026-02-25 22:20:00+00:00,3.91,541.6,68849
2026-02-25 22:21:00+00:00,2.38,542.1,84256
2026-02-25 22:22:00+00:00,1.73,535.7,163446
2026-02-25 22:23:00+00:00,1.36,509.5,136464
2026-02-25 22:24:00+00:00,0.99,505.4,106376
2026-02-25 22:25:00+00:00,1.33,525.6,167966
2026-02-25 22:26:00+00:00,0.73,509.6,145661
2026-02-25 22:27:00+00:00,0.50,494.9,97204
2026-02-25 22:28:00+00:00,0.35,509.7,178938
2026-02-25 22:29:00+00:00,1.12,550.9,286163
2026-02-25 22:30:00+00:00,1.95,526.5,191204
2026-02-25 22:31:00+00:00,1.73,518.5,117457
2026-02-25 22:32:00+00:00,1.99,531.1,144929
2026-02-25 22:33:00+00:00,1.85,521.1,122346
2026-02-25 22:34:00+00:00,2.27,528.2,139511
2026-02-25 22:35:00+00:00,1.93,517.6,120106
2026-02-25 22:36:00+00:00,2.20,527.1,156566
2026-02-25 22:37:00+00:00,2.30,525.5,147345
2026-02-25 22:38:00+00:00,1.78,509.0,103999
2026-02-25 22:39:00+00:00,1.42,499.5,83200
2026-02-25 22:40:00+00:00,1.64,510.9,111059
2026-02-25 22:41:00+00:00,1.63,510.5,107515
2026-02-25 22:42:00+00:00,1.64,508.7,104312
2026-02-25 22:43:00+00:00,1.68,508.0,111483
2026-02-25 22:44:00+00:00,1.60,513.0,112596
2026-02-25 22:45:00+00:00,1.70,514.3,111766
2026-02-25 22:46:00+00:00,1.89,515.3,107017
2026-02-25 22:48:00+00:00,1.86,516.3,90423
2026-02-25 22:49:00+00:00,1.05,509.1,166812
2026-02-25 22:50:00+00:00,1.04,506.2,162712
2026-02-25 22:51:00+00:00,1.18,504.9,149029
2026-02-25 22:52:00+00:00,1.15,505.9,148567
2026-02-25 22:53:00+00:00,0.92,507.4,177579
2026-02-25 22:54:00+00:00,0.92,506.9,179195
2026-02-25 22:55:00+00:00,0.98,505.4,170233
2026-02-25 22:56:00+00:00,1.03,504.6,159645
2026-02-25 22:57:00+00:00,1.16,503.8,140304
2026-02-25 22:58:00+00:00,1.32,502.8,127313
2026-02-25 22:59:00+00:00,1.51,504.0,107177
2026-02-25 23:00:00+00:00,1.57,507.6,103058
2026-02-25 23:01:00+00:00,1.57,511.2,99036
2026-02-25 23:02:00+00:00,1.50,512.9,106737
2026-02-25 23:03:00+00:00,1.62,520.5,108326
2026-02-25 23:04:00+00:00,1.36,514.8,109740
2026-02-25 23:05:00+00:00,1.66,525.0,92904
2026-02-25 23:06:00+00:00,1.35,522.8,114055
2026-02-25 23:07:00+00:00,1.37,538.7,149774
2026-02-25 23:08:00+00:00,1.01,522.6,147350
2026-02-25 23:09:00+00:00,1.15,525.1,107919
2026-02-25 23:10:00+00:00,1.23,521.7,114818
2026-02-25 23:11:00+00:00,1.16,514.5,137470
2026-02-25 23:12:00+00:00,1.05,520.2,137199
2026-02-25 23:13:00+00:00,1.28,525.4,124056
2026-02-25 23:14:00+00:00,1.87,522.5,113771
2026-02-25 23:15:00+00:00,1.66,521.3,126914
2026-02-25 23:16:00+00:00,1.42,524.3,112167
2026-02-25 23:17:00+00:00,1.81,535.3,90001
2026-02-25 23:18:00+00:00,1.44,519.0,122163
2026-02-25 23:19:00+00:00,1.23,515.9,139836
2026-02-25 23:20:00+00:00,1.23,,
2026-02-25 23:21:00+00:00,1.75,517.9,106038
2026-02-25 23:22:00+00:00,1.57,525.5,104968
2026-02-25 23:23:00+00:00,1.37,535.4,118339
2026-02-25 23:24:00+00:00,0.96,530.2,157378
2026-02-25 23:25:00+00:00,1.11,527.5,147366
2026-02-25 23:26:00+00:00,1.24,525.5,124696
2026-02-25 23:27:00+00:00,1.48,526.0,108429
2026-02-25 23:28:00+00:00,1.81,529.1,95698
2026-02-25 23:29:00+00:00,1.91,529.0,90384
2026-02-25 23:30:00+00:00,1.92,527.8,87209
2026-02-25 23:31:00+00:00,1.66,530.9,88103
2026-02-25 23:32:00+00:00,1.54,534.0,91890
2026-02-25 23:33:00+00:00,1.98,524.5,88567
2026-02-25 23:34:00+00:00,2.14,528.8,89011
2026-02-25 23:35:00+00:00,1.92,531.3,80785
2026-02-25 23:36:00+00:00,1.82,524.3,66140
2026-02-25 23:37:00+00:00,1.98,529.9,82103
2026-02-25 23:38:00+00:00,1.76,530.6,96633
2026-02-25 23:39:00+00:00,1.91,531.9,82679
2026-02-25 23:40:00+00:00,2.00,542.6,84158
2026-02-25 23:41:00+00:00,2.06,541.8,91451
2026-02-25 23:42:00+00:00,1.99,535.0,90290
2026-02-25 23:43:00+00:00,1.94,525.5,84931
2026-02-25 23:44:00+00:00,1.92,519.4,84349
2026-02-25 23:45:00+00:00,1.82,522.2,90408
2026-02-25 23:46:00+00:00,1.75,525.5,93892
2026-02-25 23:47:00+00:00,1.90,526.2,87814
2026-02-25 23:48:00+00:00,2.06,534.0,91479
2026-02-25 23:49:00+00:00,2.40,534.8,103134
2026-02-25 23:50:00+00:00,1.84,523.5,76766
2026-02-25 23:51:00+00:00,2.05,515.6,78214
2026-02-25 23:52:00+00:00,2.05,517.1,84359
2026-02-25 23:53:00+00:00,2.05,517.1,84571
2026-02-25 23:54:00+00:00,1.83,513.6,87222
2026-02-25 23:55:00+00:00,1.89,534.2,89032
2026-02-25 23:56:00+00:00,1.98,534.1,91049
2026-02-25 23:57:00+00:00,1.90,532.3,90390
2026-02-25 23:58:00+00:00,1.75,526.6,92591
2026-02-25 23:59:00+00:00,1.70,524.3,90387
2026-02-26 00:00:00+00:00,1.76,526.7,87933
2026-02-26 00:01:00+00:00,1.83,528.9,92604
2026-02-26 00:02:00+00:00,1.81,533.9,94448
2026-02-26 00:03:00+00:00,1.73,535.3,93737
2026-02-26 00:04:00+00:00,1.61,534.9,102329
2026-02-26 00:05:00+00:00,1.48,540.8,93170
2026-02-26 00:06:00+00:00,1.41,535.8,106215
2026-02-26 00:07:00+00:00,1.46,544.7,102515
2026-02-26 00:08:00+00:00,1.58,572.2,90719
2026-02-26 00:09:00+00:00,1.33,558.3,98205
2026-02-26 00:10:00+00:00,1.31,554.6,108492
2026-02-26 00:11:00+00:00,1.33,552.4,108017
2026-02-26 00:12:00+00:00,1.22,552.1,94265
2026-02-26 00:13:00+00:00,1.67,546.3,93108
2026-02-26 00:14:00+00:00,2.24,551.7,159818
2026-02-26 00:15:00+00:00,2.15,541.4,151055
2026-02-26 00:16:00+00:00,1.79,524.1,90243
2026-02-26 00:17:00+00:00,1.86,524.2,87091
2026-02-26 00:18:00+00:00,2.01,524.7,85737
2026-02-26 00:19:00+00:00,1.88,525.4,84484
2026-02-26 00:20:00+00:00,1.94,530.5,100843
2026-02-26 00:21:00+00:00,1.82,531.8,99334
2026-02-26 00:22:00+00:00,1.94,523.4,88101
2026-02-26 00:23:00+00:00,1.83,521.4,84825
2026-02-26 00:24:00+00:00,1.84,519.4,81030
2026-02-26 00:25:00+00:00,1.93,526.1,90866
2026-02-26 00:26:00+00:00,1.94,526.9,91974
2026-02-26 00:27:00+00:00,1.95,523.5,91175
2026-02-26 00:28:00+00:00,1.94,522.8,86349
2026-02-26 00:29:00+00:00,2.04,526.1,87112
2026-02-26 00:30:00+00:00,1.92,522.3,86873
2026-02-26 00:31:00+00:00,1.70,516.8,90538
2026-02-26 00:32:00+00:00,1.75,518.9,95214
2026-02-26 00:33:00+00:00,1.63,523.4,104119
2026-02-26 00:34:00+00:00,1.25,525.1,111343
2026-02-26 00:35:00+00:00,1.68,527.7,91657
2026-02-26 00:36:00+00:00,1.84,529.4,99335
2026-02-26 00:37:00+00:00,1.76,522.8,109739
2026-02-26 00:38:00+00:00,1.89,516.0,91369
2026-02-26 00:39:00+00:00,1.74,519.8,87283
2026-02-26 00:40:00+00:00,1.87,536.5,97877
2026-02-26 00:41:00+00:00,2.04,541.0,98366
2026-02-26 00:42:00+00:00,2.03,524.1,90224
2026-02-26 00:43:00+00:00,1.78,527.8,83088
2026-02-26 00:44:00+00:00,2.01,526.0,84252
2026-02-26 00:45:00+00:00,2.17,524.3,87947
2026-02-26 00:46:00+00:00,2.08,527.6,89470
2026-02-26 00:47:00+00:00,2.04,529.1,91744
2026-02-26 00:48:00+00:00,1.99,526.0,88814
2026-02-26 00:49:00+00:00,1.82,521.6,82234
2026-02-26 00:50:00+00:00,1.78,521.1,81692
2026-02-26 00:51:00+00:00,1.89,524.4,80323
2026-02-26 00:52:00+00:00,1.84,519.4,81994
2026-02-26 00:53:00+00:00,1.88,520.8,82583
2026-02-26 00:54:00+00:00,1.55,518.0,79983
2026-02-26 00:55:00+00:00,2.02,517.8,80950
2026-02-26 00:56:00+00:00,2.16,526.0,85180
2026-02-26 00:57:00+00:00,1.65,518.0,79097
2026-02-26 00:58:00+00:00,1.82,520.9,76924
2026-02-26 00:59:00+00:00,1.87,521.7,76628
2026-02-26 01:00:00+00:00,1.86,519.9,71693
2026-02-26 01:01:00+00:00,1.81,530.3,79846
2026-02-26 01:02:00+00:00,1.76,529.4,83921
2026-02-26 01:03:00+00:00,1.93,523.9,83760
2026-02-26 01:04:00+00:00,2.05,527.7,91353
2026-02-26 01:05:00+00:00,2.05,535.7,99419
2026-02-26 01:06:00+00:00,2.00,543.4,95791
2026-02-26 01:07:00+00:00,1.55,550.1,98195
2026-02-26 01:08:00+00:00,1.57,549.3,112108
2026-02-26 01:09:00+00:00,1.55,545.3,98163
2026-02-26 01:10:00+00:00,1.61,546.1,102449
2026-02-26 01:11:00+00:00,2.06,550.4,93542
2026-02-26 01:12:00+00:00,1.50,550.3,95999
2026-02-26 01:13:00+00:00,1.49,548.5,110566
2026-02-26 01:14:00+00:00,1.82,534.7,90892
2026-02-26 01:15:00+00:00,0.69,545.5,198310
2026-02-26 01:16:00+00:00,0.77,533.5,151620
2026-02-26 01:17:00+00:00,1.65,524.3,99129
2026-02-26 01:18:00+00:00,1.78,526.1,91149
2026-02-26 01:19:00+00:00,1.79,542.9,99939
2026-02-26 01:20:00+00:00,1.99,542.7,104093
2026-02-26 01:21:00+00:00,2.06,528.9,102674
2026-02-26 01:22:00+00:00,2.07,533.9,103855
2026-02-26 01:23:00+00:00,1.62,524.5,101590
2026-02-26 01:24:00+00:00,1.29,532.5,124394
2026-02-26 01:25:00+00:00,0.17,569.3,163301
2026-02-26 01:26:00+00:00,0.25,574.1,88106
2026-02-26 01:27:00+00:00,0.42,553.8,105678
2026-02-26 01:28:00+00:00,1.91,526.6,148681
2026-02-26 01:29:00+00:00,1.53,548.7,121706
2026-02-26 01:30:00+00:00,1.71,547.3,104936
2026-02-26 01:31:00+00:00,1.64,552.4,108914
2026-02-26 01:32:00+00:00,1.60,554.2,110953
2026-02-26 01:33:00+00:00,1.62,553.0,109452
2026-02-26 01:34:00+00:00,1.67,550.4,114969
2026-02-26 01:35:00+00:00,1.46,544.2,105043
2026-02-26 01:36:00+00:00,1.65,531.4,89915
2026-02-26 01:37:00+00:00,2.11,526.1,84224
2026-02-26 01:38:00+00:00,1.84,533.3,76569
2026-02-26 01:39:00+00:00,1.70,524.6,77126
2026-02-26 01:40:00+00:00,1.92,520.3,79181
2026-02-26 01:41:00+00:00,2.16,517.4,78421
2026-02-26 01:42:00+00:00,1.94,517.2,77953
2026-02-26 01:43:00+00:00,2.11,517.4,77211
2026-02-26 01:44:00+00:00,1.96,518.7,79644
2026-02-26 01:45:00+00:00,2.11,515.4,73579
2026-02-26 01:46:00+00:00,1.85,522.8,73290
2026-02-26 01:47:00+00:00,1.64,522.9,83759
2026-02-26 01:48:00+00:00,1.92,521.3,88405
2026-02-26 01:49:00+00:00,2.05,521.4,94531
2026-02-26 01:50:00+00:00,2.02,522.5,92385
2026-02-26 01:51:00+00:00,1.96,521.6,89578
2026-02-26 01:52:00+00:00,1.87,519.3,92880
2026-02-26 01:53:00+00:00,1.88,518.7,95475
2026-02-26 01:54:00+00:00,1.99,519.9,92139
2026-02-26 01:55:00+00:00,1.90,522.4,86833
2026-02-26 01:56:00+00:00,2.01,527.2,93161
2026-02-26 01:57:00+00:00,1.86,517.2,88679
2026-02-26 01:58:00+00:00,2.06,517.8,88483
2026-02-26 01:59:00+00:00,1.95,517.3,88181
2026-02-26 02:00:00+00:00,2.14,519.5,95096
2026-02-26 02:01:00+00:00,2.06,527.4,95320
2026-02-26 02:02:00+00:00,1.98,522.1,92020
2026-02-26 02:03:00+00:00,2.05,528.6,94045
2026-02-26 02:04:00+00:00,2.11,527.9,91751
2026-02-26 02:05:00+00:00,2.12,526.5,90418
2026-02-26 02:06:00+00:00,2.02,522.5,93278
2026-02-26 02:07:00+00:00,2.07,526.5,97039
2026-02-26 02:08:00+00:00,2.12,532.4,98684
2026-02-26 02:09:00+00:00,2.08,535.1,96117
2026-02-26 02:10:00+00:00,1.93,535.0,103074
2026-02-26 02:11:00+00:00,1.69,531.0,111641
2026-02-26 02:12:00+00:00,1.51,519.9,90466
2026-02-26 02:13:00+00:00,2.01,524.9,96887
2026-02-26 02:14:00+00:00,1.99,525.1,92804
2026-02-26 02:15:00+00:00,1.75,528.2,116210
2026-02-26 02:16:00+00:00,1.66,525.7,127387
2026-02-26 02:17:00+00:00,1.99,527.0,96658
2026-02-26 02:18:00+00:00,2.05,528.1,83712
2026-02-26 02:19:00+00:00,2.36,533.0,104216
2026-02-26 02:20:00+00:00,2.42,539.5,104790
2026-02-26 02:21:00+00:00,1.93,532.6,86010
2026-02-26 02:22:00+00:00,1.90,539.8,96590
2026-02-26 02:23:00+00:00,2.18,547.4,104425
2026-02-26 02:24:00+00:00,2.20,547.7,95697
2026-02-26 02:25:00+00:00,2.00,546.9,93214
2026-02-26 02:26:00+00:00,1.61,543.2,89117
2026-02-26 02:27:00+00:00,1.32,546.3,78265
2026-02-26 02:28:00+00:00,1.60,537.5,65728
2026-02-26 02:29:00+00:00,1.32,539.1,74788
2026-02-26 02:30:00+00:00,2.06,530.1,98458
2026-02-26 02:31:00+00:00,0.49,528.9,171311
2026-02-26 02:32:00+00:00,1.00,519.8,120651
2026-02-26 02:33:00+00:00,1.33,520.3,98835
2026-02-26 02:34:00+00:00,1.89,526.4,91550
2026-02-26 02:35:00+00:00,1.00,526.4,120556
2026-02-26 02:36:00+00:00,0.90,525.9,123668
2026-02-26 02:37:00+00:00,0.76,536.6,115194
2026-02-26 02:38:00+00:00,0.63,542.9,111782
2026-02-26 02:39:00+00:00,1.88,515.9,86432
2026-02-26 02:40:00+00:00,1.92,517.9,88823
2026-02-26 02:41:00+00:00,1.96,521.6,93250
2026-02-26 02:42:00+00:00,1.96,521.3,90490
2026-02-26 02:43:00+00:00,2.03,517.0,81213
2026-02-26 02:44:00+00:00,1.89,521.5,89065
2026-02-26 02:45:00+00:00,2.20,525.8,90100
2026-02-26 02:46:00+00:00,2.06,547.8,101756
2026-02-26 02:47:00+00:00,2.07,535.9,85555
2026-02-26 02:48:00+00:00,1.66,542.4,84663
2026-02-26 02:49:00+00:00,1.77,545.1,106543
2026-02-26 02:50:00+00:00,1.55,552.6,110943
2026-02-26 02:51:00+00:00,1.51,552.3,86609
2026-02-26 02:52:00+00:00,1.85,533.3,81496
2026-02-26 02:53:00+00:00,1.84,530.5,91471
2026-02-26 02:54:00+00:00,1.87,526.7,85623
2026-02-26 02:55:00+00:00,2.02,520.3,81809
2026-02-26 02:56:00+00:00,2.15,520.6,85995
2026-02-26 02:57:00+00:00,2.29,523.1,84974
2026-02-26 02:58:00+00:00,2.35,525.1,83734
2026-02-26 02:59:00+00:00,2.24,526.8,81529
2026-02-26 03:00:00+00:00,2.23,521.7,76400
2026-02-26 03:01:00+00:00,2.05,519.9,70037
2026-02-26 03:02:00+00:00,2.01,519.9,72327
2026-02-26 03:03:00+00:00,1.83,519.4,77983
2026-02-26 03:04:00+00:00,2.32,520.2,77674
2026-02-26 03:05:00+00:00,2.23,521.4,79560
2026-02-26 03:06:00+00:00,2.11,519.3,76005
2026-02-26 03:07:00+00:00,1.88,518.0,72220
2026-02-26 03:08:00+00:00,2.21,519.9,76204
2026-02-26 03:10:00+00:00,1.98,518.9,73109
2026-02-26 03:11:00+00:00,1.98,518.9,73109
2026-02-26 03:12:00+00:00,2.04,515.1,62806
2026-02-26 03:13:00+00:00,2.02,515.5,65766
2026-02-26 03:14:00+00:00,1.91,514.0,70253
2026-02-26 03:15:00+00:00,1.88,511.6,70586
2026-02-26 03:16:00+00:00,2.24,520.8,80968
2026-02-26 03:17:00+00:00,2.20,530.4,101643
2026-02-26 03:18:00+00:00,2.27,527.2,85456
2026-02-26 03:19:00+00:00,2.42,535.7,93283
2026-02-26 03:20:00+00:00,2.29,533.2,95783
2026-02-26 03:21:00+00:00,2.19,528.3,91761
2026-02-26 03:22:00+00:00,2.19,531.5,90045
2026-02-26 03:23:00+00:00,2.39,534.4,96783
2026-02-26 03:24:00+00:00,2.25,529.0,91026
2026-02-26 03:25:00+00:00,2.25,527.2,87680
2026-02-26 03:26:00+00:00,2.28,527.3,88645
2026-02-26 03:27:00+00:00,2.30,525.8,87361
2026-02-26 03:28:00+00:00,2.28,525.7,84563
2026-02-26 03:29:00+00:00,2.12,527.2,85667
2026-02-26 03:30:00+00:00,2.06,527.0,88998
2026-02-26 03:31:00+00:00,2.21,527.4,88490
2026-02-26 03:32:00+00:00,2.27,526.7,89546
2026-02-26 03:33:00+00:00,2.17,527.0,88809
2026-02-26 03:34:00+00:00,2.16,528.2,85325
2026-02-26 03:35:00+00:00,2.08,523.6,81866
2026-02-26 03:36:00+00:00,2.02,520.2,77494
2026-02-26 03:37:00+00:00,1.70,519.0,81816
2026-02-26 03:38:00+00:00,1.90,520.1,82649
2026-02-26 03:39:00+00:00,2.10,522.4,83013
2026-02-26 03:40:00+00:00,2.17,524.0,90994
2026-02-26 03:41:00+00:00,2.03,524.9,94186
2026-02-26 03:42:00+00:00,2.04,523.3,88936
2026-02-26 03:43:00+00:00,2.08,522.2,82891
2026-02-26 03:44:00+00:00,2.05,522.4,80775
2026-02-26 03:45:00+00:00,2.12,532.7,108264
2026-02-26 03:46:00+00:00,2.18,535.3,107940
2026-02-26 03:47:00+00:00,2.35,542.4,109335
2026-02-26 03:48:00+00:00,2.42,544.6,114087
2026-02-26 03:49:00+00:00,2.17,541.2,102359
2026-02-26 03:50:00+00:00,2.28,538.6,101477
2026-02-26 03:51:00+00:00,2.25,549.9,114035
2026-02-26 03:52:00+00:00,2.23,541.8,108707
2026-02-26 03:53:00+00:00,2.42,553.3,129861
2026-02-26 03:54:00+00:00,2.35,549.3,117636
2026-02-26 03:55:00+00:00,2.28,545.7,110788
2026-02-26 03:56:00+00:00,2.12,541.2,105956
2026-02-26 03:57:00+00:00,2.11,543.3,119232
2026-02-26 03:58:00+00:00,2.18,544.4,124895
2026-02-26 04:00:00+00:00,2.19,543.0,127684
2026-02-26 04:01:00+00:00,2.14,542.9,126122
2026-02-26 04:02:00+00:00,2.10,542.9,123393
2026-02-26 04:03:00+00:00,2.15,544.0,122635
2026-02-26 04:04:00+00:00,2.01,544.6,118044
2026-02-26 04:05:00+00:00,2.10,542.1,107741
2026-02-26 04:06:00+00:00,2.07,543.7,119715
2026-02-26 04:07:00+00:00,1.91,539.2,113321
2026-02-26 04:08:00+00:00,2.07,538.3,105256
2026-02-26 04:09:00+00:00,2.08,535.5,110527
2026-02-26 04:10:00+00:00,2.11,537.1,103754
2026-02-26 04:11:00+00:00,2.02,534.3,105867
2026-02-26 04:12:00+00:00,2.04,537.0,105744
2026-02-26 04:13:00+00:00,2.09,538.2,109668
2026-02-26 04:14:00+00:00,2.07,537.7,111702
2026-02-26 04:15:00+00:00,1.69,551.8,151164
2026-02-26 04:16:00+00:00,1.46,556.1,163080
2026-02-26 04:17:00+00:00,1.62,543.0,126518
2026-02-26 04:18:00+00:00,1.31,530.3,156728
2026-02-26 04:19:00+00:00,1.43,534.4,153239
2026-02-26 04:20:00+00:00,1.81,548.0,146648
2026-02-26 04:21:00+00:00,1.72,548.4,170833
2026-02-26 04:22:00+00:00,1.67,534.6,169611
2026-02-26 04:23:00+00:00,1.87,540.9,179512
2026-02-26 04:24:00+00:00,1.47,530.1,160003
2026-02-26 04:25:00+00:00,1.30,526.0,175116
2026-02-26 04:26:00+00:00,1.09,526.7,196025
2026-02-26 04:27:00+00:00,1.10,525.1,188800
2026-02-26 04:28:00+00:00,1.07,525.6,190693
2026-02-26 04:29:00+00:00,1.18,524.6,177870
2026-02-26 04:30:00+00:00,1.17,525.2,177562
2026-02-26 04:31:00+00:00,1.08,525.6,191718
2026-02-26 04:32:00+00:00,0.96,526.9,217759
2026-02-26 04:33:00+00:00,0.84,530.9,247501
2026-02-26 04:34:00+00:00,0.69,526.2,215820
2026-02-26 04:35:00+00:00,0.57,514.4,149298
2026-02-26 04:36:00+00:00,1.00,533.0,257910
2026-02-26 04:37:00+00:00,0.89,538.3,294468
2026-02-26 04:38:00+00:00,0.84,543.5,274937
2026-02-26 04:39:00+00:00,0.75,543.0,305352
2026-02-26 04:40:00+00:00,1.13,537.2,245969
2026-02-26 04:41:00+00:00,1.42,541.4,147415
2026-02-26 04:42:00+00:00,1.24,539.2,147990
2026-02-26 04:43:00+00:00,1.39,542.9,125326
2026-02-26 04:44:00+00:00,1.27,545.9,142837
2026-02-26 04:45:00+00:00,1.11,543.6,150887
2026-02-26 04:46:00+00:00,0.98,545.0,171717
2026-02-26 04:47:00+00:00,1.33,548.1,165855
2026-02-26 04:48:00+00:00,1.81,549.9,176819
2026-02-26 04:49:00+00:00,1.85,554.7,198647
2026-02-26 04:50:00+00:00,1.78,560.2,159664
2026-02-26 04:51:00+00:00,2.13,562.6,136370
2026-02-26 04:52:00+00:00,2.05,565.1,147101
2026-02-26 04:53:00+00:00,1.66,578.9,193538
2026-02-26 04:54:00+00:00,1.72,591.4,129302
2026-02-26 04:55:00+00:00,2.02,590.1,150575
2026-02-26 04:56:00+00:00,2.03,605.2,155900
2026-02-26 04:57:00+00:00,2.35,612.9,177019
2026-02-26 04:58:00+00:00,2.32,588.2,179483
2026-02-26 04:59:00+00:00,1.95,571.6,181619
2026-02-26 05:00:00+00:00,2.03,567.1,163918
2026-02-26 05:01:00+00:00,2.04,567.3,163714
2026-02-26 05:02:00+00:00,2.07,576.7,158809
2026-02-26 05:03:00+00:00,2.13,572.9,149387
2026-02-26 05:04:00+00:00,2.13,562.7,150214
2026-02-26 05:05:00+00:00,2.11,562.1,144865
2026-02-26 05:06:00+00:00,1.86,550.7,139864
2026-02-26 05:07:00+00:00,1.28,529.0,168373
2026-02-26 05:08:00+00:00,1.07,525.1,167252
2026-02-26 05:09:00+00:00,0.81,518.6,134434
2026-02-26 05:10:00+00:00,0.92,526.0,213703
2026-02-26 05:11:00+00:00,0.21,484.1,21806
2026-02-26 05:12:00+00:00,0.71,544.9,218391
2026-02-26 05:13:00+00:00,1.20,600.5,151422
2026-02-26 05:14:00+00:00,0.27,500.1,37222
2026-02-26 05:15:00+00:00,0.57,537.2,150637
2026-02-26 05:16:00+00:00,0.46,561.2,273214
2026-02-26 05:17:00+00:00,0.54,555.4,243472
2026-02-26 05:18:00+00:00,0.44,556.1,224099
2026-02-26 05:19:00+00:00,0.46,558.9,220418
2026-02-26 05:20:00+00:00,0.63,556.1,202859
2026-02-26 05:21:00+00:00,0.49,553.9,219682
2026-02-26 05:22:00+00:00,0.23,559.5,220385
2026-02-26 05:23:00+00:00,0.17,575.1,154003
2026-02-26 05:24:00+00:00,0.20,574.6,193357
2026-02-26 05:25:00+00:00,0.20,575.5,190553
2026-02-26 05:26:00+00:00,0.21,583.1,164292
2026-02-26 05:27:00+00:00,0.50,568.9,134560
2026-02-26 05:28:00+00:00,0.23,577.4,138097
2026-02-26 05:29:00+00:00,0.15,580.2,182680
2026-02-26 05:30:00+00:00,0.64,567.9,154594
2026-02-26 05:31:00+00:00,0.57,559.1,124937
2026-02-26 05:32:00+00:00,0.41,563.3,236863
2026-02-26 05:33:00+00:00,0.56,563.7,208239
2026-02-26 05:34:00+00:00,0.43,572.6,158418
2026-02-26 05:35:00+00:00,0.84,570.7,134387
2026-02-26 05:36:00+00:00,1.58,554.7,126271
2026-02-26 05:37:00+00:00,1.74,543.2,140627
2026-02-26 05:38:00+00:00,1.69,539.3,142923
2026-02-26 05:39:00+00:00,1.72,542.2,151701
2026-02-26 05:40:00+00:00,1.94,541.4,134828
2026-02-26 05:41:00+00:00,1.67,550.7,170770
2026-02-26 05:42:00+00:00,1.93,546.9,141414
2026-02-26 05:43:00+00:00,1.57,584.2,184462
2026-02-26 05:44:00+00:00,1.77,558.8,109555
2026-02-26 05:45:00+00:00,1.63,550.8,138762
2026-02-26 05:46:00+00:00,1.68,553.7,133971
2026-02-26 05:47:00+00:00,1.73,559.7,132119
2026-02-26 05:48:00+00:00,1.65,561.7,149897
2026-02-26 05:49:00+00:00,1.59,569.5,153406
2026-02-26 05:50:00+00:00,1.57,582.1,158396
2026-02-26 05:51:00+00:00,1.52,571.1,156527
2026-02-26 05:52:00+00:00,1.67,550.3,143124
2026-02-26 05:53:00+00:00,1.89,544.5,137384
2026-02-26 05:54:00+00:00,1.82,538.9,134984
2026-02-26 05:55:00+00:00,1.78,529.0,122705
2026-02-26 05:56:00+00:00,1.60,524.4,126709
2026-02-26 05:57:00+00:00,1.76,527.2,120906
2026-02-26 05:58:00+00:00,1.77,527.3,121288
2026-02-26 05:59:00+00:00,1.94,530.0,132358
2026-02-26 06:00:00+00:00,2.04,536.1,137798
2026-02-26 06:01:00+00:00,2.06,538.5,157941
2026-02-26 06:02:00+00:00,1.56,572.9,156564
2026-02-26 06:03:00+00:00,1.85,576.5,157999
2026-02-26 06:04:00+00:00,1.67,558.5,129340
2026-02-26 06:05:00+00:00,1.57,545.4,123354
2026-02-26 06:06:00+00:00,1.72,538.5,113644
2026-02-26 06:07:00+00:00,1.82,542.5,121618
2026-02-26 06:08:00+00:00,1.81,546.3,137742
2026-02-26 06:09:00+00:00,1.86,541.0,137647
2026-02-26 06:10:00+00:00,1.88,545.6,144389
2026-02-26 06:11:00+00:00,1.70,560.4,145561
2026-02-26 06:12:00+00:00,1.65,556.8,134558
2026-02-26 06:13:00+00:00,2.16,560.5,135907
2026-02-26 06:14:00+00:00,2.06,556.1,137775
2026-02-26 06:15:00+00:00,1.77,544.1,111469
2026-02-26 06:16:00+00:00,2.14,554.3,114817
2026-02-26 06:17:00+00:00,1.98,554.9,121553
2026-02-26 06:18:00+00:00,1.77,556.6,120045
2026-02-26 06:19:00+00:00,1.92,557.6,109617
2026-02-26 06:20:00+00:00,2.03,556.9,109069
2026-02-26 06:21:00+00:00,1.61,555.1,111023
2026-02-26 06:22:00+00:00,1.71,552.4,108366
2026-02-26 06:23:00+00:00,1.86,554.7,110987
2026-02-26 06:24:00+00:00,1.93,563.5,126338
2026-02-26 06:25:00+00:00,1.94,570.6,141472
2026-02-26 06:26:00+00:00,1.76,574.2,138924
2026-02-26 06:27:00+00:00,2.22,578.8,122456
2026-02-26 06:28:00+00:00,2.03,574.6,109530
2026-02-26 06:29:00+00:00,2.15,573.6,107967
2026-02-26 06:30:00+00:00,1.31,,
2026-02-26 06:31:00+00:00,1.31,564.0,116857
2026-02-26 06:32:00+00:00,1.85,564.1,137711
2026-02-26 06:33:00+00:00,1.46,555.0,140411
2026-02-26 06:34:00+00:00,1.37,563.4,151406
2026-02-26 06:35:00+00:00,1.07,555.7,131164
2026-02-26 06:36:00+00:00,1.51,553.9,125091
2026-02-26 06:37:00+00:00,1.73,551.9,118855
2026-02-26 06:38:00+00:00,1.91,551.8,133859
2026-02-26 06:39:00+00:00,1.98,546.4,147300
2026-02-26 06:40:00+00:00,1.71,542.7,139793
2026-02-26 06:41:00+00:00,1.48,544.0,141852
2026-02-26 06:42:00+00:00,1.55,541.7,153217
2026-02-26 06:43:00+00:00,1.60,544.1,138846
2026-02-26 06:44:00+00:00,1.61,546.1,144745
2026-02-26 06:45:00+00:00,1.51,564.7,140113
2026-02-26 06:46:00+00:00,1.12,556.0,133839
2026-02-26 06:47:00+00:00,1.48,532.4,114027
2026-02-26 06:48:00+00:00,1.32,521.6,147913
2026-02-26 06:49:00+00:00,1.75,527.2,126179
2026-02-26 06:50:00+00:00,2.73,546.1,221170
2026-02-26 06:51:00+00:00,2.24,561.4,146839
2026-02-26 06:52:00+00:00,1.84,568.7,121747
2026-02-26 06:53:00+00:00,1.61,558.5,127035
2026-02-26 06:54:00+00:00,1.67,551.8,126602
2026-02-26 06:55:00+00:00,1.72,554.1,133136
2026-02-26 06:56:00+00:00,1.60,556.1,139929
2026-02-26 06:57:00+00:00,1.73,554.4,136672
2026-02-26 06:58:00+00:00,3.05,555.7,119492
2026-02-26 06:59:00+00:00,4.66,566.1,99713
2026-02-26 07:00:00+00:00,2.08,569.6,151388
2026-02-26 07:01:00+00:00,1.98,560.2,142640
2026-02-26 07:02:00+00:00,1.50,552.0,167280
2026-02-26 07:04:00+00:00,0.70,561.8,143588
2026-02-26 07:05:00+00:00,0.39,528.1,77779
2026-02-26 07:06:00+00:00,1.45,567.7,182551
2026-02-26 07:07:00+00:00,1.31,553.0,130458
2026-02-26 07:08:00+00:00,0.92,532.6,79046
2026-02-26 07:09:00+00:00,1.19,564.8,92659
2026-02-26 07:10:00+00:00,1.11,578.8,134690
2026-02-26 07:11:00+00:00,1.00,564.3,139492
2026-02-26 07:12:00+00:00,1.10,553.4,131055
2026-02-26 07:13:00+00:00,1.03,548.6,139013
2026-02-26 07:14:00+00:00,1.19,548.9,136052
2026-02-26 07:15:00+00:00,1.32,558.8,149938
2026-02-26 07:16:00+00:00,0.44,567.7,194430
2026-02-26 07:17:00+00:00,1.44,567.3,185130
2026-02-26 07:18:00+00:00,1.36,553.5,132225
2026-02-26 07:19:00+00:00,1.41,540.9,157714
2026-02-26 07:20:00+00:00,1.72,527.4,154378
2026-02-26 07:21:00+00:00,1.53,523.2,138980
2026-02-26 07:22:00+00:00,2.45,496.4,93902
2026-02-26 07:23:00+00:00,1.81,521.4,133508
2026-02-26 07:24:00+00:00,1.67,531.3,177002
2026-02-26 07:25:00+00:00,2.24,538.0,180355
2026-02-26 07:26:00+00:00,3.93,548.0,125534
2026-02-26 07:27:00+00:00,3.06,531.9,82092
2026-02-26 07:28:00+00:00,1.06,510.4,91400
2026-02-26 07:29:00+00:00,0.94,502.0,103913
2026-02-26 07:30:00+00:00,1.19,507.5,125628
2026-02-26 07:31:00+00:00,1.81,548.5,187026
2026-02-26 07:32:00+00:00,1.25,541.7,136319
2026-02-26 07:33:00+00:00,1.37,565.3,165209
2026-02-26 07:34:00+00:00,1.58,562.3,207296
2026-02-26 07:35:00+00:00,1.72,560.6,127165
2026-02-26 07:36:00+00:00,1.72,,
2026-02-26 07:37:00+00:00,1.59,524.8,97301
2026-02-26 07:38:00+00:00,1.50,548.0,218111
2026-02-26 07:39:00+00:00,0.80,540.2,189801
2026-02-26 07:40:00+00:00,0.67,542.5,219655
2026-02-26 07:41:00+00:00,1.00,546.7,197434
2026-02-26 07:42:00+00:00,1.37,544.4,153603
2026-02-26 07:43:00+00:00,1.28,533.8,137658
2026-02-26 07:44:00+00:00,0.98,519.9,121825
2026-02-26 07:45:00+00:00,1.13,529.1,128763
2026-02-26 07:46:00+00:00,1.56,558.0,183388
2026-02-26 07:47:00+00:00,1.45,556.0,194787
2026-02-26 07:48:00+00:00,0.75,552.1,175082
2026-02-26 07:49:00+00:00,0.96,555.3,222449
2026-02-26 07:50:00+00:00,1.16,544.7,103425
2026-02-26 07:51:00+00:00,1.16,562.7,188135
2026-02-26 07:52:00+00:00,0.77,522.0,80922
2026-02-26 07:53:00+00:00,1.59,575.8,236830
2026-02-26 07:54:00+00:00,1.34,559.3,177790
2026-02-26 07:55:00+00:00,1.45,549.8,142681
2026-02-26 07:56:00+00:00,1.19,525.8,89359
2026-02-26 07:57:00+00:00,1.33,545.5,174495
2026-02-26 07:58:00+00:00,1.34,544.4,158061
2026-02-26 07:59:00+00:00,1.27,538.2,109995
2026-02-26 08:00:00+00:00,1.54,546.3,153791
2026-02-26 08:01:00+00:00,1.67,532.6,165171
2026-02-26 08:02:00+00:00,1.28,512.7,106368
2026-02-26 08:03:00+00:00,0.94,537.1,104048
2026-02-26 08:04:00+00:00,0.43,579.0,143938
2026-02-26 08:05:00+00:00,0.49,573.9,191105
2026-02-26 08:06:00+00:00,0.55,552.0,120847
2026-02-26 08:07:00+00:00,0.93,545.7,128337
2026-02-26 08:08:00+00:00,1.12,553.5,128340
2026-02-26 08:09:00+00:00,1.13,553.8,128340
2026-02-26 08:10:00+00:00,1.80,571.4,229965
2026-02-26 08:11:00+00:00,1.67,552.1,143436
2026-02-26 08:12:00+00:00,1.81,553.0,161010
2026-02-26 08:13:00+00:00,1.96,553.8,170863
2026-02-26 08:14:00+00:00,1.80,548.3,142599
2026-02-26 08:15:00+00:00,1.69,543.8,129423
2026-02-26 08:16:00+00:00,1.65,541.8,122555
2026-02-26 08:17:00+00:00,1.25,535.2,104724
2026-02-26 08:18:00+00:00,0.97,532.4,102069
2026-02-26 08:19:00+00:00,1.59,549.4,121380
2026-02-26 08:20:00+00:00,2.05,552.4,176752
2026-02-26 08:21:00+00:00,2.37,557.2,225618
2026-02-26 08:22:00+00:00,1.95,542.8,150054
2026-02-26 08:23:00+00:00,1.43,523.6,81163
2026-02-26 08:24:00+00:00,1.31,522.5,129265
2026-02-26 08:25:00+00:00,1.27,517.2,119149
2026-02-26 08:26:00+00:00,0.84,506.2,98839
2026-02-26 08:27:00+00:00,1.56,518.2,124952
2026-02-26 08:28:00+00:00,1.39,521.4,101775
2026-02-26 08:29:00+00:00,1.51,563.0,147373
2026-02-26 08:30:00+00:00,1.47,567.1,144430
2026-02-26 08:31:00+00:00,1.40,556.5,116904
2026-02-26 08:32:00+00:00,1.86,556.8,206606
2026-02-26 08:33:00+00:00,1.81,534.8,238248
2026-02-26 08:34:00+00:00,1.26,518.1,111795
2026-02-26 08:35:00+00:00,1.97,540.5,147494
2026-02-26 08:36:00+00:00,1.91,532.0,110229
2026-02-26 08:37:00+00:00,3.03,539.7,74487
2026-02-26 08:38:00+00:00,0.58,495.9,97965
2026-02-26 08:39:00+00:00,1.88,532.2,179096
2026-02-26 08:40:00+00:00,1.73,523.1,124632
2026-02-26 08:41:00+00:00,1.93,534.0,166089
2026-02-26 08:42:00+00:00,1.96,535.2,170904
2026-02-26 08:43:00+00:00,1.97,560.8,187179
2026-02-26 08:44:00+00:00,1.06,530.6,147371
2026-02-26 08:45:00+00:00,0.66,497.1,92098
2026-02-26 08:46:00+00:00,1.03,521.7,102332
2026-02-26 08:47:00+00:00,0.74,557.6,146167
2026-02-26 08:48:00+00:00,0.85,562.3,183134
2026-02-26 08:49:00+00:00,1.30,540.3,192990
2026-02-26 08:50:00+00:00,0.46,499.1,124714
2026-02-26 08:51:00+00:00,0.44,486.3,53923
2026-02-26 08:52:00+00:00,1.08,524.8,175883
2026-02-26 08:53:00+00:00,1.33,532.1,219291
2026-02-26 08:54:00+00:00,2.07,526.8,152854
2026-02-26 08:55:00+00:00,0.95,501.6,123892
2026-02-26 08:56:00+00:00,1.43,508.8,137065
2026-02-26 08:57:00+00:00,1.15,491.6,102529
2026-02-26 08:58:00+00:00,1.93,536.8,189303
2026-02-26 08:59:00+00:00,1.70,523.1,147288
2026-02-26 09:00:00+00:00,1.39,500.2,99028
2026-02-26 09:01:00+00:00,1.64,518.0,167472
2026-02-26 09:02:00+00:00,2.33,526.3,150899
2026-02-26 09:03:00+00:00,2.15,524.8,127027
2026-02-26 09:04:00+00:00,1.37,511.0,118568
2026-02-26 09:05:00+00:00,1.42,507.3,104273
2026-02-26 09:06:00+00:00,2.00,541.1,154659
2026-02-26 09:07:00+00:00,1.94,543.1,151761
2026-02-26 09:08:00+00:00,1.84,533.7,149836
2026-02-26 09:09:00+00:00,2.24,539.6,185189
2026-02-26 09:10:00+00:00,1.98,539.5,164543
2026-02-26 09:11:00+00:00,1.58,539.5,112052
2026-02-26 09:12:00+00:00,1.47,534.2,121763
2026-02-26 09:13:00+00:00,1.67,544.2,161862
2026-02-26 09:14:00+00:00,1.76,543.6,175059
2026-02-26 09:15:00+00:00,1.77,543.2,176815
2026-02-26 09:16:00+00:00,1.29,531.9,118123
2026-02-26 09:17:00+00:00,0.88,516.6,85053
2026-02-26 09:18:00+00:00,0.98,524.0,92749
2026-02-26 09:19:00+00:00,1.18,534.1,113274
2026-02-26 09:20:00+00:00,1.22,541.4,145295
2026-02-26 09:21:00+00:00,1.23,541.4,151823
2026-02-26 09:22:00+00:00,1.10,529.2,118511
2026-02-26 09:23:00+00:00,1.26,549.9,174846
2026-02-26 09:24:00+00:00,1.02,544.2,137361
2026-02-26 09:25:00+00:00,0.90,542.8,94748
2026-02-26 09:26:00+00:00,1.52,592.0,155172
2026-02-26 09:27:00+00:00,1.47,569.1,134869
2026-02-26 09:28:00+00:00,1.06,558.0,126044
2026-02-26 09:29:00+00:00,1.14,571.8,144535
2026-02-26 09:30:00+00:00,1.03,559.3,111107
2026-02-26 09:31:00+00:00,0.69,568.5,115576
2026-02-26 09:32:00+00:00,0.68,560.6,151578
2026-02-26 09:33:00+00:00,0.60,535.3,105308
2026-02-26 09:34:00+00:00,0.48,552.3,120569
2026-02-26 09:35:00+00:00,0.51,560.9,151907
2026-02-26 09:36:00+00:00,0.55,541.0,136408
2026-02-26 09:37:00+00:00,0.74,527.1,158347
2026-02-26 09:38:00+00:00,1.15,509.2,175139
2026-02-26 09:39:00+00:00,1.35,493.3,85261
2026-02-26 09:40:00+00:00,1.76,507.7,101420
2026-02-26 09:41:00+00:00,1.75,513.2,114763
2026-02-26 09:42:00+00:00,1.74,516.4,139929
2026-02-26 09:43:00+00:00,1.97,533.6,209095
2026-02-26 09:44:00+00:00,1.43,516.3,146818
2026-02-26 09:45:00+00:00,1.54,529.0,169997
2026-02-26 09:46:00+00:00,1.07,501.5,92255
2026-02-26 09:47:00+00:00,0.90,549.8,205632
2026-02-26 09:48:00+00:00,0.87,566.3,245042
2026-02-26 09:49:00+00:00,0.56,519.4,125126
2026-02-26 09:50:00+00:00,0.74,536.9,155202
2026-02-26 09:51:00+00:00,0.73,539.6,174716
2026-02-26 09:52:00+00:00,0.58,525.4,173174
2026-02-26 09:53:00+00:00,0.70,513.2,153648
2026-02-26 09:54:00+00:00,1.06,524.5,143246
2026-02-26 09:55:00+00:00,1.32,573.0,192376
2026-02-26 09:56:00+00:00,0.93,547.3,177958
2026-02-26 09:57:00+00:00,1.24,552.8,346802
2026-02-26 09:58:00+00:00,0.48,497.8,218056
2026-02-26 09:59:00+00:00,0.92,520.0,175563
2026-02-26 10:02:00+00:00,0.65,521.8,128702
2026-02-26 10:03:00+00:00,1.29,516.6,162614
2026-02-26 10:04:00+00:00,1.51,514.2,134395
2026-02-26 10:05:00+00:00,1.21,511.5,133436
2026-02-26 10:06:00+00:00,1.29,515.3,126289
2026-02-26 10:07:00+00:00,1.39,520.9,125858
2026-02-26 10:08:00+00:00,1.33,526.9,160119
2026-02-26 10:09:00+00:00,1.14,530.5,187952
2026-02-26 10:10:00+00:00,0.94,528.6,179545
2026-02-26 10:11:00+00:00,1.47,533.9,167147
2026-02-26 10:12:00+00:00,1.35,537.5,170398
2026-02-26 10:13:00+00:00,1.37,525.6,157536
2026-02-26 10:14:00+00:00,1.79,521.7,142628
2026-02-26 10:15:00+00:00,1.46,527.2,178467
2026-02-26 10:16:00+00:00,1.77,527.7,158373
2026-02-26 10:17:00+00:00,1.93,525.0,158942
2026-02-26 10:18:00+00:00,1.99,516.2,168458
2026-02-26 10:19:00+00:00,0.89,538.8,156682
2026-02-26 10:22:00+00:00,0.57,542.2,103260
2026-02-26 10:23:00+00:00,0.92,525.6,131197
2026-02-26 10:24:00+00:00,1.17,512.2,170237
2026-02-26 10:25:00+00:00,0.89,520.3,190749
2026-02-26 10:26:00+00:00,0.83,524.5,178220
2026-02-26 10:27:00+00:00,1.33,515.8,128015
2026-02-26 10:28:00+00:00,1.70,506.7,135948
2026-02-26 10:29:00+00:00,1.79,508.9,123832
2026-02-26 10:30:00+00:00,1.32,525.7,128918
2026-02-26 10:31:00+00:00,1.66,507.8,129520
2026-02-26 10:32:00+00:00,1.72,513.4,133018
2026-02-26 10:33:00+00:00,1.82,518.5,131195
2026-02-26 10:34:00+00:00,1.50,521.7,140817
2026-02-26 10:35:00+00:00,1.48,517.0,137616
2026-02-26 10:36:00+00:00,1.54,541.8,242291
2026-02-26 10:37:00+00:00,1.56,533.3,207731
2026-02-26 10:38:00+00:00,1.83,534.6,176057
2026-02-26 10:39:00+00:00,1.81,545.0,165678
2026-02-26 10:40:00+00:00,1.42,542.9,143193
2026-02-26 10:41:00+00:00,1.48,536.5,149695
2026-02-26 10:42:00+00:00,1.85,529.8,149881
2026-02-26 10:43:00+00:00,1.77,528.4,127009
2026-02-26 10:44:00+00:00,1.97,535.0,148137
2026-02-26 10:45:00+00:00,1.64,512.8,132570
2026-02-26 10:46:00+00:00,1.53,518.3,145180
2026-02-26 10:47:00+00:00,1.16,544.3,133087
2026-02-26 10:48:00+00:00,2.01,509.6,138289
2026-02-26 10:49:00+00:00,1.33,517.6,152880
2026-02-26 10:50:00+00:00,1.19,517.6,175869
2026-02-26 10:51:00+00:00,0.79,519.5,193851
2026-02-26 10:52:00+00:00,0.36,544.7,159277
2026-02-26 10:55:00+00:00,0.12,564.0,139878
2026-02-26 10:56:00+00:00,0.15,561.2,130243
2026-02-26 10:57:00+00:00,0.18,559.2,112548
2026-02-26 10:58:00+00:00,0.20,560.5,114780
2026-02-26 10:59:00+00:00,0.23,556.6,145597
2026-02-26 11:00:00+00:00,0.21,554.0,149592
2026-02-26 11:01:00+00:00,0.36,551.6,99310
2026-02-26 11:02:00+00:00,0.29,549.2,215906
2026-02-26 11:03:00+00:00,0.55,539.8,174149
2026-02-26 11:04:00+00:00,0.67,551.3,257955
2026-02-26 11:05:00+00:00,0.68,560.0,182898
2026-02-26 11:06:00+00:00,0.80,564.7,145311
2026-02-26 11:07:00+00:00,0.78,573.0,148509
2026-02-26 11:08:00+00:00,0.94,576.6,130206
2026-02-26 11:09:00+00:00,1.23,574.5,131302
2026-02-26 11:10:00+00:00,0.96,548.4,135267
2026-02-26 11:11:00+00:00,0.79,528.7,135469
2026-02-26 11:12:00+00:00,0.84,539.2,149901
2026-02-26 11:13:00+00:00,0.91,541.2,171829
2026-02-26 11:14:00+00:00,1.24,520.4,174760
2026-02-26 11:15:00+00:00,1.18,525.0,158112
2026-02-26 11:16:00+00:00,1.03,526.4,145943
2026-02-26 11:17:00+00:00,1.57,514.0,125336
2026-02-26 11:18:00+00:00,1.50,509.6,119968
2026-02-26 11:19:00+00:00,1.65,510.7,114849
2026-02-26 11:20:00+00:00,1.50,508.4,103673
2026-02-26 11:21:00+00:00,1.59,508.4,109941
2026-02-26 11:22:00+00:00,1.54,510.0,102395
2026-02-26 11:23:00+00:00,1.58,509.1,105820
2026-02-26 11:24:00+00:00,1.58,507.4,106662
2026-02-26 11:25:00+00:00,1.45,507.1,108831
2026-02-26 11:28:00+00:00,1.63,508.5,107338
2026-02-26 11:29:00+00:00,1.55,508.3,110700
2026-02-26 11:30:00+00:00,1.47,508.2,115882
2026-02-26 11:31:00+00:00,1.57,509.6,117269
2026-02-26 11:32:00+00:00,1.64,511.8,126257
2026-02-26 11:33:00+00:00,1.73,512.6,124069
2026-02-26 11:34:00+00:00,1.72,515.9,120422
2026-02-26 11:35:00+00:00,1.64,515.8,125006
2026-02-26 11:36:00+00:00,1.47,507.7,106719
2026-02-26 11:37:00+00:00,1.42,501.5,102808
2026-02-26 11:38:00+00:00,1.25,502.0,105554
2026-02-26 11:39:00+00:00,1.41,503.9,97127
2026-02-26 11:40:00+00:00,1.50,504.6,92884
2026-02-26 11:41:00+00:00,1.58,506.8,95629
2026-02-26 11:42:00+00:00,1.53,506.5,98780
2026-02-26 11:43:00+00:00,1.53,506.0,97801
2026-02-26 11:44:00+00:00,1.53,505.0,96485
2026-02-26 11:45:00+00:00,1.50,504.2,99899
2026-02-26 11:46:00+00:00,1.51,505.2,108579
2026-02-26 11:47:00+00:00,1.40,503.2,115677
2026-02-26 11:48:00+00:00,1.63,507.2,109836
2026-02-26 11:49:00+00:00,1.49,505.5,119063
2026-02-26 11:50:00+00:00,1.57,507.3,107169
2026-02-26 11:51:00+00:00,1.47,506.1,124902
2026-02-26 11:52:00+00:00,1.42,508.5,135820
2026-02-26 11:53:00+00:00,1.65,509.0,120682
2026-02-26 11:54:00+00:00,1.53,508.2,116338
2026-02-26 11:55:00+00:00,1.56,506.6,122827
2026-02-26 11:56:00+00:00,1.55,508.9,127880
2026-02-26 11:57:00+00:00,1.58,509.6,128740
2026-02-26 11:58:00+00:00,1.60,511.5,132882
2026-02-26 11:59:00+00:00,1.60,513.1,136222
2026-02-26 12:01:00+00:00,1.46,514.7,128482
2026-02-26 12:02:00+00:00,1.46,514.0,131031
2026-02-26 12:03:00+00:00,1.53,515.2,137868
2026-02-26 12:04:00+00:00,1.74,522.9,137808
2026-02-26 12:05:00+00:00,1.73,515.1,124181
2026-02-26 12:06:00+00:00,1.64,522.7,136082
2026-02-26 12:07:00+00:00,1.52,514.7,146557
2026-02-26 12:08:00+00:00,1.44,512.7,145276
2026-02-26 12:09:00+00:00,1.40,511.5,140365
2026-02-26 12:10:00+00:00,1.40,509.0,154983
2026-02-26 12:11:00+00:00,1.17,507.5,162194
2026-02-26 12:12:00+00:00,1.13,508.6,167426
2026-02-26 12:13:00+00:00,1.44,509.1,140200
2026-02-26 12:14:00+00:00,1.56,509.3,128472
2026-02-26 12:15:00+00:00,1.51,518.6,185820
2026-02-26 12:16:00+00:00,1.33,519.5,217789
2026-02-26 12:17:00+00:00,1.29,510.2,174516
2026-02-26 12:18:00+00:00,1.60,512.6,147779
2026-02-26 12:19:00+00:00,1.51,518.5,141635
2026-02-26 12:20:00+00:00,1.31,535.6,131946
2026-02-26 12:21:00+00:00,1.38,529.5,158275
2026-02-26 12:22:00+00:00,1.59,536.3,148455
2026-02-26 12:23:00+00:00,1.77,512.0,174634
2026-02-26 12:24:00+00:00,1.02,531.8,125386
2026-02-26 12:25:00+00:00,1.58,510.2,126957
2026-02-26 12:26:00+00:00,1.72,510.3,129493
2026-02-26 12:27:00+00:00,1.52,504.7,133658
2026-02-26 12:28:00+00:00,1.45,505.0,131669
2026-02-26 12:29:00+00:00,1.52,504.0,128771
2026-02-26 12:30:00+00:00,1.53,503.5,132700
2026-02-26 12:31:00+00:00,1.41,504.0,143780
2026-02-26 12:32:00+00:00,1.31,504.1,151165
2026-02-26 12:34:00+00:00,1.19,509.9,148874
2026-02-26 12:35:00+00:00,1.20,512.2,152324
2026-02-26 12:36:00+00:00,1.28,519.7,160401
2026-02-26 12:37:00+00:00,1.37,519.5,142361
2026-02-26 12:38:00+00:00,1.39,526.9,127175
2026-02-26 12:39:00+00:00,1.13,529.3,140668
2026-02-26 12:40:00+00:00,1.36,522.8,150423
2026-02-26 12:41:00+00:00,1.38,524.9,145986
2026-02-26 12:42:00+00:00,1.35,518.7,151636
2026-02-26 12:43:00+00:00,1.12,510.3,160943
2026-02-26 12:44:00+00:00,0.93,511.3,152741
2026-02-26 12:45:00+00:00,1.03,522.8,140161
2026-02-26 12:46:00+00:00,1.08,526.4,141481
2026-02-26 12:47:00+00:00,0.97,527.4,148201
2026-02-26 12:48:00+00:00,0.84,529.7,149762
2026-02-26 12:49:00+00:00,0.76,527.1,152839
2026-02-26 12:50:00+00:00,0.71,521.3,174380
2026-02-26 12:51:00+00:00,0.68,515.8,204805
2026-02-26 12:52:00+00:00,0.66,508.1,162703
2026-02-26 12:53:00+00:00,0.18,473.3,43391
2026-02-26 12:54:00+00:00,0.58,518.2,231425
2026-02-26 12:55:00+00:00,0.72,513.1,200214
2026-02-26 12:56:00+00:00,0.29,522.8,196005
2026-02-26 12:57:00+00:00,0.73,527.7,174898
2026-02-26 12:58:00+00:00,0.69,518.0,194613
2026-02-26 12:59:00+00:00,0.31,538.5,187141
2026-02-26 13:00:00+00:00,0.21,545.4,183526
2026-02-26 13:01:00+00:00,0.36,516.0,309282
2026-02-26 13:02:00+00:00,0.26,488.1,147120
2026-02-26 13:03:00+00:00,0.24,503.2,169448
2026-02-26 13:04:00+00:00,0.24,507.9,190343
2026-02-26 13:05:00+00:00,0.16,466.4,26307
2026-02-26 13:07:00+00:00,0.14,513.4,194991
2026-02-26 13:08:00+00:00,0.18,515.6,210941
2026-02-26 13:09:00+00:00,0.41,526.3,293525
2026-02-26 13:10:00+00:00,0.42,520.6,316101
2026-02-26 13:11:00+00:00,0.81,503.3,231026
2026-02-26 13:12:00+00:00,0.64,509.7,257743
2026-02-26 13:13:00+00:00,0.28,532.1,333376
2026-02-26 13:14:00+00:00,0.12,474.9,78123
2026-02-26 13:15:00+00:00,0.16,521.5,216420
2026-02-26 13:16:00+00:00,0.24,531.1,274971
2026-02-26 13:17:00+00:00,0.14,530.5,237922
2026-02-26 13:18:00+00:00,0.11,535.8,232098
2026-02-26 13:19:00+00:00,0.35,541.6,177929
2026-02-26 13:20:00+00:00,0.41,548.5,162153
2026-02-26 13:21:00+00:00,0.23,546.3,247923
2026-02-26 13:22:00+00:00,0.35,529.4,247060
2026-02-26 13:23:00+00:00,0.61,516.8,173385
2026-02-26 13:24:00+00:00,0.68,513.0,196014
2026-02-26 13:25:00+00:00,0.89,513.7,171139
2026-02-26 13:26:00+00:00,1.14,515.1,154047
2026-02-26 13:27:00+00:00,0.98,514.2,180258
2026-02-26 13:28:00+00:00,0.94,504.9,196460
2026-02-26 13:29:00+00:00,0.75,519.5,190116
2026-02-26 13:30:00+00:00,0.73,521.1,189349
2026-02-26 13:31:00+00:00,0.81,518.8,159912
2026-02-26 13:32:00+00:00,0.78,522.3,142433
2026-02-26 13:33:00+00:00,0.66,521.6,137871
2026-02-26 13:34:00+00:00,0.69,531.6,182527
2026-02-26 13:35:00+00:00,0.58,518.9,165783
2026-02-26 13:36:00+00:00,0.56,512.8,176526
2026-02-26 13:37:00+00:00,0.74,512.3,198761
2026-02-26 13:38:00+00:00,0.57,471.0,75649
2026-02-26 13:39:00+00:00,0.16,456.2,16790
2026-02-26 13:42:00+00:00,0.89,527.8,187263
2026-02-26 13:43:00+00:00,0.53,509.9,64837
2026-02-26 13:44:00+00:00,1.17,563.1,136322
2026-02-26 13:45:00+00:00,0.80,562.8,97890
2026-02-26 13:46:00+00:00,0.78,584.5,171770
2026-02-26 13:47:00+00:00,1.00,588.5,248107
2026-02-26 13:48:00+00:00,0.65,549.6,157207
2026-02-26 13:49:00+00:00,0.78,561.7,135792
2026-02-26 13:50:00+00:00,0.47,541.9,83248
2026-02-26 13:51:00+00:00,0.63,553.6,156603
2026-02-26 13:52:00+00:00,0.93,559.3,214440
2026-02-26 13:53:00+00:00,0.61,530.3,118430
2026-02-26 13:54:00+00:00,0.79,545.2,122032
2026-02-26 13:55:00+00:00,1.17,519.3,173695
2026-02-26 13:56:00+00:00,0.64,515.7,174177
2026-02-26 13:57:00+00:00,0.31,480.0,36243
2026-02-26 13:58:00+00:00,0.53,539.5,138787
2026-02-26 13:59:00+00:00,0.09,507.6,50055
2026-02-26 14:00:00+00:00,0.57,528.8,159257
2026-02-26 14:01:00+00:00,0.47,582.1,192745
2026-02-26 14:02:00+00:00,1.15,500.9,72437
2026-02-26 14:03:00+00:00,0.59,517.9,93568
2026-02-26 14:04:00+00:00,0.34,532.3,126262
2026-02-26 14:05:00+00:00,0.32,546.1,149918
2026-02-26 14:06:00+00:00,0.88,537.3,189331
2026-02-26 14:07:00+00:00,1.16,501.6,145810
2026-02-26 14:08:00+00:00,2.45,499.3,108230
2026-02-26 14:09:00+00:00,3.34,528.0,187868
2026-02-26 14:10:00+00:00,1.75,532.2,276050
2026-02-26 14:11:00+00:00,1.78,527.9,268271
2026-02-26 14:12:00+00:00,1.05,493.2,116238
2026-02-26 14:15:00+00:00,1.04,509.7,124835
2026-02-26 14:16:00+00:00,0.74,557.4,183759
2026-02-26 14:17:00+00:00,0.82,539.1,128751
2026-02-26 14:18:00+00:00,0.97,536.1,281146
2026-02-26 14:19:00+00:00,0.61,514.9,130262
2026-02-26 14:20:00+00:00,0.64,549.1,169202
2026-02-26 14:21:00+00:00,0.75,559.4,151190
2026-02-26 14:22:00+00:00,0.53,541.5,110767
2026-02-26 14:23:00+00:00,0.32,548.5,196249
2026-02-26 14:24:00+00:00,0.24,548.6,203810
2026-02-26 14:25:00+00:00,0.42,546.0,147096
2026-02-26 14:26:00+00:00,0.74,572.8,212044
2026-02-26 14:27:00+00:00,0.42,559.6,187304
2026-02-26 14:28:00+00:00,0.25,570.9,278030
2026-02-26 14:29:00+00:00,0.19,541.9,228112
2026-02-26 14:30:00+00:00,0.18,571.1,441600
2026-02-26 14:31:00+00:00,0.21,534.3,95869
2026-02-26 14:32:00+00:00,0.21,541.9,108390
2026-02-26 14:33:00+00:00,0.22,545.0,130888
2026-02-26 14:34:00+00:00,0.24,547.9,169331
2026-02-26 14:35:00+00:00,0.97,559.5,167393
2026-02-26 14:36:00+00:00,0.67,544.0,137407
2026-02-26 14:37:00+00:00,0.20,546.3,202578
2026-02-26 14:38:00+00:00,0.09,547.1,185984
2026-02-26 14:39:00+00:00,0.54,544.8,132311
2026-02-26 14:40:00+00:00,0.77,555.4,135949
2026-02-26 14:41:00+00:00,0.41,548.5,137448
2026-02-26 14:42:00+00:00,0.20,532.8,152858
2026-02-26 14:43:00+00:00,0.19,559.8,208465
2026-02-26 14:44:00+00:00,0.15,528.1,120158
2026-02-26 14:45:00+00:00,0.23,548.2,174928
2026-02-26 14:48:00+00:00,0.22,531.6,170525
2026-02-26 14:49:00+00:00,0.27,541.3,190061
2026-02-26 14:50:00+00:00,0.26,555.6,179292
2026-02-26 14:51:00+00:00,0.29,552.6,239537
2026-02-26 14:52:00+00:00,0.24,534.7,166729
2026-02-26 14:53:00+00:00,0.23,534.8,139719
2026-02-26 14:54:00+00:00,0.25,549.2,148668
2026-02-26 14:55:00+00:00,0.18,549.5,171598
2026-02-26 14:56:00+00:00,0.14,539.7,163970
2026-02-26 14:57:00+00:00,0.22,545.4,161300
2026-02-26 14:58:00+00:00,0.22,547.0,190999
2026-02-26 14:59:00+00:00,0.16,529.8,161472
2026-02-26 15:00:00+00:00,0.23,567.2,284621
2026-02-26 15:01:00+00:00,0.24,533.4,174584
2026-02-26 15:02:00+00:00,0.27,555.5,192464
2026-02-26 15:03:00+00:00,0.17,533.1,137745
2026-02-26 15:04:00+00:00,0.88,541.5,161918
2026-02-26 15:05:00+00:00,0.63,528.0,166900
2026-02-26 15:06:00+00:00,0.48,512.5,139618
2026-02-26 15:07:00+00:00,0.28,517.1,200071
2026-02-26 15:08:00+00:00,0.63,519.4,163056
2026-02-26 15:09:00+00:00,1.28,508.7,140452
2026-02-26 15:10:00+00:00,1.36,497.4,128453
2026-02-26 15:11:00+00:00,1.75,497.2,152176
2026-02-26 15:12:00+00:00,1.98,487.5,128505
2026-02-26 15:13:00+00:00,1.34,493.6,150474
2026-02-26 15:14:00+00:00,1.23,526.1,273457
2026-02-26 15:15:00+00:00,1.81,503.4,154811
2026-02-26 15:16:00+00:00,1.43,493.9,126283
2026-02-26 15:17:00+00:00,1.86,515.1,214437
2026-02-26 15:18:00+00:00,0.95,505.9,139016
2026-02-26 15:20:00+00:00,0.75,501.4,159194
2026-02-26 15:21:00+00:00,1.47,537.2,193020
2026-02-26 15:22:00+00:00,1.46,532.4,105969
2026-02-26 15:23:00+00:00,1.52,530.5,103052
2026-02-26 15:24:00+00:00,2.15,537.1,100337
2026-02-26 15:25:00+00:00,0.99,543.9,150131
2026-02-26 15:26:00+00:00,0.61,540.8,157921
2026-02-26 15:27:00+00:00,0.76,536.5,140200
2026-02-26 15:28:00+00:00,0.68,543.6,133166
2026-02-26 15:29:00+00:00,0.76,545.4,130349
2026-02-26 15:30:00+00:00,0.64,522.9,128176
2026-02-26 15:31:00+00:00,0.61,516.3,121228
2026-02-26 15:32:00+00:00,0.59,557.9,190056
2026-02-26 15:33:00+00:00,0.52,534.6,156085
2026-02-26 15:34:00+00:00,0.63,524.4,96799
2026-02-26 15:35:00+00:00,0.87,556.1,180662
2026-02-26 15:36:00+00:00,0.68,545.0,205760
2026-02-26 15:37:00+00:00,0.52,499.4,102287
2026-02-26 15:38:00+00:00,1.31,511.6,135412
2026-02-26 15:39:00+00:00,1.99,526.1,169103
2026-02-26 15:40:00+00:00,2.06,532.3,154013
2026-02-26 15:41:00+00:00,1.93,530.5,127678
2026-02-26 15:42:00+00:00,1.26,503.8,74966
2026-02-26 15:43:00+00:00,1.26,507.2,94412
2026-02-26 15:44:00+00:00,1.87,530.6,149774
2026-02-26 15:45:00+00:00,2.05,528.5,142763
2026-02-26 15:46:00+00:00,2.01,525.2,126006
2026-02-26 15:47:00+00:00,1.90,529.7,130933
2026-02-26 15:48:00+00:00,1.81,524.3,132043
2026-02-26 15:49:00+00:00,1.74,519.2,127710
2026-02-26 15:50:00+00:00,0.83,492.6,58248
2026-02-26 15:51:00+00:00,1.71,531.0,184812
2026-02-26 15:52:00+00:00,1.71,,
2026-02-26 15:54:00+00:00,0.99,541.0,122133
2026-02-26 15:55:00+00:00,0.67,544.0,169704
2026-02-26 15:56:00+00:00,1.12,540.0,147092
2026-02-26 15:57:00+00:00,0.72,530.5,131278
2026-02-26 15:58:00+00:00,0.38,537.9,123243
2026-02-26 16:00:00+00:00,0.30,543.6,153878
2026-02-26 16:01:00+00:00,0.29,534.3,135685
2026-02-26 16:02:00+00:00,0.51,528.9,116970
2026-02-26 16:03:00+00:00,0.91,552.0,156879
2026-02-26 16:04:00+00:00,0.42,543.7,183846
2026-02-26 16:05:00+00:00,1.19,527.6,161265
2026-02-26 16:06:00+00:00,0.86,529.0,255950
2026-02-26 16:07:00+00:00,0.89,506.8,129601
2026-02-26 16:08:00+00:00,1.49,516.5,147197
2026-02-26 16:09:00+00:00,2.34,484.7,80737
2026-02-26 16:10:00+00:00,0.61,571.0,207720
2026-02-26 16:11:00+00:00,0.22,557.1,153982
2026-02-26 16:12:00+00:00,0.23,548.3,163222
2026-02-26 16:13:00+00:00,0.28,558.1,221025
2026-02-26 16:14:00+00:00,0.32,539.2,226244
2026-02-26 16:15:00+00:00,0.27,526.1,180477
2026-02-26 16:16:00+00:00,0.21,533.5,163526
2026-02-26 16:17:00+00:00,0.53,540.1,222617
2026-02-26 16:18:00+00:00,1.17,535.3,240903
2026-02-26 16:19:00+00:00,1.61,512.0,123817
2026-02-26 16:20:00+00:00,1.91,522.8,136605
2026-02-26 16:21:00+00:00,1.63,501.6,95165
2026-02-26 16:22:00+00:00,1.71,515.2,121814
2026-02-26 16:23:00+00:00,1.14,506.7,149046
2026-02-26 16:24:00+00:00,1.46,508.0,92209
2026-02-26 16:25:00+00:00,1.47,508.0,90250
2026-02-26 16:26:00+00:00,2.07,577.2,118194
2026-02-26 16:27:00+00:00,0.56,523.8,110317
2026-02-26 16:28:00+00:00,0.29,548.5,215572
2026-02-26 16:29:00+00:00,0.28,548.2,175817
2026-02-26 16:30:00+00:00,0.18,532.5,155425
2026-02-26 16:31:00+00:00,0.55,520.9,164132
2026-02-26 16:32:00+00:00,1.21,522.1,153016
2026-02-26 16:33:00+00:00,1.61,537.5,168614
2026-02-26 16:34:00+00:00,1.86,543.0,202323
2026-02-26 16:35:00+00:00,2.00,533.1,196473
2026-02-26 16:36:00+00:00,1.53,516.3,97815
2026-02-26 16:37:00+00:00,1.82,533.0,190227
2026-02-26 16:38:00+00:00,1.73,536.8,227529
2026-02-26 16:39:00+00:00,0.21,548.9,218365
2026-02-26 16:40:00+00:00,0.25,559.0,268156
2026-02-26 16:41:00+00:00,0.89,533.4,146008
2026-02-26 16:42:00+00:00,1.41,560.0,153939
2026-02-26 16:43:00+00:00,0.88,539.0,173677
2026-02-26 16:44:00+00:00,0.96,562.6,196431
2026-02-26 16:45:00+00:00,0.85,561.7,151631
2026-02-26 16:46:00+00:00,0.71,557.1,161133
2026-02-26 16:47:00+00:00,0.50,545.9,184552
2026-02-26 16:48:00+00:00,0.32,533.8,185108
2026-02-26 16:49:00+00:00,0.29,534.0,215616
2026-02-26 16:50:00+00:00,0.18,525.7,224814
2026-02-26 16:51:00+00:00,0.15,520.5,168575
2026-02-26 16:52:00+00:00,0.20,536.1,183047
2026-02-26 16:53:00+00:00,0.22,540.2,176180
2026-02-26 16:54:00+00:00,0.17,525.4,176035
2026-02-26 16:55:00+00:00,0.15,499.4,54309
2026-02-26 16:56:00+00:00,0.22,542.1,213896
2026-02-26 16:57:00+00:00,0.87,570.2,233797
2026-02-26 16:58:00+00:00,0.95,573.2,235397
2026-02-26 16:59:00+00:00,0.70,587.5,154740
2026-02-26 17:00:00+00:00,0.40,549.1,140366
2026-02-26 17:01:00+00:00,0.26,528.0,123761
2026-02-26 17:02:00+00:00,0.21,525.8,152907
2026-02-26 17:03:00+00:00,0.20,535.2,233549
2026-02-26 17:04:00+00:00,0.26,538.5,215354
2026-02-26 17:05:00+00:00,0.25,525.9,107710
2026-02-26 17:06:00+00:00,0.22,530.4,143830
2026-02-26 17:07:00+00:00,0.29,554.1,252673
2026-02-26 17:08:00+00:00,0.25,528.5,152168
2026-02-26 17:09:00+00:00,0.27,527.7,143555
2026-02-26 17:10:00+00:00,0.72,527.3,126536
2026-02-26 17:11:00+00:00,0.65,568.0,213745
2026-02-26 17:12:00+00:00,0.23,545.9,151213
2026-02-26 17:13:00+00:00,0.26,537.8,236091
2026-02-26 17:14:00+00:00,0.28,498.3,152649
2026-02-26 17:15:00+00:00,0.61,509.8,172710
2026-02-26 17:16:00+00:00,0.71,508.8,188518
2026-02-26 17:17:00+00:00,0.98,498.3,141032
2026-02-26 17:18:00+00:00,0.81,479.7,60252
2026-02-26 17:19:00+00:00,0.90,482.9,73617
2026-02-26 17:20:00+00:00,1.24,498.7,168645
2026-02-26 17:21:00+00:00,1.19,495.2,174344
2026-02-26 17:22:00+00:00,1.20,490.3,98100
2026-02-26 17:23:00+00:00,1.42,499.3,118074
2026-02-26 17:24:00+00:00,1.14,489.9,117195
2026-02-26 17:25:00+00:00,1.21,485.1,100042
2026-02-26 17:26:00+00:00,1.45,515.0,156777
2026-02-26 17:27:00+00:00,1.57,500.9,108519
2026-02-26 17:28:00+00:00,1.63,506.3,128270
2026-02-26 17:29:00+00:00,1.09,482.1,79154
2026-02-26 17:30:00+00:00,1.71,516.0,138385
2026-02-26 17:31:00+00:00,1.85,523.3,151338
2026-02-26 17:33:00+00:00,1.55,520.1,102415
2026-02-26 17:34:00+00:00,1.23,514.0,105112
2026-02-26 17:35:00+00:00,0.99,540.9,132354
2026-02-26 17:36:00+00:00,0.85,568.0,164146
2026-02-26 17:37:00+00:00,0.55,559.5,188223
2026-02-26 17:38:00+00:00,0.45,535.2,179100
2026-02-26 17:39:00+00:00,0.80,490.4,95163
2026-02-26 17:40:00+00:00,1.57,499.9,115777
2026-02-26 17:41:00+00:00,2.07,515.8,216280
2026-02-26 17:42:00+00:00,1.54,499.7,126425
2026-02-26 17:43:00+00:00,1.62,502.8,132909
2026-02-26 17:44:00+00:00,1.53,497.0,99123
2026-02-26 17:45:00+00:00,1.77,516.5,157503
2026-02-26 17:46:00+00:00,1.66,507.7,126217
2026-02-26 17:47:00+00:00,1.55,499.2,94799
2026-02-26 17:48:00+00:00,1.62,500.7,91047
2026-02-26 17:49:00+00:00,1.48,495.0,80554
2026-02-26 17:50:00+00:00,1.53,498.1,92888
2026-02-26 17:51:00+00:00,1.56,486.2,79806
2026-02-26 17:52:00+00:00,1.58,495.2,96997
2026-02-26 17:53:00+00:00,1.82,529.4,166356
2026-02-26 17:54:00+00:00,2.00,525.9,173170
2026-02-26 17:55:00+00:00,1.92,512.4,130563
2026-02-26 17:56:00+00:00,1.43,495.0,82082
2026-02-26 17:57:00+00:00,1.74,505.2,109798
2026-02-26 17:58:00+00:00,2.23,514.9,139822
2026-02-26 17:59:00+00:00,1.10,480.9,51819
2026-02-26 18:00:00+00:00,1.83,506.2,114373
2026-02-26 18:01:00+00:00,1.98,517.9,123744
2026-02-26 18:02:00+00:00,2.17,522.2,124038
2026-02-26 18:03:00+00:00,1.38,495.2,66600
2026-02-26 18:04:00+00:00,1.13,486.8,49150
2026-02-26 18:05:00+00:00,2.57,525.3,158074
2026-02-26 18:06:00+00:00,1.43,499.5,95127
2026-02-26 18:07:00+00:00,1.27,499.0,86186
2026-02-26 18:08:00+00:00,1.75,513.7,107156
2026-02-26 18:09:00+00:00,1.68,509.3,94124
2026-02-26 18:10:00+00:00,1.75,499.2,90279
2026-02-26 18:11:00+00:00,1.22,484.3,67321
2026-02-26 18:12:00+00:00,1.94,532.6,157721
2026-02-26 18:13:00+00:00,1.96,516.8,117023
2026-02-26 18:14:00+00:00,1.31,486.1,54545
2026-02-26 18:15:00+00:00,2.08,522.2,152379
2026-02-26 18:16:00+00:00,2.15,513.4,123001
2026-02-26 18:17:00+00:00,1.61,512.7,96603
2026-02-26 18:18:00+00:00,1.09,478.2,46260
2026-02-26 18:19:00+00:00,1.75,517.4,169959
2026-02-26 18:20:00+00:00,1.79,521.4,132652
2026-02-26 18:21:00+00:00,4.40,526.6,84448
2026-02-26 18:22:00+00:00,3.05,527.2,129949
2026-02-26 18:23:00+00:00,0.64,509.1,117957
2026-02-26 18:24:00+00:00,0.87,514.0,150726
2026-02-26 18:25:00+00:00,1.31,516.9,189384
2026-02-26 18:26:00+00:00,1.39,494.7,80448
2026-02-26 18:27:00+00:00,1.82,531.6,132106
2026-02-26 18:28:00+00:00,1.30,525.7,154689
2026-02-26 18:29:00+00:00,1.41,524.8,147672
2026-02-26 18:30:00+00:00,2.05,533.6,206605
2026-02-26 18:31:00+00:00,0.89,506.1,85942
2026-02-26 18:32:00+00:00,1.08,523.0,153304
2026-02-26 18:33:00+00:00,0.88,494.4,78845
2026-02-26 18:34:00+00:00,0.64,540.7,254976
2026-02-26 18:35:00+00:00,0.83,545.9,195565
2026-02-26 18:36:00+00:00,0.80,537.1,140585
2026-02-26 18:37:00+00:00,0.76,533.9,129589
2026-02-26 18:38:00+00:00,1.02,538.9,223518
2026-02-26 18:39:00+00:00,0.56,522.4,139563
2026-02-26 18:40:00+00:00,0.10,524.4,115036
2026-02-26 18:41:00+00:00,0.19,539.8,166855
2026-02-26 18:42:00+00:00,0.30,529.0,119566
2026-02-26 18:43:00+00:00,0.21,540.1,116333
2026-02-26 18:44:00+00:00,0.17,543.5,131957
2026-02-26 18:45:00+00:00,0.30,544.5,161029
2026-02-26 18:46:00+00:00,0.97,517.1,126737
2026-02-26 18:47:00+00:00,0.91,510.4,161062
2026-02-26 18:48:00+00:00,1.57,572.4,140904
2026-02-26 18:49:00+00:00,0.20,484.8,36991
2026-02-26 18:50:00+00:00,1.13,571.4,191640
2026-02-26 18:51:00+00:00,1.05,576.9,244374
2026-02-26 18:52:00+00:00,0.86,540.8,144799
2026-02-26 18:53:00+00:00,0.55,541.8,139622
2026-02-26 18:54:00+00:00,0.22,516.2,91814
2026-02-26 18:55:00+00:00,0.21,506.5,80328
2026-02-26 18:56:00+00:00,0.65,539.4,180438
2026-02-26 18:57:00+00:00,0.89,557.8,228600
2026-02-26 18:58:00+00:00,0.59,547.8,164112
2026-02-26 18:59:00+00:00,0.56,536.7,123144
2026-02-26 19:00:00+00:00,0.40,521.9,112034
2026-02-26 19:01:00+00:00,0.11,478.8,55484
2026-02-26 19:02:00+00:00,0.81,580.1,276578
2026-02-26 19:03:00+00:00,0.61,550.2,223559
2026-02-26 19:04:00+00:00,0.68,546.2,133967
2026-02-26 19:05:00+00:00,0.95,570.0,227334
2026-02-26 19:06:00+00:00,0.31,523.5,177308
2026-02-26 19:07:00+00:00,0.15,494.1,86258
2026-02-26 19:08:00+00:00,0.17,524.7,271040
2026-02-26 19:09:00+00:00,0.58,544.9,261307
2026-02-26 19:10:00+00:00,0.82,547.4,203866
2026-02-26 19:11:00+00:00,0.95,591.2,151983
2026-02-26 19:12:00+00:00,0.70,563.8,134201
2026-02-26 19:13:00+00:00,0.38,535.5,122121
2026-02-26 19:14:00+00:00,0.63,543.8,143468
2026-02-26 19:15:00+00:00,1.06,540.9,186337
2026-02-26 19:16:00+00:00,0.72,562.0,286302
2026-02-26 19:17:00+00:00,0.91,540.9,154244
2026-02-26 19:18:00+00:00,0.49,519.5,101393
2026-02-26 19:19:00+00:00,0.43,529.7,151837
2026-02-26 19:20:00+00:00,0.76,532.3,124717
2026-02-26 19:21:00+00:00,0.74,516.9,99605
2026-02-26 19:22:00+00:00,0.85,559.4,170526
2026-02-26 19:23:00+00:00,1.11,552.3,193239
2026-02-26 19:24:00+00:00,1.07,538.3,142260
2026-02-26 19:25:00+00:00,0.95,523.4,100912
2026-02-26 19:26:00+00:00,0.83,517.3,92412
2026-02-26 19:27:00+00:00,1.36,529.6,146588
2026-02-26 19:28:00+00:00,1.79,533.8,174174
2026-02-26 19:29:00+00:00,1.55,513.3,126098
2026-02-26 19:30:00+00:00,1.65,511.9,122275
2026-02-26 19:31:00+00:00,2.13,544.3,186671
2026-02-26 19:32:00+00:00,1.98,519.6,204687
2026-02-26 19:33:00+00:00,0.80,480.3,112640
2026-02-26 19:34:00+00:00,1.86,469.6,86574
2026-02-26 19:35:00+00:00,1.60,535.6,187531
2026-02-26 19:36:00+00:00,1.99,512.3,241646
2026-02-26 19:37:00+00:00,1.47,501.7,169083
2026-02-26 19:38:00+00:00,1.51,502.7,158837
2026-02-26 19:39:00+00:00,1.41,493.0,123910
2026-02-26 19:40:00+00:00,0.64,478.8,123181
2026-02-26 19:41:00+00:00,0.96,471.8,99625
2026-02-26 19:42:00+00:00,0.75,459.6,43289
2026-02-26 19:43:00+00:00,0.30,451.2,12494
2026-02-26 19:46:00+00:00,1.13,485.9,153312
2026-02-26 19:47:00+00:00,1.68,500.1,146087
2026-02-26 19:48:00+00:00,0.76,495.7,141405
2026-02-26 19:49:00+00:00,0.80,510.8,203806
2026-02-26 19:50:00+00:00,0.18,540.5,164458
2026-02-26 19:51:00+00:00,0.17,525.7,322803
2026-02-26 19:52:00+00:00,0.06,460.3,42310
2026-02-26 19:53:00+00:00,0.09,498.5,242822
2026-02-26 19:54:00+00:00,0.33,558.2,218194
2026-02-26 19:55:00+00:00,0.22,539.7,200835
2026-02-26 19:56:00+00:00,0.20,534.7,176099
2026-02-26 19:57:00+00:00,0.20,540.0,181634
2026-02-26 19:58:00+00:00,0.77,522.6,153456
2026-02-26 19:59:00+00:00,1.48,532.5,134504
2026-02-26 20:00:00+00:00,1.04,544.3,135622
2026-02-26 20:01:00+00:00,0.12,533.6,146415
2026-02-26 20:02:00+00:00,0.14,532.2,158619
2026-02-26 20:03:00+00:00,0.20,512.1,130608
2026-02-26 20:04:00+00:00,0.29,544.7,229151
2026-02-26 20:05:00+00:00,0.23,553.7,221017
2026-02-26 20:06:00+00:00,0.09,513.9,160274
2026-02-26 20:07:00+00:00,0.30,550.8,155478
2026-02-26 20:08:00+00:00,0.14,529.4,166289
2026-02-26 20:09:00+00:00,0.14,538.8,221235
2026-02-26 20:10:00+00:00,0.13,534.8,187432
2026-02-26 20:11:00+00:00,0.17,524.1,157406
2026-02-26 20:12:00+00:00,0.40,513.8,180546
2026-02-26 20:13:00+00:00,1.01,500.0,152913
2026-02-26 20:14:00+00:00,1.20,486.3,122088
2026-02-26 20:15:00+00:00,1.10,479.7,126381
2026-02-26 20:16:00+00:00,1.09,478.8,136349
2026-02-26 20:17:00+00:00,2.18,504.3,202295
2026-02-26 20:18:00+00:00,2.05,502.9,191797
2026-02-26 20:19:00+00:00,1.59,494.6,147462
2026-02-26 20:20:00+00:00,1.24,485.7,99096
2026-02-26 20:21:00+00:00,1.91,527.4,180390
2026-02-26 20:22:00+00:00,1.85,510.3,152189
2026-02-26 20:23:00+00:00,1.12,474.9,63417
2026-02-26 20:24:00+00:00,1.62,529.0,185335
2026-02-26 20:25:00+00:00,1.75,523.6,161437
2026-02-26 20:26:00+00:00,1.60,516.8,124110
2026-02-26 20:27:00+00:00,1.98,531.0,94496
2026-02-26 20:28:00+00:00,0.68,484.2,45773
2026-02-26 20:29:00+00:00,0.11,501.9,131467
2026-02-26 20:30:00+00:00,0.88,517.9,155606
2026-02-26 20:31:00+00:00,1.05,517.6,203466
2026-02-26 20:32:00+00:00,1.16,519.5,206265
2026-02-26 20:33:00+00:00,1.84,522.1,119022
2026-02-26 20:34:00+00:00,1.54,524.9,124142
2026-02-26 20:35:00+00:00,0.95,508.2,117232
2026-02-26 20:36:00+00:00,1.43,518.2,148440
2026-02-26 20:37:00+00:00,1.15,499.2,117300
2026-02-26 20:38:00+00:00,1.18,495.1,129268
2026-02-26 20:39:00+00:00,1.75,502.3,157877
2026-02-26 20:40:00+00:00,1.27,491.5,112565
2026-02-26 20:41:00+00:00,1.19,493.4,109395
2026-02-26 20:42:00+00:00,1.13,483.0,84350
2026-02-26 20:43:00+00:00,1.67,506.2,179442
2026-02-26 20:44:00+00:00,1.61,500.5,138209
2026-02-26 20:45:00+00:00,1.51,491.6,101204
2026-02-26 20:46:00+00:00,1.77,500.6,126464
2026-02-26 20:47:00+00:00,1.66,496.1,117519
2026-02-26 20:48:00+00:00,1.47,484.3,95567
2026-02-26 20:49:00+00:00,1.63,485.6,107454
2026-02-26 20:50:00+00:00,2.24,512.8,183647
2026-02-26 20:51:00+00:00,1.87,503.2,163165
2026-02-26 20:52:00+00:00,0.92,477.5,111678
2026-02-26 20:53:00+00:00,2.05,502.3,181240
2026-02-26 20:54:00+00:00,0.66,471.8,95333
2026-02-26 20:55:00+00:00,0.90,475.7,81696
2026-02-26 20:56:00+00:00,1.40,498.8,141155
2026-02-26 20:57:00+00:00,0.97,480.2,86637
2026-02-26 20:58:00+00:00,0.39,545.6,142854
2026-02-26 20:59:00+00:00,0.30,541.6,198500
2026-02-26 21:00:00+00:00,0.31,532.0,171029
2026-02-26 21:01:00+00:00,0.29,530.3,127877
2026-02-26 21:02:00+00:00,0.27,539.8,117672
2026-02-26 21:03:00+00:00,0.20,526.9,121423
2026-02-26 21:04:00+00:00,0.21,518.5,110425
2026-02-26 21:05:00+00:00,0.32,534.0,111392
2026-02-26 21:06:00+00:00,0.29,528.5,158876
2026-02-26 21:07:00+00:00,0.15,513.7,194229
2026-02-26 21:08:00+00:00,0.18,514.7,147175
2026-02-26 21:09:00+00:00,0.26,528.8,131160
2026-02-26 21:10:00+00:00,0.30,549.1,218450
2026-02-26 21:11:00+00:00,0.17,518.2,261041
2026-02-26 21:12:00+00:00,0.12,517.6,136908
2026-02-26 21:13:00+00:00,0.91,540.2,125205
2026-02-26 21:14:00+00:00,0.89,551.5,147942
2026-02-26 21:15:00+00:00,0.35,529.0,158237
2026-02-26 21:16:00+00:00,0.21,525.0,162672
2026-02-26 21:17:00+00:00,0.25,537.3,210168
2026-02-26 21:18:00+00:00,0.21,528.6,155675
2026-02-26 21:19:00+00:00,0.20,520.9,98530
2026-02-26 21:20:00+00:00,0.26,525.8,105110
2026-02-26 21:21:00+00:00,0.29,525.0,104601
2026-02-26 21:22:00+00:00,0.29,520.7,100231
2026-02-26 21:23:00+00:00,0.30,529.6,98054
2026-02-26 21:24:00+00:00,0.29,529.9,100608
2026-02-26 21:25:00+00:00,0.23,528.2,110777
2026-02-26 21:26:00+00:00,0.22,502.2,89171
2026-02-26 21:27:00+00:00,0.12,556.6,141406
2026-02-26 21:28:00+00:00,0.16,521.2,95132
2026-02-26 21:29:00+00:00,0.18,512.3,100890
2026-02-26 21:30:00+00:00,0.29,538.4,136148
2026-02-26 21:31:00+00:00,0.28,536.0,116447
2026-02-26 21:32:00+00:00,0.29,522.7,132939
2026-02-26 21:33:00+00:00,0.25,522.5,104724
2026-02-26 21:34:00+00:00,0.19,524.7,102958
2026-02-26 21:35:00+00:00,0.57,531.0,140648
2026-02-26 21:36:00+00:00,0.70,539.0,175921
2026-02-26 21:37:00+00:00,0.56,547.5,212542
2026-02-26 21:38:00+00:00,0.93,551.1,201178
2026-02-26 21:39:00+00:00,1.10,544.5,111561
2026-02-26 21:40:00+00:00,1.59,572.2,148315
2026-02-26 21:41:00+00:00,0.68,517.6,106687
2026-02-26 21:42:00+00:00,0.74,534.3,137801
2026-02-26 21:43:00+00:00,1.16,515.3,144216
2026-02-26 21:44:00+00:00,0.76,501.5,83251
2026-02-26 21:45:00+00:00,0.62,508.5,169370
2026-02-26 21:46:00+00:00,0.95,507.7,122721
2026-02-26 21:47:00+00:00,0.91,516.8,139779
2026-02-26 21:48:00+00:00,0.81,509.3,216939
2026-02-26 21:49:00+00:00,0.62,525.6,165152
2026-02-26 21:50:00+00:00,0.34,536.6,142755
2026-02-26 21:51:00+00:00,0.59,524.6,140074
2026-02-26 21:52:00+00:00,0.68,521.7,122287
2026-02-26 21:53:00+00:00,0.30,529.3,151213
2026-02-26 21:54:00+00:00,0.56,526.2,162408
2026-02-26 21:55:00+00:00,1.04,532.2,91427
2026-02-26 21:56:00+00:00,0.29,526.3,99566
2026-02-26 21:57:00+00:00,0.31,523.3,95871
2026-02-26 21:58:00+00:00,0.53,497.2,65368
2026-02-26 21:59:00+00:00,0.73,522.5,145130
2026-02-26 22:00:00+00:00,0.21,527.9,123221
2026-02-26 22:01:00+00:00,0.81,534.6,94131
2026-02-26 22:02:00+00:00,0.91,544.1,92106
2026-02-26 22:03:00+00:00,0.39,534.9,111902
2026-02-26 22:04:00+00:00,0.22,519.7,110829
2026-02-26 22:05:00+00:00,0.18,515.9,117712
2026-02-26 22:06:00+00:00,0.13,526.3,146354
2026-02-26 22:07:00+00:00,0.13,523.5,152636
2026-02-26 22:08:00+00:00,0.14,514.7,164738
2026-02-26 22:09:00+00:00,0.13,520.6,187638
2026-02-26 22:10:00+00:00,0.11,531.5,204189
2026-02-26 22:11:00+00:00,0.34,527.8,229196
2026-02-26 22:12:00+00:00,1.25,484.2,83486
2026-02-26 22:13:00+00:00,2.13,504.2,153226
2026-02-26 22:14:00+00:00,2.11,504.0,151258
2026-02-26 22:15:00+00:00,1.55,499.4,94189
2026-02-26 22:16:00+00:00,1.42,486.4,68184
2026-02-26 22:17:00+00:00,1.31,480.2,81685
2026-02-26 22:18:00+00:00,1.74,500.9,163161
2026-02-26 22:19:00+00:00,1.23,492.8,136352
2026-02-26 22:20:00+00:00,1.03,485.8,117833
2026-02-26 22:21:00+00:00,1.24,494.8,145292
2026-02-26 22:22:00+00:00,1.11,492.6,148495
2026-02-26 22:23:00+00:00,0.89,489.6,134640
2026-02-26 22:24:00+00:00,0.84,482.8,113743
2026-02-26 22:25:00+00:00,0.98,489.8,121465
2026-02-26 22:26:00+00:00,1.31,515.6,151082
2026-02-26 22:27:00+00:00,1.34,497.4,99088
2026-02-26 22:28:00+00:00,1.52,505.6,111578
2026-02-26 22:29:00+00:00,1.47,506.0,111386
2026-02-26 22:30:00+00:00,1.47,506.0,110971
2026-02-26 22:31:00+00:00,1.37,505.4,98938
2026-02-26 22:32:00+00:00,1.36,489.1,73904
2026-02-26 22:33:00+00:00,1.64,514.3,129045
2026-02-26 22:34:00+00:00,1.53,501.8,144242
2026-02-26 22:35:00+00:00,1.73,493.9,104085
2026-02-26 22:36:00+00:00,1.31,481.7,65057
2026-02-26 22:37:00+00:00,1.16,488.3,104066
2026-02-26 22:38:00+00:00,1.35,496.5,121812
2026-02-26 22:39:00+00:00,1.27,495.3,124305
2026-02-26 22:40:00+00:00,1.19,493.1,126525
2026-02-26 22:41:00+00:00,1.37,492.4,112969
2026-02-26 22:42:00+00:00,1.51,493.5,108497
2026-02-26 22:43:00+00:00,1.63,499.0,104982
2026-02-26 22:44:00+00:00,1.11,486.5,88290
2026-02-26 22:45:00+00:00,0.26,455.5,24375
2026-02-26 22:46:00+00:00,0.88,494.0,124437
2026-02-26 22:47:00+00:00,0.94,500.1,136602
2026-02-26 22:48:00+00:00,1.00,496.5,134620
2026-02-26 22:49:00+00:00,1.23,494.7,122186
2026-02-26 22:50:00+00:00,1.10,492.8,122790
2026-02-26 22:51:00+00:00,0.55,509.2,204518
2026-02-26 22:52:00+00:00,0.61,504.5,154640
2026-02-26 22:53:00+00:00,0.72,501.7,141621
2026-02-26 22:54:00+00:00,1.18,497.1,118226
2026-02-26 22:55:00+00:00,1.67,492.8,86719
2026-02-26 22:56:00+00:00,1.79,492.3,80838
2026-02-26 22:57:00+00:00,1.79,491.9,80463
2026-02-26 22:58:00+00:00,1.85,492.6,80139
2026-02-26 22:59:00+00:00,1.83,492.9,77783
2026-02-26 23:00:00+00:00,1.85,491.7,79092
2026-02-26 23:01:00+00:00,1.63,490.0,79618
2026-02-26 23:02:00+00:00,1.36,,
2026-02-26 23:03:00+00:00,1.36,490.9,81385
2026-02-26 23:04:00+00:00,1.44,488.7,81038
2026-02-26 23:05:00+00:00,1.44,493.7,83577
2026-02-26 23:06:00+00:00,1.34,490.9,85742
2026-02-26 23:07:00+00:00,1.47,489.7,83308
2026-02-26 23:08:00+00:00,1.84,493.0,81831
2026-02-26 23:09:00+00:00,1.91,494.6,84637
2026-02-26 23:10:00+00:00,1.81,492.4,81277
2026-02-26 23:11:00+00:00,1.76,489.2,77125
2026-02-26 23:12:00+00:00,1.80,491.3,87226
2026-02-26 23:13:00+00:00,1.85,493.3,91031
2026-02-26 23:14:00+00:00,1.87,489.1,75171
2026-02-26 23:15:00+00:00,1.90,489.8,77565
2026-02-26 23:16:00+00:00,1.80,490.4,77651
2026-02-26 23:17:00+00:00,1.74,489.2,73136
2026-02-26 23:18:00+00:00,1.77,487.9,76611
2026-02-26 23:19:00+00:00,1.84,486.4,72158
2026-02-26 23:20:00+00:00,1.73,487.9,73395
2026-02-26 23:21:00+00:00,2.03,489.4,74504
2026-02-26 23:22:00+00:00,1.82,488.1,78395
2026-02-26 23:23:00+00:00,1.77,487.0,77949
2026-02-26 23:24:00+00:00,1.90,488.3,77378
2026-02-26 23:25:00+00:00,2.01,490.4,77716
2026-02-26 23:26:00+00:00,1.94,487.7,76489
2026-02-26 23:27:00+00:00,1.89,485.4,75199
2026-02-26 23:28:00+00:00,1.77,484.6,75704
2026-02-26 23:29:00+00:00,1.70,483.3,78113
2026-02-26 23:30:00+00:00,1.92,484.3,80133
2026-02-26 23:31:00+00:00,1.95,485.0,81242
2026-02-26 23:32:00+00:00,1.73,484.1,87851
2026-02-26 23:33:00+00:00,1.67,485.0,78157
2026-02-26 23:34:00+00:00,2.03,493.2,74172
2026-02-26 23:36:00+00:00,1.80,491.3,71632
2026-02-26 23:37:00+00:00,1.99,494.2,75656
2026-02-26 23:38:00+00:00,2.14,493.4,77574
2026-02-26 23:39:00+00:00,1.89,494.3,79975
2026-02-26 23:40:00+00:00,1.97,493.3,77409
2026-02-26 23:41:00+00:00,2.06,492.9,82372
2026-02-26 23:42:00+00:00,2.07,492.5,82827
2026-02-26 23:43:00+00:00,2.00,492.8,77271
2026-02-26 23:44:00+00:00,1.96,493.1,73350
2026-02-26 23:45:00+00:00,2.00,492.6,73182
2026-02-26 23:46:00+00:00,1.90,491.7,72952
2026-02-26 23:47:00+00:00,1.78,490.3,69616
2026-02-26 23:48:00+00:00,1.86,491.6,72475
2026-02-26 23:49:00+00:00,1.90,489.6,72468
2026-02-26 23:50:00+00:00,1.81,491.2,71447
2026-02-26 23:51:00+00:00,1.89,492.7,72967
2026-02-26 23:52:00+00:00,1.97,494.3,87453
2026-02-26 23:53:00+00:00,1.96,492.3,75481
2026-02-26 23:54:00+00:00,1.95,493.0,81277
2026-02-26 23:55:00+00:00,0.77,490.3,182747
2026-02-26 23:56:00+00:00,1.50,492.0,131214
2026-02-26 23:57:00+00:00,1.92,488.9,85279
2026-02-26 23:58:00+00:00,1.90,487.0,83177
2026-02-26 23:59:00+00:00,1.93,486.3,85733
2026-02-27 00:00:00+00:00,1.70,486.4,80917
2026-02-27 00:01:00+00:00,1.22,485.5,86112
2026-02-27 00:02:00+00:00,1.21,481.2,96196
2026-02-27 00:03:00+00:00,1.72,483.0,77101
2026-02-27 00:04:00+00:00,1.60,486.5,77981
2026-02-27 00:05:00+00:00,1.54,488.8,75852
2026-02-27 00:06:00+00:00,1.66,489.0,82392
2026-02-27 00:07:00+00:00,1.84,489.7,77352
2026-02-27 00:08:00+00:00,1.84,,
2026-02-27 00:09:00+00:00,1.68,484.9,83498
2026-02-27 00:10:00+00:00,2.07,493.1,97019
2026-02-27 00:11:00+00:00,0.89,469.7,70912
2026-02-27 00:12:00+00:00,1.33,481.0,79395
2026-02-27 00:13:00+00:00,1.55,486.4,83563
2026-02-27 00:14:00+00:00,1.54,484.3,88337
2026-02-27 00:15:00+00:00,1.73,484.5,89900
2026-02-27 00:16:00+00:00,1.80,485.0,83333
2026-02-27 00:17:00+00:00,1.74,484.8,77255
2026-02-27 00:18:00+00:00,1.74,483.8,77876
2026-02-27 00:19:00+00:00,1.64,481.6,86504
2026-02-27 00:20:00+00:00,1.65,481.8,82016
2026-02-27 00:21:00+00:00,1.49,481.1,79238
2026-02-27 00:22:00+00:00,1.68,485.1,75965
2026-02-27 00:23:00+00:00,1.56,482.2,87140
2026-02-27 00:24:00+00:00,1.73,483.7,79053
2026-02-27 00:25:00+00:00,1.64,483.0,79633
2026-02-27 00:26:00+00:00,1.72,484.6,79604
2026-02-27 00:27:00+00:00,1.71,484.4,78584
2026-02-27 00:28:00+00:00,1.54,481.2,87150
2026-02-27 00:29:00+00:00,1.68,481.3,90697
2026-02-27 00:30:00+00:00,1.74,481.2,88291
2026-02-27 00:31:00+00:00,1.74,480.5,87271
2026-02-27 00:32:00+00:00,1.75,480.9,87180
2026-02-27 00:33:00+00:00,1.72,481.7,83519
2026-02-27 00:34:00+00:00,1.77,481.3,79059
2026-02-27 00:35:00+00:00,1.81,478.6,79057
2026-02-27 00:36:00+00:00,1.87,478.7,79187
2026-02-27 00:37:00+00:00,1.91,481.2,81944
2026-02-27 00:38:00+00:00,1.93,480.4,79528
2026-02-27 00:39:00+00:00,1.91,480.1,79771
2026-02-27 00:40:00+00:00,1.69,480.0,80776
2026-02-27 00:41:00+00:00,1.69,480.0,80810
2026-02-27 00:42:00+00:00,1.76,482.8,75969
2026-02-27 00:43:00+00:00,1.85,480.4,78261
2026-02-27 00:44:00+00:00,1.68,478.3,78790
2026-02-27 00:45:00+00:00,1.68,477.4,76667
2026-02-27 00:46:00+00:00,1.81,478.4,80357
2026-02-27 00:47:00+00:00,1.67,479.0,88185
2026-02-27 00:48:00+00:00,1.50,478.2,88458
2026-02-27 00:49:00+00:00,1.54,477.5,85512
2026-02-27 00:50:00+00:00,1.53,477.4,90594
2026-02-27 00:51:00+00:00,1.53,477.4,92411
2026-02-27 00:52:00+00:00,1.65,474.7,88209
2026-02-27 00:53:00+00:00,1.53,470.1,95625
2026-02-27 00:54:00+00:00,1.54,470.7,91076
2026-02-27 00:55:00+00:00,1.78,472.8,88640
2026-02-27 00:56:00+00:00,1.88,470.8,81804
2026-02-27 00:57:00+00:00,1.60,469.8,93491
2026-02-27 00:58:00+00:00,1.86,471.3,85323
2026-02-27 00:59:00+00:00,1.52,475.2,95012
2026-02-27 01:00:00+00:00,1.34,477.3,101910
2026-02-27 01:01:00+00:00,1.26,477.3,107228
2026-02-27 01:02:00+00:00,1.27,476.6,103790
2026-02-27 01:03:00+00:00,1.22,476.2,108740
2026-02-27 01:04:00+00:00,1.07,475.9,122012
2026-02-27 01:05:00+00:00,1.01,476.2,125248
2026-02-27 01:06:00+00:00,1.10,477.2,117485
2026-02-27 01:07:00+00:00,1.26,476.6,105715
2026-02-27 01:08:00+00:00,1.36,474.4,100550
2026-02-27 01:09:00+00:00,1.40,471.6,100462
2026-02-27 01:10:00+00:00,1.52,472.5,96865
2026-02-27 01:11:00+00:00,1.76,473.8,90493
2026-02-27 01:12:00+00:00,1.77,476.6,88709
2026-02-27 01:13:00+00:00,1.81,474.1,83938
2026-02-27 01:14:00+00:00,1.81,473.8,83414
2026-02-27 01:15:00+00:00,1.44,473.0,96464
2026-02-27 01:16:00+00:00,1.60,474.4,94214
2026-02-27 01:17:00+00:00,1.59,473.8,94019
2026-02-27 01:18:00+00:00,1.60,472.4,94558
2026-02-27 01:19:00+00:00,1.23,476.0,107043
2026-02-27 01:20:00+00:00,1.00,476.7,103642
2026-02-27 01:21:00+00:00,1.39,471.3,90660
2026-02-27 01:22:00+00:00,1.70,469.3,102828
2026-02-27 01:23:00+00:00,1.74,470.1,108656
2026-02-27 01:24:00+00:00,1.40,474.9,132365
2026-02-27 01:25:00+00:00,1.65,471.9,112659
2026-02-27 01:26:00+00:00,1.36,479.9,119736
2026-02-27 01:27:00+00:00,1.35,471.2,122086
2026-02-27 01:28:00+00:00,1.07,472.5,163325
2026-02-27 01:29:00+00:00,1.28,470.2,133024
2026-02-27 01:30:00+00:00,1.32,475.4,121168
2026-02-27 01:31:00+00:00,1.28,470.9,128884
2026-02-27 01:32:00+00:00,1.11,473.5,130544
2026-02-27 01:33:00+00:00,1.69,471.7,96527
2026-02-27 01:34:00+00:00,1.88,468.0,82450
2026-02-27 01:35:00+00:00,1.72,468.2,92447
2026-02-27 01:36:00+00:00,1.53,467.5,104369
2026-02-27 01:37:00+00:00,1.27,467.1,119790
2026-02-27 01:38:00+00:00,1.30,471.1,125640
2026-02-27 01:39:00+00:00,1.46,471.0,110960
2026-02-27 01:40:00+00:00,1.32,471.7,123990
2026-02-27 01:41:00+00:00,0.75,478.0,151715
2026-02-27 01:42:00+00:00,0.94,474.9,145794
2026-02-27 01:43:00+00:00,0.80,477.0,149570
2026-02-27 01:44:00+00:00,1.09,471.8,113234
2026-02-27 01:45:00+00:00,0.80,473.8,129618
2026-02-27 01:46:00+00:00,0.70,475.3,130835
2026-02-27 01:47:00+00:00,0.69,475.6,130686
2026-02-27 01:48:00+00:00,0.76,477.0,145826
2026-02-27 01:49:00+00:00,0.51,489.0,182957
2026-02-27 01:50:00+00:00,0.41,492.3,194434
2026-02-27 01:51:00+00:00,0.56,485.0,170745
2026-02-27 01:52:00+00:00,0.70,479.1,153875
2026-02-27 01:53:00+00:00,0.74,477.2,151581
2026-02-27 01:54:00+00:00,0.77,477.5,148621
2026-02-27 01:55:00+00:00,0.71,478.6,151116
2026-02-27 01:56:00+00:00,0.69,476.4,162351
2026-02-27 01:57:00+00:00,0.79,473.4,145020
2026-02-27 01:58:00+00:00,0.66,476.6,162156
2026-02-27 01:59:00+00:00,0.91,473.8,127702
2026-02-27 02:00:00+00:00,0.96,473.7,132320
2026-02-27 02:01:00+00:00,0.92,473.3,133591
2026-02-27 02:02:00+00:00,0.84,477.0,130200
2026-02-27 02:03:00+00:00,0.70,473.4,148988
2026-02-27 02:04:00+00:00,0.67,474.6,161702
2026-02-27 02:05:00+00:00,0.76,475.4,148793
2026-02-27 02:06:00+00:00,0.81,473.2,140999
2026-02-27 02:07:00+00:00,0.82,472.5,138124
2026-02-27 02:08:00+00:00,0.69,473.0,158724
2026-02-27 02:09:00+00:00,0.39,477.9,208940
2026-02-27 02:10:00+00:00,0.18,488.2,249091
2026-02-27 02:11:00+00:00,0.42,483.6,235542
2026-02-27 02:12:00+00:00,1.21,461.5,125553
2026-02-27 02:13:00+00:00,1.05,465.1,131429
2026-02-27 02:14:00+00:00,1.53,466.4,97468
2026-02-27 02:15:00+00:00,0.99,464.2,108676
2026-02-27 02:16:00+00:00,1.28,462.1,129884
2026-02-27 02:17:00+00:00,1.16,464.8,114065
2026-02-27 02:18:00+00:00,1.64,465.0,82395
2026-02-27 02:19:00+00:00,0.94,479.6,135662
2026-02-27 02:20:00+00:00,0.70,484.1,153689
2026-02-27 02:21:00+00:00,0.30,504.0,122814
2026-02-27 02:22:00+00:00,0.21,501.7,221911
2026-02-27 02:23:00+00:00,0.24,500.1,241143
2026-02-27 02:24:00+00:00,0.54,492.2,142217
2026-02-27 02:25:00+00:00,1.00,479.7,88701
2026-02-27 02:26:00+00:00,1.40,476.3,90018
2026-02-27 02:27:00+00:00,1.52,476.3,83331
2026-02-27 02:28:00+00:00,1.46,474.3,80381
2026-02-27 02:29:00+00:00,1.90,470.6,98776
2026-02-27 02:30:00+00:00,1.53,476.2,86819
2026-02-27 02:31:00+00:00,1.75,477.7,96491
2026-02-27 02:32:00+00:00,1.61,472.3,112083
2026-02-27 02:33:00+00:00,1.59,471.6,107869
2026-02-27 02:34:00+00:00,0.70,482.6,159889
2026-02-27 02:35:00+00:00,1.32,478.0,108118
2026-02-27 02:36:00+00:00,0.66,491.7,127895
2026-02-27 02:37:00+00:00,0.19,460.5,63943
2026-02-27 02:38:00+00:00,0.68,450.7,77662
2026-02-27 02:39:00+00:00,1.07,461.7,119539
2026-02-27 02:40:00+00:00,0.68,477.1,142455
2026-02-27 02:41:00+00:00,0.75,482.8,146618
2026-02-27 02:42:00+00:00,1.57,461.4,101669
2026-02-27 02:43:00+00:00,1.22,459.6,117453
2026-02-27 02:44:00+00:00,1.23,459.5,108336
2026-02-27 02:45:00+00:00,0.70,471.2,153419
2026-02-27 02:46:00+00:00,2.03,464.8,101565
2026-02-27 02:47:00+00:00,1.29,468.0,102456
2026-02-27 02:48:00+00:00,1.07,485.1,101410
2026-02-27 02:49:00+00:00,0.91,472.7,120396
2026-02-27 02:50:00+00:00,1.10,472.3,107978
2026-02-27 02:51:00+00:00,1.02,468.5,110214
2026-02-27 02:52:00+00:00,1.04,466.5,120870
2026-02-27 02:53:00+00:00,1.07,466.2,124766
2026-02-27 02:54:00+00:00,1.65,463.5,87398
2026-02-27 02:55:00+00:00,1.59,462.6,94170
2026-02-27 02:56:00+00:00,1.44,462.9,101797
2026-02-27 02:57:00+00:00,1.44,463.0,101496
2026-02-27 02:58:00+00:00,1.41,461.3,115696
2026-02-27 02:59:00+00:00,0.87,463.4,157961
2026-02-27 03:00:00+00:00,0.76,461.8,156576
2026-02-27 03:01:00+00:00,0.70,451.1,93718
2026-02-27 03:02:00+00:00,0.58,459.0,98378
2026-02-27 03:03:00+00:00,0.57,482.0,164587
2026-02-27 03:04:00+00:00,0.32,446.9,83509
2026-02-27 03:05:00+00:00,0.75,467.4,114661
2026-02-27 03:06:00+00:00,1.17,464.8,111557
2026-02-27 03:07:00+00:00,1.05,472.4,97805
2026-02-27 03:08:00+00:00,1.25,473.3,102540
2026-02-27 03:09:00+00:00,1.41,467.8,97189
2026-02-27 03:10:00+00:00,1.71,464.8,85102
2026-02-27 03:11:00+00:00,1.96,467.4,82022
2026-02-27 03:12:00+00:00,2.01,469.1,78614
2026-02-27 03:13:00+00:00,2.01,467.5,71903
2026-02-27 03:14:00+00:00,1.79,465.9,83609
2026-02-27 03:15:00+00:00,1.28,465.3,106542
2026-02-27 03:16:00+00:00,1.20,473.6,97530
2026-02-27 03:17:00+00:00,1.73,473.4,86743
2026-02-27 03:18:00+00:00,1.26,472.0,104637
2026-02-27 03:19:00+00:00,0.88,473.4,104311
2026-02-27 03:20:00+00:00,1.05,471.7,110369
2026-02-27 03:21:00+00:00,1.19,468.4,94540
2026-02-27 03:22:00+00:00,1.22,469.7,113103
2026-02-27 03:23:00+00:00,1.21,468.4,97976
2026-02-27 03:24:00+00:00,1.81,467.0,82297
2026-02-27 03:25:00+00:00,1.75,467.7,87329
2026-02-27 03:26:00+00:00,1.57,468.3,92683
2026-02-27 03:27:00+00:00,1.90,462.8,84567
2026-02-27 03:28:00+00:00,1.76,462.8,85597
2026-02-27 03:29:00+00:00,1.48,462.2,98182
2026-02-27 03:30:00+00:00,1.23,462.9,116647
2026-02-27 03:31:00+00:00,1.14,466.5,111108
2026-02-27 03:32:00+00:00,1.33,465.4,103455
2026-02-27 03:33:00+00:00,1.11,462.6,118054
2026-02-27 03:34:00+00:00,1.40,464.6,101557
2026-02-27 03:35:00+00:00,1.33,464.1,103519
2026-02-27 03:36:00+00:00,1.69,465.4,90599
2026-02-27 03:37:00+00:00,1.32,463.7,108366
2026-02-27 03:38:00+00:00,1.66,466.4,93720
2026-02-27 03:39:00+00:00,1.90,467.1,83690
2026-02-27 03:40:00+00:00,1.93,465.5,76743
2026-02-27 03:41:00+00:00,2.01,465.3,79415
2026-02-27 03:42:00+00:00,2.12,466.0,72876
2026-02-27 03:43:00+00:00,2.09,466.8,68281
2026-02-27 03:44:00+00:00,2.15,467.4,73498
2026-02-27 03:45:00+00:00,2.22,466.7,75052
2026-02-27 03:46:00+00:00,2.03,465.2,74175
2026-02-27 03:47:00+00:00,2.06,466.3,79793
2026-02-27 03:48:00+00:00,2.16,469.9,78174
2026-02-27 03:49:00+00:00,2.19,467.7,75553
2026-02-27 03:50:00+00:00,1.95,474.1,82644
2026-02-27 03:51:00+00:00,1.73,467.1,87007
2026-02-27 03:52:00+00:00,0.53,433.4,16990
2026-02-27 03:53:00+00:00,1.20,460.9,91555
2026-02-27 03:54:00+00:00,1.24,465.6,115853
2026-02-27 03:55:00+00:00,1.24,466.2,111740
2026-02-27 03:56:00+00:00,1.22,466.9,104995
2026-02-27 03:57:00+00:00,1.09,467.7,108432
2026-02-27 03:58:00+00:00,1.19,470.1,104446
2026-02-27 04:00:00+00:00,1.05,467.4,116966
2026-02-27 04:01:00+00:00,1.11,466.1,115775
2026-02-27 04:02:00+00:00,1.15,464.5,111917
2026-02-27 04:03:00+00:00,0.93,466.5,112685
2026-02-27 04:04:00+00:00,0.76,467.6,125308
2026-02-27 04:05:00+00:00,0.55,462.6,112268
2026-02-27 04:06:00+00:00,0.75,477.2,161224
2026-02-27 04:07:00+00:00,0.83,467.9,147661
2026-02-27 04:08:00+00:00,0.80,472.2,138525
2026-02-27 04:09:00+00:00,0.95,468.8,129746
2026-02-27 04:10:00+00:00,1.09,465.9,113726
2026-02-27 04:11:00+00:00,1.25,462.1,109289
2026-02-27 04:12:00+00:00,1.39,461.4,103630
2026-02-27 04:13:00+00:00,1.52,461.8,98737
2026-02-27 04:14:00+00:00,1.62,462.7,94264
2026-02-27 04:15:00+00:00,1.64,463.9,89945
2026-02-27 04:16:00+00:00,1.69,463.7,85220
2026-02-27 04:17:00+00:00,1.72,462.6,83055
2026-02-27 04:18:00+00:00,1.70,462.7,82169
2026-02-27 04:19:00+00:00,1.60,465.0,85014
2026-02-27 04:20:00+00:00,0.92,469.2,115635
2026-02-27 04:21:00+00:00,1.51,462.9,102987
2026-02-27 04:22:00+00:00,1.31,462.5,113859
2026-02-27 04:23:00+00:00,1.38,459.8,112271
2026-02-27 04:24:00+00:00,1.25,462.5,112155
2026-02-27 04:25:00+00:00,1.20,464.0,129928
2026-02-27 04:26:00+00:00,1.45,459.4,105721
2026-02-27 04:27:00+00:00,1.66,457.4,81982
2026-02-27 04:28:00+00:00,1.61,455.1,84193
2026-02-27 04:29:00+00:00,1.67,454.9,87506
2026-02-27 04:30:00+00:00,1.67,454.7,86564
2026-02-27 04:31:00+00:00,1.76,456.6,74817
2026-02-27 04:32:00+00:00,1.89,458.9,63769
2026-02-27 04:33:00+00:00,1.87,457.3,68863
2026-02-27 04:34:00+00:00,1.87,457.6,69276
2026-02-27 04:35:00+00:00,1.90,458.2,70053
2026-02-27 04:36:00+00:00,2.00,457.3,71688
2026-02-27 04:37:00+00:00,1.83,456.4,82894
2026-02-27 04:38:00+00:00,1.84,455.0,82636
2026-02-27 04:39:00+00:00,1.66,454.5,85732
2026-02-27 04:40:00+00:00,1.75,453.2,80018
2026-02-27 04:41:00+00:00,1.68,452.8,83757
2026-02-27 04:42:00+00:00,1.63,457.1,78650
2026-02-27 04:43:00+00:00,1.72,454.6,84533
2026-02-27 04:44:00+00:00,1.77,454.8,84722
2026-02-27 04:45:00+00:00,1.71,454.4,84975
2026-02-27 04:46:00+00:00,1.70,455.7,83624
2026-02-27 04:47:00+00:00,1.71,455.8,87330
2026-02-27 04:48:00+00:00,1.71,454.6,96086
2026-02-27 04:49:00+00:00,1.73,456.5,96088
2026-02-27 04:50:00+00:00,1.80,459.3,85347
2026-02-27 04:51:00+00:00,1.92,460.1,78704
2026-02-27 04:52:00+00:00,1.99,459.1,77948
2026-02-27 04:53:00+00:00,2.03,456.3,77048
2026-02-27 04:54:00+00:00,1.82,453.8,72492
2026-02-27 04:55:00+00:00,2.08,455.2,65862
2026-02-27 04:56:00+00:00,1.83,453.4,73251
2026-02-27 04:57:00+00:00,2.04,454.9,64421
2026-02-27 04:58:00+00:00,1.89,454.0,70167
2026-02-27 04:59:00+00:00,1.96,453.7,66835
2026-02-27 05:00:00+00:00,1.84,452.7,70122
2026-02-27 05:01:00+00:00,1.50,452.0,88110
2026-02-27 05:02:00+00:00,1.41,451.4,92482
2026-02-27 05:03:00+00:00,1.58,452.4,89154
2026-02-27 05:04:00+00:00,1.70,453.5,86279
2026-02-27 05:05:00+00:00,1.72,453.2,81997
2026-02-27 05:06:00+00:00,1.40,454.2,107830
2026-02-27 05:07:00+00:00,1.46,454.3,101738
2026-02-27 05:08:00+00:00,1.66,454.2,80039
2026-02-27 05:09:00+00:00,1.77,453.4,72758
2026-02-27 05:10:00+00:00,1.64,452.3,82574
2026-02-27 05:11:00+00:00,1.84,455.1,72266
2026-02-27 05:12:00+00:00,1.55,453.5,85373
2026-02-27 05:13:00+00:00,1.63,454.3,81792
2026-02-27 05:14:00+00:00,1.72,452.9,81816
2026-02-27 05:15:00+00:00,1.88,453.8,74102
2026-02-27 05:16:00+00:00,1.87,453.4,75439
2026-02-27 05:17:00+00:00,1.90,455.8,80418
2026-02-27 05:18:00+00:00,1.81,453.7,82569
2026-02-27 05:19:00+00:00,1.72,451.2,77661
2026-02-27 05:20:00+00:00,1.59,450.5,88426
2026-02-27 05:21:00+00:00,1.45,449.9,105573
2026-02-27 05:22:00+00:00,1.53,451.2,98396
2026-02-27 05:23:00+00:00,1.57,451.3,94197
2026-02-27 05:24:00+00:00,1.69,452.9,89984
2026-02-27 05:25:00+00:00,1.59,452.6,96998
2026-02-27 05:26:00+00:00,1.65,452.4,96403
2026-02-27 05:27:00+00:00,1.61,453.3,96003
2026-02-27 05:28:00+00:00,1.43,452.8,94289
2026-02-27 05:29:00+00:00,1.63,452.4,94236
2026-02-27 05:30:00+00:00,1.55,450.2,109464
2026-02-27 05:31:00+00:00,1.60,452.5,99407
2026-02-27 05:32:00+00:00,1.65,452.7,90626
2026-02-27 05:33:00+00:00,1.62,451.4,89578
2026-02-27 05:34:00+00:00,1.58,452.1,93183
2026-02-27 05:35:00+00:00,1.52,452.1,95210
2026-02-27 05:36:00+00:00,1.46,451.6,99148
2026-02-27 05:37:00+00:00,1.38,452.4,108530
2026-02-27 05:38:00+00:00,1.29,452.6,115200
2026-02-27 05:39:00+00:00,1.12,453.0,133732
2026-02-27 05:40:00+00:00,1.14,452.8,131953
2026-02-27 05:41:00+00:00,1.22,452.2,122997
2026-02-27 05:42:00+00:00,1.21,452.0,122110
2026-02-27 05:43:00+00:00,1.31,451.6,113075
2026-02-27 05:44:00+00:00,1.20,451.0,119934
2026-02-27 05:45:00+00:00,1.27,452.7,123066
2026-02-27 05:46:00+00:00,1.27,451.2,119139
2026-02-27 05:47:00+00:00,1.31,452.4,118428
2026-02-27 05:48:00+00:00,1.28,453.0,122582
2026-02-27 05:49:00+00:00,1.34,454.0,116607
2026-02-27 05:50:00+00:00,1.36,452.9,111760
2026-02-27 05:51:00+00:00,1.37,452.6,112257
2026-02-27 05:52:00+00:00,1.38,453.2,114616
2026-02-27 05:53:00+00:00,1.32,453.1,120209
2026-02-27 05:54:00+00:00,1.19,454.1,133351
2026-02-27 05:55:00+00:00,1.06,454.5,145262
2026-02-27 05:56:00+00:00,1.31,452.9,126972
2026-02-27 05:57:00+00:00,1.38,450.9,110521
2026-02-27 05:58:00+00:00,1.37,451.4,112750
2026-02-27 05:59:00+00:00,1.27,450.4,121191
2026-02-27 06:00:00+00:00,1.31,452.3,122556
2026-02-27 06:01:00+00:00,1.22,451.6,121706
2026-02-27 06:02:00+00:00,1.22,452.6,124546
2026-02-27 06:03:00+00:00,1.24,452.1,132146
2026-02-27 06:04:00+00:00,1.25,452.2,130489
2026-02-27 06:05:00+00:00,1.16,452.4,134123
2026-02-27 06:06:00+00:00,1.08,453.3,140763
2026-02-27 06:07:00+00:00,1.05,453.2,145926
2026-02-27 06:08:00+00:00,1.03,453.6,147761
2026-02-27 06:09:00+00:00,0.99,455.0,146552
2026-02-27 06:10:00+00:00,1.00,454.5,143671
2026-02-27 06:11:00+00:00,1.15,454.6,138789
2026-02-27 06:12:00+00:00,1.02,454.2,149348
2026-02-27 06:13:00+00:00,1.04,454.1,148343
2026-02-27 06:14:00+00:00,1.20,453.2,138875
2026-02-27 06:15:00+00:00,1.28,451.0,126419
2026-02-27 06:16:00+00:00,1.37,452.5,120437
2026-02-27 06:17:00+00:00,1.31,450.2,118053
2026-02-27 06:18:00+00:00,1.29,451.9,120519
2026-02-27 06:19:00+00:00,1.22,451.8,126981
2026-02-27 06:20:00+00:00,1.42,452.1,112081
2026-02-27 06:21:00+00:00,1.36,452.7,117063
2026-02-27 06:22:00+00:00,1.53,451.2,106391
2026-02-27 06:23:00+00:00,1.56,450.1,109091
2026-02-27 06:24:00+00:00,1.41,452.0,116505
2026-02-27 06:25:00+00:00,1.43,456.5,102484
2026-02-27 06:26:00+00:00,1.43,459.7,95833
2026-02-27 06:27:00+00:00,1.49,456.8,92093
2026-02-27 06:28:00+00:00,1.34,453.6,98977
2026-02-27 06:29:00+00:00,1.22,458.1,105054
2026-02-27 06:30:00+00:00,1.25,462.9,110832
2026-02-27 06:31:00+00:00,1.27,454.1,120854
2026-02-27 06:32:00+00:00,1.22,455.8,112954
2026-02-27 06:33:00+00:00,1.05,463.2,93563
2026-02-27 06:34:00+00:00,0.79,459.8,107333
2026-02-27 06:35:00+00:00,0.83,461.1,113286
2026-02-27 06:36:00+00:00,1.08,460.0,104005
2026-02-27 06:37:00+00:00,1.15,464.7,109490
2026-02-27 06:38:00+00:00,1.27,465.4,105920
2026-02-27 06:39:00+00:00,1.11,461.8,153621
2026-02-27 06:40:00+00:00,0.51,446.8,126132
2026-02-27 06:41:00+00:00,0.26,446.7,83683
2026-02-27 06:42:00+00:00,0.91,473.4,160298
2026-02-27 06:43:00+00:00,1.69,463.7,79043
2026-02-27 06:44:00+00:00,1.60,456.4,87193
2026-02-27 06:45:00+00:00,0.96,457.7,150373
2026-02-27 06:46:00+00:00,0.97,457.6,150175
2026-02-27 06:47:00+00:00,1.07,455.0,144446
2026-02-27 06:48:00+00:00,1.24,454.5,128634
2026-02-27 06:49:00+00:00,1.24,458.2,111336
2026-02-27 06:50:00+00:00,1.45,453.9,113777
2026-02-27 06:51:00+00:00,1.79,458.8,92719
2026-02-27 06:52:00+00:00,1.95,460.4,83430
2026-02-27 06:53:00+00:00,1.91,460.0,79589
2026-02-27 06:54:00+00:00,2.01,461.5,71489
2026-02-27 06:55:00+00:00,1.93,460.0,73787
2026-02-27 06:56:00+00:00,2.00,463.6,76624
2026-02-27 06:57:00+00:00,2.26,468.0,73056
2026-02-27 06:58:00+00:00,2.09,461.5,76947
2026-02-27 07:00:00+00:00,2.11,465.9,73078
2026-02-27 07:01:00+00:00,2.33,476.0,89569
2026-02-27 07:02:00+00:00,1.72,477.9,103619
2026-02-27 07:03:00+00:00,0.77,459.4,137007
2026-02-27 07:04:00+00:00,0.59,444.1,98053
2026-02-27 07:05:00+00:00,1.32,469.4,176841
2026-02-27 07:06:00+00:00,1.31,459.9,108063
2026-02-27 07:07:00+00:00,1.52,454.6,95105
2026-02-27 07:08:00+00:00,1.36,447.7,83128
2026-02-27 07:09:00+00:00,1.91,455.8,84556
2026-02-27 07:10:00+00:00,1.76,452.9,79311
2026-02-27 07:11:00+00:00,1.71,450.0,74292
2026-02-27 07:12:00+00:00,2.32,460.3,100734
2026-02-27 07:13:00+00:00,2.23,461.3,113837
2026-02-27 07:14:00+00:00,1.58,450.7,84446
2026-02-27 07:15:00+00:00,1.58,455.5,103277
2026-02-27 07:16:00+00:00,1.10,458.1,151860
2026-02-27 07:17:00+00:00,1.41,467.8,203534
2026-02-27 07:18:00+00:00,1.03,,
2026-02-27 07:19:00+00:00,1.03,455.3,147545
2026-02-27 07:20:00+00:00,1.28,470.6,206790
2026-02-27 07:21:00+00:00,0.77,458.0,147947
2026-02-27 07:22:00+00:00,0.99,458.6,160329
2026-02-27 07:23:00+00:00,1.61,455.5,104644
2026-02-27 07:24:00+00:00,2.10,465.4,127083
2026-02-27 07:25:00+00:00,1.81,459.8,127456
2026-02-27 07:26:00+00:00,1.24,446.6,90239
2026-02-27 07:27:00+00:00,1.11,448.5,94978
2026-02-27 07:28:00+00:00,1.24,453.8,115205
2026-02-27 07:29:00+00:00,1.29,451.5,100700
2026-02-27 07:30:00+00:00,1.16,447.3,85076
2026-02-27 07:31:00+00:00,0.87,440.8,84676
2026-02-27 07:32:00+00:00,1.31,460.3,110579
2026-02-27 07:33:00+00:00,1.49,466.4,129009
2026-02-27 07:34:00+00:00,1.42,453.8,60475
2026-02-27 07:35:00+00:00,1.88,475.5,157965
2026-02-27 07:36:00+00:00,1.21,454.7,57694
2026-02-27 07:37:00+00:00,2.25,479.6,120689
2026-02-27 07:38:00+00:00,1.19,441.1,46127
2026-02-27 07:39:00+00:00,1.77,453.9,55659
2026-02-27 07:40:00+00:00,2.48,466.2,76227
2026-02-27 07:41:00+00:00,2.22,466.7,70181
2026-02-27 07:42:00+00:00,2.52,472.6,83655
2026-02-27 07:43:00+00:00,2.24,470.5,84914
2026-02-27 07:44:00+00:00,1.63,459.3,67725
2026-02-27 07:45:00+00:00,1.56,449.3,47947
2026-02-27 07:46:00+00:00,1.54,460.7,57603
2026-02-27 07:47:00+00:00,2.37,501.1,127954
2026-02-27 07:48:00+00:00,2.24,479.3,80482
2026-02-27 07:49:00+00:00,2.41,472.7,97537
2026-02-27 07:50:00+00:00,0.33,434.7,57995
2026-02-27 07:52:00+00:00,1.93,481.3,233203
2026-02-27 07:53:00+00:00,0.57,440.9,63641
2026-02-27 07:54:00+00:00,1.54,470.1,140961
2026-02-27 07:55:00+00:00,1.45,466.0,101103
2026-02-27 07:56:00+00:00,1.68,460.0,94584
2026-02-27 07:57:00+00:00,1.31,447.8,71247
2026-02-27 07:58:00+00:00,1.11,452.1,86373
2026-02-27 07:59:00+00:00,1.39,456.8,100923
2026-02-27 08:00:00+00:00,1.50,448.8,83137
2026-02-27 08:01:00+00:00,1.36,456.9,100176
2026-02-27 08:02:00+00:00,1.08,476.8,137407
2026-02-27 08:03:00+00:00,0.50,473.0,106960
2026-02-27 08:04:00+00:00,0.24,494.7,89902
2026-02-27 08:05:00+00:00,0.25,500.3,94371
2026-02-27 08:06:00+00:00,0.29,505.1,147780
2026-02-27 08:07:00+00:00,0.91,495.2,153794
2026-02-27 08:08:00+00:00,0.70,467.1,113452
2026-02-27 08:09:00+00:00,1.21,461.0,150092
2026-02-27 08:10:00+00:00,0.96,454.6,104948
2026-02-27 08:11:00+00:00,0.59,471.0,124609
2026-02-27 08:12:00+00:00,0.81,455.4,92463
2026-02-27 08:13:00+00:00,1.15,467.1,178136
2026-02-27 08:14:00+00:00,0.95,463.4,178951
2026-02-27 08:15:00+00:00,0.44,433.8,133841
2026-02-27 08:16:00+00:00,0.52,432.4,107935
2026-02-27 08:17:00+00:00,1.26,460.5,118746
2026-02-27 08:18:00+00:00,1.42,469.3,131564
2026-02-27 08:19:00+00:00,0.63,462.3,123408
2026-02-27 08:20:00+00:00,0.58,457.8,121160
2026-02-27 08:21:00+00:00,0.27,432.9,32443
2026-02-27 08:22:00+00:00,0.50,460.7,150183
2026-02-27 08:23:00+00:00,0.77,463.7,189275
2026-02-27 08:24:00+00:00,0.77,,
2026-02-27 08:25:00+00:00,0.73,456.3,160999
2026-02-27 08:26:00+00:00,0.80,453.2,141224
2026-02-27 08:27:00+00:00,0.98,453.1,140628
2026-02-27 08:28:00+00:00,1.23,464.7,176956
2026-02-27 08:29:00+00:00,1.15,453.4,118190
2026-02-27 08:30:00+00:00,0.75,459.5,116010
2026-02-27 08:31:00+00:00,0.97,463.4,130664
2026-02-27 08:32:00+00:00,1.60,462.3,135734
2026-02-27 08:33:00+00:00,1.57,463.0,133325
2026-02-27 08:34:00+00:00,1.09,446.0,82685
2026-02-27 08:35:00+00:00,1.23,447.2,95179
2026-02-27 08:36:00+00:00,1.96,468.3,119172
2026-02-27 08:37:00+00:00,2.34,467.8,110014
2026-02-27 08:38:00+00:00,1.85,480.4,102252
2026-02-27 08:39:00+00:00,1.78,457.5,51528
2026-02-27 08:40:00+00:00,1.91,483.8,92383
2026-02-27 08:41:00+00:00,2.28,492.3,140172
2026-02-27 08:42:00+00:00,1.66,467.9,94910
2026-02-27 08:43:00+00:00,1.57,482.6,143575
2026-02-27 08:44:00+00:00,1.63,498.0,194685
2026-02-27 08:45:00+00:00,1.51,508.7,197528
2026-02-27 08:46:00+00:00,1.60,485.6,109895
2026-02-27 08:47:00+00:00,1.90,491.9,66128
2026-02-27 08:48:00+00:00,2.11,532.9,96982
2026-02-27 08:49:00+00:00,2.39,534.1,147501
2026-02-27 08:50:00+00:00,2.06,491.7,162882
2026-02-27 08:51:00+00:00,0.38,460.0,84503
2026-02-27 08:52:00+00:00,0.51,456.0,147034
2026-02-27 08:53:00+00:00,0.92,469.4,84021
2026-02-27 08:54:00+00:00,1.08,434.9,58465
2026-02-27 08:55:00+00:00,0.27,518.3,263880
2026-02-27 08:56:00+00:00,0.38,497.6,118993
2026-02-27 08:57:00+00:00,0.39,496.9,113997
2026-02-27 08:58:00+00:00,0.38,514.9,150489
2026-02-27 08:59:00+00:00,0.37,491.4,156191
2026-02-27 09:00:00+00:00,0.92,475.1,96602
2026-02-27 09:01:00+00:00,0.92,489.3,106052
2026-02-27 09:02:00+00:00,0.92,502.4,132620
2026-02-27 09:03:00+00:00,1.17,497.1,112866
2026-02-27 09:04:00+00:00,1.43,488.4,108033
2026-02-27 09:05:00+00:00,1.30,476.7,99054
2026-02-27 09:06:00+00:00,0.81,467.7,60557
2026-02-27 09:07:00+00:00,0.87,487.4,105705
2026-02-27 09:08:00+00:00,1.16,485.4,91795
2026-02-27 09:09:00+00:00,1.18,475.6,91303
2026-02-27 09:10:00+00:00,1.59,507.8,185366
2026-02-27 09:11:00+00:00,1.67,486.6,123771
2026-02-27 09:12:00+00:00,1.84,482.6,89970
2026-02-27 09:13:00+00:00,1.32,468.7,49652
2026-02-27 09:14:00+00:00,1.82,501.3,103607
2026-02-27 09:15:00+00:00,0.95,463.7,146834
2026-02-27 09:16:00+00:00,0.83,446.6,93662
2026-02-27 09:17:00+00:00,0.79,461.8,116657
2026-02-27 09:18:00+00:00,0.92,470.3,123801
2026-02-27 09:19:00+00:00,0.87,467.1,117829
2026-02-27 09:20:00+00:00,0.91,454.2,94150
2026-02-27 09:21:00+00:00,0.81,435.6,39684
2026-02-27 09:22:00+00:00,0.11,441.2,86234
2026-02-27 09:23:00+00:00,0.15,463.7,188073
2026-02-27 09:24:00+00:00,0.16,431.7,37416
2026-02-27 09:25:00+00:00,0.15,426.6,33674
2026-02-27 09:26:00+00:00,0.32,450.7,84557
2026-02-27 09:27:00+00:00,0.10,476.7,240531
2026-02-27 09:28:00+00:00,0.03,405.9,18350
2026-02-27 09:29:00+00:00,0.03,419.0,23164
2026-02-27 09:30:00+00:00,0.03,420.7,24550
2026-02-27 09:31:00+00:00,0.15,494.4,255265
2026-02-27 09:32:00+00:00,0.18,492.0,175907
2026-02-27 09:33:00+00:00,0.20,491.0,166218
2026-02-27 09:34:00+00:00,0.22,486.4,143271
2026-02-27 09:35:00+00:00,0.31,479.8,128393
2026-02-27 09:36:00+00:00,0.43,482.8,181451
2026-02-27 09:37:00+00:00,0.52,483.2,182495
2026-02-27 09:38:00+00:00,0.57,472.8,97326
2026-02-27 09:39:00+00:00,0.66,473.3,103804
2026-02-27 09:40:00+00:00,1.16,453.9,103363
2026-02-27 09:41:00+00:00,1.51,455.6,103514
2026-02-27 09:42:00+00:00,0.42,447.0,208115
2026-02-27 09:43:00+00:00,1.20,436.6,67926
2026-02-27 09:44:00+00:00,0.99,447.9,126720
2026-02-27 09:45:00+00:00,1.14,442.1,111892
2026-02-27 09:46:00+00:00,1.17,444.6,98633
2026-02-27 09:47:00+00:00,1.10,438.3,82371
2026-02-27 09:48:00+00:00,1.98,454.5,111577
2026-02-27 09:49:00+00:00,2.10,452.2,86071
2026-02-27 09:50:00+00:00,1.89,446.4,64315
