time_tag,density,speed,temperature
2026-01-24 19:48:00+00:00,1.27,505.7,149687
2026-01-24 19:49:00+00:00,0.69,521.8,165102
2026-01-24 19:50:00+00:00,0.04,456.5,11671
2026-01-24 19:51:00+00:00,0.17,477.0,25803
2026-01-24 19:52:00+00:00,0.06,468.9,18015
2026-01-24 19:53:00+00:00,0.07,469.5,18699
2026-01-24 19:54:00+00:00,0.14,517.2,150501
2026-01-24 19:55:00+00:00,0.33,561.3,267972
2026-01-24 19:56:00+00:00,0.40,556.3,312518
2026-01-24 19:57:00+00:00,0.52,532.4,239008
2026-01-24 19:58:00+00:00,0.38,515.2,146217
2026-01-24 19:59:00+00:00,0.10,502.5,101983
2026-01-24 20:00:00+00:00,0.13,516.3,176124
2026-01-24 20:01:00+00:00,0.12,540.3,312342
2026-01-24 20:02:00+00:00,0.09,492.0,119214
2026-01-24 20:03:00+00:00,0.14,499.4,115800
2026-01-24 20:04:00+00:00,0.32,543.0,339351
2026-01-24 20:05:00+00:00,0.06,506.1,75714
2026-01-24 20:06:00+00:00,0.03,451.6,10878
2026-01-24 20:07:00+00:00,0.03,451.6,10878
2026-01-24 20:09:00+00:00,0.20,588.0,287469
2026-01-24 20:10:00+00:00,0.14,509.4,142908
2026-01-24 20:11:00+00:00,0.08,491.5,61673
2026-01-24 20:12:00+00:00,0.09,545.3,157992
2026-01-24 20:13:00+00:00,0.12,574.8,305360
2026-01-24 20:14:00+00:00,0.12,568.6,396754
2026-01-24 20:15:00+00:00,0.10,559.9,439781
2026-01-24 20:16:00+00:00,0.08,552.1,453441
2026-01-24 20:17:00+00:00,0.11,553.9,394259
2026-01-24 20:18:00+00:00,0.19,570.3,282280
2026-01-24 20:19:00+00:00,0.19,585.3,358903
2026-01-24 20:20:00+00:00,0.16,545.4,206674
2026-01-24 20:21:00+00:00,0.11,572.6,372371
2026-01-24 20:22:00+00:00,0.08,552.7,400795
2026-01-24 20:23:00+00:00,0.05,512.8,157817
2026-01-24 20:24:00+00:00,0.07,534.7,301747
2026-01-24 20:25:00+00:00,0.12,579.8,343782
2026-01-24 20:26:00+00:00,0.12,544.3,264521
2026-01-24 20:27:00+00:00,0.15,557.5,266935
2026-01-24 20:28:00+00:00,0.14,574.3,303315
2026-01-24 20:29:00+00:00,0.65,537.1,254462
2026-01-24 20:30:00+00:00,0.64,496.6,153114
2026-01-24 20:31:00+00:00,0.13,483.4,92108
2026-01-24 20:32:00+00:00,0.17,474.0,73586
2026-01-24 20:33:00+00:00,0.14,465.5,46344
2026-01-24 20:34:00+00:00,0.04,455.5,22816
2026-01-24 20:35:00+00:00,0.08,480.3,62182
2026-01-24 20:36:00+00:00,0.09,490.3,51247
2026-01-24 20:37:00+00:00,0.31,466.9,22199
2026-01-24 20:38:00+00:00,0.24,559.0,166848
2026-01-24 20:39:00+00:00,1.81,512.2,129417
2026-01-24 20:40:00+00:00,1.92,508.9,126743
2026-01-24 20:41:00+00:00,1.73,507.0,129260
2026-01-24 20:42:00+00:00,1.71,508.2,120809
2026-01-24 20:43:00+00:00,1.88,508.7,119463
2026-01-24 20:44:00+00:00,1.80,513.0,120826
2026-01-24 20:45:00+00:00,1.83,512.2,124963
2026-01-24 20:46:00+00:00,1.86,509.1,122834
2026-01-24 20:47:00+00:00,1.79,509.5,117831
2026-01-24 20:48:00+00:00,1.75,508.7,123159
2026-01-24 20:49:00+00:00,1.56,508.3,137096
2026-01-24 20:50:00+00:00,1.60,512.8,161225
2026-01-24 20:51:00+00:00,1.35,512.1,182145
2026-01-24 20:52:00+00:00,1.15,513.8,186961
2026-01-24 20:53:00+00:00,1.60,507.7,148513
2026-01-24 20:54:00+00:00,1.92,507.8,132068
2026-01-24 20:55:00+00:00,1.79,507.4,129930
2026-01-24 20:56:00+00:00,1.63,502.9,121756
2026-01-24 20:57:00+00:00,1.55,504.3,171108
2026-01-24 20:58:00+00:00,1.40,508.4,195464
2026-01-24 20:59:00+00:00,0.87,495.6,101677
2026-01-24 21:00:00+00:00,0.84,501.2,156199
2026-01-24 21:01:00+00:00,1.25,506.3,225335
2026-01-24 21:02:00+00:00,1.12,516.7,255531
2026-01-24 21:03:00+00:00,0.63,534.7,319988
2026-01-24 21:04:00+00:00,0.50,523.6,263110
2026-01-24 21:05:00+00:00,0.53,502.6,114970
2026-01-24 21:06:00+00:00,0.75,520.2,227528
2026-01-24 21:07:00+00:00,1.11,484.6,62730
2026-01-24 21:08:00+00:00,1.08,482.8,53828
2026-01-24 21:09:00+00:00,0.92,480.1,56891
2026-01-24 21:10:00+00:00,1.65,494.7,166016
2026-01-24 21:11:00+00:00,1.77,491.3,103088
2026-01-24 21:12:00+00:00,1.40,497.6,206682
2026-01-24 21:13:00+00:00,1.34,498.7,223311
2026-01-24 21:14:00+00:00,0.13,493.5,142620
2026-01-24 21:15:00+00:00,0.17,474.4,65334
2026-01-24 21:16:00+00:00,0.22,470.3,51138
2026-01-24 21:17:00+00:00,0.18,474.1,63829
2026-01-24 21:18:00+00:00,0.45,496.8,198293
2026-01-24 21:19:00+00:00,0.71,504.1,228131
2026-01-24 21:20:00+00:00,0.79,486.3,104835
2026-01-24 21:21:00+00:00,1.26,505.2,238099
2026-01-24 21:22:00+00:00,1.35,504.5,235990
2026-01-24 21:23:00+00:00,1.29,506.6,243306
2026-01-24 21:24:00+00:00,1.63,508.2,171538
2026-01-24 21:25:00+00:00,1.27,504.4,211989
2026-01-24 21:26:00+00:00,1.25,497.1,100890
2026-01-24 21:27:00+00:00,1.36,507.0,173058
2026-01-24 21:28:00+00:00,1.42,507.6,130459
2026-01-24 21:29:00+00:00,1.43,509.1,122852
2026-01-24 21:30:00+00:00,1.55,506.0,136239
2026-01-24 21:31:00+00:00,1.53,505.6,141422
2026-01-24 21:32:00+00:00,1.49,506.8,139545
2026-01-24 21:33:00+00:00,1.55,508.6,141034
2026-01-24 21:34:00+00:00,1.65,510.5,126355
2026-01-24 21:35:00+00:00,1.61,511.6,117170
2026-01-24 21:36:00+00:00,1.50,512.8,128013
2026-01-24 21:37:00+00:00,1.54,513.1,119871
2026-01-24 21:38:00+00:00,1.50,508.7,119314
2026-01-24 21:39:00+00:00,1.28,505.7,106258
2026-01-24 21:40:00+00:00,1.36,511.9,140441
2026-01-24 21:41:00+00:00,1.40,511.1,142012
2026-01-24 21:42:00+00:00,1.45,511.6,140861
2026-01-24 21:43:00+00:00,1.47,512.3,122084
2026-01-24 21:44:00+00:00,1.40,513.2,136153
2026-01-24 21:45:00+00:00,1.58,506.5,111029
2026-01-24 21:46:00+00:00,1.63,504.8,104156
2026-01-24 21:47:00+00:00,1.55,511.6,130347
2026-01-24 21:48:00+00:00,1.52,511.5,131366
2026-01-24 21:49:00+00:00,1.51,515.0,147980
2026-01-24 21:50:00+00:00,1.60,513.5,140556
2026-01-24 21:51:00+00:00,1.77,508.5,110617
2026-01-24 21:52:00+00:00,1.92,509.4,108131
2026-01-24 21:53:00+00:00,1.93,512.4,121396
2026-01-24 21:54:00+00:00,1.90,518.3,125726
2026-01-24 21:55:00+00:00,1.86,517.9,124825
2026-01-24 21:56:00+00:00,1.62,513.3,126650
2026-01-24 21:57:00+00:00,1.64,508.0,132898
2026-01-24 21:58:00+00:00,1.60,510.7,140335
2026-01-24 22:00:00+00:00,1.44,509.8,152389
2026-01-24 22:01:00+00:00,1.39,511.3,150142
2026-01-24 22:02:00+00:00,1.61,512.8,144193
2026-01-24 22:03:00+00:00,1.88,526.2,128215
2026-01-24 22:04:00+00:00,1.89,534.1,139660
2026-01-24 22:05:00+00:00,1.83,534.0,151541
2026-01-24 22:06:00+00:00,1.78,531.9,153214
2026-01-24 22:07:00+00:00,1.76,530.0,145646
2026-01-24 22:08:00+00:00,1.58,525.4,171654
2026-01-24 22:09:00+00:00,0.86,528.7,274033
2026-01-24 22:10:00+00:00,0.41,549.2,310301
2026-01-24 22:11:00+00:00,1.22,510.9,225059
2026-01-24 22:12:00+00:00,1.14,514.2,203265
2026-01-24 22:13:00+00:00,1.25,510.4,177711
2026-01-24 22:14:00+00:00,0.95,507.5,183469
2026-01-24 22:15:00+00:00,1.01,511.4,177350
2026-01-24 22:16:00+00:00,0.74,517.1,242813
2026-01-24 22:17:00+00:00,0.71,515.3,242752
2026-01-24 22:18:00+00:00,0.43,496.1,117882
2026-01-24 22:19:00+00:00,0.33,489.4,73403
2026-01-24 22:20:00+00:00,0.34,492.0,72583
2026-01-24 22:21:00+00:00,0.33,489.5,69182
2026-01-24 22:22:00+00:00,0.30,497.3,164837
2026-01-24 22:23:00+00:00,0.24,502.1,200549
2026-01-24 22:24:00+00:00,0.17,489.0,78114
2026-01-24 22:25:00+00:00,0.17,484.5,72247
2026-01-24 22:26:00+00:00,0.22,489.0,94142
2026-01-24 22:27:00+00:00,0.18,501.3,140560
2026-01-24 22:28:00+00:00,0.22,560.4,416773
2026-01-24 22:29:00+00:00,0.19,475.8,43908
2026-01-24 22:30:00+00:00,0.15,489.9,73971
2026-01-24 22:31:00+00:00,0.16,493.6,82934
2026-01-24 22:32:00+00:00,0.23,575.3,464843
2026-01-24 22:33:00+00:00,0.12,490.2,122402
2026-01-24 22:34:00+00:00,0.10,467.3,16847
2026-01-24 22:35:00+00:00,0.62,512.7,184903
2026-01-24 22:36:00+00:00,0.65,534.6,257796
2026-01-24 22:37:00+00:00,0.43,553.6,228016
2026-01-24 22:38:00+00:00,0.23,521.5,119924
2026-01-24 22:39:00+00:00,0.67,457.0,33952
2026-01-24 22:40:00+00:00,1.22,483.7,134812
2026-01-24 22:41:00+00:00,0.41,562.3,329215
2026-01-24 22:42:00+00:00,0.21,547.6,366469
2026-01-24 22:43:00+00:00,0.27,488.8,72290
2026-01-24 22:44:00+00:00,0.21,480.9,66996
2026-01-24 22:45:00+00:00,0.20,488.9,72839
2026-01-24 22:46:00+00:00,0.09,468.6,22219
2026-01-24 22:47:00+00:00,0.18,484.1,51329
2026-01-24 22:48:00+00:00,0.75,532.3,278909
2026-01-24 22:49:00+00:00,0.37,554.1,442946
2026-01-24 22:50:00+00:00,0.20,493.7,140218
2026-01-24 22:51:00+00:00,0.83,506.8,173351
2026-01-24 22:52:00+00:00,1.16,525.0,250839
2026-01-24 22:53:00+00:00,1.15,534.5,211093
2026-01-24 22:54:00+00:00,1.08,539.1,209175
2026-01-24 22:55:00+00:00,0.65,516.4,134151
2026-01-24 22:56:00+00:00,0.37,496.8,102116
2026-01-24 22:57:00+00:00,0.86,541.7,242074
2026-01-24 22:58:00+00:00,0.89,540.1,201154
2026-01-24 22:59:00+00:00,0.98,535.0,201869
2026-01-24 23:00:00+00:00,0.92,535.2,235159
2026-01-24 23:01:00+00:00,0.87,533.9,223527
2026-01-24 23:02:00+00:00,1.08,534.7,219493
2026-01-24 23:03:00+00:00,1.56,528.2,207610
2026-01-24 23:04:00+00:00,1.26,535.0,245800
2026-01-24 23:05:00+00:00,1.66,531.8,216290
2026-01-24 23:06:00+00:00,1.60,536.0,190360
2026-01-24 23:07:00+00:00,1.45,534.8,214156
2026-01-24 23:08:00+00:00,1.21,539.7,240845
2026-01-24 23:09:00+00:00,1.12,540.6,248362
2026-01-24 23:10:00+00:00,1.36,535.8,235398
2026-01-24 23:11:00+00:00,1.34,541.1,243750
2026-01-24 23:12:00+00:00,0.77,554.2,262518
2026-01-24 23:13:00+00:00,0.29,537.4,177886
2026-01-24 23:14:00+00:00,0.31,489.2,74734
2026-01-24 23:15:00+00:00,1.41,525.7,243757
2026-01-24 23:16:00+00:00,1.86,532.4,201593
2026-01-24 23:17:00+00:00,1.41,526.9,235142
2026-01-24 23:18:00+00:00,1.46,526.4,228739
2026-01-24 23:19:00+00:00,1.47,528.3,226029
2026-01-24 23:20:00+00:00,2.13,524.6,190539
2026-01-24 23:21:00+00:00,2.13,527.2,171772
2026-01-24 23:22:00+00:00,1.71,526.2,175575
2026-01-24 23:23:00+00:00,1.72,529.8,176798
2026-01-24 23:24:00+00:00,1.78,526.2,172116
2026-01-24 23:25:00+00:00,1.78,522.3,169452
2026-01-24 23:26:00+00:00,1.40,516.4,155771
2026-01-24 23:27:00+00:00,1.53,515.3,153716
2026-01-24 23:28:00+00:00,1.70,514.2,152370
2026-01-24 23:29:00+00:00,1.66,516.0,159942
2026-01-24 23:30:00+00:00,1.64,519.2,169544
2026-01-24 23:31:00+00:00,1.48,524.9,163729
2026-01-24 23:32:00+00:00,1.52,517.9,169214
2026-01-24 23:33:00+00:00,1.70,515.8,168888
2026-01-24 23:34:00+00:00,1.51,516.2,171619
2026-01-24 23:35:00+00:00,1.18,509.7,120433
2026-01-24 23:36:00+00:00,1.40,515.4,202918
2026-01-24 23:37:00+00:00,1.40,517.5,201319
2026-01-24 23:38:00+00:00,1.45,515.9,171308
2026-01-24 23:39:00+00:00,1.52,514.8,179103
2026-01-24 23:40:00+00:00,1.44,515.0,193810
2026-01-24 23:41:00+00:00,1.43,514.5,189362
2026-01-24 23:42:00+00:00,1.40,513.3,187059
2026-01-24 23:43:00+00:00,1.33,514.0,204827
2026-01-24 23:44:00+00:00,1.30,517.1,227249
2026-01-24 23:45:00+00:00,1.31,520.0,219895
2026-01-24 23:46:00+00:00,1.66,523.2,169330
2026-01-24 23:47:00+00:00,1.61,528.8,145476
2026-01-24 23:48:00+00:00,1.55,523.4,135574
2026-01-24 23:49:00+00:00,1.54,521.5,174687
2026-01-24 23:50:00+00:00,1.25,516.9,197721
2026-01-24 23:51:00+00:00,1.26,516.2,202189
2026-01-24 23:52:00+00:00,1.37,516.8,184435
2026-01-24 23:53:00+00:00,1.51,519.2,196762
2026-01-24 23:54:00+00:00,1.29,521.1,249424
2026-01-24 23:55:00+00:00,1.25,525.0,252552
2026-01-24 23:56:00+00:00,1.25,522.1,252637
2026-01-24 23:57:00+00:00,0.86,502.5,168521
2026-01-24 23:58:00+00:00,0.54,488.1,90597
2026-01-24 23:59:00+00:00,1.71,520.9,243911
2026-01-25 00:00:00+00:00,1.46,522.8,255415
2026-01-25 00:01:00+00:00,0.76,511.7,209509
2026-01-25 00:02:00+00:00,0.41,482.6,70340
2026-01-25 00:03:00+00:00,1.22,530.6,266595
2026-01-25 00:04:00+00:00,1.53,523.2,235214
2026-01-25 00:05:00+00:00,1.36,528.9,263401
2026-01-25 00:06:00+00:00,1.07,542.4,279094
2026-01-25 00:07:00+00:00,1.14,536.0,303064
2026-01-25 00:08:00+00:00,1.55,526.6,237814
2026-01-25 00:09:00+00:00,1.54,524.9,227480
2026-01-25 00:10:00+00:00,1.23,529.0,269560
2026-01-25 00:11:00+00:00,1.37,526.8,242058
2026-01-25 00:12:00+00:00,1.32,525.5,253698
2026-01-25 00:13:00+00:00,1.19,528.8,288043
2026-01-25 00:14:00+00:00,1.20,531.7,295493
2026-01-25 00:15:00+00:00,1.25,531.9,278075
2026-01-25 00:16:00+00:00,1.20,529.8,255868
2026-01-25 00:17:00+00:00,1.35,527.6,224502
2026-01-25 00:18:00+00:00,2.08,531.8,149469
2026-01-25 00:19:00+00:00,1.80,527.8,158016
2026-01-25 00:20:00+00:00,1.64,527.6,174383
2026-01-25 00:21:00+00:00,1.81,545.1,144372
2026-01-25 00:22:00+00:00,1.50,526.6,217971
2026-01-25 00:23:00+00:00,1.45,529.3,254770
2026-01-25 00:24:00+00:00,1.40,529.5,252601
2026-01-25 00:25:00+00:00,1.62,528.1,212086
2026-01-25 00:26:00+00:00,1.35,533.6,222752
2026-01-25 00:27:00+00:00,1.45,533.5,218895
2026-01-25 00:28:00+00:00,1.45,533.7,218461
2026-01-25 00:29:00+00:00,1.41,532.5,235222
2026-01-25 00:30:00+00:00,1.46,532.8,232475
2026-01-25 00:31:00+00:00,1.47,535.0,216070
2026-01-25 00:32:00+00:00,1.48,534.4,225042
2026-01-25 00:33:00+00:00,1.50,534.4,224578
2026-01-25 00:34:00+00:00,1.50,534.5,227409
2026-01-25 00:35:00+00:00,1.33,535.7,242972
2026-01-25 00:36:00+00:00,1.45,535.3,236167
2026-01-25 00:37:00+00:00,1.52,533.8,219780
2026-01-25 00:38:00+00:00,1.38,532.1,233588
2026-01-25 00:39:00+00:00,1.38,540.6,226463
2026-01-25 00:40:00+00:00,1.33,538.1,236350
2026-01-25 00:41:00+00:00,0.97,550.9,246567
2026-01-25 00:42:00+00:00,0.97,549.9,268691
2026-01-25 00:43:00+00:00,0.98,548.9,286042
2026-01-25 00:44:00+00:00,0.99,547.9,289330
2026-01-25 00:45:00+00:00,1.11,544.1,269847
2026-01-25 00:46:00+00:00,1.30,538.6,248089
2026-01-25 00:47:00+00:00,1.40,537.2,249009
2026-01-25 00:48:00+00:00,1.28,542.6,256310
2026-01-25 00:49:00+00:00,1.07,548.6,247941
2026-01-25 00:50:00+00:00,1.00,551.0,250909
2026-01-25 00:51:00+00:00,1.16,544.8,256245
2026-01-25 00:52:00+00:00,1.43,541.4,177609
2026-01-25 00:53:00+00:00,1.60,542.1,222921
2026-01-25 00:54:00+00:00,0.92,547.1,270530
2026-01-25 00:55:00+00:00,0.94,552.0,289521
2026-01-25 00:56:00+00:00,1.02,548.9,271204
2026-01-25 00:57:00+00:00,1.17,540.9,262323
2026-01-25 00:58:00+00:00,1.32,539.4,223780
2026-01-25 00:59:00+00:00,1.36,537.3,234445
2026-01-25 01:00:00+00:00,1.26,538.1,252572
2026-01-25 01:01:00+00:00,1.59,535.5,216871
2026-01-25 01:02:00+00:00,1.73,531.6,197523
2026-01-25 01:03:00+00:00,1.65,529.3,218769
2026-01-25 01:04:00+00:00,1.88,526.7,224203
2026-01-25 01:05:00+00:00,1.59,532.1,218465
2026-01-25 01:06:00+00:00,1.66,531.8,211630
2026-01-25 01:07:00+00:00,1.95,530.9,181859
2026-01-25 01:08:00+00:00,2.08,530.5,167635
2026-01-25 01:09:00+00:00,1.98,531.3,189745
2026-01-25 01:10:00+00:00,1.93,527.1,161801
2026-01-25 01:11:00+00:00,1.71,532.2,199485
2026-01-25 01:12:00+00:00,1.30,534.6,229505
2026-01-25 01:13:00+00:00,1.07,538.6,262061
2026-01-25 01:14:00+00:00,1.22,536.6,240218
2026-01-25 01:15:00+00:00,1.25,536.8,242222
2026-01-25 01:16:00+00:00,1.21,538.1,256236
2026-01-25 01:17:00+00:00,1.19,537.7,258755
2026-01-25 01:18:00+00:00,1.09,541.4,269757
2026-01-25 01:19:00+00:00,1.28,541.4,247006
2026-01-25 01:20:00+00:00,1.67,533.5,203793
2026-01-25 01:21:00+00:00,1.51,533.1,228044
2026-01-25 01:22:00+00:00,1.41,533.8,223417
2026-01-25 01:23:00+00:00,1.43,535.3,244512
2026-01-25 01:24:00+00:00,1.26,541.3,267711
2026-01-25 01:25:00+00:00,1.49,534.1,237058
2026-01-25 01:26:00+00:00,1.48,554.8,183382
2026-01-25 01:27:00+00:00,1.50,553.2,146637
2026-01-25 01:28:00+00:00,1.19,543.4,239596
2026-01-25 01:29:00+00:00,1.56,570.7,175072
2026-01-25 01:30:00+00:00,1.86,582.5,154924
2026-01-25 01:31:00+00:00,2.01,577.5,143769
2026-01-25 01:32:00+00:00,1.98,578.1,132378
2026-01-25 01:33:00+00:00,1.94,572.8,131669
2026-01-25 01:34:00+00:00,1.83,568.6,133979
2026-01-25 01:35:00+00:00,1.69,567.3,128674
2026-01-25 01:36:00+00:00,1.79,565.9,136728
2026-01-25 01:37:00+00:00,2.01,576.4,167047
2026-01-25 01:38:00+00:00,2.08,527.5,210736
2026-01-25 01:39:00+00:00,2.02,528.0,211915
2026-01-25 01:40:00+00:00,1.65,530.8,217564
2026-01-25 01:41:00+00:00,2.02,530.2,189378
2026-01-25 01:42:00+00:00,1.94,525.9,206627
2026-01-25 01:43:00+00:00,1.85,527.7,210983
2026-01-25 01:44:00+00:00,1.73,529.4,200642
2026-01-25 01:45:00+00:00,1.93,529.4,187704
2026-01-25 01:46:00+00:00,1.96,528.3,207192
2026-01-25 01:47:00+00:00,2.13,533.9,195249
2026-01-25 01:48:00+00:00,1.91,533.2,198545
2026-01-25 01:49:00+00:00,1.74,531.1,213664
2026-01-25 01:50:00+00:00,1.77,530.7,219794
2026-01-25 01:51:00+00:00,1.91,529.9,208427
2026-01-25 01:52:00+00:00,2.04,529.3,202726
2026-01-25 01:53:00+00:00,1.81,528.7,229829
2026-01-25 01:54:00+00:00,1.59,530.8,235175
2026-01-25 01:55:00+00:00,1.47,530.3,241895
2026-01-25 01:56:00+00:00,1.40,530.3,292960
2026-01-25 01:57:00+00:00,1.49,530.2,241090
2026-01-25 01:58:00+00:00,1.73,531.4,252297
2026-01-25 01:59:00+00:00,1.59,534.0,229205
2026-01-25 02:00:00+00:00,1.26,543.7,266274
2026-01-25 02:01:00+00:00,0.98,517.5,127827
2026-01-25 02:02:00+00:00,1.21,532.3,216555
2026-01-25 02:03:00+00:00,1.24,542.9,253247
2026-01-25 02:04:00+00:00,1.27,541.9,253784
2026-01-25 02:05:00+00:00,1.30,539.8,257678
2026-01-25 02:06:00+00:00,1.49,535.9,249203
2026-01-25 02:07:00+00:00,1.61,534.1,241345
2026-01-25 02:08:00+00:00,1.61,534.8,235188
2026-01-25 02:09:00+00:00,1.77,532.0,223743
2026-01-25 02:10:00+00:00,1.39,537.5,246451
2026-01-25 02:11:00+00:00,1.31,540.1,266051
2026-01-25 02:12:00+00:00,1.32,539.3,264853
2026-01-25 02:13:00+00:00,1.56,527.5,248085
2026-01-25 02:14:00+00:00,1.32,537.7,267690
2026-01-25 02:15:00+00:00,1.43,538.0,240476
2026-01-25 02:16:00+00:00,1.42,538.9,255284
2026-01-25 02:17:00+00:00,1.38,534.8,249582
2026-01-25 02:18:00+00:00,1.14,544.4,278526
2026-01-25 02:19:00+00:00,1.21,545.2,268383
2026-01-25 02:20:00+00:00,1.38,541.3,249378
2026-01-25 02:21:00+00:00,1.37,538.7,253398
2026-01-25 02:22:00+00:00,1.49,535.9,253328
2026-01-25 02:23:00+00:00,1.51,535.9,265047
2026-01-25 02:24:00+00:00,1.31,536.7,278174
2026-01-25 02:25:00+00:00,1.39,532.2,243313
2026-01-25 02:26:00+00:00,1.35,533.8,250010
2026-01-25 02:27:00+00:00,1.36,533.5,242877
2026-01-25 02:28:00+00:00,1.76,534.0,228861
2026-01-25 02:29:00+00:00,1.86,535.0,188637
2026-01-25 02:30:00+00:00,1.47,533.7,254214
2026-01-25 02:31:00+00:00,1.43,533.4,267005
2026-01-25 02:32:00+00:00,1.25,534.4,274378
2026-01-25 02:33:00+00:00,1.33,534.5,271861
2026-01-25 02:34:00+00:00,1.33,534.3,277343
2026-01-25 02:35:00+00:00,1.30,535.4,289434
2026-01-25 02:36:00+00:00,1.40,530.2,281472
2026-01-25 02:37:00+00:00,1.87,524.6,237588
2026-01-25 02:38:00+00:00,2.12,525.6,210346
2026-01-25 02:39:00+00:00,2.02,527.9,213339
2026-01-25 02:40:00+00:00,1.97,526.3,220173
2026-01-25 02:41:00+00:00,1.83,526.4,233060
2026-01-25 02:42:00+00:00,1.91,530.2,226536
2026-01-25 02:43:00+00:00,1.87,527.7,248231
2026-01-25 02:44:00+00:00,1.32,528.5,276898
2026-01-25 02:45:00+00:00,1.32,528.5,276898
2026-01-25 02:46:00+00:00,1.08,547.2,241063
2026-01-25 02:47:00+00:00,1.19,538.0,278302
2026-01-25 02:48:00+00:00,1.32,534.6,290105
2026-01-25 02:49:00+00:00,1.42,539.7,280320
2026-01-25 02:50:00+00:00,1.21,547.2,259489
2026-01-25 02:51:00+00:00,1.06,548.8,257278
2026-01-25 02:52:00+00:00,1.12,542.2,257305
2026-01-25 02:53:00+00:00,1.09,549.3,251080
2026-01-25 02:54:00+00:00,1.06,557.5,225525
2026-01-25 02:55:00+00:00,1.09,556.7,189788
2026-01-25 02:56:00+00:00,0.99,558.1,181682
2026-01-25 02:57:00+00:00,1.19,563.0,188293
2026-01-25 02:58:00+00:00,2.36,574.3,150097
2026-01-25 02:59:00+00:00,3.22,556.9,118712
2026-01-25 03:00:00+00:00,3.13,565.0,111847
2026-01-25 03:01:00+00:00,3.13,566.7,131424
2026-01-25 03:02:00+00:00,3.05,568.0,126266
2026-01-25 03:03:00+00:00,2.84,578.1,210382
2026-01-25 03:04:00+00:00,2.15,587.1,234178
2026-01-25 03:05:00+00:00,1.86,550.0,232895
2026-01-25 03:06:00+00:00,1.35,555.1,222875
2026-01-25 03:07:00+00:00,1.36,562.7,204285
2026-01-25 03:08:00+00:00,1.86,556.0,179841
2026-01-25 03:09:00+00:00,2.27,549.5,161779
2026-01-25 03:10:00+00:00,2.45,552.5,146088
2026-01-25 03:11:00+00:00,2.64,558.6,132836
2026-01-25 03:12:00+00:00,2.79,561.1,130348
2026-01-25 03:13:00+00:00,2.71,565.7,143281
2026-01-25 03:14:00+00:00,2.67,574.1,176099
2026-01-25 03:15:00+00:00,2.67,569.3,174621
2026-01-25 03:16:00+00:00,3.50,573.1,122379
2026-01-25 03:18:00+00:00,3.15,566.0,127652
2026-01-25 03:19:00+00:00,3.00,572.4,159990
2026-01-25 03:20:00+00:00,2.44,571.1,170396
2026-01-25 03:21:00+00:00,2.57,545.6,158248
2026-01-25 03:22:00+00:00,2.36,534.4,165771
2026-01-25 03:23:00+00:00,2.12,534.1,169362
2026-01-25 03:24:00+00:00,1.76,535.2,186270
2026-01-25 03:25:00+00:00,1.91,535.5,188312
2026-01-25 03:26:00+00:00,2.36,540.6,162047
2026-01-25 03:27:00+00:00,2.34,545.0,150353
2026-01-25 03:28:00+00:00,1.97,544.4,158009
2026-01-25 03:29:00+00:00,1.88,547.4,146906
2026-01-25 03:30:00+00:00,2.33,550.2,144536
2026-01-25 03:31:00+00:00,2.76,557.0,128184
2026-01-25 03:32:00+00:00,2.15,551.6,118707
2026-01-25 03:33:00+00:00,2.64,554.9,116405
2026-01-25 03:34:00+00:00,2.33,556.9,112185
2026-01-25 03:35:00+00:00,2.31,553.7,116397
2026-01-25 03:36:00+00:00,2.23,556.1,115460
2026-01-25 03:37:00+00:00,2.00,551.9,126839
2026-01-25 03:38:00+00:00,2.17,554.8,127371
2026-01-25 03:39:00+00:00,2.26,555.8,132273
2026-01-25 03:40:00+00:00,2.42,552.7,128680
2026-01-25 03:41:00+00:00,2.28,551.2,129692
2026-01-25 03:42:00+00:00,2.24,552.0,131351
2026-01-25 03:43:00+00:00,2.28,550.6,131169
2026-01-25 03:44:00+00:00,2.04,548.3,133186
2026-01-25 03:45:00+00:00,2.04,550.1,129789
2026-01-25 03:46:00+00:00,2.04,550.5,137070
2026-01-25 03:47:00+00:00,1.98,545.9,142627
2026-01-25 03:48:00+00:00,1.75,549.4,153608
2026-01-25 03:49:00+00:00,1.88,547.2,133530
2026-01-25 03:51:00+00:00,2.12,544.9,120869
2026-01-25 03:52:00+00:00,1.69,545.9,130824
2026-01-25 03:53:00+00:00,1.64,546.6,140145
2026-01-25 03:54:00+00:00,1.59,546.2,152683
2026-01-25 03:55:00+00:00,1.42,548.8,147818
2026-01-25 03:56:00+00:00,1.27,552.7,143568
2026-01-25 03:57:00+00:00,1.30,554.4,147080
2026-01-25 03:58:00+00:00,1.18,555.3,152556
2026-01-25 04:00:00+00:00,0.70,562.0,194535
2026-01-25 04:01:00+00:00,0.71,562.6,194645
2026-01-25 04:02:00+00:00,0.61,553.6,161888
2026-01-25 04:03:00+00:00,0.19,519.3,63921
2026-01-25 04:04:00+00:00,0.48,566.0,279607
2026-01-25 04:05:00+00:00,1.22,554.7,180393
2026-01-25 04:06:00+00:00,1.70,557.2,141405
2026-01-25 04:07:00+00:00,2.48,555.4,129422
2026-01-25 04:08:00+00:00,2.52,558.4,123975
2026-01-25 04:09:00+00:00,2.72,585.7,137456
2026-01-25 04:10:00+00:00,2.32,600.5,161206
2026-01-25 04:11:00+00:00,2.71,586.3,143734
2026-01-25 04:12:00+00:00,2.99,583.1,129939
2026-01-25 04:13:00+00:00,3.07,602.3,150243
2026-01-25 04:14:00+00:00,3.16,605.3,148150
2026-01-25 04:15:00+00:00,3.21,593.9,127975
2026-01-25 04:16:00+00:00,3.17,593.1,128651
2026-01-25 04:17:00+00:00,2.99,587.9,116555
2026-01-25 04:18:00+00:00,2.93,586.7,110684
2026-01-25 04:19:00+00:00,2.92,587.5,120328
2026-01-25 04:20:00+00:00,2.55,581.9,112838
2026-01-25 04:21:00+00:00,3.06,577.7,113651
2026-01-25 04:22:00+00:00,2.81,577.8,117467
2026-01-25 04:23:00+00:00,2.81,577.8,117467
2026-01-25 04:24:00+00:00,2.87,574.8,101454
2026-01-25 04:25:00+00:00,2.98,575.2,124045
2026-01-25 04:26:00+00:00,3.18,582.2,132253
2026-01-25 04:27:00+00:00,2.98,582.1,120859
2026-01-25 04:28:00+00:00,3.01,583.2,117761
2026-01-25 04:29:00+00:00,3.06,584.3,116882
2026-01-25 04:30:00+00:00,2.95,584.7,111211
2026-01-25 04:31:00+00:00,2.74,586.6,110620
2026-01-25 04:32:00+00:00,2.73,587.2,114316
2026-01-25 04:33:00+00:00,3.06,583.5,114646
2026-01-25 04:34:00+00:00,3.04,579.0,121803
2026-01-25 04:35:00+00:00,3.05,585.9,129099
2026-01-25 04:36:00+00:00,2.95,586.1,121152
2026-01-25 04:37:00+00:00,2.73,573.2,111636
2026-01-25 04:38:00+00:00,2.61,574.8,120095
2026-01-25 04:39:00+00:00,2.62,564.2,124228
2026-01-25 04:40:00+00:00,3.67,585.4,170381
2026-01-25 04:41:00+00:00,3.09,585.2,130814
2026-01-25 04:42:00+00:00,2.99,587.4,130188
2026-01-25 04:43:00+00:00,2.65,581.9,133848
2026-01-25 04:44:00+00:00,2.64,578.9,122573
2026-01-25 04:45:00+00:00,2.51,576.6,127153
2026-01-25 04:46:00+00:00,2.13,573.5,143728
2026-01-25 04:47:00+00:00,1.96,575.6,150524
2026-01-25 04:48:00+00:00,2.38,585.4,146541
2026-01-25 04:49:00+00:00,3.09,592.5,136144
2026-01-25 04:50:00+00:00,2.95,586.4,129250
2026-01-25 04:51:00+00:00,3.17,594.6,132374
2026-01-25 04:52:00+00:00,2.94,583.9,122612
2026-01-25 04:53:00+00:00,3.05,592.4,129949
2026-01-25 04:54:00+00:00,2.77,594.5,104799
2026-01-25 04:55:00+00:00,2.87,596.6,116485
2026-01-25 04:56:00+00:00,2.87,596.7,117319
2026-01-25 04:57:00+00:00,2.87,580.9,99243
2026-01-25 04:58:00+00:00,3.00,583.7,112294
2026-01-25 04:59:00+00:00,2.71,579.7,118572
2026-01-25 05:00:00+00:00,2.68,581.1,124213
2026-01-25 05:01:00+00:00,2.85,585.7,118055
2026-01-25 05:02:00+00:00,2.74,582.8,112720
2026-01-25 05:03:00+00:00,2.63,579.8,116154
2026-01-25 05:04:00+00:00,2.79,585.0,121093
2026-01-25 05:05:00+00:00,2.72,584.1,131180
2026-01-25 05:06:00+00:00,2.53,574.1,129438
2026-01-25 05:07:00+00:00,2.67,582.4,116785
2026-01-25 05:08:00+00:00,3.03,584.9,122180
2026-01-25 05:09:00+00:00,3.05,582.6,132049
2026-01-25 05:10:00+00:00,1.65,580.2,172734
2026-01-25 05:11:00+00:00,0.67,586.7,229727
2026-01-25 05:12:00+00:00,0.42,590.8,161679
2026-01-25 05:13:00+00:00,0.20,601.6,153268
2026-01-25 05:14:00+00:00,1.31,580.2,164840
2026-01-25 05:15:00+00:00,1.68,571.5,163515
2026-01-25 05:16:00+00:00,1.37,576.0,190945
2026-01-25 05:17:00+00:00,1.20,576.6,209784
2026-01-25 05:18:00+00:00,1.07,578.8,222480
2026-01-25 05:19:00+00:00,0.95,581.6,232017
2026-01-25 05:20:00+00:00,1.41,577.0,203515
2026-01-25 05:21:00+00:00,2.29,573.8,152786
2026-01-25 05:22:00+00:00,2.50,572.8,118497
2026-01-25 05:23:00+00:00,2.40,574.1,118699
2026-01-25 05:24:00+00:00,2.34,575.3,133119
2026-01-25 05:25:00+00:00,2.63,578.3,122117
2026-01-25 05:26:00+00:00,2.03,573.7,127559
2026-01-25 05:27:00+00:00,2.39,579.8,131229
2026-01-25 05:28:00+00:00,2.62,576.1,110901
2026-01-25 05:29:00+00:00,2.66,575.4,107734
2026-01-25 05:30:00+00:00,2.16,573.8,116131
2026-01-25 05:31:00+00:00,2.55,574.0,111172
2026-01-25 05:32:00+00:00,2.32,574.5,121456
2026-01-25 05:33:00+00:00,1.50,582.4,151152
2026-01-25 05:34:00+00:00,1.11,588.2,160145
2026-01-25 05:35:00+00:00,1.48,584.4,148394
2026-01-25 05:36:00+00:00,1.64,582.8,140171
2026-01-25 05:37:00+00:00,1.48,585.1,131373
2026-01-25 05:38:00+00:00,2.10,578.0,144152
2026-01-25 05:39:00+00:00,1.80,577.8,137631
2026-01-25 05:40:00+00:00,1.88,577.2,131249
2026-01-25 05:41:00+00:00,1.83,579.4,160886
2026-01-25 05:42:00+00:00,1.95,575.1,148684
2026-01-25 05:43:00+00:00,1.76,575.7,147684
2026-01-25 05:44:00+00:00,1.54,582.0,149950
2026-01-25 05:45:00+00:00,1.68,590.1,139991
2026-01-25 05:46:00+00:00,1.30,586.9,148511
2026-01-25 05:47:00+00:00,1.17,592.8,166147
2026-01-25 05:48:00+00:00,0.99,597.5,153230
2026-01-25 05:49:00+00:00,1.79,579.5,124196
2026-01-25 05:50:00+00:00,2.72,562.7,109657
2026-01-25 05:51:00+00:00,2.79,562.0,105950
2026-01-25 05:52:00+00:00,2.66,561.4,100896
2026-01-25 05:53:00+00:00,2.61,560.1,99867
2026-01-25 05:54:00+00:00,2.52,559.1,101700
2026-01-25 05:55:00+00:00,2.42,558.5,107085
2026-01-25 05:56:00+00:00,2.79,561.8,104664
2026-01-25 05:57:00+00:00,2.57,557.1,110605
2026-01-25 05:58:00+00:00,2.52,558.1,123163
2026-01-25 05:59:00+00:00,2.06,556.6,127309
2026-01-25 06:00:00+00:00,2.11,557.7,132868
2026-01-25 06:01:00+00:00,2.39,560.2,119182
2026-01-25 06:02:00+00:00,2.46,560.8,115559
2026-01-25 06:03:00+00:00,2.33,559.5,120853
2026-01-25 06:04:00+00:00,2.17,559.2,134646
2026-01-25 06:05:00+00:00,1.96,557.6,144644
2026-01-25 06:06:00+00:00,2.04,558.9,119025
2026-01-25 06:07:00+00:00,1.88,565.0,139498
2026-01-25 06:08:00+00:00,1.61,565.6,180331
2026-01-25 06:09:00+00:00,2.27,557.1,106676
2026-01-25 06:10:00+00:00,2.61,558.2,97737
2026-01-25 06:11:00+00:00,2.39,557.9,100888
2026-01-25 06:12:00+00:00,2.75,558.9,95132
2026-01-25 06:13:00+00:00,2.39,559.1,132477
2026-01-25 06:14:00+00:00,3.11,563.9,108307
2026-01-25 06:15:00+00:00,2.55,561.2,115673
2026-01-25 06:16:00+00:00,3.13,570.6,124281
2026-01-25 06:17:00+00:00,2.22,568.1,150017
2026-01-25 06:18:00+00:00,1.84,565.9,156992
2026-01-25 06:19:00+00:00,1.85,565.8,170603
2026-01-25 06:20:00+00:00,1.98,564.6,165279
2026-01-25 06:21:00+00:00,2.08,567.0,162130
2026-01-25 06:22:00+00:00,1.99,567.2,164460
2026-01-25 06:23:00+00:00,1.79,567.2,171112
2026-01-25 06:24:00+00:00,1.71,570.5,180249
2026-01-25 06:25:00+00:00,1.73,568.9,173182
2026-01-25 06:26:00+00:00,1.67,571.4,171540
2026-01-25 06:27:00+00:00,1.76,571.2,159128
2026-01-25 06:28:00+00:00,1.00,585.0,198828
2026-01-25 06:29:00+00:00,2.08,568.3,156699
2026-01-25 06:30:00+00:00,1.82,563.5,163358
2026-01-25 06:31:00+00:00,1.89,556.8,178645
2026-01-25 06:32:00+00:00,1.66,567.9,176031
2026-01-25 06:33:00+00:00,1.25,567.0,189423
2026-01-25 06:34:00+00:00,1.53,564.4,175179
2026-01-25 06:35:00+00:00,1.66,563.7,168730
2026-01-25 06:36:00+00:00,1.25,569.1,186793
2026-01-25 06:37:00+00:00,1.58,568.1,168385
2026-01-25 06:38:00+00:00,1.61,567.4,159652
2026-01-25 06:39:00+00:00,1.57,566.7,171222
2026-01-25 06:40:00+00:00,1.95,565.6,163990
2026-01-25 06:41:00+00:00,1.94,566.8,146249
2026-01-25 06:42:00+00:00,1.85,568.4,158695
2026-01-25 06:43:00+00:00,1.61,569.1,144545
2026-01-25 06:44:00+00:00,1.30,574.8,168478
2026-01-25 06:45:00+00:00,1.27,572.3,165128
2026-01-25 06:46:00+00:00,1.24,570.5,164844
2026-01-25 06:47:00+00:00,1.40,573.2,167984
2026-01-25 06:48:00+00:00,1.05,575.1,178355
2026-01-25 06:49:00+00:00,0.84,584.1,169811
2026-01-25 06:50:00+00:00,0.83,577.4,202020
2026-01-25 06:51:00+00:00,1.09,574.4,210270
2026-01-25 06:52:00+00:00,1.07,577.9,196271
2026-01-25 06:53:00+00:00,1.02,576.5,212048
2026-01-25 06:54:00+00:00,1.07,571.9,222602
2026-01-25 06:55:00+00:00,0.99,575.5,228327
2026-01-25 06:56:00+00:00,0.93,580.8,241824
2026-01-25 06:57:00+00:00,1.14,574.3,210166
2026-01-25 06:58:00+00:00,1.30,572.3,189684
2026-01-25 06:59:00+00:00,1.10,578.2,181512
2026-01-25 07:00:00+00:00,1.07,574.6,181038
2026-01-25 07:01:00+00:00,1.11,574.6,181263
2026-01-25 07:02:00+00:00,1.93,573.3,140795
2026-01-25 07:03:00+00:00,1.27,578.8,166424
2026-01-25 07:04:00+00:00,1.04,585.7,142524
2026-01-25 07:05:00+00:00,1.24,597.4,111971
2026-01-25 07:06:00+00:00,1.01,598.4,122151
2026-01-25 07:07:00+00:00,0.97,595.2,119213
2026-01-25 07:08:00+00:00,1.00,593.9,114684
2026-01-25 07:09:00+00:00,0.95,596.6,123787
2026-01-25 07:10:00+00:00,0.94,595.8,118371
2026-01-25 07:11:00+00:00,1.17,595.5,106183
2026-01-25 07:12:00+00:00,1.56,593.9,93707
2026-01-25 07:13:00+00:00,1.49,589.2,90622
2026-01-25 07:14:00+00:00,1.27,590.0,101273
2026-01-25 08:09:00+00:00,1.68,571.4,180608
2026-01-25 08:10:00+00:00,1.73,569.8,172554
2026-01-25 08:11:00+00:00,1.90,578.5,197479
2026-01-25 08:12:00+00:00,2.19,576.2,158692
2026-01-25 08:13:00+00:00,2.27,570.1,128417
2026-01-25 08:14:00+00:00,2.22,568.7,132675
2026-01-25 08:15:00+00:00,2.35,568.9,114315
2026-01-25 08:16:00+00:00,2.20,564.0,107831
2026-01-25 08:17:00+00:00,2.11,557.0,103547
2026-01-25 08:18:00+00:00,2.54,557.6,118154
2026-01-25 08:19:00+00:00,2.04,538.6,95850
2026-01-25 08:20:00+00:00,2.92,595.5,186611
2026-01-25 08:21:00+00:00,2.26,582.4,109511
2026-01-25 08:22:00+00:00,2.82,576.9,119044
2026-01-25 08:23:00+00:00,2.94,579.7,134920
2026-01-25 08:24:00+00:00,1.42,563.2,157953
2026-01-25 08:25:00+00:00,0.88,548.7,126526
2026-01-25 08:26:00+00:00,1.35,564.8,194828
2026-01-25 08:27:00+00:00,1.77,577.8,262470
2026-01-25 08:28:00+00:00,1.53,581.0,273438
2026-01-25 08:29:00+00:00,1.17,581.5,234597
2026-01-25 08:30:00+00:00,1.07,583.1,206462
2026-01-25 08:31:00+00:00,1.21,591.4,274697
2026-01-25 08:32:00+00:00,1.49,594.4,336210
2026-01-25 08:33:00+00:00,1.62,584.7,224257
2026-01-25 08:34:00+00:00,1.55,596.6,134435
2026-01-25 08:35:00+00:00,1.48,589.9,130912
2026-01-25 08:36:00+00:00,1.21,583.5,115085
2026-01-25 08:37:00+00:00,1.67,604.1,184927
2026-01-25 08:38:00+00:00,1.18,574.6,188527
2026-01-25 08:39:00+00:00,1.45,594.3,311254
2026-01-25 08:40:00+00:00,1.05,575.5,170253
2026-01-25 08:41:00+00:00,1.06,585.1,144447
2026-01-25 08:42:00+00:00,1.34,575.3,164197
2026-01-25 08:43:00+00:00,1.53,590.2,228316
2026-01-25 08:44:00+00:00,1.07,582.7,168859
2026-01-25 08:45:00+00:00,0.88,588.5,165324
2026-01-25 08:46:00+00:00,0.89,576.4,155927
2026-01-25 08:47:00+00:00,0.77,545.2,90190
2026-01-25 08:48:00+00:00,1.19,605.1,414815
2026-01-25 08:49:00+00:00,1.11,599.4,357556
2026-01-25 08:50:00+00:00,0.93,589.1,221547
2026-01-25 08:51:00+00:00,1.03,606.5,288523
2026-01-25 08:52:00+00:00,0.84,582.2,167286
2026-01-25 08:53:00+00:00,0.92,577.6,183774
2026-01-25 08:54:00+00:00,1.22,571.6,214613
2026-01-25 08:55:00+00:00,1.47,593.1,324657
2026-01-25 08:56:00+00:00,1.19,573.2,228322
2026-01-25 08:57:00+00:00,1.24,566.6,210837
2026-01-25 08:58:00+00:00,1.68,561.6,194747
2026-01-25 08:59:00+00:00,1.95,571.1,212028
2026-01-25 09:00:00+00:00,2.00,574.6,222259
2026-01-25 09:01:00+00:00,1.92,568.5,198281
2026-01-25 09:02:00+00:00,1.78,556.9,149440
2026-01-25 09:03:00+00:00,1.67,553.6,131961
2026-01-25 09:04:00+00:00,1.21,546.3,110111
2026-01-25 09:05:00+00:00,0.52,532.9,60525
2026-01-25 09:06:00+00:00,0.91,568.5,140731
2026-01-25 09:07:00+00:00,0.63,529.0,35964
2026-01-25 09:08:00+00:00,1.40,559.3,114952
2026-01-25 09:09:00+00:00,2.69,605.6,175265
2026-01-25 09:10:00+00:00,2.94,586.8,137288
2026-01-25 09:11:00+00:00,3.14,618.0,204818
2026-01-25 09:12:00+00:00,2.96,597.0,162589
2026-01-25 09:13:00+00:00,2.05,580.2,118485
2026-01-25 09:14:00+00:00,1.16,588.9,151219
2026-01-25 09:15:00+00:00,1.34,585.4,296000
2026-01-25 09:16:00+00:00,1.82,563.3,197891
2026-01-25 09:17:00+00:00,2.30,560.1,124069
2026-01-25 09:18:00+00:00,2.55,568.4,139057
2026-01-25 09:19:00+00:00,2.28,566.2,103886
2026-01-25 09:20:00+00:00,1.86,562.3,77573
2026-01-25 09:21:00+00:00,2.57,578.7,129815
2026-01-25 09:22:00+00:00,2.61,582.2,138547
2026-01-25 09:23:00+00:00,2.59,592.3,159894
2026-01-25 09:24:00+00:00,1.47,569.1,85166
2026-01-25 09:25:00+00:00,2.13,607.6,275110
2026-01-25 09:26:00+00:00,1.50,581.4,126661
2026-01-25 09:27:00+00:00,1.64,595.8,188481
2026-01-25 09:28:00+00:00,1.63,575.9,123490
2026-01-25 09:29:00+00:00,1.54,572.6,120786
2026-01-25 09:30:00+00:00,1.25,572.7,130752
2026-01-25 09:31:00+00:00,1.00,566.6,105057
2026-01-25 09:32:00+00:00,1.09,561.5,137091
2026-01-25 09:33:00+00:00,1.22,550.6,135339
2026-01-25 09:34:00+00:00,1.62,549.4,121385
2026-01-25 09:35:00+00:00,2.02,561.9,137821
2026-01-25 09:36:00+00:00,1.73,568.5,150011
2026-01-25 09:37:00+00:00,1.19,558.4,157608
2026-01-25 09:38:00+00:00,1.17,540.1,127561
2026-01-25 09:39:00+00:00,2.32,585.3,196919
2026-01-25 09:40:00+00:00,2.55,590.2,175394
2026-01-25 09:41:00+00:00,2.40,576.3,194300
2026-01-25 09:42:00+00:00,1.80,565.6,130202
2026-01-25 09:43:00+00:00,1.94,594.3,169133
2026-01-25 09:44:00+00:00,2.68,610.8,181671
2026-01-25 09:45:00+00:00,1.24,553.7,139740
2026-01-25 09:46:00+00:00,0.80,575.6,152753
2026-01-25 09:47:00+00:00,0.75,578.8,119316
2026-01-25 09:48:00+00:00,0.72,588.3,133934
2026-01-25 09:49:00+00:00,0.71,581.6,150600
2026-01-25 09:50:00+00:00,0.90,567.6,191976
2026-01-25 09:51:00+00:00,1.04,565.0,214766
2026-01-25 09:52:00+00:00,0.89,577.2,183286
2026-01-25 09:53:00+00:00,0.83,610.5,215167
2026-01-25 09:54:00+00:00,2.24,644.6,421525
2026-01-25 09:55:00+00:00,2.14,634.5,370901
2026-01-25 09:56:00+00:00,1.53,572.1,50096
2026-01-25 09:57:00+00:00,2.06,623.0,165643
2026-01-25 09:58:00+00:00,1.73,593.8,101585
2026-01-25 09:59:00+00:00,2.02,606.2,156452
2026-01-25 10:00:00+00:00,1.80,602.0,144695
2026-01-25 10:01:00+00:00,1.80,602.0,144695
2026-01-25 10:02:00+00:00,1.62,591.0,96167
2026-01-25 10:03:00+00:00,1.81,601.3,126365
2026-01-25 10:04:00+00:00,2.02,608.3,158881
2026-01-25 10:05:00+00:00,2.05,607.1,152172
2026-01-25 10:06:00+00:00,2.21,616.8,208712
2026-01-25 10:07:00+00:00,2.01,606.8,207367
2026-01-25 10:08:00+00:00,1.60,581.7,130536
2026-01-25 10:09:00+00:00,1.92,601.7,191265
2026-01-25 10:10:00+00:00,1.81,603.5,120070
2026-01-25 10:11:00+00:00,2.01,601.6,242376
2026-01-25 10:12:00+00:00,1.05,553.8,140215
2026-01-25 10:13:00+00:00,1.49,559.6,159754
2026-01-25 10:14:00+00:00,1.57,561.8,181872
2026-01-25 10:15:00+00:00,1.46,558.4,170030
2026-01-25 10:16:00+00:00,1.81,562.0,187515
2026-01-25 10:17:00+00:00,1.71,559.9,177760
2026-01-25 10:18:00+00:00,2.07,572.9,242433
2026-01-25 10:19:00+00:00,1.70,562.6,201579
2026-01-25 10:20:00+00:00,1.56,560.6,185475
2026-01-25 10:21:00+00:00,1.37,565.7,222887
2026-01-25 10:22:00+00:00,1.28,575.6,307593
2026-01-25 10:23:00+00:00,1.41,573.9,306796
2026-01-25 10:24:00+00:00,1.54,560.2,215368
2026-01-25 10:25:00+00:00,1.82,565.6,237013
2026-01-25 10:26:00+00:00,1.46,560.2,211212
2026-01-25 10:27:00+00:00,1.83,570.5,260311
2026-01-25 10:28:00+00:00,1.77,569.6,255952
2026-01-25 10:29:00+00:00,0.93,556.9,194933
2026-01-25 10:30:00+00:00,1.55,560.3,217111
2026-01-25 10:31:00+00:00,1.35,560.0,200942
2026-01-25 10:32:00+00:00,1.33,558.1,201218
2026-01-25 10:33:00+00:00,1.19,543.9,171880
2026-01-25 10:34:00+00:00,1.40,553.6,196523
2026-01-25 10:35:00+00:00,1.81,562.4,251356
2026-01-25 10:36:00+00:00,1.71,554.6,211421
2026-01-25 10:37:00+00:00,1.64,549.2,184256
2026-01-25 10:38:00+00:00,2.03,558.3,239854
2026-01-25 10:39:00+00:00,2.28,560.6,221582
2026-01-25 10:40:00+00:00,2.30,551.9,115590
2026-01-25 10:41:00+00:00,2.69,561.1,112625
2026-01-25 10:42:00+00:00,3.08,580.2,133951
2026-01-25 10:43:00+00:00,3.35,591.3,160598
2026-01-25 10:44:00+00:00,2.99,579.2,140700
2026-01-25 10:45:00+00:00,1.30,532.8,53241
2026-01-25 10:46:00+00:00,1.65,555.1,194345
2026-01-25 10:47:00+00:00,1.33,558.4,175387
2026-01-25 10:48:00+00:00,1.58,566.3,293335
2026-01-25 10:49:00+00:00,1.01,530.5,138790
2026-01-25 10:50:00+00:00,1.77,564.4,239446
2026-01-25 10:51:00+00:00,2.00,562.6,220084
2026-01-25 10:52:00+00:00,2.28,555.8,160069
2026-01-25 10:53:00+00:00,2.32,554.5,147424
2026-01-25 10:54:00+00:00,1.89,548.5,136803
2026-01-25 10:55:00+00:00,1.61,546.0,135325
2026-01-25 10:56:00+00:00,1.64,542.7,136535
2026-01-25 10:57:00+00:00,1.76,538.0,102864
2026-01-25 10:58:00+00:00,2.29,560.4,123440
2026-01-25 10:59:00+00:00,2.34,576.3,136445
2026-01-25 11:00:00+00:00,2.26,536.2,75879
2026-01-25 11:01:00+00:00,2.26,536.2,75879
2026-01-25 11:02:00+00:00,2.59,542.2,120596
2026-01-25 11:03:00+00:00,3.24,552.9,144866
2026-01-25 11:04:00+00:00,3.09,551.1,148081
2026-01-25 11:05:00+00:00,1.22,527.2,110771
2026-01-25 11:06:00+00:00,2.29,545.5,149696
2026-01-25 11:07:00+00:00,2.56,554.9,147802
2026-01-25 11:08:00+00:00,1.98,543.1,123437
2026-01-25 11:09:00+00:00,1.80,542.7,140978
2026-01-25 11:10:00+00:00,1.88,552.3,169573
2026-01-25 11:11:00+00:00,1.54,551.4,168591
2026-01-25 11:12:00+00:00,1.15,542.3,154303
2026-01-25 11:13:00+00:00,1.37,541.0,158573
2026-01-25 11:14:00+00:00,1.21,552.2,186242
2026-01-25 11:15:00+00:00,0.92,555.9,161573
2026-01-25 11:16:00+00:00,1.24,590.5,254706
2026-01-25 11:17:00+00:00,0.73,546.5,107677
2026-01-25 11:18:00+00:00,1.00,560.9,179070
2026-01-25 11:19:00+00:00,0.69,559.1,124711
2026-01-25 11:20:00+00:00,1.37,569.4,149082
2026-01-25 11:21:00+00:00,2.10,568.5,196461
2026-01-25 11:22:00+00:00,1.84,556.2,195480
2026-01-25 11:23:00+00:00,1.63,548.9,186044
2026-01-25 11:24:00+00:00,1.36,544.2,173602
2026-01-25 11:25:00+00:00,1.35,548.4,201304
2026-01-25 11:26:00+00:00,1.33,550.4,211873
2026-01-25 11:27:00+00:00,1.49,552.6,219974
2026-01-25 11:28:00+00:00,1.60,552.7,222751
2026-01-25 11:29:00+00:00,1.03,536.0,153714
2026-01-25 11:30:00+00:00,1.54,541.3,195091
2026-01-25 11:31:00+00:00,1.44,541.6,187970
2026-01-25 11:32:00+00:00,1.66,546.9,231497
2026-01-25 11:34:00+00:00,1.59,546.6,238158
2026-01-25 11:35:00+00:00,1.17,543.1,199881
2026-01-25 11:36:00+00:00,1.29,543.8,218149
2026-01-25 11:37:00+00:00,1.75,559.1,266135
2026-01-25 11:38:00+00:00,1.96,572.0,170667
2026-01-25 11:39:00+00:00,2.02,589.2,151905
2026-01-25 11:40:00+00:00,1.65,556.2,107490
2026-01-25 11:41:00+00:00,1.53,551.6,86830
2026-01-25 11:42:00+00:00,1.72,577.9,118482
2026-01-25 11:43:00+00:00,1.69,579.1,143077
2026-01-25 11:44:00+00:00,1.29,554.1,118998
2026-01-25 11:45:00+00:00,0.98,534.9,71594
2026-01-25 11:46:00+00:00,1.45,562.5,105477
2026-01-25 11:47:00+00:00,1.39,558.1,100453
2026-01-25 11:48:00+00:00,1.21,562.3,111880
2026-01-25 11:49:00+00:00,1.29,573.7,164510
2026-01-25 11:50:00+00:00,1.71,565.1,118325
2026-01-25 11:51:00+00:00,1.51,552.6,79662
2026-01-25 11:52:00+00:00,1.29,559.0,148435
2026-01-25 11:53:00+00:00,1.64,573.6,186526
2026-01-25 11:54:00+00:00,1.36,568.2,145684
2026-01-25 11:55:00+00:00,1.30,575.0,150206
2026-01-25 11:56:00+00:00,1.02,561.7,125019
2026-01-25 11:57:00+00:00,0.89,563.0,150867
2026-01-25 11:58:00+00:00,0.87,569.5,171728
2026-01-25 11:59:00+00:00,0.81,567.4,169611
2026-01-25 12:00:00+00:00,0.84,565.6,169143
2026-01-25 12:01:00+00:00,0.88,553.5,104332
2026-01-25 12:02:00+00:00,1.26,563.2,124990
2026-01-25 12:03:00+00:00,1.15,568.7,115689
2026-01-25 12:04:00+00:00,0.87,553.2,100955
2026-01-25 12:05:00+00:00,1.07,594.0,248923
2026-01-25 12:07:00+00:00,0.80,565.5,149624
2026-01-25 12:08:00+00:00,0.66,531.7,111432
2026-01-25 12:09:00+00:00,0.29,502.8,35498
2026-01-25 12:10:00+00:00,0.73,550.3,146733
2026-01-25 12:11:00+00:00,1.00,579.0,236409
2026-01-25 12:12:00+00:00,0.96,549.3,154101
2026-01-25 12:13:00+00:00,1.22,560.2,176304
2026-01-25 12:14:00+00:00,1.39,575.3,206403
2026-01-25 12:15:00+00:00,1.26,556.2,145454
2026-01-25 12:16:00+00:00,1.29,562.8,182041
2026-01-25 12:17:00+00:00,1.26,579.8,244610
2026-01-25 12:18:00+00:00,0.95,568.3,173568
2026-01-25 12:19:00+00:00,0.85,568.0,135450
2026-01-25 12:20:00+00:00,0.81,562.0,126822
2026-01-25 12:21:00+00:00,1.32,601.2,203731
2026-01-25 12:22:00+00:00,0.88,567.2,145719
2026-01-25 12:23:00+00:00,0.75,569.5,114195
2026-01-25 12:24:00+00:00,0.71,555.9,97215
2026-01-25 12:25:00+00:00,0.82,579.5,171186
2026-01-25 12:26:00+00:00,0.74,578.2,132416
2026-01-25 12:27:00+00:00,0.72,588.0,137694
2026-01-25 12:28:00+00:00,0.71,586.1,121942
2026-01-25 12:29:00+00:00,0.69,569.4,92169
2026-01-25 12:30:00+00:00,0.73,566.0,107280
2026-01-25 12:31:00+00:00,0.79,575.7,144952
2026-01-25 12:32:00+00:00,0.91,581.5,189792
2026-01-25 12:33:00+00:00,1.11,580.8,221256
2026-01-25 12:34:00+00:00,0.96,565.8,135819
2026-01-25 12:35:00+00:00,0.85,562.4,106143
2026-01-25 12:36:00+00:00,0.61,548.8,105629
2026-01-25 12:37:00+00:00,0.88,595.7,237875
2026-01-25 12:38:00+00:00,0.82,570.8,115591
2026-01-25 12:39:00+00:00,0.82,570.8,115591
2026-01-25 12:40:00+00:00,1.47,546.9,206863
2026-01-25 12:41:00+00:00,1.21,542.0,184146
2026-01-25 12:42:00+00:00,1.30,538.7,191509
2026-01-25 12:43:00+00:00,1.21,539.4,182764
2026-01-25 12:44:00+00:00,1.38,545.9,221525
2026-01-25 12:45:00+00:00,1.56,547.2,230654
2026-01-25 12:46:00+00:00,1.40,542.8,199394
2026-01-25 12:47:00+00:00,1.09,532.7,167396
2026-01-25 12:48:00+00:00,1.14,535.4,186455
2026-01-25 12:49:00+00:00,1.56,557.1,250041
2026-01-25 12:50:00+00:00,1.44,542.7,186489
2026-01-25 12:51:00+00:00,1.44,548.1,211441
2026-01-25 12:52:00+00:00,0.72,517.1,107057
2026-01-25 12:53:00+00:00,2.10,557.0,238159
2026-01-25 12:54:00+00:00,1.40,535.2,170372
2026-01-25 12:55:00+00:00,1.54,537.0,185684
2026-01-25 12:56:00+00:00,0.95,516.0,132763
2026-01-25 12:57:00+00:00,1.53,531.8,181169
2026-01-25 12:58:00+00:00,1.61,528.1,171715
2026-01-25 12:59:00+00:00,1.37,518.6,142453
2026-01-25 13:00:00+00:00,1.96,530.7,195818
2026-01-25 13:01:00+00:00,1.81,527.3,179243
2026-01-25 13:02:00+00:00,1.43,520.1,149162
2026-01-25 13:03:00+00:00,1.54,520.1,161053
2026-01-25 13:04:00+00:00,1.66,520.4,165069
2026-01-25 13:05:00+00:00,2.03,533.6,195846
2026-01-25 13:06:00+00:00,1.93,523.7,155528
2026-01-25 13:07:00+00:00,1.94,523.3,155263
2026-01-25 13:08:00+00:00,1.37,503.4,96061
2026-01-25 13:09:00+00:00,2.16,535.6,197631
2026-01-25 13:10:00+00:00,1.81,519.0,126630
2026-01-25 13:11:00+00:00,1.83,525.2,134635
2026-01-25 13:12:00+00:00,1.83,525.6,135207
2026-01-25 13:13:00+00:00,1.85,529.7,164415
2026-01-25 13:14:00+00:00,1.60,527.1,165854
2026-01-25 13:15:00+00:00,1.16,508.6,133480
2026-01-25 13:16:00+00:00,1.56,527.2,218113
2026-01-25 13:17:00+00:00,1.95,538.7,239574
2026-01-25 13:18:00+00:00,1.67,531.6,202308
2026-01-25 13:19:00+00:00,1.16,524.9,187509
2026-01-25 13:20:00+00:00,1.20,526.5,197116
2026-01-25 13:21:00+00:00,1.67,540.9,253116
2026-01-25 13:22:00+00:00,1.29,527.8,207822
2026-01-25 13:23:00+00:00,1.35,527.4,214356
2026-01-25 13:24:00+00:00,0.92,524.0,178915
2026-01-25 13:25:00+00:00,1.46,533.7,237623
2026-01-25 13:26:00+00:00,1.23,528.3,202679
2026-01-25 13:27:00+00:00,0.93,512.1,149965
2026-01-25 13:28:00+00:00,1.60,536.1,237988
2026-01-25 13:29:00+00:00,1.45,534.5,232280
2026-01-25 13:30:00+00:00,1.39,533.1,227322
2026-01-25 13:31:00+00:00,1.11,486.4,131159
2026-01-25 13:32:00+00:00,1.02,504.3,164126
2026-01-25 13:33:00+00:00,1.38,539.3,279513
2026-01-25 13:34:00+00:00,1.75,559.5,361246
2026-01-25 13:35:00+00:00,1.05,502.0,129009
2026-01-25 13:36:00+00:00,0.98,506.2,135489
2026-01-25 13:37:00+00:00,1.08,524.1,198908
2026-01-25 13:38:00+00:00,1.65,544.0,301562
2026-01-25 13:39:00+00:00,1.16,521.6,158263
2026-01-25 13:40:00+00:00,1.14,522.3,163422
2026-01-25 13:41:00+00:00,1.27,522.8,131850
2026-01-25 13:42:00+00:00,1.19,527.6,190112
2026-01-25 13:43:00+00:00,0.97,511.9,158640
2026-01-25 13:44:00+00:00,1.24,533.2,298089
2026-01-25 13:45:00+00:00,1.28,536.6,319888
2026-01-25 13:47:00+00:00,0.54,512.8,74466
2026-01-25 13:48:00+00:00,0.94,542.1,202578
2026-01-25 13:49:00+00:00,1.21,563.3,299817
2026-01-25 13:50:00+00:00,0.88,541.3,255696
2026-01-25 13:51:00+00:00,0.81,526.9,198145
2026-01-25 13:52:00+00:00,1.16,541.2,205739
2026-01-25 13:53:00+00:00,0.93,528.6,191625
2026-01-25 13:54:00+00:00,0.85,520.1,160165
2026-01-25 13:55:00+00:00,0.92,530.9,208299
2026-01-25 13:56:00+00:00,1.00,542.4,257155
2026-01-25 13:57:00+00:00,0.96,551.0,319487
2026-01-25 13:58:00+00:00,0.92,529.1,198469
2026-01-25 13:59:00+00:00,0.60,513.7,117727
2026-01-25 14:00:00+00:00,0.53,485.2,43180
2026-01-25 14:01:00+00:00,1.05,511.9,192472
2026-01-25 14:02:00+00:00,1.18,519.8,211348
2026-01-25 14:03:00+00:00,1.11,503.2,171751
2026-01-25 14:04:00+00:00,1.25,522.9,252127
2026-01-25 14:05:00+00:00,1.28,529.7,240692
2026-01-25 14:06:00+00:00,1.18,521.6,186291
2026-01-25 14:07:00+00:00,1.24,528.5,219651
2026-01-25 14:08:00+00:00,1.22,533.0,224226
2026-01-25 14:09:00+00:00,1.00,530.1,176344
2026-01-25 14:10:00+00:00,1.01,529.4,174789
2026-01-25 14:11:00+00:00,0.90,522.4,158904
2026-01-25 14:12:00+00:00,1.12,553.6,284410
2026-01-25 14:13:00+00:00,1.20,553.5,333395
2026-01-25 14:14:00+00:00,1.15,525.2,194175
2026-01-25 14:15:00+00:00,0.94,506.4,134070
2026-01-25 14:16:00+00:00,1.11,529.2,208589
2026-01-25 14:17:00+00:00,1.20,546.6,282065
2026-01-25 14:18:00+00:00,1.21,550.1,297403
2026-01-25 14:20:00+00:00,0.62,516.4,126740
2026-01-25 14:21:00+00:00,0.76,515.6,125346
2026-01-25 14:22:00+00:00,0.99,518.2,135325
2026-01-25 14:23:00+00:00,1.35,527.4,161136
2026-01-25 14:24:00+00:00,1.74,532.5,180037
2026-01-25 14:25:00+00:00,1.80,523.1,164087
2026-01-25 14:26:00+00:00,1.61,508.6,112126
2026-01-25 14:27:00+00:00,1.47,494.4,89037
2026-01-25 14:28:00+00:00,2.13,533.0,229074
2026-01-25 14:29:00+00:00,2.51,513.4,103150
2026-01-25 14:30:00+00:00,2.61,517.2,97872
2026-01-25 14:31:00+00:00,2.53,519.8,90675
2026-01-25 14:32:00+00:00,2.49,515.9,111685
2026-01-25 14:33:00+00:00,2.32,517.2,107120
2026-01-25 14:34:00+00:00,2.30,512.6,95327
2026-01-25 14:35:00+00:00,2.39,511.0,97327
2026-01-25 14:36:00+00:00,2.46,510.5,104173
2026-01-25 14:37:00+00:00,2.29,510.0,106026
2026-01-25 14:38:00+00:00,2.09,512.4,115694
2026-01-25 14:39:00+00:00,2.11,514.6,120881
2026-01-25 14:40:00+00:00,2.32,511.8,110128
2026-01-25 14:41:00+00:00,2.49,510.0,105796
2026-01-25 14:42:00+00:00,2.39,513.0,100188
2026-01-25 14:43:00+00:00,2.53,508.4,112529
2026-01-25 14:44:00+00:00,2.23,506.8,124258
2026-01-25 14:45:00+00:00,2.40,507.5,101357
2026-01-25 14:46:00+00:00,2.47,508.3,103604
2026-01-25 14:47:00+00:00,2.60,506.5,102800
2026-01-25 14:48:00+00:00,2.47,507.2,103388
2026-01-25 14:49:00+00:00,2.41,509.1,99936
2026-01-25 14:50:00+00:00,2.44,506.0,103158
2026-01-25 14:51:00+00:00,2.45,504.7,104652
2026-01-25 14:52:00+00:00,2.74,506.4,95188
2026-01-25 14:53:00+00:00,2.70,516.8,93070
2026-01-25 14:54:00+00:00,2.54,524.9,85920
2026-01-25 14:55:00+00:00,2.52,528.6,102831
2026-01-25 14:56:00+00:00,2.81,532.8,128162
2026-01-25 14:57:00+00:00,3.16,525.8,113569
2026-01-25 14:58:00+00:00,3.37,521.8,117533
2026-01-25 14:59:00+00:00,2.48,517.2,90243
2026-01-25 15:00:00+00:00,2.00,517.4,70009
2026-01-25 15:01:00+00:00,2.59,514.2,74730
2026-01-25 15:02:00+00:00,1.83,499.3,42706
2026-01-25 15:03:00+00:00,2.96,531.2,107794
2026-01-25 15:04:00+00:00,3.53,526.7,119424
2026-01-25 15:05:00+00:00,2.50,513.3,77480
2026-01-25 15:06:00+00:00,1.36,484.5,37186
2026-01-25 15:07:00+00:00,2.33,504.4,87414
2026-01-25 15:08:00+00:00,3.00,513.9,96119
2026-01-25 15:09:00+00:00,2.73,513.7,81716
2026-01-25 15:10:00+00:00,2.43,517.6,75734
2026-01-25 15:11:00+00:00,2.64,520.0,83098
2026-01-25 15:12:00+00:00,2.82,522.5,95610
2026-01-25 15:13:00+00:00,2.45,520.9,77954
2026-01-25 15:14:00+00:00,2.73,512.6,78204
2026-01-25 15:15:00+00:00,2.59,516.5,77098
2026-01-25 15:16:00+00:00,3.20,503.7,83140
2026-01-25 15:17:00+00:00,2.51,503.4,85210
2026-01-25 15:18:00+00:00,2.63,518.1,93346
2026-01-25 15:19:00+00:00,2.65,506.8,88722
2026-01-25 15:20:00+00:00,2.58,513.6,79038
2026-01-25 15:21:00+00:00,2.51,509.2,84472
2026-01-25 15:22:00+00:00,2.79,503.8,99920
2026-01-25 15:23:00+00:00,2.71,500.6,113147
2026-01-25 15:24:00+00:00,2.61,499.7,117264
2026-01-25 15:25:00+00:00,2.64,500.9,106214
2026-01-25 15:26:00+00:00,2.49,502.2,115719
2026-01-25 15:27:00+00:00,2.29,505.0,122758
2026-01-25 15:28:00+00:00,2.20,505.5,115936
2026-01-25 15:29:00+00:00,2.05,497.8,99116
2026-01-25 15:30:00+00:00,2.01,487.9,69696
2026-01-25 15:31:00+00:00,2.30,502.5,112481
2026-01-25 15:32:00+00:00,2.01,513.1,106083
2026-01-25 15:33:00+00:00,2.03,516.5,79489
2026-01-25 15:34:00+00:00,1.54,483.0,46673
2026-01-25 15:35:00+00:00,1.77,506.1,72881
2026-01-25 15:36:00+00:00,2.93,514.0,102693
2026-01-25 15:37:00+00:00,3.35,520.8,114951
2026-01-25 15:38:00+00:00,1.98,498.2,59352
2026-01-25 15:39:00+00:00,2.70,514.6,101793
2026-01-25 15:40:00+00:00,3.37,528.4,125313
2026-01-25 15:41:00+00:00,2.42,512.6,86202
2026-01-25 15:42:00+00:00,2.28,513.9,83486
2026-01-25 15:43:00+00:00,3.12,531.6,115667
2026-01-25 15:44:00+00:00,3.18,524.1,114889
2026-01-25 15:45:00+00:00,2.58,503.8,90436
2026-01-25 15:46:00+00:00,1.20,491.6,55052
2026-01-25 15:47:00+00:00,2.73,522.5,108522
2026-01-25 15:48:00+00:00,2.37,511.2,88292
2026-01-25 15:49:00+00:00,2.55,506.7,108442
2026-01-25 15:50:00+00:00,2.41,500.0,89152
2026-01-25 15:51:00+00:00,2.49,511.7,142911
2026-01-25 15:52:00+00:00,2.44,511.7,107732
2026-01-25 15:53:00+00:00,2.41,503.0,93376
2026-01-25 15:54:00+00:00,2.03,500.6,110178
2026-01-25 15:55:00+00:00,1.47,499.3,126869
2026-01-25 15:56:00+00:00,1.29,502.0,155603
2026-01-25 16:00:00+00:00,1.25,510.3,191165
2026-01-25 16:01:00+00:00,1.78,516.7,170949
2026-01-25 16:02:00+00:00,3.06,535.2,107876
2026-01-25 16:03:00+00:00,2.37,534.2,83568
2026-01-25 16:04:00+00:00,2.75,506.4,119574
2026-01-25 16:05:00+00:00,2.69,511.0,113381
2026-01-25 16:06:00+00:00,1.76,506.7,186342
2026-01-25 16:07:00+00:00,1.79,522.3,223299
2026-01-25 16:08:00+00:00,1.65,523.7,187426
2026-01-25 16:09:00+00:00,1.00,527.4,205641
2026-01-25 16:10:00+00:00,0.81,546.1,207666
2026-01-25 16:11:00+00:00,1.01,526.7,224120
2026-01-25 16:12:00+00:00,1.08,514.7,232222
2026-01-25 16:13:00+00:00,1.05,515.3,231653
2026-01-25 16:14:00+00:00,0.91,510.7,192285
2026-01-25 16:15:00+00:00,1.14,511.9,206313
2026-01-25 16:16:00+00:00,1.52,512.4,220535
2026-01-25 16:17:00+00:00,1.41,505.9,185788
2026-01-25 16:18:00+00:00,1.35,499.8,149545
2026-01-25 16:19:00+00:00,2.57,515.7,228701
2026-01-25 16:20:00+00:00,1.45,506.6,176524
2026-01-25 16:21:00+00:00,2.06,504.9,177453
2026-01-25 16:22:00+00:00,1.62,494.9,118476
2026-01-25 16:23:00+00:00,2.54,514.2,156531
2026-01-25 16:24:00+00:00,1.69,502.9,165518
2026-01-25 16:25:00+00:00,1.62,493.6,124127
2026-01-25 16:26:00+00:00,1.93,496.0,115626
2026-01-25 16:27:00+00:00,1.59,498.9,140314
2026-01-25 16:28:00+00:00,1.46,502.0,172053
2026-01-25 16:29:00+00:00,1.84,498.3,130620
2026-01-25 16:30:00+00:00,2.12,493.8,82832
2026-01-25 16:33:00+00:00,2.13,502.7,140280
2026-01-25 16:34:00+00:00,1.24,494.9,131116
2026-01-25 16:35:00+00:00,1.64,496.8,129177
2026-01-25 16:36:00+00:00,1.71,497.7,157184
2026-01-25 16:37:00+00:00,1.44,500.4,182742
2026-01-25 16:38:00+00:00,1.86,499.0,150662
2026-01-25 16:39:00+00:00,1.55,499.8,170608
2026-01-25 16:40:00+00:00,0.94,509.9,243406
2026-01-25 16:41:00+00:00,1.21,504.2,203292
2026-01-25 16:42:00+00:00,1.24,503.5,200621
2026-01-25 16:43:00+00:00,1.35,501.3,190266
2026-01-25 16:44:00+00:00,1.50,501.1,189930
2026-01-25 16:45:00+00:00,1.58,499.5,179711
2026-01-25 16:46:00+00:00,1.34,487.5,104244
2026-01-25 16:47:00+00:00,1.18,484.8,88809
2026-01-25 16:48:00+00:00,1.42,497.6,173989
2026-01-25 16:49:00+00:00,1.33,499.8,185325
2026-01-25 16:50:00+00:00,0.87,501.9,178486
2026-01-25 16:51:00+00:00,0.72,485.6,67910
2026-01-25 16:52:00+00:00,0.93,508.9,196456
2026-01-25 16:53:00+00:00,0.95,500.1,156861
2026-01-25 16:54:00+00:00,0.73,485.0,59319
2026-01-25 16:55:00+00:00,0.84,500.9,168791
2026-01-25 16:56:00+00:00,0.87,503.9,221746
2026-01-25 16:57:00+00:00,0.99,504.6,236842
2026-01-25 16:58:00+00:00,0.99,506.4,227891
2026-01-25 16:59:00+00:00,1.02,504.4,224038
2026-01-25 17:00:00+00:00,0.97,505.7,218439
2026-01-25 17:01:00+00:00,0.99,508.6,210247
2026-01-25 17:02:00+00:00,1.00,509.5,204259
2026-01-25 17:03:00+00:00,0.94,509.4,201828
2026-01-25 17:04:00+00:00,0.98,507.6,227714
2026-01-25 17:05:00+00:00,0.95,509.8,227234
2026-01-25 17:06:00+00:00,0.90,513.3,222751
2026-01-25 17:07:00+00:00,1.03,503.2,207095
2026-01-25 17:08:00+00:00,0.95,503.4,189371
2026-01-25 17:09:00+00:00,1.06,505.4,214130
2026-01-25 17:10:00+00:00,1.34,496.6,171871
2026-01-25 17:11:00+00:00,1.23,499.3,195454
2026-01-25 17:12:00+00:00,1.44,507.3,225992
2026-01-25 17:13:00+00:00,0.80,491.3,142843
2026-01-25 17:14:00+00:00,1.07,513.5,268236
2026-01-25 17:15:00+00:00,1.00,502.5,224914
2026-01-25 17:16:00+00:00,0.76,483.2,93389
2026-01-25 17:17:00+00:00,0.69,498.7,109800
2026-01-25 17:18:00+00:00,0.66,523.2,148890
2026-01-25 17:19:00+00:00,0.60,527.5,165225
2026-01-25 17:20:00+00:00,0.70,514.1,194600
2026-01-25 17:21:00+00:00,1.07,498.9,164355
2026-01-25 17:22:00+00:00,1.44,508.2,254109
2026-01-25 17:23:00+00:00,0.95,495.7,161418
2026-01-25 17:24:00+00:00,1.54,506.7,179806
2026-01-25 17:25:00+00:00,1.15,490.5,112092
2026-01-25 17:26:00+00:00,1.31,489.6,119841
2026-01-25 17:27:00+00:00,1.32,495.5,114040
2026-01-25 17:28:00+00:00,1.22,498.5,108762
2026-01-25 17:29:00+00:00,1.09,492.9,134808
2026-01-25 17:30:00+00:00,1.08,492.5,122871
2026-01-25 17:31:00+00:00,1.03,495.1,133218
2026-01-25 17:32:00+00:00,1.10,496.1,128605
2026-01-25 17:33:00+00:00,0.98,490.1,85789
2026-01-25 17:34:00+00:00,0.97,492.8,116709
2026-01-25 17:35:00+00:00,0.99,502.9,200664
2026-01-25 17:36:00+00:00,0.76,504.7,222542
2026-01-25 17:39:00+00:00,0.41,474.0,66889
2026-01-25 17:40:00+00:00,1.28,501.4,163413
2026-01-25 17:41:00+00:00,1.17,501.1,187567
2026-01-25 17:42:00+00:00,1.09,503.3,204364
2026-01-25 17:43:00+00:00,1.18,499.7,187285
2026-01-25 17:44:00+00:00,0.46,475.3,64327
2026-01-25 17:45:00+00:00,1.27,494.2,115052
2026-01-25 17:46:00+00:00,1.64,497.2,104440
2026-01-25 17:47:00+00:00,1.52,494.9,91396
2026-01-25 17:48:00+00:00,1.30,496.2,133588
2026-01-25 17:49:00+00:00,1.13,495.3,140701
2026-01-25 17:50:00+00:00,0.98,488.2,111582
2026-01-25 17:51:00+00:00,0.96,487.8,121469
2026-01-25 17:52:00+00:00,1.12,491.0,134558
2026-01-25 17:53:00+00:00,1.34,489.9,118438
2026-01-25 17:54:00+00:00,1.71,511.9,180107
2026-01-25 17:55:00+00:00,2.16,501.3,192981
2026-01-25 17:56:00+00:00,2.04,498.7,189957
2026-01-25 17:57:00+00:00,1.35,493.9,118421
2026-01-25 17:58:00+00:00,1.56,497.5,185837
2026-01-25 17:59:00+00:00,1.52,502.7,180483
2026-01-25 18:00:00+00:00,1.12,490.0,134475
2026-01-25 18:01:00+00:00,1.78,510.0,226637
2026-01-25 18:02:00+00:00,1.39,501.1,188265
2026-01-25 18:03:00+00:00,1.22,496.5,166412
2026-01-25 18:04:00+00:00,1.34,491.6,125034
2026-01-25 18:05:00+00:00,1.24,484.8,72091
2026-01-25 18:06:00+00:00,1.28,489.2,107045
2026-01-25 18:07:00+00:00,1.25,489.8,117427
2026-01-25 18:08:00+00:00,1.14,481.9,51579
2026-01-25 18:09:00+00:00,1.61,489.3,83533
2026-01-25 18:12:00+00:00,1.33,500.6,163242
2026-01-25 18:13:00+00:00,1.46,503.2,173523
2026-01-25 18:14:00+00:00,1.35,502.9,204934
2026-01-25 18:15:00+00:00,1.35,502.1,195891
2026-01-25 18:16:00+00:00,1.48,504.6,201209
2026-01-25 18:17:00+00:00,1.39,505.0,201767
2026-01-25 18:18:00+00:00,1.51,502.9,207323
2026-01-25 18:19:00+00:00,1.34,504.3,224046
2026-01-25 18:20:00+00:00,1.23,504.3,213569
2026-01-25 18:21:00+00:00,1.16,503.5,203873
2026-01-25 18:22:00+00:00,1.06,501.6,199330
2026-01-25 18:23:00+00:00,1.20,503.5,212761
2026-01-25 18:24:00+00:00,1.21,504.6,215651
2026-01-25 18:25:00+00:00,0.82,498.5,178484
2026-01-25 18:26:00+00:00,1.07,508.2,235640
2026-01-25 18:27:00+00:00,1.05,511.1,243482
2026-01-25 18:28:00+00:00,0.84,507.2,201315
2026-01-25 18:29:00+00:00,1.05,511.0,227411
2026-01-25 18:31:00+00:00,0.86,507.5,203159
2026-01-25 18:32:00+00:00,0.69,492.7,138001
2026-01-25 18:33:00+00:00,1.41,516.4,281510
2026-01-25 18:34:00+00:00,1.33,515.5,269177
2026-01-25 18:35:00+00:00,1.31,510.7,238324
2026-01-25 18:36:00+00:00,1.00,504.7,186344
2026-01-25 18:37:00+00:00,1.09,514.6,246747
2026-01-25 18:38:00+00:00,1.34,515.8,271413
2026-01-25 18:39:00+00:00,1.14,508.3,189185
2026-01-25 18:40:00+00:00,1.34,517.3,165781
2026-01-25 18:41:00+00:00,1.91,518.8,180475
2026-01-25 18:42:00+00:00,1.30,509.6,188733
2026-01-25 18:45:00+00:00,1.52,503.7,141832
2026-01-25 18:46:00+00:00,1.75,502.9,164161
2026-01-25 18:47:00+00:00,1.82,512.5,164847
2026-01-25 18:48:00+00:00,1.15,498.4,110943
2026-01-25 18:49:00+00:00,1.48,515.0,252926
2026-01-25 18:50:00+00:00,1.68,509.2,203342
2026-01-25 18:51:00+00:00,1.37,509.9,164150
2026-01-25 18:52:00+00:00,1.39,509.9,156405
2026-01-25 18:53:00+00:00,1.56,524.2,141166
2026-01-25 18:54:00+00:00,1.52,522.8,140882
2026-01-25 18:55:00+00:00,1.61,505.4,152010
2026-01-25 18:56:00+00:00,1.89,504.8,144505
2026-01-25 18:57:00+00:00,1.85,504.5,130734
2026-01-25 18:58:00+00:00,1.56,504.4,127302
2026-01-25 18:59:00+00:00,1.51,500.9,139431
2026-01-25 19:00:00+00:00,1.65,503.3,159779
2026-01-25 19:01:00+00:00,2.06,520.3,220958
2026-01-25 19:02:00+00:00,1.53,500.9,162959
2026-01-25 19:03:00+00:00,1.79,511.5,186941
2026-01-25 19:04:00+00:00,1.15,484.1,126216
2026-01-25 19:05:00+00:00,1.99,520.0,111536
2026-01-25 19:06:00+00:00,2.23,530.1,110268
2026-01-25 19:07:00+00:00,2.75,542.2,113880
2026-01-25 19:08:00+00:00,2.49,541.5,103748
2026-01-25 19:09:00+00:00,2.41,541.7,96143
2026-01-25 19:10:00+00:00,2.57,545.6,95462
2026-01-25 19:11:00+00:00,2.44,529.3,84405
2026-01-25 19:12:00+00:00,2.42,526.4,86522
2026-01-25 19:13:00+00:00,2.90,574.1,119318
2026-01-25 19:14:00+00:00,2.48,557.4,109645
2026-01-25 19:15:00+00:00,2.11,561.6,124022
2026-01-25 19:18:00+00:00,2.09,518.2,69620
2026-01-25 19:19:00+00:00,2.29,563.1,144363
2026-01-25 19:20:00+00:00,2.19,552.1,116370
2026-01-25 19:21:00+00:00,2.58,553.2,111152
2026-01-25 19:22:00+00:00,2.53,547.6,101259
2026-01-25 19:23:00+00:00,2.59,539.8,92679
2026-01-25 19:24:00+00:00,2.84,541.1,123016
2026-01-25 19:25:00+00:00,2.76,537.7,119607
2026-01-25 19:26:00+00:00,2.53,531.6,96197
2026-01-25 19:27:00+00:00,2.46,529.4,85730
2026-01-25 19:28:00+00:00,2.53,529.0,88118
2026-01-25 19:29:00+00:00,2.63,522.7,119366
2026-01-25 19:30:00+00:00,2.48,503.9,118808
2026-01-25 19:31:00+00:00,2.97,525.2,123200
2026-01-25 19:32:00+00:00,2.71,530.4,126557
2026-01-25 19:33:00+00:00,1.93,509.0,130280
2026-01-25 19:34:00+00:00,1.73,508.0,130440
2026-01-25 19:35:00+00:00,2.31,513.1,120868
2026-01-25 19:36:00+00:00,2.62,513.2,125204
2026-01-25 19:37:00+00:00,2.51,514.0,120101
2026-01-25 19:38:00+00:00,2.22,516.1,116045
2026-01-25 19:39:00+00:00,2.51,520.5,110086
2026-01-25 19:40:00+00:00,2.93,537.1,151748
2026-01-25 19:41:00+00:00,2.78,531.2,149800
2026-01-25 19:42:00+00:00,2.44,515.7,118529
2026-01-25 19:43:00+00:00,1.90,497.9,87343
2026-01-25 19:44:00+00:00,1.28,480.2,55092
2026-01-25 19:45:00+00:00,1.52,496.0,82958
2026-01-25 19:46:00+00:00,1.93,507.6,123432
2026-01-25 19:47:00+00:00,2.18,514.7,149481
2026-01-25 19:48:00+00:00,1.81,506.3,113296
2026-01-25 19:51:00+00:00,1.06,476.3,51273
2026-01-25 19:52:00+00:00,1.73,532.8,158002
2026-01-25 19:53:00+00:00,1.81,537.6,147003
2026-01-25 19:54:00+00:00,1.91,526.3,100909
2026-01-25 19:55:00+00:00,2.13,512.3,85053
2026-01-25 19:56:00+00:00,2.50,545.2,125187
2026-01-25 19:57:00+00:00,2.64,556.2,143809
2026-01-25 19:58:00+00:00,2.87,539.0,158963
2026-01-25 19:59:00+00:00,2.67,511.1,130952
2026-01-25 20:00:00+00:00,2.17,505.9,79357
2026-01-25 20:01:00+00:00,2.65,558.8,140653
2026-01-25 20:02:00+00:00,2.42,544.8,134495
2026-01-25 20:03:00+00:00,2.31,537.8,90580
2026-01-25 20:04:00+00:00,2.72,548.2,142207
2026-01-25 20:05:00+00:00,2.21,548.1,109222
2026-01-25 20:06:00+00:00,2.49,550.7,136500
2026-01-25 20:07:00+00:00,1.70,538.5,85399
2026-01-25 20:08:00+00:00,1.71,520.3,214170
2026-01-25 20:09:00+00:00,1.17,516.9,196443
2026-01-25 20:10:00+00:00,0.99,520.8,181826
2026-01-25 20:11:00+00:00,1.01,521.6,182709
2026-01-25 20:12:00+00:00,0.49,482.3,84044
2026-01-25 20:13:00+00:00,0.60,491.2,104091
2026-01-25 20:14:00+00:00,1.08,517.6,195755
2026-01-25 20:15:00+00:00,1.16,512.9,215220
2026-01-25 20:16:00+00:00,1.14,512.2,214890
2026-01-25 20:17:00+00:00,1.09,509.7,212338
2026-01-25 20:18:00+00:00,1.07,507.6,217200
2026-01-25 20:19:00+00:00,1.26,505.4,209204
2026-01-25 20:20:00+00:00,1.17,506.4,203956
2026-01-25 20:21:00+00:00,1.16,501.4,189339
2026-01-25 20:24:00+00:00,1.74,517.5,230491
2026-01-25 20:25:00+00:00,1.42,502.7,157666
2026-01-25 20:26:00+00:00,1.46,500.3,141754
2026-01-25 20:27:00+00:00,1.32,494.5,122695
2026-01-25 20:28:00+00:00,1.39,497.1,131453
2026-01-25 20:29:00+00:00,1.21,508.0,147664
2026-01-25 20:30:00+00:00,0.95,515.1,167394
2026-01-25 20:31:00+00:00,0.93,518.7,192504
2026-01-25 20:32:00+00:00,0.85,513.8,181922
2026-01-25 20:33:00+00:00,0.84,496.4,132967
2026-01-25 20:34:00+00:00,1.22,494.1,106418
2026-01-25 20:35:00+00:00,0.97,493.3,123845
2026-01-25 20:36:00+00:00,0.98,542.2,289798
2026-01-25 20:37:00+00:00,0.39,520.8,251776
2026-01-25 20:38:00+00:00,0.57,516.8,230646
2026-01-25 20:39:00+00:00,0.75,523.2,178448
2026-01-25 20:40:00+00:00,0.78,514.2,142764
2026-01-25 20:41:00+00:00,0.89,520.4,167000
2026-01-25 20:42:00+00:00,0.87,524.2,160917
2026-01-25 20:43:00+00:00,0.86,526.3,149779
2026-01-25 20:44:00+00:00,0.90,527.0,148839
2026-01-25 20:45:00+00:00,0.94,520.6,154287
2026-01-25 20:46:00+00:00,1.24,513.4,149735
2026-01-25 20:47:00+00:00,1.36,516.1,157077
2026-01-25 20:48:00+00:00,1.05,521.8,186627
2026-01-25 20:49:00+00:00,1.08,519.5,190424
2026-01-25 20:50:00+00:00,0.99,521.2,170881
2026-01-25 20:51:00+00:00,0.99,520.8,156640
2026-01-25 20:52:00+00:00,1.43,507.2,162255
2026-01-25 20:53:00+00:00,1.46,505.3,155750
2026-01-25 20:54:00+00:00,1.70,506.0,150556
2026-01-25 20:55:00+00:00,1.70,506.0,150556
2026-01-25 20:56:00+00:00,1.24,506.3,154305
2026-01-25 20:57:00+00:00,1.28,508.2,153817
2026-01-25 20:58:00+00:00,1.32,507.8,152871
2026-01-25 20:59:00+00:00,1.33,508.4,161928
2026-01-25 21:00:00+00:00,1.23,507.5,172438
2026-01-25 21:01:00+00:00,1.22,508.9,182700
2026-01-25 21:02:00+00:00,1.14,513.3,189200
2026-01-25 21:03:00+00:00,0.99,518.5,192285
2026-01-25 21:04:00+00:00,1.04,517.4,198757
2026-01-25 21:05:00+00:00,1.18,506.5,202148
2026-01-25 21:06:00+00:00,1.42,505.8,192575
2026-01-25 21:07:00+00:00,1.49,510.1,193579
2026-01-25 21:08:00+00:00,0.97,510.5,202383
2026-01-25 21:09:00+00:00,1.25,516.7,206201
2026-01-25 21:10:00+00:00,2.41,511.3,124051
2026-01-25 21:11:00+00:00,2.36,506.2,110528
2026-01-25 21:12:00+00:00,2.47,512.5,119042
2026-01-25 21:13:00+00:00,2.19,513.2,113763
2026-01-25 21:14:00+00:00,2.34,513.3,121547
2026-01-25 21:15:00+00:00,2.12,509.9,114644
2026-01-25 21:16:00+00:00,2.16,503.9,109553
2026-01-25 21:17:00+00:00,2.21,504.7,116862
2026-01-25 21:18:00+00:00,2.26,506.1,117516
2026-01-25 21:19:00+00:00,2.29,505.3,111013
2026-01-25 21:20:00+00:00,2.12,505.6,111921
2026-01-25 21:21:00+00:00,1.90,506.0,116144
2026-01-25 21:22:00+00:00,1.63,511.3,120250
2026-01-25 21:23:00+00:00,1.98,506.5,113333
2026-01-25 21:24:00+00:00,1.44,513.1,133541
2026-01-25 21:25:00+00:00,2.11,511.5,118127
2026-01-25 21:26:00+00:00,1.88,513.5,119589
2026-01-25 21:27:00+00:00,1.84,502.8,125593
2026-01-25 21:28:00+00:00,1.84,502.1,126022
2026-01-25 21:29:00+00:00,1.49,504.2,124403
2026-01-25 21:30:00+00:00,1.76,506.3,121432
2026-01-25 21:31:00+00:00,1.89,507.9,121750
2026-01-25 21:32:00+00:00,2.02,509.1,121352
2026-01-25 21:33:00+00:00,1.94,508.1,120300
2026-01-25 21:34:00+00:00,1.93,505.7,119027
2026-01-25 21:35:00+00:00,2.04,505.4,119230
2026-01-25 21:36:00+00:00,2.01,506.9,119194
2026-01-25 21:37:00+00:00,2.07,506.2,115825
2026-01-25 21:38:00+00:00,2.03,505.4,117033
2026-01-25 21:39:00+00:00,2.09,505.0,115501
2026-01-25 21:40:00+00:00,1.94,501.8,125136
2026-01-25 21:41:00+00:00,1.92,514.2,130090
2026-01-25 21:42:00+00:00,1.63,504.6,131679
2026-01-25 21:43:00+00:00,1.90,505.5,137805
2026-01-25 21:44:00+00:00,2.12,525.5,122181
2026-01-25 21:45:00+00:00,2.08,516.5,123991
2026-01-25 21:46:00+00:00,1.96,523.1,144174
2026-01-25 21:47:00+00:00,1.99,525.9,153843
2026-01-25 21:48:00+00:00,2.04,523.5,144694
2026-01-25 21:49:00+00:00,2.14,524.5,136749
2026-01-25 21:50:00+00:00,2.13,524.5,134356
2026-01-25 21:51:00+00:00,2.01,519.8,139386
2026-01-25 21:52:00+00:00,1.76,511.2,166042
2026-01-25 21:53:00+00:00,1.29,503.1,211378
2026-01-25 21:54:00+00:00,1.19,508.6,235386
2026-01-25 21:55:00+00:00,1.08,509.2,197841
2026-01-25 21:56:00+00:00,1.15,505.7,222700
2026-01-25 21:57:00+00:00,1.01,510.5,217934
2026-01-25 21:58:00+00:00,1.26,511.7,219886
2026-01-25 22:00:00+00:00,1.12,514.4,232023
2026-01-25 22:01:00+00:00,1.12,514.4,232023
2026-01-25 22:02:00+00:00,1.47,503.1,159986
2026-01-25 22:03:00+00:00,1.31,504.2,174729
2026-01-25 22:04:00+00:00,1.20,504.1,192251
2026-01-25 22:05:00+00:00,1.25,509.6,182180
2026-01-25 22:06:00+00:00,1.13,514.1,185822
2026-01-25 22:07:00+00:00,1.09,523.2,221599
2026-01-25 22:08:00+00:00,1.39,542.1,221976
2026-01-25 22:09:00+00:00,1.65,552.6,164640
2026-01-25 22:10:00+00:00,2.02,559.4,124536
2026-01-25 22:11:00+00:00,1.99,556.6,117408
2026-01-25 22:12:00+00:00,1.84,553.7,128925
2026-01-25 22:13:00+00:00,1.83,556.6,117889
2026-01-25 22:14:00+00:00,1.82,556.3,113016
2026-01-25 22:15:00+00:00,1.81,557.2,116785
2026-01-25 22:16:00+00:00,1.83,559.0,107957
2026-01-25 22:17:00+00:00,1.77,557.0,108750
2026-01-25 22:18:00+00:00,1.75,557.0,110848
2026-01-25 22:19:00+00:00,1.66,557.9,113325
2026-01-25 22:20:00+00:00,1.58,556.9,116500
2026-01-25 22:21:00+00:00,1.71,557.3,118763
2026-01-25 22:22:00+00:00,1.89,565.8,133543
2026-01-25 22:23:00+00:00,1.87,566.2,131079
2026-01-25 22:24:00+00:00,1.72,554.2,104515
2026-01-25 22:25:00+00:00,1.66,553.5,110571
2026-01-25 22:26:00+00:00,1.71,558.6,128429
2026-01-25 22:27:00+00:00,1.77,579.8,157217
2026-01-25 22:28:00+00:00,1.75,560.3,127861
2026-01-25 22:29:00+00:00,1.72,546.8,124705
2026-01-25 22:30:00+00:00,1.60,523.6,101838
2026-01-25 22:31:00+00:00,1.76,562.4,132649
2026-01-25 22:32:00+00:00,1.62,572.4,134473
2026-01-25 22:33:00+00:00,1.88,553.6,131492
2026-01-25 22:34:00+00:00,1.95,548.6,130761
2026-01-25 22:35:00+00:00,1.90,557.2,130591
2026-01-25 22:36:00+00:00,1.80,542.4,109268
2026-01-25 22:37:00+00:00,1.45,523.8,111498
2026-01-25 22:38:00+00:00,1.57,520.2,159875
2026-01-25 22:39:00+00:00,1.96,521.2,170750
2026-01-25 22:40:00+00:00,1.90,515.2,126379
2026-01-25 22:41:00+00:00,1.90,515.0,118194
2026-01-25 22:42:00+00:00,1.87,518.1,112136
2026-01-25 22:43:00+00:00,2.03,518.6,127699
2026-01-25 22:44:00+00:00,2.00,517.9,145461
2026-01-25 22:45:00+00:00,1.87,514.3,117191
2026-01-25 22:46:00+00:00,1.60,517.6,136298
2026-01-25 22:47:00+00:00,1.81,519.6,112397
2026-01-25 22:48:00+00:00,1.35,508.2,148305
2026-01-25 22:49:00+00:00,2.20,525.3,164592
2026-01-25 22:50:00+00:00,1.82,514.1,142707
2026-01-25 22:51:00+00:00,1.74,510.2,119357
2026-01-25 22:52:00+00:00,1.46,516.4,114853
2026-01-25 22:53:00+00:00,1.51,514.3,121549
2026-01-25 22:54:00+00:00,1.68,506.0,128280
2026-01-25 22:55:00+00:00,1.66,500.9,130381
2026-01-25 22:56:00+00:00,1.72,498.8,129016
2026-01-25 22:57:00+00:00,1.71,499.3,129839
2026-01-25 22:58:00+00:00,1.90,504.3,127644
2026-01-25 22:59:00+00:00,1.93,511.1,105426
2026-01-25 23:00:00+00:00,1.87,503.6,124541
2026-01-25 23:01:00+00:00,0.59,498.9,177934
2026-01-25 23:02:00+00:00,0.36,481.8,55191
2026-01-25 23:03:00+00:00,1.59,512.0,102161
2026-01-25 23:04:00+00:00,1.09,505.2,140954
2026-01-25 23:05:00+00:00,0.86,498.9,134279
2026-01-25 23:06:00+00:00,0.87,498.2,131251
2026-01-25 23:07:00+00:00,0.88,498.4,131252
2026-01-25 23:08:00+00:00,0.86,498.6,137286
2026-01-25 23:09:00+00:00,0.96,497.8,132823
2026-01-25 23:10:00+00:00,0.90,498.2,153359
2026-01-25 23:11:00+00:00,0.75,497.3,174952
2026-01-25 23:12:00+00:00,0.83,494.6,163851
2026-01-25 23:13:00+00:00,0.86,496.9,164142
2026-01-25 23:14:00+00:00,0.69,498.2,176669
2026-01-25 23:15:00+00:00,0.66,494.9,189152
2026-01-25 23:16:00+00:00,0.54,501.9,193989
2026-01-25 23:17:00+00:00,0.59,499.9,209606
2026-01-25 23:18:00+00:00,0.65,495.5,162907
2026-01-25 23:19:00+00:00,1.04,494.8,136658
2026-01-25 23:20:00+00:00,0.68,495.2,177474
2026-01-25 23:21:00+00:00,0.66,496.9,182016
2026-01-25 23:22:00+00:00,0.66,496.6,171267
2026-01-25 23:23:00+00:00,0.71,495.9,175831
2026-01-25 23:24:00+00:00,0.62,498.4,198671
2026-01-25 23:25:00+00:00,0.36,487.7,140966
2026-01-25 23:26:00+00:00,0.37,485.7,132848
2026-01-25 23:27:00+00:00,0.56,496.0,195225
2026-01-25 23:28:00+00:00,0.62,496.0,189281
2026-01-25 23:29:00+00:00,0.73,490.9,156300
2026-01-25 23:30:00+00:00,0.81,480.4,130781
2026-01-25 23:31:00+00:00,0.71,489.9,208875
2026-01-25 23:32:00+00:00,0.77,494.3,193244
2026-01-25 23:33:00+00:00,0.66,487.4,229784
2026-01-25 23:34:00+00:00,0.62,492.1,269296
2026-01-25 23:35:00+00:00,0.54,475.3,110158
2026-01-25 23:36:00+00:00,0.62,487.2,248417
2026-01-25 23:37:00+00:00,0.40,503.7,374726
2026-01-25 23:38:00+00:00,0.83,494.1,193303
2026-01-25 23:39:00+00:00,1.03,490.1,136979
2026-01-25 23:40:00+00:00,1.04,490.5,146497
2026-01-25 23:41:00+00:00,1.05,493.5,169470
2026-01-25 23:42:00+00:00,0.95,491.4,189540
2026-01-25 23:43:00+00:00,0.78,491.9,216082
2026-01-25 23:44:00+00:00,0.71,497.0,219797
2026-01-25 23:45:00+00:00,0.69,500.2,213010
2026-01-25 23:46:00+00:00,0.60,504.8,214177
2026-01-25 23:47:00+00:00,0.59,495.7,237651
2026-01-25 23:48:00+00:00,0.27,469.5,125201
2026-01-25 23:49:00+00:00,0.54,495.4,248996
2026-01-25 23:50:00+00:00,0.63,499.4,265834
2026-01-25 23:51:00+00:00,0.20,471.5,85138
2026-01-25 23:52:00+00:00,0.16,467.8,103611
2026-01-25 23:53:00+00:00,0.13,458.7,85165
2026-01-25 23:54:00+00:00,0.12,466.9,89182
2026-01-25 23:55:00+00:00,0.21,458.6,84857
2026-01-25 23:56:00+00:00,0.22,466.5,83516
2026-01-25 23:57:00+00:00,0.21,467.6,94563
2026-01-25 23:58:00+00:00,0.41,476.9,184369
2026-01-25 23:59:00+00:00,0.64,498.5,251605
2026-01-26 00:00:00+00:00,0.64,502.7,212468
2026-01-26 00:01:00+00:00,0.66,510.6,239646
2026-01-26 00:02:00+00:00,0.67,509.6,238095
2026-01-26 00:03:00+00:00,0.70,505.6,229649
2026-01-26 00:04:00+00:00,0.64,504.5,214927
2026-01-26 00:05:00+00:00,0.67,502.1,213076
2026-01-26 00:06:00+00:00,0.72,512.4,257528
2026-01-26 00:07:00+00:00,0.78,509.5,254091
2026-01-26 00:08:00+00:00,0.32,464.5,58176
2026-01-26 00:09:00+00:00,0.71,496.7,205495
2026-01-26 00:10:00+00:00,0.38,472.7,99546
2026-01-26 00:11:00+00:00,0.22,460.2,37538
2026-01-26 00:12:00+00:00,0.33,496.6,209305
2026-01-26 00:13:00+00:00,0.40,521.0,326267
2026-01-26 00:14:00+00:00,0.35,460.4,62693
2026-01-26 00:15:00+00:00,0.30,460.7,76102
2026-01-26 00:16:00+00:00,0.24,482.4,181685
2026-01-26 00:17:00+00:00,0.26,508.5,285110
2026-01-26 00:18:00+00:00,0.32,469.7,121348
2026-01-26 00:19:00+00:00,0.75,492.4,209352
2026-01-26 00:20:00+00:00,0.64,494.5,212457
2026-01-26 00:21:00+00:00,0.63,493.6,218502
2026-01-26 00:22:00+00:00,0.60,497.3,195132
2026-01-26 00:23:00+00:00,0.57,495.1,172525
2026-01-26 00:24:00+00:00,0.56,494.9,170910
2026-01-26 00:25:00+00:00,0.81,473.7,80510
2026-01-26 00:26:00+00:00,0.86,487.9,161995
2026-01-26 00:27:00+00:00,0.86,495.2,221584
2026-01-26 00:28:00+00:00,0.84,498.3,205013
2026-01-26 00:29:00+00:00,0.82,498.8,184612
2026-01-26 00:30:00+00:00,0.80,498.6,189842
2026-01-26 00:31:00+00:00,0.80,499.7,196183
2026-01-26 00:32:00+00:00,0.81,501.6,207361
2026-01-26 00:33:00+00:00,0.81,503.2,222036
2026-01-26 00:34:00+00:00,0.90,501.4,209129
2026-01-26 00:35:00+00:00,0.87,501.4,208653
2026-01-26 00:36:00+00:00,0.88,502.9,205084
2026-01-26 00:37:00+00:00,0.90,498.6,195399
2026-01-26 00:38:00+00:00,0.90,499.5,183279
2026-01-26 00:39:00+00:00,0.84,499.1,187793
2026-01-26 00:40:00+00:00,0.75,503.8,232339
2026-01-26 00:41:00+00:00,0.60,509.3,248686
2026-01-26 00:42:00+00:00,0.80,502.2,207396
2026-01-26 00:43:00+00:00,0.66,507.9,245326
2026-01-26 00:44:00+00:00,0.35,493.9,153227
2026-01-26 00:49:00+00:00,0.74,509.7,272987
2026-01-26 00:50:00+00:00,0.75,508.1,264595
2026-01-26 00:51:00+00:00,0.83,501.4,227357
2026-01-26 00:52:00+00:00,0.90,501.0,206075
2026-01-26 00:53:00+00:00,0.84,504.8,242062
2026-01-26 00:54:00+00:00,0.84,505.1,248463
2026-01-26 00:55:00+00:00,0.83,505.9,241234
2026-01-26 00:56:00+00:00,0.94,505.4,235621
2026-01-26 00:57:00+00:00,0.97,505.0,227903
2026-01-26 00:58:00+00:00,0.94,506.3,234681
2026-01-26 00:59:00+00:00,0.87,506.7,240601
2026-01-26 01:00:00+00:00,0.94,505.4,232186
2026-01-26 01:01:00+00:00,1.10,501.9,206693
2026-01-26 01:02:00+00:00,1.15,499.6,189740
2026-01-26 01:03:00+00:00,1.23,499.7,179073
2026-01-26 01:04:00+00:00,1.47,499.4,159182
2026-01-26 01:05:00+00:00,1.55,498.5,151969
2026-01-26 01:06:00+00:00,1.41,497.8,151372
2026-01-26 01:07:00+00:00,1.42,497.1,132928
2026-01-26 01:08:00+00:00,1.14,498.3,166405
2026-01-26 01:09:00+00:00,0.73,504.0,224027
2026-01-26 01:10:00+00:00,0.67,504.2,259280
2026-01-26 01:11:00+00:00,0.68,503.8,249905
2026-01-26 01:12:00+00:00,0.73,503.5,254212
2026-01-26 01:13:00+00:00,0.91,500.7,225407
2026-01-26 01:14:00+00:00,1.17,498.3,162954
2026-01-26 01:15:00+00:00,1.22,498.5,171630
2026-01-26 01:16:00+00:00,1.05,498.7,197764
2026-01-26 01:17:00+00:00,0.88,500.0,233663
2026-01-26 01:18:00+00:00,0.87,500.7,238213
2026-01-26 01:19:00+00:00,0.96,500.8,209373
2026-01-26 01:20:00+00:00,0.99,501.4,208662
2026-01-26 01:21:00+00:00,0.94,500.9,225231
2026-01-26 01:22:00+00:00,1.06,499.8,183774
2026-01-26 01:23:00+00:00,0.94,495.9,169678
2026-01-26 01:24:00+00:00,0.20,474.0,85106
2026-01-26 01:25:00+00:00,0.86,518.9,183864
2026-01-26 01:26:00+00:00,0.42,514.4,239623
2026-01-26 01:27:00+00:00,0.11,471.6,39094
2026-01-26 01:28:00+00:00,0.21,523.0,117713
2026-01-26 01:29:00+00:00,0.26,539.1,164782
2026-01-26 01:30:00+00:00,0.31,539.2,232802
2026-01-26 01:31:00+00:00,0.25,542.4,344739
2026-01-26 01:32:00+00:00,0.12,488.4,169364
2026-01-26 01:33:00+00:00,0.12,456.5,26480
2026-01-26 01:34:00+00:00,0.40,496.2,87615
2026-01-26 01:35:00+00:00,0.69,529.3,203837
2026-01-26 01:36:00+00:00,0.77,516.5,270826
2026-01-26 01:37:00+00:00,0.69,495.1,189755
2026-01-26 01:38:00+00:00,0.50,462.9,44368
2026-01-26 01:39:00+00:00,1.83,513.2,159739
2026-01-26 01:40:00+00:00,1.99,531.2,134935
2026-01-26 01:41:00+00:00,1.92,518.1,139980
2026-01-26 01:42:00+00:00,1.88,513.2,150995
2026-01-26 01:43:00+00:00,1.66,538.8,121865
2026-01-26 01:44:00+00:00,2.05,509.3,127056
2026-01-26 01:45:00+00:00,1.70,504.3,160328
2026-01-26 01:46:00+00:00,1.67,502.2,144013
2026-01-26 01:47:00+00:00,1.55,501.5,156375
2026-01-26 01:48:00+00:00,1.60,499.8,146537
2026-01-26 01:49:00+00:00,1.60,498.5,132535
2026-01-26 01:50:00+00:00,1.51,497.5,136398
2026-01-26 01:51:00+00:00,1.44,497.3,142221
2026-01-26 01:52:00+00:00,1.38,497.1,141307
2026-01-26 01:53:00+00:00,1.48,497.1,139213
2026-01-26 01:54:00+00:00,1.60,503.2,147055
2026-01-26 01:55:00+00:00,1.21,498.5,188332
2026-01-26 01:56:00+00:00,1.21,498.0,193200
2026-01-26 01:57:00+00:00,1.19,491.0,261340
2026-01-26 01:58:00+00:00,1.13,497.1,228055
2026-01-26 01:59:00+00:00,1.22,496.3,178037
2026-01-26 02:00:00+00:00,1.27,494.7,129852
2026-01-26 02:01:00+00:00,1.12,492.1,118871
2026-01-26 02:02:00+00:00,1.16,491.9,113280
2026-01-26 02:03:00+00:00,1.09,492.3,128531
2026-01-26 02:04:00+00:00,1.09,491.8,133918
2026-01-26 02:05:00+00:00,1.10,490.1,131869
2026-01-26 02:06:00+00:00,1.08,489.7,132634
2026-01-26 02:07:00+00:00,1.22,490.5,126827
2026-01-26 02:08:00+00:00,1.45,491.4,119713
2026-01-26 02:09:00+00:00,1.46,492.4,126108
2026-01-26 02:10:00+00:00,1.36,491.3,128075
2026-01-26 02:11:00+00:00,1.25,492.7,129666
2026-01-26 02:12:00+00:00,1.23,492.5,130975
2026-01-26 02:13:00+00:00,1.36,491.5,142933
2026-01-26 02:14:00+00:00,0.69,488.8,195737
2026-01-26 02:15:00+00:00,1.26,487.3,123499
2026-01-26 02:16:00+00:00,1.33,487.5,110258
2026-01-26 02:17:00+00:00,1.29,486.6,109810
2026-01-26 02:18:00+00:00,1.11,485.8,115609
2026-01-26 02:19:00+00:00,1.21,486.1,117686
2026-01-26 02:20:00+00:00,1.24,486.2,116654
2026-01-26 02:21:00+00:00,1.25,485.4,115284
2026-01-26 02:22:00+00:00,1.21,485.5,120530
2026-01-26 02:23:00+00:00,1.11,486.5,128399
2026-01-26 02:24:00+00:00,1.11,486.8,124711
2026-01-26 02:25:00+00:00,1.18,487.3,114168
2026-01-26 02:26:00+00:00,1.14,487.7,116560
2026-01-26 02:27:00+00:00,1.05,488.0,121155
2026-01-26 02:28:00+00:00,1.13,488.8,125772
2026-01-26 02:29:00+00:00,1.13,488.8,125772
2026-01-26 02:30:00+00:00,0.78,488.3,140504
2026-01-26 02:31:00+00:00,0.90,490.1,151202
2026-01-26 02:32:00+00:00,0.87,489.7,148311
2026-01-26 02:33:00+00:00,0.83,488.1,154812
2026-01-26 02:34:00+00:00,0.82,489.2,151755
2026-01-26 02:35:00+00:00,0.40,472.9,115355
2026-01-26 02:36:00+00:00,0.27,508.8,120692
2026-01-26 02:37:00+00:00,0.34,540.2,148481
2026-01-26 02:38:00+00:00,0.58,520.2,176699
2026-01-26 02:39:00+00:00,0.84,492.7,209897
2026-01-26 02:40:00+00:00,0.82,489.9,229999
2026-01-26 02:41:00+00:00,0.76,491.1,225079
2026-01-26 02:42:00+00:00,0.83,487.3,202387
2026-01-26 02:43:00+00:00,1.03,486.1,160389
2026-01-26 02:44:00+00:00,1.00,485.6,172993
2026-01-26 02:45:00+00:00,1.20,484.5,150119
2026-01-26 02:46:00+00:00,0.94,486.4,208051
2026-01-26 02:47:00+00:00,1.06,484.0,148925
2026-01-26 02:48:00+00:00,1.23,482.3,156294
2026-01-26 02:49:00+00:00,1.15,483.9,144305
2026-01-26 02:50:00+00:00,1.01,481.0,155493
2026-01-26 02:51:00+00:00,0.97,480.2,161661
2026-01-26 02:52:00+00:00,0.95,480.0,166280
2026-01-26 02:53:00+00:00,1.03,480.0,163789
2026-01-26 02:54:00+00:00,1.11,481.6,162826
2026-01-26 02:55:00+00:00,1.10,479.3,145259
2026-01-26 02:56:00+00:00,1.05,478.0,154175
2026-01-26 02:57:00+00:00,1.01,484.5,228332
2026-01-26 02:58:00+00:00,1.13,478.3,206458
2026-01-26 02:59:00+00:00,1.15,484.0,210484
2026-01-26 03:00:00+00:00,1.04,482.3,166160
2026-01-26 03:02:00+00:00,1.23,476.4,147553
2026-01-26 03:03:00+00:00,1.29,474.1,136847
2026-01-26 03:04:00+00:00,1.20,475.6,125120
2026-01-26 03:05:00+00:00,1.25,478.0,143854
2026-01-26 03:06:00+00:00,1.25,477.6,146696
2026-01-26 03:07:00+00:00,1.25,477.1,148267
2026-01-26 03:08:00+00:00,1.30,481.3,173387
2026-01-26 03:09:00+00:00,1.22,483.6,186741
2026-01-26 03:10:00+00:00,1.27,481.4,177001
2026-01-26 03:11:00+00:00,1.48,480.0,165807
2026-01-26 03:12:00+00:00,1.43,479.7,155726
2026-01-26 03:13:00+00:00,1.21,478.1,153201
2026-01-26 03:14:00+00:00,1.11,480.9,169976
2026-01-26 03:15:00+00:00,1.21,481.6,131652
2026-01-26 03:16:00+00:00,1.26,478.7,137331
2026-01-26 03:17:00+00:00,1.29,478.6,141825
2026-01-26 03:18:00+00:00,1.15,479.2,165831
2026-01-26 03:19:00+00:00,1.29,481.2,170316
2026-01-26 03:20:00+00:00,1.29,483.6,165809
2026-01-26 03:21:00+00:00,1.04,488.2,183311
2026-01-26 03:22:00+00:00,0.72,499.2,324879
2026-01-26 03:23:00+00:00,0.86,494.3,224955
2026-01-26 03:24:00+00:00,0.83,491.6,135101
2026-01-26 03:25:00+00:00,0.86,488.1,110221
2026-01-26 03:26:00+00:00,0.90,489.0,130416
2026-01-26 03:27:00+00:00,0.68,501.5,280142
2026-01-26 03:28:00+00:00,0.70,503.1,334941
2026-01-26 03:29:00+00:00,1.10,485.4,106113
2026-01-26 03:30:00+00:00,1.05,485.3,99404
2026-01-26 03:31:00+00:00,1.05,484.5,113179
2026-01-26 03:32:00+00:00,1.00,486.6,151235
2026-01-26 03:33:00+00:00,1.11,487.8,156872
2026-01-26 03:35:00+00:00,1.07,487.7,149555
2026-01-26 03:36:00+00:00,1.03,487.3,143920
2026-01-26 03:37:00+00:00,1.07,486.3,152179
2026-01-26 03:38:00+00:00,1.07,485.1,134243
2026-01-26 03:39:00+00:00,1.16,484.3,128959
2026-01-26 03:40:00+00:00,1.24,484.5,127694
2026-01-26 03:41:00+00:00,1.23,485.8,140500
2026-01-26 03:42:00+00:00,1.24,485.8,152912
2026-01-26 03:43:00+00:00,1.30,484.1,152288
2026-01-26 03:44:00+00:00,1.31,482.6,152981
2026-01-26 03:45:00+00:00,1.26,481.7,153010
2026-01-26 03:46:00+00:00,1.23,481.9,145898
2026-01-26 03:47:00+00:00,1.18,482.6,147997
2026-01-26 03:48:00+00:00,1.16,480.5,149453
2026-01-26 03:49:00+00:00,1.13,479.1,156043
2026-01-26 03:50:00+00:00,1.20,479.6,131767
2026-01-26 03:51:00+00:00,1.06,480.6,176020
2026-01-26 03:52:00+00:00,0.98,487.0,167164
2026-01-26 03:53:00+00:00,0.86,489.6,175311
2026-01-26 03:54:00+00:00,0.87,488.0,143865
2026-01-26 03:55:00+00:00,0.94,489.9,164367
2026-01-26 03:56:00+00:00,1.01,489.0,160152
2026-01-26 03:57:00+00:00,1.07,485.3,143102
2026-01-26 03:58:00+00:00,1.15,481.8,125414
2026-01-26 04:00:00+00:00,1.28,483.6,153520
2026-01-26 04:01:00+00:00,1.28,483.1,148711
2026-01-26 04:02:00+00:00,1.30,480.9,133722
2026-01-26 04:03:00+00:00,1.32,477.7,126668
2026-01-26 04:04:00+00:00,1.41,477.7,126584
2026-01-26 04:05:00+00:00,1.39,479.3,124144
2026-01-26 04:06:00+00:00,1.39,482.6,128188
2026-01-26 04:07:00+00:00,1.39,482.6,128188
2026-01-26 04:08:00+00:00,1.47,484.9,116400
2026-01-26 04:09:00+00:00,1.23,481.3,114662
2026-01-26 04:10:00+00:00,1.34,483.0,111131
2026-01-26 04:11:00+00:00,1.44,481.5,106588
2026-01-26 04:12:00+00:00,1.41,481.5,110563
2026-01-26 04:13:00+00:00,1.41,481.4,117432
2026-01-26 04:14:00+00:00,1.54,479.6,123857
2026-01-26 04:15:00+00:00,1.51,482.5,132200
2026-01-26 04:16:00+00:00,1.28,489.0,133951
2026-01-26 04:17:00+00:00,1.19,489.0,126717
2026-01-26 04:18:00+00:00,1.15,489.2,129023
2026-01-26 04:19:00+00:00,1.21,496.7,135879
2026-01-26 04:20:00+00:00,0.99,497.0,228351
2026-01-26 04:21:00+00:00,1.38,493.8,229754
2026-01-26 04:22:00+00:00,1.59,508.9,135295
2026-01-26 04:23:00+00:00,1.46,513.0,117593
2026-01-26 04:24:00+00:00,1.51,511.1,97724
2026-01-26 04:25:00+00:00,1.53,502.8,93860
2026-01-26 04:26:00+00:00,1.48,492.7,98480
2026-01-26 04:27:00+00:00,1.56,487.5,97707
2026-01-26 04:28:00+00:00,1.34,491.9,117646
2026-01-26 04:29:00+00:00,1.29,497.6,124463
2026-01-26 04:30:00+00:00,1.39,501.0,105919
2026-01-26 04:31:00+00:00,1.33,498.9,95675
2026-01-26 04:32:00+00:00,1.28,491.7,98480
2026-01-26 04:33:00+00:00,1.41,488.6,90170
2026-01-26 04:34:00+00:00,1.58,486.2,84176
2026-01-26 04:35:00+00:00,1.49,489.2,94227
2026-01-26 04:36:00+00:00,1.50,490.9,96863
2026-01-26 04:37:00+00:00,1.42,489.0,83011
2026-01-26 04:38:00+00:00,1.13,508.3,67098
2026-01-26 04:39:00+00:00,1.60,493.7,84524
2026-01-26 04:40:00+00:00,1.64,492.6,85768
2026-01-26 04:41:00+00:00,1.46,492.3,80745
2026-01-26 04:42:00+00:00,1.58,491.5,92575
2026-01-26 04:43:00+00:00,1.69,496.6,95447
2026-01-26 04:44:00+00:00,1.63,502.9,89002
2026-01-26 04:45:00+00:00,1.69,491.0,93062
2026-01-26 04:46:00+00:00,1.75,478.8,97495
2026-01-26 04:47:00+00:00,1.65,482.6,93070
2026-01-26 04:48:00+00:00,1.52,486.2,87273
2026-01-26 04:49:00+00:00,1.45,484.4,87141
2026-01-26 04:50:00+00:00,1.70,491.4,101123
2026-01-26 04:51:00+00:00,1.61,503.7,85232
2026-01-26 04:52:00+00:00,1.68,497.0,92384
2026-01-26 04:53:00+00:00,1.72,495.1,95866
2026-01-26 04:54:00+00:00,1.55,494.6,119830
2026-01-26 04:55:00+00:00,1.57,508.4,97637
2026-01-26 04:56:00+00:00,1.41,495.4,105415
2026-01-26 04:57:00+00:00,1.61,498.2,91243
2026-01-26 04:58:00+00:00,1.53,502.3,88320
2026-01-26 04:59:00+00:00,1.58,498.8,89533
2026-01-26 05:00:00+00:00,1.43,494.7,94919
2026-01-26 05:01:00+00:00,1.34,502.0,101872
2026-01-26 05:02:00+00:00,1.44,500.7,105902
2026-01-26 05:03:00+00:00,1.52,500.0,92698
2026-01-26 05:04:00+00:00,1.53,504.1,76411
2026-01-26 05:05:00+00:00,1.50,483.2,91308
2026-01-26 05:06:00+00:00,1.48,480.5,103397
2026-01-26 05:07:00+00:00,1.57,485.2,96524
2026-01-26 05:08:00+00:00,1.59,479.7,93945
2026-01-26 05:09:00+00:00,1.63,487.8,95789
2026-01-26 05:10:00+00:00,1.64,483.7,112914
2026-01-26 05:11:00+00:00,1.50,484.9,104720
2026-01-26 05:12:00+00:00,1.20,479.2,126121
2026-01-26 05:13:00+00:00,1.15,478.3,129503
2026-01-26 05:14:00+00:00,1.36,481.9,104032
2026-01-26 05:15:00+00:00,1.22,480.8,87011
2026-01-26 05:16:00+00:00,1.31,483.5,94855
2026-01-26 05:17:00+00:00,1.39,485.9,117283
2026-01-26 05:18:00+00:00,1.44,488.4,127072
2026-01-26 05:19:00+00:00,1.56,491.0,115905
2026-01-26 05:20:00+00:00,1.57,489.5,106433
2026-01-26 05:21:00+00:00,1.43,487.9,117434
2026-01-26 05:22:00+00:00,1.52,491.7,105559
2026-01-26 05:23:00+00:00,1.54,493.9,89279
2026-01-26 05:24:00+00:00,1.49,495.0,110171
2026-01-26 05:25:00+00:00,1.62,489.0,106881
2026-01-26 05:26:00+00:00,1.45,480.4,135598
2026-01-26 05:27:00+00:00,1.77,500.1,96407
2026-01-26 05:28:00+00:00,1.44,502.4,94137
2026-01-26 05:29:00+00:00,1.53,499.4,82052
2026-01-26 05:30:00+00:00,1.21,485.7,94445
2026-01-26 05:31:00+00:00,1.20,480.2,114014
2026-01-26 05:32:00+00:00,1.17,484.4,131220
2026-01-26 05:33:00+00:00,1.12,488.8,160719
2026-01-26 05:34:00+00:00,1.08,488.1,168399
2026-01-26 05:35:00+00:00,1.09,485.8,149413
2026-01-26 05:36:00+00:00,1.26,484.9,134742
2026-01-26 05:37:00+00:00,1.34,484.7,124074
2026-01-26 05:38:00+00:00,1.31,485.8,125509
2026-01-26 05:39:00+00:00,1.47,484.4,94536
2026-01-26 05:40:00+00:00,1.44,483.7,99201
2026-01-26 05:41:00+00:00,1.40,482.6,80320
2026-01-26 05:42:00+00:00,1.40,482.3,107484
2026-01-26 05:43:00+00:00,1.43,482.6,92204
2026-01-26 05:44:00+00:00,1.63,483.0,92339
2026-01-26 05:45:00+00:00,1.51,480.8,79800
2026-01-26 05:46:00+00:00,1.47,480.2,76618
2026-01-26 05:47:00+00:00,1.42,483.5,74167
2026-01-26 05:48:00+00:00,1.45,480.9,74116
2026-01-26 05:49:00+00:00,1.51,480.7,83006
2026-01-26 05:50:00+00:00,1.60,484.3,90780
2026-01-26 05:51:00+00:00,1.63,487.4,86092
2026-01-26 05:52:00+00:00,1.61,485.8,82008
2026-01-26 05:53:00+00:00,1.62,479.8,88094
2026-01-26 05:54:00+00:00,1.56,477.7,89297
2026-01-26 05:55:00+00:00,1.59,479.3,94946
2026-01-26 05:56:00+00:00,1.12,477.3,120971
2026-01-26 05:57:00+00:00,1.72,485.0,96458
2026-01-26 05:58:00+00:00,1.59,472.5,68432
2026-01-26 05:59:00+00:00,1.70,470.8,74914
2026-01-26 06:00:00+00:00,1.50,474.5,67759
2026-01-26 06:01:00+00:00,1.54,470.5,69359
2026-01-26 06:02:00+00:00,1.58,471.3,72950
2026-01-26 06:03:00+00:00,1.77,472.9,78819
2026-01-26 06:04:00+00:00,1.63,475.1,74147
2026-01-26 06:05:00+00:00,1.78,483.0,82984
2026-01-26 06:06:00+00:00,1.88,485.6,86258
2026-01-26 06:07:00+00:00,1.70,482.1,76708
2026-01-26 06:08:00+00:00,1.76,483.9,77911
2026-01-26 06:09:00+00:00,1.84,486.4,80041
2026-01-26 06:10:00+00:00,1.80,485.2,80799
2026-01-26 06:11:00+00:00,1.74,482.2,77988
2026-01-26 06:12:00+00:00,1.67,482.7,77921
2026-01-26 06:13:00+00:00,1.87,491.5,89210
2026-01-26 06:14:00+00:00,1.96,492.9,84911
2026-01-26 06:15:00+00:00,1.61,484.4,87767
2026-01-26 06:16:00+00:00,1.85,488.1,101105
2026-01-26 06:17:00+00:00,1.58,484.8,94866
2026-01-26 06:18:00+00:00,1.71,488.3,85729
2026-01-26 06:19:00+00:00,1.78,490.0,83158
2026-01-26 06:20:00+00:00,1.73,488.3,81538
2026-01-26 06:21:00+00:00,1.64,488.6,85443
2026-01-26 06:22:00+00:00,1.69,491.0,86312
2026-01-26 06:23:00+00:00,1.62,492.6,83515
2026-01-26 06:24:00+00:00,1.44,491.3,84258
2026-01-26 06:25:00+00:00,1.65,490.9,88698
2026-01-26 06:27:00+00:00,1.56,490.5,100598
2026-01-26 06:28:00+00:00,1.16,492.6,168149
2026-01-26 06:29:00+00:00,1.28,494.0,202287
2026-01-26 06:30:00+00:00,1.32,488.0,126538
2026-01-26 06:31:00+00:00,1.46,487.9,127942
2026-01-26 06:32:00+00:00,1.57,490.1,125305
2026-01-26 06:33:00+00:00,1.69,491.4,113011
2026-01-26 06:34:00+00:00,2.07,496.6,115360
2026-01-26 06:35:00+00:00,1.78,541.9,121893
2026-01-26 06:36:00+00:00,1.70,560.2,120562
2026-01-26 06:37:00+00:00,1.88,539.6,127711
2026-01-26 06:38:00+00:00,1.73,523.5,135705
2026-01-26 06:39:00+00:00,1.50,514.9,120449
2026-01-26 06:40:00+00:00,1.37,503.9,149471
2026-01-26 06:41:00+00:00,0.99,507.2,246093
2026-01-26 06:42:00+00:00,1.02,515.2,231644
2026-01-26 06:43:00+00:00,1.20,546.0,243160
2026-01-26 06:44:00+00:00,1.01,550.3,273112
2026-01-26 06:45:00+00:00,0.65,547.8,281165
2026-01-26 06:46:00+00:00,0.68,525.3,465479
2026-01-26 06:47:00+00:00,0.39,523.7,481168
2026-01-26 06:48:00+00:00,0.59,526.3,320162
2026-01-26 06:49:00+00:00,0.71,524.3,263300
2026-01-26 06:50:00+00:00,0.66,530.1,414207
2026-01-26 06:51:00+00:00,0.36,482.1,179351
2026-01-26 06:52:00+00:00,0.23,457.0,33035
2026-01-26 06:53:00+00:00,0.62,545.7,352631
2026-01-26 06:54:00+00:00,0.55,554.3,420340
2026-01-26 06:55:00+00:00,0.65,545.3,419085
2026-01-26 06:56:00+00:00,0.90,518.2,290515
2026-01-26 06:57:00+00:00,0.92,521.7,276211
2026-01-26 06:58:00+00:00,0.98,523.5,266609
2026-01-26 06:59:00+00:00,1.10,524.3,166037
2026-01-26 07:00:00+00:00,0.99,533.8,256806
2026-01-26 07:01:00+00:00,0.93,523.1,248921
2026-01-26 07:02:00+00:00,1.02,519.3,191374
2026-01-26 07:03:00+00:00,1.14,578.2,271322
2026-01-26 07:04:00+00:00,1.17,593.2,194396
2026-01-26 07:05:00+00:00,0.92,579.2,128261
2026-01-26 07:06:00+00:00,1.16,554.8,122176
2026-01-26 07:07:00+00:00,1.32,550.2,140837
2026-01-26 07:08:00+00:00,1.28,520.5,179537
2026-01-26 07:09:00+00:00,1.42,500.4,174389
2026-01-26 07:10:00+00:00,1.41,494.5,156958
2026-01-26 07:11:00+00:00,0.88,483.4,148367
2026-01-26 07:12:00+00:00,0.37,479.2,120303
2026-01-26 07:13:00+00:00,0.30,481.6,107010
2026-01-26 08:09:00+00:00,0.37,485.2,137510
2026-01-26 08:10:00+00:00,0.17,471.8,88795
2026-01-26 08:11:00+00:00,0.09,440.7,42195
2026-01-26 08:12:00+00:00,0.15,461.4,115963
2026-01-26 08:13:00+00:00,0.13,471.5,132889
2026-01-26 08:14:00+00:00,0.10,485.5,286504
2026-01-26 08:15:00+00:00,0.13,505.5,494423
2026-01-26 08:16:00+00:00,0.51,497.6,372599
2026-01-26 08:17:00+00:00,1.10,504.7,163876
2026-01-26 08:18:00+00:00,0.68,494.9,173613
2026-01-26 08:19:00+00:00,0.74,481.8,134774
2026-01-26 08:20:00+00:00,0.11,456.5,80236
2026-01-26 08:21:00+00:00,0.10,445.5,31552
2026-01-26 08:22:00+00:00,0.06,455.7,32752
2026-01-26 08:23:00+00:00,0.05,451.1,55730
2026-01-26 08:24:00+00:00,0.14,524.1,521500
2026-01-26 08:25:00+00:00,0.15,521.2,478333
2026-01-26 08:26:00+00:00,0.10,472.6,181125
2026-01-26 08:27:00+00:00,0.09,452.5,86248
2026-01-26 08:28:00+00:00,0.09,444.2,54119
2026-01-26 08:29:00+00:00,0.14,466.6,242421
2026-01-26 08:30:00+00:00,0.12,475.7,251081
2026-01-26 08:31:00+00:00,0.05,459.3,50328
2026-01-26 08:32:00+00:00,0.06,458.9,103737
2026-01-26 08:33:00+00:00,0.08,461.2,98932
2026-01-26 08:34:00+00:00,0.15,465.4,90228
2026-01-26 08:35:00+00:00,0.15,458.5,111062
2026-01-26 08:36:00+00:00,0.13,461.6,128532
2026-01-26 08:37:00+00:00,0.13,457.9,119168
2026-01-26 08:38:00+00:00,0.18,470.0,127599
2026-01-26 08:39:00+00:00,1.02,462.3,122768
2026-01-26 08:40:00+00:00,0.57,500.3,107581
2026-01-26 08:41:00+00:00,0.73,471.3,64521
2026-01-26 08:42:00+00:00,0.28,456.7,61590
2026-01-26 08:43:00+00:00,0.73,461.0,73013
2026-01-26 08:44:00+00:00,0.77,485.8,130236
2026-01-26 08:45:00+00:00,0.59,493.8,190741
2026-01-26 08:46:00+00:00,0.41,470.2,136012
2026-01-26 08:47:00+00:00,0.47,451.4,52937
2026-01-26 08:48:00+00:00,0.80,467.2,168737
2026-01-26 08:49:00+00:00,0.61,492.5,384541
2026-01-26 08:50:00+00:00,0.53,485.9,323703
2026-01-26 08:51:00+00:00,0.63,467.5,92082
2026-01-26 08:52:00+00:00,0.91,450.2,60815
2026-01-26 08:53:00+00:00,0.47,481.5,78359
2026-01-26 08:54:00+00:00,0.40,470.2,53537
2026-01-26 08:55:00+00:00,0.29,453.7,25483
2026-01-26 08:56:00+00:00,0.38,468.3,47920
2026-01-26 08:57:00+00:00,0.36,467.4,42986
2026-01-26 08:58:00+00:00,0.57,472.8,49601
2026-01-26 08:59:00+00:00,0.64,475.1,52797
2026-01-26 09:02:00+00:00,0.60,472.7,44837
2026-01-26 09:03:00+00:00,0.60,472.7,44837
2026-01-26 09:05:00+00:00,0.61,471.7,53104
2026-01-26 09:06:00+00:00,0.67,473.2,69008
2026-01-26 09:07:00+00:00,0.88,477.9,121632
2026-01-26 09:08:00+00:00,0.85,471.1,50081
2026-01-26 09:09:00+00:00,0.80,471.4,48443
2026-01-26 09:10:00+00:00,0.99,473.8,56742
2026-01-26 09:11:00+00:00,0.79,479.9,166449
2026-01-26 09:12:00+00:00,0.73,469.3,63632
2026-01-26 09:13:00+00:00,0.75,469.9,47993
2026-01-26 09:14:00+00:00,0.78,471.1,51988
2026-01-26 09:15:00+00:00,0.90,478.5,116582
2026-01-26 09:16:00+00:00,0.88,482.0,158419
2026-01-26 09:17:00+00:00,0.86,480.7,149448
2026-01-26 09:18:00+00:00,0.90,479.2,142569
2026-01-26 09:19:00+00:00,0.91,481.5,155288
2026-01-26 09:20:00+00:00,0.96,484.8,155485
2026-01-26 09:21:00+00:00,1.10,483.6,134776
2026-01-26 09:22:00+00:00,1.20,486.1,120086
2026-01-26 09:23:00+00:00,1.21,488.9,131773
2026-01-26 09:24:00+00:00,1.19,486.7,112220
2026-01-26 09:25:00+00:00,1.28,484.4,112594
2026-01-26 09:26:00+00:00,1.05,483.3,104859
2026-01-26 09:27:00+00:00,1.54,486.6,113376
2026-01-26 09:28:00+00:00,1.38,502.1,142749
2026-01-26 09:29:00+00:00,1.36,512.3,130706
2026-01-26 09:30:00+00:00,1.50,522.7,101644
2026-01-26 09:31:00+00:00,1.67,521.6,110570
2026-01-26 09:32:00+00:00,1.79,523.7,111249
2026-01-26 09:33:00+00:00,1.71,518.6,113587
2026-01-26 09:34:00+00:00,1.56,517.6,105971
2026-01-26 09:35:00+00:00,1.68,516.8,105709
2026-01-26 09:36:00+00:00,1.92,505.8,130200
2026-01-26 09:38:00+00:00,1.57,550.7,89114
2026-01-26 09:39:00+00:00,1.66,545.9,95927
2026-01-26 09:40:00+00:00,2.20,513.3,140663
2026-01-26 09:41:00+00:00,1.21,497.5,147016
2026-01-26 09:42:00+00:00,0.92,486.9,214355
2026-01-26 09:43:00+00:00,0.87,486.9,219249
2026-01-26 09:44:00+00:00,0.72,488.0,262004
2026-01-26 09:45:00+00:00,0.75,470.2,92182
2026-01-26 09:46:00+00:00,0.88,479.9,166201
2026-01-26 09:47:00+00:00,0.80,491.0,265011
2026-01-26 09:48:00+00:00,0.89,491.5,230472
2026-01-26 09:49:00+00:00,0.94,487.5,192932
2026-01-26 09:50:00+00:00,1.02,487.1,185846
2026-01-26 09:51:00+00:00,1.26,487.1,171461
2026-01-26 09:52:00+00:00,1.34,485.8,172018
2026-01-26 09:53:00+00:00,1.06,489.6,207434
2026-01-26 09:54:00+00:00,0.83,490.7,254965
2026-01-26 09:55:00+00:00,1.38,479.5,144469
2026-01-26 09:56:00+00:00,1.05,478.4,174900
2026-01-26 09:57:00+00:00,1.06,482.4,172164
2026-01-26 09:58:00+00:00,0.72,471.0,64719
2026-01-26 10:02:00+00:00,0.86,481.9,229748
2026-01-26 10:03:00+00:00,0.92,483.9,217560
2026-01-26 10:04:00+00:00,0.76,485.7,244590
2026-01-26 10:05:00+00:00,0.50,472.3,150957
2026-01-26 10:06:00+00:00,0.56,470.4,136728
2026-01-26 10:07:00+00:00,0.84,483.6,222133
2026-01-26 10:08:00+00:00,0.81,477.6,151446
2026-01-26 10:09:00+00:00,0.51,461.3,52216
2026-01-26 10:11:00+00:00,1.07,480.0,167190
2026-01-26 10:12:00+00:00,1.06,480.2,171561
2026-01-26 10:13:00+00:00,0.85,483.2,232755
2026-01-26 10:14:00+00:00,2.22,483.1,113129
2026-01-26 10:15:00+00:00,1.18,489.4,179422
2026-01-26 10:16:00+00:00,0.98,470.2,67361
2026-01-26 10:17:00+00:00,1.04,483.3,172528
2026-01-26 10:18:00+00:00,1.35,485.2,178455
2026-01-26 10:19:00+00:00,1.24,489.9,178875
2026-01-26 10:20:00+00:00,0.80,472.3,95963
2026-01-26 10:21:00+00:00,0.70,488.1,143699
2026-01-26 10:22:00+00:00,0.82,505.5,240173
2026-01-26 10:23:00+00:00,0.86,496.4,229890
2026-01-26 10:24:00+00:00,0.86,494.9,190713
2026-01-26 10:25:00+00:00,0.76,496.8,215531
2026-01-26 10:26:00+00:00,0.80,513.8,384811
2026-01-26 10:27:00+00:00,0.93,512.5,376957
2026-01-26 10:28:00+00:00,1.65,503.3,230696
2026-01-26 10:29:00+00:00,0.98,505.2,411421
2026-01-26 10:30:00+00:00,2.84,546.5,248071
2026-01-26 10:31:00+00:00,2.36,568.2,90404
2026-01-26 10:32:00+00:00,2.65,572.2,66828
2026-01-26 10:33:00+00:00,2.59,575.0,69676
2026-01-26 10:34:00+00:00,2.59,573.6,67279
2026-01-26 10:35:00+00:00,2.60,572.1,73788
2026-01-26 10:36:00+00:00,2.25,573.9,76500
2026-01-26 10:37:00+00:00,2.25,572.5,73399
2026-01-26 10:38:00+00:00,2.19,570.9,72566
2026-01-26 10:39:00+00:00,2.00,571.0,85844
2026-01-26 10:40:00+00:00,2.09,570.2,103071
2026-01-26 10:41:00+00:00,2.02,571.4,102711
2026-01-26 10:42:00+00:00,2.22,570.9,105356
2026-01-26 10:44:00+00:00,1.85,568.1,95184
2026-01-26 10:45:00+00:00,1.85,568.1,95184
2026-01-26 10:46:00+00:00,2.28,568.2,87982
2026-01-26 10:47:00+00:00,2.15,567.2,79264
2026-01-26 10:48:00+00:00,2.68,563.6,77284
2026-01-26 10:49:00+00:00,2.56,564.2,74907
2026-01-26 10:50:00+00:00,2.67,557.0,72622
2026-01-26 10:51:00+00:00,2.48,558.0,81493
2026-01-26 10:52:00+00:00,2.49,558.6,87063
2026-01-26 10:53:00+00:00,2.54,547.5,78119
2026-01-26 10:54:00+00:00,2.78,548.3,78439
2026-01-26 10:55:00+00:00,3.14,560.0,91355
2026-01-26 10:56:00+00:00,3.07,561.2,90983
2026-01-26 10:57:00+00:00,2.74,562.1,91383
2026-01-26 10:58:00+00:00,2.42,562.5,124401
2026-01-26 10:59:00+00:00,2.45,561.3,140999
2026-01-26 11:00:00+00:00,2.60,564.6,124371
2026-01-26 11:01:00+00:00,2.53,564.9,60635
2026-01-26 11:02:00+00:00,2.87,565.7,62343
2026-01-26 11:03:00+00:00,3.23,563.4,55420
2026-01-26 11:04:00+00:00,2.72,566.2,60300
2026-01-26 11:05:00+00:00,2.98,563.3,57365
2026-01-26 11:06:00+00:00,2.89,563.3,60239
2026-01-26 11:07:00+00:00,3.00,562.7,57428
2026-01-26 11:08:00+00:00,2.89,563.0,59738
2026-01-26 11:09:00+00:00,2.93,561.6,60152
2026-01-26 11:10:00+00:00,3.01,559.8,60961
2026-01-26 11:11:00+00:00,3.02,559.9,61609
2026-01-26 11:12:00+00:00,2.92,559.2,60203
2026-01-26 11:13:00+00:00,2.53,556.4,66900
2026-01-26 11:14:00+00:00,2.55,542.1,85004
2026-01-26 11:15:00+00:00,1.61,492.4,145293
2026-01-26 11:18:00+00:00,0.74,505.2,284156
2026-01-26 11:19:00+00:00,0.99,514.8,306064
2026-01-26 11:20:00+00:00,0.92,515.9,273398
2026-01-26 11:21:00+00:00,0.96,516.5,260084
2026-01-26 11:22:00+00:00,0.84,524.1,280400
2026-01-26 11:23:00+00:00,0.82,526.2,267254
2026-01-26 11:24:00+00:00,0.81,528.4,236401
2026-01-26 11:25:00+00:00,0.60,513.1,156800
2026-01-26 11:26:00+00:00,0.65,502.7,173181
2026-01-26 11:27:00+00:00,0.87,508.3,253029
2026-01-26 11:28:00+00:00,0.71,499.8,189232
2026-01-26 11:29:00+00:00,0.44,497.3,137797
2026-01-26 11:30:00+00:00,0.27,525.6,263336
2026-01-26 11:31:00+00:00,0.14,466.2,90994
2026-01-26 11:32:00+00:00,0.20,472.4,91933
2026-01-26 11:33:00+00:00,0.61,508.0,244605
2026-01-26 11:34:00+00:00,0.29,531.2,358318
2026-01-26 11:35:00+00:00,0.14,490.0,106227
2026-01-26 11:36:00+00:00,0.71,495.0,219029
2026-01-26 11:37:00+00:00,0.69,501.9,235382
2026-01-26 11:38:00+00:00,0.40,517.9,276436
2026-01-26 11:39:00+00:00,0.78,506.0,200806
2026-01-26 11:40:00+00:00,0.92,502.3,188758
2026-01-26 11:41:00+00:00,0.91,501.1,231627
2026-01-26 11:42:00+00:00,1.00,496.2,232005
2026-01-26 11:43:00+00:00,1.23,489.1,168541
2026-01-26 11:44:00+00:00,1.75,484.5,116058
2026-01-26 11:45:00+00:00,2.10,493.5,157320
2026-01-26 11:46:00+00:00,1.55,495.2,200993
2026-01-26 11:47:00+00:00,1.14,500.9,195220
2026-01-26 11:48:00+00:00,1.14,504.5,190522
2026-01-26 11:51:00+00:00,2.21,492.1,132671
2026-01-26 11:52:00+00:00,1.76,490.4,147395
2026-01-26 11:53:00+00:00,1.43,491.7,195095
2026-01-26 11:54:00+00:00,1.35,492.5,206418
2026-01-26 11:55:00+00:00,1.20,495.5,215486
2026-01-26 11:56:00+00:00,0.70,475.2,133661
2026-01-26 11:57:00+00:00,0.80,481.2,168126
2026-01-26 11:58:00+00:00,0.87,515.4,193302
2026-01-26 11:59:00+00:00,0.40,499.6,85315
2026-01-26 12:00:00+00:00,0.26,449.9,29561
2026-01-26 12:01:00+00:00,0.58,466.4,108047
2026-01-26 12:02:00+00:00,1.03,493.6,221464
2026-01-26 12:03:00+00:00,0.98,470.6,83413
2026-01-26 12:04:00+00:00,1.01,497.2,223023
2026-01-26 12:05:00+00:00,0.38,470.9,124116
2026-01-26 12:06:00+00:00,0.60,524.3,256065
2026-01-26 12:07:00+00:00,0.33,477.2,125060
2026-01-26 12:08:00+00:00,0.40,520.1,285703
2026-01-26 12:09:00+00:00,0.43,533.4,317653
2026-01-26 12:10:00+00:00,0.41,529.1,241508
2026-01-26 12:11:00+00:00,0.66,526.8,183709
2026-01-26 12:12:00+00:00,0.93,518.4,198007
2026-01-26 12:13:00+00:00,0.98,514.9,212676
2026-01-26 12:14:00+00:00,1.00,515.2,206552
2026-01-26 12:15:00+00:00,1.10,512.7,185383
2026-01-26 12:16:00+00:00,1.06,513.5,162786
2026-01-26 12:17:00+00:00,0.76,517.1,193793
2026-01-26 12:18:00+00:00,0.50,514.1,232921
2026-01-26 12:19:00+00:00,1.00,503.2,170114
2026-01-26 12:20:00+00:00,0.92,502.0,142223
2026-01-26 12:21:00+00:00,0.94,506.8,169357
2026-01-26 12:22:00+00:00,0.85,506.1,168265
2026-01-26 12:23:00+00:00,0.85,506.1,168265
2026-01-26 12:26:00+00:00,0.76,508.8,135713
2026-01-26 12:27:00+00:00,0.43,513.4,209466
2026-01-26 12:28:00+00:00,0.31,503.7,269185
2026-01-26 12:29:00+00:00,0.47,489.4,204558
2026-01-26 12:30:00+00:00,0.53,501.5,138791
2026-01-26 12:31:00+00:00,0.51,521.9,133744
2026-01-26 12:32:00+00:00,0.57,524.1,120086
2026-01-26 12:33:00+00:00,0.64,533.2,137137
2026-01-26 12:34:00+00:00,0.78,542.2,165374
2026-01-26 12:35:00+00:00,0.69,517.6,110287
2026-01-26 12:36:00+00:00,0.65,514.0,104107
2026-01-26 12:37:00+00:00,0.43,516.1,140379
2026-01-26 12:38:00+00:00,0.65,526.5,138009
2026-01-26 12:39:00+00:00,0.78,454.6,24450
2026-01-26 12:40:00+00:00,0.55,464.3,18965
2026-01-26 12:41:00+00:00,1.69,468.0,46766
2026-01-26 12:42:00+00:00,1.68,509.4,168695
2026-01-26 12:43:00+00:00,1.93,504.9,130699
2026-01-26 12:44:00+00:00,2.20,503.8,111310
2026-01-26 12:45:00+00:00,2.09,494.0,87069
2026-01-26 12:46:00+00:00,1.50,493.7,91134
2026-01-26 12:47:00+00:00,0.93,512.3,129212
2026-01-26 12:48:00+00:00,1.09,510.0,119588
2026-01-26 12:49:00+00:00,1.47,507.7,135717
2026-01-26 12:50:00+00:00,0.79,536.8,182718
2026-01-26 12:51:00+00:00,0.95,516.8,134256
2026-01-26 12:52:00+00:00,2.66,521.8,154606
2026-01-26 12:53:00+00:00,1.47,461.4,50610
2026-01-26 12:54:00+00:00,2.01,518.6,327593
2026-01-26 12:55:00+00:00,1.94,493.1,164457
2026-01-26 12:56:00+00:00,1.86,488.1,139055
2026-01-26 12:57:00+00:00,1.77,472.8,118689
2026-01-26 12:58:00+00:00,1.75,469.1,114127
2026-01-26 12:59:00+00:00,1.77,490.2,148767
2026-01-26 13:00:00+00:00,1.65,489.2,145434
2026-01-26 13:01:00+00:00,1.48,493.6,159100
2026-01-26 13:02:00+00:00,1.77,499.7,147233
2026-01-26 13:03:00+00:00,2.02,499.8,118710
2026-01-26 13:04:00+00:00,1.57,488.6,103750
2026-01-26 13:05:00+00:00,1.41,484.4,103832
2026-01-26 13:06:00+00:00,2.10,514.4,178687
2026-01-26 13:07:00+00:00,1.95,495.3,117570
2026-01-26 13:08:00+00:00,1.91,498.6,115304
2026-01-26 13:09:00+00:00,1.02,477.8,79141
2026-01-26 13:10:00+00:00,2.27,525.0,184472
2026-01-26 13:11:00+00:00,1.77,501.8,107927
2026-01-26 13:12:00+00:00,2.08,508.7,131939
2026-01-26 13:13:00+00:00,2.06,505.1,120515
2026-01-26 13:14:00+00:00,1.89,498.7,93607
2026-01-26 13:15:00+00:00,1.61,500.7,106792
2026-01-26 13:16:00+00:00,1.48,486.8,92709
2026-01-26 13:17:00+00:00,1.90,501.0,126266
2026-01-26 13:18:00+00:00,2.27,507.6,136580
2026-01-26 13:19:00+00:00,2.06,492.5,99130
2026-01-26 13:20:00+00:00,1.68,485.0,83185
2026-01-26 13:21:00+00:00,1.68,478.3,88855
2026-01-26 13:22:00+00:00,2.29,512.2,180116
2026-01-26 13:23:00+00:00,2.32,496.3,103806
2026-01-26 13:24:00+00:00,2.21,500.8,106352
2026-01-26 13:25:00+00:00,1.92,470.3,59882
2026-01-26 13:26:00+00:00,3.47,509.4,167496
2026-01-26 13:27:00+00:00,2.65,490.2,107741
2026-01-26 13:28:00+00:00,2.29,487.6,96777
2026-01-26 13:29:00+00:00,3.13,499.0,131364
2026-01-26 13:30:00+00:00,3.05,489.7,109576
2026-01-26 13:31:00+00:00,2.94,485.3,98416
2026-01-26 13:32:00+00:00,1.22,469.7,54938
2026-01-26 13:33:00+00:00,2.26,491.2,111528
2026-01-26 13:34:00+00:00,3.01,507.9,146891
2026-01-26 13:35:00+00:00,2.97,504.2,134745
2026-01-26 13:36:00+00:00,2.54,487.3,107194
2026-01-26 13:37:00+00:00,1.37,462.7,45678
2026-01-26 13:38:00+00:00,1.81,481.9,74129
2026-01-26 13:39:00+00:00,2.84,499.0,127368
2026-01-26 13:40:00+00:00,3.85,493.0,133116
2026-01-26 13:41:00+00:00,1.53,464.3,44781
2026-01-26 13:42:00+00:00,3.82,494.8,76325
2026-01-26 13:43:00+00:00,3.29,489.2,88669
2026-01-26 13:44:00+00:00,2.94,469.7,58889
2026-01-26 13:45:00+00:00,3.00,505.0,135694
2026-01-26 13:46:00+00:00,3.55,507.2,161288
2026-01-26 13:47:00+00:00,3.03,495.4,113202
2026-01-26 13:48:00+00:00,2.28,467.4,57519
2026-01-26 13:49:00+00:00,2.17,474.0,60068
2026-01-26 13:50:00+00:00,3.04,493.1,103368
2026-01-26 13:51:00+00:00,3.78,487.3,108985
2026-01-26 13:52:00+00:00,3.06,468.8,62832
2026-01-26 13:53:00+00:00,2.46,459.6,51909
2026-01-26 13:54:00+00:00,4.10,491.1,105781
2026-01-26 13:55:00+00:00,4.54,485.9,110350
2026-01-26 13:56:00+00:00,3.04,479.4,85865
2026-01-26 13:57:00+00:00,3.87,486.8,110902
2026-01-26 13:58:00+00:00,3.90,485.4,84336
2026-01-26 13:59:00+00:00,2.87,484.5,75201
2026-01-26 14:00:00+00:00,1.55,456.5,37122
2026-01-26 14:01:00+00:00,3.63,491.9,113208
2026-01-26 14:02:00+00:00,4.42,514.6,120236
2026-01-26 14:03:00+00:00,2.25,506.3,124393
2026-01-26 14:04:00+00:00,1.13,499.8,128914
2026-01-26 14:05:00+00:00,0.90,496.2,103782
2026-01-26 14:06:00+00:00,1.07,493.7,108398
2026-01-26 14:07:00+00:00,1.26,490.9,113674
2026-01-26 14:08:00+00:00,1.21,489.0,111018
2026-01-26 14:09:00+00:00,1.75,495.2,123321
2026-01-26 14:10:00+00:00,3.20,512.3,151746
2026-01-26 14:11:00+00:00,2.82,506.5,118345
2026-01-26 14:12:00+00:00,1.69,474.1,48325
2026-01-26 14:13:00+00:00,2.80,519.5,138721
2026-01-26 14:14:00+00:00,3.04,515.8,164175
2026-01-26 14:15:00+00:00,2.51,505.4,90924
2026-01-26 14:16:00+00:00,1.71,465.5,37653
2026-01-26 14:17:00+00:00,2.56,510.6,118254
2026-01-26 14:18:00+00:00,2.97,514.3,132457
2026-01-26 14:19:00+00:00,3.02,507.5,117572
2026-01-26 14:20:00+00:00,2.53,493.2,83618
2026-01-26 14:21:00+00:00,2.42,492.0,102225
2026-01-26 14:22:00+00:00,2.20,497.5,135066
2026-01-26 14:23:00+00:00,1.55,492.2,132696
2026-01-26 14:24:00+00:00,1.39,489.6,132112
2026-01-26 14:25:00+00:00,1.48,502.4,162730
2026-01-26 14:26:00+00:00,1.07,513.8,220600
2026-01-26 14:27:00+00:00,0.87,501.0,173997
2026-01-26 14:28:00+00:00,1.79,480.5,73737
2026-01-26 14:29:00+00:00,3.17,489.6,199111
2026-01-26 14:30:00+00:00,2.51,490.6,123163
2026-01-26 14:31:00+00:00,2.10,480.7,115754
2026-01-26 14:32:00+00:00,2.71,473.4,110823
2026-01-26 14:33:00+00:00,3.07,470.6,93209
2026-01-26 14:34:00+00:00,2.34,473.0,121427
2026-01-26 14:35:00+00:00,2.46,474.6,131789
2026-01-26 14:36:00+00:00,2.28,475.5,139530
2026-01-26 14:37:00+00:00,2.03,475.8,145170
2026-01-26 14:38:00+00:00,2.29,483.3,112757
2026-01-26 14:39:00+00:00,2.17,484.7,118366
2026-01-26 14:40:00+00:00,1.90,485.2,133594
2026-01-26 14:41:00+00:00,1.67,481.7,147622
2026-01-26 14:42:00+00:00,1.59,482.5,141099
2026-01-26 14:43:00+00:00,2.05,495.2,110104
2026-01-26 14:44:00+00:00,3.23,538.0,106631
2026-01-26 14:45:00+00:00,3.54,540.2,102386
2026-01-26 14:46:00+00:00,3.15,546.2,101617
2026-01-26 14:47:00+00:00,3.77,548.8,224986
2026-01-26 14:48:00+00:00,1.04,474.7,80134
2026-01-26 14:49:00+00:00,1.13,498.2,191797
2026-01-26 14:50:00+00:00,1.02,491.6,153991
2026-01-26 14:51:00+00:00,0.97,490.3,150916
2026-01-26 14:52:00+00:00,0.98,504.8,184408
2026-01-26 14:53:00+00:00,1.18,494.5,159918
2026-01-26 14:54:00+00:00,1.26,480.6,145615
2026-01-26 14:55:00+00:00,1.32,476.2,142945
2026-01-26 14:56:00+00:00,1.47,478.7,160739
2026-01-26 14:57:00+00:00,1.03,492.2,222705
2026-01-26 14:58:00+00:00,0.44,467.0,101240
2026-01-26 14:59:00+00:00,0.79,497.0,158039
2026-01-26 15:00:00+00:00,0.78,469.5,105643
2026-01-26 15:01:00+00:00,0.41,463.9,118787
2026-01-26 15:02:00+00:00,1.09,486.1,162950
2026-01-26 15:03:00+00:00,1.42,479.9,165808
2026-01-26 15:04:00+00:00,1.88,477.1,105177
2026-01-26 15:05:00+00:00,1.87,483.3,132505
2026-01-26 15:06:00+00:00,1.73,480.8,118447
2026-01-26 15:07:00+00:00,1.39,474.2,96534
2026-01-26 15:08:00+00:00,1.67,479.5,135565
2026-01-26 15:09:00+00:00,1.90,483.6,146826
2026-01-26 15:10:00+00:00,1.85,482.5,129983
2026-01-26 15:13:00+00:00,2.62,482.2,110148
2026-01-26 15:14:00+00:00,2.34,482.9,115318
2026-01-26 15:15:00+00:00,2.20,487.5,111570
2026-01-26 15:16:00+00:00,2.79,484.2,108743
2026-01-26 15:17:00+00:00,2.05,,
2026-01-26 15:18:00+00:00,2.05,481.9,118067
2026-01-26 15:19:00+00:00,3.19,483.9,90991
2026-01-26 15:20:00+00:00,3.48,505.2,145345
2026-01-26 15:21:00+00:00,3.57,503.6,124861
2026-01-26 15:22:00+00:00,2.37,493.3,99095
2026-01-26 15:23:00+00:00,1.33,467.6,53080
2026-01-26 15:24:00+00:00,2.39,484.7,121277
2026-01-26 15:25:00+00:00,2.73,487.7,130751
2026-01-26 15:26:00+00:00,2.58,482.0,112905
2026-01-26 15:27:00+00:00,2.12,472.9,95078
2026-01-26 15:28:00+00:00,1.70,469.9,85851
2026-01-26 15:29:00+00:00,3.01,499.2,148801
2026-01-26 15:30:00+00:00,3.19,482.0,94347
2026-01-26 15:31:00+00:00,2.51,473.5,71387
2026-01-26 15:32:00+00:00,3.57,495.7,149372
2026-01-26 15:33:00+00:00,2.32,477.5,86741
2026-01-26 15:34:00+00:00,3.45,486.2,101751
2026-01-26 15:35:00+00:00,1.64,461.0,55540
2026-01-26 15:36:00+00:00,3.41,493.9,148009
2026-01-26 15:37:00+00:00,2.77,478.9,104803
2026-01-26 15:38:00+00:00,3.07,480.6,98835
2026-01-26 15:39:00+00:00,3.01,477.5,65156
2026-01-26 15:40:00+00:00,3.26,483.3,89073
2026-01-26 15:41:00+00:00,3.33,486.7,109659
2026-01-26 15:42:00+00:00,3.30,486.4,99973
2026-01-26 15:43:00+00:00,3.38,487.4,93653
2026-01-26 15:46:00+00:00,3.01,479.6,85410
2026-01-26 15:47:00+00:00,3.16,477.0,80754
2026-01-26 15:48:00+00:00,3.06,485.7,113165
2026-01-26 15:49:00+00:00,3.19,486.0,93401
2026-01-26 15:50:00+00:00,2.49,485.2,92983
2026-01-26 15:51:00+00:00,2.80,483.5,91953
2026-01-26 15:52:00+00:00,3.17,493.4,123606
2026-01-26 15:53:00+00:00,2.97,484.7,104910
2026-01-26 15:54:00+00:00,2.57,481.9,94819
2026-01-26 15:55:00+00:00,2.62,479.0,102833
2026-01-26 15:56:00+00:00,2.59,478.1,105416
2026-01-26 15:57:00+00:00,2.46,476.6,96621
2026-01-26 15:58:00+00:00,2.22,471.6,85341
2026-01-26 16:00:00+00:00,3.02,480.0,94702
2026-01-26 16:01:00+00:00,2.85,480.4,89736
2026-01-26 16:02:00+00:00,2.29,474.0,69144
2026-01-26 16:03:00+00:00,1.95,455.6,53358
2026-01-26 16:04:00+00:00,2.67,500.2,129594
2026-01-26 16:05:00+00:00,3.51,493.3,141815
2026-01-26 16:06:00+00:00,3.89,488.8,127942
2026-01-26 16:07:00+00:00,2.03,446.9,43119
2026-01-26 16:09:00+00:00,3.24,488.7,112992
2026-01-26 16:10:00+00:00,3.29,488.6,98287
2026-01-26 16:11:00+00:00,2.96,487.6,88325
2026-01-26 16:12:00+00:00,3.40,491.6,115864
2026-01-26 16:13:00+00:00,3.20,486.9,113292
2026-01-26 16:14:00+00:00,2.02,471.0,73336
2026-01-26 16:15:00+00:00,2.19,481.2,102758
2026-01-26 16:16:00+00:00,3.47,510.2,176762
2026-01-26 16:19:00+00:00,3.22,481.2,87236
2026-01-26 16:20:00+00:00,3.08,483.0,110403
2026-01-26 16:21:00+00:00,3.38,482.4,93892
2026-01-26 16:22:00+00:00,3.50,486.5,101274
2026-01-26 16:23:00+00:00,3.22,481.9,74377
2026-01-26 16:24:00+00:00,3.19,497.1,105575
2026-01-26 16:25:00+00:00,3.02,500.3,106002
2026-01-26 16:26:00+00:00,2.93,501.2,79312
2026-01-26 16:27:00+00:00,3.26,499.7,89663
2026-01-26 16:28:00+00:00,3.26,498.8,94996
2026-01-26 16:29:00+00:00,3.20,498.9,96201
2026-01-26 16:30:00+00:00,3.14,496.7,96723
2026-01-26 16:31:00+00:00,3.14,494.5,91362
2026-01-26 16:32:00+00:00,3.23,495.3,86377
2026-01-26 16:33:00+00:00,3.15,496.2,85700
2026-01-26 16:34:00+00:00,3.09,496.7,87516
2026-01-26 16:35:00+00:00,2.84,501.5,90898
2026-01-26 16:36:00+00:00,3.00,514.9,113288
2026-01-26 16:37:00+00:00,2.93,518.2,96168
2026-01-26 16:38:00+00:00,2.47,532.1,112318
2026-01-26 16:39:00+00:00,2.19,506.2,77149
2026-01-26 16:40:00+00:00,2.80,524.9,119375
2026-01-26 16:41:00+00:00,2.96,531.5,138046
2026-01-26 16:42:00+00:00,3.16,508.1,94242
2026-01-26 16:43:00+00:00,3.31,511.6,95691
2026-01-26 16:44:00+00:00,3.07,511.4,86264
2026-01-26 16:45:00+00:00,2.86,508.2,80306
2026-01-26 16:46:00+00:00,2.84,493.3,69486
2026-01-26 16:47:00+00:00,2.70,503.2,93983
2026-01-26 16:48:00+00:00,2.68,532.0,145517
2026-01-26 16:49:00+00:00,3.01,518.1,136540
2026-01-26 16:52:00+00:00,3.43,535.7,158198
2026-01-26 16:53:00+00:00,3.56,521.1,93971
2026-01-26 16:54:00+00:00,2.18,492.5,50206
2026-01-26 16:55:00+00:00,2.94,523.3,99168
2026-01-26 16:56:00+00:00,3.85,530.6,146377
2026-01-26 16:57:00+00:00,3.00,515.9,104655
2026-01-26 16:58:00+00:00,2.72,507.2,82436
2026-01-26 16:59:00+00:00,2.84,506.7,97980
2026-01-26 17:00:00+00:00,2.75,504.9,92328
2026-01-26 17:01:00+00:00,2.93,507.4,91254
2026-01-26 17:02:00+00:00,2.99,509.7,87279
2026-01-26 17:03:00+00:00,2.90,510.3,94368
2026-01-26 17:04:00+00:00,2.67,510.8,108715
2026-01-26 17:05:00+00:00,2.24,506.9,87276
2026-01-26 17:06:00+00:00,2.73,504.9,86278
2026-01-26 17:07:00+00:00,2.69,508.0,86603
2026-01-26 17:08:00+00:00,2.83,511.2,90042
2026-01-26 17:09:00+00:00,2.50,507.9,89023
2026-01-26 17:10:00+00:00,2.78,504.7,87721
2026-01-26 17:11:00+00:00,2.84,510.1,88095
2026-01-26 17:12:00+00:00,3.27,510.8,88339
2026-01-26 17:13:00+00:00,3.01,509.7,90574
2026-01-26 17:14:00+00:00,3.23,508.2,89540
2026-01-26 17:15:00+00:00,3.60,525.2,133382
2026-01-26 17:16:00+00:00,3.13,513.3,102894
2026-01-26 17:17:00+00:00,2.77,500.9,71165
2026-01-26 17:18:00+00:00,2.79,476.0,55054
2026-01-26 17:19:00+00:00,2.91,503.1,85792
2026-01-26 17:20:00+00:00,3.04,532.2,120426
2026-01-26 17:21:00+00:00,2.94,514.8,100222
2026-01-26 17:22:00+00:00,2.86,512.0,88574
2026-01-26 17:25:00+00:00,2.32,496.9,57068
2026-01-26 17:26:00+00:00,2.32,475.7,69030
2026-01-26 17:27:00+00:00,3.20,528.6,136559
2026-01-26 17:28:00+00:00,3.37,533.2,155410
2026-01-26 17:29:00+00:00,3.81,529.0,151895
2026-01-26 17:30:00+00:00,3.22,491.3,78520
2026-01-26 17:31:00+00:00,3.47,512.9,116929
2026-01-26 17:32:00+00:00,3.82,524.8,131397
2026-01-26 17:33:00+00:00,3.88,515.3,110484
2026-01-26 17:34:00+00:00,3.77,501.6,82725
2026-01-26 17:35:00+00:00,3.80,504.2,88035
2026-01-26 17:36:00+00:00,3.68,518.2,123820
2026-01-26 17:37:00+00:00,3.17,512.7,112623
2026-01-26 17:38:00+00:00,3.23,506.5,86704
2026-01-26 17:39:00+00:00,3.16,511.5,116199
2026-01-26 17:40:00+00:00,3.52,507.7,99037
2026-01-26 17:41:00+00:00,3.07,509.2,94687
2026-01-26 17:42:00+00:00,3.18,504.5,59536
2026-01-26 17:43:00+00:00,3.20,511.8,112765
2026-01-26 17:44:00+00:00,3.13,505.6,68858
2026-01-26 17:45:00+00:00,2.53,508.3,92241
2026-01-26 17:46:00+00:00,3.04,508.4,89576
2026-01-26 17:47:00+00:00,3.09,509.0,86505
2026-01-26 17:48:00+00:00,2.91,507.6,88260
2026-01-26 17:49:00+00:00,2.95,508.0,89302
2026-01-26 17:50:00+00:00,3.12,509.4,88380
2026-01-26 17:51:00+00:00,3.16,509.5,88520
2026-01-26 17:52:00+00:00,2.89,508.0,87777
2026-01-26 17:53:00+00:00,2.67,506.1,82918
2026-01-26 17:54:00+00:00,3.00,513.7,92769
2026-01-26 17:55:00+00:00,3.29,535.0,134289
2026-01-26 17:58:00+00:00,3.23,508.3,86362
2026-01-26 17:59:00+00:00,3.50,536.8,115149
2026-01-26 18:00:00+00:00,3.20,514.5,100288
2026-01-26 18:01:00+00:00,3.10,509.2,105161
2026-01-26 18:02:00+00:00,3.03,474.3,60274
2026-01-26 18:03:00+00:00,3.02,481.1,55521
2026-01-26 18:04:00+00:00,2.81,511.3,91238
2026-01-26 18:05:00+00:00,2.45,494.2,82428
2026-01-26 18:06:00+00:00,2.35,490.0,89309
2026-01-26 18:07:00+00:00,2.45,508.5,108651
2026-01-26 18:08:00+00:00,2.39,499.8,90828
2026-01-26 18:09:00+00:00,2.35,487.6,83002
2026-01-26 18:10:00+00:00,2.03,466.8,53966
2026-01-26 18:11:00+00:00,0.51,457.0,41460
2026-01-26 18:12:00+00:00,2.57,519.0,196449
2026-01-26 18:13:00+00:00,1.31,517.7,152523
2026-01-26 18:14:00+00:00,1.50,501.4,108882
2026-01-26 18:15:00+00:00,1.91,516.6,167948
2026-01-26 18:16:00+00:00,2.20,507.4,121391
2026-01-26 18:17:00+00:00,2.24,511.5,108943
2026-01-26 18:18:00+00:00,2.22,518.4,148634
2026-01-26 18:19:00+00:00,2.48,514.2,145145
2026-01-26 18:20:00+00:00,2.37,509.5,129032
2026-01-26 18:21:00+00:00,2.11,506.2,100380
2026-01-26 18:22:00+00:00,2.24,510.1,120345
2026-01-26 18:23:00+00:00,2.29,513.2,154196
2026-01-26 18:24:00+00:00,2.19,510.1,136953
2026-01-26 18:25:00+00:00,2.39,510.8,130597
2026-01-26 18:26:00+00:00,2.18,506.8,140890
2026-01-26 18:27:00+00:00,2.16,503.9,133003
2026-01-26 18:28:00+00:00,1.98,503.5,114567
2026-01-26 18:29:00+00:00,2.13,,
2026-01-26 18:30:00+00:00,2.13,501.4,138482
2026-01-26 18:31:00+00:00,2.16,498.3,130090
2026-01-26 18:32:00+00:00,2.11,502.9,121496
2026-01-26 18:33:00+00:00,2.17,503.3,123932
2026-01-26 18:34:00+00:00,2.09,500.1,132464
2026-01-26 18:35:00+00:00,2.11,499.1,142252
2026-01-26 18:36:00+00:00,2.33,506.4,166528
2026-01-26 18:37:00+00:00,2.23,507.3,168286
2026-01-26 18:38:00+00:00,2.10,502.2,151827
2026-01-26 18:39:00+00:00,2.16,499.7,141385
2026-01-26 18:40:00+00:00,2.11,498.5,134888
2026-01-26 18:41:00+00:00,1.80,493.0,120710
2026-01-26 18:42:00+00:00,1.51,489.9,119202
2026-01-26 18:43:00+00:00,2.37,511.4,187695
2026-01-26 18:44:00+00:00,1.78,498.1,132655
2026-01-26 18:45:00+00:00,1.88,491.1,111327
2026-01-26 18:46:00+00:00,2.74,508.0,191183
2026-01-26 18:47:00+00:00,2.26,494.8,123236
2026-01-26 18:48:00+00:00,1.94,493.9,116298
2026-01-26 18:49:00+00:00,1.20,467.6,69823
2026-01-26 18:50:00+00:00,1.86,505.5,185837
2026-01-26 18:51:00+00:00,2.16,506.5,182795
2026-01-26 18:52:00+00:00,2.02,494.9,136399
2026-01-26 18:53:00+00:00,1.35,472.6,81941
2026-01-26 18:54:00+00:00,1.39,475.2,116808
2026-01-26 18:55:00+00:00,1.86,492.0,165788
2026-01-26 18:56:00+00:00,1.64,488.5,134481
2026-01-26 18:57:00+00:00,1.49,487.8,122712
2026-01-26 18:58:00+00:00,1.74,486.5,94503
2026-01-26 18:59:00+00:00,1.67,488.7,95887
2026-01-26 19:00:00+00:00,1.33,490.0,106800
2026-01-26 19:01:00+00:00,1.46,484.7,65716
2026-01-26 19:04:00+00:00,1.35,490.4,112418
2026-01-26 19:05:00+00:00,1.40,488.3,133373
2026-01-26 19:06:00+00:00,1.17,488.5,143233
2026-01-26 19:07:00+00:00,2.40,489.4,133417
2026-01-26 19:08:00+00:00,2.95,489.5,126592
2026-01-26 19:09:00+00:00,2.77,490.5,134028
2026-01-26 19:10:00+00:00,2.57,490.3,138963
2026-01-26 19:11:00+00:00,2.56,490.1,139398
2026-01-26 19:12:00+00:00,2.56,489.6,142483
2026-01-26 19:13:00+00:00,2.35,485.6,145498
2026-01-26 19:14:00+00:00,2.39,485.1,151565
2026-01-26 19:15:00+00:00,2.43,484.1,136623
2026-01-26 19:16:00+00:00,2.27,483.4,121485
2026-01-26 19:17:00+00:00,2.65,485.6,142633
2026-01-26 19:18:00+00:00,2.46,487.1,147575
2026-01-26 19:19:00+00:00,2.22,485.8,142025
2026-01-26 19:20:00+00:00,2.20,490.2,151663
2026-01-26 19:21:00+00:00,1.37,473.4,105040
2026-01-26 19:22:00+00:00,2.92,494.0,187249
2026-01-26 19:23:00+00:00,2.36,497.2,203997
2026-01-26 19:24:00+00:00,1.73,491.0,180666
2026-01-26 19:25:00+00:00,1.79,488.1,173094
2026-01-26 19:26:00+00:00,1.99,492.3,187554
2026-01-26 19:27:00+00:00,1.98,492.0,177388
2026-01-26 19:28:00+00:00,1.54,476.1,126869
2026-01-26 19:29:00+00:00,1.39,470.6,116475
2026-01-26 19:30:00+00:00,2.28,495.0,174495
2026-01-26 19:31:00+00:00,2.09,491.8,169099
2026-01-26 19:32:00+00:00,2.00,491.2,145914
2026-01-26 19:33:00+00:00,1.66,472.5,58917
2026-01-26 19:34:00+00:00,1.71,490.7,203599
2026-01-26 19:35:00+00:00,1.71,,
2026-01-26 19:37:00+00:00,1.58,477.8,114364
2026-01-26 19:38:00+00:00,1.63,475.9,105131
2026-01-26 19:39:00+00:00,1.62,477.5,113032
2026-01-26 19:40:00+00:00,1.87,477.4,92257
2026-01-26 19:41:00+00:00,2.23,491.1,119102
2026-01-26 19:42:00+00:00,2.19,493.4,142002
2026-01-26 19:43:00+00:00,1.88,482.2,120038
2026-01-26 19:44:00+00:00,1.81,480.3,114114
2026-01-26 19:45:00+00:00,1.92,479.4,126930
2026-01-26 19:46:00+00:00,1.78,479.1,126934
2026-01-26 19:47:00+00:00,1.87,479.0,119770
2026-01-26 19:48:00+00:00,1.83,480.7,114200
2026-01-26 19:49:00+00:00,1.93,480.8,116001
2026-01-26 19:50:00+00:00,1.92,477.4,107623
2026-01-26 19:51:00+00:00,1.88,479.8,130309
2026-01-26 19:52:00+00:00,1.77,480.4,132574
2026-01-26 19:53:00+00:00,2.15,487.0,152890
2026-01-26 19:54:00+00:00,1.89,488.6,189226
2026-01-26 19:55:00+00:00,1.69,487.3,187261
2026-01-26 19:56:00+00:00,1.65,478.5,148816
2026-01-26 19:57:00+00:00,2.12,491.7,183433
2026-01-26 19:58:00+00:00,2.28,499.3,204396
2026-01-26 19:59:00+00:00,2.16,492.8,191518
2026-01-26 20:00:00+00:00,1.78,484.3,165810
2026-01-26 20:01:00+00:00,0.91,472.7,137315
2026-01-26 20:02:00+00:00,1.49,493.1,249439
2026-01-26 20:03:00+00:00,2.41,493.3,170925
2026-01-26 20:04:00+00:00,2.47,485.2,142118
2026-01-26 20:05:00+00:00,1.96,485.8,157560
2026-01-26 20:06:00+00:00,2.68,491.4,178445
2026-01-26 20:07:00+00:00,2.12,478.1,119707
2026-01-26 20:08:00+00:00,2.09,477.4,116615
2026-01-26 20:09:00+00:00,1.77,470.8,105412
2026-01-26 20:10:00+00:00,2.34,470.5,110689
2026-01-26 20:11:00+00:00,2.98,476.2,129543
2026-01-26 20:12:00+00:00,1.79,458.1,90088
2026-01-26 20:13:00+00:00,2.00,465.1,103822
2026-01-26 20:14:00+00:00,2.82,475.5,119783
2026-01-26 20:15:00+00:00,2.89,470.2,100011
2026-01-26 20:16:00+00:00,2.37,462.3,87048
2026-01-26 20:17:00+00:00,1.57,455.0,81159
2026-01-26 20:18:00+00:00,2.92,478.3,128601
2026-01-26 20:19:00+00:00,2.95,468.5,107432
2026-01-26 20:20:00+00:00,2.74,465.0,90038
2026-01-26 20:21:00+00:00,3.67,482.7,155792
2026-01-26 20:22:00+00:00,2.83,470.2,100066
2026-01-26 20:23:00+00:00,1.81,464.8,93717
2026-01-26 20:24:00+00:00,1.15,453.0,84857
2026-01-26 20:25:00+00:00,1.43,453.0,47223
2026-01-26 20:26:00+00:00,2.93,466.1,77183
2026-01-26 20:27:00+00:00,3.30,475.4,109271
2026-01-26 20:28:00+00:00,1.93,454.1,82112
2026-01-26 20:29:00+00:00,1.98,466.3,125096
2026-01-26 20:30:00+00:00,3.12,482.8,145564
2026-01-26 20:31:00+00:00,3.78,480.2,118062
2026-01-26 20:32:00+00:00,3.27,475.0,104034
2026-01-26 20:33:00+00:00,2.02,460.6,63330
2026-01-26 20:34:00+00:00,2.81,472.0,85041
2026-01-26 20:35:00+00:00,3.33,475.2,102501
2026-01-26 20:36:00+00:00,2.47,460.9,60318
2026-01-26 20:37:00+00:00,3.24,475.6,105275
2026-01-26 20:38:00+00:00,2.74,469.3,95717
2026-01-26 20:39:00+00:00,2.86,472.6,103588
2026-01-26 20:40:00+00:00,1.31,445.1,52908
2026-01-26 20:41:00+00:00,1.11,441.5,46160
2026-01-26 20:42:00+00:00,2.93,469.2,83007
2026-01-26 20:43:00+00:00,3.05,471.6,88748
2026-01-26 20:44:00+00:00,1.80,460.5,74563
2026-01-26 20:45:00+00:00,2.53,464.8,105456
2026-01-26 20:46:00+00:00,3.50,470.5,118048
2026-01-26 20:47:00+00:00,2.86,463.1,84539
2026-01-26 20:48:00+00:00,2.83,464.3,94865
2026-01-26 20:49:00+00:00,3.34,472.4,124245
2026-01-26 20:50:00+00:00,2.77,467.6,86743
2026-01-26 20:51:00+00:00,3.36,464.5,103973
2026-01-26 20:52:00+00:00,2.36,434.6,55107
2026-01-26 20:53:00+00:00,2.93,490.1,169615
2026-01-26 20:54:00+00:00,2.90,465.6,101888
2026-01-26 20:55:00+00:00,3.90,469.2,147741
2026-01-26 20:56:00+00:00,2.13,442.4,84418
2026-01-26 20:57:00+00:00,2.85,471.6,122967
2026-01-26 20:58:00+00:00,2.87,469.3,108107
2026-01-26 20:59:00+00:00,3.55,470.6,113647
2026-01-26 21:00:00+00:00,2.77,463.9,98210
2026-01-26 21:01:00+00:00,3.13,466.0,100745
2026-01-26 21:02:00+00:00,3.33,469.4,104464
2026-01-26 21:03:00+00:00,2.13,461.4,83865
2026-01-26 21:04:00+00:00,2.32,460.9,87349
2026-01-26 21:05:00+00:00,3.74,470.6,114047
2026-01-26 21:06:00+00:00,3.13,465.9,97373
2026-01-26 21:07:00+00:00,2.35,459.8,93314
2026-01-26 21:08:00+00:00,1.83,435.1,59783
2026-01-26 21:09:00+00:00,3.03,482.7,113761
2026-01-26 21:10:00+00:00,3.34,476.8,126547
2026-01-26 21:11:00+00:00,3.66,474.0,110208
2026-01-26 21:12:00+00:00,2.42,459.5,78907
2026-01-26 21:13:00+00:00,4.02,474.7,138947
2026-01-26 21:14:00+00:00,4.41,478.6,153327
2026-01-26 21:15:00+00:00,1.88,454.1,79141
2026-01-26 21:16:00+00:00,2.92,463.9,102045
2026-01-26 21:17:00+00:00,3.25,466.6,106665
2026-01-26 21:18:00+00:00,2.89,462.0,89345
2026-01-26 21:19:00+00:00,2.14,452.3,71532
2026-01-26 21:20:00+00:00,3.40,456.2,69085
2026-01-26 21:21:00+00:00,6.30,479.7,99113
2026-01-26 21:22:00+00:00,3.32,468.2,120651
2026-01-26 21:23:00+00:00,2.35,458.1,62669
2026-01-26 21:24:00+00:00,1.90,443.8,55358
2026-01-26 21:25:00+00:00,3.89,478.5,162036
2026-01-26 21:26:00+00:00,2.84,460.4,82355
2026-01-26 21:27:00+00:00,2.56,458.9,74658
2026-01-26 21:28:00+00:00,3.30,465.0,103938
2026-01-26 21:29:00+00:00,2.31,454.5,73340
2026-01-26 21:30:00+00:00,2.44,456.7,97710
2026-01-26 21:31:00+00:00,1.69,452.6,97591
2026-01-26 21:32:00+00:00,2.24,466.9,125122
2026-01-26 21:33:00+00:00,2.90,473.0,140662
2026-01-26 21:34:00+00:00,2.54,468.4,129854
2026-01-26 21:35:00+00:00,1.66,455.8,101226
2026-01-26 21:36:00+00:00,3.63,451.8,76555
2026-01-26 21:37:00+00:00,6.62,473.8,104944
2026-01-26 21:38:00+00:00,2.11,470.3,136391
2026-01-26 21:39:00+00:00,2.18,459.0,78048
2026-01-26 21:40:00+00:00,1.05,453.4,100848
2026-01-26 21:41:00+00:00,2.98,471.8,162926
2026-01-26 21:42:00+00:00,3.26,463.9,102429
2026-01-26 21:43:00+00:00,2.42,460.1,102848
2026-01-26 21:44:00+00:00,2.90,461.0,102785
2026-01-26 21:45:00+00:00,3.60,465.0,118344
2026-01-26 21:46:00+00:00,2.26,460.0,104647
2026-01-26 21:47:00+00:00,1.77,458.1,98916
2026-01-26 21:48:00+00:00,2.80,470.5,177198
2026-01-26 21:49:00+00:00,2.64,464.5,135995
2026-01-26 21:50:00+00:00,2.61,461.6,99863
2026-01-26 21:51:00+00:00,3.51,454.4,85254
2026-01-26 21:52:00+00:00,3.98,452.8,92976
2026-01-26 21:53:00+00:00,3.04,471.9,135953
2026-01-26 21:54:00+00:00,3.54,465.7,124356
2026-01-26 21:55:00+00:00,3.29,460.3,108609
2026-01-26 21:56:00+00:00,3.28,460.8,120672
2026-01-26 21:57:00+00:00,3.18,460.7,115403
2026-01-26 21:58:00+00:00,2.86,456.9,99858
2026-01-26 21:59:00+00:00,4.50,467.2,68476
2026-01-26 22:00:00+00:00,1.82,461.4,108210
2026-01-26 22:01:00+00:00,2.17,464.4,108571
2026-01-26 22:02:00+00:00,1.98,463.3,99857
2026-01-26 22:03:00+00:00,1.90,449.3,64905
2026-01-26 22:04:00+00:00,2.03,463.7,131904
2026-01-26 22:05:00+00:00,2.13,469.1,148434
2026-01-26 22:06:00+00:00,2.54,468.6,143072
2026-01-26 22:07:00+00:00,3.50,465.5,124864
2026-01-26 22:08:00+00:00,3.63,459.4,97219
2026-01-26 22:09:00+00:00,2.38,468.0,142373
2026-01-26 22:10:00+00:00,2.25,458.2,110490
2026-01-26 22:11:00+00:00,2.40,458.5,120763
2026-01-26 22:12:00+00:00,1.96,454.4,106218
2026-01-26 22:13:00+00:00,1.82,453.3,121377
2026-01-26 22:14:00+00:00,1.86,454.2,113165
2026-01-26 22:15:00+00:00,1.57,423.4,70670
2026-01-26 22:16:00+00:00,2.05,475.9,135081
2026-01-26 22:17:00+00:00,1.91,483.7,155111
2026-01-26 22:18:00+00:00,2.08,481.3,159293
2026-01-26 22:19:00+00:00,1.84,447.7,95924
2026-01-26 22:20:00+00:00,1.69,432.5,66302
2026-01-26 22:21:00+00:00,1.89,457.2,120361
2026-01-26 22:22:00+00:00,2.03,452.9,118418
2026-01-26 22:23:00+00:00,2.06,444.6,111719
2026-01-26 22:24:00+00:00,2.16,445.8,123021
2026-01-26 22:25:00+00:00,2.51,455.2,143408
2026-01-26 22:26:00+00:00,2.02,446.4,106592
2026-01-26 22:27:00+00:00,1.88,442.6,103937
2026-01-26 22:28:00+00:00,2.46,460.0,184902
2026-01-26 22:29:00+00:00,2.41,450.2,138272
2026-01-26 22:30:00+00:00,1.81,449.6,149286
2026-01-26 22:31:00+00:00,1.11,424.4,83266
2026-01-26 22:32:00+00:00,2.43,456.0,198634
2026-01-26 22:33:00+00:00,2.65,451.4,157574
2026-01-26 22:34:00+00:00,2.54,449.6,144508
2026-01-26 22:35:00+00:00,2.22,441.0,126696
2026-01-26 22:36:00+00:00,2.54,447.3,164086
2026-01-26 22:39:00+00:00,2.44,447.5,135406
2026-01-26 22:40:00+00:00,2.26,447.4,127175
2026-01-26 22:41:00+00:00,2.26,447.1,129086
2026-01-26 22:42:00+00:00,2.34,447.5,129872
2026-01-26 22:43:00+00:00,2.34,453.7,133880
2026-01-26 22:44:00+00:00,2.00,455.6,140343
2026-01-26 22:45:00+00:00,2.15,446.7,142416
2026-01-26 22:46:00+00:00,1.97,457.8,149826
2026-01-26 22:47:00+00:00,2.15,451.6,125723
2026-01-26 22:48:00+00:00,2.30,447.0,126681
2026-01-26 22:49:00+00:00,2.13,446.2,125764
2026-01-26 22:50:00+00:00,2.04,453.5,140307
2026-01-26 22:51:00+00:00,1.89,456.1,139682
2026-01-26 22:52:00+00:00,1.85,458.4,144752
2026-01-26 22:53:00+00:00,1.86,459.8,149506
2026-01-26 22:54:00+00:00,2.01,460.8,160469
2026-01-26 22:55:00+00:00,2.07,457.6,146324
2026-01-26 22:56:00+00:00,2.05,453.3,133127
2026-01-26 22:57:00+00:00,1.86,453.4,143065
2026-01-26 22:58:00+00:00,1.89,452.4,140836
2026-01-26 22:59:00+00:00,2.18,451.0,151959
2026-01-26 23:00:00+00:00,2.30,446.5,141974
2026-01-26 23:01:00+00:00,2.25,446.9,164250
2026-01-26 23:02:00+00:00,2.48,443.9,127700
2026-01-26 23:03:00+00:00,2.36,447.5,143218
2026-01-26 23:04:00+00:00,2.31,444.4,101350
2026-01-26 23:05:00+00:00,2.22,444.6,93114
2026-01-26 23:06:00+00:00,2.05,447.5,97559
2026-01-26 23:07:00+00:00,2.54,445.7,98893
2026-01-26 23:08:00+00:00,2.44,443.7,87481
2026-01-26 23:09:00+00:00,2.04,442.9,80477
2026-01-26 23:10:00+00:00,2.11,442.8,77403
2026-01-26 23:11:00+00:00,2.34,443.6,70170
2026-01-26 23:12:00+00:00,2.53,441.8,67332
2026-01-26 23:13:00+00:00,2.79,439.0,73837
2026-01-26 23:14:00+00:00,2.46,443.5,77638
2026-01-26 23:15:00+00:00,2.52,439.7,78570
2026-01-26 23:16:00+00:00,2.66,433.3,83578
2026-01-26 23:17:00+00:00,3.15,435.2,85451
2026-01-26 23:18:00+00:00,2.78,435.3,93264
2026-01-26 23:19:00+00:00,2.87,438.8,87558
2026-01-26 23:20:00+00:00,2.80,437.5,81437
2026-01-26 23:21:00+00:00,2.62,435.4,78086
2026-01-26 23:22:00+00:00,2.81,436.3,79647
2026-01-26 23:23:00+00:00,2.96,436.5,80803
2026-01-26 23:24:00+00:00,2.92,437.3,76803
2026-01-26 23:25:00+00:00,2.76,438.0,80091
2026-01-26 23:26:00+00:00,2.66,438.1,84920
2026-01-26 23:27:00+00:00,2.84,447.9,62892
2026-01-26 23:28:00+00:00,2.93,448.4,63343
2026-01-26 23:29:00+00:00,3.01,448.5,69227
2026-01-26 23:30:00+00:00,2.87,447.1,78911
2026-01-26 23:31:00+00:00,3.05,450.6,67424
2026-01-26 23:32:00+00:00,3.16,447.3,66201
2026-01-26 23:33:00+00:00,3.19,441.4,74790
2026-01-26 23:34:00+00:00,2.70,441.0,87731
2026-01-26 23:35:00+00:00,2.71,436.3,89033
2026-01-26 23:36:00+00:00,2.96,433.0,92176
2026-01-26 23:37:00+00:00,3.04,434.0,83263
2026-01-26 23:38:00+00:00,2.90,432.1,105925
2026-01-26 23:39:00+00:00,2.97,436.3,97695
2026-01-26 23:40:00+00:00,3.22,439.8,90531
2026-01-26 23:41:00+00:00,3.08,440.1,90154
2026-01-26 23:42:00+00:00,2.99,441.7,89680
2026-01-26 23:43:00+00:00,3.21,443.4,89813
2026-01-26 23:44:00+00:00,3.32,441.2,90806
2026-01-26 23:45:00+00:00,3.40,437.4,105244
2026-01-26 23:46:00+00:00,3.43,437.2,136013
2026-01-26 23:47:00+00:00,3.12,444.0,129814
2026-01-26 23:48:00+00:00,3.22,442.8,124025
2026-01-26 23:49:00+00:00,2.94,442.7,124972
2026-01-26 23:50:00+00:00,3.19,446.0,132839
2026-01-26 23:51:00+00:00,3.09,446.5,128391
2026-01-26 23:52:00+00:00,3.08,446.1,123882
2026-01-26 23:53:00+00:00,2.76,447.2,142565
2026-01-26 23:54:00+00:00,2.97,445.9,135095
2026-01-26 23:55:00+00:00,3.23,442.7,154121
2026-01-26 23:56:00+00:00,3.31,441.1,152548
2026-01-26 23:57:00+00:00,3.04,443.5,147209
2026-01-26 23:58:00+00:00,2.81,446.2,144363
2026-01-26 23:59:00+00:00,2.79,446.7,139350
2026-01-27 00:00:00+00:00,2.77,444.1,123910
2026-01-27 00:01:00+00:00,2.83,444.3,126563
2026-01-27 00:02:00+00:00,2.99,445.1,132338
2026-01-27 00:03:00+00:00,3.02,446.3,126456
2026-01-27 00:04:00+00:00,3.08,448.8,112496
2026-01-27 00:05:00+00:00,2.40,448.7,114888
2026-01-27 00:06:00+00:00,3.01,452.3,110808
2026-01-27 00:07:00+00:00,2.95,447.7,112493
2026-01-27 00:08:00+00:00,3.02,449.0,112912
2026-01-27 00:09:00+00:00,3.17,442.0,121194
2026-01-27 00:10:00+00:00,3.42,437.9,129289
2026-01-27 00:11:00+00:00,3.37,438.7,137577
2026-01-27 00:12:00+00:00,3.34,440.2,136455
2026-01-27 00:13:00+00:00,3.38,443.0,131340
2026-01-27 00:14:00+00:00,3.19,445.6,125555
2026-01-27 00:15:00+00:00,3.07,442.9,122104
2026-01-27 00:16:00+00:00,3.10,439.3,128782
2026-01-27 00:17:00+00:00,3.00,441.6,143042
2026-01-27 00:18:00+00:00,3.05,442.4,156257
2026-01-27 00:19:00+00:00,2.33,444.8,172887
2026-01-27 00:20:00+00:00,3.21,445.7,149237
2026-01-27 00:21:00+00:00,3.02,446.0,128081
2026-01-27 00:22:00+00:00,3.34,446.3,134695
2026-01-27 00:23:00+00:00,3.29,448.0,122177
2026-01-27 00:24:00+00:00,2.94,442.7,131234
2026-01-27 00:25:00+00:00,3.18,443.3,138190
2026-01-27 00:26:00+00:00,3.44,437.2,129902
2026-01-27 00:27:00+00:00,3.91,436.0,123072
2026-01-27 00:28:00+00:00,3.86,433.8,106939
2026-01-27 00:29:00+00:00,3.62,432.1,113511
2026-01-27 00:30:00+00:00,3.23,436.5,131384
2026-01-27 00:31:00+00:00,2.92,442.2,139007
2026-01-27 00:32:00+00:00,2.92,443.6,141972
2026-01-27 00:33:00+00:00,2.96,429.5,118686
2026-01-27 00:34:00+00:00,3.02,431.1,123331
2026-01-27 00:35:00+00:00,3.23,437.3,140425
2026-01-27 00:36:00+00:00,3.32,437.7,141800
2026-01-27 00:37:00+00:00,3.53,433.0,138313
2026-01-27 00:38:00+00:00,3.61,427.5,140247
2026-01-27 00:39:00+00:00,3.73,427.6,141915
2026-01-27 00:40:00+00:00,3.93,426.4,132149
2026-01-27 00:41:00+00:00,3.68,428.6,118281
2026-01-27 00:42:00+00:00,3.89,426.6,116656
2026-01-27 00:43:00+00:00,3.78,426.8,120759
2026-01-27 00:44:00+00:00,3.83,426.1,118751
2026-01-27 00:45:00+00:00,3.99,428.2,117683
2026-01-27 00:46:00+00:00,3.92,432.2,123505
2026-01-27 00:47:00+00:00,3.59,436.2,119516
2026-01-27 00:48:00+00:00,2.86,437.0,116654
2026-01-27 00:49:00+00:00,2.30,432.7,142184
2026-01-27 00:50:00+00:00,3.05,432.6,154273
2026-01-27 00:51:00+00:00,3.33,430.3,133733
2026-01-27 00:52:00+00:00,3.00,433.0,140733
2026-01-27 00:53:00+00:00,2.94,435.7,157445
2026-01-27 00:54:00+00:00,3.23,432.9,145956
2026-01-27 00:55:00+00:00,3.19,433.2,113102
2026-01-27 00:56:00+00:00,2.62,433.3,131636
2026-01-27 00:57:00+00:00,2.61,432.1,132765
2026-01-27 00:58:00+00:00,2.99,431.4,127742
2026-01-27 00:59:00+00:00,2.75,430.2,128014
2026-01-27 01:00:00+00:00,2.95,430.8,125888
2026-01-27 01:01:00+00:00,2.86,432.4,131054
2026-01-27 01:02:00+00:00,2.84,432.6,128454
2026-01-27 01:03:00+00:00,3.12,428.5,114606
2026-01-27 01:04:00+00:00,3.18,424.8,107311
2026-01-27 01:05:00+00:00,3.20,427.4,106592
2026-01-27 01:06:00+00:00,3.32,429.1,116932
2026-01-27 01:07:00+00:00,3.28,428.7,114084
2026-01-27 01:08:00+00:00,3.02,426.7,99635
2026-01-27 01:09:00+00:00,2.87,427.8,118417
2026-01-27 01:10:00+00:00,3.23,435.5,129498
2026-01-27 01:11:00+00:00,3.69,430.5,121870
2026-01-27 01:12:00+00:00,3.42,429.5,122909
2026-01-27 01:13:00+00:00,3.46,429.1,115214
2026-01-27 01:14:00+00:00,3.48,430.7,115813
2026-01-27 01:15:00+00:00,3.35,432.9,115915
2026-01-27 01:16:00+00:00,3.33,433.0,117761
2026-01-27 01:17:00+00:00,3.05,440.6,103420
2026-01-27 01:18:00+00:00,2.76,445.8,83172
2026-01-27 01:19:00+00:00,2.94,438.9,87332
2026-01-27 01:20:00+00:00,3.47,430.3,107375
2026-01-27 01:21:00+00:00,3.59,430.8,113758
2026-01-27 01:22:00+00:00,3.17,435.5,115414
2026-01-27 01:23:00+00:00,3.81,428.6,114541
2026-01-27 01:24:00+00:00,3.66,425.1,106854
2026-01-27 01:25:00+00:00,3.28,432.6,117840
2026-01-27 01:26:00+00:00,2.60,438.3,76276
2026-01-27 01:27:00+00:00,3.35,442.0,116373
2026-01-27 01:28:00+00:00,2.59,446.5,89925
2026-01-27 01:29:00+00:00,2.95,447.5,88070
2026-01-27 01:30:00+00:00,3.26,443.9,101368
2026-01-27 01:31:00+00:00,3.29,440.6,103803
2026-01-27 01:32:00+00:00,3.02,443.7,96432
2026-01-27 01:33:00+00:00,3.08,445.5,99124
2026-01-27 01:34:00+00:00,3.05,438.2,110904
2026-01-27 01:35:00+00:00,2.52,438.1,107947
2026-01-27 01:36:00+00:00,2.48,443.7,104838
2026-01-27 01:37:00+00:00,3.17,434.8,119603
2026-01-27 01:38:00+00:00,3.10,433.1,108060
2026-01-27 01:39:00+00:00,2.82,433.4,127337
2026-01-27 01:40:00+00:00,2.83,433.4,127119
2026-01-27 01:41:00+00:00,3.01,433.3,124405
2026-01-27 01:42:00+00:00,3.57,434.5,105726
2026-01-27 01:43:00+00:00,2.97,444.9,86139
2026-01-27 01:44:00+00:00,3.15,443.3,92803
2026-01-27 01:45:00+00:00,3.48,438.4,95647
2026-01-27 01:46:00+00:00,3.35,438.4,91839
2026-01-27 01:47:00+00:00,3.31,438.0,91500
2026-01-27 01:48:00+00:00,3.39,436.1,94502
2026-01-27 01:49:00+00:00,3.43,436.4,96944
2026-01-27 01:50:00+00:00,3.28,437.2,93486
2026-01-27 01:51:00+00:00,3.20,437.0,90540
2026-01-27 01:52:00+00:00,3.21,438.0,90660
2026-01-27 01:53:00+00:00,3.00,439.3,86908
2026-01-27 01:54:00+00:00,3.09,437.6,90263
2026-01-27 01:55:00+00:00,3.35,433.2,100185
2026-01-27 01:56:00+00:00,2.60,434.0,85709
2026-01-27 01:57:00+00:00,2.75,448.3,69943
2026-01-27 01:58:00+00:00,3.13,444.1,68356
2026-01-27 01:59:00+00:00,3.48,443.1,65404
2026-01-27 02:00:00+00:00,2.99,442.3,73352
2026-01-27 02:01:00+00:00,3.01,444.6,78144
2026-01-27 02:02:00+00:00,3.64,440.6,75034
2026-01-27 02:03:00+00:00,3.33,443.9,76127
2026-01-27 02:04:00+00:00,2.99,446.9,72398
2026-01-27 02:05:00+00:00,2.84,446.0,71640
2026-01-27 02:06:00+00:00,2.94,446.0,77896
2026-01-27 02:07:00+00:00,2.87,446.4,81539
2026-01-27 02:08:00+00:00,2.68,445.5,83196
2026-01-27 02:09:00+00:00,3.19,444.0,87885
2026-01-27 02:10:00+00:00,3.55,439.5,87447
2026-01-27 02:11:00+00:00,3.27,439.5,96623
2026-01-27 02:12:00+00:00,4.02,437.2,91346
2026-01-27 02:13:00+00:00,4.02,437.3,91203
2026-01-27 02:14:00+00:00,4.17,439.4,82781
2026-01-27 02:15:00+00:00,3.55,441.4,78405
2026-01-27 02:16:00+00:00,4.26,437.0,89141
2026-01-27 02:17:00+00:00,3.60,438.0,91683
2026-01-27 02:18:00+00:00,3.12,439.8,87805
2026-01-27 02:19:00+00:00,3.70,435.9,94343
2026-01-27 02:20:00+00:00,3.84,437.4,94697
2026-01-27 02:21:00+00:00,3.72,438.4,102825
2026-01-27 02:22:00+00:00,3.87,434.3,111147
2026-01-27 02:23:00+00:00,3.70,428.9,118779
2026-01-27 02:24:00+00:00,3.40,427.0,128058
2026-01-27 02:25:00+00:00,3.78,429.4,124958
2026-01-27 02:26:00+00:00,3.97,430.3,117859
2026-01-27 02:27:00+00:00,4.21,432.0,94569
2026-01-27 02:28:00+00:00,3.78,440.5,86182
2026-01-27 02:29:00+00:00,3.19,443.7,100928
2026-01-27 02:30:00+00:00,3.48,446.9,82046
2026-01-27 02:31:00+00:00,3.17,447.5,78062
2026-01-27 02:32:00+00:00,3.43,442.0,110855
2026-01-27 02:33:00+00:00,3.91,433.2,135045
2026-01-27 02:34:00+00:00,3.92,429.4,130686
2026-01-27 02:35:00+00:00,3.80,426.1,114608
2026-01-27 02:36:00+00:00,3.76,424.1,102666
2026-01-27 02:37:00+00:00,3.81,424.0,104691
2026-01-27 02:38:00+00:00,3.81,424.4,108281
2026-01-27 02:39:00+00:00,3.55,424.9,106784
2026-01-27 02:40:00+00:00,3.48,425.9,98250
2026-01-27 02:41:00+00:00,3.85,426.6,83794
2026-01-27 02:42:00+00:00,3.70,426.9,85092
2026-01-27 02:43:00+00:00,3.70,425.1,88077
2026-01-27 02:44:00+00:00,3.95,422.8,98948
2026-01-27 02:45:00+00:00,3.85,,
2026-01-27 02:46:00+00:00,3.85,427.3,99048
2026-01-27 02:47:00+00:00,3.91,426.3,101786
2026-01-27 02:48:00+00:00,3.22,425.7,105819
2026-01-27 02:49:00+00:00,3.73,424.3,96735
2026-01-27 02:50:00+00:00,4.01,424.0,89824
2026-01-27 02:51:00+00:00,3.62,423.0,89124
2026-01-27 02:52:00+00:00,3.67,423.2,101910
2026-01-27 02:53:00+00:00,3.78,424.0,104620
2026-01-27 02:54:00+00:00,3.84,424.5,107055
2026-01-27 02:55:00+00:00,3.76,426.0,115450
2026-01-27 02:56:00+00:00,3.65,428.1,115081
2026-01-27 02:57:00+00:00,3.73,427.9,112027
2026-01-27 02:58:00+00:00,3.23,427.6,112477
2026-01-27 02:59:00+00:00,3.32,434.5,103061
2026-01-27 03:00:00+00:00,3.42,431.7,110555
2026-01-27 03:01:00+00:00,3.52,428.5,105595
2026-01-27 03:02:00+00:00,3.67,427.4,98310
2026-01-27 03:03:00+00:00,3.72,425.5,95761
2026-01-27 03:04:00+00:00,4.10,424.5,87607
2026-01-27 03:05:00+00:00,4.13,423.6,88183
2026-01-27 03:06:00+00:00,4.17,423.1,86979
2026-01-27 03:07:00+00:00,3.93,426.2,95335
2026-01-27 03:08:00+00:00,3.51,428.3,91268
2026-01-27 03:09:00+00:00,3.38,428.7,89550
2026-01-27 03:10:00+00:00,3.38,430.5,96607
2026-01-27 03:11:00+00:00,3.22,435.1,97686
2026-01-27 03:12:00+00:00,3.18,436.4,96578
2026-01-27 03:13:00+00:00,3.52,431.3,102858
2026-01-27 03:14:00+00:00,3.69,430.1,99153
2026-01-27 03:15:00+00:00,3.30,434.1,93547
2026-01-27 03:16:00+00:00,3.35,436.1,94954
2026-01-27 03:17:00+00:00,3.83,428.6,90267
2026-01-27 03:19:00+00:00,3.01,429.8,89099
2026-01-27 03:20:00+00:00,3.53,431.9,93185
2026-01-27 03:21:00+00:00,3.47,431.3,88558
2026-01-27 03:22:00+00:00,3.60,429.5,87914
2026-01-27 03:23:00+00:00,3.52,429.7,83471
2026-01-27 03:24:00+00:00,3.79,427.2,92515
2026-01-27 03:25:00+00:00,4.08,424.5,94335
2026-01-27 03:26:00+00:00,3.92,426.3,91160
2026-01-27 03:27:00+00:00,3.88,426.7,91099
2026-01-27 03:28:00+00:00,4.18,424.0,89957
2026-01-27 03:29:00+00:00,4.11,424.5,89861
2026-01-27 03:30:00+00:00,3.88,423.1,87355
2026-01-27 03:31:00+00:00,3.86,422.7,86250
2026-01-27 03:32:00+00:00,4.15,424.9,81409
2026-01-27 03:33:00+00:00,4.01,423.6,86945
2026-01-27 03:34:00+00:00,3.82,422.7,84281
2026-01-27 03:35:00+00:00,3.78,423.4,87008
2026-01-27 03:36:00+00:00,4.02,422.7,93083
2026-01-27 03:37:00+00:00,4.21,423.1,94072
2026-01-27 03:38:00+00:00,4.11,423.7,86343
2026-01-27 03:39:00+00:00,4.04,423.2,94141
2026-01-27 03:40:00+00:00,3.99,422.9,99767
2026-01-27 03:41:00+00:00,3.97,421.2,91702
2026-01-27 03:42:00+00:00,3.93,420.9,86937
2026-01-27 03:43:00+00:00,3.93,422.1,91792
2026-01-27 03:44:00+00:00,3.92,422.5,92035
2026-01-27 03:45:00+00:00,3.80,422.7,86920
2026-01-27 03:46:00+00:00,3.75,422.3,89570
2026-01-27 03:47:00+00:00,3.55,423.3,91721
2026-01-27 03:48:00+00:00,4.06,423.6,91658
2026-01-27 03:49:00+00:00,3.92,422.9,89012
2026-01-27 03:50:00+00:00,3.84,423.3,76510
2026-01-27 03:51:00+00:00,3.84,,
2026-01-27 03:52:00+00:00,3.93,424.2,71623
2026-01-27 03:53:00+00:00,3.95,425.8,66048
2026-01-27 03:54:00+00:00,3.92,424.8,71935
2026-01-27 03:55:00+00:00,4.04,424.8,70068
2026-01-27 03:56:00+00:00,3.96,426.8,68537
2026-01-27 03:57:00+00:00,4.01,428.3,67126
2026-01-27 03:58:00+00:00,3.82,428.7,65384
2026-01-27 04:00:00+00:00,4.14,425.6,74087
2026-01-27 04:01:00+00:00,4.08,426.0,71732
2026-01-27 04:02:00+00:00,3.98,427.7,65409
2026-01-27 04:03:00+00:00,4.08,429.8,65101
2026-01-27 04:04:00+00:00,3.98,427.6,70932
2026-01-27 04:05:00+00:00,4.06,427.1,71151
2026-01-27 04:06:00+00:00,3.84,428.7,65100
2026-01-27 04:07:00+00:00,3.84,428.2,60206
2026-01-27 04:08:00+00:00,4.02,427.6,65273
2026-01-27 04:09:00+00:00,3.77,428.7,60964
2026-01-27 04:10:00+00:00,3.71,428.1,64585
2026-01-27 04:11:00+00:00,3.70,427.2,65965
2026-01-27 04:12:00+00:00,3.66,424.7,67119
2026-01-27 04:13:00+00:00,3.53,425.5,64513
2026-01-27 04:14:00+00:00,3.39,422.8,71508
2026-01-27 04:15:00+00:00,3.46,418.1,84954
2026-01-27 04:16:00+00:00,3.79,417.0,88264
2026-01-27 04:17:00+00:00,4.03,414.6,88038
2026-01-27 04:18:00+00:00,3.84,414.2,90675
2026-01-27 04:19:00+00:00,3.78,414.1,86323
2026-01-27 04:20:00+00:00,3.85,411.9,82923
2026-01-27 04:21:00+00:00,3.96,412.3,81239
2026-01-27 04:22:00+00:00,3.72,412.6,82880
2026-01-27 04:23:00+00:00,3.79,413.3,80452
2026-01-27 04:24:00+00:00,3.80,413.4,80324
2026-01-27 04:25:00+00:00,4.28,416.5,89279
2026-01-27 04:26:00+00:00,3.85,414.5,95206
2026-01-27 04:27:00+00:00,4.02,415.6,99037
2026-01-27 04:28:00+00:00,3.90,416.6,101246
2026-01-27 04:29:00+00:00,3.95,415.5,93445
2026-01-27 04:30:00+00:00,3.85,416.2,87445
2026-01-27 04:31:00+00:00,3.73,417.5,76430
2026-01-27 04:32:00+00:00,3.89,417.3,61585
2026-01-27 04:33:00+00:00,3.76,417.9,66018
2026-01-27 04:34:00+00:00,3.90,417.4,66551
2026-01-27 04:35:00+00:00,3.88,417.4,64360
2026-01-27 04:36:00+00:00,3.74,415.7,61615
2026-01-27 04:37:00+00:00,3.81,416.5,61287
2026-01-27 04:38:00+00:00,3.79,415.1,58954
2026-01-27 04:39:00+00:00,3.81,416.8,63745
2026-01-27 04:40:00+00:00,3.85,416.7,64622
2026-01-27 04:41:00+00:00,3.79,415.1,60265
2026-01-27 04:42:00+00:00,3.32,415.4,61371
2026-01-27 04:43:00+00:00,3.51,415.4,62138
2026-01-27 04:44:00+00:00,3.74,415.0,59191
2026-01-27 04:45:00+00:00,3.61,414.5,59335
2026-01-27 04:46:00+00:00,3.59,414.9,62811
2026-01-27 04:47:00+00:00,3.74,415.6,68617
2026-01-27 04:48:00+00:00,3.70,416.4,73049
2026-01-27 04:49:00+00:00,3.57,417.0,69898
2026-01-27 04:50:00+00:00,3.56,414.6,66357
2026-01-27 04:51:00+00:00,3.68,416.0,67630
2026-01-27 04:52:00+00:00,3.53,416.3,74212
2026-01-27 04:53:00+00:00,3.64,416.2,74770
2026-01-27 04:54:00+00:00,3.08,416.8,62833
2026-01-27 04:55:00+00:00,3.70,417.8,74684
2026-01-27 04:56:00+00:00,3.57,417.0,66389
2026-01-27 04:57:00+00:00,3.54,416.9,65211
2026-01-27 04:58:00+00:00,3.34,416.7,57995
2026-01-27 04:59:00+00:00,3.45,415.6,59725
2026-01-27 05:00:00+00:00,3.44,414.9,61056
2026-01-27 05:01:00+00:00,3.45,413.6,62109
2026-01-27 05:02:00+00:00,3.36,412.5,65273
2026-01-27 05:03:00+00:00,3.28,412.7,67916
2026-01-27 05:04:00+00:00,3.35,412.8,67283
2026-01-27 05:05:00+00:00,3.31,412.6,67790
2026-01-27 05:06:00+00:00,3.37,414.4,72914
2026-01-27 05:07:00+00:00,3.43,415.9,77550
2026-01-27 05:08:00+00:00,3.36,416.4,73926
2026-01-27 05:09:00+00:00,3.64,422.1,97852
2026-01-27 05:10:00+00:00,3.10,419.7,95670
2026-01-27 05:11:00+00:00,3.60,419.7,101954
2026-01-27 05:12:00+00:00,3.82,420.8,92679
2026-01-27 05:13:00+00:00,4.53,426.4,112630
2026-01-27 05:14:00+00:00,3.81,421.8,107816
2026-01-27 05:15:00+00:00,3.39,417.6,104133
2026-01-27 05:16:00+00:00,3.47,415.2,98866
2026-01-27 05:17:00+00:00,3.52,414.6,92834
2026-01-27 05:18:00+00:00,3.51,414.3,91758
2026-01-27 05:19:00+00:00,3.56,414.9,89908
2026-01-27 05:20:00+00:00,3.65,416.9,80379
2026-01-27 05:21:00+00:00,3.63,417.0,71364
2026-01-27 05:22:00+00:00,3.29,416.1,72004
2026-01-27 05:23:00+00:00,3.47,416.1,71484
2026-01-27 05:24:00+00:00,3.27,417.0,68929
2026-01-27 05:25:00+00:00,3.41,418.1,65192
2026-01-27 05:26:00+00:00,2.92,417.6,63879
2026-01-27 05:27:00+00:00,3.44,416.8,63821
2026-01-27 05:28:00+00:00,3.60,417.8,73999
2026-01-27 05:29:00+00:00,3.56,416.4,72917
2026-01-27 05:30:00+00:00,3.55,416.1,72373
2026-01-27 05:31:00+00:00,3.99,417.6,73628
2026-01-27 05:32:00+00:00,3.76,417.8,71290
2026-01-27 05:33:00+00:00,3.49,416.9,67604
2026-01-27 05:34:00+00:00,3.42,415.7,68010
2026-01-27 05:35:00+00:00,3.54,415.6,70412
2026-01-27 05:36:00+00:00,3.55,415.6,69432
2026-01-27 05:37:00+00:00,3.23,415.2,67326
2026-01-27 05:38:00+00:00,3.02,415.5,69130
2026-01-27 05:39:00+00:00,3.43,416.3,76604
2026-01-27 05:40:00+00:00,3.65,416.1,69662
2026-01-27 05:41:00+00:00,3.29,416.2,72253
2026-01-27 05:42:00+00:00,3.50,415.1,68095
2026-01-27 05:43:00+00:00,3.43,415.1,72224
2026-01-27 05:44:00+00:00,3.56,414.7,67114
2026-01-27 05:45:00+00:00,3.29,415.9,72652
2026-01-27 05:46:00+00:00,3.49,417.8,67303
2026-01-27 05:47:00+00:00,3.47,417.7,65552
2026-01-27 05:48:00+00:00,3.49,416.6,66030
2026-01-27 05:49:00+00:00,3.27,416.5,67451
2026-01-27 05:50:00+00:00,3.33,417.4,68624
2026-01-27 05:51:00+00:00,3.52,417.4,69211
2026-01-27 05:52:00+00:00,3.40,416.5,68960
2026-01-27 05:53:00+00:00,3.34,416.7,67560
2026-01-27 05:54:00+00:00,3.10,417.1,69231
2026-01-27 05:55:00+00:00,3.45,416.4,73110
2026-01-27 05:56:00+00:00,3.29,416.4,71865
2026-01-27 05:57:00+00:00,3.48,415.7,71404
2026-01-27 05:58:00+00:00,3.21,414.4,68376
2026-01-27 05:59:00+00:00,3.36,415.6,70893
2026-01-27 06:00:00+00:00,3.41,416.3,72507
2026-01-27 06:01:00+00:00,3.07,421.4,83192
2026-01-27 06:02:00+00:00,2.91,422.9,88045
2026-01-27 06:03:00+00:00,2.89,423.1,88878
2026-01-27 06:04:00+00:00,3.31,424.4,90740
2026-01-27 06:05:00+00:00,2.97,424.1,91381
2026-01-27 06:06:00+00:00,3.00,423.3,89063
2026-01-27 06:07:00+00:00,3.25,421.5,82793
2026-01-27 06:08:00+00:00,3.18,419.9,76413
2026-01-27 06:09:00+00:00,3.26,419.9,73950
2026-01-27 06:10:00+00:00,3.20,419.4,78294
2026-01-27 06:11:00+00:00,3.11,418.9,83069
2026-01-27 06:12:00+00:00,3.15,415.0,72165
2026-01-27 06:13:00+00:00,3.09,415.3,72844
2026-01-27 06:14:00+00:00,3.14,414.5,73259
2026-01-27 06:15:00+00:00,3.15,415.6,74962
2026-01-27 06:16:00+00:00,3.17,414.4,76796
2026-01-27 06:17:00+00:00,2.94,415.7,82277
2026-01-27 06:18:00+00:00,3.02,416.3,89175
2026-01-27 06:19:00+00:00,3.09,416.3,92221
2026-01-27 06:20:00+00:00,3.06,416.5,91306
2026-01-27 06:21:00+00:00,3.21,418.1,86905
2026-01-27 06:22:00+00:00,3.37,419.2,84141
2026-01-27 06:23:00+00:00,3.38,421.1,88775
2026-01-27 06:24:00+00:00,3.18,422.1,92839
2026-01-27 06:25:00+00:00,2.86,418.3,85164
2026-01-27 06:26:00+00:00,3.01,416.7,77822
2026-01-27 06:27:00+00:00,3.09,415.1,82613
2026-01-27 06:28:00+00:00,3.19,413.8,80659
2026-01-27 06:29:00+00:00,2.94,413.4,80326
2026-01-27 06:30:00+00:00,3.33,412.9,81516
2026-01-27 06:31:00+00:00,3.25,412.2,76858
2026-01-27 06:32:00+00:00,2.91,416.7,74062
2026-01-27 06:33:00+00:00,2.45,417.5,83064
2026-01-27 06:34:00+00:00,2.62,418.3,82285
2026-01-27 06:35:00+00:00,2.58,419.6,81258
2026-01-27 06:36:00+00:00,2.52,420.0,81227
2026-01-27 06:37:00+00:00,2.81,414.9,87594
2026-01-27 06:38:00+00:00,2.95,413.2,85275
2026-01-27 06:39:00+00:00,3.29,414.8,84302
2026-01-27 06:40:00+00:00,3.61,418.9,86569
2026-01-27 06:41:00+00:00,3.68,418.4,88245
2026-01-27 06:42:00+00:00,3.72,419.5,92494
2026-01-27 06:43:00+00:00,3.70,418.9,95073
2026-01-27 06:44:00+00:00,3.63,419.3,94240
2026-01-27 06:45:00+00:00,3.27,417.3,96492
2026-01-27 06:46:00+00:00,3.66,415.7,103464
2026-01-27 06:47:00+00:00,3.48,414.5,104483
2026-01-27 06:48:00+00:00,3.69,414.7,103077
2026-01-27 06:49:00+00:00,3.27,415.3,104480
2026-01-27 06:50:00+00:00,3.38,414.4,101651
2026-01-27 06:51:00+00:00,3.30,414.8,101354
2026-01-27 06:52:00+00:00,3.27,415.0,101024
2026-01-27 06:53:00+00:00,3.27,416.3,99022
2026-01-27 06:54:00+00:00,3.26,417.7,98745
2026-01-27 06:55:00+00:00,3.20,418.2,99575
2026-01-27 06:56:00+00:00,3.10,418.9,99285
2026-01-27 06:57:00+00:00,3.04,419.3,97641
2026-01-27 06:58:00+00:00,2.90,419.0,93295
2026-01-27 06:59:00+00:00,3.09,419.8,93374
2026-01-27 07:00:00+00:00,2.94,422.3,91652
2026-01-27 07:01:00+00:00,2.74,421.0,91742
2026-01-27 07:02:00+00:00,2.81,420.3,89635
2026-01-27 07:03:00+00:00,2.87,418.5,91645
2026-01-27 07:04:00+00:00,2.87,419.8,90508
2026-01-27 07:05:00+00:00,3.24,420.3,95511
2026-01-27 07:06:00+00:00,3.11,414.3,76930
2026-01-27 07:07:00+00:00,3.04,412.3,70349
2026-01-27 08:08:00+00:00,2.78,406.4,77556
2026-01-27 08:09:00+00:00,1.91,398.7,59991
2026-01-27 08:10:00+00:00,2.58,407.7,73979
2026-01-27 08:11:00+00:00,3.03,412.8,85210
2026-01-27 08:12:00+00:00,2.92,414.5,93338
2026-01-27 08:13:00+00:00,2.26,403.8,67574
2026-01-27 08:14:00+00:00,2.51,406.1,78880
2026-01-27 08:15:00+00:00,3.24,418.5,116595
2026-01-27 08:16:00+00:00,3.59,423.6,134914
2026-01-27 08:17:00+00:00,3.45,420.6,122949
2026-01-27 08:18:00+00:00,3.06,412.6,91781
2026-01-27 08:19:00+00:00,2.97,411.2,92251
2026-01-27 08:20:00+00:00,3.35,411.5,109865
2026-01-27 08:21:00+00:00,2.22,407.2,70716
2026-01-27 08:22:00+00:00,3.18,415.5,90828
2026-01-27 08:23:00+00:00,3.50,416.5,103570
2026-01-27 08:24:00+00:00,2.91,419.6,106868
2026-01-27 08:25:00+00:00,1.89,402.8,59454
2026-01-27 08:26:00+00:00,2.82,408.8,79298
2026-01-27 08:27:00+00:00,3.26,414.3,97019
2026-01-27 08:28:00+00:00,3.41,415.7,98740
2026-01-27 08:29:00+00:00,2.88,409.0,74932
2026-01-27 08:30:00+00:00,2.89,411.2,83209
2026-01-27 08:31:00+00:00,3.42,420.0,114937
2026-01-27 08:32:00+00:00,2.83,416.2,93638
2026-01-27 08:33:00+00:00,2.01,410.3,55622
2026-01-27 08:34:00+00:00,2.78,416.5,81719
2026-01-27 08:35:00+00:00,3.17,414.5,89284
2026-01-27 08:36:00+00:00,2.99,410.1,81885
2026-01-27 08:37:00+00:00,1.86,403.6,59213
2026-01-27 08:38:00+00:00,3.12,411.5,87149
2026-01-27 08:39:00+00:00,3.42,419.1,113017
2026-01-27 08:40:00+00:00,3.06,415.4,104247
2026-01-27 08:41:00+00:00,2.01,398.8,57824
2026-01-27 08:42:00+00:00,2.79,405.0,80529
2026-01-27 08:43:00+00:00,3.20,410.6,92807
2026-01-27 08:44:00+00:00,3.36,414.7,109945
2026-01-27 08:45:00+00:00,2.92,410.8,88155
2026-01-27 08:46:00+00:00,2.71,409.2,73351
2026-01-27 08:47:00+00:00,3.03,413.2,89006
2026-01-27 08:48:00+00:00,3.15,414.2,93824
2026-01-27 08:49:00+00:00,2.95,412.6,85814
2026-01-27 08:50:00+00:00,3.00,412.5,88709
2026-01-27 08:51:00+00:00,3.05,411.6,94270
2026-01-27 08:52:00+00:00,2.22,407.6,64859
2026-01-27 08:53:00+00:00,1.84,401.3,47472
2026-01-27 08:54:00+00:00,3.05,411.9,77875
2026-01-27 08:55:00+00:00,3.51,418.6,101872
2026-01-27 08:56:00+00:00,2.93,411.1,77238
2026-01-27 08:57:00+00:00,2.13,402.3,50016
2026-01-27 08:58:00+00:00,2.85,408.9,68943
2026-01-27 08:59:00+00:00,3.50,416.2,95993
2026-01-27 09:00:00+00:00,3.32,414.0,99111
2026-01-27 09:01:00+00:00,2.84,411.4,84110
2026-01-27 09:02:00+00:00,2.69,411.5,79856
2026-01-27 09:03:00+00:00,2.70,410.6,81703
2026-01-27 09:04:00+00:00,2.29,406.1,69691
2026-01-27 09:05:00+00:00,2.23,406.2,77390
2026-01-27 09:06:00+00:00,3.40,419.8,120890
2026-01-27 09:07:00+00:00,2.86,413.5,89237
2026-01-27 09:08:00+00:00,2.58,410.7,80496
2026-01-27 09:09:00+00:00,2.15,400.1,57258
2026-01-27 09:10:00+00:00,3.00,413.3,84747
2026-01-27 09:11:00+00:00,3.37,412.9,99551
2026-01-27 09:12:00+00:00,3.20,414.4,99083
2026-01-27 09:13:00+00:00,2.82,410.4,84099
2026-01-27 09:14:00+00:00,2.95,410.8,83241
2026-01-27 09:15:00+00:00,3.12,411.5,97051
2026-01-27 09:16:00+00:00,2.21,402.7,70097
2026-01-27 09:17:00+00:00,2.72,406.7,88694
2026-01-27 09:18:00+00:00,3.51,409.8,111166
2026-01-27 09:19:00+00:00,3.15,408.2,106294
2026-01-27 09:20:00+00:00,2.44,406.4,93003
2026-01-27 09:21:00+00:00,1.69,394.4,54547
2026-01-27 09:22:00+00:00,3.26,404.0,93328
2026-01-27 09:23:00+00:00,3.29,406.5,100287
2026-01-27 09:24:00+00:00,3.48,419.6,137269
2026-01-27 09:25:00+00:00,3.45,411.7,110170
2026-01-27 09:26:00+00:00,3.40,409.2,103745
2026-01-27 09:27:00+00:00,3.64,410.7,116275
2026-01-27 09:28:00+00:00,3.24,407.9,99028
2026-01-27 09:29:00+00:00,3.69,410.8,114643
2026-01-27 09:30:00+00:00,3.68,406.2,111832
2026-01-27 09:31:00+00:00,3.55,407.7,116838
2026-01-27 09:32:00+00:00,2.74,401.5,92873
2026-01-27 09:33:00+00:00,3.50,405.8,109500
2026-01-27 09:34:00+00:00,4.20,410.3,124246
2026-01-27 09:35:00+00:00,3.87,408.3,116691
2026-01-27 09:36:00+00:00,3.33,404.6,102991
2026-01-27 09:37:00+00:00,2.91,400.1,86232
2026-01-27 09:38:00+00:00,4.32,412.3,143425
2026-01-27 09:39:00+00:00,3.91,408.7,126323
2026-01-27 09:40:00+00:00,3.97,408.0,128333
2026-01-27 09:41:00+00:00,3.87,408.8,129768
2026-01-27 09:42:00+00:00,3.80,407.1,120172
2026-01-27 09:43:00+00:00,3.78,410.4,129572
2026-01-27 09:44:00+00:00,2.78,400.0,80290
2026-01-27 09:45:00+00:00,4.13,412.1,137474
2026-01-27 09:46:00+00:00,4.23,412.1,125805
2026-01-27 09:47:00+00:00,3.99,414.3,126415
2026-01-27 09:48:00+00:00,3.19,403.3,83797
2026-01-27 09:49:00+00:00,3.91,410.7,128590
2026-01-27 09:50:00+00:00,4.29,416.9,160333
2026-01-27 09:51:00+00:00,3.72,411.1,133487
2026-01-27 09:52:00+00:00,3.54,410.1,125487
2026-01-27 09:53:00+00:00,3.49,409.1,117364
2026-01-27 09:54:00+00:00,4.52,417.9,160078
2026-01-27 09:55:00+00:00,2.67,397.7,66999
2026-01-27 09:56:00+00:00,2.86,400.0,77872
2026-01-27 09:57:00+00:00,4.92,425.3,196246
2026-01-27 09:58:00+00:00,4.29,413.9,124063
2026-01-27 09:59:00+00:00,5.18,423.5,95820
2026-01-27 10:04:00+00:00,1.84,406.5,75184
2026-01-27 10:05:00+00:00,3.59,413.6,99262
2026-01-27 10:06:00+00:00,5.43,422.2,106609
2026-01-27 10:07:00+00:00,6.03,422.9,122014
2026-01-27 10:08:00+00:00,4.69,419.0,140520
2026-01-27 10:09:00+00:00,4.22,420.0,101674
2026-01-27 10:10:00+00:00,4.04,427.1,114361
2026-01-27 10:11:00+00:00,4.76,427.6,133919
2026-01-27 10:12:00+00:00,5.33,406.5,54996
2026-01-27 10:13:00+00:00,5.24,425.4,156994
2026-01-27 10:14:00+00:00,4.37,421.1,116385
2026-01-27 10:15:00+00:00,4.28,426.4,125322
2026-01-27 10:16:00+00:00,5.47,405.9,70135
2026-01-27 10:17:00+00:00,4.28,425.9,151397
2026-01-27 10:18:00+00:00,4.19,430.8,167753
2026-01-27 10:19:00+00:00,3.76,421.6,131411
2026-01-27 10:20:00+00:00,3.50,416.3,120630
2026-01-27 10:21:00+00:00,3.61,415.4,131254
2026-01-27 10:22:00+00:00,3.56,414.7,130650
2026-01-27 10:23:00+00:00,3.49,416.3,129942
2026-01-27 10:24:00+00:00,3.89,419.9,152659
2026-01-27 10:25:00+00:00,4.09,420.7,165804
2026-01-27 10:26:00+00:00,3.50,420.8,136314
2026-01-27 10:27:00+00:00,3.52,423.4,147145
2026-01-27 10:28:00+00:00,2.03,399.8,72661
2026-01-27 10:29:00+00:00,2.05,400.1,73654
2026-01-27 10:30:00+00:00,3.21,422.7,132238
2026-01-27 10:31:00+00:00,3.45,433.0,156437
2026-01-27 10:32:00+00:00,3.47,415.4,89719
2026-01-27 10:33:00+00:00,3.84,430.0,138269
2026-01-27 10:34:00+00:00,3.44,424.6,121276
2026-01-27 10:35:00+00:00,3.45,423.1,117785
2026-01-27 10:36:00+00:00,3.25,421.4,108347
2026-01-27 10:37:00+00:00,3.63,423.1,105182
2026-01-27 10:38:00+00:00,4.15,426.9,116434
2026-01-27 10:39:00+00:00,3.65,421.8,98187
2026-01-27 10:40:00+00:00,5.39,419.4,68484
2026-01-27 10:41:00+00:00,8.31,430.1,84917
2026-01-27 10:42:00+00:00,3.96,428.3,99023
2026-01-27 10:43:00+00:00,4.05,429.7,107741
2026-01-27 10:44:00+00:00,2.46,402.1,48145
2026-01-27 10:45:00+00:00,4.34,445.9,162073
2026-01-27 10:46:00+00:00,3.93,426.5,96080
2026-01-27 10:47:00+00:00,3.99,430.5,103012
2026-01-27 10:48:00+00:00,2.70,415.7,66564
2026-01-27 10:49:00+00:00,3.45,427.6,105017
2026-01-27 10:50:00+00:00,3.77,430.4,102900
2026-01-27 10:51:00+00:00,3.21,429.7,80486
2026-01-27 10:52:00+00:00,3.70,436.6,98594
2026-01-27 10:53:00+00:00,4.10,436.0,107672
2026-01-27 10:54:00+00:00,4.01,431.9,102728
2026-01-27 10:55:00+00:00,3.28,420.2,76436
2026-01-27 10:56:00+00:00,2.88,419.1,60217
2026-01-27 10:57:00+00:00,3.87,443.2,85927
2026-01-27 10:58:00+00:00,3.81,433.1,49557
2026-01-27 10:59:00+00:00,4.16,435.0,56245
2026-01-27 11:00:00+00:00,1.94,408.5,18812
2026-01-27 11:01:00+00:00,3.39,,
2026-01-27 11:02:00+00:00,3.39,431.0,39450
2026-01-27 11:03:00+00:00,3.17,426.3,40026
2026-01-27 11:04:00+00:00,2.14,421.6,47473
2026-01-27 11:05:00+00:00,11.13,442.7,35979
2026-01-27 11:06:00+00:00,6.52,433.8,37676
2026-01-27 11:07:00+00:00,2.35,411.2,23174
2026-01-27 11:08:00+00:00,3.08,435.5,58858
2026-01-27 11:09:00+00:00,4.90,446.1,79070
2026-01-27 11:10:00+00:00,4.31,437.1,57464
2026-01-27 11:11:00+00:00,2.40,419.6,39708
2026-01-27 11:12:00+00:00,2.27,404.6,68118
2026-01-27 11:13:00+00:00,3.73,423.2,111013
2026-01-27 11:14:00+00:00,4.48,433.3,93216
2026-01-27 11:15:00+00:00,4.97,431.9,117895
2026-01-27 11:16:00+00:00,2.46,411.9,59211
2026-01-27 11:17:00+00:00,4.29,431.9,102616
2026-01-27 11:18:00+00:00,3.29,420.1,85816
2026-01-27 11:19:00+00:00,2.81,410.9,72575
2026-01-27 11:20:00+00:00,3.34,419.9,93274
2026-01-27 11:21:00+00:00,3.71,427.5,105667
2026-01-27 11:22:00+00:00,3.88,429.6,114086
2026-01-27 11:23:00+00:00,2.13,407.5,67937
2026-01-27 11:24:00+00:00,2.89,411.4,86961
2026-01-27 11:25:00+00:00,3.44,416.7,105286
2026-01-27 11:26:00+00:00,3.16,415.2,101926
2026-01-27 11:27:00+00:00,3.04,411.4,94403
2026-01-27 11:28:00+00:00,3.20,409.2,96034
2026-01-27 11:29:00+00:00,3.78,417.2,118628
2026-01-27 11:30:00+00:00,3.03,412.0,98950
2026-01-27 11:31:00+00:00,2.85,411.8,97319
2026-01-27 11:32:00+00:00,3.38,415.0,102650
2026-01-27 11:33:00+00:00,2.89,409.1,92182
2026-01-27 11:35:00+00:00,2.42,395.1,72577
2026-01-27 11:36:00+00:00,3.79,425.2,153832
2026-01-27 11:37:00+00:00,3.44,418.4,126206
2026-01-27 11:38:00+00:00,3.29,422.2,102605
2026-01-27 11:39:00+00:00,3.14,416.9,82056
2026-01-27 11:40:00+00:00,3.64,427.7,104886
2026-01-27 11:41:00+00:00,3.95,431.8,112138
2026-01-27 11:42:00+00:00,4.36,431.7,124398
2026-01-27 11:43:00+00:00,3.99,421.2,105292
2026-01-27 11:44:00+00:00,3.28,417.5,86981
2026-01-27 11:45:00+00:00,4.04,439.8,135633
2026-01-27 11:46:00+00:00,3.39,415.9,61668
2026-01-27 11:47:00+00:00,2.53,409.2,46144
2026-01-27 11:48:00+00:00,4.06,425.2,71987
2026-01-27 11:49:00+00:00,4.23,424.3,79513
2026-01-27 11:50:00+00:00,3.42,425.6,71730
2026-01-27 11:51:00+00:00,2.41,396.1,30526
2026-01-27 11:52:00+00:00,4.13,435.7,105341
2026-01-27 11:53:00+00:00,4.43,431.7,96614
2026-01-27 11:54:00+00:00,3.90,426.6,84048
2026-01-27 11:55:00+00:00,2.96,410.5,51618
2026-01-27 11:56:00+00:00,3.54,421.4,69157
2026-01-27 11:57:00+00:00,4.24,431.6,89426
2026-01-27 11:58:00+00:00,4.06,427.4,82864
2026-01-27 11:59:00+00:00,3.88,425.0,77554
2026-01-27 12:00:00+00:00,4.03,426.2,81101
2026-01-27 12:01:00+00:00,3.85,424.0,77842
2026-01-27 12:02:00+00:00,3.19,415.7,60686
2026-01-27 12:03:00+00:00,2.10,401.2,41745
2026-01-27 12:04:00+00:00,3.80,432.2,101523
2026-01-27 12:05:00+00:00,3.95,425.4,93920
2026-01-27 12:06:00+00:00,2.95,417.5,56472
2026-01-27 12:07:00+00:00,2.95,,
2026-01-27 12:08:00+00:00,1.38,382.5,19770
2026-01-27 12:09:00+00:00,3.78,423.5,94277
2026-01-27 12:10:00+00:00,3.64,418.9,78707
2026-01-27 12:11:00+00:00,4.29,417.4,84587
2026-01-27 12:12:00+00:00,3.45,413.7,74787
2026-01-27 12:13:00+00:00,3.19,415.1,65883
2026-01-27 12:14:00+00:00,3.42,417.2,64018
2026-01-27 12:15:00+00:00,3.45,415.8,63491
2026-01-27 12:16:00+00:00,3.68,416.8,65356
2026-01-27 12:17:00+00:00,3.51,417.9,60183
2026-01-27 12:18:00+00:00,3.12,412.8,53429
2026-01-27 12:19:00+00:00,1.91,398.1,38771
2026-01-27 12:20:00+00:00,3.72,426.5,76892
2026-01-27 12:21:00+00:00,4.07,414.8,64978
2026-01-27 12:22:00+00:00,3.51,409.1,62154
2026-01-27 12:23:00+00:00,3.82,411.6,66159
2026-01-27 12:24:00+00:00,3.86,414.9,64221
2026-01-27 12:25:00+00:00,3.10,411.8,55404
2026-01-27 12:26:00+00:00,3.42,412.1,55358
2026-01-27 12:27:00+00:00,3.23,410.8,54345
2026-01-27 12:28:00+00:00,3.60,413.2,60752
2026-01-27 12:29:00+00:00,3.41,412.4,60091
2026-01-27 12:30:00+00:00,3.26,410.8,53964
2026-01-27 12:31:00+00:00,3.61,412.9,53597
2026-01-27 12:32:00+00:00,3.77,415.3,57963
2026-01-27 12:33:00+00:00,3.78,416.3,61715
2026-01-27 12:34:00+00:00,3.36,416.4,60954
2026-01-27 12:35:00+00:00,3.36,414.7,61091
2026-01-27 12:36:00+00:00,3.90,420.2,79643
2026-01-27 12:37:00+00:00,3.29,408.9,52718
2026-01-27 12:38:00+00:00,3.45,412.1,55639
2026-01-27 12:39:00+00:00,4.27,419.3,77118
2026-01-27 12:40:00+00:00,4.32,419.7,78249
2026-01-27 12:41:00+00:00,2.90,387.2,27095
2026-01-27 12:42:00+00:00,3.57,404.7,47813
2026-01-27 12:43:00+00:00,4.18,417.0,67821
2026-01-27 12:44:00+00:00,4.72,419.4,74856
2026-01-27 12:45:00+00:00,3.85,413.9,66353
2026-01-27 12:46:00+00:00,3.49,410.4,61915
2026-01-27 12:47:00+00:00,4.12,412.4,68312
2026-01-27 12:48:00+00:00,4.18,416.4,79114
2026-01-27 12:49:00+00:00,4.35,419.5,87669
2026-01-27 12:50:00+00:00,4.73,416.3,75916
2026-01-27 12:51:00+00:00,4.09,413.5,63421
2026-01-27 12:52:00+00:00,3.96,410.9,64188
2026-01-27 12:53:00+00:00,2.81,400.8,46265
2026-01-27 12:54:00+00:00,3.03,408.9,61630
2026-01-27 12:55:00+00:00,3.40,411.0,64750
2026-01-27 12:56:00+00:00,3.99,411.6,65460
2026-01-27 12:57:00+00:00,3.64,412.9,63087
2026-01-27 12:58:00+00:00,3.55,410.8,56972
2026-01-27 12:59:00+00:00,3.96,415.9,74971
2026-01-27 13:00:00+00:00,4.11,414.2,69798
2026-01-27 13:01:00+00:00,3.77,412.7,61426
2026-01-27 13:02:00+00:00,3.59,410.6,63898
2026-01-27 13:03:00+00:00,3.85,411.6,75917
2026-01-27 13:04:00+00:00,3.91,415.3,85307
2026-01-27 13:05:00+00:00,3.71,411.0,77135
2026-01-27 13:06:00+00:00,4.00,409.6,75539
2026-01-27 13:07:00+00:00,3.78,406.7,68369
2026-01-27 13:08:00+00:00,3.57,404.8,64215
2026-01-27 13:09:00+00:00,3.76,410.0,77198
2026-01-27 13:10:00+00:00,3.50,407.9,69673
2026-01-27 13:11:00+00:00,3.70,410.7,74956
2026-01-27 13:12:00+00:00,3.77,412.0,80075
2026-01-27 13:13:00+00:00,3.78,412.1,80715
2026-01-27 13:14:00+00:00,3.72,410.7,74112
2026-01-27 13:15:00+00:00,4.15,421.9,104925
2026-01-27 13:16:00+00:00,4.12,419.9,96657
2026-01-27 13:17:00+00:00,4.10,415.5,82310
2026-01-27 13:18:00+00:00,4.02,414.4,75250
2026-01-27 13:19:00+00:00,3.90,414.6,71285
2026-01-27 13:20:00+00:00,3.75,415.2,70353
2026-01-27 13:21:00+00:00,3.58,413.0,63313
2026-01-27 13:22:00+00:00,4.25,415.0,70180
2026-01-27 13:23:00+00:00,4.00,413.9,66200
2026-01-27 13:24:00+00:00,4.52,415.9,69458
2026-01-27 13:25:00+00:00,5.83,418.5,46833
2026-01-27 13:26:00+00:00,2.09,394.0,31582
2026-01-27 13:27:00+00:00,3.86,423.5,71564
2026-01-27 13:28:00+00:00,4.70,425.3,92494
2026-01-27 13:29:00+00:00,4.69,416.9,80207
2026-01-27 13:30:00+00:00,3.87,412.6,64126
2026-01-27 13:31:00+00:00,3.86,420.6,81273
2026-01-27 13:32:00+00:00,4.56,423.6,90101
2026-01-27 13:33:00+00:00,4.67,418.6,80605
2026-01-27 13:34:00+00:00,4.22,414.2,68176
2026-01-27 13:35:00+00:00,4.13,414.0,66089
2026-01-27 13:36:00+00:00,4.44,415.1,70274
2026-01-27 13:37:00+00:00,3.68,409.6,59906
2026-01-27 13:38:00+00:00,2.05,399.5,42525
2026-01-27 13:39:00+00:00,4.05,413.2,65347
2026-01-27 13:40:00+00:00,4.90,419.3,80102
2026-01-27 13:41:00+00:00,3.76,417.3,73556
2026-01-27 13:42:00+00:00,3.84,411.9,62846
2026-01-27 13:43:00+00:00,4.29,421.1,86200
2026-01-27 13:44:00+00:00,4.22,413.8,69956
2026-01-27 13:45:00+00:00,4.11,413.7,73758
2026-01-27 13:46:00+00:00,4.09,413.9,75130
2026-01-27 13:47:00+00:00,2.45,389.0,37183
2026-01-27 13:48:00+00:00,3.72,413.6,93601
2026-01-27 13:49:00+00:00,4.76,429.2,139656
2026-01-27 13:50:00+00:00,4.66,420.0,114165
2026-01-27 13:51:00+00:00,4.27,411.8,80409
2026-01-27 13:52:00+00:00,4.22,414.1,82004
2026-01-27 13:53:00+00:00,3.57,406.3,64276
2026-01-27 13:54:00+00:00,2.35,396.4,46616
2026-01-27 13:55:00+00:00,4.17,424.8,98169
2026-01-27 13:56:00+00:00,4.22,428.6,96384
2026-01-27 13:57:00+00:00,4.95,422.1,83890
2026-01-27 13:58:00+00:00,3.50,399.7,35066
2026-01-27 13:59:00+00:00,2.59,402.2,43771
2026-01-27 14:00:00+00:00,4.76,428.0,107416
2026-01-27 14:01:00+00:00,3.14,416.2,80138
2026-01-27 14:02:00+00:00,3.32,415.5,77934
2026-01-27 14:03:00+00:00,3.35,411.5,80885
2026-01-27 14:04:00+00:00,2.64,416.2,73046
2026-01-27 14:05:00+00:00,2.79,422.1,77865
2026-01-27 14:06:00+00:00,3.48,422.4,87105
2026-01-27 14:07:00+00:00,3.47,418.5,83376
2026-01-27 14:08:00+00:00,3.11,413.9,73554
2026-01-27 14:09:00+00:00,3.27,411.9,65872
2026-01-27 14:10:00+00:00,3.77,414.5,69173
2026-01-27 14:11:00+00:00,4.51,425.1,96631
2026-01-27 14:12:00+00:00,3.17,409.3,73537
2026-01-27 14:13:00+00:00,3.56,410.4,56459
2026-01-27 14:14:00+00:00,3.54,408.5,66007
2026-01-27 14:15:00+00:00,3.50,410.0,57295
2026-01-27 14:40:00+00:00,13.15,434.2,89514
2026-01-27 14:41:00+00:00,14.48,425.2,64680
2026-01-27 14:42:00+00:00,13.58,409.0,33684
2026-01-27 14:43:00+00:00,8.15,424.1,67341
2026-01-27 14:44:00+00:00,7.65,421.4,64446
2026-01-27 14:45:00+00:00,6.92,416.4,51361
2026-01-27 14:46:00+00:00,10.02,423.3,61371
2026-01-27 14:47:00+00:00,9.61,425.2,54485
2026-01-27 14:48:00+00:00,8.17,417.9,52140
2026-01-27 14:49:00+00:00,9.76,420.0,51085
2026-01-27 14:50:00+00:00,10.87,419.7,74262
2026-01-27 14:51:00+00:00,9.77,422.1,62549
2026-01-27 14:52:00+00:00,9.15,423.4,53514
2026-01-27 14:55:00+00:00,7.55,430.5,59790
2026-01-27 14:56:00+00:00,8.60,433.8,48246
2026-01-27 14:57:00+00:00,9.21,434.9,38200
2026-01-27 14:58:00+00:00,6.90,434.6,42251
2026-01-27 14:59:00+00:00,6.93,435.1,36957
2026-01-27 15:00:00+00:00,6.69,433.7,39673
2026-01-27 15:01:00+00:00,9.79,437.7,33368
2026-01-27 15:02:00+00:00,7.47,438.6,37755
2026-01-27 15:03:00+00:00,6.61,439.6,39910
2026-01-27 15:04:00+00:00,4.99,439.7,40608
2026-01-27 15:05:00+00:00,3.09,419.4,21092
2026-01-27 15:06:00+00:00,6.38,432.0,32685
2026-01-27 15:07:00+00:00,8.83,443.4,51899
2026-01-27 15:08:00+00:00,7.99,440.0,48390
2026-01-27 15:09:00+00:00,4.86,419.6,26221
2026-01-27 15:10:00+00:00,4.97,421.8,25542
2026-01-27 15:11:00+00:00,7.15,443.7,49478
2026-01-27 15:12:00+00:00,7.78,447.3,60000
2026-01-27 15:13:00+00:00,8.95,441.6,54642
2026-01-27 15:14:00+00:00,9.10,440.3,58090
2026-01-27 15:15:00+00:00,6.95,429.6,46249
2026-01-27 15:16:00+00:00,5.48,419.6,53258
2026-01-27 15:17:00+00:00,12.61,392.4,15891
2026-01-27 15:18:00+00:00,7.18,445.1,67122
2026-01-27 15:19:00+00:00,6.92,441.6,65555
2026-01-27 15:20:00+00:00,6.28,431.0,39604
2026-01-27 15:21:00+00:00,5.59,420.0,32862
2026-01-27 15:22:00+00:00,6.65,432.4,51800
2026-01-27 15:23:00+00:00,20.75,437.1,42662
2026-01-27 15:24:00+00:00,14.80,435.7,50236
2026-01-27 15:25:00+00:00,7.14,434.9,59467
2026-01-27 15:28:00+00:00,9.58,444.4,60608
2026-01-27 15:29:00+00:00,10.50,428.9,56439
2026-01-27 15:30:00+00:00,10.38,428.0,46018
2026-01-27 15:31:00+00:00,10.63,427.4,34963
2026-01-27 15:32:00+00:00,10.45,421.7,37592
2026-01-27 15:33:00+00:00,12.02,393.0,22114
2026-01-27 15:34:00+00:00,10.51,439.4,62108
2026-01-27 15:35:00+00:00,11.15,427.7,45050
2026-01-27 15:36:00+00:00,11.05,432.3,45877
2026-01-27 15:37:00+00:00,11.78,408.0,30948
2026-01-27 15:38:00+00:00,10.91,433.3,40693
2026-01-27 15:39:00+00:00,11.13,436.8,45845
2026-01-27 15:40:00+00:00,11.29,434.2,45806
2026-01-27 15:41:00+00:00,11.13,432.2,45182
2026-01-27 15:42:00+00:00,10.96,428.8,43969
2026-01-27 15:43:00+00:00,18.19,429.1,41719
2026-01-27 15:44:00+00:00,22.00,421.3,38300
2026-01-27 15:45:00+00:00,10.29,411.9,45092
2026-01-27 15:46:00+00:00,10.86,435.1,67007
2026-01-27 15:47:00+00:00,10.80,423.5,52864
2026-01-27 15:48:00+00:00,10.17,419.8,30812
2026-01-27 15:49:00+00:00,11.84,402.5,24393
2026-01-27 15:50:00+00:00,11.10,438.9,53832
2026-01-27 15:51:00+00:00,11.08,427.6,46886
2026-01-27 15:52:00+00:00,11.38,430.1,52499
2026-01-27 15:53:00+00:00,11.40,430.0,50746
2026-01-27 15:54:00+00:00,11.01,422.9,42193
2026-01-27 15:55:00+00:00,11.24,425.8,49019
2026-01-27 15:56:00+00:00,11.35,412.4,35354
2026-01-27 15:57:00+00:00,20.96,423.4,33577
2026-01-27 16:03:00+00:00,11.75,438.9,50384
2026-01-27 16:04:00+00:00,11.71,431.8,37148
2026-01-27 16:05:00+00:00,12.85,441.0,56139
2026-01-27 16:06:00+00:00,,,
2026-01-27 16:07:00+00:00,,,
2026-01-27 16:09:00+00:00,10.65,434.1,32253
2026-01-27 16:10:00+00:00,8.45,432.4,35058
2026-01-27 16:11:00+00:00,6.38,425.7,51376
2026-01-27 16:12:00+00:00,9.25,427.4,50409
2026-01-27 16:13:00+00:00,11.80,430.7,41057
2026-01-27 16:14:00+00:00,10.68,431.0,42133
2026-01-27 16:15:00+00:00,7.83,430.1,48579
2026-01-27 16:16:00+00:00,6.31,426.7,53468
2026-01-27 16:17:00+00:00,6.93,422.2,58709
2026-01-27 16:18:00+00:00,6.70,422.0,59095
2026-01-27 16:19:00+00:00,5.70,421.2,60992
2026-01-27 16:20:00+00:00,5.92,418.5,69081
2026-01-27 16:21:00+00:00,5.12,421.8,67127
2026-01-27 16:22:00+00:00,5.33,419.0,63572
2026-01-27 16:23:00+00:00,4.74,418.9,68492
2026-01-27 16:24:00+00:00,4.72,415.2,69132
2026-01-27 16:25:00+00:00,4.29,414.6,72795
2026-01-27 16:26:00+00:00,4.11,412.9,71771
2026-01-27 16:27:00+00:00,4.08,412.4,71160
2026-01-27 16:28:00+00:00,5.25,417.8,76101
2026-01-27 16:29:00+00:00,5.06,416.4,77209
2026-01-27 16:30:00+00:00,4.90,415.2,78115
2026-01-27 16:32:00+00:00,3.94,409.1,83852
2026-01-27 16:33:00+00:00,3.99,409.2,79632
2026-01-27 16:34:00+00:00,4.16,409.9,72407
2026-01-27 16:35:00+00:00,4.35,411.7,83143
2026-01-27 16:36:00+00:00,4.67,412.2,73262
2026-01-27 16:37:00+00:00,5.56,419.8,72480
2026-01-27 16:38:00+00:00,4.96,414.8,78813
2026-01-27 16:39:00+00:00,4.45,411.8,78124
2026-01-27 16:40:00+00:00,4.30,413.6,77480
2026-01-27 16:41:00+00:00,4.78,415.8,77013
2026-01-27 16:42:00+00:00,4.66,415.1,74640
2026-01-27 16:43:00+00:00,4.50,409.1,72059
2026-01-27 16:44:00+00:00,4.15,408.3,69697
2026-01-27 16:45:00+00:00,3.97,409.9,70265
2026-01-27 16:46:00+00:00,3.79,412.0,72234
2026-01-27 16:47:00+00:00,3.79,413.1,75719
2026-01-27 16:48:00+00:00,3.96,410.9,79249
2026-01-27 16:49:00+00:00,3.84,408.1,78455
2026-01-27 16:50:00+00:00,3.94,406.5,75688
2026-01-27 16:51:00+00:00,3.55,404.6,68792
2026-01-27 16:52:00+00:00,3.89,407.8,69511
2026-01-27 16:53:00+00:00,3.84,407.2,69915
2026-01-27 16:54:00+00:00,3.81,406.8,76010
2026-01-27 16:55:00+00:00,3.75,411.6,74942
2026-01-27 16:56:00+00:00,4.39,415.4,76805
2026-01-27 16:57:00+00:00,4.90,413.9,76016
2026-01-27 16:58:00+00:00,4.50,409.2,73630
2026-01-27 16:59:00+00:00,4.33,408.4,71703
2026-01-27 17:00:00+00:00,4.64,408.7,71860
2026-01-27 17:01:00+00:00,5.11,407.2,70132
2026-01-27 17:02:00+00:00,5.45,404.2,71392
2026-01-27 17:03:00+00:00,5.57,402.4,74640
2026-01-27 17:05:00+00:00,4.93,405.8,73550
2026-01-27 17:06:00+00:00,4.58,406.7,74188
2026-01-27 17:07:00+00:00,3.40,410.3,76687
2026-01-27 17:08:00+00:00,3.85,412.3,77319
2026-01-27 17:09:00+00:00,4.21,411.5,72394
2026-01-27 17:10:00+00:00,4.67,414.7,78333
2026-01-27 17:11:00+00:00,5.36,415.5,68356
2026-01-27 17:12:00+00:00,5.66,415.4,63945
2026-01-27 17:13:00+00:00,5.34,415.5,66378
2026-01-27 17:14:00+00:00,5.55,414.2,69369
2026-01-27 17:15:00+00:00,5.59,413.9,70658
2026-01-27 17:16:00+00:00,5.16,411.9,70109
2026-01-27 17:17:00+00:00,5.37,415.2,68763
2026-01-27 17:18:00+00:00,5.87,416.1,67573
2026-01-27 17:19:00+00:00,5.87,414.1,67008
2026-01-27 17:20:00+00:00,5.64,415.8,67654
2026-01-27 17:21:00+00:00,5.48,416.2,69409
2026-01-27 17:22:00+00:00,5.36,415.4,71065
2026-01-27 17:23:00+00:00,5.36,416.1,72592
2026-01-27 17:24:00+00:00,5.69,413.5,70906
2026-01-27 17:25:00+00:00,5.56,412.6,75321
2026-01-27 17:26:00+00:00,4.87,412.0,66085
2026-01-27 17:27:00+00:00,4.45,409.4,74450
2026-01-27 17:28:00+00:00,4.03,408.8,82216
2026-01-27 17:29:00+00:00,5.18,410.8,76917
2026-01-27 17:30:00+00:00,4.57,409.4,75008
2026-01-27 17:31:00+00:00,4.36,409.4,73201
2026-01-27 17:32:00+00:00,4.21,409.7,71739
2026-01-27 17:33:00+00:00,4.16,412.2,76246
2026-01-27 17:34:00+00:00,3.85,413.7,82331
2026-01-27 17:35:00+00:00,3.67,412.3,83891
2026-01-27 17:36:00+00:00,3.96,411.3,83021
2026-01-27 17:38:00+00:00,4.34,415.7,103398
2026-01-27 17:39:00+00:00,4.35,415.6,102560
2026-01-27 17:40:00+00:00,4.38,415.0,97752
2026-01-27 17:41:00+00:00,4.42,413.0,97019
2026-01-27 17:42:00+00:00,4.75,413.3,93542
2026-01-27 17:43:00+00:00,4.53,412.7,91733
2026-01-27 17:44:00+00:00,4.66,410.8,86097
2026-01-27 17:45:00+00:00,4.11,414.9,105308
2026-01-27 17:46:00+00:00,3.89,413.2,90908
2026-01-27 17:47:00+00:00,4.68,413.0,101525
2026-01-27 17:48:00+00:00,4.98,413.0,110970
2026-01-27 17:49:00+00:00,4.70,412.1,111317
2026-01-27 17:50:00+00:00,4.31,411.9,103154
2026-01-27 17:51:00+00:00,4.37,413.5,94115
2026-01-27 17:52:00+00:00,4.80,412.7,96692
2026-01-27 17:53:00+00:00,5.05,407.4,98474
2026-01-27 17:54:00+00:00,5.39,405.0,88938
2026-01-27 17:55:00+00:00,4.84,406.9,100639
2026-01-27 17:56:00+00:00,4.18,416.8,85880
2026-01-27 17:57:00+00:00,3.47,420.5,65896
2026-01-27 17:58:00+00:00,3.76,418.4,53341
2026-01-27 17:59:00+00:00,3.47,417.9,58007
2026-01-27 18:00:00+00:00,3.56,420.2,58658
2026-01-27 18:01:00+00:00,3.60,418.9,59355
2026-01-27 18:02:00+00:00,3.31,419.7,60219
2026-01-27 18:03:00+00:00,3.50,419.5,63694
2026-01-27 18:04:00+00:00,3.70,418.7,58324
2026-01-27 18:05:00+00:00,3.72,418.9,55091
2026-01-27 18:06:00+00:00,3.76,419.0,56460
2026-01-27 18:07:00+00:00,3.80,419.5,61146
2026-01-27 18:08:00+00:00,3.61,419.7,64976
2026-01-27 18:09:00+00:00,3.31,417.9,61352
2026-01-27 18:11:00+00:00,3.56,416.4,56904
2026-01-27 18:12:00+00:00,3.56,416.5,56979
2026-01-27 18:13:00+00:00,3.50,417.0,57865
2026-01-27 18:14:00+00:00,3.17,415.9,61177
2026-01-27 18:15:00+00:00,3.46,415.7,65049
2026-01-27 18:16:00+00:00,3.81,416.6,63625
2026-01-27 18:17:00+00:00,3.85,417.1,63935
2026-01-27 18:18:00+00:00,3.74,419.5,56260
2026-01-27 18:19:00+00:00,3.91,419.3,67301
2026-01-27 18:20:00+00:00,3.98,418.3,64997
2026-01-27 18:21:00+00:00,4.21,416.4,59719
2026-01-27 18:22:00+00:00,3.99,415.7,60827
2026-01-27 18:23:00+00:00,3.46,416.5,63529
2026-01-27 18:24:00+00:00,3.39,416.1,64355
2026-01-27 18:25:00+00:00,3.40,415.4,63706
2026-01-27 18:26:00+00:00,3.35,416.8,67893
2026-01-27 18:27:00+00:00,3.69,417.9,65252
2026-01-27 18:28:00+00:00,3.69,417.8,65709
2026-01-27 18:29:00+00:00,3.81,417.3,66406
2026-01-27 18:30:00+00:00,3.38,415.7,65215
2026-01-27 18:31:00+00:00,4.16,413.0,63687
2026-01-27 18:32:00+00:00,5.27,413.4,59961
2026-01-27 18:33:00+00:00,4.34,413.2,59638
2026-01-27 18:34:00+00:00,3.92,414.1,60398
2026-01-27 18:35:00+00:00,3.78,415.1,68108
2026-01-27 18:36:00+00:00,3.71,416.6,67616
2026-01-27 18:37:00+00:00,3.62,415.4,63285
2026-01-27 18:38:00+00:00,3.60,414.5,64278
2026-01-27 18:39:00+00:00,3.71,414.9,65736
2026-01-27 18:40:00+00:00,3.86,414.7,64548
2026-01-27 18:41:00+00:00,3.83,415.3,65566
2026-01-27 18:42:00+00:00,3.54,416.1,65545
2026-01-27 18:44:00+00:00,3.98,417.8,81627
2026-01-27 18:45:00+00:00,3.98,417.7,81624
2026-01-27 18:46:00+00:00,4.11,412.6,81480
2026-01-27 18:47:00+00:00,4.35,412.6,84381
2026-01-27 18:48:00+00:00,4.25,416.5,82038
2026-01-27 18:49:00+00:00,4.02,418.3,71490
2026-01-27 18:50:00+00:00,3.62,418.4,74111
2026-01-27 18:51:00+00:00,3.71,420.6,78908
2026-01-27 18:52:00+00:00,4.21,415.1,76521
2026-01-27 18:53:00+00:00,4.31,412.2,81799
2026-01-27 18:54:00+00:00,4.25,412.4,92297
2026-01-27 18:55:00+00:00,4.40,410.4,95710
2026-01-27 18:56:00+00:00,4.58,411.1,96531
2026-01-27 18:57:00+00:00,4.51,419.6,99783
2026-01-27 18:58:00+00:00,4.27,430.3,95350
2026-01-27 18:59:00+00:00,5.00,430.6,89406
2026-01-27 19:00:00+00:00,4.84,428.2,87563
2026-01-27 19:01:00+00:00,4.59,428.3,85807
2026-01-27 19:02:00+00:00,5.72,438.1,95130
2026-01-27 19:03:00+00:00,5.29,440.2,97827
2026-01-27 19:04:00+00:00,5.42,440.0,97530
2026-01-27 19:05:00+00:00,5.45,440.0,97472
2026-01-27 19:06:00+00:00,6.31,439.1,96617
2026-01-27 19:07:00+00:00,5.99,439.7,92511
2026-01-27 19:08:00+00:00,5.98,440.5,90024
2026-01-27 19:09:00+00:00,5.50,439.8,100049
2026-01-27 19:10:00+00:00,5.64,443.8,97891
2026-01-27 19:11:00+00:00,6.08,445.4,87981
2026-01-27 19:12:00+00:00,5.36,441.3,100601
2026-01-27 19:13:00+00:00,4.78,443.7,116418
2026-01-27 19:14:00+00:00,5.45,445.6,104410
2026-01-27 19:15:00+00:00,5.91,443.8,95403
2026-01-27 19:17:00+00:00,4.20,,
2026-01-27 19:18:00+00:00,4.20,447.4,132097
2026-01-27 19:19:00+00:00,4.26,447.8,135622
2026-01-27 19:20:00+00:00,4.31,447.0,126888
2026-01-27 19:21:00+00:00,4.12,453.9,99232
2026-01-27 19:22:00+00:00,4.25,452.8,130726
2026-01-27 19:23:00+00:00,4.34,450.4,139896
2026-01-27 19:24:00+00:00,4.48,450.3,136687
2026-01-27 19:25:00+00:00,4.08,448.9,130226
2026-01-27 19:26:00+00:00,4.21,448.8,130265
2026-01-27 19:27:00+00:00,4.64,448.9,140384
2026-01-27 19:28:00+00:00,4.90,447.8,139613
2026-01-27 19:29:00+00:00,5.65,449.3,124308
2026-01-27 19:31:00+00:00,6.95,421.0,73332
2026-01-27 19:32:00+00:00,4.06,444.7,118819
2026-01-27 19:33:00+00:00,4.35,446.6,133514
2026-01-27 19:34:00+00:00,4.34,443.9,134185
2026-01-27 19:35:00+00:00,4.75,458.8,182806
2026-01-27 19:36:00+00:00,4.69,458.0,165470
2026-01-27 19:37:00+00:00,4.90,445.5,126422
2026-01-27 19:38:00+00:00,4.05,420.4,79394
2026-01-27 19:39:00+00:00,4.82,447.4,120257
2026-01-27 19:40:00+00:00,5.45,458.6,146407
2026-01-27 19:41:00+00:00,5.71,459.3,152459
2026-01-27 19:42:00+00:00,5.34,441.2,113534
2026-01-27 19:43:00+00:00,5.11,432.3,89504
2026-01-27 19:44:00+00:00,5.46,453.2,124844
2026-01-27 19:45:00+00:00,5.43,458.3,139954
2026-01-27 19:46:00+00:00,5.63,458.1,149163
2026-01-27 19:47:00+00:00,5.26,446.2,117336
2026-01-27 19:48:00+00:00,5.59,450.2,126499
2026-01-27 19:49:00+00:00,5.60,462.8,161186
2026-01-27 19:52:00+00:00,5.22,462.6,128983
2026-01-27 19:53:00+00:00,5.58,466.0,143897
2026-01-27 19:54:00+00:00,5.03,435.1,93649
2026-01-27 19:55:00+00:00,5.33,449.3,119296
2026-01-27 19:56:00+00:00,6.05,463.3,176535
2026-01-27 19:57:00+00:00,6.55,458.5,166011
2026-01-27 19:58:00+00:00,5.16,435.7,98849
2026-01-27 19:59:00+00:00,4.58,435.1,95246
2026-01-27 20:00:00+00:00,6.12,460.6,159053
2026-01-27 20:01:00+00:00,5.77,454.1,153876
2026-01-27 20:02:00+00:00,5.08,443.8,111919
2026-01-27 20:03:00+00:00,5.75,460.6,163877
2026-01-27 20:04:00+00:00,5.52,452.1,139368
2026-01-27 20:05:00+00:00,5.46,453.1,123347
2026-01-27 20:06:00+00:00,2.97,419.4,54156
2026-01-27 20:07:00+00:00,5.42,459.3,161836
2026-01-27 20:08:00+00:00,5.86,458.5,163007
2026-01-27 20:09:00+00:00,5.40,453.5,139873
2026-01-27 20:10:00+00:00,4.17,424.2,77928
2026-01-27 20:11:00+00:00,4.99,452.5,150667
2026-01-27 20:12:00+00:00,5.92,462.1,174170
2026-01-27 20:13:00+00:00,5.36,446.9,126235
2026-01-27 20:14:00+00:00,5.03,440.9,107436
2026-01-27 20:15:00+00:00,5.47,445.0,127565
2026-01-27 20:16:00+00:00,5.70,448.5,140151
2026-01-27 20:17:00+00:00,5.49,444.1,123104
2026-01-27 20:18:00+00:00,4.93,434.7,95857
2026-01-27 20:19:00+00:00,6.01,460.8,155116
2026-01-27 20:20:00+00:00,5.62,449.0,115382
2026-01-27 20:21:00+00:00,5.38,448.0,101242
2026-01-27 20:22:00+00:00,4.21,411.8,65754
2026-01-27 20:23:00+00:00,4.21,,
2026-01-27 20:25:00+00:00,5.11,445.0,108502
2026-01-27 20:26:00+00:00,3.81,423.2,69713
2026-01-27 20:27:00+00:00,5.07,444.7,122665
2026-01-27 20:28:00+00:00,5.78,456.5,152714
2026-01-27 20:29:00+00:00,5.42,448.8,117051
2026-01-27 20:30:00+00:00,5.12,452.3,128282
2026-01-27 20:31:00+00:00,4.80,461.7,153656
2026-01-27 20:32:00+00:00,4.69,463.2,141452
2026-01-27 20:33:00+00:00,4.48,454.3,137131
2026-01-27 20:34:00+00:00,2.91,430.8,71937
2026-01-27 20:35:00+00:00,3.81,453.4,93206
2026-01-27 20:36:00+00:00,4.69,460.3,137227
2026-01-27 20:37:00+00:00,4.86,470.6,172616
2026-01-27 20:38:00+00:00,4.16,419.4,67401
2026-01-27 20:39:00+00:00,4.73,472.7,167637
2026-01-27 20:40:00+00:00,5.09,461.5,132205
2026-01-27 20:41:00+00:00,5.02,464.0,140193
2026-01-27 20:42:00+00:00,4.94,451.4,108379
2026-01-27 20:43:00+00:00,5.01,462.9,171876
2026-01-27 20:44:00+00:00,5.81,464.6,181660
2026-01-27 20:45:00+00:00,4.83,438.5,115349
2026-01-27 20:46:00+00:00,4.36,442.3,125165
2026-01-27 20:47:00+00:00,5.15,460.0,162453
2026-01-27 20:48:00+00:00,5.27,453.3,139830
2026-01-27 20:49:00+00:00,5.05,443.8,123269
2026-01-27 20:50:00+00:00,4.34,424.6,89762
2026-01-27 20:51:00+00:00,5.12,466.4,153121
2026-01-27 20:52:00+00:00,4.71,457.1,146924
2026-01-27 20:53:00+00:00,4.91,460.1,151998
2026-01-27 20:54:00+00:00,4.31,425.5,94336
2026-01-27 20:55:00+00:00,4.64,477.9,199179
2026-01-27 20:56:00+00:00,4.66,480.7,204697
2026-01-27 20:57:00+00:00,4.39,444.2,118783
2026-01-27 20:58:00+00:00,4.69,463.0,160398
2026-01-27 20:59:00+00:00,4.78,463.4,157808
2026-01-27 21:00:00+00:00,4.90,464.6,170877
2026-01-27 21:01:00+00:00,4.18,444.8,129640
2026-01-27 21:02:00+00:00,3.97,446.8,130656
2026-01-27 21:03:00+00:00,4.61,461.7,165414
2026-01-27 21:04:00+00:00,4.88,454.1,147922
2026-01-27 21:05:00+00:00,4.71,445.7,131220
2026-01-27 21:06:00+00:00,4.12,428.7,102082
2026-01-27 21:07:00+00:00,4.37,469.6,171716
2026-01-27 21:08:00+00:00,4.37,458.0,143187
2026-01-27 21:09:00+00:00,4.65,460.2,150776
2026-01-27 21:10:00+00:00,4.22,427.3,82814
2026-01-27 21:11:00+00:00,5.13,464.7,133048
2026-01-27 21:12:00+00:00,4.83,452.1,96103
2026-01-27 21:13:00+00:00,4.71,439.4,75352
2026-01-27 21:14:00+00:00,4.80,449.1,93417
2026-01-27 21:15:00+00:00,4.76,456.6,109030
2026-01-27 21:16:00+00:00,4.12,455.9,114046
2026-01-27 21:17:00+00:00,3.55,441.7,100968
2026-01-27 21:18:00+00:00,3.46,457.7,120145
2026-01-27 21:19:00+00:00,3.86,477.3,147223
2026-01-27 21:20:00+00:00,4.28,467.4,141949
2026-01-27 21:21:00+00:00,4.18,463.0,134475
2026-01-27 21:22:00+00:00,4.22,447.8,115263
2026-01-27 21:23:00+00:00,4.21,470.8,150964
2026-01-27 21:24:00+00:00,4.15,464.3,133298
2026-01-27 21:25:00+00:00,4.16,466.9,156791
2026-01-27 21:26:00+00:00,3.98,447.6,84408
2026-01-27 21:27:00+00:00,3.95,472.6,121451
2026-01-27 21:28:00+00:00,3.64,461.1,91001
2026-01-27 21:29:00+00:00,3.60,459.4,86721
2026-01-27 21:30:00+00:00,5.66,482.5,182232
2026-01-27 21:31:00+00:00,4.21,466.8,109607
2026-01-27 21:32:00+00:00,2.90,456.8,72046
2026-01-27 21:33:00+00:00,3.03,439.4,63910
2026-01-27 21:34:00+00:00,3.57,452.5,81922
2026-01-27 21:35:00+00:00,3.77,483.4,129203
2026-01-27 21:36:00+00:00,3.81,482.0,135946
2026-01-27 21:37:00+00:00,3.71,467.1,91820
2026-01-27 21:38:00+00:00,3.79,461.4,105614
2026-01-27 21:39:00+00:00,4.21,473.5,119669
2026-01-27 21:40:00+00:00,3.60,460.9,81724
2026-01-27 21:41:00+00:00,3.14,444.6,48519
2026-01-27 21:42:00+00:00,9.76,479.6,83251
2026-01-27 21:43:00+00:00,3.76,475.0,141410
2026-01-27 21:44:00+00:00,3.41,469.1,122553
2026-01-27 21:45:00+00:00,6.41,435.8,77810
2026-01-27 21:46:00+00:00,4.25,482.5,176096
2026-01-27 21:47:00+00:00,3.79,483.5,169160
2026-01-27 21:48:00+00:00,3.81,464.8,117397
2026-01-27 21:49:00+00:00,7.01,459.0,92302
2026-01-27 21:50:00+00:00,6.94,469.2,111437
2026-01-27 21:51:00+00:00,3.88,474.8,121813
2026-01-27 21:52:00+00:00,3.89,472.9,108126
2026-01-27 21:53:00+00:00,3.57,471.3,101266
2026-01-27 21:54:00+00:00,2.45,454.5,67434
2026-01-27 21:55:00+00:00,3.69,479.2,118601
2026-01-27 21:56:00+00:00,3.14,467.1,83346
2026-01-27 21:57:00+00:00,2.21,444.2,53726
2026-01-27 21:58:00+00:00,4.15,485.3,160340
2026-01-27 21:59:00+00:00,5.02,473.6,141742
2026-01-27 22:00:00+00:00,3.42,466.6,103720
2026-01-27 22:01:00+00:00,3.66,467.1,99035
2026-01-27 22:02:00+00:00,3.72,467.2,97983
2026-01-27 22:03:00+00:00,5.89,502.9,296144
2026-01-27 22:04:00+00:00,4.78,480.5,166568
2026-01-27 22:05:00+00:00,4.11,465.1,86910
2026-01-27 22:06:00+00:00,4.12,470.7,103268
2026-01-27 22:07:00+00:00,4.41,476.6,125071
2026-01-27 22:08:00+00:00,4.15,459.0,101336
2026-01-27 22:09:00+00:00,3.22,440.1,55766
2026-01-27 22:10:00+00:00,4.07,469.0,91695
2026-01-27 22:11:00+00:00,4.08,480.0,115396
2026-01-27 22:12:00+00:00,4.51,471.3,115720
2026-01-27 22:13:00+00:00,2.58,428.7,40889
2026-01-27 22:14:00+00:00,3.90,465.8,87845
2026-01-27 22:15:00+00:00,3.97,477.7,128151
2026-01-27 22:16:00+00:00,3.82,470.8,96516
2026-01-27 22:17:00+00:00,3.35,441.5,52952
2026-01-27 22:18:00+00:00,3.80,461.0,76101
2026-01-27 22:19:00+00:00,3.92,483.0,127552
2026-01-27 22:20:00+00:00,4.24,480.3,125290
2026-01-27 22:21:00+00:00,4.00,467.0,93214
2026-01-27 22:22:00+00:00,4.34,465.1,92155
2026-01-27 22:23:00+00:00,4.49,464.7,96405
2026-01-27 22:24:00+00:00,3.13,446.5,64029
2026-01-27 22:25:00+00:00,2.42,438.3,55201
2026-01-27 22:26:00+00:00,3.30,469.4,128489
2026-01-27 22:27:00+00:00,4.08,469.2,174949
2026-01-27 22:28:00+00:00,3.47,455.2,91318
2026-01-27 22:29:00+00:00,3.47,434.0,88007
2026-01-27 22:30:00+00:00,4.09,463.6,119549
2026-01-27 22:31:00+00:00,4.63,473.5,152683
2026-01-27 22:32:00+00:00,4.70,473.8,140958
2026-01-27 22:33:00+00:00,3.19,452.7,87219
2026-01-27 22:34:00+00:00,4.12,468.5,131994
2026-01-27 22:35:00+00:00,4.54,475.4,150807
2026-01-27 22:36:00+00:00,3.59,442.6,79743
2026-01-27 22:37:00+00:00,3.93,453.5,122038
2026-01-27 22:38:00+00:00,4.11,463.3,148792
2026-01-27 22:39:00+00:00,3.58,466.1,128486
2026-01-27 22:40:00+00:00,3.21,467.7,104926
2026-01-27 22:41:00+00:00,3.51,467.5,95055
2026-01-27 22:42:00+00:00,3.37,470.3,106100
2026-01-27 22:43:00+00:00,3.87,468.7,117170
2026-01-27 22:44:00+00:00,3.44,466.7,104878
2026-01-27 22:45:00+00:00,4.02,463.1,110132
2026-01-27 22:46:00+00:00,4.06,461.6,130533
2026-01-27 22:47:00+00:00,4.00,461.3,117963
2026-01-27 22:48:00+00:00,4.14,460.2,139118
2026-01-27 22:49:00+00:00,4.04,465.5,145047
2026-01-27 22:50:00+00:00,3.87,467.4,163740
2026-01-27 22:51:00+00:00,3.97,463.6,173103
2026-01-27 22:52:00+00:00,4.02,465.2,170806
2026-01-27 22:53:00+00:00,3.91,468.8,163813
2026-01-27 22:54:00+00:00,3.44,473.8,165832
2026-01-27 22:55:00+00:00,3.15,475.7,172841
2026-01-27 22:56:00+00:00,3.39,472.3,177054
2026-01-27 22:57:00+00:00,3.53,471.1,179344
2026-01-27 22:58:00+00:00,3.65,470.4,169694
2026-01-27 22:59:00+00:00,3.60,471.2,163700
2026-01-27 23:00:00+00:00,3.69,471.5,152423
2026-01-27 23:01:00+00:00,3.37,473.6,149931
2026-01-27 23:02:00+00:00,3.24,476.7,156299
2026-01-27 23:03:00+00:00,3.36,469.3,145660
2026-01-27 23:04:00+00:00,3.53,468.9,145885
2026-01-27 23:05:00+00:00,3.44,468.4,157871
2026-01-27 23:06:00+00:00,3.60,469.2,161246
2026-01-27 23:07:00+00:00,3.36,467.0,163435
2026-01-27 23:08:00+00:00,3.21,465.9,164340
2026-01-27 23:09:00+00:00,3.69,468.7,162286
2026-01-27 23:10:00+00:00,3.70,468.0,163159
2026-01-27 23:11:00+00:00,3.71,468.5,168326
2026-01-27 23:12:00+00:00,3.72,469.1,174700
2026-01-27 23:13:00+00:00,3.83,467.2,173349
2026-01-27 23:14:00+00:00,4.07,467.4,167403
2026-01-27 23:15:00+00:00,3.85,467.7,166828
2026-01-27 23:16:00+00:00,3.98,468.4,171527
2026-01-27 23:17:00+00:00,3.95,467.8,162776
2026-01-27 23:18:00+00:00,3.95,467.1,153583
2026-01-27 23:19:00+00:00,3.51,466.3,164678
2026-01-27 23:20:00+00:00,3.98,467.7,159707
2026-01-27 23:21:00+00:00,3.86,468.5,169435
2026-01-27 23:22:00+00:00,3.90,468.9,167372
2026-01-27 23:23:00+00:00,3.43,470.2,181588
2026-01-27 23:24:00+00:00,3.49,470.0,178029
2026-01-27 23:25:00+00:00,3.55,468.6,166977
2026-01-27 23:26:00+00:00,3.56,468.3,167669
2026-01-27 23:27:00+00:00,3.71,469.7,166221
2026-01-27 23:28:00+00:00,3.79,470.3,150037
2026-01-27 23:29:00+00:00,3.97,465.9,130286
2026-01-27 23:30:00+00:00,4.30,457.7,117703
2026-01-27 23:31:00+00:00,4.34,459.0,122450
2026-01-27 23:32:00+00:00,4.42,459.4,137281
2026-01-27 23:33:00+00:00,4.59,459.8,138492
2026-01-27 23:34:00+00:00,4.38,460.8,132645
2026-01-27 23:35:00+00:00,3.77,460.3,112475
2026-01-27 23:36:00+00:00,3.91,460.6,103004
2026-01-27 23:37:00+00:00,4.05,459.4,106482
2026-01-27 23:38:00+00:00,4.06,460.7,109957
2026-01-27 23:39:00+00:00,4.17,461.6,116300
2026-01-27 23:40:00+00:00,4.25,461.5,121507
2026-01-27 23:41:00+00:00,4.27,461.4,123152
2026-01-27 23:42:00+00:00,4.46,458.6,111943
2026-01-27 23:43:00+00:00,4.47,458.4,112596
2026-01-27 23:44:00+00:00,4.39,459.0,113155
2026-01-27 23:45:00+00:00,4.16,461.0,115063
2026-01-27 23:46:00+00:00,4.00,461.3,117339
2026-01-27 23:47:00+00:00,4.04,461.3,103523
2026-01-27 23:48:00+00:00,4.00,462.7,112520
2026-01-27 23:49:00+00:00,4.13,462.9,121840
2026-01-27 23:50:00+00:00,3.76,463.0,126585
2026-01-27 23:51:00+00:00,3.65,463.1,128113
2026-01-27 23:52:00+00:00,3.98,462.9,131486
2026-01-27 23:53:00+00:00,4.13,462.3,126678
2026-01-27 23:54:00+00:00,3.86,459.5,107755
2026-01-27 23:55:00+00:00,4.05,459.9,111039
2026-01-27 23:56:00+00:00,4.10,457.3,115815
2026-01-27 23:57:00+00:00,4.08,457.9,112555
2026-01-27 23:58:00+00:00,4.02,460.5,111655
2026-01-27 23:59:00+00:00,4.11,459.8,121655
2026-01-28 00:00:00+00:00,4.35,457.8,134290
2026-01-28 00:01:00+00:00,4.29,458.0,135581
2026-01-28 00:02:00+00:00,4.25,457.9,129282
2026-01-28 00:03:00+00:00,4.14,452.4,125847
2026-01-28 00:04:00+00:00,4.54,454.6,141751
2026-01-28 00:05:00+00:00,4.53,454.8,147637
2026-01-28 00:06:00+00:00,4.37,460.8,133065
2026-01-28 00:07:00+00:00,4.14,454.9,135196
2026-01-28 00:08:00+00:00,4.79,454.3,140277
2026-01-28 00:09:00+00:00,4.87,454.0,141478
2026-01-28 00:10:00+00:00,4.71,453.8,136850
2026-01-28 00:11:00+00:00,4.38,455.1,145765
2026-01-28 00:12:00+00:00,4.59,457.1,147845
2026-01-28 00:13:00+00:00,4.57,456.8,144545
2026-01-28 00:14:00+00:00,4.39,455.9,143261
2026-01-28 00:15:00+00:00,4.84,449.2,104854
2026-01-28 00:16:00+00:00,4.94,449.5,101132
2026-01-28 00:17:00+00:00,5.10,450.0,97628
2026-01-28 00:18:00+00:00,5.02,450.0,102534
2026-01-28 00:19:00+00:00,4.94,450.2,89491
2026-01-28 00:20:00+00:00,5.10,450.5,92292
2026-01-28 00:21:00+00:00,5.38,451.8,99865
2026-01-28 00:22:00+00:00,5.27,451.4,96766
2026-01-28 00:23:00+00:00,5.23,452.2,108366
2026-01-28 00:24:00+00:00,4.98,449.3,95681
2026-01-28 00:25:00+00:00,5.22,449.5,90135
2026-01-28 00:26:00+00:00,4.77,448.1,87346
2026-01-28 00:27:00+00:00,4.89,448.8,88687
2026-01-28 00:28:00+00:00,4.94,449.5,90536
2026-01-28 00:29:00+00:00,4.98,449.2,90074
2026-01-28 00:30:00+00:00,4.67,447.7,89556
2026-01-28 00:31:00+00:00,4.57,447.4,91869
2026-01-28 00:32:00+00:00,5.12,449.3,98414
2026-01-28 00:33:00+00:00,5.29,450.4,102122
2026-01-28 00:34:00+00:00,5.19,450.3,94273
2026-01-28 00:35:00+00:00,4.79,448.7,95393
2026-01-28 00:36:00+00:00,5.02,449.5,89333
2026-01-28 00:37:00+00:00,4.72,448.3,97623
2026-01-28 00:38:00+00:00,4.77,449.3,100130
2026-01-28 00:39:00+00:00,4.81,448.0,98885
2026-01-28 00:40:00+00:00,5.12,448.5,96940
2026-01-28 00:41:00+00:00,4.71,447.7,103494
2026-01-28 00:42:00+00:00,4.59,447.8,98816
2026-01-28 00:43:00+00:00,4.53,448.1,105094
2026-01-28 00:44:00+00:00,4.89,448.3,99905
2026-01-28 00:45:00+00:00,4.92,448.6,96140
2026-01-28 00:46:00+00:00,4.64,448.7,98121
2026-01-28 00:47:00+00:00,4.53,448.6,98608
2026-01-28 00:48:00+00:00,4.84,447.5,98126
2026-01-28 00:49:00+00:00,4.86,447.5,98773
2026-01-28 00:50:00+00:00,4.83,447.2,98552
2026-01-28 00:51:00+00:00,4.55,446.4,93396
2026-01-28 00:52:00+00:00,4.84,447.0,102146
2026-01-28 00:53:00+00:00,4.69,447.0,100940
2026-01-28 00:54:00+00:00,5.05,447.0,88489
2026-01-28 00:55:00+00:00,4.65,446.4,101234
2026-01-28 00:56:00+00:00,4.64,446.5,101330
2026-01-28 00:57:00+00:00,4.56,447.0,103771
2026-01-28 00:58:00+00:00,4.49,446.8,103164
2026-01-28 00:59:00+00:00,4.75,447.9,99156
2026-01-28 01:00:00+00:00,4.90,449.2,97534
2026-01-28 01:01:00+00:00,4.81,448.7,95517
2026-01-28 01:02:00+00:00,4.70,448.9,93560
2026-01-28 01:03:00+00:00,4.67,448.9,92259
2026-01-28 01:04:00+00:00,4.78,447.5,89432
2026-01-28 01:05:00+00:00,4.93,447.7,85625
2026-01-28 01:06:00+00:00,4.79,447.1,83121
2026-01-28 01:07:00+00:00,4.86,447.0,84758
2026-01-28 01:08:00+00:00,4.83,446.8,85272
2026-01-28 01:09:00+00:00,5.17,447.5,84983
2026-01-28 01:10:00+00:00,4.68,446.3,82385
2026-01-28 01:11:00+00:00,5.06,448.7,83978
2026-01-28 01:12:00+00:00,5.15,448.9,91963
2026-01-28 01:13:00+00:00,5.03,447.7,89512
2026-01-28 01:14:00+00:00,4.31,449.7,87448
2026-01-28 01:15:00+00:00,4.69,450.4,81878
2026-01-28 01:16:00+00:00,4.90,450.0,81973
2026-01-28 01:17:00+00:00,4.93,449.5,82396
2026-01-28 01:18:00+00:00,4.88,449.1,83443
2026-01-28 01:19:00+00:00,4.83,449.9,83837
2026-01-28 01:20:00+00:00,4.93,451.2,81452
2026-01-28 01:21:00+00:00,4.91,451.0,79554
2026-01-28 01:22:00+00:00,4.91,451.6,81610
2026-01-28 01:23:00+00:00,4.88,453.8,89452
2026-01-28 01:24:00+00:00,4.76,454.1,91390
2026-01-28 01:25:00+00:00,4.78,453.0,87977
2026-01-28 01:26:00+00:00,3.63,454.8,125747
2026-01-28 01:27:00+00:00,4.04,456.1,123224
2026-01-28 01:28:00+00:00,4.14,454.2,122352
2026-01-28 01:29:00+00:00,4.45,453.6,119632
2026-01-28 01:30:00+00:00,4.11,453.7,111865
2026-01-28 01:31:00+00:00,4.37,453.3,97128
2026-01-28 01:32:00+00:00,4.40,451.9,93982
2026-01-28 01:33:00+00:00,4.37,451.6,95108
2026-01-28 01:34:00+00:00,4.61,449.1,101855
2026-01-28 01:35:00+00:00,4.83,446.6,112040
2026-01-28 01:36:00+00:00,4.91,447.0,112842
2026-01-28 01:37:00+00:00,4.89,447.1,111391
2026-01-28 01:38:00+00:00,4.59,450.5,118286
2026-01-28 01:39:00+00:00,4.45,453.3,109769
2026-01-28 01:40:00+00:00,4.49,452.9,112652
2026-01-28 01:41:00+00:00,4.38,452.9,113415
2026-01-28 01:42:00+00:00,3.98,452.0,111803
2026-01-28 01:43:00+00:00,4.27,452.3,104450
2026-01-28 01:44:00+00:00,4.39,455.6,117609
2026-01-28 01:45:00+00:00,4.19,454.7,116473
2026-01-28 01:46:00+00:00,4.39,455.2,110054
2026-01-28 01:47:00+00:00,4.39,456.3,121121
2026-01-28 01:48:00+00:00,4.40,456.8,125639
2026-01-28 01:49:00+00:00,4.33,456.0,125919
2026-01-28 01:50:00+00:00,4.30,455.9,126885
2026-01-28 01:51:00+00:00,4.30,457.1,128400
2026-01-28 01:52:00+00:00,4.26,457.7,129660
2026-01-28 01:53:00+00:00,4.31,457.7,127987
2026-01-28 01:54:00+00:00,3.98,463.1,129519
2026-01-28 01:55:00+00:00,3.99,463.0,129416
2026-01-28 01:56:00+00:00,4.04,462.7,128418
2026-01-28 01:57:00+00:00,4.02,461.6,123950
2026-01-28 01:58:00+00:00,3.70,462.3,128332
2026-01-28 01:59:00+00:00,4.12,466.9,164775
2026-01-28 02:00:00+00:00,4.06,467.6,169768
2026-01-28 02:01:00+00:00,3.99,466.6,154679
2026-01-28 02:02:00+00:00,4.06,464.5,148200
2026-01-28 02:03:00+00:00,4.27,466.3,152781
2026-01-28 02:04:00+00:00,4.20,466.6,151953
2026-01-28 02:05:00+00:00,3.98,466.6,156001
2026-01-28 02:06:00+00:00,4.05,465.2,155841
2026-01-28 02:07:00+00:00,4.39,460.5,135419
2026-01-28 02:08:00+00:00,4.71,456.1,123614
2026-01-28 02:09:00+00:00,4.52,463.2,132468
2026-01-28 02:10:00+00:00,3.57,484.9,104436
2026-01-28 02:11:00+00:00,3.58,491.6,76059
2026-01-28 02:12:00+00:00,3.36,496.7,83692
2026-01-28 02:13:00+00:00,3.88,482.8,89335
2026-01-28 02:14:00+00:00,4.19,467.7,88889
2026-01-28 02:15:00+00:00,3.92,471.4,83026
2026-01-28 02:16:00+00:00,4.20,467.4,91889
2026-01-28 02:17:00+00:00,3.85,462.8,84259
2026-01-28 02:18:00+00:00,4.19,460.9,86643
2026-01-28 02:19:00+00:00,4.12,465.0,90600
2026-01-28 02:20:00+00:00,4.24,465.0,95858
2026-01-28 02:21:00+00:00,4.38,461.3,105606
2026-01-28 02:22:00+00:00,4.61,459.5,110364
2026-01-28 02:23:00+00:00,4.69,459.6,114057
2026-01-28 02:24:00+00:00,4.54,461.3,127469
2026-01-28 02:25:00+00:00,4.50,465.5,143779
2026-01-28 02:26:00+00:00,4.11,467.1,154278
2026-01-28 02:27:00+00:00,4.42,471.9,114673
2026-01-28 02:28:00+00:00,4.40,471.8,114225
2026-01-28 02:29:00+00:00,4.21,470.7,109428
2026-01-28 02:30:00+00:00,4.64,472.5,117139
2026-01-28 02:31:00+00:00,4.03,471.0,102004
2026-01-28 02:32:00+00:00,3.86,472.4,100074
2026-01-28 02:33:00+00:00,4.22,465.6,92198
2026-01-28 02:34:00+00:00,4.45,463.3,109725
2026-01-28 02:35:00+00:00,4.39,462.3,115074
2026-01-28 02:36:00+00:00,4.16,463.2,108044
2026-01-28 02:37:00+00:00,3.71,463.0,116465
2026-01-28 02:38:00+00:00,3.94,460.3,121384
2026-01-28 02:39:00+00:00,4.34,459.1,118232
2026-01-28 02:40:00+00:00,4.19,460.0,125080
2026-01-28 02:41:00+00:00,4.26,459.7,135091
2026-01-28 02:42:00+00:00,4.26,460.5,144241
2026-01-28 02:43:00+00:00,4.47,460.8,142571
2026-01-28 02:44:00+00:00,4.24,461.8,142657
2026-01-28 02:45:00+00:00,4.16,459.4,135914
2026-01-28 02:46:00+00:00,4.35,459.7,123850
2026-01-28 02:47:00+00:00,4.31,458.5,110908
2026-01-28 02:48:00+00:00,4.20,459.7,128180
2026-01-28 02:49:00+00:00,3.82,461.6,137208
2026-01-28 02:50:00+00:00,4.00,461.5,144679
2026-01-28 02:51:00+00:00,4.21,461.9,137095
2026-01-28 02:52:00+00:00,4.10,462.9,133433
2026-01-28 02:53:00+00:00,4.04,463.2,128082
2026-01-28 02:54:00+00:00,4.04,463.3,129407
2026-01-28 02:55:00+00:00,4.02,461.9,128389
2026-01-28 02:56:00+00:00,3.98,459.6,125136
2026-01-28 02:57:00+00:00,3.89,459.7,135005
2026-01-28 02:58:00+00:00,4.03,458.3,122376
2026-01-28 02:59:00+00:00,3.93,454.9,110384
2026-01-28 03:00:00+00:00,3.63,456.1,76669
2026-01-28 03:01:00+00:00,3.63,456.2,77603
2026-01-28 03:02:00+00:00,3.72,460.3,132755
2026-01-28 03:03:00+00:00,4.48,460.4,137708
2026-01-28 03:04:00+00:00,4.51,459.6,149776
2026-01-28 03:05:00+00:00,4.49,459.9,142090
2026-01-28 03:06:00+00:00,4.41,458.6,146855
2026-01-28 03:07:00+00:00,4.58,459.6,139457
2026-01-28 03:08:00+00:00,4.30,463.3,128526
2026-01-28 03:09:00+00:00,4.18,465.8,124619
2026-01-28 03:10:00+00:00,4.27,465.5,127170
2026-01-28 03:11:00+00:00,4.31,465.5,134030
2026-01-28 03:12:00+00:00,4.20,466.1,129933
2026-01-28 03:13:00+00:00,4.00,464.4,113499
2026-01-28 03:14:00+00:00,4.28,462.5,120700
2026-01-28 03:15:00+00:00,4.27,461.7,125795
2026-01-28 03:16:00+00:00,4.19,462.2,119054
2026-01-28 03:17:00+00:00,3.44,465.1,127531
2026-01-28 03:18:00+00:00,4.16,466.1,99469
2026-01-28 03:19:00+00:00,4.22,462.0,127650
2026-01-28 03:20:00+00:00,4.33,463.3,126759
2026-01-28 03:21:00+00:00,4.10,463.8,130458
2026-01-28 03:22:00+00:00,4.22,463.2,127779
2026-01-28 03:23:00+00:00,4.15,464.6,128216
2026-01-28 03:24:00+00:00,4.21,465.6,126801
2026-01-28 03:25:00+00:00,4.17,467.7,121714
2026-01-28 03:26:00+00:00,4.15,469.0,115100
2026-01-28 03:27:00+00:00,4.13,469.7,111026
2026-01-28 03:28:00+00:00,4.02,470.1,107947
2026-01-28 03:29:00+00:00,4.05,469.4,105513
2026-01-28 03:30:00+00:00,4.00,471.7,111461
2026-01-28 03:31:00+00:00,3.96,472.5,110843
2026-01-28 03:32:00+00:00,3.83,473.2,119043
2026-01-28 03:33:00+00:00,4.00,,
2026-01-28 03:34:00+00:00,4.00,474.6,118038
2026-01-28 03:35:00+00:00,4.28,471.7,114862
2026-01-28 03:36:00+00:00,3.95,474.1,110303
2026-01-28 03:37:00+00:00,4.42,469.5,116494
2026-01-28 03:38:00+00:00,4.33,469.3,121514
2026-01-28 03:39:00+00:00,4.38,467.6,119654
2026-01-28 03:40:00+00:00,4.20,468.9,114100
2026-01-28 03:41:00+00:00,4.17,472.4,116422
2026-01-28 03:42:00+00:00,4.20,474.6,116246
2026-01-28 03:43:00+00:00,4.15,475.2,112305
2026-01-28 03:44:00+00:00,4.17,478.6,113531
2026-01-28 03:45:00+00:00,4.23,485.7,115894
2026-01-28 03:46:00+00:00,4.41,488.4,119104
2026-01-28 03:47:00+00:00,4.18,490.1,119341
2026-01-28 03:48:00+00:00,3.75,491.6,133825
2026-01-28 03:49:00+00:00,3.56,490.2,157762
2026-01-28 03:50:00+00:00,4.59,483.4,150864
2026-01-28 03:51:00+00:00,4.64,482.2,163846
2026-01-28 03:52:00+00:00,4.83,481.2,154848
2026-01-28 03:53:00+00:00,3.95,484.9,144097
2026-01-28 03:54:00+00:00,4.23,482.8,141576
2026-01-28 03:55:00+00:00,4.25,476.4,125955
2026-01-28 03:56:00+00:00,4.21,473.0,113887
2026-01-28 03:57:00+00:00,4.37,473.2,114677
2026-01-28 04:00:00+00:00,4.19,472.2,136297
2026-01-28 04:01:00+00:00,4.31,472.6,137034
2026-01-28 04:02:00+00:00,4.63,473.6,135365
2026-01-28 04:03:00+00:00,4.62,473.0,121025
2026-01-28 04:04:00+00:00,4.51,472.4,112136
2026-01-28 04:05:00+00:00,4.62,471.8,111640
2026-01-28 04:07:00+00:00,4.40,473.2,86941
2026-01-28 04:08:00+00:00,4.75,469.0,95462
2026-01-28 04:09:00+00:00,4.61,469.1,100753
2026-01-28 04:10:00+00:00,4.78,467.7,110867
2026-01-28 04:11:00+00:00,4.63,467.7,112873
2026-01-28 04:12:00+00:00,4.38,466.3,105575
2026-01-28 04:13:00+00:00,4.57,466.7,102955
2026-01-28 04:14:00+00:00,4.87,467.2,104635
2026-01-28 04:15:00+00:00,4.89,466.5,103869
2026-01-28 04:16:00+00:00,4.80,466.5,99672
2026-01-28 04:17:00+00:00,4.76,466.8,98228
2026-01-28 04:18:00+00:00,4.67,467.3,104089
2026-01-28 04:19:00+00:00,4.63,469.0,94635
2026-01-28 04:20:00+00:00,4.49,469.7,94640
2026-01-28 04:21:00+00:00,4.52,470.1,92504
2026-01-28 04:22:00+00:00,4.55,469.7,101709
2026-01-28 04:23:00+00:00,4.72,468.9,88286
2026-01-28 04:24:00+00:00,4.39,469.4,87678
2026-01-28 04:25:00+00:00,4.61,469.0,89036
2026-01-28 04:26:00+00:00,4.46,469.4,87924
2026-01-28 04:27:00+00:00,4.47,470.1,83494
2026-01-28 04:28:00+00:00,4.16,469.2,93157
2026-01-28 04:29:00+00:00,4.52,466.7,98195
2026-01-28 04:30:00+00:00,4.79,465.0,89236
2026-01-28 04:31:00+00:00,4.70,464.9,83295
2026-01-28 04:32:00+00:00,4.82,465.4,91575
2026-01-28 04:33:00+00:00,4.90,465.1,99920
2026-01-28 04:34:00+00:00,5.16,463.7,95167
2026-01-28 04:35:00+00:00,4.95,464.7,98217
2026-01-28 04:36:00+00:00,5.08,465.3,92756
2026-01-28 04:37:00+00:00,4.92,469.0,123188
2026-01-28 04:38:00+00:00,5.01,468.0,109312
2026-01-28 04:39:00+00:00,5.01,,
2026-01-28 04:40:00+00:00,5.23,469.4,115917
2026-01-28 04:41:00+00:00,5.09,473.5,129261
2026-01-28 04:42:00+00:00,5.26,473.4,128033
2026-01-28 04:43:00+00:00,4.97,472.7,118708
2026-01-28 04:44:00+00:00,4.75,473.8,127370
2026-01-28 04:45:00+00:00,4.90,472.5,125120
2026-01-28 04:46:00+00:00,5.23,471.5,125230
2026-01-28 04:47:00+00:00,5.39,473.2,130523
2026-01-28 04:48:00+00:00,5.43,475.2,129563
2026-01-28 04:49:00+00:00,5.45,475.9,133688
2026-01-28 04:50:00+00:00,5.29,474.4,127220
2026-01-28 04:51:00+00:00,5.65,473.5,131883
2026-01-28 04:52:00+00:00,5.52,473.2,126392
2026-01-28 04:53:00+00:00,5.79,474.8,133152
2026-01-28 04:54:00+00:00,5.49,474.6,130385
2026-01-28 04:55:00+00:00,5.96,472.3,126155
2026-01-28 04:56:00+00:00,5.11,471.1,132053
2026-01-28 04:57:00+00:00,5.77,473.8,130172
2026-01-28 04:58:00+00:00,5.67,477.2,136505
2026-01-28 04:59:00+00:00,5.71,478.5,132733
2026-01-28 05:00:00+00:00,5.20,480.4,123529
2026-01-28 05:01:00+00:00,5.41,482.3,110662
2026-01-28 05:02:00+00:00,5.82,482.5,106243
2026-01-28 05:03:00+00:00,5.90,481.3,107215
2026-01-28 05:04:00+00:00,5.71,477.0,113705
2026-01-28 05:05:00+00:00,5.07,468.3,115589
2026-01-28 05:06:00+00:00,5.05,464.4,79923
2026-01-28 05:07:00+00:00,4.74,466.0,93640
2026-01-28 05:08:00+00:00,4.05,461.7,93501
2026-01-28 05:09:00+00:00,4.79,458.6,88202
2026-01-28 05:10:00+00:00,5.01,464.0,87791
2026-01-28 05:11:00+00:00,4.74,464.1,84736
2026-01-28 05:12:00+00:00,4.73,464.1,84575
2026-01-28 05:13:00+00:00,5.29,462.4,91719
2026-01-28 05:14:00+00:00,4.96,461.8,95782
2026-01-28 05:15:00+00:00,5.02,461.3,92719
2026-01-28 05:16:00+00:00,5.09,461.4,91928
2026-01-28 05:17:00+00:00,5.13,461.0,92638
2026-01-28 05:18:00+00:00,5.03,460.1,91776
2026-01-28 05:19:00+00:00,4.87,460.8,89606
2026-01-28 05:20:00+00:00,4.93,462.0,90876
2026-01-28 05:21:00+00:00,5.11,461.1,93940
2026-01-28 05:22:00+00:00,5.20,460.9,90640
2026-01-28 05:23:00+00:00,4.94,462.1,101745
2026-01-28 05:24:00+00:00,4.67,463.0,92823
2026-01-28 05:25:00+00:00,5.14,461.6,99312
2026-01-28 05:26:00+00:00,5.37,458.8,82868
2026-01-28 05:27:00+00:00,5.03,459.3,85092
2026-01-28 05:28:00+00:00,5.16,459.3,83622
2026-01-28 05:29:00+00:00,4.96,461.5,87404
2026-01-28 05:30:00+00:00,5.34,460.8,81513
2026-01-28 05:31:00+00:00,5.01,461.2,95728
2026-01-28 05:32:00+00:00,5.11,461.3,87953
2026-01-28 05:33:00+00:00,4.57,460.2,88322
2026-01-28 05:34:00+00:00,3.92,459.4,88869
2026-01-28 05:35:00+00:00,3.72,459.9,84669
2026-01-28 05:36:00+00:00,3.66,462.0,93182
2026-01-28 05:37:00+00:00,3.85,464.2,99021
2026-01-28 05:38:00+00:00,3.83,462.3,95741
2026-01-28 05:39:00+00:00,4.22,460.0,79784
2026-01-28 05:40:00+00:00,4.35,459.8,69106
2026-01-28 05:41:00+00:00,5.26,463.8,83538
2026-01-28 05:42:00+00:00,4.92,463.2,87212
2026-01-28 05:43:00+00:00,5.24,461.5,76478
2026-01-28 05:44:00+00:00,4.98,461.2,79887
2026-01-28 05:45:00+00:00,4.95,461.1,80412
2026-01-28 05:46:00+00:00,5.11,462.2,88376
2026-01-28 05:47:00+00:00,4.78,460.6,88068
2026-01-28 05:48:00+00:00,4.92,459.7,88229
2026-01-28 05:49:00+00:00,4.99,458.9,92095
2026-01-28 05:50:00+00:00,4.97,459.4,94997
2026-01-28 05:51:00+00:00,4.68,460.0,85792
2026-01-28 05:52:00+00:00,4.54,459.3,83105
2026-01-28 05:53:00+00:00,5.19,458.3,96533
2026-01-28 05:54:00+00:00,4.97,456.5,83449
2026-01-28 05:55:00+00:00,5.07,461.4,90186
2026-01-28 05:56:00+00:00,5.32,477.3,124880
2026-01-28 05:57:00+00:00,5.20,465.9,115254
2026-01-28 05:58:00+00:00,5.37,467.4,136595
2026-01-28 05:59:00+00:00,5.40,467.9,127969
2026-01-28 06:00:00+00:00,5.58,466.6,157887
2026-01-28 06:01:00+00:00,6.00,465.3,138005
2026-01-28 06:02:00+00:00,6.05,465.1,136818
2026-01-28 06:03:00+00:00,5.55,464.1,136645
2026-01-28 06:04:00+00:00,5.50,461.5,121231
2026-01-28 06:05:00+00:00,5.79,460.9,112214
2026-01-28 06:06:00+00:00,5.96,463.3,122969
2026-01-28 06:07:00+00:00,5.81,466.2,134665
2026-01-28 06:08:00+00:00,5.68,467.1,135992
2026-01-28 06:09:00+00:00,5.89,466.4,137276
2026-01-28 06:10:00+00:00,5.93,466.8,138896
2026-01-28 06:11:00+00:00,5.78,466.3,146139
2026-01-28 06:12:00+00:00,6.10,466.7,133850
2026-01-28 06:13:00+00:00,5.69,466.0,141872
2026-01-28 06:14:00+00:00,6.07,465.0,126329
2026-01-28 06:15:00+00:00,5.51,464.6,136669
2026-01-28 06:16:00+00:00,5.92,466.1,137418
2026-01-28 06:17:00+00:00,5.83,465.6,139115
2026-01-28 06:18:00+00:00,5.79,465.5,139490
2026-01-28 06:19:00+00:00,5.30,466.4,141886
2026-01-28 06:20:00+00:00,5.50,466.8,148517
2026-01-28 06:21:00+00:00,5.95,466.6,146326
2026-01-28 06:22:00+00:00,5.76,465.9,146995
2026-01-28 06:23:00+00:00,5.34,466.1,152252
2026-01-28 06:24:00+00:00,5.36,468.4,158991
2026-01-28 06:25:00+00:00,5.18,471.4,171608
2026-01-28 06:26:00+00:00,5.13,472.2,167294
2026-01-28 06:27:00+00:00,5.29,471.5,172322
2026-01-28 06:28:00+00:00,5.67,472.8,162091
2026-01-28 06:29:00+00:00,5.27,469.2,157786
2026-01-28 06:30:00+00:00,5.23,470.9,141477
2026-01-28 06:31:00+00:00,4.99,468.3,126714
2026-01-28 06:32:00+00:00,5.74,464.6,124704
2026-01-28 06:33:00+00:00,5.72,462.1,130532
2026-01-28 06:34:00+00:00,5.58,464.1,126221
2026-01-28 06:35:00+00:00,5.21,465.3,134381
2026-01-28 06:36:00+00:00,5.44,464.2,132800
2026-01-28 06:37:00+00:00,5.46,463.4,131973
2026-01-28 06:38:00+00:00,5.31,463.3,132681
2026-01-28 06:39:00+00:00,5.21,463.4,134282
2026-01-28 06:40:00+00:00,5.30,465.1,145004
2026-01-28 06:41:00+00:00,5.64,466.7,150314
2026-01-28 06:42:00+00:00,5.18,467.1,142365
2026-01-28 06:43:00+00:00,4.82,473.2,164836
2026-01-28 06:44:00+00:00,4.81,471.3,168809
2026-01-28 06:45:00+00:00,5.33,468.0,138584
2026-01-28 06:46:00+00:00,5.02,463.2,138277
2026-01-28 06:47:00+00:00,4.68,470.2,134912
2026-01-28 06:48:00+00:00,4.52,474.0,165648
2026-01-28 06:49:00+00:00,4.98,476.8,162768
2026-01-28 06:50:00+00:00,5.20,474.8,159175
2026-01-28 06:51:00+00:00,5.23,474.0,158499
2026-01-28 06:52:00+00:00,5.25,477.2,150715
2026-01-28 06:53:00+00:00,5.34,474.7,147222
2026-01-28 06:54:00+00:00,5.20,472.7,149104
2026-01-28 06:55:00+00:00,5.33,472.8,159244
2026-01-28 06:56:00+00:00,5.53,472.7,165991
2026-01-28 06:57:00+00:00,4.95,471.0,148379
2026-01-28 06:58:00+00:00,4.94,469.3,115787
2026-01-28 06:59:00+00:00,4.53,479.4,160290
2026-01-28 07:00:00+00:00,3.99,492.5,201830
2026-01-28 07:01:00+00:00,3.36,498.1,202458
2026-01-28 07:02:00+00:00,3.20,498.3,172466
2026-01-28 07:03:00+00:00,3.10,499.4,138314
2026-01-28 07:04:00+00:00,3.71,496.2,175315
2026-01-28 07:05:00+00:00,3.51,505.5,183260
2026-01-28 07:06:00+00:00,3.57,502.2,183596
2026-01-28 07:07:00+00:00,3.81,502.2,194657
2026-01-28 07:08:00+00:00,3.90,503.0,199828
2026-01-28 08:07:00+00:00,3.03,520.2,224084
2026-01-28 08:08:00+00:00,3.45,520.7,235714
2026-01-28 08:09:00+00:00,2.72,511.4,156762
2026-01-28 08:10:00+00:00,2.95,513.9,195656
2026-01-28 08:11:00+00:00,1.83,500.7,181692
2026-01-28 08:12:00+00:00,2.75,523.7,306065
2026-01-28 08:13:00+00:00,3.43,531.3,281322
2026-01-28 08:14:00+00:00,2.83,528.1,220450
2026-01-28 08:15:00+00:00,2.20,515.7,214707
2026-01-28 08:16:00+00:00,1.81,501.3,184497
2026-01-28 08:17:00+00:00,1.78,519.6,205279
2026-01-28 08:18:00+00:00,2.17,511.9,155343
2026-01-28 08:19:00+00:00,2.01,513.3,177289
2026-01-28 08:20:00+00:00,1.85,504.1,173678
2026-01-28 08:21:00+00:00,1.85,536.5,347130
2026-01-28 08:22:00+00:00,1.23,516.1,201556
2026-01-28 08:23:00+00:00,1.01,512.1,190489
2026-01-28 08:24:00+00:00,1.91,525.0,205346
2026-01-28 08:25:00+00:00,1.75,520.1,167857
2026-01-28 08:26:00+00:00,1.06,525.3,194541
2026-01-28 08:27:00+00:00,0.54,507.1,153165
2026-01-28 08:28:00+00:00,0.91,534.2,226432
2026-01-28 08:29:00+00:00,2.30,550.8,212144
2026-01-28 08:30:00+00:00,3.17,545.8,150644
2026-01-28 08:31:00+00:00,1.17,535.0,237379
2026-01-28 08:32:00+00:00,1.01,529.4,216306
2026-01-28 08:33:00+00:00,0.80,521.7,186456
2026-01-28 08:34:00+00:00,1.00,528.0,201952
2026-01-28 08:35:00+00:00,0.88,525.9,168877
2026-01-28 08:36:00+00:00,1.08,523.4,146888
2026-01-28 08:37:00+00:00,0.86,519.5,167088
2026-01-28 08:38:00+00:00,0.87,524.2,222965
2026-01-28 08:39:00+00:00,0.58,500.7,174791
2026-01-28 08:40:00+00:00,1.18,543.9,296821
2026-01-28 08:41:00+00:00,1.21,541.0,267605
2026-01-28 08:42:00+00:00,1.05,532.3,261013
2026-01-28 08:43:00+00:00,0.82,512.4,196419
2026-01-28 08:44:00+00:00,1.06,534.2,209910
2026-01-28 08:45:00+00:00,0.95,567.6,306592
2026-01-28 08:46:00+00:00,0.63,572.2,335343
2026-01-28 08:47:00+00:00,0.53,554.7,268231
2026-01-28 08:48:00+00:00,0.55,553.2,256741
2026-01-28 08:49:00+00:00,0.69,581.8,375759
2026-01-28 08:50:00+00:00,0.69,591.9,443975
2026-01-28 08:51:00+00:00,0.65,565.9,295116
2026-01-28 08:52:00+00:00,0.65,573.0,318630
2026-01-28 08:53:00+00:00,0.67,583.8,359851
2026-01-28 08:54:00+00:00,0.59,567.1,299799
2026-01-28 08:55:00+00:00,0.52,532.0,192944
2026-01-28 08:56:00+00:00,0.55,579.9,356605
2026-01-28 08:57:00+00:00,0.57,576.6,375972
2026-01-28 08:58:00+00:00,0.59,567.9,313855
2026-01-28 08:59:00+00:00,0.54,532.4,205867
2026-01-28 09:00:00+00:00,0.59,555.1,291563
2026-01-28 09:01:00+00:00,0.66,580.1,346815
2026-01-28 09:02:00+00:00,0.77,586.1,364653
2026-01-28 09:03:00+00:00,0.88,591.5,404035
2026-01-28 09:04:00+00:00,1.19,653.3,864689
2026-01-28 09:05:00+00:00,1.01,623.3,668859
2026-01-28 09:06:00+00:00,0.61,552.2,194175
2026-01-28 09:07:00+00:00,0.75,573.9,295879
2026-01-28 09:08:00+00:00,0.85,602.3,449355
2026-01-28 09:09:00+00:00,0.83,606.9,449926
2026-01-28 09:10:00+00:00,0.76,591.2,328275
2026-01-28 09:11:00+00:00,0.62,545.7,192358
2026-01-28 09:12:00+00:00,0.82,601.9,360112
2026-01-28 09:13:00+00:00,0.83,612.0,411834
2026-01-28 09:14:00+00:00,0.85,599.5,342973
2026-01-28 09:15:00+00:00,0.78,569.3,240976
2026-01-28 09:16:00+00:00,1.20,585.9,340416
2026-01-28 09:17:00+00:00,1.22,614.0,571489
2026-01-28 09:18:00+00:00,0.93,615.2,545198
2026-01-28 09:19:00+00:00,0.87,614.0,511699
2026-01-28 09:20:00+00:00,0.90,619.6,633719
2026-01-28 09:21:00+00:00,0.87,611.3,521800
2026-01-28 09:22:00+00:00,0.82,609.5,507761
2026-01-28 09:23:00+00:00,0.89,618.9,648862
2026-01-28 09:24:00+00:00,0.95,642.0,788743
2026-01-28 09:25:00+00:00,0.90,609.4,645338
2026-01-28 09:26:00+00:00,0.76,596.8,365334
2026-01-28 09:27:00+00:00,0.72,558.4,453046
2026-01-28 09:28:00+00:00,0.81,621.5,618940
2026-01-28 09:29:00+00:00,0.82,611.5,684177
2026-01-28 09:30:00+00:00,0.76,602.6,600731
2026-01-28 09:31:00+00:00,0.72,579.8,488786
2026-01-28 09:32:00+00:00,0.72,589.4,483436
2026-01-28 09:33:00+00:00,0.73,605.0,635468
2026-01-28 09:34:00+00:00,0.70,600.9,656961
2026-01-28 09:35:00+00:00,0.66,595.4,571340
2026-01-28 09:36:00+00:00,0.68,598.1,581018
2026-01-28 09:37:00+00:00,0.81,618.9,817850
2026-01-28 09:38:00+00:00,0.77,613.9,758832
2026-01-28 09:39:00+00:00,0.53,579.2,471211
2026-01-28 09:40:00+00:00,0.15,495.0,102313
2026-01-28 09:41:00+00:00,0.67,601.7,670349
2026-01-28 09:42:00+00:00,0.66,588.1,538107
2026-01-28 09:43:00+00:00,0.47,550.2,320351
2026-01-28 09:44:00+00:00,0.58,609.7,712804
2026-01-28 09:45:00+00:00,0.63,612.4,704884
2026-01-28 09:46:00+00:00,0.62,607.7,613432
2026-01-28 09:47:00+00:00,0.60,613.6,593709
2026-01-28 09:48:00+00:00,0.84,633.9,659148
2026-01-28 09:49:00+00:00,0.89,616.1,524901
2026-01-28 09:50:00+00:00,0.81,592.3,381892
2026-01-28 09:51:00+00:00,0.83,604.8,438011
2026-01-28 09:52:00+00:00,0.89,616.8,499391
2026-01-28 09:53:00+00:00,0.81,588.2,373905
2026-01-28 09:54:00+00:00,0.54,555.1,213157
2026-01-28 09:55:00+00:00,0.70,588.9,484860
2026-01-28 09:56:00+00:00,0.72,609.2,643644
2026-01-28 09:57:00+00:00,0.60,592.2,437075
2026-01-28 09:58:00+00:00,0.64,600.3,513862
2026-01-28 09:59:00+00:00,0.54,562.2,309806
2026-01-28 10:04:00+00:00,0.23,571.0,313972
2026-01-28 10:05:00+00:00,0.32,573.2,363906
2026-01-28 10:06:00+00:00,0.23,552.9,284484
2026-01-28 10:07:00+00:00,0.19,545.5,169588
2026-01-28 10:08:00+00:00,0.22,611.5,550838
2026-01-28 10:09:00+00:00,0.22,691.7,1223317
2026-01-28 10:10:00+00:00,0.11,768.2,1673408
2026-01-28 10:11:00+00:00,0.11,744.4,1456959
2026-01-28 10:12:00+00:00,0.10,611.0,229864
2026-01-28 10:13:00+00:00,0.06,624.7,241413
2026-01-28 10:14:00+00:00,0.19,679.3,1278896
2026-01-28 10:15:00+00:00,0.27,586.9,336911
2026-01-28 10:16:00+00:00,0.28,593.3,411712
2026-01-28 10:17:00+00:00,0.20,584.8,420770
2026-01-28 10:18:00+00:00,0.27,583.1,402836
2026-01-28 10:19:00+00:00,0.32,597.9,430547
2026-01-28 10:20:00+00:00,0.22,570.7,321777
2026-01-28 10:21:00+00:00,0.19,550.8,176694
2026-01-28 10:22:00+00:00,0.17,531.4,98922
2026-01-28 10:23:00+00:00,0.33,547.1,254972
2026-01-28 10:24:00+00:00,0.47,585.5,436390
2026-01-28 10:25:00+00:00,0.21,556.2,268011
2026-01-28 10:26:00+00:00,0.19,546.0,175453
2026-01-28 10:27:00+00:00,0.25,551.2,329008
2026-01-28 10:28:00+00:00,0.52,633.6,1085199
2026-01-28 10:29:00+00:00,0.42,596.4,555935
2026-01-28 10:30:00+00:00,0.24,551.8,213441
2026-01-28 10:31:00+00:00,0.25,565.7,271716
2026-01-28 10:32:00+00:00,0.36,582.5,419887
2026-01-28 10:33:00+00:00,0.37,593.7,487730
2026-01-28 10:34:00+00:00,0.37,590.2,444646
2026-01-28 10:35:00+00:00,0.40,598.9,521010
2026-01-28 10:36:00+00:00,0.32,564.7,313942
2026-01-28 10:37:00+00:00,0.26,545.5,139196
2026-01-28 10:38:00+00:00,0.32,548.4,196408
2026-01-28 10:39:00+00:00,0.48,591.4,682709
2026-01-28 10:40:00+00:00,0.61,648.9,1229210
2026-01-28 10:41:00+00:00,0.57,628.0,988597
2026-01-28 10:42:00+00:00,0.48,598.4,500367
2026-01-28 10:43:00+00:00,0.51,615.8,552537
2026-01-28 10:44:00+00:00,0.53,615.1,531645
2026-01-28 10:45:00+00:00,0.70,607.3,305374
2026-01-28 10:46:00+00:00,0.99,635.6,513914
2026-01-28 10:47:00+00:00,1.03,670.5,622148
2026-01-28 10:48:00+00:00,0.99,657.7,582152
2026-01-28 10:49:00+00:00,0.82,623.0,399117
2026-01-28 10:50:00+00:00,0.80,591.7,323001
2026-01-28 10:51:00+00:00,0.76,633.4,485143
2026-01-28 10:52:00+00:00,0.68,625.2,463468
2026-01-28 10:53:00+00:00,0.64,602.2,396229
2026-01-28 10:54:00+00:00,0.59,573.4,318910
2026-01-28 10:55:00+00:00,0.81,573.6,458631
2026-01-28 10:56:00+00:00,0.77,568.1,515961
2026-01-28 10:57:00+00:00,0.27,531.8,159026
2026-01-28 10:58:00+00:00,0.68,609.8,341478
2026-01-28 10:59:00+00:00,0.14,495.7,106859
2026-01-28 11:00:00+00:00,0.91,657.5,557949
2026-01-28 11:01:00+00:00,0.91,631.0,463516
2026-01-28 11:02:00+00:00,0.96,635.3,440755
2026-01-28 11:03:00+00:00,0.98,640.9,444699
2026-01-28 11:04:00+00:00,0.15,505.4,109958
2026-01-28 11:05:00+00:00,0.69,595.3,380885
2026-01-28 11:06:00+00:00,0.92,634.7,413154
2026-01-28 11:07:00+00:00,0.99,664.2,482552
2026-01-28 11:08:00+00:00,0.92,667.3,513971
2026-01-28 11:09:00+00:00,1.37,637.5,453733
2026-01-28 11:10:00+00:00,1.01,573.8,245078
2026-01-28 11:11:00+00:00,0.35,556.9,176603
2026-01-28 11:12:00+00:00,0.70,602.3,332187
2026-01-28 11:13:00+00:00,0.86,610.0,357500
2026-01-28 11:14:00+00:00,0.89,616.3,397948
2026-01-28 11:15:00+00:00,0.88,633.9,446144
2026-01-28 11:16:00+00:00,0.88,654.5,485026
2026-01-28 11:17:00+00:00,0.88,653.9,482391
2026-01-28 11:18:00+00:00,0.87,616.6,326934
2026-01-28 11:19:00+00:00,0.96,643.2,476982
2026-01-28 11:20:00+00:00,0.79,601.3,315442
2026-01-28 11:21:00+00:00,0.71,601.4,317465
2026-01-28 11:22:00+00:00,0.83,607.0,373937
2026-01-28 11:23:00+00:00,0.91,630.3,466812
2026-01-28 11:24:00+00:00,0.88,629.1,456927
2026-01-28 11:25:00+00:00,0.78,587.8,343605
2026-01-28 11:26:00+00:00,0.73,589.1,388889
2026-01-28 11:27:00+00:00,0.73,610.2,461939
2026-01-28 11:28:00+00:00,0.72,603.7,429047
2026-01-28 11:29:00+00:00,0.66,601.9,428911
2026-01-28 11:30:00+00:00,0.39,559.8,254389
2026-01-28 11:31:00+00:00,0.43,587.4,404721
2026-01-28 11:32:00+00:00,0.43,587.5,399464
2026-01-28 11:33:00+00:00,0.38,589.6,342303
2026-01-28 11:34:00+00:00,0.86,615.5,381394
2026-01-28 11:35:00+00:00,0.10,496.9,67965
2026-01-28 11:36:00+00:00,0.72,604.4,335615
2026-01-28 11:37:00+00:00,0.71,591.9,304804
2026-01-28 11:38:00+00:00,0.72,591.7,321570
2026-01-28 11:39:00+00:00,0.71,590.9,311149
2026-01-28 11:40:00+00:00,0.65,596.7,350019
2026-01-28 11:41:00+00:00,0.47,581.5,353451
2026-01-28 11:42:00+00:00,0.48,577.3,337722
2026-01-28 11:43:00+00:00,0.62,593.1,358295
2026-01-28 11:44:00+00:00,0.61,587.7,332486
2026-01-28 11:45:00+00:00,0.61,582.6,305967
2026-01-28 11:46:00+00:00,0.72,622.4,453461
2026-01-28 11:47:00+00:00,0.75,649.0,472269
2026-01-28 11:48:00+00:00,0.74,650.9,544015
2026-01-28 11:49:00+00:00,0.61,,
2026-01-28 11:50:00+00:00,0.61,604.9,477372
2026-01-28 11:51:00+00:00,0.49,585.1,362228
2026-01-28 11:52:00+00:00,0.70,620.6,384075
2026-01-28 11:53:00+00:00,0.69,587.3,291404
2026-01-28 11:54:00+00:00,0.87,632.1,401559
2026-01-28 11:55:00+00:00,0.94,649.9,445487
2026-01-28 11:56:00+00:00,1.13,646.7,782111
2026-01-28 11:57:00+00:00,0.66,588.5,425815
2026-01-28 11:58:00+00:00,0.32,561.8,274862
2026-01-28 11:59:00+00:00,0.27,602.4,678015
2026-01-28 12:00:00+00:00,0.14,620.3,953462
2026-01-28 12:01:00+00:00,0.15,604.0,732219
2026-01-28 12:02:00+00:00,0.12,602.5,580118
2026-01-28 12:03:00+00:00,0.11,622.0,735333
2026-01-28 12:04:00+00:00,0.10,650.7,819008
2026-01-28 12:05:00+00:00,0.10,630.8,680270
2026-01-28 12:06:00+00:00,0.19,644.8,510090
2026-01-28 12:07:00+00:00,0.07,547.8,269804
2026-01-28 12:08:00+00:00,0.12,622.9,1123190
2026-01-28 12:09:00+00:00,0.08,555.9,374580
2026-01-28 12:10:00+00:00,0.15,562.0,364034
2026-01-28 12:11:00+00:00,0.14,584.2,464369
2026-01-28 12:12:00+00:00,0.16,584.2,418274
2026-01-28 12:13:00+00:00,0.13,544.9,258034
2026-01-28 12:14:00+00:00,0.08,512.4,141922
2026-01-28 12:15:00+00:00,0.10,527.7,239160
2026-01-28 12:16:00+00:00,0.17,555.5,395636
2026-01-28 12:17:00+00:00,0.24,560.9,393770
2026-01-28 12:18:00+00:00,0.25,568.9,398896
2026-01-28 12:19:00+00:00,0.22,562.1,318148
2026-01-28 12:20:00+00:00,0.23,557.5,251390
2026-01-28 12:23:00+00:00,0.20,579.6,404039
2026-01-28 12:24:00+00:00,0.25,570.1,368394
2026-01-28 12:25:00+00:00,0.26,566.1,331964
2026-01-28 12:26:00+00:00,0.26,563.1,304684
2026-01-28 12:27:00+00:00,0.25,562.4,373382
2026-01-28 12:28:00+00:00,0.22,551.7,278397
2026-01-28 12:29:00+00:00,0.17,545.5,234118
2026-01-28 12:30:00+00:00,0.15,546.1,263328
2026-01-28 12:31:00+00:00,0.18,541.5,235642
2026-01-28 12:32:00+00:00,0.15,516.4,143199
2026-01-28 12:33:00+00:00,0.11,502.9,130007
2026-01-28 12:34:00+00:00,0.27,556.9,363621
2026-01-28 12:35:00+00:00,0.29,561.2,382077
2026-01-28 12:36:00+00:00,0.30,560.5,274700
2026-01-28 12:37:00+00:00,0.46,564.2,254434
2026-01-28 12:38:00+00:00,0.57,563.1,207811
2026-01-28 12:39:00+00:00,0.60,572.6,246052
2026-01-28 12:40:00+00:00,0.71,570.6,263033
2026-01-28 12:41:00+00:00,0.72,569.3,285749
2026-01-28 12:42:00+00:00,0.74,571.5,286336
2026-01-28 12:43:00+00:00,0.33,562.5,365754
2026-01-28 12:44:00+00:00,0.42,557.5,288138
2026-01-28 12:45:00+00:00,0.64,562.6,241015
2026-01-28 12:46:00+00:00,0.51,561.8,297892
2026-01-28 12:47:00+00:00,0.34,555.0,313322
2026-01-28 12:48:00+00:00,0.41,559.9,292527
2026-01-28 12:49:00+00:00,0.43,569.5,337553
2026-01-28 12:50:00+00:00,0.26,564.1,405653
2026-01-28 12:51:00+00:00,0.29,571.2,429040
2026-01-28 12:52:00+00:00,0.40,572.9,274969
2026-01-28 12:53:00+00:00,0.70,581.3,407061
2026-01-28 12:56:00+00:00,0.77,583.0,255581
2026-01-28 12:57:00+00:00,0.80,587.7,249825
2026-01-28 12:58:00+00:00,0.85,580.5,226251
2026-01-28 12:59:00+00:00,0.64,575.2,206671
2026-01-28 13:00:00+00:00,0.40,573.0,239785
2026-01-28 13:01:00+00:00,0.45,565.5,225701
2026-01-28 13:02:00+00:00,0.40,558.4,233057
2026-01-28 13:03:00+00:00,0.26,556.1,268819
2026-01-28 13:04:00+00:00,0.27,552.8,227772
2026-01-28 13:05:00+00:00,0.25,548.1,173397
2026-01-28 13:06:00+00:00,0.25,549.4,193023
2026-01-28 13:07:00+00:00,0.27,555.2,198252
2026-01-28 13:08:00+00:00,0.50,562.4,209432
2026-01-28 13:09:00+00:00,0.12,523.7,102622
2026-01-28 13:10:00+00:00,0.38,575.5,329559
2026-01-28 13:11:00+00:00,0.79,597.2,315544
2026-01-28 13:12:00+00:00,1.02,591.5,282806
2026-01-28 13:13:00+00:00,0.97,583.6,264540
2026-01-28 13:14:00+00:00,0.72,572.8,228189
2026-01-28 13:15:00+00:00,0.55,568.8,246452
2026-01-28 13:16:00+00:00,0.36,592.7,529287
2026-01-28 13:17:00+00:00,0.55,612.7,555570
2026-01-28 13:18:00+00:00,0.47,599.9,554766
2026-01-28 13:19:00+00:00,0.19,569.8,531216
2026-01-28 13:20:00+00:00,0.26,547.0,272912
2026-01-28 13:21:00+00:00,0.58,561.8,222860
2026-01-28 13:22:00+00:00,1.38,623.2,354083
2026-01-28 13:23:00+00:00,1.25,611.4,357370
2026-01-28 13:24:00+00:00,1.13,599.9,276658
2026-01-28 13:25:00+00:00,1.25,610.2,347638
2026-01-28 13:26:00+00:00,1.46,622.8,366076
2026-01-28 13:29:00+00:00,1.13,626.3,283199
2026-01-28 13:30:00+00:00,1.31,621.8,363435
2026-01-28 13:31:00+00:00,1.67,642.8,463144
2026-01-28 13:32:00+00:00,1.93,656.3,505051
2026-01-28 13:33:00+00:00,1.93,645.3,478665
2026-01-28 13:34:00+00:00,1.68,631.4,408470
2026-01-28 13:35:00+00:00,1.51,628.2,369140
2026-01-28 13:36:00+00:00,1.60,629.5,376571
2026-01-28 13:37:00+00:00,1.72,631.6,390375
2026-01-28 13:38:00+00:00,1.68,630.5,430344
2026-01-28 13:39:00+00:00,1.40,618.5,377656
2026-01-28 13:40:00+00:00,1.64,618.6,371654
2026-01-28 13:41:00+00:00,1.45,614.6,399261
2026-01-28 13:42:00+00:00,1.47,607.9,350460
2026-01-28 13:43:00+00:00,1.56,593.3,309627
2026-01-28 13:44:00+00:00,1.12,579.7,265253
2026-01-28 13:45:00+00:00,1.39,587.4,305496
2026-01-28 13:46:00+00:00,1.44,591.1,300550
2026-01-28 13:47:00+00:00,1.94,630.0,505258
2026-01-28 13:48:00+00:00,1.53,662.3,435788
2026-01-28 13:49:00+00:00,1.58,670.6,442534
2026-01-28 13:50:00+00:00,1.74,648.2,423875
2026-01-28 13:51:00+00:00,1.54,626.3,345420
2026-01-28 13:52:00+00:00,1.58,629.6,418597
2026-01-28 13:53:00+00:00,1.58,634.5,452014
2026-01-28 13:54:00+00:00,1.53,641.9,453957
2026-01-28 13:55:00+00:00,1.71,645.5,497546
2026-01-28 13:56:00+00:00,2.15,659.5,503230
2026-01-28 13:57:00+00:00,1.99,653.4,363630
2026-01-28 13:58:00+00:00,1.63,640.8,419671
2026-01-28 13:59:00+00:00,1.38,631.2,415539
2026-01-28 14:00:00+00:00,1.59,629.0,380634
2026-01-28 14:01:00+00:00,1.62,628.8,376053
2026-01-28 14:02:00+00:00,1.47,612.9,296859
2026-01-28 14:03:00+00:00,1.56,625.7,358309
2026-01-28 14:04:00+00:00,1.58,618.5,372929
2026-01-28 14:05:00+00:00,1.60,614.6,368612
2026-01-28 14:06:00+00:00,1.66,614.8,368987
2026-01-28 14:07:00+00:00,1.56,602.1,340455
2026-01-28 14:08:00+00:00,1.24,583.7,284670
2026-01-28 14:09:00+00:00,1.21,584.3,295196
2026-01-28 14:10:00+00:00,1.57,610.5,387469
2026-01-28 14:11:00+00:00,1.18,601.4,271697
2026-01-28 14:12:00+00:00,1.34,583.7,248283
2026-01-28 14:13:00+00:00,1.56,589.4,258621
2026-01-28 14:14:00+00:00,1.62,589.0,293689
2026-01-28 14:15:00+00:00,1.18,581.7,233525
2026-01-28 14:16:00+00:00,1.24,585.5,233758
2026-01-28 14:17:00+00:00,1.04,577.9,248030
2026-01-28 14:18:00+00:00,0.85,575.7,262266
2026-01-28 14:19:00+00:00,0.90,579.3,275617
2026-01-28 14:20:00+00:00,1.01,576.5,260964
2026-01-28 14:21:00+00:00,0.61,576.5,379737
2026-01-28 14:22:00+00:00,0.15,524.0,266451
2026-01-28 14:23:00+00:00,0.25,507.5,95950
2026-01-28 14:24:00+00:00,0.58,559.6,177140
2026-01-28 14:25:00+00:00,0.82,560.8,191221
2026-01-28 14:26:00+00:00,1.35,595.6,268566
2026-01-28 14:27:00+00:00,1.28,587.3,232020
2026-01-28 14:28:00+00:00,0.33,536.1,100022
2026-01-28 14:29:00+00:00,0.41,568.0,137647
2026-01-28 14:30:00+00:00,0.37,611.9,404618
2026-01-28 14:31:00+00:00,0.29,606.6,439021
2026-01-28 14:32:00+00:00,0.25,634.9,469095
2026-01-28 14:33:00+00:00,0.79,587.3,379935
2026-01-28 14:34:00+00:00,0.92,575.8,359081
2026-01-28 14:36:00+00:00,1.02,529.5,195714
2026-01-28 14:37:00+00:00,0.47,484.0,101455
2026-01-28 14:38:00+00:00,0.56,510.7,154115
2026-01-28 14:39:00+00:00,1.26,580.3,300665
2026-01-28 14:40:00+00:00,1.44,584.8,331716
2026-01-28 14:41:00+00:00,1.38,587.9,352987
2026-01-28 14:42:00+00:00,1.20,587.5,308184
2026-01-28 14:43:00+00:00,0.98,598.2,294035
2026-01-28 14:44:00+00:00,0.63,566.0,306039
2026-01-28 14:45:00+00:00,1.01,572.8,377889
2026-01-28 14:46:00+00:00,0.70,542.2,186198
2026-01-28 14:47:00+00:00,0.69,554.2,256315
2026-01-28 14:48:00+00:00,0.61,523.4,178384
2026-01-28 14:49:00+00:00,0.85,558.6,247023
2026-01-28 14:50:00+00:00,0.79,547.2,184277
2026-01-28 14:51:00+00:00,0.62,533.9,135971
2026-01-28 14:52:00+00:00,0.58,533.0,156667
2026-01-28 14:53:00+00:00,0.76,544.1,188482
2026-01-28 14:54:00+00:00,0.85,542.3,247769
2026-01-28 14:55:00+00:00,0.89,540.4,290545
2026-01-28 14:56:00+00:00,0.96,568.0,279200
2026-01-28 14:57:00+00:00,0.68,598.8,366146
2026-01-28 14:58:00+00:00,0.27,594.4,522462
2026-01-28 14:59:00+00:00,0.20,575.0,358156
2026-01-28 15:00:00+00:00,0.36,634.2,534654
2026-01-28 15:01:00+00:00,0.26,596.2,353884
2026-01-28 15:02:00+00:00,0.67,597.4,432810
2026-01-28 15:03:00+00:00,9.55,638.6,183550
2026-01-28 15:04:00+00:00,1.55,631.0,440687
2026-01-28 15:05:00+00:00,0.33,611.3,479754
2026-01-28 15:06:00+00:00,0.42,568.4,401285
2026-01-28 15:07:00+00:00,0.46,555.5,374877
2026-01-28 15:08:00+00:00,1.46,569.8,302584
2026-01-28 15:09:00+00:00,1.34,554.8,254616
2026-01-28 15:10:00+00:00,1.37,537.9,219029
2026-01-28 15:11:00+00:00,1.59,551.6,239520
2026-01-28 15:12:00+00:00,1.59,574.8,257946
2026-01-28 15:13:00+00:00,1.42,572.6,251258
2026-01-28 15:14:00+00:00,1.52,581.9,268443
2026-01-28 15:15:00+00:00,1.41,579.6,303556
2026-01-28 15:16:00+00:00,0.87,551.5,244264
2026-01-28 15:17:00+00:00,0.10,477.3,29939
2026-01-28 15:18:00+00:00,2.24,566.3,235093
2026-01-28 15:19:00+00:00,1.66,585.5,303683
2026-01-28 15:20:00+00:00,1.48,565.8,190766
2026-01-28 15:21:00+00:00,1.52,575.9,228396
2026-01-28 15:22:00+00:00,2.28,541.3,162557
2026-01-28 15:23:00+00:00,1.84,614.1,258676
2026-01-28 15:24:00+00:00,1.61,616.4,278219
2026-01-28 15:25:00+00:00,2.15,615.1,367317
2026-01-28 15:26:00+00:00,2.24,622.4,449624
2026-01-28 15:27:00+00:00,1.77,582.6,320804
2026-01-28 15:28:00+00:00,1.69,561.4,199787
2026-01-28 15:29:00+00:00,1.81,587.0,263040
2026-01-28 15:30:00+00:00,1.56,564.3,212400
2026-01-28 15:31:00+00:00,1.53,566.9,225300
2026-01-28 15:32:00+00:00,1.75,578.8,258177
2026-01-28 15:33:00+00:00,1.70,580.2,240869
2026-01-28 15:34:00+00:00,1.86,585.6,299786
2026-01-28 15:35:00+00:00,0.86,540.0,253236
2026-01-28 15:36:00+00:00,1.52,541.0,190389
2026-01-28 15:37:00+00:00,0.33,471.7,54474
2026-01-28 15:38:00+00:00,1.42,534.3,163839
2026-01-28 15:39:00+00:00,1.79,556.0,186907
2026-01-28 15:40:00+00:00,1.74,554.0,176267
2026-01-28 15:41:00+00:00,0.04,455.7,23380
2026-01-28 15:42:00+00:00,1.32,525.8,179022
2026-01-28 15:43:00+00:00,1.88,579.1,328668
2026-01-28 15:44:00+00:00,0.74,551.7,288544
2026-01-28 15:45:00+00:00,0.67,549.8,254121
2026-01-28 15:46:00+00:00,0.42,525.4,227144
2026-01-28 15:47:00+00:00,0.19,511.9,249010
2026-01-28 15:48:00+00:00,0.31,565.9,703777
2026-01-28 15:49:00+00:00,0.77,544.6,205471
2026-01-28 15:50:00+00:00,0.75,506.1,143244
2026-01-28 15:51:00+00:00,1.43,545.8,301768
2026-01-28 15:52:00+00:00,1.49,584.9,394109
2026-01-28 15:53:00+00:00,1.13,536.7,205843
2026-01-28 15:54:00+00:00,1.29,551.5,236680
2026-01-28 15:55:00+00:00,1.80,554.3,327194
2026-01-28 15:56:00+00:00,0.85,485.3,158929
2026-01-28 15:57:00+00:00,0.74,502.1,174050
2026-01-28 15:58:00+00:00,0.89,530.7,227862
2026-01-28 16:00:00+00:00,0.90,558.3,391215
2026-01-28 16:01:00+00:00,0.87,552.0,360361
2026-01-28 16:02:00+00:00,0.83,538.1,297990
2026-01-28 16:03:00+00:00,1.04,550.4,370718
2026-01-28 16:04:00+00:00,1.23,583.4,463985
2026-01-28 16:05:00+00:00,1.19,579.3,487224
2026-01-28 16:06:00+00:00,1.27,565.9,437737
2026-01-28 16:07:00+00:00,1.33,587.1,535846
2026-01-28 16:08:00+00:00,1.56,588.5,540382
2026-01-28 16:09:00+00:00,1.31,534.6,304734
2026-01-28 16:10:00+00:00,1.26,540.0,322180
2026-01-28 16:11:00+00:00,1.19,575.0,456803
2026-01-28 16:12:00+00:00,1.19,604.8,671248
2026-01-28 16:13:00+00:00,1.20,615.0,772523
2026-01-28 16:14:00+00:00,1.28,551.2,374925
2026-01-28 16:15:00+00:00,1.17,566.2,393938
2026-01-28 16:16:00+00:00,1.00,573.4,452350
2026-01-28 16:17:00+00:00,1.13,548.6,447767
2026-01-28 16:18:00+00:00,1.56,541.8,273534
2026-01-28 16:19:00+00:00,1.48,514.3,224961
2026-01-28 16:20:00+00:00,1.17,546.0,238894
2026-01-28 16:21:00+00:00,2.07,586.5,425397
2026-01-28 16:22:00+00:00,1.43,548.7,473010
2026-01-28 16:23:00+00:00,1.56,531.3,446668
2026-01-28 16:24:00+00:00,2.13,567.6,538084
2026-01-28 16:25:00+00:00,0.43,504.4,146725
2026-01-28 16:26:00+00:00,0.61,549.7,269183
2026-01-28 16:27:00+00:00,1.05,561.5,277207
2026-01-28 16:28:00+00:00,1.49,550.9,243117
2026-01-28 16:29:00+00:00,1.57,550.8,497713
2026-01-28 16:30:00+00:00,1.22,516.8,400718
2026-01-28 16:31:00+00:00,1.26,523.1,240088
2026-01-28 16:32:00+00:00,1.79,586.1,493534
2026-01-28 16:33:00+00:00,1.86,580.9,516639
2026-01-28 16:34:00+00:00,1.61,557.1,412743
2026-01-28 16:35:00+00:00,1.39,482.2,114393
2026-01-28 16:36:00+00:00,0.15,448.9,81804
2026-01-28 16:37:00+00:00,1.58,567.8,478443
2026-01-28 16:38:00+00:00,1.49,533.5,481326
2026-01-28 16:39:00+00:00,1.31,477.0,158826
2026-01-28 16:40:00+00:00,1.18,576.5,372816
2026-01-28 16:41:00+00:00,1.18,591.1,390022
2026-01-28 16:42:00+00:00,1.91,601.6,307656
2026-01-28 16:43:00+00:00,0.88,550.7,384450
2026-01-28 16:44:00+00:00,0.35,570.4,511470
2026-01-28 16:45:00+00:00,0.35,596.4,519952
2026-01-28 16:46:00+00:00,0.33,594.7,486625
2026-01-28 16:47:00+00:00,0.29,596.8,1050957
2026-01-28 16:48:00+00:00,0.48,570.6,763276
2026-01-28 16:49:00+00:00,0.86,513.0,198542
2026-01-28 16:50:00+00:00,1.04,487.6,137013
2026-01-28 16:51:00+00:00,1.38,487.9,210993
2026-01-28 16:52:00+00:00,1.02,552.2,326456
2026-01-28 16:53:00+00:00,1.45,581.1,486705
2026-01-28 16:54:00+00:00,1.50,553.6,404759
2026-01-28 16:55:00+00:00,1.05,553.9,425609
2026-01-28 16:56:00+00:00,1.59,564.1,228155
2026-01-28 16:57:00+00:00,0.41,583.2,473937
2026-01-28 16:58:00+00:00,0.66,552.6,289340
2026-01-28 16:59:00+00:00,0.92,564.6,289577
2026-01-28 17:00:00+00:00,0.81,574.6,306531
2026-01-28 17:01:00+00:00,0.71,569.3,298690
2026-01-28 17:02:00+00:00,0.75,564.1,288579
2026-01-28 17:03:00+00:00,0.58,560.7,352163
2026-01-28 17:04:00+00:00,0.25,564.0,383758
2026-01-28 17:05:00+00:00,0.27,584.2,247536
2026-01-28 17:06:00+00:00,0.58,604.9,273414
2026-01-28 17:07:00+00:00,1.26,592.0,275817
2026-01-28 17:08:00+00:00,0.86,576.4,287918
2026-01-28 17:09:00+00:00,0.67,551.0,108989
2026-01-28 17:10:00+00:00,0.30,643.8,376410
2026-01-28 17:11:00+00:00,0.04,489.3,61344
2026-01-28 17:12:00+00:00,0.90,562.5,166176
2026-01-28 17:13:00+00:00,0.96,564.1,288379
2026-01-28 17:14:00+00:00,1.37,567.0,290000
2026-01-28 17:15:00+00:00,2.20,607.8,282303
2026-01-28 17:16:00+00:00,1.07,603.6,329499
2026-01-28 17:17:00+00:00,0.34,622.0,328905
2026-01-28 17:18:00+00:00,0.34,606.3,395645
2026-01-28 17:19:00+00:00,0.19,561.2,493239
2026-01-28 17:20:00+00:00,1.28,558.9,324060
2026-01-28 17:21:00+00:00,1.02,558.1,338857
2026-01-28 17:22:00+00:00,0.54,550.2,344327
2026-01-28 17:23:00+00:00,1.25,540.2,250675
2026-01-28 17:24:00+00:00,1.85,596.8,368420
2026-01-28 17:25:00+00:00,1.62,564.8,300457
2026-01-28 17:26:00+00:00,2.51,575.8,350780
2026-01-28 17:27:00+00:00,1.65,579.9,349758
2026-01-28 17:28:00+00:00,1.82,569.4,338840
2026-01-28 17:29:00+00:00,0.46,485.8,91175
2026-01-28 17:30:00+00:00,1.26,494.3,123805
2026-01-28 17:31:00+00:00,0.57,470.3,68285
2026-01-28 17:32:00+00:00,1.13,519.3,152308
2026-01-28 17:33:00+00:00,1.85,564.9,281969
2026-01-28 17:34:00+00:00,3.24,539.0,261102
2026-01-28 17:35:00+00:00,3.60,547.3,281855
2026-01-28 17:36:00+00:00,2.06,602.8,392802
2026-01-28 17:37:00+00:00,1.72,594.7,343499
2026-01-28 17:38:00+00:00,1.05,583.0,350258
2026-01-28 17:39:00+00:00,1.28,577.3,518423
2026-01-28 17:40:00+00:00,1.59,520.6,158610
2026-01-28 17:41:00+00:00,2.03,575.3,285463
2026-01-28 17:42:00+00:00,2.02,562.5,328445
2026-01-28 17:43:00+00:00,1.98,582.3,337506
2026-01-28 17:44:00+00:00,2.61,585.4,413653
2026-01-28 17:45:00+00:00,1.78,581.8,308523
2026-01-28 17:46:00+00:00,2.19,551.3,287061
2026-01-28 17:47:00+00:00,2.21,579.3,526721
2026-01-28 17:48:00+00:00,2.24,573.2,386388
2026-01-28 17:49:00+00:00,1.43,554.6,249074
2026-01-28 17:50:00+00:00,0.39,504.4,150046
2026-01-28 17:51:00+00:00,0.81,508.5,175216
2026-01-28 17:52:00+00:00,1.88,584.6,381352
2026-01-28 17:55:00+00:00,1.33,579.6,452490
2026-01-28 17:56:00+00:00,1.05,546.3,266164
2026-01-28 17:57:00+00:00,1.09,540.4,218829
2026-01-28 17:58:00+00:00,0.90,566.5,343143
2026-01-28 17:59:00+00:00,1.10,596.9,340623
2026-01-28 18:00:00+00:00,0.54,561.9,359272
2026-01-28 18:01:00+00:00,0.32,571.6,394147
2026-01-28 18:02:00+00:00,0.11,500.8,132300
2026-01-28 18:03:00+00:00,0.14,543.9,416352
2026-01-28 18:04:00+00:00,0.28,571.0,365995
2026-01-28 18:05:00+00:00,0.62,564.9,190596
2026-01-28 18:06:00+00:00,0.59,525.6,105616
2026-01-28 18:07:00+00:00,0.59,507.7,106840
2026-01-28 18:08:00+00:00,1.03,551.8,260211
2026-01-28 18:09:00+00:00,0.91,573.1,329899
2026-01-28 18:10:00+00:00,0.31,582.2,287799
2026-01-28 18:11:00+00:00,0.27,669.4,682578
2026-01-28 18:12:00+00:00,0.23,668.4,735665
2026-01-28 18:13:00+00:00,0.31,649.5,632758
2026-01-28 18:14:00+00:00,0.46,619.3,361781
2026-01-28 18:15:00+00:00,0.31,559.7,325651
2026-01-28 18:16:00+00:00,0.33,561.5,157118
2026-01-28 18:17:00+00:00,0.76,541.6,157484
2026-01-28 18:18:00+00:00,0.90,579.3,485474
2026-01-28 18:19:00+00:00,1.16,600.1,628313
2026-01-28 18:20:00+00:00,1.61,590.2,621581
2026-01-28 18:21:00+00:00,1.54,552.0,405075
2026-01-28 18:22:00+00:00,1.36,550.7,250585
2026-01-28 18:23:00+00:00,1.33,580.2,319428
2026-01-28 18:24:00+00:00,1.20,578.1,342103
2026-01-28 18:25:00+00:00,1.21,562.9,235618
2026-01-28 18:26:00+00:00,0.11,510.6,52865
2026-01-28 18:27:00+00:00,0.26,521.3,93771
2026-01-28 18:28:00+00:00,1.10,583.5,327362
2026-01-28 18:29:00+00:00,1.45,599.8,346157
2026-01-28 18:30:00+00:00,1.14,574.8,291421
2026-01-28 18:31:00+00:00,2.11,603.3,420031
2026-01-28 18:32:00+00:00,1.98,608.5,418276
2026-01-28 18:33:00+00:00,2.18,587.3,361811
2026-01-28 18:34:00+00:00,2.17,640.5,440419
2026-01-28 18:35:00+00:00,0.70,545.0,172824
2026-01-28 18:36:00+00:00,0.07,494.8,38519
2026-01-28 18:37:00+00:00,0.86,539.7,152877
2026-01-28 18:38:00+00:00,1.60,607.0,371238
2026-01-28 18:39:00+00:00,1.68,625.8,427134
2026-01-28 18:40:00+00:00,2.17,594.5,290742
2026-01-28 18:41:00+00:00,2.65,587.6,300607
2026-01-28 18:42:00+00:00,1.35,620.9,468091
2026-01-28 18:43:00+00:00,1.51,637.1,548583
2026-01-28 18:44:00+00:00,1.47,625.7,483072
2026-01-28 18:45:00+00:00,1.19,602.5,381402
2026-01-28 18:46:00+00:00,1.79,630.8,483354
2026-01-28 18:47:00+00:00,1.62,646.2,492385
2026-01-28 18:48:00+00:00,1.69,647.4,500548
2026-01-28 18:49:00+00:00,1.12,589.8,262641
2026-01-28 18:50:00+00:00,1.70,678.7,427204
2026-01-28 18:51:00+00:00,1.77,705.2,485793
2026-01-28 18:52:00+00:00,1.75,653.1,480114
2026-01-28 18:53:00+00:00,1.41,594.1,368021
2026-01-28 18:54:00+00:00,0.63,543.3,162505
2026-01-28 18:55:00+00:00,0.61,553.1,157272
2026-01-28 18:56:00+00:00,1.26,616.4,351614
2026-01-28 18:57:00+00:00,1.30,637.2,423607
2026-01-28 18:58:00+00:00,1.51,648.2,455278
2026-01-28 18:59:00+00:00,0.99,613.2,294476
2026-01-28 19:00:00+00:00,0.99,612.8,294794
2026-01-28 19:01:00+00:00,0.95,608.5,298907
2026-01-28 19:02:00+00:00,1.35,626.8,335505
2026-01-28 19:03:00+00:00,1.40,631.1,397422
2026-01-28 19:04:00+00:00,1.21,606.7,345462
2026-01-28 19:05:00+00:00,1.23,603.8,306077
2026-01-28 19:06:00+00:00,1.26,623.0,373109
2026-01-28 19:07:00+00:00,1.13,612.5,322078
2026-01-28 19:08:00+00:00,1.00,611.6,322856
2026-01-28 19:09:00+00:00,0.97,616.4,317041
2026-01-28 19:10:00+00:00,1.17,626.4,396219
2026-01-28 19:11:00+00:00,1.55,631.6,487800
2026-01-28 19:12:00+00:00,1.64,616.8,462679
2026-01-28 19:13:00+00:00,2.12,601.2,411607
2026-01-28 19:14:00+00:00,3.56,605.5,321846
2026-01-28 19:15:00+00:00,1.57,630.7,460650
2026-01-28 19:16:00+00:00,1.52,627.0,463404
2026-01-28 19:17:00+00:00,1.06,565.1,308321
2026-01-28 19:18:00+00:00,2.00,627.4,539508
2026-01-28 19:19:00+00:00,1.78,626.9,467482
2026-01-28 19:20:00+00:00,1.53,608.4,426961
2026-01-28 19:21:00+00:00,1.30,574.4,286640
2026-01-28 19:22:00+00:00,1.49,615.6,395650
2026-01-28 19:23:00+00:00,1.72,610.6,408452
2026-01-28 19:24:00+00:00,2.85,589.2,336519
2026-01-28 19:25:00+00:00,1.70,552.9,160735
2026-01-28 19:26:00+00:00,0.85,570.5,155902
2026-01-28 19:27:00+00:00,1.57,623.8,340315
2026-01-28 19:28:00+00:00,1.47,620.7,369607
2026-01-28 19:29:00+00:00,1.31,605.7,330584
2026-01-28 19:30:00+00:00,1.66,635.2,499125
2026-01-28 19:31:00+00:00,1.48,612.9,382580
2026-01-28 19:32:00+00:00,1.23,577.5,243267
2026-01-28 19:33:00+00:00,1.23,578.5,246350
2026-01-28 19:34:00+00:00,1.69,639.3,428268
2026-01-28 19:35:00+00:00,1.81,653.4,555457
2026-01-28 19:36:00+00:00,1.59,637.1,403911
2026-01-28 19:37:00+00:00,1.47,640.9,359413
2026-01-28 19:38:00+00:00,1.55,666.5,417643
2026-01-28 19:39:00+00:00,1.57,680.1,513965
2026-01-28 19:40:00+00:00,1.49,642.4,426106
2026-01-28 19:41:00+00:00,1.55,617.5,348477
2026-01-28 19:42:00+00:00,1.64,633.6,420041
2026-01-28 19:43:00+00:00,1.41,647.4,558810
2026-01-28 19:44:00+00:00,1.32,622.8,559358
2026-01-28 19:45:00+00:00,1.62,600.3,429823
2026-01-28 19:46:00+00:00,1.42,636.4,465644
2026-01-28 19:47:00+00:00,1.17,636.2,362121
2026-01-28 19:48:00+00:00,0.38,662.1,496015
2026-01-28 19:49:00+00:00,0.39,661.0,396077
2026-01-28 19:50:00+00:00,0.27,654.9,463637
2026-01-28 19:51:00+00:00,1.03,579.0,231038
2026-01-28 19:52:00+00:00,0.49,587.9,145656
2026-01-28 19:53:00+00:00,0.48,593.2,203565
2026-01-28 19:54:00+00:00,1.12,666.5,336513
2026-01-28 19:55:00+00:00,1.35,706.2,402159
2026-01-28 19:56:00+00:00,0.86,665.0,260584
2026-01-28 19:57:00+00:00,0.69,632.0,147712
2026-01-28 19:58:00+00:00,0.53,629.1,166470
2026-01-28 19:59:00+00:00,0.29,642.5,262479
2026-01-28 20:00:00+00:00,0.75,648.9,292063
2026-01-28 20:01:00+00:00,1.29,653.8,363489
2026-01-28 20:02:00+00:00,0.74,714.2,694042
2026-01-28 20:03:00+00:00,0.29,656.4,297803
2026-01-28 20:04:00+00:00,0.28,621.3,334062
2026-01-28 20:07:00+00:00,0.02,545.7,45148
2026-01-28 20:08:00+00:00,0.30,633.2,304317
2026-01-28 20:09:00+00:00,0.26,654.0,688039
2026-01-28 20:10:00+00:00,0.25,627.2,450168
2026-01-28 20:11:00+00:00,0.10,533.3,135054
2026-01-28 20:12:00+00:00,0.90,533.8,248802
2026-01-28 20:13:00+00:00,1.61,609.3,490111
2026-01-28 20:14:00+00:00,1.76,637.8,526862
2026-01-28 20:15:00+00:00,1.69,617.7,438244
2026-01-28 20:16:00+00:00,1.51,608.8,389984
2026-01-28 20:17:00+00:00,1.59,620.9,435628
2026-01-28 20:18:00+00:00,2.27,653.5,565686
2026-01-28 20:19:00+00:00,2.35,645.0,515277
2026-01-28 20:20:00+00:00,1.55,609.6,318880
2026-01-28 20:21:00+00:00,1.68,553.4,219745
2026-01-28 20:22:00+00:00,3.38,628.0,290755
2026-01-28 20:23:00+00:00,2.10,617.8,403823
2026-01-28 20:24:00+00:00,2.71,558.1,238078
2026-01-28 20:25:00+00:00,0.58,503.5,67759
2026-01-28 20:26:00+00:00,1.30,564.5,198723
2026-01-28 20:27:00+00:00,1.77,588.8,292194
2026-01-28 20:28:00+00:00,1.71,581.6,301062
2026-01-28 20:29:00+00:00,2.14,591.5,378606
2026-01-28 20:30:00+00:00,2.25,605.8,401889
2026-01-28 20:31:00+00:00,2.00,616.2,373567
2026-01-28 20:32:00+00:00,1.91,610.0,363478
2026-01-28 20:33:00+00:00,1.61,586.0,257935
2026-01-28 20:34:00+00:00,1.38,599.1,176498
2026-01-28 20:35:00+00:00,0.76,583.4,271655
2026-01-28 20:36:00+00:00,1.27,618.5,609265
2026-01-28 20:37:00+00:00,1.42,602.3,539334
2026-01-28 20:39:00+00:00,1.75,593.0,291339
2026-01-28 20:40:00+00:00,1.44,562.7,312623
2026-01-28 20:41:00+00:00,1.67,602.8,439199
2026-01-28 20:42:00+00:00,1.71,595.8,372405
2026-01-28 20:43:00+00:00,1.91,596.9,384965
2026-01-28 20:44:00+00:00,1.65,568.6,276674
2026-01-28 20:45:00+00:00,2.89,580.8,301281
2026-01-28 20:46:00+00:00,2.85,610.2,356280
2026-01-28 20:47:00+00:00,1.69,614.8,384899
2026-01-28 20:48:00+00:00,1.78,605.6,403689
2026-01-28 20:49:00+00:00,2.37,589.3,275850
2026-01-28 20:50:00+00:00,3.80,596.7,300501
2026-01-28 20:51:00+00:00,1.51,590.6,394013
2026-01-28 20:52:00+00:00,1.79,570.2,267064
2026-01-28 20:53:00+00:00,1.52,623.4,462865
2026-01-28 20:54:00+00:00,1.67,586.2,405777
2026-01-28 20:55:00+00:00,1.70,592.5,426255
2026-01-28 20:56:00+00:00,1.48,546.0,254537
2026-01-28 20:57:00+00:00,2.86,592.1,379932
2026-01-28 20:58:00+00:00,2.01,596.7,341307
2026-01-28 20:59:00+00:00,1.68,607.0,357153
2026-01-28 21:00:00+00:00,2.79,581.1,242396
2026-01-28 21:01:00+00:00,2.39,593.7,283564
2026-01-28 21:02:00+00:00,1.71,608.1,323025
2026-01-28 21:03:00+00:00,2.45,592.2,236771
2026-01-28 21:04:00+00:00,2.65,593.9,248718
2026-01-28 21:05:00+00:00,1.65,604.9,329180
2026-01-28 21:06:00+00:00,1.66,597.7,314135
2026-01-28 21:07:00+00:00,1.60,567.7,210084
2026-01-28 21:08:00+00:00,1.50,571.1,262627
2026-01-28 21:09:00+00:00,1.63,618.4,370760
2026-01-28 21:10:00+00:00,1.26,569.4,110768
2026-01-28 21:11:00+00:00,1.26,,
2026-01-28 21:12:00+00:00,1.54,590.1,220362
2026-01-28 21:13:00+00:00,1.28,578.7,357483
2026-01-28 21:14:00+00:00,1.29,593.8,374931
2026-01-28 21:15:00+00:00,1.26,588.2,333606
2026-01-28 21:16:00+00:00,2.49,601.8,322030
2026-01-28 21:17:00+00:00,1.54,557.7,167850
2026-01-28 21:18:00+00:00,0.81,555.7,158274
2026-01-28 21:19:00+00:00,1.47,589.7,258085
2026-01-28 21:20:00+00:00,1.52,586.3,275668
2026-01-28 21:21:00+00:00,1.78,614.2,364800
2026-01-28 21:22:00+00:00,1.79,610.6,310163
2026-01-28 21:23:00+00:00,1.63,583.5,257621
2026-01-28 21:24:00+00:00,1.40,581.5,268661
2026-01-28 21:25:00+00:00,1.76,624.2,351178
2026-01-28 21:26:00+00:00,1.55,577.6,213910
2026-01-28 21:27:00+00:00,1.73,601.6,290816
2026-01-28 21:28:00+00:00,1.82,598.8,301011
2026-01-28 21:29:00+00:00,2.51,604.5,350264
2026-01-28 21:30:00+00:00,2.11,605.3,301065
2026-01-28 21:31:00+00:00,1.81,584.2,228809
2026-01-28 21:32:00+00:00,1.76,596.1,272450
2026-01-28 21:33:00+00:00,1.98,632.6,383915
2026-01-28 21:34:00+00:00,1.87,630.6,397678
2026-01-28 21:35:00+00:00,1.50,584.4,304803
2026-01-28 21:36:00+00:00,1.58,583.6,286146
2026-01-28 21:37:00+00:00,1.86,634.9,335976
2026-01-28 21:38:00+00:00,1.67,612.8,269815
2026-01-28 21:39:00+00:00,1.64,613.2,353474
2026-01-28 21:40:00+00:00,1.55,582.9,234749
2026-01-28 21:41:00+00:00,1.81,626.0,283273
2026-01-28 21:42:00+00:00,1.57,607.0,278064
2026-01-28 21:43:00+00:00,1.81,613.1,287752
2026-01-28 21:44:00+00:00,1.82,613.5,288262
2026-01-28 21:45:00+00:00,1.35,605.2,308616
2026-01-28 21:46:00+00:00,0.89,580.7,202549
2026-01-28 21:47:00+00:00,0.74,568.7,156399
2026-01-28 21:48:00+00:00,0.93,584.1,191515
2026-01-28 21:49:00+00:00,0.82,609.3,448247
2026-01-28 21:50:00+00:00,0.48,592.7,404801
2026-01-28 21:51:00+00:00,0.67,567.5,283309
2026-01-28 21:52:00+00:00,1.09,587.4,381282
2026-01-28 21:53:00+00:00,0.72,596.4,210237
2026-01-28 21:54:00+00:00,0.17,546.6,130907
2026-01-28 21:55:00+00:00,0.09,517.3,152804
2026-01-28 21:56:00+00:00,0.40,627.6,752933
2026-01-28 21:57:00+00:00,0.32,551.0,99624
2026-01-28 21:58:00+00:00,0.32,558.5,157606
2026-01-28 21:59:00+00:00,0.29,558.3,126503
2026-01-28 22:00:00+00:00,0.36,641.6,418373
2026-01-28 22:01:00+00:00,1.29,644.4,397707
2026-01-28 22:02:00+00:00,1.49,645.5,384687
2026-01-28 22:03:00+00:00,1.34,624.7,294806
2026-01-28 22:04:00+00:00,2.27,615.2,358332
2026-01-28 22:05:00+00:00,2.17,619.0,399751
2026-01-28 22:06:00+00:00,1.60,624.1,391529
2026-01-28 22:07:00+00:00,1.52,604.6,333447
2026-01-28 22:08:00+00:00,1.47,604.5,283801
2026-01-28 22:09:00+00:00,1.61,650.3,367834
2026-01-28 22:10:00+00:00,1.78,625.0,371639
2026-01-28 22:11:00+00:00,2.52,631.6,416689
2026-01-28 22:12:00+00:00,1.81,629.8,352173
2026-01-28 22:13:00+00:00,1.28,614.6,304880
2026-01-28 22:14:00+00:00,0.98,638.9,300473
2026-01-28 22:15:00+00:00,0.93,605.9,182581
2026-01-28 22:16:00+00:00,1.67,667.8,352973
2026-01-28 22:17:00+00:00,1.76,676.2,376297
2026-01-28 22:18:00+00:00,1.34,632.3,304567
2026-01-28 22:19:00+00:00,1.31,611.8,262507
2026-01-28 22:20:00+00:00,1.26,609.3,245073
2026-01-28 22:21:00+00:00,1.27,612.4,266201
2026-01-28 22:22:00+00:00,1.32,614.6,308563
2026-01-28 22:23:00+00:00,1.45,623.8,326283
2026-01-28 22:24:00+00:00,1.56,633.4,304047
2026-01-28 22:25:00+00:00,1.49,634.3,281257
2026-01-28 22:26:00+00:00,1.43,622.3,245468
2026-01-28 22:27:00+00:00,1.39,602.5,209360
2026-01-28 22:28:00+00:00,1.65,635.9,318569
2026-01-28 22:29:00+00:00,1.53,622.2,278836
2026-01-28 22:30:00+00:00,1.40,623.0,302402
2026-01-28 22:31:00+00:00,1.42,614.4,290296
2026-01-28 22:32:00+00:00,0.23,533.4,73487
2026-01-28 22:33:00+00:00,0.97,603.0,227961
2026-01-28 22:34:00+00:00,1.18,604.2,238825
2026-01-28 22:35:00+00:00,1.24,605.3,269847
2026-01-28 22:36:00+00:00,1.26,617.9,271094
2026-01-28 22:37:00+00:00,1.21,615.9,267773
2026-01-28 22:38:00+00:00,1.23,612.1,270122
2026-01-28 22:39:00+00:00,1.27,615.2,258886
2026-01-28 22:40:00+00:00,1.21,616.7,278947
2026-01-28 22:41:00+00:00,1.07,615.4,316146
2026-01-28 22:42:00+00:00,0.95,608.7,295859
2026-01-28 22:43:00+00:00,1.10,613.3,373226
2026-01-28 22:44:00+00:00,1.28,615.2,279061
2026-01-28 22:45:00+00:00,1.06,609.2,218588
2026-01-28 22:46:00+00:00,1.36,617.8,220760
2026-01-28 22:47:00+00:00,1.42,617.9,313285
2026-01-28 22:48:00+00:00,1.44,618.3,247705
2026-01-28 22:49:00+00:00,1.42,617.8,245931
2026-01-28 22:50:00+00:00,1.42,617.7,247621
2026-01-28 22:51:00+00:00,1.42,619.8,308928
2026-01-28 22:52:00+00:00,1.39,621.5,329368
2026-01-28 22:53:00+00:00,1.48,624.5,289767
2026-01-28 22:54:00+00:00,1.53,624.1,241234
2026-01-28 22:55:00+00:00,1.54,621.5,242565
2026-01-28 22:56:00+00:00,1.57,619.5,267948
2026-01-28 22:57:00+00:00,1.45,618.6,332936
2026-01-28 22:58:00+00:00,1.36,621.5,405120
2026-01-28 22:59:00+00:00,1.46,619.1,328942
2026-01-28 23:00:00+00:00,1.51,620.9,348792
2026-01-28 23:01:00+00:00,1.52,619.8,348609
2026-01-28 23:02:00+00:00,1.54,621.7,327681
2026-01-28 23:03:00+00:00,1.32,619.8,391788
2026-01-28 23:04:00+00:00,1.54,623.8,371605
2026-01-28 23:05:00+00:00,1.21,628.8,358387
2026-01-28 23:06:00+00:00,1.21,631.1,346584
2026-01-28 23:07:00+00:00,1.32,622.3,269347
2026-01-28 23:08:00+00:00,1.32,617.4,254154
2026-01-28 23:09:00+00:00,1.25,623.1,296649
2026-01-28 23:10:00+00:00,1.31,623.0,366332
2026-01-28 23:11:00+00:00,1.44,617.8,393592
2026-01-28 23:12:00+00:00,1.42,616.3,306590
2026-01-28 23:13:00+00:00,1.32,616.7,275800
2026-01-28 23:14:00+00:00,1.31,626.9,456528
2026-01-28 23:15:00+00:00,1.35,627.2,393510
2026-01-28 23:16:00+00:00,1.34,626.7,360008
2026-01-28 23:17:00+00:00,1.23,625.4,419870
2026-01-28 23:18:00+00:00,1.26,623.5,354213
2026-01-28 23:19:00+00:00,1.52,617.5,389714
2026-01-28 23:20:00+00:00,1.40,620.4,454655
2026-01-28 23:21:00+00:00,1.36,623.6,413361
2026-01-28 23:22:00+00:00,1.59,628.5,386843
2026-01-28 23:23:00+00:00,1.67,629.9,381717
2026-01-28 23:24:00+00:00,1.33,622.1,434518
2026-01-28 23:25:00+00:00,1.25,622.3,421146
2026-01-28 23:26:00+00:00,1.07,617.9,340343
2026-01-28 23:27:00+00:00,0.65,594.3,189506
2026-01-28 23:28:00+00:00,0.53,587.9,257534
2026-01-28 23:29:00+00:00,0.87,616.5,464239
2026-01-28 23:30:00+00:00,0.46,602.6,249874
2026-01-28 23:31:00+00:00,0.97,617.7,483627
2026-01-28 23:32:00+00:00,0.66,583.7,120989
2026-01-28 23:33:00+00:00,0.73,603.1,314319
2026-01-28 23:34:00+00:00,1.00,624.9,591374
2026-01-28 23:35:00+00:00,0.20,565.7,112553
2026-01-28 23:36:00+00:00,0.64,597.5,171557
2026-01-28 23:37:00+00:00,0.95,629.4,452028
2026-01-28 23:38:00+00:00,1.13,644.8,431643
2026-01-28 23:39:00+00:00,1.32,660.4,346848
2026-01-28 23:40:00+00:00,1.41,658.0,354789
2026-01-28 23:41:00+00:00,0.82,608.9,201762
2026-01-28 23:42:00+00:00,0.41,589.0,113215
2026-01-28 23:43:00+00:00,0.39,595.2,178285
2026-01-28 23:44:00+00:00,0.41,603.3,332810
2026-01-28 23:45:00+00:00,0.58,631.6,515650
2026-01-28 23:46:00+00:00,0.21,588.1,267075
2026-01-28 23:47:00+00:00,0.25,574.9,155714
2026-01-28 23:48:00+00:00,0.27,576.5,163615
2026-01-28 23:49:00+00:00,0.34,588.4,173673
2026-01-28 23:50:00+00:00,1.21,623.8,564464
2026-01-28 23:51:00+00:00,0.59,591.2,140362
2026-01-28 23:52:00+00:00,0.79,618.3,300254
2026-01-28 23:53:00+00:00,0.63,650.1,558058
2026-01-28 23:54:00+00:00,0.34,661.3,923474
2026-01-28 23:55:00+00:00,0.34,673.7,721951
2026-01-28 23:56:00+00:00,0.38,678.7,580221
2026-01-28 23:57:00+00:00,0.28,667.8,452667
2026-01-28 23:58:00+00:00,0.23,681.5,398101
2026-01-28 23:59:00+00:00,0.19,694.4,337861
2026-01-29 00:00:00+00:00,0.32,681.6,295135
2026-01-29 00:01:00+00:00,0.45,667.1,273626
2026-01-29 00:02:00+00:00,0.41,680.7,385846
2026-01-29 00:03:00+00:00,0.62,674.4,326037
2026-01-29 00:04:00+00:00,0.23,629.8,418440
2026-01-29 00:05:00+00:00,0.85,633.2,310863
2026-01-29 00:06:00+00:00,0.01,503.8,22624
2026-01-29 00:07:00+00:00,0.53,633.0,382180
2026-01-29 00:08:00+00:00,0.21,672.9,431181
2026-01-29 00:09:00+00:00,0.20,689.1,422078
2026-01-29 00:10:00+00:00,0.27,698.9,377817
2026-01-29 00:11:00+00:00,0.23,696.1,362569
2026-01-29 00:12:00+00:00,0.24,697.5,345102
2026-01-29 00:13:00+00:00,0.20,701.6,368239
2026-01-29 00:14:00+00:00,0.67,668.3,443889
2026-01-29 00:15:00+00:00,1.35,628.3,477818
2026-01-29 00:16:00+00:00,1.44,626.2,477822
2026-01-29 00:17:00+00:00,1.23,620.0,421043
2026-01-29 00:18:00+00:00,1.18,602.4,233698
2026-01-29 00:19:00+00:00,1.30,625.0,496582
2026-01-29 00:20:00+00:00,1.40,629.7,510694
2026-01-29 00:21:00+00:00,1.39,626.3,482336
2026-01-29 00:22:00+00:00,1.37,624.9,552971
2026-01-29 00:23:00+00:00,0.82,586.2,123340
2026-01-29 00:24:00+00:00,1.11,620.5,531199
2026-01-29 00:25:00+00:00,1.27,627.7,610786
2026-01-29 00:26:00+00:00,1.37,624.1,513267
2026-01-29 00:27:00+00:00,1.62,630.4,400727
2026-01-29 00:28:00+00:00,1.30,632.3,506436
2026-01-29 00:29:00+00:00,1.04,631.2,594712
2026-01-29 00:30:00+00:00,0.83,633.3,554770
2026-01-29 00:31:00+00:00,0.72,649.3,585902
2026-01-29 00:32:00+00:00,0.49,674.2,598817
2026-01-29 00:33:00+00:00,0.48,663.6,478061
2026-01-29 00:34:00+00:00,0.98,629.6,342945
2026-01-29 00:35:00+00:00,1.53,649.2,426448
2026-01-29 00:36:00+00:00,1.60,652.4,367377
2026-01-29 00:37:00+00:00,1.27,659.2,429122
2026-01-29 00:38:00+00:00,1.47,664.6,358698
2026-01-29 00:39:00+00:00,1.50,665.2,310613
2026-01-29 00:40:00+00:00,1.13,654.7,342664
2026-01-29 00:41:00+00:00,1.41,649.3,337871
2026-01-29 00:42:00+00:00,1.51,643.3,320714
2026-01-29 00:43:00+00:00,1.45,660.9,375106
2026-01-29 00:44:00+00:00,1.20,660.2,417041
2026-01-29 00:45:00+00:00,1.12,656.1,421855
2026-01-29 00:46:00+00:00,1.12,659.8,454572
2026-01-29 00:47:00+00:00,1.15,668.0,475601
2026-01-29 00:48:00+00:00,1.19,665.3,446719
2026-01-29 00:49:00+00:00,1.15,639.5,443000
2026-01-29 00:50:00+00:00,1.38,625.8,447429
2026-01-29 00:51:00+00:00,1.37,625.7,437326
2026-01-29 00:52:00+00:00,1.28,623.3,507458
2026-01-29 00:53:00+00:00,1.30,629.8,485125
2026-01-29 00:54:00+00:00,1.17,629.2,573977
2026-01-29 00:55:00+00:00,1.18,629.7,537508
2026-01-29 00:56:00+00:00,1.24,626.4,529969
2026-01-29 00:57:00+00:00,1.32,625.0,515205
2026-01-29 00:58:00+00:00,1.43,626.7,490285
2026-01-29 00:59:00+00:00,1.34,626.7,534256
2026-01-29 01:00:00+00:00,1.31,626.4,526334
2026-01-29 01:01:00+00:00,1.29,643.6,472343
2026-01-29 01:02:00+00:00,1.25,657.7,444272
2026-01-29 01:03:00+00:00,1.47,639.5,461437
2026-01-29 01:04:00+00:00,1.35,638.0,502914
2026-01-29 01:05:00+00:00,1.08,628.9,495359
2026-01-29 01:06:00+00:00,0.85,623.6,340800
2026-01-29 01:07:00+00:00,0.37,665.3,570379
2026-01-29 01:08:00+00:00,0.48,682.5,647151
2026-01-29 01:09:00+00:00,0.89,648.6,566490
2026-01-29 01:10:00+00:00,0.40,665.5,735441
2026-01-29 01:11:00+00:00,0.88,644.3,604087
2026-01-29 01:12:00+00:00,0.15,550.8,100505
2026-01-29 01:13:00+00:00,0.42,603.0,204805
2026-01-29 01:14:00+00:00,0.80,640.1,465007
2026-01-29 01:15:00+00:00,0.94,645.7,559318
2026-01-29 01:16:00+00:00,0.99,647.1,491882
2026-01-29 01:17:00+00:00,0.72,613.9,268495
2026-01-29 01:18:00+00:00,0.69,614.4,370789
2026-01-29 01:19:00+00:00,0.91,637.9,533335
2026-01-29 01:20:00+00:00,0.98,632.1,459685
2026-01-29 01:21:00+00:00,1.19,640.7,526542
2026-01-29 01:22:00+00:00,1.40,640.0,395260
2026-01-29 01:23:00+00:00,1.32,637.1,449681
2026-01-29 01:24:00+00:00,1.04,648.0,472752
2026-01-29 01:25:00+00:00,1.24,634.8,474880
2026-01-29 01:26:00+00:00,1.09,640.6,517909
2026-01-29 01:27:00+00:00,1.47,635.5,458915
2026-01-29 01:28:00+00:00,1.21,628.5,509747
2026-01-29 01:29:00+00:00,1.12,626.2,501294
2026-01-29 01:30:00+00:00,1.05,628.9,586405
2026-01-29 01:31:00+00:00,0.93,635.4,586810
2026-01-29 01:32:00+00:00,0.99,634.1,560568
2026-01-29 01:33:00+00:00,0.68,610.5,330810
2026-01-29 01:34:00+00:00,0.74,613.2,341336
2026-01-29 01:35:00+00:00,1.14,634.8,546609
2026-01-29 01:36:00+00:00,0.31,679.6,629662
2026-01-29 01:37:00+00:00,0.38,671.7,648487
2026-01-29 01:38:00+00:00,0.47,629.1,554068
2026-01-29 01:39:00+00:00,0.21,560.4,134698
2026-01-29 01:40:00+00:00,0.84,631.8,662356
2026-01-29 01:41:00+00:00,1.00,629.4,595881
2026-01-29 01:42:00+00:00,1.23,624.7,446234
2026-01-29 01:43:00+00:00,1.04,645.3,460176
2026-01-29 01:44:00+00:00,1.26,661.1,463718
2026-01-29 01:45:00+00:00,1.15,706.8,385417
2026-01-29 01:46:00+00:00,0.84,694.8,356302
2026-01-29 01:47:00+00:00,1.14,654.4,425758
2026-01-29 01:48:00+00:00,1.35,647.1,392333
2026-01-29 01:49:00+00:00,1.30,661.7,363639
2026-01-29 01:50:00+00:00,1.38,669.7,467342
2026-01-29 01:51:00+00:00,1.45,679.4,497203
2026-01-29 01:52:00+00:00,1.25,695.0,393679
2026-01-29 01:53:00+00:00,1.11,692.7,372046
2026-01-29 01:54:00+00:00,1.25,675.1,350618
2026-01-29 01:55:00+00:00,1.10,672.0,371992
2026-01-29 01:56:00+00:00,0.88,682.5,408328
2026-01-29 01:57:00+00:00,1.11,688.5,331189
2026-01-29 01:58:00+00:00,1.14,672.5,426364
2026-01-29 01:59:00+00:00,1.19,664.7,405434
2026-01-29 02:00:00+00:00,0.97,679.3,434501
2026-01-29 02:01:00+00:00,1.20,644.8,382614
2026-01-29 02:02:00+00:00,1.33,636.7,351681
2026-01-29 02:03:00+00:00,1.32,640.3,335154
2026-01-29 02:04:00+00:00,1.31,649.5,369456
2026-01-29 02:05:00+00:00,1.11,644.0,513710
2026-01-29 02:06:00+00:00,1.14,638.1,521304
2026-01-29 02:07:00+00:00,1.30,638.4,435439
2026-01-29 02:08:00+00:00,1.22,635.1,450718
2026-01-29 02:09:00+00:00,1.12,629.3,501465
2026-01-29 02:10:00+00:00,1.16,628.9,501986
2026-01-29 02:11:00+00:00,1.28,628.3,473651
2026-01-29 02:12:00+00:00,1.32,632.1,307984
2026-01-29 02:13:00+00:00,1.20,637.9,368492
2026-01-29 02:14:00+00:00,0.74,635.4,323768
2026-01-29 02:15:00+00:00,0.72,628.9,427619
2026-01-29 02:16:00+00:00,0.75,635.6,357918
2026-01-29 02:17:00+00:00,1.06,647.3,375129
2026-01-29 02:18:00+00:00,0.63,663.5,525830
2026-01-29 02:19:00+00:00,0.17,571.5,197678
2026-01-29 02:20:00+00:00,0.56,593.1,204426
2026-01-29 02:21:00+00:00,1.16,637.8,335524
2026-01-29 02:22:00+00:00,1.34,642.4,368269
2026-01-29 02:23:00+00:00,1.25,641.4,449441
2026-01-29 02:24:00+00:00,1.19,636.3,532509
2026-01-29 02:25:00+00:00,1.21,634.0,539458
2026-01-29 02:26:00+00:00,1.33,633.7,556580
2026-01-29 02:27:00+00:00,1.40,634.6,473678
2026-01-29 02:28:00+00:00,1.26,643.0,417382
2026-01-29 02:29:00+00:00,1.23,644.7,414541
2026-01-29 02:30:00+00:00,1.29,649.9,420104
2026-01-29 02:31:00+00:00,1.27,643.6,463290
2026-01-29 02:32:00+00:00,1.27,647.3,469319
2026-01-29 02:33:00+00:00,1.18,657.0,456812
2026-01-29 02:34:00+00:00,1.24,661.0,483076
2026-01-29 02:35:00+00:00,1.14,681.0,444865
2026-01-29 02:36:00+00:00,0.60,683.9,583443
2026-01-29 02:37:00+00:00,0.30,677.2,637032
2026-01-29 02:38:00+00:00,0.61,695.8,518268
2026-01-29 02:39:00+00:00,0.66,705.4,494777
2026-01-29 02:40:00+00:00,0.30,703.1,635893
2026-01-29 02:41:00+00:00,0.39,731.6,734392
2026-01-29 02:42:00+00:00,0.21,709.6,509727
2026-01-29 02:43:00+00:00,0.20,705.1,479955
2026-01-29 02:44:00+00:00,0.19,680.3,314530
2026-01-29 02:45:00+00:00,0.19,686.3,351176
2026-01-29 02:46:00+00:00,0.22,698.9,385210
2026-01-29 02:47:00+00:00,1.30,653.9,451170
2026-01-29 02:48:00+00:00,1.25,651.0,439277
2026-01-29 02:49:00+00:00,1.35,648.9,430769
2026-01-29 02:50:00+00:00,1.48,649.1,405518
2026-01-29 02:51:00+00:00,1.45,646.0,401970
2026-01-29 02:52:00+00:00,1.33,647.4,422532
2026-01-29 02:53:00+00:00,1.16,661.7,435094
2026-01-29 02:54:00+00:00,0.96,655.0,400746
2026-01-29 02:55:00+00:00,0.90,643.9,438244
2026-01-29 02:56:00+00:00,0.73,662.7,545665
2026-01-29 02:57:00+00:00,0.26,680.3,622978
2026-01-29 02:58:00+00:00,0.21,683.8,722393
2026-01-29 02:59:00+00:00,0.24,685.1,412474
2026-01-29 03:00:00+00:00,0.23,675.4,413193
2026-01-29 03:01:00+00:00,0.29,702.0,447429
2026-01-29 03:02:00+00:00,0.73,662.1,327500
2026-01-29 03:03:00+00:00,0.27,695.2,455109
2026-01-29 03:04:00+00:00,0.24,709.7,448732
2026-01-29 03:05:00+00:00,0.39,669.9,448207
2026-01-29 03:06:00+00:00,1.18,642.6,391968
2026-01-29 03:07:00+00:00,1.24,636.9,458510
2026-01-29 03:08:00+00:00,1.16,635.9,472859
2026-01-29 03:09:00+00:00,1.08,629.8,397113
2026-01-29 03:10:00+00:00,0.92,622.7,351572
2026-01-29 03:11:00+00:00,0.92,624.6,429449
2026-01-29 03:12:00+00:00,1.05,632.1,524500
2026-01-29 03:13:00+00:00,1.02,631.6,461618
2026-01-29 03:14:00+00:00,0.99,626.1,342851
2026-01-29 03:15:00+00:00,0.92,641.4,374060
2026-01-29 03:16:00+00:00,0.93,641.2,383607
2026-01-29 03:17:00+00:00,1.09,638.3,489158
2026-01-29 03:18:00+00:00,1.11,638.0,520646
2026-01-29 03:19:00+00:00,0.80,636.3,685730
2026-01-29 03:20:00+00:00,0.92,620.5,351237
2026-01-29 03:21:00+00:00,1.01,629.4,531782
2026-01-29 03:22:00+00:00,0.84,604.6,251694
2026-01-29 03:23:00+00:00,1.05,617.5,351677
2026-01-29 03:24:00+00:00,1.12,632.7,437868
2026-01-29 03:25:00+00:00,1.14,634.5,463241
2026-01-29 03:26:00+00:00,0.97,653.1,433698
2026-01-29 03:27:00+00:00,0.67,666.8,364576
2026-01-29 03:28:00+00:00,0.39,613.9,244053
2026-01-29 03:29:00+00:00,0.19,570.2,149343
2026-01-29 03:30:00+00:00,0.61,659.0,422725
2026-01-29 03:31:00+00:00,0.61,655.3,450105
2026-01-29 03:32:00+00:00,0.55,655.9,466234
2026-01-29 03:33:00+00:00,0.29,656.4,633993
2026-01-29 03:34:00+00:00,0.65,662.1,383396
2026-01-29 03:35:00+00:00,0.23,614.1,346535
2026-01-29 03:36:00+00:00,0.14,552.2,75528
2026-01-29 03:37:00+00:00,0.40,642.3,655199
2026-01-29 03:38:00+00:00,0.46,612.6,330125
2026-01-29 03:39:00+00:00,0.29,588.1,148373
2026-01-29 03:40:00+00:00,0.40,583.2,116298
2026-01-29 03:41:00+00:00,0.59,597.6,198878
2026-01-29 03:42:00+00:00,0.76,626.0,307983
2026-01-29 03:43:00+00:00,1.07,655.5,350436
2026-01-29 03:44:00+00:00,1.30,669.2,363445
2026-01-29 03:45:00+00:00,1.27,659.4,363443
2026-01-29 03:46:00+00:00,1.29,651.3,348852
2026-01-29 03:47:00+00:00,1.23,646.5,312718
2026-01-29 03:48:00+00:00,0.72,680.6,441664
2026-01-29 03:49:00+00:00,0.71,680.2,448179
2026-01-29 03:50:00+00:00,0.33,656.4,832578
2026-01-29 03:51:00+00:00,0.28,676.3,570242
2026-01-29 03:52:00+00:00,0.40,669.0,592481
2026-01-29 03:53:00+00:00,1.04,640.6,346363
2026-01-29 03:54:00+00:00,1.14,633.9,386027
2026-01-29 03:55:00+00:00,0.77,610.9,250922
2026-01-29 03:56:00+00:00,0.45,632.4,486913
2026-01-29 03:57:00+00:00,0.48,645.5,496037
2026-01-29 03:58:00+00:00,0.64,643.3,475686
2026-01-29 04:00:00+00:00,0.21,619.9,121185
2026-01-29 04:01:00+00:00,0.19,598.6,97713
2026-01-29 04:02:00+00:00,0.37,569.8,173082
2026-01-29 04:03:00+00:00,0.99,650.6,578548
2026-01-29 04:04:00+00:00,0.22,586.2,109436
2026-01-29 04:05:00+00:00,0.07,525.6,49142
2026-01-29 04:06:00+00:00,1.18,682.1,571463
2026-01-29 04:07:00+00:00,0.50,682.4,542597
2026-01-29 04:08:00+00:00,0.92,685.5,608568
2026-01-29 04:09:00+00:00,0.47,670.6,628319
2026-01-29 04:10:00+00:00,0.31,662.3,510589
2026-01-29 04:11:00+00:00,0.42,684.1,705880
2026-01-29 04:12:00+00:00,0.29,702.5,656304
2026-01-29 04:13:00+00:00,0.17,702.1,527718
2026-01-29 04:14:00+00:00,0.16,705.9,595025
2026-01-29 04:15:00+00:00,0.16,708.3,577326
2026-01-29 04:16:00+00:00,0.17,700.9,429097
2026-01-29 04:17:00+00:00,0.18,701.1,424587
2026-01-29 04:18:00+00:00,0.21,696.6,364664
2026-01-29 04:19:00+00:00,0.14,701.2,443652
2026-01-29 04:20:00+00:00,0.27,722.5,539937
2026-01-29 04:21:00+00:00,0.68,,
2026-01-29 04:22:00+00:00,0.68,764.8,579637
2026-01-29 04:23:00+00:00,0.51,743.7,573653
2026-01-29 04:24:00+00:00,0.80,738.0,406501
2026-01-29 04:25:00+00:00,0.52,727.0,522899
2026-01-29 04:26:00+00:00,0.27,719.8,516461
2026-01-29 04:27:00+00:00,0.17,702.1,513401
2026-01-29 04:28:00+00:00,0.17,694.4,523610
2026-01-29 04:29:00+00:00,0.15,687.8,528830
2026-01-29 04:30:00+00:00,0.16,692.2,500790
2026-01-29 04:31:00+00:00,0.18,685.5,407468
2026-01-29 04:32:00+00:00,0.37,675.3,342716
2026-01-29 04:33:00+00:00,0.58,702.1,414656
2026-01-29 04:34:00+00:00,0.32,694.6,468687
2026-01-29 04:35:00+00:00,0.66,659.2,380443
2026-01-29 04:36:00+00:00,0.61,652.8,385860
2026-01-29 04:37:00+00:00,0.79,628.9,386924
2026-01-29 04:38:00+00:00,0.71,656.5,422439
2026-01-29 04:39:00+00:00,0.60,687.1,499579
2026-01-29 04:40:00+00:00,1.29,693.7,505091
2026-01-29 04:41:00+00:00,1.17,690.7,412753
2026-01-29 04:42:00+00:00,0.97,690.7,366848
2026-01-29 04:43:00+00:00,1.08,687.2,431309
2026-01-29 04:44:00+00:00,0.92,637.5,296458
2026-01-29 04:45:00+00:00,0.95,651.8,305353
2026-01-29 04:46:00+00:00,1.00,687.5,410061
2026-01-29 04:47:00+00:00,0.84,679.2,448253
2026-01-29 04:48:00+00:00,0.73,671.6,473584
2026-01-29 04:49:00+00:00,0.70,680.4,515122
2026-01-29 04:50:00+00:00,0.61,690.1,621145
2026-01-29 04:51:00+00:00,0.38,698.9,440655
2026-01-29 04:52:00+00:00,0.64,673.8,427280
2026-01-29 04:53:00+00:00,0.51,655.9,457443
2026-01-29 04:55:00+00:00,0.38,715.6,390265
2026-01-29 04:56:00+00:00,0.29,668.1,387705
2026-01-29 04:57:00+00:00,0.45,601.3,405768
2026-01-29 04:58:00+00:00,0.28,654.6,477415
2026-01-29 04:59:00+00:00,0.25,677.9,422877
2026-01-29 05:00:00+00:00,0.24,672.0,398195
2026-01-29 05:01:00+00:00,0.19,670.9,410345
2026-01-29 05:02:00+00:00,0.15,672.3,372431
2026-01-29 05:03:00+00:00,0.17,680.1,382551
2026-01-29 05:04:00+00:00,0.20,695.6,438230
2026-01-29 05:05:00+00:00,0.21,705.4,431491
2026-01-29 05:06:00+00:00,0.22,695.7,524663
2026-01-29 05:07:00+00:00,0.25,637.0,532430
2026-01-29 05:08:00+00:00,0.19,702.4,418183
2026-01-29 05:09:00+00:00,0.18,692.4,521008
2026-01-29 05:10:00+00:00,0.37,641.2,413573
2026-01-29 05:11:00+00:00,0.14,662.0,472047
2026-01-29 05:12:00+00:00,0.15,690.9,495175
2026-01-29 05:13:00+00:00,0.16,678.0,516396
2026-01-29 05:14:00+00:00,0.15,677.3,543328
2026-01-29 05:15:00+00:00,0.14,682.8,477855
2026-01-29 05:16:00+00:00,0.12,673.4,399765
2026-01-29 05:17:00+00:00,0.11,669.5,429059
2026-01-29 05:18:00+00:00,0.50,690.7,427887
2026-01-29 05:19:00+00:00,0.60,701.9,381699
2026-01-29 05:20:00+00:00,0.25,692.1,357218
2026-01-29 05:21:00+00:00,0.36,693.3,340446
2026-01-29 05:22:00+00:00,0.43,682.6,423929
2026-01-29 05:23:00+00:00,0.79,676.9,353605
2026-01-29 05:24:00+00:00,0.24,689.0,366773
2026-01-29 05:25:00+00:00,0.39,683.5,341196
2026-01-29 05:26:00+00:00,0.58,651.7,490470
2026-01-29 05:27:00+00:00,0.58,,
2026-01-29 05:28:00+00:00,0.32,657.1,576099
2026-01-29 05:29:00+00:00,0.51,634.8,355208
2026-01-29 05:30:00+00:00,0.33,632.0,434542
2026-01-29 05:31:00+00:00,0.27,648.0,699598
2026-01-29 05:32:00+00:00,0.24,621.9,474489
2026-01-29 05:33:00+00:00,0.33,602.5,280241
2026-01-29 05:34:00+00:00,0.27,579.3,190982
2026-01-29 05:35:00+00:00,0.08,537.4,67161
2026-01-29 05:36:00+00:00,0.08,577.4,165274
2026-01-29 05:37:00+00:00,0.18,695.2,422899
2026-01-29 05:38:00+00:00,0.20,696.1,446383
2026-01-29 05:39:00+00:00,0.25,681.2,357086
2026-01-29 05:40:00+00:00,0.29,672.7,574484
2026-01-29 05:41:00+00:00,0.54,641.3,415203
2026-01-29 05:42:00+00:00,0.98,652.8,468497
2026-01-29 05:43:00+00:00,1.06,648.7,500007
2026-01-29 05:44:00+00:00,1.00,639.2,399216
2026-01-29 05:45:00+00:00,1.00,635.7,353141
2026-01-29 05:46:00+00:00,0.43,679.3,568077
2026-01-29 05:47:00+00:00,0.36,649.7,473754
2026-01-29 05:48:00+00:00,0.24,621.4,333585
2026-01-29 05:49:00+00:00,0.52,640.8,376715
2026-01-29 05:50:00+00:00,0.65,627.4,310465
2026-01-29 05:51:00+00:00,0.63,610.0,329664
2026-01-29 05:52:00+00:00,0.84,632.6,475825
2026-01-29 05:53:00+00:00,0.75,626.2,331516
2026-01-29 05:54:00+00:00,0.77,625.4,338556
2026-01-29 05:55:00+00:00,0.83,630.1,325994
2026-01-29 05:56:00+00:00,0.79,636.8,332379
2026-01-29 05:57:00+00:00,0.77,643.6,379439
2026-01-29 05:58:00+00:00,1.03,633.0,413288
2026-01-29 05:59:00+00:00,1.02,636.3,415325
2026-01-29 06:00:00+00:00,1.02,636.5,415433
2026-01-29 06:01:00+00:00,0.82,644.1,478997
2026-01-29 06:02:00+00:00,0.85,656.1,494577
2026-01-29 06:03:00+00:00,0.92,635.6,499997
2026-01-29 06:04:00+00:00,0.87,639.1,493177
2026-01-29 06:05:00+00:00,0.81,650.3,605832
2026-01-29 06:06:00+00:00,0.85,647.3,673355
2026-01-29 06:07:00+00:00,0.92,643.9,596286
2026-01-29 06:08:00+00:00,0.91,648.3,568104
2026-01-29 06:09:00+00:00,0.86,651.1,638396
2026-01-29 06:10:00+00:00,0.91,646.8,592449
2026-01-29 06:11:00+00:00,0.98,638.9,424083
2026-01-29 06:12:00+00:00,0.97,631.8,444027
2026-01-29 06:13:00+00:00,1.07,625.2,492151
2026-01-29 06:14:00+00:00,0.94,669.0,511427
2026-01-29 06:15:00+00:00,0.07,535.1,71003
2026-01-29 06:16:00+00:00,0.76,659.2,524966
2026-01-29 06:17:00+00:00,0.74,669.9,433295
2026-01-29 06:18:00+00:00,0.59,679.0,418106
2026-01-29 06:19:00+00:00,0.78,659.6,544150
2026-01-29 06:20:00+00:00,0.50,593.9,268585
2026-01-29 06:21:00+00:00,0.67,599.1,401655
2026-01-29 06:22:00+00:00,0.81,608.3,405687
2026-01-29 06:23:00+00:00,0.75,602.3,366140
2026-01-29 06:24:00+00:00,0.66,620.3,592431
2026-01-29 06:25:00+00:00,0.11,633.7,334020
2026-01-29 06:26:00+00:00,0.07,702.6,269314
2026-01-29 06:27:00+00:00,0.07,686.8,250146
2026-01-29 06:28:00+00:00,0.12,685.0,313627
2026-01-29 06:29:00+00:00,0.15,684.2,315468
2026-01-29 06:30:00+00:00,0.11,698.5,287787
2026-01-29 06:31:00+00:00,0.12,694.6,372186
2026-01-29 06:32:00+00:00,0.17,687.7,377769
2026-01-29 06:33:00+00:00,0.17,686.8,377919
2026-01-29 06:34:00+00:00,0.10,700.8,437652
2026-01-29 06:35:00+00:00,0.12,693.3,347920
2026-01-29 06:36:00+00:00,0.09,697.3,410581
2026-01-29 06:37:00+00:00,0.10,699.9,401893
2026-01-29 06:38:00+00:00,0.22,684.8,298811
2026-01-29 06:39:00+00:00,0.38,659.0,271513
2026-01-29 06:40:00+00:00,0.54,642.2,322291
2026-01-29 06:41:00+00:00,0.58,659.7,332113
2026-01-29 06:42:00+00:00,0.21,704.5,265370
2026-01-29 06:43:00+00:00,0.10,698.0,361281
2026-01-29 06:44:00+00:00,0.17,725.3,398759
2026-01-29 06:45:00+00:00,0.67,768.4,351384
2026-01-29 06:46:00+00:00,0.16,689.7,324179
2026-01-29 06:47:00+00:00,0.15,690.1,286718
2026-01-29 06:48:00+00:00,0.15,685.8,313631
2026-01-29 06:49:00+00:00,0.10,590.0,101157
2026-01-29 06:50:00+00:00,0.12,668.1,288407
2026-01-29 06:51:00+00:00,0.56,698.4,343733
2026-01-29 06:52:00+00:00,0.47,708.9,298635
2026-01-29 06:53:00+00:00,0.33,683.0,233042
2026-01-29 06:54:00+00:00,0.43,654.2,214020
2026-01-29 06:55:00+00:00,0.52,653.1,258134
2026-01-29 06:56:00+00:00,0.61,662.6,310612
2026-01-29 06:57:00+00:00,0.68,671.0,323831
2026-01-29 06:58:00+00:00,0.69,647.2,277209
2026-01-29 06:59:00+00:00,0.97,633.6,270647
2026-01-29 07:00:00+00:00,0.80,647.5,294756
2026-01-29 07:01:00+00:00,0.56,668.0,342554
2026-01-29 07:02:00+00:00,0.77,649.3,274422
2026-01-29 07:03:00+00:00,0.52,626.6,284811
2026-01-29 07:04:00+00:00,0.71,643.0,295005
2026-01-29 07:05:00+00:00,0.79,663.1,376708
2026-01-29 07:06:00+00:00,0.80,667.1,394763
2026-01-29 08:07:00+00:00,0.81,664.4,366147
2026-01-29 08:08:00+00:00,0.68,676.5,370655
2026-01-29 08:09:00+00:00,0.63,650.8,298723
2026-01-29 08:10:00+00:00,0.72,672.0,328622
2026-01-29 08:11:00+00:00,0.28,590.1,142174
2026-01-29 08:12:00+00:00,0.05,548.0,48638
2026-01-29 08:13:00+00:00,0.90,645.5,281899
2026-01-29 08:14:00+00:00,0.86,648.7,308789
2026-01-29 08:15:00+00:00,0.79,654.1,341522
2026-01-29 08:16:00+00:00,0.77,663.5,373152
2026-01-29 08:17:00+00:00,0.77,668.0,397811
2026-01-29 08:18:00+00:00,0.82,650.2,392792
2026-01-29 08:19:00+00:00,1.11,666.7,574945
2026-01-29 08:20:00+00:00,0.75,732.3,480034
2026-01-29 08:21:00+00:00,0.74,733.4,465567
2026-01-29 08:22:00+00:00,0.78,697.8,365750
2026-01-29 08:23:00+00:00,0.82,713.0,466573
2026-01-29 08:24:00+00:00,0.83,728.9,480301
2026-01-29 08:25:00+00:00,0.98,681.4,661507
2026-01-29 08:26:00+00:00,0.82,647.0,410816
2026-01-29 08:27:00+00:00,0.59,626.1,219935
2026-01-29 08:28:00+00:00,0.24,586.6,96138
2026-01-29 08:29:00+00:00,0.58,648.3,308885
2026-01-29 08:30:00+00:00,0.95,690.0,435895
2026-01-29 08:31:00+00:00,0.83,658.6,301644
2026-01-29 08:32:00+00:00,0.73,652.3,286720
2026-01-29 08:33:00+00:00,0.74,649.7,327032
2026-01-29 08:34:00+00:00,0.76,646.3,248732
2026-01-29 08:35:00+00:00,0.71,643.7,302380
2026-01-29 08:36:00+00:00,0.73,648.1,308528
2026-01-29 08:37:00+00:00,0.64,638.2,318470
2026-01-29 08:38:00+00:00,0.75,691.3,460858
2026-01-29 08:39:00+00:00,1.34,642.6,230338
2026-01-29 08:40:00+00:00,0.89,660.9,341267
2026-01-29 08:41:00+00:00,1.22,617.5,257657
2026-01-29 08:42:00+00:00,0.78,643.8,245396
2026-01-29 08:43:00+00:00,0.67,674.2,359687
2026-01-29 08:44:00+00:00,0.75,689.7,469880
2026-01-29 08:45:00+00:00,0.77,694.2,506429
2026-01-29 08:46:00+00:00,0.64,668.4,342869
2026-01-29 08:47:00+00:00,0.74,667.6,396256
2026-01-29 08:48:00+00:00,0.72,641.1,368121
2026-01-29 08:49:00+00:00,0.48,617.0,203346
2026-01-29 08:50:00+00:00,0.66,679.1,275650
2026-01-29 08:51:00+00:00,0.71,694.4,324184
2026-01-29 08:52:00+00:00,0.78,691.6,458297
2026-01-29 08:53:00+00:00,0.39,607.0,221779
2026-01-29 08:54:00+00:00,0.56,620.3,199966
2026-01-29 08:55:00+00:00,0.87,645.7,285916
2026-01-29 08:56:00+00:00,0.79,639.6,272258
2026-01-29 08:57:00+00:00,1.41,616.3,262924
2026-01-29 08:58:00+00:00,0.91,633.6,277304
2026-01-29 08:59:00+00:00,0.72,643.0,281959
2026-01-29 09:00:00+00:00,0.78,658.7,319266
2026-01-29 09:01:00+00:00,1.22,640.3,242603
2026-01-29 09:02:00+00:00,1.11,636.1,222072
2026-01-29 09:03:00+00:00,0.65,664.5,303320
2026-01-29 09:04:00+00:00,0.61,673.4,289434
2026-01-29 09:05:00+00:00,0.56,664.3,232826
2026-01-29 09:06:00+00:00,0.67,658.6,315181
2026-01-29 09:07:00+00:00,0.76,658.2,465178
2026-01-29 09:08:00+00:00,0.67,627.2,161058
2026-01-29 09:09:00+00:00,1.61,630.3,328453
2026-01-29 09:10:00+00:00,0.73,650.7,362597
2026-01-29 09:11:00+00:00,0.85,661.6,459825
2026-01-29 09:12:00+00:00,0.72,658.2,502589
2026-01-29 09:13:00+00:00,0.55,613.9,281603
2026-01-29 09:14:00+00:00,0.61,622.1,234676
2026-01-29 09:15:00+00:00,0.65,632.8,243881
2026-01-29 09:16:00+00:00,0.78,635.6,255411
2026-01-29 09:17:00+00:00,0.82,640.9,316854
2026-01-29 09:18:00+00:00,0.78,645.0,363132
2026-01-29 09:19:00+00:00,0.95,625.8,253484
2026-01-29 09:20:00+00:00,0.79,617.2,220904
2026-01-29 09:21:00+00:00,0.46,610.7,180316
2026-01-29 09:22:00+00:00,0.50,636.1,264852
2026-01-29 09:23:00+00:00,0.79,638.4,381556
2026-01-29 09:24:00+00:00,0.70,625.8,340337
2026-01-29 09:25:00+00:00,0.77,609.9,309404
2026-01-29 09:26:00+00:00,0.87,649.4,308676
2026-01-29 09:27:00+00:00,0.96,663.1,360466
2026-01-29 09:28:00+00:00,0.85,648.2,321751
2026-01-29 09:29:00+00:00,0.69,630.5,289056
2026-01-29 09:30:00+00:00,0.66,626.9,158027
2026-01-29 09:31:00+00:00,0.63,623.0,104386
2026-01-29 09:32:00+00:00,0.59,629.0,250511
2026-01-29 09:33:00+00:00,0.69,646.2,426292
2026-01-29 09:34:00+00:00,0.68,639.6,307936
2026-01-29 09:35:00+00:00,0.61,627.6,128105
2026-01-29 09:36:00+00:00,0.62,623.9,136895
2026-01-29 09:37:00+00:00,0.59,616.5,149378
2026-01-29 09:38:00+00:00,0.78,651.2,295366
2026-01-29 09:39:00+00:00,0.70,646.6,437457
2026-01-29 09:40:00+00:00,0.77,656.5,465872
2026-01-29 09:41:00+00:00,0.59,638.4,398403
2026-01-29 09:42:00+00:00,0.61,649.1,442065
2026-01-29 09:43:00+00:00,0.90,635.4,254104
2026-01-29 09:44:00+00:00,0.62,630.5,253899
2026-01-29 09:45:00+00:00,0.71,645.6,353824
2026-01-29 09:46:00+00:00,0.75,646.1,344500
2026-01-29 09:47:00+00:00,0.74,641.9,327177
2026-01-29 09:48:00+00:00,0.67,625.0,302098
2026-01-29 09:49:00+00:00,0.76,640.4,377435
2026-01-29 09:50:00+00:00,0.78,649.4,399961
2026-01-29 09:51:00+00:00,0.69,637.1,346236
2026-01-29 09:52:00+00:00,0.65,632.2,313725
2026-01-29 09:53:00+00:00,0.68,644.8,333269
2026-01-29 09:54:00+00:00,0.71,667.7,369704
2026-01-29 09:55:00+00:00,0.53,636.2,323671
2026-01-29 09:56:00+00:00,0.57,644.2,325652
2026-01-29 09:57:00+00:00,0.93,668.0,287203
2026-01-29 09:58:00+00:00,0.41,626.9,276684
2026-01-29 10:00:00+00:00,0.69,652.6,335785
2026-01-29 10:01:00+00:00,0.75,667.8,401478
2026-01-29 10:02:00+00:00,0.82,661.2,341053
2026-01-29 10:03:00+00:00,0.52,644.7,386010
2026-01-29 10:04:00+00:00,0.37,616.9,235663
2026-01-29 10:05:00+00:00,0.42,622.8,147949
2026-01-29 10:06:00+00:00,0.49,640.1,180854
2026-01-29 10:07:00+00:00,0.54,648.5,207596
2026-01-29 10:08:00+00:00,0.54,647.9,280255
2026-01-29 10:09:00+00:00,0.49,629.7,310409
2026-01-29 10:10:00+00:00,0.55,634.7,150801
2026-01-29 10:11:00+00:00,0.62,647.6,212748
2026-01-29 10:12:00+00:00,0.58,658.4,321349
2026-01-29 10:13:00+00:00,0.84,690.5,324207
2026-01-29 10:14:00+00:00,0.83,687.5,353022
2026-01-29 10:15:00+00:00,0.90,703.2,420778
2026-01-29 10:16:00+00:00,0.58,644.9,180633
2026-01-29 10:17:00+00:00,0.86,708.2,393043
2026-01-29 10:18:00+00:00,0.90,688.7,342512
2026-01-29 10:19:00+00:00,0.92,673.1,295181
2026-01-29 10:20:00+00:00,1.25,639.4,219951
2026-01-29 10:21:00+00:00,0.98,676.0,261823
2026-01-29 10:22:00+00:00,0.60,733.7,379006
2026-01-29 10:23:00+00:00,0.61,736.5,395775
2026-01-29 10:24:00+00:00,0.61,723.3,348116
2026-01-29 10:25:00+00:00,0.61,702.0,361873
2026-01-29 10:26:00+00:00,0.61,706.8,381672
2026-01-29 10:27:00+00:00,0.62,721.4,431459
2026-01-29 10:28:00+00:00,0.55,707.0,313451
2026-01-29 10:29:00+00:00,0.60,712.8,373288
2026-01-29 10:30:00+00:00,0.61,695.8,326424
2026-01-29 10:31:00+00:00,0.68,681.9,304772
2026-01-29 10:32:00+00:00,0.41,633.4,169628
2026-01-29 10:33:00+00:00,0.61,706.4,345153
2026-01-29 10:34:00+00:00,0.62,746.1,525366
2026-01-29 10:35:00+00:00,0.65,720.9,492720
2026-01-29 10:36:00+00:00,0.61,676.3,299683
2026-01-29 10:37:00+00:00,0.67,667.0,290471
2026-01-29 10:38:00+00:00,0.91,672.6,386641
2026-01-29 10:39:00+00:00,0.80,651.3,333206
2026-01-29 10:40:00+00:00,0.54,636.3,263477
2026-01-29 10:41:00+00:00,0.83,663.3,328460
2026-01-29 10:42:00+00:00,0.81,674.4,283269
2026-01-29 10:43:00+00:00,0.71,672.4,243975
2026-01-29 10:44:00+00:00,0.63,657.7,375639
2026-01-29 10:45:00+00:00,0.80,665.1,404971
2026-01-29 10:46:00+00:00,0.62,658.7,342709
2026-01-29 10:47:00+00:00,0.66,675.1,396931
2026-01-29 10:48:00+00:00,1.40,615.5,247838
2026-01-29 10:49:00+00:00,0.85,695.3,454142
2026-01-29 10:50:00+00:00,0.59,714.6,493590
2026-01-29 10:51:00+00:00,0.55,728.0,505069
2026-01-29 10:52:00+00:00,0.56,750.3,543679
2026-01-29 10:53:00+00:00,0.59,736.3,431439
2026-01-29 10:54:00+00:00,0.64,719.0,353962
2026-01-29 10:55:00+00:00,0.54,697.7,288448
2026-01-29 10:56:00+00:00,0.24,655.0,118636
2026-01-29 10:57:00+00:00,0.03,637.6,58083
2026-01-29 10:58:00+00:00,0.64,693.5,298016
2026-01-29 10:59:00+00:00,0.66,701.7,317811
2026-01-29 11:00:00+00:00,0.76,749.7,436984
2026-01-29 11:01:00+00:00,0.63,770.3,512782
2026-01-29 11:02:00+00:00,0.71,741.8,443439
2026-01-29 11:03:00+00:00,0.73,759.4,592111
2026-01-29 11:04:00+00:00,1.85,744.0,281264
2026-01-29 11:05:00+00:00,1.07,744.0,457718
2026-01-29 11:06:00+00:00,0.71,711.6,324667
2026-01-29 11:07:00+00:00,0.54,670.9,206720
2026-01-29 11:08:00+00:00,0.66,671.4,282926
2026-01-29 11:09:00+00:00,0.66,678.4,325566
2026-01-29 11:10:00+00:00,0.55,674.8,281651
2026-01-29 11:11:00+00:00,0.46,652.6,210049
2026-01-29 11:12:00+00:00,0.51,649.9,242555
2026-01-29 11:13:00+00:00,0.73,692.6,382084
2026-01-29 11:14:00+00:00,0.61,682.4,317416
2026-01-29 11:15:00+00:00,0.73,677.5,348989
2026-01-29 11:16:00+00:00,1.48,644.6,153138
2026-01-29 11:17:00+00:00,0.75,700.7,386389
2026-01-29 11:18:00+00:00,0.74,662.9,269836
2026-01-29 11:19:00+00:00,0.78,667.8,301341
2026-01-29 11:20:00+00:00,0.41,626.1,230556
2026-01-29 11:21:00+00:00,0.62,671.6,386357
2026-01-29 11:22:00+00:00,0.70,669.1,370066
2026-01-29 11:23:00+00:00,0.62,646.7,274205
2026-01-29 11:24:00+00:00,0.62,661.3,292950
2026-01-29 11:25:00+00:00,0.68,674.5,332531
2026-01-29 11:26:00+00:00,0.70,676.7,340836
2026-01-29 11:27:00+00:00,0.49,654.7,293150
2026-01-29 11:28:00+00:00,0.17,601.8,161114
2026-01-29 11:29:00+00:00,0.06,606.4,186923
2026-01-29 11:30:00+00:00,0.07,700.6,531753
2026-01-29 11:31:00+00:00,0.37,648.3,282952
2026-01-29 11:32:00+00:00,0.37,648.5,298075
2026-01-29 11:33:00+00:00,0.37,650.5,464221
2026-01-29 11:34:00+00:00,0.66,641.9,452182
2026-01-29 11:35:00+00:00,0.53,617.5,370981
2026-01-29 11:36:00+00:00,0.68,648.5,359235
2026-01-29 11:37:00+00:00,0.88,662.5,454889
2026-01-29 11:38:00+00:00,0.53,668.5,374792
2026-01-29 11:39:00+00:00,0.46,652.0,243690
2026-01-29 11:40:00+00:00,0.50,665.1,486592
2026-01-29 11:41:00+00:00,0.55,651.6,424116
2026-01-29 11:42:00+00:00,0.58,650.9,368878
2026-01-29 11:43:00+00:00,0.48,643.7,410214
2026-01-29 11:44:00+00:00,0.40,629.0,326359
2026-01-29 11:45:00+00:00,0.54,669.3,449513
2026-01-29 11:46:00+00:00,0.64,645.1,434533
2026-01-29 11:47:00+00:00,0.64,639.2,438998
2026-01-29 11:48:00+00:00,0.43,593.3,295961
2026-01-29 11:49:00+00:00,0.49,653.7,313506
2026-01-29 11:50:00+00:00,0.41,649.5,528043
2026-01-29 11:51:00+00:00,0.29,609.7,160090
2026-01-29 11:52:00+00:00,0.47,648.4,567345
2026-01-29 11:53:00+00:00,0.42,647.7,400822
2026-01-29 11:54:00+00:00,0.34,650.1,476792
2026-01-29 11:55:00+00:00,0.31,629.0,363047
2026-01-29 11:56:00+00:00,0.25,628.0,372264
2026-01-29 11:57:00+00:00,0.22,634.5,407007
2026-01-29 11:58:00+00:00,0.36,641.6,441308
2026-01-29 11:59:00+00:00,0.44,629.9,418868
2026-01-29 12:00:00+00:00,0.45,626.4,406820
2026-01-29 12:01:00+00:00,0.56,657.1,469507
2026-01-29 12:02:00+00:00,0.37,630.9,194627
2026-01-29 12:03:00+00:00,0.41,638.3,157920
2026-01-29 12:04:00+00:00,0.37,636.7,358609
2026-01-29 12:05:00+00:00,0.38,636.9,357766
2026-01-29 12:06:00+00:00,0.60,646.5,308013
2026-01-29 12:07:00+00:00,0.55,629.7,275446
2026-01-29 12:08:00+00:00,0.69,665.5,378925
2026-01-29 12:09:00+00:00,0.53,659.5,353408
2026-01-29 12:10:00+00:00,0.68,663.5,300096
2026-01-29 12:11:00+00:00,1.18,624.3,199293
2026-01-29 12:12:00+00:00,0.90,658.4,229149
2026-01-29 12:13:00+00:00,0.71,686.8,262455
2026-01-29 12:14:00+00:00,0.80,679.0,262580
2026-01-29 12:15:00+00:00,0.70,661.0,220535
2026-01-29 12:16:00+00:00,0.65,651.7,187591
2026-01-29 12:17:00+00:00,0.75,666.0,250939
2026-01-29 12:18:00+00:00,0.70,655.8,223924
2026-01-29 12:19:00+00:00,0.68,656.3,216051
2026-01-29 12:20:00+00:00,0.87,675.8,301858
2026-01-29 12:21:00+00:00,1.20,671.7,171403
2026-01-29 12:22:00+00:00,0.50,670.6,393843
2026-01-29 12:23:00+00:00,0.39,643.6,277579
2026-01-29 12:24:00+00:00,0.73,678.6,345885
2026-01-29 12:25:00+00:00,0.81,673.8,267833
2026-01-29 12:26:00+00:00,0.69,666.9,364192
2026-01-29 12:27:00+00:00,0.49,629.5,180914
2026-01-29 12:28:00+00:00,0.62,646.6,149287
2026-01-29 12:29:00+00:00,0.72,666.0,230089
2026-01-29 12:30:00+00:00,0.61,654.3,210315
2026-01-29 12:31:00+00:00,0.49,635.9,138327
2026-01-29 12:32:00+00:00,0.51,636.5,151597
2026-01-29 12:33:00+00:00,0.64,653.8,210655
2026-01-29 12:34:00+00:00,0.62,642.4,159980
2026-01-29 12:35:00+00:00,0.53,629.9,130083
2026-01-29 12:36:00+00:00,0.80,663.3,234184
2026-01-29 12:37:00+00:00,0.76,,
2026-01-29 12:38:00+00:00,0.76,658.9,220192
2026-01-29 12:39:00+00:00,0.67,629.3,169007
2026-01-29 12:40:00+00:00,0.73,665.2,248381
2026-01-29 12:41:00+00:00,1.43,673.3,198470
2026-01-29 12:42:00+00:00,0.97,670.3,256860
2026-01-29 12:43:00+00:00,1.35,643.4,211738
2026-01-29 12:44:00+00:00,1.10,667.1,351008
2026-01-29 12:45:00+00:00,0.75,663.8,295321
2026-01-29 12:46:00+00:00,0.74,650.3,188230
2026-01-29 12:47:00+00:00,0.78,666.2,239807
2026-01-29 12:48:00+00:00,0.78,667.9,251973
2026-01-29 12:49:00+00:00,0.91,660.9,224751
2026-01-29 12:50:00+00:00,1.18,682.9,258019
2026-01-29 12:51:00+00:00,0.57,670.0,298964
2026-01-29 12:52:00+00:00,0.85,711.1,502459
2026-01-29 12:53:00+00:00,1.48,681.6,195959
2026-01-29 12:54:00+00:00,0.83,674.3,261754
2026-01-29 12:55:00+00:00,0.72,644.1,200522
2026-01-29 12:56:00+00:00,1.71,699.3,265490
2026-01-29 12:57:00+00:00,0.90,676.1,303678
2026-01-29 12:58:00+00:00,0.59,666.0,390515
2026-01-29 12:59:00+00:00,0.48,656.4,386108
2026-01-29 13:00:00+00:00,0.43,677.3,471193
2026-01-29 13:01:00+00:00,0.37,673.8,500444
2026-01-29 13:02:00+00:00,0.34,648.5,301028
2026-01-29 13:03:00+00:00,0.39,641.9,144084
2026-01-29 13:04:00+00:00,0.61,650.3,224981
2026-01-29 13:05:00+00:00,0.82,673.8,307243
2026-01-29 13:06:00+00:00,0.62,714.0,307792
2026-01-29 13:07:00+00:00,0.62,694.1,310447
2026-01-29 13:08:00+00:00,0.81,691.6,499461
2026-01-29 13:09:00+00:00,0.85,682.8,234615
2026-01-29 13:11:00+00:00,0.49,632.2,141614
2026-01-29 13:12:00+00:00,0.63,651.4,222878
2026-01-29 13:13:00+00:00,1.20,685.9,286454
2026-01-29 13:14:00+00:00,0.90,672.7,262313
2026-01-29 13:15:00+00:00,1.19,681.9,228827
2026-01-29 13:16:00+00:00,0.86,674.2,257528
2026-01-29 13:17:00+00:00,0.79,674.7,305838
2026-01-29 13:18:00+00:00,0.92,675.1,296888
2026-01-29 13:19:00+00:00,0.87,674.0,286178
2026-01-29 13:20:00+00:00,1.13,685.3,273771
2026-01-29 13:21:00+00:00,1.31,697.1,255758
2026-01-29 13:22:00+00:00,0.74,720.9,396302
2026-01-29 13:23:00+00:00,0.73,722.8,381570
2026-01-29 13:24:00+00:00,0.64,722.4,381654
2026-01-29 13:25:00+00:00,0.73,708.7,326685
2026-01-29 13:26:00+00:00,0.67,684.4,219911
2026-01-29 13:27:00+00:00,0.83,696.0,285488
2026-01-29 13:28:00+00:00,0.75,697.9,233561
2026-01-29 13:29:00+00:00,0.64,696.7,234894
2026-01-29 13:30:00+00:00,0.64,685.0,213625
2026-01-29 13:31:00+00:00,0.69,695.0,248212
2026-01-29 13:32:00+00:00,0.73,706.6,390763
2026-01-29 13:33:00+00:00,1.01,702.7,332698
2026-01-29 13:34:00+00:00,1.08,688.6,252131
2026-01-29 13:35:00+00:00,1.03,674.8,258441
2026-01-29 13:36:00+00:00,1.00,665.9,266135
2026-01-29 13:37:00+00:00,0.64,670.9,377179
2026-01-29 13:38:00+00:00,0.52,697.2,441028
2026-01-29 13:39:00+00:00,0.33,710.1,395747
2026-01-29 13:40:00+00:00,0.67,709.5,450151
2026-01-29 13:41:00+00:00,0.71,737.8,434888
2026-01-29 13:42:00+00:00,0.62,738.2,331319
2026-01-29 13:43:00+00:00,0.62,,
2026-01-29 13:44:00+00:00,0.70,773.7,626776
2026-01-29 13:45:00+00:00,0.69,739.2,416250
2026-01-29 13:46:00+00:00,0.64,725.3,305100
2026-01-29 13:47:00+00:00,0.63,742.8,305600
2026-01-29 13:48:00+00:00,0.67,767.8,448507
2026-01-29 13:49:00+00:00,0.86,781.2,525975
2026-01-29 13:50:00+00:00,0.93,741.7,423236
2026-01-29 13:51:00+00:00,0.93,694.9,260681
2026-01-29 13:52:00+00:00,0.97,702.3,293874
2026-01-29 13:53:00+00:00,0.92,704.6,401347
2026-01-29 13:54:00+00:00,1.02,677.7,183018
2026-01-29 13:55:00+00:00,0.72,723.5,353737
2026-01-29 13:56:00+00:00,0.81,735.2,455817
2026-01-29 13:57:00+00:00,0.71,719.3,352833
2026-01-29 13:58:00+00:00,0.74,709.7,336379
2026-01-29 13:59:00+00:00,0.76,728.9,398476
2026-01-29 14:00:00+00:00,0.67,722.7,336938
2026-01-29 14:01:00+00:00,0.66,733.0,326485
2026-01-29 14:02:00+00:00,0.62,709.8,299899
2026-01-29 14:03:00+00:00,0.62,715.2,345037
2026-01-29 14:04:00+00:00,0.70,714.6,355317
2026-01-29 14:05:00+00:00,0.72,706.4,323647
2026-01-29 14:06:00+00:00,0.65,687.5,272529
2026-01-29 14:07:00+00:00,0.70,668.7,226127
2026-01-29 14:08:00+00:00,0.75,661.7,214875
2026-01-29 14:09:00+00:00,0.60,657.5,226682
2026-01-29 14:10:00+00:00,0.66,666.0,241053
2026-01-29 14:11:00+00:00,0.77,663.3,286098
2026-01-29 14:12:00+00:00,0.62,674.7,391289
2026-01-29 14:13:00+00:00,0.59,677.7,344732
2026-01-29 14:14:00+00:00,0.72,673.8,204748
2026-01-29 14:15:00+00:00,0.69,681.6,275539
2026-01-29 14:16:00+00:00,0.69,682.0,279265
2026-01-29 14:17:00+00:00,0.80,667.3,235482
2026-01-29 14:18:00+00:00,0.70,665.0,228386
2026-01-29 14:19:00+00:00,0.76,666.6,239946
2026-01-29 14:20:00+00:00,0.80,664.9,269597
2026-01-29 14:21:00+00:00,0.81,664.1,259845
2026-01-29 14:22:00+00:00,0.82,666.1,228408
2026-01-29 14:23:00+00:00,0.81,676.0,235510
2026-01-29 14:24:00+00:00,0.80,686.6,238876
2026-01-29 14:25:00+00:00,0.78,688.3,207877
2026-01-29 14:26:00+00:00,0.74,702.2,271481
2026-01-29 14:27:00+00:00,0.70,709.8,373096
2026-01-29 14:28:00+00:00,0.70,710.5,363504
2026-01-29 14:29:00+00:00,0.89,741.1,491158
2026-01-29 14:30:00+00:00,0.70,750.9,309271
2026-01-29 14:31:00+00:00,0.90,703.7,425007
2026-01-29 14:32:00+00:00,0.64,708.0,287676
2026-01-29 14:33:00+00:00,0.60,708.9,268733
2026-01-29 15:00:00+00:00,0.79,657.6,135381
2026-01-29 15:01:00+00:00,0.79,657.7,137267
2026-01-29 15:02:00+00:00,0.77,662.8,248569
2026-01-29 15:03:00+00:00,0.88,690.1,346281
2026-01-29 15:04:00+00:00,0.79,668.0,266234
2026-01-29 15:05:00+00:00,0.75,653.6,218243
2026-01-29 15:06:00+00:00,0.82,672.5,231106
2026-01-29 15:07:00+00:00,0.92,679.1,252008
2026-01-29 15:08:00+00:00,0.97,674.5,225776
2026-01-29 15:09:00+00:00,0.70,645.4,152675
2026-01-29 15:10:00+00:00,1.10,659.4,172340
2026-01-29 15:11:00+00:00,1.36,689.6,274082
2026-01-29 15:12:00+00:00,0.73,670.8,285702
2026-01-29 15:13:00+00:00,0.58,649.7,198836
2026-01-29 15:14:00+00:00,0.61,643.8,167704
2026-01-29 15:15:00+00:00,0.86,689.1,250311
2026-01-29 15:16:00+00:00,0.96,710.4,383581
2026-01-29 15:17:00+00:00,0.92,678.8,303841
2026-01-29 15:18:00+00:00,0.46,623.4,112118
2026-01-29 15:19:00+00:00,0.80,667.9,198308
2026-01-29 15:20:00+00:00,0.83,685.4,210639
2026-01-29 15:21:00+00:00,0.47,644.5,207854
2026-01-29 15:22:00+00:00,0.39,634.9,206997
2026-01-29 15:23:00+00:00,1.37,669.3,252427
2026-01-29 15:24:00+00:00,0.96,691.6,292439
2026-01-29 15:25:00+00:00,0.60,683.9,265404
2026-01-29 15:26:00+00:00,0.61,684.1,304524
2026-01-29 15:27:00+00:00,0.68,694.2,347211
2026-01-29 15:28:00+00:00,0.65,690.8,298854
2026-01-29 15:29:00+00:00,0.66,685.7,270911
2026-01-29 15:30:00+00:00,0.60,646.9,192306
2026-01-29 15:31:00+00:00,0.85,708.5,399228
2026-01-29 15:32:00+00:00,0.79,688.9,384425
2026-01-29 15:33:00+00:00,0.72,661.8,341987
2026-01-29 15:34:00+00:00,0.82,659.5,308185
2026-01-29 15:35:00+00:00,0.62,664.7,235575
2026-01-29 15:36:00+00:00,0.70,671.2,240822
2026-01-29 15:37:00+00:00,0.52,651.4,190418
2026-01-29 15:38:00+00:00,0.66,662.4,246823
2026-01-29 15:39:00+00:00,0.78,680.6,310921
2026-01-29 15:40:00+00:00,0.79,672.5,354950
2026-01-29 15:41:00+00:00,0.59,631.7,228298
2026-01-29 15:42:00+00:00,0.55,632.5,172306
2026-01-29 15:43:00+00:00,0.68,666.4,264351
2026-01-29 15:44:00+00:00,1.00,675.0,273618
2026-01-29 15:45:00+00:00,1.36,675.7,220795
2026-01-29 15:46:00+00:00,0.73,676.8,243794
2026-01-29 15:47:00+00:00,0.77,693.2,308928
2026-01-29 15:48:00+00:00,0.79,661.7,284622
2026-01-29 15:49:00+00:00,1.17,638.3,111731
2026-01-29 15:50:00+00:00,0.78,673.5,308104
2026-01-29 15:51:00+00:00,0.90,669.2,302111
2026-01-29 15:52:00+00:00,0.67,662.2,219229
2026-01-29 15:53:00+00:00,0.50,635.1,157196
2026-01-29 15:54:00+00:00,0.71,668.9,275884
2026-01-29 15:55:00+00:00,0.79,682.2,319273
2026-01-29 15:56:00+00:00,0.75,678.8,281286
2026-01-29 15:57:00+00:00,0.77,670.7,253668
2026-01-29 15:58:00+00:00,0.77,672.0,246192
2026-01-29 16:00:00+00:00,0.84,676.0,230867
2026-01-29 16:01:00+00:00,0.91,679.0,250533
2026-01-29 16:02:00+00:00,1.04,683.8,305938
2026-01-29 16:03:00+00:00,0.88,672.6,303550
2026-01-29 16:04:00+00:00,0.89,666.3,167287
2026-01-29 16:05:00+00:00,0.50,624.2,96244
2026-01-29 16:06:00+00:00,1.06,700.1,272950
2026-01-29 16:07:00+00:00,1.73,696.9,153751
2026-01-29 16:08:00+00:00,0.79,681.7,262313
2026-01-29 16:09:00+00:00,0.57,632.0,136149
2026-01-29 16:10:00+00:00,0.98,697.3,279181
2026-01-29 16:11:00+00:00,1.10,695.9,293643
2026-01-29 16:12:00+00:00,1.08,684.8,247858
2026-01-29 16:13:00+00:00,0.89,676.4,226993
2026-01-29 16:14:00+00:00,0.69,665.2,211805
2026-01-29 16:15:00+00:00,0.81,674.7,244449
2026-01-29 16:16:00+00:00,0.99,680.8,308289
2026-01-29 16:17:00+00:00,0.88,656.4,305329
2026-01-29 16:18:00+00:00,0.79,651.3,275247
2026-01-29 16:19:00+00:00,0.70,646.7,238185
2026-01-29 16:20:00+00:00,0.82,665.5,327440
2026-01-29 16:21:00+00:00,0.63,621.6,173705
2026-01-29 16:22:00+00:00,0.70,670.3,309065
2026-01-29 16:23:00+00:00,0.73,682.5,295034
2026-01-29 16:24:00+00:00,0.63,662.3,298487
2026-01-29 16:25:00+00:00,0.30,637.6,300754
2026-01-29 16:26:00+00:00,0.43,656.5,200599
2026-01-29 16:27:00+00:00,1.51,674.2,142639
2026-01-29 16:28:00+00:00,1.97,678.6,131310
2026-01-29 16:31:00+00:00,1.45,692.7,220672
2026-01-29 16:32:00+00:00,0.92,672.8,270675
2026-01-29 16:33:00+00:00,0.94,635.5,196199
2026-01-29 16:34:00+00:00,1.17,679.7,336556
2026-01-29 16:35:00+00:00,1.24,678.6,239739
2026-01-29 16:36:00+00:00,0.38,630.7,127102
2026-01-29 16:37:00+00:00,0.62,652.8,220524
2026-01-29 16:38:00+00:00,0.48,662.1,320359
2026-01-29 16:39:00+00:00,0.57,664.4,273271
2026-01-29 16:40:00+00:00,0.19,694.8,560170
2026-01-29 16:41:00+00:00,0.10,722.5,580271
2026-01-29 16:42:00+00:00,0.11,685.0,585975
2026-01-29 16:43:00+00:00,0.52,663.9,350041
2026-01-29 16:44:00+00:00,0.47,660.6,277279
2026-01-29 16:45:00+00:00,0.34,674.0,232921
2026-01-29 16:46:00+00:00,0.45,687.5,176293
2026-01-29 16:47:00+00:00,0.36,705.5,269159
2026-01-29 16:48:00+00:00,0.08,719.7,382032
2026-01-29 16:49:00+00:00,0.05,674.5,269210
2026-01-29 16:50:00+00:00,0.14,601.4,101025
2026-01-29 16:51:00+00:00,0.55,636.7,231228
2026-01-29 16:52:00+00:00,0.67,670.8,353515
2026-01-29 16:53:00+00:00,1.37,636.8,317479
2026-01-29 16:54:00+00:00,0.74,714.7,327494
2026-01-29 16:55:00+00:00,1.04,695.7,381327
2026-01-29 16:56:00+00:00,0.82,674.4,242601
2026-01-29 16:57:00+00:00,0.57,661.8,286189
2026-01-29 16:58:00+00:00,0.39,657.7,286885
2026-01-29 16:59:00+00:00,0.85,664.1,209940
2026-01-29 17:00:00+00:00,0.67,701.6,204095
2026-01-29 17:01:00+00:00,0.41,722.9,221352
2026-01-29 17:02:00+00:00,0.59,682.8,171784
2026-01-29 17:03:00+00:00,0.61,702.5,229064
2026-01-29 17:04:00+00:00,0.60,713.2,267583
2026-01-29 17:05:00+00:00,0.55,688.4,221251
2026-01-29 17:06:00+00:00,0.85,698.3,257448
2026-01-29 17:07:00+00:00,1.53,675.5,133170
2026-01-29 17:08:00+00:00,0.72,670.4,278887
2026-01-29 17:09:00+00:00,0.62,635.8,82456
2026-01-29 17:10:00+00:00,0.96,686.9,214092
2026-01-29 17:11:00+00:00,0.87,663.1,135191
2026-01-29 17:12:00+00:00,0.93,667.7,153196
2026-01-29 17:13:00+00:00,1.06,670.1,180792
2026-01-29 17:14:00+00:00,1.06,668.5,110193
2026-01-29 17:15:00+00:00,0.79,659.8,176678
2026-01-29 17:16:00+00:00,0.55,641.9,133103
2026-01-29 17:17:00+00:00,0.72,651.2,132309
2026-01-29 17:18:00+00:00,0.90,662.5,164869
2026-01-29 17:19:00+00:00,1.19,666.1,129546
2026-01-29 17:20:00+00:00,1.22,661.9,90031
2026-01-29 17:21:00+00:00,0.55,644.6,106212
2026-01-29 17:22:00+00:00,0.81,670.7,176383
2026-01-29 17:23:00+00:00,0.79,675.4,182921
2026-01-29 17:24:00+00:00,0.67,661.1,189784
2026-01-29 17:25:00+00:00,1.19,672.9,167765
2026-01-29 17:26:00+00:00,0.81,654.5,125370
2026-01-29 17:27:00+00:00,0.47,638.4,88744
2026-01-29 17:28:00+00:00,0.63,638.4,96163
2026-01-29 17:29:00+00:00,1.06,672.2,206600
2026-01-29 17:30:00+00:00,0.79,662.3,159210
2026-01-29 17:31:00+00:00,0.35,632.3,125977
2026-01-29 17:32:00+00:00,0.36,622.7,112577
2026-01-29 17:33:00+00:00,0.57,636.5,154852
2026-01-29 17:34:00+00:00,0.66,647.0,194073
2026-01-29 17:35:00+00:00,0.47,629.4,98699
2026-01-29 17:36:00+00:00,0.56,632.9,100483
2026-01-29 17:37:00+00:00,0.63,643.4,121363
2026-01-29 17:38:00+00:00,0.45,660.2,199524
2026-01-29 17:39:00+00:00,0.54,677.7,291102
2026-01-29 17:40:00+00:00,0.56,640.0,122948
2026-01-29 17:41:00+00:00,0.89,694.9,166167
2026-01-29 17:42:00+00:00,1.04,693.4,189699
2026-01-29 17:43:00+00:00,2.06,696.4,97971
2026-01-29 17:44:00+00:00,0.41,624.4,78797
2026-01-29 17:45:00+00:00,0.84,664.7,147182
2026-01-29 17:46:00+00:00,1.12,671.8,172341
2026-01-29 17:47:00+00:00,1.15,661.5,100309
2026-01-29 17:48:00+00:00,0.71,634.2,68294
2026-01-29 17:49:00+00:00,1.36,663.5,110729
2026-01-29 17:50:00+00:00,1.49,690.1,169652
2026-01-29 17:51:00+00:00,0.82,676.9,182738
2026-01-29 17:52:00+00:00,0.80,673.9,158946
2026-01-29 17:53:00+00:00,0.74,680.5,156489
2026-01-29 17:54:00+00:00,0.70,688.4,165854
2026-01-29 17:55:00+00:00,0.63,680.8,147799
2026-01-29 17:56:00+00:00,0.50,667.1,98047
2026-01-29 17:57:00+00:00,0.72,713.4,216362
2026-01-29 17:58:00+00:00,0.66,683.4,161259
2026-01-29 17:59:00+00:00,0.98,668.2,187453
2026-01-29 18:00:00+00:00,0.20,624.2,72044
2026-01-29 18:01:00+00:00,0.62,695.8,198119
2026-01-29 18:02:00+00:00,0.67,711.8,187493
2026-01-29 18:03:00+00:00,0.88,727.4,304893
2026-01-29 18:04:00+00:00,0.76,685.4,200540
2026-01-29 18:05:00+00:00,0.64,673.9,145479
2026-01-29 18:06:00+00:00,0.70,691.3,184694
2026-01-29 18:07:00+00:00,0.75,693.1,184898
2026-01-29 18:08:00+00:00,0.36,620.0,95659
2026-01-29 18:09:00+00:00,0.52,630.9,117464
2026-01-29 18:10:00+00:00,0.97,662.1,178498
2026-01-29 18:11:00+00:00,0.96,665.3,178639
2026-01-29 18:12:00+00:00,0.38,613.8,64521
2026-01-29 18:13:00+00:00,0.85,653.6,126255
2026-01-29 18:14:00+00:00,0.82,654.5,173060
2026-01-29 18:15:00+00:00,1.52,669.1,98077
2026-01-29 18:16:00+00:00,0.50,619.8,74027
2026-01-29 18:17:00+00:00,1.85,681.0,161390
2026-01-29 18:18:00+00:00,1.23,670.6,222151
2026-01-29 18:19:00+00:00,1.13,670.7,139703
2026-01-29 18:20:00+00:00,0.95,681.0,181168
2026-01-29 18:21:00+00:00,0.67,693.8,195475
2026-01-29 18:22:00+00:00,0.69,704.7,206201
2026-01-29 18:23:00+00:00,0.65,685.7,187883
2026-01-29 18:24:00+00:00,0.52,668.0,137410
2026-01-29 18:25:00+00:00,0.72,694.5,215377
2026-01-29 18:26:00+00:00,0.75,688.6,200943
2026-01-29 18:27:00+00:00,0.48,673.3,107166
2026-01-29 18:28:00+00:00,0.56,673.0,168305
2026-01-29 18:29:00+00:00,0.78,694.5,394498
2026-01-29 18:30:00+00:00,0.86,658.7,130672
2026-01-29 18:31:00+00:00,1.38,669.1,85715
2026-01-29 18:32:00+00:00,0.48,631.5,73413
2026-01-29 18:33:00+00:00,0.95,671.2,179392
2026-01-29 18:34:00+00:00,0.81,659.6,136470
2026-01-29 18:35:00+00:00,0.88,631.7,86944
2026-01-29 18:36:00+00:00,0.87,665.9,283158
2026-01-29 18:37:00+00:00,0.82,682.2,297477
2026-01-29 18:38:00+00:00,0.73,673.1,184050
2026-01-29 18:39:00+00:00,0.61,660.4,147653
2026-01-29 18:40:00+00:00,0.56,642.7,125039
2026-01-29 18:41:00+00:00,0.68,694.3,217252
2026-01-29 18:42:00+00:00,0.71,691.8,220134
2026-01-29 18:43:00+00:00,0.80,674.6,211960
2026-01-29 18:44:00+00:00,0.73,634.2,115548
2026-01-29 18:45:00+00:00,0.95,690.9,212841
2026-01-29 18:46:00+00:00,0.88,657.1,139458
2026-01-29 18:47:00+00:00,0.80,666.7,219821
2026-01-29 18:48:00+00:00,0.67,645.5,144724
2026-01-29 18:49:00+00:00,0.95,664.5,200042
2026-01-29 18:50:00+00:00,0.75,662.4,192248
2026-01-29 18:51:00+00:00,0.56,651.8,162526
2026-01-29 18:52:00+00:00,0.71,664.2,237710
2026-01-29 18:53:00+00:00,0.73,664.2,243675
2026-01-29 18:54:00+00:00,0.66,659.1,182529
2026-01-29 18:55:00+00:00,0.56,651.1,139536
2026-01-29 18:56:00+00:00,0.61,658.3,164694
2026-01-29 18:57:00+00:00,0.87,702.0,257793
2026-01-29 18:58:00+00:00,0.48,701.7,267882
2026-01-29 18:59:00+00:00,0.50,696.2,323508
2026-01-29 19:00:00+00:00,0.85,698.0,282478
2026-01-29 19:01:00+00:00,0.74,665.5,183676
2026-01-29 19:02:00+00:00,1.24,650.4,91060
2026-01-29 19:03:00+00:00,0.90,669.4,360462
2026-01-29 19:04:00+00:00,0.61,655.8,225329
2026-01-29 19:05:00+00:00,0.41,643.5,246356
2026-01-29 19:06:00+00:00,0.39,656.3,316906
2026-01-29 19:07:00+00:00,0.32,653.7,277771
2026-01-29 19:08:00+00:00,0.49,664.2,278697
2026-01-29 19:09:00+00:00,0.87,677.4,258917
2026-01-29 19:10:00+00:00,0.78,674.0,205175
2026-01-29 19:11:00+00:00,0.35,648.9,153634
2026-01-29 19:12:00+00:00,0.35,646.3,177981
2026-01-29 19:13:00+00:00,0.64,687.2,293165
2026-01-29 19:16:00+00:00,0.72,708.2,223741
2026-01-29 19:17:00+00:00,0.94,702.2,340153
2026-01-29 19:18:00+00:00,0.62,688.8,235740
2026-01-29 19:19:00+00:00,1.25,707.1,142285
2026-01-29 19:20:00+00:00,0.91,723.1,362469
2026-01-29 19:21:00+00:00,0.62,714.2,317418
2026-01-29 19:22:00+00:00,0.32,692.2,166011
2026-01-29 19:23:00+00:00,0.32,688.7,221798
2026-01-29 19:24:00+00:00,0.64,696.0,283083
2026-01-29 19:25:00+00:00,0.64,676.6,195650
2026-01-29 19:26:00+00:00,0.89,678.1,218007
2026-01-29 19:27:00+00:00,1.06,680.8,256014
2026-01-29 19:28:00+00:00,0.72,663.5,185410
2026-01-29 19:29:00+00:00,1.18,690.6,211647
2026-01-29 19:30:00+00:00,1.93,710.5,164120
2026-01-29 19:31:00+00:00,0.71,691.6,236535
2026-01-29 19:32:00+00:00,0.85,685.3,291664
2026-01-29 19:33:00+00:00,0.92,685.6,193317
2026-01-29 19:34:00+00:00,0.57,708.5,216045
2026-01-29 19:35:00+00:00,0.30,643.1,87198
2026-01-29 19:36:00+00:00,0.63,688.2,205569
2026-01-29 19:37:00+00:00,0.55,679.0,197062
2026-01-29 19:38:00+00:00,0.47,676.6,184900
2026-01-29 19:39:00+00:00,0.35,652.5,141670
2026-01-29 19:40:00+00:00,0.44,674.2,174151
2026-01-29 19:41:00+00:00,0.53,701.4,267817
2026-01-29 19:42:00+00:00,0.44,690.4,252116
2026-01-29 19:43:00+00:00,0.48,685.5,202601
2026-01-29 19:44:00+00:00,0.67,699.1,216204
2026-01-29 19:45:00+00:00,0.66,703.7,182458
2026-01-29 19:46:00+00:00,0.81,734.6,172536
2026-01-29 19:47:00+00:00,0.04,656.3,185548
2026-01-29 19:48:00+00:00,0.08,660.9,187387
2026-01-29 19:49:00+00:00,0.51,711.4,209965
2026-01-29 19:50:00+00:00,0.52,683.1,348561
2026-01-29 19:51:00+00:00,0.06,589.3,38872
2026-01-29 19:52:00+00:00,0.51,711.8,290332
2026-01-29 19:53:00+00:00,0.57,700.9,236418
2026-01-29 19:54:00+00:00,0.64,696.0,247263
2026-01-29 19:55:00+00:00,0.80,689.9,243054
2026-01-29 19:56:00+00:00,0.82,685.1,225686
2026-01-29 19:57:00+00:00,0.83,687.3,203873
2026-01-29 19:58:00+00:00,0.85,680.0,191365
2026-01-29 19:59:00+00:00,0.89,677.4,210255
2026-01-29 20:00:00+00:00,0.88,686.8,210056
2026-01-29 20:01:00+00:00,0.83,692.8,220422
2026-01-29 20:02:00+00:00,0.94,697.8,313665
2026-01-29 20:03:00+00:00,0.33,640.9,133926
2026-01-29 20:04:00+00:00,0.84,699.4,310047
2026-01-29 20:05:00+00:00,0.84,687.2,226205
2026-01-29 20:06:00+00:00,0.78,694.1,234511
2026-01-29 20:07:00+00:00,0.48,660.4,123722
2026-01-29 20:08:00+00:00,0.39,676.8,320364
2026-01-29 20:09:00+00:00,0.62,690.8,264337
2026-01-29 20:10:00+00:00,0.51,684.3,321475
2026-01-29 20:11:00+00:00,0.53,690.6,350276
2026-01-29 20:12:00+00:00,0.31,674.4,268184
2026-01-29 20:13:00+00:00,0.26,669.4,263304
2026-01-29 20:14:00+00:00,0.40,676.0,265128
2026-01-29 20:15:00+00:00,0.47,693.8,237581
2026-01-29 20:16:00+00:00,0.33,685.2,214078
2026-01-29 20:17:00+00:00,0.05,624.4,115133
2026-01-29 20:18:00+00:00,0.05,632.0,100787
2026-01-29 20:19:00+00:00,0.10,654.8,274869
2026-01-29 20:20:00+00:00,0.13,658.2,179194
2026-01-29 20:21:00+00:00,0.13,659.1,181076
2026-01-29 20:22:00+00:00,0.08,713.2,292092
2026-01-29 20:23:00+00:00,0.05,723.1,241700
2026-01-29 20:24:00+00:00,0.07,745.0,266495
2026-01-29 20:25:00+00:00,0.07,718.2,189823
2026-01-29 20:26:00+00:00,0.04,656.3,75874
2026-01-29 20:27:00+00:00,0.53,698.5,417868
2026-01-29 20:28:00+00:00,0.67,729.5,452760
2026-01-29 20:29:00+00:00,0.79,729.6,354007
2026-01-29 20:30:00+00:00,0.96,747.0,281511
2026-01-29 20:31:00+00:00,1.44,768.4,243473
2026-01-29 20:32:00+00:00,1.50,747.7,239038
2026-01-29 20:33:00+00:00,0.50,708.2,188030
2026-01-29 20:34:00+00:00,0.73,713.9,266205
2026-01-29 20:35:00+00:00,0.38,672.6,143036
2026-01-29 20:36:00+00:00,0.41,674.3,153735
2026-01-29 20:37:00+00:00,0.76,692.7,270292
2026-01-29 20:38:00+00:00,0.62,679.3,203452
2026-01-29 20:39:00+00:00,0.85,680.8,184218
2026-01-29 20:40:00+00:00,1.01,691.4,242526
2026-01-29 20:41:00+00:00,0.53,670.0,168037
2026-01-29 20:42:00+00:00,0.38,657.7,172492
2026-01-29 20:43:00+00:00,0.49,686.0,220418
2026-01-29 20:44:00+00:00,0.91,694.3,309169
2026-01-29 20:45:00+00:00,0.81,670.5,267376
2026-01-29 20:46:00+00:00,0.67,654.0,192494
2026-01-29 20:47:00+00:00,0.87,665.2,234318
2026-01-29 20:48:00+00:00,0.88,669.0,255689
2026-01-29 20:49:00+00:00,1.01,658.5,162698
2026-01-29 20:50:00+00:00,1.59,683.3,152376
2026-01-29 20:51:00+00:00,0.72,668.3,226087
2026-01-29 20:52:00+00:00,0.78,677.0,341032
2026-01-29 20:53:00+00:00,0.58,,
2026-01-29 20:54:00+00:00,0.58,636.9,157335
2026-01-29 20:55:00+00:00,0.76,653.5,185509
2026-01-29 20:56:00+00:00,0.91,665.7,218141
2026-01-29 20:57:00+00:00,0.68,662.1,236169
2026-01-29 20:58:00+00:00,0.29,633.2,158431
2026-01-29 20:59:00+00:00,0.76,664.0,232705
2026-01-29 21:00:00+00:00,0.64,656.9,232580
2026-01-29 21:01:00+00:00,0.82,662.8,229475
2026-01-29 21:02:00+00:00,0.98,668.6,221553
2026-01-29 21:03:00+00:00,0.80,671.3,217247
2026-01-29 21:04:00+00:00,0.88,687.9,257926
2026-01-29 21:05:00+00:00,0.80,674.9,265076
2026-01-29 21:06:00+00:00,0.50,667.8,251365
2026-01-29 21:07:00+00:00,0.74,668.9,191037
2026-01-29 21:08:00+00:00,0.80,670.8,225258
2026-01-29 21:09:00+00:00,0.76,660.9,216460
2026-01-29 21:10:00+00:00,0.80,668.1,162830
2026-01-29 21:11:00+00:00,0.89,659.1,183996
2026-01-29 21:12:00+00:00,0.83,669.8,191161
2026-01-29 21:13:00+00:00,1.33,683.7,156253
2026-01-29 21:14:00+00:00,0.83,684.2,185783
2026-01-29 21:15:00+00:00,0.68,697.8,216442
2026-01-29 21:16:00+00:00,0.75,714.6,286511
2026-01-29 21:17:00+00:00,0.77,722.4,311087
2026-01-29 21:18:00+00:00,0.63,695.4,214154
2026-01-29 21:19:00+00:00,0.63,688.6,217703
2026-01-29 21:20:00+00:00,0.77,713.0,310974
2026-01-29 21:21:00+00:00,0.67,705.5,231501
2026-01-29 21:22:00+00:00,0.64,713.5,215797
2026-01-29 21:23:00+00:00,0.73,679.7,205183
2026-01-29 21:24:00+00:00,0.60,710.7,191541
2026-01-29 21:25:00+00:00,0.89,673.6,205827
2026-01-29 21:27:00+00:00,0.91,663.1,176569
2026-01-29 21:28:00+00:00,1.68,691.4,185929
2026-01-29 21:29:00+00:00,0.96,684.7,213834
2026-01-29 21:30:00+00:00,0.56,642.7,135506
2026-01-29 21:31:00+00:00,0.90,690.3,224275
2026-01-29 21:32:00+00:00,1.11,733.9,312250
2026-01-29 21:33:00+00:00,1.12,728.3,363993
2026-01-29 21:34:00+00:00,1.02,693.2,279673
2026-01-29 21:35:00+00:00,0.90,670.5,195105
2026-01-29 21:36:00+00:00,0.96,675.3,245756
2026-01-29 21:37:00+00:00,0.99,670.8,228358
2026-01-29 21:38:00+00:00,0.81,655.5,174278
2026-01-29 21:39:00+00:00,0.75,687.9,237408
2026-01-29 21:40:00+00:00,0.86,696.9,299260
2026-01-29 21:41:00+00:00,0.73,684.8,312466
2026-01-29 21:42:00+00:00,1.14,641.7,93925
2026-01-29 21:43:00+00:00,0.77,670.6,171915
2026-01-29 21:44:00+00:00,0.75,672.1,176020
2026-01-29 21:45:00+00:00,0.84,675.0,201216
2026-01-29 21:46:00+00:00,0.70,677.7,206496
2026-01-29 21:47:00+00:00,0.78,685.0,287531
2026-01-29 21:48:00+00:00,0.74,673.5,239550
2026-01-29 21:49:00+00:00,0.69,656.1,187156
2026-01-29 21:50:00+00:00,0.74,652.1,190170
2026-01-29 21:51:00+00:00,0.75,657.2,198259
2026-01-29 21:52:00+00:00,0.79,661.7,192576
2026-01-29 21:53:00+00:00,0.92,668.6,172959
2026-01-29 21:54:00+00:00,0.88,676.1,177626
2026-01-29 21:55:00+00:00,0.88,672.5,157891
2026-01-29 21:56:00+00:00,0.82,671.8,171997
2026-01-29 21:57:00+00:00,0.65,682.5,212708
2026-01-29 22:02:00+00:00,0.94,662.0,177458
2026-01-29 22:03:00+00:00,0.89,662.4,184520
2026-01-29 22:04:00+00:00,0.79,657.7,190854
2026-01-29 22:05:00+00:00,0.69,675.6,223755
2026-01-29 22:06:00+00:00,0.63,691.2,232574
2026-01-29 22:07:00+00:00,0.64,680.4,216160
2026-01-29 22:08:00+00:00,0.69,673.6,226539
2026-01-29 22:09:00+00:00,0.68,685.2,229355
2026-01-29 22:10:00+00:00,0.65,685.5,206622
2026-01-29 22:11:00+00:00,0.70,687.6,254692
2026-01-29 22:12:00+00:00,0.98,707.3,303005
2026-01-29 22:13:00+00:00,0.75,705.8,213799
2026-01-29 22:14:00+00:00,0.83,666.9,180279
2026-01-29 22:15:00+00:00,0.89,663.4,163772
2026-01-29 22:16:00+00:00,0.86,670.3,172952
2026-01-29 22:17:00+00:00,0.91,678.7,193164
2026-01-29 22:18:00+00:00,0.84,687.7,186973
2026-01-29 22:19:00+00:00,0.68,680.0,194678
2026-01-29 22:20:00+00:00,0.48,676.1,203070
2026-01-29 22:21:00+00:00,0.41,676.2,232482
2026-01-29 22:22:00+00:00,0.42,668.8,260092
2026-01-29 22:23:00+00:00,0.43,663.7,267510
2026-01-29 22:24:00+00:00,0.41,675.3,244220
2026-01-29 22:25:00+00:00,0.42,685.6,212547
2026-01-29 22:26:00+00:00,0.57,668.5,244839
2026-01-29 22:27:00+00:00,0.54,652.7,208934
2026-01-29 22:28:00+00:00,0.68,643.8,196221
2026-01-29 22:29:00+00:00,0.69,658.7,181933
2026-01-29 22:30:00+00:00,0.77,652.8,168451
2026-01-29 22:33:00+00:00,0.73,645.5,212254
2026-01-29 22:34:00+00:00,0.76,640.3,175911
2026-01-29 22:35:00+00:00,0.68,637.2,176745
2026-01-29 22:36:00+00:00,0.63,638.7,182789
2026-01-29 22:37:00+00:00,0.70,640.6,171596
2026-01-29 22:38:00+00:00,0.80,642.9,165282
2026-01-29 22:39:00+00:00,0.83,645.9,168012
2026-01-29 22:40:00+00:00,0.76,646.9,180461
2026-01-29 22:41:00+00:00,0.66,644.7,197928
2026-01-29 22:42:00+00:00,0.75,641.6,182350
2026-01-29 22:43:00+00:00,0.77,646.5,185526
2026-01-29 22:44:00+00:00,0.78,648.4,183785
2026-01-29 22:45:00+00:00,0.70,646.3,172245
2026-01-29 22:46:00+00:00,0.70,645.6,198919
2026-01-29 22:47:00+00:00,0.74,647.2,176631
2026-01-29 22:48:00+00:00,0.61,671.9,218607
2026-01-29 22:49:00+00:00,0.73,646.7,168523
2026-01-29 22:50:00+00:00,0.81,645.3,161205
2026-01-29 22:51:00+00:00,0.73,653.3,191609
2026-01-29 22:52:00+00:00,0.65,658.0,183522
2026-01-29 22:53:00+00:00,0.61,663.7,177857
2026-01-29 22:54:00+00:00,0.63,668.5,198465
2026-01-29 22:55:00+00:00,0.63,670.5,201860
2026-01-29 22:56:00+00:00,0.65,662.2,178319
2026-01-29 22:57:00+00:00,0.72,651.5,184663
2026-01-29 22:58:00+00:00,0.63,666.7,226580
2026-01-29 22:59:00+00:00,0.59,661.9,204431
2026-01-29 23:00:00+00:00,0.69,651.7,201819
2026-01-29 23:01:00+00:00,0.57,656.0,200842
2026-01-29 23:02:00+00:00,0.57,659.4,184978
2026-01-29 23:03:00+00:00,0.56,651.2,209118
2026-01-29 23:06:00+00:00,0.49,696.1,279401
2026-01-29 23:07:00+00:00,0.43,697.1,196040
2026-01-29 23:08:00+00:00,0.39,681.4,224086
2026-01-29 23:09:00+00:00,0.39,683.5,247440
2026-01-29 23:10:00+00:00,0.36,689.2,241565
2026-01-29 23:11:00+00:00,0.34,682.6,254941
2026-01-29 23:12:00+00:00,0.37,688.9,243588
2026-01-29 23:13:00+00:00,0.37,703.2,206683
2026-01-29 23:14:00+00:00,0.34,699.2,200565
2026-01-29 23:15:00+00:00,0.36,705.9,232468
2026-01-29 23:16:00+00:00,0.39,701.2,233775
2026-01-29 23:17:00+00:00,0.45,647.7,221197
2026-01-29 23:18:00+00:00,0.46,643.7,186147
2026-01-29 23:19:00+00:00,0.63,625.0,130672
2026-01-29 23:20:00+00:00,0.23,664.6,190585
2026-01-29 23:21:00+00:00,0.42,641.2,245128
2026-01-29 23:22:00+00:00,0.28,642.6,338862
2026-01-29 23:23:00+00:00,0.27,642.6,345713
2026-01-29 23:24:00+00:00,0.31,643.8,339206
2026-01-29 23:25:00+00:00,0.36,632.2,321668
2026-01-29 23:26:00+00:00,0.40,620.3,288397
2026-01-29 23:27:00+00:00,0.35,618.2,263486
2026-01-29 23:28:00+00:00,0.35,611.8,213291
2026-01-29 23:29:00+00:00,0.50,602.8,132940
2026-01-29 23:30:00+00:00,0.52,605.8,131350
2026-01-29 23:31:00+00:00,0.41,606.1,160286
2026-01-29 23:32:00+00:00,0.41,608.0,161125
2026-01-29 23:33:00+00:00,0.58,618.8,189102
2026-01-29 23:34:00+00:00,0.53,618.9,173874
2026-01-29 23:35:00+00:00,0.39,599.6,145800
2026-01-29 23:36:00+00:00,0.45,599.9,145311
2026-01-29 23:39:00+00:00,0.43,601.6,170019
2026-01-29 23:40:00+00:00,0.46,599.9,160138
2026-01-29 23:41:00+00:00,0.49,598.8,158341
2026-01-29 23:42:00+00:00,0.51,598.2,168053
2026-01-29 23:43:00+00:00,0.51,597.3,187801
2026-01-29 23:44:00+00:00,0.51,599.3,196657
2026-01-29 23:45:00+00:00,0.54,604.2,180500
2026-01-29 23:46:00+00:00,0.47,604.8,172556
2026-01-29 23:47:00+00:00,0.52,604.0,136880
2026-01-29 23:48:00+00:00,0.57,600.3,178585
2026-01-29 23:49:00+00:00,0.51,602.3,141863
2026-01-29 23:50:00+00:00,0.46,598.6,126884
2026-01-29 23:51:00+00:00,0.44,596.5,123517
2026-01-29 23:52:00+00:00,0.49,596.2,95699
2026-01-29 23:53:00+00:00,0.44,597.6,84976
2026-01-29 23:54:00+00:00,0.45,598.1,93924
2026-01-29 23:55:00+00:00,0.38,598.4,89583
2026-01-29 23:56:00+00:00,0.45,598.8,107243
2026-01-29 23:57:00+00:00,0.50,598.4,110604
2026-01-29 23:58:00+00:00,0.48,597.9,110507
2026-01-29 23:59:00+00:00,0.47,597.8,114036
2026-01-30 00:00:00+00:00,0.50,598.3,108445
2026-01-30 00:01:00+00:00,0.52,599.2,111388
2026-01-30 00:02:00+00:00,0.45,599.0,112996
2026-01-30 00:03:00+00:00,0.43,598.5,114398
2026-01-30 00:04:00+00:00,0.52,594.3,105043
2026-01-30 00:05:00+00:00,0.48,596.1,101426
2026-01-30 00:06:00+00:00,0.51,598.9,102008
2026-01-30 00:07:00+00:00,0.50,606.0,94542
2026-01-30 00:08:00+00:00,0.57,600.5,109615
2026-01-30 00:09:00+00:00,0.62,606.2,117304
2026-01-30 00:12:00+00:00,0.58,605.1,107861
2026-01-30 00:13:00+00:00,0.56,606.0,105471
2026-01-30 00:14:00+00:00,0.50,608.0,100023
2026-01-30 00:15:00+00:00,0.47,608.7,99349
2026-01-30 00:16:00+00:00,0.47,608.3,103006
2026-01-30 00:17:00+00:00,0.46,607.6,101676
2026-01-30 00:18:00+00:00,0.48,603.9,100607
2026-01-30 00:19:00+00:00,0.47,604.3,98830
2026-01-30 00:20:00+00:00,0.57,598.4,101773
2026-01-30 00:21:00+00:00,0.56,599.0,98407
2026-01-30 00:22:00+00:00,0.47,600.4,90574
2026-01-30 00:23:00+00:00,0.53,600.4,98189
2026-01-30 00:24:00+00:00,0.51,598.1,98033
2026-01-30 00:25:00+00:00,0.51,597.8,97959
2026-01-30 00:26:00+00:00,0.42,600.8,102093
2026-01-30 00:27:00+00:00,0.52,592.5,108494
2026-01-30 00:28:00+00:00,0.58,589.1,112286
2026-01-30 00:29:00+00:00,0.58,590.3,109335
2026-01-30 00:30:00+00:00,0.58,594.8,109086
2026-01-30 00:31:00+00:00,0.63,597.4,114811
2026-01-30 00:32:00+00:00,0.67,600.0,120016
2026-01-30 00:33:00+00:00,0.62,604.9,117706
2026-01-30 00:34:00+00:00,0.52,595.0,106153
2026-01-30 00:35:00+00:00,0.52,590.9,104898
2026-01-30 00:36:00+00:00,0.55,590.4,112274
2026-01-30 00:37:00+00:00,0.53,590.2,104904
2026-01-30 00:38:00+00:00,0.44,596.3,104796
2026-01-30 00:39:00+00:00,0.63,589.0,102936
2026-01-30 00:40:00+00:00,0.59,588.9,112274
2026-01-30 00:41:00+00:00,0.51,591.8,101201
2026-01-30 00:42:00+00:00,0.52,591.4,94586
2026-01-30 00:45:00+00:00,0.59,592.2,105603
2026-01-30 00:46:00+00:00,0.58,591.7,99267
2026-01-30 00:47:00+00:00,0.59,591.7,94997
2026-01-30 00:48:00+00:00,0.59,593.1,100415
2026-01-30 00:49:00+00:00,0.56,593.3,106009
2026-01-30 00:50:00+00:00,0.56,589.1,114635
2026-01-30 00:51:00+00:00,0.63,587.3,120168
2026-01-30 00:52:00+00:00,0.45,597.3,83787
2026-01-30 00:53:00+00:00,0.46,605.6,120174
2026-01-30 00:54:00+00:00,0.76,585.9,99798
2026-01-30 00:55:00+00:00,0.76,,
2026-01-30 00:56:00+00:00,0.76,577.5,110068
2026-01-30 00:57:00+00:00,0.69,584.2,96067
2026-01-30 00:58:00+00:00,0.67,587.1,100505
2026-01-30 00:59:00+00:00,0.63,589.3,115669
2026-01-30 01:00:00+00:00,0.83,590.3,149621
2026-01-30 01:01:00+00:00,0.90,589.6,171245
2026-01-30 01:02:00+00:00,0.90,587.9,180403
2026-01-30 01:03:00+00:00,0.94,587.7,180845
2026-01-30 01:04:00+00:00,0.89,587.4,179621
2026-01-30 01:05:00+00:00,0.85,584.9,183971
2026-01-30 01:06:00+00:00,0.87,585.7,171074
2026-01-30 01:07:00+00:00,0.95,585.0,199737
2026-01-30 01:08:00+00:00,1.05,586.2,199920
2026-01-30 01:09:00+00:00,1.19,582.8,196516
2026-01-30 01:10:00+00:00,0.93,589.4,219885
2026-01-30 01:11:00+00:00,1.11,584.7,203673
2026-01-30 01:12:00+00:00,1.08,582.7,175812
2026-01-30 01:13:00+00:00,0.79,591.7,155759
2026-01-30 01:14:00+00:00,0.77,590.8,164487
2026-01-30 01:15:00+00:00,0.78,584.5,182201
2026-01-30 01:16:00+00:00,0.80,578.1,192039
2026-01-30 01:17:00+00:00,0.81,575.7,194246
2026-01-30 01:18:00+00:00,0.55,615.9,166591
2026-01-30 01:19:00+00:00,0.72,610.8,150065
2026-01-30 01:20:00+00:00,0.86,599.6,132959
2026-01-30 01:21:00+00:00,0.68,594.6,146490
2026-01-30 01:22:00+00:00,0.67,602.2,150606
2026-01-30 01:23:00+00:00,0.60,606.7,143922
2026-01-30 01:24:00+00:00,0.51,605.4,141697
2026-01-30 01:25:00+00:00,0.73,610.3,132927
2026-01-30 01:26:00+00:00,1.02,598.3,140368
2026-01-30 01:27:00+00:00,1.09,601.3,137259
2026-01-30 01:28:00+00:00,0.72,591.0,150531
2026-01-30 01:29:00+00:00,0.82,586.6,145426
2026-01-30 01:30:00+00:00,0.67,586.0,198344
2026-01-30 01:31:00+00:00,0.68,587.9,189010
2026-01-30 01:32:00+00:00,0.83,592.0,162214
2026-01-30 01:33:00+00:00,0.99,590.7,164908
2026-01-30 01:34:00+00:00,1.01,584.6,193159
2026-01-30 01:35:00+00:00,0.84,587.4,219545
2026-01-30 01:36:00+00:00,0.70,595.7,236602
2026-01-30 01:37:00+00:00,0.76,591.4,251210
2026-01-30 01:38:00+00:00,0.92,583.2,253300
2026-01-30 01:39:00+00:00,0.86,585.8,268462
2026-01-30 01:40:00+00:00,0.92,583.8,262798
2026-01-30 01:41:00+00:00,0.80,586.6,289282
2026-01-30 01:42:00+00:00,0.80,588.2,271278
2026-01-30 01:43:00+00:00,0.80,587.3,296398
2026-01-30 01:44:00+00:00,0.85,585.3,271125
2026-01-30 01:45:00+00:00,0.91,583.5,276470
2026-01-30 01:46:00+00:00,0.98,582.5,270841
2026-01-30 01:47:00+00:00,0.98,582.9,273722
2026-01-30 01:48:00+00:00,0.95,583.8,258419
2026-01-30 01:49:00+00:00,0.99,582.6,251880
2026-01-30 01:50:00+00:00,1.03,581.3,255590
2026-01-30 01:51:00+00:00,1.00,578.0,273626
2026-01-30 01:52:00+00:00,1.01,578.2,273632
2026-01-30 01:53:00+00:00,1.03,577.8,267474
2026-01-30 01:54:00+00:00,1.07,576.4,247394
2026-01-30 01:55:00+00:00,1.10,577.8,230017
2026-01-30 01:56:00+00:00,1.05,578.5,224898
2026-01-30 01:57:00+00:00,1.02,578.1,243058
2026-01-30 01:58:00+00:00,0.91,576.7,259487
2026-01-30 01:59:00+00:00,0.81,563.8,94109
2026-01-30 02:00:00+00:00,0.92,578.6,255764
2026-01-30 02:01:00+00:00,1.03,579.4,279071
2026-01-30 02:02:00+00:00,1.02,578.3,275554
2026-01-30 02:03:00+00:00,1.01,575.3,248202
2026-01-30 02:04:00+00:00,0.88,581.1,267968
2026-01-30 02:05:00+00:00,0.94,582.4,261706
2026-01-30 02:06:00+00:00,1.00,580.2,253059
2026-01-30 02:07:00+00:00,0.94,580.8,263681
2026-01-30 02:08:00+00:00,0.94,581.0,263267
2026-01-30 02:09:00+00:00,1.01,580.3,258703
2026-01-30 02:10:00+00:00,1.09,579.9,239913
2026-01-30 02:11:00+00:00,0.90,579.7,278635
2026-01-30 02:12:00+00:00,0.92,579.3,289266
2026-01-30 02:13:00+00:00,0.91,576.5,275271
2026-01-30 02:14:00+00:00,0.54,551.8,46630
2026-01-30 02:15:00+00:00,0.84,577.1,235548
2026-01-30 02:16:00+00:00,1.01,581.6,238639
2026-01-30 02:17:00+00:00,0.99,583.5,230084
2026-01-30 02:18:00+00:00,0.93,581.4,240950
2026-01-30 02:19:00+00:00,0.80,588.0,226547
2026-01-30 02:20:00+00:00,0.91,594.8,197866
2026-01-30 02:21:00+00:00,1.03,592.1,189028
2026-01-30 02:22:00+00:00,0.99,586.9,181353
2026-01-30 02:23:00+00:00,0.92,585.5,169972
2026-01-30 02:24:00+00:00,0.88,584.6,151582
2026-01-30 02:25:00+00:00,0.87,583.8,153352
2026-01-30 02:26:00+00:00,0.88,581.5,161119
2026-01-30 02:27:00+00:00,0.96,581.1,174487
2026-01-30 02:28:00+00:00,0.88,585.4,180428
2026-01-30 02:29:00+00:00,1.10,584.7,153710
2026-01-30 02:30:00+00:00,0.76,586.5,147898
2026-01-30 02:31:00+00:00,0.71,587.1,173229
2026-01-30 02:32:00+00:00,0.76,581.4,181079
2026-01-30 02:33:00+00:00,1.09,600.6,171360
2026-01-30 02:34:00+00:00,1.08,608.4,153553
2026-01-30 02:35:00+00:00,1.15,607.6,154440
2026-01-30 02:36:00+00:00,1.07,599.5,155413
2026-01-30 02:37:00+00:00,1.00,586.6,141864
2026-01-30 02:38:00+00:00,0.99,583.1,140138
2026-01-30 02:39:00+00:00,1.03,588.1,148022
2026-01-30 02:40:00+00:00,1.07,592.4,145487
2026-01-30 02:41:00+00:00,0.98,596.4,144005
2026-01-30 02:42:00+00:00,0.93,595.5,146805
2026-01-30 02:43:00+00:00,0.75,596.0,153306
2026-01-30 02:44:00+00:00,1.05,595.5,146835
2026-01-30 02:45:00+00:00,0.83,591.1,140986
2026-01-30 02:46:00+00:00,0.94,598.2,144061
2026-01-30 02:47:00+00:00,0.83,591.4,115850
2026-01-30 02:48:00+00:00,0.90,576.1,126892
2026-01-30 02:49:00+00:00,0.77,580.4,150193
2026-01-30 02:50:00+00:00,0.46,609.8,187229
2026-01-30 02:51:00+00:00,0.35,606.4,181246
2026-01-30 02:52:00+00:00,0.49,602.8,152240
2026-01-30 02:53:00+00:00,0.85,612.3,168126
2026-01-30 02:54:00+00:00,0.83,615.6,200436
2026-01-30 02:55:00+00:00,0.54,617.8,187658
2026-01-30 02:56:00+00:00,0.49,625.8,157050
2026-01-30 02:57:00+00:00,0.60,599.9,121523
2026-01-30 02:58:00+00:00,0.64,598.7,120647
2026-01-30 02:59:00+00:00,0.83,594.2,120857
2026-01-30 03:00:00+00:00,0.98,591.4,141074
2026-01-30 03:01:00+00:00,0.93,575.9,152980
2026-01-30 03:02:00+00:00,0.91,579.2,155082
2026-01-30 03:03:00+00:00,1.01,585.9,158358
2026-01-30 03:04:00+00:00,0.99,581.8,142964
2026-01-30 03:05:00+00:00,0.99,584.0,152395
2026-01-30 03:06:00+00:00,0.90,580.3,149035
2026-01-30 03:07:00+00:00,0.82,578.9,213573
2026-01-30 03:08:00+00:00,0.71,606.8,181952
2026-01-30 03:09:00+00:00,0.74,624.1,154302
2026-01-30 03:10:00+00:00,0.80,610.5,167839
2026-01-30 03:11:00+00:00,0.74,590.8,151031
2026-01-30 03:12:00+00:00,0.58,597.9,120842
2026-01-30 03:13:00+00:00,0.40,619.3,125673
2026-01-30 03:14:00+00:00,0.34,601.7,162022
2026-01-30 03:15:00+00:00,0.52,585.5,244388
2026-01-30 03:16:00+00:00,0.46,591.9,220219
2026-01-30 03:17:00+00:00,0.44,606.7,180390
2026-01-30 03:18:00+00:00,0.72,592.5,158077
2026-01-30 03:19:00+00:00,0.88,592.6,161931
2026-01-30 03:20:00+00:00,0.85,583.7,190094
2026-01-30 03:21:00+00:00,0.64,585.1,196658
2026-01-30 03:22:00+00:00,0.89,593.2,175602
2026-01-30 03:23:00+00:00,0.86,581.5,173698
2026-01-30 03:24:00+00:00,0.76,573.7,207161
2026-01-30 03:25:00+00:00,0.91,580.3,200152
2026-01-30 03:26:00+00:00,1.05,583.2,184506
2026-01-30 03:27:00+00:00,1.04,579.8,188388
2026-01-30 03:28:00+00:00,1.06,582.0,185268
2026-01-30 03:29:00+00:00,1.12,586.2,185645
2026-01-30 03:30:00+00:00,0.79,582.6,163118
2026-01-30 03:31:00+00:00,0.83,581.7,172538
2026-01-30 03:32:00+00:00,1.02,576.1,222509
2026-01-30 03:33:00+00:00,0.94,570.7,185437
2026-01-30 03:34:00+00:00,0.92,572.1,210379
2026-01-30 03:35:00+00:00,0.90,572.2,192861
2026-01-30 03:36:00+00:00,0.75,578.7,239046
2026-01-30 03:37:00+00:00,0.74,598.6,196213
2026-01-30 03:38:00+00:00,0.78,615.8,161657
2026-01-30 03:39:00+00:00,0.80,620.8,167617
2026-01-30 03:40:00+00:00,0.82,615.5,173310
2026-01-30 03:41:00+00:00,0.86,623.0,162521
2026-01-30 03:42:00+00:00,0.87,627.7,168775
2026-01-30 03:43:00+00:00,0.89,621.3,179805
2026-01-30 03:44:00+00:00,0.90,613.9,170489
2026-01-30 03:45:00+00:00,0.92,602.8,165737
2026-01-30 03:46:00+00:00,1.02,599.2,167552
2026-01-30 03:47:00+00:00,0.75,598.5,174034
2026-01-30 03:48:00+00:00,0.78,578.9,191917
2026-01-30 03:49:00+00:00,0.67,575.5,221189
2026-01-30 03:50:00+00:00,0.87,576.8,235432
2026-01-30 03:51:00+00:00,0.82,591.3,190969
2026-01-30 03:52:00+00:00,0.96,575.9,216322
2026-01-30 03:53:00+00:00,0.79,578.5,217408
2026-01-30 03:54:00+00:00,0.81,577.5,239573
2026-01-30 03:55:00+00:00,0.85,577.7,223778
2026-01-30 03:56:00+00:00,0.78,576.8,213852
2026-01-30 03:57:00+00:00,0.75,575.1,222610
2026-01-30 03:58:00+00:00,0.77,575.3,234504
2026-01-30 04:00:00+00:00,0.84,577.2,235983
2026-01-30 04:01:00+00:00,0.92,573.4,227171
2026-01-30 04:02:00+00:00,1.12,563.6,204881
2026-01-30 04:03:00+00:00,1.04,562.7,211534
2026-01-30 04:04:00+00:00,1.02,563.8,213053
2026-01-30 04:05:00+00:00,0.81,575.9,229847
2026-01-30 04:06:00+00:00,0.70,581.3,235072
2026-01-30 04:07:00+00:00,0.73,574.3,255431
2026-01-30 04:08:00+00:00,0.74,572.6,251094
2026-01-30 04:09:00+00:00,0.79,584.5,236317
2026-01-30 04:10:00+00:00,0.80,615.4,190859
2026-01-30 04:11:00+00:00,0.78,598.2,194721
2026-01-30 04:12:00+00:00,0.72,609.4,187509
2026-01-30 04:13:00+00:00,0.84,590.5,206841
2026-01-30 04:14:00+00:00,0.94,563.6,223866
2026-01-30 04:15:00+00:00,0.98,563.5,202314
2026-01-30 04:16:00+00:00,1.07,563.4,188564
2026-01-30 04:17:00+00:00,1.09,563.9,200979
2026-01-30 04:18:00+00:00,1.11,561.1,202388
2026-01-30 04:19:00+00:00,1.01,562.7,201517
2026-01-30 04:20:00+00:00,0.96,561.7,194629
2026-01-30 04:21:00+00:00,0.97,562.7,195259
2026-01-30 04:22:00+00:00,0.95,567.3,188148
2026-01-30 04:23:00+00:00,0.77,568.2,207268
2026-01-30 04:24:00+00:00,0.84,572.8,169864
2026-01-30 04:25:00+00:00,0.96,572.8,185753
2026-01-30 04:26:00+00:00,1.12,576.7,183427
2026-01-30 04:27:00+00:00,1.08,574.3,171119
2026-01-30 04:28:00+00:00,1.02,577.0,161297
2026-01-30 04:29:00+00:00,0.90,580.6,185627
2026-01-30 04:30:00+00:00,0.87,580.6,191035
2026-01-30 04:31:00+00:00,0.98,581.1,180638
2026-01-30 04:32:00+00:00,1.01,582.2,192773
2026-01-30 04:33:00+00:00,0.92,581.4,203072
2026-01-30 04:34:00+00:00,0.86,582.3,214796
2026-01-30 04:35:00+00:00,0.83,585.7,180540
2026-01-30 04:36:00+00:00,0.86,570.4,194646
2026-01-30 04:37:00+00:00,0.86,570.6,194777
2026-01-30 04:38:00+00:00,0.79,584.6,202499
2026-01-30 04:39:00+00:00,0.78,597.9,211075
2026-01-30 04:40:00+00:00,0.73,592.2,198619
2026-01-30 04:41:00+00:00,1.01,584.3,167485
2026-01-30 04:42:00+00:00,1.07,578.0,160821
2026-01-30 04:43:00+00:00,1.01,572.7,154621
2026-01-30 04:44:00+00:00,1.03,568.6,174282
2026-01-30 04:45:00+00:00,1.08,564.5,183075
2026-01-30 04:46:00+00:00,1.06,563.2,188940
2026-01-30 04:47:00+00:00,1.08,569.8,203522
2026-01-30 04:48:00+00:00,1.15,585.0,203064
2026-01-30 04:49:00+00:00,1.11,597.0,182459
2026-01-30 04:50:00+00:00,1.06,592.6,162691
2026-01-30 04:51:00+00:00,1.07,587.2,177134
2026-01-30 04:52:00+00:00,0.98,573.6,146203
2026-01-30 04:53:00+00:00,0.98,579.0,145862
2026-01-30 04:54:00+00:00,0.95,570.0,137614
2026-01-30 04:55:00+00:00,0.74,571.6,131098
2026-01-30 04:56:00+00:00,1.00,582.7,144974
2026-01-30 04:57:00+00:00,1.19,580.2,180283
2026-01-30 04:58:00+00:00,1.16,577.4,175288
2026-01-30 04:59:00+00:00,1.04,573.4,165345
2026-01-30 05:00:00+00:00,1.04,567.6,170642
2026-01-30 05:01:00+00:00,0.94,569.4,175260
2026-01-30 05:02:00+00:00,0.88,569.6,167493
2026-01-30 05:03:00+00:00,0.91,564.6,161989
2026-01-30 05:04:00+00:00,0.87,561.7,184575
2026-01-30 05:05:00+00:00,0.88,558.3,206446
2026-01-30 05:06:00+00:00,0.90,555.4,181607
2026-01-30 05:07:00+00:00,0.89,558.3,213140
2026-01-30 05:08:00+00:00,0.91,567.2,197562
2026-01-30 05:09:00+00:00,0.85,,
2026-01-30 05:10:00+00:00,0.85,564.9,179687
2026-01-30 05:11:00+00:00,0.88,568.9,150110
2026-01-30 05:12:00+00:00,0.83,570.6,192041
2026-01-30 05:13:00+00:00,0.93,581.6,171236
2026-01-30 05:14:00+00:00,0.87,569.4,153624
2026-01-30 05:15:00+00:00,0.97,564.9,169408
2026-01-30 05:16:00+00:00,0.87,571.8,189968
2026-01-30 05:17:00+00:00,0.94,575.6,184536
2026-01-30 05:18:00+00:00,1.03,581.3,185007
2026-01-30 05:19:00+00:00,1.02,583.7,187166
2026-01-30 05:20:00+00:00,1.05,583.5,173976
2026-01-30 05:21:00+00:00,1.00,590.3,176933
2026-01-30 05:22:00+00:00,0.90,589.4,182328
2026-01-30 05:23:00+00:00,0.59,621.0,174959
2026-01-30 05:24:00+00:00,0.94,638.5,189333
2026-01-30 05:25:00+00:00,0.86,623.5,181104
2026-01-30 05:26:00+00:00,0.75,629.1,167313
2026-01-30 05:27:00+00:00,0.86,620.5,171734
2026-01-30 05:28:00+00:00,0.94,612.3,178532
2026-01-30 05:29:00+00:00,0.86,627.2,201783
2026-01-30 05:30:00+00:00,0.97,634.7,192748
2026-01-30 05:31:00+00:00,0.83,613.5,182727
2026-01-30 05:32:00+00:00,0.82,607.6,144662
2026-01-30 05:33:00+00:00,0.94,604.6,138043
2026-01-30 05:34:00+00:00,1.01,598.2,143915
2026-01-30 05:35:00+00:00,1.03,600.8,134261
2026-01-30 05:36:00+00:00,0.99,604.3,130578
2026-01-30 05:37:00+00:00,0.89,600.3,133582
2026-01-30 05:38:00+00:00,0.89,602.3,143661
2026-01-30 05:39:00+00:00,1.04,603.6,144324
2026-01-30 05:40:00+00:00,0.94,602.5,132873
2026-01-30 05:41:00+00:00,1.00,602.5,137379
2026-01-30 05:43:00+00:00,1.08,587.6,146767
2026-01-30 05:44:00+00:00,1.16,591.5,131495
2026-01-30 05:45:00+00:00,1.25,599.2,144253
2026-01-30 05:46:00+00:00,1.10,609.1,141457
2026-01-30 05:47:00+00:00,1.00,613.2,134505
2026-01-30 05:48:00+00:00,1.08,612.6,139519
2026-01-30 05:49:00+00:00,1.02,612.8,132353
2026-01-30 05:50:00+00:00,1.13,613.9,130755
2026-01-30 05:51:00+00:00,1.34,611.2,143742
2026-01-30 05:52:00+00:00,1.28,608.7,144678
2026-01-30 05:53:00+00:00,1.20,612.2,136797
2026-01-30 05:54:00+00:00,1.10,611.5,143047
2026-01-30 05:55:00+00:00,1.20,609.6,146299
2026-01-30 05:56:00+00:00,1.27,609.1,139271
2026-01-30 05:57:00+00:00,1.24,605.0,134665
2026-01-30 05:58:00+00:00,0.97,605.3,139539
2026-01-30 05:59:00+00:00,0.90,582.6,199400
2026-01-30 06:00:00+00:00,0.83,575.8,216066
2026-01-30 06:01:00+00:00,0.86,571.9,204871
2026-01-30 06:02:00+00:00,0.72,584.6,143462
2026-01-30 06:03:00+00:00,0.60,591.7,115170
2026-01-30 06:04:00+00:00,0.56,591.6,114700
2026-01-30 06:05:00+00:00,0.70,584.9,118436
2026-01-30 06:06:00+00:00,0.91,580.1,125311
2026-01-30 06:07:00+00:00,0.94,586.8,133744
2026-01-30 06:08:00+00:00,0.93,587.2,138234
2026-01-30 06:09:00+00:00,1.09,569.8,140816
2026-01-30 06:10:00+00:00,1.09,568.4,142974
2026-01-30 06:11:00+00:00,1.02,565.5,141855
2026-01-30 06:12:00+00:00,1.15,562.3,116322
2026-01-30 06:13:00+00:00,1.15,571.4,131249
2026-01-30 06:14:00+00:00,1.23,579.6,196502
2026-01-30 06:15:00+00:00,1.23,,
2026-01-30 06:16:00+00:00,1.28,582.5,147390
2026-01-30 06:17:00+00:00,1.20,583.2,158824
2026-01-30 06:18:00+00:00,1.27,586.4,177419
2026-01-30 06:19:00+00:00,1.29,582.3,176820
2026-01-30 06:20:00+00:00,1.29,578.0,165028
2026-01-30 06:21:00+00:00,1.29,577.8,159434
2026-01-30 06:22:00+00:00,1.27,582.3,163544
2026-01-30 06:23:00+00:00,1.23,583.1,159255
2026-01-30 06:24:00+00:00,1.19,578.5,144686
2026-01-30 06:25:00+00:00,1.22,578.2,141797
2026-01-30 06:26:00+00:00,1.38,578.3,141437
2026-01-30 06:27:00+00:00,1.49,576.9,124009
2026-01-30 06:28:00+00:00,1.48,575.9,119726
2026-01-30 06:29:00+00:00,1.48,567.7,136517
2026-01-30 06:30:00+00:00,1.29,575.0,148400
2026-01-30 06:31:00+00:00,1.24,580.9,135651
2026-01-30 06:32:00+00:00,0.95,588.1,139465
2026-01-30 06:33:00+00:00,1.09,587.2,140579
2026-01-30 06:34:00+00:00,1.15,586.2,142249
2026-01-30 06:35:00+00:00,1.27,582.1,128805
2026-01-30 06:36:00+00:00,0.95,583.8,122605
2026-01-30 06:37:00+00:00,0.90,586.5,128524
2026-01-30 06:38:00+00:00,0.97,583.8,127597
2026-01-30 06:39:00+00:00,1.09,591.9,129407
2026-01-30 06:40:00+00:00,1.35,606.0,136211
2026-01-30 06:41:00+00:00,1.28,600.5,128516
2026-01-30 06:42:00+00:00,1.25,591.3,135281
2026-01-30 06:43:00+00:00,1.18,579.7,156586
2026-01-30 06:44:00+00:00,1.22,589.2,139961
2026-01-30 06:45:00+00:00,1.22,590.4,135223
2026-01-30 06:46:00+00:00,1.23,587.9,134030
2026-01-30 06:47:00+00:00,1.19,586.7,136455
2026-01-30 06:48:00+00:00,1.18,586.6,136583
2026-01-30 06:49:00+00:00,1.50,593.6,126170
2026-01-30 06:50:00+00:00,1.34,593.4,135298
2026-01-30 06:51:00+00:00,1.68,595.7,142429
2026-01-30 06:52:00+00:00,1.49,594.9,137670
2026-01-30 06:53:00+00:00,1.25,591.7,135199
2026-01-30 06:54:00+00:00,1.34,592.8,145093
2026-01-30 06:55:00+00:00,1.36,596.3,146381
2026-01-30 06:56:00+00:00,1.26,599.1,137444
2026-01-30 06:57:00+00:00,1.33,605.6,154871
2026-01-30 06:58:00+00:00,1.47,611.6,179787
2026-01-30 06:59:00+00:00,1.32,602.5,145667
2026-01-30 07:00:00+00:00,1.17,604.1,149430
2026-01-30 07:01:00+00:00,1.43,602.1,144353
2026-01-30 07:02:00+00:00,1.27,603.7,133195
2026-01-30 07:03:00+00:00,1.20,603.5,129186
2026-01-30 07:04:00+00:00,2.85,611.3,93761
2026-01-30 07:05:00+00:00,3.07,612.4,89110
2026-01-30 08:05:00+00:00,1.21,,
2026-01-30 08:06:00+00:00,1.21,549.1,193542
2026-01-30 08:07:00+00:00,1.28,551.7,197068
2026-01-30 08:08:00+00:00,1.25,551.7,199620
2026-01-30 08:09:00+00:00,1.30,552.8,214470
2026-01-30 08:10:00+00:00,1.23,551.8,213928
2026-01-30 08:11:00+00:00,1.28,550.9,205646
2026-01-30 08:12:00+00:00,1.28,550.6,203091
2026-01-30 08:13:00+00:00,1.27,550.0,198929
2026-01-30 08:14:00+00:00,1.27,550.7,197417
2026-01-30 08:15:00+00:00,1.28,551.4,197148
2026-01-30 08:16:00+00:00,1.26,551.3,192618
2026-01-30 08:17:00+00:00,1.22,551.9,191607
2026-01-30 08:18:00+00:00,1.20,550.7,193115
2026-01-30 08:19:00+00:00,1.20,549.5,195667
2026-01-30 08:20:00+00:00,1.19,550.1,202500
2026-01-30 08:21:00+00:00,1.15,551.3,195780
2026-01-30 08:22:00+00:00,1.15,544.2,183406
2026-01-30 08:23:00+00:00,1.18,551.8,203716
2026-01-30 08:24:00+00:00,1.19,576.1,164109
2026-01-30 08:25:00+00:00,1.15,581.7,154159
2026-01-30 08:26:00+00:00,1.34,585.3,151826
2026-01-30 08:27:00+00:00,1.40,586.3,151391
2026-01-30 08:28:00+00:00,1.30,585.9,131217
2026-01-30 08:29:00+00:00,1.08,585.4,136009
2026-01-30 08:30:00+00:00,1.08,587.3,144387
2026-01-30 08:31:00+00:00,1.20,589.3,158647
2026-01-30 08:32:00+00:00,1.06,587.1,172884
2026-01-30 08:33:00+00:00,1.04,585.2,158234
2026-01-30 08:34:00+00:00,1.20,583.9,122321
2026-01-30 08:35:00+00:00,1.15,574.2,140213
2026-01-30 08:36:00+00:00,1.16,569.2,132621
2026-01-30 08:37:00+00:00,1.06,541.5,189927
2026-01-30 08:38:00+00:00,1.24,552.8,153394
2026-01-30 08:39:00+00:00,1.17,546.0,214009
2026-01-30 08:40:00+00:00,1.32,548.1,160025
2026-01-30 08:41:00+00:00,1.08,552.0,147709
2026-01-30 08:42:00+00:00,1.20,550.5,165270
2026-01-30 08:43:00+00:00,1.08,556.0,167678
2026-01-30 08:44:00+00:00,1.20,557.0,160163
2026-01-30 08:45:00+00:00,1.19,564.0,156097
2026-01-30 08:46:00+00:00,1.14,563.1,139688
2026-01-30 08:47:00+00:00,1.19,558.5,121898
2026-01-30 08:48:00+00:00,1.18,560.3,129917
2026-01-30 08:49:00+00:00,1.20,555.0,133421
2026-01-30 08:50:00+00:00,1.23,555.3,100156
2026-01-30 08:51:00+00:00,1.00,550.3,156663
2026-01-30 08:52:00+00:00,1.01,550.9,157946
2026-01-30 08:53:00+00:00,1.07,556.7,172051
2026-01-30 08:55:00+00:00,1.18,557.5,128542
2026-01-30 08:56:00+00:00,1.25,555.4,135136
2026-01-30 08:57:00+00:00,1.23,554.4,128926
2026-01-30 08:58:00+00:00,1.11,548.5,135062
2026-01-30 09:01:00+00:00,1.06,555.9,143910
2026-01-30 09:02:00+00:00,1.07,554.1,147136
2026-01-30 09:03:00+00:00,1.07,554.9,148670
2026-01-30 09:04:00+00:00,1.04,557.9,141858
2026-01-30 09:05:00+00:00,0.95,560.2,124380
2026-01-30 09:06:00+00:00,0.88,569.8,100476
2026-01-30 09:07:00+00:00,0.98,569.1,106243
2026-01-30 09:08:00+00:00,0.99,566.0,120966
2026-01-30 09:09:00+00:00,1.06,564.9,124589
2026-01-30 09:10:00+00:00,1.00,566.0,105816
2026-01-30 09:11:00+00:00,1.03,561.4,109636
2026-01-30 09:12:00+00:00,0.98,556.9,118860
2026-01-30 09:13:00+00:00,1.23,549.9,128504
2026-01-30 09:14:00+00:00,1.30,549.7,131409
2026-01-30 09:15:00+00:00,1.30,551.4,128890
2026-01-30 09:16:00+00:00,1.27,551.7,128373
2026-01-30 09:17:00+00:00,1.30,550.5,132084
2026-01-30 09:18:00+00:00,1.32,550.6,129504
2026-01-30 09:19:00+00:00,1.36,550.9,124258
2026-01-30 09:20:00+00:00,1.37,549.2,125572
2026-01-30 09:21:00+00:00,1.21,551.1,125974
2026-01-30 09:22:00+00:00,1.19,559.9,119557
2026-01-30 09:23:00+00:00,1.27,562.8,109071
2026-01-30 09:24:00+00:00,1.29,560.6,120403
2026-01-30 09:25:00+00:00,1.40,553.7,137547
2026-01-30 09:26:00+00:00,0.99,558.6,123416
2026-01-30 09:27:00+00:00,0.87,559.9,117415
2026-01-30 09:28:00+00:00,0.94,557.9,127146
2026-01-30 09:29:00+00:00,1.32,560.0,119612
2026-01-30 09:30:00+00:00,1.08,556.5,124676
2026-01-30 09:31:00+00:00,0.92,554.6,124486
2026-01-30 09:34:00+00:00,1.32,548.0,128821
2026-01-30 09:35:00+00:00,1.27,547.2,130137
2026-01-30 09:36:00+00:00,1.13,548.5,147287
2026-01-30 09:37:00+00:00,0.97,552.2,173818
2026-01-30 09:38:00+00:00,0.96,549.4,161732
2026-01-30 09:39:00+00:00,1.28,543.4,133019
2026-01-30 09:40:00+00:00,1.29,545.8,120807
2026-01-30 09:41:00+00:00,1.42,547.2,134010
2026-01-30 09:42:00+00:00,1.34,544.9,134706
2026-01-30 09:43:00+00:00,1.08,541.3,163913
2026-01-30 09:44:00+00:00,1.26,536.6,158821
2026-01-30 09:45:00+00:00,1.30,535.1,137751
2026-01-30 09:46:00+00:00,1.35,543.1,140950
2026-01-30 09:47:00+00:00,1.20,544.2,148952
2026-01-30 09:48:00+00:00,1.28,547.5,140212
2026-01-30 09:49:00+00:00,1.26,547.2,134132
2026-01-30 09:50:00+00:00,1.23,549.8,134323
2026-01-30 09:51:00+00:00,1.28,553.6,127217
2026-01-30 09:52:00+00:00,1.23,549.5,121263
2026-01-30 09:53:00+00:00,1.13,546.5,129588
2026-01-30 09:54:00+00:00,1.12,547.1,138899
2026-01-30 09:55:00+00:00,1.09,544.2,154200
2026-01-30 09:56:00+00:00,0.91,549.3,174536
2026-01-30 09:57:00+00:00,1.04,547.0,140479
2026-01-30 09:58:00+00:00,1.13,543.4,146420
2026-01-30 10:02:00+00:00,1.26,549.0,117334
2026-01-30 10:03:00+00:00,1.21,549.7,115449
2026-01-30 10:04:00+00:00,1.31,550.4,121413
2026-01-30 10:07:00+00:00,1.11,551.7,116275
2026-01-30 10:08:00+00:00,1.14,552.2,112756
2026-01-30 10:09:00+00:00,1.22,553.4,105641
2026-01-30 10:10:00+00:00,1.24,554.0,101423
2026-01-30 10:11:00+00:00,1.17,552.7,95390
2026-01-30 10:12:00+00:00,1.26,551.1,117724
2026-01-30 10:13:00+00:00,1.25,546.9,120275
2026-01-30 10:14:00+00:00,1.33,538.3,136394
2026-01-30 10:15:00+00:00,1.23,538.9,127039
2026-01-30 10:16:00+00:00,1.24,542.4,131099
2026-01-30 10:17:00+00:00,1.21,541.1,124980
2026-01-30 10:18:00+00:00,1.07,542.6,143622
2026-01-30 10:19:00+00:00,1.30,538.7,142917
2026-01-30 10:20:00+00:00,1.27,539.6,137415
2026-01-30 10:21:00+00:00,1.09,537.6,145073
2026-01-30 10:22:00+00:00,1.04,535.0,144443
2026-01-30 10:23:00+00:00,1.20,534.5,145590
2026-01-30 10:24:00+00:00,1.39,533.2,159058
2026-01-30 10:25:00+00:00,1.35,533.0,155451
2026-01-30 10:26:00+00:00,1.32,530.8,146141
2026-01-30 10:27:00+00:00,1.27,529.8,145612
2026-01-30 10:28:00+00:00,1.23,530.4,148826
2026-01-30 10:29:00+00:00,1.10,530.0,145158
2026-01-30 10:30:00+00:00,1.11,533.3,151396
2026-01-30 10:31:00+00:00,1.04,535.3,149938
2026-01-30 10:32:00+00:00,1.13,532.7,152926
2026-01-30 10:33:00+00:00,1.11,533.8,144073
2026-01-30 10:34:00+00:00,1.19,533.6,132343
2026-01-30 10:35:00+00:00,1.11,536.5,136016
2026-01-30 10:36:00+00:00,1.19,535.3,135489
2026-01-30 10:37:00+00:00,1.28,534.5,135753
2026-01-30 10:38:00+00:00,1.29,535.1,137862
2026-01-30 10:40:00+00:00,1.14,537.6,146848
2026-01-30 10:41:00+00:00,1.10,538.2,147110
2026-01-30 10:42:00+00:00,1.11,537.7,156483
2026-01-30 10:43:00+00:00,1.40,530.8,186495
2026-01-30 10:44:00+00:00,1.20,537.0,178018
2026-01-30 10:45:00+00:00,1.04,543.9,176839
2026-01-30 10:46:00+00:00,1.33,532.3,182691
2026-01-30 10:47:00+00:00,1.03,539.7,178614
2026-01-30 10:48:00+00:00,0.94,544.7,156023
2026-01-30 10:49:00+00:00,0.90,544.2,155108
2026-01-30 10:50:00+00:00,0.86,546.1,158618
2026-01-30 10:51:00+00:00,1.07,540.5,161354
2026-01-30 10:52:00+00:00,1.19,539.1,153325
2026-01-30 10:53:00+00:00,0.98,543.4,149090
2026-01-30 10:54:00+00:00,0.79,551.0,147752
2026-01-30 10:55:00+00:00,0.81,553.1,140207
2026-01-30 10:56:00+00:00,0.81,548.6,137634
2026-01-30 10:57:00+00:00,0.84,551.2,141988
2026-01-30 10:58:00+00:00,1.03,556.3,135314
2026-01-30 10:59:00+00:00,0.88,546.5,150164
2026-01-30 11:00:00+00:00,1.38,530.5,167157
2026-01-30 11:01:00+00:00,1.47,529.4,158939
2026-01-30 11:02:00+00:00,1.40,530.9,162745
2026-01-30 11:03:00+00:00,1.38,528.7,177528
2026-01-30 11:04:00+00:00,1.26,531.5,172563
2026-01-30 11:05:00+00:00,1.13,527.3,182086
2026-01-30 11:06:00+00:00,1.31,528.2,161523
2026-01-30 11:07:00+00:00,1.33,529.5,155904
2026-01-30 11:08:00+00:00,1.30,529.2,161431
2026-01-30 11:09:00+00:00,1.19,530.8,165152
2026-01-30 11:10:00+00:00,1.12,532.0,162445
2026-01-30 11:11:00+00:00,1.13,531.6,158795
2026-01-30 11:13:00+00:00,1.13,528.2,167891
2026-01-30 11:14:00+00:00,1.11,530.1,165046
2026-01-30 11:15:00+00:00,1.03,537.2,154069
2026-01-30 11:16:00+00:00,0.95,540.0,149248
2026-01-30 11:17:00+00:00,0.81,539.6,139251
2026-01-30 11:18:00+00:00,0.85,543.5,143608
2026-01-30 11:19:00+00:00,0.92,541.3,134375
2026-01-30 11:20:00+00:00,0.88,546.8,124674
2026-01-30 11:21:00+00:00,0.93,550.0,125962
2026-01-30 11:22:00+00:00,0.83,547.4,115027
2026-01-30 11:23:00+00:00,0.86,542.1,126421
2026-01-30 11:24:00+00:00,0.89,544.7,137519
2026-01-30 11:25:00+00:00,0.87,550.2,118592
2026-01-30 11:26:00+00:00,0.84,557.5,100246
2026-01-30 11:27:00+00:00,0.79,558.4,98848
2026-01-30 11:28:00+00:00,0.78,556.2,102234
2026-01-30 11:29:00+00:00,0.93,566.3,107546
2026-01-30 11:30:00+00:00,1.02,571.0,104349
2026-01-30 11:31:00+00:00,0.94,572.1,112215
2026-01-30 11:32:00+00:00,0.77,565.3,100425
2026-01-30 11:33:00+00:00,0.58,555.4,112953
2026-01-30 11:34:00+00:00,0.77,562.7,103775
2026-01-30 11:35:00+00:00,0.72,557.4,111730
2026-01-30 11:36:00+00:00,0.67,555.7,97909
2026-01-30 11:37:00+00:00,0.67,555.9,95060
2026-01-30 11:38:00+00:00,0.72,550.4,108658
2026-01-30 11:39:00+00:00,0.75,548.1,119268
2026-01-30 11:40:00+00:00,0.73,555.0,109046
2026-01-30 11:41:00+00:00,0.80,553.5,115577
2026-01-30 11:42:00+00:00,1.04,543.0,128964
2026-01-30 11:43:00+00:00,1.27,533.8,130593
2026-01-30 11:44:00+00:00,1.33,529.5,130736
2026-01-30 11:46:00+00:00,1.37,546.1,100685
2026-01-30 11:47:00+00:00,1.31,546.0,101030
2026-01-30 11:48:00+00:00,1.03,543.8,103633
2026-01-30 11:49:00+00:00,1.41,529.0,110684
2026-01-30 11:50:00+00:00,1.30,537.1,106344
2026-01-30 11:51:00+00:00,1.16,539.7,117290
2026-01-30 11:52:00+00:00,1.12,542.4,108223
2026-01-30 11:53:00+00:00,1.12,545.5,111132
2026-01-30 11:54:00+00:00,1.12,546.1,112071
2026-01-30 11:55:00+00:00,1.38,555.2,104033
2026-01-30 11:56:00+00:00,1.32,553.0,100175
2026-01-30 11:57:00+00:00,1.29,553.7,96620
2026-01-30 11:58:00+00:00,1.30,554.4,97573
2026-01-30 11:59:00+00:00,1.15,555.4,94935
2026-01-30 12:00:00+00:00,0.89,558.8,90652
2026-01-30 12:01:00+00:00,0.85,559.5,93424
2026-01-30 12:02:00+00:00,0.93,558.9,90277
2026-01-30 12:03:00+00:00,1.12,556.5,92051
2026-01-30 12:04:00+00:00,1.25,553.5,93096
2026-01-30 12:05:00+00:00,1.48,548.7,89261
2026-01-30 12:06:00+00:00,1.36,550.1,94539
2026-01-30 12:07:00+00:00,0.95,559.7,112513
2026-01-30 12:08:00+00:00,0.97,543.5,121381
2026-01-30 12:09:00+00:00,0.89,540.3,113690
2026-01-30 12:10:00+00:00,1.16,540.1,104314
2026-01-30 12:11:00+00:00,1.18,545.4,103748
2026-01-30 12:12:00+00:00,1.26,538.1,130047
2026-01-30 12:13:00+00:00,1.33,534.8,146727
2026-01-30 12:14:00+00:00,1.30,559.9,130413
2026-01-30 12:15:00+00:00,1.32,579.6,103037
2026-01-30 12:16:00+00:00,1.29,568.3,108770
2026-01-30 12:17:00+00:00,1.08,559.6,143247
2026-01-30 12:19:00+00:00,1.28,548.9,95441
2026-01-30 12:20:00+00:00,1.29,548.1,96596
2026-01-30 12:21:00+00:00,1.34,539.6,109463
2026-01-30 12:22:00+00:00,1.39,558.3,118756
2026-01-30 12:23:00+00:00,0.83,560.9,95524
2026-01-30 12:24:00+00:00,0.55,539.1,75054
2026-01-30 12:25:00+00:00,1.04,549.7,148244
2026-01-30 12:26:00+00:00,0.99,566.1,148409
2026-01-30 12:27:00+00:00,1.30,577.9,131960
2026-01-30 12:28:00+00:00,0.90,539.1,77149
2026-01-30 12:29:00+00:00,1.00,533.4,83630
2026-01-30 12:30:00+00:00,1.46,556.4,134656
2026-01-30 12:31:00+00:00,1.38,552.4,135335
2026-01-30 12:32:00+00:00,1.19,544.6,116322
2026-01-30 12:33:00+00:00,1.33,555.4,124442
2026-01-30 12:34:00+00:00,1.37,550.3,99864
2026-01-30 12:35:00+00:00,1.25,547.2,105375
2026-01-30 12:36:00+00:00,0.45,514.5,48423
2026-01-30 12:37:00+00:00,1.31,546.1,98544
2026-01-30 12:38:00+00:00,1.36,564.7,102777
2026-01-30 12:39:00+00:00,1.78,566.6,122983
2026-01-30 12:40:00+00:00,0.89,534.1,77865
2026-01-30 12:41:00+00:00,1.18,539.4,93224
2026-01-30 12:42:00+00:00,1.40,540.9,114585
2026-01-30 12:43:00+00:00,0.86,525.5,89322
2026-01-30 12:44:00+00:00,1.01,537.5,109889
2026-01-30 12:45:00+00:00,1.10,541.9,114875
2026-01-30 12:46:00+00:00,0.99,536.7,108345
2026-01-30 12:47:00+00:00,0.78,523.7,91285
2026-01-30 12:48:00+00:00,0.80,517.8,96788
2026-01-30 12:49:00+00:00,1.48,543.2,169906
2026-01-30 12:50:00+00:00,1.28,541.7,152172
2026-01-30 12:51:00+00:00,0.73,537.1,99068
2026-01-30 12:52:00+00:00,0.86,541.6,115838
2026-01-30 12:53:00+00:00,0.86,541.3,115386
2026-01-30 12:54:00+00:00,0.94,524.9,88735
2026-01-30 12:55:00+00:00,0.42,513.5,67045
2026-01-30 12:56:00+00:00,1.19,537.7,152245
2026-01-30 12:57:00+00:00,0.89,545.0,122626
2026-01-30 12:58:00+00:00,0.86,547.1,124731
2026-01-30 12:59:00+00:00,0.49,524.7,72251
2026-01-30 13:00:00+00:00,0.62,554.7,136546
2026-01-30 13:01:00+00:00,0.89,556.4,156789
2026-01-30 13:02:00+00:00,0.91,541.5,129290
2026-01-30 13:03:00+00:00,0.66,541.5,100435
2026-01-30 13:04:00+00:00,0.60,541.4,89780
2026-01-30 13:05:00+00:00,0.90,554.3,137113
2026-01-30 13:06:00+00:00,0.70,554.7,101876
2026-01-30 13:07:00+00:00,0.74,551.5,101397
2026-01-30 13:08:00+00:00,1.04,557.8,135921
2026-01-30 13:09:00+00:00,0.91,537.3,115517
2026-01-30 13:10:00+00:00,0.59,542.6,112309
2026-01-30 13:11:00+00:00,0.46,509.1,44687
2026-01-30 13:12:00+00:00,0.82,570.9,115433
2026-01-30 13:13:00+00:00,0.73,559.1,83956
2026-01-30 13:14:00+00:00,0.81,553.9,100555
2026-01-30 13:15:00+00:00,0.71,547.6,91814
2026-01-30 13:16:00+00:00,0.80,549.9,106056
2026-01-30 13:17:00+00:00,0.93,541.6,126952
2026-01-30 13:18:00+00:00,0.78,525.3,108503
2026-01-30 13:19:00+00:00,0.81,526.8,116542
2026-01-30 13:20:00+00:00,1.10,539.3,163980
2026-01-30 13:21:00+00:00,1.14,537.5,150517
2026-01-30 13:22:00+00:00,1.20,526.9,105286
2026-01-30 13:23:00+00:00,0.86,510.5,79586
2026-01-30 13:24:00+00:00,1.25,538.4,167822
2026-01-30 13:25:00+00:00,1.70,,
2026-01-30 13:26:00+00:00,1.70,547.8,231210
2026-01-30 13:27:00+00:00,0.92,521.9,116215
2026-01-30 13:28:00+00:00,1.47,527.8,149156
2026-01-30 13:29:00+00:00,1.18,525.0,162019
2026-01-30 13:30:00+00:00,0.88,519.3,135816
2026-01-30 13:31:00+00:00,1.51,535.3,189977
2026-01-30 13:32:00+00:00,1.60,536.2,176739
2026-01-30 13:33:00+00:00,1.32,529.6,152609
2026-01-30 13:34:00+00:00,1.02,520.2,130901
2026-01-30 13:35:00+00:00,1.07,522.7,139268
2026-01-30 13:36:00+00:00,1.49,534.1,181148
2026-01-30 13:37:00+00:00,1.53,526.4,171331
2026-01-30 13:38:00+00:00,1.47,522.6,172332
2026-01-30 13:39:00+00:00,1.62,522.1,175229
2026-01-30 13:40:00+00:00,1.37,518.9,166587
2026-01-30 13:41:00+00:00,1.44,520.4,165949
2026-01-30 13:42:00+00:00,0.58,508.3,130834
2026-01-30 13:43:00+00:00,1.74,528.8,204505
2026-01-30 13:44:00+00:00,1.86,530.8,193761
2026-01-30 13:45:00+00:00,1.46,525.9,146049
2026-01-30 13:46:00+00:00,0.73,507.9,89826
2026-01-30 13:47:00+00:00,1.12,522.8,101441
2026-01-30 13:48:00+00:00,1.39,538.3,160517
2026-01-30 13:49:00+00:00,1.38,542.0,189481
2026-01-30 13:50:00+00:00,1.42,532.6,168853
2026-01-30 13:51:00+00:00,1.39,526.2,150163
2026-01-30 13:52:00+00:00,1.34,517.8,133749
2026-01-30 13:53:00+00:00,1.11,515.8,144818
2026-01-30 13:54:00+00:00,0.80,514.2,144137
2026-01-30 13:55:00+00:00,1.74,534.9,204277
2026-01-30 13:56:00+00:00,1.82,534.7,191234
2026-01-30 13:57:00+00:00,1.59,537.6,160356
2026-01-30 13:59:00+00:00,2.14,555.8,174551
2026-01-30 14:00:00+00:00,1.42,526.0,94300
2026-01-30 14:01:00+00:00,0.72,523.3,88092
2026-01-30 14:02:00+00:00,1.80,538.0,150544
2026-01-30 14:03:00+00:00,1.62,530.2,135113
2026-01-30 14:04:00+00:00,1.20,532.5,113302
2026-01-30 14:05:00+00:00,1.32,541.2,98189
2026-01-30 14:06:00+00:00,1.59,550.8,101934
2026-01-30 14:07:00+00:00,1.66,553.4,117174
2026-01-30 14:08:00+00:00,1.70,551.2,121017
2026-01-30 14:09:00+00:00,1.71,551.9,118912
2026-01-30 14:10:00+00:00,1.47,537.0,104923
2026-01-30 14:11:00+00:00,1.57,546.4,121643
2026-01-30 14:12:00+00:00,1.05,538.7,129273
2026-01-30 14:13:00+00:00,0.54,519.1,59941
2026-01-30 14:14:00+00:00,1.27,553.6,138078
2026-01-30 14:15:00+00:00,1.49,532.3,111231
2026-01-30 14:16:00+00:00,1.19,526.4,141091
2026-01-30 14:17:00+00:00,0.57,503.7,79465
2026-01-30 14:18:00+00:00,1.53,526.3,170093
2026-01-30 14:19:00+00:00,1.78,532.6,160288
2026-01-30 14:20:00+00:00,1.57,531.6,128090
2026-01-30 14:21:00+00:00,1.53,526.1,108530
2026-01-30 14:22:00+00:00,1.52,524.3,118923
2026-01-30 14:23:00+00:00,1.38,524.8,126900
2026-01-30 14:24:00+00:00,1.32,521.8,101736
2026-01-30 14:25:00+00:00,1.36,521.8,93542
2026-01-30 14:26:00+00:00,1.22,519.6,97468
2026-01-30 14:27:00+00:00,1.23,519.6,98846
2026-01-30 14:28:00+00:00,1.48,532.9,122443
2026-01-30 14:29:00+00:00,0.44,494.6,45112
2026-01-30 14:30:00+00:00,1.44,526.3,149692
2026-01-30 14:31:00+00:00,1.44,,
2026-01-30 14:33:00+00:00,1.27,523.4,121198
2026-01-30 14:34:00+00:00,1.20,521.8,108328
2026-01-30 14:35:00+00:00,1.19,525.3,113647
2026-01-30 14:36:00+00:00,0.73,509.3,78132
2026-01-30 14:37:00+00:00,1.29,524.7,127337
2026-01-30 14:38:00+00:00,1.91,542.0,160525
2026-01-30 14:39:00+00:00,1.70,533.9,123822
2026-01-30 14:40:00+00:00,1.15,519.7,92441
2026-01-30 14:41:00+00:00,0.85,514.6,93872
2026-01-30 14:42:00+00:00,1.84,543.7,181612
2026-01-30 14:43:00+00:00,1.63,532.5,124954
2026-01-30 14:44:00+00:00,1.17,524.3,102932
2026-01-30 14:45:00+00:00,1.03,525.5,118539
2026-01-30 14:46:00+00:00,1.12,529.8,94104
2026-01-30 14:47:00+00:00,1.13,533.5,108287
2026-01-30 14:48:00+00:00,0.99,531.1,108467
2026-01-30 14:49:00+00:00,0.97,537.6,123976
2026-01-30 14:50:00+00:00,1.00,533.1,120902
2026-01-30 14:51:00+00:00,1.19,531.8,104996
2026-01-30 14:52:00+00:00,0.83,510.9,64053
2026-01-30 14:53:00+00:00,1.28,525.4,122454
2026-01-30 14:54:00+00:00,1.83,543.1,170533
2026-01-30 14:55:00+00:00,1.66,533.4,138665
2026-01-30 14:56:00+00:00,1.50,527.2,122050
2026-01-30 14:57:00+00:00,1.55,526.7,134444
2026-01-30 14:58:00+00:00,1.51,524.9,149804
2026-01-30 14:59:00+00:00,1.20,518.8,121129
2026-01-30 15:00:00+00:00,10.54,499.9,83147
2026-01-30 15:01:00+00:00,118.50,555.8,90752
2026-01-30 15:02:00+00:00,1.05,527.0,132201
2026-01-30 15:03:00+00:00,1.33,534.8,180858
2026-01-30 15:04:00+00:00,1.35,535.2,183419
2026-01-30 15:06:00+00:00,1.06,525.2,163328
2026-01-30 15:07:00+00:00,1.15,522.1,156361
2026-01-30 15:08:00+00:00,1.65,536.9,129610
2026-01-30 15:09:00+00:00,1.55,534.4,151021
2026-01-30 15:10:00+00:00,1.38,526.5,131783
2026-01-30 15:11:00+00:00,1.07,517.4,93402
2026-01-30 15:12:00+00:00,0.76,516.0,155311
2026-01-30 15:13:00+00:00,1.33,540.0,209939
2026-01-30 15:14:00+00:00,1.13,528.3,141852
2026-01-30 15:15:00+00:00,1.07,522.5,118654
2026-01-30 15:16:00+00:00,0.59,503.1,111920
2026-01-30 15:17:00+00:00,1.48,539.4,238532
2026-01-30 15:18:00+00:00,1.47,531.4,271719
2026-01-30 15:19:00+00:00,1.70,533.4,113442
2026-01-30 15:20:00+00:00,1.51,516.6,140602
2026-01-30 15:21:00+00:00,1.03,519.5,193156
2026-01-30 15:22:00+00:00,2.31,531.9,123443
2026-01-30 15:23:00+00:00,1.15,511.6,115714
2026-01-30 15:24:00+00:00,1.08,508.4,111292
2026-01-30 15:25:00+00:00,1.48,515.7,118937
2026-01-30 15:26:00+00:00,1.25,533.4,142087
2026-01-30 15:27:00+00:00,0.89,537.8,113719
2026-01-30 15:28:00+00:00,0.98,538.6,116620
2026-01-30 15:29:00+00:00,1.50,580.1,198758
2026-01-30 15:30:00+00:00,1.51,600.8,136216
2026-01-30 15:31:00+00:00,1.60,604.4,148293
2026-01-30 15:32:00+00:00,1.41,603.1,184038
2026-01-30 15:33:00+00:00,1.29,589.9,99189
2026-01-30 15:34:00+00:00,1.11,587.2,85065
2026-01-30 15:35:00+00:00,0.62,544.7,34243
2026-01-30 15:36:00+00:00,1.28,587.4,118526
2026-01-30 15:37:00+00:00,1.37,593.4,130011
2026-01-30 15:38:00+00:00,1.07,570.6,87712
2026-01-30 15:39:00+00:00,1.24,580.7,96385
2026-01-30 15:40:00+00:00,1.47,601.6,152797
2026-01-30 15:41:00+00:00,1.45,602.7,154475
2026-01-30 15:42:00+00:00,1.27,582.3,97671
2026-01-30 15:43:00+00:00,1.31,584.1,95694
2026-01-30 15:44:00+00:00,1.63,614.4,181345
2026-01-30 15:45:00+00:00,1.77,620.2,220873
2026-01-30 15:46:00+00:00,1.36,586.8,106645
2026-01-30 15:47:00+00:00,1.23,558.8,51683
2026-01-30 15:48:00+00:00,1.70,613.9,157183
2026-01-30 15:49:00+00:00,1.88,591.2,120221
2026-01-30 15:50:00+00:00,1.12,515.6,116111
2026-01-30 15:51:00+00:00,0.67,499.1,35626
2026-01-30 15:52:00+00:00,1.26,524.7,95678
2026-01-30 15:53:00+00:00,1.39,533.9,139632
2026-01-30 15:54:00+00:00,0.88,507.1,85129
2026-01-30 15:55:00+00:00,1.14,519.2,116306
2026-01-30 15:56:00+00:00,1.49,524.9,164757
2026-01-30 15:57:00+00:00,1.53,519.4,148656
2026-01-30 15:58:00+00:00,0.98,506.8,95212
2026-01-30 16:00:00+00:00,1.45,521.0,136193
2026-01-30 16:01:00+00:00,1.50,520.6,141301
2026-01-30 16:02:00+00:00,1.54,516.6,144106
2026-01-30 16:03:00+00:00,1.28,506.1,111423
2026-01-30 16:04:00+00:00,1.33,511.1,136287
2026-01-30 16:05:00+00:00,1.30,519.6,166403
2026-01-30 16:06:00+00:00,1.26,512.7,112657
2026-01-30 16:07:00+00:00,1.88,528.6,203513
2026-01-30 16:08:00+00:00,1.72,516.1,163401
2026-01-30 16:09:00+00:00,1.49,516.7,164221
2026-01-30 16:10:00+00:00,1.44,517.2,165736
2026-01-30 16:11:00+00:00,1.49,514.8,155490
2026-01-30 16:12:00+00:00,1.33,512.8,145548
2026-01-30 16:13:00+00:00,1.23,515.3,133677
2026-01-30 16:14:00+00:00,1.27,518.9,144839
2026-01-30 16:15:00+00:00,1.31,516.6,145487
2026-01-30 16:16:00+00:00,1.25,517.3,138779
2026-01-30 16:17:00+00:00,1.15,524.1,146826
2026-01-30 16:18:00+00:00,1.13,523.7,109179
2026-01-30 16:19:00+00:00,1.34,538.7,176241
2026-01-30 16:20:00+00:00,1.51,538.3,198641
2026-01-30 16:21:00+00:00,1.39,531.9,190718
2026-01-30 16:22:00+00:00,1.04,517.6,143273
2026-01-30 16:23:00+00:00,1.23,527.7,186090
2026-01-30 16:24:00+00:00,1.29,526.2,164919
2026-01-30 16:25:00+00:00,1.12,521.1,135742
2026-01-30 16:26:00+00:00,1.22,523.5,146078
2026-01-30 16:27:00+00:00,1.08,519.7,129141
2026-01-30 16:28:00+00:00,1.10,518.9,137895
2026-01-30 16:29:00+00:00,0.73,504.5,104704
2026-01-30 16:30:00+00:00,0.87,506.3,107398
2026-01-30 16:31:00+00:00,1.35,521.9,159296
2026-01-30 16:32:00+00:00,1.30,520.0,168562
2026-01-30 16:33:00+00:00,1.27,514.6,146122
2026-01-30 16:34:00+00:00,1.23,514.4,122621
2026-01-30 16:35:00+00:00,1.49,525.2,172066
2026-01-30 16:36:00+00:00,1.41,527.1,168155
2026-01-30 16:37:00+00:00,1.40,510.9,114217
2026-01-30 16:38:00+00:00,1.53,513.2,146389
2026-01-30 16:39:00+00:00,1.34,511.5,125970
2026-01-30 16:40:00+00:00,1.15,519.9,171549
2026-01-30 16:41:00+00:00,0.55,496.2,92041
2026-01-30 16:42:00+00:00,1.24,521.6,186821
2026-01-30 16:43:00+00:00,1.51,531.9,224825
2026-01-30 16:44:00+00:00,1.61,529.8,238329
2026-01-30 16:45:00+00:00,1.03,508.7,142666
2026-01-30 16:46:00+00:00,1.05,505.8,121355
2026-01-30 16:47:00+00:00,1.55,521.1,183826
2026-01-30 16:48:00+00:00,1.25,517.7,160437
2026-01-30 16:49:00+00:00,0.86,512.3,114641
2026-01-30 16:50:00+00:00,1.18,515.4,123326
2026-01-30 16:51:00+00:00,1.28,518.3,143832
2026-01-30 16:52:00+00:00,1.19,517.1,164923
2026-01-30 16:53:00+00:00,0.44,492.5,72631
2026-01-30 16:54:00+00:00,1.29,519.8,177883
2026-01-30 16:55:00+00:00,1.49,525.7,160598
2026-01-30 16:56:00+00:00,1.19,510.5,122511
2026-01-30 16:57:00+00:00,0.68,497.1,94400
2026-01-30 16:58:00+00:00,1.39,513.5,157068
2026-01-30 16:59:00+00:00,1.67,519.0,179086
2026-01-30 17:00:00+00:00,1.30,510.4,143371
2026-01-30 17:01:00+00:00,1.37,513.7,147911
2026-01-30 17:02:00+00:00,1.56,520.9,185067
2026-01-30 17:03:00+00:00,1.39,517.9,169404
2026-01-30 17:04:00+00:00,0.96,505.3,108080
2026-01-30 17:05:00+00:00,0.65,496.7,106755
2026-01-30 17:06:00+00:00,1.42,513.6,180230
2026-01-30 17:07:00+00:00,1.64,517.0,182124
2026-01-30 17:08:00+00:00,1.32,520.8,180600
2026-01-30 17:09:00+00:00,0.55,500.8,84966
2026-01-30 17:10:00+00:00,1.73,534.1,175290
2026-01-30 17:11:00+00:00,1.39,524.3,184697
2026-01-30 17:12:00+00:00,0.90,501.7,97808
2026-01-30 17:13:00+00:00,1.45,514.0,157097
2026-01-30 17:14:00+00:00,1.36,514.7,156759
2026-01-30 17:15:00+00:00,1.20,512.3,128339
2026-01-30 17:16:00+00:00,1.17,511.6,117678
2026-01-30 17:17:00+00:00,1.62,519.7,193122
2026-01-30 17:18:00+00:00,1.46,513.4,154088
2026-01-30 17:19:00+00:00,1.34,511.1,137495
2026-01-30 17:20:00+00:00,1.18,511.3,146037
2026-01-30 17:21:00+00:00,0.99,507.2,122474
2026-01-30 17:22:00+00:00,1.61,525.4,187497
2026-01-30 17:23:00+00:00,1.49,520.0,171636
2026-01-30 17:24:00+00:00,0.98,503.4,104117
2026-01-30 17:25:00+00:00,2.08,529.9,226999
2026-01-30 17:26:00+00:00,1.60,517.3,164779
2026-01-30 17:27:00+00:00,1.42,512.3,138396
2026-01-30 17:28:00+00:00,0.74,490.5,71022
2026-01-30 17:29:00+00:00,1.64,525.3,203706
2026-01-30 17:30:00+00:00,1.58,519.3,152693
2026-01-30 17:31:00+00:00,1.59,516.0,151964
2026-01-30 17:32:00+00:00,0.99,499.6,104596
2026-01-30 17:33:00+00:00,1.09,505.6,101958
2026-01-30 17:34:00+00:00,1.62,521.8,152772
2026-01-30 17:35:00+00:00,1.42,516.1,153224
2026-01-30 17:36:00+00:00,1.25,510.0,138503
2026-01-30 17:37:00+00:00,1.66,519.3,165226
2026-01-30 17:38:00+00:00,1.32,514.6,143260
2026-01-30 17:39:00+00:00,1.14,510.3,123672
2026-01-30 17:40:00+00:00,0.83,498.7,88754
2026-01-30 17:41:00+00:00,1.82,528.0,217848
2026-01-30 17:42:00+00:00,1.71,525.1,204308
2026-01-30 17:43:00+00:00,1.62,512.0,164718
2026-01-30 17:44:00+00:00,1.30,503.3,117260
2026-01-30 17:45:00+00:00,1.73,512.3,187062
2026-01-30 17:46:00+00:00,1.53,506.2,163190
2026-01-30 17:47:00+00:00,0.87,494.3,123882
2026-01-30 17:48:00+00:00,1.52,504.3,150967
2026-01-30 17:49:00+00:00,2.09,513.2,175201
2026-01-30 17:52:00+00:00,1.20,494.1,91644
2026-01-30 17:53:00+00:00,1.92,509.9,146432
2026-01-30 17:54:00+00:00,1.58,507.3,165278
2026-01-30 17:55:00+00:00,1.47,503.7,147824
2026-01-30 17:56:00+00:00,1.58,508.9,177614
2026-01-30 17:57:00+00:00,1.44,503.8,137141
2026-01-30 17:58:00+00:00,1.43,502.0,134370
2026-01-30 17:59:00+00:00,0.67,488.9,103085
2026-01-30 18:00:00+00:00,1.91,517.9,196444
2026-01-30 18:01:00+00:00,1.55,507.3,153104
2026-01-30 18:02:00+00:00,1.56,516.7,183432
2026-01-30 18:03:00+00:00,0.87,498.3,115287
2026-01-30 18:04:00+00:00,1.37,511.9,170672
2026-01-30 18:05:00+00:00,1.76,521.6,203755
2026-01-30 18:06:00+00:00,1.52,516.2,177329
2026-01-30 18:07:00+00:00,1.42,510.0,154675
2026-01-30 18:08:00+00:00,1.49,504.8,145547
2026-01-30 18:09:00+00:00,1.47,507.2,167280
2026-01-30 18:10:00+00:00,1.16,501.3,148442
2026-01-30 18:11:00+00:00,0.74,495.0,126613
2026-01-30 18:12:00+00:00,1.82,511.5,190550
2026-01-30 18:13:00+00:00,1.89,510.6,189817
2026-01-30 18:14:00+00:00,1.62,503.4,155692
2026-01-30 18:15:00+00:00,0.68,493.5,116832
2026-01-30 18:16:00+00:00,2.05,514.1,201988
2026-01-30 18:17:00+00:00,1.75,509.4,187198
2026-01-30 18:18:00+00:00,1.61,505.0,165251
2026-01-30 18:19:00+00:00,1.70,505.7,170444
2026-01-30 18:20:00+00:00,1.71,506.2,172713
2026-01-30 18:21:00+00:00,1.61,506.1,175831
2026-01-30 18:22:00+00:00,1.56,506.2,179712
2026-01-30 18:23:00+00:00,1.31,496.6,121772
2026-01-30 18:24:00+00:00,1.35,498.5,130117
2026-01-30 18:25:00+00:00,1.46,503.7,151644
2026-01-30 18:26:00+00:00,1.41,504.3,156512
2026-01-30 18:27:00+00:00,1.02,494.9,130569
2026-01-30 18:28:00+00:00,1.95,509.5,194693
2026-01-30 18:29:00+00:00,1.66,505.2,177366
2026-01-30 18:30:00+00:00,1.50,500.7,135416
2026-01-30 18:31:00+00:00,1.98,509.3,190413
2026-01-30 18:32:00+00:00,1.77,511.6,210023
2026-01-30 18:33:00+00:00,1.48,503.9,165884
2026-01-30 18:34:00+00:00,1.43,494.5,101666
2026-01-30 18:35:00+00:00,2.00,507.2,184625
2026-01-30 18:36:00+00:00,2.08,512.1,210260
2026-01-30 18:37:00+00:00,1.74,507.9,187215
2026-01-30 18:38:00+00:00,1.29,498.1,144685
2026-01-30 18:39:00+00:00,1.41,497.4,143192
2026-01-30 18:40:00+00:00,1.88,506.5,185601
2026-01-30 18:41:00+00:00,1.57,500.9,158390
2026-01-30 18:42:00+00:00,1.38,495.9,139735
2026-01-30 18:43:00+00:00,1.85,507.8,197651
2026-01-30 18:44:00+00:00,1.64,501.4,170656
2026-01-30 18:45:00+00:00,1.27,500.2,150463
2026-01-30 18:46:00+00:00,0.71,486.8,96378
2026-01-30 18:47:00+00:00,1.95,507.5,189516
2026-01-30 18:48:00+00:00,2.06,505.8,194852
2026-01-30 18:49:00+00:00,1.82,502.2,181293
2026-01-30 18:50:00+00:00,1.68,496.8,148579
2026-01-30 18:51:00+00:00,1.73,498.8,155684
2026-01-30 18:52:00+00:00,1.79,500.5,171509
2026-01-30 18:53:00+00:00,1.49,495.4,150024
2026-01-30 18:54:00+00:00,1.44,493.6,131940
2026-01-30 18:55:00+00:00,1.65,496.0,135722
2026-01-30 18:56:00+00:00,1.64,500.8,189131
2026-01-30 18:58:00+00:00,0.96,486.9,103087
2026-01-30 18:59:00+00:00,2.08,513.1,219060
2026-01-30 19:00:00+00:00,1.77,498.3,161829
2026-01-30 19:01:00+00:00,1.73,490.7,123271
2026-01-30 19:02:00+00:00,1.80,494.8,157914
2026-01-30 19:03:00+00:00,1.89,500.8,188916
2026-01-30 19:04:00+00:00,1.69,492.8,145322
2026-01-30 19:05:00+00:00,1.02,487.8,126696
2026-01-30 19:06:00+00:00,1.54,490.7,150711
2026-01-30 19:07:00+00:00,1.99,498.6,181646
2026-01-30 19:08:00+00:00,1.51,494.9,160164
2026-01-30 19:09:00+00:00,1.19,485.0,129363
2026-01-30 19:10:00+00:00,1.76,495.0,170154
2026-01-30 19:11:00+00:00,2.17,505.1,199098
2026-01-30 19:12:00+00:00,2.04,498.2,177496
2026-01-30 19:13:00+00:00,2.05,497.7,184776
2026-01-30 19:14:00+00:00,1.69,493.1,151767
2026-01-30 19:15:00+00:00,1.86,495.8,174756
2026-01-30 19:16:00+00:00,1.60,492.3,149461
2026-01-30 19:17:00+00:00,0.91,482.3,118659
2026-01-30 19:18:00+00:00,2.17,494.9,106576
2026-01-30 19:19:00+00:00,1.59,491.0,153750
2026-01-30 19:20:00+00:00,1.74,498.2,166655
2026-01-30 19:21:00+00:00,1.07,488.4,129265
2026-01-30 19:22:00+00:00,2.03,504.4,195176
2026-01-30 19:23:00+00:00,1.86,504.0,180676
2026-01-30 19:24:00+00:00,1.80,505.8,182639
2026-01-30 19:25:00+00:00,1.84,500.6,157441
2026-01-30 19:26:00+00:00,1.71,494.5,131259
2026-01-30 19:27:00+00:00,1.61,494.4,140317
2026-01-30 19:28:00+00:00,1.56,493.3,145948
2026-01-30 19:29:00+00:00,1.67,495.4,156705
2026-01-30 19:30:00+00:00,1.65,494.2,153544
2026-01-30 19:31:00+00:00,1.63,490.9,145946
2026-01-30 19:32:00+00:00,1.74,496.3,162727
2026-01-30 19:33:00+00:00,0.80,480.6,108158
2026-01-30 19:34:00+00:00,1.56,490.0,93257
2026-01-30 19:35:00+00:00,2.03,501.7,165645
2026-01-30 19:36:00+00:00,1.80,492.9,134737
2026-01-30 19:37:00+00:00,1.76,489.5,128408
2026-01-30 19:38:00+00:00,1.73,492.2,145973
2026-01-30 19:39:00+00:00,1.63,491.8,146691
2026-01-30 19:40:00+00:00,1.08,489.6,139839
2026-01-30 19:41:00+00:00,1.53,497.5,161523
2026-01-30 19:42:00+00:00,2.00,499.8,159450
2026-01-30 19:43:00+00:00,1.77,493.1,132053
2026-01-30 19:44:00+00:00,1.69,491.8,128398
2026-01-30 19:45:00+00:00,1.91,495.7,143021
2026-01-30 19:46:00+00:00,2.31,501.7,169775
2026-01-30 19:47:00+00:00,1.91,498.1,157825
2026-01-30 19:48:00+00:00,1.74,492.3,141586
2026-01-30 19:49:00+00:00,2.16,503.9,190642
2026-01-30 19:50:00+00:00,1.71,493.2,153914
2026-01-30 19:51:00+00:00,1.57,498.9,186588
2026-01-30 19:52:00+00:00,0.86,479.9,105300
2026-01-30 19:53:00+00:00,1.94,495.4,171417
2026-01-30 19:54:00+00:00,1.99,495.6,159083
2026-01-30 19:55:00+00:00,2.00,500.3,170890
2026-01-30 19:56:00+00:00,1.39,489.6,127405
2026-01-30 19:57:00+00:00,1.67,491.7,140881
2026-01-30 19:58:00+00:00,2.06,496.3,171423
2026-01-30 19:59:00+00:00,1.52,488.6,148081
2026-01-30 20:00:00+00:00,1.48,489.5,142271
2026-01-30 20:01:00+00:00,2.34,500.6,170744
2026-01-30 20:04:00+00:00,0.62,478.1,97867
2026-01-30 20:05:00+00:00,1.98,500.4,195998
2026-01-30 20:06:00+00:00,2.38,498.9,175389
2026-01-30 20:07:00+00:00,1.95,498.6,208662
2026-01-30 20:08:00+00:00,0.94,479.4,111832
2026-01-30 20:09:00+00:00,2.19,500.3,187755
2026-01-30 20:10:00+00:00,2.00,494.5,165970
2026-01-30 20:11:00+00:00,1.30,484.2,123215
2026-01-30 20:12:00+00:00,1.85,491.0,148424
2026-01-30 20:13:00+00:00,2.25,498.0,183123
2026-01-30 20:14:00+00:00,1.90,495.9,174347
2026-01-30 20:15:00+00:00,1.22,488.3,134050
2026-01-30 20:16:00+00:00,1.38,489.9,137165
2026-01-30 20:17:00+00:00,2.50,503.5,193918
2026-01-30 20:18:00+00:00,2.01,499.7,170841
2026-01-30 20:19:00+00:00,1.82,493.8,127287
2026-01-30 20:20:00+00:00,1.64,489.1,99425
2026-01-30 20:21:00+00:00,2.07,502.8,174381
2026-01-30 20:22:00+00:00,1.63,494.1,118495
2026-01-30 20:23:00+00:00,1.15,482.3,89668
2026-01-30 20:24:00+00:00,2.09,498.4,157916
2026-01-30 20:25:00+00:00,1.78,491.0,129879
2026-01-30 20:26:00+00:00,1.71,493.9,139522
2026-01-30 20:27:00+00:00,1.14,482.8,95240
2026-01-30 20:28:00+00:00,1.94,496.4,152547
2026-01-30 20:29:00+00:00,2.33,505.2,187030
2026-01-30 20:30:00+00:00,1.95,498.3,147352
2026-01-30 20:31:00+00:00,1.81,496.1,121301
2026-01-30 20:32:00+00:00,1.85,499.0,130541
2026-01-30 20:33:00+00:00,1.80,497.2,131493
2026-01-30 20:34:00+00:00,1.68,493.5,108242
2026-01-30 20:35:00+00:00,2.04,507.1,174359
2026-01-30 20:36:00+00:00,1.95,505.2,164048
2026-01-30 20:37:00+00:00,1.02,484.0,51907
2026-01-30 20:38:00+00:00,1.98,512.0,127106
2026-01-30 20:39:00+00:00,0.92,475.1,41676
2026-01-30 20:40:00+00:00,1.92,503.4,138000
2026-01-30 20:41:00+00:00,2.25,506.5,155328
2026-01-30 20:42:00+00:00,2.00,499.5,122122
2026-01-30 20:43:00+00:00,2.13,503.1,138685
2026-01-30 20:44:00+00:00,1.69,501.2,132918
2026-01-30 20:45:00+00:00,1.52,497.0,114368
2026-01-30 20:46:00+00:00,1.77,495.1,115808
2026-01-30 20:47:00+00:00,2.05,498.4,137273
2026-01-30 20:48:00+00:00,2.16,501.8,147454
2026-01-30 20:49:00+00:00,1.94,497.5,132022
2026-01-30 20:50:00+00:00,1.88,498.0,134071
2026-01-30 20:51:00+00:00,1.79,497.6,135419
2026-01-30 20:52:00+00:00,2.13,513.3,185072
2026-01-30 20:53:00+00:00,2.10,506.1,123847
2026-01-30 20:54:00+00:00,1.80,502.2,109875
2026-01-30 20:55:00+00:00,2.25,502.5,168913
2026-01-30 20:56:00+00:00,1.76,489.2,98454
2026-01-30 20:57:00+00:00,1.76,495.8,133756
2026-01-30 20:58:00+00:00,1.82,496.9,125590
2026-01-30 20:59:00+00:00,2.41,506.5,158729
2026-01-30 21:00:00+00:00,2.09,500.3,129988
2026-01-30 21:01:00+00:00,1.93,497.4,127346
2026-01-30 21:02:00+00:00,2.00,497.0,126420
2026-01-30 21:03:00+00:00,2.19,496.0,114473
2026-01-30 21:04:00+00:00,2.53,499.6,140272
2026-01-30 21:05:00+00:00,2.20,497.0,141867
2026-01-30 21:06:00+00:00,1.73,491.9,109890
2026-01-30 21:07:00+00:00,1.77,493.1,126788
2026-01-30 21:08:00+00:00,1.72,492.9,130434
2026-01-30 21:09:00+00:00,1.71,492.7,129040
2026-01-30 21:10:00+00:00,1.30,486.0,46776
2026-01-30 21:11:00+00:00,2.42,500.2,197315
2026-01-30 21:12:00+00:00,1.69,488.6,131800
2026-01-30 21:13:00+00:00,2.10,490.0,129872
2026-01-30 21:14:00+00:00,1.16,483.0,114256
2026-01-30 21:15:00+00:00,1.80,492.3,138237
2026-01-30 21:16:00+00:00,2.20,496.7,146432
2026-01-30 21:17:00+00:00,1.75,488.1,113013
2026-01-30 21:18:00+00:00,1.60,485.9,103539
2026-01-30 21:19:00+00:00,1.88,491.0,123075
2026-01-30 21:20:00+00:00,1.84,490.6,123617
2026-01-30 21:21:00+00:00,1.29,486.7,108572
2026-01-30 21:22:00+00:00,0.86,484.2,97506
2026-01-30 21:23:00+00:00,2.03,490.8,121344
2026-01-30 21:24:00+00:00,2.25,492.3,121483
2026-01-30 21:25:00+00:00,1.97,494.6,133128
2026-01-30 21:26:00+00:00,1.32,485.9,94657
2026-01-30 21:27:00+00:00,2.37,496.9,151141
2026-01-30 21:28:00+00:00,2.10,497.1,136060
2026-01-30 21:29:00+00:00,1.66,487.8,90870
2026-01-30 21:30:00+00:00,1.75,497.9,90568
2026-01-30 21:31:00+00:00,2.00,500.4,110547
2026-01-30 21:32:00+00:00,1.88,498.7,131663
2026-01-30 21:33:00+00:00,1.62,487.1,80552
2026-01-30 21:34:00+00:00,1.40,488.8,79725
2026-01-30 21:35:00+00:00,1.31,496.7,126548
2026-01-30 21:36:00+00:00,1.66,498.1,122956
2026-01-30 21:37:00+00:00,2.00,504.6,114556
2026-01-30 21:38:00+00:00,1.59,493.0,86329
2026-01-30 21:39:00+00:00,1.88,499.2,102508
2026-01-30 21:40:00+00:00,1.98,501.7,113777
2026-01-30 21:41:00+00:00,2.17,,
2026-01-30 21:42:00+00:00,2.17,513.5,147253
2026-01-30 21:43:00+00:00,1.78,502.4,94252
2026-01-30 21:44:00+00:00,1.66,504.2,114643
2026-01-30 21:45:00+00:00,0.86,481.0,53133
2026-01-30 21:46:00+00:00,1.53,494.4,84002
2026-01-30 21:47:00+00:00,2.16,503.7,142911
2026-01-30 21:48:00+00:00,1.91,500.7,114981
2026-01-30 21:49:00+00:00,1.82,503.3,88624
2026-01-30 21:50:00+00:00,1.91,504.2,95869
2026-01-30 21:51:00+00:00,1.77,500.0,96192
2026-01-30 21:52:00+00:00,1.35,492.1,75259
2026-01-30 21:53:00+00:00,1.31,485.1,72610
2026-01-30 21:54:00+00:00,2.44,501.1,130431
2026-01-30 21:55:00+00:00,1.84,498.9,113282
2026-01-30 21:56:00+00:00,1.88,497.1,128553
2026-01-30 21:57:00+00:00,1.02,479.0,58711
2026-01-30 21:58:00+00:00,2.69,509.9,193160
2026-01-30 22:00:00+00:00,2.04,491.8,115617
2026-01-30 22:01:00+00:00,2.13,490.9,117914
2026-01-30 22:02:00+00:00,2.30,497.7,153521
2026-01-30 22:03:00+00:00,2.09,493.6,121440
2026-01-30 22:04:00+00:00,1.29,486.6,88004
2026-01-30 22:05:00+00:00,1.03,495.4,82597
2026-01-30 22:06:00+00:00,1.16,501.5,82939
2026-01-30 22:07:00+00:00,1.22,499.5,89617
2026-01-30 22:08:00+00:00,1.20,495.4,87396
2026-01-30 22:09:00+00:00,1.30,487.5,73578
2026-01-30 22:10:00+00:00,1.91,498.1,112776
2026-01-30 22:11:00+00:00,1.61,505.4,135962
2026-01-30 22:12:00+00:00,1.62,501.1,135047
2026-01-30 22:13:00+00:00,1.89,488.4,98084
2026-01-30 22:15:00+00:00,1.80,493.4,115926
2026-01-30 22:16:00+00:00,0.96,473.9,68337
2026-01-30 22:17:00+00:00,2.53,495.6,145959
2026-01-30 22:18:00+00:00,2.13,487.6,118483
2026-01-30 22:19:00+00:00,2.08,486.9,111465
2026-01-30 22:20:00+00:00,1.42,480.3,94572
2026-01-30 22:21:00+00:00,1.47,482.2,96102
2026-01-30 22:22:00+00:00,2.14,491.4,123966
2026-01-30 22:23:00+00:00,2.17,491.8,126237
2026-01-30 22:24:00+00:00,1.92,488.2,111676
2026-01-30 22:25:00+00:00,2.05,489.3,116896
2026-01-30 22:26:00+00:00,1.95,487.8,106647
2026-01-30 22:27:00+00:00,1.70,486.9,119849
2026-01-30 22:28:00+00:00,0.80,475.2,79221
2026-01-30 22:29:00+00:00,3.00,498.8,148423
2026-01-30 22:30:00+00:00,1.94,485.7,97478
2026-01-30 22:31:00+00:00,2.20,486.6,106353
2026-01-30 22:32:00+00:00,1.35,480.3,90761
2026-01-30 22:33:00+00:00,2.41,490.2,120941
2026-01-30 22:34:00+00:00,2.28,489.0,113729
2026-01-30 22:35:00+00:00,1.98,483.0,94941
2026-01-30 22:36:00+00:00,1.89,483.2,94930
2026-01-30 22:37:00+00:00,1.96,483.5,99609
2026-01-30 22:38:00+00:00,1.79,482.8,98114
2026-01-30 22:39:00+00:00,1.73,482.8,98793
2026-01-30 22:40:00+00:00,1.99,482.7,99113
2026-01-30 22:41:00+00:00,2.02,483.4,94128
2026-01-30 22:42:00+00:00,2.04,482.8,97495
2026-01-30 22:43:00+00:00,1.98,482.9,93227
2026-01-30 22:44:00+00:00,2.05,482.0,95280
2026-01-30 22:45:00+00:00,1.96,483.7,92494
2026-01-30 22:46:00+00:00,1.94,483.2,107000
2026-01-30 22:47:00+00:00,1.94,,
2026-01-30 22:48:00+00:00,1.96,485.4,107491
2026-01-30 22:49:00+00:00,1.93,484.1,101070
2026-01-30 22:50:00+00:00,1.83,488.1,95193
2026-01-30 22:51:00+00:00,1.93,488.9,100883
2026-01-30 22:52:00+00:00,2.03,488.3,99762
2026-01-30 22:53:00+00:00,2.04,488.9,103088
2026-01-30 22:54:00+00:00,2.00,489.4,106954
2026-01-30 22:55:00+00:00,2.05,489.3,111553
2026-01-30 22:56:00+00:00,2.10,488.6,113590
2026-01-30 22:57:00+00:00,2.03,486.8,103980
2026-01-30 22:58:00+00:00,2.00,486.6,104856
2026-01-30 22:59:00+00:00,2.00,487.5,95271
2026-01-30 23:00:00+00:00,1.96,487.8,108653
2026-01-30 23:01:00+00:00,1.97,488.3,102436
2026-01-30 23:02:00+00:00,1.85,488.3,115286
2026-01-30 23:03:00+00:00,1.88,488.1,114296
2026-01-30 23:04:00+00:00,2.02,485.9,115395
2026-01-30 23:05:00+00:00,1.92,487.2,112093
2026-01-30 23:06:00+00:00,1.98,486.9,114252
2026-01-30 23:07:00+00:00,1.88,488.6,112717
2026-01-30 23:08:00+00:00,1.65,492.2,107916
2026-01-30 23:09:00+00:00,1.66,491.8,102899
2026-01-30 23:10:00+00:00,1.70,490.6,104689
2026-01-30 23:11:00+00:00,1.73,490.5,107230
2026-01-30 23:12:00+00:00,1.85,489.1,110087
2026-01-30 23:13:00+00:00,1.80,488.3,119039
2026-01-30 23:14:00+00:00,1.64,489.0,117294
2026-01-30 23:15:00+00:00,1.69,488.3,119420
2026-01-30 23:16:00+00:00,1.62,489.6,116320
2026-01-30 23:17:00+00:00,1.78,488.3,120602
2026-01-30 23:18:00+00:00,1.65,487.7,124415
2026-01-30 23:19:00+00:00,1.76,487.3,136222
2026-01-30 23:20:00+00:00,1.77,487.3,136843
2026-01-30 23:21:00+00:00,1.79,486.9,125700
2026-01-30 23:22:00+00:00,1.75,489.3,129219
2026-01-30 23:23:00+00:00,1.77,490.1,126202
2026-01-30 23:24:00+00:00,1.84,488.9,126703
2026-01-30 23:25:00+00:00,1.68,489.5,131297
2026-01-30 23:26:00+00:00,1.67,489.6,128846
2026-01-30 23:27:00+00:00,1.71,489.2,124699
2026-01-30 23:28:00+00:00,1.62,489.8,127986
2026-01-30 23:29:00+00:00,1.77,488.6,127969
2026-01-30 23:30:00+00:00,1.73,489.3,119421
2026-01-30 23:31:00+00:00,1.62,492.0,116858
2026-01-30 23:32:00+00:00,1.54,492.4,116642
2026-01-30 23:33:00+00:00,1.95,487.8,112475
2026-01-30 23:34:00+00:00,2.01,488.9,118195
2026-01-30 23:35:00+00:00,1.41,497.4,110611
2026-01-30 23:36:00+00:00,1.25,510.9,77272
2026-01-30 23:37:00+00:00,1.09,517.6,63043
2026-01-30 23:38:00+00:00,1.09,515.3,72230
2026-01-30 23:39:00+00:00,1.12,514.5,73429
2026-01-30 23:40:00+00:00,1.09,517.9,62779
2026-01-30 23:41:00+00:00,1.11,513.6,76568
2026-01-30 23:42:00+00:00,1.44,498.5,101307
2026-01-30 23:43:00+00:00,1.82,488.5,103649
2026-01-30 23:44:00+00:00,1.83,487.5,95773
2026-01-30 23:45:00+00:00,1.79,481.7,102535
2026-01-30 23:46:00+00:00,2.03,477.1,111232
2026-01-30 23:47:00+00:00,1.88,477.5,110450
2026-01-30 23:48:00+00:00,1.86,480.7,104472
2026-01-30 23:49:00+00:00,1.76,482.2,94391
2026-01-30 23:50:00+00:00,1.90,483.2,101348
2026-01-30 23:51:00+00:00,1.90,486.5,91412
2026-01-30 23:52:00+00:00,1.84,490.1,82747
2026-01-30 23:53:00+00:00,1.84,490.6,81672
2026-01-30 23:54:00+00:00,2.11,488.5,89059
2026-01-30 23:55:00+00:00,2.12,485.4,96151
2026-01-30 23:56:00+00:00,1.78,484.6,96573
2026-01-30 23:57:00+00:00,1.80,481.5,101070
2026-01-30 23:58:00+00:00,1.93,478.6,109674
2026-01-30 23:59:00+00:00,1.94,477.4,108886
2026-01-31 00:00:00+00:00,1.99,476.1,105792
2026-01-31 00:01:00+00:00,1.93,475.8,110690
2026-01-31 00:02:00+00:00,2.02,474.9,106651
2026-01-31 00:03:00+00:00,1.92,476.6,101987
2026-01-31 00:04:00+00:00,2.04,476.0,104290
2026-01-31 00:05:00+00:00,1.85,476.5,104558
2026-01-31 00:06:00+00:00,1.98,476.4,99623
2026-01-31 00:07:00+00:00,1.88,478.1,99913
2026-01-31 00:08:00+00:00,1.69,476.8,103843
2026-01-31 00:09:00+00:00,1.83,475.8,106221
2026-01-31 00:10:00+00:00,2.02,474.0,98713
2026-01-31 00:11:00+00:00,2.01,475.7,91118
2026-01-31 00:12:00+00:00,2.08,475.9,90211
2026-01-31 00:13:00+00:00,2.05,475.3,95177
2026-01-31 00:14:00+00:00,2.04,474.8,95383
2026-01-31 00:15:00+00:00,2.05,474.9,94767
2026-01-31 00:16:00+00:00,2.04,475.8,101729
2026-01-31 00:17:00+00:00,2.14,476.5,108136
2026-01-31 00:18:00+00:00,2.08,477.1,106567
2026-01-31 00:19:00+00:00,1.98,474.4,97504
2026-01-31 00:20:00+00:00,1.46,477.6,109716
2026-01-31 00:21:00+00:00,1.96,474.1,99038
2026-01-31 00:22:00+00:00,1.86,474.8,99098
2026-01-31 00:23:00+00:00,1.96,474.7,99582
2026-01-31 00:24:00+00:00,1.88,474.5,104673
2026-01-31 00:25:00+00:00,1.98,472.4,97234
2026-01-31 00:26:00+00:00,2.00,471.9,95413
2026-01-31 00:27:00+00:00,2.03,471.6,98221
2026-01-31 00:28:00+00:00,1.94,471.8,102608
2026-01-31 00:29:00+00:00,2.00,471.9,102474
2026-01-31 00:30:00+00:00,2.04,472.4,102213
2026-01-31 00:31:00+00:00,1.86,472.4,108948
2026-01-31 00:32:00+00:00,1.76,471.8,114555
2026-01-31 00:33:00+00:00,1.94,471.4,110303
2026-01-31 00:34:00+00:00,2.06,470.6,105776
2026-01-31 00:35:00+00:00,1.92,471.9,115291
2026-01-31 00:36:00+00:00,2.04,470.8,109950
2026-01-31 00:37:00+00:00,1.89,470.8,113253
2026-01-31 00:38:00+00:00,2.06,470.3,107870
2026-01-31 00:39:00+00:00,1.82,471.3,119987
2026-01-31 00:40:00+00:00,2.04,470.7,107518
2026-01-31 00:41:00+00:00,1.94,471.2,109464
2026-01-31 00:42:00+00:00,2.01,470.3,101902
2026-01-31 00:43:00+00:00,1.85,470.8,107121
2026-01-31 00:44:00+00:00,1.98,470.4,106111
2026-01-31 00:45:00+00:00,1.99,469.5,107149
2026-01-31 00:46:00+00:00,2.00,469.2,105190
2026-01-31 00:47:00+00:00,2.07,470.7,107549
2026-01-31 00:48:00+00:00,2.06,472.8,116911
2026-01-31 00:49:00+00:00,2.11,473.1,115649
2026-01-31 00:50:00+00:00,2.00,473.3,116495
2026-01-31 00:51:00+00:00,2.09,471.2,103206
2026-01-31 00:52:00+00:00,2.04,473.3,111928
2026-01-31 00:53:00+00:00,1.95,471.5,102989
2026-01-31 00:54:00+00:00,1.92,471.0,101653
2026-01-31 00:55:00+00:00,2.06,472.0,87177
2026-01-31 00:56:00+00:00,1.88,473.8,95387
2026-01-31 00:57:00+00:00,1.91,472.0,91946
2026-01-31 00:58:00+00:00,1.90,471.6,92983
2026-01-31 00:59:00+00:00,1.89,471.5,93676
2026-01-31 01:00:00+00:00,1.96,469.2,101342
2026-01-31 01:01:00+00:00,1.87,469.5,102437
2026-01-31 01:02:00+00:00,1.89,468.7,98290
2026-01-31 01:03:00+00:00,1.94,468.3,93008
2026-01-31 01:04:00+00:00,1.97,469.0,91890
2026-01-31 01:05:00+00:00,2.04,470.0,90055
2026-01-31 01:06:00+00:00,1.87,472.2,92671
2026-01-31 01:07:00+00:00,1.94,470.1,96807
2026-01-31 01:08:00+00:00,1.91,471.6,93995
2026-01-31 01:09:00+00:00,1.93,469.7,96041
2026-01-31 01:10:00+00:00,1.82,470.1,94928
2026-01-31 01:11:00+00:00,2.03,467.7,91337
2026-01-31 01:12:00+00:00,1.91,467.3,98041
2026-01-31 01:13:00+00:00,2.00,468.1,90937
2026-01-31 01:14:00+00:00,1.78,467.9,92719
2026-01-31 01:15:00+00:00,1.93,467.8,93121
2026-01-31 01:16:00+00:00,1.96,467.6,95274
2026-01-31 01:17:00+00:00,2.01,467.6,91446
2026-01-31 01:18:00+00:00,1.99,468.6,90041
2026-01-31 01:19:00+00:00,1.93,469.5,88886
2026-01-31 01:20:00+00:00,1.93,469.5,84719
2026-01-31 01:21:00+00:00,1.88,469.3,87138
2026-01-31 01:22:00+00:00,1.96,469.2,84975
2026-01-31 01:23:00+00:00,1.84,470.6,87845
2026-01-31 01:24:00+00:00,1.89,470.4,86067
2026-01-31 01:25:00+00:00,1.75,471.1,86007
2026-01-31 01:26:00+00:00,1.61,469.5,83848
2026-01-31 01:27:00+00:00,1.84,469.8,88974
2026-01-31 01:28:00+00:00,2.02,467.5,85762
2026-01-31 01:29:00+00:00,1.92,468.0,89667
2026-01-31 01:30:00+00:00,1.94,467.1,88373
2026-01-31 01:31:00+00:00,1.87,467.2,89154
2026-01-31 01:32:00+00:00,1.83,467.4,89868
2026-01-31 01:33:00+00:00,1.98,466.9,79777
2026-01-31 01:34:00+00:00,1.91,467.0,85423
2026-01-31 01:35:00+00:00,1.88,467.1,88465
2026-01-31 01:36:00+00:00,1.87,467.0,86910
2026-01-31 01:37:00+00:00,1.71,467.1,92059
2026-01-31 01:38:00+00:00,1.67,468.2,94923
2026-01-31 01:39:00+00:00,1.88,467.4,101244
2026-01-31 01:40:00+00:00,1.92,467.7,90880
2026-01-31 01:41:00+00:00,1.85,467.4,86462
2026-01-31 01:42:00+00:00,2.03,466.8,78852
2026-01-31 01:43:00+00:00,1.93,470.1,87664
2026-01-31 01:44:00+00:00,2.05,468.2,89897
2026-01-31 01:45:00+00:00,1.78,468.6,93265
2026-01-31 01:46:00+00:00,1.90,468.7,86092
2026-01-31 01:47:00+00:00,1.93,468.8,84810
2026-01-31 01:48:00+00:00,1.99,469.4,80315
2026-01-31 01:49:00+00:00,1.83,469.9,83760
2026-01-31 01:50:00+00:00,1.84,468.4,88595
2026-01-31 01:51:00+00:00,1.93,468.3,84860
2026-01-31 01:52:00+00:00,1.90,469.1,81678
2026-01-31 01:53:00+00:00,2.03,466.6,85217
2026-01-31 01:54:00+00:00,1.91,466.7,87500
2026-01-31 01:55:00+00:00,1.99,466.8,83618
2026-01-31 01:56:00+00:00,1.89,465.6,86912
2026-01-31 01:57:00+00:00,1.95,467.7,98386
2026-01-31 01:58:00+00:00,1.82,466.5,101648
2026-01-31 01:59:00+00:00,1.93,466.2,95071
2026-01-31 02:00:00+00:00,1.85,467.4,105227
2026-01-31 02:01:00+00:00,1.87,470.2,106568
2026-01-31 02:02:00+00:00,1.95,469.6,109574
2026-01-31 02:03:00+00:00,2.10,469.1,101215
2026-01-31 02:04:00+00:00,1.97,470.0,107007
2026-01-31 02:05:00+00:00,1.85,470.6,113306
2026-01-31 02:06:00+00:00,2.12,468.4,100284
2026-01-31 02:07:00+00:00,2.06,468.1,104214
2026-01-31 02:08:00+00:00,1.95,467.2,104075
2026-01-31 02:09:00+00:00,1.92,466.7,95964
2026-01-31 02:10:00+00:00,1.95,468.3,101911
2026-01-31 02:11:00+00:00,1.92,469.5,103838
2026-01-31 02:12:00+00:00,1.84,467.5,115164
2026-01-31 02:13:00+00:00,1.78,468.1,112310
2026-01-31 02:14:00+00:00,1.91,468.7,110276
2026-01-31 02:15:00+00:00,2.09,467.6,96452
2026-01-31 02:16:00+00:00,1.88,468.6,116420
2026-01-31 02:17:00+00:00,1.84,469.2,112253
2026-01-31 02:18:00+00:00,1.80,469.2,115932
2026-01-31 02:19:00+00:00,1.76,470.3,114834
2026-01-31 02:20:00+00:00,1.73,468.0,113356
2026-01-31 02:21:00+00:00,1.90,467.3,110086
2026-01-31 02:22:00+00:00,1.93,468.9,114173
2026-01-31 02:23:00+00:00,1.83,469.6,119551
2026-01-31 02:24:00+00:00,1.81,469.5,120712
2026-01-31 02:25:00+00:00,1.75,469.7,124404
2026-01-31 02:26:00+00:00,1.75,470.0,120870
2026-01-31 02:27:00+00:00,1.67,470.2,132749
2026-01-31 02:28:00+00:00,1.70,469.9,115367
2026-01-31 02:29:00+00:00,1.57,472.9,128193
2026-01-31 02:30:00+00:00,1.76,469.3,107247
2026-01-31 02:31:00+00:00,1.47,472.2,122486
2026-01-31 02:32:00+00:00,1.30,472.8,116253
2026-01-31 02:33:00+00:00,1.26,475.3,122864
2026-01-31 02:34:00+00:00,1.72,469.0,115842
2026-01-31 02:35:00+00:00,1.79,467.1,115099
2026-01-31 02:36:00+00:00,1.62,469.0,114439
2026-01-31 02:37:00+00:00,1.73,467.5,98425
2026-01-31 02:38:00+00:00,1.89,465.3,86168
2026-01-31 02:39:00+00:00,1.97,464.9,71712
2026-01-31 02:40:00+00:00,1.90,464.8,75575
2026-01-31 02:41:00+00:00,1.81,464.4,81220
2026-01-31 02:42:00+00:00,1.89,464.0,80705
2026-01-31 02:43:00+00:00,1.79,464.5,91188
2026-01-31 02:44:00+00:00,1.62,463.2,83756
2026-01-31 02:45:00+00:00,1.27,465.5,104320
2026-01-31 02:46:00+00:00,2.01,464.7,78788
2026-01-31 02:47:00+00:00,1.91,463.9,87122
2026-01-31 02:48:00+00:00,2.07,464.1,85800
2026-01-31 02:49:00+00:00,1.95,465.9,87821
2026-01-31 02:50:00+00:00,1.94,466.4,79827
2026-01-31 02:51:00+00:00,1.91,469.8,73173
2026-01-31 02:52:00+00:00,1.90,468.2,76874
2026-01-31 02:53:00+00:00,1.88,465.7,82478
2026-01-31 02:54:00+00:00,1.88,465.5,82727
2026-01-31 02:55:00+00:00,1.84,465.8,82004
2026-01-31 02:56:00+00:00,1.83,467.2,82086
2026-01-31 02:57:00+00:00,1.92,468.5,84298
2026-01-31 02:58:00+00:00,1.86,465.3,97623
2026-01-31 02:59:00+00:00,1.87,463.5,105063
2026-01-31 03:00:00+00:00,1.82,463.1,106387
2026-01-31 03:01:00+00:00,1.95,462.8,97703
2026-01-31 03:02:00+00:00,1.75,461.5,104133
2026-01-31 03:03:00+00:00,1.86,462.3,94298
2026-01-31 03:04:00+00:00,1.82,461.5,105411
2026-01-31 03:05:00+00:00,1.89,461.4,96769
2026-01-31 03:06:00+00:00,1.92,461.0,98711
2026-01-31 03:07:00+00:00,1.72,463.6,96020
2026-01-31 03:08:00+00:00,1.80,463.2,97335
2026-01-31 03:09:00+00:00,1.89,462.1,97982
2026-01-31 03:10:00+00:00,1.85,461.6,99390
2026-01-31 03:11:00+00:00,1.84,461.1,102077
2026-01-31 03:12:00+00:00,1.86,460.9,98322
2026-01-31 03:13:00+00:00,1.87,460.7,97996
2026-01-31 03:14:00+00:00,1.85,461.5,91853
2026-01-31 03:15:00+00:00,1.77,466.2,75712
2026-01-31 03:16:00+00:00,1.76,462.8,93218
2026-01-31 03:17:00+00:00,1.96,462.5,93004
2026-01-31 03:18:00+00:00,1.75,459.0,103998
2026-01-31 03:19:00+00:00,1.58,461.8,103204
2026-01-31 03:20:00+00:00,1.79,460.0,108746
2026-01-31 03:21:00+00:00,1.83,460.5,100006
2026-01-31 03:22:00+00:00,1.81,460.3,103965
2026-01-31 03:23:00+00:00,1.90,460.8,102642
2026-01-31 03:24:00+00:00,1.89,460.0,102287
2026-01-31 03:25:00+00:00,1.87,459.8,98968
2026-01-31 03:26:00+00:00,1.82,460.1,98231
2026-01-31 03:27:00+00:00,1.85,460.3,97589
2026-01-31 03:28:00+00:00,1.92,460.5,95060
2026-01-31 03:29:00+00:00,1.87,460.4,98331
2026-01-31 03:30:00+00:00,1.87,461.1,98627
2026-01-31 03:31:00+00:00,1.65,461.4,106886
2026-01-31 03:32:00+00:00,1.80,460.9,101633
2026-01-31 03:33:00+00:00,1.79,459.9,104409
2026-01-31 03:34:00+00:00,1.85,461.6,98159
2026-01-31 03:35:00+00:00,1.84,461.5,103565
2026-01-31 03:36:00+00:00,1.98,462.8,100320
2026-01-31 03:37:00+00:00,1.86,460.7,98773
2026-01-31 03:38:00+00:00,1.90,460.0,95063
2026-01-31 03:39:00+00:00,1.85,459.4,98704
2026-01-31 03:40:00+00:00,1.85,459.8,96808
2026-01-31 03:41:00+00:00,1.86,460.4,98327
2026-01-31 03:42:00+00:00,1.74,461.0,104401
2026-01-31 03:43:00+00:00,1.66,460.2,108518
2026-01-31 03:44:00+00:00,1.72,458.2,110185
2026-01-31 03:46:00+00:00,1.74,459.0,110510
2026-01-31 03:47:00+00:00,1.75,459.2,110335
2026-01-31 03:48:00+00:00,1.83,460.1,109221
2026-01-31 03:49:00+00:00,1.79,459.9,107727
2026-01-31 03:50:00+00:00,1.46,461.0,98616
2026-01-31 03:51:00+00:00,1.72,460.3,103212
2026-01-31 03:52:00+00:00,1.84,461.5,99289
2026-01-31 03:53:00+00:00,1.80,459.5,101920
2026-01-31 03:54:00+00:00,1.89,460.5,99813
2026-01-31 03:55:00+00:00,1.90,461.0,103202
2026-01-31 03:56:00+00:00,1.88,460.9,100964
2026-01-31 03:57:00+00:00,1.85,460.5,100295
2026-01-31 03:58:00+00:00,1.91,461.0,100185
2026-01-31 04:00:00+00:00,1.97,461.8,110724
2026-01-31 04:01:00+00:00,1.86,461.3,111553
2026-01-31 04:02:00+00:00,1.67,460.4,111659
2026-01-31 04:03:00+00:00,1.99,462.0,105856
2026-01-31 04:04:00+00:00,1.91,461.2,113385
2026-01-31 04:05:00+00:00,2.04,462.2,109509
2026-01-31 04:06:00+00:00,1.87,461.0,107338
2026-01-31 04:07:00+00:00,1.84,461.5,112184
2026-01-31 04:08:00+00:00,1.76,459.5,117915
2026-01-31 04:09:00+00:00,1.91,461.0,106971
2026-01-31 04:10:00+00:00,1.90,459.2,104024
2026-01-31 04:11:00+00:00,1.94,459.5,101138
2026-01-31 04:12:00+00:00,1.92,461.1,108196
2026-01-31 04:13:00+00:00,1.76,460.3,106256
2026-01-31 04:14:00+00:00,1.77,459.8,89665
2026-01-31 04:15:00+00:00,1.83,461.4,74136
2026-01-31 04:16:00+00:00,1.82,462.1,71894
2026-01-31 04:17:00+00:00,1.95,461.2,78206
2026-01-31 04:18:00+00:00,1.94,464.3,73744
2026-01-31 04:19:00+00:00,1.95,464.1,72952
2026-01-31 04:20:00+00:00,2.01,463.3,69443
2026-01-31 04:21:00+00:00,1.85,460.8,80092
2026-01-31 04:22:00+00:00,1.79,461.4,72421
2026-01-31 04:23:00+00:00,1.97,461.0,86498
2026-01-31 04:24:00+00:00,2.06,459.3,91187
2026-01-31 04:25:00+00:00,1.62,460.9,95895
2026-01-31 04:26:00+00:00,1.93,460.0,93589
2026-01-31 04:27:00+00:00,1.87,458.9,91884
2026-01-31 04:28:00+00:00,1.89,459.1,85737
2026-01-31 04:29:00+00:00,1.99,459.3,85492
2026-01-31 04:30:00+00:00,1.97,459.7,85664
2026-01-31 04:31:00+00:00,1.92,459.1,87532
2026-01-31 04:32:00+00:00,1.96,457.6,91382
2026-01-31 04:33:00+00:00,2.01,458.3,85442
2026-01-31 04:34:00+00:00,1.97,458.9,82956
2026-01-31 04:35:00+00:00,2.06,457.7,83230
2026-01-31 04:36:00+00:00,1.92,459.3,85092
2026-01-31 04:37:00+00:00,1.76,460.5,88053
2026-01-31 04:38:00+00:00,1.83,457.9,78443
2026-01-31 04:39:00+00:00,1.95,459.4,89435
2026-01-31 04:40:00+00:00,1.84,461.9,86557
2026-01-31 04:41:00+00:00,1.95,461.6,73093
2026-01-31 04:42:00+00:00,1.68,466.7,69903
2026-01-31 04:43:00+00:00,1.89,466.6,70279
2026-01-31 04:44:00+00:00,1.64,465.1,80678
2026-01-31 04:45:00+00:00,1.54,461.9,82301
2026-01-31 04:46:00+00:00,1.64,464.7,83339
2026-01-31 04:47:00+00:00,1.61,470.0,86604
2026-01-31 04:48:00+00:00,1.62,468.5,82908
2026-01-31 04:49:00+00:00,1.83,465.7,79074
2026-01-31 04:50:00+00:00,2.22,464.6,73837
2026-01-31 04:51:00+00:00,2.21,464.1,81539
2026-01-31 04:52:00+00:00,2.19,464.3,79696
2026-01-31 04:53:00+00:00,1.91,466.6,59458
2026-01-31 04:54:00+00:00,2.25,464.1,61257
2026-01-31 04:55:00+00:00,2.07,466.4,69217
2026-01-31 04:56:00+00:00,2.14,465.4,69160
2026-01-31 04:57:00+00:00,1.55,471.6,71338
2026-01-31 04:58:00+00:00,1.70,467.0,64667
2026-01-31 04:59:00+00:00,1.60,468.7,55350
2026-01-31 05:00:00+00:00,1.71,469.3,61278
2026-01-31 05:01:00+00:00,1.91,466.9,68098
2026-01-31 05:02:00+00:00,1.87,467.8,61926
2026-01-31 05:03:00+00:00,1.86,466.9,68237
2026-01-31 05:04:00+00:00,2.17,468.9,81400
2026-01-31 05:05:00+00:00,2.22,476.7,81624
2026-01-31 05:06:00+00:00,1.65,465.4,105342
2026-01-31 05:07:00+00:00,1.96,467.0,82868
2026-01-31 05:08:00+00:00,1.58,465.1,87986
2026-01-31 05:09:00+00:00,2.31,462.2,90332
2026-01-31 05:10:00+00:00,2.12,458.9,106285
2026-01-31 05:11:00+00:00,2.11,459.4,106544
2026-01-31 05:12:00+00:00,1.95,461.3,110206
2026-01-31 05:13:00+00:00,2.10,458.6,98370
2026-01-31 05:14:00+00:00,2.13,456.6,101810
2026-01-31 05:15:00+00:00,1.83,464.8,78003
2026-01-31 05:16:00+00:00,1.89,477.3,55103
2026-01-31 05:17:00+00:00,2.19,474.4,57288
2026-01-31 05:18:00+00:00,2.24,466.9,66017
2026-01-31 05:19:00+00:00,2.05,465.4,68709
2026-01-31 05:20:00+00:00,1.94,464.4,75030
2026-01-31 05:21:00+00:00,1.90,469.5,74083
2026-01-31 05:22:00+00:00,1.74,482.0,49383
2026-01-31 05:23:00+00:00,1.52,479.5,47446
2026-01-31 05:24:00+00:00,2.19,465.0,68701
2026-01-31 05:25:00+00:00,2.19,465.0,68707
2026-01-31 05:26:00+00:00,1.97,468.0,69077
2026-01-31 05:27:00+00:00,1.97,465.4,71936
2026-01-31 05:28:00+00:00,2.00,464.1,72132
2026-01-31 05:29:00+00:00,1.99,465.9,71013
2026-01-31 05:30:00+00:00,2.03,466.0,71561
2026-01-31 05:31:00+00:00,1.93,465.8,65798
2026-01-31 05:32:00+00:00,1.94,465.0,66576
2026-01-31 05:33:00+00:00,2.00,462.2,70852
2026-01-31 05:34:00+00:00,2.01,461.4,74309
2026-01-31 05:35:00+00:00,2.00,461.5,79302
2026-01-31 05:36:00+00:00,2.05,459.5,82340
2026-01-31 05:37:00+00:00,2.16,458.6,78274
2026-01-31 05:38:00+00:00,2.06,461.5,72209
2026-01-31 05:39:00+00:00,1.74,466.6,64440
2026-01-31 05:40:00+00:00,1.93,466.2,58889
2026-01-31 05:41:00+00:00,1.72,466.8,59892
2026-01-31 05:42:00+00:00,2.03,467.6,60771
2026-01-31 05:43:00+00:00,1.71,455.6,101690
2026-01-31 05:44:00+00:00,2.06,455.6,101353
2026-01-31 05:45:00+00:00,2.26,456.6,98524
2026-01-31 05:46:00+00:00,2.13,459.9,85882
2026-01-31 05:47:00+00:00,1.98,461.0,86501
2026-01-31 05:48:00+00:00,2.00,460.4,84952
2026-01-31 05:49:00+00:00,1.97,458.0,79951
2026-01-31 05:50:00+00:00,1.95,456.5,76973
2026-01-31 05:51:00+00:00,1.98,456.7,77583
2026-01-31 05:52:00+00:00,1.98,456.9,77896
2026-01-31 05:53:00+00:00,1.98,457.1,79349
2026-01-31 05:54:00+00:00,1.83,456.5,89080
2026-01-31 05:55:00+00:00,1.79,456.3,83025
2026-01-31 05:56:00+00:00,1.93,455.6,87325
2026-01-31 05:57:00+00:00,2.03,,
2026-01-31 05:58:00+00:00,2.03,457.2,70057
2026-01-31 05:59:00+00:00,1.97,454.2,89963
2026-01-31 06:00:00+00:00,1.94,454.6,92853
2026-01-31 06:01:00+00:00,1.92,453.4,95967
2026-01-31 06:02:00+00:00,1.92,455.4,87481
2026-01-31 06:03:00+00:00,1.88,454.4,92333
2026-01-31 06:04:00+00:00,1.90,454.2,93398
2026-01-31 06:05:00+00:00,1.90,453.4,90155
2026-01-31 06:06:00+00:00,1.69,454.1,93527
2026-01-31 06:07:00+00:00,1.67,454.7,95402
2026-01-31 06:08:00+00:00,1.92,453.5,92820
2026-01-31 06:09:00+00:00,1.92,453.4,91332
2026-01-31 06:10:00+00:00,1.92,452.7,81079
2026-01-31 06:11:00+00:00,1.86,454.8,87933
2026-01-31 06:12:00+00:00,1.90,452.8,83233
2026-01-31 06:13:00+00:00,1.94,453.9,84419
2026-01-31 06:14:00+00:00,1.92,453.1,86441
2026-01-31 06:15:00+00:00,1.90,454.1,86719
2026-01-31 06:16:00+00:00,1.89,453.0,80823
2026-01-31 06:17:00+00:00,1.93,454.1,83287
2026-01-31 06:18:00+00:00,1.73,456.3,81870
2026-01-31 06:19:00+00:00,1.95,457.0,76381
2026-01-31 06:20:00+00:00,2.00,455.9,75433
2026-01-31 06:21:00+00:00,1.97,455.9,74407
2026-01-31 06:22:00+00:00,2.01,456.9,79059
2026-01-31 06:23:00+00:00,2.03,457.5,80697
2026-01-31 06:24:00+00:00,2.05,456.9,78145
2026-01-31 06:25:00+00:00,2.03,454.7,85928
2026-01-31 06:26:00+00:00,2.00,453.3,85327
2026-01-31 06:27:00+00:00,1.97,453.8,84719
2026-01-31 06:28:00+00:00,2.09,454.1,79767
2026-01-31 06:29:00+00:00,2.03,454.4,79448
2026-01-31 06:31:00+00:00,1.94,456.3,94536
2026-01-31 06:32:00+00:00,2.02,457.1,81238
2026-01-31 06:33:00+00:00,2.05,456.2,91851
2026-01-31 06:34:00+00:00,2.02,457.2,96730
2026-01-31 06:35:00+00:00,2.08,455.7,92964
2026-01-31 06:36:00+00:00,2.03,455.6,89044
2026-01-31 06:37:00+00:00,1.91,454.3,87293
2026-01-31 06:38:00+00:00,1.93,454.1,92133
2026-01-31 06:39:00+00:00,1.91,455.2,99461
2026-01-31 06:40:00+00:00,1.84,454.5,99954
2026-01-31 06:41:00+00:00,1.95,454.4,99276
2026-01-31 06:42:00+00:00,1.95,455.2,104043
2026-01-31 06:43:00+00:00,2.01,454.9,95868
2026-01-31 06:44:00+00:00,2.00,454.8,89842
2026-01-31 06:45:00+00:00,1.93,457.6,101424
2026-01-31 06:46:00+00:00,1.92,453.6,94755
2026-01-31 06:47:00+00:00,1.95,458.4,95556
2026-01-31 06:48:00+00:00,1.94,455.8,96978
2026-01-31 06:49:00+00:00,1.93,452.2,82079
2026-01-31 06:50:00+00:00,1.96,451.6,84391
2026-01-31 06:51:00+00:00,1.98,453.1,89133
2026-01-31 06:52:00+00:00,1.98,453.0,87158
2026-01-31 06:53:00+00:00,1.97,453.3,86077
2026-01-31 06:54:00+00:00,1.96,452.5,88432
2026-01-31 06:55:00+00:00,2.02,451.3,87817
2026-01-31 06:56:00+00:00,2.12,450.9,83927
2026-01-31 06:57:00+00:00,2.13,449.9,84797
2026-01-31 06:58:00+00:00,2.02,450.6,90347
2026-01-31 06:59:00+00:00,1.94,450.4,90670
2026-01-31 07:00:00+00:00,1.90,451.9,90039
2026-01-31 07:01:00+00:00,1.72,450.5,87676
2026-01-31 07:02:00+00:00,2.05,451.1,93792
2026-01-31 07:03:00+00:00,2.05,,
2026-01-31 07:04:00+00:00,3.31,475.2,181633
2026-01-31 07:05:00+00:00,3.31,475.2,181633
2026-01-31 08:03:00+00:00,2.09,455.5,274895
2026-01-31 08:04:00+00:00,2.10,455.0,260842
2026-01-31 08:05:00+00:00,2.14,449.6,105954
2026-01-31 08:06:00+00:00,2.24,447.3,87356
2026-01-31 08:07:00+00:00,2.25,449.7,102539
2026-01-31 08:08:00+00:00,2.14,444.8,84899
2026-01-31 08:09:00+00:00,2.12,444.2,82464
2026-01-31 08:10:00+00:00,2.16,443.6,76427
2026-01-31 08:11:00+00:00,2.15,446.2,85300
2026-01-31 08:12:00+00:00,1.29,438.1,74759
2026-01-31 08:13:00+00:00,1.48,438.3,75910
2026-01-31 08:14:00+00:00,2.10,443.3,80352
2026-01-31 08:15:00+00:00,2.23,444.2,80387
2026-01-31 08:16:00+00:00,2.21,444.7,82058
2026-01-31 08:17:00+00:00,1.97,443.4,75247
2026-01-31 08:18:00+00:00,1.90,443.7,78037
2026-01-31 08:19:00+00:00,1.52,440.8,74783
2026-01-31 08:20:00+00:00,0.89,429.5,63228
2026-01-31 08:21:00+00:00,2.68,451.8,106979
2026-01-31 08:22:00+00:00,2.07,445.8,88027
2026-01-31 08:23:00+00:00,2.25,446.6,98504
2026-01-31 08:24:00+00:00,2.13,442.1,81287
2026-01-31 08:25:00+00:00,2.08,442.0,77156
2026-01-31 08:26:00+00:00,2.02,443.1,84681
2026-01-31 08:27:00+00:00,2.00,442.1,76240
2026-01-31 08:28:00+00:00,1.95,441.3,77482
2026-01-31 08:29:00+00:00,1.97,441.6,77031
2026-01-31 08:30:00+00:00,1.84,441.3,75672
2026-01-31 08:31:00+00:00,1.85,441.0,75215
2026-01-31 08:32:00+00:00,2.10,441.1,73129
2026-01-31 08:33:00+00:00,2.02,440.8,77687
2026-01-31 08:34:00+00:00,1.95,441.8,80489
2026-01-31 08:35:00+00:00,1.99,442.4,83140
2026-01-31 08:36:00+00:00,2.08,442.5,91540
2026-01-31 08:38:00+00:00,2.12,441.4,78118
2026-01-31 08:39:00+00:00,2.15,443.2,92025
2026-01-31 08:40:00+00:00,1.99,441.2,89078
2026-01-31 08:41:00+00:00,2.12,445.0,102971
2026-01-31 08:42:00+00:00,2.16,446.0,106199
2026-01-31 08:43:00+00:00,2.10,443.7,89522
2026-01-31 08:44:00+00:00,2.38,448.6,103718
2026-01-31 08:45:00+00:00,2.61,450.6,113158
2026-01-31 08:46:00+00:00,2.45,446.1,97181
2026-01-31 08:47:00+00:00,2.15,442.8,84421
2026-01-31 08:48:00+00:00,2.26,445.8,98454
2026-01-31 08:49:00+00:00,2.49,447.8,103451
2026-01-31 08:50:00+00:00,1.97,442.9,83180
2026-01-31 08:51:00+00:00,2.09,443.5,90359
2026-01-31 08:52:00+00:00,2.61,449.3,108958
2026-01-31 08:53:00+00:00,2.43,449.1,109069
2026-01-31 08:54:00+00:00,1.74,443.1,90833
2026-01-31 08:55:00+00:00,0.64,426.7,51678
2026-01-31 08:56:00+00:00,2.32,454.0,127887
2026-01-31 08:57:00+00:00,2.64,451.6,102229
2026-01-31 08:58:00+00:00,2.10,445.4,92392
2026-01-31 08:59:00+00:00,1.34,436.6,80735
2026-01-31 09:00:00+00:00,2.00,442.4,97181
2026-01-31 09:01:00+00:00,2.25,444.9,98483
2026-01-31 09:02:00+00:00,1.99,443.3,86502
2026-01-31 09:03:00+00:00,1.99,443.4,85634
2026-01-31 09:04:00+00:00,1.97,441.9,85068
2026-01-31 09:05:00+00:00,1.86,441.5,77803
2026-01-31 09:06:00+00:00,1.61,441.9,70944
2026-01-31 09:08:00+00:00,2.70,455.9,139959
2026-01-31 09:09:00+00:00,2.65,448.4,104566
2026-01-31 09:10:00+00:00,2.05,441.5,77317
2026-01-31 09:11:00+00:00,1.98,442.3,83337
2026-01-31 09:12:00+00:00,2.01,442.2,79286
2026-01-31 09:13:00+00:00,2.05,444.6,88369
2026-01-31 09:14:00+00:00,2.01,442.8,85346
2026-01-31 09:15:00+00:00,2.00,442.0,83616
2026-01-31 09:16:00+00:00,2.82,450.9,114450
2026-01-31 09:17:00+00:00,2.29,447.4,107259
2026-01-31 09:18:00+00:00,2.00,442.6,92801
2026-01-31 09:19:00+00:00,2.43,446.4,104484
2026-01-31 09:20:00+00:00,2.70,452.4,123197
2026-01-31 09:21:00+00:00,2.37,446.6,100705
2026-01-31 09:22:00+00:00,2.08,442.4,89523
2026-01-31 09:23:00+00:00,2.15,439.8,78742
2026-01-31 09:24:00+00:00,2.23,441.2,89458
2026-01-31 09:25:00+00:00,2.07,442.8,91967
2026-01-31 09:26:00+00:00,2.16,439.4,87661
2026-01-31 09:27:00+00:00,3.02,452.0,123746
2026-01-31 09:28:00+00:00,2.27,442.2,89335
2026-01-31 09:29:00+00:00,1.83,437.4,69527
2026-01-31 09:30:00+00:00,2.00,437.8,71521
2026-01-31 09:31:00+00:00,9.86,414.0,89601
2026-01-31 09:32:00+00:00,6.75,429.4,94060
2026-01-31 09:33:00+00:00,2.40,444.6,93800
2026-01-31 09:34:00+00:00,2.17,442.1,90040
2026-01-31 09:35:00+00:00,2.10,442.2,86162
2026-01-31 09:36:00+00:00,2.05,443.0,82261
2026-01-31 09:37:00+00:00,1.62,438.3,70902
2026-01-31 09:38:00+00:00,1.33,437.1,76992
2026-01-31 09:39:00+00:00,2.68,449.8,101537
2026-01-31 09:40:00+00:00,2.46,448.3,113890
2026-01-31 09:41:00+00:00,1.92,441.8,77636
2026-01-31 09:42:00+00:00,2.04,439.2,67135
2026-01-31 09:43:00+00:00,2.49,447.3,89105
2026-01-31 09:44:00+00:00,2.71,450.0,95571
2026-01-31 09:45:00+00:00,2.39,445.3,84603
2026-01-31 09:46:00+00:00,2.26,443.0,83348
2026-01-31 09:47:00+00:00,2.11,441.7,81162
2026-01-31 09:48:00+00:00,2.05,441.2,79938
2026-01-31 09:49:00+00:00,2.13,440.8,83491
2026-01-31 09:50:00+00:00,2.11,439.4,78673
2026-01-31 09:51:00+00:00,2.08,438.5,77200
2026-01-31 09:52:00+00:00,2.15,440.2,83442
2026-01-31 09:53:00+00:00,2.28,440.9,83707
2026-01-31 09:54:00+00:00,2.23,437.9,78736
2026-01-31 09:55:00+00:00,2.08,438.1,77159
2026-01-31 09:56:00+00:00,2.05,437.6,78411
2026-01-31 09:57:00+00:00,2.06,437.7,76758
2026-01-31 09:58:00+00:00,2.10,436.5,80191
2026-01-31 10:00:00+00:00,1.91,435.4,86219
2026-01-31 10:01:00+00:00,2.20,438.6,84051
2026-01-31 10:02:00+00:00,2.13,438.2,90902
2026-01-31 10:03:00+00:00,2.07,438.2,87395
2026-01-31 10:04:00+00:00,2.05,436.3,81633
2026-01-31 10:05:00+00:00,2.12,436.6,79970
2026-01-31 10:06:00+00:00,2.11,437.8,84655
2026-01-31 10:07:00+00:00,2.06,437.5,85164
2026-01-31 10:08:00+00:00,2.11,436.8,81766
2026-01-31 10:09:00+00:00,2.11,436.6,86208
2026-01-31 10:10:00+00:00,2.05,437.5,85674
2026-01-31 10:11:00+00:00,2.00,437.0,87628
2026-01-31 10:12:00+00:00,1.83,437.1,85339
2026-01-31 10:13:00+00:00,2.08,437.2,89515
2026-01-31 10:14:00+00:00,1.97,437.1,81986
2026-01-31 10:15:00+00:00,2.19,436.5,84689
2026-01-31 10:16:00+00:00,1.97,435.3,77619
2026-01-31 10:17:00+00:00,2.10,434.8,80617
2026-01-31 10:18:00+00:00,2.13,435.2,75595
2026-01-31 10:19:00+00:00,2.58,440.1,87620
2026-01-31 10:20:00+00:00,1.98,435.2,81481
2026-01-31 10:21:00+00:00,1.48,430.7,73633
2026-01-31 10:22:00+00:00,2.96,446.4,110794
2026-01-31 10:23:00+00:00,2.47,441.7,99211
2026-01-31 10:24:00+00:00,1.41,430.6,75797
2026-01-31 10:25:00+00:00,1.16,426.1,67864
2026-01-31 10:26:00+00:00,2.41,438.1,85995
2026-01-31 10:27:00+00:00,2.68,442.9,97822
2026-01-31 10:28:00+00:00,1.92,433.1,74678
2026-01-31 10:29:00+00:00,1.85,432.9,70021
2026-01-31 10:30:00+00:00,2.06,435.5,77707
2026-01-31 10:31:00+00:00,1.94,432.8,71352
2026-01-31 10:32:00+00:00,1.45,428.2,61139
2026-01-31 10:33:00+00:00,2.41,439.7,91668
2026-01-31 10:34:00+00:00,2.32,437.6,85967
2026-01-31 10:35:00+00:00,2.14,439.0,89068
2026-01-31 10:36:00+00:00,1.18,426.1,65863
2026-01-31 10:37:00+00:00,1.49,427.2,61767
2026-01-31 10:38:00+00:00,2.48,439.1,81482
2026-01-31 10:39:00+00:00,2.52,441.4,90241
2026-01-31 10:40:00+00:00,1.77,434.6,79765
2026-01-31 10:41:00+00:00,1.33,429.9,68613
2026-01-31 10:42:00+00:00,2.01,436.9,78089
2026-01-31 10:43:00+00:00,1.95,433.8,68907
2026-01-31 10:44:00+00:00,1.50,429.6,63660
2026-01-31 10:45:00+00:00,2.67,442.2,87197
2026-01-31 10:46:00+00:00,2.26,435.1,66848
2026-01-31 10:47:00+00:00,1.86,434.0,64742
2026-01-31 10:48:00+00:00,0.89,422.6,55689
2026-01-31 10:49:00+00:00,2.55,443.1,96602
2026-01-31 10:50:00+00:00,2.32,439.1,79846
2026-01-31 10:51:00+00:00,1.88,435.0,71486
2026-01-31 10:52:00+00:00,2.04,437.5,76981
2026-01-31 10:53:00+00:00,2.15,437.2,77839
2026-01-31 10:54:00+00:00,2.10,435.4,75835
2026-01-31 10:55:00+00:00,1.22,427.4,64259
2026-01-31 10:56:00+00:00,1.51,430.8,65921
2026-01-31 10:57:00+00:00,2.08,436.8,70202
2026-01-31 10:58:00+00:00,2.08,436.0,70797
2026-01-31 10:59:00+00:00,1.77,433.9,60508
2026-01-31 11:00:00+00:00,1.02,425.9,56728
2026-01-31 11:01:00+00:00,2.88,447.5,109914
2026-01-31 11:02:00+00:00,2.13,434.8,67630
2026-01-31 11:03:00+00:00,2.05,434.0,56599
2026-01-31 11:04:00+00:00,2.19,437.3,71938
2026-01-31 11:05:00+00:00,1.97,434.3,60791
2026-01-31 11:06:00+00:00,1.87,433.8,62186
2026-01-31 11:07:00+00:00,1.21,426.6,57498
2026-01-31 11:08:00+00:00,2.01,435.5,72146
2026-01-31 11:09:00+00:00,2.70,444.3,83013
2026-01-31 11:10:00+00:00,2.51,442.1,77009
2026-01-31 11:11:00+00:00,1.56,430.9,60551
2026-01-31 11:12:00+00:00,1.39,429.7,67933
2026-01-31 11:13:00+00:00,2.68,444.7,94313
2026-01-31 11:14:00+00:00,2.01,434.8,59859
2026-01-31 11:15:00+00:00,2.02,432.3,59491
2026-01-31 11:16:00+00:00,2.30,436.9,67058
2026-01-31 11:17:00+00:00,2.15,436.8,77383
2026-01-31 11:18:00+00:00,1.93,437.0,80445
2026-01-31 11:19:00+00:00,0.81,424.5,62148
2026-01-31 11:20:00+00:00,2.33,442.9,91365
2026-01-31 11:21:00+00:00,2.85,445.1,94089
2026-01-31 11:22:00+00:00,2.41,439.9,81761
2026-01-31 11:23:00+00:00,1.29,429.6,63047
2026-01-31 11:24:00+00:00,2.03,438.0,88490
2026-01-31 11:25:00+00:00,2.66,445.3,109585
2026-01-31 11:26:00+00:00,2.17,439.8,96003
2026-01-31 11:27:00+00:00,1.74,434.1,80570
2026-01-31 11:28:00+00:00,2.53,442.8,96369
2026-01-31 11:29:00+00:00,2.36,440.7,89012
2026-01-31 11:30:00+00:00,1.71,433.1,67516
2026-01-31 11:31:00+00:00,1.31,428.5,64053
2026-01-31 11:32:00+00:00,3.20,446.9,100493
2026-01-31 11:33:00+00:00,2.38,437.5,66780
2026-01-31 11:34:00+00:00,2.21,435.5,65526
2026-01-31 11:35:00+00:00,1.53,429.9,54960
2026-01-31 11:36:00+00:00,2.14,434.9,63666
2026-01-31 11:37:00+00:00,2.34,438.3,72797
2026-01-31 11:38:00+00:00,2.21,436.6,68829
2026-01-31 11:39:00+00:00,2.24,435.9,63786
2026-01-31 11:40:00+00:00,2.22,436.2,66806
2026-01-31 11:41:00+00:00,1.98,436.7,70820
2026-01-31 11:42:00+00:00,2.07,436.7,72719
2026-01-31 11:43:00+00:00,2.23,436.3,68904
2026-01-31 11:44:00+00:00,2.10,435.7,66662
2026-01-31 11:45:00+00:00,2.16,435.0,73693
2026-01-31 11:46:00+00:00,2.11,435.9,71101
2026-01-31 11:47:00+00:00,2.22,436.2,72616
2026-01-31 11:48:00+00:00,2.07,435.8,72706
2026-01-31 11:49:00+00:00,2.20,434.4,75452
2026-01-31 11:50:00+00:00,2.13,434.5,75527
2026-01-31 11:51:00+00:00,2.07,434.5,79188
2026-01-31 11:52:00+00:00,2.08,435.2,71335
2026-01-31 11:53:00+00:00,2.05,436.8,75540
2026-01-31 11:54:00+00:00,2.04,435.7,78072
2026-01-31 11:55:00+00:00,2.17,434.7,73992
2026-01-31 11:56:00+00:00,2.20,434.8,66788
2026-01-31 11:57:00+00:00,2.23,434.4,63921
2026-01-31 11:58:00+00:00,2.17,433.9,65061
2026-01-31 11:59:00+00:00,2.13,434.2,67473
2026-01-31 12:00:00+00:00,2.20,434.4,69517
2026-01-31 12:01:00+00:00,2.21,432.7,65853
2026-01-31 12:02:00+00:00,2.21,433.2,65087
2026-01-31 12:03:00+00:00,2.20,435.0,61906
2026-01-31 12:04:00+00:00,2.15,434.1,59824
2026-01-31 12:05:00+00:00,1.83,436.5,62684
2026-01-31 12:06:00+00:00,2.18,433.6,60671
2026-01-31 12:07:00+00:00,2.13,433.8,54733
2026-01-31 12:08:00+00:00,2.22,434.0,57946
2026-01-31 12:09:00+00:00,2.16,434.5,57563
2026-01-31 12:10:00+00:00,2.14,434.3,58674
2026-01-31 12:11:00+00:00,2.11,433.5,58274
2026-01-31 12:12:00+00:00,2.12,433.9,58466
2026-01-31 12:13:00+00:00,2.09,433.7,57245
2026-01-31 12:14:00+00:00,2.03,433.3,62242
2026-01-31 12:15:00+00:00,2.01,433.6,68370
2026-01-31 12:16:00+00:00,2.00,433.7,66736
2026-01-31 12:17:00+00:00,2.07,433.7,65500
2026-01-31 12:18:00+00:00,2.18,434.0,66242
2026-01-31 12:19:00+00:00,2.15,433.4,65895
2026-01-31 12:20:00+00:00,2.12,434.5,62425
2026-01-31 12:21:00+00:00,2.19,435.1,68011
2026-01-31 12:22:00+00:00,2.20,436.9,63985
2026-01-31 12:23:00+00:00,2.22,435.2,65162
2026-01-31 12:24:00+00:00,2.17,435.6,62853
2026-01-31 12:25:00+00:00,2.11,436.6,59148
2026-01-31 12:26:00+00:00,2.03,432.4,72741
2026-01-31 12:27:00+00:00,2.08,430.7,83578
2026-01-31 12:28:00+00:00,2.12,431.3,85944
2026-01-31 12:29:00+00:00,2.11,431.2,87066
2026-01-31 12:30:00+00:00,2.16,430.9,82033
2026-01-31 12:31:00+00:00,2.16,431.1,77194
2026-01-31 12:32:00+00:00,2.08,431.2,79661
2026-01-31 12:34:00+00:00,1.96,431.5,69771
2026-01-31 12:35:00+00:00,1.94,431.5,70487
2026-01-31 12:36:00+00:00,1.85,431.6,74020
2026-01-31 12:37:00+00:00,2.05,434.4,68175
2026-01-31 12:38:00+00:00,2.11,433.0,60134
2026-01-31 12:39:00+00:00,2.14,435.5,55836
2026-01-31 12:40:00+00:00,2.21,433.4,56706
2026-01-31 12:41:00+00:00,2.15,434.1,58879
2026-01-31 12:42:00+00:00,2.14,435.7,55782
2026-01-31 12:43:00+00:00,2.16,435.2,55318
2026-01-31 12:44:00+00:00,2.10,434.7,56577
2026-01-31 12:45:00+00:00,2.04,435.4,54983
2026-01-31 12:46:00+00:00,2.07,434.8,58024
2026-01-31 12:47:00+00:00,2.06,433.1,63419
2026-01-31 12:48:00+00:00,2.07,433.3,63750
2026-01-31 12:49:00+00:00,2.25,434.3,62372
2026-01-31 12:50:00+00:00,2.21,433.4,59753
2026-01-31 12:51:00+00:00,2.21,433.0,62437
2026-01-31 12:52:00+00:00,2.21,433.4,61614
2026-01-31 12:53:00+00:00,2.19,434.2,66371
2026-01-31 12:54:00+00:00,2.22,433.5,64799
2026-01-31 12:55:00+00:00,2.21,435.3,63198
2026-01-31 12:56:00+00:00,2.24,435.9,58142
2026-01-31 12:57:00+00:00,2.24,436.3,62329
2026-01-31 12:58:00+00:00,2.19,435.6,60300
2026-01-31 12:59:00+00:00,1.90,435.8,64086
2026-01-31 13:00:00+00:00,1.99,434.9,61538
2026-01-31 13:01:00+00:00,2.11,433.5,64082
2026-01-31 13:02:00+00:00,2.13,433.1,67250
2026-01-31 13:03:00+00:00,2.12,433.7,68220
2026-01-31 13:04:00+00:00,2.07,434.5,69723
2026-01-31 13:05:00+00:00,2.11,434.7,66253
2026-01-31 13:07:00+00:00,1.97,431.6,63932
2026-01-31 13:08:00+00:00,1.96,431.4,63900
2026-01-31 13:09:00+00:00,1.94,429.7,63508
2026-01-31 13:10:00+00:00,2.10,429.1,60679
2026-01-31 13:11:00+00:00,1.54,431.7,74414
2026-01-31 13:12:00+00:00,2.00,428.2,70425
2026-01-31 13:13:00+00:00,2.00,428.0,65312
2026-01-31 13:14:00+00:00,2.07,428.9,68939
2026-01-31 13:15:00+00:00,2.03,430.3,66253
2026-01-31 13:16:00+00:00,2.03,430.5,62151
2026-01-31 13:17:00+00:00,2.02,430.7,59141
2026-01-31 13:18:00+00:00,2.05,430.7,59928
2026-01-31 13:19:00+00:00,2.06,430.0,60968
2026-01-31 13:20:00+00:00,2.04,430.0,60529
2026-01-31 13:21:00+00:00,2.08,430.1,63063
2026-01-31 13:22:00+00:00,2.01,429.8,63409
2026-01-31 13:23:00+00:00,1.92,430.5,64591
2026-01-31 13:24:00+00:00,2.07,432.0,66656
2026-01-31 13:25:00+00:00,2.06,430.0,67680
2026-01-31 13:26:00+00:00,1.95,431.7,65090
2026-01-31 13:27:00+00:00,2.05,431.7,64732
2026-01-31 13:28:00+00:00,1.97,430.6,65548
2026-01-31 13:29:00+00:00,2.04,429.0,66846
2026-01-31 13:30:00+00:00,1.98,428.3,69446
2026-01-31 13:31:00+00:00,2.00,427.4,70889
2026-01-31 13:32:00+00:00,2.06,426.7,72942
2026-01-31 13:33:00+00:00,2.07,427.0,71718
2026-01-31 13:34:00+00:00,1.91,427.8,69391
2026-01-31 13:35:00+00:00,1.88,428.1,69521
2026-01-31 13:36:00+00:00,2.04,427.3,71635
2026-01-31 13:37:00+00:00,1.99,425.9,72279
2026-01-31 13:38:00+00:00,2.06,426.4,67915
2026-01-31 13:40:00+00:00,2.09,428.1,64784
2026-01-31 13:41:00+00:00,2.09,428.1,64883
2026-01-31 13:42:00+00:00,1.87,427.0,70724
2026-01-31 13:43:00+00:00,2.05,427.7,65648
2026-01-31 13:44:00+00:00,1.99,429.1,60574
2026-01-31 13:45:00+00:00,1.85,429.7,64386
2026-01-31 13:46:00+00:00,1.75,426.5,68395
2026-01-31 13:47:00+00:00,1.91,423.8,71343
2026-01-31 13:48:00+00:00,2.05,423.7,69300
2026-01-31 13:49:00+00:00,2.04,423.9,69239
2026-01-31 13:50:00+00:00,2.01,423.7,69775
2026-01-31 13:51:00+00:00,2.00,423.0,70711
2026-01-31 13:52:00+00:00,1.99,422.5,70803
2026-01-31 13:53:00+00:00,2.01,423.2,66662
2026-01-31 13:54:00+00:00,1.96,423.3,69126
2026-01-31 13:55:00+00:00,2.07,424.8,72053
2026-01-31 13:56:00+00:00,1.97,425.1,71809
2026-01-31 13:57:00+00:00,2.07,423.5,66826
2026-01-31 13:58:00+00:00,1.89,423.5,61017
2026-01-31 13:59:00+00:00,1.98,424.1,72758
2026-01-31 14:00:00+00:00,1.90,423.4,67064
2026-01-31 14:01:00+00:00,1.96,422.8,65143
2026-01-31 14:02:00+00:00,1.94,422.3,63128
2026-01-31 14:03:00+00:00,2.02,422.5,63093
2026-01-31 14:04:00+00:00,1.98,423.1,61037
2026-01-31 14:05:00+00:00,1.91,422.4,57312
2026-01-31 14:06:00+00:00,1.91,422.1,58998
2026-01-31 14:07:00+00:00,1.96,422.8,62097
2026-01-31 14:08:00+00:00,1.98,423.1,62235
2026-01-31 14:09:00+00:00,1.98,423.4,65813
2026-01-31 14:10:00+00:00,2.10,424.1,70571
2026-01-31 14:11:00+00:00,2.06,427.4,74132
2026-01-31 14:13:00+00:00,2.14,,
2026-01-31 14:14:00+00:00,2.14,426.2,72896
2026-01-31 14:15:00+00:00,2.09,426.2,74976
2026-01-31 14:16:00+00:00,2.09,425.8,77093
2026-01-31 14:17:00+00:00,1.88,425.5,74639
2026-01-31 14:18:00+00:00,2.09,426.0,75535
2026-01-31 14:19:00+00:00,2.13,425.5,76934
2026-01-31 14:20:00+00:00,2.14,424.5,77316
2026-01-31 14:21:00+00:00,2.13,424.4,76149
2026-01-31 14:22:00+00:00,2.18,424.6,74557
2026-01-31 14:23:00+00:00,2.20,424.1,73333
2026-01-31 14:24:00+00:00,2.12,424.1,74057
2026-01-31 14:25:00+00:00,2.13,425.1,77052
2026-01-31 14:26:00+00:00,2.09,425.0,77069
2026-01-31 14:27:00+00:00,2.21,425.3,74526
2026-01-31 14:28:00+00:00,2.11,425.6,74327
2026-01-31 14:29:00+00:00,1.81,425.6,70983
2026-01-31 14:30:00+00:00,2.14,426.4,75620
2026-01-31 14:31:00+00:00,2.15,425.3,73663
2026-01-31 14:32:00+00:00,2.09,425.5,76330
2026-01-31 14:33:00+00:00,2.20,425.4,74820
2026-01-31 14:34:00+00:00,2.23,425.3,74399
2026-01-31 14:35:00+00:00,2.23,424.7,77871
2026-01-31 14:36:00+00:00,2.18,423.7,81718
2026-01-31 14:37:00+00:00,2.20,423.5,82050
2026-01-31 14:38:00+00:00,2.20,423.8,81403
2026-01-31 14:39:00+00:00,2.18,424.4,80373
2026-01-31 14:40:00+00:00,2.09,425.8,82384
2026-01-31 14:41:00+00:00,1.94,426.3,90237
2026-01-31 14:42:00+00:00,2.20,425.7,83716
2026-01-31 14:43:00+00:00,2.14,425.3,73941
2026-01-31 14:44:00+00:00,2.27,426.8,77106
2026-01-31 14:47:00+00:00,2.23,425.2,90596
2026-01-31 14:48:00+00:00,2.23,424.3,82778
2026-01-31 14:49:00+00:00,2.22,423.1,84656
2026-01-31 14:50:00+00:00,2.24,424.7,92531
2026-01-31 14:51:00+00:00,2.23,425.1,94779
2026-01-31 14:52:00+00:00,1.99,426.4,91243
2026-01-31 14:53:00+00:00,2.01,425.4,84130
2026-01-31 14:54:00+00:00,2.10,423.2,71609
2026-01-31 14:55:00+00:00,2.11,421.0,62720
2026-01-31 14:56:00+00:00,2.22,418.6,66563
2026-01-31 14:57:00+00:00,2.24,417.8,73191
2026-01-31 14:58:00+00:00,2.10,418.4,72581
2026-01-31 14:59:00+00:00,2.17,419.8,72380
2026-01-31 15:00:00+00:00,2.12,423.3,78645
2026-01-31 15:01:00+00:00,,,
2026-01-31 15:02:00+00:00,,,
2026-01-31 15:03:00+00:00,,,
2026-01-31 15:04:00+00:00,1.55,431.6,81880
2026-01-31 15:05:00+00:00,1.32,410.7,51476
2026-01-31 15:06:00+00:00,2.05,424.9,101172
2026-01-31 15:07:00+00:00,2.20,443.9,120546
2026-01-31 15:08:00+00:00,2.15,449.8,120793
2026-01-31 15:09:00+00:00,2.60,436.3,109576
2026-01-31 15:10:00+00:00,2.21,427.9,79529
2026-01-31 15:11:00+00:00,1.84,421.1,58298
2026-01-31 15:12:00+00:00,1.69,418.4,63753
2026-01-31 15:13:00+00:00,1.45,408.7,49350
2026-01-31 15:14:00+00:00,2.07,416.2,70849
2026-01-31 15:15:00+00:00,2.58,433.9,109060
2026-01-31 15:16:00+00:00,1.38,437.5,82451
2026-01-31 15:17:00+00:00,1.60,438.5,97951
2026-01-31 15:18:00+00:00,2.95,445.6,101762
2026-01-31 15:19:00+00:00,2.95,,
2026-01-31 15:21:00+00:00,2.64,437.2,116474
2026-01-31 15:22:00+00:00,2.42,434.7,108050
2026-01-31 15:23:00+00:00,2.10,431.2,87921
2026-01-31 15:24:00+00:00,2.04,427.0,71006
2026-01-31 15:25:00+00:00,2.48,432.0,87581
2026-01-31 15:26:00+00:00,2.62,435.0,104743
2026-01-31 15:27:00+00:00,2.21,429.5,94942
2026-01-31 15:28:00+00:00,1.94,424.7,73254
2026-01-31 15:29:00+00:00,2.19,428.1,86672
2026-01-31 15:30:00+00:00,2.60,438.1,155652
2026-01-31 15:31:00+00:00,2.23,428.0,123863
2026-01-31 15:32:00+00:00,2.11,426.8,122561
2026-01-31 15:33:00+00:00,2.02,419.9,95355
2026-01-31 15:34:00+00:00,2.10,423.1,124725
2026-01-31 15:35:00+00:00,1.74,423.1,90149
2026-01-31 15:36:00+00:00,1.89,424.1,97035
2026-01-31 15:37:00+00:00,2.26,430.5,125855
2026-01-31 15:38:00+00:00,2.32,433.6,126170
2026-01-31 15:39:00+00:00,2.10,431.4,118985
2026-01-31 15:40:00+00:00,1.86,427.6,107082
2026-01-31 15:41:00+00:00,2.12,427.3,122155
2026-01-31 15:42:00+00:00,2.30,425.3,132013
2026-01-31 15:43:00+00:00,2.12,422.3,116633
2026-01-31 15:44:00+00:00,2.02,422.7,106024
2026-01-31 15:45:00+00:00,2.26,428.3,141569
2026-01-31 15:46:00+00:00,2.19,426.9,136140
2026-01-31 15:47:00+00:00,1.83,419.5,107050
2026-01-31 15:48:00+00:00,1.04,405.9,54894
2026-01-31 15:49:00+00:00,1.35,411.5,71926
2026-01-31 15:50:00+00:00,2.90,432.6,129706
2026-01-31 15:51:00+00:00,2.83,432.1,147874
2026-01-31 15:52:00+00:00,2.83,432.0,148830
2026-01-31 15:53:00+00:00,1.85,415.6,73673
2026-01-31 15:54:00+00:00,2.09,427.8,104554
2026-01-31 15:55:00+00:00,2.18,423.2,100531
2026-01-31 15:56:00+00:00,2.12,419.6,93038
2026-01-31 15:57:00+00:00,1.98,419.4,87997
2026-01-31 15:58:00+00:00,1.90,423.5,99273
2026-01-31 16:00:00+00:00,2.04,421.0,112426
2026-01-31 16:01:00+00:00,2.33,424.5,133717
2026-01-31 16:02:00+00:00,2.86,430.3,173729
2026-01-31 16:03:00+00:00,2.06,417.7,117070
2026-01-31 16:04:00+00:00,1.61,407.2,86758
2026-01-31 16:05:00+00:00,2.25,424.9,165287
2026-01-31 16:06:00+00:00,2.05,419.9,128610
2026-01-31 16:07:00+00:00,1.50,410.9,80586
2026-01-31 16:08:00+00:00,2.22,422.6,116440
2026-01-31 16:09:00+00:00,2.25,423.3,123988
2026-01-31 16:10:00+00:00,2.17,427.8,142087
2026-01-31 16:11:00+00:00,1.27,411.3,84961
2026-01-31 16:12:00+00:00,1.85,425.2,124677
2026-01-31 16:13:00+00:00,2.16,430.6,146382
2026-01-31 16:14:00+00:00,1.88,423.5,118683
2026-01-31 16:15:00+00:00,1.87,422.0,106578
2026-01-31 16:16:00+00:00,2.02,421.3,115413
2026-01-31 16:17:00+00:00,2.13,424.3,130932
2026-01-31 16:18:00+00:00,1.76,426.6,115707
2026-01-31 16:19:00+00:00,1.62,422.7,97843
2026-01-31 16:20:00+00:00,1.95,431.7,133091
2026-01-31 16:21:00+00:00,2.38,428.1,149202
2026-01-31 16:23:00+00:00,1.24,412.0,68027
2026-01-31 16:24:00+00:00,1.32,414.8,74052
2026-01-31 16:25:00+00:00,1.33,415.2,74847
2026-01-31 16:26:00+00:00,2.52,428.4,167685
2026-01-31 16:27:00+00:00,1.87,421.8,115843
2026-01-31 16:28:00+00:00,1.78,422.7,110197
2026-01-31 16:29:00+00:00,2.01,426.3,128279
2026-01-31 16:30:00+00:00,1.82,421.5,110545
2026-01-31 16:31:00+00:00,1.54,416.8,87249
2026-01-31 16:32:00+00:00,1.82,423.9,110963
2026-01-31 16:33:00+00:00,2.22,432.7,145114
2026-01-31 16:34:00+00:00,1.86,426.3,116065
2026-01-31 16:35:00+00:00,1.41,411.2,67451
2026-01-31 16:36:00+00:00,1.52,415.4,79551
2026-01-31 16:37:00+00:00,2.16,427.6,133057
2026-01-31 16:38:00+00:00,2.15,435.3,159133
2026-01-31 16:39:00+00:00,1.81,424.7,119030
2026-01-31 16:40:00+00:00,2.42,422.9,132160
2026-01-31 16:41:00+00:00,1.80,422.9,129177
2026-01-31 16:42:00+00:00,1.40,416.5,93033
2026-01-31 16:43:00+00:00,1.79,425.1,125767
2026-01-31 16:44:00+00:00,1.94,425.7,134731
2026-01-31 16:45:00+00:00,1.85,426.6,130447
2026-01-31 16:46:00+00:00,1.61,421.0,107985
2026-01-31 16:47:00+00:00,1.77,417.3,103834
2026-01-31 16:48:00+00:00,2.30,423.7,136902
2026-01-31 16:49:00+00:00,2.24,419.3,134120
2026-01-31 16:50:00+00:00,2.17,414.2,116149
2026-01-31 16:51:00+00:00,2.09,413.7,107124
2026-01-31 16:52:00+00:00,2.14,420.1,118915
2026-01-31 16:53:00+00:00,2.19,422.1,114177
2026-01-31 16:54:00+00:00,2.17,420.5,92762
2026-01-31 16:55:00+00:00,2.67,434.0,130544
2026-01-31 16:56:00+00:00,2.89,427.2,125387
2026-01-31 16:57:00+00:00,2.23,421.1,88264
2026-01-31 16:58:00+00:00,2.08,420.0,80142
2026-01-31 16:59:00+00:00,1.90,420.2,79400
2026-01-31 17:00:00+00:00,2.09,422.3,97130
2026-01-31 17:01:00+00:00,2.25,423.1,107940
2026-01-31 17:02:00+00:00,2.10,421.6,97110
2026-01-31 17:03:00+00:00,2.03,420.9,87443
2026-01-31 17:04:00+00:00,2.12,420.5,88113
2026-01-31 17:05:00+00:00,1.96,419.2,86840
2026-01-31 17:06:00+00:00,2.24,420.8,97607
2026-01-31 17:07:00+00:00,2.54,426.4,116297
2026-01-31 17:08:00+00:00,2.75,424.4,102543
2026-01-31 17:09:00+00:00,2.49,421.8,92516
2026-01-31 17:10:00+00:00,1.23,403.5,54266
2026-01-31 17:11:00+00:00,2.37,421.8,124702
2026-01-31 17:12:00+00:00,1.93,432.7,101263
2026-01-31 17:13:00+00:00,1.43,422.5,74329
2026-01-31 17:14:00+00:00,1.76,428.4,101422
2026-01-31 17:15:00+00:00,2.05,429.8,122932
2026-01-31 17:16:00+00:00,1.72,422.6,98112
2026-01-31 17:17:00+00:00,1.22,410.0,61221
2026-01-31 17:18:00+00:00,1.55,413.8,86526
2026-01-31 17:19:00+00:00,2.27,424.0,124668
2026-01-31 17:20:00+00:00,2.38,418.9,112018
2026-01-31 17:21:00+00:00,2.17,412.3,96180
2026-01-31 17:22:00+00:00,2.03,411.3,87717
2026-01-31 17:23:00+00:00,2.05,418.2,109425
2026-01-31 17:24:00+00:00,2.38,419.9,127915
2026-01-31 17:25:00+00:00,2.12,408.9,80586
2026-01-31 17:26:00+00:00,1.80,415.6,108073
2026-01-31 17:27:00+00:00,1.84,411.6,93406
2026-01-31 17:28:00+00:00,1.81,418.6,118979
2026-01-31 17:29:00+00:00,1.00,400.6,60727
2026-01-31 17:30:00+00:00,1.78,407.2,78688
2026-01-31 17:31:00+00:00,2.10,410.8,89294
2026-01-31 17:32:00+00:00,2.70,424.5,134489
2026-01-31 17:33:00+00:00,2.54,419.7,118301
2026-01-31 17:34:00+00:00,2.35,413.0,94245
2026-01-31 17:35:00+00:00,2.29,413.0,88009
2026-01-31 17:36:00+00:00,2.03,412.1,83688
2026-01-31 17:37:00+00:00,1.74,405.3,73729
2026-01-31 17:38:00+00:00,2.59,415.6,94734
2026-01-31 17:39:00+00:00,3.42,432.3,68442
2026-01-31 17:40:00+00:00,1.94,422.2,101099
2026-01-31 17:41:00+00:00,1.10,392.3,49562
2026-01-31 17:42:00+00:00,2.11,409.0,119273
2026-01-31 17:43:00+00:00,2.49,415.3,141233
2026-01-31 17:44:00+00:00,2.61,415.7,140053
2026-01-31 17:45:00+00:00,2.19,411.5,56476
2026-01-31 17:46:00+00:00,2.57,425.8,92693
2026-01-31 17:47:00+00:00,2.23,434.4,83360
2026-01-31 17:48:00+00:00,1.93,422.0,57908
2026-01-31 17:49:00+00:00,2.36,415.4,63113
2026-01-31 17:50:00+00:00,2.63,416.3,83362
2026-01-31 17:51:00+00:00,2.33,414.9,92810
2026-01-31 17:52:00+00:00,1.74,405.8,72936
2026-01-31 17:53:00+00:00,1.51,398.6,72118
2026-01-31 17:54:00+00:00,2.49,418.9,145818
2026-01-31 17:55:00+00:00,2.44,411.6,100227
2026-01-31 17:56:00+00:00,2.46,413.8,100684
2026-01-31 17:57:00+00:00,2.74,417.4,123042
2026-01-31 17:58:00+00:00,2.29,411.8,83499
2026-01-31 17:59:00+00:00,2.10,417.6,88556
2026-01-31 18:00:00+00:00,1.69,402.0,65810
2026-01-31 18:01:00+00:00,2.48,411.2,108576
2026-01-31 18:02:00+00:00,2.51,412.9,110857
2026-01-31 18:03:00+00:00,2.43,418.3,144316
2026-01-31 18:04:00+00:00,2.41,420.9,161058
2026-01-31 18:05:00+00:00,1.19,384.7,33125
2026-01-31 18:06:00+00:00,1.99,398.4,97699
2026-01-31 18:07:00+00:00,2.65,408.1,147661
2026-01-31 18:08:00+00:00,2.39,402.4,118662
2026-01-31 18:09:00+00:00,2.38,403.6,114156
2026-01-31 18:10:00+00:00,2.38,402.7,114794
2026-01-31 18:11:00+00:00,2.26,404.4,113523
2026-01-31 18:12:00+00:00,1.80,398.2,85819
2026-01-31 18:13:00+00:00,2.92,410.0,128642
2026-01-31 18:14:00+00:00,2.41,408.4,101657
2026-01-31 18:15:00+00:00,2.29,405.5,95094
2026-01-31 18:16:00+00:00,1.64,397.5,72505
2026-01-31 18:17:00+00:00,2.71,407.0,132086
2026-01-31 18:18:00+00:00,2.58,405.8,114581
2026-01-31 18:19:00+00:00,2.36,403.1,98723
2026-01-31 18:20:00+00:00,2.43,404.1,108604
2026-01-31 18:21:00+00:00,2.37,404.0,104339
2026-01-31 18:22:00+00:00,2.23,402.5,95145
2026-01-31 18:23:00+00:00,2.02,395.8,87347
2026-01-31 18:24:00+00:00,2.16,392.5,94192
2026-01-31 18:25:00+00:00,2.71,401.2,118514
2026-01-31 18:26:00+00:00,2.24,399.4,95885
2026-01-31 18:27:00+00:00,2.31,400.2,104186
2026-01-31 18:28:00+00:00,1.49,394.0,81272
2026-01-31 18:29:00+00:00,1.75,396.5,72497
2026-01-31 18:30:00+00:00,2.52,403.0,126578
2026-01-31 18:31:00+00:00,2.20,406.7,105509
2026-01-31 18:32:00+00:00,2.21,406.1,120969
2026-01-31 18:33:00+00:00,1.96,406.4,106717
2026-01-31 18:34:00+00:00,2.00,404.5,118504
2026-01-31 18:35:00+00:00,1.59,398.1,87184
2026-01-31 18:36:00+00:00,2.23,405.2,118047
2026-01-31 18:37:00+00:00,2.76,411.2,147741
2026-01-31 18:40:00+00:00,2.76,407.8,130796
2026-01-31 18:41:00+00:00,2.63,404.0,109321
2026-01-31 18:42:00+00:00,2.54,404.6,114003
2026-01-31 18:43:00+00:00,2.50,402.3,101393
2026-01-31 18:44:00+00:00,2.34,403.2,94182
2026-01-31 18:45:00+00:00,2.60,407.5,116619
2026-01-31 18:46:00+00:00,2.07,407.5,105030
2026-01-31 18:47:00+00:00,1.56,391.4,50457
2026-01-31 18:48:00+00:00,2.78,413.6,158884
2026-01-31 18:49:00+00:00,2.75,406.9,130997
2026-01-31 18:50:00+00:00,2.43,404.0,117314
2026-01-31 18:51:00+00:00,2.22,398.8,94615
2026-01-31 18:52:00+00:00,2.32,402.5,113383
2026-01-31 18:53:00+00:00,2.46,405.7,128332
2026-01-31 18:54:00+00:00,2.40,404.7,119826
2026-01-31 18:55:00+00:00,2.30,402.6,109295
2026-01-31 18:56:00+00:00,2.34,402.6,112444
2026-01-31 18:57:00+00:00,2.39,406.7,128353
2026-01-31 18:58:00+00:00,2.14,404.6,116476
2026-01-31 18:59:00+00:00,1.84,395.8,86315
2026-01-31 19:00:00+00:00,2.87,409.6,149278
2026-01-31 19:01:00+00:00,2.76,410.1,150537
2026-01-31 19:02:00+00:00,2.48,400.4,98644
2026-01-31 19:03:00+00:00,2.39,401.2,101382
2026-01-31 19:04:00+00:00,2.62,404.3,117285
2026-01-31 19:05:00+00:00,2.64,406.9,131206
2026-01-31 19:06:00+00:00,2.35,398.7,92753
2026-01-31 19:07:00+00:00,2.60,405.4,130771
2026-01-31 19:08:00+00:00,2.61,403.5,123475
2026-01-31 19:09:00+00:00,2.37,403.1,120238
2026-01-31 19:10:00+00:00,2.25,406.0,133491
2026-01-31 19:11:00+00:00,1.74,388.0,57458
2026-01-31 19:12:00+00:00,2.16,397.1,101393
2026-01-31 19:13:00+00:00,2.96,412.8,173887
2026-01-31 19:14:00+00:00,2.92,407.8,142257
2026-01-31 19:15:00+00:00,2.50,401.2,112849
2026-01-31 19:16:00+00:00,2.74,403.0,121318
2026-01-31 19:17:00+00:00,2.37,400.5,106657
2026-01-31 19:18:00+00:00,2.53,398.5,106548
2026-01-31 19:19:00+00:00,2.59,401.9,110870
2026-01-31 19:20:00+00:00,2.66,401.4,119275
2026-01-31 19:21:00+00:00,2.28,400.1,106556
2026-01-31 19:22:00+00:00,2.45,395.6,76161
2026-01-31 19:23:00+00:00,2.90,399.7,84431
2026-01-31 19:24:00+00:00,2.87,401.1,105573
2026-01-31 19:25:00+00:00,2.63,399.1,107608
2026-01-31 19:26:00+00:00,2.61,398.8,103302
2026-01-31 19:27:00+00:00,2.62,399.2,100486
2026-01-31 19:28:00+00:00,2.60,399.6,102906
2026-01-31 19:29:00+00:00,2.55,399.9,107988
2026-01-31 19:30:00+00:00,2.22,397.5,94872
2026-01-31 19:31:00+00:00,3.12,403.0,120846
2026-01-31 19:32:00+00:00,2.47,397.1,91291
2026-01-31 19:33:00+00:00,2.49,402.3,117150
2026-01-31 19:34:00+00:00,1.77,390.3,75757
2026-01-31 19:35:00+00:00,2.87,396.7,70761
2026-01-31 19:36:00+00:00,2.82,400.3,109886
2026-01-31 19:37:00+00:00,2.79,400.1,108302
2026-01-31 19:38:00+00:00,2.61,399.0,99417
2026-01-31 19:39:00+00:00,2.70,399.5,102485
2026-01-31 19:40:00+00:00,2.56,398.3,94284
2026-01-31 19:41:00+00:00,2.25,393.4,83805
2026-01-31 19:42:00+00:00,2.26,394.9,96862
2026-01-31 19:43:00+00:00,2.42,399.8,114135
2026-01-31 19:44:00+00:00,1.74,391.5,73574
2026-01-31 19:45:00+00:00,1.98,393.5,87849
