time_tag,bx_gsm,by_gsm,bz_gsm,lon_gsm,lat_gsm,bt
2026-01-16 17:42:00+00:00,-10.21,7.20,-0.68,144.79,-3.12,12.51
2026-01-16 17:43:00+00:00,-10.12,7.76,0.00,142.54,0.00,12.75
2026-01-16 17:44:00+00:00,-6.81,8.77,3.01,127.84,15.18,11.51
2026-01-16 17:45:00+00:00,-4.10,9.75,5.68,112.78,28.24,12.01
2026-01-16 17:46:00+00:00,-0.20,10.28,7.12,91.11,34.72,12.51
2026-01-16 17:47:00+00:00,-0.62,10.08,7.48,93.54,36.52,12.56
2026-01-16 17:48:00+00:00,-0.39,9.49,7.74,92.35,39.18,12.25
2026-01-16 17:49:00+00:00,-1.28,9.48,7.59,97.71,38.43,12.22
2026-01-16 17:50:00+00:00,-1.04,10.83,3.61,95.49,18.35,11.46
2026-01-16 17:51:00+00:00,-3.43,10.77,2.83,107.66,14.06,11.65
2026-01-16 17:52:00+00:00,-7.29,9.67,1.39,127.03,6.57,12.19
2026-01-16 17:53:00+00:00,-4.72,9.69,5.82,115.98,28.35,12.25
2026-01-16 17:54:00+00:00,-5.78,10.06,5.44,119.86,25.10,12.81
2026-01-16 17:55:00+00:00,-8.52,8.39,5.86,135.42,26.09,13.31
2026-01-16 17:56:00+00:00,-8.84,6.64,6.55,143.10,30.63,12.85
2026-01-16 17:57:00+00:00,-7.59,8.29,7.11,132.48,32.31,13.30
2026-01-16 17:58:00+00:00,-8.59,7.27,7.55,139.75,33.85,13.55
2026-01-16 17:59:00+00:00,-9.29,5.31,7.75,150.26,35.90,13.21
2026-01-16 18:00:00+00:00,-9.08,4.20,8.34,155.15,39.81,13.02
2026-01-16 18:01:00+00:00,-1.26,9.31,6.96,97.69,36.53,11.70
2026-01-16 18:02:00+00:00,-3.26,8.46,7.74,111.11,40.51,11.92
2026-01-16 18:03:00+00:00,-4.55,4.88,10.54,133.04,57.68,12.47
2026-01-16 18:04:00+00:00,-5.62,4.99,9.83,138.40,52.59,12.38
2026-01-16 18:05:00+00:00,-5.82,5.98,9.18,134.19,47.72,12.41
2026-01-16 18:06:00+00:00,-6.02,5.06,9.98,139.94,51.76,12.71
2026-01-16 18:07:00+00:00,-4.46,4.88,10.73,132.39,58.36,12.60
2026-01-16 18:08:00+00:00,-4.71,6.08,9.95,127.72,52.31,12.58
2026-01-16 18:09:00+00:00,-5.82,6.66,8.89,131.17,45.16,12.54
2026-01-16 18:10:00+00:00,-7.09,6.83,7.66,136.07,37.89,12.47
2026-01-16 18:11:00+00:00,-7.84,7.58,6.35,135.99,30.22,12.62
2026-01-16 18:12:00+00:00,-7.98,9.03,2.58,131.47,12.10,12.33
2026-01-16 18:13:00+00:00,-7.51,7.77,4.63,134.02,23.20,11.76
2026-01-16 18:14:00+00:00,-8.77,7.09,3.05,141.05,15.12,11.68
2026-01-16 18:15:00+00:00,-10.44,5.47,-1.66,152.34,-8.03,11.90
2026-01-16 18:16:00+00:00,-10.54,4.92,-3.12,154.99,-15.02,12.05
2026-01-16 18:17:00+00:00,-10.84,5.05,-2.14,155.02,-10.14,12.14
2026-01-16 18:18:00+00:00,-10.80,4.55,-2.27,157.14,-10.97,11.94
2026-01-16 18:19:00+00:00,-11.59,3.37,-0.34,163.80,-1.61,12.07
2026-01-16 18:20:00+00:00,-10.77,5.68,-0.50,152.21,-2.35,12.18
2026-01-16 18:21:00+00:00,-10.96,4.93,-0.33,155.77,-1.55,12.03
2026-01-16 18:22:00+00:00,-11.45,4.03,0.83,160.64,3.93,12.17
2026-01-16 18:23:00+00:00,-11.33,4.32,-0.51,159.11,-2.43,12.14
2026-01-16 18:24:00+00:00,-9.30,6.89,3.56,143.47,17.11,12.11
2026-01-16 18:25:00+00:00,-9.72,6.61,2.96,145.78,14.15,12.12
2026-01-16 18:26:00+00:00,-10.23,5.99,2.41,149.65,11.50,12.10
2026-01-16 18:27:00+00:00,-9.76,6.43,2.98,146.64,14.29,12.06
2026-01-16 18:28:00+00:00,-9.66,5.65,4.78,149.66,23.14,12.17
2026-01-16 18:29:00+00:00,-9.20,5.81,4.21,147.72,21.15,11.67
2026-01-16 18:30:00+00:00,-9.29,7.51,-0.56,141.05,-2.68,11.96
2026-01-16 18:31:00+00:00,-10.04,6.76,-0.61,146.07,-2.90,12.12
2026-01-16 18:32:00+00:00,-10.88,5.12,0.70,154.80,3.34,12.04
2026-01-16 18:33:00+00:00,-10.50,5.85,-0.30,150.87,-1.42,12.02
2026-01-16 18:34:00+00:00,-9.88,6.62,-1.45,146.17,-6.95,11.98
2026-01-16 18:35:00+00:00,-9.51,7.03,-0.79,143.52,-3.84,11.86
2026-01-16 18:36:00+00:00,-8.82,7.84,-0.28,138.35,-1.37,11.80
2026-01-16 18:37:00+00:00,-8.47,8.26,-1.38,135.72,-6.63,11.91
2026-01-16 18:38:00+00:00,-9.32,7.47,-1.47,141.29,-7.04,12.03
2026-01-16 18:39:00+00:00,-8.28,8.31,-2.24,134.90,-10.79,11.94
2026-01-16 18:40:00+00:00,-8.69,7.91,-2.06,137.68,-9.93,11.93
2026-01-16 18:41:00+00:00,-7.55,9.33,-0.96,129.00,-4.58,12.04
2026-01-16 18:42:00+00:00,-7.90,8.68,-2.38,132.31,-11.47,11.97
2026-01-16 18:43:00+00:00,-8.04,8.22,-0.94,134.36,-4.69,11.54
2026-01-16 18:44:00+00:00,-7.27,8.82,0.75,129.50,3.77,11.46
2026-01-16 18:45:00+00:00,-4.93,9.18,-2.29,118.24,-12.42,10.67
2026-01-16 18:46:00+00:00,-3.00,9.64,-3.83,107.29,-20.75,10.80
2026-01-16 18:47:00+00:00,-4.50,10.25,-1.79,113.71,-9.09,11.34
2026-01-16 18:48:00+00:00,-3.12,10.20,-2.51,107.00,-13.23,10.96
2026-01-16 18:49:00+00:00,-3.60,10.11,-2.59,109.62,-13.59,11.04
2026-01-16 18:50:00+00:00,-1.25,10.72,-0.54,96.65,-2.85,10.81
2026-01-16 18:51:00+00:00,-0.88,9.05,1.94,95.55,12.07,9.30
2026-01-16 18:52:00+00:00,0.93,9.92,-2.52,84.63,-14.19,10.28
2026-01-16 18:53:00+00:00,1.81,10.32,0.49,80.05,2.66,10.49
2026-01-16 18:54:00+00:00,2.86,9.35,-1.84,73.03,-10.67,9.95
2026-01-16 18:55:00+00:00,2.71,8.93,-3.97,73.14,-23.06,10.15
2026-01-16 18:56:00+00:00,3.01,7.20,-4.62,67.30,-30.63,9.07
2026-01-16 18:57:00+00:00,-4.37,9.52,3.19,114.63,16.93,10.95
2026-01-16 18:58:00+00:00,-4.07,9.55,2.76,113.07,14.87,10.74
2026-01-16 18:59:00+00:00,-2.60,8.71,6.69,106.65,36.34,11.29
2026-01-16 19:00:00+00:00,-2.03,8.85,6.88,102.93,37.17,11.39
2026-01-16 19:01:00+00:00,-2.21,8.77,7.05,104.12,37.92,11.47
2026-01-16 19:02:00+00:00,-3.25,9.30,5.39,109.26,28.70,11.23
2026-01-16 19:03:00+00:00,-3.46,7.78,7.45,114.00,41.19,11.32
2026-01-16 19:04:00+00:00,-6.59,8.22,1.41,128.72,7.63,10.63
2026-01-16 19:05:00+00:00,-5.67,8.98,1.67,122.27,8.96,10.75
2026-01-16 19:06:00+00:00,-8.59,5.25,-2.06,148.58,-11.57,10.27
2026-01-16 19:07:00+00:00,-8.95,6.41,-2.41,144.39,-12.37,11.27
2026-01-16 19:08:00+00:00,-9.68,5.25,-2.50,151.53,-12.77,11.29
2026-01-16 19:09:00+00:00,-10.36,3.39,-3.14,161.86,-16.09,11.35
2026-01-16 19:10:00+00:00,-10.52,3.32,-2.69,162.46,-13.72,11.36
2026-01-16 19:11:00+00:00,-9.70,4.30,-3.05,156.09,-16.05,11.04
2026-01-16 19:12:00+00:00,-9.09,3.88,-4.27,156.89,-23.38,10.77
2026-01-16 19:13:00+00:00,-2.98,4.30,7.39,124.70,54.72,9.05
2026-01-16 19:14:00+00:00,2.79,2.40,8.52,40.68,66.65,9.28
2026-01-16 19:15:00+00:00,2.16,2.52,9.01,49.37,69.78,9.61
2026-01-16 19:16:00+00:00,-2.60,4.93,7.36,117.86,52.89,9.23
2026-01-16 19:17:00+00:00,-1.21,5.38,8.03,102.70,55.54,9.74
2026-01-16 19:18:00+00:00,-3.80,6.05,7.46,122.15,46.23,10.33
2026-01-16 19:19:00+00:00,-5.25,5.39,6.79,134.29,42.09,10.14
2026-01-16 19:20:00+00:00,-5.53,7.11,3.70,127.87,22.34,9.74
2026-01-16 19:21:00+00:00,-7.92,5.08,2.50,147.32,14.88,9.73
2026-01-16 19:22:00+00:00,-4.71,8.05,3.78,120.34,22.06,10.06
2026-01-16 19:23:00+00:00,-2.38,8.96,3.58,104.88,21.11,9.94
2026-01-16 19:24:00+00:00,-7.86,6.34,1.98,141.11,11.06,10.30
2026-01-16 19:25:00+00:00,-8.36,6.32,1.76,142.90,9.52,10.63
2026-01-16 19:26:00+00:00,-8.20,6.45,2.30,141.82,12.45,10.68
2026-01-16 19:27:00+00:00,-8.69,5.63,3.05,147.08,16.43,10.80
2026-01-16 19:28:00+00:00,-9.10,5.58,2.59,148.51,13.62,10.98
2026-01-16 19:29:00+00:00,-7.89,6.61,3.27,140.06,17.65,10.80
2026-01-16 19:30:00+00:00,-8.22,6.44,2.76,141.92,14.83,10.80
2026-01-16 19:31:00+00:00,-8.99,5.81,1.56,147.14,8.29,10.82
2026-01-16 19:32:00+00:00,-9.04,6.03,0.83,146.29,4.34,10.90
2026-01-16 19:33:00+00:00,-9.69,5.04,1.10,152.54,5.78,10.98
2026-01-16 19:34:00+00:00,-8.57,5.53,-0.33,147.18,-1.87,10.20
2026-01-16 19:35:00+00:00,-9.61,4.89,-1.92,153.03,-10.09,10.95
2026-01-16 19:36:00+00:00,-10.39,3.09,-1.34,163.45,-7.03,10.92
2026-01-16 19:37:00+00:00,-10.44,3.70,1.01,160.49,5.21,11.12
2026-01-16 19:38:00+00:00,-10.34,3.01,2.10,163.76,11.01,10.98
2026-01-16 19:39:00+00:00,-10.42,2.62,2.91,165.89,15.17,11.13
2026-01-16 19:40:00+00:00,-10.85,1.63,1.93,171.47,9.99,11.14
2026-01-16 19:41:00+00:00,-10.30,3.76,1.13,159.96,5.86,11.02
2026-01-16 19:42:00+00:00,-10.47,3.23,2.60,162.86,13.33,11.27
2026-01-16 19:43:00+00:00,-10.68,3.49,-0.22,161.88,-1.11,11.23
2026-01-16 19:44:00+00:00,-10.82,1.87,-1.63,170.19,-8.44,11.10
2026-01-16 19:45:00+00:00,-10.07,4.70,0.15,154.99,0.77,11.11
2026-01-16 19:46:00+00:00,-8.64,6.48,1.95,143.11,10.25,10.97
2026-01-16 19:47:00+00:00,-9.17,5.91,1.33,147.18,6.93,10.99
2026-01-16 19:48:00+00:00,-7.56,7.22,1.88,136.35,10.19,10.62
2026-01-16 19:49:00+00:00,-6.85,7.90,1.95,130.92,10.54,10.64
2026-01-16 19:50:00+00:00,-9.09,5.83,1.24,147.30,6.58,10.87
2026-01-16 19:51:00+00:00,-7.89,7.22,1.48,137.55,7.88,10.80
2026-01-16 19:52:00+00:00,-7.80,7.44,1.11,136.37,5.88,10.84
2026-01-16 19:53:00+00:00,-10.42,1.55,1.00,171.55,5.40,10.58
2026-01-16 19:54:00+00:00,-9.49,4.51,0.03,154.60,0.17,10.51
2026-01-16 19:55:00+00:00,-9.27,3.87,3.33,157.31,18.35,10.58
2026-01-16 19:56:00+00:00,-8.41,4.06,5.33,154.23,29.71,10.75
2026-01-16 19:57:00+00:00,-9.74,4.15,2.54,156.90,13.48,10.89
2026-01-16 19:58:00+00:00,-10.06,3.73,2.15,159.64,11.31,10.94
2026-01-16 19:59:00+00:00,-10.21,3.63,0.62,160.44,3.28,10.86
2026-01-16 20:00:00+00:00,-10.13,2.94,2.99,163.82,15.82,10.96
2026-01-16 20:01:00+00:00,-10.34,2.71,2.87,165.32,15.01,11.06
2026-01-16 20:02:00+00:00,-10.43,1.93,3.29,169.49,17.25,11.10
2026-01-16 20:03:00+00:00,-9.38,5.33,-0.45,150.40,-2.37,10.80
2026-01-16 20:04:00+00:00,-7.30,5.28,5.85,144.11,32.99,10.74
2026-01-16 20:05:00+00:00,-6.44,5.31,7.10,140.52,40.39,10.96
2026-01-16 20:06:00+00:00,-7.22,6.92,4.73,136.20,25.33,11.06
2026-01-16 20:07:00+00:00,-6.84,7.35,4.69,132.94,25.02,11.08
2026-01-16 20:08:00+00:00,-6.39,7.47,4.60,130.55,25.06,10.85
2026-01-16 20:09:00+00:00,-3.88,8.73,5.01,113.96,27.68,10.79
2026-01-16 20:10:00+00:00,-3.72,9.76,2.91,110.87,15.57,10.85
2026-01-16 20:11:00+00:00,-2.64,10.12,1.02,104.61,5.58,10.51
2026-01-16 20:12:00+00:00,-7.07,4.71,6.11,146.32,35.72,10.46
2026-01-16 20:13:00+00:00,-7.24,3.55,7.51,153.92,42.97,11.02
2026-01-16 20:14:00+00:00,-8.26,2.98,7.03,160.14,38.68,11.24
2026-01-16 20:15:00+00:00,-9.26,2.97,5.81,162.24,30.87,11.33
2026-01-16 20:16:00+00:00,-10.57,1.69,4.14,170.91,21.13,11.48
2026-01-16 20:17:00+00:00,-8.61,-2.07,6.26,193.54,35.27,10.85
2026-01-16 20:18:00+00:00,-8.69,-3.20,5.61,200.22,31.21,10.82
2026-01-16 20:19:00+00:00,-8.85,-3.09,5.87,199.26,32.06,11.06
2026-01-16 20:20:00+00:00,-9.43,2.00,5.40,168.03,29.28,11.05
2026-01-16 20:21:00+00:00,-6.22,9.09,1.59,124.38,8.21,11.13
2026-01-16 20:22:00+00:00,-5.25,9.60,2.54,118.66,13.06,11.23
2026-01-16 20:23:00+00:00,-7.19,7.99,3.83,132.00,19.63,11.41
2026-01-16 20:24:00+00:00,-6.45,7.76,5.04,129.71,26.56,11.28
2026-01-16 20:25:00+00:00,-7.21,7.74,4.25,132.96,21.90,11.40
2026-01-16 20:26:00+00:00,-7.24,7.82,3.81,132.80,19.65,11.32
2026-01-16 20:27:00+00:00,-10.02,3.88,2.76,158.85,14.40,11.09
2026-01-16 20:28:00+00:00,-9.98,4.51,3.52,155.68,17.80,11.50
2026-01-16 20:29:00+00:00,-10.28,4.47,2.19,156.47,11.07,11.42
2026-01-16 20:30:00+00:00,-10.23,3.44,3.64,161.43,18.66,11.39
2026-01-16 20:31:00+00:00,-10.70,3.21,2.58,163.32,13.02,11.47
2026-01-16 20:32:00+00:00,-10.61,3.54,0.93,161.57,4.75,11.22
2026-01-16 20:33:00+00:00,-10.16,3.00,-3.93,163.55,-20.33,11.30
2026-01-16 20:34:00+00:00,-10.06,2.16,-4.58,167.89,-24.00,11.26
2026-01-16 20:35:00+00:00,-9.87,2.42,-4.95,166.22,-25.95,11.31
2026-01-16 20:36:00+00:00,-9.36,5.22,-2.86,150.86,-14.94,11.09
2026-01-16 20:37:00+00:00,-9.48,4.21,-4.96,156.05,-25.56,11.50
2026-01-16 20:38:00+00:00,-9.28,4.40,-5.34,154.61,-27.48,11.58
2026-01-16 20:39:00+00:00,-8.79,5.55,-4.77,147.74,-24.66,11.44
2026-01-16 20:40:00+00:00,-8.14,7.35,-3.37,137.92,-17.07,11.47
2026-01-16 20:41:00+00:00,-9.03,5.47,-4.79,148.77,-24.39,11.59
2026-01-16 20:42:00+00:00,-8.85,4.55,-5.96,152.78,-30.91,11.60
2026-01-16 20:43:00+00:00,-6.74,8.42,-1.12,128.67,-5.92,10.85
2026-01-16 20:44:00+00:00,-7.80,7.03,-2.35,137.98,-12.62,10.76
2026-01-16 20:45:00+00:00,-7.22,6.68,-5.06,137.22,-27.19,11.07
2026-01-16 20:46:00+00:00,-6.27,7.57,-5.11,129.65,-27.48,11.08
2026-01-16 20:47:00+00:00,-3.66,7.82,-6.45,115.06,-36.75,10.77
2026-01-16 20:48:00+00:00,-5.46,6.20,-7.39,131.34,-41.83,11.09
2026-01-16 20:49:00+00:00,-6.13,4.49,-8.02,143.78,-46.52,11.05
2026-01-16 20:50:00+00:00,-7.79,4.21,-5.77,151.60,-33.12,10.57
2026-01-16 20:51:00+00:00,-8.22,4.20,6.73,152.96,36.08,11.43
2026-01-16 20:52:00+00:00,-7.53,4.12,8.04,151.35,43.12,11.76
2026-01-16 20:53:00+00:00,-7.49,4.04,8.18,151.65,43.89,11.80
2026-01-16 20:54:00+00:00,-8.87,4.13,6.91,155.06,35.23,11.98
2026-01-16 20:55:00+00:00,-9.35,5.49,5.37,149.61,26.33,12.10
2026-01-16 20:56:00+00:00,-9.23,6.63,2.68,144.29,13.29,11.68
2026-01-16 20:57:00+00:00,-9.84,6.55,-0.77,146.34,-3.75,11.85
2026-01-16 20:58:00+00:00,-10.67,4.66,-3.32,156.43,-15.94,12.11
2026-01-16 20:59:00+00:00,-9.59,6.53,0.13,145.75,0.63,11.60
2026-01-16 21:00:00+00:00,-9.93,2.49,-6.10,165.94,-30.76,11.92
2026-01-16 21:01:00+00:00,-10.90,3.70,-4.06,161.25,-19.42,12.21
2026-01-16 21:02:00+00:00,-10.69,5.08,-2.30,154.58,-11.00,12.06
2026-01-16 21:03:00+00:00,-10.46,3.79,-4.79,160.08,-23.29,12.11
2026-01-16 21:04:00+00:00,-11.05,4.48,-2.52,157.95,-11.92,12.19
2026-01-16 21:05:00+00:00,-10.96,5.24,-1.48,154.45,-6.97,12.24
2026-01-16 21:06:00+00:00,-10.66,4.93,-2.36,155.18,-11.35,11.98
2026-01-16 21:07:00+00:00,-10.60,5.22,-0.64,153.80,-3.11,11.83
2026-01-16 21:08:00+00:00,-10.63,5.45,-1.44,152.86,-6.87,12.03
2026-01-16 21:09:00+00:00,-10.33,5.65,-2.21,151.34,-10.64,11.98
2026-01-16 21:10:00+00:00,-9.99,5.69,-2.94,150.35,-14.33,11.87
2026-01-16 21:11:00+00:00,-10.36,5.11,-2.92,153.75,-14.20,11.92
2026-01-16 21:12:00+00:00,-10.74,4.56,-2.80,156.98,-13.50,12.00
2026-01-16 21:13:00+00:00,-10.71,4.89,-1.63,155.48,-7.89,11.89
2026-01-16 21:14:00+00:00,-10.48,5.68,-0.43,151.54,-2.09,11.93
2026-01-16 21:15:00+00:00,-10.91,4.91,-1.50,155.78,-7.14,12.06
2026-01-16 21:16:00+00:00,-11.51,2.94,-1.97,165.67,-9.40,12.05
2026-01-16 21:17:00+00:00,-11.14,3.80,-0.25,161.15,-1.19,11.78
2026-01-16 21:18:00+00:00,-10.27,5.35,1.48,152.51,7.29,11.67
2026-01-16 21:19:00+00:00,-11.22,2.97,1.18,165.19,5.80,11.67
2026-01-16 21:20:00+00:00,-11.06,2.36,-1.45,167.97,-7.28,11.40
2026-01-16 21:21:00+00:00,-10.15,4.78,0.98,154.76,5.00,11.26
2026-01-16 21:22:00+00:00,-10.59,4.27,-0.67,158.03,-3.37,11.43
2026-01-16 21:23:00+00:00,-11.06,2.20,-2.44,168.73,-12.19,11.54
2026-01-16 21:24:00+00:00,-11.40,-1.04,-1.01,185.21,-5.04,11.49
2026-01-16 21:25:00+00:00,-11.58,1.15,0.05,174.33,0.27,11.64
2026-01-16 21:26:00+00:00,-10.67,3.54,-1.09,161.64,-5.52,11.30
2026-01-16 21:27:00+00:00,-10.05,3.48,-2.60,160.91,-13.73,10.95
2026-01-16 21:28:00+00:00,-10.61,3.42,-0.99,162.12,-5.09,11.20
2026-01-16 21:29:00+00:00,-11.41,0.75,-1.71,176.23,-8.52,11.56
2026-01-16 21:30:00+00:00,-11.64,0.57,-0.94,177.19,-4.61,11.69
2026-01-16 21:31:00+00:00,-11.63,-0.56,-0.75,182.77,-3.69,11.67
2026-01-16 21:32:00+00:00,-11.40,-2.03,-0.81,190.07,-3.99,11.61
2026-01-16 21:33:00+00:00,-11.48,0.28,-0.49,178.62,-2.44,11.49
2026-01-16 21:34:00+00:00,-11.36,2.16,-1.12,169.22,-5.54,11.62
2026-01-16 21:35:00+00:00,-11.04,3.19,-1.04,163.87,-5.19,11.53
2026-01-16 21:36:00+00:00,-10.75,4.25,0.49,158.40,2.45,11.57
2026-01-16 21:37:00+00:00,-10.16,4.81,1.54,154.67,7.81,11.34
2026-01-16 21:38:00+00:00,-9.07,5.10,4.12,150.66,21.60,11.19
2026-01-16 21:39:00+00:00,-10.16,0.01,4.56,179.93,24.16,11.13
2026-01-16 21:40:00+00:00,-10.82,-3.17,2.81,196.32,14.01,11.62
2026-01-16 21:41:00+00:00,-10.84,-1.28,3.73,186.73,18.87,11.54
2026-01-16 21:42:00+00:00,-9.39,-1.02,6.31,186.20,33.74,11.36
2026-01-16 21:43:00+00:00,-8.47,-1.75,7.18,191.68,39.70,11.24
2026-01-16 21:44:00+00:00,-8.78,-2.02,6.43,192.97,35.52,11.08
2026-01-16 21:45:00+00:00,-10.63,2.14,3.91,168.60,19.82,11.53
2026-01-16 21:46:00+00:00,-9.63,2.21,5.68,167.09,29.90,11.40
2026-01-16 21:47:00+00:00,-9.05,5.55,3.72,148.50,19.32,11.25
2026-01-16 21:48:00+00:00,-8.71,4.60,5.03,152.18,27.04,11.06
2026-01-16 21:49:00+00:00,-5.41,9.29,1.33,120.19,7.03,10.83
2026-01-16 21:50:00+00:00,-8.10,5.06,4.63,148.01,25.86,10.61
2026-01-16 21:51:00+00:00,-7.70,6.20,5.13,141.14,27.43,11.13
2026-01-16 21:52:00+00:00,-6.24,7.94,3.16,128.17,17.36,10.59
2026-01-16 21:53:00+00:00,-9.39,0.52,5.47,176.81,30.15,10.88
2026-01-16 21:54:00+00:00,-9.06,2.82,5.93,162.73,32.02,11.19
2026-01-16 21:55:00+00:00,-10.00,0.60,5.02,176.54,26.61,11.21
2026-01-16 21:56:00+00:00,-7.97,5.54,4.75,145.20,26.10,10.81
2026-01-16 21:57:00+00:00,-6.11,8.20,4.10,126.71,21.83,11.02
2026-01-16 21:58:00+00:00,-8.02,5.98,5.08,143.31,26.94,11.22
2026-01-16 21:59:00+00:00,-7.30,5.98,5.76,140.69,31.42,11.05
2026-01-16 22:00:00+00:00,-8.04,6.47,4.45,141.19,23.33,11.24
2026-01-16 22:01:00+00:00,-7.06,7.33,5.03,133.93,26.30,11.35
2026-01-16 22:02:00+00:00,-6.89,6.66,5.66,135.94,30.57,11.13
2026-01-16 22:03:00+00:00,-7.97,7.04,4.53,138.52,23.08,11.56
2026-01-16 22:04:00+00:00,-8.18,5.98,5.05,143.81,26.48,11.32
2026-01-16 22:05:00+00:00,-7.88,7.28,3.97,137.28,20.31,11.44
2026-01-16 22:06:00+00:00,-7.94,7.30,4.01,137.42,20.40,11.51
2026-01-16 22:07:00+00:00,-8.23,7.02,3.93,139.53,19.94,11.51
2026-01-16 22:08:00+00:00,-7.53,4.24,7.24,150.64,39.93,11.27
2026-01-16 22:09:00+00:00,-5.30,-1.43,10.07,195.15,61.41,11.46
2026-01-16 22:10:00+00:00,-5.13,-2.54,9.91,206.31,60.00,11.44
2026-01-16 22:11:00+00:00,-6.55,0.73,9.41,173.63,54.98,11.49
2026-01-16 22:12:00+00:00,-6.85,5.81,7.86,139.72,41.18,11.93
2026-01-16 22:13:00+00:00,-6.38,6.25,7.37,135.59,39.54,11.58
2026-01-16 22:14:00+00:00,-6.71,7.54,5.76,131.67,29.69,11.62
2026-01-16 22:15:00+00:00,-6.14,7.40,6.68,129.70,34.78,11.71
2026-01-16 22:16:00+00:00,-6.89,7.16,6.24,133.88,32.15,11.74
2026-01-16 22:17:00+00:00,-5.87,8.41,5.68,124.92,28.98,11.72
2026-01-16 22:18:00+00:00,-6.60,8.06,5.18,129.30,26.45,11.64
2026-01-16 22:19:00+00:00,-7.54,7.12,5.36,136.64,27.34,11.67
2026-01-16 22:20:00+00:00,-6.93,7.42,4.85,133.06,25.55,11.25
2026-01-16 22:21:00+00:00,-5.41,8.90,4.50,121.31,23.37,11.34
2026-01-16 22:22:00+00:00,-5.11,7.48,6.47,124.32,35.54,11.13
2026-01-16 22:23:00+00:00,-4.39,6.44,7.98,124.27,45.69,11.15
2026-01-16 22:24:00+00:00,-5.09,6.99,7.05,126.09,39.18,11.16
2026-01-16 22:25:00+00:00,-5.51,7.56,6.44,126.10,34.51,11.36
2026-01-16 22:26:00+00:00,-6.84,7.14,5.96,133.75,31.09,11.55
2026-01-16 22:27:00+00:00,-8.84,6.60,3.00,143.26,15.24,11.43
2026-01-16 22:28:00+00:00,-9.30,6.90,1.77,143.43,8.70,11.71
2026-01-16 22:29:00+00:00,-7.33,8.06,3.35,132.29,17.11,11.40
2026-01-16 22:30:00+00:00,-6.26,8.57,4.77,126.16,24.20,11.64
2026-01-16 22:31:00+00:00,-6.95,8.00,4.30,130.97,22.06,11.44
2026-01-16 22:32:00+00:00,-8.16,6.70,4.78,140.58,24.36,11.59
2026-01-16 22:33:00+00:00,-8.63,6.53,4.91,142.89,24.42,11.88
2026-01-16 22:34:00+00:00,-7.24,8.20,4.67,131.43,23.12,11.90
2026-01-16 22:35:00+00:00,-8.87,7.04,4.15,141.54,20.13,12.06
2026-01-16 22:36:00+00:00,-8.93,7.17,3.68,141.26,17.83,12.03
2026-01-16 22:37:00+00:00,-9.90,5.34,4.13,151.68,20.19,11.98
2026-01-16 22:38:00+00:00,-8.88,6.50,4.30,143.80,21.34,11.82
2026-01-16 22:39:00+00:00,-8.48,6.75,4.54,141.47,22.73,11.75
2026-01-16 22:40:00+00:00,-7.78,7.74,3.98,135.14,19.93,11.68
2026-01-16 22:41:00+00:00,-7.99,7.34,4.25,137.42,21.39,11.66
2026-01-16 22:42:00+00:00,-5.34,9.90,1.43,118.35,7.22,11.34
2026-01-16 22:43:00+00:00,-9.43,6.22,2.12,146.60,10.63,11.49
2026-01-16 22:44:00+00:00,-9.13,7.29,2.04,141.40,9.88,11.86
2026-01-16 22:45:00+00:00,-8.29,6.09,2.25,143.69,12.31,10.54
2026-01-16 22:46:00+00:00,-8.60,6.85,3.62,141.46,18.23,11.57
2026-01-16 22:48:00+00:00,-10.47,5.07,1.80,154.15,8.82,11.77
2026-01-16 22:49:00+00:00,-11.22,3.20,0.83,164.09,4.06,11.70
2026-01-16 22:50:00+00:00,-11.07,4.12,0.25,159.58,1.23,11.81
2026-01-16 22:51:00+00:00,-9.73,6.07,1.33,148.05,6.61,11.55
2026-01-16 22:52:00+00:00,-10.27,4.47,3.82,156.50,18.83,11.84
2026-01-16 22:53:00+00:00,-9.05,6.67,2.52,143.61,12.64,11.52
2026-01-16 22:54:00+00:00,-9.92,5.39,2.77,151.50,13.77,11.62
2026-01-16 22:55:00+00:00,-10.61,3.70,2.89,160.78,14.43,11.60
2026-01-16 22:56:00+00:00,-11.57,3.04,1.12,165.26,5.35,12.01
2026-01-16 22:57:00+00:00,-11.85,1.53,1.19,172.65,5.67,12.01
2026-01-16 22:58:00+00:00,-11.56,3.15,1.46,164.77,6.93,12.07
2026-01-16 22:59:00+00:00,-10.89,4.40,2.28,157.98,10.99,11.96
2026-01-16 23:00:00+00:00,-11.24,3.55,2.25,162.45,10.79,12.00
2026-01-16 23:01:00+00:00,-11.05,4.50,1.68,157.87,8.02,12.05
2026-01-16 23:02:00+00:00,-10.80,4.71,2.15,156.42,10.33,11.98
2026-01-16 23:03:00+00:00,-10.46,5.82,1.96,150.91,9.28,12.13
2026-01-16 23:04:00+00:00,-10.13,6.47,0.46,147.42,2.21,12.03
2026-01-16 23:05:00+00:00,-10.19,6.25,1.06,148.47,5.06,12.01
2026-01-16 23:06:00+00:00,-10.11,6.60,-1.70,146.87,-7.99,12.19
2026-01-16 23:07:00+00:00,-10.03,6.18,-2.91,148.35,-13.85,12.14
2026-01-16 23:08:00+00:00,-9.04,7.05,-3.19,142.06,-15.53,11.90
2026-01-16 23:09:00+00:00,-9.20,6.82,-3.52,143.44,-17.10,11.98
2026-01-16 23:10:00+00:00,-8.62,6.12,-5.07,144.63,-25.60,11.72
2026-01-16 23:11:00+00:00,-8.78,5.46,-5.09,148.10,-26.21,11.52
2026-01-16 23:12:00+00:00,-9.95,5.91,-2.26,149.29,-11.04,11.79
2026-01-16 23:13:00+00:00,-9.52,6.39,-2.51,146.12,-12.34,11.73
2026-01-16 23:14:00+00:00,-9.14,7.23,-1.35,141.65,-6.60,11.74
2026-01-16 23:15:00+00:00,-9.91,6.25,-2.07,147.76,-10.04,11.90
2026-01-16 23:16:00+00:00,-9.44,6.29,-3.21,146.31,-15.79,11.79
2026-01-16 23:17:00+00:00,-8.63,6.30,-4.50,143.84,-22.86,11.59
2026-01-16 23:18:00+00:00,-10.28,5.64,-0.51,151.25,-2.48,11.74
2026-01-16 23:19:00+00:00,-10.15,5.28,0.34,152.52,1.70,11.45
2026-01-16 23:20:00+00:00,-9.99,4.73,-3.34,154.67,-16.82,11.55
2026-01-16 23:21:00+00:00,-10.03,4.88,-2.64,154.06,-13.30,11.47
2026-01-16 23:22:00+00:00,-10.07,4.71,-2.99,154.95,-15.07,11.51
2026-01-16 23:23:00+00:00,-10.10,3.88,-3.95,158.98,-20.06,11.51
2026-01-16 23:24:00+00:00,-10.27,3.96,-3.28,158.90,-16.61,11.49
2026-01-16 23:25:00+00:00,-9.88,4.87,-1.79,153.79,-9.24,11.16
2026-01-16 23:26:00+00:00,-10.42,4.59,1.45,156.22,7.26,11.48
2026-01-16 23:27:00+00:00,-10.80,3.98,0.88,159.78,4.37,11.54
2026-01-16 23:28:00+00:00,-11.21,2.18,1.56,169.00,7.76,11.53
2026-01-16 23:29:00+00:00,-10.40,4.92,-0.55,154.69,-2.74,11.51
2026-01-16 23:30:00+00:00,-10.91,3.91,1.79,160.26,8.79,11.73
2026-01-16 23:31:00+00:00,-11.75,1.27,0.30,173.82,1.47,11.82
2026-01-16 23:32:00+00:00,-11.68,1.36,1.33,173.36,6.46,11.84
2026-01-16 23:33:00+00:00,-11.40,2.52,1.44,167.52,7.04,11.76
2026-01-16 23:34:00+00:00,-11.17,3.08,1.46,164.58,7.16,11.68
2026-01-16 23:35:00+00:00,-11.35,2.82,1.80,166.03,8.74,11.83
2026-01-16 23:36:00+00:00,-11.17,1.41,3.15,172.83,15.65,11.69
2026-01-16 23:37:00+00:00,-11.17,2.26,1.97,168.57,9.80,11.57
2026-01-16 23:38:00+00:00,-10.94,1.87,2.91,170.29,14.68,11.47
2026-01-16 23:39:00+00:00,-10.83,3.84,1.10,160.46,5.47,11.54
2026-01-16 23:40:00+00:00,-10.55,4.37,0.82,157.50,4.11,11.45
2026-01-16 23:41:00+00:00,-11.07,2.34,1.93,168.04,9.66,11.48
2026-01-16 23:42:00+00:00,-11.10,2.10,2.01,169.28,10.10,11.48
2026-01-16 23:43:00+00:00,-11.34,2.04,-0.20,169.82,-0.98,11.52
2026-01-16 23:44:00+00:00,-11.32,1.38,-0.46,173.04,-2.33,11.41
2026-01-16 23:45:00+00:00,-11.21,1.97,-0.57,170.01,-2.88,11.39
2026-01-16 23:46:00+00:00,-11.01,2.72,0.39,166.10,1.97,11.34
2026-01-16 23:47:00+00:00,-8.71,1.96,6.60,167.33,36.46,11.10
2026-01-16 23:48:00+00:00,-9.91,4.77,3.19,154.32,16.19,11.45
2026-01-16 23:49:00+00:00,-9.44,5.30,3.38,150.69,17.34,11.35
2026-01-16 23:50:00+00:00,-10.24,2.80,3.59,164.72,18.68,11.21
2026-01-16 23:51:00+00:00,-10.64,1.78,3.57,170.52,18.31,11.36
2026-01-16 23:52:00+00:00,-9.99,1.49,5.06,171.54,26.62,11.29
2026-01-16 23:53:00+00:00,-7.84,2.90,7.16,159.71,40.57,11.01
2026-01-16 23:54:00+00:00,-8.69,3.56,5.51,157.72,30.40,10.88
2026-01-16 23:55:00+00:00,-8.68,6.19,3.00,144.50,15.70,11.08
2026-01-16 23:56:00+00:00,-7.45,9.54,0.38,127.96,1.81,12.11
2026-01-16 23:57:00+00:00,-4.57,10.43,1.39,113.67,6.94,11.47
2026-01-16 23:58:00+00:00,-6.33,10.30,-0.70,121.58,-3.32,12.11
2026-01-16 23:59:00+00:00,-8.21,9.23,1.37,131.68,6.31,12.43
2026-01-17 00:00:00+00:00,-5.84,10.68,-0.42,118.67,-1.98,12.18
2026-01-17 00:01:00+00:00,-6.25,10.44,1.12,120.88,5.24,12.22
2026-01-17 00:02:00+00:00,-5.57,10.73,1.06,117.44,5.00,12.14
2026-01-17 00:03:00+00:00,-6.85,10.41,0.61,123.38,2.79,12.48
2026-01-17 00:04:00+00:00,-4.17,11.33,0.70,110.19,3.34,12.10
2026-01-17 00:05:00+00:00,-6.95,8.58,1.76,129.03,9.05,11.18
2026-01-17 00:06:00+00:00,-8.68,5.10,5.06,149.58,26.70,11.27
2026-01-17 00:07:00+00:00,-9.32,6.93,3.54,143.38,16.97,12.14
2026-01-17 00:08:00+00:00,-8.84,8.18,1.52,137.23,7.18,12.14
2026-01-17 00:09:00+00:00,-9.55,7.91,0.42,140.39,1.93,12.41
2026-01-17 00:10:00+00:00,-9.47,7.03,2.66,143.41,12.69,12.09
2026-01-17 00:11:00+00:00,-9.67,6.06,3.49,147.93,17.01,11.93
2026-01-17 00:12:00+00:00,-9.73,7.10,2.03,143.89,9.56,12.21
2026-01-17 00:13:00+00:00,-8.24,7.92,3.24,136.14,15.85,11.88
2026-01-17 00:14:00+00:00,-6.98,8.26,4.77,130.18,23.82,11.82
2026-01-17 00:15:00+00:00,-7.40,8.79,3.18,130.12,15.45,11.92
2026-01-17 00:16:00+00:00,-6.91,9.06,3.29,127.36,16.09,11.86
2026-01-17 00:17:00+00:00,-5.26,10.00,2.37,117.76,11.82,11.55
2026-01-17 00:18:00+00:00,-5.68,9.96,1.88,119.71,9.30,11.62
2026-01-17 00:19:00+00:00,-6.82,9.37,1.28,126.06,6.29,11.65
2026-01-17 00:20:00+00:00,-5.46,9.25,3.14,120.53,16.28,11.19
2026-01-17 00:21:00+00:00,-3.24,10.01,3.67,107.96,19.25,11.14
2026-01-17 00:22:00+00:00,-6.22,8.10,3.41,127.53,18.45,10.77
2026-01-17 00:23:00+00:00,-7.39,7.39,4.52,135.00,23.39,11.39
2026-01-17 00:24:00+00:00,-8.33,5.32,6.10,147.45,31.69,11.61
2026-01-17 00:25:00+00:00,-8.72,6.72,3.07,142.37,15.56,11.43
2026-01-17 00:26:00+00:00,-9.13,5.53,3.62,148.81,18.74,11.27
2026-01-17 00:27:00+00:00,-9.56,4.41,4.57,155.21,23.46,11.48
2026-01-17 00:28:00+00:00,-9.66,4.15,4.72,156.72,24.20,11.52
2026-01-17 00:29:00+00:00,-9.94,2.90,4.47,163.72,23.36,11.28
2026-01-17 00:30:00+00:00,-8.70,7.25,0.68,140.21,3.43,11.34
2026-01-17 00:31:00+00:00,-7.70,8.46,-2.15,132.30,-10.67,11.64
2026-01-17 00:32:00+00:00,-6.95,8.71,-2.38,128.59,-12.08,11.39
2026-01-17 00:33:00+00:00,-9.44,6.60,-0.80,145.06,-3.99,11.55
2026-01-17 00:34:00+00:00,-9.47,5.59,-4.18,149.43,-20.83,11.77
2026-01-17 00:35:00+00:00,-9.13,7.47,-1.36,140.72,-6.60,11.87
2026-01-17 00:36:00+00:00,-9.32,7.81,-0.30,140.02,-1.42,12.16
2026-01-17 00:37:00+00:00,-9.83,7.12,-0.34,144.11,-1.59,12.14
2026-01-17 00:38:00+00:00,-9.11,7.85,0.81,139.24,3.86,12.05
2026-01-17 00:39:00+00:00,-7.54,7.99,-0.16,133.36,-0.83,10.99
2026-01-17 00:40:00+00:00,-11.37,2.60,2.28,167.13,11.08,11.88
2026-01-17 00:41:00+00:00,-10.63,5.80,0.49,151.38,2.31,12.12
2026-01-17 00:42:00+00:00,-11.99,2.79,-1.03,166.88,-4.76,12.35
2026-01-17 00:43:00+00:00,-10.54,5.22,0.51,153.65,2.48,11.77
2026-01-17 00:44:00+00:00,-9.75,7.16,0.22,143.71,1.03,12.10
2026-01-17 00:45:00+00:00,-9.97,6.49,1.59,146.94,7.62,12.00
2026-01-17 00:46:00+00:00,-9.79,6.31,3.05,147.20,14.68,12.04
2026-01-17 00:47:00+00:00,-10.46,5.52,3.25,152.20,15.38,12.27
2026-01-17 00:48:00+00:00,-10.12,6.34,-0.13,147.93,-0.61,11.95
2026-01-17 00:49:00+00:00,-7.93,7.27,-4.22,137.49,-21.43,11.56
2026-01-17 00:50:00+00:00,-7.59,8.14,-0.42,133.01,-2.18,11.13
2026-01-17 00:51:00+00:00,-6.96,9.90,1.03,125.12,4.88,12.15
2026-01-17 00:52:00+00:00,-6.27,9.52,-1.86,123.39,-9.25,11.55
2026-01-17 00:53:00+00:00,-8.48,7.52,4.02,138.43,19.53,12.03
2026-01-17 00:54:00+00:00,-8.80,7.63,-3.20,139.08,-15.37,12.08
2026-01-17 00:55:00+00:00,-6.18,6.20,-7.86,134.90,-41.91,11.77
2026-01-17 00:56:00+00:00,-8.31,6.88,-5.38,140.37,-26.49,12.05
2026-01-17 00:57:00+00:00,-9.31,7.88,-1.23,139.77,-5.74,12.26
2026-01-17 00:58:00+00:00,-8.89,8.52,0.32,136.22,1.48,12.32
2026-01-17 00:59:00+00:00,-7.46,9.59,-0.74,127.88,-3.49,12.17
2026-01-17 01:00:00+00:00,-7.87,9.08,-0.43,130.92,-2.07,12.02
2026-01-17 01:01:00+00:00,-7.79,8.46,3.33,132.63,16.15,11.97
2026-01-17 01:02:00+00:00,-10.06,6.03,-2.87,149.04,-13.72,12.08
2026-01-17 01:03:00+00:00,-9.19,6.57,3.26,144.45,16.07,11.76
2026-01-17 01:04:00+00:00,-9.68,7.19,0.76,143.38,3.61,12.08
2026-01-17 01:05:00+00:00,-8.92,7.29,3.12,140.75,15.13,11.94
2026-01-17 01:06:00+00:00,-7.96,6.04,5.57,142.78,29.15,11.44
2026-01-17 01:07:00+00:00,-8.68,6.33,2.94,143.88,15.30,11.14
2026-01-17 01:08:00+00:00,-8.02,6.80,-2.00,139.70,-10.77,10.70
2026-01-17 01:09:00+00:00,-8.35,4.90,-5.94,149.58,-31.52,11.36
2026-01-17 01:10:00+00:00,-7.67,5.85,-5.94,142.66,-31.61,11.33
2026-01-17 01:11:00+00:00,-8.07,4.61,-7.29,150.26,-38.11,11.81
2026-01-17 01:12:00+00:00,-9.40,1.76,-7.26,169.40,-37.21,12.01
2026-01-17 01:13:00+00:00,-6.27,2.72,-8.72,156.56,-51.93,11.08
2026-01-17 01:14:00+00:00,-5.12,-0.99,-10.22,190.94,-62.98,11.47
2026-01-17 01:15:00+00:00,-9.16,-0.24,-4.75,181.51,-27.39,10.32
2026-01-17 01:16:00+00:00,-6.52,5.52,5.74,139.71,33.90,10.29
2026-01-17 01:17:00+00:00,-6.68,6.15,6.38,137.34,35.08,11.10
2026-01-17 01:18:00+00:00,-6.21,5.99,7.32,136.04,40.31,11.31
2026-01-17 01:19:00+00:00,-7.89,5.74,6.11,143.96,32.06,11.51
2026-01-17 01:20:00+00:00,-8.17,6.10,5.62,143.24,28.86,11.64
2026-01-17 01:21:00+00:00,-8.86,6.33,4.20,144.45,21.11,11.68
2026-01-17 01:22:00+00:00,-7.99,6.66,5.12,140.20,26.21,11.59
2026-01-17 01:23:00+00:00,-6.51,5.65,7.85,139.08,42.34,11.66
2026-01-17 01:24:00+00:00,-7.83,6.42,6.38,140.66,32.24,11.97
2026-01-17 01:25:00+00:00,-7.97,6.47,1.32,140.94,7.31,10.35
2026-01-17 01:26:00+00:00,-7.44,7.52,4.85,134.70,24.61,11.64
2026-01-17 01:27:00+00:00,-7.33,6.08,3.93,140.33,22.42,10.30
2026-01-17 01:28:00+00:00,-6.72,2.69,8.73,158.15,50.34,11.34
2026-01-17 01:29:00+00:00,-7.49,6.73,4.46,138.05,23.91,11.01
2026-01-17 01:30:00+00:00,-8.98,4.93,5.35,151.24,27.60,11.56
2026-01-17 01:31:00+00:00,-8.72,3.69,5.49,157.08,30.12,10.94
2026-01-17 01:32:00+00:00,-9.34,2.85,5.02,163.02,27.20,10.98
2026-01-17 01:33:00+00:00,-7.19,6.28,-0.37,138.86,-2.21,9.55
2026-01-17 01:34:00+00:00,-6.73,9.74,-3.38,124.65,-15.96,12.31
2026-01-17 01:35:00+00:00,-6.78,9.56,-2.13,125.34,-10.30,11.92
2026-01-17 01:36:00+00:00,-7.70,9.19,-0.03,129.96,-0.14,11.99
2026-01-17 01:37:00+00:00,-5.79,10.42,-1.09,119.07,-5.23,11.97
2026-01-17 01:38:00+00:00,-5.57,10.40,-1.64,118.16,-7.90,11.91
2026-01-17 01:39:00+00:00,-4.41,9.50,-4.90,114.93,-25.10,11.56
2026-01-17 01:40:00+00:00,-4.23,8.60,-3.88,116.17,-22.06,10.34
2026-01-17 01:41:00+00:00,-8.95,4.06,6.27,155.59,32.52,11.66
2026-01-17 01:42:00+00:00,-8.78,4.95,6.03,150.57,30.92,11.74
2026-01-17 01:43:00+00:00,-8.59,6.78,4.18,141.73,20.91,11.71
2026-01-17 01:44:00+00:00,-7.66,8.24,3.32,132.93,16.44,11.73
2026-01-17 01:45:00+00:00,-7.92,8.65,1.87,132.47,9.04,11.88
2026-01-17 01:46:00+00:00,-8.73,8.23,-0.77,136.67,-3.68,12.02
2026-01-17 01:47:00+00:00,-7.67,8.40,-2.03,132.40,-10.14,11.56
2026-01-17 01:48:00+00:00,-7.70,9.07,-0.14,130.34,-0.69,11.90
2026-01-17 01:49:00+00:00,-6.64,9.12,-2.00,126.05,-10.07,11.46
2026-01-17 01:50:00+00:00,-6.63,9.08,-2.05,126.14,-10.34,11.43
2026-01-17 01:51:00+00:00,-6.68,9.20,-0.65,125.98,-3.28,11.39
2026-01-17 01:52:00+00:00,-6.33,9.25,-1.04,124.38,-5.28,11.25
2026-01-17 01:53:00+00:00,-7.16,8.92,-1.08,128.75,-5.39,11.48
2026-01-17 01:54:00+00:00,-6.74,9.18,0.57,126.28,2.85,11.40
2026-01-17 01:55:00+00:00,-5.56,9.83,1.76,119.50,8.86,11.43
2026-01-17 01:56:00+00:00,-6.26,9.17,2.79,124.32,14.13,11.45
2026-01-17 01:57:00+00:00,-7.48,7.08,4.73,136.58,24.65,11.33
2026-01-17 01:58:00+00:00,-7.68,7.34,3.86,136.30,19.95,11.30
2026-01-17 01:59:00+00:00,-5.40,9.55,3.13,119.48,15.91,11.41
2026-01-17 02:00:00+00:00,-5.59,9.02,4.87,121.79,24.67,11.68
2026-01-17 02:01:00+00:00,-8.35,6.40,-4.29,142.53,-22.19,11.36
2026-01-17 02:02:00+00:00,-8.53,6.67,-3.41,142.01,-17.48,11.35
2026-01-17 02:03:00+00:00,-9.60,4.10,-2.30,156.86,-12.44,10.69
2026-01-17 02:04:00+00:00,-9.98,0.71,-4.03,175.93,-21.92,10.78
2026-01-17 02:05:00+00:00,-9.21,-1.40,-4.23,188.64,-24.42,10.23
2026-01-17 02:06:00+00:00,-10.38,1.05,-4.37,174.20,-22.72,11.32
2026-01-17 02:07:00+00:00,-10.38,3.34,-3.65,162.16,-18.53,11.50
2026-01-17 02:08:00+00:00,-9.78,4.30,-4.36,156.30,-22.22,11.54
2026-01-17 02:09:00+00:00,-10.78,4.77,-1.10,156.12,-5.34,11.84
2026-01-17 02:10:00+00:00,-11.22,2.86,-1.79,165.71,-8.77,11.72
2026-01-17 02:11:00+00:00,-8.77,5.90,3.79,146.05,19.72,11.23
2026-01-17 02:12:00+00:00,-6.47,6.62,6.05,134.33,33.17,11.05
2026-01-17 02:13:00+00:00,-2.41,7.34,7.82,108.19,45.33,10.99
2026-01-17 02:14:00+00:00,-4.45,8.63,5.05,117.25,27.47,10.95
2026-01-17 02:15:00+00:00,-4.20,6.69,3.27,122.15,22.52,8.55
2026-01-17 02:16:00+00:00,-3.72,6.48,1.38,119.82,10.50,7.60
2026-01-17 02:17:00+00:00,-4.90,5.87,-0.64,129.86,-4.76,7.68
2026-01-17 02:18:00+00:00,-6.27,4.10,0.22,146.84,1.69,7.49
2026-01-17 02:19:00+00:00,-4.97,5.29,1.55,133.19,12.05,7.42
2026-01-17 02:20:00+00:00,-4.05,6.24,1.65,122.96,12.50,7.62
2026-01-17 02:21:00+00:00,-4.40,4.29,2.29,135.72,20.40,6.56
2026-01-17 02:22:00+00:00,-1.62,6.80,0.87,103.40,7.06,7.04
2026-01-17 02:23:00+00:00,-2.66,6.55,1.72,112.09,13.68,7.27
2026-01-17 02:24:00+00:00,-4.03,6.09,2.30,123.45,17.45,7.66
2026-01-17 02:25:00+00:00,-3.98,5.47,3.89,126.04,29.92,7.80
2026-01-17 02:26:00+00:00,-4.45,5.80,0.94,127.48,7.32,7.37
2026-01-17 02:27:00+00:00,-5.10,5.55,1.27,132.58,9.58,7.64
2026-01-17 02:28:00+00:00,-5.96,4.93,0.95,140.36,6.98,7.79
2026-01-17 02:29:00+00:00,-5.71,5.08,1.56,138.36,11.52,7.80
2026-01-17 02:30:00+00:00,-5.65,4.83,2.62,139.44,19.44,7.88
2026-01-17 02:31:00+00:00,-5.14,3.83,4.64,143.28,35.88,7.92
2026-01-17 02:32:00+00:00,-5.11,4.70,3.78,137.34,28.58,7.91
2026-01-17 02:33:00+00:00,-4.63,5.53,3.32,129.94,24.71,7.94
2026-01-17 02:34:00+00:00,-4.84,5.29,3.36,132.46,25.09,7.92
2026-01-17 02:35:00+00:00,-6.48,3.19,3.67,153.80,26.94,8.10
2026-01-17 02:36:00+00:00,-6.20,3.31,3.86,151.94,28.77,8.02
2026-01-17 02:37:00+00:00,-5.36,4.10,4.09,142.59,31.24,7.89
2026-01-17 02:38:00+00:00,-5.77,0.37,5.51,176.36,43.65,7.99
2026-01-17 02:39:00+00:00,-5.07,1.21,6.08,166.62,49.40,8.00
2026-01-17 02:40:00+00:00,-5.34,1.81,5.67,161.25,45.20,8.00
2026-01-17 02:41:00+00:00,-5.64,2.30,4.99,157.79,39.35,7.88
2026-01-17 02:42:00+00:00,-6.03,2.98,4.34,153.67,32.81,8.01
2026-01-17 02:43:00+00:00,-5.13,4.14,3.04,141.10,24.76,7.26
2026-01-17 02:44:00+00:00,-5.25,3.53,4.67,146.10,36.46,7.86
2026-01-17 02:45:00+00:00,-5.72,4.98,2.44,138.93,17.81,7.97
2026-01-17 02:46:00+00:00,-6.66,3.97,2.75,149.19,19.53,8.23
2026-01-17 02:47:00+00:00,-6.38,4.17,2.84,146.87,20.41,8.13
2026-01-17 02:48:00+00:00,-5.86,4.39,3.49,143.15,25.47,8.12
2026-01-17 02:49:00+00:00,-5.41,5.13,3.10,136.53,22.55,8.07
2026-01-17 02:50:00+00:00,-5.92,4.43,3.28,143.21,23.92,8.09
2026-01-17 02:51:00+00:00,-7.36,3.74,1.26,153.07,8.67,8.36
2026-01-17 02:52:00+00:00,-7.83,2.70,2.23,160.98,15.06,8.57
2026-01-17 02:53:00+00:00,-7.25,2.91,2.99,158.15,20.95,8.36
2026-01-17 02:54:00+00:00,-6.85,3.21,3.36,154.89,23.93,8.27
2026-01-17 02:55:00+00:00,-7.12,2.28,3.52,162.25,25.20,8.27
2026-01-17 02:56:00+00:00,-7.21,2.91,2.85,158.06,20.11,8.28
2026-01-17 02:57:00+00:00,-6.94,3.73,2.60,151.77,18.24,8.30
2026-01-17 02:58:00+00:00,-6.94,3.26,2.88,154.86,20.60,8.19
2026-01-17 02:59:00+00:00,-6.72,3.16,3.68,154.83,26.33,8.29
2026-01-17 03:00:00+00:00,-6.66,3.13,3.80,154.84,27.31,8.28
2026-01-17 03:01:00+00:00,-6.21,3.37,4.43,151.50,32.10,8.34
2026-01-17 03:02:00+00:00,-6.06,3.57,4.42,149.50,32.11,8.31
2026-01-17 03:03:00+00:00,-5.68,4.34,4.13,142.61,29.99,8.26
2026-01-17 03:04:00+00:00,-5.92,4.75,3.13,141.26,22.41,8.21
2026-01-17 03:05:00+00:00,-6.08,4.90,2.42,141.13,17.21,8.17
2026-01-17 03:06:00+00:00,-5.55,5.09,2.85,137.47,20.75,8.05
2026-01-17 03:07:00+00:00,-3.81,6.97,0.58,118.70,4.21,7.96
2026-01-17 03:08:00+00:00,-3.65,6.99,0.44,117.58,3.21,7.89
2026-01-17 03:09:00+00:00,-4.24,6.44,0.79,123.36,5.83,7.75
2026-01-17 03:10:00+00:00,-5.93,3.93,2.67,146.48,20.60,7.60
2026-01-17 03:11:00+00:00,-7.33,0.87,3.58,173.24,25.90,8.21
2026-01-17 03:12:00+00:00,-7.03,2.31,3.25,161.77,23.70,8.08
2026-01-17 03:13:00+00:00,-6.75,3.13,2.98,155.11,21.86,8.02
2026-01-17 03:14:00+00:00,-5.53,2.09,1.51,159.27,14.35,6.11
2026-01-17 03:15:00+00:00,-3.72,6.66,1.01,119.18,7.52,7.70
2026-01-17 03:16:00+00:00,-3.76,5.98,2.43,122.14,18.96,7.47
2026-01-17 03:17:00+00:00,-3.48,5.81,0.39,120.90,3.34,6.78
2026-01-17 03:18:00+00:00,-6.37,0.04,3.90,179.61,31.51,7.47
2026-01-17 03:19:00+00:00,-6.88,0.74,2.76,173.86,21.72,7.45
2026-01-17 03:20:00+00:00,-6.82,0.79,3.21,173.39,25.03,7.58
2026-01-17 03:21:00+00:00,-7.55,-0.39,2.11,182.97,15.60,7.85
2026-01-17 03:22:00+00:00,-7.38,-0.83,2.30,186.40,17.23,7.78
2026-01-17 03:23:00+00:00,-6.81,-1.22,3.38,190.18,26.06,7.71
2026-01-17 03:24:00+00:00,-6.71,0.07,4.02,179.38,30.91,7.82
2026-01-17 03:25:00+00:00,-6.80,-0.88,2.96,187.34,23.37,7.47
2026-01-17 03:26:00+00:00,-5.13,-2.39,4.28,204.93,37.11,7.10
2026-01-17 03:27:00+00:00,-1.22,4.51,5.02,105.15,47.04,6.86
2026-01-17 03:28:00+00:00,-3.58,3.34,5.75,136.98,49.58,7.55
2026-01-17 03:29:00+00:00,-3.47,3.48,5.69,134.87,49.17,7.52
2026-01-17 03:30:00+00:00,-3.52,4.21,5.09,129.90,42.82,7.49
2026-01-17 03:31:00+00:00,-3.27,4.45,4.54,126.34,39.46,7.15
2026-01-17 03:32:00+00:00,-5.60,0.13,5.05,178.69,42.02,7.54
2026-01-17 03:33:00+00:00,-6.36,0.15,3.97,178.64,31.98,7.50
2026-01-17 03:34:00+00:00,-6.01,-1.90,2.87,197.56,24.48,6.92
2026-01-17 03:35:00+00:00,-6.35,1.30,4.01,168.40,31.75,7.62
2026-01-17 03:36:00+00:00,-6.42,0.84,4.19,172.55,32.87,7.71
2026-01-17 03:37:00+00:00,-5.92,2.40,4.85,157.95,37.21,8.01
2026-01-17 03:38:00+00:00,-6.60,2.29,4.05,160.88,30.10,8.08
2026-01-17 03:39:00+00:00,-7.54,2.02,2.65,164.98,18.74,8.25
2026-01-17 03:40:00+00:00,-6.50,3.56,3.23,151.30,23.55,8.08
2026-01-17 03:41:00+00:00,-5.66,5.04,2.46,138.32,17.99,7.97
2026-01-17 03:42:00+00:00,-5.83,5.24,1.51,138.02,10.92,7.98
2026-01-17 03:43:00+00:00,-3.38,6.58,1.66,117.19,12.68,7.59
2026-01-17 03:44:00+00:00,-2.66,6.97,-0.09,110.87,-0.69,7.46
2026-01-17 03:45:00+00:00,-3.33,6.39,-1.32,117.50,-10.41,7.33
2026-01-17 03:46:00+00:00,-1.62,6.83,-0.76,103.30,-6.14,7.06
2026-01-17 03:47:00+00:00,0.18,6.54,-0.78,88.40,-6.76,6.59
2026-01-17 03:48:00+00:00,-3.07,5.80,-1.09,117.91,-9.43,6.65
2026-01-17 03:49:00+00:00,-2.48,6.46,-1.25,111.02,-10.27,7.04
2026-01-17 03:50:00+00:00,-0.66,7.13,0.20,95.32,1.57,7.16
2026-01-17 03:51:00+00:00,0.00,7.03,-1.08,90.00,-8.72,7.11
2026-01-17 03:52:00+00:00,-0.79,6.86,-1.88,96.54,-15.22,7.16
2026-01-17 03:53:00+00:00,-1.28,6.78,-0.78,100.71,-6.42,6.94
2026-01-17 03:54:00+00:00,-1.13,7.20,-0.56,98.91,-4.38,7.31
2026-01-17 03:55:00+00:00,-1.10,7.20,-0.06,98.70,-0.48,7.28
2026-01-17 03:56:00+00:00,0.93,6.80,-1.82,82.20,-14.89,7.10
2026-01-17 03:57:00+00:00,0.66,7.05,-1.28,84.68,-10.27,7.20
2026-01-17 03:58:00+00:00,0.71,7.24,-0.66,84.43,-5.17,7.31
2026-01-17 03:59:00+00:00,1.00,7.64,-1.13,82.54,-8.35,7.79
2026-01-17 04:00:00+00:00,2.30,6.56,-1.48,70.68,-12.00,7.11
2026-01-17 04:01:00+00:00,-2.13,4.71,0.69,114.31,7.63,5.21
2026-01-17 04:02:00+00:00,-4.55,6.04,1.71,126.98,12.74,7.76
2026-01-17 04:03:00+00:00,-4.74,6.07,1.31,128.01,9.67,7.81
2026-01-17 04:04:00+00:00,-4.60,5.82,1.27,128.34,9.72,7.53
2026-01-17 04:05:00+00:00,-4.37,6.09,0.66,125.67,5.01,7.52
2026-01-17 04:06:00+00:00,-4.82,5.19,0.70,132.89,5.62,7.11
2026-01-17 04:07:00+00:00,-5.21,2.71,5.43,152.53,42.77,7.99
2026-01-17 04:08:00+00:00,-5.25,2.78,5.38,152.11,42.16,8.02
2026-01-17 04:09:00+00:00,-5.02,4.03,4.79,141.20,36.67,8.03
2026-01-17 04:10:00+00:00,-4.43,4.07,4.89,137.38,39.12,7.76
2026-01-17 04:11:00+00:00,-5.82,2.69,4.99,155.21,37.90,8.13
2026-01-17 04:12:00+00:00,-5.64,4.23,3.38,143.13,25.65,7.82
2026-01-17 04:13:00+00:00,-5.64,4.06,4.10,144.21,30.53,8.07
2026-01-17 04:14:00+00:00,-5.56,4.08,4.27,143.69,31.73,8.11
2026-01-17 04:15:00+00:00,-5.92,3.34,4.50,150.54,33.50,8.15
2026-01-17 04:16:00+00:00,-7.10,1.68,3.42,166.71,25.12,8.05
2026-01-17 04:17:00+00:00,-6.94,0.46,4.34,176.19,31.97,8.20
2026-01-17 04:18:00+00:00,-6.09,1.32,5.39,167.81,40.87,8.24
2026-01-17 04:19:00+00:00,-6.33,0.66,5.22,174.04,39.35,8.23
2026-01-17 04:20:00+00:00,-6.24,-0.78,5.20,187.10,39.60,8.16
2026-01-17 04:21:00+00:00,-5.47,-1.41,5.76,194.49,45.56,8.06
2026-01-17 04:22:00+00:00,-5.25,-2.07,5.52,201.48,44.37,7.89
2026-01-17 04:23:00+00:00,-5.08,-4.09,4.36,218.79,33.77,7.85
2026-01-17 04:24:00+00:00,-5.06,-3.87,3.92,217.42,31.57,7.48
2026-01-17 04:25:00+00:00,-4.59,-1.69,6.15,200.20,51.50,7.86
2026-01-17 04:26:00+00:00,-3.45,-3.01,6.45,221.13,54.62,7.92
2026-01-17 04:27:00+00:00,-3.33,-1.74,7.08,207.55,62.05,8.02
2026-01-17 04:28:00+00:00,-3.06,-1.33,7.06,203.47,64.72,7.80
2026-01-17 04:29:00+00:00,-5.55,-1.81,5.44,198.10,42.99,7.98
2026-01-17 04:30:00+00:00,-5.95,-1.94,4.88,198.04,37.97,7.93
2026-01-17 04:31:00+00:00,-6.72,-2.68,3.67,201.73,26.92,8.11
2026-01-17 04:32:00+00:00,-6.62,-1.85,4.35,195.58,32.32,8.13
2026-01-17 04:33:00+00:00,-6.13,-0.81,5.31,187.51,40.68,8.15
2026-01-17 04:34:00+00:00,-5.98,1.78,4.95,163.42,38.42,7.97
2026-01-17 04:35:00+00:00,-5.23,2.86,5.25,151.31,41.37,7.94
2026-01-17 04:36:00+00:00,-4.98,2.67,5.08,151.78,41.94,7.60
2026-01-17 04:37:00+00:00,-5.19,4.15,3.76,141.35,29.52,7.63
2026-01-17 04:38:00+00:00,-5.60,1.66,5.13,163.49,41.26,7.77
2026-01-17 04:39:00+00:00,-6.87,2.64,2.64,158.97,19.72,7.82
2026-01-17 04:40:00+00:00,-6.07,1.72,4.00,164.20,32.36,7.47
2026-01-17 04:41:00+00:00,-5.20,1.50,4.90,163.94,42.18,7.30
2026-01-17 04:42:00+00:00,-5.87,-0.50,4.95,184.88,40.08,7.69
2026-01-17 04:43:00+00:00,-6.24,2.09,4.26,161.48,32.91,7.84
2026-01-17 04:44:00+00:00,-4.84,3.31,4.34,145.66,36.49,7.30
2026-01-17 04:45:00+00:00,-3.89,4.33,3.37,131.95,30.10,6.72
2026-01-17 04:46:00+00:00,-5.26,3.75,2.12,144.55,18.14,6.80
2026-01-17 04:47:00+00:00,-5.52,2.16,4.05,158.66,34.35,7.18
2026-01-17 04:48:00+00:00,-6.29,1.91,3.81,163.07,30.08,7.59
2026-01-17 04:49:00+00:00,-6.46,1.23,3.57,169.21,28.50,7.49
2026-01-17 04:50:00+00:00,-6.38,2.77,1.97,156.56,15.79,7.23
2026-01-17 04:51:00+00:00,-5.25,5.11,1.65,135.78,12.66,7.51
2026-01-17 04:52:00+00:00,-6.59,4.04,0.78,148.49,5.75,7.77
2026-01-17 04:53:00+00:00,-7.30,3.09,-0.15,157.07,-1.10,7.93
2026-01-17 04:54:00+00:00,-7.48,2.17,-0.10,163.83,-0.72,7.79
2026-01-17 04:55:00+00:00,-7.44,1.04,2.07,172.05,15.42,7.80
2026-01-17 04:56:00+00:00,-7.26,-0.31,2.89,182.45,21.70,7.82
2026-01-17 04:57:00+00:00,-7.46,-1.90,-0.42,194.32,-3.13,7.71
2026-01-17 04:58:00+00:00,-7.08,-2.85,-0.72,201.94,-5.42,7.67
2026-01-17 04:59:00+00:00,-6.45,-3.77,1.91,210.32,14.37,7.71
2026-01-17 05:00:00+00:00,-5.92,-3.49,3.65,210.54,27.96,7.78
2026-01-17 05:01:00+00:00,-4.68,-3.42,4.90,216.18,40.22,7.59
2026-01-17 05:02:00+00:00,-5.54,-3.19,4.33,209.92,34.10,7.72
2026-01-17 05:03:00+00:00,-4.77,-4.84,3.09,225.46,24.43,7.46
2026-01-17 05:04:00+00:00,-4.87,-4.46,3.83,222.48,30.11,7.64
2026-01-17 05:05:00+00:00,-4.80,-4.29,3.71,221.81,29.98,7.43
2026-01-17 05:06:00+00:00,-4.35,-3.22,4.80,216.48,41.56,7.23
2026-01-17 05:07:00+00:00,-5.16,-2.81,4.66,208.55,38.41,7.49
2026-01-17 05:08:00+00:00,-4.82,-2.79,5.05,210.08,42.20,7.52
2026-01-17 05:09:00+00:00,-4.93,-2.16,4.98,203.62,42.76,7.33
2026-01-17 05:10:00+00:00,-4.78,-2.82,5.07,210.56,42.43,7.52
2026-01-17 05:11:00+00:00,-5.11,-3.50,4.36,214.37,35.11,7.58
2026-01-17 05:12:00+00:00,-5.02,-3.68,3.29,216.27,27.87,7.04
2026-01-17 05:13:00+00:00,-7.23,-0.87,-0.93,186.84,-7.29,7.35
2026-01-17 05:14:00+00:00,-7.35,-0.29,1.12,182.26,8.68,7.44
2026-01-17 05:15:00+00:00,-5.95,0.06,3.66,179.46,31.59,6.98
2026-01-17 05:16:00+00:00,-5.74,1.65,3.42,163.92,29.77,6.88
2026-01-17 05:17:00+00:00,-5.84,2.86,1.97,153.93,16.82,6.79
2026-01-17 05:18:00+00:00,-6.87,-0.14,0.19,181.14,1.57,6.88
2026-01-17 05:19:00+00:00,-6.70,1.83,0.08,164.71,0.67,6.94
2026-01-17 05:20:00+00:00,-6.94,0.49,0.31,175.92,2.57,6.97
2026-01-17 05:21:00+00:00,-7.26,-1.42,0.22,191.04,1.69,7.40
2026-01-17 05:22:00+00:00,-7.55,-1.42,0.61,190.65,4.57,7.71
2026-01-17 05:23:00+00:00,-7.33,0.22,1.47,178.29,11.34,7.48
2026-01-17 05:24:00+00:00,-7.54,-0.46,0.50,183.50,3.79,7.57
2026-01-17 05:25:00+00:00,-7.43,0.09,1.55,179.30,11.81,7.59
2026-01-17 05:26:00+00:00,-7.19,0.00,1.97,180.02,15.36,7.45
2026-01-17 05:27:00+00:00,-7.52,-0.12,0.84,180.95,6.36,7.57
2026-01-17 05:28:00+00:00,-6.57,2.39,1.61,159.99,12.92,7.18
2026-01-17 05:29:00+00:00,-6.76,-0.82,0.81,186.94,6.74,6.86
2026-01-17 05:30:00+00:00,-5.86,-1.43,-0.31,193.68,-2.92,6.04
2026-01-17 05:31:00+00:00,-3.07,5.93,-1.34,117.36,-11.38,6.81
2026-01-17 05:32:00+00:00,-2.19,5.65,-1.94,111.22,-17.70,6.36
2026-01-17 05:33:00+00:00,-6.68,2.45,0.59,159.87,4.74,7.14
2026-01-17 05:34:00+00:00,-6.21,3.59,0.41,149.93,3.25,7.18
2026-01-17 05:35:00+00:00,-7.08,2.40,0.38,161.30,2.88,7.49
2026-01-17 05:36:00+00:00,-6.85,0.63,-2.30,174.75,-18.46,7.25
2026-01-17 05:37:00+00:00,-6.90,-2.67,-1.23,201.14,-9.46,7.50
2026-01-17 05:38:00+00:00,-7.13,-1.94,-0.18,195.20,-1.40,7.39
2026-01-17 05:39:00+00:00,-7.49,-0.94,0.11,187.14,0.82,7.55
2026-01-17 05:40:00+00:00,-6.39,-0.23,-3.22,182.09,-26.71,7.16
2026-01-17 05:41:00+00:00,-7.44,-0.16,0.76,181.25,5.84,7.48
2026-01-17 05:42:00+00:00,-7.36,-1.47,1.24,191.32,9.37,7.60
2026-01-17 05:43:00+00:00,-7.52,0.07,0.74,179.49,5.60,7.56
2026-01-17 05:44:00+00:00,-4.93,-3.70,-1.51,216.90,-13.81,6.34
2026-01-17 05:45:00+00:00,-5.31,-4.33,-1.31,219.25,-10.84,6.98
2026-01-17 05:46:00+00:00,-6.34,-3.67,0.12,210.09,0.96,7.32
2026-01-17 05:47:00+00:00,-5.26,-3.09,-2.50,210.46,-22.25,6.59
2026-01-17 05:48:00+00:00,-5.53,-4.09,-1.46,216.51,-11.98,7.03
2026-01-17 05:49:00+00:00,-6.63,-3.81,0.74,209.88,5.56,7.68
2026-01-17 05:50:00+00:00,-6.41,-4.25,0.65,213.53,4.85,7.72
2026-01-17 05:51:00+00:00,-6.86,-3.66,0.94,208.07,6.88,7.83
2026-01-17 05:52:00+00:00,-6.60,-3.88,1.16,210.43,8.62,7.75
2026-01-17 05:53:00+00:00,-6.62,-3.73,0.50,209.38,3.76,7.61
2026-01-17 05:54:00+00:00,-6.06,-4.36,-0.31,215.72,-2.39,7.47
2026-01-17 05:55:00+00:00,-7.19,-2.87,1.92,201.73,13.89,7.98
2026-01-17 05:56:00+00:00,-7.95,-0.74,0.96,185.30,6.83,8.04
2026-01-17 05:57:00+00:00,-7.40,-0.02,-1.07,180.14,-8.26,7.47
2026-01-17 05:58:00+00:00,-5.99,1.09,-4.17,169.70,-34.37,7.38
2026-01-17 05:59:00+00:00,-6.68,1.60,-3.31,166.50,-25.71,7.62
2026-01-17 06:00:00+00:00,-6.85,1.70,-3.02,166.04,-23.15,7.67
2026-01-17 06:01:00+00:00,-5.76,2.10,-4.32,159.94,-35.19,7.50
2026-01-17 06:02:00+00:00,-6.49,1.96,-3.19,163.19,-25.22,7.49
2026-01-17 06:03:00+00:00,-6.79,0.14,-3.59,178.78,-27.86,7.68
2026-01-17 06:04:00+00:00,-6.08,1.19,-4.55,168.98,-36.31,7.69
2026-01-17 06:05:00+00:00,-5.78,2.81,-4.00,154.06,-31.93,7.57
2026-01-17 06:06:00+00:00,-5.64,4.21,-3.21,143.30,-24.53,7.74
2026-01-17 06:07:00+00:00,-5.25,3.00,-4.82,150.28,-38.55,7.73
2026-01-17 06:08:00+00:00,-7.08,1.63,-2.82,167.07,-21.21,7.79
2026-01-17 06:09:00+00:00,-6.92,2.58,-1.07,159.56,-8.25,7.47
2026-01-17 06:10:00+00:00,-5.87,5.19,0.03,138.52,0.20,7.84
2026-01-17 06:11:00+00:00,-6.40,4.49,-0.72,145.00,-5.29,7.85
2026-01-17 06:12:00+00:00,-5.93,4.40,2.07,143.43,15.63,7.67
2026-01-17 06:13:00+00:00,-4.08,5.40,-0.18,127.07,-1.55,6.77
2026-01-17 06:14:00+00:00,-3.65,5.89,-1.14,121.79,-9.37,7.03
2026-01-17 06:15:00+00:00,-5.96,3.68,2.79,148.29,21.69,7.54
2026-01-17 06:16:00+00:00,-7.33,2.48,-0.47,161.35,-3.50,7.76
2026-01-17 06:17:00+00:00,-6.84,1.46,0.22,167.97,1.82,7.00
2026-01-17 06:18:00+00:00,-7.62,-0.49,0.28,183.68,2.08,7.64
2026-01-17 06:19:00+00:00,-7.86,-0.49,0.35,183.60,2.53,7.89
2026-01-17 06:20:00+00:00,-7.82,-0.17,1.11,181.27,8.04,7.90
2026-01-17 06:21:00+00:00,-7.91,-0.60,0.18,184.31,1.32,7.93
2026-01-17 06:22:00+00:00,-7.67,0.14,1.03,178.92,7.65,7.74
2026-01-17 06:23:00+00:00,-7.69,-0.23,1.52,181.73,11.16,7.85
2026-01-17 06:24:00+00:00,-7.14,2.04,2.00,164.08,15.03,7.69
2026-01-17 06:25:00+00:00,-6.87,2.15,2.24,162.59,17.30,7.54
2026-01-17 06:26:00+00:00,-6.86,0.63,3.15,174.71,24.59,7.58
2026-01-17 06:27:00+00:00,-7.24,-2.12,1.87,196.33,13.90,7.77
2026-01-17 06:28:00+00:00,-6.47,-3.70,1.76,209.79,13.26,7.66
2026-01-17 06:29:00+00:00,-6.47,-2.64,1.21,202.22,9.86,7.09
2026-01-17 06:30:00+00:00,-7.66,0.14,1.18,178.95,8.77,7.75
2026-01-17 06:31:00+00:00,-7.44,1.37,1.14,169.60,8.54,7.65
2026-01-17 06:32:00+00:00,-7.21,0.53,2.71,175.80,20.57,7.72
2026-01-17 06:33:00+00:00,-6.48,3.52,1.00,151.52,7.74,7.44
2026-01-17 06:34:00+00:00,-5.46,2.28,4.42,157.31,36.73,7.39
2026-01-17 06:35:00+00:00,-4.56,5.06,2.93,132.03,23.28,7.41
2026-01-17 06:36:00+00:00,-5.57,4.32,2.73,142.20,21.16,7.56
2026-01-17 06:37:00+00:00,-4.95,4.64,1.91,136.81,15.76,7.05
2026-01-17 06:38:00+00:00,-5.86,3.85,3.42,146.67,26.02,7.80
2026-01-17 06:39:00+00:00,-5.87,5.19,1.56,138.52,11.29,7.99
2026-01-17 06:40:00+00:00,-5.09,5.91,0.79,130.73,5.79,7.84
2026-01-17 06:41:00+00:00,-4.72,6.17,0.17,127.44,1.25,7.77
2026-01-17 06:42:00+00:00,-6.52,4.67,1.10,144.35,7.78,8.09
2026-01-17 06:43:00+00:00,-4.65,5.89,2.25,128.26,16.71,7.84
2026-01-17 06:44:00+00:00,-5.72,4.29,2.46,143.11,19.02,7.56
2026-01-17 06:45:00+00:00,-4.08,6.55,-0.28,121.88,-2.07,7.72
2026-01-17 06:46:00+00:00,-2.34,7.01,-1.71,108.43,-13.04,7.59
2026-01-17 06:47:00+00:00,-3.73,6.45,-0.39,120.08,-2.98,7.46
2026-01-17 06:48:00+00:00,-6.12,5.07,0.49,140.34,3.56,7.96
2026-01-17 06:49:00+00:00,-6.32,4.66,1.08,143.57,7.84,7.93
2026-01-17 06:50:00+00:00,-6.64,4.16,1.76,147.97,12.66,8.03
2026-01-17 06:51:00+00:00,-5.57,5.39,0.84,135.95,6.19,7.79
2026-01-17 06:52:00+00:00,-5.37,5.21,2.38,135.85,17.61,7.85
2026-01-17 06:53:00+00:00,-6.22,4.29,2.15,145.40,15.88,7.86
2026-01-17 06:54:00+00:00,-6.48,4.48,0.40,145.35,2.90,7.89
2026-01-17 06:55:00+00:00,-5.97,5.11,1.02,139.42,7.38,7.92
2026-01-17 06:56:00+00:00,-5.90,4.92,-0.64,140.17,-4.79,7.70
2026-01-17 06:57:00+00:00,-4.76,6.11,-0.44,127.95,-3.27,7.76
2026-01-17 06:58:00+00:00,-6.00,4.58,-0.96,142.60,-7.27,7.61
2026-01-17 06:59:00+00:00,-4.38,5.96,1.62,126.31,12.38,7.57
2026-01-17 07:00:00+00:00,-5.89,4.58,2.89,142.09,21.20,8.00
2026-01-17 07:01:00+00:00,-6.64,1.52,3.24,167.14,25.47,7.55
2026-01-17 07:02:00+00:00,-5.39,3.26,4.00,148.87,32.45,7.46
2026-01-17 07:03:00+00:00,-5.08,4.57,2.86,138.01,22.73,7.41
2026-01-17 07:04:00+00:00,-6.16,4.58,0.92,143.34,6.82,7.73
2026-01-17 07:05:00+00:00,-6.56,3.80,-2.20,149.94,-16.16,7.89
2026-01-17 07:06:00+00:00,-7.16,3.47,-0.68,154.10,-4.89,7.98
2026-01-17 07:07:00+00:00,-7.53,2.76,-1.25,159.87,-8.89,8.12
2026-01-17 07:08:00+00:00,-7.28,2.84,-1.65,158.68,-11.90,7.99
2026-01-17 07:09:00+00:00,-6.98,3.44,0.85,153.78,6.21,7.83
2026-01-17 07:10:00+00:00,-6.83,3.59,2.05,152.29,14.87,7.98
2026-01-17 07:11:00+00:00,-4.92,2.03,5.38,157.59,45.32,7.57
2026-01-17 07:12:00+00:00,-6.00,2.59,4.62,156.64,35.23,8.01
2026-01-17 07:13:00+00:00,-6.79,1.61,3.93,166.69,29.38,8.00
2026-01-17 07:14:00+00:00,-6.83,0.62,4.15,174.82,31.16,8.01
2026-01-17 07:15:00+00:00,-7.04,1.84,3.50,165.35,25.71,8.08
2026-01-17 07:16:00+00:00,-7.38,1.05,3.34,171.88,24.17,8.17
2026-01-17 07:17:00+00:00,-7.23,1.06,3.59,171.67,26.14,8.14
2026-01-17 07:18:00+00:00,-7.28,-0.50,3.28,183.97,24.20,8.00
2026-01-17 07:19:00+00:00,-7.60,-1.70,2.72,192.59,19.21,8.25
2026-01-17 07:20:00+00:00,-7.04,-1.75,3.65,193.95,26.70,8.12
2026-01-17 07:21:00+00:00,-6.25,-0.85,4.85,187.71,37.58,7.96
2026-01-17 07:22:00+00:00,-5.53,-0.30,5.61,183.06,45.37,7.89
2026-01-17 07:23:00+00:00,-5.03,0.14,5.96,178.36,49.84,7.80
2026-01-17 07:24:00+00:00,-5.87,0.39,5.28,176.23,41.92,7.91
2026-01-17 07:25:00+00:00,-5.23,0.65,5.99,172.88,48.64,7.98
2026-01-17 07:26:00+00:00,-6.52,-0.13,4.71,181.14,35.83,8.04
2026-01-17 07:27:00+00:00,-6.48,0.34,4.79,177.00,36.41,8.06
2026-01-17 07:28:00+00:00,-6.84,0.80,4.17,173.36,31.22,8.05
2026-01-17 07:29:00+00:00,-6.49,-0.08,4.68,180.67,35.77,8.00
2026-01-17 07:30:00+00:00,-6.84,-0.19,4.40,181.56,32.74,8.14
2026-01-17 07:31:00+00:00,-7.22,2.21,3.03,162.97,21.88,8.14
2026-01-17 07:32:00+00:00,-7.44,2.77,0.78,159.56,5.59,7.98
2026-01-17 07:33:00+00:00,-7.46,2.95,-0.34,158.40,-2.43,8.03
2026-01-17 07:34:00+00:00,-6.89,3.36,2.02,153.98,14.79,7.93
2026-01-17 07:35:00+00:00,-6.25,3.98,3.25,147.50,23.71,8.09
2026-01-17 07:36:00+00:00,-6.85,3.58,2.40,152.40,17.25,8.09
2026-01-17 07:37:00+00:00,-6.63,3.49,2.90,152.26,21.14,8.03
2026-01-17 07:38:00+00:00,-5.86,2.62,5.11,155.91,38.48,8.21
2026-01-17 07:39:00+00:00,-6.21,2.81,4.66,155.66,34.38,8.25
2026-01-17 07:40:00+00:00,-7.34,1.70,3.86,166.96,27.12,8.46
2026-01-17 07:41:00+00:00,-6.83,2.49,3.80,159.96,27.61,8.21
2026-01-17 07:42:00+00:00,-6.37,4.12,2.81,147.09,20.32,8.09
2026-01-17 07:43:00+00:00,-6.95,2.94,3.36,157.08,24.03,8.26
2026-01-17 07:44:00+00:00,-7.00,2.98,2.95,156.92,21.17,8.16
2026-01-17 07:45:00+00:00,-7.95,1.37,0.17,170.20,1.18,8.07
2026-01-17 07:46:00+00:00,-6.26,4.15,2.83,146.48,20.60,8.03
2026-01-17 07:47:00+00:00,-7.08,3.15,2.45,156.05,17.51,8.13
2026-01-17 07:48:00+00:00,-7.77,2.47,1.22,162.35,8.50,8.24
2026-01-17 07:49:00+00:00,-7.96,-0.90,-1.80,186.48,-12.70,8.21
2026-01-17 07:50:00+00:00,-7.86,-0.96,-2.39,186.98,-16.80,8.28
2026-01-17 07:51:00+00:00,-7.56,-0.41,-3.17,183.12,-22.72,8.21
2026-01-17 07:52:00+00:00,-6.85,-1.04,-4.16,188.67,-31.00,8.09
2026-01-17 07:53:00+00:00,-6.68,0.18,-4.37,178.42,-33.20,7.98
2026-01-17 07:54:00+00:00,-6.40,1.36,-4.85,167.98,-36.53,8.15
2026-01-17 07:55:00+00:00,-6.68,1.90,-4.24,164.14,-31.38,8.14
2026-01-17 07:56:00+00:00,-7.71,1.72,-1.08,167.45,-7.78,7.97
2026-01-17 07:57:00+00:00,-7.74,2.07,1.79,165.06,12.60,8.21
2026-01-17 07:58:00+00:00,-8.05,1.04,-1.00,172.62,-7.01,8.18
2026-01-17 07:59:00+00:00,-7.51,2.04,-1.65,164.80,-11.98,7.95
2026-01-17 08:00:00+00:00,-7.34,2.62,-2.21,160.33,-15.80,8.10
2026-01-17 08:01:00+00:00,-6.92,3.25,-2.68,154.84,-19.32,8.10
2026-01-17 08:02:00+00:00,-7.34,3.40,-1.36,155.17,-9.55,8.21
2026-01-17 08:03:00+00:00,-6.66,4.60,-0.95,145.37,-6.68,8.15
2026-01-17 08:04:00+00:00,-7.16,4.10,-0.16,150.20,-1.09,8.26
2026-01-17 08:05:00+00:00,-6.68,4.63,0.78,145.31,5.52,8.16
2026-01-17 08:06:00+00:00,-6.80,4.34,0.30,147.46,2.10,8.07
2026-01-17 08:07:00+00:00,-7.63,3.16,0.68,157.49,4.73,8.29
2026-01-17 08:08:00+00:00,-7.36,2.96,2.02,158.08,14.25,8.19
2026-01-17 08:09:00+00:00,-7.14,3.24,2.13,155.59,15.22,8.13
2026-01-17 08:10:00+00:00,-6.90,3.64,2.24,152.18,16.03,8.12
2026-01-17 08:11:00+00:00,-7.26,3.37,1.07,155.07,7.65,8.07
2026-01-17 08:12:00+00:00,-7.76,2.36,-0.16,163.06,-1.12,8.11
2026-01-17 08:13:00+00:00,-7.81,1.85,-0.91,166.64,-6.50,8.08
2026-01-17 08:14:00+00:00,-7.57,2.97,-0.25,158.55,-1.76,8.13
2026-01-17 08:15:00+00:00,-8.07,0.62,-0.55,175.62,-3.91,8.11
2026-01-17 08:16:00+00:00,-8.02,0.66,-0.77,175.31,-5.50,8.08
2026-01-17 08:17:00+00:00,-8.02,1.12,-1.52,172.07,-10.64,8.24
2026-01-17 08:18:00+00:00,-7.98,1.82,-0.49,167.12,-3.40,8.20
2026-01-17 08:19:00+00:00,-7.86,2.55,0.52,162.02,3.63,8.28
2026-01-17 08:20:00+00:00,-8.07,1.60,1.11,168.77,7.70,8.31
2026-01-17 08:21:00+00:00,-8.02,0.81,1.80,174.22,12.57,8.26
2026-01-17 08:22:00+00:00,-7.90,1.46,1.61,169.55,11.36,8.19
2026-01-17 08:23:00+00:00,-7.95,1.20,1.80,171.45,12.63,8.24
2026-01-17 08:24:00+00:00,-7.87,0.69,2.49,174.97,17.49,8.28
2026-01-17 08:25:00+00:00,-7.91,0.43,2.80,176.88,19.43,8.41
2026-01-17 08:26:00+00:00,-8.20,1.15,1.26,172.04,8.64,8.37
2026-01-17 08:27:00+00:00,-8.28,1.32,0.01,170.93,0.06,8.39
2026-01-17 08:28:00+00:00,-7.78,2.70,-1.39,160.84,-9.59,8.35
2026-01-17 08:29:00+00:00,-7.67,2.97,-1.24,158.82,-8.57,8.32
2026-01-17 08:30:00+00:00,-7.90,2.78,-0.61,160.61,-4.19,8.40
2026-01-17 08:31:00+00:00,-8.06,2.45,-0.16,163.08,-1.07,8.42
2026-01-17 08:32:00+00:00,-8.23,1.97,0.32,166.54,2.18,8.47
2026-01-17 08:33:00+00:00,-8.11,2.40,-0.02,163.50,-0.15,8.45
2026-01-17 08:34:00+00:00,-8.27,0.98,-1.33,173.23,-9.05,8.43
2026-01-17 08:35:00+00:00,-7.79,2.31,-1.63,163.53,-11.36,8.29
2026-01-17 08:36:00+00:00,-7.88,2.34,0.61,163.45,4.27,8.24
2026-01-17 08:37:00+00:00,-8.20,0.67,0.20,175.34,1.37,8.23
2026-01-17 08:38:00+00:00,-7.75,1.15,-2.60,171.52,-18.37,8.26
2026-01-17 08:39:00+00:00,-7.64,1.46,-2.11,169.21,-15.17,8.05
2026-01-17 08:40:00+00:00,-6.85,1.73,-1.47,165.81,-11.72,7.22
2026-01-17 08:41:00+00:00,-6.83,4.25,1.51,148.11,10.64,8.19
2026-01-17 08:42:00+00:00,-7.01,3.76,2.13,151.78,15.01,8.24
2026-01-17 08:43:00+00:00,-7.23,3.37,2.21,155.02,15.50,8.27
2026-01-17 08:44:00+00:00,-7.26,3.47,1.99,154.44,13.91,8.29
2026-01-17 08:45:00+00:00,-6.94,3.67,2.59,152.14,18.27,8.27
2026-01-17 08:46:00+00:00,-7.23,3.64,1.76,153.25,12.30,8.28
2026-01-17 08:47:00+00:00,-7.06,3.97,2.19,150.66,15.14,8.39
2026-01-17 08:48:00+00:00,-7.62,3.42,1.75,155.85,11.81,8.53
2026-01-17 08:49:00+00:00,-7.55,3.17,2.47,157.25,16.77,8.55
2026-01-17 08:50:00+00:00,-7.21,2.93,3.31,157.90,23.03,8.45
2026-01-17 08:51:00+00:00,-6.67,3.24,3.74,154.07,26.76,8.30
2026-01-17 08:52:00+00:00,-6.80,3.53,3.50,152.58,24.55,8.43
2026-01-17 08:53:00+00:00,-6.98,3.51,3.38,153.31,23.43,8.51
2026-01-17 08:54:00+00:00,-6.59,3.55,3.59,151.71,25.64,8.31
2026-01-17 08:55:00+00:00,-6.98,3.56,2.90,152.98,20.32,8.35
2026-01-17 08:56:00+00:00,-6.74,3.66,3.31,151.48,23.34,8.35
2026-01-17 08:57:00+00:00,-7.02,2.99,3.33,156.94,23.60,8.33
2026-01-17 08:58:00+00:00,-6.39,4.14,3.41,147.07,24.13,8.35
2026-01-17 08:59:00+00:00,-6.70,3.50,3.51,152.42,24.91,8.33
2026-01-17 09:00:00+00:00,-6.98,3.80,2.64,151.44,18.41,8.37
2026-01-17 09:01:00+00:00,-7.00,4.15,2.43,149.31,16.66,8.49
2026-01-17 09:02:00+00:00,-6.57,4.48,2.98,145.73,20.51,8.49
2026-01-17 09:03:00+00:00,-6.51,4.38,2.99,146.10,20.88,8.40
2026-01-17 09:04:00+00:00,-6.52,4.41,2.95,145.91,20.56,8.40
2026-01-17 09:05:00+00:00,-6.18,4.71,3.02,142.71,21.23,8.33
2026-01-17 09:06:00+00:00,-6.18,4.88,2.71,141.72,18.99,8.33
2026-01-17 09:07:00+00:00,-6.37,4.78,2.57,143.12,17.89,8.37
2026-01-17 09:08:00+00:00,-6.47,4.92,2.15,142.73,14.81,8.40
2026-01-17 09:09:00+00:00,-6.55,4.79,1.95,143.83,13.51,8.34
2026-01-17 09:10:00+00:00,-7.16,3.91,2.12,151.35,14.56,8.42
2026-01-17 09:11:00+00:00,-7.11,4.32,1.89,148.73,12.78,8.53
2026-01-17 09:12:00+00:00,-6.66,4.62,2.55,145.22,17.44,8.50
2026-01-17 09:13:00+00:00,-6.91,4.35,1.92,147.81,13.27,8.38
2026-01-17 09:14:00+00:00,-6.33,4.93,2.44,142.07,16.94,8.39
2026-01-17 09:15:00+00:00,-7.06,4.23,2.12,149.05,14.42,8.50
2026-01-17 09:16:00+00:00,-6.19,5.07,2.54,140.64,17.59,8.39
2026-01-17 09:17:00+00:00,-6.26,5.34,1.65,139.52,11.35,8.40
2026-01-17 09:18:00+00:00,-7.18,4.23,2.04,149.47,13.75,8.58
2026-01-17 09:19:00+00:00,-6.96,4.24,2.28,148.62,15.64,8.46
2026-01-17 09:20:00+00:00,-6.93,4.80,1.29,145.32,8.68,8.53
2026-01-17 09:21:00+00:00,-6.90,4.10,1.89,149.30,13.26,8.24
2026-01-17 09:22:00+00:00,-5.91,3.08,5.18,152.50,37.87,8.44
2026-01-17 09:23:00+00:00,-5.58,4.05,4.59,144.03,33.63,8.28
2026-01-17 09:24:00+00:00,-7.06,4.18,2.69,149.41,18.15,8.64
2026-01-17 09:25:00+00:00,-7.30,3.81,2.61,152.46,17.58,8.64
2026-01-17 09:26:00+00:00,-7.07,3.38,3.02,154.42,21.09,8.40
2026-01-17 09:27:00+00:00,-6.65,4.50,1.40,145.95,9.87,8.15
2026-01-17 09:28:00+00:00,-6.16,4.98,1.88,141.05,13.33,8.15
2026-01-17 09:29:00+00:00,-6.51,4.62,2.36,144.60,16.44,8.32
2026-01-17 09:30:00+00:00,-6.37,4.91,2.05,142.35,14.28,8.30
2026-01-17 09:31:00+00:00,-5.85,4.69,3.02,141.26,21.90,8.08
2026-01-17 09:32:00+00:00,-5.67,4.50,3.37,141.57,24.96,7.98
2026-01-17 09:33:00+00:00,-7.06,3.75,2.36,152.03,16.49,8.33
2026-01-17 09:34:00+00:00,-7.23,3.46,2.47,154.39,17.13,8.38
2026-01-17 09:35:00+00:00,-6.82,3.89,2.67,150.30,18.82,8.29
2026-01-17 09:36:00+00:00,-7.03,3.42,2.98,154.05,20.84,8.37
2026-01-17 09:37:00+00:00,-7.14,3.16,2.99,156.15,20.93,8.36
2026-01-17 09:38:00+00:00,-6.78,2.91,3.39,156.79,24.67,8.12
2026-01-17 09:39:00+00:00,-6.12,4.18,3.31,145.69,24.07,8.12
2026-01-17 09:40:00+00:00,-6.09,3.63,3.84,149.22,28.45,8.06
2026-01-17 09:41:00+00:00,-6.20,3.69,3.53,149.28,26.03,8.03
2026-01-17 09:42:00+00:00,-7.07,3.57,1.91,153.25,13.54,8.15
2026-01-17 09:43:00+00:00,-6.58,4.19,2.38,147.51,16.96,8.15
2026-01-17 09:44:00+00:00,-7.11,4.06,1.82,150.28,12.54,8.39
2026-01-17 09:45:00+00:00,-6.46,4.25,2.25,146.66,16.20,8.06
2026-01-17 09:46:00+00:00,-6.40,4.37,2.70,145.65,19.18,8.21
2026-01-17 09:47:00+00:00,-6.17,4.64,2.59,143.09,18.53,8.14
2026-01-17 09:48:00+00:00,-6.42,4.78,1.37,143.34,9.75,8.12
2026-01-17 09:49:00+00:00,-7.07,4.00,1.43,150.52,9.98,8.25
2026-01-17 09:50:00+00:00,-6.93,3.99,1.79,150.06,12.58,8.20
2026-01-17 09:51:00+00:00,-6.40,4.36,2.53,145.73,18.10,8.15
2026-01-17 09:52:00+00:00,-6.37,4.58,2.19,144.31,15.57,8.14
2026-01-17 09:53:00+00:00,-6.91,4.32,1.09,148.01,7.60,8.22
2026-01-17 09:54:00+00:00,-6.78,4.63,-0.16,145.70,-1.09,8.21
2026-01-17 09:55:00+00:00,-6.24,5.36,0.03,139.35,0.22,8.23
2026-01-17 09:56:00+00:00,-6.27,5.10,-1.52,140.87,-10.68,8.22
2026-01-17 09:57:00+00:00,-6.86,3.85,-2.14,150.70,-15.20,8.16
2026-01-17 09:58:00+00:00,-5.44,2.20,-5.05,157.96,-40.70,7.75
2026-01-17 09:59:00+00:00,-4.48,1.08,-6.29,166.47,-53.77,7.80
2026-01-17 10:00:00+00:00,-4.30,0.66,-6.14,171.26,-54.67,7.53
2026-01-17 10:01:00+00:00,-6.60,1.62,-4.21,166.18,-31.81,7.99
2026-01-17 10:03:00+00:00,-5.80,3.65,-3.47,147.79,-26.85,7.69
2026-01-17 10:04:00+00:00,-6.55,4.12,-0.74,147.84,-5.45,7.78
2026-01-17 10:05:00+00:00,-6.08,3.98,-3.06,146.79,-22.81,7.89
2026-01-17 10:06:00+00:00,-5.96,4.50,-2.97,142.95,-21.68,8.04
2026-01-17 10:07:00+00:00,-6.37,4.67,-1.60,143.76,-11.43,8.06
2026-01-17 10:08:00+00:00,-7.07,4.04,1.31,150.23,9.12,8.25
2026-01-17 10:09:00+00:00,-6.77,4.35,1.53,147.25,10.79,8.19
2026-01-17 10:10:00+00:00,-6.60,4.27,2.13,147.06,15.17,8.14
2026-01-17 10:11:00+00:00,-6.09,5.37,0.38,138.63,2.70,8.13
2026-01-17 10:12:00+00:00,-5.77,5.72,0.76,135.26,5.34,8.16
2026-01-17 10:13:00+00:00,-6.82,4.55,1.18,146.28,8.17,8.29
2026-01-17 10:14:00+00:00,-6.91,4.29,0.84,148.14,5.88,8.18
2026-01-17 10:15:00+00:00,-7.01,3.99,1.37,150.35,9.62,8.18
2026-01-17 10:16:00+00:00,-7.14,3.55,1.01,153.57,7.24,8.04
2026-01-17 10:17:00+00:00,-7.60,2.64,1.24,160.84,8.74,8.14
2026-01-17 10:18:00+00:00,-7.64,2.38,1.51,162.69,10.69,8.14
2026-01-17 10:19:00+00:00,-7.74,1.83,1.50,166.70,10.70,8.10
2026-01-17 10:20:00+00:00,-7.50,1.15,2.36,171.25,17.30,7.95
2026-01-17 10:21:00+00:00,-7.38,1.07,2.89,171.75,21.15,8.00
2026-01-17 10:22:00+00:00,-7.54,1.50,2.30,168.77,16.69,8.02
2026-01-17 10:23:00+00:00,-7.50,-0.02,1.94,180.15,14.48,7.75
2026-01-17 10:24:00+00:00,-7.21,-0.07,2.66,180.52,20.27,7.69
2026-01-17 10:25:00+00:00,-7.07,1.56,3.01,167.53,22.55,7.84
2026-01-17 10:26:00+00:00,-6.93,1.26,2.74,169.72,21.21,7.56
2026-01-17 10:27:00+00:00,-5.85,-0.09,4.93,180.85,40.11,7.65
2026-01-17 10:28:00+00:00,-5.34,1.82,5.05,161.17,41.81,7.57
2026-01-17 10:29:00+00:00,-5.75,2.19,4.18,159.10,34.19,7.43
2026-01-17 10:30:00+00:00,-6.38,1.47,3.86,166.99,30.49,7.60
2026-01-17 10:31:00+00:00,-6.45,0.87,3.86,172.33,30.68,7.57
2026-01-17 10:32:00+00:00,-6.68,-0.04,3.46,180.37,27.33,7.52
2026-01-17 10:33:00+00:00,-6.21,1.04,4.11,170.49,33.11,7.52
2026-01-17 10:34:00+00:00,-6.71,1.55,3.18,167.01,24.81,7.58
2026-01-17 10:35:00+00:00,-6.79,2.71,2.21,158.26,16.85,7.64
2026-01-17 10:36:00+00:00,-5.28,1.22,2.44,166.95,24.26,5.95
2026-01-17 10:37:00+00:00,-4.28,-4.21,4.29,224.50,35.53,7.37
2026-01-17 10:38:00+00:00,-4.73,-3.28,4.54,214.76,38.30,7.33
2026-01-17 10:39:00+00:00,-5.71,-2.42,3.63,202.93,30.37,7.18
2026-01-17 10:40:00+00:00,-7.08,-0.23,2.75,181.86,21.23,7.60
2026-01-17 10:41:00+00:00,-7.44,2.09,0.72,164.27,5.30,7.76
2026-01-17 10:42:00+00:00,-6.88,2.90,-1.58,157.13,-11.95,7.63
2026-01-17 10:43:00+00:00,-6.00,3.04,-2.83,153.10,-22.78,7.30
2026-01-17 10:44:00+00:00,-6.07,3.19,-2.46,152.26,-19.76,7.29
2026-01-17 10:45:00+00:00,-6.62,2.15,-2.16,162.02,-17.22,7.29
2026-01-17 10:46:00+00:00,-6.72,2.32,-2.08,161.00,-16.27,7.41
2026-01-17 10:47:00+00:00,-5.65,3.10,-3.48,151.24,-28.41,7.32
2026-01-17 10:48:00+00:00,-3.72,3.54,-4.92,136.38,-43.76,7.11
2026-01-17 10:49:00+00:00,0.71,2.73,-5.64,75.45,-63.39,6.30
2026-01-17 10:50:00+00:00,-1.16,5.09,-3.99,102.81,-37.37,6.57
2026-01-17 10:51:00+00:00,-4.61,3.34,-4.04,144.09,-35.36,6.98
2026-01-17 10:52:00+00:00,-3.89,3.66,-4.39,136.78,-39.41,6.91
2026-01-17 10:53:00+00:00,-4.22,4.01,-4.21,136.46,-35.94,7.18
2026-01-17 10:54:00+00:00,-5.40,3.01,-3.40,150.89,-28.81,7.05
2026-01-17 10:55:00+00:00,-5.65,2.32,-3.12,157.70,-27.09,6.86
2026-01-17 10:56:00+00:00,-3.98,5.64,-1.29,125.20,-10.59,7.03
2026-01-17 10:57:00+00:00,-4.48,4.24,-3.92,136.55,-32.45,7.31
2026-01-17 10:58:00+00:00,-2.91,3.52,-5.42,129.56,-49.83,7.09
2026-01-17 10:59:00+00:00,-2.75,4.00,-4.31,124.53,-41.61,6.49
2026-01-17 11:00:00+00:00,-2.43,3.70,-5.23,123.23,-49.79,6.85
2026-01-17 11:01:00+00:00,-1.89,4.16,-5.25,114.41,-48.93,6.96
2026-01-17 11:02:00+00:00,-2.98,3.84,-5.11,127.80,-46.45,7.05
2026-01-17 11:03:00+00:00,-2.27,6.31,-2.68,109.81,-21.77,7.23
2026-01-17 11:04:00+00:00,-1.22,6.46,-2.78,100.73,-22.89,7.14
2026-01-17 11:05:00+00:00,-2.33,6.46,-1.56,109.84,-12.83,7.04
2026-01-17 11:06:00+00:00,-1.98,6.65,-1.25,106.56,-10.23,7.05
2026-01-17 11:07:00+00:00,-2.71,6.28,-1.30,113.38,-10.78,6.97
2026-01-17 11:08:00+00:00,-5.30,5.24,0.81,135.36,6.20,7.49
2026-01-17 11:09:00+00:00,-6.46,3.92,1.49,148.78,11.15,7.70
2026-01-17 11:10:00+00:00,-6.76,3.09,2.21,155.45,16.58,7.75
2026-01-17 11:11:00+00:00,-5.93,4.31,2.36,144.01,17.83,7.71
2026-01-17 11:12:00+00:00,-6.29,3.40,2.88,151.57,21.95,7.71
2026-01-17 11:13:00+00:00,-5.92,4.31,2.48,143.93,18.73,7.73
2026-01-17 11:14:00+00:00,-5.95,4.23,2.00,144.58,15.30,7.57
2026-01-17 11:15:00+00:00,-5.16,4.96,2.23,136.12,17.27,7.50
2026-01-17 11:16:00+00:00,-4.99,5.27,1.88,133.48,14.54,7.50
2026-01-17 11:17:00+00:00,-5.85,3.54,3.35,148.86,26.09,7.61
2026-01-17 11:18:00+00:00,-5.75,3.13,3.80,151.48,30.11,7.57
2026-01-17 11:19:00+00:00,-4.46,3.14,5.10,144.85,43.10,7.47
2026-01-17 11:20:00+00:00,-5.46,3.05,4.25,150.82,34.21,7.56
2026-01-17 11:21:00+00:00,-5.98,2.32,3.40,158.79,27.95,7.26
2026-01-17 11:22:00+00:00,-6.85,2.24,2.24,161.90,17.28,7.55
2026-01-17 11:23:00+00:00,-6.57,3.03,2.19,155.23,16.86,7.57
2026-01-17 11:24:00+00:00,-6.39,3.46,2.18,151.55,16.70,7.58
2026-01-17 11:25:00+00:00,-6.20,3.88,1.48,147.97,11.47,7.46
2026-01-17 11:26:00+00:00,-5.87,4.07,1.21,145.28,9.57,7.25
2026-01-17 11:27:00+00:00,-5.68,4.52,0.68,141.49,5.36,7.29
2026-01-17 11:28:00+00:00,-5.48,4.75,-0.07,139.08,-0.56,7.25
2026-01-17 11:29:00+00:00,-4.93,5.10,-0.62,134.00,-4.99,7.12
2026-01-17 11:30:00+00:00,-6.67,2.51,1.88,159.38,14.76,7.37
2026-01-17 11:31:00+00:00,-6.43,2.99,0.42,155.10,3.40,7.10
2026-01-17 11:32:00+00:00,-6.08,3.72,1.26,148.56,10.02,7.23
2026-01-17 11:33:00+00:00,-5.34,4.68,0.58,138.74,4.63,7.13
2026-01-17 11:34:00+00:00,-5.60,4.40,-0.36,141.83,-2.87,7.13
2026-01-17 11:35:00+00:00,-5.83,3.88,-1.52,146.37,-12.27,7.16
2026-01-17 11:36:00+00:00,-6.35,3.39,-0.59,151.90,-4.70,7.23
2026-01-17 11:37:00+00:00,-6.91,2.36,-0.33,161.13,-2.56,7.31
2026-01-17 11:38:00+00:00,-7.25,0.39,-0.01,176.95,-0.11,7.26
2026-01-17 11:39:00+00:00,-7.12,1.13,0.95,170.99,7.51,7.28
2026-01-17 11:40:00+00:00,-6.76,1.49,2.47,167.56,19.64,7.35
2026-01-17 11:41:00+00:00,-6.96,0.81,2.39,173.40,18.86,7.40
2026-01-17 11:42:00+00:00,-7.19,1.04,0.75,171.74,5.87,7.30
2026-01-17 11:43:00+00:00,-3.89,-1.09,5.88,195.66,55.53,7.13
2026-01-17 11:44:00+00:00,-4.06,-0.40,5.72,185.60,54.48,7.03
2026-01-17 11:45:00+00:00,-4.60,0.13,5.50,178.43,50.10,7.17
2026-01-17 11:46:00+00:00,-6.08,1.61,3.17,165.18,26.73,7.04
2026-01-17 11:47:00+00:00,-6.09,0.75,3.40,173.02,29.00,7.02
2026-01-17 11:48:00+00:00,-5.14,-1.11,4.65,192.22,41.43,7.02
2026-01-17 11:49:00+00:00,-6.74,2.14,1.58,162.34,12.62,7.24
2026-01-17 11:50:00+00:00,-6.92,1.84,1.53,165.14,12.05,7.32
2026-01-17 11:51:00+00:00,-6.73,0.47,2.21,176.00,18.12,7.10
2026-01-17 11:52:00+00:00,-6.41,-1.14,3.14,190.08,25.70,7.23
2026-01-17 11:53:00+00:00,-6.33,-1.47,2.71,193.07,22.63,7.05
2026-01-17 11:54:00+00:00,-6.53,1.38,2.56,168.04,20.98,7.15
2026-01-17 11:55:00+00:00,-6.38,-0.60,2.78,185.39,23.47,6.99
2026-01-17 11:56:00+00:00,-4.78,-1.07,4.81,192.58,44.50,6.86
2026-01-17 11:57:00+00:00,-4.76,-1.69,5.14,199.52,45.49,7.21
2026-01-17 11:58:00+00:00,-5.58,-1.44,4.17,194.49,35.87,7.12
2026-01-17 11:59:00+00:00,-6.89,1.72,0.36,166.01,2.93,7.11
2026-01-17 12:00:00+00:00,-5.84,3.50,0.10,149.08,0.85,6.81
2026-01-17 12:01:00+00:00,-6.30,3.46,0.48,151.18,3.81,7.20
2026-01-17 12:02:00+00:00,-6.67,2.65,1.79,158.31,13.99,7.40
2026-01-17 12:03:00+00:00,-7.14,1.61,1.33,167.25,10.31,7.44
2026-01-17 12:04:00+00:00,-7.23,1.43,0.76,168.80,5.92,7.41
2026-01-17 12:05:00+00:00,-7.16,0.66,1.90,174.72,14.84,7.43
2026-01-17 12:06:00+00:00,-7.08,2.51,0.42,160.46,3.16,7.53
2026-01-17 12:07:00+00:00,-6.76,3.03,-1.15,155.87,-8.81,7.49
2026-01-17 12:08:00+00:00,-6.46,3.29,-1.65,153.02,-12.83,7.44
2026-01-17 12:09:00+00:00,-6.55,3.10,-1.81,154.64,-14.03,7.47
2026-01-17 12:10:00+00:00,-6.00,3.61,-2.32,148.97,-18.32,7.38
2026-01-17 12:11:00+00:00,-5.42,4.02,-2.68,143.45,-21.65,7.26
2026-01-17 12:12:00+00:00,-5.88,3.85,-1.00,146.77,-8.13,7.10
2026-01-17 12:13:00+00:00,-5.46,4.28,-1.58,141.94,-12.86,7.12
2026-01-17 12:14:00+00:00,-3.80,5.53,-1.90,124.50,-15.78,6.98
2026-01-17 12:15:00+00:00,-5.31,3.29,-0.30,148.19,-2.77,6.25
2026-01-17 12:16:00+00:00,-6.50,-2.23,3.17,198.91,24.79,7.56
2026-01-17 12:17:00+00:00,-6.45,-0.52,3.65,184.64,29.44,7.43
2026-01-17 12:18:00+00:00,-7.40,-0.09,1.88,180.69,14.22,7.63
2026-01-17 12:19:00+00:00,-7.34,0.29,1.56,177.73,12.00,7.51
2026-01-17 12:20:00+00:00,-7.62,0.07,0.66,179.50,4.95,7.64
2026-01-17 12:21:00+00:00,-7.61,-0.19,0.17,181.46,1.29,7.61
2026-01-17 12:22:00+00:00,-7.46,0.93,1.03,172.90,7.82,7.59
2026-01-17 12:23:00+00:00,-7.39,1.11,1.37,171.43,10.35,7.60
2026-01-17 12:24:00+00:00,-7.24,0.32,2.32,177.48,17.76,7.61
2026-01-17 12:25:00+00:00,-7.16,1.38,1.78,169.11,13.70,7.50
2026-01-17 12:26:00+00:00,-7.28,1.08,1.43,171.56,11.02,7.50
2026-01-17 12:27:00+00:00,-7.06,1.46,1.83,168.32,14.23,7.43
2026-01-17 12:28:00+00:00,-6.83,0.99,2.23,171.76,17.93,7.25
2026-01-17 12:29:00+00:00,-6.33,2.06,2.82,161.93,22.97,7.23
2026-01-17 12:30:00+00:00,-6.18,3.62,1.00,149.62,7.98,7.23
2026-01-17 12:31:00+00:00,-6.90,2.14,1.02,162.74,8.06,7.30
2026-01-17 12:32:00+00:00,-6.09,2.75,2.88,155.68,23.30,7.28
2026-01-17 12:33:00+00:00,-5.88,3.25,2.10,151.06,17.32,7.04
2026-01-17 12:34:00+00:00,-5.23,4.19,-1.99,141.33,-16.51,6.99
2026-01-17 12:35:00+00:00,-6.16,0.95,2.90,171.23,24.99,6.87
2026-01-17 12:36:00+00:00,-6.65,2.01,1.07,163.17,8.74,7.03
2026-01-17 12:37:00+00:00,-6.11,3.18,-0.54,152.48,-4.51,6.91
2026-01-17 12:38:00+00:00,-5.51,3.51,-2.57,147.51,-21.50,7.02
2026-01-17 12:39:00+00:00,-5.82,3.43,-2.40,149.44,-19.54,7.17
2026-01-17 12:40:00+00:00,-5.78,4.22,-0.27,143.89,-2.13,7.16
2026-01-17 12:41:00+00:00,-6.03,3.84,0.75,147.55,6.03,7.19
2026-01-17 12:42:00+00:00,-5.84,3.99,0.96,145.66,7.72,7.14
2026-01-17 12:43:00+00:00,-6.10,3.47,-1.29,150.36,-10.39,7.13
2026-01-17 12:44:00+00:00,-6.26,3.47,-0.84,150.97,-6.70,7.21
2026-01-17 12:45:00+00:00,-6.94,2.28,0.01,161.78,0.07,7.31
2026-01-17 12:46:00+00:00,-6.11,3.81,-0.62,148.05,-4.95,7.23
2026-01-17 12:47:00+00:00,-5.95,3.61,-1.21,148.76,-9.85,7.06
2026-01-17 12:48:00+00:00,-6.87,2.46,0.67,160.29,5.23,7.32
2026-01-17 12:49:00+00:00,-7.02,2.15,0.06,162.95,0.50,7.34
2026-01-17 12:50:00+00:00,-7.10,2.07,-0.08,163.75,-0.59,7.39
2026-01-17 12:51:00+00:00,-7.02,2.26,0.00,162.13,0.02,7.37
2026-01-17 12:52:00+00:00,-6.89,2.55,0.41,159.74,3.22,7.36
2026-01-17 12:53:00+00:00,-6.90,2.53,0.49,159.82,3.80,7.36
2026-01-17 12:54:00+00:00,-6.77,2.64,1.23,158.67,9.62,7.37
2026-01-17 12:55:00+00:00,-6.73,2.69,1.74,158.21,13.47,7.45
2026-01-17 12:56:00+00:00,-7.12,2.44,1.34,161.12,10.11,7.65
2026-01-17 12:57:00+00:00,-6.81,2.27,2.56,161.55,19.66,7.62
2026-01-17 12:58:00+00:00,-6.41,1.80,3.70,164.29,29.04,7.61
2026-01-17 12:59:00+00:00,-6.65,1.66,3.31,165.98,25.79,7.62
2026-01-17 13:00:00+00:00,-6.97,0.94,2.84,172.32,21.99,7.58
2026-01-17 13:01:00+00:00,-6.67,0.21,3.69,178.18,28.92,7.62
2026-01-17 13:02:00+00:00,-6.47,1.25,3.69,169.07,29.24,7.55
2026-01-17 13:03:00+00:00,-6.66,1.05,4.08,171.01,31.17,7.88
2026-01-17 13:04:00+00:00,-6.84,2.05,3.03,163.29,22.97,7.75
2026-01-17 13:05:00+00:00,-6.83,2.17,2.96,162.39,22.42,7.75
2026-01-17 13:06:00+00:00,-6.85,1.98,2.52,163.89,19.51,7.56
2026-01-17 13:07:00+00:00,-7.10,2.46,1.90,160.88,14.18,7.75
2026-01-17 13:08:00+00:00,-7.13,3.11,-0.36,156.46,-2.66,7.79
2026-01-17 13:09:00+00:00,-7.18,2.09,-2.17,163.79,-16.15,7.79
2026-01-17 13:10:00+00:00,-6.91,2.62,-2.26,159.22,-16.99,7.73
2026-01-17 13:11:00+00:00,-6.63,2.62,-2.61,158.41,-20.09,7.59
2026-01-17 13:12:00+00:00,-6.40,-1.10,-3.49,189.73,-28.26,7.37
2026-01-17 13:13:00+00:00,-4.03,1.93,-5.08,154.43,-48.67,6.77
2026-01-17 13:14:00+00:00,-3.89,4.48,-4.13,131.01,-34.82,7.23
2026-01-17 13:15:00+00:00,-3.43,4.38,-4.19,128.05,-36.98,6.96
2026-01-17 13:16:00+00:00,-4.32,4.00,-3.71,137.21,-32.21,6.96
2026-01-17 13:17:00+00:00,-5.40,3.53,-1.86,146.83,-16.08,6.71
2026-01-17 13:18:00+00:00,-6.02,3.90,-1.05,147.07,-8.34,7.25
2026-01-17 13:19:00+00:00,-6.30,3.16,-2.09,153.32,-16.54,7.35
2026-01-17 13:20:00+00:00,-5.16,3.15,-3.11,148.59,-27.22,6.79
2026-01-17 13:21:00+00:00,-5.60,2.64,-3.15,154.74,-26.93,6.95
2026-01-17 13:22:00+00:00,-6.59,2.63,-1.07,158.24,-8.60,7.18
2026-01-17 13:23:00+00:00,-6.53,2.33,-1.22,160.40,-9.96,7.04
2026-01-17 13:24:00+00:00,-6.86,0.18,-1.70,178.47,-13.95,7.07
2026-01-17 13:25:00+00:00,-7.20,-1.39,-0.58,190.90,-4.56,7.35
2026-01-17 13:26:00+00:00,-7.60,-0.49,0.20,183.66,1.51,7.62
2026-01-17 13:27:00+00:00,-7.07,-1.05,-0.91,188.47,-7.26,7.21
2026-01-17 13:28:00+00:00,-6.94,-2.23,-1.36,197.84,-10.54,7.41
2026-01-17 13:29:00+00:00,-6.05,-3.37,-1.91,209.13,-15.41,7.19
2026-01-17 13:30:00+00:00,-7.04,-0.33,-2.51,182.70,-19.62,7.48
2026-01-17 13:31:00+00:00,-7.22,-0.48,-1.92,183.79,-14.86,7.48
2026-01-17 13:32:00+00:00,-7.40,0.17,-1.01,178.69,-7.76,7.47
2026-01-17 13:33:00+00:00,-7.36,0.10,1.16,179.19,8.94,7.45
2026-01-17 13:34:00+00:00,-7.39,0.73,0.94,174.39,7.20,7.49
2026-01-17 13:35:00+00:00,-6.96,2.12,-0.94,163.04,-7.38,7.34
2026-01-17 13:36:00+00:00,-6.74,2.71,-0.14,158.12,-1.13,7.26
2026-01-17 13:37:00+00:00,-7.35,1.43,0.55,169.02,4.21,7.51
2026-01-17 13:38:00+00:00,-7.43,1.06,0.50,171.91,3.80,7.52
2026-01-17 13:39:00+00:00,-7.39,0.78,1.33,173.97,10.16,7.55
2026-01-17 13:40:00+00:00,-7.30,0.10,2.10,179.23,16.02,7.60
2026-01-17 13:41:00+00:00,-7.29,0.84,2.02,173.40,15.41,7.61
2026-01-17 13:42:00+00:00,-7.08,0.21,2.68,178.32,20.70,7.57
2026-01-17 13:43:00+00:00,-6.98,0.24,3.25,178.05,24.95,7.70
2026-01-17 13:44:00+00:00,-7.40,1.31,1.27,169.98,9.58,7.62
2026-01-17 13:45:00+00:00,-7.02,2.80,0.65,158.29,4.91,7.59
2026-01-17 13:46:00+00:00,-6.82,2.74,1.99,158.11,15.14,7.61
2026-01-17 13:47:00+00:00,-7.23,2.30,0.05,162.33,0.36,7.59
2026-01-17 13:48:00+00:00,-6.01,2.66,-3.04,156.08,-24.82,7.24
2026-01-17 13:49:00+00:00,-5.81,2.21,-3.87,159.14,-31.88,7.32
2026-01-17 13:50:00+00:00,-6.88,2.39,-1.86,160.81,-14.37,7.52
2026-01-17 13:51:00+00:00,-7.12,2.24,0.70,162.54,5.34,7.50
2026-01-17 13:52:00+00:00,-6.44,2.62,2.45,157.85,19.39,7.37
2026-01-17 13:53:00+00:00,-6.66,1.47,3.52,167.55,27.29,7.67
2026-01-17 13:54:00+00:00,-7.14,2.56,1.64,160.30,12.21,7.76
2026-01-17 13:55:00+00:00,-5.04,3.36,-2.94,146.34,-25.90,6.73
2026-01-17 13:56:00+00:00,-6.74,3.21,-0.76,154.56,-5.81,7.50
2026-01-17 13:57:00+00:00,-6.62,1.66,1.88,165.91,15.39,7.08
2026-01-17 13:58:00+00:00,-6.13,1.25,4.37,168.46,34.95,7.63
2026-01-17 13:59:00+00:00,-6.29,1.35,4.26,167.86,33.52,7.71
2026-01-17 14:00:00+00:00,-6.50,1.34,3.84,168.34,30.04,7.66
2026-01-17 14:01:00+00:00,-6.54,1.80,3.72,164.61,28.73,7.74
2026-01-17 14:02:00+00:00,-6.21,3.11,3.02,153.40,23.49,7.57
2026-01-17 14:03:00+00:00,-6.57,1.30,3.17,168.82,25.35,7.41
2026-01-17 14:04:00+00:00,-6.86,0.12,3.46,179.02,26.72,7.69
2026-01-17 14:05:00+00:00,-6.80,-0.25,3.61,182.14,27.93,7.71
2026-01-17 14:06:00+00:00,-7.03,-0.87,2.62,187.04,20.31,7.56
2026-01-17 14:07:00+00:00,-5.62,-1.86,-3.05,198.30,-27.28,6.66
2026-01-17 14:08:00+00:00,-7.07,-1.71,-1.81,193.59,-13.96,7.50
2026-01-17 14:09:00+00:00,-7.14,-1.72,-0.40,193.54,-3.11,7.36
2026-01-17 14:10:00+00:00,-7.15,-1.48,-0.09,191.67,-0.69,7.30
2026-01-17 14:11:00+00:00,-7.23,1.21,-0.92,170.49,-7.19,7.39
2026-01-17 14:12:00+00:00,-7.07,2.17,-0.79,162.95,-6.09,7.43
2026-01-17 14:13:00+00:00,-6.85,2.25,-1.67,161.86,-13.06,7.40
2026-01-17 14:14:00+00:00,-6.81,1.27,1.04,169.42,8.52,7.00
2026-01-17 14:15:00+00:00,-6.68,-0.01,3.42,180.08,27.11,7.51
2026-01-17 14:16:00+00:00,-6.92,0.75,2.83,173.78,22.13,7.52
2026-01-17 14:17:00+00:00,-7.12,0.58,2.02,175.38,15.79,7.42
2026-01-17 14:18:00+00:00,-7.23,0.38,1.80,176.97,13.96,7.46
2026-01-17 14:19:00+00:00,-6.84,-0.34,2.58,182.81,20.68,7.32
2026-01-17 14:20:00+00:00,-7.28,-0.57,0.75,184.51,5.90,7.34
2026-01-17 14:21:00+00:00,-6.86,-1.47,1.34,192.11,10.85,7.14
2026-01-17 14:22:00+00:00,-6.66,-0.70,2.77,185.97,22.47,7.24
2026-01-17 14:23:00+00:00,-7.07,-0.07,2.92,180.61,22.47,7.65
2026-01-17 14:24:00+00:00,-7.20,-0.80,2.29,186.34,17.57,7.60
2026-01-17 14:25:00+00:00,-7.20,-1.44,2.67,191.31,19.98,7.81
2026-01-17 14:26:00+00:00,-7.00,-0.05,3.42,180.44,26.06,7.79
2026-01-17 14:27:00+00:00,-7.57,0.02,2.26,179.86,16.65,7.90
2026-01-17 14:28:00+00:00,-7.80,0.42,1.60,176.91,11.54,7.98
2026-01-17 14:29:00+00:00,-7.83,1.15,1.20,171.67,8.59,8.00
2026-01-17 14:30:00+00:00,-7.76,0.73,1.77,174.60,12.76,7.99
2026-01-17 14:31:00+00:00,-7.78,-0.07,1.96,180.52,14.11,8.02
2026-01-17 14:32:00+00:00,-7.59,-0.17,2.51,181.31,18.33,8.00
2026-01-17 14:33:00+00:00,-7.55,0.38,2.56,177.11,18.68,7.98
2026-01-17 14:34:00+00:00,-7.89,-0.36,1.87,182.59,13.31,8.12
2026-01-17 14:35:00+00:00,-7.84,-0.63,2.12,184.62,15.09,8.14
2026-01-17 14:36:00+00:00,-7.82,0.12,1.97,179.10,14.14,8.07
2026-01-17 14:37:00+00:00,-7.74,0.05,2.30,179.64,16.52,8.08
2026-01-17 14:38:00+00:00,-6.85,0.47,4.19,176.04,31.37,8.05
2026-01-17 14:39:00+00:00,-7.24,0.45,3.62,176.46,26.54,8.11
2026-01-17 14:40:00+00:00,-7.56,0.46,2.99,176.54,21.56,8.14
2026-01-17 14:41:00+00:00,-7.54,-0.20,2.96,181.49,21.44,8.10
2026-01-17 14:42:00+00:00,-7.73,0.19,2.81,178.61,19.99,8.23
2026-01-17 14:43:00+00:00,-7.58,0.07,3.19,179.44,22.85,8.22
2026-01-17 14:44:00+00:00,-7.36,0.50,3.59,176.08,25.95,8.20
2026-01-17 14:45:00+00:00,-7.31,0.82,3.44,173.56,25.06,8.12
2026-01-17 14:46:00+00:00,-7.11,0.61,4.03,175.06,29.48,8.19
2026-01-17 14:47:00+00:00,-7.38,1.02,3.45,172.13,24.85,8.21
2026-01-17 14:48:00+00:00,-7.12,1.22,3.85,170.25,28.05,8.18
2026-01-17 14:49:00+00:00,-7.25,1.90,2.86,165.30,20.91,8.02
2026-01-17 14:50:00+00:00,-7.30,1.49,2.84,168.49,20.88,7.97
2026-01-17 14:51:00+00:00,-7.61,1.47,2.08,169.10,15.01,8.03
2026-01-17 14:52:00+00:00,-7.84,2.18,0.43,164.49,3.06,8.15
2026-01-17 14:53:00+00:00,-7.47,1.94,-1.77,165.48,-12.94,7.92
2026-01-17 14:54:00+00:00,-6.85,2.21,-2.49,162.13,-19.08,7.62
2026-01-17 14:55:00+00:00,-5.77,2.82,-4.19,153.98,-33.17,7.67
2026-01-17 14:56:00+00:00,-6.53,3.39,-3.22,152.59,-23.62,8.03
2026-01-17 14:57:00+00:00,-5.84,2.20,-4.88,159.32,-38.00,7.92
2026-01-17 14:58:00+00:00,-4.97,1.75,-5.68,160.56,-47.14,7.74
2026-01-17 14:59:00+00:00,-4.96,-0.37,-5.67,184.22,-48.72,7.55
2026-01-17 15:00:00+00:00,-4.46,-0.66,-6.20,188.35,-53.97,7.67
2026-01-17 15:01:00+00:00,-6.41,0.33,-4.71,177.06,-36.26,7.96
2026-01-17 15:02:00+00:00,-7.18,1.12,-3.60,171.15,-26.33,8.11
2026-01-17 15:03:00+00:00,-5.67,0.94,-3.42,170.57,-30.70,6.69
2026-01-17 15:04:00+00:00,-5.15,-0.29,-6.18,183.28,-50.15,8.05
2026-01-17 15:05:00+00:00,-6.50,0.95,-5.02,171.67,-37.38,8.27
2026-01-17 15:06:00+00:00,-7.29,2.10,-3.65,163.97,-25.71,8.42
2026-01-17 15:07:00+00:00,-7.15,3.01,-2.80,157.13,-19.88,8.25
2026-01-17 15:08:00+00:00,-7.87,2.17,-2.24,164.55,-15.35,8.46
2026-01-17 15:09:00+00:00,-8.27,1.15,-2.03,172.09,-13.67,8.59
2026-01-17 15:10:00+00:00,-8.32,1.59,-1.57,169.21,-10.51,8.62
2026-01-17 15:11:00+00:00,-7.77,3.01,-1.30,158.80,-8.85,8.43
2026-01-17 15:12:00+00:00,-8.20,1.39,-1.69,170.39,-11.50,8.48
2026-01-17 15:14:00+00:00,-8.13,1.68,-0.57,168.35,-3.92,8.32
2026-01-17 15:15:00+00:00,-8.10,2.92,0.91,160.19,6.03,8.66
2026-01-17 15:16:00+00:00,-8.10,2.98,-0.25,159.79,-1.69,8.63
2026-01-17 15:17:00+00:00,-7.90,3.51,0.41,156.08,2.74,8.66
2026-01-17 15:18:00+00:00,-7.22,3.87,1.79,151.83,12.34,8.38
2026-01-17 15:19:00+00:00,-6.42,4.70,2.68,143.83,18.64,8.40
2026-01-17 15:20:00+00:00,-6.48,4.56,2.51,144.85,17.60,8.31
2026-01-17 15:21:00+00:00,-7.07,2.40,3.52,161.23,25.22,8.25
2026-01-17 15:22:00+00:00,-6.83,2.00,4.58,163.64,32.76,8.46
2026-01-17 15:23:00+00:00,-6.41,3.06,4.51,154.47,32.43,8.41
2026-01-17 15:24:00+00:00,-6.22,4.09,3.83,146.70,27.24,8.37
2026-01-17 15:25:00+00:00,-6.86,4.63,1.89,146.00,12.86,8.49
2026-01-17 15:26:00+00:00,-6.24,4.56,3.46,143.86,24.15,8.47
2026-01-17 15:27:00+00:00,-6.40,4.20,3.28,146.74,23.19,8.33
2026-01-17 15:28:00+00:00,-5.78,5.53,1.46,136.31,10.35,8.13
2026-01-17 15:29:00+00:00,-5.34,5.84,1.09,132.46,7.84,7.99
2026-01-17 15:30:00+00:00,-4.67,5.38,3.49,130.98,26.08,7.93
2026-01-17 15:31:00+00:00,-3.21,6.83,2.55,115.14,18.68,7.97
2026-01-17 15:32:00+00:00,-2.80,7.02,2.94,111.74,21.25,8.11
2026-01-17 15:33:00+00:00,-3.57,6.82,1.94,117.61,14.12,7.94
2026-01-17 15:34:00+00:00,-4.54,5.85,3.62,127.79,26.04,8.24
2026-01-17 15:35:00+00:00,-5.36,5.41,3.51,134.73,24.76,8.39
2026-01-17 15:36:00+00:00,-5.25,5.89,2.94,131.68,20.42,8.42
2026-01-17 15:37:00+00:00,-5.84,4.89,3.19,140.04,22.71,8.26
2026-01-17 15:38:00+00:00,-5.68,5.91,1.38,133.91,9.58,8.31
2026-01-17 15:39:00+00:00,-5.30,5.98,2.00,131.59,14.03,8.23
2026-01-17 15:40:00+00:00,-4.67,6.67,0.96,125.00,6.71,8.20
2026-01-17 15:41:00+00:00,-4.93,6.51,1.12,127.16,7.79,8.24
2026-01-17 15:42:00+00:00,-5.88,5.81,0.31,135.33,2.17,8.27
2026-01-17 15:43:00+00:00,-6.35,5.31,-0.63,140.09,-4.33,8.31
2026-01-17 15:44:00+00:00,-5.14,5.20,1.58,134.68,12.18,7.48
2026-01-17 15:45:00+00:00,-6.43,4.97,1.44,142.33,10.04,8.25
2026-01-17 15:46:00+00:00,-4.29,5.20,3.52,129.56,27.59,7.61
2026-01-17 15:47:00+00:00,-2.25,5.18,5.30,113.49,43.18,7.75
2026-01-17 15:48:00+00:00,-2.55,5.87,4.69,113.47,36.20,7.93
2026-01-17 15:50:00+00:00,-4.47,5.99,3.17,126.74,22.95,8.12
2026-01-17 15:51:00+00:00,-4.62,5.67,3.59,129.15,26.13,8.14
2026-01-17 15:52:00+00:00,-3.92,6.89,1.03,119.65,7.39,8.00
2026-01-17 15:53:00+00:00,-3.04,7.31,-1.16,112.61,-8.36,8.00
2026-01-17 15:54:00+00:00,-3.47,7.20,-0.29,115.74,-2.09,8.00
2026-01-17 15:55:00+00:00,-3.12,7.29,-0.93,113.16,-6.69,7.99
2026-01-17 15:56:00+00:00,-3.72,7.27,-0.91,117.13,-6.36,8.21
2026-01-17 15:57:00+00:00,-3.87,7.26,-0.89,118.05,-6.21,8.27
2026-01-17 15:58:00+00:00,-1.89,7.59,-1.48,104.00,-10.71,7.96
2026-01-17 15:59:00+00:00,-1.45,8.12,-0.41,100.11,-2.86,8.26
2026-01-17 16:00:00+00:00,-1.51,7.76,-1.07,101.00,-7.67,7.98
2026-01-17 16:01:00+00:00,-1.33,7.55,-2.13,99.99,-15.52,7.96
2026-01-17 16:02:00+00:00,-2.31,7.34,-1.83,107.46,-13.36,7.91
2026-01-17 16:03:00+00:00,-5.03,4.23,0.86,139.98,7.47,6.63
2026-01-17 16:04:00+00:00,-6.59,0.44,3.90,176.22,30.55,7.66
2026-01-17 16:05:00+00:00,-4.95,-0.36,5.65,184.18,48.73,7.52
2026-01-17 16:06:00+00:00,-5.01,-1.08,5.49,192.13,46.99,7.51
2026-01-17 16:07:00+00:00,-5.27,-0.90,5.06,189.70,43.44,7.36
2026-01-17 16:08:00+00:00,-6.60,-0.36,3.56,183.09,28.31,7.51
2026-01-17 16:09:00+00:00,-6.18,1.62,3.72,165.34,30.20,7.39
2026-01-17 16:10:00+00:00,-6.90,1.65,2.00,166.54,15.76,7.38
2026-01-17 16:11:00+00:00,-5.46,3.86,1.32,144.73,11.15,6.82
2026-01-17 16:12:00+00:00,-6.47,3.36,2.22,152.58,16.93,7.62
2026-01-17 16:13:00+00:00,-5.98,3.89,0.58,146.95,4.67,7.16
2026-01-17 16:14:00+00:00,-4.63,5.61,-1.45,129.52,-11.31,7.42
2026-01-17 16:15:00+00:00,-4.76,5.61,-0.69,130.32,-5.35,7.40
2026-01-17 16:16:00+00:00,-5.65,5.17,-0.79,137.57,-5.90,7.70
2026-01-17 16:17:00+00:00,-5.52,5.49,0.17,135.13,1.29,7.79
2026-01-17 16:18:00+00:00,-5.07,5.98,-0.38,130.28,-2.78,7.85
2026-01-17 16:19:00+00:00,-4.37,5.91,-1.75,126.48,-13.38,7.56
2026-01-17 16:20:00+00:00,-5.55,5.42,0.91,135.68,6.71,7.81
2026-01-17 16:21:00+00:00,-5.49,5.37,1.24,135.61,9.14,7.78
2026-01-17 16:22:00+00:00,-6.28,4.23,1.60,146.01,11.96,7.74
2026-01-17 16:23:00+00:00,-5.61,5.17,1.46,137.35,10.86,7.76
2026-01-17 16:24:00+00:00,-4.99,5.61,1.64,131.68,12.29,7.69
2026-01-17 16:25:00+00:00,-4.71,5.73,2.26,129.40,16.92,7.75
2026-01-17 16:26:00+00:00,-4.78,5.37,1.80,131.67,14.09,7.41
2026-01-17 16:27:00+00:00,-4.93,5.23,1.78,133.28,13.92,7.40
2026-01-17 16:28:00+00:00,-5.79,4.76,0.33,140.57,2.51,7.50
2026-01-17 16:29:00+00:00,-6.45,3.25,-1.51,153.28,-11.83,7.38
2026-01-17 16:30:00+00:00,-4.58,4.61,2.73,134.80,22.82,7.05
2026-01-17 16:31:00+00:00,-5.25,4.23,0.10,141.15,0.82,6.75
2026-01-17 16:32:00+00:00,-0.64,6.24,0.24,95.85,2.21,6.28
2026-01-17 16:33:00+00:00,-2.65,6.42,-1.38,112.41,-11.28,7.08
2026-01-17 16:34:00+00:00,-3.14,6.58,-1.38,115.50,-10.74,7.42
2026-01-17 16:35:00+00:00,-2.95,6.43,-2.41,114.63,-18.83,7.47
2026-01-17 16:36:00+00:00,-2.09,5.95,-3.72,109.34,-30.57,7.32
2026-01-17 16:37:00+00:00,-1.95,5.85,-4.23,108.43,-34.46,7.48
2026-01-17 16:38:00+00:00,-2.31,5.93,-3.85,111.24,-31.19,7.44
2026-01-17 16:39:00+00:00,-1.62,6.03,-3.64,105.04,-30.22,7.23
2026-01-17 16:40:00+00:00,-0.97,5.15,-4.54,100.68,-40.89,6.94
2026-01-17 16:41:00+00:00,-1.05,4.41,-5.49,103.39,-50.46,7.12
2026-01-17 16:42:00+00:00,-2.05,4.45,-5.50,114.75,-48.30,7.36
2026-01-17 16:43:00+00:00,-2.03,3.98,-5.86,116.99,-52.68,7.37
2026-01-17 16:44:00+00:00,-2.94,4.00,-5.34,126.27,-47.09,7.29
2026-01-17 16:45:00+00:00,-2.05,4.16,-5.55,116.17,-50.13,7.24
2026-01-17 16:46:00+00:00,-1.98,3.86,-5.78,117.11,-53.14,7.22
2026-01-17 16:47:00+00:00,-2.54,4.29,-5.41,120.66,-47.35,7.35
2026-01-17 16:48:00+00:00,-3.16,4.22,-5.27,126.82,-44.97,7.45
2026-01-17 16:49:00+00:00,-2.84,4.05,-5.42,125.06,-47.57,7.34
2026-01-17 16:50:00+00:00,-3.01,3.60,-5.30,129.82,-48.48,7.08
2026-01-17 16:51:00+00:00,-5.78,3.06,-2.62,152.12,-21.83,7.05
2026-01-17 16:52:00+00:00,-6.67,2.94,-1.22,156.23,-9.53,7.40
2026-01-17 16:53:00+00:00,-6.61,2.94,-1.19,156.03,-9.31,7.33
2026-01-17 16:54:00+00:00,-6.56,3.33,-0.69,153.12,-5.33,7.39
2026-01-17 16:55:00+00:00,-6.52,2.65,-1.84,157.84,-14.68,7.27
2026-01-17 16:56:00+00:00,-6.90,-0.74,0.86,186.14,7.03,6.99
2026-01-17 16:57:00+00:00,-5.05,-5.21,0.90,225.87,7.04,7.31
2026-01-17 16:58:00+00:00,-5.20,-4.61,2.09,221.60,16.70,7.26
2026-01-17 16:59:00+00:00,-5.26,-4.53,1.80,220.74,14.58,7.17
2026-01-17 17:00:00+00:00,-5.12,-4.88,0.08,223.62,0.61,7.07
2026-01-17 17:01:00+00:00,-5.47,-4.63,0.55,220.25,4.36,7.19
2026-01-17 17:02:00+00:00,-5.75,-3.74,2.10,213.07,17.00,7.17
2026-01-17 17:03:00+00:00,-6.53,-2.35,2.42,199.80,19.20,7.35
2026-01-17 17:04:00+00:00,-6.74,-2.34,2.13,199.19,16.63,7.44
2026-01-17 17:05:00+00:00,-6.44,-2.05,2.40,197.66,19.55,7.17
2026-01-17 17:06:00+00:00,-6.80,-1.30,2.49,190.80,19.76,7.35
2026-01-17 17:07:00+00:00,-7.15,0.91,2.34,172.75,18.01,7.58
2026-01-17 17:08:00+00:00,-7.35,2.25,1.91,162.97,13.94,7.92
2026-01-17 17:09:00+00:00,-6.47,4.53,-0.05,145.01,-0.35,7.90
2026-01-17 17:10:00+00:00,-6.37,4.75,-0.29,143.30,-2.09,7.95
2026-01-17 17:11:00+00:00,-5.68,5.16,-0.77,137.73,-5.75,7.71
2026-01-17 17:12:00+00:00,-4.78,5.75,-1.62,129.76,-12.22,7.65
2026-01-17 17:13:00+00:00,-3.87,5.79,-2.80,123.80,-21.92,7.51
2026-01-17 17:14:00+00:00,-3.82,5.40,-2.79,125.27,-22.87,7.17
2026-01-17 17:15:00+00:00,-7.03,1.83,2.69,165.43,20.31,7.75
2026-01-17 17:16:00+00:00,-7.09,1.21,3.85,170.30,28.17,8.16
2026-01-17 17:17:00+00:00,-6.99,0.77,4.06,173.68,29.98,8.12
2026-01-17 17:18:00+00:00,-6.43,0.58,4.65,174.82,35.75,7.96
2026-01-17 17:19:00+00:00,-6.71,0.59,4.12,175.01,31.45,7.90
2026-01-17 17:20:00+00:00,-6.73,0.79,4.21,173.32,31.87,7.98
2026-01-17 17:21:00+00:00,-7.03,0.30,3.49,177.54,26.36,7.86
2026-01-17 17:22:00+00:00,-7.42,1.73,2.80,166.88,20.14,8.12
2026-01-17 17:23:00+00:00,-7.58,1.27,2.58,170.49,18.52,8.11
2026-01-17 17:24:00+00:00,-7.55,1.79,2.52,166.68,17.96,8.16
2026-01-17 17:25:00+00:00,-7.70,1.77,2.20,167.07,15.56,8.20
2026-01-17 17:26:00+00:00,-7.27,2.73,2.28,159.45,16.37,8.09
2026-01-17 17:27:00+00:00,-6.95,3.38,2.18,154.09,15.74,8.03
2026-01-17 17:28:00+00:00,-6.81,3.82,2.47,150.71,17.55,8.19
2026-01-17 17:29:00+00:00,-6.81,2.55,2.92,159.48,21.88,7.84
2026-01-17 17:30:00+00:00,-7.01,0.47,3.69,176.17,27.71,7.94
2026-01-17 17:31:00+00:00,-7.54,0.44,2.70,176.66,19.67,8.02
2026-01-17 17:32:00+00:00,-7.50,1.33,2.24,169.97,16.37,7.94
2026-01-17 17:33:00+00:00,-7.69,2.04,1.13,165.16,8.06,8.04
2026-01-17 17:34:00+00:00,-7.59,2.40,0.13,162.44,0.91,7.96
2026-01-17 17:35:00+00:00,-6.51,2.04,-2.67,162.60,-21.40,7.33
2026-01-17 17:36:00+00:00,-7.06,1.76,-2.04,165.99,-15.67,7.56
2026-01-17 17:37:00+00:00,-7.14,2.42,-1.95,161.23,-14.50,7.79
2026-01-17 17:38:00+00:00,-7.72,1.17,-0.18,171.36,-1.29,7.81
2026-01-17 17:39:00+00:00,-7.59,-0.14,1.77,181.09,13.10,7.80
2026-01-17 17:40:00+00:00,-7.72,0.03,1.06,179.80,7.78,7.80
2026-01-17 17:41:00+00:00,-7.62,0.40,1.90,176.98,13.99,7.86
2026-01-17 17:42:00+00:00,-5.11,3.35,4.22,146.76,34.62,7.42
2026-01-17 17:43:00+00:00,-4.22,3.54,5.28,140.04,43.80,7.63
2026-01-17 17:44:00+00:00,-5.45,2.50,5.23,155.33,41.08,7.96
2026-01-17 17:45:00+00:00,-5.58,1.27,5.04,167.17,41.37,7.63
2026-01-17 17:46:00+00:00,-6.47,-0.43,4.60,183.76,35.34,7.95
2026-01-17 17:47:00+00:00,-6.99,0.56,3.98,175.42,29.60,8.06
2026-01-17 17:48:00+00:00,-7.00,0.83,3.59,173.24,26.98,7.91
2026-01-17 17:49:00+00:00,-7.31,0.62,2.18,175.12,16.56,7.65
2026-01-17 17:50:00+00:00,-7.40,1.44,1.69,168.95,12.60,7.72
2026-01-17 17:51:00+00:00,-5.84,2.51,2.74,156.74,23.32,6.93
2026-01-17 17:52:00+00:00,-5.52,1.62,3.70,163.65,32.75,6.84
2026-01-17 17:53:00+00:00,-4.56,-0.30,5.80,183.80,51.74,7.38
2026-01-17 17:54:00+00:00,-6.00,0.41,4.43,176.09,36.34,7.47
2026-01-17 17:55:00+00:00,-6.97,-0.81,3.05,186.59,23.49,7.65
2026-01-17 17:56:00+00:00,-7.15,-1.12,3.63,188.89,26.61,8.10
2026-01-17 17:57:00+00:00,-7.23,-1.15,3.42,189.06,25.00,8.08
2026-01-17 17:58:00+00:00,-7.23,-0.31,3.45,182.42,25.52,8.02
2026-01-17 17:59:00+00:00,-5.74,3.83,2.24,146.30,17.97,7.25
2026-01-17 18:00:00+00:00,-6.52,3.54,2.11,151.53,15.87,7.71
2026-01-17 18:01:00+00:00,-5.77,4.70,0.79,140.79,6.09,7.48
2026-01-17 18:02:00+00:00,-6.33,3.98,1.12,147.81,8.51,7.56
2026-01-17 18:03:00+00:00,-6.40,4.19,0.38,146.79,2.84,7.66
2026-01-17 18:04:00+00:00,-6.55,3.87,-0.72,149.40,-5.43,7.64
2026-01-17 18:05:00+00:00,-7.51,2.54,-0.28,161.28,-2.00,7.94
2026-01-17 18:06:00+00:00,-7.92,0.51,0.33,176.33,2.37,7.94
2026-01-17 18:07:00+00:00,-7.14,-0.23,3.67,181.83,27.17,8.03
2026-01-17 18:08:00+00:00,-5.85,0.04,5.11,179.60,41.16,7.77
2026-01-17 18:09:00+00:00,-4.31,0.70,6.14,170.76,54.60,7.53
2026-01-17 18:10:00+00:00,-5.72,2.32,4.88,157.91,38.31,7.87
2026-01-17 18:11:00+00:00,-5.57,3.31,4.55,149.33,35.06,7.92
2026-01-17 18:12:00+00:00,-5.80,3.02,4.66,152.49,35.51,8.03
2026-01-17 18:13:00+00:00,-5.63,3.83,4.14,145.79,31.29,7.96
2026-01-17 18:14:00+00:00,-5.87,4.90,1.04,140.15,7.73,7.72
2026-01-17 18:15:00+00:00,-5.69,5.47,0.20,136.16,1.48,7.89
2026-01-17 18:16:00+00:00,-5.22,5.60,0.10,133.01,0.74,7.66
2026-01-17 18:17:00+00:00,-3.55,6.56,-0.68,118.42,-5.18,7.49
2026-01-17 18:18:00+00:00,-4.97,5.54,-1.31,131.92,-9.99,7.55
2026-01-17 18:19:00+00:00,-5.78,4.67,-1.41,141.04,-10.75,7.57
2026-01-17 18:20:00+00:00,-5.69,3.34,-2.34,149.62,-19.56,7.00
2026-01-17 18:21:00+00:00,-4.36,6.07,0.42,125.71,3.25,7.49
2026-01-17 18:22:00+00:00,-5.65,4.97,-0.49,138.65,-3.72,7.54
2026-01-17 18:23:00+00:00,-5.98,4.39,-0.97,143.71,-7.47,7.48
2026-01-17 18:24:00+00:00,-6.22,3.26,-2.65,152.33,-20.71,7.51
2026-01-17 18:25:00+00:00,-5.84,4.41,-1.90,142.90,-14.53,7.56
2026-01-17 18:26:00+00:00,-5.65,4.97,-1.03,138.68,-7.83,7.59
2026-01-17 18:27:00+00:00,-4.99,5.59,-0.81,131.75,-6.21,7.53
2026-01-17 18:28:00+00:00,-7.32,0.22,0.10,178.28,0.77,7.32
2026-01-17 18:29:00+00:00,-7.62,-1.16,0.99,188.68,7.35,7.77
2026-01-17 18:30:00+00:00,-7.17,2.81,0.42,158.64,3.10,7.71
2026-01-17 18:31:00+00:00,-6.70,3.46,1.00,152.70,7.55,7.60
2026-01-17 18:32:00+00:00,-7.14,1.13,2.13,171.03,16.44,7.54
2026-01-17 18:33:00+00:00,-7.39,1.41,2.81,169.20,20.50,8.04
2026-01-17 18:34:00+00:00,-7.00,2.92,2.40,157.40,17.57,7.96
2026-01-17 18:35:00+00:00,-6.97,1.76,3.59,165.84,26.50,8.04
2026-01-17 18:36:00+00:00,-7.23,2.57,1.69,160.41,12.39,7.86
2026-01-17 18:37:00+00:00,-6.93,2.75,2.22,158.34,16.57,7.77
2026-01-17 18:38:00+00:00,-7.42,1.47,2.57,168.76,18.79,7.99
2026-01-17 18:39:00+00:00,-5.84,-2.55,1.24,203.56,10.99,6.49
2026-01-17 18:40:00+00:00,-6.34,-3.61,1.49,209.66,11.53,7.45
2026-01-17 18:41:00+00:00,-7.46,-1.44,1.35,190.91,10.06,7.71
2026-01-17 18:42:00+00:00,-7.51,-1.63,1.92,192.25,14.04,7.92
2026-01-17 18:43:00+00:00,-7.36,-1.05,2.67,188.15,19.76,7.90
2026-01-17 18:44:00+00:00,-7.12,-0.06,3.14,180.51,23.76,7.78
2026-01-17 18:45:00+00:00,-7.01,-1.24,3.04,190.07,23.13,7.74
2026-01-17 18:46:00+00:00,-6.91,-2.83,2.02,202.28,15.17,7.74
2026-01-17 18:47:00+00:00,-6.95,-2.44,2.32,199.32,17.52,7.72
2026-01-17 18:48:00+00:00,-7.21,-1.29,3.24,190.14,23.87,8.01
2026-01-17 18:49:00+00:00,-7.09,-0.79,3.57,186.37,26.61,7.98
2026-01-17 18:50:00+00:00,-6.45,-1.65,2.92,194.38,23.69,7.27
2026-01-17 18:51:00+00:00,-7.61,-0.27,2.48,182.06,18.01,8.01
2026-01-17 18:52:00+00:00,-7.54,1.09,2.55,171.76,18.52,8.03
2026-01-17 18:53:00+00:00,-7.64,1.31,1.99,170.31,14.41,8.01
2026-01-17 18:54:00+00:00,-7.76,0.60,1.92,175.58,13.85,8.02
2026-01-17 18:55:00+00:00,-7.89,0.74,1.63,174.62,11.63,8.09
2026-01-17 18:56:00+00:00,-7.68,1.91,1.04,166.05,7.47,7.98
2026-01-17 18:57:00+00:00,-7.60,2.37,0.86,162.68,6.19,8.01
2026-01-17 18:58:00+00:00,-6.85,3.50,0.11,152.97,0.78,7.70
2026-01-17 18:59:00+00:00,-7.14,2.85,0.20,158.25,1.52,7.69
2026-01-17 19:00:00+00:00,-6.66,2.01,3.67,163.18,27.83,7.87
2026-01-17 19:01:00+00:00,-6.63,1.65,3.89,166.01,29.64,7.86
2026-01-17 19:02:00+00:00,-7.20,1.61,3.01,167.38,22.18,7.96
2026-01-17 19:03:00+00:00,-6.72,3.73,1.91,150.97,13.97,7.92
2026-01-17 19:04:00+00:00,-5.88,4.64,1.32,141.74,9.98,7.60
2026-01-17 19:05:00+00:00,-6.08,-0.22,4.64,182.09,37.33,7.65
2026-01-17 19:06:00+00:00,-6.66,-0.82,4.63,187.01,34.59,8.16
2026-01-17 19:07:00+00:00,-6.44,0.57,4.58,174.96,35.32,7.93
2026-01-17 19:08:00+00:00,-7.21,0.93,3.64,172.65,26.58,8.13
2026-01-17 19:09:00+00:00,-6.82,1.95,3.34,164.07,25.21,7.84
2026-01-17 19:10:00+00:00,-6.37,0.87,2.33,172.19,19.92,6.84
2026-01-17 19:11:00+00:00,-7.33,-2.17,-0.36,196.53,-2.66,7.65
2026-01-17 19:12:00+00:00,-7.93,-1.22,0.86,188.75,6.08,8.07
2026-01-17 19:13:00+00:00,-7.66,-1.25,1.98,189.26,14.29,8.01
2026-01-17 19:14:00+00:00,-7.68,-1.14,2.04,188.45,14.70,8.03
2026-01-17 19:15:00+00:00,-7.32,-0.29,2.97,182.26,22.05,7.91
2026-01-17 19:16:00+00:00,-7.26,0.89,2.71,172.99,20.33,7.80
2026-01-17 19:17:00+00:00,-7.44,-0.54,2.53,184.16,18.71,7.87
2026-01-17 19:18:00+00:00,-7.25,-0.31,2.93,182.45,21.97,7.82
2026-01-17 19:19:00+00:00,-7.63,0.84,0.94,173.71,6.98,7.73
2026-01-17 19:20:00+00:00,-7.72,1.55,0.50,168.68,3.61,7.89
2026-01-17 19:21:00+00:00,-7.36,2.58,0.15,160.67,1.13,7.81
2026-01-17 19:22:00+00:00,-6.64,3.70,1.05,150.86,7.84,7.68
2026-01-17 19:23:00+00:00,-6.18,3.82,2.67,148.31,20.16,7.74
2026-01-17 19:24:00+00:00,-5.53,3.57,3.76,147.14,29.74,7.58
2026-01-17 19:25:00+00:00,-5.12,4.18,3.63,140.75,28.78,7.54
2026-01-17 19:26:00+00:00,-6.49,3.58,1.60,151.14,12.20,7.59
2026-01-17 19:27:00+00:00,-7.23,2.77,0.60,159.07,4.40,7.76
2026-01-17 19:28:00+00:00,-7.36,2.39,1.03,161.98,7.56,7.81
2026-01-17 19:29:00+00:00,-6.35,3.50,2.44,151.14,18.61,7.65
2026-01-17 19:30:00+00:00,-5.16,3.75,2.17,144.01,18.84,6.74
2026-01-17 19:31:00+00:00,-3.21,3.41,5.74,133.33,50.79,7.41
2026-01-17 19:32:00+00:00,-6.01,2.83,3.26,154.81,26.10,7.40
2026-01-17 19:33:00+00:00,-7.47,2.08,0.44,164.47,3.24,7.77
2026-01-17 19:34:00+00:00,-3.31,3.53,3.23,133.16,33.71,5.82
2026-01-17 19:35:00+00:00,-2.21,5.13,4.87,113.30,41.11,7.41
2026-01-17 19:36:00+00:00,-3.76,4.58,4.29,129.35,35.89,7.32
2026-01-17 19:37:00+00:00,-3.17,5.69,3.65,119.17,29.29,7.47
2026-01-17 19:38:00+00:00,-5.48,4.51,3.03,140.56,23.13,7.72
2026-01-17 19:39:00+00:00,-6.15,3.52,3.23,150.23,24.52,7.79
2026-01-17 19:40:00+00:00,-6.50,3.15,3.03,154.13,22.77,7.83
2026-01-17 19:41:00+00:00,-6.00,3.21,3.71,151.85,28.62,7.75
2026-01-17 19:42:00+00:00,-6.45,3.12,3.43,154.16,25.57,7.95
2026-01-17 19:43:00+00:00,-6.75,1.90,3.42,164.29,25.97,7.80
2026-01-17 19:44:00+00:00,-7.04,2.75,2.46,158.69,18.01,7.95
2026-01-17 19:45:00+00:00,-6.88,3.28,1.89,154.52,13.95,7.85
2026-01-17 19:46:00+00:00,-6.92,3.08,1.49,156.02,11.12,7.72
2026-01-17 19:47:00+00:00,-6.64,1.36,4.01,168.46,30.64,7.87
2026-01-17 19:48:00+00:00,-7.41,1.62,2.50,167.64,18.21,7.99
2026-01-17 19:49:00+00:00,-7.53,0.94,2.39,172.90,17.50,7.95
2026-01-17 19:50:00+00:00,-7.83,0.95,1.25,173.08,9.01,7.99
2026-01-17 19:51:00+00:00,-7.66,1.93,0.72,165.87,5.23,7.93
2026-01-17 19:52:00+00:00,-7.17,2.31,-1.59,162.17,-11.89,7.70
2026-01-17 19:53:00+00:00,-6.05,0.12,0.90,178.86,8.49,6.12
2026-01-17 19:54:00+00:00,-7.45,-0.96,2.28,187.35,16.89,7.85
2026-01-17 19:55:00+00:00,-7.76,-0.06,1.53,180.42,11.15,7.91
2026-01-17 19:56:00+00:00,-7.85,0.19,0.92,178.58,6.68,7.90
2026-01-17 19:57:00+00:00,-7.73,1.18,0.24,171.31,1.75,7.82
2026-01-17 19:58:00+00:00,-7.17,2.40,1.56,161.53,11.63,7.72
2026-01-17 19:59:00+00:00,-7.59,1.82,0.84,166.55,6.17,7.85
2026-01-17 20:00:00+00:00,-7.67,1.38,0.07,169.78,0.55,7.80
2026-01-17 20:01:00+00:00,-7.31,1.70,1.42,166.95,10.74,7.64
2026-01-17 20:02:00+00:00,-7.46,1.71,0.82,167.12,6.11,7.69
2026-01-17 20:03:00+00:00,-5.36,4.26,2.69,141.47,21.46,7.36
2026-01-17 20:04:00+00:00,-5.78,2.91,2.63,153.29,22.12,6.99
2026-01-17 20:05:00+00:00,-4.61,2.97,5.08,147.17,42.82,7.48
2026-01-17 20:06:00+00:00,-5.66,2.08,4.90,159.76,39.13,7.77
2026-01-17 20:07:00+00:00,-5.80,1.78,4.90,162.96,38.94,7.80
2026-01-17 20:08:00+00:00,-7.30,0.95,2.14,172.60,16.18,7.67
2026-01-17 20:09:00+00:00,-7.49,1.52,-0.87,168.50,-6.46,7.69
2026-01-17 20:10:00+00:00,-7.38,2.15,-0.46,163.79,-3.39,7.70
2026-01-17 20:11:00+00:00,-7.13,2.51,-1.05,160.58,-7.90,7.63
2026-01-17 20:12:00+00:00,-6.70,3.28,-1.37,153.92,-10.38,7.58
2026-01-17 20:13:00+00:00,-6.26,3.97,-1.97,147.61,-14.89,7.67
2026-01-17 20:14:00+00:00,-6.46,3.49,-1.92,151.60,-14.67,7.59
2026-01-17 20:15:00+00:00,-7.11,3.54,-0.19,153.55,-1.39,7.94
2026-01-17 20:16:00+00:00,-6.26,2.49,2.88,158.29,23.11,7.33
2026-01-17 20:17:00+00:00,-6.40,1.51,4.29,166.74,33.14,7.85
2026-01-17 20:18:00+00:00,-6.90,1.41,3.41,168.45,25.88,7.82
2026-01-17 20:19:00+00:00,-7.17,2.36,2.77,161.77,20.11,8.04
2026-01-17 20:20:00+00:00,-6.34,3.28,1.42,152.60,11.22,7.28
2026-01-17 20:21:00+00:00,-4.11,3.59,5.17,138.85,43.47,7.51
2026-01-17 20:22:00+00:00,-5.61,3.22,3.84,150.18,30.71,7.52
2026-01-17 20:23:00+00:00,-7.49,1.46,0.35,168.97,2.61,7.64
2026-01-17 20:24:00+00:00,-7.45,2.01,-0.09,164.86,-0.67,7.72
2026-01-17 20:25:00+00:00,-7.24,3.03,0.68,157.30,4.95,7.88
2026-01-17 20:26:00+00:00,-6.92,3.57,0.78,152.71,5.73,7.83
2026-01-17 20:27:00+00:00,-6.81,3.57,1.57,152.30,11.51,7.85
2026-01-17 20:28:00+00:00,-6.69,3.17,1.96,154.67,14.83,7.66
2026-01-17 20:29:00+00:00,-7.19,2.92,1.31,157.92,9.58,7.87
2026-01-17 20:30:00+00:00,-7.42,2.50,1.13,161.36,8.18,7.91
2026-01-17 20:31:00+00:00,-7.31,2.45,0.52,161.49,3.87,7.73
2026-01-17 20:32:00+00:00,-6.65,2.99,1.05,155.75,8.19,7.36
2026-01-17 20:33:00+00:00,-4.37,5.12,2.27,130.47,18.66,7.11
2026-01-17 20:34:00+00:00,-5.18,4.73,1.80,137.62,14.38,7.24
2026-01-17 20:35:00+00:00,-4.72,4.03,1.12,139.51,10.27,6.31
2026-01-17 20:36:00+00:00,-5.20,4.54,1.78,138.84,14.45,7.13
2026-01-17 20:37:00+00:00,-5.18,4.86,1.51,136.81,12.02,7.26
2026-01-17 20:38:00+00:00,-5.56,4.35,1.06,141.98,8.54,7.14
2026-01-17 20:39:00+00:00,-6.56,2.61,-1.30,158.34,-10.42,7.18
2026-01-17 20:40:00+00:00,-6.18,1.60,-3.57,165.50,-29.17,7.31
2026-01-17 20:41:00+00:00,-5.78,0.69,-4.13,173.20,-35.35,7.14
2026-01-17 20:42:00+00:00,-6.39,0.41,-3.25,176.32,-26.94,7.18
2026-01-17 20:43:00+00:00,-4.99,-0.57,-4.75,186.52,-43.43,6.91
2026-01-17 20:44:00+00:00,-5.77,1.55,-4.23,164.92,-35.28,7.32
2026-01-17 20:45:00+00:00,-5.59,0.73,-4.31,172.58,-37.42,7.09
2026-01-17 20:46:00+00:00,-5.49,1.51,-4.06,164.61,-35.48,7.00
2026-01-17 20:47:00+00:00,-6.96,-0.53,-2.44,184.36,-19.29,7.39
2026-01-17 20:48:00+00:00,-6.97,-1.89,-1.42,195.16,-11.10,7.36
2026-01-17 20:49:00+00:00,-6.56,-3.04,-0.97,204.87,-7.64,7.29
2026-01-17 20:50:00+00:00,-6.73,-1.74,-0.40,194.52,-3.29,6.96
2026-01-17 20:51:00+00:00,-6.98,1.44,-1.80,168.31,-14.18,7.35
2026-01-17 20:52:00+00:00,-6.58,2.00,-2.81,163.09,-22.24,7.43
2026-01-17 20:53:00+00:00,-6.55,2.72,-2.51,157.43,-19.50,7.52
2026-01-17 20:54:00+00:00,-5.88,3.25,-2.49,151.07,-20.36,7.17
2026-01-17 20:55:00+00:00,-6.39,3.69,-0.45,149.98,-3.50,7.39
2026-01-17 20:56:00+00:00,-5.72,4.63,0.64,141.03,4.97,7.39
2026-01-17 20:57:00+00:00,-6.08,3.02,0.05,153.58,0.46,6.79
2026-01-17 20:58:00+00:00,-5.77,4.09,1.90,144.67,15.06,7.33
2026-01-17 20:59:00+00:00,-6.15,3.86,1.29,147.86,10.08,7.38
2026-01-17 21:00:00+00:00,-5.39,4.85,-0.59,137.99,-4.63,7.27
2026-01-17 21:01:00+00:00,-6.29,3.29,0.26,152.39,2.11,7.10
2026-01-17 21:02:00+00:00,-4.19,5.81,-0.08,125.82,-0.61,7.16
2026-01-17 21:03:00+00:00,-4.90,5.41,-0.23,132.15,-1.81,7.31
2026-01-17 21:04:00+00:00,-5.53,4.74,-0.62,139.38,-4.83,7.31
2026-01-17 21:05:00+00:00,-5.95,4.31,-0.12,144.10,-0.97,7.35
2026-01-17 21:06:00+00:00,-6.22,3.78,0.44,148.69,3.48,7.29
2026-01-17 21:07:00+00:00,-6.47,2.82,-0.35,156.45,-2.81,7.07
2026-01-17 21:08:00+00:00,-7.16,-0.13,-1.96,181.01,-15.28,7.43
2026-01-17 21:09:00+00:00,-5.87,-0.78,-3.67,187.60,-31.78,6.96
2026-01-17 21:10:00+00:00,-4.83,0.79,-5.02,170.72,-45.78,7.01
2026-01-17 21:11:00+00:00,-4.29,0.28,-5.53,176.30,-52.12,7.01
2026-01-17 21:12:00+00:00,-3.83,-1.03,-5.67,195.02,-55.05,6.92
2026-01-17 21:13:00+00:00,-3.99,-1.06,-5.46,194.85,-52.92,6.84
2026-01-17 21:14:00+00:00,-5.00,-0.40,-4.59,184.63,-42.47,6.80
2026-01-17 21:15:00+00:00,-5.26,1.97,-3.56,159.43,-32.31,6.65
2026-01-17 21:16:00+00:00,-6.05,0.21,-3.84,178.01,-32.40,7.17
2026-01-17 21:17:00+00:00,-5.52,-0.15,-4.56,181.54,-39.58,7.16
2026-01-17 21:18:00+00:00,-6.29,0.54,-3.48,175.06,-28.91,7.21
2026-01-17 21:19:00+00:00,-6.26,0.46,-3.55,175.81,-29.46,7.21
2026-01-17 21:20:00+00:00,-5.81,-0.05,-4.24,180.50,-36.12,7.19
2026-01-17 21:21:00+00:00,-5.80,0.34,-4.24,176.65,-36.11,7.19
2026-01-17 21:22:00+00:00,-6.72,0.90,-2.82,172.34,-22.56,7.34
2026-01-17 21:23:00+00:00,-6.91,1.04,-2.24,171.45,-17.75,7.34
2026-01-17 21:24:00+00:00,-6.60,3.26,-0.82,153.70,-6.34,7.40
2026-01-17 21:25:00+00:00,-5.76,3.96,-1.61,145.46,-13.01,7.17
2026-01-17 21:26:00+00:00,-6.17,3.85,-0.97,148.01,-7.63,7.33
2026-01-17 21:27:00+00:00,-5.55,3.46,-3.03,148.06,-24.87,7.20
2026-01-17 21:28:00+00:00,-3.53,0.59,-5.65,170.57,-57.63,6.69
2026-01-17 21:29:00+00:00,-3.58,0.52,-5.06,171.74,-54.41,6.22
2026-01-17 21:30:00+00:00,-4.49,2.44,-2.61,151.49,-27.10,5.74
2026-01-17 21:31:00+00:00,-4.40,4.94,-2.47,131.70,-20.51,7.06
2026-01-17 21:32:00+00:00,-2.72,6.32,-1.77,113.28,-14.43,7.10
2026-01-17 21:33:00+00:00,-3.85,5.79,-1.73,123.66,-13.96,7.16
2026-01-17 21:34:00+00:00,-4.53,4.66,-3.29,134.18,-26.84,7.28
2026-01-17 21:35:00+00:00,-5.70,3.64,-3.08,147.41,-24.48,7.43
2026-01-17 21:36:00+00:00,-5.30,3.47,-3.50,146.82,-28.92,7.24
2026-01-17 21:37:00+00:00,-6.49,3.71,-1.26,150.24,-9.57,7.58
2026-01-17 21:38:00+00:00,-6.56,3.56,-2.11,151.51,-15.76,7.75
2026-01-17 21:39:00+00:00,-7.39,0.85,-2.35,173.46,-17.53,7.80
2026-01-17 21:40:00+00:00,-5.96,1.94,-3.89,161.97,-31.80,7.38
2026-01-17 21:41:00+00:00,-5.71,2.07,-3.95,160.06,-33.06,7.24
2026-01-17 21:42:00+00:00,-4.97,1.10,-4.92,167.50,-43.99,7.08
2026-01-17 21:43:00+00:00,-3.73,5.42,0.30,124.52,2.61,6.59
2026-01-17 21:44:00+00:00,-3.07,5.96,3.11,117.23,24.90,7.39
2026-01-17 21:45:00+00:00,-3.17,5.63,2.76,119.42,23.12,7.02
2026-01-17 21:46:00+00:00,-6.56,2.90,-1.89,156.17,-14.74,7.42
2026-01-17 21:47:00+00:00,-6.94,3.47,-1.44,153.46,-10.54,7.89
2026-01-17 21:48:00+00:00,-7.12,3.31,0.59,155.04,4.32,7.88
2026-01-17 21:49:00+00:00,-7.74,1.59,-1.17,168.42,-8.41,7.99
2026-01-17 21:50:00+00:00,-7.93,0.47,-1.28,176.63,-9.17,8.05
2026-01-17 21:51:00+00:00,-7.82,-0.32,-1.69,182.35,-12.16,8.00
2026-01-17 21:52:00+00:00,-7.22,2.11,-1.46,163.69,-10.97,7.66
2026-01-17 21:53:00+00:00,-6.62,3.60,-1.49,151.46,-11.21,7.68
2026-01-17 21:54:00+00:00,-7.28,2.58,-1.14,160.49,-8.41,7.80
2026-01-17 21:55:00+00:00,-7.59,1.77,-0.81,166.90,-5.90,7.83
2026-01-17 21:56:00+00:00,-7.51,1.94,-1.37,165.48,-10.04,7.88
2026-01-17 21:57:00+00:00,-7.11,2.72,-1.58,159.09,-11.74,7.78
2026-01-17 21:58:00+00:00,-7.58,1.64,-1.42,167.81,-10.41,7.89
2026-01-17 23:51:00+00:00,-3.14,6.56,3.30,115.56,24.41,7.98
2026-01-17 23:52:00+00:00,-4.72,5.56,3.27,130.34,24.14,7.99
2026-01-17 23:53:00+00:00,-4.20,5.76,4.11,126.09,30.01,8.23
2026-01-17 23:54:00+00:00,-3.99,5.98,4.19,123.68,30.24,8.32
2026-01-17 23:55:00+00:00,-3.97,5.66,4.64,125.01,33.84,8.33
2026-01-17 23:56:00+00:00,-4.08,5.97,4.07,124.36,29.38,8.30
2026-01-17 23:57:00+00:00,-4.12,5.53,4.73,126.68,34.45,8.36
2026-01-17 23:58:00+00:00,-3.30,6.31,4.13,117.61,30.12,8.23
2026-01-17 23:59:00+00:00,-3.26,5.85,4.64,119.15,34.73,8.15
2026-01-18 00:00:00+00:00,-3.88,4.98,5.43,127.93,40.68,8.33
2026-01-18 00:01:00+00:00,-3.53,5.73,4.89,121.66,35.98,8.32
2026-01-18 00:02:00+00:00,-3.32,5.41,5.28,121.50,39.73,8.26
2026-01-18 00:03:00+00:00,-1.88,6.05,5.03,107.23,38.44,8.08
2026-01-18 00:04:00+00:00,-2.55,5.42,5.69,115.14,43.54,8.26
2026-01-18 00:05:00+00:00,-3.70,4.80,5.84,127.58,43.94,8.42
2026-01-18 00:06:00+00:00,-3.60,4.55,6.10,128.33,46.45,8.42
2026-01-18 00:07:00+00:00,-3.51,3.95,6.57,131.60,51.20,8.43
2026-01-18 00:08:00+00:00,-3.90,3.13,6.92,141.19,54.15,8.54
2026-01-18 00:09:00+00:00,-2.94,3.12,7.07,133.23,58.77,8.26
2026-01-18 00:10:00+00:00,-3.54,2.06,7.23,149.79,60.43,8.31
2026-01-18 00:11:00+00:00,-4.58,2.04,6.72,156.00,53.24,8.38
2026-01-18 00:12:00+00:00,-4.19,1.33,6.81,162.42,57.12,8.11
2026-01-18 00:13:00+00:00,-4.07,3.24,6.20,141.47,50.05,8.09
2026-01-18 00:14:00+00:00,-6.02,4.72,2.47,141.89,17.87,8.04
2026-01-18 00:15:00+00:00,-6.44,4.94,0.74,142.47,5.22,8.15
2026-01-18 00:16:00+00:00,-6.55,4.73,0.10,144.16,0.72,8.08
2026-01-18 00:17:00+00:00,-5.83,5.26,2.24,137.91,15.90,8.16
2026-01-18 00:18:00+00:00,-6.09,5.21,2.61,139.45,18.05,8.43
2026-01-18 00:19:00+00:00,-5.99,5.20,2.87,139.02,19.87,8.43
2026-01-18 00:20:00+00:00,-5.34,5.04,4.30,136.69,30.33,8.51
2026-01-18 00:21:00+00:00,-5.39,5.04,4.21,136.95,29.71,8.50
2026-01-18 00:22:00+00:00,-5.78,4.82,3.99,140.18,27.93,8.52
2026-01-18 00:23:00+00:00,-5.49,5.01,4.03,137.65,28.46,8.46
2026-01-18 00:24:00+00:00,-4.81,5.16,4.51,133.00,32.59,8.37
2026-01-18 00:25:00+00:00,-4.75,4.70,5.04,135.35,37.01,8.37
2026-01-18 00:26:00+00:00,-4.98,4.76,4.88,136.27,35.28,8.44
2026-01-18 00:27:00+00:00,-5.13,4.52,5.05,138.63,36.45,8.51
2026-01-18 00:28:00+00:00,-4.58,5.71,3.79,128.70,27.36,8.24
2026-01-18 00:29:00+00:00,-3.19,6.63,2.15,115.68,16.31,7.67
2026-01-18 00:30:00+00:00,-2.98,7.36,1.16,112.01,8.28,8.03
2026-01-18 00:31:00+00:00,-3.19,6.74,2.41,115.34,17.90,7.83
2026-01-18 00:32:00+00:00,-4.16,5.04,4.94,129.53,37.11,8.19
2026-01-18 00:33:00+00:00,-4.29,5.40,4.43,128.45,32.70,8.20
2026-01-18 00:34:00+00:00,-3.85,4.33,5.61,131.61,44.05,8.06
2026-01-18 00:35:00+00:00,-3.98,3.42,6.33,139.35,50.38,8.22
2026-01-18 00:36:00+00:00,-3.70,4.35,5.83,130.34,45.57,8.16
2026-01-18 00:37:00+00:00,-4.79,4.40,4.89,137.42,36.92,8.13
2026-01-18 00:38:00+00:00,-6.02,4.96,3.01,140.52,21.07,8.36
2026-01-18 00:39:00+00:00,-6.12,3.83,4.28,147.93,30.66,8.39
2026-01-18 00:40:00+00:00,-5.56,4.57,4.37,140.55,31.29,8.42
2026-01-18 00:41:00+00:00,-5.13,4.40,4.84,139.37,35.63,8.31
2026-01-18 00:42:00+00:00,-4.51,4.44,5.41,135.41,40.54,8.33
2026-01-18 00:43:00+00:00,-5.44,3.85,4.99,144.70,36.82,8.33
2026-01-18 00:44:00+00:00,-5.29,4.30,4.86,140.89,35.47,8.37
2026-01-18 00:45:00+00:00,-4.48,5.05,4.83,131.59,35.59,8.30
2026-01-18 00:46:00+00:00,-4.06,5.64,4.29,125.78,31.71,8.17
2026-01-18 00:47:00+00:00,-4.25,6.04,3.50,125.12,25.32,8.17
2026-01-18 00:48:00+00:00,-4.28,6.31,2.67,124.16,19.31,8.08
2026-01-18 00:49:00+00:00,-4.57,5.59,2.59,129.31,19.74,7.67
2026-01-18 00:50:00+00:00,-6.72,3.17,4.30,154.75,30.06,8.58
2026-01-18 00:51:00+00:00,-6.50,4.01,3.97,148.31,27.49,8.61
2026-01-18 00:52:00+00:00,-5.91,5.09,3.37,139.28,23.37,8.49
2026-01-18 00:53:00+00:00,-5.37,6.15,2.08,131.12,14.29,8.43
2026-01-18 00:54:00+00:00,-5.55,5.89,2.27,133.26,15.70,8.41
2026-01-18 00:55:00+00:00,-4.34,6.42,2.89,124.05,20.46,8.27
2026-01-18 00:56:00+00:00,-4.08,6.85,1.31,120.77,9.33,8.08
2026-01-18 00:57:00+00:00,-5.50,5.89,2.00,133.01,13.97,8.31
2026-01-18 00:58:00+00:00,-4.72,5.64,3.95,129.93,28.23,8.35
2026-01-18 00:59:00+00:00,-5.73,5.36,2.98,136.90,20.83,8.39
2026-01-18 01:00:00+00:00,-2.96,6.33,4.09,115.08,30.32,8.10
2026-01-18 01:01:00+00:00,-2.66,7.00,3.05,110.82,22.17,8.09
2026-01-18 01:02:00+00:00,-4.17,5.98,3.58,124.91,26.17,8.13
2026-01-18 01:03:00+00:00,-3.32,6.42,3.68,117.34,26.99,8.11
2026-01-18 01:04:00+00:00,-4.30,6.70,1.66,122.68,11.78,8.13
2026-01-18 01:05:00+00:00,-3.67,6.64,2.82,118.93,20.37,8.09
2026-01-18 01:06:00+00:00,-4.22,4.95,4.98,130.46,37.44,8.19
2026-01-18 01:07:00+00:00,-5.12,4.61,4.48,137.99,33.01,8.22
2026-01-18 01:08:00+00:00,-4.66,6.36,2.53,126.24,17.75,8.28
2026-01-18 01:09:00+00:00,-4.39,6.64,2.47,123.45,17.22,8.34
2026-01-18 01:10:00+00:00,-4.43,6.57,2.18,124.00,15.36,8.21
2026-01-18 01:11:00+00:00,-5.92,5.79,0.92,135.62,6.34,8.33
2026-01-18 01:12:00+00:00,-4.48,6.59,1.49,124.20,10.58,8.11
2026-01-18 01:13:00+00:00,-2.48,6.84,1.91,109.94,14.73,7.53
2026-01-18 01:14:00+00:00,-2.03,7.54,0.38,105.03,2.80,7.82
2026-01-18 01:15:00+00:00,-3.69,6.88,0.73,118.23,5.37,7.84
2026-01-18 01:16:00+00:00,-5.64,5.75,1.13,134.40,7.97,8.13
2026-01-18 01:17:00+00:00,-5.61,5.67,0.84,134.72,5.99,8.02
2026-01-18 01:18:00+00:00,-4.71,6.05,0.74,127.90,5.54,7.70
2026-01-18 01:19:00+00:00,-6.01,5.00,2.29,140.23,16.31,8.15
2026-01-18 01:20:00+00:00,-6.06,4.86,2.57,141.30,18.32,8.18
2026-01-18 01:21:00+00:00,-6.05,5.06,2.44,140.10,17.17,8.25
2026-01-18 01:22:00+00:00,-6.16,5.17,2.13,139.99,14.83,8.32
2026-01-18 01:23:00+00:00,-6.11,5.32,1.58,138.97,11.03,8.26
2026-01-18 01:24:00+00:00,-6.96,4.24,1.39,148.65,9.67,8.27
2026-01-18 01:25:00+00:00,-7.08,4.24,1.52,149.11,10.41,8.39
2026-01-18 01:26:00+00:00,-7.06,4.14,1.86,149.63,12.78,8.39
2026-01-18 01:27:00+00:00,-7.20,3.88,1.78,151.69,12.31,8.37
2026-01-18 01:28:00+00:00,-7.02,4.07,2.05,149.93,14.16,8.37
2026-01-18 01:29:00+00:00,-6.87,4.44,1.91,147.12,13.15,8.40
2026-01-18 01:30:00+00:00,-6.68,4.36,2.79,146.88,19.25,8.45
2026-01-18 01:31:00+00:00,-6.87,4.40,1.89,147.35,13.03,8.37
2026-01-18 01:32:00+00:00,-6.89,4.31,1.83,147.98,12.71,8.33
2026-01-18 01:33:00+00:00,-7.60,3.39,1.64,155.95,11.18,8.48
2026-01-18 01:34:00+00:00,-5.62,6.08,0.14,132.71,0.98,8.28
2026-01-18 01:35:00+00:00,-6.02,5.80,0.74,136.09,5.05,8.39
2026-01-18 01:36:00+00:00,-4.67,6.59,1.69,125.35,11.81,8.25
2026-01-18 01:37:00+00:00,-4.83,6.15,2.32,128.17,16.54,8.16
2026-01-18 01:38:00+00:00,-6.28,5.03,2.16,141.28,15.01,8.33
2026-01-18 01:39:00+00:00,-7.00,4.15,2.00,149.37,13.80,8.38
2026-01-18 01:40:00+00:00,-6.73,4.56,1.70,145.89,11.83,8.30
2026-01-18 01:41:00+00:00,-5.99,5.51,1.17,137.41,8.18,8.22
2026-01-18 01:42:00+00:00,-5.96,5.83,0.21,135.65,1.44,8.34
2026-01-18 01:43:00+00:00,-6.52,5.08,1.59,142.07,10.91,8.41
2026-01-18 01:44:00+00:00,-6.60,4.69,1.84,144.60,12.77,8.31
2026-01-18 01:45:00+00:00,-6.40,5.15,1.81,141.19,12.40,8.41
2026-01-18 01:46:00+00:00,-7.09,3.71,3.01,152.42,20.63,8.55
2026-01-18 01:47:00+00:00,-7.32,2.97,3.38,157.89,23.17,8.59
2026-01-18 01:48:00+00:00,-7.45,1.91,3.80,165.64,26.28,8.57
2026-01-18 01:49:00+00:00,-7.62,2.13,3.19,164.42,21.97,8.54
2026-01-18 01:50:00+00:00,-6.67,4.69,2.37,144.88,16.19,8.49
2026-01-18 01:51:00+00:00,-6.11,5.47,1.70,138.20,11.68,8.37
2026-01-18 01:52:00+00:00,-5.66,5.87,0.42,133.94,2.93,8.16
2026-01-18 01:53:00+00:00,-5.24,6.22,0.50,130.10,3.51,8.15
2026-01-18 01:54:00+00:00,-6.58,4.93,1.79,143.13,12.29,8.42
2026-01-18 01:55:00+00:00,-5.99,5.81,1.26,135.87,8.57,8.44
2026-01-18 01:56:00+00:00,-5.44,6.11,1.78,131.64,12.26,8.37
2026-01-18 01:57:00+00:00,-5.41,6.22,1.09,131.02,7.55,8.31
2026-01-18 01:58:00+00:00,-5.35,6.25,0.49,130.57,3.40,8.24
2026-01-18 01:59:00+00:00,-4.63,6.07,2.57,127.31,18.60,8.05
2026-01-18 02:00:00+00:00,-3.49,6.80,2.83,117.18,20.31,8.16
2026-01-18 02:01:00+00:00,-4.39,6.69,2.00,123.25,14.02,8.25
2026-01-18 02:02:00+00:00,-4.77,6.43,2.36,126.56,16.45,8.34
2026-01-18 02:03:00+00:00,-5.19,6.16,1.98,130.13,13.78,8.30
2026-01-18 02:04:00+00:00,-3.37,5.67,4.79,120.73,35.99,8.15
2026-01-18 02:05:00+00:00,-3.16,6.84,2.90,114.84,21.05,8.07
2026-01-18 02:06:00+00:00,-4.06,6.03,3.82,123.93,27.70,8.21
2026-01-18 02:07:00+00:00,-4.74,6.08,2.91,127.94,20.68,8.24
2026-01-18 02:08:00+00:00,-3.72,7.07,1.22,117.75,8.71,8.08
2026-01-18 02:09:00+00:00,-4.21,6.81,1.17,121.71,8.32,8.09
2026-01-18 02:10:00+00:00,-5.86,5.38,2.08,137.45,14.65,8.22
2026-01-18 02:11:00+00:00,-6.36,2.93,4.70,155.30,33.88,8.44
2026-01-18 02:12:00+00:00,-5.79,0.76,5.72,172.53,44.40,8.18
2026-01-18 02:13:00+00:00,-3.59,7.04,1.33,117.03,9.54,8.01
2026-01-18 02:14:00+00:00,-1.61,7.38,-0.99,102.28,-7.44,7.61
2026-01-18 02:15:00+00:00,-4.16,6.44,1.54,122.83,11.38,7.82
2026-01-18 02:16:00+00:00,-5.35,5.77,2.82,132.83,19.71,8.36
2026-01-18 02:17:00+00:00,-4.71,6.63,1.75,125.42,12.17,8.32
2026-01-18 02:18:00+00:00,-4.56,6.80,0.89,123.87,6.19,8.24
2026-01-18 02:19:00+00:00,-2.31,7.43,-0.09,107.28,-0.63,7.79
2026-01-18 02:20:00+00:00,-2.86,7.43,0.27,111.08,1.95,7.97
2026-01-18 02:21:00+00:00,-1.77,7.69,-0.62,102.93,-4.49,7.91
2026-01-18 02:22:00+00:00,-2.56,7.64,0.20,108.54,1.45,8.07
2026-01-18 02:23:00+00:00,-2.76,7.27,2.02,110.81,14.54,8.04
2026-01-18 02:24:00+00:00,-3.93,6.16,3.67,122.53,26.69,8.18
2026-01-18 02:25:00+00:00,-3.61,5.13,5.37,125.14,40.58,8.26
2026-01-18 02:26:00+00:00,-4.87,6.36,2.00,127.43,14.00,8.26
2026-01-18 02:27:00+00:00,-5.19,5.87,2.14,131.44,15.29,8.12
2026-01-18 02:29:00+00:00,-7.20,2.61,2.66,160.04,19.19,8.11
2026-01-18 02:30:00+00:00,-8.16,1.43,-0.40,170.04,-2.76,8.29
2026-01-18 02:31:00+00:00,-6.75,3.48,2.65,152.69,19.23,8.04
2026-01-18 02:32:00+00:00,-5.38,6.08,-0.35,131.50,-2.48,8.13
2026-01-18 02:33:00+00:00,-5.68,5.88,-0.06,134.02,-0.41,8.17
2026-01-18 02:34:00+00:00,-6.01,5.50,0.56,137.55,3.95,8.17
2026-01-18 02:35:00+00:00,-6.48,5.05,1.32,142.11,9.14,8.32
2026-01-18 02:36:00+00:00,-6.26,5.22,2.26,140.22,15.53,8.46
2026-01-18 02:37:00+00:00,-5.75,5.73,2.11,135.11,14.57,8.39
2026-01-18 02:38:00+00:00,-5.72,5.82,1.56,134.51,10.82,8.30
2026-01-18 02:39:00+00:00,-6.32,5.23,1.73,140.38,11.93,8.39
2026-01-18 02:40:00+00:00,-5.71,5.92,1.50,133.93,10.31,8.36
2026-01-18 02:41:00+00:00,-5.42,6.17,1.18,131.28,8.17,8.30
2026-01-18 02:42:00+00:00,-6.30,4.66,3.02,143.48,21.10,8.40
2026-01-18 02:43:00+00:00,-6.14,4.32,3.69,144.89,26.15,8.37
2026-01-18 02:44:00+00:00,-6.01,4.32,3.85,144.27,27.46,8.35
2026-01-18 02:45:00+00:00,-6.06,2.61,4.97,156.69,36.98,8.26
2026-01-18 02:46:00+00:00,-6.35,2.32,5.08,159.94,36.91,8.46
2026-01-18 02:47:00+00:00,-6.25,3.32,4.63,152.01,33.20,8.46
2026-01-18 02:48:00+00:00,-5.96,5.24,3.05,138.69,21.02,8.51
2026-01-18 02:49:00+00:00,-5.14,6.27,2.09,129.34,14.44,8.37
2026-01-18 02:50:00+00:00,-4.72,6.68,1.69,125.21,11.65,8.35
2026-01-18 02:51:00+00:00,-3.56,7.38,0.01,115.74,0.08,8.20
2026-01-18 02:52:00+00:00,-4.66,6.69,1.36,124.87,9.47,8.27
2026-01-18 02:53:00+00:00,-5.95,4.06,3.29,145.73,24.52,7.92
2026-01-18 02:54:00+00:00,-7.01,-0.93,3.75,187.56,27.91,8.00
2026-01-18 02:55:00+00:00,-6.96,0.80,3.76,173.47,28.20,7.95
2026-01-18 02:56:00+00:00,-7.08,2.54,3.62,160.26,25.73,8.35
2026-01-18 02:57:00+00:00,-6.61,3.05,4.21,155.23,30.06,8.41
2026-01-18 02:58:00+00:00,-6.75,3.16,3.74,154.90,26.68,8.34
2026-01-18 02:59:00+00:00,-7.23,3.54,2.47,153.94,17.05,8.42
2026-01-18 03:00:00+00:00,-6.95,3.59,3.00,152.69,20.95,8.38
2026-01-18 03:01:00+00:00,-7.18,3.91,1.53,151.41,10.59,8.32
2026-01-18 03:02:00+00:00,-7.38,3.85,0.83,152.47,5.73,8.36
2026-01-18 03:03:00+00:00,-7.82,2.99,1.31,159.05,8.87,8.48
2026-01-18 03:04:00+00:00,-7.67,3.24,1.25,157.10,8.58,8.42
2026-01-18 03:05:00+00:00,-7.62,3.21,1.43,157.15,9.84,8.40
2026-01-18 03:06:00+00:00,-7.39,3.70,1.23,153.42,8.47,8.35
2026-01-18 03:07:00+00:00,-7.40,3.89,-0.09,152.29,-0.59,8.36
2026-01-18 03:08:00+00:00,-7.72,2.53,-1.84,161.86,-12.79,8.33
2026-01-18 03:09:00+00:00,-8.20,1.94,-0.35,166.68,-2.41,8.43
2026-01-18 03:10:00+00:00,-8.06,1.24,-1.52,171.23,-10.57,8.29
2026-01-18 03:11:00+00:00,-7.82,1.00,-2.48,172.68,-17.45,8.26
2026-01-18 03:12:00+00:00,-7.84,1.58,-1.25,168.63,-8.88,8.10
2026-01-18 03:13:00+00:00,-7.72,2.40,-0.82,162.74,-5.80,8.13
2026-01-18 03:14:00+00:00,-6.69,2.94,-0.16,156.24,-1.24,7.31
2026-01-18 03:15:00+00:00,-1.31,6.03,4.29,102.27,34.80,7.52
2026-01-18 03:16:00+00:00,-4.09,5.90,3.06,124.75,23.10,7.81
2026-01-18 03:17:00+00:00,-5.11,5.37,3.09,133.57,22.66,8.03
2026-01-18 03:18:00+00:00,-5.60,4.74,3.42,139.74,25.01,8.10
2026-01-18 03:19:00+00:00,-5.45,4.70,3.61,139.26,26.62,8.05
2026-01-18 03:20:00+00:00,-3.83,5.66,3.94,124.08,29.96,7.88
2026-01-18 03:21:00+00:00,-3.05,5.92,4.17,117.27,32.00,7.86
2026-01-18 03:22:00+00:00,-2.51,5.26,3.54,115.48,31.28,6.82
2026-01-18 03:23:00+00:00,-2.83,5.48,2.78,117.31,24.24,6.76
2026-01-18 03:24:00+00:00,-3.54,6.03,1.66,120.42,13.35,7.19
2026-01-18 03:25:00+00:00,-3.91,6.08,0.40,122.72,3.14,7.24
2026-01-18 03:26:00+00:00,-5.28,5.36,0.57,134.56,4.36,7.54
2026-01-18 03:27:00+00:00,-4.96,5.52,-1.29,131.93,-9.85,7.53
2026-01-18 03:28:00+00:00,-2.33,5.11,-3.67,114.46,-33.15,6.71
2026-01-18 03:29:00+00:00,-4.80,4.63,2.20,136.03,18.25,7.02
2026-01-18 03:30:00+00:00,-5.64,4.27,3.59,142.88,26.92,7.94
2026-01-18 03:31:00+00:00,-4.99,5.21,3.40,133.75,25.26,7.98
2026-01-18 03:32:00+00:00,-4.76,4.98,4.34,133.71,32.22,8.14
2026-01-18 03:33:00+00:00,-4.92,4.84,4.50,135.47,33.14,8.23
2026-01-18 03:34:00+00:00,-3.65,5.05,5.24,125.84,40.06,8.14
2026-01-18 03:35:00+00:00,-3.53,5.44,4.99,122.94,37.59,8.18
2026-01-18 03:36:00+00:00,-3.68,5.56,4.73,123.52,35.35,8.17
2026-01-18 03:37:00+00:00,-3.79,5.98,3.93,122.39,29.04,8.10
2026-01-18 03:38:00+00:00,-5.35,4.02,4.79,143.08,35.63,8.23
2026-01-18 03:39:00+00:00,-5.32,4.46,4.52,140.07,33.07,8.28
2026-01-18 03:40:00+00:00,-4.77,5.16,4.15,132.74,30.57,8.16
2026-01-18 03:41:00+00:00,-3.02,6.55,3.45,114.73,25.54,8.00
2026-01-18 03:42:00+00:00,-3.44,6.09,4.01,119.47,29.80,8.06
2026-01-18 03:43:00+00:00,-3.88,5.70,4.14,124.22,31.02,8.04
2026-01-18 03:44:00+00:00,-3.50,5.84,4.32,120.90,32.40,8.07
2026-01-18 03:45:00+00:00,-2.37,6.83,2.91,109.15,21.88,7.80
2026-01-18 03:46:00+00:00,-4.07,4.85,4.22,129.98,33.70,7.61
2026-01-18 03:47:00+00:00,-5.98,3.65,4.51,148.60,32.78,8.34
2026-01-18 03:48:00+00:00,-5.44,3.41,5.21,147.93,39.04,8.27
2026-01-18 03:49:00+00:00,-4.72,5.05,4.40,133.06,32.47,8.19
2026-01-18 03:50:00+00:00,-4.17,6.20,3.32,123.89,23.93,8.18
2026-01-18 03:51:00+00:00,-3.87,6.56,2.42,120.53,17.62,7.99
2026-01-18 03:52:00+00:00,-6.07,3.85,4.16,147.60,30.04,8.31
2026-01-18 03:53:00+00:00,-7.19,1.77,3.91,166.16,27.87,8.37
2026-01-18 03:54:00+00:00,-6.50,3.70,3.81,150.38,27.02,8.39
2026-01-18 03:55:00+00:00,-6.25,4.96,2.21,141.56,15.51,8.28
2026-01-18 03:56:00+00:00,-6.01,5.58,1.56,137.11,10.75,8.35
2026-01-18 03:57:00+00:00,-4.84,6.50,1.23,126.68,8.63,8.20
2026-01-18 03:58:00+00:00,-5.31,6.16,-0.54,130.76,-3.82,8.15
2026-01-18 03:59:00+00:00,-5.41,5.85,-0.14,132.76,-1.03,7.97
2026-01-18 04:00:00+00:00,-2.69,6.41,2.35,112.74,18.71,7.33
2026-01-18 04:01:00+00:00,-0.27,5.69,4.10,92.73,35.72,7.02
2026-01-18 04:02:00+00:00,-1.94,7.06,1.58,105.35,12.15,7.49
2026-01-18 04:03:00+00:00,-2.21,7.08,2.25,107.35,16.87,7.75
2026-01-18 04:04:00+00:00,-2.53,6.51,2.20,111.21,17.45,7.32
2026-01-18 04:05:00+00:00,-3.26,6.58,2.78,116.32,20.77,7.85
2026-01-18 04:06:00+00:00,-2.78,6.59,3.39,112.86,25.37,7.92
2026-01-18 04:07:00+00:00,-2.01,7.01,2.63,105.98,19.83,7.75
2026-01-18 04:08:00+00:00,-2.14,6.88,2.78,107.28,21.08,7.72
2026-01-18 04:09:00+00:00,-4.23,6.42,1.44,123.38,10.61,7.83
2026-01-18 04:10:00+00:00,-5.24,5.79,1.20,132.19,8.72,7.90
2026-01-18 04:11:00+00:00,-4.95,5.73,1.12,130.82,8.43,7.66
2026-01-18 04:12:00+00:00,-4.56,6.48,1.32,125.12,9.47,8.03
2026-01-18 04:13:00+00:00,-5.17,6.17,0.42,129.94,2.98,8.06
2026-01-18 04:14:00+00:00,-5.42,5.28,0.81,135.78,6.12,7.61
2026-01-18 04:15:00+00:00,-6.10,4.97,0.27,140.81,1.99,7.87
2026-01-18 04:16:00+00:00,-6.42,4.48,1.64,145.08,11.79,8.00
2026-01-18 04:17:00+00:00,-6.97,3.27,2.72,154.87,19.42,8.17
2026-01-18 04:18:00+00:00,-6.77,3.11,3.70,155.32,26.45,8.32
2026-01-18 04:19:00+00:00,-6.49,3.07,3.88,154.70,28.42,8.16
2026-01-18 04:20:00+00:00,-6.56,3.41,3.63,152.52,26.10,8.24
2026-01-18 04:21:00+00:00,-6.12,3.60,3.35,149.52,25.30,7.85
2026-01-18 04:22:00+00:00,-6.34,4.72,-0.93,143.29,-6.68,7.96
2026-01-18 04:23:00+00:00,-6.71,4.22,1.96,147.85,13.86,8.17
2026-01-18 04:24:00+00:00,-5.72,3.85,4.00,146.08,30.09,7.97
2026-01-18 04:25:00+00:00,-5.49,3.53,4.87,147.26,36.73,8.15
2026-01-18 04:26:00+00:00,-5.91,5.09,0.70,139.30,5.11,7.83
2026-01-18 04:27:00+00:00,-4.84,5.45,-2.76,131.60,-20.71,7.80
2026-01-18 04:28:00+00:00,-5.12,5.34,-2.07,133.81,-15.65,7.69
2026-01-18 04:29:00+00:00,-6.61,2.36,3.94,160.36,29.32,8.05
2026-01-18 04:30:00+00:00,-6.49,3.04,3.78,154.88,27.79,8.11
2026-01-18 04:31:00+00:00,-6.75,3.70,1.86,151.27,13.60,7.92
2026-01-18 04:32:00+00:00,-5.19,5.74,1.16,132.10,8.53,7.82
2026-01-18 04:33:00+00:00,-4.38,6.02,2.55,126.04,18.90,7.87
2026-01-18 04:34:00+00:00,-6.17,4.72,1.47,142.56,10.72,7.90
2026-01-18 04:35:00+00:00,-6.61,3.62,2.09,151.34,15.47,7.82
2026-01-18 04:36:00+00:00,-5.99,5.22,1.42,138.91,10.11,8.07
2026-01-18 04:37:00+00:00,-6.68,4.05,0.72,148.78,5.24,7.84
2026-01-18 04:38:00+00:00,-6.20,4.76,1.71,142.45,12.34,8.00
2026-01-18 04:39:00+00:00,-5.42,4.89,2.73,137.95,20.50,7.79
2026-01-18 04:40:00+00:00,-2.47,6.55,2.74,110.66,21.40,7.52
2026-01-18 04:41:00+00:00,-4.03,6.62,0.00,121.33,0.01,7.75
2026-01-18 04:42:00+00:00,-3.33,6.35,-1.18,117.70,-9.31,7.27
2026-01-18 04:43:00+00:00,-4.05,5.95,-1.05,124.20,-8.34,7.28
2026-01-18 04:44:00+00:00,-3.51,3.80,-4.94,132.75,-43.66,7.15
2026-01-18 04:45:00+00:00,-1.42,3.40,-6.32,112.68,-59.72,7.32
2026-01-18 04:46:00+00:00,-1.83,4.03,-5.75,114.42,-52.41,7.26
2026-01-18 04:47:00+00:00,-3.51,5.19,-2.21,124.11,-19.43,6.64
2026-01-18 04:48:00+00:00,-3.43,6.54,-1.42,117.69,-10.85,7.52
2026-01-18 04:49:00+00:00,-2.95,6.87,-2.61,113.25,-19.20,7.92
2026-01-18 04:50:00+00:00,-6.13,5.17,2.12,139.88,14.82,8.29
2026-01-18 04:51:00+00:00,-5.49,6.00,1.56,132.46,10.83,8.28
2026-01-18 04:52:00+00:00,-5.48,6.18,0.73,131.59,5.06,8.29
2026-01-18 04:53:00+00:00,-5.58,6.12,0.94,132.34,6.50,8.34
2026-01-18 04:54:00+00:00,-4.85,6.45,1.26,126.95,8.89,8.17
2026-01-18 04:55:00+00:00,-4.83,6.56,-0.21,126.38,-1.46,8.15
2026-01-18 04:56:00+00:00,-4.91,6.44,1.82,127.31,12.69,8.30
2026-01-18 04:57:00+00:00,-5.04,6.33,1.11,128.50,7.82,8.17
2026-01-18 04:58:00+00:00,-3.27,6.88,1.17,115.41,8.70,7.70
2026-01-18 04:59:00+00:00,0.58,6.61,-0.21,85.01,-1.84,6.64
2026-01-18 05:00:00+00:00,-7.25,4.04,2.33,150.85,15.65,8.62
2026-01-18 05:01:00+00:00,-7.75,2.97,2.45,158.99,16.42,8.65
2026-01-18 05:02:00+00:00,-7.33,3.91,2.36,151.94,15.87,8.64
2026-01-18 05:03:00+00:00,-6.42,4.78,2.77,143.31,19.11,8.47
2026-01-18 05:04:00+00:00,-6.25,5.10,2.50,140.78,17.24,8.44
2026-01-18 05:05:00+00:00,-6.21,5.06,2.58,140.86,17.85,8.42
2026-01-18 05:06:00+00:00,-5.20,6.17,2.48,130.11,17.07,8.44
2026-01-18 05:07:00+00:00,-6.02,5.80,1.67,136.05,11.26,8.53
2026-01-18 05:08:00+00:00,-6.35,5.16,2.22,140.90,15.21,8.48
2026-01-18 05:09:00+00:00,-7.10,4.55,1.58,147.37,10.63,8.58
2026-01-18 05:10:00+00:00,-5.22,5.03,4.18,136.09,29.94,8.37
2026-01-18 05:11:00+00:00,-7.51,2.69,-1.49,160.31,-10.61,8.11
2026-01-18 05:12:00+00:00,-7.11,1.89,-3.88,165.15,-27.81,8.32
2026-01-18 05:13:00+00:00,-7.34,3.28,-1.92,155.91,-13.46,8.27
2026-01-18 05:14:00+00:00,-6.26,5.44,0.68,138.99,4.67,8.32
2026-01-18 05:15:00+00:00,-5.37,6.12,1.91,131.30,13.17,8.36
2026-01-18 05:16:00+00:00,-5.11,6.40,1.59,128.64,11.01,8.34
2026-01-18 05:17:00+00:00,-5.27,6.25,1.46,130.13,10.13,8.30
2026-01-18 05:18:00+00:00,-3.14,7.04,2.68,114.01,19.16,8.16
2026-01-18 05:19:00+00:00,-3.06,7.22,1.80,112.98,12.90,8.05
2026-01-18 05:20:00+00:00,-5.79,6.07,-0.79,133.65,-5.39,8.43
2026-01-18 05:21:00+00:00,-5.80,6.14,1.25,133.41,8.41,8.54
2026-01-18 05:22:00+00:00,-5.37,6.52,1.58,129.49,10.56,8.60
2026-01-18 05:23:00+00:00,-5.15,6.45,2.33,128.63,15.75,8.58
2026-01-18 05:24:00+00:00,-6.61,5.29,-1.91,141.34,-12.72,8.68
2026-01-18 05:25:00+00:00,-6.59,4.87,-1.79,143.51,-12.35,8.39
2026-01-18 05:26:00+00:00,-6.09,6.11,1.05,134.90,6.94,8.69
2026-01-18 05:27:00+00:00,-6.27,6.07,0.08,135.90,0.55,8.73
2026-01-18 05:28:00+00:00,-6.37,6.00,0.55,136.72,3.59,8.77
2026-01-18 05:29:00+00:00,-5.71,6.30,1.58,132.18,10.50,8.65
2026-01-18 05:30:00+00:00,-6.61,5.84,1.22,138.55,7.84,8.91
2026-01-18 05:31:00+00:00,-6.54,5.78,1.57,138.53,10.22,8.87
2026-01-18 05:32:00+00:00,-7.41,4.52,2.42,148.63,15.59,9.01
2026-01-18 05:33:00+00:00,-6.69,5.09,2.84,142.72,18.63,8.87
2026-01-18 05:34:00+00:00,-6.83,4.68,3.26,145.58,21.49,8.90
2026-01-18 05:35:00+00:00,-7.02,3.94,3.90,150.74,25.84,8.95
2026-01-18 05:36:00+00:00,-6.62,5.44,2.58,140.61,16.74,8.94
2026-01-18 05:37:00+00:00,-5.97,5.86,3.12,135.51,20.48,8.93
2026-01-18 05:38:00+00:00,-5.90,6.27,2.18,133.29,14.23,8.88
2026-01-18 05:39:00+00:00,-5.70,6.13,2.64,132.89,17.50,8.78
2026-01-18 05:40:00+00:00,-5.61,6.14,2.90,132.40,19.21,8.80
2026-01-18 05:41:00+00:00,-5.31,6.52,2.66,129.14,17.53,8.81
2026-01-18 05:42:00+00:00,-4.56,6.93,2.84,123.34,18.91,8.77
2026-01-18 05:43:00+00:00,-4.41,6.71,3.46,123.35,23.31,8.74
2026-01-18 05:44:00+00:00,-4.37,6.85,3.13,122.56,21.08,8.71
2026-01-18 05:45:00+00:00,-4.69,6.89,2.61,124.24,17.38,8.74
2026-01-18 05:46:00+00:00,-5.29,5.96,2.41,131.61,16.83,8.33
2026-01-18 05:47:00+00:00,-7.36,4.71,1.39,147.40,9.06,8.85
2026-01-18 05:48:00+00:00,-7.54,4.30,2.22,150.30,14.33,8.96
2026-01-18 05:49:00+00:00,-6.26,5.88,2.22,136.82,14.48,8.87
2026-01-18 05:50:00+00:00,-6.05,6.08,2.07,134.83,13.59,8.82
2026-01-18 05:51:00+00:00,-6.30,5.97,0.87,136.50,5.71,8.72
2026-01-18 05:52:00+00:00,-5.19,6.72,0.27,127.68,1.82,8.49
2026-01-18 05:53:00+00:00,-4.98,6.81,2.32,126.18,15.41,8.75
2026-01-18 05:54:00+00:00,-4.76,6.91,2.41,124.59,15.99,8.73
2026-01-18 05:55:00+00:00,-5.57,6.29,2.66,131.56,17.56,8.81
2026-01-18 05:56:00+00:00,-5.68,6.10,2.82,133.00,18.71,8.80
2026-01-18 05:57:00+00:00,-5.48,6.75,1.67,129.10,10.86,8.85
2026-01-18 05:58:00+00:00,-5.45,6.74,1.42,128.93,9.32,8.79
2026-01-18 05:59:00+00:00,-6.21,6.21,1.21,135.00,7.86,8.87
2026-01-18 06:00:00+00:00,-5.96,6.30,1.18,133.42,7.75,8.76
2026-01-18 06:01:00+00:00,-5.22,6.98,1.25,126.80,8.18,8.80
2026-01-18 06:02:00+00:00,-6.03,6.31,1.17,133.66,7.61,8.81
2026-01-18 06:03:00+00:00,-6.35,6.01,1.43,136.56,9.26,8.86
2026-01-18 06:04:00+00:00,-6.38,5.86,1.95,137.42,12.72,8.88
2026-01-18 06:05:00+00:00,-6.46,5.60,2.34,139.11,15.31,8.86
2026-01-18 06:06:00+00:00,-6.92,4.54,3.27,146.76,21.56,8.90
2026-01-18 06:07:00+00:00,-7.07,4.39,3.00,148.17,19.85,8.84
2026-01-18 06:08:00+00:00,-6.88,4.68,2.97,145.77,19.66,8.84
2026-01-18 06:09:00+00:00,-4.70,6.94,2.16,124.10,14.44,8.66
2026-01-18 06:10:00+00:00,-4.99,6.99,1.97,125.53,12.93,8.82
2026-01-18 06:11:00+00:00,-5.46,6.49,2.43,130.07,16.00,8.82
2026-01-18 06:12:00+00:00,-5.38,6.47,2.69,129.76,17.74,8.84
2026-01-18 06:13:00+00:00,-5.33,7.00,1.40,127.30,9.07,8.91
2026-01-18 06:14:00+00:00,-5.40,6.88,1.65,128.11,10.68,8.90
2026-01-18 06:15:00+00:00,-4.97,7.16,1.42,124.80,9.27,8.83
2026-01-18 06:16:00+00:00,-5.11,7.18,0.56,125.41,3.67,8.83
2026-01-18 06:17:00+00:00,-5.06,7.12,0.57,125.43,3.73,8.75
2026-01-18 06:18:00+00:00,-5.71,6.44,2.20,131.54,14.36,8.88
2026-01-18 06:19:00+00:00,-5.13,6.99,1.70,126.27,11.07,8.83
2026-01-18 06:20:00+00:00,-4.97,7.15,1.28,124.79,8.33,8.80
2026-01-18 06:21:00+00:00,-4.86,7.20,0.87,124.05,5.73,8.73
2026-01-18 06:22:00+00:00,-5.15,6.89,1.70,126.78,11.18,8.77
2026-01-18 06:23:00+00:00,-5.93,6.29,2.11,133.31,13.72,8.89
2026-01-18 06:24:00+00:00,-6.17,5.93,2.59,136.16,16.85,8.94
2026-01-18 06:25:00+00:00,-5.70,6.36,2.46,131.88,16.05,8.89
2026-01-18 06:26:00+00:00,-5.88,6.28,2.26,133.09,14.73,8.89
2026-01-18 06:27:00+00:00,-5.99,6.29,2.00,133.57,13.00,8.91
2026-01-18 06:28:00+00:00,-6.07,6.40,1.48,133.49,9.55,8.94
2026-01-18 06:29:00+00:00,-5.63,6.69,1.61,130.09,10.46,8.89
2026-01-18 06:30:00+00:00,-4.77,7.08,2.15,123.98,14.11,8.80
2026-01-18 06:31:00+00:00,-6.01,6.54,1.23,132.59,7.91,8.97
2026-01-18 06:32:00+00:00,-6.49,6.16,1.13,136.50,7.22,9.02
2026-01-18 06:33:00+00:00,-6.61,6.02,0.06,137.67,0.40,8.94
2026-01-18 06:34:00+00:00,-5.81,6.31,1.90,132.64,12.51,8.79
2026-01-18 06:35:00+00:00,-5.90,6.31,2.07,133.04,13.48,8.89
2026-01-18 06:36:00+00:00,-6.13,6.05,1.96,135.35,12.80,8.83
2026-01-18 06:37:00+00:00,-6.06,5.93,2.76,135.62,18.01,8.92
2026-01-18 06:38:00+00:00,-5.11,6.81,2.54,126.89,16.63,8.88
2026-01-18 06:39:00+00:00,-5.63,6.37,2.01,131.44,13.30,8.74
2026-01-18 06:40:00+00:00,-5.52,6.95,1.04,128.44,6.66,8.93
2026-01-18 06:41:00+00:00,-5.35,7.07,0.44,127.12,2.83,8.88
2026-01-18 06:42:00+00:00,-5.27,7.11,-0.30,126.53,-1.96,8.86
2026-01-18 06:43:00+00:00,-5.62,6.50,-0.57,130.89,-3.76,8.61
2026-01-18 06:44:00+00:00,-5.74,6.27,-2.15,132.46,-14.17,8.76
2026-01-18 06:45:00+00:00,-6.09,6.48,-0.39,133.23,-2.54,8.90
2026-01-18 06:46:00+00:00,-5.79,6.75,-0.12,130.61,-0.76,8.89
2026-01-18 06:47:00+00:00,-5.82,6.60,0.76,131.43,4.95,8.83
2026-01-18 06:48:00+00:00,-6.85,5.70,1.00,140.25,6.38,8.96
2026-01-18 06:49:00+00:00,-6.75,5.88,-0.02,138.94,-0.15,8.95
2026-01-18 06:50:00+00:00,-6.49,6.16,0.71,136.47,4.53,8.98
2026-01-18 06:51:00+00:00,-6.86,5.75,0.22,140.03,1.43,8.95
2026-01-18 06:52:00+00:00,-7.04,5.41,0.55,142.49,3.53,8.90
2026-01-18 06:53:00+00:00,-7.02,5.61,0.67,141.40,4.26,9.01
2026-01-18 06:54:00+00:00,-7.01,5.59,1.10,141.43,6.97,9.04
2026-01-18 06:55:00+00:00,-6.32,6.15,1.76,135.77,11.29,8.99
2026-01-18 06:56:00+00:00,-6.81,5.75,1.33,139.84,8.48,9.01
2026-01-18 06:57:00+00:00,-6.87,5.56,1.81,141.03,11.59,9.03
2026-01-18 06:58:00+00:00,-7.21,5.37,0.20,143.34,1.26,8.99
2026-01-18 06:59:00+00:00,-7.52,5.03,0.44,146.20,2.80,9.06
2026-01-18 07:00:00+00:00,-7.53,4.88,0.81,147.05,5.15,9.01
2026-01-18 07:01:00+00:00,-7.86,4.64,0.14,149.46,0.88,9.13
2026-01-18 07:02:00+00:00,-7.94,4.33,0.63,151.36,3.98,9.06
2026-01-18 07:03:00+00:00,-8.16,4.04,0.02,153.62,0.12,9.10
2026-01-18 07:04:00+00:00,-7.77,4.59,0.25,149.42,1.62,9.03
2026-01-18 07:05:00+00:00,-6.23,6.49,1.16,133.85,7.34,9.07
2026-01-18 07:06:00+00:00,-6.26,6.45,1.15,134.15,7.27,9.06
2026-01-18 07:07:00+00:00,-6.17,6.60,0.71,133.10,4.51,9.06
2026-01-18 07:08:00+00:00,-6.23,6.48,1.00,133.85,6.32,9.04
2026-01-18 07:09:00+00:00,-6.02,6.58,1.39,132.46,8.86,9.03
2026-01-18 07:10:00+00:00,-6.16,6.54,0.77,133.29,4.92,9.02
2026-01-18 07:11:00+00:00,-6.22,6.51,0.65,133.69,4.10,9.02
2026-01-18 07:12:00+00:00,-7.13,5.63,0.81,141.70,5.09,9.12
2026-01-18 07:13:00+00:00,-7.51,5.04,1.07,146.14,6.77,9.10
2026-01-18 07:14:00+00:00,-6.98,5.84,0.14,140.08,0.85,9.11
2026-01-18 07:15:00+00:00,-6.50,6.30,0.96,135.90,6.06,9.10
2026-01-18 07:16:00+00:00,-6.72,6.00,1.19,138.20,7.53,9.09
2026-01-18 07:17:00+00:00,-7.01,5.59,1.91,141.43,12.01,9.17
2026-01-18 07:18:00+00:00,-6.28,6.37,1.39,134.61,8.80,9.05
2026-01-18 07:19:00+00:00,-6.19,6.48,1.34,133.65,8.49,9.06
2026-01-18 07:20:00+00:00,-5.77,7.02,1.06,129.43,6.67,9.15
2026-01-18 08:11:00+00:00,-9.08,1.63,0.96,169.83,5.94,9.28
2026-01-18 08:12:00+00:00,-8.92,2.38,0.74,165.05,4.57,9.26
2026-01-18 08:13:00+00:00,-8.81,2.76,0.31,162.63,1.92,9.24
2026-01-18 08:14:00+00:00,-8.19,4.10,0.19,153.42,1.21,9.16
2026-01-18 08:15:00+00:00,-8.01,4.48,0.24,150.77,1.49,9.18
2026-01-18 08:16:00+00:00,-8.06,4.40,0.29,151.39,1.81,9.19
2026-01-18 08:17:00+00:00,-8.03,4.49,0.68,150.80,4.23,9.22
2026-01-18 08:18:00+00:00,-8.51,3.30,1.16,158.79,7.23,9.20
2026-01-18 08:19:00+00:00,-8.58,3.22,1.27,159.42,7.90,9.25
2026-01-18 08:20:00+00:00,-8.55,3.19,1.43,159.57,8.91,9.24
2026-01-18 08:21:00+00:00,-8.59,3.32,1.31,158.86,8.09,9.30
2026-01-18 08:22:00+00:00,-8.48,3.51,1.37,157.51,8.47,9.28
2026-01-18 08:23:00+00:00,-8.35,3.79,1.13,155.56,7.02,9.24
2026-01-18 08:24:00+00:00,-8.30,3.79,1.43,155.45,8.89,9.24
2026-01-18 08:25:00+00:00,-8.95,1.93,1.30,167.80,8.08,9.25
2026-01-18 08:26:00+00:00,-9.08,2.02,1.12,167.46,6.86,9.36
2026-01-18 08:27:00+00:00,-8.96,2.24,0.64,165.96,3.98,9.26
2026-01-18 08:28:00+00:00,-8.96,2.57,0.51,163.98,3.13,9.33
2026-01-18 08:29:00+00:00,-8.80,2.93,0.58,161.58,3.58,9.30
2026-01-18 08:30:00+00:00,-8.69,3.17,0.57,159.96,3.53,9.27
2026-01-18 08:31:00+00:00,-8.23,3.89,1.37,154.72,8.58,9.21
2026-01-18 08:32:00+00:00,-8.85,2.77,-0.25,162.61,-1.56,9.28
2026-01-18 08:33:00+00:00,-8.85,2.69,-0.85,163.13,-5.25,9.29
2026-01-18 08:34:00+00:00,-8.85,2.73,-0.59,162.82,-3.64,9.28
2026-01-18 08:35:00+00:00,-8.66,3.11,-0.08,160.25,-0.51,9.20
2026-01-18 08:36:00+00:00,-8.98,2.42,-0.22,164.95,-1.38,9.30
2026-01-18 08:37:00+00:00,-9.04,1.84,-1.01,168.52,-6.28,9.28
2026-01-18 08:38:00+00:00,-9.03,1.91,-0.85,168.06,-5.24,9.27
2026-01-18 08:39:00+00:00,-9.04,2.05,-0.43,167.21,-2.68,9.28
2026-01-18 08:40:00+00:00,-9.23,1.26,-0.48,172.24,-2.92,9.33
2026-01-18 08:41:00+00:00,-9.14,1.51,-0.46,170.59,-2.87,9.28
2026-01-18 08:42:00+00:00,-9.09,1.87,-0.55,168.37,-3.37,9.30
2026-01-18 08:43:00+00:00,-8.89,2.10,-0.80,166.72,-5.03,9.17
2026-01-18 08:44:00+00:00,-8.88,1.24,-2.06,172.08,-12.96,9.20
2026-01-18 08:45:00+00:00,-8.95,1.07,-2.05,173.16,-12.78,9.24
2026-01-18 08:46:00+00:00,-8.66,0.53,-2.57,176.47,-16.50,9.05
2026-01-18 08:47:00+00:00,-8.68,0.07,-2.70,179.55,-17.32,9.09
2026-01-18 08:48:00+00:00,-6.69,4.00,1.16,149.14,8.46,7.88
2026-01-18 08:49:00+00:00,-7.24,4.88,1.55,145.99,10.05,8.87
2026-01-18 08:50:00+00:00,-6.58,5.50,3.00,140.10,19.30,9.08
2026-01-18 08:51:00+00:00,-6.49,5.60,2.95,139.22,19.00,9.06
2026-01-18 08:52:00+00:00,-5.71,5.92,3.53,133.95,23.25,8.95
2026-01-18 08:53:00+00:00,-6.04,6.14,2.70,134.53,17.42,9.02
2026-01-18 08:54:00+00:00,-5.83,6.53,2.11,131.77,13.53,9.00
2026-01-18 08:55:00+00:00,-6.66,5.79,2.42,139.02,15.34,9.15
2026-01-18 08:56:00+00:00,-6.79,5.62,2.42,140.39,15.37,9.14
2026-01-18 08:57:00+00:00,-6.64,5.76,2.40,139.08,15.26,9.11
2026-01-18 08:58:00+00:00,-7.23,5.41,1.80,143.21,11.26,9.20
2026-01-18 08:59:00+00:00,-7.69,4.89,1.53,147.58,9.52,9.24
2026-01-18 09:00:00+00:00,-8.25,4.11,0.90,153.51,5.56,9.26
2026-01-18 09:01:00+00:00,-8.31,4.03,0.57,154.15,3.56,9.26
2026-01-18 09:02:00+00:00,-8.14,4.49,0.72,151.14,4.41,9.32
2026-01-18 09:03:00+00:00,-8.03,4.57,0.75,150.37,4.61,9.27
2026-01-18 09:04:00+00:00,-7.99,4.60,0.99,150.10,6.13,9.27
2026-01-18 09:05:00+00:00,-8.01,4.56,0.64,150.34,3.99,9.24
2026-01-18 09:06:00+00:00,-8.01,4.61,0.84,150.08,5.19,9.28
2026-01-18 09:07:00+00:00,-7.67,5.02,0.64,146.78,3.99,9.19
2026-01-18 09:08:00+00:00,-8.53,3.54,0.73,157.49,4.51,9.27
2026-01-18 09:09:00+00:00,-8.49,3.70,0.49,156.49,3.02,9.28
2026-01-18 09:10:00+00:00,-8.32,4.00,0.39,154.30,2.40,9.24
2026-01-18 09:11:00+00:00,-8.03,4.51,0.40,150.69,2.49,9.21
2026-01-18 09:12:00+00:00,-8.02,4.55,0.55,150.41,3.38,9.24
2026-01-18 09:13:00+00:00,-8.14,4.39,0.53,151.68,3.31,9.26
2026-01-18 09:14:00+00:00,-8.19,4.28,0.49,152.43,3.03,9.25
2026-01-18 09:15:00+00:00,-8.09,4.38,0.56,151.57,3.48,9.21
2026-01-18 09:16:00+00:00,-8.13,4.37,0.52,151.74,3.23,9.24
2026-01-18 09:17:00+00:00,-8.08,4.40,0.39,151.41,2.42,9.21
2026-01-18 09:18:00+00:00,-8.34,4.01,0.50,154.33,3.09,9.27
2026-01-18 09:19:00+00:00,-8.30,4.04,0.19,154.06,1.16,9.23
2026-01-18 09:20:00+00:00,-8.30,4.04,0.00,154.06,-0.02,9.23
2026-01-18 09:21:00+00:00,-8.25,4.08,-0.45,153.69,-2.77,9.22
2026-01-18 09:22:00+00:00,-8.08,4.13,-0.26,152.94,-1.61,9.07
2026-01-18 09:23:00+00:00,-8.09,4.36,0.05,151.69,0.32,9.19
2026-01-18 09:24:00+00:00,-8.11,4.31,0.23,152.00,1.45,9.19
2026-01-18 09:25:00+00:00,-8.13,4.31,0.48,152.09,3.00,9.21
2026-01-18 09:26:00+00:00,-8.13,4.34,0.64,151.91,4.00,9.24
2026-01-18 09:27:00+00:00,-8.08,4.33,0.08,151.79,0.49,9.17
2026-01-18 09:28:00+00:00,-8.40,3.64,-0.81,156.60,-5.08,9.19
2026-01-18 09:29:00+00:00,-7.67,3.17,-2.21,157.56,-14.94,8.59
2026-01-18 09:30:00+00:00,-7.56,2.48,-4.28,161.86,-28.24,9.04
2026-01-18 09:31:00+00:00,-8.10,1.49,-3.77,169.56,-24.60,9.06
2026-01-18 09:32:00+00:00,-7.31,2.79,-4.00,159.09,-27.06,8.79
2026-01-18 09:33:00+00:00,-7.23,2.53,-4.75,160.72,-31.81,9.02
2026-01-18 09:34:00+00:00,-7.05,4.21,-3.78,149.14,-24.71,9.04
2026-01-18 09:35:00+00:00,-7.87,3.29,-3.31,157.29,-21.19,9.15
2026-01-18 09:36:00+00:00,-8.00,3.13,-1.56,158.65,-10.27,8.73
2026-01-18 09:37:00+00:00,-8.71,1.80,1.28,168.33,8.21,8.98
2026-01-18 09:38:00+00:00,-8.17,1.87,-2.94,167.09,-19.35,8.89
2026-01-18 09:39:00+00:00,-7.16,1.22,-5.09,170.36,-35.04,8.87
2026-01-18 09:40:00+00:00,-6.97,1.33,-5.46,169.22,-37.60,8.95
2026-01-18 09:41:00+00:00,-6.95,1.15,-5.55,170.61,-38.21,8.97
2026-01-18 09:42:00+00:00,-7.10,1.65,-5.01,166.90,-34.52,8.85
2026-01-18 09:43:00+00:00,-8.70,3.03,1.65,160.80,10.14,9.36
2026-01-18 09:44:00+00:00,-8.85,2.82,1.16,162.34,7.14,9.36
2026-01-18 09:45:00+00:00,-8.97,2.61,0.14,163.74,0.88,9.34
2026-01-18 09:46:00+00:00,-8.95,2.55,0.03,164.12,0.21,9.30
2026-01-18 09:47:00+00:00,-8.95,2.29,-1.07,165.68,-6.58,9.30
2026-01-18 09:48:00+00:00,-8.77,2.74,-0.51,162.63,-3.17,9.20
2026-01-18 09:49:00+00:00,-9.04,2.17,-0.55,166.51,-3.36,9.31
2026-01-18 09:50:00+00:00,-8.89,-0.03,-2.56,180.18,-16.06,9.25
2026-01-18 09:51:00+00:00,-8.91,0.11,-2.21,179.26,-13.93,9.18
2026-01-18 09:52:00+00:00,-8.80,1.45,-2.51,170.66,-15.69,9.26
2026-01-18 09:53:00+00:00,-8.96,1.11,-2.25,172.91,-13.97,9.31
2026-01-18 09:54:00+00:00,-8.97,0.75,-2.19,175.20,-13.65,9.27
2026-01-18 09:55:00+00:00,-9.04,0.23,-1.94,178.57,-12.13,9.25
2026-01-18 09:56:00+00:00,-8.97,-0.43,-1.97,182.76,-12.35,9.20
2026-01-18 09:57:00+00:00,-9.23,-0.30,-1.22,181.86,-7.54,9.31
2026-01-18 09:58:00+00:00,-9.27,-0.61,-1.10,183.75,-6.77,9.36
2026-01-18 09:59:00+00:00,-9.14,1.82,-0.40,168.71,-2.46,9.32
2026-01-18 10:00:00+00:00,-8.87,2.67,0.24,163.23,1.48,9.27
2026-01-18 10:03:00+00:00,-9.24,1.26,-0.06,172.21,-0.37,9.32
2026-01-18 10:04:00+00:00,-8.98,1.95,-0.70,167.75,-4.39,9.21
2026-01-18 10:05:00+00:00,-8.43,3.74,-0.27,156.08,-1.66,9.22
2026-01-18 10:06:00+00:00,-8.69,3.03,-0.85,160.78,-5.29,9.24
2026-01-18 10:07:00+00:00,-8.76,2.42,-1.49,164.57,-9.33,9.21
2026-01-18 10:08:00+00:00,-8.82,2.49,-1.35,164.22,-8.37,9.26
2026-01-18 10:09:00+00:00,-8.72,2.73,-1.23,162.60,-7.63,9.22
2026-01-18 10:10:00+00:00,-8.78,2.37,-1.62,164.89,-10.13,9.24
2026-01-18 10:11:00+00:00,-8.62,3.07,-1.19,160.37,-7.44,9.22
2026-01-18 10:12:00+00:00,-8.95,1.97,-1.21,167.58,-7.54,9.24
2026-01-18 10:13:00+00:00,-9.03,1.69,-1.56,169.40,-9.65,9.32
2026-01-18 10:14:00+00:00,-9.15,0.84,-1.46,174.74,-9.04,9.31
2026-01-18 10:15:00+00:00,-9.02,1.22,-1.71,172.31,-10.65,9.27
2026-01-18 10:16:00+00:00,-8.70,2.61,-1.62,163.33,-10.09,9.23
2026-01-18 10:17:00+00:00,-8.12,3.73,-2.29,155.30,-14.39,9.22
2026-01-18 10:18:00+00:00,-7.13,5.34,-1.84,143.14,-11.66,9.10
2026-01-18 10:19:00+00:00,-5.84,6.88,-1.35,130.30,-8.53,9.13
2026-01-18 10:20:00+00:00,-6.19,6.40,-2.03,134.06,-12.84,9.13
2026-01-18 10:21:00+00:00,-7.48,4.49,-2.81,149.03,-17.85,9.16
2026-01-18 10:22:00+00:00,-7.65,4.61,-2.12,148.90,-13.38,9.18
2026-01-18 10:23:00+00:00,-7.62,4.91,-1.49,147.23,-9.35,9.18
2026-01-18 10:24:00+00:00,-7.37,4.62,-2.73,147.93,-17.40,9.12
2026-01-18 10:25:00+00:00,-7.20,5.11,-2.61,144.65,-16.48,9.20
2026-01-18 10:26:00+00:00,-7.66,5.16,-0.64,146.02,-3.97,9.26
2026-01-18 10:27:00+00:00,-7.65,4.71,-2.18,148.39,-13.65,9.25
2026-01-18 10:28:00+00:00,-7.96,4.03,-2.46,153.13,-15.41,9.25
2026-01-18 10:29:00+00:00,-7.34,4.48,-3.36,148.59,-21.32,9.24
2026-01-18 10:30:00+00:00,-7.99,4.44,-1.80,150.93,-11.16,9.32
2026-01-18 10:31:00+00:00,-7.89,4.47,-2.06,150.47,-12.78,9.29
2026-01-18 10:32:00+00:00,-7.84,3.70,-3.14,154.73,-19.93,9.22
2026-01-18 10:33:00+00:00,-7.50,3.85,-3.64,152.87,-23.36,9.18
2026-01-18 10:34:00+00:00,-7.74,4.16,-2.79,151.76,-17.60,9.22
2026-01-18 10:35:00+00:00,-7.59,5.00,-0.15,146.60,-0.96,9.09
2026-01-18 10:36:00+00:00,-6.92,2.87,-4.99,157.47,-33.66,9.00
2026-01-18 10:37:00+00:00,-7.76,4.20,-0.25,151.56,-1.62,8.83
2026-01-18 10:38:00+00:00,-7.61,4.90,1.97,147.22,12.29,9.27
2026-01-18 10:39:00+00:00,-7.46,5.45,0.76,143.83,4.71,9.27
2026-01-18 10:40:00+00:00,-7.77,5.12,0.23,146.63,1.43,9.31
2026-01-18 10:41:00+00:00,-7.35,5.51,-0.08,143.13,-0.47,9.19
2026-01-18 10:42:00+00:00,-7.31,5.52,-0.35,142.95,-2.21,9.17
2026-01-18 10:43:00+00:00,-7.56,5.35,-0.34,144.71,-2.09,9.27
2026-01-18 10:44:00+00:00,-7.38,5.50,-0.69,143.31,-4.26,9.23
2026-01-18 10:45:00+00:00,-6.93,5.90,-0.89,139.59,-5.62,9.14
2026-01-18 10:46:00+00:00,-6.76,6.04,-1.37,138.20,-8.57,9.17
2026-01-18 10:47:00+00:00,-7.44,5.36,-0.67,144.21,-4.17,9.19
2026-01-18 10:48:00+00:00,-7.98,4.48,-1.36,150.67,-8.42,9.25
2026-01-18 10:49:00+00:00,-7.65,5.07,-1.02,146.47,-6.36,9.23
2026-01-18 10:50:00+00:00,-7.68,5.04,-0.74,146.71,-4.61,9.21
2026-01-18 10:51:00+00:00,-8.38,3.75,-1.45,155.88,-8.99,9.30
2026-01-18 10:52:00+00:00,-8.38,3.85,-1.13,155.31,-6.98,9.29
2026-01-18 10:53:00+00:00,-8.31,4.03,-1.25,154.15,-7.72,9.32
2026-01-18 10:54:00+00:00,-8.25,4.03,-1.53,153.97,-9.44,9.31
2026-01-18 10:55:00+00:00,-8.26,4.13,-1.20,153.44,-7.40,9.32
2026-01-18 10:56:00+00:00,-7.71,5.15,-0.19,146.29,-1.17,9.27
2026-01-18 10:57:00+00:00,-8.08,4.25,-1.44,152.27,-8.94,9.25
2026-01-18 10:58:00+00:00,-8.29,3.95,-0.84,154.52,-5.25,9.22
2026-01-18 10:59:00+00:00,-8.06,4.49,-0.27,150.86,-1.65,9.23
2026-01-18 11:00:00+00:00,-8.19,4.22,-0.14,152.74,-0.86,9.21
2026-01-18 11:01:00+00:00,-7.95,4.65,-0.57,149.69,-3.56,9.22
2026-01-18 11:02:00+00:00,-8.18,4.42,-0.18,151.61,-1.13,9.30
2026-01-18 11:03:00+00:00,-8.27,4.30,-0.51,152.52,-3.13,9.34
2026-01-18 11:04:00+00:00,-8.15,4.35,-0.40,151.93,-2.48,9.24
2026-01-18 11:05:00+00:00,-8.28,4.20,0.08,153.14,0.46,9.29
2026-01-18 11:06:00+00:00,-8.37,4.01,1.01,154.39,6.22,9.34
2026-01-18 11:07:00+00:00,-7.55,5.26,-0.14,145.13,-0.86,9.20
2026-01-18 11:08:00+00:00,-7.37,5.49,-0.77,143.32,-4.79,9.22
2026-01-18 11:09:00+00:00,-7.75,5.01,-0.75,147.14,-4.65,9.26
2026-01-18 11:10:00+00:00,-7.97,4.62,-0.63,149.87,-3.90,9.23
2026-01-18 11:11:00+00:00,-8.36,4.00,-0.62,154.43,-3.83,9.29
2026-01-18 11:12:00+00:00,-8.40,4.02,-0.65,154.42,-3.99,9.33
2026-01-18 11:13:00+00:00,-8.13,4.32,-0.95,152.00,-5.90,9.26
2026-01-18 11:14:00+00:00,-7.90,4.66,-1.29,149.46,-8.01,9.26
2026-01-18 11:15:00+00:00,-7.90,4.53,-1.55,150.14,-9.63,9.24
2026-01-18 11:16:00+00:00,-7.97,4.71,-0.75,149.40,-4.62,9.29
2026-01-18 11:17:00+00:00,-7.78,4.87,-1.26,147.96,-7.82,9.27
2026-01-18 11:18:00+00:00,-8.14,4.19,-1.18,152.79,-7.35,9.23
2026-01-18 11:19:00+00:00,-7.74,4.77,-1.32,148.37,-8.24,9.19
2026-01-18 11:20:00+00:00,-6.94,5.67,-1.93,140.74,-12.17,9.17
2026-01-18 11:21:00+00:00,-7.09,5.27,-2.44,143.37,-15.47,9.17
2026-01-18 11:22:00+00:00,-6.83,5.43,-2.17,141.54,-13.98,8.99
2026-01-18 11:23:00+00:00,-6.27,5.49,-3.52,138.79,-22.88,9.04
2026-01-18 11:24:00+00:00,-6.24,5.79,-2.93,137.18,-18.97,9.00
2026-01-18 11:25:00+00:00,-5.10,6.01,-3.58,130.34,-24.46,8.66
2026-01-18 11:26:00+00:00,-5.96,5.76,-3.21,135.99,-21.15,8.89
2026-01-18 11:27:00+00:00,-6.04,5.80,-3.10,136.15,-20.31,8.92
2026-01-18 11:28:00+00:00,-7.16,5.57,-0.77,142.13,-4.82,9.10
2026-01-18 11:29:00+00:00,-7.57,5.16,-0.61,145.75,-3.83,9.18
2026-01-18 11:30:00+00:00,-7.82,4.83,-0.59,148.28,-3.69,9.21
2026-01-18 11:31:00+00:00,-7.60,5.07,-0.76,146.29,-4.77,9.17
2026-01-18 11:32:00+00:00,-7.39,5.30,-0.65,144.35,-4.11,9.12
2026-01-18 11:33:00+00:00,-7.01,5.75,-0.71,140.63,-4.47,9.10
2026-01-18 11:34:00+00:00,-6.69,6.03,-1.13,137.99,-7.13,9.08
2026-01-18 11:35:00+00:00,-6.44,6.32,-0.54,135.50,-3.42,9.04
2026-01-18 11:36:00+00:00,-6.28,6.50,0.12,134.01,0.78,9.04
2026-01-18 11:37:00+00:00,-6.36,6.47,0.01,134.51,0.05,9.07
2026-01-18 11:38:00+00:00,-6.86,5.90,-0.42,139.30,-2.67,9.05
2026-01-18 11:39:00+00:00,-6.70,6.04,-0.29,137.98,-1.84,9.03
2026-01-18 11:40:00+00:00,-6.19,6.56,0.14,133.35,0.92,9.02
2026-01-18 11:41:00+00:00,-7.01,5.78,-0.28,140.52,-1.78,9.09
2026-01-18 11:42:00+00:00,-6.46,6.27,-0.01,135.89,-0.04,9.00
2026-01-18 11:43:00+00:00,-6.93,5.89,-0.47,139.66,-2.97,9.11
2026-01-18 11:44:00+00:00,-7.51,5.09,-0.15,145.86,-0.96,9.08
2026-01-18 11:45:00+00:00,-8.16,4.07,-0.21,153.52,-1.29,9.12
2026-01-18 11:46:00+00:00,-7.60,4.92,-0.26,147.11,-1.61,9.06
2026-01-18 11:47:00+00:00,-6.83,5.85,-0.62,139.40,-3.92,9.01
2026-01-18 11:48:00+00:00,-8.12,4.01,-1.17,153.73,-7.33,9.13
2026-01-18 11:49:00+00:00,-8.51,2.88,-1.47,161.33,-9.28,9.10
2026-01-18 11:50:00+00:00,-8.52,2.38,-1.97,164.41,-12.59,9.06
2026-01-18 11:51:00+00:00,-8.68,2.70,-1.40,162.72,-8.73,9.20
2026-01-18 11:52:00+00:00,-8.02,3.35,-2.75,157.31,-17.58,9.12
2026-01-18 11:53:00+00:00,-8.50,1.82,-1.27,167.92,-8.30,8.78
2026-01-18 11:54:00+00:00,-8.49,3.46,0.08,157.84,0.52,9.17
2026-01-18 11:55:00+00:00,-8.75,2.79,0.43,162.30,2.71,9.19
2026-01-18 11:56:00+00:00,-8.79,2.21,0.61,165.91,3.87,9.09
2026-01-18 11:57:00+00:00,-8.46,3.04,-0.53,160.24,-3.40,9.01
2026-01-18 11:58:00+00:00,-8.69,2.90,-0.23,161.56,-1.46,9.17
2026-01-18 11:59:00+00:00,-8.37,3.83,-0.11,155.41,-0.66,9.20
2026-01-18 12:00:00+00:00,-8.23,3.69,-0.36,155.86,-2.28,9.02
2026-01-18 12:01:00+00:00,-8.34,3.24,-1.47,158.79,-9.35,9.07
2026-01-18 12:02:00+00:00,-8.47,3.17,-0.79,159.52,-4.98,9.08
2026-01-18 12:03:00+00:00,-8.86,2.13,-0.90,166.48,-5.61,9.16
2026-01-18 12:04:00+00:00,-9.08,1.49,-1.14,170.70,-7.04,9.28
2026-01-18 12:05:00+00:00,-9.10,1.32,-0.72,171.72,-4.51,9.22
2026-01-18 12:06:00+00:00,-9.13,1.34,-0.44,171.66,-2.71,9.23
2026-01-18 12:07:00+00:00,-8.98,1.12,-1.02,172.90,-6.43,9.10
2026-01-18 12:08:00+00:00,-8.90,-0.10,-1.72,180.61,-10.91,9.06
2026-01-18 12:09:00+00:00,-8.84,-0.44,-1.79,182.87,-11.43,9.03
2026-01-18 12:10:00+00:00,-8.53,-0.75,-2.85,185.05,-18.38,9.03
2026-01-18 12:11:00+00:00,-8.41,1.94,-1.06,167.01,-6.98,8.70
2026-01-18 12:12:00+00:00,-8.74,0.75,-1.98,175.09,-12.72,9.00
2026-01-18 12:13:00+00:00,-8.53,1.10,-2.08,172.68,-13.60,8.85
2026-01-18 12:14:00+00:00,-7.75,0.19,-3.97,178.63,-27.13,8.71
2026-01-18 12:15:00+00:00,-6.95,-0.83,-4.95,186.80,-35.26,8.58
2026-01-18 12:16:00+00:00,-6.21,-1.67,-5.56,195.08,-40.87,8.50
2026-01-18 12:17:00+00:00,-7.21,-1.91,-3.90,194.81,-27.58,8.42
2026-01-18 12:18:00+00:00,-6.79,2.16,-4.32,162.34,-31.24,8.34
2026-01-18 12:19:00+00:00,-8.15,1.21,-3.05,171.53,-20.32,8.78
2026-01-18 12:20:00+00:00,-8.18,0.50,-3.08,176.49,-20.58,8.76
2026-01-18 12:21:00+00:00,-8.64,-1.27,-2.17,188.35,-13.98,9.00
2026-01-18 12:22:00+00:00,-8.75,-0.69,-2.06,184.51,-13.19,9.02
2026-01-18 12:23:00+00:00,-8.74,-0.91,-2.17,185.96,-13.87,9.05
2026-01-18 12:24:00+00:00,-8.80,-0.28,-2.11,181.81,-13.47,9.05
2026-01-18 12:25:00+00:00,-8.80,-0.27,-2.30,181.74,-14.66,9.10
2026-01-18 12:26:00+00:00,-9.03,-0.39,-1.77,182.45,-11.10,9.21
2026-01-18 12:27:00+00:00,-9.03,-0.70,-1.63,184.45,-10.20,9.21
2026-01-18 12:28:00+00:00,-8.99,-1.20,-1.40,187.59,-8.77,9.17
2026-01-18 12:29:00+00:00,-9.21,0.97,-0.86,174.01,-5.29,9.30
2026-01-18 12:30:00+00:00,-9.08,1.30,-0.79,171.87,-4.94,9.21
2026-01-18 12:31:00+00:00,-9.19,1.48,-0.67,170.86,-4.13,9.33
2026-01-18 12:32:00+00:00,-9.21,1.55,-0.50,170.42,-3.05,9.35
2026-01-18 12:33:00+00:00,-9.17,1.68,-0.37,169.58,-2.27,9.33
2026-01-18 12:34:00+00:00,-9.09,2.05,-0.39,167.28,-2.37,9.33
2026-01-18 12:35:00+00:00,-8.99,2.27,-0.20,165.81,-1.23,9.28
2026-01-18 12:36:00+00:00,-8.44,2.76,1.47,161.87,9.41,9.00
2026-01-18 12:37:00+00:00,-8.18,3.09,2.09,159.32,13.41,8.99
2026-01-18 12:38:00+00:00,-8.44,3.02,0.10,160.28,0.67,8.96
2026-01-18 12:39:00+00:00,-8.52,2.93,-0.93,161.02,-5.88,9.06
2026-01-18 12:40:00+00:00,-7.46,4.49,0.59,148.95,3.85,8.73
2026-01-18 12:41:00+00:00,-7.14,4.99,1.49,145.05,9.74,8.84
2026-01-18 12:42:00+00:00,-5.48,6.80,0.63,128.87,4.10,8.75
2026-01-18 12:43:00+00:00,-4.81,7.29,0.23,123.41,1.49,8.73
2026-01-18 12:44:00+00:00,-5.56,6.82,-0.40,129.18,-2.60,8.80
2026-01-18 12:45:00+00:00,-6.67,5.32,-1.55,141.43,-10.30,8.67
2026-01-18 12:46:00+00:00,-6.41,5.78,0.02,138.00,0.14,8.63
2026-01-18 12:47:00+00:00,-5.31,6.79,1.66,128.06,10.91,8.78
2026-01-18 12:48:00+00:00,-5.23,6.94,1.17,126.98,7.64,8.76
2026-01-18 12:49:00+00:00,-5.24,6.96,0.79,126.95,5.20,8.75
2026-01-18 12:50:00+00:00,-5.21,6.92,0.44,126.98,2.91,8.68
2026-01-18 12:51:00+00:00,-6.65,5.51,0.08,140.37,0.55,8.63
2026-01-18 12:52:00+00:00,-7.36,4.89,-0.02,146.38,-0.13,8.84
2026-01-18 12:53:00+00:00,-7.58,4.71,0.81,148.14,5.18,8.96
2026-01-18 12:54:00+00:00,-6.85,5.44,1.02,141.54,6.66,8.81
2026-01-18 12:55:00+00:00,-5.95,6.24,1.46,133.62,9.63,8.74
2026-01-18 12:56:00+00:00,-7.93,4.32,0.43,151.44,2.73,9.04
2026-01-18 12:57:00+00:00,-7.82,4.46,0.09,150.29,0.56,9.01
2026-01-18 12:58:00+00:00,-7.17,5.42,-0.26,142.92,-1.67,8.99
2026-01-18 12:59:00+00:00,-7.36,5.12,0.09,145.17,0.56,8.96
2026-01-18 13:00:00+00:00,-7.93,4.33,0.48,151.33,3.04,9.05
2026-01-18 13:01:00+00:00,-8.01,4.32,0.41,151.68,2.57,9.11
2026-01-18 13:02:00+00:00,-7.58,4.84,0.78,147.45,4.99,9.03
2026-01-18 13:03:00+00:00,-7.51,4.68,1.60,148.07,10.28,8.99
2026-01-18 13:04:00+00:00,-7.62,4.49,1.75,149.49,11.19,9.02
2026-01-18 13:05:00+00:00,-7.91,4.43,0.92,150.79,5.82,9.11
2026-01-18 13:06:00+00:00,-8.09,4.16,0.89,152.81,5.56,9.14
2026-01-18 13:07:00+00:00,-8.26,4.05,0.56,153.86,3.47,9.22
2026-01-18 13:08:00+00:00,-8.21,4.08,0.29,153.56,1.82,9.17
2026-01-18 13:09:00+00:00,-8.21,4.01,0.36,153.96,2.23,9.15
2026-01-18 13:10:00+00:00,-8.23,3.97,1.31,154.23,8.17,9.23
2026-01-18 13:11:00+00:00,-8.17,4.34,0.66,152.00,4.11,9.27
2026-01-18 13:12:00+00:00,-8.13,4.20,1.18,152.68,7.32,9.23
2026-01-18 13:13:00+00:00,-7.97,4.13,1.99,152.62,12.48,9.19
2026-01-18 13:14:00+00:00,-8.06,4.09,1.76,153.11,11.02,9.21
2026-01-18 13:15:00+00:00,-8.15,3.91,1.56,154.38,9.79,9.18
2026-01-18 13:16:00+00:00,-7.95,4.62,0.64,149.82,3.99,9.22
2026-01-18 13:17:00+00:00,-7.79,4.93,0.70,147.69,4.36,9.25
2026-01-18 13:18:00+00:00,-7.81,4.87,0.37,148.06,2.31,9.21
2026-01-18 13:19:00+00:00,-7.74,4.92,0.54,147.57,3.37,9.19
2026-01-18 13:20:00+00:00,-7.84,4.82,0.17,148.43,1.05,9.21
2026-01-18 13:21:00+00:00,-7.57,5.13,0.28,145.87,1.77,9.15
2026-01-18 13:22:00+00:00,-7.80,4.96,0.29,147.57,1.80,9.25
2026-01-18 13:23:00+00:00,-7.64,5.16,0.41,145.96,2.53,9.22
2026-01-18 13:24:00+00:00,-7.49,5.28,0.84,144.82,5.22,9.20
2026-01-18 13:25:00+00:00,-7.66,4.65,1.45,148.71,9.18,9.08
2026-01-18 13:26:00+00:00,-8.35,2.22,-3.20,165.11,-20.32,9.21
2026-01-18 13:27:00+00:00,-8.51,2.82,-2.09,161.66,-13.09,9.21
2026-01-18 13:28:00+00:00,-8.95,2.20,-1.41,166.18,-8.67,9.32
2026-01-18 13:29:00+00:00,-8.64,2.00,-2.51,166.97,-15.77,9.22
2026-01-18 13:30:00+00:00,-8.34,3.03,-2.45,160.04,-15.44,9.20
2026-01-18 13:31:00+00:00,-8.27,3.86,0.30,154.98,1.86,9.14
2026-01-18 13:32:00+00:00,-8.31,4.02,0.84,154.18,5.22,9.27
2026-01-18 13:33:00+00:00,-8.12,4.28,0.37,152.22,2.34,9.19
2026-01-18 13:34:00+00:00,-7.96,4.16,-0.44,152.37,-2.80,8.99
2026-01-18 13:35:00+00:00,-7.84,4.41,0.32,150.64,2.02,9.00
2026-01-18 13:36:00+00:00,-7.60,4.76,0.67,147.95,4.28,9.00
2026-01-18 13:37:00+00:00,-7.36,5.02,0.15,145.73,0.98,8.91
2026-01-18 13:38:00+00:00,-6.87,5.58,-0.24,140.91,-1.54,8.85
2026-01-18 13:39:00+00:00,-6.49,6.14,-0.81,136.62,-5.16,8.97
2026-01-18 13:40:00+00:00,-7.69,4.69,0.01,148.60,0.09,9.01
2026-01-18 13:41:00+00:00,-7.60,4.78,0.14,147.83,0.86,8.98
2026-01-18 13:42:00+00:00,-7.51,4.81,1.07,147.37,6.84,8.98
2026-01-18 13:43:00+00:00,-7.70,4.74,-0.30,148.42,-1.91,9.05
2026-01-18 13:44:00+00:00,-7.78,4.60,-0.44,149.38,-2.82,9.05
2026-01-18 13:45:00+00:00,-7.89,4.32,0.03,151.30,0.22,9.00
2026-01-18 13:46:00+00:00,-7.95,4.26,0.14,151.81,0.88,9.02
2026-01-18 13:47:00+00:00,-7.80,4.27,-0.42,151.33,-2.69,8.90
2026-01-18 13:48:00+00:00,-7.91,4.07,-0.19,152.78,-1.20,8.90
2026-01-18 13:49:00+00:00,-8.09,3.80,-0.54,154.85,-3.45,8.95
2026-01-18 13:50:00+00:00,-7.97,3.84,-0.82,154.29,-5.30,8.89
2026-01-18 13:51:00+00:00,-7.86,3.92,-0.94,153.46,-6.14,8.84
2026-01-18 13:52:00+00:00,-7.69,4.18,-0.81,151.47,-5.27,8.79
2026-01-18 13:53:00+00:00,-7.97,3.81,-0.89,154.42,-5.74,8.88
2026-01-18 13:54:00+00:00,-8.14,3.43,-1.29,157.13,-8.32,8.93
2026-01-18 13:55:00+00:00,-8.19,3.19,-1.44,158.73,-9.27,8.91
2026-01-18 13:56:00+00:00,-8.54,-0.01,-2.15,180.09,-14.10,8.81
2026-01-18 13:57:00+00:00,-8.69,0.26,-1.58,178.32,-10.32,8.84
2026-01-18 13:58:00+00:00,-8.81,0.49,-0.79,176.82,-5.10,8.85
2026-01-18 13:59:00+00:00,-8.54,1.35,-1.79,171.04,-11.71,8.83
2026-01-18 14:00:00+00:00,-8.00,-0.28,-3.40,182.03,-23.00,8.70
2026-01-18 14:01:00+00:00,-7.36,-1.42,-4.04,190.93,-28.29,8.51
2026-01-18 14:02:00+00:00,-7.10,-2.04,-4.17,196.02,-29.44,8.48
2026-01-18 14:03:00+00:00,-7.94,-2.27,-2.51,195.95,-16.94,8.63
2026-01-18 14:04:00+00:00,-8.09,-1.12,-2.25,187.89,-15.41,8.47
2026-01-18 14:05:00+00:00,-8.11,-0.50,-2.31,183.51,-15.83,8.45
2026-01-18 14:06:00+00:00,-7.86,-1.63,-2.34,191.74,-16.24,8.36
2026-01-18 14:07:00+00:00,-7.23,-2.67,-3.39,200.25,-23.74,8.42
2026-01-18 14:08:00+00:00,-7.84,-2.39,-2.57,196.92,-17.38,8.59
2026-01-18 14:09:00+00:00,-7.08,-3.67,-3.01,207.41,-20.68,8.53
2026-01-18 14:10:00+00:00,-7.19,-3.71,-2.90,207.30,-19.74,8.60
2026-01-18 14:11:00+00:00,-7.19,-3.95,-2.79,208.77,-18.77,8.66
2026-01-18 14:12:00+00:00,-6.98,-4.03,-1.96,210.03,-13.65,8.29
2026-01-18 14:13:00+00:00,-7.83,-2.10,-2.10,195.01,-14.49,8.37
2026-01-18 14:14:00+00:00,-6.34,-3.02,-4.32,205.51,-31.63,8.25
2026-01-18 14:15:00+00:00,-6.89,-2.44,-4.46,199.48,-31.42,8.56
2026-01-18 14:16:00+00:00,-7.68,-1.47,-3.41,190.82,-23.55,8.53
2026-01-18 14:17:00+00:00,-7.55,0.29,-4.14,177.79,-28.75,8.61
2026-01-18 14:18:00+00:00,-7.64,0.60,-3.97,175.51,-27.36,8.63
2026-01-18 14:19:00+00:00,-8.20,-0.12,-3.38,180.82,-22.36,8.87
2026-01-18 14:20:00+00:00,-8.09,0.19,-3.64,178.64,-24.25,8.87
2026-01-18 14:21:00+00:00,-7.71,-1.05,-4.00,187.78,-27.21,8.75
2026-01-18 14:22:00+00:00,-7.21,-1.80,-4.78,194.02,-32.76,8.84
2026-01-18 14:23:00+00:00,-7.83,-1.05,-4.16,187.65,-27.78,8.93
2026-01-18 14:24:00+00:00,-7.35,-2.19,-4.49,196.57,-30.36,8.89
2026-01-18 14:25:00+00:00,-7.42,-1.32,-4.73,190.11,-32.09,8.90
2026-01-18 14:26:00+00:00,-8.07,-0.17,-4.25,181.21,-27.77,9.12
2026-01-18 14:27:00+00:00,-7.75,0.01,-4.53,179.93,-30.32,8.98
2026-01-18 14:28:00+00:00,-7.65,0.24,-4.50,178.20,-30.48,8.88
2026-01-18 14:29:00+00:00,-7.23,0.78,-4.99,173.84,-34.45,8.82
2026-01-18 14:30:00+00:00,-7.67,0.78,-4.58,174.20,-30.70,8.97
2026-01-18 14:31:00+00:00,-8.03,0.85,-4.00,173.94,-26.35,9.01
2026-01-18 14:32:00+00:00,-8.16,-0.23,-3.79,181.59,-24.87,9.00
2026-01-18 14:33:00+00:00,-8.41,0.50,-2.80,176.59,-18.39,8.87
2026-01-18 14:34:00+00:00,-8.53,0.07,-2.61,179.50,-17.03,8.93
2026-01-18 14:35:00+00:00,-8.63,0.86,-2.40,174.29,-15.46,9.00
2026-01-18 14:36:00+00:00,-8.77,0.49,-2.37,176.77,-15.12,9.09
2026-01-18 14:37:00+00:00,-8.76,-0.08,-2.65,180.54,-16.85,9.15
2026-01-18 14:38:00+00:00,-8.75,-0.75,-2.90,184.93,-18.25,9.24
2026-01-18 14:39:00+00:00,-9.00,-0.83,-2.35,185.28,-14.59,9.34
2026-01-18 14:40:00+00:00,-8.07,-2.95,-3.48,200.10,-22.01,9.27
2026-01-18 14:41:00+00:00,-7.24,-4.53,-3.80,212.03,-24.01,9.34
2026-01-18 14:42:00+00:00,-7.40,-4.60,-3.27,211.86,-20.55,9.31
2026-01-18 14:43:00+00:00,-7.25,-4.91,-3.12,214.11,-19.60,9.30
2026-01-18 14:44:00+00:00,-7.66,-4.44,-2.80,210.13,-17.54,9.28
2026-01-18 14:45:00+00:00,-7.40,-4.59,-3.14,211.81,-19.84,9.26
2026-01-18 14:46:00+00:00,-6.93,-5.07,-3.20,216.18,-20.43,9.16
2026-01-18 14:47:00+00:00,-6.58,-4.98,-3.92,217.13,-25.43,9.14
2026-01-18 14:48:00+00:00,-6.78,-4.91,-3.52,215.88,-22.80,9.08
2026-01-18 14:49:00+00:00,-7.17,-4.63,-3.34,212.85,-21.33,9.17
2026-01-18 14:50:00+00:00,-7.23,-4.29,-3.79,210.66,-24.28,9.22
2026-01-18 14:51:00+00:00,-7.50,-4.48,-3.30,210.84,-20.67,9.34
2026-01-18 14:52:00+00:00,-7.57,-5.00,-2.41,213.41,-14.87,9.39
2026-01-18 14:53:00+00:00,-7.69,-4.89,-2.25,212.44,-13.89,9.39
2026-01-18 14:54:00+00:00,-7.71,-4.91,-2.44,212.51,-14.97,9.46
2026-01-18 14:55:00+00:00,-7.69,-4.25,-3.16,208.92,-19.77,9.33
2026-01-18 14:56:00+00:00,-8.02,-3.59,-3.46,204.13,-21.51,9.44
2026-01-18 14:57:00+00:00,-7.78,-2.53,-4.76,198.01,-30.18,9.46
2026-01-18 14:58:00+00:00,-7.63,-2.72,-4.80,199.59,-30.67,9.42
2026-01-18 14:59:00+00:00,-7.31,-2.85,-4.92,201.30,-32.06,9.26
2026-01-18 15:00:00+00:00,-7.50,-2.90,-4.78,201.13,-30.71,9.35
2026-01-18 15:01:00+00:00,-7.09,-3.13,-5.11,203.81,-33.40,9.29
2026-01-18 15:02:00+00:00,-8.28,-2.41,-3.72,196.23,-23.32,9.39
2026-01-18 15:03:00+00:00,-8.01,-2.56,-3.93,197.71,-25.06,9.28
2026-01-18 15:04:00+00:00,-8.49,-2.23,-3.14,194.71,-19.69,9.32
2026-01-18 15:05:00+00:00,-7.98,-2.83,-3.85,199.53,-24.44,9.30
2026-01-18 15:06:00+00:00,-6.41,-3.55,-5.06,208.98,-34.62,8.90
2026-01-18 15:07:00+00:00,-5.05,-4.40,-5.80,221.06,-40.90,8.85
2026-01-18 15:08:00+00:00,-6.86,-3.64,-4.63,207.94,-30.82,9.05
2026-01-18 15:09:00+00:00,-7.13,-3.43,-4.47,205.67,-29.47,9.09
2026-01-18 15:10:00+00:00,-7.79,-2.58,-4.19,198.32,-27.05,9.22
2026-01-18 15:11:00+00:00,-7.82,-2.47,-4.05,197.53,-26.26,9.15
2026-01-18 15:12:00+00:00,-8.10,-2.14,-3.73,194.82,-24.00,9.18
2026-01-18 15:13:00+00:00,-8.45,-1.90,-3.31,192.64,-20.91,9.27
2026-01-18 15:14:00+00:00,-8.44,-1.71,-3.49,191.43,-22.07,9.29
2026-01-18 15:15:00+00:00,-8.55,-1.55,-3.22,190.26,-20.32,9.27
2026-01-18 15:16:00+00:00,-8.22,-2.16,-3.66,194.71,-23.31,9.25
2026-01-18 15:17:00+00:00,-8.39,-1.85,-3.42,192.43,-21.72,9.24
2026-01-18 15:18:00+00:00,-8.91,0.45,-2.43,177.08,-15.23,9.25
2026-01-18 15:19:00+00:00,-8.83,1.70,-1.74,169.11,-10.94,9.16
2026-01-18 15:20:00+00:00,-8.87,2.19,-1.00,166.12,-6.26,9.19
2026-01-18 15:21:00+00:00,-8.68,3.19,-0.06,159.79,-0.34,9.24
2026-01-18 15:22:00+00:00,-8.29,3.76,0.39,155.62,2.42,9.11
2026-01-18 15:23:00+00:00,-8.25,4.12,0.67,153.47,4.16,9.25
2026-01-18 15:24:00+00:00,-8.44,3.86,1.07,155.40,6.57,9.34
2026-01-18 15:25:00+00:00,-8.56,3.44,1.20,158.10,7.38,9.31
2026-01-18 15:26:00+00:00,-8.61,3.48,1.04,158.01,6.40,9.35
2026-01-18 15:27:00+00:00,-8.83,3.09,1.17,160.73,7.15,9.43
2026-01-18 15:28:00+00:00,-8.76,3.35,1.46,159.10,8.85,9.49
2026-01-18 15:29:00+00:00,-8.62,3.27,1.99,159.23,12.18,9.43
2026-01-18 15:30:00+00:00,-8.41,3.91,1.65,155.08,10.06,9.42
2026-01-18 15:31:00+00:00,-8.29,4.20,1.27,153.11,7.81,9.38
2026-01-18 15:32:00+00:00,-8.22,4.32,1.37,152.24,8.37,9.38
2026-01-18 15:33:00+00:00,-7.62,5.02,2.17,146.58,13.39,9.38
2026-01-18 15:34:00+00:00,-7.69,5.13,1.31,146.29,8.05,9.33
2026-01-18 15:35:00+00:00,-8.32,3.98,1.35,154.41,8.30,9.32
2026-01-18 15:36:00+00:00,-8.42,3.99,1.31,154.66,7.99,9.41
2026-01-18 15:37:00+00:00,-8.34,4.13,1.33,153.62,8.15,9.40
2026-01-18 15:38:00+00:00,-8.28,4.38,1.00,152.10,6.12,9.42
2026-01-18 15:39:00+00:00,-8.74,3.24,1.15,159.68,7.06,9.40
2026-01-18 15:40:00+00:00,-9.31,2.45,0.63,165.26,3.75,9.64
2026-01-18 15:41:00+00:00,-9.38,2.43,0.65,165.50,3.81,9.71
2026-01-18 15:42:00+00:00,-9.15,2.75,0.52,163.25,3.14,9.57
2026-01-18 15:43:00+00:00,-9.01,2.89,0.29,162.23,1.75,9.47
2026-01-18 15:44:00+00:00,-7.60,5.00,2.08,146.65,12.88,9.33
2026-01-18 15:45:00+00:00,-7.15,5.52,2.61,142.30,16.11,9.40
2026-01-18 15:46:00+00:00,-7.18,5.40,2.62,143.04,16.24,9.35
2026-01-18 15:47:00+00:00,-7.09,5.39,2.72,142.72,16.97,9.31
2026-01-18 15:48:00+00:00,-6.97,5.47,2.81,141.90,17.61,9.29
2026-01-18 15:49:00+00:00,-7.78,4.75,1.71,148.56,10.63,9.27
2026-01-18 15:50:00+00:00,-7.90,4.61,0.94,149.73,5.89,9.20
2026-01-18 15:51:00+00:00,-7.85,4.42,0.43,150.64,2.73,9.02
2026-01-18 15:52:00+00:00,-7.59,4.72,-0.79,148.11,-5.05,8.97
2026-01-18 15:53:00+00:00,-7.91,4.22,-1.60,151.92,-10.13,9.11
2026-01-18 15:54:00+00:00,-8.08,3.92,-1.41,154.13,-8.95,9.09
2026-01-18 15:55:00+00:00,-8.33,3.60,-1.31,156.63,-8.21,9.17
2026-01-18 15:56:00+00:00,-8.20,3.75,-1.37,155.38,-8.67,9.12
2026-01-18 15:57:00+00:00,-8.42,3.68,-0.28,156.39,-1.77,9.20
2026-01-18 15:58:00+00:00,-8.49,3.60,0.38,157.02,2.35,9.23
2026-01-18 16:00:00+00:00,-8.43,3.47,-0.30,157.65,-1.89,9.12
2026-01-18 16:01:00+00:00,-8.39,3.57,-0.14,156.93,-0.91,9.12
2026-01-18 16:02:00+00:00,-8.47,3.49,-0.05,157.62,-0.33,9.16
2026-01-18 16:03:00+00:00,-8.45,3.52,-0.24,157.37,-1.52,9.16
2026-01-18 16:04:00+00:00,-8.53,3.30,-0.11,158.85,-0.66,9.14
2026-01-18 16:05:00+00:00,-8.65,2.79,-0.56,162.11,-3.52,9.11
2026-01-18 16:06:00+00:00,-8.78,2.56,-1.19,163.72,-7.43,9.23
2026-01-18 16:07:00+00:00,-8.87,2.24,-1.33,165.79,-8.31,9.24
2026-01-18 16:08:00+00:00,-8.78,1.54,-2.04,170.06,-12.89,9.14
2026-01-18 16:09:00+00:00,-8.74,1.29,-2.23,171.60,-14.18,9.12
2026-01-18 16:10:00+00:00,-8.91,1.14,-1.59,172.70,-10.04,9.12
2026-01-18 16:11:00+00:00,-8.44,0.78,-3.68,174.70,-23.49,9.24
2026-01-18 16:12:00+00:00,-8.54,1.05,-3.35,173.01,-21.27,9.23
2026-01-18 16:13:00+00:00,-8.39,1.21,-3.57,171.80,-22.84,9.20
2026-01-18 16:14:00+00:00,-8.20,1.25,-3.87,171.31,-24.98,9.16
2026-01-18 16:15:00+00:00,-5.59,1.75,0.91,162.63,8.87,5.93
2026-01-18 16:17:00+00:00,-8.18,1.38,-3.51,170.41,-22.94,9.01
2026-01-18 16:18:00+00:00,-8.13,1.47,-3.80,169.77,-24.73,9.09
2026-01-18 16:19:00+00:00,-8.38,1.17,-3.39,172.02,-21.83,9.12
2026-01-18 16:20:00+00:00,-8.47,1.23,-3.17,171.77,-20.31,9.13
2026-01-18 16:21:00+00:00,-8.45,1.30,-3.23,171.24,-20.69,9.14
2026-01-18 16:22:00+00:00,-8.27,1.37,-3.44,170.58,-22.31,9.06
2026-01-18 16:23:00+00:00,-7.85,1.01,-4.30,172.67,-28.51,9.01
2026-01-18 16:24:00+00:00,-8.11,1.11,-3.46,172.18,-22.90,8.88
2026-01-18 16:25:00+00:00,-8.61,1.66,-1.55,169.12,-10.00,8.91
2026-01-18 16:26:00+00:00,-8.59,1.93,-0.98,167.36,-6.37,8.85
2026-01-18 16:27:00+00:00,-8.61,1.84,-0.74,167.92,-4.78,8.84
2026-01-18 16:28:00+00:00,-8.58,1.87,-0.78,167.70,-5.08,8.82
2026-01-18 16:29:00+00:00,-8.46,2.24,-0.78,165.20,-5.08,8.79
2026-01-18 16:30:00+00:00,-8.36,2.33,-0.91,164.45,-6.00,8.72
2026-01-18 16:31:00+00:00,-8.32,2.33,-1.02,164.36,-6.75,8.70
2026-01-18 16:32:00+00:00,-8.42,2.20,-1.39,165.38,-9.07,8.81
2026-01-18 16:33:00+00:00,-8.45,1.90,-1.62,167.35,-10.62,8.81
2026-01-18 16:34:00+00:00,-8.44,1.35,-2.07,170.89,-13.59,8.79
2026-01-18 16:35:00+00:00,-8.49,0.98,-1.89,173.41,-12.48,8.75
2026-01-18 16:36:00+00:00,-8.64,1.43,-1.73,170.59,-11.19,8.93
2026-01-18 16:37:00+00:00,-8.61,1.54,-1.81,169.88,-11.69,8.93
2026-01-18 16:38:00+00:00,-8.63,1.47,-1.79,170.32,-11.57,8.93
2026-01-18 16:39:00+00:00,-8.60,1.24,-1.78,171.81,-11.59,8.86
2026-01-18 16:40:00+00:00,-8.47,1.61,-1.94,169.25,-12.71,8.84
2026-01-18 16:41:00+00:00,-8.55,1.79,-1.58,168.15,-10.26,8.88
2026-01-18 16:42:00+00:00,-8.57,1.70,-1.71,168.77,-11.07,8.90
2026-01-18 16:43:00+00:00,-8.70,1.14,-1.80,172.55,-11.59,8.95
2026-01-18 16:44:00+00:00,-8.64,1.22,-1.60,171.95,-10.42,8.87
2026-01-18 16:45:00+00:00,-8.60,1.71,-1.10,168.77,-7.17,8.84
2026-01-18 16:46:00+00:00,-8.61,1.51,-1.14,170.02,-7.41,8.81
2026-01-18 16:47:00+00:00,-8.47,1.62,-1.52,169.18,-9.98,8.75
2026-01-18 16:48:00+00:00,-8.47,1.27,-1.85,171.50,-12.21,8.76
2026-01-18 16:49:00+00:00,-8.47,1.94,-1.53,167.08,-9.96,8.82
2026-01-18 16:50:00+00:00,-8.46,1.67,-1.69,168.85,-11.07,8.78
2026-01-18 16:51:00+00:00,-8.51,1.76,-1.51,168.29,-9.84,8.82
2026-01-18 16:52:00+00:00,-8.49,1.69,-1.48,168.75,-9.70,8.79
2026-01-18 16:53:00+00:00,-8.45,1.68,-1.78,168.73,-11.67,8.80
2026-01-18 16:54:00+00:00,-8.42,1.66,-1.78,168.88,-11.72,8.77
2026-01-18 16:55:00+00:00,-8.46,1.68,-1.77,168.80,-11.58,8.81
2026-01-18 16:56:00+00:00,-8.38,1.76,-1.98,168.12,-13.02,8.79
2026-01-18 16:57:00+00:00,-8.43,1.62,-1.65,169.09,-10.86,8.74
2026-01-18 16:58:00+00:00,-8.43,1.21,-2.07,171.86,-13.67,8.77
2026-01-18 16:59:00+00:00,-8.59,0.81,-1.73,174.64,-11.31,8.80
2026-01-18 17:00:00+00:00,-8.56,1.07,-1.68,172.86,-11.00,8.79
2026-01-18 17:01:00+00:00,-8.33,1.63,-2.09,168.93,-13.81,8.74
2026-01-18 17:02:00+00:00,-8.44,1.59,-1.77,169.32,-11.64,8.77
2026-01-18 17:03:00+00:00,-8.44,1.43,-1.68,170.41,-11.09,8.73
2026-01-18 17:04:00+00:00,-8.50,1.74,-1.36,168.44,-8.89,8.78
2026-01-18 17:05:00+00:00,-8.56,1.77,-1.13,168.32,-7.33,8.82
2026-01-18 17:06:00+00:00,-8.47,1.85,-1.37,167.64,-8.96,8.78
2026-01-18 17:07:00+00:00,-8.37,1.22,-2.30,171.70,-15.19,8.76
2026-01-18 17:08:00+00:00,-8.23,1.09,-2.71,172.45,-18.10,8.73
2026-01-18 17:09:00+00:00,-8.61,1.53,-0.57,169.91,-3.74,8.77
2026-01-18 17:10:00+00:00,-8.68,1.35,-0.76,171.19,-4.97,8.82
2026-01-18 17:11:00+00:00,-8.57,1.76,-0.71,168.38,-4.65,8.78
2026-01-18 17:12:00+00:00,-8.82,1.14,-0.39,172.63,-2.51,8.91
2026-01-18 17:13:00+00:00,-8.81,0.95,-0.40,173.85,-2.60,8.87
2026-01-18 17:14:00+00:00,-8.87,0.85,-0.01,174.51,-0.08,8.91
2026-01-18 17:15:00+00:00,-8.74,0.95,-0.63,173.80,-4.07,8.82
2026-01-18 17:16:00+00:00,-8.74,1.12,-0.44,172.69,-2.89,8.82
2026-01-18 17:17:00+00:00,-8.75,0.90,-0.60,174.11,-3.88,8.82
2026-01-18 17:18:00+00:00,-8.80,0.63,-0.78,175.91,-5.05,8.86
2026-01-18 17:19:00+00:00,-8.78,0.27,-0.88,178.21,-5.71,8.83
2026-01-18 17:20:00+00:00,-8.86,0.42,-0.70,177.28,-4.50,8.90
2026-01-18 17:21:00+00:00,-8.83,-0.01,-0.72,180.04,-4.64,8.86
2026-01-18 17:22:00+00:00,-8.83,-0.09,-0.47,180.57,-3.06,8.84
2026-01-18 17:23:00+00:00,-8.77,0.43,-0.64,177.20,-4.16,8.81
2026-01-18 17:24:00+00:00,-8.79,0.19,-0.90,178.76,-5.82,8.83
2026-01-18 17:25:00+00:00,-8.58,-0.23,-1.52,181.51,-10.06,8.71
2026-01-18 17:26:00+00:00,-8.55,-0.37,-1.79,182.50,-11.80,8.74
2026-01-18 17:27:00+00:00,-8.38,-0.70,-2.34,184.76,-15.58,8.73
2026-01-18 17:28:00+00:00,-8.24,-1.20,-2.45,188.29,-16.42,8.68
2026-01-18 17:29:00+00:00,-8.15,-1.53,-2.69,190.64,-17.99,8.72
2026-01-18 17:30:00+00:00,-8.12,-1.24,-2.83,188.67,-18.99,8.68
2026-01-18 17:31:00+00:00,-7.95,-1.18,-3.17,188.41,-21.54,8.64
2026-01-18 17:32:00+00:00,-8.27,-0.91,-2.37,186.32,-15.92,8.65
2026-01-18 17:33:00+00:00,-8.07,-0.86,-2.88,186.12,-19.56,8.61
2026-01-18 17:34:00+00:00,-7.92,-1.46,-3.05,190.44,-20.77,8.61
2026-01-18 17:35:00+00:00,-7.65,-2.38,-3.00,197.32,-20.51,8.55
2026-01-18 17:36:00+00:00,-7.27,-3.02,-3.08,202.56,-21.36,8.45
2026-01-18 17:37:00+00:00,-7.60,-2.05,-3.17,195.09,-21.95,8.49
2026-01-18 17:38:00+00:00,-7.74,-2.44,-2.84,197.50,-19.30,8.60
2026-01-18 17:39:00+00:00,-8.04,-2.43,-1.80,196.78,-12.08,8.59
2026-01-18 17:40:00+00:00,-7.77,-2.74,-1.94,199.42,-13.24,8.47
2026-01-18 17:41:00+00:00,-7.57,-3.14,-1.75,202.54,-12.04,8.38
2026-01-18 17:42:00+00:00,-7.79,-2.40,-2.09,197.10,-14.40,8.41
2026-01-18 17:43:00+00:00,-7.89,-2.32,-2.01,196.41,-13.75,8.47
2026-01-18 17:44:00+00:00,-7.99,-2.13,-2.10,194.90,-14.25,8.53
2026-01-18 17:45:00+00:00,-8.04,-1.34,-2.47,189.45,-16.86,8.51
2026-01-18 17:46:00+00:00,-7.85,-2.01,-2.43,194.35,-16.70,8.46
2026-01-18 17:47:00+00:00,-7.77,-2.60,-2.21,198.53,-15.09,8.48
2026-01-18 17:48:00+00:00,-7.85,-1.25,-2.83,189.05,-19.61,8.44
2026-01-18 17:49:00+00:00,-7.71,-1.19,-3.06,188.75,-21.44,8.38
2026-01-18 17:50:00+00:00,-7.81,-1.23,-2.90,188.92,-20.17,8.42
2026-01-18 17:51:00+00:00,-7.78,-2.02,-2.44,194.57,-16.87,8.39
2026-01-18 17:52:00+00:00,-7.76,-1.87,-2.62,193.55,-18.16,8.40
2026-01-18 17:53:00+00:00,-7.80,-1.02,-3.28,187.47,-22.65,8.53
2026-01-18 17:54:00+00:00,-7.90,-0.59,-3.27,184.27,-22.44,8.57
2026-01-18 17:55:00+00:00,-7.76,-0.58,-3.47,184.25,-24.03,8.52
2026-01-18 17:56:00+00:00,-7.66,-0.61,-3.71,184.57,-25.79,8.53
2026-01-18 17:57:00+00:00,-7.73,-0.91,-3.38,186.69,-23.46,8.48
2026-01-18 17:58:00+00:00,-6.62,1.45,-4.67,167.68,-34.60,8.23
2026-01-18 17:59:00+00:00,-5.91,2.62,-5.13,156.06,-38.43,8.26
2026-01-18 18:00:00+00:00,-6.72,1.87,-4.47,164.45,-32.64,8.29
2026-01-18 18:01:00+00:00,-6.01,2.98,-5.21,153.63,-37.86,8.49
2026-01-18 18:02:00+00:00,-6.00,2.93,-5.22,153.98,-38.02,8.47
2026-01-18 18:03:00+00:00,-5.63,1.79,-5.97,162.40,-45.30,8.40
2026-01-18 18:04:00+00:00,-5.79,2.41,-5.68,157.43,-42.16,8.47
2026-01-18 18:05:00+00:00,-6.30,2.22,-5.23,160.59,-38.06,8.48
2026-01-18 18:06:00+00:00,-6.84,1.88,-4.73,164.61,-33.68,8.53
2026-01-18 18:07:00+00:00,-6.12,2.13,-5.37,160.83,-39.63,8.41
2026-01-18 18:08:00+00:00,-6.33,2.09,-5.23,161.70,-38.11,8.47
2026-01-18 18:09:00+00:00,-6.65,1.85,-4.96,164.46,-35.69,8.50
2026-01-18 18:10:00+00:00,-6.53,1.82,-5.04,164.39,-36.65,8.45
2026-01-18 18:11:00+00:00,-6.24,1.65,-5.38,165.22,-39.84,8.40
2026-01-18 18:12:00+00:00,-7.03,0.50,-4.74,175.97,-33.94,8.50
2026-01-18 18:13:00+00:00,-7.05,0.99,-4.53,172.02,-32.48,8.44
2026-01-18 18:14:00+00:00,-7.25,0.60,-4.26,175.24,-30.35,8.43
2026-01-18 18:15:00+00:00,-7.72,-0.23,-3.82,181.74,-26.30,8.62
2026-01-18 18:16:00+00:00,-7.44,-0.34,-4.16,182.63,-29.19,8.53
2026-01-18 18:17:00+00:00,-7.28,0.03,-4.25,179.80,-30.28,8.43
2026-01-18 18:18:00+00:00,-7.13,0.07,-4.47,179.41,-32.07,8.42
2026-01-18 18:19:00+00:00,-7.44,1.18,-4.02,170.95,-28.11,8.54
2026-01-18 18:20:00+00:00,-7.66,0.23,-4.09,178.29,-28.07,8.69
2026-01-18 18:21:00+00:00,-8.05,0.00,-3.36,179.97,-22.62,8.72
2026-01-18 18:22:00+00:00,-8.12,-0.11,-3.32,180.78,-22.20,8.77
2026-01-18 18:23:00+00:00,-7.90,-0.34,-3.71,182.50,-25.12,8.74
2026-01-18 18:24:00+00:00,-7.92,-0.43,-3.71,183.08,-25.09,8.75
2026-01-18 18:25:00+00:00,-7.94,-0.49,-3.65,183.53,-24.64,8.75
2026-01-18 18:26:00+00:00,-8.04,-0.52,-3.46,183.73,-23.27,8.77
2026-01-18 18:27:00+00:00,-8.02,-0.74,-3.30,185.29,-22.28,8.70
2026-01-18 18:28:00+00:00,-7.90,-0.93,-3.48,186.73,-23.59,8.68
2026-01-18 18:29:00+00:00,-7.91,-0.94,-3.49,186.77,-23.70,8.69
2026-01-18 18:30:00+00:00,-7.90,-1.37,-3.37,189.83,-22.83,8.70
2026-01-18 18:31:00+00:00,-7.59,-1.21,-3.92,189.05,-27.05,8.63
2026-01-18 18:32:00+00:00,-7.14,-0.69,-4.64,185.48,-32.90,8.54
2026-01-18 18:33:00+00:00,-6.81,-0.46,-5.12,183.88,-36.85,8.53
2026-01-18 18:34:00+00:00,-6.76,-0.63,-5.06,185.35,-36.67,8.47
2026-01-18 18:35:00+00:00,-6.89,-1.07,-4.88,188.80,-35.01,8.51
2026-01-18 18:36:00+00:00,-7.08,-1.02,-4.67,188.19,-33.11,8.54
2026-01-18 18:37:00+00:00,-7.24,-1.15,-4.44,189.05,-31.18,8.57
2026-01-18 18:38:00+00:00,-7.22,-1.75,-4.34,193.64,-30.27,8.60
2026-01-18 18:39:00+00:00,-7.34,-1.77,-4.06,193.52,-28.29,8.57
2026-01-18 18:40:00+00:00,-7.44,-1.41,-3.98,190.74,-27.75,8.56
2026-01-18 18:41:00+00:00,-7.53,-1.11,-3.83,188.37,-26.73,8.52
2026-01-18 18:42:00+00:00,-7.67,-1.25,-3.62,189.25,-24.95,8.58
2026-01-18 18:43:00+00:00,-7.75,-1.70,-3.24,192.35,-22.22,8.57
2026-01-18 18:44:00+00:00,-7.81,-1.91,-2.96,193.75,-20.21,8.56
2026-01-18 18:45:00+00:00,-7.66,-2.80,-2.68,200.08,-18.17,8.58
2026-01-18 18:46:00+00:00,-7.05,-2.33,-3.06,198.26,-22.36,8.03
2026-01-18 18:47:00+00:00,-2.18,-0.87,-7.47,201.75,-72.57,7.83
2026-01-18 18:48:00+00:00,-2.87,-1.03,-7.40,199.76,-67.63,8.00
2026-01-18 18:49:00+00:00,-3.79,-1.69,-6.87,204.06,-58.88,8.03
2026-01-18 18:50:00+00:00,-4.07,-1.44,-6.87,199.48,-57.85,8.12
2026-01-18 18:51:00+00:00,-3.86,-0.86,-7.14,192.54,-61.02,8.16
2026-01-18 18:52:00+00:00,-4.27,-1.12,-6.92,194.74,-57.46,8.21
2026-01-18 18:53:00+00:00,-4.21,-1.17,-6.93,195.48,-57.80,8.19
2026-01-18 18:54:00+00:00,-4.47,-1.33,-6.76,196.51,-55.40,8.21
2026-01-18 18:55:00+00:00,-4.50,-1.50,-6.68,198.43,-54.63,8.19
2026-01-18 18:56:00+00:00,-5.52,-2.25,-5.78,202.20,-44.10,8.31
2026-01-18 18:57:00+00:00,-4.28,-1.27,-6.88,196.55,-57.03,8.21
2026-01-18 18:58:00+00:00,-3.85,-0.70,-7.27,190.26,-61.72,8.25
2026-01-18 18:59:00+00:00,-3.76,-0.84,-7.31,192.59,-62.19,8.27
2026-01-18 19:00:00+00:00,-3.11,-0.57,-7.60,190.46,-67.44,8.23
2026-01-18 19:01:00+00:00,-4.20,-0.90,-7.14,192.13,-58.96,8.33
2026-01-18 19:02:00+00:00,-3.61,-0.33,-7.45,185.15,-64.09,8.29
2026-01-18 19:03:00+00:00,-4.99,-1.01,-6.67,191.45,-52.65,8.39
2026-01-18 19:04:00+00:00,-5.68,-1.06,-6.30,190.56,-47.45,8.55
2026-01-18 19:05:00+00:00,-6.26,-1.97,-5.59,197.50,-40.42,8.62
2026-01-18 19:06:00+00:00,-5.97,-1.91,-5.95,197.77,-43.51,8.65
2026-01-18 19:07:00+00:00,-5.89,-1.83,-5.96,197.22,-44.01,8.58
2026-01-18 19:08:00+00:00,-6.47,-2.20,-5.41,198.76,-38.41,8.71
2026-01-18 19:09:00+00:00,-6.57,-2.32,-5.26,199.42,-37.07,8.73
2026-01-18 19:10:00+00:00,-6.18,-2.27,-5.67,200.21,-40.73,8.69
2026-01-18 19:11:00+00:00,-6.45,-2.36,-5.19,200.05,-37.09,8.61
2026-01-18 19:12:00+00:00,-6.37,-2.48,-5.13,201.28,-36.92,8.55
2026-01-18 19:13:00+00:00,-6.30,-2.69,-5.17,203.10,-37.06,8.58
2026-01-18 19:14:00+00:00,-6.26,-2.81,-5.14,204.14,-36.81,8.57
2026-01-18 19:15:00+00:00,-5.85,-2.34,-5.65,201.80,-41.88,8.46
2026-01-18 19:16:00+00:00,-5.75,-2.03,-5.93,199.49,-44.21,8.50
2026-01-18 19:17:00+00:00,-4.26,0.15,-7.01,178.04,-58.69,8.21
2026-01-18 19:18:00+00:00,-4.77,-0.88,-6.71,190.41,-54.11,8.28
2026-01-18 19:19:00+00:00,-5.21,-0.11,-6.47,181.25,-51.17,8.30
2026-01-18 19:20:00+00:00,-5.54,-0.36,-6.26,183.76,-48.43,8.36
2026-01-18 19:21:00+00:00,-5.70,-0.43,-6.22,184.32,-47.40,8.45
2026-01-18 19:22:00+00:00,-5.95,-0.29,-6.06,182.75,-45.48,8.50
2026-01-18 19:23:00+00:00,-4.98,-0.01,-6.83,180.07,-53.92,8.45
2026-01-18 19:24:00+00:00,-4.82,0.06,-6.90,179.27,-55.06,8.42
2026-01-18 19:25:00+00:00,-6.78,-0.58,-5.54,184.89,-39.14,8.77
2026-01-18 19:26:00+00:00,-6.65,-0.61,-5.64,185.23,-40.20,8.75
2026-01-18 19:27:00+00:00,-6.66,-0.84,-5.63,187.17,-39.97,8.76
2026-01-18 19:28:00+00:00,-7.08,-1.03,-5.14,188.32,-35.73,8.81
2026-01-18 19:29:00+00:00,-7.30,-1.41,-4.76,190.96,-32.62,8.82
2026-01-18 19:30:00+00:00,-7.97,-1.71,-3.42,192.11,-22.72,8.84
2026-01-18 19:31:00+00:00,-8.15,-1.64,-3.14,191.35,-20.72,8.89
2026-01-18 19:32:00+00:00,-8.72,-1.63,-1.48,190.62,-9.46,8.99
2026-01-18 19:33:00+00:00,-8.85,-1.93,-1.12,192.31,-7.03,9.12
2026-01-18 19:34:00+00:00,-8.75,-1.94,-1.50,192.53,-9.52,9.09
2026-01-18 19:35:00+00:00,-8.51,-2.18,-2.06,194.39,-13.16,9.03
2026-01-18 19:36:00+00:00,-8.07,-2.58,-3.06,197.73,-19.85,9.00
2026-01-18 19:37:00+00:00,-8.21,-1.08,-3.29,187.50,-21.69,8.91
2026-01-18 19:38:00+00:00,-8.16,-1.58,-3.13,190.95,-20.63,8.89
2026-01-18 19:39:00+00:00,-8.22,-2.02,-2.68,193.82,-17.61,8.88
2026-01-18 19:40:00+00:00,-8.04,-1.44,-3.10,190.14,-20.78,8.74
2026-01-18 19:41:00+00:00,-8.07,-0.89,-3.24,186.29,-21.74,8.74
2026-01-18 19:42:00+00:00,-7.52,-2.87,-3.52,200.89,-23.60,8.79
2026-01-18 19:43:00+00:00,-7.71,-2.30,-3.46,196.62,-23.28,8.76
2026-01-18 19:44:00+00:00,-7.44,-1.95,-4.03,194.71,-27.65,8.68
2026-01-18 19:45:00+00:00,-7.40,-2.59,-3.81,199.26,-25.90,8.72
2026-01-18 19:46:00+00:00,-7.55,-2.35,-3.60,197.26,-24.49,8.69
2026-01-18 19:47:00+00:00,-7.68,-2.55,-3.07,198.38,-20.75,8.65
2026-01-18 19:48:00+00:00,-7.89,-2.09,-3.12,194.86,-20.94,8.74
2026-01-18 19:49:00+00:00,-7.43,-3.28,-3.13,203.84,-21.10,8.71
2026-01-18 19:50:00+00:00,-8.01,-1.25,-3.01,188.89,-20.36,8.65
2026-01-18 19:51:00+00:00,-8.24,-1.28,-2.68,188.85,-17.84,8.76
2026-01-18 19:52:00+00:00,-8.41,-1.31,-2.16,188.85,-14.27,8.78
2026-01-18 19:53:00+00:00,-8.30,-1.40,-2.04,189.55,-13.65,8.66
2026-01-18 19:54:00+00:00,-8.31,-2.30,-1.34,195.48,-8.83,8.73
2026-01-18 19:55:00+00:00,-7.94,-2.80,-1.69,199.43,-11.32,8.59
2026-01-18 19:56:00+00:00,-7.92,-3.68,-0.29,204.91,-1.90,8.73
2026-01-18 19:57:00+00:00,-8.07,-2.79,-0.73,199.05,-4.87,8.57
2026-01-18 19:58:00+00:00,-7.71,-3.68,-0.20,205.53,-1.37,8.54
2026-01-18 19:59:00+00:00,-7.25,-4.52,0.75,211.92,4.99,8.57
2026-01-18 20:00:00+00:00,-6.27,-2.69,-4.25,203.22,-31.96,8.04
2026-01-18 20:01:00+00:00,-6.14,-2.26,-5.18,200.19,-38.37,8.34
2026-01-18 20:02:00+00:00,-5.99,-2.67,-5.16,203.98,-38.16,8.34
2026-01-18 20:03:00+00:00,-6.27,-2.83,-4.53,204.29,-33.34,8.24
2026-01-18 20:04:00+00:00,-7.28,-3.05,-3.10,202.74,-21.44,8.49
2026-01-18 20:05:00+00:00,-7.04,-2.92,-3.61,202.52,-25.35,8.44
2026-01-18 20:06:00+00:00,-7.31,-2.36,-3.54,197.90,-24.73,8.46
2026-01-18 20:07:00+00:00,-7.56,-2.60,-2.95,198.95,-20.23,8.52
2026-01-18 20:08:00+00:00,-7.37,-2.98,-3.01,202.03,-20.76,8.50
2026-01-18 20:09:00+00:00,-7.27,-3.02,-3.14,202.58,-21.73,8.48
2026-01-18 20:10:00+00:00,-7.36,-3.28,-2.62,204.05,-18.02,8.47
2026-01-18 20:11:00+00:00,-7.28,-3.02,-3.06,202.52,-21.23,8.45
2026-01-18 20:12:00+00:00,-7.21,-2.81,-3.15,201.32,-22.17,8.36
2026-01-18 20:13:00+00:00,-6.70,-2.59,-4.00,201.10,-29.08,8.22
2026-01-18 20:14:00+00:00,-6.92,-2.20,-3.93,197.59,-28.40,8.26
2026-01-18 20:15:00+00:00,-6.97,-1.73,-4.14,193.95,-29.97,8.29
2026-01-18 20:16:00+00:00,-7.18,-1.52,-4.01,191.94,-28.68,8.36
2026-01-18 20:17:00+00:00,-7.40,-1.33,-3.78,190.19,-26.70,8.42
2026-01-18 20:18:00+00:00,-6.78,-2.48,-4.12,200.09,-29.68,8.31
2026-01-18 20:19:00+00:00,-6.43,-2.88,-4.27,204.16,-31.24,8.24
2026-01-18 20:20:00+00:00,-6.68,-2.75,-3.98,202.34,-28.87,8.25
2026-01-18 20:21:00+00:00,-6.68,-2.58,-3.99,201.13,-29.12,8.19
2026-01-18 20:22:00+00:00,-6.06,-3.26,-4.37,208.28,-32.43,8.15
2026-01-18 20:23:00+00:00,-6.21,-3.38,-4.07,208.54,-29.97,8.16
2026-01-18 20:24:00+00:00,-6.25,-2.97,-4.28,205.46,-31.76,8.14
2026-01-18 20:25:00+00:00,-6.30,-2.73,-4.45,203.44,-32.94,8.18
2026-01-18 20:26:00+00:00,-6.61,-2.90,-3.88,203.65,-28.26,8.20
2026-01-18 20:27:00+00:00,-6.57,-2.70,-3.99,202.37,-29.31,8.14
2026-01-18 20:28:00+00:00,-6.62,-2.77,-3.96,202.69,-28.89,8.19
2026-01-18 20:29:00+00:00,-6.35,-2.62,-4.37,202.43,-32.48,8.14
2026-01-18 20:30:00+00:00,-6.61,-3.02,-3.81,204.55,-27.65,8.21
2026-01-18 20:31:00+00:00,-6.62,-2.95,-3.81,204.05,-27.74,8.19
2026-01-18 20:32:00+00:00,-6.59,-3.85,-2.99,210.30,-21.37,8.19
2026-01-18 20:33:00+00:00,-6.32,-3.26,-3.88,207.31,-28.62,8.11
2026-01-18 20:34:00+00:00,-6.32,-3.30,-3.73,207.58,-27.63,8.05
2026-01-18 20:35:00+00:00,-6.40,-3.29,-3.63,207.21,-26.73,8.06
2026-01-18 20:36:00+00:00,-5.84,-3.75,-3.90,212.69,-29.36,7.96
2026-01-18 20:37:00+00:00,-6.34,-3.35,-3.61,207.87,-26.73,8.03
2026-01-18 20:38:00+00:00,-6.54,-2.87,-3.74,203.74,-27.68,8.06
2026-01-18 20:39:00+00:00,-6.53,-2.79,-3.79,203.17,-28.07,8.05
2026-01-18 20:40:00+00:00,-6.26,-2.62,-4.26,202.73,-32.15,8.01
2026-01-18 20:41:00+00:00,-6.38,-2.33,-4.27,200.09,-32.15,8.03
2026-01-18 20:42:00+00:00,-6.66,-1.48,-4.21,192.50,-31.67,8.01
2026-01-18 20:43:00+00:00,-6.49,-1.99,-4.10,197.02,-31.09,7.93
2026-01-18 20:44:00+00:00,-6.31,-1.64,-4.56,194.60,-34.95,7.96
2026-01-18 20:45:00+00:00,-6.19,-1.40,-4.90,192.74,-37.67,8.02
2026-01-18 20:46:00+00:00,-6.65,-1.60,-4.18,193.57,-31.44,8.02
2026-01-18 20:47:00+00:00,-6.76,-1.43,-4.09,191.92,-30.64,8.03
2026-01-18 20:48:00+00:00,-6.65,-1.95,-4.17,196.34,-31.05,8.09
2026-01-18 20:49:00+00:00,-6.64,-1.19,-4.38,190.15,-33.00,8.04
2026-01-18 20:50:00+00:00,-7.05,-2.20,-3.46,197.35,-25.14,8.15
2026-01-18 20:51:00+00:00,-7.09,-1.16,-3.83,189.30,-28.09,8.15
2026-01-18 20:52:00+00:00,-7.13,-1.05,-3.93,188.34,-28.63,8.21
2026-01-18 20:53:00+00:00,-7.10,-0.18,-4.08,181.46,-29.90,8.19
2026-01-18 20:54:00+00:00,-6.44,-2.48,-4.25,201.03,-31.61,8.10
2026-01-18 20:55:00+00:00,-4.87,-4.64,-4.56,223.63,-34.12,8.12
2026-01-18 20:56:00+00:00,-4.86,-4.64,-4.47,223.66,-33.62,8.07
2026-01-18 20:57:00+00:00,-4.53,-4.86,-4.47,226.99,-33.93,8.01
2026-01-18 20:58:00+00:00,-4.55,-4.80,-4.51,226.49,-34.26,8.00
2026-01-18 20:59:00+00:00,-4.15,-4.27,-5.15,225.82,-40.81,7.88
2026-01-18 21:00:00+00:00,-4.48,-4.00,-5.18,221.79,-40.76,7.93
2026-01-18 21:01:00+00:00,-4.65,-3.84,-5.10,219.53,-40.26,7.90
2026-01-18 21:02:00+00:00,-4.53,-3.85,-5.13,220.38,-40.83,7.85
2026-01-18 21:03:00+00:00,-4.07,-3.76,-5.44,222.72,-44.46,7.77
2026-01-18 21:04:00+00:00,-3.76,-4.12,-5.38,227.62,-43.97,7.74
2026-01-18 21:05:00+00:00,-4.03,-4.34,-5.06,227.17,-40.50,7.79
2026-01-18 21:06:00+00:00,-3.84,-4.73,-4.83,230.99,-38.41,7.78
2026-01-18 21:07:00+00:00,-3.87,-5.17,-4.26,233.17,-33.37,7.74
2026-01-18 21:08:00+00:00,-4.32,-4.76,-4.32,227.77,-33.90,7.75
2026-01-18 21:09:00+00:00,-3.95,-4.87,-4.53,230.97,-35.84,7.73
2026-01-18 21:10:00+00:00,-4.16,-4.66,-4.54,228.26,-36.06,7.72
2026-01-18 21:11:00+00:00,-4.29,-4.49,-4.54,226.29,-36.18,7.70
2026-01-18 21:12:00+00:00,-4.95,-4.27,-4.10,220.79,-32.08,7.71
2026-01-18 21:13:00+00:00,-5.69,-3.83,-3.64,213.93,-27.94,7.77
2026-01-18 21:14:00+00:00,-6.21,-3.21,-3.62,207.36,-27.37,7.87
2026-01-18 21:15:00+00:00,-5.22,-4.54,-3.54,220.99,-27.10,7.77
2026-01-18 21:16:00+00:00,-5.26,-4.68,-3.19,221.64,-24.38,7.73
2026-01-18 21:17:00+00:00,-5.36,-4.29,-3.47,218.68,-26.80,7.70
2026-01-18 21:18:00+00:00,-5.46,-4.32,-3.12,218.36,-24.11,7.63
2026-01-18 21:19:00+00:00,-5.21,-2.23,-4.45,203.15,-38.16,7.21
2026-01-18 21:20:00+00:00,-4.68,-0.92,-5.05,191.07,-46.62,6.95
2026-01-18 21:21:00+00:00,-4.55,-0.82,-5.49,190.28,-49.90,7.18
2026-01-18 21:22:00+00:00,-4.31,0.27,-5.82,176.42,-53.47,7.25
2026-01-18 21:23:00+00:00,-5.35,-0.73,-5.02,187.81,-42.92,7.38
2026-01-18 21:24:00+00:00,-5.58,-1.50,-4.75,195.02,-39.44,7.48
2026-01-18 21:25:00+00:00,-5.76,-1.60,-4.35,195.50,-36.05,7.40
2026-01-18 21:26:00+00:00,-6.80,-2.82,-2.11,202.56,-15.99,7.66
2026-01-18 21:27:00+00:00,-6.97,-2.64,-1.87,200.74,-14.08,7.68
2026-01-18 21:28:00+00:00,-6.52,-1.50,-3.80,192.93,-29.60,7.70
2026-01-18 21:29:00+00:00,-5.60,0.89,-4.90,171.01,-40.79,7.49
2026-01-18 21:30:00+00:00,-5.55,0.77,-4.85,172.11,-40.93,7.41
2026-01-18 21:31:00+00:00,-5.98,0.00,-4.72,179.97,-38.29,7.62
2026-01-18 21:32:00+00:00,-5.40,-1.11,-5.18,191.57,-43.17,7.56
2026-01-18 21:33:00+00:00,-5.73,-1.99,-4.54,199.12,-36.80,7.57
2026-01-18 21:34:00+00:00,-6.32,-2.05,-3.91,197.99,-30.49,7.71
2026-01-18 21:35:00+00:00,-5.69,-1.94,-4.62,198.87,-37.53,7.58
2026-01-18 21:36:00+00:00,-5.24,-0.96,-5.40,190.43,-45.41,7.59
2026-01-18 21:37:00+00:00,-5.85,-1.93,-4.59,198.27,-36.71,7.68
2026-01-18 21:38:00+00:00,-5.50,-2.29,-4.69,202.61,-38.21,7.58
2026-01-18 21:39:00+00:00,-5.54,-1.80,-4.79,197.99,-39.44,7.54
2026-01-18 21:40:00+00:00,-5.66,-2.02,-4.62,199.63,-37.58,7.58
2026-01-18 21:41:00+00:00,-4.64,-2.87,-5.03,211.70,-42.69,7.42
2026-01-18 21:42:00+00:00,-4.98,-2.79,-4.92,209.27,-40.72,7.54
2026-01-18 21:43:00+00:00,-5.21,-2.65,-4.89,206.91,-39.94,7.62
2026-01-18 21:44:00+00:00,-5.59,-2.60,-4.32,204.92,-35.00,7.53
2026-01-18 21:45:00+00:00,-5.70,-2.48,-4.34,203.51,-34.91,7.58
2026-01-18 21:46:00+00:00,-5.93,-2.22,-4.31,200.55,-34.21,7.66
2026-01-18 21:47:00+00:00,-5.94,-1.82,-4.39,197.04,-35.29,7.60
2026-01-18 21:48:00+00:00,-5.83,-1.43,-4.46,193.79,-36.64,7.48
2026-01-18 21:49:00+00:00,-6.00,-1.48,-4.38,193.84,-35.32,7.57
2026-01-18 21:50:00+00:00,-6.28,-2.27,-3.51,199.85,-27.74,7.54
2026-01-18 21:51:00+00:00,-5.36,-3.00,-3.98,209.24,-32.95,7.32
2026-01-18 21:52:00+00:00,-4.97,-3.31,-4.33,213.69,-35.92,7.38
2026-01-18 21:53:00+00:00,-4.89,-3.32,-4.38,214.22,-36.52,7.35
2026-01-18 21:54:00+00:00,-4.65,-2.24,-5.36,205.74,-46.13,7.44
2026-01-18 21:55:00+00:00,-5.19,-2.36,-4.95,204.41,-40.94,7.55
2026-01-18 21:56:00+00:00,-4.78,-2.26,-5.42,205.34,-45.71,7.57
2026-01-18 21:57:00+00:00,-4.85,-2.49,-5.24,207.18,-43.82,7.56
2026-01-18 21:58:00+00:00,-5.84,-3.39,-2.56,210.11,-20.76,7.22
2026-01-18 21:59:00+00:00,-6.16,-3.97,-1.19,212.79,-9.21,7.42
2026-01-18 22:00:00+00:00,-6.33,-4.28,-0.60,214.10,-4.46,7.66
2026-01-18 22:01:00+00:00,-6.07,-3.90,-2.25,212.68,-17.30,7.56
2026-01-18 22:02:00+00:00,-5.66,-2.98,-3.83,207.78,-30.95,7.45
2026-01-18 22:03:00+00:00,-6.46,-3.96,-1.28,211.51,-9.60,7.69
2026-01-18 22:04:00+00:00,-6.61,-3.80,-0.94,209.94,-7.04,7.68
2026-01-18 22:05:00+00:00,-6.72,-3.65,-1.09,208.50,-8.15,7.72
2026-01-18 22:06:00+00:00,-6.48,-3.41,-2.37,207.73,-17.93,7.69
2026-01-18 22:07:00+00:00,-5.97,-2.45,-3.61,202.29,-29.19,7.39
2026-01-18 22:08:00+00:00,-5.80,-2.03,-4.10,199.27,-33.73,7.39
2026-01-18 22:09:00+00:00,-5.05,-1.27,-4.65,194.10,-41.81,6.98
2026-01-18 22:10:00+00:00,-3.71,-0.18,-5.97,182.76,-58.13,7.03
2026-01-18 22:11:00+00:00,-4.38,-0.32,-5.61,184.23,-51.95,7.13
2026-01-18 22:12:00+00:00,-5.01,-0.71,-5.18,188.06,-45.65,7.24
2026-01-18 22:13:00+00:00,-5.17,-0.69,-5.07,187.64,-44.18,7.28
2026-01-18 22:14:00+00:00,-5.65,-0.90,-4.53,189.00,-38.36,7.30
2026-01-18 22:15:00+00:00,-5.42,-0.84,-4.65,188.85,-40.34,7.19
2026-01-18 22:16:00+00:00,-5.20,-0.65,-4.97,187.09,-43.50,7.22
2026-01-18 22:17:00+00:00,-5.30,-1.25,-4.82,193.25,-41.52,7.27
2026-01-18 22:18:00+00:00,-5.42,-1.61,-4.57,196.56,-38.97,7.27
2026-01-18 22:19:00+00:00,-5.41,-1.55,-4.59,196.04,-39.22,7.26
2026-01-18 22:20:00+00:00,-5.16,-1.55,-4.83,196.72,-41.87,7.24
2026-01-18 22:21:00+00:00,-5.00,-1.19,-5.04,193.37,-44.43,7.20
2026-01-18 22:22:00+00:00,-4.81,-1.13,-5.22,193.27,-46.58,7.19
2026-01-18 22:23:00+00:00,-5.63,-0.08,-4.55,180.85,-38.98,7.24
2026-01-18 22:24:00+00:00,-5.34,-0.32,-4.84,183.39,-42.13,7.21
2026-01-18 22:25:00+00:00,-5.44,-0.82,-4.72,188.55,-40.59,7.25
2026-01-18 22:26:00+00:00,-5.23,-1.41,-4.87,195.11,-41.99,7.29
2026-01-18 22:27:00+00:00,-4.73,-2.49,-4.89,207.74,-42.46,7.24
2026-01-18 22:28:00+00:00,-4.97,-2.30,-4.87,204.81,-41.67,7.33
2026-01-18 22:29:00+00:00,-5.31,-2.37,-4.55,204.05,-37.99,7.38
2026-01-18 22:30:00+00:00,-4.70,-1.73,-5.27,200.17,-46.47,7.27
2026-01-18 22:31:00+00:00,-4.60,-1.88,-5.29,202.30,-46.78,7.25
2026-01-18 22:32:00+00:00,-4.34,-1.83,-5.55,202.91,-49.64,7.28
2026-01-18 22:33:00+00:00,-4.63,-1.70,-5.32,200.13,-47.20,7.25
2026-01-18 22:34:00+00:00,-5.73,-1.92,-4.40,198.54,-36.07,7.47
2026-01-18 22:35:00+00:00,-5.25,-1.16,-5.08,192.45,-43.37,7.40
2026-01-18 22:36:00+00:00,-5.47,-1.28,-4.90,193.13,-41.13,7.46
2026-01-18 22:37:00+00:00,-5.45,-1.62,-4.75,196.50,-39.85,7.41
2026-01-18 22:38:00+00:00,-5.28,-2.87,-4.31,208.56,-35.62,7.40
2026-01-18 22:39:00+00:00,-6.22,-1.29,-4.04,191.76,-32.45,7.53
2026-01-18 22:40:00+00:00,-6.17,-1.31,-4.11,192.01,-33.08,7.53
2026-01-18 22:41:00+00:00,-6.60,-0.44,-3.30,183.77,-26.50,7.40
2026-01-18 22:42:00+00:00,-6.00,0.38,-4.11,176.36,-34.35,7.28
2026-01-18 22:43:00+00:00,-5.58,-0.29,-5.00,183.01,-41.80,7.50
2026-01-18 22:44:00+00:00,-5.41,-1.70,-4.65,197.44,-39.34,7.34
2026-01-18 22:45:00+00:00,-5.53,-0.35,-4.25,183.66,-37.49,6.98
2026-01-18 22:46:00+00:00,-5.58,-0.62,-5.07,186.33,-42.08,7.56
2026-01-18 22:47:00+00:00,-5.36,-0.70,-5.14,187.45,-43.57,7.46
2026-01-18 22:48:00+00:00,-4.53,-1.23,-5.67,195.24,-50.38,7.37
2026-01-18 22:49:00+00:00,-4.79,-0.95,-5.56,191.19,-48.72,7.40
2026-01-18 22:50:00+00:00,-4.94,-0.58,-5.64,186.72,-48.58,7.53
2026-01-18 22:51:00+00:00,-5.35,-0.43,-5.44,184.57,-45.41,7.64
2026-01-18 22:52:00+00:00,-5.55,-0.20,-5.26,182.09,-43.42,7.65
2026-01-18 22:53:00+00:00,-5.48,-0.27,-5.43,182.79,-44.67,7.72
2026-01-18 22:54:00+00:00,-5.48,0.89,-5.30,170.73,-43.68,7.68
2026-01-18 22:55:00+00:00,-5.09,1.28,-5.52,165.83,-46.44,7.62
2026-01-18 22:56:00+00:00,-5.34,2.33,-4.89,156.42,-40.03,7.61
2026-01-18 22:57:00+00:00,-5.23,3.11,-4.48,149.24,-36.39,7.56
2026-01-18 22:58:00+00:00,-4.97,3.51,-4.35,144.78,-35.59,7.48
2026-01-18 22:59:00+00:00,-6.19,0.22,-4.38,177.95,-35.24,7.59
2026-01-18 23:00:00+00:00,-6.23,-0.95,-4.38,188.72,-34.83,7.67
2026-01-18 23:01:00+00:00,-5.93,-0.91,-4.51,188.77,-36.92,7.50
2026-01-18 23:02:00+00:00,-6.13,-1.78,-4.24,196.21,-33.59,7.67
2026-01-18 23:03:00+00:00,-6.54,-0.12,-3.75,181.09,-29.79,7.54
2026-01-18 23:04:00+00:00,-6.21,-0.61,-4.31,185.63,-34.62,7.59
2026-01-18 23:05:00+00:00,-6.83,0.85,-3.35,172.87,-25.98,7.65
2026-01-18 23:06:00+00:00,-6.40,0.28,-4.15,177.48,-32.94,7.63
2026-01-18 23:07:00+00:00,-6.45,-0.80,-4.17,187.07,-32.70,7.72
2026-01-18 23:08:00+00:00,-6.22,-1.55,-4.44,193.99,-34.69,7.80
2026-01-18 23:09:00+00:00,-6.07,-1.68,-4.52,195.46,-35.66,7.75
2026-01-18 23:10:00+00:00,-7.11,-0.26,-3.50,182.10,-26.17,7.93
2026-01-18 23:11:00+00:00,-6.94,-0.55,-3.59,184.49,-27.31,7.83
2026-01-18 23:12:00+00:00,-7.14,-0.23,-3.37,181.83,-25.23,7.90
2026-01-18 23:13:00+00:00,-7.05,-0.43,-3.58,183.46,-26.86,7.91
2026-01-18 23:14:00+00:00,-6.79,-0.65,-3.79,185.47,-29.03,7.80
2026-01-18 23:15:00+00:00,-6.94,-0.09,-3.53,180.78,-26.98,7.79
2026-01-18 23:16:00+00:00,-5.75,-2.97,-4.36,207.27,-33.95,7.80
2026-01-18 23:17:00+00:00,-6.28,-2.40,-4.14,200.88,-31.66,7.90
2026-01-18 23:18:00+00:00,-6.33,-2.41,-4.06,200.87,-30.92,7.90
2026-01-18 23:19:00+00:00,-6.35,-2.54,-3.98,201.81,-30.17,7.91
2026-01-18 23:20:00+00:00,-6.33,-2.65,-4.02,202.72,-30.34,7.96
2026-01-18 23:21:00+00:00,-6.60,-2.16,-3.94,198.15,-29.54,7.98
2026-01-18 23:22:00+00:00,-6.03,-2.75,-4.29,204.49,-32.93,7.90
2026-01-18 23:23:00+00:00,-5.53,-2.93,-4.73,207.90,-37.10,7.85
2026-01-18 23:24:00+00:00,-5.48,-2.86,-4.82,207.58,-37.95,7.84
2026-01-18 23:25:00+00:00,-5.92,-2.51,-4.57,202.96,-35.37,7.89
2026-01-18 23:26:00+00:00,-5.72,-3.06,-4.40,208.11,-34.14,7.84
2026-01-18 23:27:00+00:00,-6.20,-2.45,-4.29,201.59,-32.76,7.93
2026-01-18 23:28:00+00:00,-5.88,-2.95,-4.34,206.62,-33.45,7.88
2026-01-18 23:29:00+00:00,-5.69,-3.16,-4.37,209.06,-33.83,7.84
2026-01-18 23:30:00+00:00,-5.62,-3.08,-4.47,208.75,-34.91,7.82
2026-01-18 23:31:00+00:00,-5.10,-3.20,-4.67,212.08,-37.79,7.62
2026-01-18 23:32:00+00:00,-5.28,-2.41,-5.00,204.55,-40.73,7.66
2026-01-18 23:33:00+00:00,-5.40,-1.68,-5.26,197.25,-42.94,7.73
2026-01-18 23:34:00+00:00,-5.77,-1.74,-4.87,196.79,-38.93,7.75
2026-01-18 23:35:00+00:00,-6.24,-0.35,-4.38,183.23,-35.07,7.63
2026-01-18 23:36:00+00:00,-6.23,-0.12,-4.41,181.08,-35.30,7.64
2026-01-18 23:37:00+00:00,-5.69,0.25,-4.91,177.50,-40.75,7.52
2026-01-18 23:38:00+00:00,-5.99,1.54,-4.37,165.62,-35.26,7.57
2026-01-18 23:39:00+00:00,-6.18,1.91,-3.88,162.80,-30.95,7.54
2026-01-18 23:40:00+00:00,-5.99,1.81,-4.18,163.16,-33.73,7.53
2026-01-18 23:41:00+00:00,-5.88,2.05,-4.20,160.83,-33.99,7.51
2026-01-18 23:42:00+00:00,-6.17,1.96,-3.88,162.34,-30.94,7.55
2026-01-18 23:43:00+00:00,-6.44,1.89,-3.58,163.62,-28.09,7.61
2026-01-18 23:44:00+00:00,-6.59,1.90,-3.39,163.91,-26.32,7.65
2026-01-18 23:45:00+00:00,-6.35,2.29,-3.44,160.19,-27.04,7.58
2026-01-18 23:46:00+00:00,-6.39,2.15,-3.45,161.43,-27.09,7.57
2026-01-18 23:47:00+00:00,-6.58,2.10,-3.15,162.31,-24.52,7.59
2026-01-18 23:48:00+00:00,-6.63,2.14,-2.95,162.08,-22.91,7.57
2026-01-18 23:49:00+00:00,-6.42,1.22,-3.70,169.28,-29.50,7.51
2026-01-18 23:50:00+00:00,-6.02,1.79,-4.08,163.42,-33.04,7.49
2026-01-18 23:51:00+00:00,-6.05,2.46,-3.75,157.86,-29.88,7.53
2026-01-18 23:52:00+00:00,-6.40,-0.46,-4.03,184.07,-32.14,7.58
2026-01-18 23:53:00+00:00,-6.34,0.00,-4.05,179.97,-32.58,7.52
2026-01-18 23:54:00+00:00,-6.25,0.48,-4.03,175.57,-32.71,7.45
2026-01-18 23:55:00+00:00,-6.37,0.43,-3.91,176.12,-31.47,7.49
2026-01-18 23:56:00+00:00,-6.29,0.07,-4.07,179.35,-32.91,7.49
2026-01-18 23:57:00+00:00,-6.64,-0.90,-3.61,187.72,-28.30,7.61
2026-01-18 23:58:00+00:00,-6.54,-0.86,-3.65,187.51,-28.98,7.54
2026-01-18 23:59:00+00:00,-6.50,0.94,-3.27,171.76,-26.46,7.34
2026-01-19 00:00:00+00:00,-6.00,1.30,-4.11,167.74,-33.84,7.39
2026-01-19 00:01:00+00:00,-5.58,0.03,-4.86,179.65,-41.02,7.40
2026-01-19 00:02:00+00:00,-6.43,1.02,-3.16,171.02,-25.88,7.23
2026-01-19 00:03:00+00:00,-6.02,-0.36,-3.87,183.45,-32.69,7.17
2026-01-19 00:04:00+00:00,-5.99,-3.38,-0.93,209.41,-7.72,6.94
2026-01-19 00:05:00+00:00,-7.07,0.20,-2.64,178.34,-20.46,7.55
2026-01-19 00:06:00+00:00,-6.68,1.88,-2.91,164.27,-22.71,7.53
2026-01-19 00:07:00+00:00,-6.10,1.85,-3.76,163.14,-30.54,7.40
2026-01-19 00:08:00+00:00,-6.40,1.94,-3.28,163.17,-26.14,7.45
2026-01-19 00:09:00+00:00,-6.31,1.74,-3.40,164.57,-27.42,7.37
2026-01-19 00:10:00+00:00,-6.99,0.26,-2.52,177.88,-19.82,7.43
2026-01-19 00:11:00+00:00,-7.23,-1.46,-2.26,191.44,-17.02,7.72
2026-01-19 00:12:00+00:00,-7.38,-0.11,-1.96,180.86,-14.86,7.63
2026-01-19 00:13:00+00:00,-7.58,-0.15,-1.81,181.15,-13.41,7.79
2026-01-19 00:14:00+00:00,-7.60,0.46,-1.71,176.52,-12.70,7.80
2026-01-19 00:15:00+00:00,-7.52,-0.20,-2.12,181.56,-15.73,7.81
2026-01-19 00:16:00+00:00,-7.46,-1.65,-1.04,192.49,-7.74,7.71
2026-01-19 00:17:00+00:00,-7.56,-2.53,0.21,198.48,1.53,7.97
2026-01-19 00:18:00+00:00,-7.55,-2.11,-0.06,195.59,-0.43,7.84
2026-01-19 00:19:00+00:00,-7.57,-0.24,-1.23,181.79,-9.20,7.67
2026-01-19 00:20:00+00:00,-7.47,0.26,-2.08,178.00,-15.58,7.76
2026-01-19 00:21:00+00:00,-7.46,-0.49,-2.02,183.73,-15.10,7.74
2026-01-19 00:22:00+00:00,-7.57,-0.27,-1.68,182.02,-12.50,7.75
2026-01-19 00:23:00+00:00,-7.49,0.26,-1.87,178.02,-13.99,7.73
2026-01-19 00:24:00+00:00,-7.46,0.39,-1.91,177.04,-14.31,7.71
2026-01-19 00:25:00+00:00,-6.66,0.28,-3.43,177.62,-27.26,7.50
2026-01-19 00:26:00+00:00,-6.39,1.51,-3.41,166.71,-27.40,7.40
2026-01-19 00:27:00+00:00,-5.87,3.75,-2.49,147.43,-19.72,7.39
2026-01-19 00:28:00+00:00,-6.35,3.14,-2.40,153.69,-18.74,7.48
2026-01-19 00:29:00+00:00,-6.59,2.84,-1.77,156.66,-13.82,7.39
2026-01-19 00:30:00+00:00,-7.34,1.57,-1.28,167.93,-9.70,7.62
2026-01-19 00:31:00+00:00,-6.87,2.06,-2.22,163.34,-17.18,7.50
2026-01-19 00:32:00+00:00,-7.15,0.93,-2.16,172.56,-16.65,7.53
2026-01-19 00:33:00+00:00,-6.86,3.08,-1.31,155.85,-9.87,7.63
2026-01-19 00:34:00+00:00,-7.06,2.94,-1.22,157.39,-9.05,7.74
2026-01-19 00:35:00+00:00,-6.98,2.99,-1.44,156.82,-10.74,7.72
2026-01-19 00:36:00+00:00,-6.82,2.73,-1.69,158.18,-12.94,7.54
2026-01-19 00:37:00+00:00,-7.23,2.11,-1.19,163.69,-8.95,7.62
2026-01-19 00:38:00+00:00,-7.21,2.41,-1.14,161.49,-8.54,7.68
2026-01-19 00:39:00+00:00,-7.01,2.64,-1.55,159.38,-11.66,7.65
2026-01-19 00:40:00+00:00,-6.86,3.24,-1.14,154.70,-8.56,7.68
2026-01-19 00:41:00+00:00,-6.52,3.92,-0.71,148.97,-5.34,7.64
2026-01-19 00:42:00+00:00,-6.88,3.46,-0.40,153.32,-2.95,7.71
2026-01-19 00:43:00+00:00,-6.84,3.61,-0.04,152.16,-0.30,7.73
2026-01-19 00:44:00+00:00,-5.89,4.60,1.08,141.96,8.22,7.55
2026-01-19 00:45:00+00:00,-5.72,4.65,1.58,140.88,12.10,7.54
2026-01-19 00:46:00+00:00,-5.75,4.74,1.42,140.47,10.77,7.59
2026-01-19 00:47:00+00:00,-5.07,5.24,1.47,134.08,11.38,7.44
2026-01-19 00:48:00+00:00,-4.74,5.60,1.10,130.26,8.51,7.41
2026-01-19 00:49:00+00:00,-4.43,5.78,1.28,127.47,9.95,7.39
2026-01-19 00:50:00+00:00,-4.63,5.53,1.63,129.91,12.71,7.39
2026-01-19 00:51:00+00:00,-5.25,5.21,1.53,135.22,11.67,7.55
2026-01-19 00:52:00+00:00,-6.39,4.09,1.10,147.40,8.22,7.67
2026-01-19 00:53:00+00:00,-6.14,4.27,1.46,145.19,11.05,7.62
2026-01-19 00:54:00+00:00,-5.52,4.99,1.46,137.91,11.13,7.58
2026-01-19 00:55:00+00:00,-5.34,5.16,1.57,136.02,11.90,7.59
2026-01-19 00:56:00+00:00,-5.50,4.87,2.33,138.48,17.58,7.70
2026-01-19 00:57:00+00:00,-5.37,4.76,2.69,138.47,20.58,7.66
2026-01-19 00:58:00+00:00,-5.86,4.34,1.91,143.51,14.66,7.54
2026-01-19 00:59:00+00:00,-5.68,4.41,2.61,142.13,19.95,7.65
2026-01-19 01:00:00+00:00,-5.93,4.29,2.48,144.11,18.70,7.73
2026-01-19 01:01:00+00:00,-5.97,4.28,2.52,144.33,18.92,7.77
2026-01-19 01:02:00+00:00,-6.11,4.28,2.15,145.00,16.12,7.76
2026-01-19 01:03:00+00:00,-6.18,4.01,2.61,147.00,19.52,7.81
2026-01-19 01:04:00+00:00,-6.07,4.31,2.26,144.62,16.87,7.78
2026-01-19 01:05:00+00:00,-6.32,4.03,2.46,147.46,18.14,7.89
2026-01-19 01:06:00+00:00,-6.50,3.63,2.70,150.79,19.94,7.92
2026-01-19 01:07:00+00:00,-6.21,3.75,3.04,148.85,22.70,7.87
2026-01-19 01:08:00+00:00,-6.19,3.60,3.24,149.81,24.35,7.86
2026-01-19 01:09:00+00:00,-5.96,3.75,3.39,147.78,25.67,7.81
2026-01-19 01:10:00+00:00,-6.55,3.15,3.13,154.35,23.32,7.92
2026-01-19 01:11:00+00:00,-6.78,3.12,2.74,155.28,20.13,7.95
2026-01-19 01:12:00+00:00,-6.96,2.64,2.74,159.25,20.24,7.93
2026-01-19 01:13:00+00:00,-6.89,2.90,2.55,157.16,18.79,7.90
2026-01-19 01:14:00+00:00,-6.66,3.40,2.64,152.95,19.42,7.93
2026-01-19 01:15:00+00:00,-7.24,2.67,1.97,159.73,14.30,7.97
2026-01-19 01:16:00+00:00,-6.44,3.98,1.81,148.30,13.45,7.78
2026-01-19 01:17:00+00:00,-6.16,4.24,2.00,145.42,15.00,7.74
2026-01-19 01:18:00+00:00,-6.08,4.13,2.59,145.81,19.40,7.79
2026-01-19 01:19:00+00:00,-6.44,3.24,2.95,153.30,22.25,7.79
2026-01-19 01:20:00+00:00,-5.80,4.53,2.48,142.03,18.64,7.77
2026-01-19 01:21:00+00:00,-5.10,5.20,2.27,134.45,17.32,7.63
2026-01-19 01:22:00+00:00,-5.41,4.23,3.41,142.02,26.39,7.67
2026-01-19 01:23:00+00:00,-5.41,5.18,1.73,136.24,13.04,7.68
2026-01-19 01:24:00+00:00,-5.56,4.97,1.97,138.20,14.82,7.71
2026-01-19 01:25:00+00:00,-5.66,5.14,1.39,137.77,10.33,7.77
2026-01-19 01:26:00+00:00,-5.81,4.92,0.97,139.79,7.24,7.68
2026-01-19 01:27:00+00:00,-5.75,4.35,2.83,142.92,21.41,7.74
2026-01-19 01:28:00+00:00,-6.10,4.01,2.67,146.66,20.11,7.78
2026-01-19 01:29:00+00:00,-6.81,2.99,2.62,156.30,19.40,7.88
2026-01-19 01:30:00+00:00,-6.91,2.32,2.98,161.43,22.20,7.88
2026-01-19 01:31:00+00:00,-6.35,3.31,3.08,152.47,23.28,7.79
2026-01-19 01:32:00+00:00,-6.54,2.77,3.42,157.01,25.68,7.88
2026-01-19 01:33:00+00:00,-6.30,2.76,3.80,156.31,28.92,7.86
2026-01-19 01:34:00+00:00,-6.30,3.71,2.80,149.50,21.00,7.83
2026-01-19 01:35:00+00:00,-5.87,3.84,3.45,146.85,26.21,7.82
2026-01-19 01:36:00+00:00,-5.69,3.65,4.01,147.35,30.69,7.86
2026-01-19 01:37:00+00:00,-5.47,4.73,2.89,139.13,21.81,7.79
2026-01-19 01:38:00+00:00,-4.40,5.63,2.79,128.06,21.33,7.67
2026-01-19 01:39:00+00:00,-5.11,4.79,3.44,136.90,26.19,7.81
2026-01-19 01:40:00+00:00,-6.33,2.90,3.85,155.38,28.94,7.96
2026-01-19 01:41:00+00:00,-6.47,2.75,3.84,157.01,28.61,8.01
2026-01-19 01:42:00+00:00,-5.01,4.54,3.87,137.82,29.79,7.79
2026-01-19 01:43:00+00:00,-4.98,4.47,4.03,138.13,31.05,7.81
2026-01-19 01:44:00+00:00,-5.13,4.23,4.18,140.46,32.13,7.85
2026-01-19 01:45:00+00:00,-5.34,3.80,4.37,144.53,33.70,7.88
2026-01-19 01:46:00+00:00,-5.17,3.93,4.42,142.78,34.22,7.86
2026-01-19 01:47:00+00:00,-4.86,3.87,4.81,141.50,37.72,7.85
2026-01-19 01:48:00+00:00,-4.78,3.87,4.92,141.03,38.67,7.87
2026-01-19 01:49:00+00:00,-4.84,3.10,5.35,147.37,42.98,7.85
2026-01-19 01:50:00+00:00,-5.02,2.93,5.23,149.75,42.00,7.82
2026-01-19 01:51:00+00:00,-5.61,2.94,4.81,152.36,37.24,7.95
2026-01-19 01:52:00+00:00,-5.57,3.13,4.82,150.64,37.06,8.00
2026-01-19 01:53:00+00:00,-5.96,3.15,4.60,152.16,34.28,8.16
2026-01-19 01:54:00+00:00,-6.03,3.03,4.80,153.30,35.43,8.28
2026-01-19 01:55:00+00:00,-6.10,2.66,4.98,156.45,36.81,8.31
2026-01-19 01:56:00+00:00,-6.44,2.64,4.48,157.70,32.75,8.28
2026-01-19 01:57:00+00:00,-6.48,2.63,4.50,157.90,32.78,8.32
2026-01-19 01:58:00+00:00,-6.62,1.76,4.73,165.10,34.65,8.33
2026-01-19 01:59:00+00:00,-6.85,1.46,4.41,167.98,32.20,8.27
2026-01-19 02:00:00+00:00,-7.14,2.73,3.34,159.08,23.60,8.34
2026-01-19 02:01:00+00:00,-6.80,2.71,3.94,158.30,28.28,8.31
2026-01-19 02:02:00+00:00,-6.23,3.24,4.33,152.54,31.62,8.25
2026-01-19 02:03:00+00:00,-6.79,2.49,4.05,159.85,29.25,8.29
2026-01-19 02:04:00+00:00,-6.97,2.86,3.72,157.70,26.28,8.40
2026-01-19 02:05:00+00:00,-6.65,2.32,4.46,160.75,32.31,8.34
2026-01-19 02:06:00+00:00,-6.91,2.21,4.30,162.25,30.65,8.43
2026-01-19 02:07:00+00:00,-6.63,2.09,4.64,162.51,33.70,8.36
2026-01-19 02:08:00+00:00,-6.07,3.87,4.21,147.49,30.32,8.33
2026-01-19 02:09:00+00:00,-6.75,3.76,3.28,150.87,22.99,8.39
2026-01-19 02:10:00+00:00,-6.90,3.36,3.56,154.06,24.85,8.46
2026-01-19 02:11:00+00:00,-7.00,3.46,3.33,153.67,23.09,8.49
2026-01-19 02:12:00+00:00,-7.12,3.73,2.88,152.36,19.69,8.54
2026-01-19 02:13:00+00:00,-6.93,3.86,2.77,150.88,19.27,8.40
2026-01-19 02:14:00+00:00,-7.01,3.89,2.75,151.00,18.92,8.47
2026-01-19 02:15:00+00:00,-7.29,3.53,2.79,154.16,19.02,8.56
2026-01-19 02:16:00+00:00,-7.21,3.52,2.73,153.95,18.76,8.47
2026-01-19 02:17:00+00:00,-7.15,4.03,1.84,150.60,12.63,8.41
2026-01-19 02:18:00+00:00,-7.33,3.91,1.65,151.92,11.22,8.47
2026-01-19 02:19:00+00:00,-7.74,3.48,0.39,155.77,2.64,8.50
2026-01-19 02:20:00+00:00,-7.04,4.39,1.07,148.08,7.35,8.36
2026-01-19 02:21:00+00:00,-5.70,5.22,2.85,137.54,20.27,8.24
2026-01-19 02:22:00+00:00,-5.96,5.36,1.26,138.00,8.94,8.11
2026-01-19 02:23:00+00:00,-6.86,4.37,2.00,147.47,13.82,8.37
2026-01-19 02:24:00+00:00,-7.24,4.14,1.31,150.24,8.92,8.44
2026-01-19 02:25:00+00:00,-6.73,4.64,1.73,145.41,11.96,8.35
2026-01-19 02:26:00+00:00,-7.55,3.58,1.23,154.63,8.39,8.45
2026-01-19 02:27:00+00:00,-5.89,4.51,3.42,142.60,24.73,8.17
2026-01-19 02:28:00+00:00,-6.07,4.43,3.74,143.89,26.46,8.40
2026-01-19 02:29:00+00:00,-6.45,4.54,3.04,144.87,21.08,8.45
2026-01-19 02:30:00+00:00,-6.68,4.34,3.14,146.98,21.51,8.56
2026-01-19 02:31:00+00:00,-7.37,3.89,2.23,152.19,14.97,8.62
2026-01-19 02:32:00+00:00,-7.63,3.60,1.85,154.72,12.38,8.64
2026-01-19 02:33:00+00:00,-7.98,3.15,0.22,158.46,1.48,8.58
2026-01-19 02:34:00+00:00,-8.37,2.18,-0.22,165.40,-1.48,8.65
2026-01-19 02:35:00+00:00,-7.58,3.88,1.36,152.89,9.08,8.62
2026-01-19 02:36:00+00:00,-7.46,3.93,1.49,152.25,10.01,8.56
2026-01-19 02:37:00+00:00,-8.02,3.16,-0.02,158.50,-0.16,8.62
2026-01-19 02:38:00+00:00,-8.26,2.12,-0.90,165.59,-6.03,8.57
2026-01-19 02:39:00+00:00,-8.35,1.94,-1.11,166.91,-7.35,8.64
2026-01-19 02:40:00+00:00,-8.48,1.53,-1.06,169.74,-6.99,8.68
2026-01-19 02:41:00+00:00,-8.51,1.47,-1.16,170.20,-7.62,8.71
2026-01-19 02:42:00+00:00,-8.47,1.67,-0.98,168.87,-6.46,8.69
2026-01-19 02:43:00+00:00,-8.08,2.86,-1.06,160.51,-7.08,8.64
2026-01-19 02:44:00+00:00,-8.31,2.46,-1.01,163.51,-6.65,8.72
2026-01-19 02:45:00+00:00,-8.44,2.60,-1.09,162.89,-7.05,8.90
2026-01-19 02:46:00+00:00,-8.40,2.37,-1.07,164.27,-6.99,8.79
2026-01-19 02:47:00+00:00,-8.33,2.48,-1.10,163.43,-7.21,8.76
2026-01-19 02:48:00+00:00,-8.28,2.60,-0.97,162.54,-6.38,8.73
2026-01-19 02:49:00+00:00,-8.31,2.64,-0.89,162.39,-5.86,8.76
2026-01-19 02:50:00+00:00,-8.33,2.51,-0.99,163.20,-6.50,8.75
2026-01-19 02:51:00+00:00,-8.27,2.89,-0.77,160.75,-5.00,8.79
2026-01-19 02:52:00+00:00,-8.04,3.13,-1.44,158.73,-9.46,8.75
2026-01-19 02:53:00+00:00,-8.09,3.02,-0.57,159.50,-3.75,8.66
2026-01-19 02:54:00+00:00,-8.00,3.32,-0.70,157.47,-4.65,8.69
2026-01-19 02:55:00+00:00,-7.87,3.58,-0.59,155.51,-3.91,8.67
2026-01-19 02:56:00+00:00,-7.67,4.08,0.60,152.01,3.94,8.71
2026-01-19 02:57:00+00:00,-7.59,4.09,1.06,151.67,7.00,8.69
2026-01-19 02:58:00+00:00,-7.46,4.01,1.41,151.73,9.43,8.58
2026-01-19 02:59:00+00:00,-7.83,3.59,0.54,155.34,3.60,8.63
2026-01-19 03:00:00+00:00,-7.99,3.08,-0.40,158.90,-2.68,8.58
2026-01-19 03:01:00+00:00,-8.04,2.88,-1.17,160.31,-7.81,8.61
2026-01-19 03:02:00+00:00,-7.86,3.32,-0.91,157.09,-6.09,8.59
2026-01-19 03:03:00+00:00,-7.82,3.56,-0.84,155.54,-5.58,8.63
2026-01-19 03:04:00+00:00,-7.95,3.05,-1.32,159.02,-8.79,8.61
2026-01-19 03:05:00+00:00,-7.96,2.74,-1.62,161.00,-10.89,8.57
2026-01-19 03:06:00+00:00,-7.67,3.79,-0.85,153.73,-5.65,8.60
2026-01-19 03:07:00+00:00,-7.58,3.77,-0.98,153.59,-6.63,8.53
2026-01-19 03:08:00+00:00,-7.61,3.76,-1.05,153.73,-7.04,8.55
2026-01-19 03:09:00+00:00,-7.77,3.69,-0.87,154.61,-5.75,8.65
2026-01-19 03:10:00+00:00,-7.64,3.72,-0.93,154.06,-6.22,8.54
2026-01-19 03:11:00+00:00,-7.77,3.38,-0.86,156.47,-5.78,8.52
2026-01-19 03:12:00+00:00,-7.77,3.40,-0.76,156.40,-5.15,8.52
2026-01-19 03:13:00+00:00,-7.78,3.57,-0.73,155.36,-4.88,8.60
2026-01-19 03:14:00+00:00,-7.60,3.77,-0.81,153.65,-5.46,8.52
2026-01-19 03:15:00+00:00,-7.53,4.02,-1.00,151.91,-6.68,8.59
2026-01-19 03:16:00+00:00,-7.62,3.95,-0.77,152.60,-5.13,8.62
2026-01-19 03:17:00+00:00,-8.09,3.11,0.03,158.97,0.18,8.67
2026-01-19 03:18:00+00:00,-7.88,3.50,0.08,156.04,0.54,8.62
2026-01-19 03:19:00+00:00,-8.22,2.78,1.02,161.29,6.67,8.74
2026-01-19 03:20:00+00:00,-8.30,2.38,1.24,164.00,8.14,8.72
2026-01-19 03:21:00+00:00,-8.41,2.41,0.47,163.97,3.10,8.76
2026-01-19 03:22:00+00:00,-8.16,3.01,-0.28,159.75,-1.84,8.70
2026-01-19 03:23:00+00:00,-8.36,2.61,0.31,162.65,2.02,8.76
2026-01-19 03:24:00+00:00,-8.22,2.96,0.29,160.18,1.90,8.74
2026-01-19 03:25:00+00:00,-7.85,3.82,-0.30,154.04,-1.97,8.73
2026-01-19 03:26:00+00:00,-8.20,3.02,0.16,159.81,1.03,8.74
2026-01-19 03:27:00+00:00,-8.03,3.16,-0.66,158.49,-4.35,8.66
2026-01-19 03:28:00+00:00,-8.45,2.02,1.29,166.58,8.42,8.78
2026-01-19 03:29:00+00:00,-8.34,2.28,0.65,164.69,4.31,8.67
2026-01-19 03:30:00+00:00,-8.28,2.19,0.93,165.18,6.18,8.62
2026-01-19 03:31:00+00:00,-8.31,2.30,0.64,164.53,4.25,8.65
2026-01-19 03:32:00+00:00,-8.36,1.57,1.15,169.34,7.67,8.58
2026-01-19 03:33:00+00:00,-8.39,0.94,1.20,173.63,8.09,8.53
2026-01-19 03:34:00+00:00,-8.39,0.71,1.04,175.16,7.02,8.49
2026-01-19 03:35:00+00:00,-8.38,0.23,1.24,178.42,8.44,8.48
2026-01-19 03:36:00+00:00,-8.38,0.45,1.47,176.89,9.93,8.52
2026-01-19 03:37:00+00:00,-8.31,0.46,1.66,176.84,11.30,8.49
2026-01-19 03:38:00+00:00,-8.27,0.50,1.73,176.56,11.80,8.46
2026-01-19 03:39:00+00:00,-8.30,0.48,1.54,176.70,10.49,8.45
2026-01-19 03:40:00+00:00,-8.36,0.93,1.35,173.68,9.10,8.52
2026-01-19 03:41:00+00:00,-8.42,0.75,1.25,174.93,8.40,8.54
2026-01-19 03:42:00+00:00,-8.20,1.50,1.46,169.62,9.95,8.47
2026-01-19 03:43:00+00:00,-8.17,1.76,1.23,167.83,8.37,8.45
2026-01-19 03:44:00+00:00,-8.13,1.71,1.17,168.11,8.03,8.39
2026-01-19 03:45:00+00:00,-8.01,2.31,0.91,163.89,6.24,8.39
2026-01-19 03:46:00+00:00,-7.98,2.30,1.13,163.95,7.75,8.38
2026-01-19 03:47:00+00:00,-8.08,2.52,0.68,162.70,4.62,8.49
2026-01-19 03:48:00+00:00,-8.12,2.46,0.91,163.16,6.13,8.53
2026-01-19 03:49:00+00:00,-8.02,2.77,0.76,160.92,5.09,8.52
2026-01-19 03:50:00+00:00,-8.09,2.63,0.65,161.98,4.40,8.53
2026-01-19 03:51:00+00:00,-8.19,2.20,0.67,164.93,4.52,8.51
2026-01-19 03:52:00+00:00,-8.06,2.29,0.74,164.17,5.04,8.42
2026-01-19 03:53:00+00:00,-7.72,3.28,0.10,157.01,0.72,8.39
2026-01-19 03:54:00+00:00,-7.81,3.07,0.38,158.56,2.60,8.40
2026-01-19 03:55:00+00:00,-7.89,2.85,0.67,160.13,4.59,8.41
2026-01-19 03:56:00+00:00,-7.91,2.65,0.78,161.47,5.36,8.38
2026-01-19 03:57:00+00:00,-7.77,2.89,0.54,159.62,3.72,8.31
2026-01-19 03:58:00+00:00,-7.78,2.99,0.47,158.99,3.22,8.34
2026-01-19 03:59:00+00:00,-7.75,2.23,0.84,163.92,5.92,8.11
2026-01-19 04:00:00+00:00,-7.86,2.61,0.78,161.62,5.35,8.32
2026-01-19 04:01:00+00:00,-8.05,2.49,0.98,162.82,6.64,8.48
2026-01-19 04:02:00+00:00,-8.16,2.22,0.99,164.76,6.64,8.52
2026-01-19 04:03:00+00:00,-8.19,2.28,0.65,164.44,4.38,8.53
2026-01-19 04:04:00+00:00,-8.18,2.19,0.70,164.99,4.75,8.50
2026-01-19 04:05:00+00:00,-8.11,2.49,0.39,162.94,2.60,8.50
2026-01-19 04:06:00+00:00,-8.01,2.78,0.20,160.85,1.38,8.48
2026-01-19 04:07:00+00:00,-7.19,2.68,3.14,159.54,22.22,8.29
2026-01-19 04:08:00+00:00,-7.06,2.64,3.78,159.49,26.64,8.43
2026-01-19 04:09:00+00:00,-7.47,2.32,3.24,162.76,22.52,8.46
2026-01-19 04:10:00+00:00,-7.55,1.77,3.60,166.78,24.88,8.55
2026-01-19 04:11:00+00:00,-7.40,1.75,3.75,166.67,26.25,8.47
2026-01-19 04:12:00+00:00,-7.42,1.86,3.66,165.96,25.59,8.48
2026-01-19 04:13:00+00:00,-7.51,2.03,3.36,164.88,23.38,8.47
2026-01-19 04:14:00+00:00,-7.57,2.10,3.29,164.48,22.76,8.51
2026-01-19 04:15:00+00:00,-7.34,2.62,3.35,160.39,23.26,8.48
2026-01-19 04:16:00+00:00,-7.66,2.03,2.96,165.13,20.50,8.46
2026-01-19 04:17:00+00:00,-7.66,2.22,2.80,163.85,19.33,8.45
2026-01-19 04:18:00+00:00,-7.06,3.67,2.74,152.52,19.02,8.41
2026-01-19 04:19:00+00:00,-7.79,0.00,2.70,180.03,19.14,8.25
2026-01-19 04:20:00+00:00,-7.86,-1.67,2.66,191.97,18.29,8.47
2026-01-19 04:21:00+00:00,-7.90,-0.62,2.87,184.45,19.91,8.43
2026-01-19 04:22:00+00:00,-8.07,0.45,2.12,176.81,14.71,8.36
2026-01-19 04:23:00+00:00,-8.20,0.05,1.65,179.65,11.36,8.37
2026-01-19 04:25:00+00:00,-8.13,0.72,1.51,174.91,10.49,8.30
2026-01-19 04:26:00+00:00,-8.17,0.67,1.40,175.30,9.66,8.32
2026-01-19 04:27:00+00:00,-8.21,0.08,1.25,179.45,8.65,8.30
2026-01-19 04:28:00+00:00,-8.13,-0.18,1.25,181.25,8.71,8.23
2026-01-19 04:29:00+00:00,-8.23,-0.37,0.55,182.57,3.82,8.25
2026-01-19 04:30:00+00:00,-8.24,-0.30,0.81,182.08,5.60,8.28
2026-01-19 04:31:00+00:00,-8.23,-0.53,1.05,183.71,7.23,8.32
2026-01-19 04:32:00+00:00,-8.23,-0.57,1.33,183.95,9.13,8.35
2026-01-19 04:33:00+00:00,-8.23,-0.71,1.31,184.96,9.05,8.36
2026-01-19 04:34:00+00:00,-8.16,-0.87,1.14,186.12,7.93,8.28
2026-01-19 04:35:00+00:00,-8.25,-0.77,1.07,185.31,7.38,8.36
2026-01-19 04:36:00+00:00,-8.22,-0.75,1.17,185.22,8.09,8.34
2026-01-19 04:37:00+00:00,-8.18,-0.57,1.19,184.01,8.25,8.29
2026-01-19 04:38:00+00:00,-8.20,-0.52,1.13,183.62,7.85,8.30
2026-01-19 04:39:00+00:00,-8.26,-0.39,1.41,182.72,9.68,8.39
2026-01-19 04:40:00+00:00,-8.09,-0.96,1.74,186.74,12.05,8.33
2026-01-19 04:41:00+00:00,-7.41,0.03,3.15,179.75,23.06,8.05
2026-01-19 04:42:00+00:00,-7.82,0.07,2.79,179.51,19.66,8.30
2026-01-19 04:43:00+00:00,-8.31,-0.27,1.92,181.86,13.00,8.53
2026-01-19 04:44:00+00:00,-8.08,0.36,2.33,177.48,16.10,8.42
2026-01-19 04:45:00+00:00,-7.67,-0.24,3.29,181.80,23.19,8.34
2026-01-19 04:46:00+00:00,-7.24,-0.59,4.15,184.70,29.76,8.36
2026-01-19 04:47:00+00:00,-6.93,-1.11,4.45,189.09,32.37,8.31
2026-01-19 04:48:00+00:00,-6.88,-1.27,4.43,190.42,32.32,8.28
2026-01-19 04:49:00+00:00,-7.27,-0.44,4.10,183.43,29.42,8.36
2026-01-19 04:50:00+00:00,-7.01,-0.51,4.38,184.14,31.90,8.28
2026-01-19 04:51:00+00:00,-7.40,-0.18,3.76,181.38,26.95,8.31
2026-01-19 04:52:00+00:00,-7.21,-0.28,4.09,182.24,29.57,8.29
2026-01-19 04:53:00+00:00,-6.67,-0.75,4.74,186.38,35.23,8.22
2026-01-19 04:54:00+00:00,-7.43,-0.53,3.72,184.09,26.50,8.33
2026-01-19 04:55:00+00:00,-7.36,-0.70,3.75,185.44,26.86,8.29
2026-01-19 04:56:00+00:00,-7.21,-0.41,4.16,183.24,29.92,8.33
2026-01-19 04:57:00+00:00,-7.19,-0.67,4.18,185.31,30.07,8.35
2026-01-19 04:58:00+00:00,-7.35,-0.66,3.90,185.15,27.87,8.35
2026-01-19 04:59:00+00:00,-7.72,-1.29,3.19,189.49,22.14,8.45
2026-01-19 05:00:00+00:00,-7.80,-1.17,2.86,188.52,19.93,8.38
2026-01-19 05:01:00+00:00,-7.63,-1.08,3.28,188.04,23.07,8.38
2026-01-19 05:02:00+00:00,-7.91,-1.28,2.72,189.22,18.76,8.46
2026-01-19 05:03:00+00:00,-7.97,-1.32,2.48,189.43,17.06,8.45
2026-01-19 05:04:00+00:00,-7.98,-2.00,1.79,194.04,12.26,8.42
2026-01-19 05:05:00+00:00,-7.83,-1.93,2.18,193.88,15.15,8.35
2026-01-19 05:06:00+00:00,-7.75,-1.01,3.21,187.45,22.36,8.45
2026-01-19 05:07:00+00:00,-8.01,-1.06,2.36,187.51,16.30,8.41
2026-01-19 05:08:00+00:00,-8.22,-0.79,1.80,185.52,12.28,8.45
2026-01-19 05:09:00+00:00,-8.17,-0.95,1.90,186.63,13.01,8.44
2026-01-19 05:10:00+00:00,-8.00,-1.18,2.58,188.42,17.67,8.49
2026-01-19 05:11:00+00:00,-7.95,-1.30,2.81,189.30,19.25,8.53
2026-01-19 05:12:00+00:00,-7.69,-1.24,2.99,189.14,20.96,8.35
2026-01-19 05:13:00+00:00,-7.60,-1.35,3.35,190.05,23.44,8.41
2026-01-19 05:14:00+00:00,-7.61,-1.61,3.57,191.93,24.65,8.56
2026-01-19 05:15:00+00:00,-8.29,-1.05,1.53,187.21,10.37,8.50
2026-01-19 05:16:00+00:00,-8.42,-1.15,1.23,187.78,8.21,8.59
2026-01-19 05:17:00+00:00,-8.33,-0.68,-0.17,184.64,-1.19,8.36
2026-01-19 05:18:00+00:00,-8.43,0.46,-0.39,176.90,-2.66,8.45
2026-01-19 05:19:00+00:00,-8.07,1.86,-1.50,167.02,-10.27,8.41
2026-01-19 05:20:00+00:00,-8.17,1.60,-1.38,168.93,-9.41,8.44
2026-01-19 05:21:00+00:00,-8.35,0.00,0.42,180.00,2.90,8.36
2026-01-19 05:22:00+00:00,-8.25,-1.24,0.96,188.55,6.58,8.40
2026-01-19 05:23:00+00:00,-8.31,-0.82,0.93,185.63,6.35,8.40
2026-01-19 05:24:00+00:00,-8.26,-0.65,0.55,184.48,3.82,8.30
2026-01-19 05:25:00+00:00,-8.19,-0.70,0.13,184.90,0.93,8.22
2026-01-19 05:26:00+00:00,-8.09,-1.09,0.32,187.70,2.24,8.17
2026-01-19 05:27:00+00:00,-7.96,-1.55,1.30,190.99,9.11,8.21
2026-01-19 05:28:00+00:00,-8.14,-1.11,-0.08,187.74,-0.58,8.22
2026-01-19 05:29:00+00:00,-8.20,-0.91,0.20,186.31,1.37,8.25
2026-01-19 05:30:00+00:00,-8.27,-0.74,0.81,185.14,5.61,8.34
2026-01-19 05:31:00+00:00,-8.33,-0.24,0.43,181.65,2.94,8.35
2026-01-19 05:32:00+00:00,-8.21,-0.43,1.13,183.00,7.80,8.29
2026-01-19 05:34:00+00:00,-8.10,-0.32,1.68,182.29,11.69,8.28
2026-01-19 05:35:00+00:00,-8.07,-0.55,1.50,183.91,10.48,8.22
2026-01-19 05:36:00+00:00,-8.12,-0.80,0.86,185.61,6.05,8.20
2026-01-19 05:37:00+00:00,-8.18,-1.06,0.98,187.42,6.80,8.30
2026-01-19 05:38:00+00:00,-8.07,-1.10,1.03,187.76,7.23,8.21
2026-01-19 05:39:00+00:00,-7.91,-1.76,1.26,192.51,8.84,8.20
2026-01-19 05:40:00+00:00,-7.96,-1.31,1.55,189.33,10.85,8.22
2026-01-19 05:41:00+00:00,-7.96,-1.23,1.48,188.77,10.43,8.19
2026-01-19 05:42:00+00:00,-8.06,-1.55,1.29,190.86,8.94,8.30
2026-01-19 05:43:00+00:00,-8.17,-0.56,0.55,183.90,3.82,8.21
2026-01-19 05:44:00+00:00,-8.21,-0.52,0.59,183.62,4.09,8.25
2026-01-19 05:45:00+00:00,-8.28,-0.12,0.84,180.86,5.82,8.32
2026-01-19 05:46:00+00:00,-8.17,-0.05,1.14,180.38,7.97,8.25
2026-01-19 05:47:00+00:00,-8.04,-1.09,0.80,187.73,5.65,8.15
2026-01-19 05:48:00+00:00,-8.11,-1.63,0.46,191.35,3.15,8.28
2026-01-19 05:49:00+00:00,-8.05,-1.26,1.64,188.91,11.36,8.31
2026-01-19 05:50:00+00:00,-7.89,-1.75,1.99,192.52,13.86,8.33
2026-01-19 05:51:00+00:00,-7.99,-1.55,2.01,190.94,13.89,8.39
2026-01-19 05:52:00+00:00,-8.09,-0.97,1.85,186.84,12.83,8.35
2026-01-19 05:53:00+00:00,-8.23,-0.29,0.90,182.03,6.23,8.28
2026-01-19 05:54:00+00:00,-8.17,0.13,1.08,179.12,7.53,8.24
2026-01-19 05:55:00+00:00,-8.23,-0.01,1.28,180.07,8.84,8.33
2026-01-19 05:56:00+00:00,-8.23,0.35,0.94,177.53,6.52,8.29
2026-01-19 05:57:00+00:00,-8.21,0.31,1.08,177.84,7.46,8.29
2026-01-19 05:58:00+00:00,-8.22,0.58,0.94,175.95,6.51,8.30
2026-01-19 05:59:00+00:00,-8.17,0.71,0.80,175.02,5.58,8.24
2026-01-19 06:00:00+00:00,-8.06,1.16,0.66,171.78,4.64,8.17
2026-01-19 06:01:00+00:00,-8.15,1.21,0.75,171.57,5.23,8.27
2026-01-19 06:02:00+00:00,-8.09,1.75,0.39,167.83,2.72,8.29
2026-01-19 06:03:00+00:00,-7.97,2.31,0.30,163.82,2.04,8.30
2026-01-19 06:04:00+00:00,-8.00,2.13,0.01,165.09,0.10,8.28
2026-01-19 06:05:00+00:00,-7.98,2.22,0.19,164.46,1.32,8.28
2026-01-19 06:06:00+00:00,-7.79,2.78,-0.04,160.33,-0.28,8.27
2026-01-19 06:07:00+00:00,-7.80,2.54,0.08,161.97,0.58,8.20
2026-01-19 06:08:00+00:00,-7.77,2.66,0.39,161.08,2.72,8.22
2026-01-19 06:09:00+00:00,-7.86,2.54,1.21,162.13,8.32,8.35
2026-01-19 06:10:00+00:00,-7.91,1.79,2.15,167.27,14.82,8.39
2026-01-19 06:11:00+00:00,-7.66,2.83,0.93,159.77,6.51,8.22
2026-01-19 06:12:00+00:00,-8.12,0.59,1.62,175.84,11.24,8.30
2026-01-19 06:13:00+00:00,-8.02,0.60,2.11,175.69,14.67,8.31
2026-01-19 06:14:00+00:00,-7.88,0.45,2.85,176.73,19.88,8.39
2026-01-19 06:15:00+00:00,-7.87,1.05,2.86,172.37,19.82,8.44
2026-01-19 06:16:00+00:00,-7.73,0.83,3.06,173.88,21.48,8.36
2026-01-19 06:17:00+00:00,-7.94,0.69,2.62,175.02,18.20,8.39
2026-01-19 06:18:00+00:00,-8.00,1.06,2.60,172.45,17.86,8.48
2026-01-19 06:19:00+00:00,-8.11,1.14,2.04,172.01,13.98,8.44
2026-01-19 06:20:00+00:00,-8.32,-0.41,1.78,182.80,12.04,8.51
2026-01-19 06:21:00+00:00,-8.18,0.14,2.13,179.04,14.56,8.45
2026-01-19 06:22:00+00:00,-8.13,0.33,2.26,177.70,15.50,8.45
2026-01-19 06:23:00+00:00,-8.19,-0.35,2.14,182.45,14.63,8.48
2026-01-19 06:24:00+00:00,-8.11,-0.41,2.32,182.88,15.98,8.44
2026-01-19 06:25:00+00:00,-8.14,0.17,2.16,178.84,14.82,8.42
2026-01-19 06:26:00+00:00,-8.19,0.09,2.14,179.40,14.65,8.47
2026-01-19 06:27:00+00:00,-8.24,0.43,2.01,177.04,13.70,8.49
2026-01-19 06:28:00+00:00,-8.26,0.57,1.87,176.06,12.69,8.49
2026-01-19 06:29:00+00:00,-8.23,0.35,2.03,177.57,13.86,8.48
2026-01-19 06:30:00+00:00,-8.28,0.04,2.04,179.75,13.85,8.53
2026-01-19 06:31:00+00:00,-8.24,0.18,2.11,178.75,14.38,8.51
2026-01-19 06:32:00+00:00,-8.18,0.42,2.35,177.09,16.02,8.52
2026-01-19 06:33:00+00:00,-8.05,0.67,2.55,175.24,17.51,8.47
2026-01-19 06:34:00+00:00,-7.88,0.99,2.93,172.85,20.23,8.47
2026-01-19 06:35:00+00:00,-7.92,0.87,2.97,173.76,20.44,8.51
2026-01-19 06:36:00+00:00,-8.12,0.84,2.50,174.09,17.00,8.54
2026-01-19 06:37:00+00:00,-8.09,0.78,2.51,174.48,17.14,8.50
2026-01-19 06:38:00+00:00,-8.06,0.98,2.51,173.03,17.16,8.49
2026-01-19 06:39:00+00:00,-8.14,0.90,2.06,173.70,14.13,8.44
2026-01-19 06:40:00+00:00,-7.86,0.91,2.70,173.40,18.86,8.36
2026-01-19 06:41:00+00:00,-7.84,1.10,2.82,171.99,19.63,8.40
2026-01-19 06:42:00+00:00,-7.85,1.42,2.71,169.78,18.76,8.43
2026-01-19 06:43:00+00:00,-7.99,0.89,2.78,173.61,19.06,8.50
2026-01-19 06:44:00+00:00,-8.04,1.35,2.31,170.46,15.81,8.48
2026-01-19 06:45:00+00:00,-8.07,1.14,1.97,171.93,13.62,8.39
2026-01-19 06:46:00+00:00,-8.07,1.53,1.88,169.25,12.86,8.43
2026-01-19 06:47:00+00:00,-8.13,0.97,2.12,173.20,14.53,8.46
2026-01-19 06:48:00+00:00,-8.07,0.82,2.18,174.16,15.05,8.40
2026-01-19 06:49:00+00:00,-8.09,0.98,1.92,173.12,13.27,8.38
2026-01-19 06:50:00+00:00,-8.12,0.82,2.05,174.21,14.12,8.41
2026-01-19 06:51:00+00:00,-8.32,0.29,1.82,177.98,12.32,8.52
2026-01-19 06:52:00+00:00,-8.40,0.63,1.60,175.72,10.74,8.57
2026-01-19 06:53:00+00:00,-8.38,0.64,1.09,175.66,7.36,8.47
2026-01-19 06:54:00+00:00,-8.40,-0.02,0.83,180.15,5.63,8.44
2026-01-19 06:55:00+00:00,-8.34,-0.42,0.59,182.89,4.04,8.37
2026-01-19 06:56:00+00:00,-7.97,1.04,1.90,172.59,13.31,8.26
2026-01-19 06:57:00+00:00,-8.03,0.85,1.92,173.94,13.35,8.30
2026-01-19 06:58:00+00:00,-7.84,1.34,2.07,170.29,14.57,8.21
2026-01-19 06:59:00+00:00,-7.88,1.11,2.14,171.97,15.06,8.24
2026-01-19 07:00:00+00:00,-7.42,1.85,2.85,165.98,20.41,8.16
2026-01-19 07:01:00+00:00,-7.24,1.97,2.99,164.82,21.72,8.08
2026-01-19 07:02:00+00:00,-7.61,1.51,2.75,168.80,19.51,8.23
2026-01-19 07:03:00+00:00,-7.68,1.31,2.59,170.32,18.36,8.21
2026-01-19 07:04:00+00:00,-7.54,1.53,3.04,168.55,21.55,8.27
2026-01-19 07:05:00+00:00,-7.88,1.16,2.06,171.59,14.51,8.23
2026-01-19 07:06:00+00:00,-7.82,2.19,1.45,164.34,10.09,8.25
2026-01-19 07:07:00+00:00,-7.84,1.82,1.40,166.96,9.88,8.16
2026-01-19 07:08:00+00:00,-8.06,0.85,0.82,173.99,5.79,8.14
2026-01-19 07:09:00+00:00,-7.78,1.69,1.75,167.77,12.42,8.16
2026-01-19 07:10:00+00:00,-7.97,1.34,2.27,170.44,15.69,8.40
2026-01-19 07:11:00+00:00,-7.89,1.23,2.62,171.16,18.18,8.40
2026-01-19 07:12:00+00:00,-7.83,0.56,2.93,175.90,20.43,8.38
2026-01-19 07:13:00+00:00,-7.85,-1.29,0.91,189.32,6.56,8.00
2026-01-19 07:14:00+00:00,-7.71,-2.54,-0.79,198.26,-5.53,8.15
2026-01-19 07:15:00+00:00,-7.23,-3.12,-1.76,203.35,-12.57,8.07
2026-01-19 07:16:00+00:00,-7.77,-0.95,1.69,186.97,12.20,8.01
2026-01-19 07:17:00+00:00,-8.00,-0.48,1.95,183.40,13.64,8.25
2026-01-19 07:18:00+00:00,-8.08,-0.32,1.89,182.27,13.14,8.30
2026-01-19 07:19:00+00:00,-7.90,-1.23,2.55,188.84,17.70,8.39
2026-01-19 07:20:00+00:00,-8.11,-0.92,1.64,186.50,11.36,8.33
2026-01-19 08:07:00+00:00,-8.05,1.79,0.22,167.45,1.56,8.25
2026-01-19 08:08:00+00:00,-8.01,1.48,0.08,169.54,0.54,8.15
2026-01-19 08:09:00+00:00,-8.03,1.21,0.08,171.42,0.56,8.12
2026-01-19 08:10:00+00:00,-7.97,1.48,0.07,169.46,0.51,8.11
2026-01-19 08:11:00+00:00,-7.99,1.50,-0.03,169.36,-0.20,8.13
2026-01-19 08:12:00+00:00,-7.86,1.58,-0.10,168.62,-0.71,8.02
2026-01-19 08:13:00+00:00,-7.94,1.29,-0.18,170.79,-1.28,8.05
2026-01-19 08:14:00+00:00,-7.86,1.34,0.30,170.30,2.17,7.98
2026-01-19 08:15:00+00:00,-7.83,1.41,0.28,169.80,2.00,7.96
2026-01-19 08:16:00+00:00,-7.72,1.67,0.21,167.78,1.52,7.90
2026-01-19 08:17:00+00:00,-7.73,1.75,0.26,167.28,1.91,7.93
2026-01-19 08:18:00+00:00,-7.64,2.00,0.53,165.34,3.82,7.92
2026-01-19 08:19:00+00:00,-7.49,1.94,-0.08,165.46,-0.62,7.74
2026-01-19 08:20:00+00:00,-7.49,1.62,-0.90,167.79,-6.72,7.72
2026-01-19 08:21:00+00:00,-7.42,2.12,-0.71,164.04,-5.23,7.75
2026-01-19 08:22:00+00:00,-7.39,1.95,-0.41,165.21,-3.06,7.66
2026-01-19 08:23:00+00:00,-7.69,1.69,0.16,167.63,1.15,7.87
2026-01-19 08:24:00+00:00,-7.81,1.94,0.13,166.04,0.89,8.05
2026-01-19 08:25:00+00:00,-7.78,2.08,0.35,165.05,2.46,8.06
2026-01-19 08:26:00+00:00,-7.64,2.20,0.43,163.92,3.10,7.96
2026-01-19 08:27:00+00:00,-7.62,2.24,0.20,163.64,1.43,7.94
2026-01-19 08:28:00+00:00,-7.51,2.62,0.17,160.74,1.25,7.95
2026-01-19 08:29:00+00:00,-7.79,1.95,0.62,165.97,4.39,8.05
2026-01-19 08:30:00+00:00,-7.61,2.30,0.27,163.17,1.96,7.96
2026-01-19 08:31:00+00:00,-7.55,2.30,-0.35,163.07,-2.52,7.90
2026-01-19 08:32:00+00:00,-7.58,2.58,-0.19,161.20,-1.38,8.01
2026-01-19 08:33:00+00:00,-7.75,2.00,0.27,165.53,1.94,8.01
2026-01-19 08:34:00+00:00,-7.88,1.09,0.85,172.12,6.13,8.00
2026-01-19 08:35:00+00:00,-7.84,1.70,0.81,167.76,5.75,8.06
2026-01-19 08:36:00+00:00,-7.65,2.31,0.78,163.17,5.57,8.03
2026-01-19 08:37:00+00:00,-7.57,2.20,1.00,163.80,7.26,7.95
2026-01-19 08:38:00+00:00,-7.56,1.73,0.44,167.10,3.28,7.77
2026-01-19 08:39:00+00:00,-7.44,2.04,0.57,164.64,4.25,7.74
2026-01-19 08:40:00+00:00,-7.54,2.48,0.93,161.79,6.70,8.00
2026-01-19 08:41:00+00:00,-7.29,2.28,0.40,162.62,2.98,7.65
2026-01-19 08:42:00+00:00,-7.64,2.23,0.33,163.75,2.41,7.96
2026-01-19 08:43:00+00:00,-7.85,1.80,0.66,167.09,4.69,8.08
2026-01-19 08:44:00+00:00,-7.65,1.95,0.44,165.69,3.19,7.91
2026-01-19 08:45:00+00:00,-7.59,1.79,0.22,166.71,1.64,7.80
2026-01-19 08:46:00+00:00,-7.51,1.84,0.31,166.21,2.32,7.74
2026-01-19 08:47:00+00:00,-7.72,1.45,0.26,169.36,1.89,7.86
2026-01-19 08:48:00+00:00,-7.76,1.23,0.42,170.98,3.04,7.87
2026-01-19 08:49:00+00:00,-7.79,0.84,-0.03,173.82,-0.26,7.83
2026-01-19 08:50:00+00:00,-7.74,0.99,0.23,172.69,1.71,7.80
2026-01-19 08:51:00+00:00,-7.70,0.65,-0.43,175.17,-3.20,7.74
2026-01-19 08:52:00+00:00,-7.67,0.99,-0.58,172.66,-4.32,7.75
2026-01-19 08:53:00+00:00,-7.64,1.64,-0.80,167.89,-5.85,7.85
2026-01-19 08:54:00+00:00,-7.51,1.82,-1.19,166.36,-8.75,7.82
2026-01-19 08:55:00+00:00,-7.31,2.43,-1.23,161.57,-9.08,7.80
2026-01-19 08:56:00+00:00,-7.49,2.22,-1.44,163.51,-10.45,7.94
2026-01-19 08:57:00+00:00,-7.52,1.89,-1.50,165.87,-10.93,7.90
2026-01-19 08:58:00+00:00,-7.21,2.25,-1.70,162.66,-12.71,7.74
2026-01-19 08:59:00+00:00,-7.64,1.08,-1.17,171.93,-8.63,7.81
2026-01-19 09:00:00+00:00,-7.68,1.36,-0.99,169.98,-7.23,7.86
2026-01-19 09:01:00+00:00,-7.97,0.41,-0.53,177.09,-3.79,8.00
2026-01-19 09:02:00+00:00,-7.44,1.42,-0.47,169.19,-3.58,7.59
2026-01-19 09:03:00+00:00,-6.37,3.49,-0.71,151.30,-5.55,7.30
2026-01-19 09:04:00+00:00,-7.82,0.11,0.44,179.19,3.20,7.83
2026-01-19 09:05:00+00:00,-7.92,0.17,0.55,178.74,3.98,7.94
2026-01-19 09:06:00+00:00,-7.91,-0.11,0.66,180.76,4.78,7.94
2026-01-19 09:07:00+00:00,-7.85,1.42,0.05,169.72,0.34,7.97
2026-01-19 09:08:00+00:00,-7.59,2.38,-0.66,162.59,-4.76,7.98
2026-01-19 09:09:00+00:00,-7.13,3.20,-1.10,155.80,-7.99,7.89
2026-01-19 09:10:00+00:00,-6.91,3.19,-2.05,155.23,-15.08,7.88
2026-01-19 09:11:00+00:00,-7.08,2.35,-2.70,161.67,-19.88,7.93
2026-01-19 09:12:00+00:00,-7.33,3.14,-0.12,156.84,-0.85,7.97
2026-01-19 09:13:00+00:00,-7.22,3.32,-0.70,155.32,-5.01,7.97
2026-01-19 09:14:00+00:00,-7.28,3.01,-1.09,157.54,-7.91,7.95
2026-01-19 09:15:00+00:00,-7.28,3.06,-1.43,157.18,-10.28,8.03
2026-01-19 09:16:00+00:00,-7.53,2.62,-1.47,160.78,-10.43,8.10
2026-01-19 09:17:00+00:00,-7.54,2.24,-1.56,163.44,-11.25,8.02
2026-01-19 09:18:00+00:00,-7.56,2.28,-1.73,163.23,-12.36,8.08
2026-01-19 09:19:00+00:00,-7.67,1.76,-1.95,167.09,-13.93,8.11
2026-01-19 09:20:00+00:00,-7.46,2.59,-1.30,160.84,-9.35,8.00
2026-01-19 09:21:00+00:00,-7.47,2.97,-0.59,158.34,-4.18,8.06
2026-01-19 09:22:00+00:00,-7.32,3.29,0.41,155.82,2.89,8.04
2026-01-19 09:23:00+00:00,-7.23,3.55,0.41,153.84,2.93,8.07
2026-01-19 09:24:00+00:00,-7.49,2.81,-0.38,159.40,-2.70,8.01
2026-01-19 09:25:00+00:00,-7.56,2.78,-0.11,159.80,-0.78,8.06
2026-01-19 09:26:00+00:00,-7.56,3.05,-0.13,158.01,-0.90,8.15
2026-01-19 09:27:00+00:00,-7.71,2.92,-0.40,159.25,-2.80,8.25
2026-01-19 09:28:00+00:00,-7.68,2.73,-0.96,160.43,-6.73,8.21
2026-01-19 09:29:00+00:00,-8.00,2.24,-0.78,164.39,-5.36,8.34
2026-01-19 09:30:00+00:00,-7.81,2.51,-0.58,162.20,-4.06,8.22
2026-01-19 09:31:00+00:00,-7.78,2.83,-0.37,160.00,-2.55,8.29
2026-01-19 09:32:00+00:00,-7.90,2.31,-0.84,163.72,-5.81,8.27
2026-01-19 09:33:00+00:00,-7.88,2.32,-1.00,163.63,-6.93,8.28
2026-01-19 09:34:00+00:00,-7.96,1.85,-1.31,166.91,-9.11,8.28
2026-01-19 09:35:00+00:00,-7.89,1.59,-1.52,168.63,-10.69,8.19
2026-01-19 09:36:00+00:00,-7.97,1.74,-1.05,167.71,-7.34,8.22
2026-01-19 09:37:00+00:00,-7.90,1.42,-1.32,169.84,-9.36,8.14
2026-01-19 09:38:00+00:00,-7.47,2.00,-2.39,165.04,-17.18,8.09
2026-01-19 09:39:00+00:00,-7.57,1.71,-2.19,167.24,-15.75,8.06
2026-01-19 09:40:00+00:00,-7.18,2.01,-2.95,164.37,-21.58,8.02
2026-01-19 09:41:00+00:00,-7.22,1.08,-3.34,171.50,-24.61,8.03
2026-01-19 09:42:00+00:00,-7.38,0.00,-3.36,179.99,-24.44,8.11
2026-01-19 09:43:00+00:00,-7.55,0.63,-3.16,175.20,-22.66,8.22
2026-01-19 09:44:00+00:00,-7.48,1.04,-2.98,172.05,-21.50,8.12
2026-01-19 09:45:00+00:00,-7.11,0.26,-3.96,177.90,-29.10,8.14
2026-01-19 09:46:00+00:00,-7.11,0.42,-4.05,176.59,-29.66,8.19
2026-01-19 09:47:00+00:00,-7.28,0.84,-3.85,173.42,-27.74,8.28
2026-01-19 09:48:00+00:00,-7.03,1.11,-4.16,171.02,-30.32,8.25
2026-01-19 09:49:00+00:00,-6.99,0.90,-4.53,172.69,-32.75,8.38
2026-01-19 09:50:00+00:00,-7.04,0.71,-4.34,174.22,-31.49,8.30
2026-01-19 09:51:00+00:00,-7.02,0.84,-4.33,173.21,-31.48,8.29
2026-01-19 09:52:00+00:00,-7.33,0.66,-4.03,174.83,-28.68,8.39
2026-01-19 09:53:00+00:00,-7.29,0.68,-4.14,174.69,-29.47,8.41
2026-01-19 09:54:00+00:00,-7.60,0.91,-3.62,173.17,-25.32,8.47
2026-01-19 09:55:00+00:00,-7.75,0.70,-3.64,174.85,-25.06,8.59
2026-01-19 09:56:00+00:00,-7.69,0.75,-3.54,174.42,-24.61,8.50
2026-01-19 09:57:00+00:00,-6.64,3.87,3.66,149.74,25.46,8.51
2026-01-19 09:58:00+00:00,-6.72,3.12,4.05,155.11,28.68,8.45
2026-01-19 09:59:00+00:00,-5.04,5.20,4.21,134.10,30.18,8.38
2026-01-19 10:00:00+00:00,-6.27,4.52,3.16,144.24,22.22,8.35
2026-01-19 10:02:00+00:00,-6.69,3.93,3.26,149.56,22.81,8.41
2026-01-19 10:03:00+00:00,-6.98,4.05,2.64,149.87,18.11,8.49
2026-01-19 10:04:00+00:00,-6.55,3.87,3.88,149.44,27.04,8.53
2026-01-19 10:05:00+00:00,-6.47,4.10,3.75,147.63,26.09,8.53
2026-01-19 10:06:00+00:00,-6.36,4.29,3.82,145.96,26.48,8.57
2026-01-19 10:07:00+00:00,-6.34,4.37,3.85,145.43,26.56,8.61
2026-01-19 10:08:00+00:00,-6.46,4.29,3.69,146.40,25.46,8.59
2026-01-19 10:09:00+00:00,-6.57,4.60,3.05,144.96,20.81,8.58
2026-01-19 10:10:00+00:00,-6.22,4.61,3.78,143.45,26.01,8.61
2026-01-19 10:11:00+00:00,-6.28,4.58,3.46,143.89,23.96,8.51
2026-01-19 10:12:00+00:00,-6.54,4.50,3.31,145.50,22.63,8.60
2026-01-19 10:13:00+00:00,-6.95,4.36,3.17,147.87,21.16,8.79
2026-01-19 10:14:00+00:00,-6.87,4.22,3.55,148.44,23.78,8.81
2026-01-19 10:15:00+00:00,-6.81,4.64,3.10,145.74,20.63,8.81
2026-01-19 10:16:00+00:00,-6.72,4.12,3.90,148.47,26.30,8.79
2026-01-19 10:17:00+00:00,-6.81,3.84,3.81,150.58,25.98,8.69
2026-01-19 10:18:00+00:00,-6.81,3.90,3.72,150.21,25.35,8.68
2026-01-19 10:19:00+00:00,-6.70,4.27,3.48,147.51,23.65,8.67
2026-01-19 10:20:00+00:00,-6.94,4.38,3.04,147.75,20.29,8.75
2026-01-19 10:21:00+00:00,-7.11,4.33,3.08,148.64,20.31,8.88
2026-01-19 10:22:00+00:00,-6.74,4.60,3.13,145.68,21.01,8.74
2026-01-19 10:23:00+00:00,-6.57,4.84,2.98,143.65,20.07,8.69
2026-01-19 10:24:00+00:00,-6.71,4.63,3.19,145.37,21.35,8.76
2026-01-19 10:25:00+00:00,-6.37,4.79,3.25,143.03,22.20,8.61
2026-01-19 10:26:00+00:00,-6.30,5.15,3.18,140.77,21.32,8.74
2026-01-19 10:27:00+00:00,-6.21,5.35,2.82,139.29,18.98,8.67
2026-01-19 10:28:00+00:00,-6.08,5.68,2.52,136.93,16.83,8.69
2026-01-19 10:29:00+00:00,-5.97,5.50,3.06,137.35,20.64,8.68
2026-01-19 10:30:00+00:00,-6.29,5.01,3.17,141.46,21.49,8.64
2026-01-19 10:31:00+00:00,-6.59,5.20,2.21,141.70,14.77,8.68
2026-01-19 10:32:00+00:00,-5.83,5.73,2.73,135.47,18.45,8.61
2026-01-19 10:33:00+00:00,-6.27,5.03,2.94,141.26,20.11,8.56
2026-01-19 10:34:00+00:00,-6.89,4.68,2.18,145.84,14.68,8.61
2026-01-19 10:35:00+00:00,-6.20,4.77,3.10,142.40,21.63,8.41
2026-01-19 10:36:00+00:00,-7.34,4.01,1.31,151.33,8.94,8.46
2026-01-19 10:37:00+00:00,-7.89,3.39,0.37,156.77,2.48,8.59
2026-01-19 10:38:00+00:00,-8.07,2.97,0.06,159.76,0.40,8.60
2026-01-19 10:39:00+00:00,-8.04,3.00,0.26,159.55,1.77,8.59
2026-01-19 10:40:00+00:00,-8.08,2.81,-0.08,160.83,-0.51,8.55
2026-01-19 10:41:00+00:00,-8.39,2.54,-0.24,163.17,-1.57,8.77
2026-01-19 10:42:00+00:00,-8.25,2.66,-0.35,162.14,-2.29,8.67
2026-01-19 10:43:00+00:00,-8.22,2.87,0.09,160.72,0.57,8.71
2026-01-19 10:44:00+00:00,-8.41,2.36,-0.54,164.31,-3.53,8.75
2026-01-19 10:45:00+00:00,-8.44,2.03,-0.51,166.51,-3.33,8.70
2026-01-19 10:46:00+00:00,-8.33,2.22,-0.90,165.05,-5.93,8.67
2026-01-19 10:47:00+00:00,-8.32,2.20,-0.93,165.22,-6.15,8.65
2026-01-19 10:48:00+00:00,-8.32,2.32,-0.95,164.45,-6.28,8.69
2026-01-19 10:49:00+00:00,-8.33,2.44,-0.71,163.68,-4.70,8.71
2026-01-19 10:50:00+00:00,-8.15,2.95,-0.28,160.10,-1.82,8.67
2026-01-19 10:51:00+00:00,-7.90,3.52,-0.01,155.97,-0.07,8.65
2026-01-19 10:52:00+00:00,-8.14,2.91,-0.63,160.36,-4.18,8.67
2026-01-19 10:53:00+00:00,-8.22,2.74,-1.02,161.55,-6.69,8.72
2026-01-19 10:54:00+00:00,-8.20,2.81,-0.80,161.08,-5.30,8.71
2026-01-19 10:55:00+00:00,-8.30,2.66,-0.19,162.26,-1.25,8.72
2026-01-19 10:56:00+00:00,-8.59,2.01,-0.77,166.82,-5.01,8.86
2026-01-19 10:57:00+00:00,-8.52,2.31,-0.75,164.81,-4.86,8.86
2026-01-19 10:58:00+00:00,-8.54,2.33,-0.52,164.74,-3.36,8.87
2026-01-19 10:59:00+00:00,-8.43,2.49,-0.56,163.55,-3.63,8.80
2026-01-19 11:00:00+00:00,-8.52,2.11,-1.15,166.07,-7.48,8.85
2026-01-19 11:01:00+00:00,-8.63,2.10,-1.06,166.31,-6.80,8.95
2026-01-19 11:02:00+00:00,-8.51,2.64,-0.70,162.78,-4.47,8.94
2026-01-19 11:03:00+00:00,-8.20,3.36,0.22,157.68,1.44,8.86
2026-01-19 11:04:00+00:00,-7.92,3.69,0.49,154.98,3.22,8.75
2026-01-19 11:05:00+00:00,-7.88,4.05,0.63,152.82,4.05,8.88
2026-01-19 11:06:00+00:00,-7.61,4.53,0.98,149.25,6.29,8.91
2026-01-19 11:07:00+00:00,-7.87,3.91,0.83,153.61,5.42,8.83
2026-01-19 11:08:00+00:00,-7.42,4.30,0.82,149.94,5.44,8.62
2026-01-19 11:09:00+00:00,-7.37,4.41,1.06,149.08,7.04,8.65
2026-01-19 11:10:00+00:00,-7.44,4.33,1.21,149.79,8.02,8.70
2026-01-19 11:11:00+00:00,-7.60,4.33,0.43,150.37,2.80,8.76
2026-01-19 11:12:00+00:00,-7.94,3.90,0.59,153.83,3.80,8.87
2026-01-19 11:13:00+00:00,-7.75,4.05,0.68,152.41,4.48,8.77
2026-01-19 11:14:00+00:00,-7.99,3.87,0.00,154.19,-0.01,8.88
2026-01-19 11:15:00+00:00,-8.04,3.41,0.21,157.02,1.39,8.73
2026-01-19 11:16:00+00:00,-8.10,3.20,-0.28,158.41,-1.82,8.71
2026-01-19 11:17:00+00:00,-7.92,3.55,-0.49,155.87,-3.20,8.70
2026-01-19 11:18:00+00:00,-7.83,3.77,-0.71,154.28,-4.66,8.72
2026-01-19 11:19:00+00:00,-7.48,4.56,0.17,148.66,1.08,8.77
2026-01-19 11:20:00+00:00,-7.27,4.69,0.92,147.19,6.07,8.70
2026-01-19 11:21:00+00:00,-7.16,4.82,1.58,146.04,10.37,8.78
2026-01-19 11:22:00+00:00,-7.37,4.33,1.79,149.55,11.84,8.73
2026-01-19 11:23:00+00:00,-7.28,4.40,1.52,148.88,10.12,8.64
2026-01-19 11:24:00+00:00,-7.30,4.34,1.12,149.25,7.52,8.57
2026-01-19 11:25:00+00:00,-7.46,4.17,1.39,150.82,9.22,8.65
2026-01-19 11:26:00+00:00,-7.57,4.14,1.47,151.31,9.67,8.75
2026-01-19 11:27:00+00:00,-7.61,4.25,1.28,150.85,8.34,8.81
2026-01-19 11:28:00+00:00,-7.24,4.78,0.76,146.59,5.02,8.71
2026-01-19 11:29:00+00:00,-7.05,4.96,0.02,144.89,0.16,8.62
2026-01-19 11:30:00+00:00,-6.91,5.17,-0.28,143.20,-1.85,8.63
2026-01-19 11:31:00+00:00,-6.77,5.39,0.18,141.47,1.22,8.66
2026-01-19 11:32:00+00:00,-7.13,5.00,0.20,144.94,1.35,8.71
2026-01-19 11:33:00+00:00,-6.98,5.18,0.05,143.40,0.32,8.69
2026-01-19 11:34:00+00:00,-7.13,5.06,0.14,144.66,0.92,8.74
2026-01-19 11:35:00+00:00,-7.33,4.80,0.84,146.77,5.45,8.80
2026-01-19 11:36:00+00:00,-7.25,4.85,0.86,146.24,5.60,8.77
2026-01-19 11:37:00+00:00,-7.30,4.81,0.83,146.63,5.41,8.78
2026-01-19 11:38:00+00:00,-7.14,4.98,0.93,145.10,6.08,8.76
2026-01-19 11:39:00+00:00,-7.37,5.17,0.82,144.93,5.23,9.04
2026-01-19 11:40:00+00:00,-7.20,5.05,1.36,144.97,8.82,8.90
2026-01-19 11:41:00+00:00,-7.32,4.61,1.79,147.81,11.67,8.84
2026-01-19 11:42:00+00:00,-7.57,3.84,2.13,153.12,14.06,8.75
2026-01-19 11:43:00+00:00,-7.54,3.60,2.51,154.51,16.69,8.73
2026-01-19 11:44:00+00:00,-7.16,3.81,2.91,151.96,19.73,8.61
2026-01-19 11:45:00+00:00,-7.21,3.59,2.69,153.53,18.47,8.50
2026-01-19 11:46:00+00:00,-6.47,4.46,3.13,145.40,21.70,8.45
2026-01-19 11:47:00+00:00,-6.32,5.00,2.54,141.66,17.51,8.45
2026-01-19 11:48:00+00:00,-7.19,4.40,1.39,148.53,9.36,8.54
2026-01-19 11:49:00+00:00,-6.97,4.56,1.73,146.81,11.75,8.50
2026-01-19 11:50:00+00:00,-7.24,4.45,0.99,148.47,6.67,8.56
2026-01-19 11:51:00+00:00,-7.51,3.99,1.67,152.03,11.10,8.67
2026-01-19 11:52:00+00:00,-7.49,4.35,0.93,149.86,6.15,8.71
2026-01-19 11:53:00+00:00,-6.79,4.76,2.38,144.96,16.05,8.63
2026-01-19 11:54:00+00:00,-5.84,4.53,4.07,142.20,28.85,8.44
2026-01-19 11:55:00+00:00,-6.44,4.33,3.29,146.05,22.94,8.43
2026-01-19 11:56:00+00:00,-7.15,4.32,1.44,148.88,9.79,8.47
2026-01-19 11:57:00+00:00,-7.69,3.68,1.44,154.45,9.58,8.64
2026-01-19 11:58:00+00:00,-7.26,4.39,1.70,148.83,11.34,8.65
2026-01-19 11:59:00+00:00,-6.94,4.78,1.88,145.45,12.55,8.63
2026-01-19 12:00:00+00:00,-7.18,4.74,1.34,146.56,8.84,8.71
2026-01-19 12:01:00+00:00,-6.93,4.79,1.43,145.38,9.61,8.54
2026-01-19 12:02:00+00:00,-7.14,4.50,0.91,147.81,6.12,8.49
2026-01-19 12:03:00+00:00,-7.36,4.57,0.73,148.19,4.80,8.70
2026-01-19 12:04:00+00:00,-7.24,4.93,0.81,145.74,5.31,8.80
2026-01-19 12:05:00+00:00,-6.97,5.10,-0.19,143.78,-1.24,8.64
2026-01-19 12:06:00+00:00,-7.59,4.52,0.02,149.25,0.13,8.84
2026-01-19 12:07:00+00:00,-7.75,4.35,0.64,150.71,4.12,8.91
2026-01-19 12:08:00+00:00,-7.65,4.06,0.79,152.04,5.19,8.69
2026-01-19 12:09:00+00:00,-7.46,4.30,0.77,150.05,5.14,8.65
2026-01-19 12:10:00+00:00,-7.03,4.97,-0.17,144.73,-1.10,8.61
2026-01-19 12:11:00+00:00,-7.21,4.28,-0.17,149.30,-1.18,8.39
2026-01-19 12:12:00+00:00,-7.05,4.32,-0.50,148.48,-3.47,8.29
2026-01-19 12:13:00+00:00,-7.18,4.56,-0.29,147.54,-1.97,8.51
2026-01-19 12:14:00+00:00,-7.22,4.61,-0.35,147.45,-2.37,8.57
2026-01-19 12:15:00+00:00,-7.11,4.78,-0.97,146.10,-6.48,8.62
2026-01-19 12:16:00+00:00,-7.80,4.08,-0.55,152.38,-3.59,8.83
2026-01-19 12:17:00+00:00,-6.97,5.08,0.90,143.90,5.94,8.67
2026-01-19 12:18:00+00:00,-6.70,5.48,0.44,140.74,2.88,8.67
2026-01-19 12:19:00+00:00,-7.21,4.83,-0.05,146.19,-0.33,8.68
2026-01-19 12:20:00+00:00,-6.40,5.51,-1.22,139.29,-8.23,8.54
2026-01-19 12:21:00+00:00,-6.43,5.73,-1.59,138.28,-10.42,8.76
2026-01-19 12:22:00+00:00,-6.42,5.73,-1.03,138.27,-6.82,8.67
2026-01-19 12:23:00+00:00,-6.83,5.17,-0.17,142.87,-1.11,8.57
2026-01-19 12:24:00+00:00,-6.98,5.44,0.19,142.05,1.21,8.85
2026-01-19 12:25:00+00:00,-6.73,5.96,-0.27,138.47,-1.70,9.00
2026-01-19 12:26:00+00:00,-6.97,5.40,-0.16,142.24,-1.05,8.82
2026-01-19 12:27:00+00:00,-7.22,5.33,0.07,143.57,0.48,8.97
2026-01-19 12:28:00+00:00,-7.37,5.33,0.18,144.14,1.15,9.10
2026-01-19 12:29:00+00:00,-7.21,5.62,-0.30,142.10,-1.85,9.15
2026-01-19 12:30:00+00:00,-7.12,5.45,0.42,142.59,2.69,8.97
2026-01-19 12:31:00+00:00,-7.43,4.85,-0.52,146.88,-3.35,8.89
2026-01-19 12:32:00+00:00,-7.66,4.65,-0.08,148.74,-0.54,8.96
2026-01-19 12:33:00+00:00,-6.93,5.38,0.23,142.19,1.49,8.78
2026-01-19 12:34:00+00:00,-6.83,5.48,0.25,141.23,1.65,8.76
2026-01-19 12:35:00+00:00,-6.90,5.35,-0.04,142.19,-0.27,8.73
2026-01-19 12:36:00+00:00,-6.92,5.07,-0.09,143.77,-0.62,8.57
2026-01-19 12:37:00+00:00,-6.91,4.98,0.33,144.19,2.21,8.52
2026-01-19 12:38:00+00:00,-7.53,4.14,-0.21,151.21,-1.39,8.59
2026-01-19 12:39:00+00:00,-7.26,4.57,-0.97,147.80,-6.47,8.64
2026-01-19 12:40:00+00:00,-6.98,4.87,-0.76,145.09,-5.12,8.54
2026-01-19 12:41:00+00:00,-6.99,4.75,-0.77,145.78,-5.21,8.48
2026-01-19 12:42:00+00:00,-7.26,4.56,-0.98,147.86,-6.53,8.63
2026-01-19 12:43:00+00:00,-7.16,4.61,-0.92,147.25,-6.15,8.57
2026-01-19 12:44:00+00:00,-6.96,4.81,-1.28,145.31,-8.61,8.56
2026-01-19 12:45:00+00:00,-6.60,5.01,-1.62,142.79,-11.08,8.44
2026-01-19 12:46:00+00:00,-7.07,4.49,-0.44,147.55,-3.03,8.39
2026-01-19 12:47:00+00:00,-7.63,3.79,-0.96,153.56,-6.42,8.58
2026-01-19 12:48:00+00:00,-7.28,4.45,0.12,148.56,0.80,8.53
2026-01-19 12:49:00+00:00,-7.16,4.18,0.12,149.77,0.84,8.29
2026-01-19 12:50:00+00:00,-6.98,4.51,-0.31,147.14,-2.11,8.31
2026-01-19 12:51:00+00:00,-6.90,4.49,-1.20,146.93,-8.26,8.32
2026-01-19 12:52:00+00:00,-6.93,4.38,-1.95,147.72,-13.38,8.43
2026-01-19 12:53:00+00:00,-7.04,4.05,-1.83,150.06,-12.70,8.33
2026-01-19 12:54:00+00:00,-7.22,3.86,-1.37,151.88,-9.53,8.30
2026-01-19 12:55:00+00:00,-7.05,4.33,-1.65,148.48,-11.30,8.44
2026-01-19 12:56:00+00:00,-7.22,4.09,-1.31,150.46,-8.97,8.41
2026-01-19 12:57:00+00:00,-7.19,3.94,-2.13,151.26,-14.58,8.48
2026-01-19 12:58:00+00:00,-7.29,4.04,-1.92,150.99,-12.98,8.55
2026-01-19 12:59:00+00:00,-7.28,3.79,-1.76,152.54,-12.08,8.39
2026-01-19 13:00:00+00:00,-7.35,4.05,-1.11,151.13,-7.51,8.47
2026-01-19 13:01:00+00:00,-7.28,3.84,-1.75,152.17,-11.97,8.41
2026-01-19 13:02:00+00:00,-7.00,4.03,-2.59,150.07,-17.76,8.48
2026-01-19 13:03:00+00:00,-7.01,3.86,-2.55,151.13,-17.68,8.40
2026-01-19 13:04:00+00:00,-7.06,4.26,-2.38,148.92,-16.08,8.58
2026-01-19 13:05:00+00:00,-7.56,4.22,-1.47,150.81,-9.64,8.78
2026-01-19 13:06:00+00:00,-7.20,4.52,-1.82,147.87,-12.08,8.70
2026-01-19 13:07:00+00:00,-7.08,4.32,-1.80,148.64,-12.21,8.49
2026-01-19 13:08:00+00:00,-7.25,3.88,-1.92,151.81,-13.16,8.44
2026-01-19 13:09:00+00:00,-7.17,3.39,-3.54,154.73,-24.08,8.69
2026-01-19 13:10:00+00:00,-7.21,3.88,-2.72,151.71,-18.36,8.62
2026-01-19 13:11:00+00:00,-7.28,4.28,-2.01,149.55,-13.39,8.68
2026-01-19 13:12:00+00:00,-7.53,4.19,-1.58,150.93,-10.36,8.76
2026-01-19 13:13:00+00:00,-7.93,3.71,-1.30,154.92,-8.47,8.86
2026-01-19 13:14:00+00:00,-7.80,3.69,-1.83,154.66,-12.00,8.82
2026-01-19 13:15:00+00:00,-6.71,4.67,-2.84,145.19,-19.19,8.66
2026-01-19 13:16:00+00:00,-6.81,4.15,-4.14,148.68,-27.41,8.98
2026-01-19 13:17:00+00:00,-7.30,3.43,-3.79,154.81,-25.21,8.91
2026-01-19 13:18:00+00:00,-7.32,4.19,-2.77,150.23,-18.18,8.87
2026-01-19 13:19:00+00:00,-7.07,4.74,-2.22,146.18,-14.61,8.80
2026-01-19 13:20:00+00:00,-6.74,5.14,-2.25,142.66,-14.84,8.77
2026-01-19 13:21:00+00:00,-6.52,5.16,-2.52,141.62,-16.88,8.69
2026-01-19 13:22:00+00:00,-6.75,4.66,-2.94,145.36,-19.75,8.71
2026-01-19 13:23:00+00:00,-6.72,4.86,-3.19,144.13,-21.04,8.89
2026-01-19 13:24:00+00:00,-6.62,4.62,-3.26,145.08,-22.00,8.70
2026-01-19 13:25:00+00:00,-8.25,3.92,0.08,154.56,0.49,9.13
2026-01-19 13:26:00+00:00,-7.86,4.51,-0.74,150.15,-4.69,9.10
2026-01-19 13:27:00+00:00,-7.76,4.44,-1.01,150.21,-6.46,8.99
2026-01-19 13:28:00+00:00,-7.57,4.50,-1.13,149.29,-7.31,8.88
2026-01-19 13:29:00+00:00,-7.39,4.57,-1.34,148.27,-8.79,8.79
2026-01-19 13:30:00+00:00,-7.45,4.27,-1.34,150.16,-8.86,8.69
2026-01-19 13:31:00+00:00,-7.58,4.22,-0.43,150.88,-2.84,8.69
2026-01-19 13:32:00+00:00,-8.03,3.86,0.06,154.36,0.39,8.91
2026-01-19 13:33:00+00:00,-8.19,4.11,-0.01,153.33,-0.05,9.16
2026-01-19 13:34:00+00:00,-8.31,3.75,0.02,155.72,0.11,9.12
2026-01-19 13:35:00+00:00,-7.91,4.11,-0.34,152.54,-2.17,8.92
2026-01-19 13:36:00+00:00,-7.87,4.03,-0.46,152.88,-2.96,8.85
2026-01-19 13:37:00+00:00,-8.50,3.87,-0.30,155.52,-1.84,9.35
2026-01-19 13:38:00+00:00,-8.51,3.57,-0.46,157.24,-2.88,9.24
2026-01-19 13:39:00+00:00,-8.56,3.06,-0.30,160.31,-1.89,9.10
2026-01-19 13:40:00+00:00,-8.59,3.04,-0.30,160.50,-1.91,9.12
2026-01-19 13:41:00+00:00,-7.99,4.05,-1.25,153.11,-7.92,9.04
2026-01-19 13:42:00+00:00,-7.73,4.06,-0.93,152.30,-6.05,8.78
2026-01-19 13:43:00+00:00,-7.49,3.85,-1.66,152.78,-11.15,8.58
2026-01-19 13:44:00+00:00,-7.77,3.63,-1.04,154.93,-6.90,8.64
2026-01-19 13:45:00+00:00,-7.79,3.75,-1.92,154.31,-12.55,8.85
2026-01-19 13:46:00+00:00,-8.12,3.38,-1.81,157.42,-11.61,8.98
2026-01-19 13:47:00+00:00,-8.17,3.76,-1.10,155.27,-6.95,9.06
2026-01-19 13:48:00+00:00,-8.08,3.54,-1.01,156.33,-6.55,8.88
2026-01-19 13:49:00+00:00,-8.07,3.43,-0.99,156.97,-6.41,8.83
2026-01-19 13:50:00+00:00,-8.16,2.80,-1.86,161.08,-12.16,8.82
2026-01-19 13:51:00+00:00,-8.34,3.62,-1.55,156.55,-9.66,9.22
2026-01-19 13:52:00+00:00,-8.36,3.62,-1.87,156.62,-11.60,9.30
2026-01-19 13:53:00+00:00,-8.45,3.95,-1.65,154.95,-10.04,9.48
2026-01-19 13:54:00+00:00,-8.51,3.88,-1.38,155.49,-8.41,9.46
2026-01-19 13:55:00+00:00,-8.48,2.70,-2.32,162.35,-14.59,9.20
2026-01-19 13:56:00+00:00,-7.73,3.74,-2.70,154.14,-17.45,9.00
2026-01-19 13:57:00+00:00,-7.93,3.93,-2.66,153.63,-16.76,9.24
2026-01-19 13:58:00+00:00,-7.23,4.56,-2.96,147.78,-19.11,9.05
2026-01-19 13:59:00+00:00,-5.55,5.18,-4.00,137.00,-27.76,8.58
2026-01-19 14:00:00+00:00,-6.74,3.32,-4.00,153.80,-28.01,8.51
2026-01-19 14:01:00+00:00,-7.10,2.11,-4.24,163.49,-29.75,8.53
2026-01-19 14:02:00+00:00,-7.33,3.37,-3.00,155.32,-20.41,8.61
2026-01-19 14:03:00+00:00,-7.14,3.56,-3.12,153.53,-21.38,8.57
2026-01-19 14:04:00+00:00,-7.15,2.97,-3.47,157.46,-24.13,8.49
2026-01-19 14:05:00+00:00,-7.48,3.51,-2.72,154.88,-18.20,8.69
2026-01-19 14:06:00+00:00,-7.49,2.42,-3.06,162.08,-21.27,8.44
2026-01-19 14:07:00+00:00,-7.61,2.40,-2.79,162.49,-19.29,8.45
2026-01-19 14:08:00+00:00,-7.07,4.96,-1.61,144.98,-10.58,8.78
2026-01-19 14:09:00+00:00,-6.65,5.20,-0.68,141.94,-4.61,8.47
2026-01-19 14:10:00+00:00,-6.92,5.07,-0.37,143.79,-2.49,8.58
2026-01-19 14:11:00+00:00,-6.58,5.18,-0.45,141.80,-3.08,8.38
2026-01-19 14:12:00+00:00,-6.43,5.23,-0.40,140.85,-2.75,8.30
2026-01-19 14:13:00+00:00,-6.37,5.13,-0.31,141.18,-2.19,8.18
2026-01-19 14:14:00+00:00,-6.36,5.35,-0.04,139.96,-0.29,8.31
2026-01-19 14:15:00+00:00,-6.74,4.87,-0.22,144.15,-1.54,8.32
2026-01-19 14:16:00+00:00,-7.02,4.47,-0.38,147.51,-2.62,8.33
2026-01-19 14:17:00+00:00,-6.34,5.00,-0.87,141.71,-6.15,8.12
2026-01-19 14:18:00+00:00,-6.50,4.97,-0.93,142.61,-6.46,8.24
2026-01-19 14:19:00+00:00,-6.83,4.65,-1.14,145.78,-7.87,8.34
2026-01-19 14:20:00+00:00,-7.52,3.92,-1.68,152.47,-11.20,8.65
2026-01-19 14:21:00+00:00,-8.30,2.22,-1.83,165.05,-12.01,8.78
2026-01-19 14:22:00+00:00,-8.37,2.90,-0.68,160.89,-4.41,8.89
2026-01-19 14:23:00+00:00,-7.84,4.00,-1.46,152.93,-9.43,8.92
2026-01-19 14:24:00+00:00,-7.19,4.72,-0.93,146.69,-6.19,8.65
2026-01-19 14:25:00+00:00,-7.86,3.94,-1.60,153.39,-10.30,8.94
2026-01-19 14:26:00+00:00,-7.90,3.96,-1.38,153.34,-8.90,8.94
2026-01-19 14:27:00+00:00,-7.49,3.35,-3.20,155.89,-21.31,8.81
2026-01-19 14:28:00+00:00,-7.57,3.68,-2.83,154.06,-18.57,8.88
2026-01-19 14:29:00+00:00,-7.52,4.07,-1.63,151.58,-10.78,8.71
2026-01-19 14:30:00+00:00,-7.53,3.64,-1.06,154.19,-7.24,8.43
2026-01-19 14:31:00+00:00,-6.80,5.00,0.42,143.69,2.87,8.45
2026-01-19 14:32:00+00:00,-6.36,5.00,-2.42,141.87,-16.66,8.44
2026-01-19 14:33:00+00:00,-6.93,4.64,-1.72,146.18,-11.68,8.52
2026-01-19 14:34:00+00:00,-6.96,1.48,-4.56,168.02,-32.70,8.45
2026-01-19 14:35:00+00:00,-7.39,-1.51,-4.41,191.52,-30.32,8.73
2026-01-19 14:36:00+00:00,-7.98,-1.23,-3.04,188.77,-20.59,8.63
2026-01-19 14:37:00+00:00,-7.20,-0.41,-4.18,183.25,-30.06,8.34
2026-01-19 14:38:00+00:00,-6.95,-0.73,-4.53,185.97,-32.96,8.33
2026-01-19 14:39:00+00:00,-7.33,-1.78,-4.39,193.63,-30.19,8.72
2026-01-19 14:40:00+00:00,-7.01,-2.82,-4.36,201.92,-29.97,8.72
2026-01-19 14:41:00+00:00,-7.46,-0.80,-4.80,186.13,-32.59,8.91
2026-01-19 14:42:00+00:00,-7.49,-2.49,-4.84,198.36,-31.49,9.26
2026-01-19 14:43:00+00:00,-7.75,-0.29,-5.31,182.14,-34.39,9.40
2026-01-19 14:44:00+00:00,-8.00,-0.48,-5.43,183.43,-34.15,9.68
2026-01-19 14:45:00+00:00,-8.34,0.00,-5.42,180.01,-32.99,9.95
2026-01-19 14:46:00+00:00,-8.23,1.76,-5.28,167.95,-32.10,9.94
2026-01-19 14:47:00+00:00,-7.46,2.98,-5.06,158.23,-32.19,9.49
2026-01-19 14:48:00+00:00,-7.94,3.62,-4.39,155.47,-26.71,9.77
2026-01-19 14:49:00+00:00,-7.71,3.62,-4.37,154.84,-27.15,9.58
2026-01-19 14:50:00+00:00,-7.70,1.23,-4.80,170.96,-31.61,9.16
2026-01-19 14:51:00+00:00,-8.58,-1.44,-3.78,189.51,-23.45,9.49
2026-01-19 14:52:00+00:00,-8.42,0.45,-4.02,176.95,-25.49,9.34
2026-01-19 14:53:00+00:00,-7.62,3.51,-3.81,155.28,-24.45,9.21
2026-01-19 14:54:00+00:00,-7.73,3.72,-3.19,154.32,-20.39,9.14
2026-01-19 14:55:00+00:00,-8.08,3.10,-2.61,159.00,-16.79,9.04
2026-01-19 14:56:00+00:00,-7.79,2.85,-3.06,159.93,-20.23,8.84
2026-01-19 14:57:00+00:00,-7.10,3.36,-4.43,154.67,-29.43,9.01
2026-01-19 14:58:00+00:00,-7.23,3.78,-3.57,152.38,-23.63,8.90
2026-01-19 14:59:00+00:00,-6.78,3.42,-3.94,153.23,-27.43,8.56
2026-01-19 15:00:00+00:00,-6.24,2.39,-5.00,159.01,-36.81,8.34
2026-01-19 15:01:00+00:00,-7.07,3.48,-2.30,153.82,-16.27,8.21
2026-01-19 15:02:00+00:00,-6.64,4.78,-0.23,144.25,-1.63,8.18
2026-01-19 15:03:00+00:00,-6.42,4.76,1.30,143.45,9.24,8.10
2026-01-19 15:04:00+00:00,-5.82,5.11,-0.08,138.71,-0.58,7.75
2026-01-19 15:05:00+00:00,-6.02,4.41,-0.38,143.82,-2.94,7.47
2026-01-19 15:06:00+00:00,-5.79,4.34,-1.59,143.18,-12.41,7.41
2026-01-19 15:07:00+00:00,-6.29,3.60,-2.05,150.26,-15.80,7.53
2026-01-19 15:08:00+00:00,-6.16,3.99,-0.98,147.07,-7.64,7.41
2026-01-19 15:09:00+00:00,-6.56,3.68,0.66,150.69,5.00,7.55
2026-01-19 15:10:00+00:00,-6.15,4.47,-1.28,143.97,-9.59,7.71
2026-01-19 15:11:00+00:00,-6.40,3.99,-1.35,148.05,-10.14,7.67
2026-01-19 15:12:00+00:00,-6.66,3.22,-2.41,154.19,-18.03,7.78
2026-01-19 15:13:00+00:00,-6.97,2.73,-2.35,158.59,-17.42,7.85
2026-01-19 15:14:00+00:00,-7.31,1.95,-2.74,165.09,-19.90,8.05
2026-01-19 15:15:00+00:00,-7.64,2.66,-2.20,160.77,-15.24,8.38
2026-01-19 15:16:00+00:00,-7.02,4.37,-2.29,148.13,-15.46,8.58
2026-01-19 15:17:00+00:00,-7.47,4.54,-1.33,148.71,-8.68,8.84
2026-01-19 15:18:00+00:00,-7.20,4.42,-1.86,148.43,-12.38,8.65
2026-01-19 15:19:00+00:00,-6.81,4.90,-0.34,144.25,-2.32,8.39
2026-01-19 15:20:00+00:00,-6.75,5.74,1.29,139.63,8.26,8.95
2026-01-19 15:21:00+00:00,-7.34,4.77,0.61,146.99,3.96,8.77
2026-01-19 15:22:00+00:00,-7.30,4.23,1.22,149.92,8.26,8.53
2026-01-19 15:23:00+00:00,-7.60,3.65,-0.79,154.38,-5.36,8.47
2026-01-19 15:24:00+00:00,-7.96,3.04,-2.39,159.13,-15.67,8.85
2026-01-19 15:25:00+00:00,-8.01,2.93,-1.58,159.93,-10.52,8.67
2026-01-19 15:26:00+00:00,-7.15,4.17,-1.01,149.74,-6.98,8.34
2026-01-19 15:27:00+00:00,-7.29,3.15,-2.75,156.65,-19.10,8.40
2026-01-19 15:28:00+00:00,-7.34,1.98,-3.83,164.92,-26.73,8.51
2026-01-19 15:29:00+00:00,-8.03,1.73,-2.34,167.83,-15.88,8.54
2026-01-19 15:30:00+00:00,-7.98,1.79,-2.07,167.36,-14.20,8.43
2026-01-19 15:31:00+00:00,-7.95,2.54,-0.12,162.29,-0.85,8.34
2026-01-19 15:32:00+00:00,-7.59,2.42,-1.78,162.30,-12.59,8.17
2026-01-19 15:33:00+00:00,-7.12,2.84,-2.16,158.24,-15.70,7.97
2026-01-19 15:34:00+00:00,-6.63,3.06,-2.85,155.25,-21.32,7.84
2026-01-19 15:35:00+00:00,-7.02,2.99,-3.03,156.89,-21.67,8.21
2026-01-19 15:36:00+00:00,-6.80,4.34,-0.97,147.44,-6.83,8.12
2026-01-19 15:37:00+00:00,-6.10,5.48,-1.11,138.09,-7.69,8.28
2026-01-19 15:38:00+00:00,-6.43,4.71,-1.18,143.80,-8.41,8.05
2026-01-19 15:39:00+00:00,-6.66,2.74,-2.53,157.64,-19.36,7.63
2026-01-19 15:40:00+00:00,-5.77,4.36,-1.70,142.93,-13.24,7.43
2026-01-19 15:41:00+00:00,-5.66,3.69,-2.72,146.93,-21.96,7.28
2026-01-19 15:42:00+00:00,-6.10,2.92,-3.46,154.40,-27.07,7.59
2026-01-19 15:43:00+00:00,-6.55,1.89,-3.85,163.88,-29.42,7.83
2026-01-19 15:44:00+00:00,-6.13,1.69,-4.80,164.55,-37.06,7.97
2026-01-19 15:45:00+00:00,-5.58,0.55,-5.32,174.42,-43.53,7.73
2026-01-19 15:46:00+00:00,-5.72,-0.81,-5.41,188.04,-43.13,7.91
2026-01-19 15:47:00+00:00,-5.35,-0.49,-5.96,185.28,-47.99,8.03
2026-01-19 15:48:00+00:00,-5.76,0.15,-5.80,178.54,-45.15,8.18
2026-01-19 15:49:00+00:00,-5.86,0.68,-5.42,173.40,-42.60,8.01
2026-01-19 15:50:00+00:00,-7.36,2.89,-3.33,158.53,-22.85,8.58
2026-01-19 15:51:00+00:00,-7.48,2.10,-3.56,164.34,-24.66,8.54
2026-01-19 15:52:00+00:00,-6.74,4.34,-3.05,147.25,-20.84,8.58
2026-01-19 15:53:00+00:00,-6.78,4.24,-3.21,147.96,-21.87,8.62
2026-01-19 15:54:00+00:00,-6.37,5.02,-2.44,141.80,-16.72,8.47
2026-01-19 15:55:00+00:00,-6.13,5.28,-1.83,139.28,-12.73,8.29
2026-01-19 15:56:00+00:00,-5.85,3.81,-2.66,146.95,-20.86,7.47
2026-01-19 15:57:00+00:00,-6.00,-2.58,-4.97,203.28,-37.28,8.21
2026-01-19 15:58:00+00:00,-6.12,-2.86,-4.98,205.04,-36.41,8.40
2026-01-19 15:59:00+00:00,-6.65,-2.38,-5.20,199.72,-36.36,8.77
2026-01-19 16:00:00+00:00,-7.26,-1.39,-4.57,190.85,-31.73,8.70
2026-01-19 16:01:00+00:00,-6.97,-1.02,-4.95,188.32,-35.06,8.61
2026-01-19 16:02:00+00:00,-7.04,-1.36,-4.79,190.89,-33.76,8.63
2026-01-19 16:03:00+00:00,-6.25,-0.21,-5.64,181.90,-42.06,8.43
2026-01-19 16:04:00+00:00,-6.33,-0.18,-5.44,181.61,-40.67,8.35
2026-01-19 16:05:00+00:00,-6.43,0.72,-5.33,173.62,-39.44,8.38
2026-01-19 16:06:00+00:00,-6.56,1.30,-4.86,168.81,-36.02,8.27
2026-01-19 16:07:00+00:00,-5.95,2.38,-4.94,158.22,-37.62,8.09
2026-01-19 16:08:00+00:00,-5.79,2.10,-5.13,160.08,-39.77,8.01
2026-01-19 16:09:00+00:00,-6.05,2.47,-4.84,157.75,-36.54,8.13
2026-01-19 16:10:00+00:00,-5.97,2.45,-5.08,157.73,-38.20,8.22
2026-01-19 16:11:00+00:00,-5.42,3.06,-5.57,150.61,-41.81,8.35
2026-01-19 16:12:00+00:00,-5.77,2.54,-5.71,156.20,-42.17,8.51
2026-01-19 16:13:00+00:00,-5.96,1.88,-5.95,162.52,-43.56,8.63
2026-01-19 16:14:00+00:00,-6.34,2.40,-5.38,159.27,-38.47,8.66
2026-01-19 16:15:00+00:00,-6.32,3.66,-4.60,149.95,-32.20,8.63
2026-01-19 16:16:00+00:00,-6.21,4.14,-4.42,146.35,-30.61,8.67
2026-01-19 16:17:00+00:00,-6.05,4.70,-4.13,142.18,-28.34,8.70
2026-01-19 16:18:00+00:00,-5.69,4.88,-4.28,139.38,-29.71,8.63
2026-01-19 16:19:00+00:00,-5.55,5.07,-3.94,137.55,-27.69,8.49
2026-01-19 16:20:00+00:00,-5.41,5.00,-3.87,137.25,-27.68,8.32
2026-01-19 16:21:00+00:00,-5.68,4.67,-4.09,140.53,-29.11,8.42
2026-01-19 16:22:00+00:00,-5.92,4.38,-4.31,143.49,-30.36,8.53
2026-01-19 16:23:00+00:00,-5.82,4.61,-4.23,141.63,-29.63,8.55
2026-01-19 16:24:00+00:00,-5.12,5.34,-4.50,133.83,-31.32,8.66
2026-01-19 16:25:00+00:00,-4.42,5.19,-5.45,130.42,-38.66,8.73
2026-01-19 16:26:00+00:00,-5.28,5.17,-5.12,135.59,-34.74,8.99
2026-01-19 16:27:00+00:00,-6.55,3.67,-5.34,150.72,-35.45,9.21
2026-01-19 16:28:00+00:00,-6.51,3.29,-5.87,153.19,-38.83,9.37
2026-01-19 16:29:00+00:00,-5.50,3.60,-6.50,146.78,-44.68,9.24
2026-01-19 16:30:00+00:00,-5.52,2.35,-6.82,156.91,-48.68,9.08
2026-01-19 16:31:00+00:00,-5.24,1.71,-7.16,161.94,-52.42,9.04
2026-01-19 16:32:00+00:00,-4.99,1.83,-7.50,159.91,-54.69,9.20
2026-01-19 16:33:00+00:00,-5.45,2.21,-7.27,157.92,-51.03,9.35
2026-01-19 16:34:00+00:00,-5.46,1.09,-7.50,168.75,-53.41,9.35
2026-01-19 16:35:00+00:00,-4.52,2.35,-7.99,152.56,-57.50,9.47
2026-01-19 16:36:00+00:00,-5.83,3.85,-6.30,146.57,-42.05,9.41
2026-01-19 16:37:00+00:00,-5.38,0.86,-7.16,170.96,-52.74,8.99
2026-01-19 16:38:00+00:00,-5.13,-0.63,-7.16,187.02,-54.21,8.83
2026-01-19 16:39:00+00:00,-3.62,-2.17,-7.49,210.99,-60.61,8.59
2026-01-19 16:40:00+00:00,-4.57,0.07,-7.48,179.18,-58.56,8.76
2026-01-19 16:41:00+00:00,-4.73,2.94,-6.96,148.15,-51.36,8.91
2026-01-19 16:42:00+00:00,-5.60,3.12,-6.05,150.90,-43.35,8.82
2026-01-19 16:43:00+00:00,-6.55,0.69,-5.74,173.98,-41.06,8.74
2026-01-19 16:44:00+00:00,-7.88,2.87,-2.44,159.97,-16.19,8.74
2026-01-19 16:45:00+00:00,-6.30,5.27,1.38,140.06,9.53,8.33
2026-01-19 16:46:00+00:00,-2.59,3.26,6.74,128.46,58.25,7.92
2026-01-19 16:47:00+00:00,-1.48,1.73,7.29,130.53,72.69,7.64
2026-01-19 16:48:00+00:00,-0.69,4.92,1.69,98.01,18.80,5.25
2026-01-19 16:49:00+00:00,-3.88,5.47,0.31,125.39,2.66,6.71
2026-01-19 16:50:00+00:00,-6.02,4.22,0.13,144.98,1.01,7.35
2026-01-19 16:51:00+00:00,-5.40,4.70,2.31,138.98,17.91,7.52
2026-01-19 16:52:00+00:00,-5.28,4.01,2.59,142.81,21.36,7.12
2026-01-19 16:53:00+00:00,-3.32,4.61,3.66,125.77,32.74,6.76
2026-01-19 16:54:00+00:00,-1.44,4.93,4.02,106.25,38.06,6.52
2026-01-19 16:55:00+00:00,-3.06,5.16,1.04,120.68,9.83,6.09
2026-01-19 16:56:00+00:00,-5.76,3.63,-0.08,147.75,-0.65,6.81
2026-01-19 16:57:00+00:00,-6.28,2.82,-0.08,155.81,-0.64,6.88
2026-01-19 16:58:00+00:00,-6.02,2.64,1.72,156.36,14.66,6.80
2026-01-19 16:59:00+00:00,-5.99,1.71,2.43,164.03,21.32,6.69
2026-01-19 17:00:00+00:00,-5.71,3.42,0.16,149.06,1.35,6.65
2026-01-19 17:01:00+00:00,-4.40,2.89,-0.15,146.67,-1.60,5.26
2026-01-19 17:02:00+00:00,-5.92,2.05,1.77,160.93,15.75,6.51
2026-01-19 17:03:00+00:00,-3.98,5.28,0.57,126.96,4.90,6.64
2026-01-19 17:04:00+00:00,-5.20,4.10,0.11,141.76,0.93,6.62
2026-01-19 17:05:00+00:00,-5.62,3.59,-0.98,147.37,-8.34,6.74
2026-01-19 17:06:00+00:00,-5.69,4.33,0.42,142.74,3.32,7.16
2026-01-19 17:07:00+00:00,-6.79,2.67,0.74,158.53,5.83,7.33
2026-01-19 17:08:00+00:00,-6.45,2.60,0.49,158.02,4.04,6.98
2026-01-19 17:09:00+00:00,-6.32,2.07,-0.49,161.86,-4.19,6.66
2026-01-19 17:10:00+00:00,-6.08,2.35,0.11,158.87,0.95,6.52
2026-01-19 17:11:00+00:00,-4.22,3.58,3.25,139.72,30.40,6.42
2026-01-19 17:12:00+00:00,-5.17,1.38,0.28,165.05,3.03,5.36
2026-01-19 17:13:00+00:00,-6.15,1.08,-0.45,170.08,-4.10,6.26
2026-01-19 17:14:00+00:00,-5.04,3.04,-0.73,148.88,-7.04,5.93
2026-01-19 17:15:00+00:00,-3.15,4.71,-1.87,123.78,-18.25,5.96
2026-01-19 17:16:00+00:00,-3.86,4.05,-1.14,133.63,-11.56,5.71
2026-01-19 17:17:00+00:00,-4.48,3.61,-0.91,141.15,-8.96,5.83
2026-01-19 17:18:00+00:00,-4.51,3.75,-0.89,140.30,-8.59,5.93
2026-01-19 17:19:00+00:00,-4.86,3.70,-0.18,142.73,-1.66,6.11
2026-01-19 17:20:00+00:00,-4.72,2.92,-1.91,148.23,-19.03,5.87
2026-01-19 17:21:00+00:00,-4.99,2.81,-3.20,150.63,-29.21,6.57
2026-01-19 17:22:00+00:00,-5.62,2.89,-3.11,152.78,-26.22,7.04
2026-01-19 17:23:00+00:00,-6.28,2.69,-2.07,156.83,-16.85,7.14
2026-01-19 17:24:00+00:00,-4.26,3.77,-4.52,138.49,-38.51,7.27
2026-01-19 17:25:00+00:00,-4.51,4.16,-3.37,137.32,-28.76,6.99
2026-01-19 17:26:00+00:00,-5.43,2.90,-3.06,151.90,-26.45,6.88
2026-01-19 17:27:00+00:00,-6.40,0.64,-3.45,174.27,-28.22,7.30
2026-01-19 17:28:00+00:00,-5.14,1.04,-5.57,168.56,-46.72,7.65
2026-01-19 17:29:00+00:00,-5.34,2.78,-5.22,152.55,-40.95,7.97
2026-01-19 17:30:00+00:00,-6.16,3.09,-2.88,153.36,-22.65,7.47
2026-01-19 17:31:00+00:00,-6.10,2.59,-2.20,156.98,-18.38,6.98
2026-01-19 17:32:00+00:00,-5.62,1.99,-2.51,160.49,-22.85,6.48
2026-01-19 17:33:00+00:00,-6.34,2.26,-2.33,160.43,-19.05,7.12
2026-01-19 17:34:00+00:00,-7.81,1.47,-1.40,169.31,-9.97,8.07
2026-01-19 17:35:00+00:00,-6.23,2.90,-3.98,155.00,-30.07,7.94
2026-01-19 17:36:00+00:00,-6.33,3.46,-3.58,151.31,-26.42,8.06
2026-01-19 17:37:00+00:00,-6.61,0.62,-3.38,174.61,-26.99,7.45
2026-01-19 17:38:00+00:00,-6.31,0.34,-3.14,176.92,-26.41,7.06
2026-01-19 17:39:00+00:00,-5.57,1.88,-3.31,161.31,-29.41,6.75
2026-01-19 17:40:00+00:00,-5.50,0.03,-3.31,179.68,-31.03,6.41
2026-01-19 17:41:00+00:00,-5.47,-1.41,-3.38,194.44,-30.90,6.59
2026-01-19 17:42:00+00:00,-5.37,-2.34,-4.87,203.55,-39.76,7.62
2026-01-19 17:43:00+00:00,-6.94,2.57,-2.64,159.68,-19.67,7.86
2026-01-19 17:44:00+00:00,-8.44,1.51,-2.11,169.83,-13.80,8.83
2026-01-19 17:45:00+00:00,-8.24,-1.08,-5.73,187.48,-34.60,10.10
2026-01-19 17:46:00+00:00,-9.27,3.18,-1.57,161.06,-9.10,9.93
2026-01-19 17:47:00+00:00,-8.85,2.20,-0.80,166.04,-5.03,9.15
2026-01-19 17:48:00+00:00,-8.54,1.89,-1.16,167.50,-7.55,8.82
2026-01-19 17:49:00+00:00,-8.22,2.77,-2.16,161.35,-14.01,8.94
2026-01-19 17:50:00+00:00,-8.10,3.07,-1.33,159.22,-8.75,8.77
2026-01-19 17:51:00+00:00,-8.25,2.33,-2.04,164.23,-13.36,8.81
2026-01-19 17:52:00+00:00,-8.03,3.56,-2.08,156.11,-13.30,9.02
2026-01-19 17:53:00+00:00,-7.79,4.62,-1.08,149.32,-6.80,9.13
2026-01-19 17:54:00+00:00,-8.12,4.46,-0.52,151.23,-3.19,9.27
2026-01-19 17:55:00+00:00,-8.26,3.82,-0.58,155.17,-3.68,9.12
2026-01-19 17:56:00+00:00,-8.08,3.74,-0.89,155.15,-5.68,8.95
2026-01-19 17:57:00+00:00,-7.33,4.57,-2.00,148.07,-13.05,8.87
2026-01-19 17:58:00+00:00,-7.68,3.80,-1.39,153.68,-9.21,8.68
2026-01-19 17:59:00+00:00,-7.40,3.40,-1.28,155.33,-8.95,8.25
2026-01-19 18:00:00+00:00,-6.37,4.33,-0.86,145.78,-6.38,7.75
2026-01-19 18:01:00+00:00,-7.13,3.33,-0.99,154.94,-7.15,7.93
2026-01-19 18:02:00+00:00,-9.35,3.30,-3.37,160.57,-18.77,10.47
2026-01-19 18:03:00+00:00,-9.27,4.15,-2.21,155.90,-12.26,10.39
2026-01-19 18:04:00+00:00,-8.17,2.97,-3.73,160.06,-23.23,9.46
2026-01-19 18:05:00+00:00,-6.97,3.22,-4.48,155.23,-30.29,8.89
2026-01-19 18:06:00+00:00,-6.83,2.91,-3.89,156.91,-27.67,8.39
2026-01-19 18:07:00+00:00,-6.10,5.16,-0.35,139.77,-2.49,7.99
2026-01-19 18:08:00+00:00,-5.04,5.51,0.85,132.42,6.53,7.51
2026-01-19 18:09:00+00:00,-5.23,3.85,-0.16,143.67,-1.40,6.49
2026-01-19 18:10:00+00:00,-5.67,2.15,-1.53,159.26,-14.20,6.25
2026-01-19 18:11:00+00:00,-5.80,0.75,-3.81,172.67,-33.12,6.98
2026-01-19 18:12:00+00:00,-5.55,1.35,-4.21,166.29,-36.43,7.10
2026-01-19 18:13:00+00:00,-6.32,1.60,-3.83,165.76,-30.42,7.56
2026-01-19 18:14:00+00:00,-5.98,1.60,-3.95,164.99,-32.58,7.34
2026-01-19 18:15:00+00:00,-5.96,0.58,-3.57,174.48,-30.81,6.97
2026-01-19 18:16:00+00:00,-6.32,0.70,-3.27,173.69,-27.23,7.15
2026-01-19 18:17:00+00:00,-7.45,1.77,-6.40,166.61,-39.91,9.98
2026-01-19 18:18:00+00:00,-5.78,0.90,-8.02,171.12,-53.88,9.93
2026-01-19 18:19:00+00:00,-5.78,1.61,-6.72,164.43,-48.24,9.01
2026-01-19 18:20:00+00:00,-6.96,0.76,-5.21,173.79,-36.62,8.73
2026-01-19 18:21:00+00:00,-7.44,0.26,-4.44,178.00,-30.80,8.66
2026-01-19 18:22:00+00:00,-6.43,-0.47,-4.73,184.21,-36.30,8.00
2026-01-19 18:23:00+00:00,-5.06,-2.33,-6.34,204.70,-48.72,8.44
2026-01-19 18:24:00+00:00,-5.00,0.26,-6.18,177.01,-51.01,7.95
2026-01-19 18:25:00+00:00,-4.90,1.97,-5.76,158.05,-47.47,7.81
2026-01-19 18:26:00+00:00,-4.21,-0.80,-5.68,190.76,-53.00,7.11
2026-01-19 18:27:00+00:00,-7.04,-1.65,-3.64,193.21,-26.74,8.09
2026-01-19 18:28:00+00:00,-6.13,-4.42,-1.68,215.78,-12.55,7.74
2026-01-19 18:29:00+00:00,-4.15,2.56,-4.90,148.34,-45.13,6.92
2026-01-19 18:30:00+00:00,-3.49,5.38,-1.63,122.92,-14.26,6.62
2026-01-19 18:31:00+00:00,-5.66,2.25,-2.64,158.32,-23.42,6.63
2026-01-19 18:32:00+00:00,-8.94,-0.88,-3.16,185.60,-19.41,9.52
2026-01-19 18:33:00+00:00,-8.60,-0.67,-3.51,184.45,-22.12,9.31
2026-01-19 18:34:00+00:00,-5.58,4.33,-2.83,142.22,-21.82,7.61
2026-01-19 18:35:00+00:00,-1.99,6.10,-3.62,108.10,-29.42,7.36
2026-01-19 18:36:00+00:00,-2.11,3.78,-3.05,119.21,-35.20,5.30
2026-01-19 18:37:00+00:00,-3.90,1.06,-2.80,164.86,-34.66,4.92
2026-01-19 18:38:00+00:00,-2.93,0.28,-3.94,174.63,-53.26,4.92
2026-01-19 18:39:00+00:00,-3.43,0.67,0.48,168.91,7.81,3.53
2026-01-19 18:40:00+00:00,-6.01,-2.20,0.67,200.10,6.02,6.43
2026-01-19 18:41:00+00:00,-5.49,-2.54,0.13,204.83,1.23,6.05
2026-01-19 18:42:00+00:00,-4.62,-0.63,0.39,187.77,4.81,4.68
2026-01-19 18:43:00+00:00,-2.64,2.12,-1.54,141.25,-24.48,3.72
2026-01-19 18:44:00+00:00,-3.12,1.10,0.59,160.64,10.15,3.36
2026-01-19 18:45:00+00:00,-2.94,-1.22,2.57,202.59,38.94,4.09
2026-01-19 18:46:00+00:00,1.00,-2.78,-2.95,289.84,-44.95,4.18
2026-01-19 18:47:00+00:00,-1.75,3.29,-6.11,118.03,-58.62,7.16
2026-01-19 18:48:00+00:00,-2.02,3.40,-5.61,120.64,-54.81,6.86
2026-01-19 18:49:00+00:00,-5.03,2.44,-3.50,154.16,-32.05,6.59
2026-01-19 18:50:00+00:00,-8.63,-1.91,-1.74,192.46,-11.15,9.00
2026-01-19 18:51:00+00:00,-9.54,-0.02,-1.25,180.13,-7.45,9.62
2026-01-19 18:52:00+00:00,-7.27,-5.10,-2.13,215.06,-13.46,9.13
2026-01-19 18:53:00+00:00,-6.18,-5.74,-3.14,222.90,-20.45,9.00
2026-01-19 18:54:00+00:00,-4.35,-4.80,-3.32,227.82,-27.11,7.28
2026-01-19 18:55:00+00:00,-3.84,-4.08,-3.07,226.73,-28.69,6.39
2026-01-19 18:56:00+00:00,-4.41,-11.67,-7.03,249.28,-29.40,14.32
2026-01-19 18:57:00+00:00,-3.25,-16.74,-11.28,259.00,-33.48,20.45
2026-01-19 18:58:00+00:00,-4.43,-17.83,-8.52,256.04,-24.88,20.25
2026-01-19 18:59:00+00:00,4.59,-80.53,-31.71,273.26,-21.46,86.67
2026-01-19 19:00:00+00:00,-17.94,-34.77,-38.51,242.71,-44.54,54.91
2026-01-19 19:02:00+00:00,-12.28,11.28,-8.96,137.43,-28.24,18.93
2026-01-19 19:03:00+00:00,-14.22,-14.94,-6.50,226.41,-17.50,21.63
2026-01-19 19:04:00+00:00,9.29,-16.27,-20.23,299.73,-47.19,27.58
2026-01-19 19:06:00+00:00,5.55,-23.41,-28.93,283.34,-50.25,37.63
2026-01-19 19:08:00+00:00,-5.44,10.37,11.60,117.68,44.73,16.49
2026-01-19 19:09:00+00:00,-7.58,8.73,11.57,131.00,45.03,16.36
2026-01-19 19:10:00+00:00,-2.27,-15.56,2.09,261.70,7.59,15.86
2026-01-19 19:11:00+00:00,-11.27,-15.02,-1.75,233.10,-5.33,18.86
2026-01-19 19:12:00+00:00,-3.90,-12.87,-18.60,253.15,-54.14,22.95
2026-01-19 19:13:00+00:00,-8.84,-9.37,-15.65,226.67,-50.54,20.27
2026-01-19 19:14:00+00:00,-6.24,4.92,-20.91,141.75,-69.21,22.37
2026-01-19 19:15:00+00:00,-12.06,21.57,1.96,119.22,4.54,24.79
2026-01-19 19:16:00+00:00,-5.96,8.56,3.02,124.84,16.15,10.86
2026-01-19 19:17:00+00:00,4.63,-10.28,-9.44,294.24,-39.93,14.70
2026-01-19 19:18:00+00:00,-10.56,-14.04,-11.52,233.05,-33.24,21.01
2026-01-19 19:19:00+00:00,-21.56,-11.20,-11.55,207.44,-25.43,26.90
2026-01-19 19:20:00+00:00,-28.91,-11.13,-10.76,201.06,-19.16,32.80
2026-01-19 19:21:00+00:00,-34.63,-4.78,-12.33,187.86,-19.42,37.07
2026-01-19 19:22:00+00:00,-32.11,-9.54,-0.53,196.55,-0.90,33.50
2026-01-19 19:23:00+00:00,-27.30,-16.90,-2.05,211.76,-3.66,32.17
2026-01-19 19:24:00+00:00,-8.95,-23.55,-14.83,249.20,-30.48,29.23
2026-01-19 19:25:00+00:00,-18.16,-15.58,-9.98,220.63,-22.65,25.93
2026-01-19 19:26:00+00:00,-35.30,5.59,0.56,171.01,0.90,35.74
2026-01-19 19:27:00+00:00,-36.25,14.96,-3.44,157.57,-5.01,39.37
2026-01-19 19:28:00+00:00,-18.20,5.41,-0.37,163.43,-1.11,18.99
2026-01-19 19:29:00+00:00,-10.00,-26.03,8.97,248.98,17.83,29.29
2026-01-19 19:30:00+00:00,-15.88,-12.80,-4.03,218.88,-11.17,20.79
2026-01-19 19:31:00+00:00,3.80,-19.24,-14.66,281.17,-36.78,24.48
2026-01-19 19:32:00+00:00,8.00,-10.44,-14.06,307.46,-46.91,19.25
2026-01-19 19:33:00+00:00,4.71,-15.46,-16.14,286.92,-44.96,22.84
2026-01-19 19:34:00+00:00,-11.08,-2.83,-25.28,194.34,-65.66,27.74
2026-01-19 19:35:00+00:00,-18.76,-17.03,-29.98,222.24,-49.79,39.26
2026-01-19 19:36:00+00:00,-19.87,14.92,-32.17,143.10,-52.31,40.65
2026-01-19 19:37:00+00:00,-15.16,11.99,-20.57,141.66,-46.77,28.23
2026-01-19 19:38:00+00:00,-18.46,5.55,7.01,163.28,19.98,20.51
2026-01-19 19:39:00+00:00,-8.72,-7.46,20.37,220.58,60.60,23.38
2026-01-19 19:40:00+00:00,-11.52,-3.89,21.92,198.65,60.99,25.06
2026-01-19 19:41:00+00:00,4.75,-2.10,22.49,336.19,77.00,23.08
2026-01-19 19:42:00+00:00,-7.54,-16.23,17.19,245.08,43.84,24.82
2026-01-19 19:43:00+00:00,2.85,-8.11,20.05,289.40,66.80,21.81
2026-01-19 19:44:00+00:00,0.51,-5.83,7.61,275.00,52.45,9.60
2026-01-19 19:45:00+00:00,-4.66,-16.05,6.06,253.82,19.94,17.78
2026-01-19 19:46:00+00:00,-2.38,-12.10,15.20,258.85,50.94,19.58
2026-01-19 19:47:00+00:00,2.40,-14.51,10.39,279.40,35.25,18.01
2026-01-19 19:48:00+00:00,2.79,-5.76,11.69,295.88,61.29,13.33
2026-01-19 19:49:00+00:00,-15.71,-16.28,5.68,226.02,14.09,23.32
2026-01-19 19:50:00+00:00,-20.01,-16.37,4.68,219.28,10.27,26.27
2026-01-19 19:51:00+00:00,-16.05,-10.92,3.17,214.22,9.27,19.67
2026-01-19 19:52:00+00:00,-15.85,-14.68,7.27,222.81,18.58,22.80
2026-01-19 19:53:00+00:00,-20.67,1.87,-9.11,174.83,-23.70,22.66
2026-01-19 19:54:00+00:00,-13.45,-5.06,-0.81,200.63,-3.24,14.40
2026-01-19 19:55:00+00:00,-19.04,-1.90,1.80,185.69,5.39,19.22
2026-01-19 19:56:00+00:00,-20.68,-6.49,-1.55,197.43,-4.09,21.73
2026-01-19 19:57:00+00:00,-1.36,4.86,-8.28,105.64,-58.63,9.70
2026-01-19 19:58:00+00:00,-18.39,22.91,7.90,128.76,15.06,30.42
2026-01-19 19:59:00+00:00,-13.82,19.65,15.58,125.11,32.97,28.64
2026-01-19 20:00:00+00:00,-14.03,24.96,16.42,119.34,29.83,33.01
2026-01-19 20:01:00+00:00,-19.56,9.26,19.64,154.67,42.22,29.22
2026-01-19 20:02:00+00:00,-16.51,-4.57,5.94,195.47,19.12,18.14
2026-01-19 20:03:00+00:00,-7.13,-21.04,-6.76,251.28,-16.92,23.22
2026-01-19 20:04:00+00:00,-15.64,0.56,-12.07,177.96,-37.64,19.76
2026-01-19 20:05:00+00:00,-5.34,-27.24,-27.19,258.91,-44.40,38.86
2026-01-19 20:06:00+00:00,-4.96,-27.06,-17.36,259.61,-32.25,32.53
2026-01-19 20:07:00+00:00,-5.43,-21.63,-14.42,255.91,-32.89,26.56
2026-01-19 20:08:00+00:00,-16.77,-13.07,-8.63,217.92,-22.09,22.94
2026-01-19 20:09:00+00:00,-29.06,-9.40,0.63,197.92,1.17,30.55
2026-01-19 20:10:00+00:00,-14.13,-24.21,-13.22,239.72,-25.25,30.99
2026-01-19 20:11:00+00:00,-4.84,-16.23,-23.29,253.38,-53.98,28.80
2026-01-19 20:12:00+00:00,-21.62,-21.38,-28.30,224.68,-42.95,41.53
2026-01-19 20:13:00+00:00,-22.92,-26.64,-28.29,229.29,-38.84,45.12
2026-01-19 20:14:00+00:00,-10.92,-33.42,-23.58,251.91,-33.85,42.33
2026-01-19 20:15:00+00:00,-10.62,-14.21,-22.60,233.23,-51.86,28.74
2026-01-19 20:16:00+00:00,-5.66,-27.87,-31.57,258.53,-47.98,42.49
2026-01-19 20:17:00+00:00,-11.58,-21.30,-33.75,241.47,-54.31,41.55
2026-01-19 20:18:00+00:00,-9.70,-13.13,-25.94,233.55,-57.82,30.65
2026-01-19 20:19:00+00:00,-14.39,-11.62,-36.28,218.93,-62.99,40.72
2026-01-19 20:20:00+00:00,-31.61,1.06,-33.24,178.08,-46.42,45.88
2026-01-19 20:21:00+00:00,-30.74,1.87,-34.87,176.52,-48.55,46.53
2026-01-19 20:22:00+00:00,-27.09,1.54,-33.95,176.74,-51.37,43.46
2026-01-19 20:23:00+00:00,-23.87,6.01,-33.14,165.88,-53.39,41.28
2026-01-19 20:24:00+00:00,-23.13,11.69,-30.70,153.18,-49.83,40.17
2026-01-19 20:25:00+00:00,-18.20,18.29,-24.59,134.86,-43.62,35.64
2026-01-19 20:26:00+00:00,-20.13,19.42,-30.59,136.03,-47.56,41.45
2026-01-19 20:27:00+00:00,-21.60,20.28,-25.45,136.80,-40.66,39.06
2026-01-19 20:28:00+00:00,-14.95,15.34,-17.51,134.26,-39.27,27.67
2026-01-19 20:29:00+00:00,-17.67,5.81,-21.46,161.80,-49.09,28.40
2026-01-19 20:30:00+00:00,-16.29,-11.37,-27.82,214.92,-54.47,34.18
2026-01-19 20:31:00+00:00,-24.13,-16.42,-36.28,214.23,-51.19,46.57
2026-01-19 20:32:00+00:00,-22.72,-12.01,-42.44,207.85,-58.80,49.61
2026-01-19 20:33:00+00:00,-22.10,-16.90,-43.63,217.41,-57.47,51.74
2026-01-19 20:34:00+00:00,-25.79,-13.70,-46.40,207.97,-57.81,54.83
2026-01-19 20:35:00+00:00,-26.54,-8.04,-49.07,196.86,-60.52,56.37
2026-01-19 20:36:00+00:00,-27.64,-4.08,-45.40,188.39,-58.39,53.30
2026-01-19 20:37:00+00:00,-25.75,0.29,-43.98,179.37,-59.65,50.97
2026-01-19 20:38:00+00:00,-15.35,3.01,-34.23,168.90,-65.45,37.63
2026-01-19 20:39:00+00:00,-12.58,25.80,-22.06,116.00,-37.54,36.20
2026-01-19 20:40:00+00:00,-18.43,27.13,-22.68,124.19,-34.67,39.87
2026-01-19 20:41:00+00:00,-19.38,20.34,-22.85,133.61,-39.13,36.22
2026-01-19 20:42:00+00:00,-25.30,23.50,-25.35,137.10,-36.28,42.84
2026-01-19 20:43:00+00:00,-26.57,22.24,-25.94,140.07,-36.82,43.29
2026-01-19 20:45:00+00:00,2.28,20.01,15.20,83.51,37.04,25.24
2026-01-19 20:46:00+00:00,19.75,3.62,34.38,10.40,59.71,39.81
2026-01-19 20:47:00+00:00,9.17,17.08,20.76,61.77,46.96,28.40
2026-01-19 20:48:00+00:00,-5.20,22.87,6.87,102.82,16.33,24.44
2026-01-19 20:49:00+00:00,-3.56,22.09,4.78,99.16,12.06,22.88
2026-01-19 20:50:00+00:00,-7.55,30.74,-7.82,103.81,-13.88,32.61
2026-01-19 20:51:00+00:00,-9.74,24.19,-19.60,111.92,-36.93,32.62
2026-01-19 20:52:00+00:00,-8.19,20.05,-17.77,112.22,-39.37,28.01
2026-01-19 20:53:00+00:00,-5.50,23.29,-1.28,103.28,-3.05,23.97
2026-01-19 20:54:00+00:00,-14.44,24.14,-5.10,120.89,-10.28,28.59
2026-01-19 20:55:00+00:00,-8.11,30.96,1.33,104.68,2.38,32.03
2026-01-19 20:56:00+00:00,-10.08,42.55,-2.04,103.32,-2.67,43.78
2026-01-19 20:57:00+00:00,-17.12,43.89,-10.85,111.31,-12.97,48.35
2026-01-19 20:58:00+00:00,-24.95,36.44,-24.69,124.40,-29.21,50.59
2026-01-19 20:59:00+00:00,-21.51,28.48,-33.48,127.07,-43.17,48.93
2026-01-19 21:00:00+00:00,-14.54,16.41,-23.53,131.54,-47.01,32.16
2026-01-19 21:01:00+00:00,-26.29,22.80,-45.80,139.07,-52.77,57.52
2026-01-19 21:02:00+00:00,-33.33,32.20,-52.37,135.99,-48.49,69.94
2026-01-19 21:03:00+00:00,-34.50,36.76,-56.65,133.18,-48.33,75.83
2026-01-19 21:04:00+00:00,-33.27,39.51,-58.44,130.10,-48.53,77.99
2026-01-19 21:05:00+00:00,-33.29,43.97,-49.41,127.13,-41.86,74.05
2026-01-19 21:06:00+00:00,-34.87,47.83,-48.99,126.09,-39.61,76.83
2026-01-19 21:07:00+00:00,-21.40,51.91,34.00,112.40,31.20,65.65
2026-01-19 21:08:00+00:00,28.77,-22.80,60.38,321.60,58.70,70.67
2026-01-19 21:09:00+00:00,37.74,-43.48,61.83,310.95,47.04,84.49
2026-01-19 21:10:00+00:00,36.33,-44.05,62.90,309.51,47.77,84.95
2026-01-19 21:11:00+00:00,35.87,-43.49,62.23,309.51,47.83,83.97
2026-01-19 21:12:00+00:00,37.06,-44.98,60.57,309.49,46.10,84.06
2026-01-19 21:13:00+00:00,37.34,-45.83,65.04,309.17,47.74,87.89
2026-01-19 21:14:00+00:00,37.70,-44.50,67.72,310.27,49.26,89.37
2026-01-19 21:15:00+00:00,38.45,-45.25,68.47,310.35,49.07,90.63
2026-01-19 21:16:00+00:00,40.80,-48.06,62.79,310.33,44.88,88.98
2026-01-19 21:17:00+00:00,45.98,-47.12,61.76,314.29,43.17,90.27
2026-01-19 21:18:00+00:00,44.73,-48.06,62.20,312.94,43.45,90.44
2026-01-19 21:19:00+00:00,42.84,-49.64,59.98,310.79,42.45,88.87
2026-01-19 21:20:00+00:00,43.66,-49.64,59.21,311.33,41.85,88.75
2026-01-19 21:21:00+00:00,46.92,-51.82,56.28,312.16,38.84,89.75
2026-01-19 21:22:00+00:00,48.23,-52.13,55.09,312.78,37.80,89.88
2026-01-19 21:23:00+00:00,49.46,-53.50,52.42,312.75,35.73,89.76
2026-01-19 21:24:00+00:00,51.46,-54.22,52.46,313.50,35.06,91.32
2026-01-19 21:25:00+00:00,52.14,-55.33,48.51,313.30,32.54,90.18
2026-01-19 21:26:00+00:00,55.59,-52.67,45.38,316.54,30.65,89.02
2026-01-19 21:27:00+00:00,58.04,-50.55,48.13,318.95,32.02,90.78
2026-01-19 21:28:00+00:00,59.30,-47.95,48.53,321.04,32.47,90.39
2026-01-19 21:29:00+00:00,59.24,-46.76,46.97,321.71,31.90,88.89
2026-01-19 21:30:00+00:00,60.59,-45.65,44.95,323.00,30.65,88.18
2026-01-19 21:31:00+00:00,60.12,-39.70,48.53,326.56,33.96,86.87
2026-01-19 21:32:00+00:00,47.13,-27.44,60.63,329.79,48.03,81.55
2026-01-19 21:33:00+00:00,36.65,-6.02,68.36,350.67,61.48,77.80
2026-01-19 21:34:00+00:00,7.53,-12.36,79.41,301.34,79.67,80.72
2026-01-19 21:35:00+00:00,13.66,-13.76,79.46,314.79,76.29,81.79
2026-01-19 21:36:00+00:00,19.43,-6.12,80.60,342.51,75.81,83.14
2026-01-19 21:37:00+00:00,15.17,6.17,80.34,22.15,78.48,81.99
2026-01-19 21:38:00+00:00,5.42,8.92,79.93,58.74,82.56,80.61
2026-01-19 21:39:00+00:00,8.49,14.33,77.91,59.37,77.93,79.67
2026-01-19 21:40:00+00:00,12.31,2.93,73.37,13.39,80.21,74.46
2026-01-19 21:41:00+00:00,19.36,-10.09,67.34,332.47,72.03,70.79
2026-01-19 21:42:00+00:00,16.85,-8.55,69.93,333.09,74.88,72.44
2026-01-19 21:43:00+00:00,17.12,-11.43,69.73,326.27,73.55,72.70
2026-01-19 21:44:00+00:00,11.92,-15.09,70.90,308.32,74.82,73.47
2026-01-19 21:45:00+00:00,8.21,-12.76,70.74,302.76,77.90,72.35
2026-01-19 21:46:00+00:00,9.61,-11.85,69.21,309.05,77.57,70.87
2026-01-19 21:47:00+00:00,8.29,-10.92,70.52,307.21,79.00,71.84
2026-01-19 21:48:00+00:00,4.52,-5.73,72.34,308.29,84.24,72.71
2026-01-19 21:49:00+00:00,10.94,-8.10,69.39,323.50,78.90,70.71
2026-01-19 21:50:00+00:00,12.71,-8.52,68.68,326.15,77.44,70.36
2026-01-19 21:51:00+00:00,16.43,-8.54,67.38,332.54,74.64,69.88
2026-01-19 21:52:00+00:00,15.01,-7.99,67.09,331.97,75.78,69.21
2026-01-19 21:53:00+00:00,10.82,-3.59,68.34,341.66,80.53,69.28
2026-01-19 21:54:00+00:00,10.00,-8.68,64.37,319.04,78.38,65.72
2026-01-19 21:55:00+00:00,21.82,-8.54,58.24,338.63,68.09,62.78
2026-01-19 21:56:00+00:00,7.81,-8.53,63.42,312.46,79.66,64.47
2026-01-19 21:57:00+00:00,-2.96,-8.31,62.95,250.38,82.02,63.57
2026-01-19 21:58:00+00:00,2.32,-5.97,63.34,291.22,84.23,63.66
2026-01-19 21:59:00+00:00,-3.81,-6.28,62.88,238.77,83.34,63.31
2026-01-19 22:00:00+00:00,-2.06,-5.42,60.95,249.25,84.56,61.23
2026-01-19 22:01:00+00:00,8.56,-9.58,59.27,311.78,77.77,60.65
2026-01-19 22:02:00+00:00,12.83,-10.21,57.63,321.50,74.12,59.92
2026-01-19 22:03:00+00:00,17.33,-11.60,55.19,326.20,69.30,59.00
2026-01-19 22:04:00+00:00,15.87,-9.90,54.65,328.06,71.11,57.77
2026-01-19 22:05:00+00:00,20.29,-8.51,52.87,337.24,67.40,57.26
2026-01-19 22:06:00+00:00,14.70,-8.49,55.30,330.00,72.93,57.84
2026-01-19 22:07:00+00:00,17.95,-3.96,57.14,347.56,72.17,60.03
2026-01-19 22:08:00+00:00,16.45,-16.46,56.58,314.98,67.65,61.17
2026-01-19 22:09:00+00:00,16.31,-15.52,58.39,316.44,68.92,62.58
2026-01-19 22:10:00+00:00,23.16,-19.25,55.03,320.26,61.31,62.73
2026-01-19 22:11:00+00:00,30.88,-26.52,49.86,319.34,50.77,64.36
2026-01-19 22:12:00+00:00,31.44,-29.07,47.32,317.24,47.86,63.82
2026-01-19 22:13:00+00:00,29.66,-27.28,49.46,317.40,50.83,63.80
2026-01-19 22:14:00+00:00,29.02,-29.84,49.10,314.20,49.71,64.37
2026-01-19 22:15:00+00:00,31.24,-29.93,48.11,316.23,48.03,64.70
2026-01-19 22:16:00+00:00,23.84,-23.25,53.88,315.71,58.28,63.34
2026-01-19 22:17:00+00:00,17.74,-19.62,57.25,312.13,65.20,63.06
2026-01-19 22:18:00+00:00,15.92,-21.14,57.24,306.98,65.19,63.06
2026-01-19 22:19:00+00:00,13.56,-16.35,58.62,309.67,70.08,62.35
2026-01-19 22:20:00+00:00,14.55,-20.34,57.60,305.57,66.53,62.80
2026-01-19 22:21:00+00:00,14.61,-21.74,57.38,303.90,65.46,63.08
2026-01-19 22:22:00+00:00,13.13,-24.11,55.67,298.57,63.76,62.07
2026-01-19 22:23:00+00:00,12.84,-24.80,56.17,297.36,63.57,62.73
2026-01-19 22:24:00+00:00,12.33,-22.32,57.20,298.92,65.97,62.63
2026-01-19 22:25:00+00:00,12.35,-22.55,57.86,298.71,66.04,63.32
2026-01-19 22:26:00+00:00,14.34,-23.52,57.35,301.38,64.34,63.62
2026-01-19 22:27:00+00:00,15.27,-24.59,57.06,301.84,63.11,63.98
2026-01-19 22:28:00+00:00,14.12,-23.44,57.05,301.06,64.38,63.27
2026-01-19 22:29:00+00:00,8.56,-18.83,60.59,294.45,71.15,64.02
2026-01-19 22:30:00+00:00,10.80,-21.22,59.90,296.98,68.32,64.46
2026-01-19 22:31:00+00:00,11.78,-21.13,60.52,299.14,68.21,65.17
2026-01-19 22:32:00+00:00,12.58,-20.42,60.95,301.64,68.52,65.50
2026-01-19 22:33:00+00:00,13.53,-20.59,60.76,303.32,67.93,65.57
2026-01-19 22:34:00+00:00,16.73,-21.06,60.07,308.47,65.88,65.82
2026-01-19 22:35:00+00:00,17.72,-21.73,59.96,309.20,64.94,66.19
2026-01-19 22:36:00+00:00,18.14,-22.96,59.50,308.30,63.81,66.30
2026-01-19 22:37:00+00:00,19.11,-21.67,59.48,311.41,64.09,66.13
2026-01-19 22:38:00+00:00,20.22,-22.78,58.50,311.60,62.50,65.96
2026-01-19 22:39:00+00:00,21.98,-22.18,57.30,314.74,61.41,65.26
2026-01-19 22:40:00+00:00,16.27,-14.96,60.51,317.40,69.94,64.42
2026-01-19 22:41:00+00:00,16.97,-12.79,60.51,322.99,70.65,64.13
2026-01-19 22:42:00+00:00,15.27,-10.00,59.67,326.80,72.99,62.40
2026-01-19 22:43:00+00:00,8.21,-5.21,59.73,327.59,80.75,60.52
2026-01-19 22:44:00+00:00,5.65,-1.95,57.21,341.01,84.03,57.52
2026-01-19 22:45:00+00:00,1.33,4.36,58.18,73.01,85.52,58.36
2026-01-19 22:46:00+00:00,0.53,4.75,57.54,83.60,85.25,57.74
2026-01-19 22:47:00+00:00,1.85,3.66,56.78,63.11,85.87,56.93
2026-01-19 22:48:00+00:00,-0.89,7.38,57.00,96.89,82.57,57.48
2026-01-19 22:49:00+00:00,-2.14,6.76,57.20,107.53,82.93,57.63
2026-01-19 22:50:00+00:00,0.57,-9.22,58.94,273.54,81.10,59.66
2026-01-19 22:51:00+00:00,-1.16,-5.02,59.12,257.00,85.02,59.34
2026-01-19 22:52:00+00:00,1.86,-4.89,59.63,290.80,84.99,59.86
2026-01-19 22:53:00+00:00,1.00,-4.36,60.07,282.87,85.74,60.24
2026-01-19 22:54:00+00:00,0.50,-3.33,59.99,278.51,86.79,60.08
2026-01-19 22:55:00+00:00,1.91,-12.39,59.27,278.78,78.05,60.58
2026-01-19 22:56:00+00:00,0.28,-12.39,60.09,271.27,78.35,61.35
2026-01-19 22:57:00+00:00,-0.43,-9.05,60.41,267.26,81.47,61.08
2026-01-19 22:58:00+00:00,-0.15,-6.58,58.48,268.69,83.58,58.85
2026-01-19 22:59:00+00:00,-2.71,-8.91,57.44,253.07,80.79,58.19
2026-01-19 23:00:00+00:00,-2.84,-7.09,57.62,248.14,82.45,58.12
2026-01-19 23:01:00+00:00,-2.54,-3.47,58.02,233.82,85.76,58.18
2026-01-19 23:02:00+00:00,-0.70,-6.71,58.56,264.01,83.42,58.94
2026-01-19 23:03:00+00:00,2.64,-12.48,59.22,281.94,77.84,60.58
2026-01-19 23:04:00+00:00,3.74,-14.25,59.12,284.73,76.01,60.92
2026-01-19 23:05:00+00:00,3.63,-14.58,59.30,283.99,75.78,61.17
2026-01-19 23:06:00+00:00,-0.28,-20.49,57.30,269.21,70.32,60.86
2026-01-19 23:07:00+00:00,-2.93,-21.92,56.29,262.39,68.55,60.48
2026-01-19 23:08:00+00:00,1.09,-16.80,57.73,273.73,73.74,60.14
2026-01-19 23:09:00+00:00,1.72,-14.87,58.86,276.61,75.73,60.74
2026-01-19 23:10:00+00:00,3.95,-14.74,57.98,285.00,75.26,59.96
2026-01-19 23:11:00+00:00,8.31,-20.32,57.54,292.26,69.12,61.59
2026-01-19 23:12:00+00:00,7.34,-18.01,59.12,292.17,71.79,62.24
2026-01-19 23:13:00+00:00,3.51,-11.58,59.36,286.87,78.48,60.58
2026-01-19 23:14:00+00:00,4.73,-11.01,59.71,293.24,78.66,60.90
2026-01-19 23:15:00+00:00,11.34,-16.18,58.97,305.03,71.48,62.19
2026-01-19 23:16:00+00:00,10.24,-11.76,60.01,311.05,75.43,62.00
2026-01-19 23:17:00+00:00,8.66,-10.87,60.91,308.55,77.15,62.47
2026-01-19 23:18:00+00:00,6.20,-19.80,59.30,287.40,70.72,62.83
2026-01-19 23:19:00+00:00,3.30,-32.30,54.76,275.83,59.34,63.66
2026-01-19 23:20:00+00:00,0.57,-31.02,55.65,271.04,60.86,63.72
2026-01-19 23:21:00+00:00,-0.57,-30.97,56.08,268.94,61.08,64.07
2026-01-19 23:22:00+00:00,-1.62,-27.48,57.93,266.62,64.58,64.14
2026-01-19 23:23:00+00:00,-2.18,-27.04,57.96,265.38,64.92,63.99
2026-01-19 23:24:00+00:00,-1.64,-25.12,58.42,266.27,66.69,63.61
2026-01-19 23:25:00+00:00,-2.64,-26.02,57.73,264.20,65.63,63.38
2026-01-19 23:26:00+00:00,-1.44,-27.85,56.99,267.04,63.92,63.45
2026-01-19 23:27:00+00:00,0.21,-25.99,57.86,270.46,65.81,63.43
2026-01-19 23:28:00+00:00,0.04,-24.89,58.24,270.09,66.86,63.34
2026-01-19 23:29:00+00:00,2.85,-31.40,54.66,275.18,60.02,63.10
2026-01-19 23:30:00+00:00,2.01,-30.44,54.89,273.77,60.94,62.79
2026-01-19 23:31:00+00:00,2.74,-31.17,54.23,275.03,60.01,62.61
2026-01-19 23:32:00+00:00,4.75,-33.82,52.34,278.00,56.87,62.49
2026-01-19 23:33:00+00:00,7.08,-33.94,51.41,281.79,56.01,62.01
2026-01-19 23:34:00+00:00,4.49,-34.41,51.09,277.44,55.81,61.76
2026-01-19 23:35:00+00:00,7.62,-36.72,49.21,281.73,52.69,61.87
2026-01-19 23:36:00+00:00,6.00,-34.27,50.51,279.94,55.44,61.33
2026-01-19 23:37:00+00:00,4.16,-32.17,52.13,277.36,58.11,61.40
2026-01-19 23:38:00+00:00,2.04,-33.37,49.96,273.50,56.21,60.11
2026-01-19 23:39:00+00:00,-0.14,-30.12,52.07,269.74,59.95,60.15
2026-01-19 23:40:00+00:00,-2.66,-24.69,52.81,263.85,64.81,58.36
2026-01-19 23:41:00+00:00,-6.64,-14.22,56.00,244.97,74.35,58.15
2026-01-19 23:42:00+00:00,-6.63,-15.23,54.92,246.46,73.17,57.38
2026-01-19 23:43:00+00:00,-6.49,-14.29,55.44,245.57,74.20,57.62
2026-01-19 23:44:00+00:00,2.81,-28.40,50.17,275.65,60.37,57.72
2026-01-19 23:45:00+00:00,1.49,-29.87,51.67,272.85,59.94,59.70
2026-01-19 23:46:00+00:00,2.50,-29.82,52.11,274.79,60.13,60.09
2026-01-19 23:47:00+00:00,5.70,-33.79,51.81,279.57,56.52,62.12
2026-01-19 23:48:00+00:00,1.80,-33.49,54.06,273.08,58.19,63.62
2026-01-19 23:49:00+00:00,-0.89,-33.01,54.41,268.45,58.74,63.64
2026-01-19 23:50:00+00:00,0.45,-32.43,54.77,270.80,59.37,63.66
2026-01-19 23:51:00+00:00,0.54,-32.78,54.69,270.94,59.06,63.77
2026-01-19 23:52:00+00:00,-1.75,-25.15,58.28,266.01,66.61,63.50
2026-01-19 23:53:00+00:00,1.59,-30.38,55.95,273.00,61.46,63.68
2026-01-19 23:54:00+00:00,3.33,-35.34,52.95,275.38,56.16,63.75
2026-01-19 23:55:00+00:00,-5.29,-19.24,58.52,254.64,71.17,61.82
2026-01-19 23:56:00+00:00,-12.72,0.29,58.76,178.68,77.78,60.13
2026-01-19 23:57:00+00:00,-16.57,7.65,57.62,155.21,72.43,60.44
2026-01-19 23:58:00+00:00,-16.18,5.95,58.01,159.80,73.45,60.51
2026-01-19 23:59:00+00:00,-19.10,10.56,57.02,151.06,69.05,61.05
2026-01-20 00:00:00+00:00,-20.51,12.57,56.72,148.50,67.02,61.61
2026-01-20 00:01:00+00:00,-19.60,13.08,56.65,146.28,67.41,61.35
2026-01-20 00:02:00+00:00,-21.64,13.35,55.66,148.32,65.45,61.19
2026-01-20 00:03:00+00:00,-20.99,13.00,55.99,148.24,66.20,61.19
2026-01-20 00:04:00+00:00,-18.22,10.17,57.59,150.82,70.08,61.25
2026-01-20 00:05:00+00:00,-17.47,6.91,58.36,158.42,72.15,61.31
2026-01-20 00:06:00+00:00,-16.20,4.35,58.47,164.96,73.99,60.82
2026-01-20 00:07:00+00:00,-16.51,7.41,57.98,155.82,72.67,60.73
2026-01-20 00:08:00+00:00,-15.77,6.97,58.03,156.15,73.45,60.54
2026-01-20 00:09:00+00:00,-14.71,5.73,58.26,158.70,74.84,60.36
2026-01-20 00:10:00+00:00,-15.20,5.69,58.39,159.49,74.46,60.60
2026-01-20 00:11:00+00:00,-13.89,3.00,59.71,167.82,76.62,61.38
2026-01-20 00:12:00+00:00,-14.11,3.40,60.00,166.45,76.40,61.73
2026-01-20 00:13:00+00:00,-14.51,4.97,59.65,161.08,75.58,61.59
2026-01-20 00:14:00+00:00,-15.03,6.38,59.20,157.00,74.58,61.41
2026-01-20 00:15:00+00:00,-15.91,7.52,58.56,154.70,73.27,61.15
2026-01-20 00:16:00+00:00,-16.15,7.41,58.43,155.36,73.09,61.07
2026-01-20 00:17:00+00:00,-15.06,7.40,58.73,153.83,74.05,61.08
2026-01-20 00:18:00+00:00,-15.58,10.87,57.76,145.09,71.79,60.80
2026-01-20 00:19:00+00:00,-18.62,15.83,55.67,139.63,66.30,60.80
2026-01-20 00:20:00+00:00,-19.93,19.37,54.01,135.81,62.77,60.74
2026-01-20 00:21:00+00:00,-21.25,23.63,52.03,131.96,58.59,60.96
2026-01-20 00:22:00+00:00,-21.86,26.40,50.43,129.63,55.80,60.98
2026-01-20 00:23:00+00:00,-23.31,31.37,46.87,126.62,50.17,61.03
2026-01-20 00:24:00+00:00,-24.44,30.62,46.59,128.59,49.94,60.87
2026-01-20 00:25:00+00:00,-25.15,29.67,46.71,130.29,50.22,60.78
2026-01-20 00:26:00+00:00,-22.97,28.13,48.46,129.23,53.15,60.56
2026-01-20 00:27:00+00:00,-23.75,29.76,46.67,128.59,50.79,60.23
2026-01-20 00:28:00+00:00,-23.58,29.78,46.69,128.37,50.87,60.19
2026-01-20 00:29:00+00:00,-23.37,29.25,47.11,128.62,51.52,60.18
2026-01-20 00:30:00+00:00,-23.75,28.08,47.49,130.23,52.24,60.06
2026-01-20 00:31:00+00:00,-23.01,27.97,47.78,129.45,52.84,59.96
2026-01-20 00:32:00+00:00,-23.62,29.19,46.69,128.97,51.19,59.92
2026-01-20 00:33:00+00:00,-24.16,28.82,46.56,129.97,51.08,59.85
2026-01-20 00:34:00+00:00,-23.97,27.54,47.33,131.03,52.35,59.77
2026-01-20 00:35:00+00:00,-24.66,28.96,45.94,130.41,50.37,59.64
2026-01-20 00:36:00+00:00,-24.52,31.10,44.60,128.25,48.39,59.64
2026-01-20 00:37:00+00:00,-23.52,27.51,46.98,130.52,52.39,59.31
2026-01-20 00:38:00+00:00,-24.08,24.62,48.31,134.37,54.52,59.33
2026-01-20 00:39:00+00:00,-23.99,25.27,48.02,133.52,54.04,59.33
2026-01-20 00:40:00+00:00,-24.01,26.60,47.13,132.08,52.75,59.20
2026-01-20 00:41:00+00:00,-24.78,27.71,46.09,131.81,51.11,59.21
2026-01-20 00:42:00+00:00,-24.87,28.04,45.89,131.57,50.76,59.25
2026-01-20 00:43:00+00:00,-25.32,28.84,44.98,131.28,49.53,59.13
2026-01-20 00:44:00+00:00,-25.18,29.36,44.54,130.61,49.02,58.99
2026-01-20 00:45:00+00:00,-25.55,30.03,43.71,130.38,47.95,58.87
2026-01-20 00:46:00+00:00,-26.31,30.90,42.60,130.42,46.39,58.84
2026-01-20 00:47:00+00:00,-26.42,31.37,42.24,130.10,45.85,58.88
2026-01-20 00:48:00+00:00,-27.50,32.23,40.98,130.47,44.05,58.95
2026-01-20 00:49:00+00:00,-29.11,32.43,39.90,131.91,42.48,59.08
2026-01-20 00:50:00+00:00,-29.74,31.59,40.11,133.27,42.76,59.09
2026-01-20 00:51:00+00:00,-30.87,32.42,38.04,133.59,40.35,58.75
2026-01-20 00:52:00+00:00,-30.24,32.08,38.68,133.31,41.26,58.65
2026-01-20 00:53:00+00:00,-31.90,31.89,37.36,135.01,39.63,58.57
2026-01-20 00:54:00+00:00,-30.56,32.11,37.96,133.58,40.58,58.36
2026-01-20 00:55:00+00:00,-25.88,30.99,41.89,129.87,46.05,58.18
2026-01-20 00:56:00+00:00,-25.36,30.28,42.51,129.95,47.10,58.03
2026-01-20 00:57:00+00:00,-26.36,30.36,41.85,130.97,46.15,58.03
2026-01-20 00:58:00+00:00,-27.28,31.15,40.61,131.22,44.44,58.00
2026-01-20 00:59:00+00:00,-27.17,30.95,40.85,131.28,44.77,58.00
2026-01-20 01:00:00+00:00,-26.85,30.65,41.27,131.22,45.36,58.00
2026-01-20 01:01:00+00:00,-27.42,30.10,41.27,132.33,45.39,57.98
2026-01-20 01:02:00+00:00,-27.50,29.35,41.71,133.14,46.05,57.94
2026-01-20 01:03:00+00:00,-27.37,28.62,42.28,133.72,46.87,57.93
2026-01-20 01:04:00+00:00,-28.11,28.44,41.84,134.67,46.29,57.88
2026-01-20 01:05:00+00:00,-28.15,28.72,41.48,134.43,45.89,57.77
2026-01-20 01:06:00+00:00,-28.10,28.72,41.50,134.38,45.93,57.77
2026-01-20 01:07:00+00:00,-27.40,28.57,42.00,133.80,46.70,57.71
2026-01-20 01:08:00+00:00,-27.97,29.40,40.88,133.57,45.21,57.60
2026-01-20 01:09:00+00:00,-29.55,30.67,38.61,133.93,42.19,57.49
2026-01-20 01:10:00+00:00,-27.34,29.21,41.05,133.11,45.74,57.33
2026-01-20 01:11:00+00:00,-25.81,27.88,42.67,132.79,48.32,57.14
2026-01-20 01:12:00+00:00,-25.54,29.88,41.29,130.52,46.41,57.00
2026-01-20 01:13:00+00:00,-27.02,32.15,38.23,130.04,42.31,56.79
2026-01-20 01:14:00+00:00,-27.38,32.77,37.30,129.88,41.14,56.70
2026-01-20 01:15:00+00:00,-26.52,31.82,38.57,129.81,42.96,56.60
2026-01-20 01:16:00+00:00,-24.42,30.72,40.60,128.49,45.97,56.46
2026-01-20 01:17:00+00:00,-24.04,30.72,40.76,128.05,46.26,56.42
2026-01-20 01:18:00+00:00,-25.35,31.22,39.38,129.07,44.40,56.29
2026-01-20 01:19:00+00:00,-24.96,30.68,39.86,129.12,45.22,56.15
2026-01-20 01:20:00+00:00,-24.51,30.62,40.14,128.68,45.66,56.12
2026-01-20 01:21:00+00:00,-24.16,30.75,40.16,128.16,45.76,56.06
2026-01-20 01:22:00+00:00,-24.47,31.45,39.16,127.88,44.50,55.87
2026-01-20 01:23:00+00:00,-24.49,31.42,38.93,127.94,44.34,55.70
2026-01-20 01:24:00+00:00,-24.57,30.23,39.80,129.11,45.61,55.69
2026-01-20 01:25:00+00:00,-25.30,29.96,39.55,130.18,45.24,55.69
2026-01-20 01:26:00+00:00,-25.31,30.07,39.30,130.09,45.00,55.58
2026-01-20 01:27:00+00:00,-25.95,30.11,38.73,130.75,44.26,55.50
2026-01-20 01:28:00+00:00,-25.53,29.07,39.71,131.28,45.75,55.44
2026-01-20 01:29:00+00:00,-25.41,29.34,39.47,130.90,45.48,55.35
2026-01-20 01:30:00+00:00,-25.62,28.75,39.66,131.70,45.84,55.28
2026-01-20 01:31:00+00:00,-26.04,28.23,39.52,132.69,45.82,55.11
2026-01-20 01:32:00+00:00,-24.76,29.58,39.03,129.93,45.33,54.88
2026-01-20 01:33:00+00:00,-25.76,30.10,37.79,130.55,43.64,54.75
2026-01-20 01:34:00+00:00,-26.68,30.34,36.96,131.33,42.45,54.76
2026-01-20 01:35:00+00:00,-27.06,31.89,35.27,130.32,40.15,54.71
2026-01-20 01:36:00+00:00,-26.59,33.05,34.42,128.83,39.05,54.62
2026-01-20 01:37:00+00:00,-25.68,33.29,34.68,127.65,39.52,54.50
2026-01-20 01:38:00+00:00,-25.40,33.07,34.91,127.52,39.94,54.38
2026-01-20 01:39:00+00:00,-25.00,33.33,34.81,126.88,39.88,54.29
2026-01-20 01:40:00+00:00,-24.77,33.89,34.23,126.16,39.20,54.16
2026-01-20 01:41:00+00:00,-24.35,34.31,33.91,125.36,38.87,54.04
2026-01-20 01:42:00+00:00,-23.29,35.04,33.70,123.61,38.69,53.91
2026-01-20 01:43:00+00:00,-22.27,35.31,34.02,122.24,39.18,53.85
2026-01-20 01:44:00+00:00,-22.81,35.13,33.76,123.00,38.87,53.80
2026-01-20 01:45:00+00:00,-23.28,34.80,33.63,123.78,38.77,53.70
2026-01-20 01:46:00+00:00,-23.34,34.60,33.64,124.00,38.87,53.60
2026-01-20 01:47:00+00:00,-23.07,34.29,33.93,123.93,39.39,53.48
2026-01-20 01:48:00+00:00,-22.24,35.86,32.67,121.81,37.75,53.36
2026-01-20 01:49:00+00:00,-21.69,36.22,32.48,120.91,37.57,53.27
2026-01-20 01:50:00+00:00,-21.26,36.04,32.88,120.54,38.16,53.22
2026-01-20 01:51:00+00:00,-21.18,36.31,32.47,120.25,37.69,53.11
2026-01-20 01:52:00+00:00,-21.46,36.13,32.16,120.71,37.43,52.92
2026-01-20 01:53:00+00:00,-20.65,37.20,31.16,119.04,36.22,52.73
2026-01-20 01:54:00+00:00,-20.49,36.82,31.56,119.09,36.83,52.65
2026-01-20 01:55:00+00:00,-20.77,36.89,31.07,119.38,36.28,52.51
2026-01-20 01:56:00+00:00,-20.61,37.00,30.78,119.12,36.00,52.35
2026-01-20 01:57:00+00:00,-21.34,36.64,30.52,120.22,35.75,52.24
2026-01-20 01:58:00+00:00,-21.40,36.55,30.38,120.35,35.65,52.12
2026-01-20 01:59:00+00:00,-21.38,36.68,29.97,120.24,35.22,51.96
2026-01-20 02:00:00+00:00,-19.86,37.26,30.15,118.06,35.53,51.88
2026-01-20 02:01:00+00:00,-21.29,37.11,29.13,119.84,34.25,51.76
2026-01-20 02:02:00+00:00,-22.48,36.33,28.89,121.75,34.07,51.58
2026-01-20 02:03:00+00:00,-22.49,36.32,28.73,121.76,33.92,51.48
2026-01-20 02:04:00+00:00,-23.19,35.98,28.40,122.81,33.56,51.38
2026-01-20 02:05:00+00:00,-23.96,35.58,27.93,123.95,33.07,51.19
2026-01-20 02:06:00+00:00,-23.85,35.17,28.31,124.14,33.67,51.06
2026-01-20 02:07:00+00:00,-23.97,35.32,27.58,124.16,32.87,50.82
2026-01-20 02:08:00+00:00,-23.98,35.50,27.12,124.04,32.33,50.70
2026-01-20 02:09:00+00:00,-24.12,35.41,26.88,124.26,32.10,50.58
2026-01-20 02:10:00+00:00,-23.87,35.50,26.65,123.91,31.92,50.40
2026-01-20 02:11:00+00:00,-23.87,35.24,26.82,124.12,32.22,50.31
2026-01-20 02:12:00+00:00,-24.42,35.24,26.11,124.72,31.34,50.20
2026-01-20 02:13:00+00:00,-24.22,35.57,25.55,124.25,30.70,50.05
2026-01-20 02:14:00+00:00,-23.94,35.25,26.05,124.18,31.44,49.95
2026-01-20 02:15:00+00:00,-24.99,35.43,24.61,125.19,29.58,49.85
2026-01-20 02:16:00+00:00,-25.36,35.41,24.09,125.61,28.95,49.77
2026-01-20 02:17:00+00:00,-25.19,35.55,23.82,125.32,28.66,49.66
2026-01-20 02:18:00+00:00,-24.86,35.59,23.90,124.94,28.83,49.56
2026-01-20 02:19:00+00:00,-24.94,35.48,23.79,125.10,28.75,49.47
2026-01-20 02:20:00+00:00,-25.14,35.48,23.37,125.32,28.25,49.36
2026-01-20 02:21:00+00:00,-25.27,35.37,23.26,125.54,28.15,49.30
2026-01-20 02:22:00+00:00,-25.56,34.86,23.40,126.25,28.43,49.15
2026-01-20 02:23:00+00:00,-25.94,34.75,22.90,126.74,27.84,49.04
2026-01-20 02:24:00+00:00,-26.17,35.10,21.93,126.71,26.60,48.97
2026-01-20 02:25:00+00:00,-26.39,35.29,21.06,126.78,25.54,48.84
2026-01-20 02:26:00+00:00,-26.40,35.21,21.01,126.86,25.52,48.76
2026-01-20 02:27:00+00:00,-22.87,36.15,23.25,122.32,28.52,48.69
2026-01-20 02:28:00+00:00,-23.15,36.44,22.50,122.42,27.52,48.68
2026-01-20 02:29:00+00:00,-24.42,36.11,21.34,124.07,26.08,48.53
2026-01-20 02:30:00+00:00,-25.08,35.63,21.17,125.14,25.92,48.44
2026-01-20 02:31:00+00:00,-24.99,35.68,21.03,125.01,25.77,48.37
2026-01-20 02:32:00+00:00,-25.21,35.73,20.44,125.21,25.05,48.27
2026-01-20 02:33:00+00:00,-25.18,35.89,19.91,125.06,24.43,48.15
2026-01-20 02:34:00+00:00,-25.55,35.48,20.05,125.75,24.64,48.10
2026-01-20 02:35:00+00:00,-25.02,35.92,19.81,124.85,24.35,48.05
2026-01-20 02:36:00+00:00,-25.61,36.46,18.06,125.08,22.07,48.08
2026-01-20 02:37:00+00:00,-25.43,36.16,18.65,125.12,22.88,47.98
2026-01-20 02:38:00+00:00,-24.90,36.14,19.12,124.56,23.54,47.87
2026-01-20 02:39:00+00:00,-24.75,35.99,19.31,124.51,23.85,47.76
2026-01-20 02:40:00+00:00,-23.41,36.47,19.94,122.69,24.71,47.70
2026-01-20 02:41:00+00:00,-23.07,36.55,19.90,122.26,24.72,47.59
2026-01-20 02:42:00+00:00,-22.70,35.93,21.16,122.28,26.47,47.48
2026-01-20 02:43:00+00:00,-21.83,36.80,20.34,120.68,25.42,47.38
2026-01-20 02:44:00+00:00,-23.11,37.77,16.49,121.46,20.43,47.25
2026-01-20 02:45:00+00:00,-22.67,37.22,17.94,121.34,22.37,47.13
2026-01-20 02:46:00+00:00,-22.54,37.17,17.70,121.23,22.16,46.94
2026-01-20 02:47:00+00:00,-22.17,37.13,18.04,120.84,22.64,46.86
2026-01-20 02:48:00+00:00,-21.95,37.31,17.77,120.47,22.32,46.79
2026-01-20 02:49:00+00:00,-22.63,37.23,16.86,121.29,21.16,46.71
2026-01-20 02:50:00+00:00,-22.30,37.24,17.00,120.91,21.39,46.62
2026-01-20 02:51:00+00:00,-22.18,37.13,17.01,120.85,21.47,46.48
2026-01-20 02:52:00+00:00,-22.14,37.12,16.77,120.81,21.21,46.36
2026-01-20 02:53:00+00:00,-21.60,37.11,17.28,120.20,21.92,46.28
2026-01-20 02:54:00+00:00,-21.64,37.32,16.43,120.10,20.85,46.16
2026-01-20 02:55:00+00:00,-21.03,37.25,17.06,119.45,21.74,46.05
2026-01-20 02:56:00+00:00,-19.93,38.52,15.40,117.36,19.54,46.03
2026-01-20 02:57:00+00:00,-20.21,37.81,16.58,118.12,21.15,45.96
2026-01-20 02:58:00+00:00,-20.90,37.39,16.53,119.20,21.10,45.91
2026-01-20 02:59:00+00:00,-20.25,37.57,16.58,118.33,21.23,45.78
2026-01-20 03:00:00+00:00,-21.13,37.14,16.22,119.63,20.79,45.71
2026-01-20 03:01:00+00:00,-20.85,37.52,15.32,119.06,19.64,45.58
2026-01-20 03:02:00+00:00,-20.33,37.68,15.31,118.35,19.67,45.47
2026-01-20 03:03:00+00:00,-20.61,37.77,14.57,118.62,18.70,45.43
2026-01-20 03:04:00+00:00,-21.42,37.35,14.10,119.84,18.13,45.31
2026-01-20 03:05:00+00:00,-21.58,36.87,14.86,120.34,19.18,45.23
2026-01-20 03:06:00+00:00,-20.76,37.19,14.93,119.17,19.32,45.14
2026-01-20 03:07:00+00:00,-20.31,37.40,14.81,118.50,19.19,45.07
2026-01-20 03:08:00+00:00,-20.20,37.55,14.19,118.28,18.41,44.94
2026-01-20 03:09:00+00:00,-19.97,37.62,13.85,117.96,18.02,44.79
2026-01-20 03:10:00+00:00,-18.57,38.61,12.87,115.69,16.72,44.73
2026-01-20 03:11:00+00:00,-18.61,38.67,12.42,115.70,16.14,44.68
2026-01-20 03:12:00+00:00,-18.60,38.26,13.55,115.93,17.67,44.65
2026-01-20 03:13:00+00:00,-18.60,38.06,13.84,116.04,18.09,44.56
2026-01-20 03:14:00+00:00,-18.45,38.27,13.30,115.74,17.38,44.52
2026-01-20 03:15:00+00:00,-18.74,38.11,13.03,116.18,17.05,44.42
2026-01-20 03:16:00+00:00,-18.82,38.26,12.53,116.20,16.37,44.44
2026-01-20 03:17:00+00:00,-19.12,38.16,11.99,116.61,15.69,44.34
2026-01-20 03:18:00+00:00,-19.63,37.75,12.16,117.47,15.95,44.25
2026-01-20 03:19:00+00:00,-19.54,37.75,11.69,117.37,15.37,44.08
2026-01-20 03:20:00+00:00,-19.28,37.79,11.41,117.04,15.05,43.93
2026-01-20 03:21:00+00:00,-18.64,38.02,11.52,116.12,15.22,43.88
2026-01-20 03:22:00+00:00,-17.32,38.19,12.48,114.40,16.57,43.75
2026-01-20 03:23:00+00:00,-16.64,38.33,12.59,113.46,16.77,43.64
2026-01-20 03:24:00+00:00,-16.59,38.31,12.43,113.42,16.58,43.56
2026-01-20 03:25:00+00:00,-15.26,38.65,12.87,111.54,17.21,43.50
2026-01-20 03:26:00+00:00,-13.43,39.00,13.64,109.00,18.30,43.45
2026-01-20 03:27:00+00:00,-12.36,39.09,14.05,107.54,18.91,43.34
2026-01-20 03:28:00+00:00,-13.84,38.80,12.84,109.63,17.31,43.15
2026-01-20 03:29:00+00:00,-14.33,38.79,12.30,110.27,16.56,43.15
2026-01-20 03:30:00+00:00,-14.47,38.38,13.00,110.66,17.58,43.03
2026-01-20 03:31:00+00:00,-14.41,38.19,13.23,110.67,17.96,42.91
2026-01-20 03:32:00+00:00,-14.38,38.39,12.29,110.54,16.68,42.80
2026-01-20 03:33:00+00:00,-14.47,38.45,11.73,110.62,15.93,42.72
2026-01-20 03:34:00+00:00,-14.42,38.67,10.77,110.46,14.62,42.65
2026-01-20 03:35:00+00:00,-14.39,38.88,9.63,110.31,13.07,42.56
2026-01-20 03:36:00+00:00,-14.58,39.15,7.90,110.42,10.71,42.52
2026-01-20 03:37:00+00:00,-14.62,38.99,8.19,110.55,11.12,42.43
2026-01-20 03:38:00+00:00,-14.85,38.80,7.95,110.95,10.83,42.30
2026-01-20 03:39:00+00:00,-14.83,38.47,9.06,111.08,12.39,42.22
2026-01-20 03:40:00+00:00,-14.83,38.53,8.16,111.06,11.18,42.08
2026-01-20 03:41:00+00:00,-14.59,38.54,7.74,110.74,10.63,41.93
2026-01-20 03:42:00+00:00,-14.46,38.69,6.09,110.48,8.39,41.75
2026-01-20 03:43:00+00:00,-14.60,38.53,6.49,110.76,8.95,41.71
2026-01-20 03:44:00+00:00,-14.31,38.73,5.03,110.28,6.95,41.60
2026-01-20 03:45:00+00:00,-13.14,39.20,3.89,108.54,5.38,41.52
2026-01-20 03:46:00+00:00,-12.68,39.38,2.03,107.85,2.80,41.42
2026-01-20 03:47:00+00:00,-12.61,39.40,1.76,107.75,2.44,41.40
2026-01-20 03:48:00+00:00,-12.62,39.30,2.81,107.80,3.89,41.37
2026-01-20 03:49:00+00:00,-12.45,39.22,3.51,107.62,4.87,41.30
2026-01-20 03:50:00+00:00,-11.52,39.27,5.32,106.35,7.40,41.27
2026-01-20 03:51:00+00:00,-11.60,39.25,5.01,106.47,6.98,41.23
2026-01-20 03:52:00+00:00,-12.02,39.12,4.30,107.07,5.99,41.15
2026-01-20 03:53:00+00:00,-12.02,39.07,4.07,107.10,5.69,41.08
2026-01-20 03:54:00+00:00,-11.73,38.89,5.13,106.78,7.20,40.94
2026-01-20 03:55:00+00:00,-9.98,39.03,6.33,104.34,8.92,40.78
2026-01-20 03:56:00+00:00,-8.91,39.26,6.42,102.78,9.06,40.77
2026-01-20 03:57:00+00:00,-8.79,39.20,6.69,102.64,9.46,40.73
2026-01-20 03:58:00+00:00,-8.98,39.24,6.08,102.90,8.59,40.71
2026-01-20 03:59:00+00:00,-7.66,38.49,10.64,101.26,15.17,40.67
2026-01-20 04:00:00+00:00,-7.69,38.63,10.13,101.26,14.42,40.66
2026-01-20 04:01:00+00:00,-7.57,38.79,9.54,101.05,13.57,40.66
2026-01-20 04:02:00+00:00,-7.64,38.90,8.76,101.12,12.46,40.60
2026-01-20 04:03:00+00:00,-8.28,38.38,9.90,102.17,14.15,40.49
2026-01-20 04:04:00+00:00,-7.94,38.64,9.03,101.62,12.89,40.47
2026-01-20 04:05:00+00:00,-7.79,38.66,8.64,101.39,12.35,40.37
2026-01-20 04:06:00+00:00,-7.78,38.53,8.78,101.42,12.59,40.27
2026-01-20 04:07:00+00:00,-7.87,38.53,8.31,101.54,11.93,40.19
2026-01-20 04:08:00+00:00,-8.15,38.63,7.04,101.91,10.10,40.11
2026-01-20 04:09:00+00:00,-8.44,38.71,5.42,102.30,7.79,39.99
2026-01-20 04:10:00+00:00,-8.60,38.52,6.10,102.58,8.78,39.93
2026-01-20 04:11:00+00:00,-8.33,38.49,6.21,102.21,8.96,39.86
2026-01-20 04:12:00+00:00,-8.07,38.58,5.53,101.82,7.99,39.80
2026-01-20 04:13:00+00:00,-7.27,38.73,5.16,100.64,7.45,39.74
2026-01-20 04:14:00+00:00,-7.33,38.54,5.97,100.77,8.65,39.68
2026-01-20 04:15:00+00:00,-6.73,38.54,6.45,99.91,9.36,39.65
2026-01-20 04:16:00+00:00,-7.18,38.39,6.27,100.60,9.12,39.56
2026-01-20 04:17:00+00:00,-7.61,38.13,6.82,101.28,9.95,39.48
2026-01-20 04:18:00+00:00,-8.78,37.84,6.85,103.07,10.00,39.44
2026-01-20 04:19:00+00:00,-9.27,37.82,6.01,103.77,8.77,39.40
2026-01-20 04:20:00+00:00,-10.18,37.47,6.32,105.20,9.24,39.34
2026-01-20 04:21:00+00:00,-9.75,37.63,5.77,104.52,8.45,39.29
2026-01-20 04:22:00+00:00,-8.56,37.91,5.43,102.73,7.95,39.24
2026-01-20 04:23:00+00:00,-8.62,37.89,4.95,102.82,7.26,39.17
2026-01-20 04:24:00+00:00,-8.14,38.00,4.53,102.09,6.65,39.13
2026-01-20 04:25:00+00:00,-7.52,38.14,3.87,101.15,5.69,39.06
2026-01-20 04:26:00+00:00,-7.62,38.03,4.21,101.33,6.19,39.01
2026-01-20 04:27:00+00:00,-7.60,38.02,3.62,101.31,5.33,38.94
2026-01-20 04:28:00+00:00,-8.03,37.90,3.03,101.96,4.47,38.86
2026-01-20 04:29:00+00:00,-7.29,37.98,3.25,100.86,4.80,38.81
2026-01-20 04:30:00+00:00,-7.53,37.83,3.83,101.26,5.67,38.76
2026-01-20 04:31:00+00:00,-7.04,37.89,3.84,100.53,5.69,38.73
2026-01-20 04:32:00+00:00,-7.89,37.63,4.24,101.84,6.29,38.68
2026-01-20 04:33:00+00:00,-7.31,37.75,3.69,100.96,5.48,38.63
2026-01-20 04:34:00+00:00,-7.21,37.71,3.88,100.83,5.76,38.59
2026-01-20 04:35:00+00:00,-7.15,37.68,3.91,100.75,5.82,38.55
2026-01-20 04:36:00+00:00,-7.29,37.55,4.18,100.98,6.23,38.47
2026-01-20 04:37:00+00:00,-7.21,37.53,3.75,100.87,5.61,38.40
2026-01-20 04:38:00+00:00,-6.73,37.56,3.37,100.16,5.05,38.30
2026-01-20 04:39:00+00:00,-7.41,37.31,3.63,101.24,5.45,38.21
2026-01-20 04:40:00+00:00,-8.36,37.02,3.80,102.72,5.72,38.14
2026-01-20 04:41:00+00:00,-8.25,36.99,3.60,102.58,5.42,38.07
2026-01-20 04:42:00+00:00,-7.94,36.94,3.77,102.13,5.70,37.97
2026-01-20 04:43:00+00:00,-7.44,37.04,3.64,101.36,5.51,37.96
2026-01-20 04:44:00+00:00,-7.54,37.00,3.42,101.51,5.17,37.92
2026-01-20 04:45:00+00:00,-7.40,37.01,3.42,101.31,5.17,37.90
2026-01-20 04:46:00+00:00,-7.69,36.90,3.70,101.77,5.61,37.87
2026-01-20 04:47:00+00:00,-8.16,36.84,2.62,102.49,3.98,37.83
2026-01-20 04:48:00+00:00,-7.54,36.98,0.98,101.52,1.49,37.76
2026-01-20 04:49:00+00:00,-6.91,36.91,3.08,100.60,4.69,37.68
2026-01-20 04:50:00+00:00,-7.76,36.45,4.68,102.02,7.15,37.56
2026-01-20 04:51:00+00:00,-8.08,36.28,4.87,102.55,7.47,37.49
2026-01-20 04:52:00+00:00,-8.12,36.16,4.78,102.66,7.35,37.37
2026-01-20 04:53:00+00:00,-7.87,36.14,4.24,102.28,6.54,37.23
2026-01-20 04:54:00+00:00,-6.62,36.41,3.87,100.31,5.97,37.21
2026-01-20 04:55:00+00:00,-7.03,36.29,3.54,100.96,5.47,37.14
2026-01-20 04:56:00+00:00,-7.46,36.20,3.14,101.65,4.86,37.09
2026-01-20 04:57:00+00:00,-7.33,36.20,2.83,101.44,4.39,37.04
2026-01-20 04:58:00+00:00,-7.35,36.05,3.62,101.52,5.61,36.97
2026-01-20 04:59:00+00:00,-8.27,35.75,4.21,103.02,6.54,36.94
2026-01-20 05:00:00+00:00,-8.43,35.63,4.51,103.32,7.02,36.89
2026-01-20 05:01:00+00:00,-8.42,35.62,4.38,103.30,6.83,36.86
2026-01-20 05:02:00+00:00,-7.88,35.67,4.58,102.46,7.15,36.82
2026-01-20 05:03:00+00:00,-7.86,35.66,3.82,102.43,5.97,36.72
2026-01-20 05:04:00+00:00,-8.13,35.56,3.15,102.88,4.93,36.61
2026-01-20 05:05:00+00:00,-8.89,35.26,3.64,104.15,5.72,36.55
2026-01-20 05:06:00+00:00,-8.65,35.32,3.53,103.77,5.55,36.53
2026-01-20 05:07:00+00:00,-8.55,35.30,3.49,103.62,5.49,36.48
2026-01-20 05:08:00+00:00,-7.90,35.42,1.91,102.57,3.02,36.34
2026-01-20 05:09:00+00:00,-6.64,35.72,-0.40,100.53,-0.62,36.33
2026-01-20 05:10:00+00:00,-7.19,35.56,0.31,101.43,0.49,36.28
2026-01-20 05:11:00+00:00,-7.66,35.45,-0.13,102.19,-0.21,36.27
2026-01-20 05:12:00+00:00,-8.08,35.35,-0.30,102.88,-0.48,36.27
2026-01-20 05:13:00+00:00,-8.06,35.28,-0.53,102.87,-0.84,36.20
2026-01-20 05:14:00+00:00,-7.59,35.24,0.16,102.15,0.25,36.05
2026-01-20 05:15:00+00:00,-7.32,35.22,-1.05,101.75,-1.68,35.99
2026-01-20 05:16:00+00:00,-6.92,35.26,-1.68,101.10,-2.67,35.97
2026-01-20 05:17:00+00:00,-6.63,35.30,-1.49,100.63,-2.37,35.95
2026-01-20 05:18:00+00:00,-6.45,35.32,-1.00,100.34,-1.59,35.92
2026-01-20 05:19:00+00:00,-5.90,35.35,-0.59,99.47,-0.94,35.84
2026-01-20 05:20:00+00:00,-7.45,35.01,-0.28,102.00,-0.44,35.80
2026-01-20 05:21:00+00:00,-7.14,35.05,-1.15,101.52,-1.84,35.79
2026-01-20 05:22:00+00:00,-7.50,34.84,-1.61,102.15,-2.58,35.67
2026-01-20 05:23:00+00:00,-7.88,34.69,-1.06,102.80,-1.71,35.59
2026-01-20 05:24:00+00:00,-8.52,34.48,-0.81,103.89,-1.31,35.52
2026-01-20 05:25:00+00:00,-8.02,34.44,-3.01,103.12,-4.87,35.49
2026-01-20 05:26:00+00:00,-7.23,34.62,-2.53,101.79,-4.09,35.46
2026-01-20 05:27:00+00:00,-6.57,34.60,-3.68,100.75,-5.96,35.41
2026-01-20 05:28:00+00:00,-6.53,34.49,-3.96,100.72,-6.43,35.32
2026-01-20 05:29:00+00:00,-4.91,34.22,-5.76,98.16,-9.46,35.05
2026-01-20 05:30:00+00:00,-3.17,33.92,-7.58,95.34,-12.54,34.91
2026-01-20 05:31:00+00:00,-4.21,33.72,-7.69,97.12,-12.75,34.84
2026-01-20 05:32:00+00:00,-5.88,33.41,-7.51,99.98,-12.48,34.74
2026-01-20 05:33:00+00:00,-5.56,33.55,-6.78,99.42,-11.28,34.67
2026-01-20 05:34:00+00:00,-5.63,33.49,-6.20,99.55,-10.35,34.52
2026-01-20 05:35:00+00:00,-5.62,33.37,-6.20,99.57,-10.38,34.40
2026-01-20 05:36:00+00:00,-5.26,32.96,-7.17,99.07,-12.13,34.14
2026-01-20 05:37:00+00:00,-5.40,33.05,-7.12,99.27,-12.00,34.24
2026-01-20 05:38:00+00:00,-5.68,32.80,-7.46,99.82,-12.64,34.11
2026-01-20 05:39:00+00:00,-6.02,32.37,-8.99,100.53,-15.28,34.13
2026-01-20 05:40:00+00:00,-6.90,32.30,-8.35,102.05,-14.19,34.07
2026-01-20 05:41:00+00:00,-8.32,31.86,-7.67,104.63,-13.11,33.81
2026-01-20 05:42:00+00:00,-7.97,30.84,-10.98,104.48,-19.02,33.70
2026-01-20 05:43:00+00:00,-6.54,32.39,-4.30,101.42,-7.42,33.32
2026-01-20 05:44:00+00:00,-2.97,33.37,2.47,95.09,4.22,33.59
2026-01-20 05:45:00+00:00,-5.70,33.25,0.60,99.73,1.01,33.74
2026-01-20 05:46:00+00:00,-5.89,33.22,0.39,100.06,0.66,33.74
2026-01-20 05:47:00+00:00,-6.33,33.25,-0.75,100.78,-1.27,33.85
2026-01-20 05:48:00+00:00,-7.73,32.63,-4.78,103.33,-8.11,33.87
2026-01-20 05:49:00+00:00,-9.50,32.32,-3.34,106.38,-5.67,33.85
2026-01-20 05:50:00+00:00,-8.16,32.13,-6.61,104.24,-11.27,33.80
2026-01-20 05:51:00+00:00,-3.26,30.93,-13.20,96.01,-22.99,33.79
2026-01-20 05:52:00+00:00,-4.88,30.82,-12.48,99.00,-21.80,33.61
2026-01-20 05:53:00+00:00,-10.31,29.44,-11.97,109.30,-20.99,33.41
2026-01-20 05:54:00+00:00,-4.14,29.88,-14.00,97.90,-24.89,33.25
2026-01-20 05:55:00+00:00,-2.14,28.91,-15.39,94.23,-27.97,32.82
2026-01-20 05:56:00+00:00,-2.30,28.44,-15.33,94.63,-28.25,32.40
2026-01-20 05:57:00+00:00,1.73,21.44,-24.23,85.39,-48.40,32.40
2026-01-20 05:58:00+00:00,3.96,23.42,-22.34,80.39,-43.25,32.61
2026-01-20 05:59:00+00:00,5.34,23.16,-22.27,77.01,-43.14,32.57
2026-01-20 06:00:00+00:00,5.40,23.42,-21.92,77.02,-42.37,32.52
2026-01-20 06:01:00+00:00,6.34,23.08,-21.87,74.64,-42.41,32.42
2026-01-20 06:02:00+00:00,4.11,23.93,-21.44,80.25,-41.44,32.39
2026-01-20 06:03:00+00:00,2.50,24.88,-20.40,84.27,-39.21,32.27
2026-01-20 06:04:00+00:00,0.55,26.08,-18.79,88.79,-35.77,32.15
2026-01-20 06:05:00+00:00,-0.71,26.42,-18.08,91.54,-34.37,32.02
2026-01-20 06:06:00+00:00,0.25,25.82,-18.86,89.45,-36.15,31.98
2026-01-20 06:07:00+00:00,0.73,25.78,-18.55,88.39,-35.73,31.77
2026-01-20 06:08:00+00:00,1.64,25.82,-18.34,86.37,-35.33,31.71
2026-01-20 06:09:00+00:00,0.94,26.00,-18.09,87.93,-34.81,31.69
2026-01-20 06:10:00+00:00,0.12,25.73,-18.42,89.74,-35.59,31.64
2026-01-20 06:11:00+00:00,-0.19,25.75,-18.53,90.42,-35.73,31.72
2026-01-20 06:12:00+00:00,-0.75,25.61,-18.78,91.67,-36.25,31.77
2026-01-20 06:13:00+00:00,-0.83,25.57,-18.87,91.87,-36.41,31.79
2026-01-20 06:14:00+00:00,-1.31,25.96,-18.29,92.89,-35.13,31.79
2026-01-20 06:15:00+00:00,-1.88,25.63,-18.65,94.20,-35.97,31.75
2026-01-20 06:16:00+00:00,0.24,26.69,-16.56,89.49,-31.82,31.41
2026-01-20 06:17:00+00:00,0.70,26.10,-17.29,88.47,-33.51,31.32
2026-01-20 06:18:00+00:00,0.43,24.79,-19.16,89.02,-37.70,31.33
2026-01-20 06:19:00+00:00,0.10,24.53,-19.45,89.77,-38.42,31.31
2026-01-20 06:20:00+00:00,1.12,24.81,-18.83,87.42,-37.17,31.17
2026-01-20 06:21:00+00:00,1.84,25.49,-17.74,85.88,-34.77,31.11
2026-01-20 06:22:00+00:00,1.52,25.06,-18.26,86.54,-36.03,31.04
2026-01-20 06:23:00+00:00,2.19,24.83,-18.39,84.96,-36.41,30.98
2026-01-20 06:24:00+00:00,3.65,24.68,-18.34,81.59,-36.32,30.97
2026-01-20 06:25:00+00:00,4.39,24.98,-17.70,80.04,-34.92,30.93
2026-01-20 06:26:00+00:00,4.23,24.68,-17.83,80.28,-35.46,30.74
2026-01-20 06:27:00+00:00,3.45,24.09,-18.64,81.86,-37.45,30.65
2026-01-20 06:28:00+00:00,3.58,23.27,-19.41,81.26,-39.51,30.51
2026-01-20 06:29:00+00:00,3.58,21.77,-20.70,80.67,-43.17,30.26
2026-01-20 06:30:00+00:00,3.07,21.77,-20.99,81.97,-43.68,30.39
2026-01-20 06:31:00+00:00,1.33,23.57,-19.69,86.78,-39.83,30.74
2026-01-20 06:32:00+00:00,0.23,24.99,-18.24,89.48,-36.14,30.94
2026-01-20 06:33:00+00:00,0.56,24.86,-18.50,88.71,-36.65,30.99
2026-01-20 06:34:00+00:00,0.49,25.14,-18.02,88.87,-35.62,30.93
2026-01-20 06:35:00+00:00,0.22,24.87,-18.08,89.49,-36.02,30.75
2026-01-20 06:36:00+00:00,1.30,23.78,-19.00,86.88,-38.58,30.46
2026-01-20 06:37:00+00:00,3.04,21.79,-21.34,82.06,-44.12,30.65
2026-01-20 06:38:00+00:00,1.71,23.33,-19.82,85.81,-40.27,30.66
2026-01-20 06:39:00+00:00,-1.18,26.49,-15.52,92.56,-30.34,30.72
2026-01-20 06:40:00+00:00,0.89,24.80,-17.90,87.95,-35.80,30.60
2026-01-20 06:41:00+00:00,1.26,24.58,-18.24,87.06,-36.54,30.64
2026-01-20 06:42:00+00:00,1.56,24.46,-18.32,86.34,-36.77,30.60
2026-01-20 06:43:00+00:00,1.73,24.38,-18.45,85.94,-37.04,30.62
2026-01-20 06:44:00+00:00,2.54,24.15,-18.53,83.99,-37.34,30.54
2026-01-20 06:45:00+00:00,3.30,24.25,-18.26,82.26,-36.72,30.53
2026-01-20 06:46:00+00:00,3.01,24.78,-17.51,83.07,-35.05,30.49
2026-01-20 06:47:00+00:00,3.40,25.11,-16.97,82.28,-33.81,30.49
2026-01-20 06:48:00+00:00,4.07,25.65,-15.93,80.98,-31.52,30.47
2026-01-20 06:49:00+00:00,3.88,23.36,-18.19,80.56,-37.54,29.86
2026-01-20 06:50:00+00:00,2.84,21.82,-20.11,82.59,-42.43,29.81
2026-01-20 06:51:00+00:00,2.21,18.19,-23.60,83.08,-52.18,29.88
2026-01-20 06:52:00+00:00,2.34,16.90,-24.69,82.10,-55.35,30.01
2026-01-20 06:53:00+00:00,2.15,15.09,-25.59,81.89,-59.22,29.79
2026-01-20 06:54:00+00:00,2.18,14.00,-25.56,81.16,-61.00,29.23
2026-01-20 06:55:00+00:00,1.99,13.76,-24.92,81.78,-60.84,28.53
2026-01-20 06:56:00+00:00,0.28,15.91,-24.27,88.98,-56.75,29.02
2026-01-20 06:57:00+00:00,6.01,5.59,-27.10,42.94,-73.16,28.31
2026-01-20 06:58:00+00:00,1.60,14.75,-24.07,83.82,-58.36,28.27
2026-01-20 06:59:00+00:00,-0.02,16.80,-24.48,90.06,-55.55,29.69
2026-01-20 07:00:00+00:00,0.14,22.04,-20.06,89.62,-42.30,29.80
2026-01-20 07:01:00+00:00,-1.41,22.13,-19.70,93.66,-41.63,29.66
2026-01-20 07:02:00+00:00,-2.25,23.62,-17.61,95.45,-36.58,29.54
2026-01-20 07:03:00+00:00,-0.26,23.83,-16.82,90.62,-35.21,29.17
2026-01-20 07:04:00+00:00,0.48,24.36,-16.53,88.88,-34.15,29.44
2026-01-20 07:05:00+00:00,-1.08,22.68,-18.59,92.73,-39.31,29.35
2026-01-20 07:06:00+00:00,-2.12,22.62,-18.64,95.36,-39.36,29.39
2026-01-20 07:07:00+00:00,-1.59,22.49,-18.98,94.04,-40.10,29.47
2026-01-20 07:08:00+00:00,-2.25,23.21,-17.76,95.55,-37.29,29.31
2026-01-20 07:09:00+00:00,-2.42,23.68,-17.04,95.84,-35.60,29.27
2026-01-20 07:10:00+00:00,-1.09,21.22,-20.22,92.95,-43.58,29.33
2026-01-20 07:11:00+00:00,-0.46,21.14,-19.90,91.25,-43.26,29.04
2026-01-20 07:12:00+00:00,1.46,25.76,-14.34,86.75,-29.06,29.52
2026-01-20 07:13:00+00:00,1.23,26.65,-12.52,87.37,-25.14,29.47
2026-01-20 07:14:00+00:00,1.07,26.88,-11.80,87.73,-23.67,29.38
2026-01-20 07:15:00+00:00,1.61,27.09,-11.00,86.60,-22.06,29.28
2026-01-20 07:16:00+00:00,1.86,27.96,-9.01,86.20,-17.82,29.43
2026-01-20 07:17:00+00:00,1.91,28.00,-8.89,86.10,-17.57,29.44
2026-01-20 07:18:00+00:00,2.16,28.48,-7.57,85.67,-14.84,29.54
2026-01-20 07:19:00+00:00,1.88,27.69,-9.82,86.11,-19.48,29.43
2026-01-20 08:06:00+00:00,1.27,23.36,-13.93,86.88,-30.78,27.23
2026-01-20 08:07:00+00:00,1.28,23.15,-14.16,86.84,-31.41,27.16
2026-01-20 08:08:00+00:00,1.62,22.97,-14.20,85.96,-31.66,27.06
2026-01-20 08:09:00+00:00,1.30,22.95,-14.29,86.75,-31.87,27.07
2026-01-20 08:10:00+00:00,1.27,22.98,-14.04,86.85,-31.38,26.96
2026-01-20 08:12:00+00:00,2.20,22.47,-14.25,84.40,-32.26,26.69
2026-01-20 08:13:00+00:00,2.93,22.27,-14.29,82.49,-32.46,26.62
2026-01-20 08:14:00+00:00,1.71,21.86,-14.94,85.53,-34.26,26.53
2026-01-20 08:15:00+00:00,2.26,22.16,-14.28,84.18,-32.67,26.46
2026-01-20 08:16:00+00:00,2.42,22.10,-14.24,83.75,-32.63,26.40
2026-01-20 08:17:00+00:00,2.39,21.91,-14.44,83.76,-33.24,26.35
2026-01-20 08:18:00+00:00,3.07,22.28,-13.61,82.17,-31.18,26.29
2026-01-20 08:19:00+00:00,4.10,22.39,-13.14,79.63,-30.00,26.29
2026-01-20 08:20:00+00:00,2.90,22.26,-13.86,82.58,-31.69,26.38
2026-01-20 08:21:00+00:00,3.41,22.02,-14.20,81.20,-32.52,26.43
2026-01-20 08:22:00+00:00,2.20,22.55,-13.05,84.42,-29.94,26.15
2026-01-20 08:23:00+00:00,3.34,21.75,-13.83,81.28,-32.14,25.99
2026-01-20 08:24:00+00:00,2.74,20.01,-16.23,82.20,-38.79,25.91
2026-01-20 08:25:00+00:00,2.79,20.34,-16.17,82.18,-38.22,26.13
2026-01-20 08:26:00+00:00,1.47,19.39,-17.45,85.67,-41.90,26.13
2026-01-20 08:27:00+00:00,2.23,20.17,-15.91,83.69,-38.11,25.79
2026-01-20 08:28:00+00:00,2.43,19.65,-16.03,82.96,-39.00,25.47
2026-01-20 08:29:00+00:00,3.59,19.85,-15.41,79.74,-37.37,25.39
2026-01-20 08:30:00+00:00,3.08,19.49,-15.99,81.03,-39.03,25.40
2026-01-20 08:31:00+00:00,2.40,19.58,-15.82,83.01,-38.73,25.29
2026-01-20 08:32:00+00:00,-1.91,17.92,-17.93,96.10,-44.85,25.42
2026-01-20 08:33:00+00:00,-2.53,17.87,-17.89,98.05,-44.74,25.42
2026-01-20 08:34:00+00:00,-2.81,17.41,-18.29,99.15,-46.04,25.41
2026-01-20 08:35:00+00:00,-4.01,17.51,-17.59,102.91,-44.41,25.14
2026-01-20 08:36:00+00:00,-5.66,16.38,-17.96,109.08,-46.02,24.96
2026-01-20 08:37:00+00:00,-9.42,15.24,-17.30,121.73,-43.99,24.91
2026-01-20 08:38:00+00:00,-6.63,15.05,-18.80,113.77,-48.83,24.97
2026-01-20 08:39:00+00:00,-6.39,14.34,-19.53,114.02,-51.20,25.05
2026-01-20 08:40:00+00:00,-4.34,16.17,-18.62,105.04,-48.05,25.04
2026-01-20 08:41:00+00:00,-3.31,17.28,-18.27,100.84,-46.09,25.37
2026-01-20 08:42:00+00:00,-3.72,16.85,-18.56,102.44,-47.08,25.34
2026-01-20 08:43:00+00:00,-2.81,17.10,-18.44,99.32,-46.79,25.30
2026-01-20 08:44:00+00:00,-2.98,16.76,-18.50,100.08,-47.38,25.14
2026-01-20 08:45:00+00:00,-3.43,16.46,-18.47,101.76,-47.69,24.98
2026-01-20 08:46:00+00:00,-4.05,16.22,-18.34,104.01,-47.65,24.81
2026-01-20 08:47:00+00:00,-3.66,16.31,-18.19,102.66,-47.42,24.71
2026-01-20 08:48:00+00:00,-4.74,15.45,-18.64,107.06,-49.08,24.67
2026-01-20 08:49:00+00:00,-5.12,15.03,-18.54,108.81,-49.42,24.41
2026-01-20 08:50:00+00:00,-5.31,14.77,-18.44,109.76,-49.60,24.22
2026-01-20 08:51:00+00:00,-5.55,14.94,-18.23,110.36,-48.84,24.22
2026-01-20 08:52:00+00:00,-5.95,13.83,-18.92,113.29,-51.48,24.18
2026-01-20 08:53:00+00:00,-5.93,13.47,-19.06,113.76,-52.34,24.08
2026-01-20 08:54:00+00:00,-5.61,13.40,-19.20,112.72,-52.88,24.08
2026-01-20 08:55:00+00:00,-4.74,13.84,-18.86,108.93,-52.20,23.86
2026-01-20 08:56:00+00:00,-3.21,15.25,-17.70,101.88,-48.64,23.58
2026-01-20 08:57:00+00:00,-0.04,17.86,-15.28,90.13,-40.54,23.51
2026-01-20 08:58:00+00:00,1.57,18.79,-14.31,85.24,-37.18,23.67
2026-01-20 08:59:00+00:00,3.29,19.08,-13.88,80.23,-35.63,23.82
2026-01-20 09:00:00+00:00,-1.62,16.50,-16.76,95.60,-45.31,23.58
2026-01-20 09:01:00+00:00,-2.61,16.10,-17.46,99.20,-46.94,23.89
2026-01-20 09:02:00+00:00,-2.37,16.32,-17.38,98.25,-46.51,23.96
2026-01-20 09:03:00+00:00,-2.05,16.32,-17.33,97.16,-46.50,23.89
2026-01-20 09:04:00+00:00,-1.08,17.51,-15.96,93.52,-42.29,23.72
2026-01-20 09:05:00+00:00,1.81,20.84,-11.30,85.03,-28.38,23.78
2026-01-20 09:06:00+00:00,2.84,21.68,-9.26,82.53,-22.94,23.75
2026-01-20 09:07:00+00:00,3.09,21.78,-8.80,81.92,-21.80,23.69
2026-01-20 09:08:00+00:00,3.45,21.80,-8.23,81.01,-20.45,23.56
2026-01-20 09:09:00+00:00,3.06,20.87,-9.87,81.67,-25.09,23.29
2026-01-20 09:10:00+00:00,2.06,20.12,-11.37,84.14,-29.35,23.21
2026-01-20 09:11:00+00:00,1.89,19.82,-11.33,84.56,-29.64,22.90
2026-01-20 09:12:00+00:00,1.84,18.91,-12.39,84.45,-33.10,22.68
2026-01-20 09:13:00+00:00,1.34,18.11,-13.31,85.76,-36.23,22.51
2026-01-20 09:14:00+00:00,0.87,17.77,-13.92,87.19,-38.04,22.59
2026-01-20 09:15:00+00:00,1.50,16.41,-15.21,84.79,-42.71,22.43
2026-01-20 09:16:00+00:00,1.96,17.08,-14.49,83.44,-40.12,22.48
2026-01-20 09:17:00+00:00,3.64,18.16,-13.09,78.66,-35.26,22.68
2026-01-20 09:18:00+00:00,2.64,17.95,-13.48,81.64,-36.62,22.61
2026-01-20 09:19:00+00:00,0.12,16.19,-15.80,89.58,-44.30,22.62
2026-01-20 09:20:00+00:00,-0.92,15.00,-16.59,93.50,-47.83,22.39
2026-01-20 09:21:00+00:00,1.51,16.61,-15.05,84.81,-42.06,22.46
2026-01-20 09:22:00+00:00,-0.19,15.56,-16.01,90.70,-45.81,22.33
2026-01-20 09:23:00+00:00,-3.38,14.40,-16.33,103.21,-47.82,22.03
2026-01-20 09:24:00+00:00,-0.37,13.73,-16.78,91.54,-50.69,21.68
2026-01-20 09:25:00+00:00,-0.72,14.14,-16.11,92.92,-48.68,21.45
2026-01-20 09:26:00+00:00,-2.06,13.93,-15.61,98.43,-47.94,21.02
2026-01-20 09:27:00+00:00,-0.95,15.49,-13.40,93.52,-40.80,20.50
2026-01-20 09:28:00+00:00,-1.77,15.33,-13.40,96.58,-40.97,20.44
2026-01-20 09:29:00+00:00,-0.79,15.30,-13.00,92.96,-40.32,20.09
2026-01-20 09:30:00+00:00,1.15,18.19,-8.85,86.39,-25.89,20.26
2026-01-20 09:31:00+00:00,1.40,18.93,-7.22,85.77,-20.82,20.31
2026-01-20 09:32:00+00:00,1.47,19.04,-7.00,85.57,-20.13,20.34
2026-01-20 09:33:00+00:00,1.53,18.81,-7.02,85.34,-20.41,20.14
2026-01-20 09:34:00+00:00,2.05,18.84,-6.91,83.80,-20.04,20.17
2026-01-20 09:35:00+00:00,1.34,18.57,-7.46,85.86,-21.85,20.06
2026-01-20 09:36:00+00:00,-0.44,15.04,-13.29,91.66,-41.44,20.08
2026-01-20 09:37:00+00:00,-0.98,13.02,-15.60,94.31,-50.07,20.34
2026-01-20 09:38:00+00:00,-1.90,11.01,-16.66,99.79,-56.16,20.05
2026-01-20 09:39:00+00:00,-3.64,5.71,-18.62,122.51,-70.02,19.82
2026-01-20 09:40:00+00:00,-2.15,6.38,-18.81,108.62,-70.30,19.98
2026-01-20 09:41:00+00:00,-3.46,4.84,-19.22,125.57,-72.82,20.12
2026-01-20 09:42:00+00:00,-4.43,2.81,-19.34,147.57,-74.81,20.04
2026-01-20 09:43:00+00:00,-5.22,1.33,-19.17,165.75,-74.30,19.91
2026-01-20 09:44:00+00:00,-4.04,3.89,-18.97,136.10,-73.54,19.78
2026-01-20 09:45:00+00:00,-3.41,4.76,-19.14,125.61,-72.97,20.01
2026-01-20 09:46:00+00:00,-3.73,4.74,-19.01,128.20,-72.40,19.94
2026-01-20 09:47:00+00:00,-3.60,6.68,-18.17,118.30,-67.34,19.69
2026-01-20 09:48:00+00:00,-3.67,8.65,-15.87,112.98,-59.37,18.44
2026-01-20 09:49:00+00:00,-2.77,10.32,-13.65,105.03,-51.94,17.34
2026-01-20 09:50:00+00:00,-2.83,11.06,-12.83,104.34,-48.34,17.18
2026-01-20 09:51:00+00:00,-3.06,11.99,-11.42,104.30,-42.71,16.84
2026-01-20 09:52:00+00:00,-2.59,13.35,-9.92,101.00,-36.10,16.83
2026-01-20 09:53:00+00:00,-2.19,14.06,-8.61,98.87,-31.17,16.63
2026-01-20 09:54:00+00:00,-1.99,13.66,-8.72,98.30,-32.28,16.33
2026-01-20 09:55:00+00:00,-3.31,12.95,-11.33,104.32,-40.30,17.52
2026-01-20 09:56:00+00:00,-3.94,10.03,-14.29,111.47,-52.97,17.90
2026-01-20 09:57:00+00:00,-4.26,9.72,-14.89,113.64,-54.52,18.29
2026-01-20 09:58:00+00:00,-4.95,8.19,-16.10,121.17,-59.28,18.73
2026-01-20 09:59:00+00:00,-5.26,8.41,-15.85,122.03,-57.94,18.70
2026-01-20 10:00:00+00:00,-5.09,8.66,-15.63,120.43,-57.29,18.58
2026-01-20 10:03:00+00:00,-4.76,8.92,-14.89,118.08,-55.82,17.99
2026-01-20 10:04:00+00:00,-4.73,9.34,-14.62,116.88,-54.39,17.98
2026-01-20 10:05:00+00:00,-4.96,9.95,-14.06,116.50,-51.67,17.93
2026-01-20 10:06:00+00:00,-4.32,9.71,-14.34,113.98,-53.45,17.85
2026-01-20 10:07:00+00:00,-4.34,10.17,-13.96,113.13,-51.62,17.81
2026-01-20 10:08:00+00:00,-4.47,9.66,-14.01,114.81,-52.78,17.60
2026-01-20 10:09:00+00:00,-4.28,9.69,-13.90,113.84,-52.68,17.48
2026-01-20 10:10:00+00:00,-4.30,9.96,-13.38,113.35,-50.95,17.22
2026-01-20 10:11:00+00:00,-3.50,9.63,-13.59,109.98,-52.98,17.02
2026-01-20 10:12:00+00:00,-2.93,7.85,-14.71,110.47,-60.34,16.93
2026-01-20 10:13:00+00:00,-4.03,9.26,-13.60,113.53,-53.41,16.94
2026-01-20 10:14:00+00:00,-3.87,9.20,-13.03,112.82,-52.54,16.42
2026-01-20 10:15:00+00:00,-3.89,9.27,-12.83,112.77,-51.93,16.30
2026-01-20 10:16:00+00:00,-3.98,9.09,-12.60,113.65,-51.78,16.04
2026-01-20 10:17:00+00:00,-3.44,9.68,-10.28,109.54,-45.01,14.53
2026-01-20 10:18:00+00:00,-3.56,8.91,-10.34,111.78,-47.14,14.11
2026-01-20 10:19:00+00:00,-3.82,8.65,-10.61,113.85,-48.28,14.21
2026-01-20 10:20:00+00:00,-3.78,8.50,-10.77,114.00,-49.18,14.23
2026-01-20 10:21:00+00:00,-3.35,8.03,-10.91,112.62,-51.45,13.96
2026-01-20 10:22:00+00:00,-3.45,7.73,-10.70,114.06,-51.67,13.64
2026-01-20 10:23:00+00:00,-2.70,8.45,-9.93,107.70,-48.22,13.31
2026-01-20 10:24:00+00:00,-3.01,8.07,-9.22,110.47,-46.94,12.62
2026-01-20 10:25:00+00:00,-2.72,7.83,-9.16,109.14,-47.88,12.35
2026-01-20 10:26:00+00:00,-3.16,7.48,-9.52,112.87,-49.53,12.51
2026-01-20 10:27:00+00:00,-4.22,6.30,-11.04,123.86,-55.52,13.39
2026-01-20 10:28:00+00:00,-4.84,4.56,-11.47,136.74,-59.88,13.26
2026-01-20 10:29:00+00:00,-5.18,2.65,-13.01,152.90,-65.91,14.25
2026-01-20 10:30:00+00:00,-5.28,3.58,-13.48,145.85,-64.66,14.92
2026-01-20 10:31:00+00:00,-5.41,3.65,-13.72,145.98,-64.54,15.19
2026-01-20 10:32:00+00:00,-5.74,2.68,-13.74,154.99,-65.25,15.13
2026-01-20 10:33:00+00:00,-6.13,1.95,-13.68,162.36,-64.82,15.12
2026-01-20 10:34:00+00:00,-5.82,3.16,-13.52,151.52,-63.92,15.05
2026-01-20 10:35:00+00:00,-6.10,1.56,-13.56,165.68,-65.10,14.95
2026-01-20 10:36:00+00:00,-5.81,2.49,-13.17,156.80,-64.38,14.61
2026-01-20 10:37:00+00:00,-5.08,4.67,-12.77,137.36,-61.61,14.51
2026-01-20 10:38:00+00:00,-5.21,3.48,-12.93,146.28,-64.16,14.36
2026-01-20 10:39:00+00:00,-5.18,2.93,-12.95,150.52,-65.34,14.25
2026-01-20 10:40:00+00:00,-4.19,4.84,-12.73,130.88,-63.32,14.25
2026-01-20 10:41:00+00:00,-4.93,4.24,-12.65,139.29,-62.78,14.22
2026-01-20 10:42:00+00:00,-6.34,3.12,-12.33,153.80,-60.17,14.21
2026-01-20 10:43:00+00:00,-7.18,1.86,-12.28,165.44,-58.87,14.34
2026-01-20 10:44:00+00:00,-7.07,1.86,-12.11,165.23,-58.90,14.14
2026-01-20 10:45:00+00:00,-5.01,4.79,-12.14,136.27,-60.26,13.98
2026-01-20 10:46:00+00:00,-5.39,5.07,-11.39,136.76,-57.00,13.59
2026-01-20 10:47:00+00:00,-5.25,5.64,-11.91,132.95,-57.09,14.19
2026-01-20 10:48:00+00:00,-5.09,5.97,-11.19,130.44,-54.97,13.67
2026-01-20 10:49:00+00:00,-4.83,5.26,-11.07,132.55,-57.15,13.17
2026-01-20 10:50:00+00:00,-4.88,4.94,-12.04,134.66,-60.01,13.91
2026-01-20 10:51:00+00:00,-5.21,4.97,-11.99,136.35,-59.03,13.98
2026-01-20 10:52:00+00:00,-4.44,6.55,-11.42,124.13,-55.29,13.90
2026-01-20 10:53:00+00:00,-4.99,6.05,-11.68,129.48,-56.13,14.07
2026-01-20 10:54:00+00:00,-5.71,5.64,-11.63,135.36,-55.37,14.13
2026-01-20 10:55:00+00:00,-5.68,5.25,-11.55,137.23,-56.20,13.90
2026-01-20 10:56:00+00:00,-5.84,4.85,-11.33,140.32,-56.17,13.64
2026-01-20 10:57:00+00:00,-6.46,4.44,-11.13,145.48,-54.82,13.62
2026-01-20 10:58:00+00:00,-3.62,9.01,-8.36,111.91,-40.72,12.81
2026-01-20 10:59:00+00:00,-3.55,9.69,-8.62,110.12,-39.85,13.45
2026-01-20 11:00:00+00:00,-4.05,8.61,-10.58,115.20,-48.03,14.24
2026-01-20 11:01:00+00:00,-3.88,9.11,-10.46,113.06,-46.55,14.40
2026-01-20 11:02:00+00:00,-4.06,8.25,-10.39,116.21,-48.49,13.87
2026-01-20 11:03:00+00:00,-4.03,9.61,-9.06,112.74,-41.00,13.81
2026-01-20 11:04:00+00:00,-3.58,10.95,-8.19,108.09,-35.41,14.13
2026-01-20 11:05:00+00:00,-3.35,11.20,-8.45,106.68,-35.87,14.43
2026-01-20 11:06:00+00:00,-5.00,8.76,-10.66,119.69,-46.58,14.67
2026-01-20 11:07:00+00:00,-4.76,9.65,-10.63,116.27,-44.64,15.13
2026-01-20 11:08:00+00:00,-4.33,10.23,-10.16,112.96,-42.45,15.05
2026-01-20 11:09:00+00:00,-4.34,9.47,-10.72,114.61,-45.83,14.95
2026-01-20 11:10:00+00:00,-4.40,9.80,-10.49,114.20,-44.31,15.01
2026-01-20 11:11:00+00:00,-4.99,9.05,-10.99,118.88,-46.77,15.09
2026-01-20 11:12:00+00:00,-4.84,9.86,-10.32,116.17,-43.23,15.07
2026-01-20 11:13:00+00:00,-5.28,9.89,-10.11,118.09,-42.06,15.10
2026-01-20 11:14:00+00:00,-4.16,11.55,-8.46,109.81,-34.56,14.91
2026-01-20 11:15:00+00:00,-4.60,11.70,-8.30,111.45,-33.44,15.06
2026-01-20 11:16:00+00:00,-4.56,11.61,-8.03,111.47,-32.79,14.84
2026-01-20 11:17:00+00:00,-4.55,11.45,-7.37,111.67,-30.90,14.36
2026-01-20 11:18:00+00:00,-3.62,12.69,-5.76,105.94,-23.58,14.40
2026-01-20 11:19:00+00:00,-3.43,12.63,-5.55,105.20,-22.97,14.22
2026-01-20 11:20:00+00:00,-2.60,13.19,-4.03,101.14,-16.67,14.03
2026-01-20 11:21:00+00:00,-2.98,13.27,-3.37,102.67,-13.93,14.01
2026-01-20 11:22:00+00:00,-4.04,12.24,-5.48,108.27,-23.05,14.01
2026-01-20 11:23:00+00:00,-4.12,12.23,-6.14,108.62,-25.46,14.29
2026-01-20 11:24:00+00:00,-4.19,12.45,-5.58,108.60,-23.02,14.28
2026-01-20 11:25:00+00:00,-2.85,13.39,-3.42,102.02,-14.03,14.11
2026-01-20 11:26:00+00:00,-2.79,13.42,-2.51,101.74,-10.36,13.93
2026-01-20 11:27:00+00:00,-3.26,13.17,-2.87,103.92,-11.96,13.87
2026-01-20 11:28:00+00:00,-2.73,13.27,-2.66,101.61,-11.09,13.81
2026-01-20 11:29:00+00:00,-1.93,13.55,0.09,98.11,0.40,13.68
2026-01-20 11:30:00+00:00,-1.78,13.51,1.37,97.49,5.76,13.70
2026-01-20 11:31:00+00:00,-2.34,13.55,-1.42,99.78,-5.88,13.82
2026-01-20 11:32:00+00:00,-2.48,13.54,-0.49,100.37,-2.04,13.77
2026-01-20 11:33:00+00:00,-2.84,13.52,-0.34,101.86,-1.40,13.82
2026-01-20 11:34:00+00:00,-2.54,13.45,-1.87,100.70,-7.78,13.82
2026-01-20 11:35:00+00:00,-2.32,13.53,-1.45,99.74,-6.02,13.80
2026-01-20 11:36:00+00:00,-2.09,13.52,-1.61,98.79,-6.73,13.77
2026-01-20 11:37:00+00:00,-2.34,13.53,-0.63,99.81,-2.63,13.75
2026-01-20 11:38:00+00:00,-2.45,13.53,-0.59,100.26,-2.47,13.76
2026-01-20 11:39:00+00:00,-3.12,13.42,0.81,103.11,3.38,13.80
2026-01-20 11:40:00+00:00,-3.26,13.48,1.13,103.62,4.67,13.91
2026-01-20 11:41:00+00:00,-2.95,13.53,-0.36,102.31,-1.47,13.86
2026-01-20 11:42:00+00:00,-2.98,13.51,-0.65,102.45,-2.69,13.85
2026-01-20 11:43:00+00:00,-2.74,13.54,-0.61,101.42,-2.54,13.83
2026-01-20 11:44:00+00:00,-3.03,13.39,-1.36,102.75,-5.66,13.80
2026-01-20 11:45:00+00:00,-3.34,12.91,-3.40,104.49,-14.32,13.76
2026-01-20 11:46:00+00:00,-3.22,12.72,-3.90,104.22,-16.56,13.69
2026-01-20 11:47:00+00:00,-2.82,12.43,-4.74,102.78,-20.40,13.60
2026-01-20 11:48:00+00:00,-2.74,12.15,-5.45,102.73,-23.62,13.59
2026-01-20 11:49:00+00:00,-3.07,12.35,-4.95,103.97,-21.27,13.65
2026-01-20 11:50:00+00:00,-2.71,12.46,-4.79,102.26,-20.59,13.62
2026-01-20 11:51:00+00:00,-2.80,12.43,-4.98,102.68,-21.36,13.68
2026-01-20 11:52:00+00:00,-3.08,12.36,-4.96,104.01,-21.28,13.67
2026-01-20 11:53:00+00:00,-2.99,12.44,-4.99,103.51,-21.29,13.73
2026-01-20 11:54:00+00:00,-2.69,12.36,-5.21,102.29,-22.37,13.68
2026-01-20 11:55:00+00:00,-3.16,12.33,-4.88,104.39,-20.97,13.63
2026-01-20 11:56:00+00:00,-3.16,12.03,-5.42,104.70,-23.56,13.57
2026-01-20 11:57:00+00:00,-3.47,11.93,-5.36,106.22,-23.36,13.53
2026-01-20 11:58:00+00:00,-2.96,11.38,-6.73,104.56,-29.76,13.55
2026-01-20 11:59:00+00:00,-3.28,11.67,-6.12,105.68,-26.79,13.58
2026-01-20 12:00:00+00:00,-3.45,12.05,-5.19,105.98,-22.48,13.57
2026-01-20 12:01:00+00:00,-3.70,12.20,-4.67,106.85,-20.11,13.58
2026-01-20 12:02:00+00:00,-3.52,12.34,-4.30,105.93,-18.54,13.54
2026-01-20 12:03:00+00:00,-3.45,12.47,-3.90,105.46,-16.80,13.51
2026-01-20 12:04:00+00:00,-3.48,12.38,-3.99,105.68,-17.23,13.47
2026-01-20 12:05:00+00:00,-3.64,12.01,-4.91,106.85,-21.36,13.47
2026-01-20 12:06:00+00:00,-3.78,11.59,-5.72,108.05,-25.14,13.46
2026-01-20 12:07:00+00:00,-3.32,12.56,-3.84,104.82,-16.46,13.55
2026-01-20 12:08:00+00:00,-3.37,12.32,-4.58,105.29,-19.72,13.56
2026-01-20 12:09:00+00:00,-3.58,12.21,-4.45,106.33,-19.27,13.48
2026-01-20 12:10:00+00:00,-3.05,12.43,-4.16,103.81,-18.00,13.46
2026-01-20 12:11:00+00:00,-3.16,12.35,-4.31,104.34,-18.68,13.46
2026-01-20 12:12:00+00:00,-3.38,12.20,-4.51,105.49,-19.59,13.44
2026-01-20 12:13:00+00:00,-3.54,12.18,-4.60,106.23,-19.93,13.49
2026-01-20 12:14:00+00:00,-3.55,12.10,-4.90,106.36,-21.22,13.53
2026-01-20 12:15:00+00:00,-2.06,13.02,-3.22,98.99,-13.72,13.57
2026-01-20 12:16:00+00:00,-3.50,12.29,-4.56,105.91,-19.64,13.57
2026-01-20 12:17:00+00:00,-3.72,12.11,-4.95,107.07,-21.35,13.60
2026-01-20 12:18:00+00:00,-3.11,12.51,-4.36,103.99,-18.68,13.60
2026-01-20 12:19:00+00:00,-2.91,12.98,-3.42,102.62,-14.40,13.74
2026-01-20 12:20:00+00:00,-2.73,13.05,-3.50,101.82,-14.69,13.79
2026-01-20 12:21:00+00:00,-2.67,13.12,-3.39,101.50,-14.19,13.81
2026-01-20 12:22:00+00:00,-2.87,13.07,-3.66,102.40,-15.31,13.87
2026-01-20 12:23:00+00:00,-3.16,13.12,-3.48,103.55,-14.48,13.94
2026-01-20 12:24:00+00:00,-3.25,13.23,-3.12,103.78,-12.89,13.97
2026-01-20 12:25:00+00:00,-1.65,13.37,-1.09,97.04,-4.63,13.51
2026-01-20 12:26:00+00:00,1.09,13.23,2.59,85.31,11.04,13.53
2026-01-20 12:27:00+00:00,0.39,13.67,1.22,88.35,5.08,13.73
2026-01-20 12:28:00+00:00,0.19,13.77,0.58,89.19,2.40,13.78
2026-01-20 12:29:00+00:00,-1.15,13.83,-0.45,94.76,-1.84,13.88
2026-01-20 12:30:00+00:00,-0.98,13.93,-0.65,94.02,-2.66,13.98
2026-01-20 12:31:00+00:00,-1.22,13.97,-1.64,94.98,-6.69,14.12
2026-01-20 12:32:00+00:00,-2.19,13.65,-2.10,99.13,-8.63,13.98
2026-01-20 12:33:00+00:00,-2.84,13.52,-2.54,101.87,-10.41,14.04
2026-01-20 12:34:00+00:00,-1.49,13.56,-1.09,96.26,-4.57,13.69
2026-01-20 12:35:00+00:00,-0.76,13.67,-0.48,93.17,-2.00,13.70
2026-01-20 12:36:00+00:00,-2.83,13.27,-1.75,102.03,-7.33,13.68
2026-01-20 12:37:00+00:00,-2.84,13.11,-1.25,102.23,-5.32,13.47
2026-01-20 12:38:00+00:00,-6.12,12.07,-3.28,116.90,-13.63,13.93
2026-01-20 12:39:00+00:00,-6.19,12.30,-3.10,116.72,-12.68,14.11
2026-01-20 12:40:00+00:00,-7.26,11.63,-3.69,121.99,-15.05,14.20
2026-01-20 12:41:00+00:00,-7.31,11.59,-3.70,122.24,-15.12,14.19
2026-01-20 12:42:00+00:00,-7.34,11.52,-3.97,122.48,-16.21,14.23
2026-01-20 12:43:00+00:00,-6.74,11.85,-4.13,119.64,-16.86,14.25
2026-01-20 12:44:00+00:00,-6.75,11.93,-3.86,119.51,-15.73,14.24
2026-01-20 12:45:00+00:00,-6.78,11.49,-5.06,120.54,-20.79,14.26
2026-01-20 12:46:00+00:00,-6.26,11.90,-4.85,117.75,-19.83,14.30
2026-01-20 12:47:00+00:00,-5.99,12.29,-4.16,115.98,-16.94,14.29
2026-01-20 12:48:00+00:00,-5.60,12.39,-4.15,114.31,-16.98,14.21
2026-01-20 12:49:00+00:00,-5.32,12.51,-4.11,113.06,-16.83,14.20
2026-01-20 12:50:00+00:00,-5.05,12.58,-4.30,111.87,-17.61,14.22
2026-01-20 12:51:00+00:00,-5.93,11.87,-5.09,116.54,-21.00,14.21
2026-01-20 12:52:00+00:00,-6.05,11.71,-5.41,117.32,-22.33,14.25
2026-01-20 12:53:00+00:00,-5.60,11.85,-5.66,115.31,-23.35,14.28
2026-01-20 12:54:00+00:00,-5.33,11.99,-5.60,113.95,-23.10,14.27
2026-01-20 12:55:00+00:00,-5.30,11.80,-6.04,114.21,-25.04,14.28
2026-01-20 12:56:00+00:00,-5.14,11.75,-6.28,113.61,-26.10,14.28
2026-01-20 12:57:00+00:00,-4.74,11.95,-6.21,111.64,-25.79,14.28
2026-01-20 12:58:00+00:00,-5.36,11.66,-6.35,114.68,-26.31,14.32
2026-01-20 12:59:00+00:00,-5.32,11.73,-6.28,114.41,-26.00,14.33
2026-01-20 13:00:00+00:00,-5.15,11.84,-6.28,113.49,-25.93,14.35
2026-01-20 13:01:00+00:00,-4.47,10.24,-8.85,113.59,-38.39,14.25
2026-01-20 13:02:00+00:00,-4.23,10.30,-9.00,112.31,-38.96,14.32
2026-01-20 13:03:00+00:00,-4.15,10.28,-9.01,111.99,-39.10,14.28
2026-01-20 13:04:00+00:00,-3.86,9.79,-9.63,111.52,-42.45,14.27
2026-01-20 13:05:00+00:00,-3.77,9.59,-9.83,111.46,-43.64,14.24
2026-01-20 13:06:00+00:00,-3.85,9.43,-9.95,112.21,-44.35,14.24
2026-01-20 13:07:00+00:00,-3.69,8.95,-10.37,112.37,-46.98,14.19
2026-01-20 13:08:00+00:00,-3.65,9.04,-10.25,111.99,-46.45,14.15
2026-01-20 13:09:00+00:00,-3.85,9.35,-9.68,112.39,-43.74,14.00
2026-01-20 13:10:00+00:00,-4.46,9.73,-9.02,114.61,-40.15,14.00
2026-01-20 13:11:00+00:00,-3.74,9.63,-9.47,111.21,-42.54,14.01
2026-01-20 13:12:00+00:00,-3.26,9.78,-9.46,108.42,-42.54,13.99
2026-01-20 13:13:00+00:00,-3.93,9.54,-9.42,112.38,-42.40,13.97
2026-01-20 13:14:00+00:00,-3.49,8.82,-10.10,111.61,-46.78,13.86
2026-01-20 13:15:00+00:00,-4.15,9.21,-9.29,114.26,-42.61,13.72
2026-01-20 13:16:00+00:00,-5.81,9.86,-8.23,120.50,-35.72,14.09
2026-01-20 13:17:00+00:00,-6.11,9.79,-8.14,121.97,-35.21,14.12
2026-01-20 13:18:00+00:00,-6.29,9.82,-7.91,122.63,-34.17,14.09
2026-01-20 13:19:00+00:00,-6.16,9.78,-7.98,122.19,-34.61,14.05
2026-01-20 13:20:00+00:00,-5.50,9.70,-8.65,119.57,-37.80,14.11
2026-01-20 13:21:00+00:00,-5.79,9.77,-8.44,120.66,-36.63,14.15
2026-01-20 13:22:00+00:00,-4.55,8.85,-9.91,117.19,-44.87,14.05
2026-01-20 13:23:00+00:00,-4.19,8.39,-10.48,116.53,-48.17,14.06
2026-01-20 13:24:00+00:00,-4.80,9.12,-9.82,117.75,-43.63,14.23
2026-01-20 13:25:00+00:00,-4.81,9.15,-9.86,117.73,-43.65,14.28
2026-01-20 13:26:00+00:00,-4.80,8.94,-10.14,118.24,-44.98,14.35
2026-01-20 13:27:00+00:00,-4.72,9.02,-10.16,117.65,-44.96,14.38
2026-01-20 13:28:00+00:00,-4.80,9.11,-9.98,117.77,-44.10,14.33
2026-01-20 13:29:00+00:00,-4.89,9.22,-9.80,117.93,-43.20,14.32
2026-01-20 13:30:00+00:00,-4.76,9.03,-10.03,117.76,-44.48,14.31
2026-01-20 13:31:00+00:00,-4.73,9.44,-9.63,116.60,-42.37,14.29
2026-01-20 13:32:00+00:00,-4.56,9.45,-9.71,115.79,-42.80,14.30
2026-01-20 13:33:00+00:00,-4.44,9.40,-9.78,115.25,-43.25,14.28
2026-01-20 13:34:00+00:00,-4.41,9.47,-9.72,114.96,-42.96,14.27
2026-01-20 13:35:00+00:00,-4.47,9.44,-9.71,115.34,-42.91,14.26
2026-01-20 13:36:00+00:00,-4.84,9.34,-9.67,117.37,-42.61,14.29
2026-01-20 13:37:00+00:00,-5.09,9.24,-9.66,118.85,-42.48,14.30
2026-01-20 13:38:00+00:00,-5.03,9.16,-9.77,118.76,-43.07,14.31
2026-01-20 13:39:00+00:00,-5.19,9.14,-9.75,119.57,-42.84,14.34
2026-01-20 13:40:00+00:00,-4.97,9.60,-9.43,117.35,-41.09,14.34
2026-01-20 13:41:00+00:00,-5.33,10.31,-8.52,117.33,-36.30,14.40
2026-01-20 13:42:00+00:00,-5.22,10.28,-8.66,116.93,-36.88,14.42
2026-01-20 13:43:00+00:00,-5.08,10.40,-8.64,116.02,-36.75,14.44
2026-01-20 13:44:00+00:00,-5.38,10.01,-8.89,118.26,-38.03,14.43
2026-01-20 13:45:00+00:00,-5.37,9.67,-9.28,119.02,-40.00,14.44
2026-01-20 13:46:00+00:00,-5.51,9.47,-9.35,120.21,-40.47,14.41
2026-01-20 13:47:00+00:00,-5.63,9.36,-9.40,121.02,-40.75,14.41
2026-01-20 13:48:00+00:00,-5.76,10.10,-8.41,119.67,-35.88,14.35
2026-01-20 13:49:00+00:00,-6.32,9.29,-9.07,124.25,-38.92,14.44
2026-01-20 13:50:00+00:00,-6.47,9.57,-8.73,124.06,-37.09,14.48
2026-01-20 13:51:00+00:00,-6.22,9.98,-8.43,121.94,-35.65,14.47
2026-01-20 13:52:00+00:00,-5.93,9.95,-8.71,120.78,-36.95,14.49
2026-01-20 13:53:00+00:00,-5.81,10.09,-8.71,119.93,-36.78,14.54
2026-01-20 13:54:00+00:00,-5.88,10.19,-8.47,120.00,-35.76,14.49
2026-01-20 13:55:00+00:00,-5.87,10.28,-8.37,119.72,-35.26,14.49
2026-01-20 13:56:00+00:00,-5.58,10.68,-8.12,117.58,-34.00,14.53
2026-01-20 13:57:00+00:00,-5.93,10.63,-7.98,119.16,-33.26,14.56
2026-01-20 13:58:00+00:00,-5.92,10.69,-7.88,118.96,-32.83,14.54
2026-01-20 13:59:00+00:00,-6.00,10.58,-8.04,119.56,-33.46,14.57
2026-01-20 14:00:00+00:00,-5.86,10.45,-8.27,119.29,-34.60,14.56
2026-01-20 14:01:00+00:00,-5.83,10.42,-8.29,119.24,-34.77,14.54
2026-01-20 14:02:00+00:00,-6.17,10.04,-8.60,121.56,-36.12,14.59
2026-01-20 14:03:00+00:00,-6.23,10.08,-8.52,121.70,-35.71,14.59
2026-01-20 14:04:00+00:00,-6.26,10.39,-8.19,121.06,-34.04,14.64
2026-01-20 14:05:00+00:00,-6.24,10.33,-8.30,121.14,-34.51,14.65
2026-01-20 14:06:00+00:00,-6.18,10.39,-8.34,120.74,-34.60,14.68
2026-01-20 14:07:00+00:00,-6.68,10.42,-7.97,122.65,-32.78,14.72
2026-01-20 14:08:00+00:00,-6.44,10.32,-8.37,121.95,-34.52,14.77
2026-01-20 14:09:00+00:00,-6.25,10.47,-8.38,120.82,-34.49,14.79
2026-01-20 14:10:00+00:00,-5.61,10.50,-8.83,118.14,-36.58,14.82
2026-01-20 14:11:00+00:00,-5.73,10.60,-8.66,118.38,-35.70,14.83
2026-01-20 14:12:00+00:00,-5.87,10.55,-8.58,119.08,-35.39,14.81
2026-01-20 14:13:00+00:00,-6.26,10.55,-8.34,120.70,-34.22,14.83
2026-01-20 14:14:00+00:00,-6.25,10.68,-8.21,120.36,-33.56,14.85
2026-01-20 14:15:00+00:00,-6.24,10.79,-8.07,120.03,-32.94,14.85
2026-01-20 14:16:00+00:00,-6.15,10.81,-8.12,119.66,-33.13,14.85
2026-01-20 14:17:00+00:00,-5.68,11.51,-7.51,116.28,-30.35,14.87
2026-01-20 14:18:00+00:00,-5.81,11.62,-7.31,116.56,-29.37,14.91
2026-01-20 14:19:00+00:00,-6.13,11.34,-7.53,118.39,-30.28,14.93
2026-01-20 14:20:00+00:00,-6.41,10.87,-7.96,120.54,-32.26,14.92
2026-01-20 14:21:00+00:00,-6.36,10.82,-8.14,120.45,-32.98,14.96
2026-01-20 14:22:00+00:00,-6.76,10.40,-8.35,123.00,-33.95,14.95
2026-01-20 14:23:00+00:00,-6.63,10.85,-7.91,121.40,-31.88,14.97
2026-01-20 14:24:00+00:00,-6.62,10.74,-8.05,121.64,-32.55,14.97
2026-01-20 14:25:00+00:00,-6.77,10.42,-8.39,123.01,-34.03,14.99
2026-01-20 14:26:00+00:00,-6.91,10.38,-8.31,123.64,-33.69,14.99
2026-01-20 14:27:00+00:00,-6.81,10.47,-8.28,123.05,-33.52,14.99
2026-01-20 14:28:00+00:00,-6.46,10.34,-8.74,122.01,-35.64,15.00
2026-01-20 14:29:00+00:00,-7.19,10.38,-8.08,124.71,-32.64,14.99
2026-01-20 14:30:00+00:00,-7.37,10.23,-8.14,125.77,-32.85,15.01
2026-01-20 14:31:00+00:00,-7.37,10.27,-8.12,125.69,-32.71,15.02
2026-01-20 14:32:00+00:00,-7.34,10.46,-8.03,125.07,-32.14,15.09
2026-01-20 14:33:00+00:00,-7.22,10.61,-7.98,124.23,-31.88,15.11
2026-01-20 14:34:00+00:00,-7.61,10.19,-8.18,126.75,-32.74,15.13
2026-01-20 14:35:00+00:00,-7.52,10.26,-8.21,126.23,-32.85,15.14
2026-01-20 14:36:00+00:00,-7.46,9.88,-8.79,127.06,-35.40,15.18
2026-01-20 14:37:00+00:00,-7.97,9.21,-9.11,130.86,-36.81,15.21
2026-01-20 14:38:00+00:00,-7.82,9.53,-8.86,129.38,-35.71,15.18
2026-01-20 14:39:00+00:00,-7.99,9.43,-8.76,130.26,-35.34,15.15
2026-01-20 14:40:00+00:00,-7.84,9.92,-8.36,128.32,-33.46,15.16
2026-01-20 14:41:00+00:00,-7.52,10.67,-7.82,125.20,-30.92,15.22
2026-01-20 14:42:00+00:00,-7.47,10.61,-8.00,125.16,-31.65,15.24
2026-01-20 14:43:00+00:00,-8.23,9.76,-8.51,130.14,-33.68,15.35
2026-01-20 14:44:00+00:00,-8.12,10.06,-8.30,128.93,-32.69,15.36
2026-01-20 14:45:00+00:00,-7.84,10.77,-7.64,126.06,-29.82,15.36
2026-01-20 14:46:00+00:00,-7.58,11.28,-7.21,123.92,-27.96,15.38
2026-01-20 14:47:00+00:00,-7.80,10.78,-7.80,125.88,-30.37,15.42
2026-01-20 14:48:00+00:00,-7.82,10.61,-8.01,126.37,-31.29,15.43
2026-01-20 14:49:00+00:00,-7.91,10.46,-8.16,127.11,-31.88,15.44
2026-01-20 14:50:00+00:00,-8.09,10.65,-7.67,127.24,-29.82,15.42
2026-01-20 14:51:00+00:00,-8.15,10.59,-7.68,127.58,-29.90,15.41
2026-01-20 14:52:00+00:00,-7.58,11.07,-7.41,124.40,-28.91,15.33
2026-01-20 14:53:00+00:00,-7.16,11.55,-7.12,121.81,-27.66,15.34
2026-01-20 14:54:00+00:00,-7.23,11.30,-7.43,122.60,-28.99,15.34
2026-01-20 14:55:00+00:00,-7.30,11.31,-7.38,122.84,-28.75,15.35
2026-01-20 14:56:00+00:00,-7.39,11.37,-7.25,123.04,-28.14,15.38
2026-01-20 14:57:00+00:00,-7.53,11.18,-7.35,123.95,-28.61,15.35
2026-01-20 14:58:00+00:00,-7.68,10.99,-7.53,124.94,-29.32,15.37
2026-01-20 14:59:00+00:00,-7.70,11.07,-7.46,124.82,-28.95,15.41
2026-01-20 15:00:00+00:00,-7.70,11.17,-7.39,124.58,-28.57,15.44
2026-01-20 15:01:00+00:00,-7.86,11.20,-7.27,125.07,-27.99,15.49
2026-01-20 15:02:00+00:00,-7.90,11.14,-7.39,125.33,-28.41,15.53
2026-01-20 15:03:00+00:00,-7.78,11.32,-7.32,124.51,-28.03,15.57
2026-01-20 15:04:00+00:00,-7.92,11.19,-7.39,125.29,-28.33,15.57
2026-01-20 15:05:00+00:00,-8.47,10.81,-7.18,128.09,-27.61,15.50
2026-01-20 15:06:00+00:00,-8.08,11.10,-7.17,126.05,-27.57,15.49
2026-01-20 15:07:00+00:00,-7.99,11.24,-7.12,125.43,-27.29,15.52
2026-01-20 15:08:00+00:00,-7.90,11.28,-7.10,125.01,-27.27,15.50
2026-01-20 15:09:00+00:00,-8.38,11.21,-6.65,126.76,-25.40,15.49
2026-01-20 15:11:00+00:00,-8.29,11.18,-6.89,126.55,-26.33,15.53
2026-01-20 15:12:00+00:00,-8.75,10.90,-6.81,128.74,-25.99,15.55
2026-01-20 15:13:00+00:00,-8.96,10.68,-6.88,129.97,-26.25,15.54
2026-01-20 15:14:00+00:00,-8.84,10.65,-7.08,129.68,-27.10,15.55
2026-01-20 15:15:00+00:00,-9.03,10.50,-7.05,130.68,-26.99,15.54
2026-01-20 15:16:00+00:00,-8.95,10.42,-7.30,130.66,-27.97,15.56
2026-01-20 15:17:00+00:00,-8.70,10.31,-7.69,130.17,-29.67,15.53
2026-01-20 15:18:00+00:00,-8.94,10.79,-6.64,129.65,-25.36,15.51
2026-01-20 15:19:00+00:00,-8.76,10.99,-6.50,128.58,-24.82,15.48
2026-01-20 15:20:00+00:00,-9.30,10.23,-7.10,132.29,-27.18,15.55
2026-01-20 15:21:00+00:00,-8.82,10.84,-6.88,129.15,-26.21,15.57
2026-01-20 15:22:00+00:00,-9.07,10.86,-6.46,129.87,-24.54,15.56
2026-01-20 15:23:00+00:00,-9.03,10.75,-6.74,130.02,-25.66,15.58
2026-01-20 15:24:00+00:00,-9.11,10.80,-6.56,130.15,-24.93,15.58
2026-01-20 15:25:00+00:00,-9.20,10.75,-6.52,130.54,-24.73,15.58
2026-01-20 15:26:00+00:00,-9.26,10.71,-6.51,130.85,-24.70,15.58
2026-01-20 15:27:00+00:00,-9.00,10.84,-6.63,129.69,-25.22,15.57
2026-01-20 15:28:00+00:00,-8.82,10.90,-6.86,128.97,-26.06,15.61
2026-01-20 15:29:00+00:00,-9.32,10.52,-6.75,131.53,-25.68,15.59
2026-01-20 15:30:00+00:00,-9.39,10.53,-6.69,131.73,-25.38,15.62
2026-01-20 15:31:00+00:00,-9.49,10.53,-6.47,132.03,-24.52,15.58
2026-01-20 15:32:00+00:00,-9.90,10.61,-5.74,133.02,-21.57,15.61
2026-01-20 15:33:00+00:00,-9.96,10.87,-5.11,132.50,-19.10,15.61
2026-01-20 15:34:00+00:00,-9.86,10.77,-5.49,132.47,-20.59,15.60
2026-01-20 15:35:00+00:00,-9.89,10.83,-5.37,132.42,-20.11,15.61
2026-01-20 15:36:00+00:00,-9.91,10.85,-5.45,132.40,-20.34,15.67
2026-01-20 15:37:00+00:00,-10.10,10.33,-6.06,134.37,-22.78,15.67
2026-01-20 15:38:00+00:00,-9.87,10.97,-5.08,131.98,-19.00,15.60
2026-01-20 15:39:00+00:00,-10.19,10.86,-4.69,133.16,-17.48,15.61
2026-01-20 15:40:00+00:00,-9.64,11.38,-4.75,130.28,-17.68,15.65
2026-01-20 15:41:00+00:00,-9.74,10.95,-5.67,131.64,-21.14,15.72
2026-01-20 15:42:00+00:00,-9.58,11.50,-4.83,129.79,-17.91,15.72
2026-01-20 15:43:00+00:00,-9.18,11.72,-5.16,128.07,-19.11,15.76
2026-01-20 15:44:00+00:00,-9.33,11.61,-5.20,128.78,-19.26,15.78
2026-01-20 15:45:00+00:00,-9.43,11.47,-5.41,129.44,-20.01,15.80
2026-01-20 15:46:00+00:00,-9.82,11.26,-5.34,131.08,-19.68,15.86
2026-01-20 15:47:00+00:00,-8.84,11.14,-6.40,128.43,-24.23,15.59
2026-01-20 15:48:00+00:00,-9.65,10.56,-6.81,132.43,-25.44,15.84
2026-01-20 15:49:00+00:00,-9.86,11.14,-5.53,131.49,-20.40,15.87
2026-01-20 15:50:00+00:00,-9.99,11.14,-5.27,131.87,-19.41,15.87
2026-01-20 15:51:00+00:00,-10.07,11.22,-5.08,131.90,-18.63,15.91
2026-01-20 15:52:00+00:00,-9.94,10.80,-6.03,132.63,-22.32,15.87
2026-01-20 15:53:00+00:00,-9.96,11.01,-5.63,132.14,-20.77,15.88
2026-01-20 15:54:00+00:00,-10.24,10.84,-5.64,133.37,-20.74,15.94
2026-01-20 15:55:00+00:00,-10.32,10.82,-5.44,133.65,-19.99,15.91
2026-01-20 15:56:00+00:00,-11.10,9.93,-5.50,138.19,-20.26,15.88
2026-01-20 15:57:00+00:00,-10.67,10.96,-4.84,134.25,-17.54,16.04
2026-01-20 15:58:00+00:00,-9.88,12.40,-3.71,128.57,-13.16,16.28
2026-01-20 16:00:00+00:00,-9.05,13.41,-2.84,124.00,-9.97,16.42
2026-01-20 16:01:00+00:00,-9.10,13.49,-3.09,124.01,-10.76,16.56
2026-01-20 16:02:00+00:00,-9.29,13.41,-2.89,124.70,-10.04,16.57
2026-01-20 16:03:00+00:00,-9.44,13.35,-3.04,125.25,-10.54,16.63
2026-01-20 16:04:00+00:00,-9.58,13.20,-3.50,125.95,-12.11,16.68
2026-01-20 16:05:00+00:00,-9.74,13.20,-3.39,126.42,-11.69,16.75
2026-01-20 16:06:00+00:00,-9.40,13.45,-3.42,124.94,-11.77,16.76
2026-01-20 16:07:00+00:00,-9.82,12.82,-4.20,127.44,-14.57,16.69
2026-01-20 16:08:00+00:00,-9.41,13.43,-3.71,125.00,-12.76,16.81
2026-01-20 16:09:00+00:00,-9.32,13.43,-4.02,124.78,-13.82,16.83
2026-01-20 16:10:00+00:00,-9.19,13.49,-4.42,124.27,-15.16,16.92
2026-01-20 16:11:00+00:00,-10.20,12.92,-4.20,128.30,-14.31,16.99
2026-01-20 16:12:00+00:00,-9.59,13.12,-5.12,126.16,-17.49,17.04
2026-01-20 16:13:00+00:00,-9.72,13.04,-5.30,126.72,-18.04,17.10
2026-01-20 16:14:00+00:00,-9.75,13.02,-5.26,126.84,-17.91,17.10
2026-01-20 16:15:00+00:00,-10.32,12.67,-4.87,129.18,-16.58,17.05
2026-01-20 16:16:00+00:00,-10.21,12.85,-4.84,128.46,-16.42,17.12
2026-01-20 16:17:00+00:00,-9.99,12.99,-5.13,127.56,-17.37,17.17
2026-01-20 16:18:00+00:00,-10.07,13.12,-4.82,127.52,-16.25,17.23
2026-01-20 16:19:00+00:00,-10.69,12.54,-4.72,130.45,-15.98,17.14
2026-01-20 16:20:00+00:00,-11.05,12.16,-5.16,132.26,-17.44,17.22
2026-01-20 16:21:00+00:00,-11.23,11.90,-5.70,133.33,-19.21,17.33
2026-01-20 16:22:00+00:00,-11.31,11.93,-5.70,133.48,-19.14,17.40
2026-01-20 16:23:00+00:00,-11.39,11.80,-5.90,134.00,-19.80,17.43
2026-01-20 16:24:00+00:00,-11.45,11.68,-6.12,134.43,-20.52,17.47
2026-01-20 16:25:00+00:00,-11.37,11.97,-5.90,133.54,-19.67,17.53
2026-01-20 16:26:00+00:00,-11.37,12.06,-5.82,133.32,-19.36,17.57
2026-01-20 16:27:00+00:00,-11.43,11.95,-5.97,133.73,-19.86,17.58
2026-01-20 16:28:00+00:00,-11.64,11.71,-6.22,134.83,-20.64,17.65
2026-01-20 16:29:00+00:00,-11.82,11.43,-6.62,135.94,-21.92,17.72
2026-01-20 16:30:00+00:00,-11.78,11.49,-6.70,135.72,-22.14,17.77
2026-01-20 16:31:00+00:00,-11.81,11.57,-6.63,135.57,-21.85,17.81
2026-01-20 16:32:00+00:00,-11.76,11.59,-6.69,135.42,-22.06,17.82
2026-01-20 16:33:00+00:00,-11.89,11.45,-6.81,136.08,-22.43,17.86
2026-01-20 16:34:00+00:00,-12.15,11.68,-6.27,136.13,-20.39,17.98
2026-01-20 16:35:00+00:00,-12.29,11.93,-5.70,135.85,-18.40,18.05
2026-01-20 16:36:00+00:00,-12.46,11.90,-5.70,136.32,-18.31,18.15
2026-01-20 16:37:00+00:00,-12.74,12.59,-6.27,135.34,-19.29,18.98
2026-01-20 16:38:00+00:00,-13.04,13.34,-6.46,134.35,-19.09,19.74
2026-01-20 16:39:00+00:00,-13.06,13.35,-6.42,134.39,-18.97,19.75
2026-01-20 16:40:00+00:00,-13.07,13.20,-6.71,134.72,-19.87,19.75
2026-01-20 16:41:00+00:00,-13.18,12.77,-7.10,135.90,-21.15,19.67
2026-01-20 16:42:00+00:00,-13.10,12.84,-7.24,135.57,-21.54,19.72
2026-01-20 16:43:00+00:00,-13.19,12.85,-6.85,135.75,-20.42,19.64
2026-01-20 16:44:00+00:00,-13.26,13.33,-5.89,134.85,-17.41,19.70
2026-01-20 16:45:00+00:00,-13.25,13.26,-5.97,134.98,-17.67,19.67
2026-01-20 16:46:00+00:00,-13.28,12.90,-6.28,135.84,-18.74,19.56
2026-01-20 16:47:00+00:00,-13.42,13.03,-6.37,135.85,-18.82,19.76
2026-01-20 16:48:00+00:00,-13.43,13.24,-5.83,135.41,-17.19,19.74
2026-01-20 16:49:00+00:00,-13.50,13.14,-5.62,135.78,-16.60,19.66
2026-01-20 16:50:00+00:00,-13.35,13.73,-4.19,134.18,-12.35,19.60
2026-01-20 16:51:00+00:00,-13.67,13.30,-4.67,135.79,-13.77,19.63
2026-01-20 16:52:00+00:00,-13.91,12.89,-5.13,137.16,-15.12,19.65
2026-01-20 16:53:00+00:00,-13.91,13.09,-4.68,136.76,-13.78,19.67
2026-01-20 16:54:00+00:00,-14.08,12.97,-4.74,137.34,-13.90,19.72
2026-01-20 16:55:00+00:00,-14.43,12.59,-4.93,138.89,-14.45,19.78
2026-01-20 16:56:00+00:00,-14.37,12.95,-4.54,137.97,-13.20,19.87
2026-01-20 16:57:00+00:00,-14.41,12.97,-4.80,138.00,-13.92,19.97
2026-01-20 16:58:00+00:00,-14.87,12.59,-4.40,139.75,-12.72,19.98
2026-01-20 16:59:00+00:00,-15.12,12.57,-3.26,140.26,-9.41,19.93
2026-01-20 17:00:00+00:00,-15.22,12.69,-2.46,140.18,-7.08,19.97
2026-01-20 17:01:00+00:00,-15.30,12.74,-2.37,140.23,-6.78,20.05
2026-01-20 17:02:00+00:00,-15.51,12.71,-2.39,140.67,-6.81,20.20
2026-01-20 17:03:00+00:00,-15.58,12.54,-3.03,141.16,-8.63,20.23
2026-01-20 17:04:00+00:00,-15.99,12.36,-2.28,142.29,-6.43,20.34
2026-01-20 17:05:00+00:00,-16.33,12.16,-0.76,143.34,-2.13,20.38
2026-01-20 17:06:00+00:00,-16.43,12.30,0.28,143.19,0.77,20.53
2026-01-20 17:07:00+00:00,-16.47,12.38,-0.94,143.07,-2.62,20.62
2026-01-20 17:08:00+00:00,-16.76,12.16,-1.03,144.02,-2.85,20.73
2026-01-20 17:09:00+00:00,-16.77,12.27,-0.50,143.80,-1.36,20.79
2026-01-20 17:10:00+00:00,-16.58,12.75,0.55,142.44,1.50,20.92
2026-01-20 17:11:00+00:00,-16.40,12.72,2.52,142.19,6.91,20.91
2026-01-20 17:12:00+00:00,-17.08,12.23,0.56,144.40,1.54,21.02
2026-01-20 17:13:00+00:00,-17.18,12.02,-0.79,145.02,-2.16,20.99
2026-01-20 17:14:00+00:00,-15.79,12.83,-5.15,140.90,-14.19,20.98
2026-01-20 17:15:00+00:00,-12.16,11.45,-12.85,136.73,-37.56,21.07
2026-01-20 17:16:00+00:00,-12.26,11.54,-13.09,136.74,-37.87,21.33
2026-01-20 17:17:00+00:00,-12.03,12.07,-12.90,134.91,-37.13,21.37
2026-01-20 17:18:00+00:00,-11.89,11.55,-13.56,135.84,-39.28,21.42
2026-01-20 17:19:00+00:00,-12.04,11.11,-13.52,137.29,-39.54,21.24
2026-01-20 17:20:00+00:00,-12.10,10.84,-13.54,138.16,-39.80,21.15
2026-01-20 17:21:00+00:00,-12.42,10.36,-13.37,140.17,-39.59,20.98
2026-01-20 17:22:00+00:00,-12.50,10.59,-12.88,139.73,-38.18,20.84
2026-01-20 17:23:00+00:00,-12.56,10.83,-12.55,139.23,-37.11,20.80
2026-01-20 17:24:00+00:00,-12.54,11.06,-12.22,138.58,-36.17,20.71
2026-01-20 17:25:00+00:00,-12.08,12.63,-11.15,133.73,-32.53,20.73
2026-01-20 17:26:00+00:00,-12.24,13.04,-10.50,133.19,-30.43,20.74
2026-01-20 17:27:00+00:00,-12.83,11.82,-11.12,137.36,-32.52,20.69
2026-01-20 17:28:00+00:00,-12.18,10.33,-13.21,139.71,-39.59,20.73
2026-01-20 17:29:00+00:00,-11.97,9.67,-14.05,141.07,-42.39,20.84
2026-01-20 17:30:00+00:00,-11.84,10.32,-13.69,138.93,-41.09,20.83
2026-01-20 17:31:00+00:00,-12.16,10.67,-13.19,138.72,-39.19,20.87
2026-01-20 17:32:00+00:00,-12.36,10.45,-13.28,139.80,-39.36,20.94
2026-01-20 17:33:00+00:00,-12.44,10.33,-13.25,140.29,-39.33,20.91
2026-01-20 17:34:00+00:00,-12.79,10.04,-12.94,141.89,-38.52,20.78
2026-01-20 17:35:00+00:00,-12.25,10.09,-13.40,140.53,-40.17,20.77
2026-01-20 17:36:00+00:00,-12.18,9.85,-13.54,141.04,-40.83,20.71
2026-01-20 17:37:00+00:00,-12.55,9.82,-13.21,141.96,-39.66,20.70
2026-01-20 17:38:00+00:00,-12.83,9.87,-12.93,142.42,-38.62,20.72
2026-01-20 17:39:00+00:00,-13.60,9.85,-12.15,144.07,-35.89,20.73
2026-01-20 17:40:00+00:00,-13.51,9.82,-12.19,143.99,-36.13,20.68
2026-01-20 17:41:00+00:00,-13.91,9.96,-11.66,144.39,-34.28,20.70
2026-01-20 17:42:00+00:00,-13.63,9.80,-12.07,144.29,-35.72,20.67
2026-01-20 17:43:00+00:00,-13.59,9.32,-12.49,145.56,-37.17,20.68
2026-01-20 17:44:00+00:00,-13.88,9.22,-12.41,146.40,-36.67,20.77
2026-01-20 17:45:00+00:00,-14.13,9.45,-12.23,146.21,-35.73,20.94
2026-01-20 17:46:00+00:00,-14.51,9.61,-11.73,146.48,-33.98,20.99
2026-01-20 17:47:00+00:00,-14.49,9.71,-11.70,146.18,-33.86,21.01
2026-01-20 17:48:00+00:00,-14.42,9.95,-11.46,145.39,-33.19,20.93
2026-01-20 17:49:00+00:00,-14.58,10.12,-11.07,145.22,-31.94,20.92
2026-01-20 17:50:00+00:00,-14.69,10.03,-11.09,145.68,-31.95,20.96
2026-01-20 17:51:00+00:00,-14.93,10.40,-10.71,145.16,-30.48,21.11
2026-01-20 17:52:00+00:00,-14.96,10.20,-10.77,145.70,-30.74,21.07
2026-01-20 17:53:00+00:00,-14.91,10.12,-10.84,145.84,-31.02,21.03
2026-01-20 17:54:00+00:00,-15.19,10.77,-9.82,144.66,-27.79,21.05
2026-01-20 17:55:00+00:00,-15.43,10.32,-10.10,146.24,-28.55,21.13
2026-01-20 17:56:00+00:00,-15.53,9.81,-10.61,147.73,-30.01,21.21
2026-01-20 17:57:00+00:00,-15.55,9.42,-10.91,148.80,-30.98,21.20
2026-01-20 17:58:00+00:00,-15.60,9.29,-11.05,149.22,-31.32,21.25
2026-01-20 17:59:00+00:00,-15.50,9.73,-10.96,147.88,-30.92,21.33
2026-01-20 18:00:00+00:00,-15.50,9.89,-10.82,147.45,-30.47,21.33
2026-01-20 18:01:00+00:00,-15.24,10.29,-10.99,145.97,-30.87,21.42
2026-01-20 18:02:00+00:00,-15.07,10.67,-10.60,144.68,-29.85,21.29
2026-01-20 18:03:00+00:00,-15.86,8.73,-11.11,151.16,-31.53,21.25
2026-01-20 18:04:00+00:00,-15.59,8.89,-11.44,150.29,-32.51,21.28
2026-01-20 18:05:00+00:00,-15.25,9.53,-11.50,148.02,-32.61,21.35
2026-01-20 18:06:00+00:00,-15.34,9.55,-11.56,148.10,-32.60,21.45
2026-01-20 18:07:00+00:00,-15.33,9.24,-11.81,148.91,-33.42,21.45
2026-01-20 18:08:00+00:00,-15.29,9.22,-11.91,148.92,-33.69,21.46
2026-01-20 18:09:00+00:00,-15.31,9.29,-11.85,148.76,-33.51,21.47
2026-01-20 18:10:00+00:00,-15.46,9.25,-11.73,149.09,-33.06,21.49
2026-01-20 18:11:00+00:00,-15.41,9.39,-11.73,148.63,-33.04,21.52
2026-01-20 18:12:00+00:00,-15.35,9.16,-12.06,149.17,-33.99,21.56
2026-01-20 18:13:00+00:00,-15.49,9.07,-11.97,149.66,-33.69,21.57
2026-01-20 18:14:00+00:00,-15.32,9.61,-11.86,147.89,-33.24,21.63
2026-01-20 18:15:00+00:00,-14.78,10.65,-10.28,144.23,-29.43,20.91
2026-01-20 18:16:00+00:00,-16.49,8.15,-11.30,153.70,-31.57,21.59
2026-01-20 18:17:00+00:00,-16.81,7.10,-11.82,157.11,-32.93,21.74
2026-01-20 18:18:00+00:00,-16.86,6.52,-12.13,158.86,-33.86,21.77
2026-01-20 18:19:00+00:00,-16.61,6.83,-12.34,157.64,-34.49,21.80
2026-01-20 18:20:00+00:00,-12.78,8.24,-15.21,147.19,-45.01,21.51
2026-01-20 18:21:00+00:00,-12.41,7.23,-16.14,149.78,-48.35,21.60
2026-01-20 18:22:00+00:00,-13.21,5.80,-15.90,156.28,-47.79,21.47
2026-01-20 18:23:00+00:00,-15.76,5.00,-13.66,162.39,-39.55,21.45
2026-01-20 18:24:00+00:00,-15.18,2.44,-14.57,170.86,-43.46,21.18
2026-01-20 18:25:00+00:00,-14.87,1.19,-14.93,175.45,-45.02,21.11
2026-01-20 18:26:00+00:00,-14.18,0.19,-15.83,179.22,-48.14,21.26
2026-01-20 18:27:00+00:00,-14.18,-0.99,-16.12,184.00,-48.59,21.50
2026-01-20 18:28:00+00:00,-12.60,-2.14,-16.91,189.62,-52.91,21.20
2026-01-20 18:29:00+00:00,-10.87,-4.83,-17.85,203.97,-56.33,21.45
2026-01-20 18:30:00+00:00,-11.27,-6.26,-17.07,209.06,-52.93,21.40
2026-01-20 18:31:00+00:00,-11.78,-5.15,-17.32,203.63,-53.42,21.58
2026-01-20 18:32:00+00:00,-11.79,-5.91,-17.32,206.64,-52.72,21.77
2026-01-20 18:33:00+00:00,-11.82,-5.63,-17.42,205.48,-53.07,21.79
2026-01-20 18:34:00+00:00,-12.63,-2.11,-17.21,189.48,-53.33,21.45
2026-01-20 18:35:00+00:00,-13.47,-3.57,-16.34,194.86,-49.54,21.47
2026-01-20 18:36:00+00:00,-13.30,-4.44,-16.00,198.47,-48.78,21.28
2026-01-20 18:37:00+00:00,-12.04,-6.39,-16.31,207.95,-50.11,21.26
2026-01-20 18:38:00+00:00,-13.92,-2.20,-15.61,189.00,-47.92,21.03
2026-01-20 18:39:00+00:00,-13.43,-1.24,-16.43,185.29,-50.62,21.26
2026-01-20 18:40:00+00:00,-13.41,-2.80,-16.30,191.80,-49.95,21.29
2026-01-20 18:41:00+00:00,-12.97,-3.46,-16.33,194.94,-50.59,21.14
2026-01-20 18:42:00+00:00,-13.15,-4.04,-15.86,197.07,-49.07,21.00
2026-01-20 18:43:00+00:00,-13.03,-5.06,-15.52,201.21,-47.99,20.89
2026-01-20 18:44:00+00:00,-13.40,-4.41,-15.04,198.23,-46.83,20.62
2026-01-20 18:45:00+00:00,-13.87,-5.22,-14.33,200.62,-44.04,20.62
2026-01-20 18:46:00+00:00,-13.81,-3.17,-15.23,192.93,-47.06,20.80
2026-01-20 18:47:00+00:00,-13.89,-1.72,-15.57,187.08,-48.05,20.93
2026-01-20 18:48:00+00:00,-14.19,-1.50,-15.25,186.05,-46.91,20.89
2026-01-20 18:49:00+00:00,-14.19,-2.18,-15.17,188.74,-46.58,20.89
2026-01-20 18:50:00+00:00,-14.10,-1.81,-15.24,187.31,-46.99,20.84
2026-01-20 18:51:00+00:00,-14.26,-1.82,-15.04,187.27,-46.29,20.80
2026-01-20 18:52:00+00:00,-14.74,-0.67,-14.57,182.61,-44.63,20.74
2026-01-20 18:53:00+00:00,-14.23,-1.31,-15.01,185.24,-46.42,20.72
2026-01-20 18:54:00+00:00,-14.68,0.12,-14.37,179.52,-44.38,20.54
2026-01-20 18:55:00+00:00,-14.68,0.96,-14.39,176.25,-44.38,20.58
2026-01-20 18:56:00+00:00,-14.69,-0.60,-14.43,182.34,-44.47,20.60
2026-01-20 18:57:00+00:00,-15.24,-0.36,-13.81,181.36,-42.17,20.57
2026-01-20 18:58:00+00:00,-14.79,-0.48,-14.29,181.85,-44.01,20.57
2026-01-20 18:59:00+00:00,-14.69,-0.51,-14.34,182.01,-44.30,20.54
2026-01-20 19:00:00+00:00,-15.09,0.40,-13.54,178.50,-41.91,20.28
2026-01-20 19:01:00+00:00,-15.33,0.72,-13.38,177.31,-41.09,20.36
2026-01-20 19:02:00+00:00,-14.89,-0.86,-14.07,183.32,-43.33,20.51
2026-01-20 19:03:00+00:00,-15.26,-0.43,-13.67,181.63,-41.85,20.49
2026-01-20 19:04:00+00:00,-15.18,-0.65,-13.74,182.47,-42.12,20.49
2026-01-20 19:05:00+00:00,-14.78,-1.37,-14.05,185.29,-43.42,20.44
2026-01-20 19:06:00+00:00,-15.14,-2.62,-13.42,189.81,-41.14,20.40
2026-01-20 19:07:00+00:00,-15.35,-2.91,-13.00,190.74,-39.77,20.32
2026-01-20 19:08:00+00:00,-15.83,-1.91,-12.70,186.87,-38.53,20.38
2026-01-20 19:09:00+00:00,-15.82,-1.40,-12.73,185.05,-38.72,20.35
2026-01-20 19:10:00+00:00,-15.95,-2.96,-12.19,190.51,-36.93,20.30
2026-01-20 19:11:00+00:00,-16.18,-3.93,-11.65,193.66,-34.98,20.32
2026-01-20 19:12:00+00:00,-15.77,-3.09,-11.81,191.08,-36.33,19.94
2026-01-20 19:13:00+00:00,-15.46,-2.37,-11.99,188.73,-37.48,19.71
2026-01-20 19:14:00+00:00,-15.51,-1.96,-11.88,187.21,-37.25,19.64
2026-01-20 19:15:00+00:00,-15.37,-2.37,-11.71,188.76,-36.99,19.47
2026-01-20 19:16:00+00:00,-15.24,-2.32,-11.86,188.65,-37.57,19.45
2026-01-20 19:17:00+00:00,-15.44,-2.19,-11.94,188.07,-37.45,19.64
2026-01-20 19:18:00+00:00,-15.76,-1.71,-11.67,186.19,-36.37,19.69
2026-01-20 19:19:00+00:00,-15.10,-2.89,-12.49,190.84,-39.08,19.81
2026-01-20 19:20:00+00:00,-15.15,-2.82,-12.76,190.55,-39.63,20.01
2026-01-20 19:21:00+00:00,-15.06,-3.09,-12.73,191.61,-39.63,19.96
2026-01-20 19:22:00+00:00,-15.15,-2.84,-12.57,190.61,-39.21,19.89
2026-01-20 19:23:00+00:00,-15.15,-3.43,-12.35,192.74,-38.49,19.84
2026-01-20 19:24:00+00:00,-15.31,-2.79,-12.30,190.33,-38.32,19.83
2026-01-20 19:25:00+00:00,-14.97,-2.64,-12.71,190.02,-39.90,19.82
2026-01-20 19:26:00+00:00,-14.55,-2.76,-13.17,190.74,-41.64,19.82
2026-01-20 19:27:00+00:00,-14.68,-2.51,-13.08,189.69,-41.30,19.82
2026-01-20 19:28:00+00:00,-14.92,-1.80,-12.90,186.88,-40.63,19.81
2026-01-20 19:29:00+00:00,-15.32,-2.07,-12.41,187.69,-38.75,19.83
2026-01-20 19:30:00+00:00,-14.92,-2.29,-12.80,188.71,-40.31,19.79
2026-01-20 19:31:00+00:00,-15.17,-1.80,-12.49,186.78,-39.26,19.73
2026-01-20 19:32:00+00:00,-15.69,-1.80,-11.78,186.53,-36.71,19.70
2026-01-20 19:33:00+00:00,-16.07,-1.98,-11.23,187.03,-34.75,19.71
2026-01-20 19:34:00+00:00,-15.96,-2.91,-11.17,190.34,-34.56,19.70
2026-01-20 19:35:00+00:00,-16.10,-2.00,-11.17,187.10,-34.55,19.69
2026-01-20 19:36:00+00:00,-15.81,-3.21,-11.26,191.46,-34.91,19.67
2026-01-20 19:37:00+00:00,-15.83,-1.80,-11.52,186.49,-35.88,19.66
2026-01-20 19:38:00+00:00,-15.20,-2.62,-11.82,189.78,-37.46,19.43
2026-01-20 19:39:00+00:00,-14.98,-2.54,-12.09,189.62,-38.50,19.42
2026-01-20 19:40:00+00:00,-14.79,-2.93,-12.28,191.19,-39.15,19.45
2026-01-20 19:41:00+00:00,-14.56,-4.40,-11.94,196.81,-38.14,19.33
2026-01-20 19:42:00+00:00,-14.32,-2.50,-12.67,189.90,-41.08,19.29
2026-01-20 19:43:00+00:00,-14.87,-1.47,-12.20,185.64,-39.22,19.29
2026-01-20 19:44:00+00:00,-14.85,-1.72,-12.17,186.59,-39.16,19.28
2026-01-20 19:45:00+00:00,-15.51,-1.63,-11.21,186.01,-35.72,19.20
2026-01-20 19:46:00+00:00,-15.56,-0.89,-11.15,183.28,-35.57,19.16
2026-01-20 19:47:00+00:00,-14.35,-2.21,-12.76,188.75,-41.31,19.33
2026-01-20 19:48:00+00:00,-14.12,-1.76,-13.03,187.10,-42.48,19.30
2026-01-20 19:49:00+00:00,-14.34,-1.20,-12.86,184.79,-41.79,19.30
2026-01-20 19:50:00+00:00,-14.37,-0.10,-12.84,180.38,-41.78,19.27
2026-01-20 19:51:00+00:00,-13.63,-0.84,-13.57,183.51,-44.82,19.25
2026-01-20 19:52:00+00:00,-13.34,-2.11,-13.77,188.99,-45.54,19.29
2026-01-20 19:53:00+00:00,-14.00,-1.18,-13.20,184.81,-43.22,19.28
2026-01-20 19:54:00+00:00,-13.68,-1.99,-13.34,188.26,-43.98,19.21
2026-01-20 19:55:00+00:00,-12.20,-0.35,-10.63,181.63,-41.05,16.18
2026-01-20 19:56:00+00:00,-13.75,-1.48,-13.26,186.13,-43.80,19.16
2026-01-20 19:57:00+00:00,-13.65,-2.09,-13.17,188.72,-43.64,19.09
2026-01-20 19:58:00+00:00,-13.53,-1.38,-13.26,185.83,-44.28,19.00
2026-01-20 19:59:00+00:00,-13.25,-0.97,-13.46,184.20,-45.38,18.91
2026-01-20 20:00:00+00:00,-12.72,-0.37,-9.82,181.67,-37.66,16.07
2026-01-20 20:01:00+00:00,-13.28,0.26,-13.47,178.89,-45.39,18.92
2026-01-20 20:02:00+00:00,-13.19,-0.86,-13.64,183.74,-45.90,18.99
2026-01-20 20:03:00+00:00,-13.29,-0.64,-13.57,182.75,-45.56,19.01
2026-01-20 20:04:00+00:00,-13.17,-0.62,-13.66,182.71,-46.03,18.99
2026-01-20 20:05:00+00:00,-13.66,-1.37,-13.00,185.74,-43.45,18.90
2026-01-20 20:06:00+00:00,-14.28,-1.99,-12.28,187.93,-40.43,18.94
2026-01-20 20:07:00+00:00,-14.32,-3.06,-11.97,192.06,-39.26,18.91
2026-01-20 20:08:00+00:00,-13.88,-3.10,-12.45,192.60,-41.19,18.90
2026-01-20 20:09:00+00:00,-13.92,-3.22,-12.32,193.04,-40.77,18.87
2026-01-20 20:10:00+00:00,-13.87,-4.34,-12.06,197.38,-39.69,18.88
2026-01-20 20:11:00+00:00,-13.91,-4.56,-11.91,198.13,-39.13,18.87
2026-01-20 20:12:00+00:00,-14.10,-4.18,-11.75,196.51,-38.61,18.83
2026-01-20 20:13:00+00:00,-14.00,-3.37,-12.12,193.52,-40.10,18.82
2026-01-20 20:14:00+00:00,-12.51,-0.64,-13.86,182.94,-47.90,18.69
2026-01-20 20:15:00+00:00,-13.00,-1.99,-13.34,188.69,-45.41,18.73
2026-01-20 20:16:00+00:00,-13.69,-2.13,-12.45,188.85,-41.94,18.63
2026-01-20 20:17:00+00:00,-14.03,-2.37,-12.06,189.59,-40.29,18.66
2026-01-20 20:18:00+00:00,-13.97,-2.75,-11.74,191.15,-39.50,18.45
2026-01-20 20:19:00+00:00,-12.96,-5.96,-11.97,204.68,-39.99,18.62
2026-01-20 20:20:00+00:00,-12.68,-6.42,-11.96,206.84,-40.08,18.57
2026-01-20 20:21:00+00:00,-12.37,-6.39,-12.14,207.33,-41.07,18.47
2026-01-20 20:22:00+00:00,-12.46,-6.16,-11.94,206.29,-40.66,18.33
2026-01-20 20:23:00+00:00,-12.56,-6.48,-11.49,207.29,-39.11,18.21
2026-01-20 20:24:00+00:00,-12.73,-6.52,-11.26,207.13,-38.21,18.20
2026-01-20 20:25:00+00:00,-12.50,-6.69,-11.43,208.16,-38.86,18.21
2026-01-20 20:26:00+00:00,-12.25,-6.77,-11.65,208.94,-39.76,18.21
2026-01-20 20:27:00+00:00,-12.00,-6.43,-12.06,208.19,-41.55,18.19
2026-01-20 20:28:00+00:00,-11.41,-5.59,-13.11,206.10,-45.89,18.26
2026-01-20 20:29:00+00:00,-11.19,-5.97,-13.16,208.10,-46.07,18.28
2026-01-20 20:30:00+00:00,-9.71,-5.78,-14.20,210.74,-51.49,18.15
2026-01-20 20:31:00+00:00,-10.00,-6.17,-13.68,211.69,-49.34,18.04
2026-01-20 20:32:00+00:00,-11.04,-4.65,-13.48,202.84,-48.39,18.03
2026-01-20 20:33:00+00:00,-10.93,-3.96,-13.82,199.93,-49.93,18.06
2026-01-20 20:34:00+00:00,-10.69,-3.69,-14.02,199.05,-51.12,18.01
2026-01-20 20:35:00+00:00,-10.47,-3.37,-14.05,197.85,-51.94,17.84
2026-01-20 20:36:00+00:00,-9.72,-3.78,-14.45,201.24,-54.18,17.82
2026-01-20 20:37:00+00:00,-10.64,-2.91,-13.93,195.31,-51.61,17.77
2026-01-20 20:38:00+00:00,-9.14,-2.64,-15.14,196.13,-57.85,17.88
2026-01-20 20:39:00+00:00,-8.27,-2.11,-15.66,194.34,-61.40,17.84
2026-01-20 20:40:00+00:00,-9.11,-2.13,-15.13,193.14,-58.28,17.79
2026-01-20 20:41:00+00:00,-7.60,-2.51,-15.89,198.26,-63.27,17.79
2026-01-20 20:42:00+00:00,-7.05,-2.05,-16.27,196.21,-65.71,17.85
2026-01-20 20:43:00+00:00,-7.14,-1.15,-16.34,189.12,-66.14,17.87
2026-01-20 20:44:00+00:00,-9.25,-1.77,-14.96,190.83,-57.81,17.68
2026-01-20 20:45:00+00:00,-8.05,-1.57,-15.68,191.07,-62.39,17.70
2026-01-20 20:46:00+00:00,-7.71,-1.65,-15.90,192.04,-63.62,17.75
2026-01-20 20:47:00+00:00,-6.91,-1.67,-16.24,193.57,-66.35,17.73
2026-01-20 20:48:00+00:00,-7.81,-0.76,-15.93,185.53,-63.79,17.76
2026-01-20 20:49:00+00:00,-7.63,-0.87,-15.99,186.50,-64.35,17.73
2026-01-20 20:50:00+00:00,-7.43,-0.63,-16.01,184.87,-65.03,17.66
2026-01-20 20:51:00+00:00,-7.76,-0.48,-15.75,183.57,-63.74,17.57
2026-01-20 20:52:00+00:00,-7.29,-0.18,-15.94,181.42,-65.42,17.53
2026-01-20 20:53:00+00:00,-7.68,-1.41,-15.58,190.42,-63.38,17.43
2026-01-20 20:54:00+00:00,-8.47,-1.46,-15.08,189.77,-60.34,17.36
2026-01-20 20:55:00+00:00,-8.59,-1.40,-15.04,189.23,-59.94,17.38
2026-01-20 20:56:00+00:00,-8.63,-1.24,-15.05,188.19,-59.91,17.39
2026-01-20 20:57:00+00:00,-7.85,-1.54,-15.47,191.12,-62.66,17.41
2026-01-20 20:58:00+00:00,-8.19,-0.28,-15.34,181.96,-61.88,17.39
2026-01-20 20:59:00+00:00,-7.60,-0.65,-15.62,184.90,-63.96,17.38
2026-01-20 21:00:00+00:00,-7.91,-0.71,-15.46,185.13,-62.80,17.38
2026-01-20 21:01:00+00:00,-8.25,-0.40,-15.23,182.76,-61.53,17.32
2026-01-20 21:02:00+00:00,-7.56,-0.59,-15.25,184.43,-63.57,17.04
2026-01-20 21:03:00+00:00,-9.80,0.16,-14.03,179.04,-55.07,17.11
2026-01-20 21:04:00+00:00,-10.91,0.89,-12.72,175.33,-49.30,16.78
2026-01-20 21:05:00+00:00,-11.74,0.12,-12.20,179.42,-46.09,16.93
2026-01-20 21:06:00+00:00,-12.80,0.46,-11.20,177.93,-41.18,17.02
2026-01-20 21:07:00+00:00,-12.66,0.52,-11.43,177.63,-42.06,17.07
2026-01-20 21:08:00+00:00,-13.10,0.51,-11.05,177.79,-40.12,17.14
2026-01-20 21:09:00+00:00,-13.60,0.15,-10.42,179.37,-37.45,17.13
2026-01-20 21:10:00+00:00,-12.95,-0.27,-11.16,181.20,-40.74,17.09
2026-01-20 21:11:00+00:00,-13.07,-0.23,-10.91,181.01,-39.84,17.02
2026-01-20 21:12:00+00:00,-12.62,-0.67,-11.28,183.03,-41.77,16.94
2026-01-20 21:13:00+00:00,-12.60,-0.66,-11.23,183.00,-41.67,16.89
2026-01-20 21:14:00+00:00,-12.08,-0.86,-11.74,184.08,-44.10,16.86
2026-01-20 21:15:00+00:00,-12.26,-0.79,-11.47,183.68,-43.04,16.81
2026-01-20 21:16:00+00:00,-11.82,-1.13,-11.82,185.47,-44.87,16.76
2026-01-20 21:17:00+00:00,-11.53,-0.74,-12.11,183.66,-46.33,16.74
2026-01-20 21:18:00+00:00,-11.58,-0.46,-11.98,182.26,-45.95,16.66
2026-01-20 21:19:00+00:00,-11.79,0.10,-11.75,179.52,-44.90,16.64
2026-01-20 21:20:00+00:00,-12.15,0.07,-11.19,179.68,-42.64,16.52
2026-01-20 21:21:00+00:00,-12.91,-1.23,-10.18,185.45,-38.14,16.49
2026-01-20 21:22:00+00:00,-13.61,-0.71,-9.55,182.97,-35.02,16.64
2026-01-20 21:23:00+00:00,-14.07,-0.10,-8.74,180.39,-31.86,16.57
2026-01-20 21:24:00+00:00,-14.15,-0.66,-8.53,182.66,-31.06,16.54
2026-01-20 21:25:00+00:00,-14.32,-0.76,-8.38,183.05,-30.31,16.61
2026-01-20 21:26:00+00:00,-14.12,-0.49,-8.67,181.98,-31.53,16.57
2026-01-20 21:27:00+00:00,-13.82,-0.59,-9.07,182.43,-33.26,16.54
2026-01-20 21:28:00+00:00,-13.83,-0.72,-8.96,182.98,-32.92,16.49
2026-01-20 21:29:00+00:00,-13.64,-0.49,-9.24,182.07,-34.09,16.49
2026-01-20 21:30:00+00:00,-14.15,-0.66,-8.43,182.67,-30.76,16.49
2026-01-20 21:31:00+00:00,-14.63,-1.32,-7.26,185.17,-26.29,16.39
2026-01-20 21:32:00+00:00,-15.39,-2.15,-5.33,187.97,-18.93,16.43
2026-01-20 21:33:00+00:00,-15.49,-2.44,-4.96,188.96,-17.55,16.45
2026-01-20 21:34:00+00:00,-15.65,-2.21,-4.20,188.04,-14.87,16.35
2026-01-20 21:35:00+00:00,-15.11,-2.15,-5.39,188.11,-19.44,16.18
2026-01-20 21:36:00+00:00,-14.85,-1.36,-6.18,185.22,-22.52,16.14
2026-01-20 21:37:00+00:00,-11.61,-0.51,-11.01,182.51,-43.44,16.01
2026-01-20 21:38:00+00:00,-10.99,0.18,-11.72,179.08,-46.83,16.07
2026-01-20 21:39:00+00:00,-10.27,0.09,-12.15,179.50,-49.79,15.91
2026-01-20 21:40:00+00:00,-9.36,0.71,-12.91,175.67,-53.96,15.96
2026-01-20 21:41:00+00:00,-9.80,-0.48,-12.63,182.79,-52.16,15.99
2026-01-20 21:42:00+00:00,-9.25,-0.85,-13.03,185.26,-54.52,16.00
2026-01-20 21:43:00+00:00,-9.41,-0.35,-12.88,182.13,-53.84,15.95
2026-01-20 21:44:00+00:00,-9.45,-0.41,-12.80,182.50,-53.54,15.91
2026-01-20 21:45:00+00:00,-10.42,-1.00,-11.86,185.47,-48.57,15.82
2026-01-20 21:46:00+00:00,-10.45,-1.37,-11.83,187.48,-48.32,15.84
2026-01-20 21:47:00+00:00,-11.55,-1.40,-10.75,186.91,-42.74,15.84
2026-01-20 21:48:00+00:00,-11.80,-1.20,-10.46,185.82,-41.41,15.82
2026-01-20 21:49:00+00:00,-11.30,-1.72,-10.81,188.68,-43.40,15.73
2026-01-20 21:50:00+00:00,-11.47,-2.37,-10.44,191.66,-41.72,15.69
2026-01-20 21:51:00+00:00,-11.58,-2.19,-10.33,190.69,-41.24,15.67
2026-01-20 21:52:00+00:00,-13.56,-2.69,-6.87,191.22,-26.42,15.43
2026-01-20 21:53:00+00:00,-13.93,-2.71,-6.28,190.99,-23.86,15.52
2026-01-20 21:54:00+00:00,-13.77,-1.91,-6.74,187.90,-25.85,15.45
2026-01-20 21:55:00+00:00,-13.63,-1.62,-6.79,186.78,-26.33,15.31
2026-01-20 21:56:00+00:00,-13.59,-1.49,-6.98,186.27,-27.04,15.35
2026-01-20 21:57:00+00:00,-12.52,-2.21,-8.57,190.01,-33.99,15.33
2026-01-20 21:58:00+00:00,-9.61,-0.96,-11.40,185.70,-49.72,14.94
2026-01-20 22:30:00+00:00,-3.72,0.17,-13.90,177.46,-75.01,14.39
2026-01-20 22:31:00+00:00,-3.67,0.47,-13.93,172.78,-75.13,14.42
2026-01-20 22:32:00+00:00,-3.02,0.66,-14.08,167.68,-77.62,14.42
2026-01-20 22:33:00+00:00,-5.85,0.31,-13.08,177.01,-65.87,14.34
2026-01-20 22:34:00+00:00,-9.94,-0.39,-10.49,182.27,-46.52,14.46
2026-01-20 22:35:00+00:00,-11.02,-0.79,-10.15,184.10,-42.57,15.01
2026-01-20 22:36:00+00:00,-11.62,-0.55,-9.65,182.72,-39.68,15.12
2026-01-20 22:37:00+00:00,-11.41,-0.52,-9.83,182.60,-40.73,15.07
2026-01-20 22:38:00+00:00,-11.35,-1.05,-9.84,185.28,-40.81,15.06
2026-01-20 22:39:00+00:00,-11.12,-1.22,-9.97,186.24,-41.70,14.98
2026-01-20 22:40:00+00:00,-11.00,-1.05,-10.05,185.45,-42.27,14.94
2026-01-20 22:41:00+00:00,-11.62,-0.73,-9.55,183.57,-39.36,15.06
2026-01-20 22:42:00+00:00,-11.94,-0.70,-9.20,183.37,-37.57,15.09
2026-01-20 22:43:00+00:00,-11.51,-0.32,-9.68,181.62,-40.06,15.05
2026-01-20 22:44:00+00:00,-11.59,-0.01,-9.67,180.07,-39.84,15.10
2026-01-20 22:45:00+00:00,-11.28,-0.33,-9.99,181.69,-41.51,15.07
2026-01-20 22:46:00+00:00,-11.33,-0.57,-10.00,182.89,-41.40,15.12
2026-01-20 22:47:00+00:00,-10.96,-0.85,-10.35,184.44,-43.28,15.09
2026-01-20 22:48:00+00:00,-10.82,-1.35,-10.42,187.09,-43.70,15.08
2026-01-20 22:49:00+00:00,-12.16,-0.53,-9.09,182.51,-36.77,15.19
2026-01-20 22:50:00+00:00,-11.49,-1.17,-9.61,185.82,-39.78,15.02
2026-01-20 22:51:00+00:00,-12.23,-1.94,-8.51,189.03,-34.50,15.02
2026-01-20 22:52:00+00:00,-12.94,-1.33,-7.97,185.86,-31.51,15.26
2026-01-20 22:53:00+00:00,-11.36,-1.26,-9.64,186.34,-40.15,14.96
2026-01-20 22:54:00+00:00,-8.35,-0.40,-12.11,182.76,-55.38,14.71
2026-01-20 22:55:00+00:00,-8.67,-1.12,-11.76,187.34,-53.36,14.65
2026-01-20 22:56:00+00:00,-7.58,-1.17,-12.42,188.80,-58.30,14.60
2026-01-20 22:57:00+00:00,-7.69,-1.17,-12.34,188.69,-57.78,14.59
2026-01-20 22:58:00+00:00,-7.73,-1.09,-12.32,188.01,-57.66,14.58
2026-01-20 22:59:00+00:00,-7.66,-0.79,-12.42,185.91,-58.20,14.61
2026-01-20 23:00:00+00:00,-8.56,-0.94,-11.85,186.29,-54.01,14.65
2026-01-20 23:01:00+00:00,-8.35,0.19,-12.01,178.67,-55.18,14.63
2026-01-20 23:02:00+00:00,-8.27,0.34,-11.97,177.62,-55.33,14.56
2026-01-20 23:03:00+00:00,-8.28,-0.38,-11.86,182.66,-55.04,14.47
2026-01-20 23:04:00+00:00,-8.51,-0.75,-11.68,185.03,-53.82,14.47
2026-01-20 23:05:00+00:00,-8.33,-0.74,-11.79,185.10,-54.65,14.46
2026-01-20 23:06:00+00:00,-8.24,-0.90,-11.88,186.23,-55.10,14.48
2026-01-20 23:07:00+00:00,-8.18,-0.39,-11.78,182.75,-55.20,14.35
2026-01-20 23:08:00+00:00,-7.44,-1.36,-12.24,190.38,-58.31,14.39
2026-01-20 23:09:00+00:00,-10.01,-3.33,-9.67,198.41,-42.53,14.31
2026-01-20 23:10:00+00:00,-10.68,-4.38,-9.07,202.32,-38.15,14.68
2026-01-20 23:11:00+00:00,-10.40,-5.27,-8.43,206.85,-35.86,14.38
2026-01-20 23:12:00+00:00,-10.15,-5.75,-8.52,209.52,-36.15,14.44
2026-01-20 23:13:00+00:00,-9.94,-2.87,-9.98,196.13,-43.99,14.38
2026-01-20 23:14:00+00:00,-9.77,-1.56,-10.44,189.05,-46.55,14.38
2026-01-20 23:15:00+00:00,-10.03,-1.97,-10.16,191.10,-44.84,14.41
2026-01-20 23:16:00+00:00,-9.77,-1.59,-10.46,189.23,-46.60,14.40
2026-01-20 23:17:00+00:00,-9.66,-1.72,-10.55,190.13,-47.09,14.41
2026-01-20 23:18:00+00:00,-9.53,-1.88,-10.52,191.16,-47.27,14.32
2026-01-20 23:19:00+00:00,-8.39,0.82,-11.36,174.43,-53.42,14.15
2026-01-20 23:20:00+00:00,-8.79,0.61,-11.21,176.03,-51.82,14.26
2026-01-20 23:21:00+00:00,-8.02,2.18,-11.54,164.81,-54.25,14.22
2026-01-20 23:22:00+00:00,-7.75,1.94,-11.79,165.97,-55.88,14.24
2026-01-20 23:23:00+00:00,-7.81,1.60,-11.53,168.39,-55.33,14.01
2026-01-20 23:24:00+00:00,-8.08,1.30,-11.37,170.83,-54.25,14.01
2026-01-20 23:25:00+00:00,-7.79,1.74,-11.50,167.45,-55.23,14.00
2026-01-20 23:26:00+00:00,-7.69,2.20,-11.39,164.01,-54.93,13.92
2026-01-20 23:27:00+00:00,-9.21,-1.37,-9.88,188.45,-46.72,13.58
2026-01-20 23:28:00+00:00,-11.25,-3.54,-8.13,197.46,-34.58,14.32
2026-01-20 23:29:00+00:00,-11.24,-3.14,-8.39,195.62,-35.72,14.37
2026-01-20 23:30:00+00:00,-11.57,-2.65,-8.14,192.88,-34.44,14.40
2026-01-20 23:31:00+00:00,-12.66,-2.71,-6.21,192.08,-25.63,14.36
2026-01-20 23:32:00+00:00,-13.41,-1.94,-5.36,188.22,-21.59,14.58
2026-01-20 23:33:00+00:00,-13.29,-1.70,-5.91,187.30,-23.79,14.64
2026-01-20 23:34:00+00:00,-6.80,1.67,-12.43,166.17,-60.60,14.27
2026-01-20 23:35:00+00:00,-5.27,1.08,-13.06,168.41,-67.60,14.12
2026-01-20 23:36:00+00:00,-6.79,-0.90,-12.10,187.56,-60.48,13.90
2026-01-20 23:37:00+00:00,-10.36,1.70,-9.27,170.69,-41.44,14.00
2026-01-20 23:38:00+00:00,-10.93,3.37,-8.71,162.87,-37.30,14.38
2026-01-20 23:39:00+00:00,-10.94,-1.42,-8.95,187.38,-39.05,14.21
2026-01-20 23:40:00+00:00,-10.34,-3.33,-8.86,197.84,-39.22,14.02
2026-01-20 23:41:00+00:00,-10.33,-3.84,-8.58,200.38,-37.91,13.96
2026-01-20 23:42:00+00:00,-10.13,-4.28,-8.49,202.91,-37.65,13.89
2026-01-20 23:43:00+00:00,-10.40,-2.27,-8.50,192.29,-38.59,13.62
2026-01-20 23:44:00+00:00,-11.06,-1.39,-8.21,187.16,-36.36,13.84
2026-01-20 23:45:00+00:00,-11.13,-1.95,-7.86,189.95,-34.83,13.76
2026-01-20 23:46:00+00:00,-11.31,-2.50,-7.33,192.47,-32.31,13.70
2026-01-20 23:47:00+00:00,-11.29,-4.45,-6.60,201.50,-28.55,13.82
2026-01-20 23:48:00+00:00,-11.25,-4.73,-6.24,202.82,-27.06,13.71
2026-01-20 23:49:00+00:00,-12.49,-4.82,-3.10,201.09,-13.05,13.74
2026-01-20 23:50:00+00:00,-12.14,-5.06,-3.68,202.64,-15.61,13.66
2026-01-20 23:51:00+00:00,-12.24,-5.91,-1.76,205.78,-7.38,13.71
2026-01-20 23:52:00+00:00,-11.85,-6.30,1.50,208.00,6.39,13.50
2026-01-20 23:53:00+00:00,-12.00,-4.84,-4.19,201.94,-17.96,13.60
2026-01-20 23:54:00+00:00,-11.92,-4.97,-4.62,202.64,-19.69,13.72
2026-01-20 23:55:00+00:00,-11.45,-5.32,-5.25,204.92,-22.60,13.68
2026-01-20 23:56:00+00:00,-11.48,-6.24,-4.12,208.55,-17.49,13.70
2026-01-20 23:57:00+00:00,-11.15,-7.05,-3.14,212.29,-13.37,13.56
2026-01-20 23:58:00+00:00,-11.28,-6.12,-3.25,208.48,-14.22,13.24
2026-01-20 23:59:00+00:00,-11.86,-4.30,-4.76,199.94,-20.66,13.49
2026-01-21 00:00:00+00:00,-11.80,-3.89,-5.00,198.25,-21.91,13.39
2026-01-21 00:01:00+00:00,-11.96,-3.16,-5.14,194.81,-22.56,13.40
2026-01-21 00:02:00+00:00,-11.86,-3.38,-5.18,195.92,-22.78,13.38
2026-01-21 00:03:00+00:00,-11.82,-3.28,-5.37,195.52,-23.65,13.40
2026-01-21 00:04:00+00:00,-11.65,-3.32,-5.12,195.90,-22.91,13.15
2026-01-21 00:05:00+00:00,-11.54,-3.54,-5.27,197.06,-23.58,13.17
2026-01-21 00:06:00+00:00,-11.29,-3.84,-5.34,198.77,-24.11,13.07
2026-01-21 00:07:00+00:00,-11.12,-4.02,-5.34,199.87,-24.30,12.97
2026-01-21 00:08:00+00:00,-11.09,-4.07,-5.39,200.14,-24.55,12.98
2026-01-21 00:09:00+00:00,-11.13,-4.04,-5.31,199.96,-24.16,12.98
2026-01-21 00:10:00+00:00,-11.16,-3.74,-5.37,198.51,-24.54,12.94
2026-01-21 00:11:00+00:00,-11.13,-3.36,-5.39,196.82,-24.87,12.81
2026-01-21 00:12:00+00:00,-11.25,-3.40,-5.24,196.81,-24.02,12.87
2026-01-21 00:13:00+00:00,-11.35,-3.32,-5.26,196.30,-23.97,12.94
2026-01-21 00:14:00+00:00,-11.43,-3.29,-5.17,196.06,-23.48,12.97
2026-01-21 00:15:00+00:00,-11.47,-3.32,-5.27,196.13,-23.82,13.05
2026-01-21 00:16:00+00:00,-11.42,-3.37,-5.18,196.42,-23.50,12.99
2026-01-21 00:17:00+00:00,-11.46,-3.53,-4.94,197.14,-22.38,12.97
2026-01-21 00:18:00+00:00,-11.43,-3.60,-4.86,197.47,-22.09,12.93
2026-01-21 00:19:00+00:00,-11.29,-3.67,-4.79,197.99,-21.98,12.80
2026-01-21 00:20:00+00:00,-11.25,-3.87,-4.83,198.99,-22.08,12.84
2026-01-21 00:21:00+00:00,-11.29,-3.75,-4.85,198.39,-22.19,12.85
2026-01-21 00:22:00+00:00,-11.33,-3.68,-4.74,197.97,-21.70,12.82
2026-01-21 00:23:00+00:00,-11.41,-4.03,-4.12,199.44,-18.78,12.78
2026-01-21 00:24:00+00:00,-11.42,-4.58,-3.17,201.86,-14.45,12.71
2026-01-21 00:25:00+00:00,-11.56,-3.53,-3.74,196.96,-17.17,12.65
2026-01-21 00:26:00+00:00,-11.88,-3.23,-3.19,195.23,-14.53,12.72
2026-01-21 00:27:00+00:00,-11.89,-3.57,-2.78,196.71,-12.62,12.72
2026-01-21 00:28:00+00:00,-11.58,-4.31,-2.54,200.39,-11.62,12.62
2026-01-21 00:29:00+00:00,-11.55,-3.36,-2.82,196.22,-13.19,12.35
2026-01-21 00:30:00+00:00,-11.67,-3.17,-2.39,195.19,-11.20,12.33
2026-01-21 00:31:00+00:00,-11.42,-4.18,-1.61,200.09,-7.56,12.27
2026-01-21 00:32:00+00:00,-11.52,-3.86,-0.84,198.55,-3.95,12.18
2026-01-21 00:33:00+00:00,-11.34,-3.57,-2.21,197.47,-10.52,12.09
2026-01-21 00:34:00+00:00,-10.90,-3.45,-3.67,197.58,-17.80,12.01
2026-01-21 00:35:00+00:00,-10.70,-3.62,-4.25,198.70,-20.60,12.06
2026-01-21 00:36:00+00:00,-10.25,-3.21,-5.18,197.39,-25.75,11.92
2026-01-21 00:37:00+00:00,-9.17,-1.46,-6.84,189.02,-36.38,11.54
2026-01-21 00:38:00+00:00,-9.30,-2.07,-6.38,192.55,-33.80,11.46
2026-01-21 00:39:00+00:00,-9.12,-2.59,-6.39,195.84,-34.00,11.43
2026-01-21 00:40:00+00:00,-9.63,-2.64,-5.98,195.35,-30.91,11.64
2026-01-21 00:41:00+00:00,-9.46,-2.80,-6.18,196.47,-32.08,11.64
2026-01-21 00:42:00+00:00,-9.56,-2.66,-6.02,195.56,-31.24,11.61
2026-01-21 00:43:00+00:00,-9.78,-2.65,-5.74,195.17,-29.55,11.65
2026-01-21 00:44:00+00:00,-9.72,-2.70,-5.98,195.52,-30.67,11.73
2026-01-21 00:45:00+00:00,-9.77,-2.95,-5.77,196.78,-29.47,11.72
2026-01-21 00:46:00+00:00,-9.65,-3.34,-5.60,199.10,-28.74,11.65
2026-01-21 00:47:00+00:00,-9.67,-3.28,-5.42,198.72,-27.96,11.56
2026-01-21 00:48:00+00:00,-9.75,-2.43,-5.71,194.00,-29.59,11.56
2026-01-21 00:49:00+00:00,-9.76,-2.69,-5.69,195.41,-29.35,11.61
2026-01-21 00:50:00+00:00,-9.83,-2.30,-5.66,193.19,-29.28,11.58
2026-01-21 00:51:00+00:00,-9.71,-2.21,-5.90,192.82,-30.62,11.58
2026-01-21 00:52:00+00:00,-9.96,-2.90,-5.27,196.24,-26.94,11.64
2026-01-21 00:53:00+00:00,-9.59,-2.68,-5.71,195.59,-29.81,11.48
2026-01-21 00:54:00+00:00,-9.14,-2.56,-6.07,195.67,-32.60,11.27
2026-01-21 00:55:00+00:00,-9.12,-2.25,-6.15,193.88,-33.21,11.23
2026-01-21 00:56:00+00:00,-9.08,-2.26,-6.17,193.96,-33.38,11.21
2026-01-21 00:57:00+00:00,-8.46,-1.40,-7.30,189.42,-40.41,11.26
2026-01-21 00:58:00+00:00,-8.78,-1.90,-6.88,192.21,-37.44,11.31
2026-01-21 00:59:00+00:00,-9.22,-3.19,-5.56,199.10,-29.66,11.23
2026-01-21 01:00:00+00:00,-9.58,-3.75,-4.66,201.35,-24.39,11.30
2026-01-21 01:01:00+00:00,-9.60,-3.93,-4.46,202.26,-23.29,11.29
2026-01-21 01:02:00+00:00,-9.60,-4.63,-3.99,205.75,-20.53,11.38
2026-01-21 01:03:00+00:00,-9.77,-3.86,-4.42,201.55,-22.81,11.39
2026-01-21 01:04:00+00:00,-9.94,-3.17,-4.76,197.68,-24.53,11.47
2026-01-21 01:05:00+00:00,-9.80,-2.78,-5.18,195.86,-26.95,11.42
2026-01-21 01:06:00+00:00,-9.81,-2.26,-5.41,192.99,-28.24,11.43
2026-01-21 01:07:00+00:00,-9.78,-2.52,-5.24,194.46,-27.42,11.38
2026-01-21 01:08:00+00:00,-9.99,-2.33,-5.06,193.13,-26.28,11.44
2026-01-21 01:09:00+00:00,-10.08,-2.48,-4.87,193.84,-25.14,11.47
2026-01-21 01:10:00+00:00,-9.91,-2.83,-4.88,195.95,-25.34,11.41
2026-01-21 01:11:00+00:00,-9.86,-2.82,-5.01,195.94,-26.02,11.41
2026-01-21 01:12:00+00:00,-9.58,-3.22,-4.46,198.55,-23.80,11.05
2026-01-21 01:13:00+00:00,-9.27,-4.28,-3.68,204.76,-19.83,10.86
2026-01-21 01:14:00+00:00,-9.14,-2.98,-4.88,198.05,-26.92,10.78
2026-01-21 01:15:00+00:00,-9.21,-3.79,-4.04,202.38,-22.07,10.75
2026-01-21 01:16:00+00:00,-9.21,-4.17,-3.90,204.37,-21.07,10.84
2026-01-21 01:17:00+00:00,-9.12,-4.03,-3.88,203.83,-21.25,10.70
2026-01-21 01:18:00+00:00,-9.16,-2.74,-4.43,196.68,-24.87,10.54
2026-01-21 01:19:00+00:00,-9.23,-1.29,-4.69,187.98,-26.69,10.43
2026-01-21 01:20:00+00:00,-9.20,-1.35,-4.75,188.37,-27.08,10.44
2026-01-21 01:21:00+00:00,-9.28,-1.45,-4.63,188.88,-26.26,10.47
2026-01-21 01:22:00+00:00,-9.28,-1.71,-4.52,190.47,-25.61,10.46
2026-01-21 01:23:00+00:00,-9.21,-2.73,-3.96,196.50,-22.42,10.39
2026-01-21 01:24:00+00:00,-9.21,-3.49,-3.45,200.77,-19.29,10.44
2026-01-21 01:25:00+00:00,-9.30,-3.40,-3.09,200.09,-17.31,10.37
2026-01-21 01:26:00+00:00,-9.32,-3.88,-2.57,202.62,-14.29,10.42
2026-01-21 01:27:00+00:00,-9.19,-4.51,-1.96,206.14,-10.85,10.42
2026-01-21 01:28:00+00:00,-8.97,-5.01,-1.51,209.19,-8.38,10.39
2026-01-21 01:29:00+00:00,-8.84,-5.32,-1.37,211.04,-7.57,10.41
2026-01-21 01:30:00+00:00,-8.67,-5.68,-1.14,213.23,-6.27,10.42
2026-01-21 01:31:00+00:00,-8.50,-5.68,-0.92,213.73,-5.14,10.26
2026-01-21 01:32:00+00:00,-7.33,-6.70,1.24,222.42,7.13,10.00
2026-01-21 01:33:00+00:00,-7.10,-6.34,0.03,221.76,0.15,9.52
2026-01-21 01:34:00+00:00,-7.17,-5.80,0.24,218.98,1.47,9.23
2026-01-21 01:35:00+00:00,-7.98,-4.44,-1.19,209.08,-7.42,9.21
2026-01-21 01:36:00+00:00,-7.51,-0.19,-4.88,181.42,-33.01,8.96
2026-01-21 01:37:00+00:00,-6.71,1.83,-6.32,164.73,-42.27,9.39
2026-01-21 01:38:00+00:00,-6.45,1.99,-6.53,162.86,-44.04,9.40
2026-01-21 01:39:00+00:00,-6.34,1.86,-6.78,163.70,-45.71,9.46
2026-01-21 01:40:00+00:00,-6.19,1.81,-6.92,163.70,-47.03,9.46
2026-01-21 01:41:00+00:00,-6.78,1.30,-6.61,169.11,-43.76,9.56
2026-01-21 01:42:00+00:00,-7.00,1.09,-6.44,171.12,-42.25,9.57
2026-01-21 01:43:00+00:00,-7.28,1.00,-6.16,172.14,-39.96,9.59
2026-01-21 01:44:00+00:00,-7.10,1.00,-6.16,171.99,-40.69,9.45
2026-01-21 01:45:00+00:00,-6.91,1.13,-6.21,170.70,-41.54,9.36
2026-01-21 01:46:00+00:00,-6.87,1.43,-6.47,168.28,-42.67,9.55
2026-01-21 01:47:00+00:00,-6.91,1.25,-6.51,169.71,-42.83,9.58
2026-01-21 01:48:00+00:00,-6.79,1.44,-6.41,168.03,-42.70,9.45
2026-01-21 01:49:00+00:00,-6.70,1.40,-6.45,168.24,-43.28,9.41
2026-01-21 01:50:00+00:00,-6.62,0.97,-6.65,171.65,-44.84,9.43
2026-01-21 01:51:00+00:00,-7.05,1.13,-6.29,170.89,-41.37,9.52
2026-01-21 01:52:00+00:00,-7.26,0.54,-6.30,175.72,-40.87,9.63
2026-01-21 01:53:00+00:00,-7.18,0.24,-6.26,178.06,-41.10,9.53
2026-01-21 01:54:00+00:00,-7.18,0.06,-6.20,179.56,-40.81,9.49
2026-01-21 01:55:00+00:00,-7.35,0.16,-6.20,178.71,-40.14,9.62
2026-01-21 01:56:00+00:00,-7.54,-0.36,-5.98,182.70,-38.40,9.63
2026-01-21 01:57:00+00:00,-7.58,-0.70,-5.78,185.31,-37.19,9.56
2026-01-21 01:58:00+00:00,-7.71,-1.37,-5.01,190.05,-32.63,9.30
2026-01-21 01:59:00+00:00,-7.59,-0.93,-4.95,187.00,-32.90,9.10
2026-01-21 02:00:00+00:00,-6.93,1.18,-5.68,170.32,-38.93,9.03
2026-01-21 02:01:00+00:00,-6.22,2.28,-6.49,159.90,-44.42,9.27
2026-01-21 02:02:00+00:00,-6.20,2.63,-6.52,156.99,-44.05,9.38
2026-01-21 02:03:00+00:00,-6.13,3.01,-6.58,153.85,-43.93,9.49
2026-01-21 02:04:00+00:00,-6.18,2.88,-6.54,154.99,-43.81,9.44
2026-01-21 02:05:00+00:00,-6.09,2.64,-6.60,156.58,-44.85,9.36
2026-01-21 02:06:00+00:00,-6.34,2.44,-6.51,158.91,-43.81,9.41
2026-01-21 02:07:00+00:00,-6.19,2.43,-6.63,158.55,-44.89,9.39
2026-01-21 02:08:00+00:00,-5.93,2.73,-6.70,155.27,-45.75,9.36
2026-01-21 02:09:00+00:00,-5.80,3.19,-6.82,151.20,-45.85,9.51
2026-01-21 02:10:00+00:00,-5.59,3.23,-6.66,150.00,-45.90,9.27
2026-01-21 02:11:00+00:00,-5.56,3.44,-6.58,148.28,-45.19,9.28
2026-01-21 02:12:00+00:00,-5.43,3.55,-6.68,146.86,-45.82,9.31
2026-01-21 02:13:00+00:00,-5.42,3.52,-6.74,146.99,-46.18,9.34
2026-01-21 02:14:00+00:00,-5.52,3.73,-6.74,145.92,-45.32,9.48
2026-01-21 02:15:00+00:00,-5.63,4.00,-6.66,144.62,-44.00,9.59
2026-01-21 02:16:00+00:00,-5.61,3.89,-6.67,145.24,-44.37,9.54
2026-01-21 02:17:00+00:00,-5.21,4.23,-6.83,140.93,-45.51,9.57
2026-01-21 02:18:00+00:00,-5.46,3.83,-6.97,144.94,-46.22,9.65
2026-01-21 02:19:00+00:00,-5.21,4.09,-6.65,141.87,-45.11,9.39
2026-01-21 02:20:00+00:00,-4.27,5.43,-5.57,128.16,-38.88,8.87
2026-01-21 02:21:00+00:00,-4.41,4.42,-6.70,134.96,-46.99,9.16
2026-01-21 02:22:00+00:00,-4.30,3.78,-6.96,138.68,-50.59,9.01
2026-01-21 02:23:00+00:00,-6.02,2.86,-6.29,154.59,-43.37,9.16
2026-01-21 02:24:00+00:00,-6.79,2.19,-5.84,162.09,-39.28,9.22
2026-01-21 02:25:00+00:00,-6.53,2.05,-6.08,162.58,-41.62,9.15
2026-01-21 02:26:00+00:00,-6.71,2.48,-5.55,159.74,-37.81,9.05
2026-01-21 02:27:00+00:00,-5.87,3.10,-5.66,152.20,-40.45,8.72
2026-01-21 02:28:00+00:00,-5.67,3.38,-5.68,149.23,-40.73,8.71
2026-01-21 02:29:00+00:00,-5.76,3.36,-5.87,149.71,-41.38,8.89
2026-01-21 02:30:00+00:00,-5.14,3.77,-5.95,143.70,-43.04,8.72
2026-01-21 02:31:00+00:00,-5.21,3.66,-6.20,144.94,-44.24,8.89
2026-01-21 02:32:00+00:00,-4.55,2.94,-6.92,147.16,-51.94,8.79
2026-01-21 02:33:00+00:00,-5.60,2.93,-6.47,152.40,-45.68,9.04
2026-01-21 02:34:00+00:00,-5.81,3.07,-6.53,152.12,-44.85,9.26
2026-01-21 02:35:00+00:00,-5.81,2.99,-6.88,152.73,-46.48,9.49
2026-01-21 02:36:00+00:00,-4.89,2.71,-7.68,150.98,-53.95,9.50
2026-01-21 02:37:00+00:00,-5.38,3.09,-7.67,150.15,-51.05,9.86
2026-01-21 02:38:00+00:00,-5.11,3.42,-7.56,146.17,-50.87,9.75
2026-01-21 02:39:00+00:00,-5.41,3.31,-7.80,148.49,-50.87,10.05
2026-01-21 02:40:00+00:00,-5.61,3.18,-7.64,150.48,-49.82,10.00
2026-01-21 02:41:00+00:00,-5.74,3.25,-7.50,150.47,-48.67,9.98
2026-01-21 02:42:00+00:00,-5.42,3.36,-7.62,148.25,-50.07,9.93
2026-01-21 02:43:00+00:00,-5.70,3.32,-7.38,149.81,-48.21,9.90
2026-01-21 02:44:00+00:00,-5.92,3.27,-7.17,151.06,-46.69,9.86
2026-01-21 02:45:00+00:00,-5.70,3.43,-7.33,148.95,-47.73,9.90
2026-01-21 02:46:00+00:00,-3.98,4.30,-7.21,132.77,-50.90,9.30
2026-01-21 02:47:00+00:00,-4.02,4.24,-7.17,133.46,-50.80,9.25
2026-01-21 02:48:00+00:00,-4.33,4.09,-7.11,136.65,-50.02,9.27
2026-01-21 02:49:00+00:00,-4.28,4.24,-7.17,135.26,-49.96,9.37
2026-01-21 02:50:00+00:00,-4.25,4.15,-7.07,135.70,-49.98,9.24
2026-01-21 02:51:00+00:00,-4.16,4.21,-6.95,134.63,-49.57,9.13
2026-01-21 02:52:00+00:00,-4.28,4.22,-6.95,135.39,-49.13,9.19
2026-01-21 02:53:00+00:00,-4.04,4.25,-6.98,133.61,-49.95,9.11
2026-01-21 02:54:00+00:00,-4.02,4.29,-6.95,133.14,-49.80,9.10
2026-01-21 02:55:00+00:00,-4.39,4.07,-6.90,137.14,-49.02,9.13
2026-01-21 02:56:00+00:00,-4.79,3.84,-6.88,141.28,-48.28,9.22
2026-01-21 02:57:00+00:00,-4.55,4.01,-6.86,138.58,-48.50,9.16
2026-01-21 02:58:00+00:00,-4.22,4.14,-6.79,135.55,-48.92,9.01
2026-01-21 02:59:00+00:00,-3.64,4.50,-6.79,128.97,-49.53,8.93
2026-01-21 03:00:00+00:00,-3.68,4.80,-6.96,127.46,-49.01,9.22
2026-01-21 03:01:00+00:00,-3.68,5.12,-6.91,125.73,-47.60,9.35
2026-01-21 03:02:00+00:00,-4.08,5.06,-7.13,128.91,-47.67,9.65
2026-01-21 03:03:00+00:00,-3.65,5.62,-6.76,123.03,-45.24,9.51
2026-01-21 03:04:00+00:00,-3.71,5.66,-6.69,123.27,-44.68,9.52
2026-01-21 03:05:00+00:00,-3.61,5.66,-6.57,122.55,-44.39,9.39
2026-01-21 03:06:00+00:00,-3.55,5.66,-6.57,122.08,-44.51,9.37
2026-01-21 03:07:00+00:00,-3.55,5.55,-6.59,122.61,-45.00,9.31
2026-01-21 03:08:00+00:00,-2.88,5.99,-6.26,115.71,-43.30,9.13
2026-01-21 03:09:00+00:00,-2.90,5.82,-6.12,116.45,-43.24,8.93
2026-01-21 03:10:00+00:00,-2.82,5.67,-6.12,116.46,-44.02,8.80
2026-01-21 03:11:00+00:00,-3.12,5.51,-6.28,119.52,-44.75,8.92
2026-01-21 03:12:00+00:00,-3.67,5.45,-6.40,123.95,-44.27,9.17
2026-01-21 03:13:00+00:00,-3.87,5.38,-6.26,125.76,-43.37,9.12
2026-01-21 03:14:00+00:00,-3.91,5.18,-6.37,127.00,-44.46,9.09
2026-01-21 03:15:00+00:00,-4.31,5.14,-6.11,129.95,-42.34,9.08
2026-01-21 03:16:00+00:00,-4.52,4.79,-6.19,133.31,-43.21,9.04
2026-01-21 03:17:00+00:00,-4.06,5.29,-6.09,127.53,-42.40,9.03
2026-01-21 03:18:00+00:00,-3.89,5.10,-6.16,127.29,-43.83,8.89
2026-01-21 03:19:00+00:00,-4.11,5.05,-6.07,129.11,-42.98,8.90
2026-01-21 03:20:00+00:00,-4.09,5.06,-5.99,128.92,-42.62,8.84
2026-01-21 03:21:00+00:00,-4.20,5.11,-5.94,129.38,-41.90,8.89
2026-01-21 03:22:00+00:00,-4.15,5.14,-5.91,128.90,-41.84,8.87
2026-01-21 03:23:00+00:00,-4.53,4.84,-5.86,133.07,-41.49,8.85
2026-01-21 03:24:00+00:00,-4.22,4.82,-6.05,131.23,-43.40,8.81
2026-01-21 03:25:00+00:00,-4.05,4.63,-6.20,131.19,-45.21,8.74
2026-01-21 03:26:00+00:00,-3.73,4.69,-6.26,128.51,-46.27,8.66
2026-01-21 03:27:00+00:00,-3.74,4.58,-6.29,129.22,-46.73,8.63
2026-01-21 03:28:00+00:00,-3.78,4.10,-6.36,132.68,-48.72,8.46
2026-01-21 03:29:00+00:00,-3.65,4.28,-6.33,130.50,-48.36,8.47
2026-01-21 03:30:00+00:00,-3.61,4.37,-6.34,129.55,-48.18,8.50
2026-01-21 03:31:00+00:00,-3.62,3.86,-6.32,133.22,-50.06,8.24
2026-01-21 03:32:00+00:00,-3.69,4.65,-6.24,128.42,-46.39,8.61
2026-01-21 03:33:00+00:00,-3.74,4.68,-6.22,128.63,-46.09,8.63
2026-01-21 03:34:00+00:00,-3.66,4.67,-6.35,128.10,-46.95,8.70
2026-01-21 03:35:00+00:00,-3.50,4.76,-6.27,126.27,-46.71,8.62
2026-01-21 03:36:00+00:00,-3.45,4.65,-6.38,126.57,-47.75,8.62
2026-01-21 03:37:00+00:00,-3.44,4.20,-6.68,129.32,-50.89,8.61
2026-01-21 03:38:00+00:00,-3.30,5.21,-6.09,122.39,-44.64,8.67
2026-01-21 03:39:00+00:00,-2.68,4.91,-6.44,118.67,-49.03,8.53
2026-01-21 03:40:00+00:00,-2.95,5.22,-6.13,119.45,-45.61,8.58
2026-01-21 03:41:00+00:00,-2.93,5.49,-5.85,118.07,-43.21,8.54
2026-01-21 03:42:00+00:00,-2.89,5.26,-6.13,118.82,-45.62,8.58
2026-01-21 03:43:00+00:00,-2.73,5.71,-5.73,115.57,-42.16,8.54
2026-01-21 03:44:00+00:00,-3.04,5.30,-6.00,119.87,-44.51,8.56
2026-01-21 03:45:00+00:00,-2.93,5.21,-6.06,119.35,-45.38,8.51
2026-01-21 03:46:00+00:00,-2.68,5.30,-6.04,116.86,-45.50,8.47
2026-01-21 03:47:00+00:00,-2.57,5.28,-6.10,115.98,-46.08,8.46
2026-01-21 03:48:00+00:00,-2.48,5.17,-6.23,115.60,-47.40,8.47
2026-01-21 03:49:00+00:00,-2.38,5.05,-6.32,115.28,-48.53,8.43
2026-01-21 03:50:00+00:00,-2.08,5.24,-6.26,111.61,-48.00,8.42
2026-01-21 03:51:00+00:00,-2.42,5.02,-6.21,115.76,-48.10,8.35
2026-01-21 03:52:00+00:00,-4.12,3.84,-6.01,136.99,-46.85,8.24
2026-01-21 03:53:00+00:00,-3.75,3.84,-6.17,134.34,-48.99,8.18
2026-01-21 03:54:00+00:00,-3.87,4.30,-5.80,131.99,-45.10,8.19
2026-01-21 03:55:00+00:00,-3.35,4.45,-5.97,126.97,-47.01,8.17
2026-01-21 03:56:00+00:00,-3.31,4.60,-5.92,125.75,-46.24,8.20
2026-01-21 03:57:00+00:00,-3.95,4.50,-5.80,131.29,-44.10,8.33
2026-01-21 03:58:00+00:00,-4.14,4.22,-5.50,134.47,-42.94,8.07
2026-01-21 03:59:00+00:00,-5.41,4.49,-3.87,140.34,-28.80,8.02
2026-01-21 04:00:00+00:00,-5.28,3.52,-4.62,146.34,-36.03,7.85
2026-01-21 04:01:00+00:00,-5.12,3.32,-3.75,147.05,-31.56,7.17
2026-01-21 04:02:00+00:00,-4.86,2.78,-3.55,150.20,-32.36,6.63
2026-01-21 04:03:00+00:00,-4.11,1.85,-2.55,155.76,-29.54,5.18
2026-01-21 04:04:00+00:00,-3.89,1.59,-2.45,157.74,-30.31,4.86
2026-01-21 04:05:00+00:00,-4.13,1.71,-1.91,157.51,-23.12,4.86
2026-01-21 04:06:00+00:00,-4.30,1.80,-1.91,157.21,-22.24,5.03
2026-01-21 04:07:00+00:00,-4.32,1.96,-1.85,155.62,-21.26,5.09
2026-01-21 04:08:00+00:00,-4.53,1.97,-1.75,156.50,-19.53,5.24
2026-01-21 04:09:00+00:00,-4.43,1.96,-1.63,156.12,-18.60,5.12
2026-01-21 04:10:00+00:00,-3.93,2.01,-1.81,152.97,-22.32,4.77
2026-01-21 04:11:00+00:00,-3.64,2.33,-1.69,147.36,-21.33,4.65
2026-01-21 04:12:00+00:00,-4.78,3.15,-2.56,146.65,-24.13,6.27
2026-01-21 04:13:00+00:00,-3.96,2.53,-2.15,147.44,-24.65,5.17
2026-01-21 04:14:00+00:00,-3.53,2.63,-1.96,143.27,-23.97,4.81
2026-01-21 04:15:00+00:00,-3.91,2.94,-2.19,143.05,-24.10,5.35
2026-01-21 04:16:00+00:00,-3.95,2.94,-2.37,143.32,-25.72,5.47
2026-01-21 04:17:00+00:00,-3.48,3.48,-4.00,134.99,-39.06,6.34
2026-01-21 04:18:00+00:00,-3.61,3.54,-4.84,135.56,-43.75,7.00
2026-01-21 04:19:00+00:00,-3.78,3.49,-4.73,137.28,-42.62,6.98
2026-01-21 04:20:00+00:00,-3.77,3.69,-4.96,135.60,-43.23,7.24
2026-01-21 04:21:00+00:00,-4.09,3.65,-4.74,138.21,-40.83,7.25
2026-01-21 04:22:00+00:00,-4.39,3.52,-4.54,141.29,-38.93,7.23
2026-01-21 04:23:00+00:00,-4.14,3.47,-4.52,139.99,-39.90,7.04
2026-01-21 04:24:00+00:00,-3.47,2.30,-3.44,146.51,-39.56,5.40
2026-01-21 04:25:00+00:00,-1.94,1.62,-2.21,140.13,-41.20,3.35
2026-01-21 04:26:00+00:00,-1.68,1.50,-2.68,138.27,-49.91,3.50
2026-01-21 04:27:00+00:00,-4.47,3.08,-4.03,145.44,-36.58,6.76
2026-01-21 04:28:00+00:00,-4.42,3.54,-4.48,141.35,-38.36,7.23
2026-01-21 04:29:00+00:00,-3.86,3.74,-5.17,135.90,-43.88,7.46
2026-01-21 04:30:00+00:00,-4.91,3.64,-4.94,143.43,-38.94,7.86
2026-01-21 04:31:00+00:00,-4.18,3.59,-5.42,139.36,-44.54,7.73
2026-01-21 04:32:00+00:00,-3.79,3.95,-5.57,133.85,-45.50,7.81
2026-01-21 04:33:00+00:00,-3.63,4.20,-5.61,130.86,-45.32,7.89
2026-01-21 04:34:00+00:00,-3.37,4.35,-5.62,127.74,-45.59,7.86
2026-01-21 04:35:00+00:00,-3.01,4.43,-5.78,124.17,-47.16,7.88
2026-01-21 04:36:00+00:00,-3.04,4.39,-5.77,124.72,-47.23,7.87
2026-01-21 04:37:00+00:00,-3.09,4.21,-5.89,126.26,-48.39,7.87
2026-01-21 04:38:00+00:00,-3.02,4.17,-5.89,125.96,-48.84,7.82
2026-01-21 04:39:00+00:00,-4.14,4.07,-5.21,135.51,-41.87,7.80
2026-01-21 04:40:00+00:00,-4.36,4.02,-5.13,137.39,-40.84,7.84
2026-01-21 04:41:00+00:00,-4.23,4.02,-5.22,136.47,-41.80,7.83
2026-01-21 04:42:00+00:00,-4.26,3.92,-5.19,137.35,-41.88,7.78
2026-01-21 04:43:00+00:00,-4.10,4.08,-5.25,135.13,-42.24,7.81
2026-01-21 04:44:00+00:00,-3.83,4.22,-5.35,132.23,-43.17,7.82
2026-01-21 04:45:00+00:00,-3.99,4.30,-5.35,132.84,-42.37,7.94
2026-01-21 04:46:00+00:00,-3.99,4.42,-5.29,132.08,-41.57,7.97
2026-01-21 04:47:00+00:00,-4.13,4.11,-5.45,135.18,-43.08,7.98
2026-01-21 04:48:00+00:00,-4.18,4.20,-5.38,134.81,-42.25,8.01
2026-01-21 04:49:00+00:00,-4.21,4.23,-5.38,134.89,-42.03,8.03
2026-01-21 04:50:00+00:00,-4.29,4.15,-5.39,135.97,-42.04,8.04
2026-01-21 04:51:00+00:00,-4.50,4.11,-5.33,137.60,-41.18,8.09
2026-01-21 04:52:00+00:00,-4.42,4.04,-5.39,137.57,-41.98,8.06
2026-01-21 04:53:00+00:00,-4.58,3.96,-5.28,139.18,-41.10,8.04
2026-01-21 04:54:00+00:00,-4.56,4.01,-5.22,138.71,-40.72,8.01
2026-01-21 04:55:00+00:00,-4.52,4.10,-5.18,137.82,-40.30,8.00
2026-01-21 04:56:00+00:00,-4.58,4.00,-5.20,138.84,-40.58,8.00
2026-01-21 04:57:00+00:00,-4.68,3.83,-5.34,140.68,-41.43,8.07
2026-01-21 04:58:00+00:00,-4.64,3.91,-5.32,139.90,-41.24,8.07
2026-01-21 04:59:00+00:00,-4.42,4.10,-5.25,137.16,-41.09,7.99
2026-01-21 05:00:00+00:00,-4.25,4.02,-5.19,136.64,-41.60,7.82
2026-01-21 05:01:00+00:00,-4.74,3.99,-5.05,139.89,-39.21,7.99
2026-01-21 05:02:00+00:00,-4.60,4.08,-5.12,138.40,-39.76,8.00
2026-01-21 05:03:00+00:00,-4.63,4.07,-5.09,138.66,-39.56,7.99
2026-01-21 05:04:00+00:00,-4.77,4.04,-5.04,139.72,-38.92,8.03
2026-01-21 05:05:00+00:00,-4.52,4.35,-4.89,136.11,-37.95,7.95
2026-01-21 05:06:00+00:00,-4.71,4.35,-4.86,137.30,-37.17,8.05
2026-01-21 05:07:00+00:00,-4.43,4.34,-4.94,135.60,-38.54,7.92
2026-01-21 05:08:00+00:00,-4.27,4.41,-4.93,134.13,-38.78,7.87
2026-01-21 05:09:00+00:00,-4.27,4.44,-4.94,133.88,-38.74,7.89
2026-01-21 05:10:00+00:00,-4.24,4.51,-4.94,133.21,-38.60,7.92
2026-01-21 05:11:00+00:00,-4.39,4.46,-4.92,134.60,-38.17,7.96
2026-01-21 05:12:00+00:00,-4.32,4.39,-5.02,134.51,-39.19,7.95
2026-01-21 05:13:00+00:00,-4.17,4.34,-5.17,133.82,-40.68,7.94
2026-01-21 05:14:00+00:00,-4.34,4.35,-5.00,134.93,-39.13,7.92
2026-01-21 05:15:00+00:00,-4.35,4.22,-5.02,135.86,-39.65,7.87
2026-01-21 05:16:00+00:00,-4.47,4.22,-5.08,136.69,-39.55,7.98
2026-01-21 05:17:00+00:00,-4.76,4.16,-4.95,138.85,-38.06,8.03
2026-01-21 05:18:00+00:00,-4.73,4.15,-4.92,138.70,-38.04,7.99
2026-01-21 05:19:00+00:00,-4.82,4.06,-4.88,139.88,-37.76,7.97
2026-01-21 05:20:00+00:00,-4.73,4.01,-5.02,139.74,-39.02,7.98
2026-01-21 05:21:00+00:00,-4.50,4.17,-5.11,137.18,-39.74,7.99
2026-01-21 05:22:00+00:00,-4.55,4.31,-5.07,136.58,-38.97,8.06
2026-01-21 05:23:00+00:00,-4.29,4.25,-5.14,135.29,-40.39,7.93
2026-01-21 05:24:00+00:00,-3.88,4.18,-5.51,132.89,-44.00,7.93
2026-01-21 05:25:00+00:00,-4.18,4.37,-5.13,133.69,-40.30,7.93
2026-01-21 05:26:00+00:00,-4.15,4.55,-4.85,132.32,-38.20,7.84
2026-01-21 05:27:00+00:00,-3.92,4.34,-5.06,132.13,-40.86,7.73
2026-01-21 05:28:00+00:00,-4.00,4.47,-4.93,131.83,-39.42,7.76
2026-01-21 05:29:00+00:00,-3.93,4.51,-4.95,131.03,-39.60,7.76
2026-01-21 05:30:00+00:00,-4.00,4.33,-5.07,132.69,-40.68,7.77
2026-01-21 05:31:00+00:00,-4.50,4.65,-4.44,134.08,-34.49,7.85
2026-01-21 05:32:00+00:00,-4.34,4.62,-4.61,133.18,-36.07,7.84
2026-01-21 05:33:00+00:00,-4.26,4.51,-4.72,133.35,-37.31,7.79
2026-01-21 05:34:00+00:00,-4.27,4.51,-4.69,133.43,-37.05,7.78
2026-01-21 05:35:00+00:00,-4.15,4.57,-4.69,132.23,-37.22,7.75
2026-01-21 05:36:00+00:00,-4.09,4.64,-4.71,131.37,-37.30,7.77
2026-01-21 05:37:00+00:00,-4.07,4.58,-4.73,131.58,-37.65,7.74
2026-01-21 05:38:00+00:00,-4.08,4.50,-4.81,132.21,-38.36,7.74
2026-01-21 05:39:00+00:00,-4.47,4.19,-4.78,136.86,-37.96,7.78
2026-01-21 05:40:00+00:00,-4.81,4.02,-4.68,140.12,-36.75,7.82
2026-01-21 05:41:00+00:00,-4.68,4.13,-4.65,138.54,-36.65,7.78
2026-01-21 05:42:00+00:00,-4.13,4.50,-4.64,132.54,-37.22,7.68
2026-01-21 05:43:00+00:00,-4.34,4.45,-4.60,134.26,-36.49,7.73
2026-01-21 05:44:00+00:00,-4.48,4.36,-4.61,135.78,-36.43,7.77
2026-01-21 05:45:00+00:00,-5.27,3.82,-4.39,144.04,-33.97,7.85
2026-01-21 05:46:00+00:00,-5.40,3.82,-4.29,144.71,-32.98,7.88
2026-01-21 05:47:00+00:00,-5.21,3.97,-4.43,142.69,-34.04,7.91
2026-01-21 05:48:00+00:00,-5.11,3.92,-4.52,142.47,-35.06,7.87
2026-01-21 05:49:00+00:00,-5.15,3.84,-4.54,143.31,-35.28,7.87
2026-01-21 05:50:00+00:00,-5.33,3.83,-4.34,144.29,-33.50,7.87
2026-01-21 05:51:00+00:00,-6.00,3.28,-3.95,151.32,-30.00,7.90
2026-01-21 05:52:00+00:00,-5.84,3.40,-4.08,149.78,-31.07,7.90
2026-01-21 05:53:00+00:00,-5.53,3.81,-4.09,145.41,-31.37,7.87
2026-01-21 05:54:00+00:00,-5.28,4.00,-4.13,142.85,-31.98,7.80
2026-01-21 05:55:00+00:00,-5.05,4.00,-4.32,141.61,-33.85,7.76
2026-01-21 05:56:00+00:00,-4.58,4.44,-4.38,135.85,-34.51,7.74
2026-01-21 05:57:00+00:00,-4.80,4.26,-4.48,138.39,-34.92,7.83
2026-01-21 05:58:00+00:00,-4.88,4.25,-4.42,138.92,-34.30,7.84
2026-01-21 05:59:00+00:00,-4.82,4.13,-4.56,139.36,-35.68,7.81
2026-01-21 06:00:00+00:00,-4.66,4.12,-4.66,138.48,-36.84,7.77
2026-01-21 06:01:00+00:00,-4.34,4.78,-4.69,132.19,-35.98,7.98
2026-01-21 06:02:00+00:00,-4.46,4.58,-4.67,134.24,-36.19,7.92
2026-01-21 06:03:00+00:00,-5.06,3.69,-4.31,143.94,-34.52,7.60
2026-01-21 06:04:00+00:00,-5.21,3.61,-4.32,145.26,-34.26,7.67
2026-01-21 06:05:00+00:00,-5.30,3.63,-4.27,145.60,-33.63,7.72
2026-01-21 06:06:00+00:00,-5.18,3.72,-4.32,144.30,-34.13,7.70
2026-01-21 06:07:00+00:00,-5.17,3.78,-4.36,143.80,-34.22,7.75
2026-01-21 06:08:00+00:00,-5.31,3.78,-4.31,144.59,-33.46,7.81
2026-01-21 06:09:00+00:00,-5.24,3.77,-4.35,144.25,-33.98,7.79
2026-01-21 06:10:00+00:00,-4.55,4.30,-4.71,136.56,-36.96,7.83
2026-01-21 06:11:00+00:00,-3.41,4.88,-4.99,124.96,-39.96,7.77
2026-01-21 06:12:00+00:00,-3.35,4.95,-4.95,124.08,-39.62,7.76
2026-01-21 06:13:00+00:00,-3.41,4.94,-4.96,124.61,-39.55,7.79
2026-01-21 06:14:00+00:00,-3.31,5.06,-4.97,123.21,-39.42,7.82
2026-01-21 06:15:00+00:00,-3.20,5.09,-4.92,122.15,-39.30,7.77
2026-01-21 06:16:00+00:00,-3.49,4.86,-4.82,125.67,-38.87,7.69
2026-01-21 06:17:00+00:00,-3.65,4.64,-4.65,128.23,-38.25,7.51
2026-01-21 06:18:00+00:00,-4.14,4.13,-4.44,135.01,-37.21,7.34
2026-01-21 06:19:00+00:00,-4.05,4.11,-4.61,134.63,-38.63,7.39
2026-01-21 06:20:00+00:00,-3.96,4.30,-4.76,132.69,-39.17,7.54
2026-01-21 06:21:00+00:00,-3.96,4.37,-4.65,132.19,-38.29,7.51
2026-01-21 06:22:00+00:00,-4.09,4.44,-4.56,132.64,-37.06,7.56
2026-01-21 06:23:00+00:00,-4.27,4.33,-4.34,134.60,-35.51,7.48
2026-01-21 06:24:00+00:00,-4.13,4.39,-4.37,133.29,-35.92,7.44
2026-01-21 06:25:00+00:00,-3.58,4.21,-4.81,130.38,-41.04,7.33
2026-01-21 06:26:00+00:00,-3.09,4.64,-4.58,123.65,-39.42,7.22
2026-01-21 06:27:00+00:00,-2.87,4.31,-4.99,123.59,-43.96,7.20
2026-01-21 06:28:00+00:00,-2.91,4.17,-5.09,124.87,-45.03,7.20
2026-01-21 06:29:00+00:00,-3.55,4.40,-4.79,128.93,-40.29,7.41
2026-01-21 06:30:00+00:00,-3.70,4.52,-4.76,129.33,-39.20,7.53
2026-01-21 06:31:00+00:00,-3.50,4.53,-4.80,127.68,-39.98,7.46
2026-01-21 06:32:00+00:00,-3.41,4.33,-4.86,128.25,-41.38,7.35
2026-01-21 06:33:00+00:00,-2.86,4.44,-4.84,122.79,-42.48,7.16
2026-01-21 06:34:00+00:00,-3.62,4.50,-4.67,128.81,-38.99,7.42
2026-01-21 06:35:00+00:00,-3.91,4.47,-4.46,131.17,-36.93,7.43
2026-01-21 06:36:00+00:00,-4.05,4.46,-4.28,132.28,-35.43,7.39
2026-01-21 06:37:00+00:00,-4.49,4.47,-4.15,135.17,-33.22,7.57
2026-01-21 06:38:00+00:00,-4.67,4.49,-3.94,136.13,-31.30,7.59
2026-01-21 06:39:00+00:00,-4.74,4.56,-4.01,136.13,-31.37,7.70
2026-01-21 06:40:00+00:00,-4.71,4.70,-4.22,135.09,-32.37,7.88
2026-01-21 06:41:00+00:00,-4.67,4.82,-4.32,134.04,-32.74,7.98
2026-01-21 06:42:00+00:00,-4.56,4.89,-4.35,133.04,-33.04,7.98
2026-01-21 06:43:00+00:00,-4.29,4.89,-4.58,131.21,-35.13,7.96
2026-01-21 06:44:00+00:00,-4.17,4.90,-4.77,130.45,-36.54,8.01
2026-01-21 06:45:00+00:00,-4.21,4.83,-4.86,131.04,-37.17,8.04
2026-01-21 06:46:00+00:00,-4.18,4.87,-4.79,130.60,-36.74,8.01
2026-01-21 06:47:00+00:00,-4.14,4.98,-4.70,129.71,-35.99,8.01
2026-01-21 06:48:00+00:00,-3.83,4.97,-4.91,127.68,-38.04,7.96
2026-01-21 06:49:00+00:00,-3.51,4.99,-5.02,125.16,-39.45,7.90
2026-01-21 06:50:00+00:00,-3.98,5.00,-4.86,128.55,-37.25,8.03
2026-01-21 06:51:00+00:00,-4.16,4.99,-4.82,129.78,-36.60,8.09
2026-01-21 06:52:00+00:00,-4.20,4.90,-4.80,130.60,-36.62,8.04
2026-01-21 06:53:00+00:00,-4.15,4.82,-4.85,130.76,-37.31,7.99
2026-01-21 06:54:00+00:00,-4.31,4.76,-4.87,132.14,-37.18,8.06
2026-01-21 06:55:00+00:00,-4.29,4.71,-4.94,132.34,-37.78,8.07
2026-01-21 06:56:00+00:00,-4.19,4.73,-5.02,131.56,-38.48,8.07
2026-01-21 06:57:00+00:00,-3.98,4.71,-5.15,130.20,-39.86,8.03
2026-01-21 06:58:00+00:00,-4.00,4.62,-5.16,130.88,-40.16,7.99
2026-01-21 06:59:00+00:00,-4.13,4.49,-5.15,132.63,-40.19,7.98
2026-01-21 07:00:00+00:00,-3.82,4.59,-5.21,129.77,-41.09,7.92
2026-01-21 07:01:00+00:00,-3.86,4.66,-4.93,129.64,-39.16,7.81
2026-01-21 07:02:00+00:00,-4.09,4.63,-4.94,131.46,-38.69,7.91
2026-01-21 07:03:00+00:00,-4.17,4.58,-4.87,132.36,-38.19,7.88
2026-01-21 07:04:00+00:00,-3.98,4.66,-4.88,130.48,-38.49,7.83
2026-01-21 07:05:00+00:00,-4.08,4.36,-5.23,133.12,-41.20,7.93
2026-01-21 07:06:00+00:00,-4.25,4.22,-5.27,135.16,-41.34,7.97
2026-01-21 07:07:00+00:00,-4.22,4.06,-5.34,136.10,-42.38,7.92
2026-01-21 07:08:00+00:00,-4.37,4.31,-4.83,135.42,-38.23,7.81
2026-01-21 07:09:00+00:00,-4.44,4.19,-4.70,136.61,-37.59,7.70
2026-01-21 07:10:00+00:00,-4.49,4.31,-4.59,136.15,-36.43,7.74
2026-01-21 07:11:00+00:00,-4.50,4.29,-4.39,136.38,-35.20,7.61
2026-01-21 07:12:00+00:00,-4.45,4.41,-4.36,135.24,-34.81,7.63
2026-01-21 07:13:00+00:00,-3.96,4.50,-5.00,131.34,-39.82,7.81
2026-01-21 07:14:00+00:00,-3.77,4.58,-5.07,129.44,-40.53,7.80
2026-01-21 07:15:00+00:00,-3.99,4.51,-4.99,131.49,-39.62,7.82
2026-01-21 07:16:00+00:00,-4.12,4.61,-5.04,131.73,-39.21,7.98
2026-01-21 07:17:00+00:00,-3.70,5.05,-4.88,126.28,-37.93,7.94
2026-01-21 07:18:00+00:00,-3.61,4.89,-4.96,126.43,-39.23,7.85
2026-01-21 08:05:00+00:00,-4.15,5.38,-5.85,127.60,-40.71,8.97
2026-01-21 08:06:00+00:00,-4.43,5.49,-5.68,128.94,-38.87,9.06
2026-01-21 08:07:00+00:00,-4.33,5.63,-5.57,127.61,-38.12,9.03
2026-01-21 08:08:00+00:00,-4.80,5.16,-5.83,132.95,-39.62,9.15
2026-01-21 08:09:00+00:00,-4.93,4.93,-5.91,135.00,-40.30,9.14
2026-01-21 08:10:00+00:00,-5.14,4.96,-5.81,136.03,-39.10,9.21
2026-01-21 08:11:00+00:00,-5.28,4.80,-5.83,137.71,-39.22,9.22
2026-01-21 08:12:00+00:00,-5.34,4.63,-5.89,139.08,-39.78,9.20
2026-01-21 08:13:00+00:00,-4.66,4.88,-6.03,133.65,-41.76,9.05
2026-01-21 08:14:00+00:00,-4.42,4.99,-6.11,131.53,-42.51,9.04
2026-01-21 08:15:00+00:00,-4.60,5.01,-6.10,132.59,-41.87,9.13
2026-01-21 08:16:00+00:00,-4.81,4.93,-6.07,134.29,-41.37,9.18
2026-01-21 08:17:00+00:00,-5.01,5.21,-6.08,133.84,-40.09,9.45
2026-01-21 08:18:00+00:00,-4.85,5.23,-6.03,132.83,-40.22,9.34
2026-01-21 08:19:00+00:00,-4.74,4.88,-5.74,134.22,-40.17,8.90
2026-01-21 08:20:00+00:00,-4.78,4.89,-5.69,134.33,-39.79,8.89
2026-01-21 08:21:00+00:00,-4.37,4.76,-5.79,132.57,-41.89,8.68
2026-01-21 08:22:00+00:00,-4.03,5.07,-6.01,128.48,-42.88,8.84
2026-01-21 08:23:00+00:00,-3.87,5.05,-5.83,127.48,-42.47,8.63
2026-01-21 08:24:00+00:00,-3.86,4.57,-5.77,130.16,-43.93,8.31
2026-01-21 08:25:00+00:00,-3.92,4.39,-5.49,131.74,-43.01,8.05
2026-01-21 08:26:00+00:00,-3.54,5.13,-5.20,124.62,-39.86,8.12
2026-01-21 08:27:00+00:00,-3.45,5.12,-4.96,123.95,-38.78,7.92
2026-01-21 08:28:00+00:00,-3.60,4.86,-4.96,126.53,-39.39,7.82
2026-01-21 08:29:00+00:00,-3.81,5.28,-4.79,125.79,-36.37,8.08
2026-01-21 08:30:00+00:00,-1.78,3.64,-6.12,116.06,-56.55,7.34
2026-01-21 08:31:00+00:00,-1.60,3.44,-6.22,114.89,-58.63,7.28
2026-01-21 08:32:00+00:00,-2.43,4.01,-5.63,121.24,-50.23,7.33
2026-01-21 08:33:00+00:00,-2.97,4.54,-5.02,123.19,-42.77,7.40
2026-01-21 08:34:00+00:00,-3.42,4.98,-4.56,124.49,-37.03,7.57
2026-01-21 08:35:00+00:00,-3.06,4.89,-5.09,122.03,-41.40,7.69
2026-01-21 08:36:00+00:00,-2.77,4.65,-5.50,120.77,-45.47,7.72
2026-01-21 08:37:00+00:00,-2.43,4.70,-5.73,117.39,-47.31,7.80
2026-01-21 08:38:00+00:00,-2.88,4.98,-5.73,120.05,-44.86,8.12
2026-01-21 08:39:00+00:00,-2.87,5.22,-5.63,118.76,-43.41,8.20
2026-01-21 08:40:00+00:00,-2.68,5.24,-5.72,117.08,-44.16,8.20
2026-01-21 08:41:00+00:00,-2.92,5.21,-5.73,119.24,-43.82,8.27
2026-01-21 08:42:00+00:00,-3.23,5.50,-5.54,120.46,-40.96,8.44
2026-01-21 08:43:00+00:00,-3.19,5.56,-5.66,119.83,-41.43,8.55
2026-01-21 08:44:00+00:00,-3.46,5.67,-6.17,121.36,-42.88,9.07
2026-01-21 08:45:00+00:00,-3.36,5.59,-6.06,121.06,-42.90,8.90
2026-01-21 08:46:00+00:00,-3.26,5.70,-6.08,119.82,-42.78,8.94
2026-01-21 08:47:00+00:00,-3.08,5.80,-6.21,117.95,-43.44,9.04
2026-01-21 08:48:00+00:00,-3.58,5.78,-6.13,121.77,-42.05,9.15
2026-01-21 08:49:00+00:00,-3.30,6.00,-5.91,118.81,-40.80,9.04
2026-01-21 08:50:00+00:00,-3.42,5.89,-5.66,120.17,-39.73,8.85
2026-01-21 08:51:00+00:00,-3.68,5.52,-5.58,123.67,-40.07,8.67
2026-01-21 08:52:00+00:00,-3.22,5.60,-5.29,119.93,-39.32,8.35
2026-01-21 08:53:00+00:00,-3.14,5.51,-5.60,119.64,-41.43,8.46
2026-01-21 08:54:00+00:00,-3.03,5.40,-5.58,119.28,-42.03,8.33
2026-01-21 08:55:00+00:00,-2.87,5.38,-5.45,118.11,-41.77,8.18
2026-01-21 08:56:00+00:00,-2.79,5.14,-5.29,118.44,-42.10,7.88
2026-01-21 08:57:00+00:00,-2.81,5.12,-5.19,118.78,-41.61,7.82
2026-01-21 08:58:00+00:00,-2.98,5.22,-5.13,119.74,-40.51,7.90
2026-01-21 08:59:00+00:00,-1.68,5.05,-5.73,108.36,-47.11,7.82
2026-01-21 09:00:00+00:00,-3.29,5.61,-5.05,120.39,-37.86,8.23
2026-01-21 09:01:00+00:00,-1.68,5.10,-6.01,108.28,-48.22,8.06
2026-01-21 09:02:00+00:00,-2.18,5.68,-5.78,111.02,-43.53,8.40
2026-01-21 09:03:00+00:00,-2.29,5.31,-5.76,113.29,-44.90,8.16
2026-01-21 09:04:00+00:00,-2.62,4.70,-5.88,119.10,-47.52,7.97
2026-01-21 09:05:00+00:00,-3.97,4.79,-5.58,129.65,-41.86,8.36
2026-01-21 09:06:00+00:00,-3.55,5.16,-5.43,124.54,-40.88,8.29
2026-01-21 09:07:00+00:00,-1.89,4.70,-6.34,111.85,-51.37,8.12
2026-01-21 09:08:00+00:00,-3.57,5.56,-5.33,122.66,-38.90,8.49
2026-01-21 09:09:00+00:00,-2.72,5.07,-5.87,118.23,-45.60,8.22
2026-01-21 09:10:00+00:00,-3.13,5.54,-5.47,119.46,-40.70,8.39
2026-01-21 09:11:00+00:00,-2.87,5.54,-5.57,117.41,-41.75,8.36
2026-01-21 09:12:00+00:00,-2.43,5.47,-5.87,113.99,-44.45,8.39
2026-01-21 09:13:00+00:00,-2.46,5.38,-5.76,114.52,-44.21,8.25
2026-01-21 09:14:00+00:00,-2.06,5.46,-5.70,110.65,-44.37,8.16
2026-01-21 09:15:00+00:00,-1.65,5.50,-5.71,106.71,-44.82,8.10
2026-01-21 09:16:00+00:00,-2.01,5.41,-5.74,110.38,-44.83,8.14
2026-01-21 09:17:00+00:00,-2.20,5.49,-5.62,111.83,-43.55,8.16
2026-01-21 09:18:00+00:00,-2.70,5.35,-5.60,116.79,-43.01,8.20
2026-01-21 09:19:00+00:00,-2.73,5.34,-5.34,117.11,-41.65,8.03
2026-01-21 09:20:00+00:00,-3.00,5.42,-5.05,118.96,-39.19,8.00
2026-01-21 09:21:00+00:00,-2.97,5.27,-5.17,119.44,-40.52,7.96
2026-01-21 09:22:00+00:00,-2.07,5.63,-5.19,110.16,-40.85,7.93
2026-01-21 09:23:00+00:00,-1.92,5.92,-4.92,107.99,-38.31,7.93
2026-01-21 09:24:00+00:00,-2.00,5.90,-4.80,108.73,-37.58,7.87
2026-01-21 09:25:00+00:00,-1.92,5.89,-4.62,108.04,-36.72,7.73
2026-01-21 09:26:00+00:00,-1.87,5.87,-4.51,107.63,-36.19,7.63
2026-01-21 09:27:00+00:00,-1.76,6.09,-4.08,106.11,-32.78,7.54
2026-01-21 09:28:00+00:00,-1.99,6.12,-3.90,108.03,-31.24,7.53
2026-01-21 09:29:00+00:00,-2.11,5.80,-4.04,110.00,-33.22,7.38
2026-01-21 09:30:00+00:00,-1.54,5.79,-4.08,104.85,-34.26,7.25
2026-01-21 09:31:00+00:00,-1.08,6.12,-3.80,100.04,-31.44,7.28
2026-01-21 09:32:00+00:00,-1.61,6.03,-3.75,104.97,-30.98,7.28
2026-01-21 09:33:00+00:00,-6.72,1.42,-4.39,168.04,-32.62,8.15
2026-01-21 09:34:00+00:00,-7.78,-0.11,-4.47,180.78,-29.89,8.98
2026-01-21 09:35:00+00:00,-7.95,-3.82,-2.36,205.63,-14.98,9.13
2026-01-21 09:36:00+00:00,-7.51,-5.11,-1.46,214.22,-9.14,9.20
2026-01-21 09:37:00+00:00,-7.90,-0.52,-5.09,183.78,-32.74,9.41
2026-01-21 09:38:00+00:00,-8.10,-2.74,-3.33,198.69,-21.28,9.17
2026-01-21 09:39:00+00:00,-7.80,-4.30,-3.15,208.84,-19.48,9.45
2026-01-21 09:40:00+00:00,-7.89,-2.15,-4.65,195.22,-29.62,9.41
2026-01-21 09:41:00+00:00,-8.27,-1.63,-4.11,191.18,-25.96,9.38
2026-01-21 09:42:00+00:00,-8.29,-2.59,-3.77,197.36,-23.43,9.47
2026-01-21 09:43:00+00:00,-8.07,-0.99,-4.63,187.02,-29.68,9.36
2026-01-21 09:44:00+00:00,-7.56,-1.76,-5.02,193.11,-32.89,9.24
2026-01-21 09:45:00+00:00,-7.77,-1.53,-4.59,191.11,-30.09,9.15
2026-01-21 09:46:00+00:00,-8.46,-2.56,-2.80,196.87,-17.58,9.27
2026-01-21 09:47:00+00:00,-8.26,-3.43,-2.15,202.54,-13.51,9.20
2026-01-21 09:48:00+00:00,-7.62,-4.96,-0.97,213.05,-6.10,9.14
2026-01-21 09:49:00+00:00,-7.70,-4.79,-0.99,211.89,-6.25,9.13
2026-01-21 09:50:00+00:00,-8.00,-4.36,-0.84,208.58,-5.28,9.15
2026-01-21 09:51:00+00:00,-7.74,-4.88,-0.25,212.22,-1.59,9.15
2026-01-21 09:52:00+00:00,-7.75,-4.79,-0.59,211.69,-3.71,9.13
2026-01-21 09:53:00+00:00,-7.56,-4.88,-0.86,212.85,-5.45,9.04
2026-01-21 09:54:00+00:00,-7.71,-4.71,-0.81,211.38,-5.14,9.07
2026-01-21 09:55:00+00:00,-7.77,-4.63,-0.59,210.77,-3.76,9.06
2026-01-21 09:56:00+00:00,-7.64,-4.74,-1.07,211.79,-6.80,9.05
2026-01-21 09:57:00+00:00,-7.79,-4.65,-1.03,210.81,-6.46,9.13
2026-01-21 09:58:00+00:00,-7.82,-4.67,-0.55,210.87,-3.43,9.13
2026-01-21 09:59:00+00:00,-7.60,-4.98,0.26,213.25,1.65,9.09
2026-01-21 10:00:00+00:00,-7.48,-4.53,1.28,211.19,8.35,8.83
2026-01-21 10:01:00+00:00,-7.51,-6.01,0.78,218.69,4.66,9.65
2026-01-21 10:02:00+00:00,-7.43,-5.15,1.06,214.70,6.69,9.10
2026-01-21 10:03:00+00:00,-7.48,-5.14,0.53,214.49,3.37,9.09
2026-01-21 10:04:00+00:00,-7.41,-4.99,1.18,213.93,7.51,9.01
2026-01-21 10:05:00+00:00,-7.27,-5.17,0.32,215.43,2.08,8.93
2026-01-21 10:06:00+00:00,-7.32,-5.07,-0.26,214.70,-1.65,8.91
2026-01-21 10:07:00+00:00,-7.23,-5.02,-0.27,214.76,-1.75,8.80
2026-01-21 10:08:00+00:00,-7.32,-3.33,-2.94,204.48,-20.07,8.56
2026-01-21 10:09:00+00:00,-6.08,-0.44,-4.78,184.09,-38.09,7.75
2026-01-21 10:10:00+00:00,-4.34,0.48,-6.64,173.70,-56.67,7.95
2026-01-21 10:11:00+00:00,-6.54,-0.89,-4.50,187.74,-34.28,7.99
2026-01-21 10:12:00+00:00,-8.10,-1.88,-0.46,193.07,-3.14,8.33
2026-01-21 10:13:00+00:00,-8.21,-2.61,1.54,197.62,10.12,8.75
2026-01-21 10:14:00+00:00,-7.97,-3.47,1.08,203.51,7.12,8.76
2026-01-21 10:15:00+00:00,-7.64,-3.67,0.07,205.69,0.44,8.47
2026-01-21 10:16:00+00:00,-7.75,-3.57,-0.65,204.72,-4.36,8.56
2026-01-21 10:17:00+00:00,-7.44,-4.59,0.93,211.65,6.07,8.79
2026-01-21 10:18:00+00:00,-7.63,-4.09,1.11,208.20,7.34,8.73
2026-01-21 10:19:00+00:00,-7.89,-3.56,0.09,204.30,0.57,8.66
2026-01-21 10:20:00+00:00,-7.83,-3.71,-0.61,205.37,-4.01,8.68
2026-01-21 10:21:00+00:00,-7.87,-3.29,-1.13,202.70,-7.51,8.61
2026-01-21 10:22:00+00:00,-7.96,-3.14,-1.11,201.50,-7.41,8.63
2026-01-21 10:23:00+00:00,-7.99,-3.23,-0.11,202.03,-0.76,8.62
2026-01-21 10:24:00+00:00,-7.97,-3.12,0.29,201.37,1.97,8.56
2026-01-21 10:25:00+00:00,-8.10,-2.76,-0.19,198.81,-1.30,8.56
2026-01-21 10:26:00+00:00,-8.00,-2.74,-0.44,198.90,-2.99,8.47
2026-01-21 10:27:00+00:00,-7.95,-2.72,-0.75,198.86,-5.08,8.44
2026-01-21 10:28:00+00:00,-7.37,-3.42,-1.33,204.88,-9.32,8.23
2026-01-21 10:29:00+00:00,-7.62,-1.89,-2.49,193.92,-17.58,8.24
2026-01-21 10:30:00+00:00,-7.59,-1.27,-2.96,189.53,-21.05,8.24
2026-01-21 10:31:00+00:00,-7.64,-1.02,-2.75,187.57,-19.64,8.19
2026-01-21 10:32:00+00:00,-7.58,-1.38,-2.90,190.34,-20.60,8.23
2026-01-21 10:33:00+00:00,-7.20,-1.34,-3.59,190.56,-26.12,8.16
2026-01-21 10:34:00+00:00,-7.53,-1.64,-2.82,192.28,-20.09,8.21
2026-01-21 10:35:00+00:00,-7.80,-1.16,-2.60,188.48,-18.23,8.30
2026-01-21 10:36:00+00:00,-7.41,-2.04,-2.93,195.41,-20.87,8.23
2026-01-21 10:37:00+00:00,-7.39,-2.33,-2.67,197.47,-19.04,8.19
2026-01-21 10:38:00+00:00,-7.70,-1.83,-2.37,193.38,-16.64,8.26
2026-01-21 10:39:00+00:00,-7.29,-2.70,-2.24,200.30,-16.05,8.09
2026-01-21 10:40:00+00:00,-7.01,-3.11,-2.13,203.94,-15.50,7.96
2026-01-21 10:41:00+00:00,-7.15,-3.04,-1.87,203.02,-13.54,7.99
2026-01-21 10:42:00+00:00,-7.62,1.23,-1.89,170.80,-13.79,7.95
2026-01-21 10:43:00+00:00,-7.95,-0.72,-1.70,185.16,-12.00,8.16
2026-01-21 10:44:00+00:00,-7.71,-1.29,-2.06,189.49,-14.75,8.09
2026-01-21 10:45:00+00:00,-7.86,0.14,-1.72,179.01,-12.37,8.04
2026-01-21 10:46:00+00:00,-8.07,-0.26,-1.42,181.86,-9.96,8.20
2026-01-21 10:47:00+00:00,-7.94,-1.63,-1.40,191.60,-9.81,8.23
2026-01-21 10:48:00+00:00,-8.01,-1.82,-0.51,192.79,-3.53,8.23
2026-01-21 10:49:00+00:00,-7.58,-2.70,-1.08,199.59,-7.65,8.11
2026-01-21 10:50:00+00:00,-7.63,-2.76,-0.56,199.91,-3.93,8.14
2026-01-21 10:51:00+00:00,-7.82,-2.19,1.01,195.63,7.11,8.18
2026-01-21 10:52:00+00:00,-7.74,-2.30,1.73,196.54,12.10,8.25
2026-01-21 10:53:00+00:00,-7.40,-2.82,1.06,200.84,7.64,7.99
2026-01-21 10:54:00+00:00,-7.64,-2.88,0.98,200.66,6.83,8.23
2026-01-21 10:55:00+00:00,-7.49,-1.02,-0.87,187.75,-6.57,7.60
2026-01-21 10:56:00+00:00,-8.14,-0.32,-1.81,182.25,-12.54,8.35
2026-01-21 10:57:00+00:00,-8.09,-1.53,-0.43,190.73,-2.98,8.25
2026-01-21 10:58:00+00:00,-7.70,-2.28,1.30,196.47,9.16,8.14
2026-01-21 10:59:00+00:00,-7.84,-2.21,0.22,195.77,1.56,8.15
2026-01-21 11:00:00+00:00,-7.55,-2.89,1.30,200.98,9.11,8.19
2026-01-21 11:01:00+00:00,-7.21,-2.64,0.25,200.11,1.88,7.68
2026-01-21 11:02:00+00:00,-6.18,-2.49,-4.63,201.93,-34.79,8.11
2026-01-21 11:03:00+00:00,-6.22,-2.25,-4.71,199.86,-35.44,8.12
2026-01-21 11:04:00+00:00,-5.74,-1.92,-5.34,198.49,-41.43,8.07
2026-01-21 11:05:00+00:00,-5.68,-2.48,-5.20,203.61,-40.00,8.09
2026-01-21 11:06:00+00:00,-3.27,-1.52,-6.77,204.96,-61.91,7.67
2026-01-21 11:07:00+00:00,-3.14,-0.92,-7.11,196.40,-65.30,7.82
2026-01-21 11:08:00+00:00,-3.87,-1.07,-6.80,195.43,-59.43,7.90
2026-01-21 11:09:00+00:00,-4.24,-2.09,-6.44,206.21,-53.69,7.99
2026-01-21 11:10:00+00:00,-4.56,-1.51,-6.38,198.35,-53.02,7.99
2026-01-21 11:11:00+00:00,-5.75,-1.84,-5.53,197.69,-42.49,8.19
2026-01-21 11:12:00+00:00,-5.64,-2.55,-5.30,204.31,-40.60,8.15
2026-01-21 11:13:00+00:00,-5.89,-2.55,-5.11,203.41,-38.56,8.20
2026-01-21 11:14:00+00:00,-6.12,-2.68,-4.74,203.65,-35.37,8.20
2026-01-21 11:15:00+00:00,-5.91,-2.34,-5.04,201.59,-38.43,8.11
2026-01-21 11:16:00+00:00,-5.50,-2.55,-5.30,204.84,-41.14,8.05
2026-01-21 11:17:00+00:00,-4.43,-2.17,-6.14,206.09,-51.24,7.87
2026-01-21 11:18:00+00:00,-4.51,-1.84,-6.21,202.18,-51.91,7.89
2026-01-21 11:19:00+00:00,-5.20,-1.69,-5.78,198.02,-46.61,7.96
2026-01-21 11:20:00+00:00,-5.76,-1.80,-5.28,197.40,-41.17,8.01
2026-01-21 11:21:00+00:00,-5.65,-2.22,-5.12,201.42,-40.15,7.94
2026-01-21 11:22:00+00:00,-5.69,-2.31,-5.05,202.06,-39.41,7.95
2026-01-21 11:23:00+00:00,-4.85,-3.44,-5.07,215.29,-40.46,7.82
2026-01-21 11:24:00+00:00,-5.06,-2.56,-5.33,206.84,-43.22,7.78
2026-01-21 11:25:00+00:00,-6.06,-3.45,-3.63,209.63,-27.51,7.86
2026-01-21 11:26:00+00:00,-5.81,-2.59,-4.58,204.02,-35.76,7.84
2026-01-21 11:27:00+00:00,-6.04,-2.02,-4.48,198.46,-35.13,7.79
2026-01-21 11:28:00+00:00,-5.97,-1.86,-4.81,197.30,-37.59,7.89
2026-01-21 11:29:00+00:00,-5.85,-2.52,-4.35,203.32,-34.34,7.71
2026-01-21 11:30:00+00:00,-5.88,-2.47,-4.58,202.78,-35.65,7.85
2026-01-21 11:31:00+00:00,-6.54,-2.41,-3.66,200.26,-27.68,7.87
2026-01-21 11:32:00+00:00,-6.42,-2.16,-3.88,198.55,-29.78,7.81
2026-01-21 11:33:00+00:00,-4.93,-2.82,-5.17,209.75,-42.31,7.68
2026-01-21 11:34:00+00:00,-3.97,-3.41,-5.37,220.67,-45.75,7.50
2026-01-21 11:35:00+00:00,-3.48,-3.61,-5.54,226.02,-47.88,7.47
2026-01-21 11:36:00+00:00,-3.96,-4.03,-4.95,225.51,-41.23,7.52
2026-01-21 11:37:00+00:00,-3.88,-3.78,-4.98,224.29,-42.58,7.35
2026-01-21 11:38:00+00:00,-3.10,-3.80,-5.52,230.79,-48.40,7.39
2026-01-21 11:39:00+00:00,-6.38,-2.81,-3.54,203.74,-26.89,7.82
2026-01-21 11:40:00+00:00,-7.22,-2.50,-2.09,199.08,-15.28,7.92
2026-01-21 11:41:00+00:00,-7.91,-1.29,-0.81,189.27,-5.77,8.06
2026-01-21 11:42:00+00:00,-7.05,-2.75,-2.23,201.33,-16.39,7.89
2026-01-21 11:43:00+00:00,-6.88,-2.58,-2.76,200.56,-20.57,7.84
2026-01-21 11:44:00+00:00,-7.39,-2.32,-1.92,197.44,-13.91,7.98
2026-01-21 11:45:00+00:00,-7.07,-2.89,-1.97,202.23,-14.46,7.89
2026-01-21 11:46:00+00:00,-7.12,-2.84,-1.89,201.76,-13.86,7.90
2026-01-21 11:47:00+00:00,-6.47,-2.78,-3.05,203.27,-23.45,7.67
2026-01-21 11:48:00+00:00,-5.93,-2.92,-4.16,206.21,-32.20,7.82
2026-01-21 11:49:00+00:00,-6.43,-2.93,-3.54,204.53,-26.62,7.90
2026-01-21 11:50:00+00:00,-6.39,-3.05,-3.59,205.49,-26.88,7.93
2026-01-21 11:51:00+00:00,-6.30,-3.23,-3.52,207.12,-26.44,7.90
2026-01-21 11:52:00+00:00,-5.97,-3.58,-3.64,210.97,-27.61,7.86
2026-01-21 11:53:00+00:00,-5.51,-3.68,-3.99,213.74,-31.08,7.74
2026-01-21 11:54:00+00:00,-5.89,-3.18,-3.91,208.33,-30.26,7.75
2026-01-21 11:55:00+00:00,-6.87,-2.63,-2.84,200.96,-21.12,7.89
2026-01-21 11:56:00+00:00,-6.62,-2.68,-3.36,202.09,-25.21,7.89
2026-01-21 11:57:00+00:00,-6.92,-3.02,-2.51,203.56,-18.39,7.95
2026-01-21 11:58:00+00:00,-6.79,-3.06,-2.75,204.28,-20.24,7.94
2026-01-21 11:59:00+00:00,-6.85,-3.43,-2.17,206.58,-15.85,7.96
2026-01-21 12:00:00+00:00,-7.14,-3.45,-0.66,205.77,-4.78,7.96
2026-01-21 12:01:00+00:00,-7.18,-2.98,-0.99,202.54,-7.26,7.83
2026-01-21 12:02:00+00:00,-7.13,-3.06,-1.43,203.23,-10.43,7.88
2026-01-21 12:03:00+00:00,-7.03,-3.32,-1.57,205.26,-11.43,7.93
2026-01-21 12:04:00+00:00,-6.59,-4.01,-1.80,211.30,-13.14,7.92
2026-01-21 12:05:00+00:00,-6.56,-4.16,-1.42,212.36,-10.34,7.90
2026-01-21 12:06:00+00:00,-6.29,-4.45,-1.78,215.25,-12.98,7.90
2026-01-21 12:07:00+00:00,-6.69,-4.20,-1.17,212.12,-8.45,7.99
2026-01-21 12:08:00+00:00,-7.23,-3.31,-0.52,204.58,-3.71,7.96
2026-01-21 12:09:00+00:00,-6.96,-4.09,0.66,210.43,4.65,8.10
2026-01-21 12:10:00+00:00,-6.73,-4.22,0.88,212.08,6.32,7.99
2026-01-21 12:11:00+00:00,-6.44,-4.58,1.51,215.42,10.86,8.04
2026-01-21 12:12:00+00:00,-7.64,-1.33,-1.69,189.90,-12.29,7.93
2026-01-21 12:13:00+00:00,-4.58,0.30,-4.46,176.23,-44.13,6.40
2026-01-21 12:14:00+00:00,-5.00,1.73,-5.33,160.88,-45.22,7.51
2026-01-21 12:15:00+00:00,-5.57,2.75,-4.68,153.73,-36.96,7.78
2026-01-21 12:16:00+00:00,-6.78,0.78,-3.95,173.48,-30.05,7.88
2026-01-21 12:17:00+00:00,-7.31,-1.65,-3.01,192.73,-21.90,8.07
2026-01-21 12:18:00+00:00,-7.15,-2.49,-2.62,199.23,-19.11,8.01
2026-01-21 12:19:00+00:00,-7.18,-3.27,-1.69,204.45,-12.12,8.07
2026-01-21 12:20:00+00:00,-6.80,-3.86,-0.55,209.60,-4.02,7.84
2026-01-21 12:21:00+00:00,-7.63,-1.32,-1.94,189.82,-14.10,7.98
2026-01-21 12:22:00+00:00,-7.23,-1.04,-2.95,188.17,-21.99,7.88
2026-01-21 12:23:00+00:00,-7.44,-1.93,-2.08,194.55,-15.13,7.96
2026-01-21 12:24:00+00:00,-7.27,-3.38,0.11,204.94,0.81,8.02
2026-01-21 12:25:00+00:00,-6.84,-4.10,0.55,210.93,3.93,7.99
2026-01-21 12:26:00+00:00,-6.99,-3.61,1.48,207.31,10.65,8.01
2026-01-21 12:27:00+00:00,-6.84,-3.85,-0.07,209.37,-0.51,7.85
2026-01-21 12:28:00+00:00,-6.81,-3.32,-1.40,206.01,-10.46,7.70
2026-01-21 12:29:00+00:00,-6.76,-3.70,1.16,208.68,8.57,7.80
2026-01-21 12:30:00+00:00,-6.87,-3.61,1.80,207.71,13.06,7.97
2026-01-21 12:31:00+00:00,-6.45,-3.80,2.46,210.50,18.23,7.88
2026-01-21 12:32:00+00:00,-5.96,-4.38,2.68,216.31,19.93,7.86
2026-01-21 12:33:00+00:00,-6.26,-3.71,3.17,210.67,23.52,7.94
2026-01-21 12:34:00+00:00,-5.77,-3.53,3.98,211.47,30.45,7.85
2026-01-21 12:35:00+00:00,-6.39,-3.35,-2.40,207.66,-18.41,7.60
2026-01-21 12:36:00+00:00,-6.61,-2.76,-2.63,202.68,-20.15,7.63
2026-01-21 12:37:00+00:00,-6.41,-4.23,0.04,213.40,0.30,7.68
2026-01-21 12:38:00+00:00,-7.01,-3.42,0.38,206.02,2.81,7.81
2026-01-21 12:39:00+00:00,-6.61,-3.15,1.98,205.47,15.13,7.58
2026-01-21 12:40:00+00:00,-6.72,-2.76,2.99,202.38,22.39,7.85
2026-01-21 12:41:00+00:00,-6.21,-3.32,3.21,208.14,24.50,7.73
2026-01-21 12:42:00+00:00,-6.59,-3.00,2.85,204.50,21.47,7.79
2026-01-21 12:43:00+00:00,-6.14,-3.13,0.98,206.99,8.09,6.96
2026-01-21 12:44:00+00:00,-5.95,-4.57,-1.33,217.53,-10.08,7.62
2026-01-21 12:45:00+00:00,-6.47,-3.94,0.41,211.37,3.14,7.59
2026-01-21 12:46:00+00:00,-6.29,-4.43,0.45,215.17,3.38,7.71
2026-01-21 12:47:00+00:00,-6.45,-3.99,-0.39,211.75,-2.93,7.59
2026-01-21 12:48:00+00:00,-7.00,-3.31,-0.03,205.29,-0.22,7.74
2026-01-21 12:49:00+00:00,-6.80,-3.05,2.25,204.13,16.81,7.79
2026-01-21 12:50:00+00:00,-6.22,-3.46,2.86,209.09,21.91,7.68
2026-01-21 12:51:00+00:00,-7.24,-2.40,1.58,198.36,11.72,7.79
2026-01-21 12:52:00+00:00,-6.96,-2.24,2.59,197.88,19.49,7.75
2026-01-21 12:53:00+00:00,-6.53,-2.04,3.46,197.30,26.84,7.67
2026-01-21 12:54:00+00:00,-7.30,-2.40,1.43,198.22,10.57,7.82
2026-01-21 12:55:00+00:00,-7.47,-1.16,2.41,188.80,17.69,7.94
2026-01-21 12:56:00+00:00,-7.47,-1.22,2.36,189.24,17.31,7.93
2026-01-21 12:57:00+00:00,-7.53,-0.80,2.23,186.09,16.39,7.90
2026-01-21 12:58:00+00:00,-7.52,-0.34,2.38,182.56,17.52,7.90
2026-01-21 12:59:00+00:00,-7.30,-0.40,3.03,183.12,22.52,7.91
2026-01-21 13:00:00+00:00,-7.20,-0.08,3.17,180.64,23.76,7.87
2026-01-21 13:01:00+00:00,-7.36,0.43,2.60,176.69,19.44,7.82
2026-01-21 13:02:00+00:00,-7.38,1.63,2.09,167.51,15.48,7.84
2026-01-21 13:03:00+00:00,-7.05,1.97,2.72,164.38,20.39,7.81
2026-01-21 13:04:00+00:00,-7.15,0.46,2.86,176.35,21.78,7.72
2026-01-21 13:05:00+00:00,-7.14,0.79,2.97,173.71,22.43,7.77
2026-01-21 13:06:00+00:00,-7.17,-0.21,2.56,181.69,19.65,7.61
2026-01-21 13:07:00+00:00,-7.30,-0.23,2.32,181.82,17.60,7.66
2026-01-21 13:08:00+00:00,-7.31,0.09,2.21,179.33,16.85,7.64
2026-01-21 13:09:00+00:00,-7.56,-0.56,1.74,184.27,12.90,7.77
2026-01-21 13:10:00+00:00,-7.62,0.68,1.20,174.89,8.95,7.74
2026-01-21 13:11:00+00:00,-7.63,0.16,1.49,178.79,11.01,7.78
2026-01-21 13:12:00+00:00,-7.65,-0.44,1.50,183.27,11.05,7.80
2026-01-21 13:13:00+00:00,-7.63,-0.40,1.34,183.02,9.97,7.75
2026-01-21 13:14:00+00:00,-7.50,0.06,1.54,179.52,11.63,7.66
2026-01-21 13:15:00+00:00,-6.35,-1.49,3.75,193.23,29.88,7.53
2026-01-21 13:16:00+00:00,-6.59,-1.22,3.50,190.47,27.54,7.56
2026-01-21 13:17:00+00:00,-6.39,-1.05,3.62,189.35,29.21,7.42
2026-01-21 13:18:00+00:00,-7.04,-1.22,2.30,189.86,17.85,7.51
2026-01-21 13:19:00+00:00,-7.22,-0.52,1.99,184.13,15.38,7.50
2026-01-21 13:20:00+00:00,-7.00,-2.31,1.22,198.26,9.38,7.47
2026-01-21 13:21:00+00:00,-7.32,-2.10,0.55,196.00,4.13,7.63
2026-01-21 13:22:00+00:00,-7.36,-1.81,-0.26,193.78,-1.93,7.59
2026-01-21 13:23:00+00:00,-7.41,-1.08,-0.69,188.30,-5.23,7.52
2026-01-21 13:24:00+00:00,-7.30,-1.24,-1.76,189.62,-13.39,7.61
2026-01-21 13:25:00+00:00,-7.33,-0.76,-1.94,185.91,-14.74,7.62
2026-01-21 13:26:00+00:00,-7.12,-2.14,-1.13,196.72,-8.64,7.52
2026-01-21 13:27:00+00:00,-7.08,-2.00,-1.69,195.80,-12.95,7.55
2026-01-21 13:28:00+00:00,-6.77,-1.17,-2.93,189.81,-23.11,7.47
2026-01-21 13:29:00+00:00,-5.84,-1.12,-4.48,190.87,-37.00,7.45
2026-01-21 13:30:00+00:00,-5.83,-1.22,-4.44,191.78,-36.70,7.42
2026-01-21 13:31:00+00:00,-5.92,-1.48,-4.16,194.09,-34.27,7.38
2026-01-21 13:32:00+00:00,-5.87,-0.97,-3.95,189.41,-33.62,7.14
2026-01-21 13:33:00+00:00,-4.30,1.65,-5.36,159.03,-49.36,7.07
2026-01-21 13:34:00+00:00,-6.15,2.05,-3.43,161.56,-27.88,7.33
2026-01-21 13:35:00+00:00,-6.18,0.81,-4.13,172.57,-33.54,7.48
2026-01-21 13:36:00+00:00,-6.36,0.40,-4.06,176.41,-32.51,7.55
2026-01-21 13:37:00+00:00,-6.28,0.51,-4.22,175.36,-33.77,7.58
2026-01-21 13:38:00+00:00,-6.34,0.71,-3.99,173.66,-31.98,7.53
2026-01-21 13:39:00+00:00,-7.23,-0.56,-2.35,184.40,-17.97,7.62
2026-01-21 13:40:00+00:00,-7.57,-0.43,-1.50,183.25,-11.16,7.73
2026-01-21 13:41:00+00:00,-7.42,0.15,-2.18,178.86,-16.39,7.74
2026-01-21 13:42:00+00:00,-7.72,1.05,-0.39,172.28,-2.83,7.80
2026-01-21 13:43:00+00:00,-7.56,1.33,-1.17,170.05,-8.64,7.77
2026-01-21 13:44:00+00:00,-7.44,-1.26,-1.56,189.61,-11.67,7.70
2026-01-21 13:45:00+00:00,-7.41,-0.11,-1.56,180.84,-11.90,7.57
2026-01-21 13:46:00+00:00,-7.41,-0.09,-1.34,180.70,-10.24,7.53
2026-01-21 13:47:00+00:00,-7.39,-0.12,-1.38,180.96,-10.57,7.52
2026-01-21 13:48:00+00:00,-6.80,0.19,-2.99,178.44,-23.69,7.43
2026-01-21 13:49:00+00:00,-7.36,-1.73,-0.45,193.20,-3.43,7.57
2026-01-21 13:50:00+00:00,-7.07,-1.70,-1.59,193.53,-12.32,7.45
2026-01-21 13:51:00+00:00,-6.24,-0.41,-3.87,183.72,-31.76,7.35
2026-01-21 13:52:00+00:00,-7.14,-1.69,-1.82,193.30,-13.92,7.56
2026-01-21 13:53:00+00:00,-6.34,-1.01,-3.67,189.04,-29.76,7.39
2026-01-21 13:54:00+00:00,-5.30,0.78,-5.03,171.60,-43.17,7.35
2026-01-21 13:55:00+00:00,-5.39,-0.09,-4.99,180.97,-42.81,7.35
2026-01-21 13:56:00+00:00,-5.61,-0.52,-4.78,185.32,-40.28,7.39
2026-01-21 13:57:00+00:00,-5.96,-0.32,-4.40,183.03,-36.42,7.41
2026-01-21 13:58:00+00:00,-6.29,-0.36,-4.11,183.26,-33.16,7.52
2026-01-21 13:59:00+00:00,-6.54,-1.05,-3.57,189.15,-28.34,7.52
2026-01-21 14:00:00+00:00,-6.09,-0.33,-4.39,183.07,-35.71,7.51
2026-01-21 14:01:00+00:00,-5.60,0.36,-4.92,176.27,-41.22,7.46
2026-01-21 14:02:00+00:00,-5.78,0.64,-4.50,173.64,-37.73,7.36
2026-01-21 14:03:00+00:00,-7.03,-2.64,-1.15,200.63,-8.73,7.60
2026-01-21 14:04:00+00:00,-7.11,-1.17,-2.33,189.36,-17.91,7.57
2026-01-21 14:05:00+00:00,-7.62,-0.37,-1.15,182.78,-8.59,7.72
2026-01-21 14:06:00+00:00,-7.05,-1.16,-1.68,189.38,-13.23,7.34
2026-01-21 14:07:00+00:00,-6.68,-1.79,-2.84,195.03,-22.34,7.48
2026-01-21 14:08:00+00:00,-7.14,-2.95,-0.62,202.48,-4.62,7.75
2026-01-21 14:09:00+00:00,-7.28,-1.47,-2.27,191.39,-17.02,7.77
2026-01-21 14:10:00+00:00,-6.91,-2.57,-1.37,200.41,-10.50,7.49
2026-01-21 14:11:00+00:00,-7.25,-0.60,-2.51,184.71,-19.02,7.70
2026-01-21 14:12:00+00:00,-6.72,1.62,-2.97,166.49,-23.23,7.52
2026-01-21 14:13:00+00:00,-6.36,2.78,-3.08,156.38,-23.90,7.60
2026-01-21 14:14:00+00:00,-6.37,3.52,-2.46,151.08,-18.65,7.69
2026-01-21 14:15:00+00:00,-6.42,3.87,-1.70,148.92,-12.81,7.69
2026-01-21 14:16:00+00:00,-7.06,1.43,-1.37,168.51,-10.75,7.33
2026-01-21 14:17:00+00:00,-7.55,-1.41,-0.61,190.54,-4.53,7.71
2026-01-21 14:18:00+00:00,-7.61,-0.80,-0.82,186.03,-6.10,7.70
2026-01-21 14:19:00+00:00,-7.40,-1.68,-0.69,192.82,-5.20,7.62
2026-01-21 14:20:00+00:00,-6.27,-3.74,-1.05,210.80,-8.15,7.37
2026-01-21 14:21:00+00:00,-5.83,-4.51,-1.58,217.76,-12.13,7.54
2026-01-21 14:22:00+00:00,-6.75,-2.90,-2.01,203.27,-15.28,7.62
2026-01-21 14:23:00+00:00,-7.06,-2.57,-1.51,200.00,-11.36,7.67
2026-01-21 14:24:00+00:00,-6.82,-2.31,-1.89,198.70,-14.69,7.44
2026-01-21 14:25:00+00:00,-6.73,-3.18,-0.75,205.31,-5.79,7.49
2026-01-21 14:26:00+00:00,-6.16,-4.11,-0.30,213.70,-2.36,7.41
2026-01-21 14:27:00+00:00,-5.79,-4.67,-0.50,218.86,-3.84,7.45
2026-01-21 14:28:00+00:00,-5.46,-5.02,-0.25,222.63,-1.92,7.42
2026-01-21 14:29:00+00:00,-5.50,-4.97,-0.16,222.10,-1.27,7.42
2026-01-21 14:30:00+00:00,-6.59,-3.59,-0.67,208.60,-5.08,7.54
2026-01-21 14:31:00+00:00,-6.28,-4.16,-0.38,213.53,-2.87,7.54
2026-01-21 14:32:00+00:00,-6.22,-4.17,-0.32,213.85,-2.44,7.49
2026-01-21 14:33:00+00:00,-5.50,-4.85,-1.01,221.42,-7.87,7.41
2026-01-21 14:34:00+00:00,-6.33,-3.28,-1.14,207.38,-9.06,7.22
2026-01-21 14:35:00+00:00,-7.17,-2.24,-1.35,197.34,-10.20,7.64
2026-01-21 14:36:00+00:00,-6.48,-2.74,-2.31,202.97,-18.18,7.40
2026-01-21 14:38:00+00:00,-6.55,-3.75,-0.75,209.77,-5.65,7.58
2026-01-21 14:39:00+00:00,-5.92,-4.58,0.67,217.74,5.13,7.51
2026-01-21 14:40:00+00:00,-6.35,-4.05,0.66,212.50,5.01,7.56
2026-01-21 14:41:00+00:00,-6.22,-4.05,-0.28,213.07,-2.17,7.43
2026-01-21 14:42:00+00:00,-6.23,-4.13,-0.34,213.54,-2.60,7.48
2026-01-21 14:43:00+00:00,-6.29,-3.82,-1.02,211.25,-7.91,7.43
2026-01-21 14:44:00+00:00,-6.17,-4.14,-0.52,213.83,-4.02,7.45
2026-01-21 14:45:00+00:00,-5.98,-4.39,-0.35,216.29,-2.67,7.42
2026-01-21 14:46:00+00:00,-6.44,-3.83,-0.09,210.78,-0.72,7.50
2026-01-21 14:47:00+00:00,-6.91,-3.05,-0.30,203.81,-2.30,7.56
2026-01-21 14:48:00+00:00,-6.79,-3.13,-0.09,204.76,-0.67,7.48
2026-01-21 14:49:00+00:00,-6.93,-2.88,0.59,202.55,4.48,7.53
2026-01-21 14:50:00+00:00,-6.64,-3.29,0.99,206.37,7.60,7.48
2026-01-21 14:51:00+00:00,-6.03,-4.34,0.91,215.78,6.99,7.49
2026-01-21 14:52:00+00:00,-5.96,-4.34,0.64,216.10,4.96,7.40
2026-01-21 14:53:00+00:00,-5.90,-4.35,0.97,216.43,7.54,7.39
2026-01-21 14:54:00+00:00,-5.66,-4.73,0.79,219.86,6.11,7.42
2026-01-21 14:55:00+00:00,-6.52,-2.97,-1.48,204.47,-11.70,7.32
2026-01-21 14:56:00+00:00,-6.72,-2.00,-2.70,196.56,-21.09,7.51
2026-01-21 14:57:00+00:00,-6.67,-2.77,-2.19,202.57,-16.85,7.55
2026-01-21 14:58:00+00:00,-6.26,-3.85,-1.55,211.60,-11.88,7.51
2026-01-21 14:59:00+00:00,-5.65,-4.86,-0.50,220.65,-3.85,7.47
2026-01-21 15:00:00+00:00,-5.28,-5.24,-0.21,224.82,-1.62,7.44
2026-01-21 15:01:00+00:00,-5.15,-5.36,-0.22,226.14,-1.67,7.44
2026-01-21 15:02:00+00:00,-4.88,-5.61,0.17,228.96,1.33,7.44
2026-01-21 15:03:00+00:00,-4.50,-5.74,0.50,231.91,3.90,7.32
2026-01-21 15:04:00+00:00,-6.03,-3.56,-0.42,210.53,-3.46,7.02
2026-01-21 15:05:00+00:00,-6.50,-3.57,-0.61,208.81,-4.67,7.44
2026-01-21 15:06:00+00:00,-7.11,-2.01,-1.03,195.78,-7.96,7.46
2026-01-21 15:07:00+00:00,-7.17,-1.51,-1.20,191.93,-9.29,7.43
2026-01-21 15:08:00+00:00,-7.32,-1.23,-1.06,189.57,-8.10,7.49
2026-01-21 15:09:00+00:00,-6.98,-2.60,-0.70,200.45,-5.33,7.49
2026-01-21 15:10:00+00:00,-7.12,-2.32,-0.54,198.06,-4.16,7.51
2026-01-21 15:11:00+00:00,-7.03,-2.51,-0.34,199.63,-2.64,7.47
2026-01-21 15:12:00+00:00,-6.98,-2.56,0.02,200.15,0.16,7.44
2026-01-21 15:13:00+00:00,-7.11,-2.17,0.52,196.96,4.00,7.45
2026-01-21 15:14:00+00:00,-6.75,-2.87,1.09,203.00,8.43,7.42
2026-01-21 15:15:00+00:00,-6.74,-3.03,0.80,204.23,6.19,7.44
2026-01-21 15:16:00+00:00,-6.52,-3.16,1.05,205.84,8.25,7.32
2026-01-21 15:17:00+00:00,-6.36,-3.45,0.92,208.46,7.25,7.30
2026-01-21 15:18:00+00:00,-6.47,-3.43,0.87,207.98,6.78,7.37
2026-01-21 15:19:00+00:00,-6.61,-2.95,0.46,204.01,3.65,7.25
2026-01-21 15:20:00+00:00,-6.85,-2.43,0.30,199.51,2.39,7.27
2026-01-21 15:21:00+00:00,-6.44,-3.32,0.54,207.30,4.27,7.27
2026-01-21 15:22:00+00:00,-6.59,-2.99,0.11,204.40,0.85,7.24
2026-01-21 15:23:00+00:00,-6.72,-2.65,-0.49,201.53,-3.90,7.24
2026-01-21 15:24:00+00:00,-5.26,-4.56,1.88,220.94,15.11,7.21
2026-01-21 15:25:00+00:00,-4.56,-4.99,2.33,227.60,19.02,7.15
2026-01-21 15:26:00+00:00,-5.53,-3.71,0.64,213.86,5.50,6.69
2026-01-21 15:27:00+00:00,-7.01,-2.23,-0.23,197.63,-1.83,7.36
2026-01-21 15:28:00+00:00,-6.91,-2.64,0.66,200.92,5.09,7.43
2026-01-21 15:29:00+00:00,-6.55,-3.00,1.04,204.62,8.18,7.28
2026-01-21 15:30:00+00:00,-6.89,-2.36,1.22,198.93,9.54,7.38
2026-01-21 15:31:00+00:00,-6.69,-2.70,1.27,201.95,9.98,7.33
2026-01-21 15:32:00+00:00,-6.57,-2.86,1.70,203.56,13.33,7.37
2026-01-21 15:33:00+00:00,-6.78,-2.65,1.28,201.32,9.99,7.39
2026-01-21 15:34:00+00:00,-6.71,-2.87,0.57,203.18,4.43,7.32
2026-01-21 15:35:00+00:00,-6.37,-2.98,1.61,205.08,12.92,7.22
2026-01-21 15:36:00+00:00,-6.24,-3.11,1.97,206.47,15.75,7.25
2026-01-21 15:37:00+00:00,-6.34,-2.92,1.97,204.73,15.74,7.26
2026-01-21 15:38:00+00:00,-5.88,-3.27,2.58,209.04,20.98,7.20
2026-01-21 15:39:00+00:00,-5.85,-2.99,2.90,207.07,23.78,7.18
2026-01-21 15:40:00+00:00,-5.98,-2.85,2.57,205.48,21.19,7.10
2026-01-21 15:41:00+00:00,-6.78,-1.99,1.27,196.38,10.18,7.18
2026-01-21 15:42:00+00:00,-6.97,-1.15,1.20,189.34,9.65,7.17
2026-01-21 15:43:00+00:00,-6.71,-2.50,0.38,200.43,3.04,7.17
2026-01-21 15:44:00+00:00,-6.85,-1.95,0.09,195.92,0.72,7.12
2026-01-21 15:45:00+00:00,-7.00,-1.74,-0.44,193.96,-3.48,7.23
2026-01-21 15:46:00+00:00,-7.00,-1.29,-0.63,190.42,-5.10,7.15
2026-01-21 15:47:00+00:00,-6.79,-2.10,-0.51,197.17,-4.10,7.13
2026-01-21 15:48:00+00:00,-6.81,-1.96,-0.12,196.02,-0.96,7.09
2026-01-21 15:49:00+00:00,-6.95,-0.68,-0.83,185.61,-6.80,7.04
2026-01-21 15:50:00+00:00,-6.81,0.90,-1.75,172.48,-14.32,7.09
2026-01-21 15:51:00+00:00,-6.41,1.51,-2.23,166.74,-18.67,6.95
2026-01-21 15:52:00+00:00,-6.53,1.05,-1.97,170.90,-16.56,6.89
2026-01-21 15:53:00+00:00,-6.73,-0.81,-1.08,186.88,-9.05,6.86
2026-01-21 15:54:00+00:00,-6.45,-2.35,-0.77,199.99,-6.39,6.91
2026-01-21 15:55:00+00:00,-6.32,-2.82,-0.52,204.07,-4.34,6.94
2026-01-21 15:56:00+00:00,-5.74,-3.65,0.94,212.46,7.88,6.87
2026-01-21 15:57:00+00:00,-6.06,-3.22,-0.16,208.01,-1.35,6.87
2026-01-21 15:58:00+00:00,-6.23,-2.79,0.00,204.12,-0.01,6.82
2026-01-21 16:00:00+00:00,-4.58,-4.74,1.19,225.96,10.21,6.70
2026-01-21 16:01:00+00:00,-4.90,-4.58,1.14,223.12,9.66,6.80
2026-01-21 16:02:00+00:00,-5.17,-4.36,0.86,220.16,7.21,6.81
2026-01-21 16:03:00+00:00,-4.81,-4.52,1.10,223.24,9.42,6.70
2026-01-21 16:04:00+00:00,-4.54,-4.91,0.59,227.22,5.01,6.71
2026-01-21 16:05:00+00:00,-4.95,-4.56,0.95,222.64,8.06,6.80
2026-01-21 16:06:00+00:00,-4.84,-4.61,0.75,223.60,6.44,6.72
2026-01-21 16:07:00+00:00,-4.37,-4.75,1.29,227.40,11.26,6.58
2026-01-21 16:08:00+00:00,-5.22,-3.91,0.66,216.83,5.75,6.56
2026-01-21 16:09:00+00:00,-6.76,-0.93,-1.45,187.86,-12.02,6.98
2026-01-21 16:10:00+00:00,-5.83,-2.64,0.21,204.40,1.85,6.41
2026-01-21 16:11:00+00:00,-6.14,0.87,-2.00,171.93,-17.91,6.52
2026-01-21 16:12:00+00:00,-6.52,-0.64,-1.34,185.59,-11.59,6.69
2026-01-21 16:13:00+00:00,-6.55,-0.33,-1.83,182.87,-15.63,6.81
2026-01-21 16:14:00+00:00,-6.39,0.50,-2.41,175.55,-20.63,6.84
2026-01-21 16:15:00+00:00,-5.88,1.34,-2.74,167.12,-24.43,6.62
2026-01-21 16:16:00+00:00,-5.09,-4.02,-0.10,218.33,-0.88,6.49
2026-01-21 16:17:00+00:00,-5.37,-3.93,-0.33,216.20,-2.87,6.66
2026-01-21 16:18:00+00:00,-5.50,-3.75,-1.22,214.28,-10.35,6.77
2026-01-21 16:19:00+00:00,-4.98,-4.53,-0.63,222.27,-5.36,6.76
2026-01-21 16:20:00+00:00,-4.86,-4.55,-1.09,223.11,-9.29,6.74
2026-01-21 16:21:00+00:00,-5.45,-3.81,-1.21,214.96,-10.33,6.76
2026-01-21 16:22:00+00:00,-5.55,-3.74,-1.18,214.01,-9.98,6.80
2026-01-21 16:23:00+00:00,-5.63,-3.66,-1.12,213.07,-9.50,6.81
2026-01-21 16:24:00+00:00,-4.93,-4.25,-1.14,220.80,-9.92,6.61
2026-01-21 16:25:00+00:00,-5.24,-3.91,-1.11,216.68,-9.67,6.63
2026-01-21 16:26:00+00:00,-5.15,-4.03,-1.38,218.08,-11.95,6.68
2026-01-21 16:27:00+00:00,-6.05,-2.46,-1.25,202.13,-10.81,6.65
2026-01-21 16:28:00+00:00,-6.41,-2.89,-0.65,204.25,-5.28,7.06
2026-01-21 16:29:00+00:00,-6.49,-2.84,-0.71,203.64,-5.70,7.12
2026-01-21 16:30:00+00:00,-6.47,-2.79,-0.85,203.32,-6.88,7.10
2026-01-21 16:31:00+00:00,-6.68,-2.41,-0.66,199.83,-5.34,7.14
2026-01-21 16:32:00+00:00,-6.85,-2.01,-0.87,196.36,-6.93,7.19
2026-01-21 16:33:00+00:00,-6.92,-1.91,-0.76,195.42,-6.08,7.22
2026-01-21 16:34:00+00:00,-7.04,-1.59,-0.65,192.70,-5.12,7.24
2026-01-21 16:35:00+00:00,-6.97,-1.75,-0.65,194.08,-5.14,7.21
2026-01-21 16:36:00+00:00,-6.95,-1.70,-0.59,193.74,-4.71,7.17
2026-01-21 16:37:00+00:00,-6.89,-1.67,-0.62,193.66,-4.97,7.11
2026-01-21 16:38:00+00:00,-6.95,-1.48,-0.81,192.06,-6.50,7.15
2026-01-21 16:39:00+00:00,-6.97,-1.45,-0.70,191.72,-5.63,7.15
2026-01-21 16:40:00+00:00,-7.02,-0.99,-0.52,188.07,-4.17,7.11
2026-01-21 16:41:00+00:00,-7.00,-1.10,-0.45,188.96,-3.64,7.10
2026-01-21 16:42:00+00:00,-7.05,-1.18,-0.45,189.49,-3.58,7.16
2026-01-21 16:43:00+00:00,-7.01,-0.97,-0.60,187.87,-4.86,7.10
2026-01-21 16:44:00+00:00,-7.07,-0.92,-0.69,187.44,-5.54,7.16
2026-01-21 16:45:00+00:00,-7.11,-0.43,-0.59,183.45,-4.72,7.15
2026-01-21 16:46:00+00:00,-7.08,-0.44,-0.51,183.56,-4.10,7.12
2026-01-21 16:47:00+00:00,-6.99,-0.81,-0.81,186.61,-6.56,7.08
2026-01-21 16:48:00+00:00,-6.99,-0.87,-1.02,187.09,-8.25,7.11
2026-01-21 16:49:00+00:00,-7.05,-0.88,-0.92,187.15,-7.41,7.16
2026-01-21 16:50:00+00:00,-7.00,-0.76,-1.14,186.23,-9.18,7.13
2026-01-21 16:51:00+00:00,-6.93,-0.96,-1.24,187.92,-10.07,7.11
2026-01-21 16:52:00+00:00,-6.97,-0.99,-1.04,188.05,-8.39,7.11
2026-01-21 16:53:00+00:00,-6.90,-0.92,-1.20,187.60,-9.80,7.07
2026-01-21 16:54:00+00:00,-6.79,-0.93,-1.43,187.82,-11.81,7.00
2026-01-21 16:55:00+00:00,-6.90,-0.65,-1.19,185.38,-9.71,7.03
2026-01-21 16:56:00+00:00,-6.88,-0.82,-1.15,186.78,-9.41,7.03
2026-01-21 16:57:00+00:00,-6.89,-0.91,-1.09,187.52,-8.87,7.04
2026-01-21 16:58:00+00:00,-6.83,-0.80,-1.32,186.71,-10.83,7.00
2026-01-21 16:59:00+00:00,-6.71,-0.88,-1.69,187.45,-14.05,6.97
2026-01-21 17:00:00+00:00,-6.78,-0.88,-1.59,187.44,-13.07,7.02
2026-01-21 17:01:00+00:00,-6.84,-0.39,-1.66,183.27,-13.60,7.05
2026-01-21 17:02:00+00:00,-6.82,-0.30,-1.51,182.51,-12.51,6.99
2026-01-21 17:03:00+00:00,-6.82,-0.28,-1.46,182.36,-12.10,6.99
2026-01-21 17:04:00+00:00,-6.81,-0.41,-1.56,183.44,-12.87,7.00
2026-01-21 17:05:00+00:00,-6.81,-0.27,-1.75,182.27,-14.36,7.04
2026-01-21 17:06:00+00:00,-6.87,-0.27,-1.54,182.26,-12.62,7.05
2026-01-21 17:07:00+00:00,-6.78,-0.47,-1.74,183.94,-14.37,7.02
2026-01-21 17:08:00+00:00,-6.84,-0.34,-1.57,182.88,-12.93,7.02
2026-01-21 17:09:00+00:00,-6.88,-0.30,-1.42,182.48,-11.62,7.03
2026-01-21 17:10:00+00:00,-6.91,-0.24,-1.42,181.97,-11.63,7.06
2026-01-21 17:11:00+00:00,-6.86,-0.35,-1.39,182.91,-11.46,7.01
2026-01-21 17:12:00+00:00,-6.68,-0.82,-1.24,187.03,-10.40,6.84
2026-01-21 17:13:00+00:00,-6.61,-0.62,-1.36,185.36,-11.60,6.78
2026-01-21 17:14:00+00:00,-6.62,-0.34,-1.41,182.94,-12.05,6.78
2026-01-21 17:15:00+00:00,-6.54,-0.40,-1.59,183.47,-13.64,6.74
2026-01-21 17:16:00+00:00,-6.55,-0.37,-1.67,183.25,-14.31,6.77
2026-01-21 17:17:00+00:00,-6.46,-0.05,-2.10,180.41,-18.03,6.79
2026-01-21 17:18:00+00:00,-6.49,-0.01,-2.16,180.08,-18.43,6.84
2026-01-21 17:19:00+00:00,-6.48,0.50,-1.84,175.57,-15.83,6.76
2026-01-21 17:20:00+00:00,-5.92,1.53,-2.57,165.47,-22.78,6.63
2026-01-21 17:21:00+00:00,-5.94,1.03,-2.78,170.20,-24.78,6.63
2026-01-21 17:22:00+00:00,-6.37,0.40,-2.04,176.42,-17.70,6.70
2026-01-21 17:23:00+00:00,-6.57,-0.46,-1.79,183.99,-15.21,6.82
2026-01-21 17:24:00+00:00,-5.66,1.47,-2.86,165.47,-26.04,6.51
2026-01-21 17:25:00+00:00,-5.53,1.12,-3.38,168.57,-30.94,6.58
2026-01-21 17:26:00+00:00,-5.89,0.63,-2.54,173.92,-23.19,6.44
2026-01-21 17:27:00+00:00,-6.52,-0.33,-1.57,182.86,-13.55,6.71
2026-01-21 17:28:00+00:00,-6.73,-1.18,-0.45,189.92,-3.73,6.85
2026-01-21 17:29:00+00:00,-6.63,-1.85,0.18,195.62,1.50,6.88
2026-01-21 17:30:00+00:00,-6.43,-1.88,0.35,196.27,2.98,6.71
2026-01-21 17:31:00+00:00,-6.16,-2.34,0.69,200.80,6.01,6.63
2026-01-21 17:32:00+00:00,-6.42,-1.76,0.38,195.36,3.24,6.66
2026-01-21 17:33:00+00:00,-6.60,-1.14,-0.38,189.80,-3.21,6.71
2026-01-21 17:34:00+00:00,-6.56,-1.20,-0.27,190.35,-2.32,6.67
2026-01-21 17:35:00+00:00,-6.58,-1.24,-0.31,190.68,-2.65,6.70
2026-01-21 17:36:00+00:00,-6.57,-1.01,-0.51,188.78,-4.40,6.66
2026-01-21 17:37:00+00:00,-6.50,-1.19,-0.56,190.34,-4.82,6.63
2026-01-21 17:38:00+00:00,-6.66,-0.75,-0.55,186.43,-4.71,6.73
2026-01-21 17:39:00+00:00,-6.66,-0.85,-0.56,187.28,-4.80,6.73
2026-01-21 17:40:00+00:00,-6.64,-0.78,-0.50,186.69,-4.30,6.70
2026-01-21 17:41:00+00:00,-6.68,-0.51,-0.52,184.37,-4.47,6.72
2026-01-21 17:42:00+00:00,-6.65,-0.74,-0.60,186.38,-5.13,6.71
2026-01-21 17:43:00+00:00,-6.39,-0.75,-1.62,186.69,-14.14,6.64
2026-01-21 17:44:00+00:00,-6.22,-0.43,-2.38,183.94,-20.93,6.67
2026-01-21 17:45:00+00:00,-6.33,-0.67,-2.02,186.03,-17.62,6.68
2026-01-21 17:46:00+00:00,-6.25,-1.10,-2.00,189.97,-17.51,6.65
2026-01-21 17:47:00+00:00,-6.44,-1.05,-1.71,189.30,-14.70,6.74
2026-01-21 17:48:00+00:00,-6.27,-0.39,-2.14,183.59,-18.82,6.64
2026-01-21 17:49:00+00:00,-6.43,-0.82,-1.80,187.24,-15.54,6.73
2026-01-21 17:50:00+00:00,-6.48,-1.15,-1.55,190.09,-13.26,6.76
2026-01-21 17:51:00+00:00,-6.42,-1.05,-1.53,189.29,-13.21,6.68
2026-01-21 17:52:00+00:00,-6.42,-0.72,-1.57,186.37,-13.61,6.65
2026-01-21 17:53:00+00:00,-6.19,-0.27,-2.47,182.46,-21.73,6.66
2026-01-21 17:54:00+00:00,-6.38,-0.65,-1.82,185.85,-15.84,6.67
2026-01-21 17:55:00+00:00,-6.42,-1.08,-1.40,189.56,-12.12,6.66
2026-01-21 17:56:00+00:00,-6.48,-0.80,-1.45,187.01,-12.53,6.69
2026-01-21 17:57:00+00:00,-6.54,-0.90,-1.32,187.84,-11.30,6.73
2026-01-21 17:58:00+00:00,-6.53,-1.00,-1.38,188.74,-11.77,6.75
2026-01-21 17:59:00+00:00,-6.51,-0.33,-1.76,182.88,-15.08,6.76
2026-01-21 18:00:00+00:00,-6.71,-0.49,-1.49,184.21,-12.48,6.89
2026-01-21 18:01:00+00:00,-6.76,-0.70,-1.15,185.88,-9.61,6.89
2026-01-21 18:02:00+00:00,-6.81,-1.11,-0.93,189.22,-7.69,6.96
2026-01-21 18:03:00+00:00,-6.72,-1.72,-0.41,194.34,-3.35,6.95
2026-01-21 18:04:00+00:00,-6.81,-1.73,-0.26,194.22,-2.11,7.03
2026-01-21 18:05:00+00:00,-6.74,-1.80,-0.04,194.97,-0.34,6.98
2026-01-21 18:06:00+00:00,-6.75,-1.83,0.12,195.13,0.95,7.00
2026-01-21 18:07:00+00:00,-6.71,-1.89,0.36,195.69,3.00,6.98
2026-01-21 18:08:00+00:00,-6.55,-2.21,0.69,198.69,5.68,6.94
2026-01-21 18:09:00+00:00,-6.52,-2.14,0.79,198.18,6.60,6.91
2026-01-21 18:10:00+00:00,-6.62,-2.10,0.85,197.61,6.96,6.99
2026-01-21 18:11:00+00:00,-6.52,-2.30,-0.04,199.42,-0.31,6.91
2026-01-21 18:12:00+00:00,-6.47,-2.49,-0.32,201.08,-2.63,6.94
2026-01-21 18:13:00+00:00,-6.45,-2.51,-0.17,201.27,-1.41,6.92
2026-01-21 18:14:00+00:00,-6.40,-2.53,-0.13,201.55,-1.05,6.89
2026-01-21 18:15:00+00:00,-6.39,-2.63,0.16,202.35,1.34,6.91
2026-01-21 18:16:00+00:00,-6.36,-2.46,0.26,201.13,2.20,6.82
2026-01-21 18:17:00+00:00,-6.41,-2.47,0.42,201.09,3.49,6.88
2026-01-21 18:19:00+00:00,-6.37,-2.51,0.95,201.49,7.90,6.91
2026-01-21 18:20:00+00:00,-6.44,-2.23,0.48,199.09,4.06,6.83
2026-01-21 18:21:00+00:00,-6.51,-2.01,0.08,197.18,0.70,6.81
2026-01-21 18:22:00+00:00,-6.31,-2.17,1.04,198.99,8.83,6.76
2026-01-21 18:23:00+00:00,-6.25,-2.29,1.54,200.08,13.03,6.84
2026-01-21 18:24:00+00:00,-6.11,-2.21,1.89,199.93,16.26,6.77
2026-01-21 18:25:00+00:00,-6.11,-2.24,1.70,200.12,14.68,6.72
2026-01-21 18:26:00+00:00,-6.21,-1.99,1.80,197.75,15.45,6.77
2026-01-21 18:27:00+00:00,-6.28,-2.20,1.47,199.29,12.48,6.81
2026-01-21 18:28:00+00:00,-6.13,-2.32,1.30,200.76,11.19,6.68
2026-01-21 18:29:00+00:00,-6.29,-2.28,0.69,199.90,5.92,6.73
2026-01-21 18:30:00+00:00,-6.48,-2.27,0.00,199.32,-0.02,6.87
2026-01-21 18:31:00+00:00,-6.54,-2.13,0.22,198.01,1.87,6.88
2026-01-21 18:32:00+00:00,-6.45,-2.15,0.29,198.41,2.47,6.81
2026-01-21 18:33:00+00:00,-6.58,-2.03,0.10,197.17,0.87,6.88
2026-01-21 18:34:00+00:00,-6.57,-1.97,-0.16,196.65,-1.30,6.86
2026-01-21 18:35:00+00:00,-6.60,-1.91,-0.21,196.18,-1.79,6.88
2026-01-21 18:36:00+00:00,-6.69,-1.76,-0.26,194.72,-2.17,6.92
2026-01-21 18:37:00+00:00,-6.70,-1.88,0.07,195.66,0.57,6.96
2026-01-21 18:38:00+00:00,-6.66,-1.91,-0.01,195.96,-0.10,6.93
2026-01-21 18:39:00+00:00,-6.66,-1.73,0.09,194.55,0.79,6.89
2026-01-21 18:40:00+00:00,-6.61,-2.02,0.04,196.97,0.33,6.91
2026-01-21 18:41:00+00:00,-6.58,-2.05,-0.03,197.27,-0.23,6.89
2026-01-21 18:42:00+00:00,-6.64,-1.93,0.15,196.22,1.21,6.92
2026-01-21 18:43:00+00:00,-6.68,-1.79,0.05,195.03,0.38,6.91
2026-01-21 18:44:00+00:00,-6.52,-2.23,-0.03,198.90,-0.25,6.89
2026-01-21 18:45:00+00:00,-6.09,-2.95,-0.73,205.85,-6.19,6.81
2026-01-21 18:46:00+00:00,-5.95,-3.11,-1.05,207.64,-8.85,6.79
2026-01-21 18:47:00+00:00,-5.70,-3.29,-1.49,210.01,-12.76,6.75
2026-01-21 18:48:00+00:00,-5.45,-3.53,-1.44,212.95,-12.47,6.65
2026-01-21 18:49:00+00:00,-5.32,-3.77,-1.39,215.29,-12.02,6.66
2026-01-21 18:50:00+00:00,-5.21,-3.84,-1.47,216.38,-12.82,6.64
2026-01-21 18:51:00+00:00,-5.54,-3.53,-1.46,212.50,-12.56,6.73
2026-01-21 18:52:00+00:00,-5.40,-3.71,-1.42,214.52,-12.19,6.71
2026-01-21 18:53:00+00:00,-5.51,-3.41,-1.66,211.71,-14.40,6.69
2026-01-21 18:54:00+00:00,-5.59,-3.33,-1.75,210.75,-15.08,6.74
2026-01-21 18:55:00+00:00,-6.43,-1.05,-1.70,189.30,-14.59,6.73
2026-01-21 18:56:00+00:00,-6.39,-1.06,-1.85,189.45,-15.98,6.74
2026-01-21 18:57:00+00:00,-6.10,-1.58,-1.91,194.52,-16.86,6.59
2026-01-21 18:58:00+00:00,-5.77,-2.44,-1.84,202.94,-16.39,6.53
2026-01-21 18:59:00+00:00,-5.80,-2.52,-1.62,203.46,-14.36,6.53
2026-01-21 19:00:00+00:00,-5.96,-2.46,-1.09,202.40,-9.63,6.54
2026-01-21 19:01:00+00:00,-6.15,-2.20,-0.89,199.70,-7.80,6.59
2026-01-21 19:02:00+00:00,-6.32,-1.98,-0.15,197.39,-1.29,6.62
2026-01-21 19:03:00+00:00,-6.33,-2.02,-0.18,197.67,-1.55,6.64
2026-01-21 19:04:00+00:00,-6.06,-2.36,-0.71,201.28,-6.26,6.55
2026-01-21 19:05:00+00:00,-6.15,-2.25,-0.77,200.13,-6.72,6.59
2026-01-21 19:06:00+00:00,-6.11,-2.19,-0.96,199.69,-8.41,6.56
2026-01-21 19:07:00+00:00,-6.11,-1.94,-1.32,197.62,-11.65,6.55
2026-01-21 19:08:00+00:00,-6.12,-1.94,-1.36,197.60,-11.97,6.57
2026-01-21 19:09:00+00:00,-6.17,-1.93,-1.12,197.39,-9.80,6.56
2026-01-21 19:10:00+00:00,-6.23,-1.60,-1.31,194.40,-11.48,6.56
2026-01-21 19:11:00+00:00,-6.54,-0.88,-0.62,187.68,-5.41,6.63
2026-01-21 19:12:00+00:00,-6.69,-0.63,-0.02,185.38,-0.16,6.72
2026-01-21 19:13:00+00:00,-6.61,-0.40,0.00,183.45,-0.01,6.62
2026-01-21 19:14:00+00:00,-6.69,-0.30,0.13,182.58,1.15,6.69
2026-01-21 19:15:00+00:00,-6.66,0.01,0.66,179.94,5.64,6.70
2026-01-21 19:16:00+00:00,-6.71,-0.17,0.87,181.43,7.37,6.76
2026-01-21 19:17:00+00:00,-6.70,-0.58,0.64,184.95,5.46,6.76
2026-01-21 19:18:00+00:00,-6.73,-0.71,0.50,186.02,4.19,6.78
2026-01-21 19:19:00+00:00,-6.71,-0.78,0.36,186.62,3.07,6.77
2026-01-21 19:20:00+00:00,-6.77,-0.32,0.56,182.71,4.70,6.81
2026-01-21 19:21:00+00:00,-6.74,-0.13,0.72,181.11,6.12,6.78
2026-01-21 19:22:00+00:00,-6.72,0.21,0.72,178.22,6.13,6.76
2026-01-21 19:23:00+00:00,-6.70,0.27,0.88,177.66,7.49,6.76
2026-01-21 19:24:00+00:00,-6.62,0.35,0.97,177.01,8.30,6.70
2026-01-21 19:25:00+00:00,-6.57,-0.14,1.36,181.23,11.73,6.71
2026-01-21 19:26:00+00:00,-6.44,0.24,1.57,177.83,13.70,6.63
2026-01-21 19:27:00+00:00,-6.40,0.81,1.75,172.77,15.20,6.68
2026-01-21 19:28:00+00:00,-6.30,0.94,1.96,171.51,17.13,6.66
2026-01-21 19:29:00+00:00,-6.56,-0.15,1.46,181.27,12.53,6.73
2026-01-21 19:30:00+00:00,-6.65,-0.24,1.43,182.05,12.16,6.80
2026-01-21 19:31:00+00:00,-6.49,-0.08,1.75,180.67,15.08,6.72
2026-01-21 19:32:00+00:00,-6.55,0.34,1.49,177.07,12.83,6.72
2026-01-21 19:33:00+00:00,-6.35,2.01,1.01,162.45,8.60,6.74
2026-01-21 19:34:00+00:00,-6.28,0.98,1.85,171.17,16.21,6.62
2026-01-21 19:35:00+00:00,-6.32,0.51,2.36,175.39,20.46,6.76
2026-01-21 19:36:00+00:00,-6.30,0.63,2.05,174.26,17.94,6.66
2026-01-21 19:37:00+00:00,-6.28,0.47,2.24,175.70,19.60,6.68
2026-01-21 19:38:00+00:00,-6.52,-0.05,1.62,180.44,13.92,6.71
2026-01-21 19:39:00+00:00,-6.46,-0.17,1.54,181.50,13.39,6.64
2026-01-21 19:40:00+00:00,-6.24,-1.22,1.44,191.06,12.74,6.52
2026-01-21 19:41:00+00:00,-6.34,-0.05,1.52,180.42,13.44,6.52
2026-01-21 19:42:00+00:00,-6.44,-0.65,0.09,185.73,0.76,6.47
2026-01-21 19:43:00+00:00,-6.43,-0.72,0.37,186.38,3.25,6.48
2026-01-21 19:44:00+00:00,-6.41,-0.17,0.69,181.48,6.19,6.45
2026-01-21 19:45:00+00:00,-6.33,-0.51,1.09,184.61,9.70,6.44
2026-01-21 19:46:00+00:00,-6.28,-0.75,1.08,186.85,9.70,6.42
2026-01-21 19:47:00+00:00,-6.28,-0.35,1.19,183.23,10.72,6.40
2026-01-21 19:48:00+00:00,-6.07,-0.18,1.84,181.69,16.82,6.34
2026-01-21 19:49:00+00:00,-6.12,-0.65,1.50,186.04,13.72,6.34
2026-01-21 19:50:00+00:00,-5.97,-0.37,1.95,183.57,18.08,6.29
2026-01-21 19:51:00+00:00,-5.61,-0.44,2.63,184.48,25.04,6.22
2026-01-21 19:52:00+00:00,-5.91,-0.50,2.16,184.79,19.99,6.32
2026-01-21 19:53:00+00:00,-5.63,-0.51,2.77,185.21,26.11,6.30
2026-01-21 19:54:00+00:00,-5.51,-0.58,3.04,186.01,28.74,6.32
2026-01-21 19:55:00+00:00,-4.27,-0.46,1.68,186.13,21.36,4.61
2026-01-21 19:56:00+00:00,-5.93,-1.63,1.46,195.37,13.40,6.32
2026-01-21 19:57:00+00:00,-6.23,-1.60,0.82,194.39,7.24,6.48
2026-01-21 19:58:00+00:00,-6.01,-1.54,1.19,194.38,10.88,6.32
2026-01-21 19:59:00+00:00,-5.91,-1.62,1.26,195.35,11.60,6.26
2026-01-21 20:00:00+00:00,-5.71,-1.56,1.83,195.30,17.15,6.19
2026-01-21 20:01:00+00:00,-5.80,-1.10,1.92,190.76,18.06,6.21
2026-01-21 20:02:00+00:00,-5.75,-0.82,1.80,188.15,17.20,6.08
2026-01-21 20:03:00+00:00,-5.82,-1.67,1.45,196.00,13.44,6.22
2026-01-21 20:04:00+00:00,-5.69,-1.22,1.94,192.07,18.40,6.14
2026-01-21 20:05:00+00:00,-5.06,-2.55,2.53,206.71,24.06,6.20
2026-01-21 20:06:00+00:00,-5.05,-2.62,2.57,207.43,24.32,6.24
2026-01-21 20:07:00+00:00,-5.40,-2.10,2.27,201.30,21.40,6.22
2026-01-21 20:08:00+00:00,-5.40,-2.22,2.41,202.35,22.42,6.31
2026-01-21 20:09:00+00:00,-5.67,-1.76,2.20,197.28,20.30,6.33
2026-01-21 20:10:00+00:00,-6.01,-0.82,2.02,187.74,18.46,6.39
2026-01-21 20:11:00+00:00,-5.94,-1.02,2.07,189.71,19.00,6.37
2026-01-21 20:12:00+00:00,-6.13,-0.40,1.74,183.74,15.78,6.39
2026-01-21 20:13:00+00:00,-6.03,-0.91,1.78,188.57,16.24,6.35
2026-01-21 20:14:00+00:00,-6.02,-1.17,1.87,190.97,16.97,6.41
2026-01-21 20:15:00+00:00,-5.84,-1.51,1.91,194.50,17.57,6.32
2026-01-21 20:16:00+00:00,-5.84,-2.03,1.08,199.13,9.88,6.28
2026-01-21 20:17:00+00:00,-5.80,-2.22,1.28,200.92,11.63,6.34
2026-01-21 20:18:00+00:00,-5.94,-1.58,1.85,194.88,16.77,6.42
2026-01-21 20:19:00+00:00,-5.74,-2.18,1.86,200.81,16.81,6.42
2026-01-21 20:20:00+00:00,-5.98,-2.08,1.34,199.17,11.90,6.47
2026-01-21 20:21:00+00:00,-5.97,-2.21,1.12,200.35,9.94,6.47
2026-01-21 20:22:00+00:00,-5.74,-2.15,1.90,200.54,17.27,6.42
2026-01-21 20:23:00+00:00,-5.49,-1.37,3.12,194.06,28.91,6.46
2026-01-21 20:24:00+00:00,-5.56,-0.57,3.21,185.90,29.88,6.45
2026-01-21 20:25:00+00:00,-5.34,-0.15,3.19,181.59,30.84,6.23
2026-01-21 20:26:00+00:00,-5.57,-1.00,2.86,190.15,26.83,6.34
2026-01-21 20:27:00+00:00,-5.51,-0.13,3.02,181.35,28.69,6.28
2026-01-21 20:28:00+00:00,-5.32,0.97,2.95,169.67,28.59,6.16
2026-01-21 20:29:00+00:00,-5.51,-1.24,3.21,192.70,29.63,6.49
2026-01-21 20:30:00+00:00,-5.88,-0.74,2.94,187.16,26.34,6.62
2026-01-21 20:31:00+00:00,-5.93,-0.73,2.81,187.06,25.15,6.60
2026-01-21 20:32:00+00:00,-6.06,-0.67,2.68,186.34,23.72,6.66
2026-01-21 20:33:00+00:00,-5.88,-0.73,2.88,187.07,25.91,6.59
2026-01-21 20:34:00+00:00,-6.11,-0.39,2.64,183.68,23.32,6.67
2026-01-21 20:35:00+00:00,-6.15,0.32,2.52,177.06,22.23,6.66
2026-01-21 20:36:00+00:00,-5.95,1.22,2.31,168.39,20.85,6.50
2026-01-21 20:37:00+00:00,-5.60,1.71,2.17,163.01,20.34,6.24
2026-01-21 20:38:00+00:00,-5.92,0.79,2.12,172.42,19.52,6.33
2026-01-21 20:39:00+00:00,-6.11,0.90,2.27,171.58,20.19,6.58
2026-01-21 20:40:00+00:00,-6.14,0.38,1.79,176.49,16.27,6.41
2026-01-21 20:41:00+00:00,-6.36,0.46,1.66,175.90,14.61,6.59
2026-01-21 20:42:00+00:00,-6.38,0.31,1.68,177.22,14.77,6.60
2026-01-21 20:43:00+00:00,-6.54,0.21,1.31,178.18,11.35,6.67
2026-01-21 20:44:00+00:00,-6.46,0.50,1.43,175.56,12.43,6.64
2026-01-21 20:45:00+00:00,-6.38,0.61,1.48,174.51,13.04,6.58
2026-01-21 20:46:00+00:00,-6.40,0.55,1.28,175.05,11.28,6.55
2026-01-21 20:47:00+00:00,-6.20,0.79,1.75,172.76,15.62,6.49
2026-01-21 20:48:00+00:00,-5.98,1.16,2.16,169.06,19.50,6.46
2026-01-21 20:49:00+00:00,-6.32,0.63,1.66,174.33,14.68,6.57
2026-01-21 20:50:00+00:00,-6.22,0.79,1.82,172.77,16.15,6.53
2026-01-21 20:51:00+00:00,-6.26,0.74,1.51,173.27,13.44,6.48
2026-01-21 20:52:00+00:00,-6.54,-0.16,0.29,181.37,2.51,6.55
2026-01-21 20:53:00+00:00,-6.55,-0.58,0.49,185.06,4.30,6.59
2026-01-21 20:54:00+00:00,-6.49,0.24,1.04,177.88,9.12,6.58
2026-01-21 20:55:00+00:00,-6.39,0.60,1.30,174.65,11.44,6.55
2026-01-21 20:56:00+00:00,-6.57,0.09,0.58,179.18,5.06,6.60
2026-01-21 20:57:00+00:00,-6.52,0.51,0.93,175.49,8.13,6.61
2026-01-21 20:58:00+00:00,-6.40,0.81,1.00,172.77,8.83,6.53
2026-01-21 20:59:00+00:00,-6.53,0.71,0.79,173.82,6.89,6.62
2026-01-21 21:00:00+00:00,-6.48,0.79,0.73,173.07,6.40,6.57
2026-01-21 21:01:00+00:00,-6.48,0.50,0.57,175.60,5.00,6.53
2026-01-21 21:02:00+00:00,-6.50,0.20,0.49,178.25,4.27,6.52
2026-01-21 21:03:00+00:00,-6.43,-0.17,0.90,181.51,7.97,6.50
2026-01-21 21:04:00+00:00,-6.13,-1.67,-0.85,195.20,-7.60,6.41
2026-01-21 21:05:00+00:00,-5.57,-2.70,-1.61,205.88,-14.62,6.40
2026-01-21 21:06:00+00:00,-5.73,-2.62,-1.19,204.59,-10.74,6.41
2026-01-21 21:07:00+00:00,-5.63,-2.76,-1.25,206.07,-11.32,6.40
2026-01-21 21:08:00+00:00,-5.68,-2.81,-1.05,206.33,-9.44,6.42
2026-01-21 21:09:00+00:00,-5.64,-2.76,-1.05,206.07,-9.46,6.37
2026-01-21 21:10:00+00:00,-5.56,-3.09,-0.71,209.06,-6.39,6.40
2026-01-21 21:11:00+00:00,-5.66,-2.77,-0.74,206.07,-6.68,6.35
2026-01-21 21:12:00+00:00,-6.02,-2.15,-0.79,199.67,-7.06,6.44
2026-01-21 21:13:00+00:00,-6.10,-2.14,-1.07,199.29,-9.43,6.55
2026-01-21 21:14:00+00:00,-5.87,-2.66,-0.66,204.35,-5.89,6.48
2026-01-21 21:15:00+00:00,-6.15,-2.05,-0.60,198.45,-5.25,6.51
2026-01-21 21:16:00+00:00,-6.16,-2.02,-0.37,198.18,-3.31,6.50
2026-01-21 21:17:00+00:00,-6.28,-1.53,-0.17,193.68,-1.52,6.46
2026-01-21 21:18:00+00:00,-6.48,-0.78,-0.48,186.88,-4.20,6.55
2026-01-21 21:19:00+00:00,-6.56,-0.34,-0.28,182.95,-2.41,6.58
2026-01-21 21:20:00+00:00,-6.59,0.07,-0.31,179.38,-2.69,6.59
2026-01-21 21:21:00+00:00,-6.51,0.62,-0.56,174.51,-4.85,6.56
2026-01-21 21:22:00+00:00,-6.55,-0.67,-0.04,185.85,-0.34,6.59
2026-01-21 21:23:00+00:00,-6.55,-0.88,-0.05,187.63,-0.42,6.60
2026-01-21 21:24:00+00:00,-6.48,-0.85,0.41,187.44,3.57,6.55
2026-01-21 21:25:00+00:00,-6.62,-0.47,0.36,184.10,3.07,6.65
2026-01-21 21:26:00+00:00,-6.61,-0.41,0.14,183.57,1.21,6.62
2026-01-21 21:27:00+00:00,-6.52,-0.39,-0.20,183.40,-1.74,6.54
2026-01-21 21:28:00+00:00,-6.54,-0.82,-0.20,187.12,-1.75,6.60
2026-01-21 21:29:00+00:00,-6.59,-0.86,0.28,187.42,2.42,6.65
2026-01-21 21:30:00+00:00,-6.55,-1.01,0.16,188.78,1.38,6.63
2026-01-21 21:31:00+00:00,-6.58,-0.65,0.57,185.67,4.96,6.63
2026-01-21 21:32:00+00:00,-6.57,-0.64,0.56,185.52,4.83,6.63
2026-01-21 21:33:00+00:00,-6.45,-0.61,-1.50,185.42,-13.01,6.65
2026-01-21 21:34:00+00:00,-6.63,-0.66,-1.08,185.64,-9.17,6.75
2026-01-21 21:35:00+00:00,-6.64,-0.20,-0.74,181.70,-6.35,6.68
2026-01-21 21:36:00+00:00,-6.22,-1.17,1.56,190.61,13.83,6.51
2026-01-21 21:37:00+00:00,-6.57,-0.62,0.86,185.41,7.39,6.65
2026-01-21 21:38:00+00:00,-6.78,0.09,0.03,179.23,0.27,6.78
2026-01-21 21:39:00+00:00,-6.63,0.87,0.10,172.54,0.85,6.69
2026-01-21 21:40:00+00:00,-6.57,1.51,-0.71,167.08,-6.02,6.78
2026-01-21 21:41:00+00:00,-6.72,1.14,-0.28,170.39,-2.34,6.83
2026-01-21 21:42:00+00:00,-6.48,1.66,-0.54,165.67,-4.64,6.71
2026-01-21 21:43:00+00:00,-6.14,1.91,-1.25,162.74,-10.97,6.55
2026-01-21 21:44:00+00:00,-5.96,2.25,-1.41,159.32,-12.49,6.52
2026-01-21 21:45:00+00:00,-6.38,2.55,0.41,158.19,3.38,6.88
2026-01-21 21:46:00+00:00,-6.28,2.61,0.69,157.43,5.83,6.84
2026-01-21 21:47:00+00:00,-6.27,2.44,-0.89,158.74,-7.55,6.79
2026-01-21 21:48:00+00:00,-6.00,1.29,-2.64,167.87,-23.23,6.68
2026-01-21 21:49:00+00:00,-6.24,2.31,-1.57,159.72,-13.31,6.84
2026-01-21 21:50:00+00:00,-6.47,1.58,-1.36,166.31,-11.50,6.80
2026-01-21 21:51:00+00:00,-6.30,2.30,-0.87,159.92,-7.38,6.77
2026-01-21 21:52:00+00:00,-6.71,1.94,-0.36,163.85,-2.96,6.99
2026-01-21 21:53:00+00:00,-7.06,0.84,0.34,173.25,2.74,7.11
2026-01-21 21:54:00+00:00,-7.14,0.32,0.06,177.47,0.51,7.15
2026-01-21 21:55:00+00:00,-7.16,-0.07,-0.03,180.59,-0.21,7.16
2026-01-21 21:56:00+00:00,-7.12,-0.80,0.01,186.41,0.06,7.17
2026-01-21 21:57:00+00:00,-7.12,-1.41,-0.03,191.16,-0.23,7.26
2026-01-21 21:58:00+00:00,-7.10,-0.80,-0.01,186.41,-0.10,7.15
2026-01-21 22:02:00+00:00,-6.94,1.38,0.35,168.76,2.87,7.08
2026-01-21 22:03:00+00:00,-6.99,1.24,0.62,169.94,5.02,7.13
2026-01-21 22:04:00+00:00,-6.82,1.59,0.40,166.88,3.29,7.02
2026-01-21 22:05:00+00:00,-6.43,2.49,0.33,158.80,2.75,6.91
2026-01-21 22:06:00+00:00,-6.44,2.64,0.12,157.73,0.96,6.96
2026-01-21 22:07:00+00:00,-6.45,2.78,0.04,156.71,0.35,7.02
2026-01-21 22:08:00+00:00,-6.02,3.15,0.63,152.34,5.28,6.82
2026-01-21 22:09:00+00:00,-6.09,3.02,0.44,153.61,3.74,6.82
2026-01-21 22:10:00+00:00,-5.89,3.49,0.29,149.35,2.39,6.85
2026-01-21 22:11:00+00:00,-6.81,1.13,-0.51,170.57,-4.20,6.92
2026-01-21 22:12:00+00:00,-6.94,-0.02,1.27,180.14,10.40,7.06
2026-01-21 22:13:00+00:00,-6.96,0.35,0.42,177.15,3.45,6.98
2026-01-21 22:14:00+00:00,-7.05,0.14,0.03,178.90,0.25,7.05
2026-01-21 22:15:00+00:00,-6.79,1.25,-0.55,169.56,-4.55,6.92
2026-01-21 22:16:00+00:00,-6.96,0.63,-0.23,174.82,-1.92,6.99
2026-01-21 22:17:00+00:00,-7.00,0.46,0.07,176.26,0.58,7.01
2026-01-21 22:18:00+00:00,-6.69,-0.96,-0.99,188.20,-8.31,6.83
2026-01-21 22:19:00+00:00,-6.46,1.04,-1.28,170.89,-11.11,6.66
2026-01-21 22:20:00+00:00,-6.49,-0.96,-1.32,188.41,-11.39,6.69
2026-01-21 22:21:00+00:00,-6.41,-1.71,-0.77,194.90,-6.63,6.68
2026-01-21 22:22:00+00:00,-5.98,-2.37,-0.75,201.66,-6.66,6.47
2026-01-21 22:23:00+00:00,-3.89,-3.72,-0.44,223.74,-4.67,5.40
2026-01-21 22:24:00+00:00,-6.71,-0.58,0.13,184.94,1.12,6.73
2026-01-21 22:25:00+00:00,-6.63,-0.41,-0.74,183.52,-6.37,6.69
2026-01-21 22:26:00+00:00,-6.61,0.15,-1.41,178.70,-12.02,6.76
2026-01-21 22:27:00+00:00,-6.45,-0.27,-1.25,182.37,-10.94,6.58
2026-01-21 22:28:00+00:00,-6.52,0.34,-0.72,176.98,-6.29,6.57
2026-01-21 22:29:00+00:00,-6.29,0.66,-1.58,174.04,-14.02,6.52
2026-01-21 22:30:00+00:00,-6.42,0.29,-1.36,177.40,-11.96,6.57
2026-01-21 22:31:00+00:00,-6.26,1.05,-1.40,170.52,-12.47,6.50
2026-01-21 22:32:00+00:00,-5.54,-1.27,-2.16,192.93,-20.83,6.08
2026-01-21 22:33:00+00:00,-4.49,-3.55,-2.76,218.31,-25.73,6.35
2026-01-21 22:34:00+00:00,-3.40,-4.25,-2.88,231.35,-27.84,6.16
2026-01-21 22:35:00+00:00,-1.36,-4.86,-2.95,254.35,-30.30,5.84
2026-01-21 22:36:00+00:00,-2.45,-4.52,-3.29,241.58,-32.65,6.10
2026-01-21 22:37:00+00:00,-3.02,-4.45,-3.22,235.82,-30.93,6.26
2026-01-21 22:38:00+00:00,-3.94,-4.32,-2.47,227.63,-22.91,6.35
2026-01-21 22:39:00+00:00,-3.91,-4.43,-2.27,228.57,-21.07,6.33
2026-01-21 22:40:00+00:00,-3.75,-3.97,-3.59,226.65,-33.31,6.54
2026-01-21 22:41:00+00:00,-4.39,-3.91,-3.13,221.68,-28.03,6.66
2026-01-21 22:42:00+00:00,-4.84,-2.98,-3.04,211.63,-28.19,6.44
2026-01-21 22:43:00+00:00,-3.91,-4.53,2.04,229.23,18.80,6.32
2026-01-21 22:44:00+00:00,-4.89,-3.78,-0.50,217.68,-4.65,6.20
2026-01-21 22:45:00+00:00,-5.73,-2.36,-2.73,202.42,-23.76,6.77
2026-01-21 22:46:00+00:00,-6.07,-2.40,-1.84,201.54,-15.74,6.78
2026-01-21 22:47:00+00:00,-6.06,-2.58,-1.72,203.08,-14.65,6.81
2026-01-21 22:48:00+00:00,-6.31,-2.09,-1.61,198.33,-13.60,6.84
2026-01-21 22:49:00+00:00,-5.88,-2.79,1.01,205.39,8.86,6.59
2026-01-21 22:50:00+00:00,-5.51,-3.12,1.93,209.49,16.91,6.62
2026-01-21 22:51:00+00:00,-5.50,-2.98,0.83,208.45,7.52,6.31
2026-01-21 22:52:00+00:00,-5.50,-3.45,0.12,212.13,1.09,6.49
2026-01-21 22:53:00+00:00,-5.37,-3.58,0.25,213.66,2.23,6.45
2026-01-21 22:54:00+00:00,-4.78,-4.15,1.26,220.95,11.30,6.45
2026-01-21 22:55:00+00:00,-5.21,-3.35,-0.06,212.71,-0.59,6.20
2026-01-21 22:56:00+00:00,-5.51,-2.76,-0.55,206.66,-5.08,6.19
2026-01-21 22:57:00+00:00,-5.75,-1.94,-1.27,198.62,-11.83,6.20
2026-01-21 22:58:00+00:00,-5.84,-2.06,-0.66,199.44,-6.07,6.23
2026-01-21 22:59:00+00:00,-5.64,-2.25,-2.00,201.78,-18.22,6.40
2026-01-21 23:00:00+00:00,-5.76,-2.30,-1.90,201.79,-17.04,6.49
2026-01-21 23:01:00+00:00,-5.85,-2.27,-1.94,201.24,-17.18,6.57
2026-01-21 23:02:00+00:00,-5.70,-2.76,-1.65,205.82,-14.61,6.54
2026-01-21 23:03:00+00:00,-5.79,-2.01,-1.71,199.18,-15.57,6.37
2026-01-21 23:04:00+00:00,-6.34,-0.31,-1.69,182.76,-14.94,6.57
2026-01-21 23:05:00+00:00,-6.26,0.48,-1.28,175.64,-11.49,6.41
2026-01-21 23:06:00+00:00,-6.30,1.16,-1.08,169.53,-9.60,6.50
2026-01-21 23:07:00+00:00,-6.38,1.03,-1.10,170.80,-9.67,6.56
2026-01-21 23:08:00+00:00,-6.17,2.08,-0.95,161.37,-8.30,6.58
2026-01-21 23:09:00+00:00,-6.10,2.11,-0.57,160.92,-5.08,6.48
2026-01-21 23:10:00+00:00,-6.19,1.48,-1.11,166.51,-9.86,6.46
2026-01-21 23:11:00+00:00,-6.31,1.16,-0.93,169.58,-8.23,6.48
2026-01-21 23:12:00+00:00,-6.27,0.89,-1.59,171.95,-14.14,6.53
2026-01-21 23:13:00+00:00,-6.32,0.69,-1.40,173.73,-12.43,6.51
2026-01-21 23:14:00+00:00,-6.46,1.08,-0.47,170.53,-4.13,6.57
2026-01-21 23:15:00+00:00,-6.36,1.71,0.34,164.96,2.98,6.60
2026-01-21 23:16:00+00:00,-6.29,1.69,-0.09,164.98,-0.76,6.51
2026-01-21 23:17:00+00:00,-6.15,2.22,0.21,160.17,1.83,6.54
2026-01-21 23:18:00+00:00,-6.32,1.64,-0.44,165.45,-3.83,6.54
2026-01-21 23:19:00+00:00,-6.22,2.12,0.29,161.14,2.53,6.58
2026-01-21 23:20:00+00:00,-6.03,2.09,0.31,160.83,2.81,6.39
2026-01-21 23:21:00+00:00,-5.74,2.42,0.21,157.12,1.97,6.23
2026-01-21 23:22:00+00:00,-5.78,1.56,-0.85,164.89,-8.04,6.05
2026-01-21 23:23:00+00:00,-5.68,0.93,-2.61,170.67,-24.43,6.32
2026-01-21 23:24:00+00:00,-6.19,0.01,-2.42,179.94,-21.34,6.64
2026-01-21 23:25:00+00:00,-5.84,-0.48,-3.08,184.66,-27.71,6.62
2026-01-21 23:26:00+00:00,-5.56,-0.64,-3.30,186.52,-30.52,6.49
2026-01-21 23:27:00+00:00,-5.25,-1.69,-3.49,197.87,-32.37,6.53
2026-01-21 23:28:00+00:00,-4.98,-2.24,-3.65,204.25,-33.77,6.57
2026-01-21 23:29:00+00:00,-5.03,-2.64,-3.42,207.68,-31.01,6.63
2026-01-21 23:30:00+00:00,-4.75,-3.01,-3.37,212.41,-30.91,6.56
2026-01-21 23:31:00+00:00,-4.24,-2.89,-4.03,214.29,-38.10,6.53
2026-01-21 23:32:00+00:00,-3.22,-4.16,-3.95,232.23,-36.90,6.57
2026-01-21 23:33:00+00:00,-3.75,-4.07,-3.78,227.39,-34.30,6.70
2026-01-21 23:34:00+00:00,-3.81,-3.99,-3.85,226.26,-34.93,6.73
2026-01-21 23:35:00+00:00,-3.05,-3.32,-4.72,227.36,-46.34,6.53
2026-01-21 23:36:00+00:00,-3.35,-3.14,-4.56,223.12,-44.80,6.47
2026-01-21 23:37:00+00:00,-4.03,-3.74,-3.85,222.83,-35.03,6.71
2026-01-21 23:38:00+00:00,-3.77,-3.98,-3.73,226.57,-34.19,6.63
2026-01-21 23:39:00+00:00,-3.80,-4.32,-3.40,228.65,-30.64,6.68
2026-01-21 23:40:00+00:00,-3.55,-4.13,-3.78,229.33,-34.72,6.63
2026-01-21 23:41:00+00:00,-3.52,-5.02,-2.51,234.93,-22.22,6.63
2026-01-21 23:42:00+00:00,-3.03,-4.90,-3.37,238.31,-30.37,6.68
2026-01-21 23:43:00+00:00,-3.92,-4.17,-3.73,226.73,-33.09,6.83
2026-01-21 23:44:00+00:00,-3.02,-3.89,-4.49,232.17,-42.35,6.67
2026-01-21 23:45:00+00:00,-2.26,-3.66,-4.90,238.37,-48.70,6.52
2026-01-21 23:46:00+00:00,-3.58,-3.52,-4.32,224.48,-40.73,6.62
2026-01-21 23:47:00+00:00,-3.70,-3.20,-4.41,220.86,-42.05,6.59
2026-01-21 23:48:00+00:00,-3.75,-3.71,-3.84,224.65,-36.04,6.52
2026-01-21 23:49:00+00:00,-3.90,-1.76,-4.84,204.22,-48.54,6.47
2026-01-21 23:50:00+00:00,-4.51,-2.59,-4.18,209.87,-38.79,6.67
2026-01-21 23:51:00+00:00,-4.76,-2.73,-3.59,209.84,-33.21,6.56
2026-01-21 23:52:00+00:00,-5.55,-0.21,-3.88,182.20,-34.94,6.78
2026-01-21 23:53:00+00:00,-5.25,-1.49,-4.26,195.90,-38.00,6.92
2026-01-21 23:54:00+00:00,-5.12,-1.40,-4.20,195.29,-38.37,6.77
2026-01-21 23:55:00+00:00,-2.81,-4.65,-3.93,238.89,-35.85,6.70
2026-01-21 23:56:00+00:00,-1.49,-4.37,-4.87,251.19,-46.47,6.71
2026-01-21 23:57:00+00:00,-1.41,-3.75,-5.49,249.39,-53.86,6.80
2026-01-21 23:58:00+00:00,-2.55,-2.88,-5.83,228.49,-56.58,6.99
2026-01-21 23:59:00+00:00,-2.05,-3.28,-5.64,238.04,-55.52,6.84
2026-01-22 00:00:00+00:00,-2.13,-3.59,-5.60,239.29,-53.31,6.98
2026-01-22 00:01:00+00:00,-1.80,-4.30,-5.06,247.22,-47.37,6.88
2026-01-22 00:02:00+00:00,-2.85,-3.80,-4.97,233.11,-46.24,6.88
2026-01-22 00:03:00+00:00,-3.40,-3.84,-4.88,228.47,-43.56,7.08
2026-01-22 00:04:00+00:00,-3.23,-5.00,-3.63,237.20,-31.39,6.98
2026-01-22 00:05:00+00:00,-2.11,-4.98,-3.95,247.06,-36.18,6.70
2026-01-22 00:06:00+00:00,-1.44,-5.48,-3.43,255.27,-31.17,6.62
2026-01-22 00:07:00+00:00,-4.96,-1.71,-3.70,199.00,-35.16,6.42
2026-01-22 00:08:00+00:00,-5.81,-1.43,-3.70,193.83,-31.70,7.03
2026-01-22 00:09:00+00:00,-6.36,-0.67,-3.41,185.98,-28.08,7.25
2026-01-22 00:10:00+00:00,-6.47,-0.64,-3.55,185.68,-28.67,7.41
2026-01-22 00:11:00+00:00,-6.60,-1.23,-3.14,190.52,-25.05,7.41
2026-01-22 00:12:00+00:00,-6.40,-0.84,-2.96,187.44,-24.63,7.10
2026-01-22 00:13:00+00:00,-6.68,1.63,-2.67,166.26,-21.20,7.37
2026-01-22 00:14:00+00:00,-5.99,0.58,-4.38,174.44,-36.07,7.45
2026-01-22 00:15:00+00:00,-6.72,2.15,-2.39,162.28,-18.75,7.45
2026-01-22 00:16:00+00:00,-6.99,1.87,-2.35,165.01,-17.97,7.61
2026-01-22 00:17:00+00:00,-6.80,2.81,-1.82,157.54,-13.91,7.58
2026-01-22 00:18:00+00:00,-6.83,2.79,-1.78,157.75,-13.56,7.59
2026-01-22 00:19:00+00:00,-7.15,2.04,-1.75,164.09,-13.26,7.64
2026-01-22 00:20:00+00:00,-7.08,1.83,-2.14,165.53,-16.28,7.62
2026-01-22 00:21:00+00:00,-6.92,1.74,-2.70,165.92,-20.73,7.63
2026-01-22 00:22:00+00:00,-7.06,0.89,-2.94,172.83,-22.45,7.70
2026-01-22 00:23:00+00:00,-7.34,1.04,-2.16,171.94,-16.22,7.72
2026-01-22 00:24:00+00:00,-7.07,0.92,-2.65,172.56,-20.36,7.60
2026-01-22 00:25:00+00:00,-7.09,-1.18,-2.80,189.45,-21.30,7.72
2026-01-22 00:26:00+00:00,-7.10,-0.38,-2.78,183.10,-21.36,7.64
2026-01-22 00:27:00+00:00,-7.25,-0.10,-2.24,180.81,-17.18,7.59
2026-01-22 00:28:00+00:00,-7.18,-1.25,-2.22,189.90,-16.96,7.62
2026-01-22 00:29:00+00:00,-7.41,-0.04,-1.81,180.30,-13.72,7.62
2026-01-22 00:30:00+00:00,-7.49,0.10,-1.32,179.20,-10.00,7.60
2026-01-22 00:31:00+00:00,-7.59,0.33,-0.93,177.51,-7.01,7.66
2026-01-22 00:32:00+00:00,-7.42,-1.09,-1.38,188.38,-10.41,7.63
2026-01-22 00:33:00+00:00,-7.57,-0.83,0.08,186.29,0.60,7.61
2026-01-22 00:34:00+00:00,-7.04,-1.98,-1.97,195.68,-15.10,7.58
2026-01-22 00:35:00+00:00,-6.99,-1.92,-2.25,195.36,-17.27,7.59
2026-01-22 00:36:00+00:00,-7.21,-2.31,-0.95,197.74,-7.13,7.63
2026-01-22 00:37:00+00:00,-7.14,-2.62,-0.46,200.18,-3.45,7.62
2026-01-22 00:38:00+00:00,-7.15,-2.78,-0.28,201.24,-2.08,7.68
2026-01-22 00:39:00+00:00,-7.28,-2.41,-0.14,198.33,-1.05,7.67
2026-01-22 00:40:00+00:00,-7.23,-2.38,-0.26,198.22,-1.96,7.61
2026-01-22 00:41:00+00:00,-7.19,-2.09,0.01,196.20,0.09,7.48
2026-01-22 00:42:00+00:00,-6.87,-0.66,-1.92,185.52,-15.56,7.17
2026-01-22 00:43:00+00:00,-7.33,-0.49,-1.85,183.80,-14.15,7.58
2026-01-22 00:44:00+00:00,-7.34,-0.61,-1.86,184.75,-14.19,7.60
2026-01-22 00:45:00+00:00,-7.31,-0.91,-1.85,187.07,-14.12,7.59
2026-01-22 00:46:00+00:00,-7.62,0.23,-1.17,178.25,-8.70,7.72
2026-01-22 00:47:00+00:00,-7.62,0.51,-0.96,176.21,-7.19,7.70
2026-01-22 00:48:00+00:00,-7.64,0.17,-0.15,178.71,-1.14,7.65
2026-01-22 00:49:00+00:00,-7.46,-1.47,0.25,191.18,1.92,7.61
2026-01-22 00:50:00+00:00,-7.59,-1.18,0.06,188.83,0.43,7.68
2026-01-22 00:51:00+00:00,-7.46,-1.58,0.97,191.95,7.23,7.69
2026-01-22 00:52:00+00:00,-7.47,-1.49,1.30,191.26,9.66,7.72
2026-01-22 00:53:00+00:00,-7.47,-1.69,0.83,192.76,6.16,7.71
2026-01-22 00:54:00+00:00,-7.46,-1.65,1.39,192.48,10.33,7.77
2026-01-22 00:55:00+00:00,-7.48,-1.72,1.14,192.93,8.47,7.76
2026-01-22 00:56:00+00:00,-7.28,-2.53,0.31,199.12,2.31,7.72
2026-01-22 00:57:00+00:00,-7.43,-2.13,-0.10,195.97,-0.77,7.73
2026-01-22 00:58:00+00:00,-7.46,-1.98,-0.53,194.90,-3.93,7.73
2026-01-22 00:59:00+00:00,-7.43,-2.24,0.05,196.77,0.33,7.76
2026-01-22 01:00:00+00:00,-7.43,-1.90,0.69,194.34,5.14,7.70
2026-01-22 01:01:00+00:00,-7.38,-1.94,1.12,194.71,8.35,7.71
2026-01-22 01:02:00+00:00,-7.43,-1.61,1.28,192.23,9.59,7.71
2026-01-22 01:03:00+00:00,-7.46,-1.64,0.98,192.40,7.34,7.71
2026-01-22 01:04:00+00:00,-7.42,-1.99,1.18,195.01,8.71,7.77
2026-01-22 01:05:00+00:00,-7.15,-2.24,2.02,197.44,15.06,7.76
2026-01-22 01:06:00+00:00,-7.22,-1.78,2.15,193.82,16.13,7.74
2026-01-22 01:07:00+00:00,-6.88,-1.84,2.72,194.98,20.93,7.63
2026-01-22 01:08:00+00:00,-7.41,-1.84,1.44,193.95,10.68,7.77
2026-01-22 01:09:00+00:00,-7.52,-1.32,1.52,189.97,11.26,7.79
2026-01-22 01:10:00+00:00,-7.65,-1.16,0.59,188.64,4.40,7.76
2026-01-22 01:11:00+00:00,-7.57,-1.34,0.70,190.06,5.19,7.72
2026-01-22 01:12:00+00:00,-7.50,-2.28,0.44,196.88,3.20,7.85
2026-01-22 01:13:00+00:00,-7.59,-1.59,1.07,191.83,7.83,7.82
2026-01-22 01:14:00+00:00,-7.49,-0.92,1.14,187.02,8.59,7.64
2026-01-22 01:15:00+00:00,-7.61,-1.36,0.57,190.15,4.23,7.75
2026-01-22 01:16:00+00:00,-7.40,-1.02,1.21,187.86,9.20,7.57
2026-01-22 01:17:00+00:00,-7.52,-0.83,1.26,186.27,9.43,7.67
2026-01-22 01:18:00+00:00,-7.59,-0.59,0.27,184.42,2.02,7.62
2026-01-22 01:19:00+00:00,-7.67,-0.14,0.65,181.02,4.84,7.70
2026-01-22 01:20:00+00:00,-7.66,0.22,0.94,178.32,6.96,7.72
2026-01-22 01:21:00+00:00,-7.74,-0.15,1.01,181.14,7.41,7.81
2026-01-22 01:22:00+00:00,-7.73,0.26,1.90,178.06,13.80,7.97
2026-01-22 01:23:00+00:00,-7.64,0.36,2.13,177.29,15.53,7.94
2026-01-22 01:24:00+00:00,-7.75,0.32,2.12,177.63,15.31,8.05
2026-01-22 01:25:00+00:00,-7.75,0.64,2.18,175.30,15.67,8.08
2026-01-22 01:26:00+00:00,-7.70,0.82,1.98,173.93,14.34,8.00
2026-01-22 01:27:00+00:00,-7.38,0.53,1.78,175.87,13.49,7.61
2026-01-22 01:28:00+00:00,-7.40,0.79,2.28,173.90,17.04,7.78
2026-01-22 01:29:00+00:00,-7.26,0.21,2.42,178.34,18.41,7.66
2026-01-22 01:30:00+00:00,-7.15,0.70,2.80,174.40,21.31,7.71
2026-01-22 01:31:00+00:00,-7.21,0.92,2.77,172.71,20.88,7.78
2026-01-22 01:32:00+00:00,-7.51,0.44,2.23,176.65,16.50,7.85
2026-01-22 01:33:00+00:00,-7.47,0.31,2.00,177.64,14.97,7.74
2026-01-22 01:34:00+00:00,-7.57,0.49,2.32,176.33,16.98,7.93
2026-01-22 01:35:00+00:00,-7.41,-0.16,2.13,181.22,16.07,7.71
2026-01-22 01:36:00+00:00,-7.22,-0.43,2.53,183.43,19.26,7.66
2026-01-22 01:37:00+00:00,-7.51,-0.90,1.50,186.84,11.21,7.71
2026-01-22 01:38:00+00:00,-7.60,-0.80,1.93,185.99,14.16,7.89
2026-01-22 01:39:00+00:00,-7.37,-0.12,1.91,180.91,14.53,7.61
2026-01-22 01:40:00+00:00,-7.61,-0.61,1.09,184.57,8.11,7.71
2026-01-22 01:41:00+00:00,-7.67,-0.42,1.01,183.15,7.49,7.75
2026-01-22 01:42:00+00:00,-7.38,-2.35,1.76,197.68,12.81,7.94
2026-01-22 01:43:00+00:00,-7.70,-1.75,0.11,192.81,0.82,7.90
2026-01-22 01:44:00+00:00,-7.95,-0.44,0.50,183.14,3.61,7.98
2026-01-22 01:45:00+00:00,-7.90,-0.63,0.56,184.54,4.04,7.94
2026-01-22 01:46:00+00:00,-7.90,-1.12,-0.12,188.08,-0.90,7.98
2026-01-22 01:47:00+00:00,-8.05,-0.54,0.25,183.87,1.79,8.07
2026-01-22 01:48:00+00:00,-7.96,-0.90,-0.26,186.42,-1.88,8.02
2026-01-22 01:49:00+00:00,-7.92,-0.88,-0.47,186.30,-3.40,7.99
2026-01-22 01:50:00+00:00,-7.96,-1.19,-0.64,188.53,-4.58,8.07
2026-01-22 01:51:00+00:00,-7.93,-1.32,0.36,189.42,2.58,8.04
2026-01-22 01:52:00+00:00,-7.53,-1.29,0.27,189.73,2.00,7.64
2026-01-22 01:53:00+00:00,-7.48,-1.98,0.09,194.81,0.70,7.74
2026-01-22 01:54:00+00:00,-7.46,-1.83,0.63,193.75,4.68,7.71
2026-01-22 01:55:00+00:00,-7.57,-1.06,0.18,187.99,1.35,7.65
2026-01-22 01:56:00+00:00,-7.62,-1.41,-0.39,190.49,-2.87,7.76
2026-01-22 01:57:00+00:00,-7.48,-1.05,-1.00,187.97,-7.56,7.62
2026-01-22 01:58:00+00:00,-7.63,-0.81,0.58,186.03,4.34,7.70
2026-01-22 01:59:00+00:00,-7.62,-0.11,0.32,180.83,2.37,7.63
2026-01-22 02:00:00+00:00,-7.64,-0.24,-0.28,181.82,-2.07,7.65
2026-01-22 02:01:00+00:00,-7.56,-0.75,-0.20,185.67,-1.51,7.60
2026-01-22 02:02:00+00:00,-7.36,-1.26,1.91,189.68,14.32,7.71
2026-01-22 02:03:00+00:00,-7.53,-1.37,-0.12,190.29,-0.92,7.65
2026-01-22 02:04:00+00:00,-7.47,-1.68,-0.31,192.68,-2.35,7.66
2026-01-22 02:05:00+00:00,-6.58,-3.70,1.14,209.31,8.62,7.64
2026-01-22 02:06:00+00:00,-6.75,-2.43,0.83,199.82,6.56,7.23
2026-01-22 02:07:00+00:00,-7.33,-1.46,-0.86,191.23,-6.56,7.53
2026-01-22 02:08:00+00:00,-7.26,-1.65,-1.35,192.78,-10.27,7.57
2026-01-22 02:09:00+00:00,-7.60,-1.80,-0.36,193.32,-2.61,7.82
2026-01-22 02:10:00+00:00,-7.75,-1.21,-0.62,188.88,-4.48,7.87
2026-01-22 02:11:00+00:00,-7.72,-1.30,-0.79,189.55,-5.76,7.87
2026-01-22 02:12:00+00:00,-7.74,-1.55,-0.30,191.34,-2.20,7.90
2026-01-22 02:13:00+00:00,-7.70,-1.97,0.11,194.39,0.77,7.95
2026-01-22 02:14:00+00:00,-7.89,-0.81,0.24,185.90,1.75,7.94
2026-01-22 02:15:00+00:00,-7.96,-0.02,0.03,180.12,0.23,7.96
2026-01-22 02:16:00+00:00,-7.90,0.90,0.28,173.52,1.99,7.96
2026-01-22 02:17:00+00:00,-7.94,-0.10,-0.19,180.74,-1.39,7.94
2026-01-22 02:18:00+00:00,-7.91,-0.15,-0.22,181.11,-1.60,7.91
2026-01-22 02:19:00+00:00,-7.72,-1.99,-0.45,194.44,-3.20,7.99
2026-01-22 02:20:00+00:00,-7.63,-2.23,-0.30,196.32,-2.16,7.95
2026-01-22 02:21:00+00:00,-7.58,-2.27,0.08,196.68,0.57,7.92
2026-01-22 02:22:00+00:00,-7.32,-2.69,-0.68,200.20,-4.95,7.83
2026-01-22 02:23:00+00:00,-7.36,-2.50,-1.04,198.77,-7.63,7.84
2026-01-22 02:24:00+00:00,-6.88,-3.10,-1.62,204.28,-12.08,7.72
2026-01-22 02:25:00+00:00,-6.71,-2.96,-2.75,203.80,-20.55,7.83
2026-01-22 02:26:00+00:00,-6.82,-3.14,-2.24,204.74,-16.61,7.83
2026-01-22 02:27:00+00:00,-6.99,-3.15,-1.59,204.28,-11.71,7.83
2026-01-22 02:28:00+00:00,-7.06,-3.01,-1.34,203.07,-9.90,7.79
2026-01-22 02:29:00+00:00,-6.92,-3.36,-1.01,205.91,-7.49,7.76
2026-01-22 02:30:00+00:00,-7.11,-3.04,-1.30,203.13,-9.55,7.84
2026-01-22 02:31:00+00:00,-7.10,-2.82,-1.58,201.66,-11.66,7.80
2026-01-22 02:32:00+00:00,-7.23,-2.58,-1.48,199.64,-10.93,7.81
2026-01-22 02:33:00+00:00,-7.16,-3.30,-0.56,204.73,-4.07,7.90
2026-01-22 02:34:00+00:00,-7.02,-3.64,-0.23,207.43,-1.70,7.91
2026-01-22 02:35:00+00:00,-6.87,-3.82,-0.25,209.07,-1.80,7.87
2026-01-22 02:36:00+00:00,-6.96,-3.76,-0.37,208.37,-2.68,7.92
2026-01-22 02:37:00+00:00,-7.16,-3.51,0.11,206.10,0.79,7.97
2026-01-22 02:38:00+00:00,-7.19,-2.99,-1.03,202.61,-7.56,7.86
2026-01-22 02:39:00+00:00,-7.00,-3.44,-0.11,206.13,-0.78,7.80
2026-01-22 02:40:00+00:00,-7.10,-3.33,-0.32,205.13,-2.31,7.85
2026-01-22 02:41:00+00:00,-7.09,-3.55,0.31,206.60,2.21,7.93
2026-01-22 02:42:00+00:00,-7.10,-3.24,-0.54,204.57,-3.99,7.82
2026-01-22 02:43:00+00:00,-7.37,-2.77,-0.44,200.57,-3.21,7.88
2026-01-22 02:44:00+00:00,-7.38,-2.81,-0.59,200.86,-4.24,7.92
2026-01-22 02:45:00+00:00,-7.49,-2.64,-0.22,199.40,-1.62,7.94
2026-01-22 02:46:00+00:00,-7.56,-2.42,0.24,197.73,1.75,7.94
2026-01-22 02:47:00+00:00,-7.50,-2.30,-0.58,197.03,-4.21,7.86
2026-01-22 02:48:00+00:00,-6.99,-3.49,-0.49,206.54,-3.60,7.82
2026-01-22 02:49:00+00:00,-6.91,-3.64,-0.66,207.76,-4.86,7.84
2026-01-22 02:50:00+00:00,-6.44,-4.17,0.61,212.92,4.57,7.70
2026-01-22 02:51:00+00:00,-6.61,-4.00,-0.65,211.21,-4.80,7.75
2026-01-22 02:52:00+00:00,-6.31,-4.45,-0.57,215.15,-4.23,7.74
2026-01-22 02:53:00+00:00,-5.94,-4.20,-1.82,215.24,-14.06,7.49
2026-01-22 02:54:00+00:00,-5.94,-3.69,-3.02,211.84,-23.36,7.62
2026-01-22 02:55:00+00:00,-6.23,-3.76,-2.37,211.13,-18.01,7.66
2026-01-22 02:56:00+00:00,-6.56,-3.18,-2.41,205.86,-18.26,7.68
2026-01-22 02:57:00+00:00,-6.32,-3.60,-2.43,209.65,-18.44,7.67
2026-01-22 02:58:00+00:00,-6.43,-3.78,-1.94,210.43,-14.58,7.71
2026-01-22 02:59:00+00:00,-6.50,-3.64,-1.52,209.25,-11.50,7.60
2026-01-22 03:00:00+00:00,-6.60,-3.71,-0.81,209.33,-6.11,7.62
2026-01-22 03:01:00+00:00,-6.27,-4.25,-1.05,214.14,-7.92,7.65
2026-01-22 03:02:00+00:00,-6.52,-4.10,-0.09,212.20,-0.70,7.70
2026-01-22 03:03:00+00:00,-6.42,-4.32,0.07,213.96,0.52,7.74
2026-01-22 03:04:00+00:00,-6.30,-4.58,0.01,216.04,0.06,7.79
2026-01-22 03:05:00+00:00,-6.15,-4.67,1.02,217.19,7.49,7.79
2026-01-22 03:06:00+00:00,-5.50,-4.72,-1.00,220.65,-7.88,7.32
2026-01-22 03:07:00+00:00,-5.99,-4.83,0.46,218.87,3.43,7.71
2026-01-22 03:08:00+00:00,-5.42,-5.12,1.62,223.35,12.26,7.63
2026-01-22 03:09:00+00:00,-5.36,-5.28,0.43,224.57,3.24,7.54
2026-01-22 03:10:00+00:00,-4.77,-5.66,1.56,229.86,11.88,7.57
2026-01-22 03:11:00+00:00,-5.58,-5.30,0.42,223.51,3.15,7.71
2026-01-22 03:12:00+00:00,-5.13,-5.61,0.70,227.54,5.27,7.64
2026-01-22 03:13:00+00:00,-5.78,-5.02,-0.06,220.98,-0.48,7.65
2026-01-22 03:14:00+00:00,-5.77,-5.03,0.16,221.06,1.22,7.65
2026-01-22 03:15:00+00:00,-5.37,-5.41,-0.23,225.22,-1.71,7.63
2026-01-22 03:16:00+00:00,-5.76,-4.85,0.65,220.13,4.96,7.56
2026-01-22 03:17:00+00:00,-6.18,-4.22,0.89,214.32,6.82,7.54
2026-01-22 03:18:00+00:00,-6.01,-4.64,0.95,217.66,7.16,7.66
2026-01-22 03:19:00+00:00,-6.32,-4.46,0.63,215.21,4.63,7.76
2026-01-22 03:20:00+00:00,-6.30,-4.54,0.60,215.83,4.45,7.79
2026-01-22 03:21:00+00:00,-6.56,-4.31,0.18,213.29,1.32,7.86
2026-01-22 03:22:00+00:00,-6.33,-4.53,0.34,215.57,2.47,7.79
2026-01-22 03:23:00+00:00,-6.26,-4.48,0.07,215.58,0.51,7.70
2026-01-22 03:24:00+00:00,-5.72,-4.87,0.26,220.41,1.98,7.51
2026-01-22 03:25:00+00:00,-5.58,-4.84,1.33,220.95,10.17,7.51
2026-01-22 03:26:00+00:00,-5.39,-5.12,1.21,223.54,9.25,7.53
2026-01-22 03:27:00+00:00,-5.85,-4.71,0.60,218.80,4.56,7.53
2026-01-22 03:28:00+00:00,-7.76,-1.23,-0.60,189.02,-4.34,7.88
2026-01-22 03:29:00+00:00,-7.53,-1.96,-0.85,194.57,-6.20,7.83
2026-01-22 03:30:00+00:00,-7.42,-2.56,-0.30,199.03,-2.22,7.85
2026-01-22 03:31:00+00:00,-7.69,-1.77,-0.66,192.95,-4.80,7.92
2026-01-22 03:32:00+00:00,-7.69,-1.48,-0.83,190.91,-6.06,7.88
2026-01-22 03:33:00+00:00,-7.54,-1.87,-0.99,193.92,-7.28,7.83
2026-01-22 03:34:00+00:00,-7.49,-2.10,-1.44,195.67,-10.50,7.91
2026-01-22 03:35:00+00:00,-7.52,-2.19,-1.05,196.24,-7.61,7.90
2026-01-22 03:36:00+00:00,-7.42,-2.51,-1.20,198.69,-8.71,7.93
2026-01-22 03:37:00+00:00,-7.33,-2.76,-1.41,200.63,-10.22,7.96
2026-01-22 03:38:00+00:00,-7.56,-2.57,-0.37,198.77,-2.67,7.99
2026-01-22 03:39:00+00:00,-7.69,-2.29,0.13,196.61,0.92,8.03
2026-01-22 03:40:00+00:00,-7.82,-1.86,-0.53,193.36,-3.76,8.05
2026-01-22 03:41:00+00:00,-7.78,-1.95,-0.81,194.06,-5.78,8.06
2026-01-22 03:42:00+00:00,-7.88,-1.45,-0.41,190.44,-2.92,8.02
2026-01-22 03:43:00+00:00,-7.89,-1.42,-0.68,190.20,-4.83,8.05
2026-01-22 03:44:00+00:00,-8.10,-0.36,-0.19,182.54,-1.33,8.11
2026-01-22 03:45:00+00:00,-8.02,-0.99,0.46,187.01,3.23,8.09
2026-01-22 03:46:00+00:00,-7.78,-1.55,-1.25,191.30,-8.97,8.03
2026-01-22 03:47:00+00:00,-7.79,-1.50,-1.39,190.90,-9.90,8.06
2026-01-22 03:48:00+00:00,-7.68,-1.32,-1.95,189.76,-14.01,8.03
2026-01-22 03:49:00+00:00,-7.72,-1.44,-1.84,190.55,-13.16,8.06
2026-01-22 03:50:00+00:00,-7.70,-1.60,-1.93,191.71,-13.78,8.10
2026-01-22 03:51:00+00:00,-7.80,-1.48,-1.69,190.72,-12.02,8.12
2026-01-22 03:52:00+00:00,-7.77,-1.67,-1.54,192.16,-10.97,8.09
2026-01-22 03:53:00+00:00,-7.59,-1.37,-1.76,190.26,-12.88,7.91
2026-01-22 03:54:00+00:00,-7.84,-1.08,-1.59,187.85,-11.34,8.08
2026-01-22 03:55:00+00:00,-7.83,-1.06,-1.63,187.69,-11.65,8.07
2026-01-22 03:56:00+00:00,-7.82,-0.80,-1.81,185.81,-13.00,8.07
2026-01-22 03:57:00+00:00,-7.73,-1.03,-2.06,187.57,-14.80,8.07
2026-01-22 03:58:00+00:00,-7.87,-0.93,-1.74,186.74,-12.41,8.11
2026-01-22 03:59:00+00:00,-7.88,-0.48,-2.11,183.45,-14.95,8.17
2026-01-22 04:00:00+00:00,-7.97,-1.08,-0.85,187.74,-6.05,8.09
2026-01-22 04:01:00+00:00,-7.86,-1.04,-1.74,187.51,-12.39,8.11
2026-01-22 04:02:00+00:00,-8.00,-1.25,-1.08,188.87,-7.63,8.17
2026-01-22 04:03:00+00:00,-7.50,-0.22,-2.92,181.66,-21.24,8.05
2026-01-22 04:04:00+00:00,-7.47,-0.31,-3.02,182.41,-21.99,8.06
2026-01-22 04:05:00+00:00,-7.12,-0.46,-3.66,183.70,-27.16,8.01
2026-01-22 04:06:00+00:00,-6.65,0.38,-4.26,176.76,-32.58,7.91
2026-01-22 04:07:00+00:00,-6.92,-0.03,-3.91,180.28,-29.47,7.95
2026-01-22 04:08:00+00:00,-6.96,-0.42,-3.83,183.48,-28.80,7.96
2026-01-22 04:09:00+00:00,-6.98,0.28,-3.84,177.71,-28.77,7.97
2026-01-22 04:10:00+00:00,-6.90,-0.18,-3.92,181.49,-29.58,7.93
2026-01-22 04:11:00+00:00,-6.65,0.89,-4.16,172.38,-31.79,7.90
2026-01-22 04:12:00+00:00,-6.61,0.19,-4.39,178.36,-33.59,7.94
2026-01-22 04:13:00+00:00,-6.93,-0.38,-3.83,183.13,-28.86,7.93
2026-01-22 04:14:00+00:00,-6.96,-0.90,-3.84,187.35,-28.71,8.00
2026-01-22 04:15:00+00:00,-7.17,-1.53,-3.20,192.08,-23.62,8.00
2026-01-22 04:16:00+00:00,-6.93,-1.50,-3.79,192.19,-28.11,8.04
2026-01-22 04:17:00+00:00,-7.02,-2.43,-3.13,199.10,-22.86,8.06
2026-01-22 04:18:00+00:00,-7.16,-2.01,-3.21,195.71,-23.37,8.10
2026-01-22 04:19:00+00:00,-6.84,-1.94,-3.64,195.82,-27.14,7.99
2026-01-22 04:20:00+00:00,-7.36,-1.40,-2.71,190.73,-19.86,7.97
2026-01-22 04:21:00+00:00,-7.60,-1.11,-2.44,188.34,-17.62,8.06
2026-01-22 04:22:00+00:00,-7.70,-0.70,-2.34,185.17,-16.80,8.08
2026-01-22 04:23:00+00:00,-7.48,-0.66,-3.03,185.06,-21.99,8.10
2026-01-22 04:24:00+00:00,-6.63,-2.04,-3.62,197.06,-27.53,7.82
2026-01-22 04:25:00+00:00,-5.23,-0.24,-5.37,182.62,-45.76,7.50
2026-01-22 04:26:00+00:00,-6.75,-1.26,-3.16,190.56,-24.70,7.56
2026-01-22 04:27:00+00:00,-7.70,-2.06,-1.60,195.00,-11.33,8.13
2026-01-22 04:28:00+00:00,-7.96,-1.36,-1.50,189.73,-10.51,8.21
2026-01-22 04:29:00+00:00,-7.84,-1.40,-1.91,190.10,-13.49,8.19
2026-01-22 04:30:00+00:00,-7.90,-1.61,-1.65,191.49,-11.56,8.23
2026-01-22 04:31:00+00:00,-7.80,-1.49,-1.85,190.78,-13.10,8.15
2026-01-22 04:32:00+00:00,-7.89,-1.81,-1.56,192.89,-10.90,8.25
2026-01-22 04:33:00+00:00,-7.82,-1.54,-2.05,191.15,-14.43,8.23
2026-01-22 04:34:00+00:00,-7.92,-1.64,-1.46,191.72,-10.22,8.22
2026-01-22 04:35:00+00:00,-7.60,-1.12,-2.72,188.40,-19.53,8.15
2026-01-22 04:36:00+00:00,-7.70,-1.70,-1.99,192.46,-14.18,8.13
2026-01-22 04:37:00+00:00,-7.90,-1.48,-1.19,190.64,-8.40,8.13
2026-01-22 04:38:00+00:00,-8.23,-0.91,-0.62,186.31,-4.28,8.30
2026-01-22 04:39:00+00:00,-8.33,-0.53,-0.74,183.66,-5.09,8.38
2026-01-22 04:40:00+00:00,-8.21,-1.07,-0.96,187.43,-6.64,8.34
2026-01-22 04:41:00+00:00,-8.11,-1.57,-1.04,190.96,-7.16,8.33
2026-01-22 04:42:00+00:00,-8.02,-2.01,-0.94,194.09,-6.47,8.32
2026-01-22 04:43:00+00:00,-7.82,-2.67,-0.09,198.84,-0.62,8.26
2026-01-22 04:44:00+00:00,-7.79,-2.79,-0.69,199.70,-4.75,8.31
2026-01-22 04:45:00+00:00,-7.82,-2.87,-0.76,200.19,-5.24,8.36
2026-01-22 04:46:00+00:00,-7.73,-2.59,-0.80,198.50,-5.61,8.19
2026-01-22 04:47:00+00:00,-8.02,-2.11,-0.96,194.76,-6.60,8.35
2026-01-22 04:48:00+00:00,-8.05,-2.03,-0.35,194.16,-2.38,8.31
2026-01-22 04:49:00+00:00,-8.00,-2.13,0.91,194.88,6.27,8.32
2026-01-22 04:50:00+00:00,-7.77,-2.21,1.15,195.87,8.08,8.16
2026-01-22 04:51:00+00:00,-7.58,-2.95,-1.32,201.27,-9.21,8.24
2026-01-22 04:52:00+00:00,-7.56,-2.62,-2.03,199.10,-14.25,8.25
2026-01-22 04:53:00+00:00,-7.56,-2.82,-1.92,200.45,-13.37,8.29
2026-01-22 04:54:00+00:00,-7.21,-2.66,0.66,200.22,4.94,7.72
2026-01-22 04:55:00+00:00,-7.51,-2.60,1.52,199.09,10.82,8.09
2026-01-22 04:56:00+00:00,-7.72,-2.66,-0.41,199.00,-2.85,8.17
2026-01-22 04:57:00+00:00,-7.60,-1.57,2.42,191.67,17.33,8.13
2026-01-22 04:58:00+00:00,-7.44,-0.31,3.52,182.40,25.31,8.24
2026-01-22 04:59:00+00:00,-7.86,-1.33,0.47,189.58,3.38,7.98
2026-01-22 05:00:00+00:00,-7.85,-2.69,-0.89,198.89,-6.11,8.35
2026-01-22 05:01:00+00:00,-7.70,-2.98,-0.60,201.20,-4.19,8.28
2026-01-22 05:02:00+00:00,-7.72,-2.46,-1.31,197.70,-9.18,8.21
2026-01-22 05:03:00+00:00,-7.83,-2.48,-0.55,197.60,-3.82,8.23
2026-01-22 05:04:00+00:00,-7.36,-3.44,0.60,205.03,4.19,8.15
2026-01-22 05:05:00+00:00,-7.45,1.39,-1.98,169.42,-14.62,7.83
2026-01-22 05:06:00+00:00,-7.49,0.19,-3.08,178.52,-22.37,8.10
2026-01-22 05:07:00+00:00,-7.42,-0.01,-3.30,180.10,-24.01,8.12
2026-01-22 05:08:00+00:00,-7.52,0.44,-3.09,176.66,-22.32,8.14
2026-01-22 05:09:00+00:00,-7.76,0.20,-2.51,178.56,-17.96,8.16
2026-01-22 05:10:00+00:00,-7.13,1.44,-3.76,168.59,-27.33,8.18
2026-01-22 05:11:00+00:00,-7.26,0.22,-3.79,178.28,-27.56,8.19
2026-01-22 05:12:00+00:00,-7.78,-0.03,-2.96,180.22,-20.84,8.32
2026-01-22 05:13:00+00:00,-8.00,-0.58,-2.15,184.11,-15.03,8.31
2026-01-22 05:14:00+00:00,-7.86,-0.20,-2.47,181.44,-17.43,8.24
2026-01-22 05:15:00+00:00,-7.93,-1.49,-2.03,190.62,-14.10,8.32
2026-01-22 05:16:00+00:00,-7.49,-1.80,-2.84,193.54,-20.22,8.21
2026-01-22 05:17:00+00:00,-7.58,-1.82,-2.67,193.52,-18.94,8.24
2026-01-22 05:18:00+00:00,-7.43,-1.66,-3.02,192.57,-21.66,8.19
2026-01-22 05:19:00+00:00,-7.58,-0.78,-3.17,185.88,-22.57,8.25
2026-01-22 05:20:00+00:00,-7.75,-0.06,-2.81,180.47,-19.94,8.24
2026-01-22 05:21:00+00:00,-7.62,-1.72,-2.53,192.71,-17.93,8.21
2026-01-22 05:22:00+00:00,-7.55,-1.38,-2.83,190.38,-20.25,8.19
2026-01-22 05:23:00+00:00,-7.22,-1.58,-3.52,192.34,-25.51,8.19
2026-01-22 05:24:00+00:00,-6.87,-2.20,-3.00,197.78,-22.59,7.82
2026-01-22 05:25:00+00:00,-7.63,0.93,-2.88,173.06,-20.57,8.21
2026-01-22 05:26:00+00:00,-7.85,-1.67,-2.04,192.01,-14.23,8.28
2026-01-22 05:27:00+00:00,-7.68,-3.20,-0.14,202.61,-0.96,8.32
2026-01-22 05:28:00+00:00,-7.66,-3.22,-0.04,202.80,-0.26,8.31
2026-01-22 05:29:00+00:00,-7.83,-1.61,-1.22,191.60,-8.67,8.09
2026-01-22 05:30:00+00:00,-8.03,-1.42,-1.40,190.06,-9.77,8.27
2026-01-22 05:31:00+00:00,-7.92,-2.27,-1.02,196.02,-7.02,8.30
2026-01-22 05:32:00+00:00,-8.00,-1.66,-1.41,191.70,-9.77,8.28
2026-01-22 05:33:00+00:00,-8.20,-1.51,-0.96,190.46,-6.56,8.40
2026-01-22 05:34:00+00:00,-8.13,-1.49,-0.87,190.38,-6.01,8.31
2026-01-22 05:35:00+00:00,-8.18,-1.60,-0.43,191.07,-2.93,8.34
2026-01-22 05:36:00+00:00,-8.11,-1.83,-0.50,192.71,-3.47,8.33
2026-01-22 05:37:00+00:00,-8.09,-1.90,-0.62,193.19,-4.28,8.33
2026-01-22 05:38:00+00:00,-8.09,-1.87,-0.59,193.00,-4.07,8.32
2026-01-22 05:39:00+00:00,-8.20,-1.77,-0.77,192.17,-5.21,8.43
2026-01-22 05:40:00+00:00,-8.25,-1.35,-0.13,189.30,-0.86,8.36
2026-01-22 05:41:00+00:00,-8.46,-0.77,0.50,185.20,3.39,8.51
2026-01-22 05:42:00+00:00,-7.91,-0.99,-1.21,187.13,-8.60,8.07
2026-01-22 05:43:00+00:00,-6.54,-2.10,-4.38,197.82,-32.52,8.15
2026-01-22 05:44:00+00:00,-6.99,-1.29,-3.96,190.50,-29.12,8.13
2026-01-22 05:45:00+00:00,-6.73,-1.63,-4.39,193.61,-32.41,8.20
2026-01-22 05:46:00+00:00,-7.38,-0.43,-3.08,183.35,-22.66,8.01
2026-01-22 05:47:00+00:00,-8.14,0.60,-1.72,175.75,-11.87,8.34
2026-01-22 05:48:00+00:00,-8.00,0.08,-2.26,179.44,-15.80,8.31
2026-01-22 05:49:00+00:00,-7.76,-0.86,-2.63,186.35,-18.62,8.24
2026-01-22 05:50:00+00:00,-7.78,-0.51,-2.71,183.77,-19.19,8.25
2026-01-22 05:51:00+00:00,-7.75,-0.69,-2.72,185.05,-19.28,8.24
2026-01-22 05:52:00+00:00,-7.65,-0.98,-2.89,187.33,-20.56,8.24
2026-01-22 05:53:00+00:00,-7.41,-0.77,-3.43,185.90,-24.72,8.20
2026-01-22 05:54:00+00:00,-7.17,-1.33,-3.51,190.52,-25.66,8.09
2026-01-22 05:55:00+00:00,-6.44,-1.12,-4.75,189.89,-35.98,8.08
2026-01-22 05:56:00+00:00,-6.71,-1.98,-4.13,196.45,-30.53,8.13
2026-01-22 05:57:00+00:00,-6.74,-2.66,-3.76,201.53,-27.44,8.16
2026-01-22 05:58:00+00:00,-6.70,-2.87,-3.61,203.18,-26.39,8.13
2026-01-22 05:59:00+00:00,-6.96,-2.21,-3.69,197.61,-26.80,8.18
2026-01-22 06:00:00+00:00,-7.24,-1.43,-3.65,191.21,-26.29,8.23
2026-01-22 06:01:00+00:00,-7.57,-0.98,-3.15,187.41,-22.43,8.26
2026-01-22 06:02:00+00:00,-7.62,-0.68,-3.03,185.10,-21.59,8.23
2026-01-22 06:03:00+00:00,-7.52,0.06,-3.27,179.57,-23.49,8.20
2026-01-22 06:04:00+00:00,-7.32,-0.86,-3.38,186.67,-24.61,8.11
2026-01-22 06:05:00+00:00,-7.31,-1.07,-3.52,188.30,-25.48,8.19
2026-01-22 06:06:00+00:00,-7.39,-1.10,-3.08,188.49,-22.37,8.08
2026-01-22 06:07:00+00:00,-6.90,-1.33,-4.17,190.90,-30.67,8.17
2026-01-22 06:08:00+00:00,-6.75,-1.79,-4.29,194.87,-31.55,8.20
2026-01-22 06:09:00+00:00,-6.69,-2.50,-3.89,200.47,-28.59,8.14
2026-01-22 06:10:00+00:00,-7.07,-2.19,-3.41,197.24,-24.74,8.15
2026-01-22 06:11:00+00:00,-7.22,-2.12,-3.21,196.33,-23.09,8.18
2026-01-22 06:12:00+00:00,-7.46,-1.59,-2.93,192.03,-21.02,8.17
2026-01-22 06:13:00+00:00,-7.64,-1.64,-2.74,192.08,-19.31,8.28
2026-01-22 06:14:00+00:00,-7.67,-1.29,-2.81,189.56,-19.86,8.27
2026-01-22 06:15:00+00:00,-7.67,-1.67,-2.88,192.27,-20.14,8.36
2026-01-22 06:16:00+00:00,-7.64,-2.08,-2.59,195.25,-18.10,8.33
2026-01-22 06:17:00+00:00,-7.64,-2.11,-2.68,195.46,-18.65,8.37
2026-01-22 06:18:00+00:00,-7.49,-2.21,-2.78,196.44,-19.57,8.29
2026-01-22 06:19:00+00:00,-7.59,-1.76,-3.05,193.05,-21.41,8.37
2026-01-22 06:20:00+00:00,-7.59,-1.89,-2.88,193.95,-20.23,8.34
2026-01-22 06:21:00+00:00,-7.63,-1.95,-2.83,194.37,-19.75,8.36
2026-01-22 06:22:00+00:00,-7.52,-2.15,-2.97,195.98,-20.79,8.36
2026-01-22 06:23:00+00:00,-7.43,-2.09,-3.12,195.72,-22.00,8.32
2026-01-22 06:24:00+00:00,-7.57,-2.09,-2.90,195.44,-20.29,8.37
2026-01-22 06:25:00+00:00,-7.58,-1.96,-2.87,194.50,-20.11,8.34
2026-01-22 06:26:00+00:00,-7.64,-1.85,-2.95,193.58,-20.57,8.39
2026-01-22 06:27:00+00:00,-7.58,-2.02,-3.06,194.88,-21.28,8.42
2026-01-22 06:28:00+00:00,-7.37,-1.96,-3.57,194.87,-25.09,8.42
2026-01-22 06:29:00+00:00,-6.78,-2.26,-4.38,198.42,-31.51,8.38
2026-01-22 06:30:00+00:00,-6.56,-1.99,-4.76,196.84,-34.76,8.34
2026-01-22 06:31:00+00:00,-6.47,-2.46,-4.71,200.85,-34.22,8.37
2026-01-22 06:32:00+00:00,-6.34,-2.65,-4.75,202.70,-34.62,8.36
2026-01-22 06:33:00+00:00,-6.33,-2.74,-4.77,203.40,-34.66,8.39
2026-01-22 06:34:00+00:00,-6.31,-2.86,-4.71,204.40,-34.21,8.38
2026-01-22 06:35:00+00:00,-6.29,-3.04,-4.64,205.80,-33.60,8.39
2026-01-22 06:36:00+00:00,-6.41,-3.37,-4.34,207.76,-30.90,8.44
2026-01-22 06:37:00+00:00,-6.38,-3.76,-4.09,210.50,-28.88,8.46
2026-01-22 06:38:00+00:00,-6.35,-3.94,-3.90,211.83,-27.53,8.43
2026-01-22 06:39:00+00:00,-6.98,-3.13,-3.66,204.16,-25.59,8.48
2026-01-22 06:40:00+00:00,-6.75,-3.70,-3.58,208.77,-24.92,8.49
2026-01-22 06:41:00+00:00,-7.13,-3.02,-3.65,202.96,-25.25,8.56
2026-01-22 06:42:00+00:00,-7.06,-2.99,-3.65,202.93,-25.48,8.49
2026-01-22 06:43:00+00:00,-7.36,-2.73,-3.58,200.38,-24.51,8.63
2026-01-22 06:44:00+00:00,-7.51,-2.40,-3.54,197.73,-24.18,8.64
2026-01-22 06:45:00+00:00,-7.77,-1.65,-3.52,192.00,-23.91,8.69
2026-01-22 06:46:00+00:00,-8.00,-1.83,-3.12,192.91,-20.85,8.78
2026-01-22 06:47:00+00:00,-7.98,-2.27,-2.85,195.90,-18.98,8.77
2026-01-22 06:48:00+00:00,-8.01,-2.37,-2.84,196.51,-18.75,8.82
2026-01-22 06:49:00+00:00,-8.07,-1.61,-3.18,191.26,-21.12,8.83
2026-01-22 06:50:00+00:00,-8.12,-0.72,-3.31,185.03,-22.10,8.80
2026-01-22 06:51:00+00:00,-8.44,-1.28,-2.99,188.62,-19.32,9.05
2026-01-22 06:52:00+00:00,-8.32,-1.29,-3.22,188.84,-20.91,9.01
2026-01-22 06:53:00+00:00,-8.35,-1.79,-2.86,192.13,-18.54,9.00
2026-01-22 06:54:00+00:00,-8.25,-1.93,-2.68,193.19,-17.52,8.89
2026-01-22 06:55:00+00:00,-8.25,-2.18,-2.47,194.81,-16.12,8.88
2026-01-22 06:56:00+00:00,-8.16,-2.40,-2.63,196.39,-17.17,8.90
2026-01-22 06:57:00+00:00,-8.09,-2.61,-2.56,197.85,-16.77,8.88
2026-01-22 06:58:00+00:00,-8.49,-2.06,-2.46,193.64,-15.75,9.08
2026-01-22 06:59:00+00:00,-8.49,-2.38,-2.44,195.65,-15.47,9.15
2026-01-22 07:00:00+00:00,-8.65,-2.31,-1.98,194.92,-12.44,9.17
2026-01-22 07:01:00+00:00,-8.71,-2.49,-1.70,195.98,-10.60,9.21
2026-01-22 07:02:00+00:00,-8.65,-2.46,-1.94,195.88,-12.16,9.20
2026-01-22 07:03:00+00:00,-8.76,-2.08,-1.93,193.35,-12.13,9.21
2026-01-22 07:04:00+00:00,-8.88,-2.00,-1.42,192.72,-8.84,9.21
2026-01-22 07:05:00+00:00,-8.51,-2.36,-2.25,195.50,-14.29,9.12
2026-01-22 07:06:00+00:00,-8.52,-2.86,-1.83,198.55,-11.48,9.17
2026-01-22 07:07:00+00:00,-8.57,-2.21,-2.60,194.44,-16.35,9.22
2026-01-22 07:08:00+00:00,-8.74,-1.77,-2.55,191.46,-15.95,9.27
2026-01-22 07:09:00+00:00,-8.38,-2.35,-3.01,195.64,-19.11,9.21
2026-01-22 07:10:00+00:00,-8.67,-2.35,-2.38,195.13,-14.81,9.29
2026-01-22 07:11:00+00:00,-8.71,-3.19,-1.36,200.11,-8.35,9.38
2026-01-22 07:12:00+00:00,-8.89,-2.17,-2.03,193.73,-12.47,9.38
2026-01-22 07:13:00+00:00,-8.74,-2.19,-1.91,194.07,-11.96,9.21
2026-01-22 07:14:00+00:00,-8.81,-2.15,-1.91,193.69,-11.89,9.27
2026-01-22 07:15:00+00:00,-8.78,-2.48,-1.99,195.79,-12.32,9.34
2026-01-22 07:16:00+00:00,-8.89,-2.43,-1.97,195.30,-12.07,9.42
2026-01-22 07:17:00+00:00,-8.76,-2.50,-2.13,195.92,-13.13,9.36
2026-01-22 07:18:00+00:00,-8.88,-2.55,-2.06,196.05,-12.56,9.46
2026-01-22 08:03:00+00:00,-0.31,-4.86,7.45,266.38,56.82,8.90
2026-01-22 08:04:00+00:00,1.75,-4.54,7.37,291.08,56.60,8.83
2026-01-22 08:05:00+00:00,-0.47,-5.42,7.09,265.04,52.52,8.94
2026-01-22 08:06:00+00:00,1.54,-4.31,7.72,289.62,59.39,8.98
2026-01-22 08:07:00+00:00,1.51,-4.51,7.56,288.49,57.80,8.93
2026-01-22 08:08:00+00:00,1.60,-3.65,8.09,293.72,63.77,9.02
2026-01-22 08:09:00+00:00,3.06,-4.01,7.08,307.37,54.55,8.70
2026-01-22 08:10:00+00:00,3.98,-2.14,7.38,331.72,58.54,8.65
2026-01-22 08:11:00+00:00,2.12,-3.81,7.91,299.13,61.16,9.03
2026-01-22 08:12:00+00:00,2.10,-3.42,8.18,301.57,63.88,9.11
2026-01-22 08:13:00+00:00,2.49,-3.16,8.10,308.28,63.61,9.05
2026-01-22 08:14:00+00:00,1.70,-3.75,8.24,294.37,63.48,9.21
2026-01-22 08:15:00+00:00,1.95,-3.95,8.09,296.32,61.44,9.22
2026-01-22 08:16:00+00:00,2.03,-3.73,8.20,298.55,62.65,9.23
2026-01-22 08:17:00+00:00,1.67,-3.97,8.26,292.73,62.44,9.31
2026-01-22 08:18:00+00:00,2.37,-3.66,8.24,302.89,62.10,9.32
2026-01-22 08:19:00+00:00,1.73,-3.77,8.40,294.61,63.73,9.37
2026-01-22 08:20:00+00:00,1.24,-3.94,8.34,287.50,63.68,9.31
2026-01-22 08:21:00+00:00,1.26,-3.79,8.31,288.36,64.33,9.22
2026-01-22 08:22:00+00:00,-3.01,-6.24,6.36,244.26,42.53,9.40
2026-01-22 08:23:00+00:00,-0.79,-5.07,7.81,261.11,56.71,9.35
2026-01-22 08:24:00+00:00,1.93,-2.93,8.36,303.29,67.21,9.06
2026-01-22 08:25:00+00:00,2.72,-2.31,8.36,319.74,66.89,9.09
2026-01-22 08:26:00+00:00,3.50,-2.14,8.10,328.56,63.10,9.08
2026-01-22 08:27:00+00:00,3.27,-2.44,8.05,323.30,63.16,9.02
2026-01-22 08:28:00+00:00,1.34,-4.01,7.94,288.46,61.97,8.99
2026-01-22 08:29:00+00:00,-0.96,-6.49,6.81,261.57,46.10,9.46
2026-01-22 08:30:00+00:00,-1.58,-6.93,6.53,257.15,42.56,9.65
2026-01-22 08:31:00+00:00,-1.18,-6.85,6.73,260.22,44.08,9.68
2026-01-22 08:32:00+00:00,-0.99,-6.38,7.00,261.18,47.33,9.52
2026-01-22 08:33:00+00:00,-0.76,-6.44,6.97,263.28,47.05,9.52
2026-01-22 08:34:00+00:00,-1.09,-6.77,6.80,260.83,44.73,9.66
2026-01-22 08:35:00+00:00,-0.99,-6.82,6.64,261.71,43.90,9.57
2026-01-22 08:36:00+00:00,-0.59,-6.62,6.85,264.94,45.87,9.55
2026-01-22 08:37:00+00:00,-0.70,-6.61,6.77,263.93,45.51,9.49
2026-01-22 08:38:00+00:00,-0.64,-6.37,7.01,264.25,47.58,9.49
2026-01-22 08:39:00+00:00,-0.34,-5.96,7.29,266.75,50.68,9.42
2026-01-22 08:40:00+00:00,-0.28,-6.55,6.71,267.56,45.64,9.38
2026-01-22 08:41:00+00:00,-1.36,-6.50,6.78,258.17,45.60,9.49
2026-01-22 08:42:00+00:00,-1.11,-6.64,6.58,260.50,44.32,9.41
2026-01-22 08:43:00+00:00,-0.08,-6.30,6.83,269.31,47.33,9.30
2026-01-22 08:44:00+00:00,-1.59,-6.73,6.26,256.73,42.13,9.32
2026-01-22 08:45:00+00:00,-3.15,-7.01,5.57,245.77,35.96,9.49
2026-01-22 08:46:00+00:00,-2.55,-7.10,5.68,250.20,37.00,9.44
2026-01-22 08:47:00+00:00,-2.07,-7.07,5.83,253.70,38.37,9.40
2026-01-22 08:48:00+00:00,-2.24,-6.94,5.97,252.15,39.30,9.43
2026-01-22 08:49:00+00:00,-1.43,-6.92,6.09,258.28,40.77,9.33
2026-01-22 08:50:00+00:00,-1.33,-6.67,6.39,258.72,43.21,9.33
2026-01-22 08:51:00+00:00,-2.00,-6.56,6.40,253.01,42.99,9.38
2026-01-22 08:52:00+00:00,-1.83,-6.67,6.32,254.69,42.40,9.37
2026-01-22 08:53:00+00:00,-1.62,-6.38,6.45,255.78,44.44,9.21
2026-01-22 08:54:00+00:00,-1.32,-6.26,6.58,258.10,45.80,9.18
2026-01-22 08:55:00+00:00,-0.90,-5.71,7.05,261.01,50.65,9.11
2026-01-22 08:56:00+00:00,-1.53,-6.11,6.64,255.93,46.54,9.15
2026-01-22 08:57:00+00:00,-1.14,-6.38,6.33,259.85,44.32,9.06
2026-01-22 08:58:00+00:00,-0.83,-6.13,6.65,262.32,47.07,9.08
2026-01-22 08:59:00+00:00,-0.60,-6.16,6.55,264.43,46.65,9.01
2026-01-22 09:00:00+00:00,-0.13,-5.89,6.77,268.71,48.98,8.97
2026-01-22 09:01:00+00:00,0.11,-5.78,6.85,271.05,49.84,8.96
2026-01-22 09:02:00+00:00,-2.05,-7.18,5.55,254.03,36.61,9.30
2026-01-22 09:03:00+00:00,-1.74,-7.02,5.94,256.07,39.38,9.36
2026-01-22 09:04:00+00:00,-1.57,-6.79,6.21,256.99,41.67,9.33
2026-01-22 09:05:00+00:00,-1.31,-6.82,6.26,259.13,42.03,9.34
2026-01-22 09:06:00+00:00,-1.00,-6.85,6.23,261.70,41.95,9.31
2026-01-22 09:07:00+00:00,-0.75,-6.87,6.18,263.77,41.80,9.28
2026-01-22 09:08:00+00:00,-1.18,-6.78,6.27,260.12,42.35,9.31
2026-01-22 09:09:00+00:00,-1.36,-6.76,6.25,258.63,42.19,9.31
2026-01-22 09:10:00+00:00,-1.37,-6.71,6.30,258.49,42.63,9.31
2026-01-22 09:11:00+00:00,-1.12,-6.74,6.28,260.58,42.57,9.28
2026-01-22 09:12:00+00:00,-1.27,-6.82,6.21,259.47,41.84,9.31
2026-01-22 09:13:00+00:00,-1.38,-7.03,6.02,258.91,40.06,9.36
2026-01-22 09:14:00+00:00,-1.25,-7.17,5.85,260.13,38.81,9.34
2026-01-22 09:15:00+00:00,-1.08,-7.02,6.07,261.25,40.52,9.34
2026-01-22 09:16:00+00:00,-0.79,-6.63,6.48,263.23,44.11,9.30
2026-01-22 09:17:00+00:00,-1.35,-6.90,6.14,258.95,41.10,9.33
2026-01-22 09:18:00+00:00,-1.39,-6.93,6.09,258.65,40.74,9.33
2026-01-22 09:19:00+00:00,-1.49,-6.93,6.07,257.91,40.58,9.34
2026-01-22 09:20:00+00:00,-1.26,-6.79,6.23,259.48,42.04,9.30
2026-01-22 09:21:00+00:00,-1.46,-6.82,6.15,257.94,41.39,9.30
2026-01-22 09:22:00+00:00,-1.48,-6.77,6.20,257.70,41.83,9.30
2026-01-22 09:23:00+00:00,-1.45,-6.86,6.09,258.08,40.98,9.29
2026-01-22 09:24:00+00:00,-1.50,-6.79,6.16,257.53,41.54,9.30
2026-01-22 09:25:00+00:00,-1.84,-6.68,6.24,254.58,42.02,9.33
2026-01-22 09:26:00+00:00,-1.66,-6.60,6.34,255.91,42.95,9.30
2026-01-22 09:27:00+00:00,-1.53,-6.30,6.65,256.36,45.71,9.29
2026-01-22 09:28:00+00:00,-1.33,-6.51,6.45,258.46,44.16,9.26
2026-01-22 09:29:00+00:00,-1.27,-6.64,6.30,259.15,42.97,9.24
2026-01-22 09:30:00+00:00,-1.38,-6.69,6.22,258.32,42.30,9.24
2026-01-22 09:31:00+00:00,-1.53,-6.74,6.17,257.25,41.76,9.26
2026-01-22 09:32:00+00:00,-1.42,-6.88,6.04,258.32,40.69,9.26
2026-01-22 09:33:00+00:00,-1.33,-6.86,6.05,258.99,40.90,9.25
2026-01-22 09:34:00+00:00,-1.33,-7.03,5.87,259.26,39.40,9.25
2026-01-22 09:35:00+00:00,-1.25,-7.11,5.83,260.02,38.92,9.28
2026-01-22 09:36:00+00:00,-1.34,-7.00,5.95,259.15,39.86,9.28
2026-01-22 09:37:00+00:00,-1.19,-6.82,6.11,260.11,41.43,9.23
2026-01-22 09:38:00+00:00,-0.47,-6.13,6.51,265.65,46.61,8.95
2026-01-22 09:39:00+00:00,-0.38,-5.77,6.85,266.23,49.86,8.96
2026-01-22 09:40:00+00:00,-0.13,-5.46,7.06,268.61,52.30,8.93
2026-01-22 09:41:00+00:00,-0.04,-5.58,6.90,269.63,51.06,8.88
2026-01-22 09:42:00+00:00,0.17,-5.29,7.06,271.83,53.12,8.83
2026-01-22 09:43:00+00:00,0.13,-4.99,7.27,271.47,55.54,8.82
2026-01-22 09:44:00+00:00,-0.31,-6.20,6.19,267.14,44.89,8.77
2026-01-22 09:45:00+00:00,-0.26,-5.77,6.64,267.45,48.99,8.80
2026-01-22 09:46:00+00:00,0.31,-4.87,7.28,273.62,56.18,8.77
2026-01-22 09:47:00+00:00,-0.21,-5.78,6.64,267.95,48.96,8.81
2026-01-22 09:48:00+00:00,-0.20,-5.77,6.57,268.03,48.69,8.75
2026-01-22 09:49:00+00:00,-0.31,-6.04,6.35,267.02,46.40,8.77
2026-01-22 09:50:00+00:00,-0.54,-6.11,6.33,264.91,45.93,8.81
2026-01-22 09:51:00+00:00,-0.32,-5.63,6.76,266.75,50.15,8.81
2026-01-22 09:52:00+00:00,0.39,-4.00,7.63,275.61,62.23,8.62
2026-01-22 09:53:00+00:00,0.30,-3.37,7.83,275.02,66.64,8.53
2026-01-22 09:54:00+00:00,0.12,-4.90,7.00,271.36,54.97,8.55
2026-01-22 09:55:00+00:00,-0.01,-5.49,6.67,269.89,50.51,8.64
2026-01-22 09:56:00+00:00,-0.05,-5.28,6.81,269.49,52.20,8.62
2026-01-22 09:57:00+00:00,0.06,-5.21,6.86,270.62,52.79,8.61
2026-01-22 09:58:00+00:00,-0.30,-5.53,6.64,266.93,50.20,8.64
2026-01-22 09:59:00+00:00,-0.26,-5.58,6.40,267.31,48.92,8.50
2026-01-22 10:00:00+00:00,-0.04,-5.43,6.38,269.57,49.62,8.38
2026-01-22 10:02:00+00:00,-0.42,-5.47,6.35,265.61,49.19,8.39
2026-01-22 10:03:00+00:00,-0.21,-5.62,6.14,267.81,47.55,8.33
2026-01-22 10:04:00+00:00,0.08,-5.07,6.59,270.89,52.44,8.31
2026-01-22 10:05:00+00:00,0.87,-3.13,7.42,285.54,66.34,8.10
2026-01-22 10:06:00+00:00,0.68,-3.73,7.03,280.36,61.65,7.98
2026-01-22 10:07:00+00:00,0.60,-3.61,7.16,279.43,62.94,8.03
2026-01-22 10:08:00+00:00,0.76,-2.87,7.43,284.86,68.20,8.00
2026-01-22 10:09:00+00:00,0.97,-3.64,7.15,284.96,62.25,8.08
2026-01-22 10:10:00+00:00,1.02,-3.74,7.20,285.21,61.71,8.18
2026-01-22 10:11:00+00:00,0.42,-4.69,7.09,275.17,56.38,8.51
2026-01-22 10:12:00+00:00,0.01,-5.41,6.69,270.14,51.05,8.60
2026-01-22 10:13:00+00:00,-0.79,-5.69,6.43,262.08,48.22,8.62
2026-01-22 10:14:00+00:00,-1.99,-6.79,5.10,253.63,35.77,8.72
2026-01-22 10:15:00+00:00,-2.11,-6.98,3.55,253.18,25.93,8.11
2026-01-22 10:16:00+00:00,-3.94,-7.66,0.55,242.76,3.68,8.63
2026-01-22 10:17:00+00:00,-3.78,-7.67,1.55,243.76,10.29,8.70
2026-01-22 10:18:00+00:00,-2.99,-7.71,2.60,248.78,17.46,8.67
2026-01-22 10:19:00+00:00,-2.31,-7.81,2.85,253.54,19.25,8.63
2026-01-22 10:20:00+00:00,-2.16,-7.77,3.23,254.49,21.81,8.68
2026-01-22 10:21:00+00:00,-2.02,-7.53,3.74,255.01,25.63,8.64
2026-01-22 10:22:00+00:00,-2.26,-7.39,3.95,252.97,27.06,8.67
2026-01-22 10:23:00+00:00,-2.68,-6.79,4.71,248.45,32.83,8.69
2026-01-22 10:24:00+00:00,-2.39,-6.65,5.00,250.27,35.25,8.65
2026-01-22 10:25:00+00:00,-2.72,-6.29,5.33,246.58,37.87,8.68
2026-01-22 10:26:00+00:00,-2.84,-6.06,5.62,244.88,40.00,8.74
2026-01-22 10:27:00+00:00,-2.26,-6.37,5.47,250.47,38.97,8.70
2026-01-22 10:28:00+00:00,-2.61,-5.86,5.84,245.96,42.32,8.68
2026-01-22 10:29:00+00:00,-2.40,-6.11,5.72,248.55,41.09,8.70
2026-01-22 10:30:00+00:00,-1.56,-6.70,5.23,256.93,37.25,8.64
2026-01-22 10:31:00+00:00,-1.28,-6.93,4.96,259.54,35.18,8.62
2026-01-22 10:32:00+00:00,-1.52,-6.65,5.27,257.12,37.70,8.62
2026-01-22 10:33:00+00:00,-1.76,-6.69,5.22,255.27,37.03,8.67
2026-01-22 10:34:00+00:00,-1.89,-6.56,5.39,253.89,38.28,8.70
2026-01-22 10:35:00+00:00,-2.18,-6.46,5.38,251.30,38.26,8.68
2026-01-22 10:36:00+00:00,-1.03,-6.98,4.48,261.59,32.43,8.36
2026-01-22 10:37:00+00:00,-0.71,-6.94,4.49,264.15,32.76,8.30
2026-01-22 10:38:00+00:00,-0.95,-6.75,4.89,261.94,35.66,8.39
2026-01-22 10:39:00+00:00,-0.27,-6.49,5.17,267.59,38.52,8.31
2026-01-22 10:40:00+00:00,-0.20,-6.27,5.58,268.16,41.62,8.40
2026-01-22 10:41:00+00:00,-0.36,-6.04,5.90,266.57,44.24,8.45
2026-01-22 10:42:00+00:00,-1.19,-6.25,5.54,259.24,41.01,8.44
2026-01-22 10:43:00+00:00,-1.49,-6.12,5.72,256.29,42.22,8.51
2026-01-22 10:44:00+00:00,-1.53,-6.16,5.78,256.02,42.36,8.59
2026-01-22 10:45:00+00:00,-1.36,-6.18,5.85,257.56,42.75,8.62
2026-01-22 10:46:00+00:00,-1.55,-6.23,5.95,255.99,42.84,8.75
2026-01-22 10:47:00+00:00,-1.63,-6.44,5.75,255.79,40.90,8.78
2026-01-22 10:48:00+00:00,-1.81,-6.53,5.64,254.46,39.76,8.81
2026-01-22 10:49:00+00:00,-1.80,-6.55,5.60,254.63,39.49,8.80
2026-01-22 10:50:00+00:00,-2.13,-6.32,5.76,251.36,40.81,8.82
2026-01-22 10:51:00+00:00,-2.23,-6.16,5.71,250.11,41.10,8.69
2026-01-22 10:52:00+00:00,-2.01,-6.28,5.62,252.23,40.44,8.66
2026-01-22 10:53:00+00:00,-2.19,-6.14,5.66,250.33,40.98,8.63
2026-01-22 10:54:00+00:00,-2.01,-5.87,5.96,251.13,43.85,8.61
2026-01-22 10:55:00+00:00,-2.12,-5.92,5.77,250.32,42.54,8.53
2026-01-22 10:56:00+00:00,-1.97,-5.95,5.91,251.68,43.30,8.62
2026-01-22 10:57:00+00:00,-1.86,-6.00,5.81,252.76,42.76,8.55
2026-01-22 10:58:00+00:00,-2.11,-6.30,5.35,251.50,38.83,8.53
2026-01-22 10:59:00+00:00,-1.24,-6.26,5.63,258.79,41.42,8.51
2026-01-22 11:00:00+00:00,-1.06,-6.73,5.04,261.01,36.49,8.47
2026-01-22 11:01:00+00:00,-1.28,-6.73,5.04,259.24,36.36,8.50
2026-01-22 11:02:00+00:00,-1.69,-6.66,5.28,255.79,37.54,8.66
2026-01-22 11:03:00+00:00,-1.90,-6.75,5.21,254.26,36.58,8.74
2026-01-22 11:04:00+00:00,-2.02,-7.08,4.98,254.07,34.09,8.89
2026-01-22 11:05:00+00:00,-2.26,-6.86,5.20,251.81,35.74,8.90
2026-01-22 11:06:00+00:00,-2.09,-6.94,5.17,253.22,35.54,8.90
2026-01-22 11:07:00+00:00,-1.91,-7.12,5.12,254.96,34.76,8.98
2026-01-22 11:08:00+00:00,-1.74,-7.09,5.17,256.19,35.28,8.94
2026-01-22 11:09:00+00:00,-2.06,-6.78,5.53,253.07,37.99,8.99
2026-01-22 11:10:00+00:00,-2.03,-6.87,5.13,253.56,35.61,8.81
2026-01-22 11:11:00+00:00,-2.04,-6.83,5.25,253.41,36.35,8.85
2026-01-22 11:12:00+00:00,-2.01,-6.75,5.19,253.41,36.40,8.75
2026-01-22 11:13:00+00:00,-1.94,-6.77,5.19,254.03,36.42,8.75
2026-01-22 11:14:00+00:00,-1.84,-6.87,5.12,255.00,35.77,8.77
2026-01-22 11:15:00+00:00,-1.86,-6.88,5.11,254.89,35.65,8.77
2026-01-22 11:16:00+00:00,-1.96,-6.70,5.32,253.65,37.34,8.78
2026-01-22 11:17:00+00:00,-2.10,-6.56,5.56,252.24,38.91,8.86
2026-01-22 11:18:00+00:00,-2.24,-6.41,5.64,250.73,39.71,8.83
2026-01-22 11:19:00+00:00,-2.15,-6.22,5.78,250.93,41.30,8.76
2026-01-22 11:20:00+00:00,-2.26,-6.25,5.85,250.14,41.38,8.86
2026-01-22 11:21:00+00:00,-2.26,-6.16,5.94,249.86,42.14,8.85
2026-01-22 11:22:00+00:00,-1.89,-5.99,6.19,252.50,44.57,8.82
2026-01-22 11:23:00+00:00,-1.85,-5.54,6.60,251.56,48.49,8.81
2026-01-22 11:24:00+00:00,-1.33,-4.85,6.94,254.70,54.05,8.57
2026-01-22 11:25:00+00:00,-1.57,-4.49,7.19,250.68,56.52,8.62
2026-01-22 11:26:00+00:00,-1.94,-4.81,6.92,248.00,53.15,8.65
2026-01-22 11:27:00+00:00,-3.47,-6.37,5.21,241.41,35.69,8.93
2026-01-22 11:28:00+00:00,-4.02,-6.65,4.58,238.84,30.54,9.02
2026-01-22 11:29:00+00:00,-3.84,-7.04,4.06,241.40,26.82,8.99
2026-01-22 11:30:00+00:00,-3.48,-7.29,3.91,244.47,25.82,8.98
2026-01-22 11:31:00+00:00,-3.79,-7.36,3.64,242.79,23.74,9.04
2026-01-22 11:32:00+00:00,-3.94,-7.39,3.44,241.96,22.31,9.05
2026-01-22 11:33:00+00:00,-4.15,-7.56,2.56,241.23,16.53,9.00
2026-01-22 11:34:00+00:00,-4.63,-7.34,2.56,237.76,16.41,9.05
2026-01-22 11:35:00+00:00,-4.70,-7.15,3.00,236.68,19.36,9.06
2026-01-22 11:36:00+00:00,-4.80,-7.04,3.19,235.71,20.54,9.09
2026-01-22 11:37:00+00:00,-4.65,-5.44,5.43,229.53,37.21,8.99
2026-01-22 11:38:00+00:00,-4.82,-5.73,5.15,229.95,34.51,9.08
2026-01-22 11:39:00+00:00,-5.19,-6.18,3.91,230.00,25.88,8.97
2026-01-22 11:40:00+00:00,-4.49,-6.97,3.56,237.19,23.24,9.02
2026-01-22 11:41:00+00:00,-4.01,-7.69,2.44,242.46,15.73,9.01
2026-01-22 11:42:00+00:00,-3.43,-7.89,1.17,246.52,7.73,8.68
2026-01-22 11:43:00+00:00,-3.49,-7.83,0.78,245.97,5.17,8.61
2026-01-22 11:44:00+00:00,-3.57,-7.71,0.75,245.16,5.02,8.53
2026-01-22 11:45:00+00:00,-2.58,-7.81,1.78,251.73,12.18,8.42
2026-01-22 11:46:00+00:00,-1.46,-7.84,2.82,259.46,19.46,8.45
2026-01-22 11:47:00+00:00,-2.21,-7.87,2.19,254.31,15.00,8.46
2026-01-22 11:48:00+00:00,-2.69,-8.09,1.24,251.63,8.27,8.62
2026-01-22 11:49:00+00:00,-2.33,-8.22,0.61,254.15,4.09,8.57
2026-01-22 11:50:00+00:00,-2.16,-8.23,-0.34,255.28,-2.26,8.52
2026-01-22 11:51:00+00:00,-2.35,-7.98,0.05,253.61,0.35,8.32
2026-01-22 11:52:00+00:00,-2.85,-7.82,-0.58,249.99,-3.97,8.35
2026-01-22 11:53:00+00:00,-2.83,-7.65,-0.86,249.72,-5.99,8.20
2026-01-22 11:54:00+00:00,-1.59,-7.77,-0.29,258.42,-2.11,7.93
2026-01-22 11:55:00+00:00,-2.14,-7.61,-0.57,254.30,-4.09,7.93
2026-01-22 11:56:00+00:00,-1.26,-6.98,-2.87,259.79,-22.05,7.65
2026-01-22 11:57:00+00:00,-3.70,-6.90,0.11,241.79,0.79,7.83
2026-01-22 11:58:00+00:00,-4.70,-6.92,2.66,235.83,17.66,8.78
2026-01-22 11:59:00+00:00,-4.86,-6.79,2.78,234.42,18.42,8.80
2026-01-22 12:00:00+00:00,-4.75,-6.55,3.55,234.05,23.70,8.84
2026-01-22 12:01:00+00:00,-4.67,-6.25,4.33,233.22,29.05,8.92
2026-01-22 12:02:00+00:00,-4.58,-6.00,4.58,232.63,31.23,8.82
2026-01-22 12:03:00+00:00,-4.74,-6.81,3.03,235.17,20.05,8.83
2026-01-22 12:04:00+00:00,-4.55,-7.07,2.88,237.22,18.90,8.89
2026-01-22 12:05:00+00:00,-4.39,-7.03,3.51,238.02,22.98,9.00
2026-01-22 12:06:00+00:00,-4.22,-7.37,2.79,240.21,18.15,8.94
2026-01-22 12:07:00+00:00,-4.26,-7.54,2.65,240.53,16.99,9.06
2026-01-22 12:08:00+00:00,-4.35,-7.21,3.76,238.89,24.06,9.22
2026-01-22 12:09:00+00:00,-4.12,-7.31,3.75,240.59,24.08,9.20
2026-01-22 12:10:00+00:00,-4.10,-7.75,2.65,242.11,16.78,9.16
2026-01-22 12:11:00+00:00,-4.13,-7.88,2.43,242.36,15.30,9.22
2026-01-22 12:12:00+00:00,-4.09,-7.87,2.44,242.55,15.36,9.20
2026-01-22 12:13:00+00:00,-3.64,-8.21,2.12,246.06,13.29,9.23
2026-01-22 12:14:00+00:00,-3.84,-7.99,2.53,244.34,15.94,9.22
2026-01-22 12:15:00+00:00,-3.79,-7.94,2.70,244.47,17.03,9.20
2026-01-22 12:16:00+00:00,-3.92,-8.00,2.52,243.91,15.82,9.26
2026-01-22 12:17:00+00:00,-4.07,-8.07,2.33,243.21,14.43,9.33
2026-01-22 12:18:00+00:00,-4.11,-8.16,1.93,243.28,11.90,9.34
2026-01-22 12:19:00+00:00,-4.38,-8.01,2.18,241.33,13.45,9.38
2026-01-22 12:20:00+00:00,-4.12,-8.18,1.86,243.28,11.49,9.34
2026-01-22 12:21:00+00:00,-4.39,-8.00,2.44,241.28,14.99,9.45
2026-01-22 12:22:00+00:00,-3.82,-8.36,1.75,245.44,10.80,9.36
2026-01-22 12:23:00+00:00,-3.96,-8.37,1.54,244.69,9.46,9.39
2026-01-22 12:24:00+00:00,-4.12,-8.31,1.94,243.62,11.79,9.47
2026-01-22 12:25:00+00:00,-4.06,-8.38,2.07,244.15,12.54,9.54
2026-01-22 12:26:00+00:00,-4.15,-8.36,2.15,243.60,12.99,9.58
2026-01-22 12:27:00+00:00,-4.15,-8.32,2.37,243.50,14.27,9.60
2026-01-22 12:28:00+00:00,-4.17,-8.37,2.13,243.53,12.82,9.59
2026-01-22 12:29:00+00:00,-4.75,-8.16,1.77,239.80,10.63,9.60
2026-01-22 12:30:00+00:00,-4.91,-8.12,1.57,238.85,9.42,9.62
2026-01-22 12:31:00+00:00,-4.66,-8.29,1.39,240.66,8.34,9.61
2026-01-22 12:32:00+00:00,-4.55,-8.30,1.56,241.26,9.34,9.59
2026-01-22 12:33:00+00:00,-4.62,-8.29,1.41,240.90,8.46,9.60
2026-01-22 12:34:00+00:00,-4.77,-8.31,1.22,240.14,7.26,9.66
2026-01-22 12:35:00+00:00,-4.78,-8.23,1.38,239.85,8.22,9.62
2026-01-22 12:36:00+00:00,-4.42,-8.34,1.42,242.07,8.55,9.55
2026-01-22 12:37:00+00:00,-3.26,-8.22,2.81,248.40,17.62,9.28
2026-01-22 12:38:00+00:00,-2.82,-8.57,1.60,251.77,10.05,9.16
2026-01-22 12:39:00+00:00,-1.04,-8.80,1.02,263.25,6.54,8.92
2026-01-22 12:40:00+00:00,-2.93,-8.72,0.52,251.40,3.22,9.21
2026-01-22 12:41:00+00:00,-3.50,-8.80,0.86,248.29,5.19,9.51
2026-01-22 12:42:00+00:00,-3.95,-8.75,0.66,245.71,3.96,9.63
2026-01-22 12:43:00+00:00,-4.04,-8.72,0.80,245.17,4.77,9.64
2026-01-22 12:44:00+00:00,-4.10,-8.69,0.74,244.77,4.40,9.64
2026-01-22 12:45:00+00:00,-4.68,-8.49,0.63,241.13,3.74,9.72
2026-01-22 12:46:00+00:00,-5.03,-8.27,0.73,238.70,4.29,9.70
2026-01-22 12:47:00+00:00,-5.94,-7.74,0.54,232.50,3.19,9.78
2026-01-22 12:48:00+00:00,-6.26,-7.57,0.60,230.40,3.50,9.84
2026-01-22 12:49:00+00:00,-6.43,-7.46,0.51,229.24,2.98,9.87
2026-01-22 12:50:00+00:00,-6.40,-7.47,0.49,229.43,2.85,9.85
2026-01-22 12:51:00+00:00,-5.83,-7.94,0.44,233.70,2.54,9.86
2026-01-22 12:52:00+00:00,-4.77,-8.51,1.06,240.74,6.23,9.82
2026-01-22 12:53:00+00:00,-5.14,-8.14,0.47,237.74,2.77,9.64
2026-01-22 12:54:00+00:00,-5.49,-7.72,0.85,234.56,5.11,9.51
2026-01-22 12:55:00+00:00,-6.06,-7.30,0.43,230.29,2.60,9.50
2026-01-22 12:56:00+00:00,-6.37,-7.10,-0.76,228.12,-4.54,9.57
2026-01-22 12:57:00+00:00,-5.83,-7.66,-0.13,232.74,-0.80,9.62
2026-01-22 12:58:00+00:00,-6.40,-7.06,0.00,227.80,-0.02,9.53
2026-01-22 12:59:00+00:00,-6.69,-6.82,-0.31,225.56,-1.83,9.55
2026-01-22 13:00:00+00:00,-6.46,-7.03,0.07,227.43,0.40,9.54
2026-01-22 13:01:00+00:00,-6.71,-6.89,-0.01,225.77,-0.05,9.62
2026-01-22 13:02:00+00:00,-6.80,-6.81,-0.49,225.05,-2.90,9.63
2026-01-22 13:03:00+00:00,-7.26,-6.37,-0.65,221.28,-3.84,9.68
2026-01-22 13:04:00+00:00,-6.72,-6.88,-0.76,225.68,-4.51,9.65
2026-01-22 13:05:00+00:00,-6.91,-6.72,-0.87,224.16,-5.18,9.68
2026-01-22 13:06:00+00:00,-6.80,-6.84,-0.79,225.16,-4.66,9.68
2026-01-22 13:07:00+00:00,-6.73,-6.92,-1.14,225.82,-6.75,9.72
2026-01-22 13:08:00+00:00,-7.22,-6.40,-1.24,221.55,-7.34,9.72
2026-01-22 13:09:00+00:00,-6.24,-7.41,-1.48,229.91,-8.69,9.80
2026-01-22 13:10:00+00:00,-5.07,-6.70,1.45,232.92,9.76,8.53
2026-01-22 13:11:00+00:00,-3.26,-5.76,6.71,240.47,45.36,9.43
2026-01-22 13:12:00+00:00,-3.00,-5.95,6.49,243.27,44.26,9.30
2026-01-22 13:13:00+00:00,-3.10,-6.06,6.42,242.88,43.31,9.35
2026-01-22 13:14:00+00:00,-2.88,-6.13,6.43,244.80,43.51,9.34
2026-01-22 13:15:00+00:00,-2.58,-6.09,6.56,247.00,44.74,9.31
2026-01-22 13:16:00+00:00,-4.36,-6.03,5.82,234.10,38.01,9.45
2026-01-22 13:17:00+00:00,-2.60,-6.10,6.68,246.92,45.24,9.41
2026-01-22 13:18:00+00:00,-3.26,-6.47,6.04,243.23,39.85,9.43
2026-01-22 13:19:00+00:00,-3.14,-6.05,6.54,242.61,43.79,9.44
2026-01-22 13:20:00+00:00,-2.46,-6.01,6.71,247.72,45.91,9.34
2026-01-22 13:21:00+00:00,-3.56,-6.23,6.03,240.21,40.03,9.37
2026-01-22 13:22:00+00:00,-3.53,-6.17,6.11,240.23,40.68,9.37
2026-01-22 13:23:00+00:00,-3.67,-6.20,6.08,239.36,40.19,9.43
2026-01-22 13:24:00+00:00,-4.56,-6.02,5.77,232.90,37.38,9.50
2026-01-22 13:25:00+00:00,-4.79,-5.52,6.06,229.05,39.67,9.49
2026-01-22 13:26:00+00:00,-4.66,-5.88,5.68,231.61,37.12,9.41
2026-01-22 13:27:00+00:00,-4.79,-6.48,5.02,233.54,31.90,9.50
2026-01-22 13:28:00+00:00,-4.44,-6.61,5.10,236.11,32.64,9.46
2026-01-22 13:29:00+00:00,-4.92,-6.10,5.50,231.10,35.05,9.58
2026-01-22 13:30:00+00:00,-4.89,-5.95,5.67,230.58,36.36,9.56
2026-01-22 13:31:00+00:00,-4.90,-5.63,5.82,228.98,37.96,9.46
2026-01-22 13:32:00+00:00,-4.44,-4.97,6.39,228.21,43.79,9.24
2026-01-22 13:33:00+00:00,-3.54,-3.47,7.75,224.44,57.38,9.20
2026-01-22 13:34:00+00:00,-3.77,-4.04,7.39,227.00,53.23,9.23
2026-01-22 13:35:00+00:00,-4.02,-4.81,6.73,230.08,47.06,9.20
2026-01-22 13:36:00+00:00,-3.92,-5.00,6.57,231.91,45.96,9.14
2026-01-22 13:37:00+00:00,-4.27,-4.94,6.51,229.16,44.91,9.23
2026-01-22 13:38:00+00:00,-4.48,-5.40,6.01,230.31,40.57,9.24
2026-01-22 13:39:00+00:00,-4.52,-5.08,6.29,228.36,42.79,9.27
2026-01-22 13:40:00+00:00,-4.58,-5.47,5.93,230.06,39.71,9.27
2026-01-22 13:41:00+00:00,-4.77,-5.11,6.10,227.00,41.11,9.28
2026-01-22 13:42:00+00:00,-5.03,-5.16,5.95,225.72,39.57,9.35
2026-01-22 13:43:00+00:00,-4.75,-5.98,5.32,231.56,34.87,9.31
2026-01-22 13:44:00+00:00,-5.16,-5.96,5.10,229.11,32.90,9.39
2026-01-22 13:45:00+00:00,-5.46,-5.78,4.98,226.63,32.06,9.38
2026-01-22 13:46:00+00:00,-4.24,-6.27,5.17,235.90,34.33,9.16
2026-01-22 13:47:00+00:00,-5.07,-6.04,5.19,229.98,33.34,9.44
2026-01-22 13:48:00+00:00,-5.48,-6.19,4.56,228.49,28.90,9.45
2026-01-22 13:49:00+00:00,-5.76,-5.97,4.48,226.05,28.37,9.42
2026-01-22 13:50:00+00:00,-5.42,-4.14,6.52,217.34,43.71,9.44
2026-01-22 13:51:00+00:00,-5.59,-5.98,4.28,226.95,27.61,9.24
2026-01-22 13:52:00+00:00,-5.85,-6.98,2.64,230.02,16.15,9.49
2026-01-22 13:53:00+00:00,-5.60,-6.56,3.84,229.53,23.99,9.44
2026-01-22 13:54:00+00:00,-5.94,-7.07,2.23,229.99,13.56,9.50
2026-01-22 13:55:00+00:00,-5.85,-6.85,3.13,229.53,19.17,9.54
2026-01-22 13:56:00+00:00,-5.90,-6.09,4.27,225.90,26.70,9.50
2026-01-22 13:57:00+00:00,-5.61,-5.99,4.89,226.87,30.82,9.55
2026-01-22 13:58:00+00:00,-5.22,-5.34,5.75,225.62,37.60,9.42
2026-01-22 13:59:00+00:00,-5.12,-7.07,0.44,234.07,2.87,8.75
2026-01-22 14:00:00+00:00,-5.48,-7.43,1.91,233.57,11.71,9.43
2026-01-22 14:01:00+00:00,-6.09,-7.00,2.21,228.99,13.40,9.54
2026-01-22 14:02:00+00:00,-6.35,-6.37,3.12,225.10,19.14,9.52
2026-01-22 14:03:00+00:00,-6.75,-5.78,3.77,220.59,22.98,9.65
2026-01-22 14:04:00+00:00,-3.73,-8.32,2.15,245.87,13.28,9.37
2026-01-22 14:05:00+00:00,-4.28,-7.93,2.98,241.64,18.28,9.49
2026-01-22 14:06:00+00:00,-5.31,-7.25,3.34,233.80,20.35,9.59
2026-01-22 14:07:00+00:00,-5.16,-7.21,3.67,234.41,22.48,9.59
2026-01-22 14:08:00+00:00,-6.39,-6.17,4.06,224.03,24.54,9.77
2026-01-22 14:09:00+00:00,-6.17,-6.42,3.88,226.16,23.54,9.72
2026-01-22 14:10:00+00:00,-6.02,-6.39,4.17,226.68,25.38,9.72
2026-01-22 14:11:00+00:00,-5.55,-6.62,4.26,230.02,26.28,9.63
2026-01-22 14:12:00+00:00,-5.57,-6.61,4.38,229.84,26.87,9.69
2026-01-22 14:13:00+00:00,-5.64,-7.43,2.11,232.78,12.74,9.57
2026-01-22 14:14:00+00:00,-5.66,-7.49,1.92,232.93,11.56,9.58
2026-01-22 14:15:00+00:00,-5.75,-7.33,2.49,231.90,14.96,9.64
2026-01-22 14:16:00+00:00,-5.59,-5.88,4.70,226.44,30.09,9.38
2026-01-22 14:17:00+00:00,-5.14,-3.43,7.57,213.68,50.77,9.77
2026-01-22 14:18:00+00:00,-6.96,-4.82,5.13,214.71,31.22,9.90
2026-01-22 14:19:00+00:00,-6.83,-4.90,5.30,215.66,32.20,9.94
2026-01-22 14:20:00+00:00,-6.73,-5.28,4.95,218.13,30.06,9.88
2026-01-22 14:21:00+00:00,-6.48,-5.67,4.72,221.21,28.71,9.82
2026-01-22 14:22:00+00:00,-5.68,-5.29,5.78,222.93,36.69,9.68
2026-01-22 14:23:00+00:00,-5.77,-5.37,5.73,222.96,36.03,9.75
2026-01-22 14:24:00+00:00,-5.94,-6.58,3.60,227.92,22.11,9.57
2026-01-22 14:25:00+00:00,-5.92,-7.30,2.54,230.95,15.10,9.73
2026-01-22 14:26:00+00:00,-5.80,-7.30,2.44,231.53,14.68,9.63
2026-01-22 14:27:00+00:00,-5.90,-6.82,3.37,229.14,20.52,9.63
2026-01-22 14:28:00+00:00,-6.19,-6.00,4.38,224.13,26.91,9.67
2026-01-22 14:29:00+00:00,-6.25,-5.27,5.02,220.14,31.52,9.60
2026-01-22 14:30:00+00:00,-5.61,-4.23,6.68,217.03,43.54,9.70
2026-01-22 14:31:00+00:00,-5.60,-4.50,6.52,218.79,42.25,9.70
2026-01-22 14:32:00+00:00,-5.54,-4.17,6.75,216.95,44.24,9.67
2026-01-22 14:33:00+00:00,-6.29,-5.25,5.05,219.87,31.64,9.62
2026-01-22 14:34:00+00:00,-6.78,-5.65,4.20,219.81,25.46,9.78
2026-01-22 14:35:00+00:00,-6.82,-5.04,4.98,216.44,30.42,9.83
2026-01-22 14:36:00+00:00,-6.72,-4.96,5.23,216.44,32.06,9.86
2026-01-22 14:37:00+00:00,-6.36,-4.53,5.92,215.45,37.17,9.80
2026-01-22 14:38:00+00:00,-6.57,-4.54,5.84,214.63,36.19,9.89
2026-01-22 14:39:00+00:00,-6.47,-5.07,5.28,218.10,32.72,9.77
2026-01-22 14:40:00+00:00,-6.38,-6.01,4.37,223.27,26.49,9.79
2026-01-22 14:41:00+00:00,-6.45,-5.84,4.66,222.19,28.15,9.87
2026-01-22 14:42:00+00:00,-6.43,-5.46,5.21,220.35,31.71,9.92
2026-01-22 14:43:00+00:00,-6.49,-5.65,4.91,221.05,29.74,9.91
2026-01-22 14:44:00+00:00,-6.82,-5.72,4.47,219.99,26.66,9.96
2026-01-22 14:45:00+00:00,-6.85,-5.82,4.32,220.36,25.70,9.97
2026-01-22 14:46:00+00:00,-7.12,-5.92,3.79,219.74,22.23,10.01
2026-01-22 14:47:00+00:00,-7.25,-6.08,3.57,219.99,20.66,10.12
2026-01-22 14:48:00+00:00,-7.13,-5.97,4.24,219.93,24.51,10.22
2026-01-22 14:49:00+00:00,-6.94,-5.79,4.75,219.82,27.72,10.21
2026-01-22 14:50:00+00:00,-7.53,-4.95,4.70,213.31,27.56,10.16
2026-01-22 14:51:00+00:00,-7.13,-5.99,4.05,220.03,23.51,10.16
2026-01-22 14:52:00+00:00,-6.83,-6.91,2.63,225.35,15.13,10.06
2026-01-22 14:53:00+00:00,-6.35,-7.64,1.37,230.26,7.84,10.03
2026-01-22 14:54:00+00:00,-5.76,-8.09,0.86,234.56,4.96,9.97
2026-01-22 14:55:00+00:00,-6.43,-7.54,1.31,229.52,7.55,9.99
2026-01-22 14:56:00+00:00,-6.41,-6.55,4.27,225.59,25.00,10.11
2026-01-22 14:57:00+00:00,-6.31,-7.99,0.60,231.72,3.38,10.20
2026-01-22 14:58:00+00:00,-6.05,-8.40,-1.42,234.21,-7.80,10.45
2026-01-22 14:59:00+00:00,-6.06,-8.52,-1.39,234.56,-7.59,10.55
2026-01-22 15:00:00+00:00,-6.64,-8.32,0.07,231.42,0.38,10.65
2026-01-22 15:01:00+00:00,-6.84,-8.27,0.31,230.39,1.63,10.74
2026-01-22 15:02:00+00:00,-7.08,-8.06,0.81,228.73,4.31,10.76
2026-01-22 15:03:00+00:00,-7.41,-7.78,1.30,226.39,6.89,10.83
2026-01-22 15:04:00+00:00,-7.94,-7.25,1.69,222.38,8.92,10.88
2026-01-22 15:05:00+00:00,-8.02,-7.05,2.11,221.31,11.18,10.89
2026-01-22 15:06:00+00:00,-8.18,-6.96,2.00,220.40,10.56,10.93
2026-01-22 15:07:00+00:00,-8.06,-6.85,2.44,220.37,13.00,10.85
2026-01-22 15:08:00+00:00,-8.30,-6.57,2.83,218.37,14.99,10.95
2026-01-22 15:10:00+00:00,-8.23,-6.51,3.08,218.34,16.38,10.93
2026-01-22 15:11:00+00:00,-8.56,-6.14,3.28,215.68,17.32,11.03
2026-01-22 15:12:00+00:00,-8.41,-6.14,3.57,216.10,18.95,11.01
2026-01-22 15:13:00+00:00,-8.22,-6.49,3.46,218.31,18.30,11.03
2026-01-22 15:14:00+00:00,-8.48,-5.80,4.22,214.40,22.32,11.10
2026-01-22 15:15:00+00:00,-7.56,-6.51,3.92,220.74,21.47,10.72
2026-01-22 15:16:00+00:00,-5.76,-8.90,0.33,237.08,1.80,10.61
2026-01-22 15:17:00+00:00,-5.92,-8.51,-0.10,235.15,-0.58,10.37
2026-01-22 15:18:00+00:00,-5.84,-8.40,-0.25,235.18,-1.40,10.24
2026-01-22 15:19:00+00:00,-5.41,-8.62,-0.83,237.90,-4.65,10.21
2026-01-22 15:20:00+00:00,-5.62,-8.54,-0.43,236.64,-2.39,10.23
2026-01-22 15:21:00+00:00,-5.70,-8.48,-0.14,236.09,-0.80,10.22
2026-01-22 15:22:00+00:00,-5.40,-8.57,-0.87,237.76,-4.90,10.17
2026-01-22 15:23:00+00:00,-5.40,-8.57,-1.13,237.77,-6.39,10.20
2026-01-22 15:24:00+00:00,-5.42,-8.54,-1.22,237.59,-6.89,10.19
2026-01-22 15:25:00+00:00,-5.00,-8.45,-2.52,239.38,-14.37,10.13
2026-01-22 15:26:00+00:00,-5.08,-8.08,-2.84,237.82,-16.55,9.96
2026-01-22 15:27:00+00:00,-5.25,-8.27,-1.41,237.59,-8.21,9.90
2026-01-22 15:28:00+00:00,-5.61,-8.03,-0.75,235.10,-4.38,9.83
2026-01-22 15:29:00+00:00,-2.49,-7.26,-4.30,251.06,-29.26,8.79
2026-01-22 15:30:00+00:00,-3.72,-8.03,-2.33,245.11,-14.74,9.15
2026-01-22 15:31:00+00:00,-3.42,-7.77,-3.43,246.28,-22.01,9.16
2026-01-22 15:32:00+00:00,-4.32,-7.57,-3.14,240.29,-19.80,9.27
2026-01-22 15:33:00+00:00,-4.92,-7.57,-2.72,236.95,-16.76,9.43
2026-01-22 15:34:00+00:00,-4.53,-7.88,-2.10,240.12,-13.02,9.32
2026-01-22 15:35:00+00:00,-4.43,-8.05,-1.52,241.15,-9.37,9.31
2026-01-22 15:36:00+00:00,-4.76,-8.09,-0.39,239.51,-2.40,9.39
2026-01-22 15:37:00+00:00,-4.97,-7.92,-0.04,237.90,-0.25,9.35
2026-01-22 15:38:00+00:00,-4.94,-7.66,-0.37,237.18,-2.35,9.12
2026-01-22 15:39:00+00:00,-5.57,-7.24,0.41,232.42,2.56,9.15
2026-01-22 15:40:00+00:00,-4.56,-7.32,-1.22,238.05,-8.02,8.71
2026-01-22 15:41:00+00:00,-3.15,-7.74,-3.64,247.85,-23.55,9.12
2026-01-22 15:42:00+00:00,-3.29,-7.69,-3.51,246.85,-22.78,9.07
2026-01-22 15:43:00+00:00,-4.01,-7.70,-1.97,242.46,-12.81,8.90
2026-01-22 15:44:00+00:00,-3.54,-7.59,-2.36,244.97,-15.73,8.70
2026-01-22 15:45:00+00:00,-2.53,-7.27,-3.65,250.84,-25.37,8.52
2026-01-22 15:46:00+00:00,-2.60,-7.37,-3.48,250.53,-24.01,8.55
2026-01-22 15:47:00+00:00,-2.14,-7.95,-2.68,254.94,-18.02,8.66
2026-01-22 15:48:00+00:00,-2.28,-7.95,-2.26,253.97,-15.25,8.57
2026-01-22 15:49:00+00:00,-2.46,-7.66,-2.73,252.18,-18.76,8.49
2026-01-22 15:50:00+00:00,-3.01,-7.46,-3.07,248.02,-20.89,8.61
2026-01-22 15:51:00+00:00,-4.18,-7.48,-1.63,240.80,-10.79,8.72
2026-01-22 15:52:00+00:00,-2.98,-7.58,-2.30,248.50,-15.74,8.46
2026-01-22 15:53:00+00:00,-2.99,-7.36,-3.03,247.92,-20.85,8.50
2026-01-22 15:54:00+00:00,-3.35,-7.52,-2.65,245.99,-17.81,8.65
2026-01-22 15:55:00+00:00,-3.41,-7.55,-2.47,245.67,-16.58,8.64
2026-01-22 15:56:00+00:00,-3.50,-7.52,-2.41,245.03,-16.18,8.64
2026-01-22 15:57:00+00:00,-3.65,-7.69,-2.01,244.63,-13.29,8.74
2026-01-22 15:58:00+00:00,-3.39,-7.77,-2.09,246.43,-13.88,8.73
2026-01-22 15:59:00+00:00,-2.91,-7.75,-2.38,249.44,-16.02,8.62
2026-01-22 16:00:00+00:00,-3.35,-7.90,-1.66,246.98,-10.92,8.74
2026-01-22 16:01:00+00:00,-2.49,-7.87,-1.86,252.42,-12.73,8.46
2026-01-22 16:02:00+00:00,-3.06,-8.13,-0.92,249.37,-6.05,8.74
2026-01-22 16:03:00+00:00,-3.31,-8.25,-0.60,248.14,-3.85,8.91
2026-01-22 16:04:00+00:00,-3.25,-8.03,-0.33,247.95,-2.18,8.68
2026-01-22 16:05:00+00:00,-2.82,-8.10,-0.74,250.80,-4.91,8.60
2026-01-22 16:06:00+00:00,-2.95,-8.07,-0.68,249.91,-4.54,8.62
2026-01-22 16:07:00+00:00,-3.04,-8.07,-0.38,249.39,-2.52,8.64
2026-01-22 16:08:00+00:00,-3.02,-8.04,-0.20,249.40,-1.34,8.60
2026-01-22 16:09:00+00:00,-3.05,-8.06,-0.22,249.27,-1.46,8.63
2026-01-22 16:10:00+00:00,-3.08,-8.01,-0.31,248.95,-2.06,8.58
2026-01-22 16:11:00+00:00,-3.44,-7.92,-0.52,246.54,-3.46,8.65
2026-01-22 16:12:00+00:00,-3.31,-8.00,-0.31,247.51,-2.08,8.67
2026-01-22 16:13:00+00:00,-3.06,-8.09,-0.05,249.28,-0.33,8.65
2026-01-22 16:14:00+00:00,-3.51,-7.97,-0.13,246.20,-0.84,8.71
2026-01-22 16:15:00+00:00,-3.25,-8.27,0.48,248.52,3.09,8.90
2026-01-22 16:16:00+00:00,-3.25,-8.15,0.87,248.25,5.68,8.81
2026-01-22 16:17:00+00:00,-1.72,-7.43,3.67,256.95,25.67,8.47
2026-01-22 16:18:00+00:00,-0.62,-7.54,3.53,265.31,24.97,8.35
2026-01-22 16:19:00+00:00,-2.76,-7.34,1.78,249.37,12.81,8.04
2026-01-22 16:20:00+00:00,-4.00,-7.64,0.21,242.38,1.41,8.63
2026-01-22 16:21:00+00:00,-3.99,-7.72,0.01,242.65,0.04,8.69
2026-01-22 16:22:00+00:00,-4.29,-7.59,-0.43,240.49,-2.80,8.73
2026-01-22 16:23:00+00:00,-4.24,-7.58,-0.41,240.81,-2.68,8.69
2026-01-22 16:24:00+00:00,-3.95,-7.75,0.18,242.97,1.18,8.70
2026-01-22 16:25:00+00:00,-3.75,-7.92,0.27,244.65,1.76,8.77
2026-01-22 16:26:00+00:00,-3.43,-7.95,0.69,246.68,4.57,8.68
2026-01-22 16:27:00+00:00,-3.73,-7.77,0.91,244.39,6.04,8.67
2026-01-22 16:28:00+00:00,-3.84,-7.59,1.01,243.15,6.80,8.57
2026-01-22 16:29:00+00:00,-4.03,-7.40,1.29,241.46,8.73,8.53
2026-01-22 16:30:00+00:00,-4.05,-7.33,1.79,241.09,12.06,8.56
2026-01-22 16:31:00+00:00,-4.70,-6.72,2.16,235.06,14.77,8.48
2026-01-22 16:32:00+00:00,-5.24,-5.88,3.42,228.32,23.48,8.59
2026-01-22 16:33:00+00:00,-5.46,-5.60,3.61,225.74,24.77,8.62
2026-01-22 16:34:00+00:00,-4.65,-6.24,1.82,233.34,13.18,7.99
2026-01-22 16:35:00+00:00,-2.79,-7.59,0.10,249.84,0.68,8.09
2026-01-22 16:36:00+00:00,-3.28,-7.41,-0.11,246.10,-0.81,8.10
2026-01-22 16:37:00+00:00,-4.05,-7.19,1.27,240.60,8.78,8.35
2026-01-22 16:38:00+00:00,-5.46,-6.52,3.48,230.09,22.23,9.19
2026-01-22 16:39:00+00:00,-5.52,-6.58,2.95,229.99,18.94,9.08
2026-01-22 16:40:00+00:00,-5.14,-6.68,2.75,232.43,18.04,8.87
2026-01-22 16:41:00+00:00,-5.17,-6.63,2.65,232.06,17.49,8.82
2026-01-22 16:42:00+00:00,-5.32,-6.49,2.88,230.69,18.97,8.87
2026-01-22 16:43:00+00:00,-5.03,-6.81,2.32,233.54,15.31,8.78
2026-01-22 16:44:00+00:00,-5.36,-6.35,2.92,229.86,19.34,8.80
2026-01-22 16:45:00+00:00,-5.29,-6.44,2.68,230.59,17.83,8.76
2026-01-22 16:46:00+00:00,-5.11,-7.31,1.00,235.04,6.40,8.97
2026-01-22 16:47:00+00:00,-5.25,-6.91,1.86,232.75,12.08,8.87
2026-01-22 16:48:00+00:00,-5.47,-7.06,1.88,232.21,11.90,9.13
2026-01-22 16:49:00+00:00,-5.60,-7.06,1.60,231.55,10.08,9.15
2026-01-22 16:50:00+00:00,-5.54,-7.12,1.22,232.12,7.68,9.11
2026-01-22 16:51:00+00:00,-4.70,-7.66,0.50,238.46,3.20,9.00
2026-01-22 16:52:00+00:00,-4.65,-7.50,1.12,238.24,7.21,8.90
2026-01-22 16:53:00+00:00,-4.27,-7.84,0.52,241.41,3.31,8.94
2026-01-22 16:54:00+00:00,-3.98,-8.05,0.64,243.67,4.10,9.00
2026-01-22 16:55:00+00:00,-4.07,-7.96,0.72,242.91,4.64,8.97
2026-01-22 16:56:00+00:00,-4.62,-7.36,1.07,237.90,7.01,8.76
2026-01-22 16:57:00+00:00,-4.71,-7.15,0.98,236.59,6.55,8.62
2026-01-22 16:58:00+00:00,-4.91,-6.82,1.48,234.24,9.99,8.54
2026-01-22 16:59:00+00:00,-5.13,-6.76,0.89,232.78,6.01,8.53
2026-01-22 17:00:00+00:00,-5.66,-6.18,1.40,227.52,9.50,8.49
2026-01-22 17:01:00+00:00,-5.57,-6.00,0.93,227.13,6.51,8.23
2026-01-22 17:02:00+00:00,-4.97,-6.34,1.00,231.91,7.04,8.12
2026-01-22 17:03:00+00:00,-2.62,-7.94,1.18,251.71,8.02,8.45
2026-01-22 17:04:00+00:00,-2.39,-8.15,-1.01,253.64,-6.76,8.55
2026-01-22 17:05:00+00:00,-4.08,-6.34,-0.26,237.25,-1.96,7.54
2026-01-22 17:06:00+00:00,-7.87,-1.99,2.21,194.18,15.25,8.41
2026-01-22 17:07:00+00:00,-8.62,-0.65,2.22,184.29,14.40,8.93
2026-01-22 17:08:00+00:00,-8.54,-0.91,2.19,186.11,14.29,8.87
2026-01-22 17:09:00+00:00,-8.22,-2.02,2.12,193.79,14.03,8.73
2026-01-22 17:10:00+00:00,-7.60,-3.67,1.85,205.80,12.37,8.64
2026-01-22 17:11:00+00:00,-7.57,-3.63,1.33,205.59,9.01,8.50
2026-01-22 17:12:00+00:00,-7.46,-3.71,1.91,206.44,12.94,8.55
2026-01-22 17:13:00+00:00,-7.40,-4.58,1.35,211.74,8.81,8.80
2026-01-22 17:14:00+00:00,-7.59,-3.87,1.64,207.02,10.91,8.68
2026-01-22 17:15:00+00:00,-7.08,-4.47,1.95,212.29,13.13,8.60
2026-01-22 17:16:00+00:00,-6.82,-4.77,1.79,214.99,12.13,8.51
2026-01-22 17:17:00+00:00,-6.78,-4.96,1.67,216.19,11.21,8.56
2026-01-22 17:18:00+00:00,-6.85,-4.86,1.83,215.33,12.30,8.59
2026-01-22 17:19:00+00:00,-6.98,-4.80,1.74,214.55,11.60,8.65
2026-01-22 17:20:00+00:00,-6.72,-5.37,1.48,218.61,9.78,8.73
2026-01-22 17:21:00+00:00,-6.90,-5.11,1.95,216.52,12.77,8.80
2026-01-22 17:22:00+00:00,-6.88,-5.15,1.92,216.80,12.58,8.81
2026-01-22 17:23:00+00:00,-6.52,-5.42,1.65,219.74,10.99,8.64
2026-01-22 17:24:00+00:00,-6.03,-5.69,1.56,223.37,10.65,8.44
2026-01-22 17:25:00+00:00,-5.95,-5.56,2.00,223.07,13.80,8.38
2026-01-22 17:26:00+00:00,-6.49,-5.10,1.88,218.15,12.82,8.47
2026-01-22 17:27:00+00:00,-6.76,-4.60,1.99,214.21,13.69,8.41
2026-01-22 17:28:00+00:00,-6.33,-4.94,-1.32,217.98,-9.34,8.13
2026-01-22 17:29:00+00:00,-6.20,-5.29,-1.15,220.48,-8.04,8.23
2026-01-22 17:30:00+00:00,-7.24,-4.19,0.27,210.09,1.88,8.37
2026-01-22 17:31:00+00:00,-6.17,-5.46,1.42,221.51,9.80,8.36
2026-01-22 17:32:00+00:00,-6.16,-5.38,1.83,221.14,12.61,8.38
2026-01-22 17:33:00+00:00,-4.57,-6.47,2.10,234.77,14.85,8.19
2026-01-22 17:34:00+00:00,-5.42,-6.10,1.60,228.35,11.10,8.32
2026-01-22 17:35:00+00:00,-6.54,-4.80,1.88,216.30,13.06,8.33
2026-01-22 17:36:00+00:00,-6.86,-4.55,1.69,213.57,11.61,8.41
2026-01-22 17:37:00+00:00,-6.86,-4.52,1.92,213.40,13.17,8.43
2026-01-22 17:38:00+00:00,-7.01,-4.81,1.73,214.44,11.49,8.68
2026-01-22 17:39:00+00:00,-6.90,-4.96,1.67,215.70,11.14,8.66
2026-01-22 17:40:00+00:00,-6.83,-4.71,2.01,214.63,13.62,8.54
2026-01-22 17:41:00+00:00,-7.24,-4.31,1.93,210.75,12.92,8.65
2026-01-22 17:42:00+00:00,-6.93,-4.44,1.70,212.69,11.65,8.40
2026-01-22 17:43:00+00:00,-6.91,-4.59,0.90,213.60,6.22,8.34
2026-01-22 17:44:00+00:00,-6.28,-5.42,0.21,220.77,1.45,8.30
2026-01-22 17:45:00+00:00,-5.17,-5.83,-0.99,228.40,-7.25,7.86
2026-01-22 17:46:00+00:00,-2.98,-6.75,-2.78,246.18,-20.68,7.88
2026-01-22 17:47:00+00:00,-3.13,-6.83,-2.25,245.39,-16.66,7.84
2026-01-22 17:48:00+00:00,-3.84,-6.58,-1.86,239.69,-13.70,7.84
2026-01-22 17:49:00+00:00,-3.93,-6.41,-2.29,238.46,-16.96,7.86
2026-01-22 17:50:00+00:00,-4.46,-6.52,-0.92,235.60,-6.65,7.96
2026-01-22 17:51:00+00:00,-4.87,-6.27,-0.76,232.17,-5.49,7.97
2026-01-22 17:52:00+00:00,-5.10,-6.40,-0.32,231.48,-2.26,8.19
2026-01-22 17:53:00+00:00,-5.96,-6.17,0.63,226.00,4.22,8.61
2026-01-22 17:54:00+00:00,-6.19,-5.75,1.93,222.92,12.88,8.66
2026-01-22 17:55:00+00:00,-6.04,-5.61,2.41,222.89,16.33,8.59
2026-01-22 17:56:00+00:00,-5.92,-5.23,3.30,221.44,22.69,8.56
2026-01-22 17:57:00+00:00,-6.04,-5.23,3.04,220.91,20.81,8.55
2026-01-22 17:58:00+00:00,-6.58,-4.66,3.32,215.30,22.41,8.72
2026-01-22 17:59:00+00:00,-6.62,-4.54,3.35,214.44,22.65,8.70
2026-01-22 18:00:00+00:00,-6.47,-4.78,3.14,216.47,21.32,8.64
2026-01-22 18:01:00+00:00,-6.56,-5.42,2.24,219.59,14.75,8.80
2026-01-22 18:02:00+00:00,-6.76,-5.61,0.85,219.67,5.56,8.82
2026-01-22 18:03:00+00:00,-6.84,-5.48,1.55,218.71,10.01,8.90
2026-01-22 18:04:00+00:00,-6.79,-5.57,-0.06,219.37,-0.37,8.79
2026-01-22 18:05:00+00:00,-6.86,-5.08,-1.12,216.49,-7.47,8.61
2026-01-22 18:06:00+00:00,-6.12,-5.28,-2.03,220.81,-14.06,8.34
2026-01-22 18:07:00+00:00,-6.94,-4.89,0.30,215.14,2.01,8.49
2026-01-22 18:08:00+00:00,-6.71,-4.96,-0.19,216.49,-1.27,8.34
2026-01-22 18:09:00+00:00,-6.55,-4.39,-0.66,213.84,-4.75,7.92
2026-01-22 18:10:00+00:00,-7.11,-4.25,0.18,210.89,1.21,8.29
2026-01-22 18:11:00+00:00,-7.24,-4.24,1.26,210.37,8.54,8.49
2026-01-22 18:12:00+00:00,-7.53,-3.86,1.24,207.15,8.33,8.55
2026-01-22 18:13:00+00:00,-7.43,-3.93,1.48,207.85,10.01,8.53
2026-01-22 18:14:00+00:00,-7.40,-3.87,1.49,207.64,10.09,8.48
2026-01-22 18:15:00+00:00,-7.64,-3.73,1.70,206.02,11.29,8.67
2026-01-22 18:16:00+00:00,-7.95,-2.98,2.21,200.52,14.56,8.77
2026-01-22 18:17:00+00:00,-7.73,-2.85,1.98,200.21,13.51,8.48
2026-01-22 18:18:00+00:00,-7.88,-2.84,1.30,199.83,8.82,8.48
2026-01-22 18:19:00+00:00,-8.07,-2.29,1.68,195.84,11.31,8.55
2026-01-22 18:20:00+00:00,-8.03,-1.89,2.60,193.23,17.52,8.65
2026-01-22 18:21:00+00:00,-7.95,-1.80,2.62,192.76,17.86,8.56
2026-01-22 18:22:00+00:00,-7.84,-2.18,2.52,195.56,17.21,8.52
2026-01-22 18:23:00+00:00,-7.71,-2.14,2.85,195.49,19.58,8.50
2026-01-22 18:24:00+00:00,-7.55,-1.86,2.87,193.86,20.25,8.29
2026-01-22 18:25:00+00:00,-7.31,-2.20,2.95,196.73,21.13,8.18
2026-01-22 18:26:00+00:00,-7.28,-2.35,2.83,197.86,20.30,8.16
2026-01-22 18:27:00+00:00,-7.54,-2.68,2.18,199.54,15.21,8.29
2026-01-22 18:28:00+00:00,-7.14,-4.68,2.15,213.26,14.14,8.81
2026-01-22 18:29:00+00:00,-6.96,-4.93,2.24,215.29,14.73,8.82
2026-01-22 18:30:00+00:00,-6.72,-5.11,2.22,217.22,14.76,8.73
2026-01-22 18:31:00+00:00,-6.85,-4.62,2.06,214.00,13.99,8.51
2026-01-22 18:32:00+00:00,-6.61,-4.30,2.21,213.05,15.63,8.19
2026-01-22 18:33:00+00:00,-6.55,-4.39,1.81,213.81,12.94,8.09
2026-01-22 18:34:00+00:00,-7.46,-3.44,0.60,204.77,4.18,8.24
2026-01-22 18:35:00+00:00,-7.75,-3.17,-0.18,202.29,-1.21,8.37
2026-01-22 18:37:00+00:00,-7.56,-3.39,-1.16,204.16,-7.95,8.37
2026-01-22 18:38:00+00:00,-7.72,-2.59,-1.37,198.54,-9.53,8.26
2026-01-22 18:39:00+00:00,-7.95,-2.18,-1.09,195.35,-7.55,8.32
2026-01-22 18:40:00+00:00,-7.36,-3.19,1.11,203.45,7.88,8.10
2026-01-22 18:41:00+00:00,-7.63,-3.19,1.01,202.71,6.95,8.33
2026-01-22 18:42:00+00:00,-7.63,-3.12,0.67,202.27,4.67,8.27
2026-01-22 18:43:00+00:00,-7.49,-3.18,-1.07,203.00,-7.47,8.21
2026-01-22 18:44:00+00:00,-7.50,-3.35,-0.53,204.05,-3.66,8.23
2026-01-22 18:45:00+00:00,-7.24,-3.60,-0.17,206.48,-1.17,8.09
2026-01-22 18:46:00+00:00,-7.46,-2.89,0.52,201.19,3.74,8.01
2026-01-22 18:47:00+00:00,-7.56,-2.48,0.43,198.17,3.12,7.97
2026-01-22 18:48:00+00:00,-7.44,-2.98,0.08,201.81,0.59,8.01
2026-01-22 18:49:00+00:00,-6.45,-4.82,0.11,216.79,0.75,8.05
2026-01-22 18:50:00+00:00,-7.27,-3.75,0.18,207.29,1.25,8.19
2026-01-22 18:51:00+00:00,-7.02,-4.17,0.74,210.75,5.17,8.20
2026-01-22 18:52:00+00:00,-7.20,-3.73,0.74,207.38,5.23,8.15
2026-01-22 18:53:00+00:00,-7.37,-3.43,0.46,204.95,3.22,8.14
2026-01-22 18:54:00+00:00,-7.32,-3.47,-0.28,205.37,-1.96,8.11
2026-01-22 18:55:00+00:00,-7.09,-3.82,0.46,208.32,3.29,8.07
2026-01-22 18:56:00+00:00,-7.08,-3.70,0.51,207.59,3.65,8.01
2026-01-22 18:57:00+00:00,-7.23,-3.50,-0.11,205.81,-0.75,8.03
2026-01-22 18:58:00+00:00,-7.04,-3.81,0.02,208.41,0.12,8.01
2026-01-22 18:59:00+00:00,-7.02,-3.93,-0.07,209.25,-0.52,8.04
2026-01-22 19:00:00+00:00,-7.04,-3.89,-0.47,208.90,-3.38,8.06
2026-01-22 19:01:00+00:00,-7.44,-3.22,-0.77,203.43,-5.44,8.14
2026-01-22 19:02:00+00:00,-7.69,-2.66,-0.74,199.12,-5.18,8.17
2026-01-22 19:03:00+00:00,-7.72,-2.52,-0.62,198.10,-4.39,8.15
2026-01-22 19:04:00+00:00,-7.66,-2.82,-0.49,200.25,-3.44,8.18
2026-01-22 19:05:00+00:00,-7.42,-3.16,-0.54,203.06,-3.86,8.08
2026-01-22 19:06:00+00:00,-7.06,-3.45,-0.81,206.02,-5.91,7.90
2026-01-22 19:07:00+00:00,-7.99,0.62,0.94,175.54,6.71,8.07
2026-01-22 19:08:00+00:00,-7.99,0.34,1.12,177.53,7.95,8.07
2026-01-22 19:09:00+00:00,-7.69,-2.26,-0.41,196.40,-2.92,8.03
2026-01-22 19:10:00+00:00,-7.54,-2.66,-1.29,199.44,-9.16,8.10
2026-01-22 19:11:00+00:00,-7.80,-1.46,0.49,190.60,3.52,7.95
2026-01-22 19:12:00+00:00,-7.15,-2.69,-1.25,200.61,-9.29,7.74
2026-01-22 19:13:00+00:00,-6.90,-2.15,-2.45,197.35,-18.74,7.63
2026-01-22 19:14:00+00:00,-6.79,-1.36,-2.95,191.34,-23.10,7.53
2026-01-22 19:15:00+00:00,-6.97,-1.59,-2.62,192.84,-20.13,7.62
2026-01-22 19:16:00+00:00,-7.01,-2.71,-1.94,201.13,-14.49,7.76
2026-01-22 19:17:00+00:00,-7.24,-2.53,-1.58,199.28,-11.66,7.83
2026-01-22 19:18:00+00:00,-7.46,-1.05,-2.09,188.02,-15.51,7.82
2026-01-22 19:19:00+00:00,-7.62,-0.61,-1.86,184.60,-13.70,7.86
2026-01-22 19:20:00+00:00,-7.61,-0.93,-2.27,186.96,-16.49,8.00
2026-01-22 19:21:00+00:00,-7.78,-1.11,-1.88,188.14,-13.48,8.09
2026-01-22 19:22:00+00:00,-8.01,-1.51,-0.91,190.69,-6.35,8.20
2026-01-22 19:23:00+00:00,-7.87,-1.75,-1.01,192.55,-7.13,8.13
2026-01-22 19:24:00+00:00,-7.92,-1.42,-1.19,190.16,-8.42,8.14
2026-01-22 19:25:00+00:00,-7.85,-0.91,-1.90,186.64,-13.48,8.13
2026-01-22 19:26:00+00:00,-7.81,-1.30,-1.77,189.48,-12.63,8.11
2026-01-22 19:27:00+00:00,-7.64,-1.93,-1.87,194.20,-13.39,8.10
2026-01-22 19:28:00+00:00,-7.48,-1.58,-2.46,191.95,-17.85,8.03
2026-01-22 19:29:00+00:00,-7.55,-1.40,-2.55,190.53,-18.35,8.10
2026-01-22 19:30:00+00:00,-7.64,-1.04,-2.51,187.73,-18.02,8.11
2026-01-22 19:31:00+00:00,-7.55,-0.70,-2.82,185.29,-20.39,8.09
2026-01-22 19:32:00+00:00,-7.33,0.04,-3.17,179.72,-23.41,7.99
2026-01-22 19:33:00+00:00,-7.08,1.00,-3.69,171.95,-27.31,8.05
2026-01-22 19:34:00+00:00,-7.32,0.64,-3.23,175.01,-23.71,8.03
2026-01-22 19:35:00+00:00,-7.26,0.19,-3.48,178.50,-25.58,8.05
2026-01-22 19:36:00+00:00,-6.87,-0.14,-4.06,181.14,-30.59,7.99
2026-01-22 19:37:00+00:00,-7.07,-0.06,-3.80,180.50,-28.25,8.03
2026-01-22 19:38:00+00:00,-7.24,0.01,-3.68,179.95,-26.93,8.12
2026-01-22 19:39:00+00:00,-7.25,0.70,-3.44,174.46,-25.26,8.05
2026-01-22 19:40:00+00:00,-7.40,0.96,-3.19,172.63,-23.14,8.12
2026-01-22 19:41:00+00:00,-7.04,0.74,-3.90,173.99,-28.86,8.09
2026-01-22 19:42:00+00:00,-6.97,0.76,-4.15,173.79,-30.62,8.15
2026-01-22 19:43:00+00:00,-6.96,0.72,-4.19,174.08,-30.90,8.15
2026-01-22 19:44:00+00:00,-7.87,0.06,-2.79,179.58,-19.53,8.35
2026-01-22 19:45:00+00:00,-7.73,0.17,-3.02,178.73,-21.34,8.30
2026-01-22 19:46:00+00:00,-7.70,0.08,-3.04,179.41,-21.57,8.28
2026-01-22 19:47:00+00:00,-7.60,-0.08,-3.00,180.63,-21.51,8.17
2026-01-22 19:48:00+00:00,-7.61,-0.02,-3.09,180.12,-22.10,8.22
2026-01-22 19:49:00+00:00,-7.81,-0.05,-2.69,180.38,-19.01,8.26
2026-01-22 19:50:00+00:00,-7.82,0.03,-2.54,179.77,-17.97,8.22
2026-01-22 19:51:00+00:00,-7.79,0.03,-2.52,179.74,-17.96,8.19
2026-01-22 19:52:00+00:00,-7.61,0.05,-2.79,179.64,-20.14,8.11
2026-01-22 19:53:00+00:00,-7.44,-0.24,-3.29,181.87,-23.84,8.14
2026-01-22 19:54:00+00:00,-7.14,-0.37,-3.74,182.94,-27.61,8.07
2026-01-22 19:55:00+00:00,-7.63,-0.04,-3.01,180.31,-21.51,8.20
2026-01-22 19:56:00+00:00,-7.54,-0.50,-3.13,183.82,-22.49,8.17
2026-01-22 19:57:00+00:00,-7.78,-0.70,-2.99,185.11,-20.94,8.36
2026-01-22 19:58:00+00:00,-7.04,-1.62,-5.05,192.99,-34.97,8.81
2026-01-22 20:00:00+00:00,-8.07,0.45,-1.98,176.81,-13.76,8.32
2026-01-22 20:01:00+00:00,-8.02,0.18,-1.75,178.69,-12.32,8.21
2026-01-22 20:02:00+00:00,-7.89,0.28,-2.21,177.98,-15.65,8.20
2026-01-22 20:03:00+00:00,-7.23,-1.14,-3.53,188.97,-25.78,8.12
2026-01-22 20:04:00+00:00,-6.00,-2.21,-4.67,200.20,-36.12,7.92
2026-01-22 20:05:00+00:00,-6.45,-1.07,-4.41,189.45,-33.99,7.89
2026-01-22 20:06:00+00:00,-7.34,-1.42,-3.41,190.92,-24.48,8.22
2026-01-22 20:07:00+00:00,-7.09,-0.27,-4.10,182.16,-30.06,8.19
2026-01-22 20:08:00+00:00,-7.18,-0.78,-4.24,186.24,-30.45,8.37
2026-01-22 20:09:00+00:00,-7.41,-0.58,-3.87,184.51,-27.48,8.38
2026-01-22 20:10:00+00:00,-7.09,-0.64,-3.97,185.20,-29.12,8.15
2026-01-22 20:11:00+00:00,-7.15,-0.17,-3.42,181.38,-25.52,7.93
2026-01-22 20:12:00+00:00,-7.84,0.69,-2.44,174.98,-17.25,8.24
2026-01-22 20:13:00+00:00,-7.87,0.43,-2.42,176.84,-17.09,8.25
2026-01-22 20:14:00+00:00,-7.81,0.03,-2.53,179.79,-17.95,8.21
2026-01-22 20:15:00+00:00,-7.64,2.65,-1.68,160.87,-11.76,8.26
2026-01-22 20:16:00+00:00,-7.80,1.86,-2.29,166.57,-15.94,8.34
2026-01-22 20:17:00+00:00,-7.32,1.47,-3.46,168.66,-24.86,8.23
2026-01-22 20:18:00+00:00,-7.35,1.32,-3.62,169.82,-25.83,8.30
2026-01-22 20:19:00+00:00,-7.05,0.37,-4.29,177.03,-31.27,8.26
2026-01-22 20:20:00+00:00,-6.46,-0.25,-5.04,182.20,-37.97,8.20
2026-01-22 20:21:00+00:00,-6.05,-0.84,-5.37,187.88,-41.32,8.13
2026-01-22 20:22:00+00:00,-5.50,-1.31,-5.70,193.45,-45.23,8.02
2026-01-22 20:23:00+00:00,-5.63,-1.44,-5.38,194.35,-42.79,7.91
2026-01-22 20:24:00+00:00,-7.30,-0.27,-4.16,182.13,-29.65,8.41
2026-01-22 20:25:00+00:00,-7.25,-0.37,-4.24,182.91,-30.32,8.41
2026-01-22 20:26:00+00:00,-7.79,-0.05,-3.55,180.33,-24.48,8.56
2026-01-22 20:27:00+00:00,-7.39,-0.20,-4.29,181.54,-30.11,8.55
2026-01-22 20:28:00+00:00,-7.64,-0.36,-3.61,182.69,-25.27,8.45
2026-01-22 20:29:00+00:00,-7.78,0.14,-3.28,178.99,-22.85,8.44
2026-01-22 20:30:00+00:00,-7.42,-0.13,-4.51,181.01,-31.29,8.68
2026-01-22 20:31:00+00:00,-7.43,-0.01,-4.41,180.10,-30.69,8.64
2026-01-22 20:32:00+00:00,-7.53,-0.76,-4.31,185.79,-29.65,8.70
2026-01-22 20:33:00+00:00,-7.49,-1.00,-4.04,187.62,-28.10,8.57
2026-01-22 20:34:00+00:00,-7.39,-0.18,-3.90,181.39,-27.81,8.36
2026-01-22 20:35:00+00:00,-7.30,-1.40,-4.43,190.83,-30.79,8.65
2026-01-22 20:36:00+00:00,-6.81,-0.74,-4.29,186.20,-32.05,8.08
2026-01-22 20:37:00+00:00,-5.97,-2.13,-5.05,199.61,-38.52,8.11
2026-01-22 20:38:00+00:00,-6.33,-2.30,-4.57,199.94,-34.18,8.14
2026-01-22 20:39:00+00:00,-6.28,-1.93,-4.56,197.07,-34.76,8.00
2026-01-22 20:40:00+00:00,-4.65,-4.02,-5.09,220.85,-39.60,7.98
2026-01-22 20:41:00+00:00,-4.21,-4.36,-4.99,226.05,-39.46,7.85
2026-01-22 20:42:00+00:00,-6.00,-3.45,-4.65,209.87,-33.90,8.34
2026-01-22 20:43:00+00:00,-5.61,-4.13,-4.71,216.42,-34.08,8.41
2026-01-22 20:44:00+00:00,-6.22,-3.09,-4.45,206.39,-32.67,8.25
2026-01-22 20:45:00+00:00,-6.65,-2.12,-4.50,197.68,-32.78,8.31
2026-01-22 20:46:00+00:00,-5.88,-2.10,-5.29,199.68,-40.27,8.18
2026-01-22 20:47:00+00:00,-5.23,-3.53,-5.64,214.00,-41.82,8.46
2026-01-22 20:48:00+00:00,-2.74,-5.99,-5.95,245.39,-42.12,8.88
2026-01-22 20:49:00+00:00,-2.65,-6.12,-6.09,246.58,-42.43,9.03
2026-01-22 20:50:00+00:00,-2.61,-5.99,-6.33,246.46,-44.12,9.10
2026-01-22 20:51:00+00:00,-2.25,-6.22,-6.03,250.15,-42.35,8.95
2026-01-22 20:52:00+00:00,-2.61,-6.74,-6.24,248.85,-40.81,9.55
2026-01-22 20:53:00+00:00,-3.01,-6.79,-6.41,246.08,-40.79,9.81
2026-01-22 20:54:00+00:00,-3.09,-6.98,-6.31,246.13,-39.59,9.90
2026-01-22 20:55:00+00:00,-3.59,-6.80,-6.20,242.20,-38.90,9.88
2026-01-22 20:56:00+00:00,-3.73,-7.15,-5.91,242.43,-36.21,10.00
2026-01-22 20:57:00+00:00,-3.59,-7.36,-5.92,244.02,-35.87,10.10
2026-01-22 20:58:00+00:00,-3.32,-7.64,-5.87,246.51,-35.19,10.19
2026-01-22 20:59:00+00:00,-3.22,-7.74,-5.82,247.39,-34.77,10.20
2026-01-22 21:00:00+00:00,-3.26,-7.64,-5.68,246.87,-34.39,10.06
2026-01-22 21:01:00+00:00,-2.93,-7.61,-5.82,248.96,-35.52,10.02
2026-01-22 21:02:00+00:00,-2.67,-7.79,-5.85,251.05,-35.40,10.10
2026-01-22 21:03:00+00:00,-2.56,-7.49,-6.12,251.15,-37.72,10.01
2026-01-22 21:04:00+00:00,-6.81,-4.41,-4.78,212.92,-30.49,9.42
2026-01-22 21:05:00+00:00,-7.37,-3.86,-4.10,207.64,-26.26,9.28
2026-01-22 21:06:00+00:00,-7.38,-4.69,-4.15,212.43,-25.40,9.68
2026-01-22 21:07:00+00:00,-6.81,-5.32,-4.60,218.03,-28.01,9.79
2026-01-22 21:08:00+00:00,-2.88,-6.36,-6.70,245.63,-43.82,9.68
2026-01-22 21:09:00+00:00,-2.41,-6.97,-6.51,250.94,-41.46,9.84
2026-01-22 21:10:00+00:00,-2.58,-6.99,-6.51,249.72,-41.16,9.89
2026-01-22 21:11:00+00:00,-2.93,-6.75,-6.61,246.50,-41.93,9.89
2026-01-22 21:12:00+00:00,-3.00,-6.85,-6.42,246.36,-40.64,9.85
2026-01-22 21:13:00+00:00,-3.27,-6.69,-6.21,243.95,-39.81,9.70
2026-01-22 21:14:00+00:00,-3.71,-6.54,-6.16,240.46,-39.32,9.72
2026-01-22 21:15:00+00:00,-3.74,-6.82,-5.91,241.27,-37.22,9.76
2026-01-22 21:16:00+00:00,-3.63,-6.90,-5.58,242.24,-35.59,9.59
2026-01-22 21:17:00+00:00,-4.04,-5.79,-6.30,235.10,-41.73,9.46
2026-01-22 21:18:00+00:00,-4.38,-5.49,-6.14,231.39,-41.19,9.33
2026-01-22 21:19:00+00:00,-4.85,-5.47,-6.08,228.43,-39.74,9.51
2026-01-22 21:20:00+00:00,-4.88,-5.29,-6.08,227.31,-40.22,9.42
2026-01-22 21:21:00+00:00,-4.90,-4.97,-6.04,225.36,-40.87,9.23
2026-01-22 21:22:00+00:00,-5.04,-4.83,-6.12,223.79,-41.28,9.28
2026-01-22 21:23:00+00:00,-5.04,-4.51,-6.19,221.80,-42.44,9.17
2026-01-22 21:24:00+00:00,-5.42,-4.34,-6.06,218.69,-41.12,9.21
2026-01-22 21:25:00+00:00,-5.45,-4.43,-6.20,219.11,-41.44,9.37
2026-01-22 21:26:00+00:00,-5.30,-4.66,-6.21,221.37,-41.34,9.40
2026-01-22 21:27:00+00:00,-4.91,-4.94,-6.32,225.23,-42.22,9.41
2026-01-22 21:28:00+00:00,-4.71,-5.10,-6.31,227.28,-42.23,9.38
2026-01-22 21:29:00+00:00,-4.65,-4.83,-6.57,226.10,-44.42,9.38
2026-01-22 21:30:00+00:00,-4.67,-4.76,-6.70,225.55,-45.13,9.45
2026-01-22 21:31:00+00:00,-4.73,-4.62,-6.74,224.28,-45.54,9.44
2026-01-22 21:32:00+00:00,-4.97,-4.33,-6.64,221.09,-45.22,9.35
2026-01-22 21:33:00+00:00,-6.19,-1.53,-6.88,193.87,-47.18,9.38
2026-01-22 21:34:00+00:00,-6.50,-0.86,-6.74,187.55,-45.81,9.40
2026-01-22 21:35:00+00:00,-6.56,-0.98,-6.68,188.51,-45.19,9.41
2026-01-22 21:36:00+00:00,-6.52,-1.05,-6.85,189.13,-46.08,9.52
2026-01-22 21:37:00+00:00,-6.50,-1.11,-6.94,189.66,-46.47,9.57
2026-01-22 21:38:00+00:00,-6.42,-1.20,-6.85,190.56,-46.37,9.47
2026-01-22 21:39:00+00:00,-6.33,-0.83,-6.98,187.50,-47.56,9.46
2026-01-22 21:40:00+00:00,-6.75,-0.31,-6.78,182.61,-45.13,9.57
2026-01-22 21:41:00+00:00,-6.68,-0.42,-6.78,183.62,-45.35,9.53
2026-01-22 21:42:00+00:00,-6.70,-0.23,-6.80,181.99,-45.44,9.55
2026-01-22 21:43:00+00:00,-6.57,-0.89,-6.79,187.73,-45.66,9.49
2026-01-22 21:44:00+00:00,-6.62,-0.74,-6.65,186.38,-44.97,9.42
2026-01-22 21:45:00+00:00,-6.89,0.23,-6.53,178.08,-43.47,9.50
2026-01-22 21:46:00+00:00,-6.92,0.51,-6.37,175.75,-42.52,9.42
2026-01-22 21:47:00+00:00,-6.91,0.35,-6.16,177.10,-41.67,9.26
2026-01-22 21:48:00+00:00,-6.99,0.45,-6.15,176.29,-41.27,9.33
2026-01-22 21:49:00+00:00,-7.09,0.48,-6.08,176.12,-40.56,9.35
2026-01-22 21:50:00+00:00,-7.10,0.94,-5.96,172.44,-39.73,9.32
2026-01-22 21:51:00+00:00,-6.95,0.98,-6.06,171.94,-40.81,9.27
2026-01-22 21:52:00+00:00,-6.83,0.87,-6.21,172.74,-42.06,9.27
2026-01-22 21:53:00+00:00,-6.85,0.91,-6.16,172.43,-41.72,9.26
2026-01-22 21:54:00+00:00,-6.82,0.96,-6.18,172.02,-41.93,9.25
2026-01-22 21:55:00+00:00,-6.72,0.89,-6.29,172.46,-42.85,9.25
2026-01-22 21:56:00+00:00,-6.55,0.88,-6.15,172.34,-42.93,9.03
2026-01-22 21:57:00+00:00,-6.29,0.57,-6.21,174.82,-44.53,8.85
2026-01-22 21:58:00+00:00,-6.22,0.24,-6.26,177.78,-45.17,8.83
2026-01-22 22:03:00+00:00,-6.18,-3.32,-6.76,208.25,-43.93,9.75
2026-01-22 22:04:00+00:00,-6.77,-1.51,-7.07,192.54,-45.54,9.91
2026-01-22 22:05:00+00:00,-6.95,-0.70,-7.39,185.76,-46.62,10.16
2026-01-22 22:06:00+00:00,-6.52,-2.04,-7.44,197.37,-47.43,10.10
2026-01-22 22:07:00+00:00,-6.53,-3.02,-7.09,204.85,-44.59,10.10
2026-01-22 22:08:00+00:00,-6.64,-3.23,-6.98,205.95,-43.38,10.16
2026-01-22 22:09:00+00:00,-6.15,-3.50,-7.07,209.66,-45.00,10.00
2026-01-22 22:10:00+00:00,-5.96,-3.82,-7.19,212.63,-45.43,10.09
2026-01-22 22:11:00+00:00,-5.69,-4.41,-7.18,217.83,-44.91,10.16
2026-01-22 22:12:00+00:00,-5.37,-4.75,-7.18,221.51,-45.03,10.14
2026-01-22 22:13:00+00:00,-4.85,-5.01,-7.12,225.94,-45.61,9.96
2026-01-22 22:14:00+00:00,-4.89,-4.72,-7.27,223.96,-46.93,9.95
2026-01-22 22:15:00+00:00,-4.99,-4.68,-7.20,223.15,-46.47,9.93
2026-01-22 22:16:00+00:00,-5.02,-4.81,-7.11,223.82,-45.62,9.94
2026-01-22 22:17:00+00:00,-5.47,-4.74,-6.88,220.88,-43.57,9.99
2026-01-22 22:18:00+00:00,-5.49,-4.74,-6.87,220.77,-43.45,9.99
2026-01-22 22:19:00+00:00,-5.57,-4.73,-6.83,220.36,-43.05,10.01
2026-01-22 22:20:00+00:00,-5.26,-4.95,-6.85,223.25,-43.45,9.95
2026-01-22 22:21:00+00:00,-4.99,-5.15,-6.84,225.88,-43.62,9.91
2026-01-22 22:22:00+00:00,-4.84,-5.28,-6.73,227.45,-43.23,9.83
2026-01-22 22:23:00+00:00,-4.68,-5.35,-6.69,228.82,-43.30,9.76
2026-01-22 22:24:00+00:00,-4.60,-5.43,-6.77,229.77,-43.55,9.82
2026-01-22 22:25:00+00:00,-4.19,-5.60,-6.39,233.22,-42.41,9.47
2026-01-22 22:26:00+00:00,-3.69,-5.58,-5.90,236.53,-41.43,8.92
2026-01-22 22:27:00+00:00,-2.10,-7.26,-4.67,253.89,-31.70,8.88
2026-01-22 22:28:00+00:00,-1.84,-5.90,-5.98,252.65,-44.07,8.60
2026-01-22 22:29:00+00:00,-2.40,-5.26,-6.52,245.44,-48.42,8.71
2026-01-22 22:30:00+00:00,-2.57,-4.90,-6.85,242.31,-51.08,8.81
2026-01-22 22:31:00+00:00,-2.11,-5.90,-6.30,250.31,-45.12,8.88
2026-01-22 22:32:00+00:00,-2.09,-6.27,-5.93,251.55,-41.92,8.88
2026-01-22 22:33:00+00:00,-1.80,-6.47,-5.68,254.45,-40.24,8.79
2026-01-22 22:34:00+00:00,-1.57,-6.38,-5.55,256.18,-40.18,8.60
2026-01-22 22:35:00+00:00,-0.93,-5.90,-5.80,261.04,-44.14,8.32
2026-01-22 22:36:00+00:00,-0.96,-4.73,-6.73,258.54,-54.36,8.27
2026-01-22 22:37:00+00:00,-1.00,-4.17,-7.01,256.49,-58.57,8.22
2026-01-22 22:38:00+00:00,-1.34,-4.50,-6.73,253.43,-55.06,8.21
2026-01-22 22:39:00+00:00,-1.22,-4.98,-6.35,256.20,-51.09,8.17
2026-01-22 22:40:00+00:00,-1.55,-4.67,-6.52,251.68,-52.94,8.17
2026-01-22 22:41:00+00:00,-1.19,-5.11,-6.33,256.89,-50.32,8.22
2026-01-22 22:42:00+00:00,-0.71,-6.12,-5.46,263.41,-41.53,8.23
2026-01-22 22:43:00+00:00,-0.91,-4.96,-6.35,259.56,-51.55,8.11
2026-01-22 22:44:00+00:00,-2.71,-4.04,-6.92,236.13,-54.90,8.46
2026-01-22 22:45:00+00:00,-1.70,-4.42,-7.01,249.00,-55.94,8.46
2026-01-22 22:46:00+00:00,-1.59,-4.68,-6.88,251.23,-54.29,8.47
2026-01-22 22:47:00+00:00,-4.09,-3.81,-6.67,222.94,-50.01,8.70
2026-01-22 22:48:00+00:00,-2.98,-3.89,-6.99,232.52,-54.96,8.54
2026-01-22 22:49:00+00:00,-1.92,-4.14,-7.07,245.13,-57.19,8.42
2026-01-22 22:51:00+00:00,-1.94,-3.49,-7.23,240.87,-61.09,8.26
2026-01-22 22:52:00+00:00,-2.11,-4.29,-6.87,243.84,-55.13,8.37
2026-01-22 22:53:00+00:00,-1.77,-4.47,-6.71,248.42,-54.38,8.25
2026-01-22 22:54:00+00:00,-0.70,-4.94,-6.81,261.96,-53.78,8.44
2026-01-22 22:55:00+00:00,-1.46,-4.91,-6.53,253.42,-51.86,8.30
2026-01-22 22:56:00+00:00,-1.56,-3.93,-7.18,248.30,-59.51,8.33
2026-01-22 22:57:00+00:00,-1.16,-3.77,-7.19,252.89,-61.29,8.20
2026-01-22 22:58:00+00:00,-2.27,-3.87,-6.96,239.59,-57.16,8.28
2026-01-22 22:59:00+00:00,-4.58,-4.64,-6.04,225.39,-42.78,8.89
2026-01-22 23:00:00+00:00,-5.93,-4.83,-4.90,219.15,-32.67,9.08
2026-01-22 23:01:00+00:00,-5.50,-4.48,-5.55,219.21,-38.06,9.01
2026-01-22 23:02:00+00:00,-5.15,-3.88,-6.33,217.04,-44.49,9.04
2026-01-22 23:03:00+00:00,-4.93,-3.96,-6.31,218.78,-44.92,8.93
2026-01-22 23:04:00+00:00,-4.97,-3.05,-6.77,211.54,-49.26,8.93
2026-01-22 23:05:00+00:00,-3.52,-5.05,-5.85,235.10,-43.52,8.49
2026-01-22 23:06:00+00:00,-2.88,-5.77,-5.62,243.46,-41.07,8.56
2026-01-22 23:07:00+00:00,-2.27,-6.25,-5.36,250.07,-38.88,8.53
2026-01-22 23:08:00+00:00,-2.59,-5.87,-5.52,246.17,-40.70,8.47
2026-01-22 23:09:00+00:00,-1.37,-6.39,-4.80,257.90,-36.29,8.11
2026-01-22 23:10:00+00:00,-0.95,-6.34,-4.52,261.47,-35.20,7.85
2026-01-22 23:11:00+00:00,-2.42,-6.03,-5.23,248.12,-38.80,8.34
2026-01-22 23:12:00+00:00,-2.37,-6.15,-5.08,248.92,-37.61,8.32
2026-01-22 23:13:00+00:00,-2.40,-6.24,-4.84,248.99,-35.87,8.25
2026-01-22 23:14:00+00:00,-2.29,-6.41,-4.71,250.34,-34.68,8.27
2026-01-22 23:15:00+00:00,-2.06,-6.37,-4.83,252.08,-35.84,8.25
2026-01-22 23:16:00+00:00,-2.22,-6.39,-4.86,250.79,-35.69,8.33
2026-01-22 23:17:00+00:00,-2.66,-6.27,-4.89,247.03,-35.72,8.38
2026-01-22 23:18:00+00:00,-2.59,-6.27,-4.90,247.54,-35.80,8.37
2026-01-22 23:19:00+00:00,-3.50,-5.30,-5.30,236.57,-39.84,8.28
2026-01-22 23:20:00+00:00,-4.25,-4.17,-5.95,224.42,-44.98,8.42
2026-01-22 23:21:00+00:00,-5.13,-3.04,-6.22,210.62,-46.19,8.62
2026-01-22 23:22:00+00:00,-5.08,-4.02,-5.71,218.37,-41.42,8.63
2026-01-22 23:23:00+00:00,-5.03,-4.23,-5.47,220.07,-39.77,8.55
2026-01-22 23:24:00+00:00,-4.93,-4.22,-5.55,220.58,-40.57,8.54
2026-01-22 23:25:00+00:00,-4.58,-4.10,-5.82,221.81,-43.46,8.47
2026-01-22 23:26:00+00:00,-4.33,-4.88,-5.37,228.42,-39.44,8.45
2026-01-22 23:27:00+00:00,-5.22,-3.86,-5.56,216.47,-40.56,8.55
2026-01-22 23:28:00+00:00,-5.34,-4.02,-5.63,216.93,-40.12,8.74
2026-01-22 23:29:00+00:00,-5.48,-3.92,-5.61,215.56,-39.78,8.77
2026-01-22 23:30:00+00:00,-5.92,-3.69,-5.45,211.96,-38.03,8.85
2026-01-22 23:31:00+00:00,-5.79,-3.56,-5.63,211.57,-39.64,8.83
2026-01-22 23:32:00+00:00,-6.25,-2.55,-5.61,202.19,-39.70,8.78
2026-01-22 23:33:00+00:00,-4.83,-4.13,-5.66,220.52,-41.69,8.51
2026-01-22 23:34:00+00:00,-5.51,-2.44,-6.12,203.86,-45.42,8.59
2026-01-22 23:35:00+00:00,-6.41,-1.61,-5.86,194.12,-41.53,8.83
2026-01-22 23:36:00+00:00,-6.93,0.60,-5.18,175.04,-36.70,8.68
2026-01-22 23:37:00+00:00,-7.04,0.55,-5.20,175.50,-36.35,8.77
2026-01-22 23:38:00+00:00,-7.60,0.79,-4.50,174.08,-30.49,8.86
2026-01-22 23:39:00+00:00,-6.98,-0.42,-5.25,183.47,-36.89,8.75
2026-01-22 23:40:00+00:00,-7.57,2.64,-4.07,160.76,-26.93,9.00
2026-01-22 23:41:00+00:00,-7.41,2.27,-4.50,162.94,-30.14,8.96
2026-01-22 23:42:00+00:00,-7.29,2.34,-4.10,162.22,-28.15,8.69
2026-01-22 23:43:00+00:00,-7.80,1.73,-3.77,167.47,-25.26,8.83
2026-01-22 23:44:00+00:00,-7.00,-0.82,-5.43,186.66,-37.64,8.89
2026-01-22 23:45:00+00:00,-6.64,1.60,-5.28,166.44,-37.71,8.63
2026-01-22 23:46:00+00:00,-6.48,-1.45,-5.97,192.63,-41.96,8.93
2026-01-22 23:47:00+00:00,-6.05,-2.03,-6.16,198.57,-43.95,8.87
2026-01-22 23:48:00+00:00,-5.16,-2.78,-6.51,208.35,-47.96,8.76
2026-01-22 23:49:00+00:00,-7.58,0.05,-4.41,179.64,-30.21,8.77
2026-01-22 23:50:00+00:00,-7.55,-0.37,-4.86,182.81,-32.77,8.99
2026-01-22 23:51:00+00:00,-7.77,-0.25,-4.49,181.85,-30.00,8.98
2026-01-22 23:52:00+00:00,-7.62,0.27,-4.70,178.00,-31.64,8.95
2026-01-22 23:53:00+00:00,-7.69,-0.51,-4.61,183.78,-30.87,8.98
2026-01-22 23:54:00+00:00,-7.23,-0.40,-5.23,183.13,-35.85,8.93
2026-01-22 23:55:00+00:00,-7.73,0.08,-4.71,179.42,-31.34,9.06
2026-01-22 23:56:00+00:00,-8.05,0.62,-4.02,175.62,-26.46,9.01
2026-01-22 23:57:00+00:00,-7.90,0.09,-4.32,179.35,-28.64,9.01
2026-01-22 23:58:00+00:00,-7.78,-0.91,-4.59,186.67,-30.36,9.07
2026-01-22 23:59:00+00:00,-7.31,-1.00,-5.21,187.81,-35.24,9.03
2026-01-23 00:00:00+00:00,-7.15,-0.94,-5.41,187.47,-36.90,9.02
2026-01-23 00:01:00+00:00,-7.27,-0.64,-5.37,185.02,-36.32,9.06
2026-01-23 00:02:00+00:00,-7.42,-0.30,-5.31,182.35,-35.60,9.13
2026-01-23 00:03:00+00:00,-7.63,-0.25,-5.12,181.87,-33.84,9.20
2026-01-23 00:04:00+00:00,-7.62,-0.44,-5.15,183.29,-33.99,9.21
2026-01-23 00:05:00+00:00,-7.73,-0.58,-4.97,184.26,-32.66,9.21
2026-01-23 00:06:00+00:00,-7.90,-1.10,-4.57,187.95,-29.82,9.19
2026-01-23 00:07:00+00:00,-8.32,-1.00,-3.96,186.88,-25.31,9.27
2026-01-23 00:08:00+00:00,-8.73,-1.09,-3.08,187.12,-19.29,9.32
2026-01-23 00:09:00+00:00,-8.53,-0.85,-3.56,185.71,-22.53,9.28
2026-01-23 00:10:00+00:00,-8.30,-0.97,-3.87,186.67,-24.87,9.21
2026-01-23 00:11:00+00:00,-8.40,-0.81,-3.73,185.51,-23.81,9.23
2026-01-23 00:12:00+00:00,-7.67,-0.27,-4.83,182.05,-32.16,9.07
2026-01-23 00:13:00+00:00,-7.70,-0.49,-4.83,183.61,-32.05,9.10
2026-01-23 00:14:00+00:00,-7.33,0.41,-5.20,176.78,-35.33,9.00
2026-01-23 00:15:00+00:00,-7.34,-0.09,-5.29,180.71,-35.77,9.05
2026-01-23 00:16:00+00:00,-7.26,-0.49,-5.42,183.85,-36.69,9.07
2026-01-23 00:17:00+00:00,-6.95,-0.02,-5.59,180.18,-38.79,8.92
2026-01-23 00:18:00+00:00,-7.35,-1.25,-5.12,189.68,-34.49,9.04
2026-01-23 00:19:00+00:00,-7.40,-0.92,-5.15,187.07,-34.64,9.06
2026-01-23 00:20:00+00:00,-7.29,-1.43,-5.17,191.07,-34.83,9.05
2026-01-23 00:21:00+00:00,-7.33,-1.41,-5.12,190.89,-34.44,9.05
2026-01-23 00:22:00+00:00,-7.48,-1.51,-4.90,191.40,-32.70,9.07
2026-01-23 00:23:00+00:00,-7.49,-1.26,-4.90,189.56,-32.80,9.04
2026-01-23 00:24:00+00:00,-7.16,-1.12,-5.30,188.88,-36.17,8.98
2026-01-23 00:25:00+00:00,-7.14,-1.23,-5.27,189.74,-36.04,8.96
2026-01-23 00:26:00+00:00,-6.99,-1.01,-5.51,188.25,-37.93,8.96
2026-01-23 00:27:00+00:00,-7.43,-0.39,-5.12,182.99,-34.51,9.03
2026-01-23 00:28:00+00:00,-7.29,-0.26,-5.21,182.04,-35.53,8.96
2026-01-23 00:29:00+00:00,-7.44,-0.91,-4.96,186.94,-33.50,8.99
2026-01-23 00:30:00+00:00,-7.47,-0.83,-4.89,186.33,-33.02,8.97
2026-01-23 00:31:00+00:00,-7.60,-0.84,-4.54,186.34,-30.71,8.89
2026-01-23 00:32:00+00:00,-7.48,-1.35,-4.56,190.23,-30.96,8.87
2026-01-23 00:33:00+00:00,-6.21,-0.85,-6.11,187.81,-44.25,8.76
2026-01-23 00:34:00+00:00,-5.68,-0.02,-6.71,180.23,-49.74,8.79
2026-01-23 00:35:00+00:00,-5.93,-0.33,-6.52,183.16,-47.65,8.82
2026-01-23 00:36:00+00:00,-6.33,-0.29,-6.14,182.67,-44.08,8.82
2026-01-23 00:37:00+00:00,-6.39,-0.55,-6.12,184.96,-43.68,8.87
2026-01-23 00:38:00+00:00,-5.73,-1.18,-6.50,191.63,-48.05,8.75
2026-01-23 00:39:00+00:00,-5.66,-1.25,-6.52,192.48,-48.37,8.73
2026-01-23 00:40:00+00:00,-6.13,-1.44,-6.08,193.25,-44.00,8.76
2026-01-23 00:41:00+00:00,-6.28,-0.55,-6.13,185.00,-44.21,8.79
2026-01-23 00:42:00+00:00,-6.22,-0.10,-6.27,180.94,-45.22,8.83
2026-01-23 00:43:00+00:00,-6.02,-0.41,-6.24,183.87,-45.99,8.68
2026-01-23 00:44:00+00:00,-5.26,0.19,-6.80,177.90,-52.29,8.60
2026-01-23 00:45:00+00:00,-5.59,-0.31,-6.61,183.21,-49.73,8.66
2026-01-23 00:46:00+00:00,-5.62,-0.15,-6.44,181.48,-48.86,8.55
2026-01-23 00:47:00+00:00,-5.15,-0.03,-6.83,180.38,-52.97,8.55
2026-01-23 00:48:00+00:00,-3.97,1.90,-7.22,154.36,-58.66,8.46
2026-01-23 00:49:00+00:00,-5.08,0.74,-6.92,171.66,-53.44,8.62
2026-01-23 00:50:00+00:00,-5.14,0.51,-6.85,174.34,-53.01,8.58
2026-01-23 00:51:00+00:00,-4.22,2.45,-7.22,149.84,-55.94,8.72
2026-01-23 00:52:00+00:00,-3.77,3.53,-6.85,136.89,-53.01,8.58
2026-01-23 00:53:00+00:00,-3.92,4.13,-6.56,133.52,-49.04,8.68
2026-01-23 00:54:00+00:00,-3.62,4.90,-6.08,126.46,-44.95,8.61
2026-01-23 00:55:00+00:00,-4.36,3.60,-6.65,140.42,-49.66,8.73
2026-01-23 00:56:00+00:00,-4.09,2.67,-7.18,146.86,-55.77,8.69
2026-01-23 00:57:00+00:00,-4.04,1.01,-7.65,166.01,-61.48,8.71
2026-01-23 00:58:00+00:00,-4.24,1.25,-7.54,163.56,-59.64,8.74
2026-01-23 00:59:00+00:00,-3.93,2.72,-7.21,145.30,-56.41,8.65
2026-01-23 01:00:00+00:00,-3.77,2.95,-7.10,141.98,-56.05,8.56
2026-01-23 01:01:00+00:00,-4.49,2.34,-7.05,152.49,-54.33,8.68
2026-01-23 01:02:00+00:00,-5.00,1.97,-6.92,158.48,-52.13,8.76
2026-01-23 01:03:00+00:00,-4.24,1.45,-7.44,161.15,-58.95,8.68
2026-01-23 01:04:00+00:00,-4.96,0.64,-7.13,172.66,-54.95,8.71
2026-01-23 01:05:00+00:00,-4.56,0.49,-7.27,173.90,-57.75,8.60
2026-01-23 01:06:00+00:00,-5.44,1.58,-6.61,163.78,-49.39,8.71
2026-01-23 01:07:00+00:00,-5.04,1.82,-6.87,160.16,-52.04,8.72
2026-01-23 01:08:00+00:00,-5.79,1.43,-6.60,166.10,-47.87,8.89
2026-01-23 01:09:00+00:00,-6.06,0.68,-6.62,173.64,-47.36,9.00
2026-01-23 01:10:00+00:00,-5.88,0.29,-6.69,177.18,-48.63,8.91
2026-01-23 01:11:00+00:00,-6.21,0.68,-6.47,173.75,-45.98,8.99
2026-01-23 01:12:00+00:00,-6.54,1.07,-6.17,170.71,-42.93,9.06
2026-01-23 01:13:00+00:00,-6.54,1.14,-6.18,170.09,-42.91,9.07
2026-01-23 01:14:00+00:00,-6.81,1.02,-5.86,171.45,-40.40,9.04
2026-01-23 01:15:00+00:00,-7.04,1.02,-5.56,171.74,-38.04,9.03
2026-01-23 01:16:00+00:00,-7.42,0.41,-5.21,176.87,-35.05,9.08
2026-01-23 01:17:00+00:00,-6.57,1.11,-5.75,170.38,-40.79,8.80
2026-01-23 01:18:00+00:00,-6.54,0.85,-5.81,172.62,-41.38,8.79
2026-01-23 01:19:00+00:00,-6.24,1.23,-5.97,168.81,-43.22,8.72
2026-01-23 01:20:00+00:00,-5.92,1.23,-6.25,168.30,-45.92,8.70
2026-01-23 01:21:00+00:00,-6.33,1.01,-5.86,170.94,-42.44,8.69
2026-01-23 01:22:00+00:00,-6.65,1.62,-5.54,166.31,-38.99,8.80
2026-01-23 01:23:00+00:00,-6.34,1.91,-5.93,163.21,-41.84,8.90
2026-01-23 01:24:00+00:00,-6.59,1.46,-5.89,167.50,-41.11,8.95
2026-01-23 01:25:00+00:00,-6.81,1.42,-5.63,168.22,-38.99,8.95
2026-01-23 01:26:00+00:00,-6.74,1.23,-5.76,169.69,-40.04,8.95
2026-01-23 01:27:00+00:00,-6.39,1.71,-5.98,165.01,-42.15,8.92
2026-01-23 01:28:00+00:00,-6.47,1.69,-5.98,165.33,-41.83,8.97
2026-01-23 01:29:00+00:00,-6.52,2.01,-5.99,162.83,-41.28,9.08
2026-01-23 01:30:00+00:00,-6.61,1.30,-6.15,168.89,-42.41,9.12
2026-01-23 01:31:00+00:00,-6.61,1.89,-5.68,164.09,-39.58,8.92
2026-01-23 01:32:00+00:00,-7.20,1.79,-5.17,166.04,-34.86,9.04
2026-01-23 01:33:00+00:00,-7.68,-2.91,-4.15,200.79,-26.82,9.20
2026-01-23 01:34:00+00:00,-7.36,-2.26,-4.58,197.08,-30.74,8.95
2026-01-23 01:35:00+00:00,-6.85,1.31,-4.97,169.20,-35.46,8.56
2026-01-23 01:36:00+00:00,-5.54,3.22,-5.53,149.81,-40.78,8.47
2026-01-23 01:37:00+00:00,-4.34,4.06,-5.70,136.90,-43.76,8.24
2026-01-23 01:38:00+00:00,-4.34,4.75,-5.26,132.43,-39.26,8.31
2026-01-23 01:39:00+00:00,-4.14,4.53,-5.67,132.40,-42.74,8.35
2026-01-23 01:40:00+00:00,-4.64,3.64,-6.02,141.86,-45.61,8.43
2026-01-23 01:41:00+00:00,-5.75,3.59,-5.27,148.08,-37.85,8.59
2026-01-23 01:42:00+00:00,-6.64,2.87,-4.88,156.65,-34.01,8.72
2026-01-23 01:43:00+00:00,-7.16,2.34,-4.55,161.92,-31.15,8.80
2026-01-23 01:44:00+00:00,-6.95,1.82,-5.04,165.29,-35.01,8.78
2026-01-23 01:45:00+00:00,-7.02,2.46,-4.76,160.65,-32.61,8.83
2026-01-23 01:46:00+00:00,-7.19,2.81,-4.38,158.67,-29.57,8.88
2026-01-23 01:47:00+00:00,-7.08,2.15,-4.28,163.12,-30.03,8.54
2026-01-23 01:48:00+00:00,-7.62,0.46,-3.51,176.53,-24.68,8.40
2026-01-23 01:49:00+00:00,-7.71,1.42,-3.71,169.59,-25.33,8.68
2026-01-23 01:50:00+00:00,-7.44,0.48,-4.66,176.30,-32.03,8.79
2026-01-23 01:51:00+00:00,-7.62,-0.13,-4.08,180.94,-28.18,8.64
2026-01-23 01:52:00+00:00,-5.90,1.47,-5.39,166.01,-41.55,8.12
2026-01-23 01:53:00+00:00,-5.80,0.97,-5.54,170.54,-43.28,8.08
2026-01-23 01:54:00+00:00,-4.78,-1.80,-4.98,200.58,-44.24,7.13
2026-01-23 01:55:00+00:00,-2.55,-4.96,-4.20,242.76,-36.99,6.98
2026-01-23 01:56:00+00:00,-2.23,-5.67,-3.37,248.55,-28.99,6.96
2026-01-23 01:57:00+00:00,-1.72,-5.42,-2.98,252.42,-27.65,6.42
2026-01-23 01:58:00+00:00,-1.29,-4.78,-3.56,254.88,-35.76,6.10
2026-01-23 01:59:00+00:00,-1.69,-5.76,-2.92,253.63,-25.93,6.68
2026-01-23 02:00:00+00:00,-2.16,-5.86,-2.54,249.74,-22.10,6.74
2026-01-23 02:01:00+00:00,-2.54,-3.79,-4.75,236.20,-46.18,6.59
2026-01-23 02:02:00+00:00,-1.67,-2.08,-5.51,231.28,-64.12,6.12
2026-01-23 02:03:00+00:00,-1.30,0.13,-5.93,174.21,-77.62,6.08
2026-01-23 02:04:00+00:00,-1.96,-0.17,-5.64,184.90,-70.79,5.98
2026-01-23 02:05:00+00:00,-2.58,-1.93,-5.64,216.73,-60.26,6.50
2026-01-23 02:06:00+00:00,-2.36,-4.23,-3.25,240.88,-33.87,5.83
2026-01-23 02:07:00+00:00,-1.97,-3.66,-2.38,241.69,-29.80,4.79
2026-01-23 02:08:00+00:00,-2.14,0.07,-4.31,178.18,-63.59,4.81
2026-01-23 02:09:00+00:00,-3.04,-1.00,-5.02,198.21,-57.43,5.95
2026-01-23 02:10:00+00:00,-2.40,-4.22,-3.75,240.38,-37.67,6.13
2026-01-23 02:11:00+00:00,-2.71,-3.95,-3.62,235.60,-37.06,6.01
2026-01-23 02:12:00+00:00,-1.91,-3.83,-4.10,243.45,-43.76,5.93
2026-01-23 02:13:00+00:00,-2.73,-3.13,-4.40,228.93,-46.67,6.05
2026-01-23 02:14:00+00:00,-1.20,-4.47,-3.13,254.92,-34.09,5.59
2026-01-23 02:15:00+00:00,-0.37,-5.39,-2.64,266.09,-26.01,6.02
2026-01-23 02:16:00+00:00,-0.08,-5.19,-2.95,269.13,-29.61,5.97
2026-01-23 02:17:00+00:00,-0.81,-5.03,-2.89,260.89,-29.55,5.86
2026-01-23 02:18:00+00:00,-0.45,-5.22,-1.95,265.06,-20.38,5.59
2026-01-23 02:19:00+00:00,-0.76,-5.21,-2.05,261.67,-21.24,5.65
2026-01-23 02:20:00+00:00,-1.34,-5.09,-3.04,255.23,-29.99,6.08
2026-01-23 02:21:00+00:00,-1.68,-4.94,-2.83,251.25,-28.45,5.93
2026-01-23 02:22:00+00:00,-1.79,-4.62,-3.07,248.81,-31.79,5.83
2026-01-23 02:23:00+00:00,-0.97,-4.35,-2.75,257.40,-31.68,5.24
2026-01-23 02:24:00+00:00,-0.48,-4.70,-2.59,264.19,-28.68,5.39
2026-01-23 02:25:00+00:00,-0.09,-4.62,-2.02,268.85,-23.59,5.04
2026-01-23 02:26:00+00:00,-0.69,-4.38,-2.91,261.09,-33.23,5.30
2026-01-23 02:27:00+00:00,-1.78,-4.89,-4.10,249.96,-38.25,6.63
2026-01-23 02:28:00+00:00,-1.42,-4.69,-3.88,253.12,-38.39,6.25
2026-01-23 02:29:00+00:00,0.55,-4.58,-3.56,276.89,-37.66,5.83
2026-01-23 02:30:00+00:00,0.48,-3.94,-4.36,276.96,-47.69,5.90
2026-01-23 02:31:00+00:00,-0.27,-4.15,-4.20,266.32,-45.27,5.91
2026-01-23 02:32:00+00:00,-2.42,-4.36,-3.83,240.99,-37.48,6.29
2026-01-23 02:33:00+00:00,-2.59,-4.04,-4.22,237.36,-41.38,6.39
2026-01-23 02:34:00+00:00,-1.47,-3.53,-4.63,247.36,-50.47,6.00
2026-01-23 02:35:00+00:00,-2.02,-3.82,-4.02,242.20,-42.94,5.90
2026-01-23 02:36:00+00:00,-3.40,-2.75,-4.30,219.02,-44.50,6.13
2026-01-23 02:37:00+00:00,-3.55,-1.47,-4.60,202.57,-50.15,6.00
2026-01-23 02:38:00+00:00,-4.68,1.15,-4.34,166.16,-42.04,6.48
2026-01-23 02:39:00+00:00,-4.58,0.78,-4.38,170.32,-43.30,6.38
2026-01-23 02:40:00+00:00,-4.70,0.99,-4.17,168.05,-40.96,6.36
2026-01-23 02:41:00+00:00,-5.42,0.34,-3.87,176.40,-35.47,6.67
2026-01-23 02:42:00+00:00,-5.27,1.21,-3.73,167.06,-34.59,6.57
2026-01-23 02:43:00+00:00,-4.91,1.46,-3.81,163.43,-36.66,6.38
2026-01-23 02:44:00+00:00,-5.05,1.38,-3.80,164.68,-35.93,6.47
2026-01-23 02:45:00+00:00,-5.09,1.46,-4.21,164.02,-38.46,6.77
2026-01-23 02:46:00+00:00,-4.69,1.30,-4.48,164.53,-42.61,6.61
2026-01-23 02:47:00+00:00,-4.75,0.25,-4.55,177.02,-43.76,6.58
2026-01-23 02:48:00+00:00,-4.42,-2.58,-3.90,210.26,-37.31,6.43
2026-01-23 02:49:00+00:00,-4.07,-2.94,-3.93,215.85,-38.06,6.37
2026-01-23 02:50:00+00:00,-4.27,-2.83,-4.17,213.53,-39.09,6.61
2026-01-23 02:51:00+00:00,-4.19,-3.00,-4.09,215.55,-38.44,6.58
2026-01-23 02:52:00+00:00,-4.37,-2.00,-4.24,204.60,-41.40,6.42
2026-01-23 02:53:00+00:00,-4.80,-1.01,-4.08,191.90,-39.76,6.39
2026-01-23 02:54:00+00:00,-5.12,-0.43,-3.94,184.77,-37.45,6.48
2026-01-23 02:55:00+00:00,-4.69,-0.70,-4.24,188.43,-41.80,6.36
2026-01-23 02:56:00+00:00,-4.67,-0.43,-4.19,185.21,-41.81,6.29
2026-01-23 02:57:00+00:00,-4.76,-0.55,-4.11,186.65,-40.60,6.31
2026-01-23 02:58:00+00:00,-2.56,-2.88,-1.36,228.46,-19.42,4.09
2026-01-23 02:59:00+00:00,-1.95,-6.24,1.47,252.65,12.65,6.70
2026-01-23 03:00:00+00:00,-1.93,-6.19,1.42,252.66,12.35,6.64
2026-01-23 03:01:00+00:00,-2.73,-6.01,0.96,245.54,8.28,6.67
2026-01-23 03:02:00+00:00,-2.89,-6.17,0.62,244.92,5.23,6.84
2026-01-23 03:03:00+00:00,-3.25,-5.79,0.51,240.67,4.42,6.66
2026-01-23 03:04:00+00:00,-3.71,-5.54,-0.06,236.24,-0.51,6.67
2026-01-23 03:05:00+00:00,-3.66,-5.63,-0.71,236.99,-6.07,6.75
2026-01-23 03:06:00+00:00,-3.18,-5.92,-1.18,241.75,-9.94,6.82
2026-01-23 03:07:00+00:00,-3.28,-5.56,-1.46,239.47,-12.72,6.62
2026-01-23 03:08:00+00:00,-3.78,-5.29,-2.08,234.47,-17.79,6.82
2026-01-23 03:09:00+00:00,-3.89,-5.64,-1.28,235.39,-10.58,6.97
2026-01-23 03:10:00+00:00,-4.02,-5.57,-1.06,234.17,-8.74,6.94
2026-01-23 03:11:00+00:00,-3.93,-5.92,-0.80,236.45,-6.43,7.15
2026-01-23 03:12:00+00:00,-4.38,-5.08,-1.40,229.24,-11.80,6.86
2026-01-23 03:13:00+00:00,-4.43,-4.11,-3.07,222.84,-26.90,6.78
2026-01-23 03:14:00+00:00,-4.84,-3.64,-3.25,216.91,-28.24,6.87
2026-01-23 03:15:00+00:00,-3.57,-5.65,-0.74,237.73,-6.35,6.72
2026-01-23 03:16:00+00:00,-4.44,-3.55,-2.12,218.59,-20.45,6.07
2026-01-23 03:17:00+00:00,-5.20,-1.60,-4.02,197.05,-36.49,6.77
2026-01-23 03:18:00+00:00,-5.60,-0.93,-3.21,189.47,-29.49,6.52
2026-01-23 03:19:00+00:00,-5.13,0.67,-3.49,172.60,-34.01,6.25
2026-01-23 03:20:00+00:00,-5.27,0.98,-3.44,169.48,-32.67,6.36
2026-01-23 03:21:00+00:00,-4.75,1.39,-3.49,163.73,-35.20,6.06
2026-01-23 03:22:00+00:00,-3.96,1.57,-2.88,158.44,-34.11,5.14
2026-01-23 03:23:00+00:00,0.20,-3.37,3.36,273.37,44.84,4.77
2026-01-23 03:24:00+00:00,0.33,-3.83,3.74,274.93,44.27,5.36
2026-01-23 03:25:00+00:00,0.54,-4.34,3.48,277.06,38.55,5.59
2026-01-23 03:26:00+00:00,0.77,-4.65,3.13,279.34,33.61,5.66
2026-01-23 03:27:00+00:00,0.12,-5.99,2.53,271.13,22.92,6.50
2026-01-23 03:28:00+00:00,0.03,-6.19,1.88,270.30,16.89,6.47
2026-01-23 03:29:00+00:00,-0.23,-6.41,0.97,267.92,8.58,6.49
2026-01-23 03:30:00+00:00,-0.67,-6.59,-0.44,264.16,-3.84,6.64
2026-01-23 03:31:00+00:00,-0.47,-6.43,-0.62,265.84,-5.47,6.48
2026-01-23 03:32:00+00:00,-0.71,-6.30,-1.27,263.56,-11.29,6.47
2026-01-23 03:33:00+00:00,-1.71,-6.44,0.06,255.15,0.55,6.66
2026-01-23 03:34:00+00:00,-1.67,-6.11,0.47,254.76,4.24,6.35
2026-01-23 03:35:00+00:00,-2.07,-5.51,-0.47,249.42,-4.60,5.91
2026-01-23 03:36:00+00:00,-1.66,-3.48,-4.59,244.44,-49.99,5.99
2026-01-23 03:37:00+00:00,-1.17,-5.77,-2.16,258.50,-20.16,6.27
2026-01-23 03:38:00+00:00,-0.35,-5.51,1.88,266.37,18.80,5.83
2026-01-23 03:39:00+00:00,-1.21,-6.27,1.47,259.08,12.94,6.56
2026-01-23 03:40:00+00:00,-1.43,-6.58,0.68,257.72,5.79,6.76
2026-01-23 03:41:00+00:00,-1.30,-6.64,0.22,258.92,1.87,6.77
2026-01-23 03:42:00+00:00,-1.57,-6.45,-0.80,256.33,-6.86,6.69
2026-01-23 03:43:00+00:00,-1.52,-6.31,-1.62,256.43,-13.98,6.69
2026-01-23 03:44:00+00:00,-2.69,-6.17,-0.93,246.45,-7.86,6.79
2026-01-23 03:45:00+00:00,-2.36,-6.49,-1.07,250.00,-8.77,6.99
2026-01-23 03:46:00+00:00,-4.62,-2.01,-2.95,203.47,-30.40,5.84
2026-01-23 03:47:00+00:00,-5.16,-1.52,-3.05,196.45,-29.58,6.18
2026-01-23 03:48:00+00:00,-4.74,-0.97,-3.62,191.58,-36.79,6.04
2026-01-23 03:49:00+00:00,-2.60,-4.49,-2.58,239.89,-26.44,5.79
2026-01-23 03:50:00+00:00,-4.12,-1.82,-3.35,203.82,-36.62,5.62
2026-01-23 03:51:00+00:00,-4.86,-1.71,-3.86,199.41,-36.85,6.44
2026-01-23 03:52:00+00:00,-3.83,-2.72,-2.33,215.43,-26.39,5.24
2026-01-23 03:53:00+00:00,-4.00,-0.36,-2.88,185.17,-35.61,4.95
2026-01-23 03:54:00+00:00,-3.46,1.71,-3.55,153.70,-42.56,5.25
2026-01-23 03:55:00+00:00,-3.53,0.87,-4.47,166.18,-50.86,5.77
2026-01-23 03:56:00+00:00,-4.13,1.06,-4.18,165.59,-44.40,5.97
2026-01-23 03:57:00+00:00,-5.05,1.43,-3.54,164.18,-34.00,6.33
2026-01-23 03:58:00+00:00,-5.35,1.48,-2.26,164.54,-22.11,5.99
2026-01-23 03:59:00+00:00,-6.58,-0.15,-0.62,181.28,-5.39,6.61
2026-01-23 04:00:00+00:00,-3.66,0.84,-4.65,167.07,-51.09,5.97
2026-01-23 04:01:00+00:00,-2.10,2.25,-5.00,132.99,-58.41,5.87
2026-01-23 04:02:00+00:00,-1.24,3.52,-4.63,109.41,-51.15,5.95
2026-01-23 04:03:00+00:00,-1.25,3.89,-4.56,107.79,-48.16,6.12
2026-01-23 04:04:00+00:00,-3.22,2.33,-5.26,144.10,-52.95,6.59
2026-01-23 04:05:00+00:00,-4.26,1.27,-5.82,163.48,-52.63,7.33
2026-01-23 04:06:00+00:00,-4.45,0.09,-5.66,178.79,-51.81,7.20
2026-01-23 04:07:00+00:00,-4.59,1.67,-5.27,160.02,-47.21,7.18
2026-01-23 04:08:00+00:00,-4.27,0.98,-4.64,167.13,-46.63,6.39
2026-01-23 04:09:00+00:00,-3.17,-5.16,-2.02,238.47,-18.44,6.39
2026-01-23 04:10:00+00:00,-3.49,-4.57,-1.83,232.64,-17.68,6.04
2026-01-23 04:11:00+00:00,-3.64,-3.95,-3.11,227.33,-30.07,6.21
2026-01-23 04:12:00+00:00,-4.32,-2.65,-3.58,211.54,-35.19,6.21
2026-01-23 04:13:00+00:00,-4.27,-1.62,-3.95,200.73,-40.84,6.03
2026-01-23 04:14:00+00:00,-4.42,-1.57,-4.20,199.56,-41.83,6.30
2026-01-23 04:15:00+00:00,-3.94,-1.82,-4.46,204.83,-45.77,6.22
2026-01-23 04:16:00+00:00,-4.02,-1.62,-4.37,201.99,-45.28,6.15
2026-01-23 04:17:00+00:00,-4.85,-0.93,-3.62,190.90,-36.23,6.12
2026-01-23 04:18:00+00:00,-4.62,-0.92,-3.94,191.30,-39.94,6.14
2026-01-23 04:19:00+00:00,-4.47,-1.18,-3.74,194.80,-38.94,5.94
2026-01-23 04:20:00+00:00,-4.85,3.87,-3.29,141.38,-27.91,7.02
2026-01-23 04:21:00+00:00,-3.70,3.08,-4.44,140.25,-42.69,6.55
2026-01-23 04:22:00+00:00,-4.78,4.52,-2.77,136.57,-22.81,7.14
2026-01-23 04:23:00+00:00,-4.93,5.12,-1.61,133.94,-12.77,7.29
2026-01-23 04:24:00+00:00,-4.43,5.15,-1.93,130.72,-15.89,7.07
2026-01-23 04:25:00+00:00,-4.04,3.48,-3.24,139.27,-31.26,6.24
2026-01-23 04:26:00+00:00,-4.13,2.17,-4.92,152.25,-46.53,6.78
2026-01-23 04:27:00+00:00,-4.47,2.61,-4.83,149.74,-43.00,7.08
2026-01-23 04:28:00+00:00,-4.21,1.49,-5.16,160.53,-49.11,6.82
2026-01-23 04:29:00+00:00,-3.84,1.26,-5.35,161.87,-52.94,6.70
2026-01-23 04:30:00+00:00,-4.71,2.06,-4.85,156.44,-43.30,7.07
2026-01-23 04:31:00+00:00,-4.48,0.72,-5.31,170.80,-49.51,6.99
2026-01-23 04:32:00+00:00,-4.37,0.37,-5.60,175.14,-51.89,7.11
2026-01-23 04:33:00+00:00,-4.21,0.44,-5.54,173.98,-52.63,6.97
2026-01-23 04:34:00+00:00,-4.13,0.69,-5.71,170.57,-53.74,7.08
2026-01-23 04:35:00+00:00,-5.21,1.55,-4.66,163.46,-40.58,7.16
2026-01-23 04:36:00+00:00,-5.36,1.55,-4.57,163.86,-39.31,7.21
2026-01-23 04:37:00+00:00,-5.38,1.59,-4.75,163.54,-40.25,7.34
2026-01-23 04:38:00+00:00,-5.21,1.77,-4.78,161.29,-40.97,7.29
2026-01-23 04:39:00+00:00,-4.87,2.66,-4.64,151.35,-39.93,7.24
2026-01-23 04:40:00+00:00,-4.67,2.54,-4.83,151.45,-42.28,7.18
2026-01-23 04:41:00+00:00,-4.91,2.85,-4.65,149.86,-39.35,7.34
2026-01-23 04:42:00+00:00,-4.59,3.25,-4.43,144.68,-38.27,7.16
2026-01-23 04:43:00+00:00,-4.33,4.23,-3.91,135.71,-32.87,7.21
2026-01-23 04:44:00+00:00,-4.08,4.57,-3.72,131.80,-31.24,7.17
2026-01-23 04:45:00+00:00,-3.82,4.73,-3.89,128.93,-32.63,7.22
2026-01-23 04:46:00+00:00,-4.30,4.34,-4.00,134.76,-33.25,7.30
2026-01-23 04:47:00+00:00,-4.34,3.86,-4.46,138.32,-37.55,7.32
2026-01-23 04:48:00+00:00,-4.37,3.31,-4.72,142.88,-40.71,7.23
2026-01-23 04:49:00+00:00,-4.38,3.88,-4.42,138.47,-37.08,7.33
2026-01-23 04:50:00+00:00,-4.36,4.53,-4.09,133.91,-33.00,7.50
2026-01-23 04:51:00+00:00,-4.80,4.33,-3.83,137.93,-30.64,7.52
2026-01-23 04:52:00+00:00,-5.24,3.92,-3.58,143.22,-28.70,7.46
2026-01-23 04:53:00+00:00,-5.53,3.87,-3.18,144.98,-25.21,7.46
2026-01-23 04:54:00+00:00,-5.16,3.70,-3.29,144.40,-27.37,7.15
2026-01-23 04:55:00+00:00,-5.18,3.74,-3.29,144.20,-27.22,7.19
2026-01-23 04:56:00+00:00,-5.19,2.84,-3.29,151.34,-29.03,6.77
2026-01-23 04:57:00+00:00,-4.72,3.93,-1.95,140.21,-17.64,6.44
2026-01-23 04:58:00+00:00,-5.27,2.09,-2.90,158.34,-27.08,6.37
2026-01-23 04:59:00+00:00,-5.43,2.63,-1.80,154.12,-16.63,6.30
2026-01-23 05:00:00+00:00,-4.66,4.94,-0.27,133.33,-2.26,6.80
2026-01-23 05:01:00+00:00,-4.57,5.06,0.17,132.10,1.40,6.82
2026-01-23 05:02:00+00:00,-4.66,4.89,0.87,133.62,7.36,6.81
2026-01-23 05:03:00+00:00,-3.88,5.36,1.55,125.92,13.18,6.80
2026-01-23 05:04:00+00:00,-3.18,5.46,2.09,120.23,18.33,6.65
2026-01-23 05:05:00+00:00,-4.01,4.53,1.76,131.51,16.25,6.30
2026-01-23 05:06:00+00:00,-5.37,2.97,1.26,151.08,11.63,6.26
2026-01-23 05:07:00+00:00,-4.28,4.74,0.18,132.12,1.65,6.39
2026-01-23 05:08:00+00:00,-4.38,4.44,-0.63,134.60,-5.80,6.26
2026-01-23 05:09:00+00:00,-5.21,3.68,0.08,144.77,0.72,6.38
2026-01-23 05:10:00+00:00,-5.05,2.93,-1.08,149.88,-10.49,5.94
2026-01-23 05:11:00+00:00,-5.18,3.81,-0.38,143.64,-3.38,6.44
2026-01-23 05:12:00+00:00,-4.59,4.63,1.14,134.77,9.87,6.62
2026-01-23 05:13:00+00:00,-3.69,4.76,2.49,127.81,22.44,6.51
2026-01-23 05:14:00+00:00,-2.77,4.18,3.87,123.55,37.68,6.34
2026-01-23 05:15:00+00:00,-3.46,3.46,3.93,134.99,38.78,6.27
2026-01-23 05:16:00+00:00,-4.34,3.76,3.16,139.11,28.85,6.55
2026-01-23 05:17:00+00:00,-4.32,4.66,2.37,132.82,20.48,6.79
2026-01-23 05:18:00+00:00,-4.43,4.52,1.41,134.38,12.53,6.48
2026-01-23 05:19:00+00:00,-2.50,5.07,-0.86,116.26,-8.67,5.72
2026-01-23 05:20:00+00:00,-5.01,4.34,0.64,139.10,5.53,6.65
2026-01-23 05:21:00+00:00,-5.90,3.83,0.56,147.00,4.59,7.06
2026-01-23 05:22:00+00:00,-6.15,3.72,-0.29,148.85,-2.31,7.20
2026-01-23 05:23:00+00:00,-5.60,4.09,-0.51,143.89,-4.21,6.95
2026-01-23 05:24:00+00:00,-4.35,4.24,-0.21,135.69,-2.02,6.08
2026-01-23 05:25:00+00:00,-2.80,4.95,0.11,119.45,1.13,5.69
2026-01-23 05:26:00+00:00,-3.58,4.01,0.92,131.81,9.71,5.45
2026-01-23 05:27:00+00:00,-2.53,4.37,2.78,120.08,28.81,5.76
2026-01-23 05:28:00+00:00,-2.92,3.55,0.83,129.39,10.18,4.67
2026-01-23 05:29:00+00:00,-3.80,2.02,-3.20,152.02,-36.69,5.36
2026-01-23 05:30:00+00:00,-2.39,2.44,1.94,134.44,29.52,3.93
2026-01-23 05:31:00+00:00,-3.77,1.66,2.65,156.15,32.78,4.90
2026-01-23 05:32:00+00:00,-4.30,1.23,2.48,164.08,28.97,5.11
2026-01-23 05:33:00+00:00,-5.00,0.38,1.27,175.66,14.24,5.18
2026-01-23 05:34:00+00:00,-5.45,0.14,0.73,178.49,7.62,5.50
2026-01-23 05:35:00+00:00,-5.70,-0.06,0.23,180.63,2.35,5.71
2026-01-23 05:36:00+00:00,-6.06,-0.16,0.46,181.48,4.31,6.08
2026-01-23 05:37:00+00:00,-5.54,-0.07,-0.04,180.76,-0.37,5.54
2026-01-23 05:38:00+00:00,-6.11,0.06,1.02,179.45,9.50,6.19
2026-01-23 05:39:00+00:00,-6.18,0.36,1.44,176.71,13.10,6.36
2026-01-23 05:40:00+00:00,-5.35,0.37,1.16,176.07,12.23,5.49
2026-01-23 05:41:00+00:00,-4.83,-2.50,-2.76,207.40,-26.87,6.10
2026-01-23 05:42:00+00:00,-5.19,-1.79,-1.94,199.00,-19.42,5.83
2026-01-23 05:43:00+00:00,-5.39,-0.05,-0.68,180.57,-7.19,5.43
2026-01-23 05:44:00+00:00,-4.72,2.61,1.24,151.04,12.94,5.54
2026-01-23 05:45:00+00:00,-4.46,2.71,-0.14,148.75,-1.57,5.22
2026-01-23 05:46:00+00:00,-4.89,2.50,0.03,152.92,0.34,5.49
2026-01-23 05:47:00+00:00,-4.55,2.43,-0.11,151.93,-1.26,5.15
2026-01-23 05:48:00+00:00,-4.18,3.42,0.92,140.66,9.62,5.48
2026-01-23 05:49:00+00:00,-4.00,3.50,0.62,138.79,6.64,5.35
2026-01-23 05:50:00+00:00,-3.57,3.67,2.15,134.21,22.71,5.56
2026-01-23 05:51:00+00:00,-3.77,3.67,1.91,135.74,19.94,5.60
2026-01-23 05:52:00+00:00,-3.66,3.57,1.58,135.69,17.21,5.35
2026-01-23 05:53:00+00:00,-4.17,2.96,0.90,144.60,9.95,5.19
2026-01-23 05:54:00+00:00,-4.44,1.84,0.55,157.51,6.57,4.84
2026-01-23 05:55:00+00:00,-4.43,2.04,0.22,155.28,2.60,4.88
2026-01-23 05:56:00+00:00,-4.62,2.13,-0.03,155.27,-0.34,5.09
2026-01-23 05:57:00+00:00,-3.98,1.65,-0.67,157.48,-8.79,4.36
2026-01-23 05:58:00+00:00,-2.74,0.54,-0.82,168.78,-16.28,2.91
2026-01-23 05:59:00+00:00,-3.11,0.97,-0.84,162.74,-14.44,3.36
2026-01-23 06:00:00+00:00,-2.91,3.33,1.34,131.24,16.89,4.62
2026-01-23 06:01:00+00:00,-0.39,3.47,4.44,96.41,51.83,5.65
2026-01-23 06:02:00+00:00,-1.87,4.22,3.50,113.84,37.19,5.79
2026-01-23 06:03:00+00:00,-2.81,3.93,2.18,125.58,24.27,5.30
2026-01-23 06:04:00+00:00,-2.60,3.58,2.53,125.97,29.78,5.10
2026-01-23 06:05:00+00:00,-2.29,4.34,0.27,117.82,3.19,4.92
2026-01-23 06:06:00+00:00,-3.25,1.17,-3.21,160.25,-42.93,4.71
2026-01-23 06:07:00+00:00,-4.64,-0.38,-5.37,184.70,-49.12,7.11
2026-01-23 06:08:00+00:00,-4.95,0.66,-4.89,172.36,-44.41,6.99
2026-01-23 06:09:00+00:00,-5.46,0.79,-4.92,171.77,-41.73,7.39
2026-01-23 06:10:00+00:00,-5.50,0.78,-4.77,171.90,-40.66,7.32
2026-01-23 06:11:00+00:00,-5.37,0.72,-4.97,172.37,-42.53,7.35
2026-01-23 06:12:00+00:00,-5.31,0.54,-4.93,174.19,-42.74,7.26
2026-01-23 06:13:00+00:00,-5.32,1.20,-4.83,167.26,-41.55,7.28
2026-01-23 06:14:00+00:00,-4.91,1.20,-4.50,166.21,-41.69,6.76
2026-01-23 06:15:00+00:00,-4.20,0.98,-4.18,166.87,-44.11,6.00
2026-01-23 06:16:00+00:00,-4.39,0.70,-3.66,170.96,-39.53,5.76
2026-01-23 06:17:00+00:00,-4.57,1.45,-3.00,162.34,-32.06,5.65
2026-01-23 06:18:00+00:00,-4.37,0.68,-3.18,171.13,-35.73,5.45
2026-01-23 06:19:00+00:00,-3.66,3.37,-1.93,137.37,-21.23,5.33
2026-01-23 06:20:00+00:00,-4.28,-0.24,-5.09,183.18,-49.91,6.65
2026-01-23 06:21:00+00:00,-3.87,0.76,-5.06,168.85,-52.04,6.42
2026-01-23 06:22:00+00:00,-4.00,-0.26,-5.16,183.69,-52.20,6.53
2026-01-23 06:23:00+00:00,-3.08,0.11,-4.74,177.87,-56.96,5.66
2026-01-23 06:24:00+00:00,-2.86,3.67,2.76,127.86,30.69,5.41
2026-01-23 06:25:00+00:00,-2.69,3.63,2.47,126.58,28.65,5.15
2026-01-23 06:26:00+00:00,-3.28,4.61,2.93,125.39,27.42,6.37
2026-01-23 06:27:00+00:00,-2.90,4.43,2.19,123.21,22.49,5.72
2026-01-23 06:28:00+00:00,-3.98,5.63,0.82,125.26,6.76,6.95
2026-01-23 06:29:00+00:00,-3.77,5.15,-1.89,126.18,-16.46,6.66
2026-01-23 06:30:00+00:00,-3.12,3.43,-5.08,132.26,-47.61,6.88
2026-01-23 06:31:00+00:00,-3.70,3.75,-5.10,134.61,-44.05,7.33
2026-01-23 06:32:00+00:00,-3.86,4.82,-3.31,128.66,-28.20,7.00
2026-01-23 06:33:00+00:00,-4.27,6.32,-1.14,124.01,-8.49,7.71
2026-01-23 06:34:00+00:00,-5.07,5.25,-1.93,134.00,-14.79,7.54
2026-01-23 06:35:00+00:00,-5.44,5.14,-1.08,136.58,-8.20,7.56
2026-01-23 06:36:00+00:00,-4.51,5.66,-1.63,128.53,-12.68,7.42
2026-01-23 06:37:00+00:00,-3.14,6.33,-3.32,116.40,-25.18,7.81
2026-01-23 06:38:00+00:00,-3.24,6.68,-2.27,115.85,-17.02,7.77
2026-01-23 06:39:00+00:00,-3.48,6.41,-2.96,118.53,-22.05,7.87
2026-01-23 06:40:00+00:00,-3.90,6.29,-2.59,121.79,-19.28,7.83
2026-01-23 06:41:00+00:00,-4.09,5.69,-3.25,125.75,-24.86,7.72
2026-01-23 06:42:00+00:00,-3.87,4.83,-4.27,128.70,-34.64,7.52
2026-01-23 06:43:00+00:00,-4.41,4.70,-3.92,133.13,-31.32,7.54
2026-01-23 06:44:00+00:00,-4.57,4.70,-3.74,134.16,-29.74,7.55
2026-01-23 06:45:00+00:00,-3.96,3.55,-4.88,138.14,-42.52,7.22
2026-01-23 06:46:00+00:00,-3.73,2.65,-5.60,144.53,-50.74,7.23
2026-01-23 06:47:00+00:00,-4.33,3.17,-5.22,143.85,-44.22,7.49
2026-01-23 06:48:00+00:00,-3.93,2.61,-5.79,146.45,-50.85,7.47
2026-01-23 06:49:00+00:00,-3.72,3.16,-5.89,139.68,-50.33,7.65
2026-01-23 06:50:00+00:00,-3.59,2.76,-6.21,142.44,-53.89,7.68
2026-01-23 06:51:00+00:00,-3.28,2.69,-6.22,140.64,-55.74,7.53
2026-01-23 06:52:00+00:00,-3.23,2.39,-6.51,143.50,-58.35,7.65
2026-01-23 06:53:00+00:00,-3.03,1.60,-6.81,152.18,-63.25,7.62
2026-01-23 06:54:00+00:00,-1.60,-0.38,-7.42,193.17,-77.48,7.60
2026-01-23 06:55:00+00:00,-0.86,-1.99,-6.63,246.51,-71.88,6.97
2026-01-23 06:56:00+00:00,-1.52,-1.03,-6.99,214.17,-75.30,7.23
2026-01-23 06:57:00+00:00,-2.24,0.48,-6.87,167.93,-71.55,7.24
2026-01-23 06:58:00+00:00,-6.38,5.08,-0.01,141.47,-0.08,8.15
2026-01-23 06:59:00+00:00,-7.27,4.70,-0.36,147.12,-2.36,8.67
2026-01-23 07:00:00+00:00,-7.11,4.44,-1.41,148.04,-9.54,8.50
2026-01-23 07:01:00+00:00,-6.64,2.93,-3.27,156.18,-24.28,7.96
2026-01-23 07:02:00+00:00,-6.81,2.83,-2.92,157.42,-21.64,7.93
2026-01-23 07:03:00+00:00,-6.59,2.45,-3.47,159.58,-26.28,7.84
2026-01-23 07:04:00+00:00,-6.30,2.77,-4.32,156.29,-32.11,8.13
2026-01-23 07:05:00+00:00,-6.29,2.67,-4.86,157.02,-35.41,8.38
2026-01-23 07:06:00+00:00,-5.96,2.84,-4.84,154.54,-36.28,8.18
2026-01-23 07:07:00+00:00,-6.22,2.72,-4.27,156.36,-32.18,8.02
2026-01-23 07:08:00+00:00,-6.12,2.56,-4.98,157.30,-36.88,8.30
2026-01-23 07:09:00+00:00,-5.74,3.08,-4.88,151.79,-36.83,8.14
2026-01-23 07:10:00+00:00,-5.36,2.25,-5.55,157.25,-43.68,8.04
2026-01-23 07:11:00+00:00,-5.35,2.44,-5.31,155.46,-42.09,7.93
2026-01-23 07:12:00+00:00,-5.52,2.84,-5.07,152.79,-39.23,8.01
2026-01-23 07:13:00+00:00,-5.13,1.35,-5.98,165.26,-48.42,7.99
2026-01-23 07:14:00+00:00,-4.91,0.43,-6.36,175.04,-52.22,8.04
2026-01-23 07:15:00+00:00,-5.58,1.28,-5.80,167.13,-45.39,8.15
2026-01-23 07:16:00+00:00,-5.53,0.95,-5.92,170.22,-46.55,8.16
2026-01-23 07:17:00+00:00,-5.43,1.34,-5.99,166.10,-47.01,8.20
2026-01-23 08:48:00+00:00,-3.77,1.96,-6.09,152.51,-55.13,7.43
2026-01-23 08:49:00+00:00,-3.76,2.10,-6.00,150.75,-54.35,7.39
2026-01-23 08:50:00+00:00,-2.84,2.57,-6.09,137.82,-57.86,7.20
2026-01-23 08:51:00+00:00,-3.08,2.35,-6.34,142.65,-58.58,7.42
2026-01-23 08:52:00+00:00,-3.46,1.45,-6.40,157.27,-59.61,7.42
2026-01-23 08:53:00+00:00,-3.55,0.64,-6.44,169.85,-60.73,7.39
2026-01-23 08:54:00+00:00,-4.34,0.99,-5.90,167.16,-52.97,7.39
2026-01-23 08:55:00+00:00,-3.55,0.99,-6.19,164.35,-59.27,7.21
2026-01-23 08:56:00+00:00,-3.71,-1.95,-6.42,207.78,-56.88,7.67
2026-01-23 08:57:00+00:00,-4.37,-2.52,-5.70,210.00,-48.52,7.61
2026-01-23 08:58:00+00:00,-4.66,-3.86,-4.67,219.62,-37.67,7.65
2026-01-23 08:59:00+00:00,-4.79,-3.77,-4.38,218.24,-35.71,7.50
2026-01-23 09:00:00+00:00,-5.07,-3.81,-4.28,216.92,-34.02,7.65
2026-01-23 09:01:00+00:00,-5.53,-2.48,-4.57,204.18,-36.99,7.60
2026-01-23 09:02:00+00:00,-5.25,-4.52,-3.16,220.71,-24.56,7.61
2026-01-23 09:03:00+00:00,-5.15,-4.12,-3.07,218.66,-24.96,7.27
2026-01-23 09:08:00+00:00,-2.49,-5.07,-4.65,243.88,-39.46,7.31
2026-01-23 09:09:00+00:00,-2.94,-3.13,-5.27,226.83,-50.84,6.79
2026-01-23 09:10:00+00:00,-2.42,-3.00,-5.92,231.08,-56.95,7.06
2026-01-23 09:11:00+00:00,-2.65,-3.03,-5.93,228.74,-55.85,7.17
2026-01-23 09:12:00+00:00,-3.58,-3.72,-5.06,226.11,-44.39,7.23
2026-01-23 09:13:00+00:00,-4.24,-3.60,-4.60,220.34,-39.55,7.22
2026-01-23 09:14:00+00:00,-3.74,-4.50,-4.20,230.31,-35.67,7.20
2026-01-23 09:15:00+00:00,-3.87,-4.71,-3.88,230.59,-32.48,7.23
2026-01-23 09:16:00+00:00,-4.77,-4.13,-4.04,220.90,-32.62,7.49
2026-01-23 09:17:00+00:00,-4.17,-4.18,-4.53,225.05,-37.51,7.44
2026-01-23 09:18:00+00:00,-3.95,-4.53,-4.34,228.96,-35.86,7.42
2026-01-23 09:19:00+00:00,-3.79,-4.58,-4.43,230.39,-36.70,7.41
2026-01-23 09:20:00+00:00,-4.23,-4.70,-3.96,228.00,-32.08,7.46
2026-01-23 09:21:00+00:00,-3.23,-5.34,-3.85,238.85,-31.69,7.33
2026-01-23 09:22:00+00:00,-3.27,-5.16,-4.14,237.59,-34.13,7.38
2026-01-23 09:23:00+00:00,-3.47,-5.18,-4.01,236.19,-32.77,7.41
2026-01-23 09:24:00+00:00,-3.70,-5.17,-3.84,234.40,-31.16,7.43
2026-01-23 09:25:00+00:00,-4.36,-4.70,-3.62,227.10,-29.44,7.36
2026-01-23 09:26:00+00:00,-3.60,-4.78,-3.07,233.03,-27.14,6.73
2026-01-23 09:27:00+00:00,-3.76,-5.15,-2.68,233.85,-22.78,6.91
2026-01-23 09:28:00+00:00,-3.16,-5.36,-1.39,239.49,-12.63,6.37
2026-01-23 09:29:00+00:00,-2.93,-5.27,-0.90,240.90,-8.45,6.10
2026-01-23 09:30:00+00:00,-2.90,-5.36,-1.66,241.58,-15.26,6.31
2026-01-23 09:31:00+00:00,-1.74,-5.21,0.89,251.55,9.19,5.57
2026-01-23 09:32:00+00:00,-0.86,-2.91,3.36,253.52,47.95,4.52
2026-01-23 09:33:00+00:00,-1.92,-5.38,-1.93,250.38,-18.68,6.03
2026-01-23 09:34:00+00:00,-2.46,-5.31,-0.57,245.15,-5.54,5.88
2026-01-23 09:35:00+00:00,-2.59,-4.57,2.68,240.40,27.01,5.89
2026-01-23 09:36:00+00:00,-0.43,-3.73,4.22,263.40,48.33,5.64
2026-01-23 09:37:00+00:00,-0.80,-4.69,3.37,260.37,35.30,5.83
2026-01-23 09:38:00+00:00,-2.91,-4.05,3.39,234.34,34.17,6.03
2026-01-23 09:39:00+00:00,-0.73,-5.60,-0.10,262.53,-1.03,5.65
2026-01-23 09:40:00+00:00,-2.69,-4.79,2.58,240.63,25.13,6.07
2026-01-23 09:41:00+00:00,-2.37,-4.27,3.31,240.94,34.07,5.90
2026-01-23 09:42:00+00:00,-3.53,-3.80,3.93,227.10,37.17,6.50
2026-01-23 09:43:00+00:00,-3.21,-4.52,2.95,234.62,28.00,6.28
2026-01-23 09:44:00+00:00,-2.45,-5.49,0.75,245.92,7.13,6.06
2026-01-23 09:45:00+00:00,-1.16,-5.67,1.11,258.46,10.85,5.89
2026-01-23 09:46:00+00:00,-2.43,-5.57,0.84,246.38,7.83,6.13
2026-01-23 09:47:00+00:00,-1.64,-5.60,1.17,253.68,11.38,5.95
2026-01-23 09:48:00+00:00,-2.87,-5.50,-2.44,242.43,-21.46,6.66
2026-01-23 09:49:00+00:00,-2.57,-5.80,-1.61,246.09,-14.21,6.54
2026-01-23 09:50:00+00:00,-1.41,-5.88,-0.42,256.56,-4.01,6.06
2026-01-23 09:51:00+00:00,-3.48,-3.77,1.48,227.24,16.09,5.34
2026-01-23 09:52:00+00:00,-2.15,-4.88,-0.76,246.16,-8.12,5.38
2026-01-23 09:53:00+00:00,-1.00,-4.63,1.44,257.84,16.95,4.95
2026-01-23 09:54:00+00:00,-0.72,-1.85,5.43,248.70,69.96,5.78
2026-01-23 09:55:00+00:00,-0.83,-2.08,5.89,248.23,69.20,6.30
2026-01-23 09:56:00+00:00,-0.97,-1.22,6.23,231.37,75.94,6.42
2026-01-23 09:57:00+00:00,-2.90,1.27,5.81,156.34,61.40,6.61
2026-01-23 09:58:00+00:00,-3.94,2.60,4.60,146.57,44.26,6.59
2026-01-23 09:59:00+00:00,-5.06,2.88,1.54,150.32,14.84,6.03
2026-01-23 10:00:00+00:00,-5.55,1.99,1.34,160.29,12.85,6.05
2026-01-23 10:02:00+00:00,-6.09,0.90,0.75,171.61,6.99,6.20
2026-01-23 10:03:00+00:00,-6.14,1.10,0.05,169.83,0.42,6.24
2026-01-23 10:04:00+00:00,-6.10,0.62,-1.50,174.15,-13.77,6.31
2026-01-23 10:05:00+00:00,-6.12,0.40,-0.47,176.30,-4.38,6.15
2026-01-23 10:06:00+00:00,-6.10,0.32,-0.94,177.02,-8.77,6.18
2026-01-23 10:07:00+00:00,-5.77,-0.85,-1.88,188.41,-17.85,6.12
2026-01-23 10:08:00+00:00,-5.54,1.82,0.02,161.83,0.17,5.83
2026-01-23 10:09:00+00:00,-4.91,2.13,0.19,156.52,2.08,5.36
2026-01-23 10:10:00+00:00,-3.40,3.82,1.25,131.61,13.75,5.27
2026-01-23 10:11:00+00:00,-2.99,3.42,0.97,131.14,12.10,4.65
2026-01-23 10:12:00+00:00,-1.63,5.01,2.07,108.02,21.49,5.66
2026-01-23 10:13:00+00:00,-1.14,5.03,1.36,102.79,14.75,5.33
2026-01-23 10:14:00+00:00,0.08,4.90,0.85,89.03,9.88,4.97
2026-01-23 10:15:00+00:00,0.98,4.46,1.78,77.59,21.29,4.90
2026-01-23 10:16:00+00:00,0.64,4.41,2.08,81.75,24.98,4.92
2026-01-23 10:17:00+00:00,0.58,3.95,3.13,81.69,38.11,5.07
2026-01-23 10:18:00+00:00,-0.58,3.47,3.17,99.55,42.00,4.73
2026-01-23 10:19:00+00:00,-4.11,1.42,-3.35,160.94,-37.58,5.49
2026-01-23 10:20:00+00:00,-3.32,-0.64,-4.75,190.87,-54.54,5.83
2026-01-23 10:21:00+00:00,-3.49,0.18,-3.59,177.04,-45.79,5.01
2026-01-23 10:22:00+00:00,-3.14,0.71,-4.01,167.32,-51.24,5.14
2026-01-23 10:23:00+00:00,-1.49,4.20,0.36,109.49,4.61,4.47
2026-01-23 10:24:00+00:00,1.26,4.46,5.15,74.18,48.03,6.93
2026-01-23 10:25:00+00:00,0.68,4.71,4.98,81.79,46.27,6.89
2026-01-23 10:26:00+00:00,1.99,3.88,4.98,62.79,48.76,6.62
2026-01-23 10:27:00+00:00,1.44,4.20,4.94,71.09,48.07,6.65
2026-01-23 10:28:00+00:00,0.94,4.51,4.63,78.21,45.12,6.53
2026-01-23 10:29:00+00:00,0.10,3.93,5.51,88.57,54.46,6.77
2026-01-23 10:30:00+00:00,-0.37,4.06,5.52,95.22,53.56,6.86
2026-01-23 10:31:00+00:00,0.02,3.92,5.69,89.76,55.41,6.91
2026-01-23 10:32:00+00:00,0.10,4.25,5.37,88.69,51.62,6.85
2026-01-23 10:33:00+00:00,-0.13,4.47,5.05,91.69,48.45,6.75
2026-01-23 10:34:00+00:00,-0.89,4.53,4.86,101.10,46.50,6.70
2026-01-23 10:35:00+00:00,-0.39,3.87,5.56,95.79,55.04,6.78
2026-01-23 10:36:00+00:00,-0.27,3.74,5.77,94.12,56.97,6.88
2026-01-23 10:37:00+00:00,-0.79,3.65,5.93,102.19,57.77,7.01
2026-01-23 10:38:00+00:00,-0.71,3.66,5.92,100.98,57.84,6.99
2026-01-23 10:39:00+00:00,0.20,3.98,5.60,87.07,54.54,6.88
2026-01-23 10:40:00+00:00,0.03,4.15,5.53,89.59,53.15,6.92
2026-01-23 10:41:00+00:00,0.64,4.08,5.44,81.07,52.78,6.83
2026-01-23 10:42:00+00:00,-1.25,4.79,4.69,104.62,43.49,6.82
2026-01-23 10:43:00+00:00,-2.37,4.11,5.17,119.94,47.47,7.01
2026-01-23 10:44:00+00:00,-0.25,3.68,5.56,93.86,56.42,6.67
2026-01-23 10:45:00+00:00,0.66,4.00,5.44,80.60,53.35,6.79
2026-01-23 10:46:00+00:00,0.95,4.83,4.60,78.93,43.04,6.74
2026-01-23 10:47:00+00:00,0.90,4.68,4.79,79.08,45.15,6.76
2026-01-23 10:48:00+00:00,1.47,4.70,4.40,72.62,41.78,6.61
2026-01-23 10:49:00+00:00,1.76,4.21,4.08,67.28,41.82,6.12
2026-01-23 10:50:00+00:00,2.61,3.73,4.06,55.01,41.74,6.10
2026-01-23 10:51:00+00:00,1.85,4.27,4.19,66.61,41.99,6.26
2026-01-23 10:52:00+00:00,1.54,4.86,3.46,72.45,34.13,6.16
2026-01-23 10:53:00+00:00,1.90,4.77,3.13,68.32,31.41,6.02
2026-01-23 10:54:00+00:00,2.60,5.53,3.03,64.80,26.37,6.82
2026-01-23 10:55:00+00:00,2.54,5.99,2.66,67.04,22.25,7.03
2026-01-23 10:56:00+00:00,2.03,5.99,2.63,71.24,22.54,6.85
2026-01-23 10:57:00+00:00,1.62,5.82,2.36,74.42,21.31,6.48
2026-01-23 10:58:00+00:00,1.24,6.26,2.34,78.77,20.10,6.80
2026-01-23 10:59:00+00:00,1.00,6.01,2.29,80.57,20.60,6.51
2026-01-23 11:00:00+00:00,-0.41,6.02,2.63,93.94,23.54,6.58
2026-01-23 11:01:00+00:00,-0.45,6.37,3.00,94.08,25.15,7.06
2026-01-23 11:02:00+00:00,-0.78,6.59,2.59,96.73,21.31,7.12
2026-01-23 11:03:00+00:00,-0.97,6.65,2.77,98.29,22.39,7.27
2026-01-23 11:04:00+00:00,-0.69,6.73,2.22,95.83,18.20,7.12
2026-01-23 11:05:00+00:00,-0.42,6.79,2.40,93.53,19.42,7.21
2026-01-23 11:06:00+00:00,-0.13,6.98,2.48,91.04,19.54,7.41
2026-01-23 11:07:00+00:00,-0.26,7.02,2.28,92.14,17.98,7.39
2026-01-23 11:08:00+00:00,-0.26,6.88,2.37,92.20,19.01,7.28
2026-01-23 11:09:00+00:00,-0.11,6.77,2.00,90.94,16.45,7.06
2026-01-23 11:10:00+00:00,-1.29,6.54,3.19,101.17,25.57,7.38
2026-01-23 11:11:00+00:00,-1.51,5.06,3.71,106.59,35.12,6.45
2026-01-23 11:12:00+00:00,-2.72,3.38,3.91,128.84,41.97,5.84
2026-01-23 11:13:00+00:00,-3.57,3.68,3.44,134.19,33.83,6.17
2026-01-23 11:14:00+00:00,-2.69,5.31,2.38,116.88,21.79,6.41
2026-01-23 11:15:00+00:00,-2.23,5.69,2.39,111.42,21.37,6.56
2026-01-23 11:16:00+00:00,-2.69,5.40,2.42,116.46,21.87,6.50
2026-01-23 11:17:00+00:00,-2.16,5.45,1.89,111.59,17.86,6.16
2026-01-23 11:18:00+00:00,-1.91,5.43,2.14,109.41,20.38,6.14
2026-01-23 11:19:00+00:00,-2.06,5.53,2.12,110.47,19.80,6.27
2026-01-23 11:20:00+00:00,-3.61,4.84,2.36,126.74,21.30,6.49
2026-01-23 11:21:00+00:00,-3.92,4.63,2.04,130.23,18.59,6.40
2026-01-23 11:22:00+00:00,-3.01,4.97,1.95,121.19,18.55,6.13
2026-01-23 11:23:00+00:00,-0.91,5.73,2.07,99.02,19.62,6.16
2026-01-23 11:24:00+00:00,-1.37,5.67,2.00,103.54,18.93,6.17
2026-01-23 11:25:00+00:00,-0.97,5.83,2.24,99.49,20.72,6.32
2026-01-23 11:26:00+00:00,-2.79,5.58,0.88,116.54,8.02,6.30
2026-01-23 11:27:00+00:00,-2.75,5.34,1.06,117.26,10.03,6.10
2026-01-23 11:28:00+00:00,-0.46,5.01,2.55,95.24,26.85,5.64
2026-01-23 11:29:00+00:00,-0.06,5.03,2.35,90.64,25.05,5.55
2026-01-23 11:30:00+00:00,-0.17,5.27,1.43,91.90,15.23,5.46
2026-01-23 11:31:00+00:00,0.19,5.41,2.76,88.01,27.01,6.08
2026-01-23 11:32:00+00:00,-3.87,3.84,0.59,135.26,6.17,5.49
2026-01-23 11:33:00+00:00,-4.41,3.99,0.34,137.89,3.27,5.96
2026-01-23 11:34:00+00:00,-4.78,3.79,0.18,141.59,1.74,6.10
2026-01-23 11:35:00+00:00,-5.02,3.01,-0.25,149.03,-2.47,5.85
2026-01-23 11:36:00+00:00,-5.30,2.51,-0.61,154.66,-5.97,5.90
2026-01-23 11:37:00+00:00,-4.99,2.54,-0.44,153.07,-4.52,5.62
2026-01-23 11:38:00+00:00,-4.84,2.55,-0.28,152.19,-2.97,5.48
2026-01-23 11:39:00+00:00,-4.75,2.53,-0.75,151.97,-7.93,5.43
2026-01-23 11:40:00+00:00,-4.67,2.52,-0.86,151.60,-9.16,5.38
2026-01-23 11:41:00+00:00,-4.58,2.69,-1.01,149.57,-10.78,5.40
2026-01-23 11:42:00+00:00,-4.73,2.55,-0.97,151.65,-10.29,5.46
2026-01-23 11:43:00+00:00,-4.67,2.64,-1.07,150.53,-11.29,5.47
2026-01-23 11:44:00+00:00,-3.16,2.66,3.04,139.95,36.37,5.13
2026-01-23 11:45:00+00:00,-3.90,2.98,2.33,142.58,25.38,5.43
2026-01-23 11:46:00+00:00,-4.46,2.74,1.31,148.41,14.06,5.39
2026-01-23 11:47:00+00:00,-4.23,3.11,1.01,143.71,10.89,5.35
2026-01-23 11:48:00+00:00,-3.98,3.29,2.08,140.46,21.93,5.57
2026-01-23 11:49:00+00:00,-3.94,3.70,1.24,136.86,12.91,5.55
2026-01-23 11:50:00+00:00,-4.86,3.40,-1.20,145.00,-11.47,6.05
2026-01-23 11:51:00+00:00,-5.16,3.68,-0.86,144.54,-7.74,6.40
2026-01-23 11:52:00+00:00,-5.29,4.04,-1.25,142.62,-10.66,6.77
2026-01-23 11:53:00+00:00,-5.15,3.78,-1.42,143.69,-12.50,6.55
2026-01-23 11:54:00+00:00,-5.24,3.96,-1.43,142.91,-12.27,6.72
2026-01-23 11:55:00+00:00,-5.06,3.67,-1.36,144.03,-12.24,6.40
2026-01-23 11:56:00+00:00,-4.99,3.25,-1.26,146.94,-11.95,6.08
2026-01-23 11:57:00+00:00,-5.07,3.35,-1.25,146.56,-11.66,6.20
2026-01-23 11:58:00+00:00,-5.11,3.34,-1.72,146.83,-15.75,6.34
2026-01-23 11:59:00+00:00,-5.48,3.85,-1.32,144.90,-11.13,6.83
2026-01-23 12:00:00+00:00,-5.58,3.88,-1.02,145.18,-8.54,6.87
2026-01-23 12:01:00+00:00,-5.49,3.82,-1.78,145.17,-14.89,6.92
2026-01-23 12:02:00+00:00,-5.47,3.91,-1.44,144.41,-12.07,6.88
2026-01-23 12:03:00+00:00,-5.35,4.15,-0.94,142.16,-7.92,6.83
2026-01-23 12:04:00+00:00,-5.57,3.91,-1.09,144.91,-9.12,6.90
2026-01-23 12:05:00+00:00,-5.04,3.75,-0.97,143.30,-8.79,6.36
2026-01-23 12:06:00+00:00,-4.76,3.83,-0.51,141.17,-4.74,6.13
2026-01-23 12:07:00+00:00,-5.73,3.26,-1.74,150.37,-14.76,6.82
2026-01-23 12:08:00+00:00,-5.78,3.11,-1.97,151.68,-16.71,6.85
2026-01-23 12:09:00+00:00,-5.64,3.56,-1.48,147.76,-12.49,6.84
2026-01-23 12:10:00+00:00,-5.23,3.95,-0.81,142.98,-7.07,6.60
2026-01-23 12:11:00+00:00,-5.30,4.09,-0.71,142.36,-6.03,6.73
2026-01-23 12:12:00+00:00,-5.48,4.69,-0.29,139.44,-2.33,7.22
2026-01-23 12:13:00+00:00,-5.03,5.16,0.18,134.22,1.42,7.21
2026-01-23 12:14:00+00:00,-5.04,4.96,0.22,135.44,1.80,7.07
2026-01-23 12:15:00+00:00,-4.75,4.60,0.29,135.89,2.49,6.62
2026-01-23 12:16:00+00:00,-5.33,3.74,-0.71,144.95,-6.20,6.55
2026-01-23 12:17:00+00:00,-5.59,3.60,-0.70,147.20,-6.02,6.68
2026-01-23 12:18:00+00:00,-5.76,3.61,-0.26,147.93,-2.17,6.81
2026-01-23 12:19:00+00:00,-5.93,3.28,-0.70,151.06,-5.90,6.81
2026-01-23 12:20:00+00:00,-5.83,1.48,-1.75,165.74,-16.27,6.26
2026-01-23 12:21:00+00:00,-5.62,2.12,-1.59,159.37,-14.84,6.21
2026-01-23 12:22:00+00:00,-5.71,2.36,-1.48,157.52,-13.47,6.36
2026-01-23 12:23:00+00:00,-5.91,2.34,-1.36,158.36,-12.12,6.50
2026-01-23 12:24:00+00:00,-6.07,2.08,-1.35,161.11,-11.84,6.56
2026-01-23 12:25:00+00:00,-6.03,1.46,-2.12,166.39,-18.92,6.55
2026-01-23 12:26:00+00:00,-5.15,-0.19,-3.49,182.12,-34.13,6.23
2026-01-23 12:27:00+00:00,-5.56,0.32,-3.34,176.67,-30.97,6.49
2026-01-23 12:28:00+00:00,-5.62,-0.14,-3.74,181.47,-33.60,6.75
2026-01-23 12:29:00+00:00,-5.41,0.38,-3.34,175.99,-31.65,6.37
2026-01-23 12:30:00+00:00,-6.45,0.90,-2.76,172.10,-22.94,7.07
2026-01-23 12:31:00+00:00,-6.06,0.50,-3.52,175.31,-30.05,7.02
2026-01-23 12:32:00+00:00,-5.79,0.51,-3.53,174.97,-31.28,6.80
2026-01-23 12:33:00+00:00,-6.18,0.67,-3.62,173.84,-30.21,7.20
2026-01-23 12:34:00+00:00,-5.90,1.15,-4.16,168.94,-34.69,7.31
2026-01-23 12:35:00+00:00,-6.18,0.10,-3.94,179.11,-32.51,7.33
2026-01-23 12:36:00+00:00,-6.08,-0.01,-3.87,180.10,-32.51,7.21
2026-01-23 12:37:00+00:00,-6.75,1.60,-2.70,166.65,-21.27,7.44
2026-01-23 12:38:00+00:00,-6.45,1.10,-3.40,170.32,-27.49,7.38
2026-01-23 12:39:00+00:00,-6.07,-0.01,-4.36,180.13,-35.67,7.47
2026-01-23 12:40:00+00:00,-6.22,0.60,-4.17,174.49,-33.72,7.51
2026-01-23 12:41:00+00:00,-6.07,0.41,-4.36,176.13,-35.64,7.48
2026-01-23 12:42:00+00:00,-5.85,0.59,-4.56,174.20,-37.80,7.44
2026-01-23 12:43:00+00:00,-6.29,1.21,-3.89,169.09,-31.24,7.49
2026-01-23 12:44:00+00:00,-6.29,1.28,-3.85,168.54,-30.98,7.49
2026-01-23 12:45:00+00:00,-6.34,0.94,-3.96,171.55,-31.70,7.54
2026-01-23 12:46:00+00:00,-6.37,0.67,-4.04,173.96,-32.24,7.58
2026-01-23 12:47:00+00:00,-6.19,0.76,-4.21,172.97,-34.05,7.53
2026-01-23 12:48:00+00:00,-6.46,0.14,-3.94,178.76,-31.38,7.57
2026-01-23 12:49:00+00:00,-6.71,0.09,-3.59,179.26,-28.16,7.61
2026-01-23 12:50:00+00:00,-5.83,-1.61,-3.63,195.43,-30.99,7.06
2026-01-23 12:51:00+00:00,-4.86,-3.35,-3.42,214.64,-30.11,6.82
2026-01-23 12:52:00+00:00,-6.01,-1.03,-4.18,189.68,-34.40,7.39
2026-01-23 12:53:00+00:00,-5.86,-2.32,-3.69,201.62,-30.33,7.30
2026-01-23 12:54:00+00:00,-4.75,-3.45,-4.06,215.98,-34.65,7.14
2026-01-23 12:55:00+00:00,-5.12,-3.32,-3.79,212.92,-31.83,7.19
2026-01-23 12:56:00+00:00,-4.28,-4.01,-3.74,223.11,-32.52,6.95
2026-01-23 12:57:00+00:00,-4.94,-2.37,-4.36,205.59,-38.49,7.00
2026-01-23 12:58:00+00:00,-5.61,-1.69,-4.02,196.75,-34.44,7.10
2026-01-23 12:59:00+00:00,-5.87,-1.41,-3.83,193.50,-32.42,7.15
2026-01-23 13:00:00+00:00,-6.45,-1.47,-2.85,192.87,-23.33,7.21
2026-01-23 13:01:00+00:00,-6.85,-0.55,-2.38,184.59,-19.07,7.27
2026-01-23 13:02:00+00:00,-6.67,-0.02,-2.89,180.16,-23.44,7.27
2026-01-23 13:03:00+00:00,-6.52,0.17,-3.22,178.47,-26.31,7.27
2026-01-23 13:04:00+00:00,-6.23,-0.19,-3.79,181.72,-31.31,7.30
2026-01-23 13:05:00+00:00,-6.09,-0.27,-4.02,182.51,-33.40,7.30
2026-01-23 13:06:00+00:00,-6.06,0.46,-4.08,175.66,-33.88,7.32
2026-01-23 13:07:00+00:00,-5.92,0.34,-4.18,176.75,-35.15,7.26
2026-01-23 13:08:00+00:00,-6.40,-0.10,-3.55,180.93,-28.99,7.32
2026-01-23 13:09:00+00:00,-6.90,0.66,-2.65,174.50,-20.91,7.42
2026-01-23 13:10:00+00:00,-6.88,0.25,-2.69,177.91,-21.36,7.39
2026-01-23 13:11:00+00:00,-6.18,0.56,-3.74,174.86,-31.05,7.25
2026-01-23 13:12:00+00:00,-6.12,0.67,-3.94,173.76,-32.58,7.31
2026-01-23 13:13:00+00:00,-6.10,0.77,-3.89,172.79,-32.32,7.28
2026-01-23 13:14:00+00:00,-6.27,0.90,-3.56,171.83,-29.31,7.26
2026-01-23 13:15:00+00:00,-6.25,0.73,-3.75,173.31,-30.80,7.33
2026-01-23 13:16:00+00:00,-6.05,1.68,-3.64,164.47,-30.15,7.26
2026-01-23 13:17:00+00:00,-5.88,2.31,-3.55,158.56,-29.36,7.25
2026-01-23 13:18:00+00:00,-6.04,1.94,-3.52,162.19,-29.01,7.26
2026-01-23 13:19:00+00:00,-6.10,0.64,-3.87,174.03,-32.25,7.25
2026-01-23 13:20:00+00:00,-6.49,0.80,-3.17,172.97,-25.88,7.27
2026-01-23 13:21:00+00:00,-6.42,1.00,-3.37,171.14,-27.39,7.32
2026-01-23 13:22:00+00:00,-6.03,1.02,-3.46,170.43,-29.47,7.03
2026-01-23 13:23:00+00:00,-5.06,3.53,-3.48,145.09,-29.40,7.08
2026-01-23 13:24:00+00:00,-5.11,2.95,-3.81,149.97,-32.84,7.03
2026-01-23 13:25:00+00:00,-5.45,1.95,-3.93,160.36,-34.16,7.00
2026-01-23 13:26:00+00:00,-5.69,1.35,-4.00,166.67,-34.41,7.09
2026-01-23 13:27:00+00:00,-5.25,0.38,-4.53,175.82,-40.73,6.95
2026-01-23 13:28:00+00:00,-6.01,1.97,-3.24,161.87,-27.13,7.11
2026-01-23 13:29:00+00:00,-6.08,1.58,-3.32,165.45,-27.87,7.10
2026-01-23 13:30:00+00:00,-5.83,1.41,-3.80,166.39,-32.40,7.10
2026-01-23 13:31:00+00:00,-5.74,1.66,-3.69,163.89,-31.71,7.03
2026-01-23 13:32:00+00:00,-6.18,2.28,-2.94,159.70,-24.02,7.21
2026-01-23 13:33:00+00:00,-6.09,2.54,-2.59,157.38,-21.41,7.09
2026-01-23 13:34:00+00:00,-6.19,2.90,-2.06,154.91,-16.74,7.14
2026-01-23 13:35:00+00:00,-6.11,2.05,-2.70,161.46,-22.74,6.98
2026-01-23 13:36:00+00:00,-5.75,1.19,-3.56,168.35,-31.20,6.86
2026-01-23 13:37:00+00:00,-4.84,-0.73,-4.65,188.56,-43.53,6.76
2026-01-23 13:38:00+00:00,-5.39,-0.19,-4.09,182.07,-37.21,6.77
2026-01-23 13:39:00+00:00,-5.73,1.36,-3.01,166.69,-27.09,6.62
2026-01-23 13:40:00+00:00,-5.97,2.34,-2.09,158.60,-18.08,6.75
2026-01-23 13:41:00+00:00,-6.11,2.27,-1.68,159.65,-14.41,6.73
2026-01-23 13:42:00+00:00,-5.95,2.98,-0.99,153.37,-8.43,6.73
2026-01-23 13:43:00+00:00,-5.60,3.34,-0.85,149.22,-7.45,6.57
2026-01-23 13:44:00+00:00,-4.64,4.47,-0.90,136.11,-7.92,6.51
2026-01-23 13:45:00+00:00,-4.60,3.11,-0.53,145.99,-5.49,5.58
2026-01-23 13:46:00+00:00,-4.06,0.97,-4.12,166.58,-44.61,5.87
2026-01-23 13:47:00+00:00,-2.12,0.02,-5.21,179.47,-67.80,5.62
2026-01-23 13:48:00+00:00,-4.54,1.56,-4.54,161.09,-43.41,6.61
2026-01-23 13:49:00+00:00,-4.33,1.46,-4.71,161.33,-45.84,6.56
2026-01-23 13:50:00+00:00,-4.38,1.73,-4.54,158.39,-43.97,6.54
2026-01-23 13:51:00+00:00,-4.51,1.83,-4.42,157.93,-42.28,6.57
2026-01-23 13:52:00+00:00,-4.83,2.15,-3.94,156.01,-36.68,6.59
2026-01-23 13:53:00+00:00,-4.26,3.30,-3.36,142.23,-31.96,6.35
2026-01-23 13:54:00+00:00,-4.19,3.22,-3.44,142.50,-33.10,6.31
2026-01-23 13:55:00+00:00,-4.47,2.65,-2.15,149.33,-22.44,5.62
2026-01-23 13:56:00+00:00,-5.16,3.54,1.68,145.52,15.00,6.48
2026-01-23 13:57:00+00:00,-4.82,3.40,2.71,144.84,24.65,6.49
2026-01-23 13:58:00+00:00,-4.99,3.59,0.44,144.26,4.09,6.16
2026-01-23 13:59:00+00:00,-4.87,3.88,-0.87,141.47,-7.96,6.29
2026-01-23 14:00:00+00:00,-5.52,3.63,-0.19,146.64,-1.64,6.61
2026-01-23 14:01:00+00:00,-5.57,3.51,-0.24,147.82,-2.07,6.59
2026-01-23 14:02:00+00:00,-5.25,3.41,-1.97,147.02,-17.45,6.56
2026-01-23 14:03:00+00:00,-4.57,3.13,-3.21,145.62,-30.12,6.40
2026-01-23 14:04:00+00:00,-3.02,3.43,0.85,131.41,10.53,4.65
2026-01-23 14:05:00+00:00,-2.97,4.34,3.22,124.38,31.52,6.17
2026-01-23 14:06:00+00:00,-4.66,3.41,2.92,143.81,26.81,6.46
2026-01-23 14:07:00+00:00,-5.11,3.03,0.33,149.32,3.19,5.95
2026-01-23 14:08:00+00:00,-5.49,2.53,-2.92,155.25,-25.78,6.71
2026-01-23 14:09:00+00:00,-4.79,3.29,-2.99,145.51,-27.22,6.53
2026-01-23 14:10:00+00:00,-4.47,3.17,-3.69,144.70,-33.94,6.61
2026-01-23 14:11:00+00:00,-4.97,3.03,-3.29,148.67,-29.45,6.68
2026-01-23 14:12:00+00:00,-4.68,2.78,-3.80,149.25,-34.94,6.64
2026-01-23 14:13:00+00:00,-4.70,2.11,-4.08,155.81,-38.33,6.57
2026-01-23 14:14:00+00:00,-4.31,2.37,-4.37,151.20,-41.62,6.58
2026-01-23 14:15:00+00:00,-4.40,2.91,-3.62,146.51,-34.44,6.40
2026-01-23 14:16:00+00:00,-4.97,3.20,-2.94,147.20,-26.43,6.60
2026-01-23 14:17:00+00:00,-4.78,3.06,-3.28,147.41,-30.04,6.56
2026-01-23 14:18:00+00:00,-4.95,2.73,-3.36,151.11,-30.74,6.57
2026-01-23 14:19:00+00:00,-5.00,2.43,-3.41,154.09,-31.55,6.52
2026-01-23 14:20:00+00:00,-5.34,1.61,-3.40,163.21,-31.38,6.53
2026-01-23 14:21:00+00:00,-5.13,1.54,-3.43,163.27,-32.64,6.37
2026-01-23 14:22:00+00:00,-5.56,0.92,-3.31,170.60,-30.46,6.54
2026-01-23 14:23:00+00:00,-5.62,1.70,-3.04,163.17,-27.39,6.61
2026-01-23 14:24:00+00:00,-4.89,2.96,-2.93,148.82,-27.16,6.43
2026-01-23 14:25:00+00:00,-4.18,4.29,-2.53,134.25,-22.89,6.50
2026-01-23 14:26:00+00:00,-4.28,3.39,-3.57,141.59,-33.19,6.52
2026-01-23 14:27:00+00:00,-3.23,3.23,-4.37,135.04,-43.77,6.32
2026-01-23 14:28:00+00:00,-5.02,2.79,-2.96,150.95,-27.28,6.46
2026-01-23 14:29:00+00:00,-5.37,1.92,-3.58,160.34,-32.15,6.73
2026-01-23 14:30:00+00:00,-5.01,2.11,-3.88,157.18,-35.50,6.68
2026-01-23 14:31:00+00:00,-4.66,2.20,-4.04,154.72,-38.08,6.55
2026-01-23 14:32:00+00:00,-4.38,2.14,-4.30,154.02,-41.40,6.50
2026-01-23 14:33:00+00:00,-4.90,2.42,-3.81,153.77,-34.89,6.66
2026-01-23 14:34:00+00:00,-5.23,2.22,-3.56,156.97,-32.06,6.70
2026-01-23 14:35:00+00:00,-5.18,1.53,-3.88,163.52,-35.70,6.65
2026-01-23 14:36:00+00:00,-5.40,1.91,-3.67,160.50,-32.66,6.81
2026-01-23 14:37:00+00:00,-5.15,2.47,-3.70,154.39,-32.91,6.80
2026-01-23 14:38:00+00:00,-4.42,2.07,-4.44,154.94,-42.29,6.60
2026-01-23 14:39:00+00:00,-4.16,1.62,-4.86,158.69,-47.40,6.60
2026-01-23 14:40:00+00:00,-4.61,1.56,-4.54,161.33,-43.03,6.66
2026-01-23 14:41:00+00:00,-4.77,1.70,-4.39,160.36,-40.91,6.70
2026-01-23 14:42:00+00:00,-4.57,1.96,-4.47,156.75,-41.97,6.68
2026-01-23 14:43:00+00:00,-4.32,2.23,-4.59,152.72,-43.35,6.69
2026-01-23 14:44:00+00:00,-4.74,1.59,-4.53,161.52,-42.19,6.75
2026-01-23 14:45:00+00:00,-4.98,1.14,-4.47,167.13,-41.21,6.78
2026-01-23 14:46:00+00:00,-4.29,1.04,-4.99,166.31,-48.52,6.66
2026-01-23 14:47:00+00:00,-4.17,0.71,-5.09,170.39,-50.28,6.62
2026-01-23 14:48:00+00:00,-4.59,0.20,-4.76,177.46,-46.00,6.62
2026-01-23 14:49:00+00:00,-5.07,1.47,-4.25,163.83,-38.81,6.78
2026-01-23 14:50:00+00:00,-5.31,0.92,-4.16,170.16,-37.68,6.81
2026-01-23 14:51:00+00:00,-5.27,0.45,-4.28,175.16,-38.97,6.81
2026-01-23 14:52:00+00:00,-5.46,0.26,-4.09,177.25,-36.80,6.83
2026-01-23 14:53:00+00:00,-5.89,0.02,-3.56,179.76,-31.11,6.88
2026-01-23 14:54:00+00:00,-4.31,1.67,-4.77,158.77,-45.87,6.64
2026-01-23 14:55:00+00:00,-4.26,1.78,-4.82,157.36,-46.27,6.67
2026-01-23 14:56:00+00:00,-4.63,1.52,-4.59,161.77,-43.29,6.70
2026-01-23 14:57:00+00:00,-4.72,1.76,-4.42,159.54,-41.27,6.70
2026-01-23 14:58:00+00:00,-4.85,1.67,-4.39,160.94,-40.57,6.75
2026-01-23 14:59:00+00:00,-4.89,1.30,-4.41,165.15,-41.08,6.71
2026-01-23 15:00:00+00:00,-4.45,1.69,-4.65,159.24,-44.33,6.65
2026-01-23 15:01:00+00:00,-4.33,1.84,-4.72,157.05,-45.06,6.66
2026-01-23 15:02:00+00:00,-4.15,1.39,-4.96,161.46,-48.55,6.62
2026-01-23 15:03:00+00:00,-4.50,1.83,-4.57,157.90,-43.21,6.67
2026-01-23 15:04:00+00:00,-4.28,1.65,-4.67,158.92,-45.52,6.55
2026-01-23 15:05:00+00:00,-3.94,2.28,-4.45,149.95,-44.32,6.37
2026-01-23 15:06:00+00:00,-2.99,2.99,-4.66,135.03,-47.79,6.29
2026-01-23 15:07:00+00:00,-3.54,1.69,-4.93,154.41,-51.51,6.30
2026-01-23 15:08:00+00:00,-3.73,-0.39,-5.52,185.99,-55.85,6.68
2026-01-23 15:09:00+00:00,-3.80,-0.15,-5.22,182.32,-53.94,6.46
2026-01-23 15:10:00+00:00,-4.16,0.18,-4.99,177.51,-50.14,6.50
2026-01-23 15:11:00+00:00,-3.99,0.45,-4.99,173.54,-51.20,6.41
2026-01-23 15:12:00+00:00,-3.28,-0.22,-5.15,183.88,-57.45,6.11
2026-01-23 15:13:00+00:00,-3.67,0.70,-4.81,169.28,-52.13,6.09
2026-01-23 15:14:00+00:00,-4.44,1.66,-3.03,159.45,-32.60,5.63
2026-01-23 15:15:00+00:00,-5.90,2.31,0.00,158.64,0.00,6.33
2026-01-23 15:16:00+00:00,-5.67,3.01,-0.71,152.03,-6.31,6.46
2026-01-23 15:17:00+00:00,-5.38,3.09,-1.80,150.10,-16.16,6.46
2026-01-23 15:18:00+00:00,-5.11,2.44,-2.51,154.46,-23.90,6.19
2026-01-23 15:19:00+00:00,-4.24,1.63,-3.72,158.94,-39.24,5.87
2026-01-23 15:20:00+00:00,-3.93,0.06,-4.37,179.15,-48.01,5.88
2026-01-23 15:21:00+00:00,-3.61,0.21,-4.93,176.71,-53.76,6.12
2026-01-23 15:22:00+00:00,-4.33,0.85,-4.23,168.90,-43.81,6.12
2026-01-23 15:23:00+00:00,-4.61,1.12,-3.59,166.38,-37.09,5.95
2026-01-23 15:24:00+00:00,-5.10,1.24,-3.37,166.33,-32.69,6.23
2026-01-23 15:25:00+00:00,-3.86,-0.11,-4.60,181.65,-49.94,6.00
2026-01-23 15:26:00+00:00,-4.64,2.08,-3.67,155.84,-35.81,6.28
2026-01-23 15:27:00+00:00,-4.85,1.65,-3.80,161.23,-36.56,6.38
2026-01-23 15:28:00+00:00,-4.58,1.42,-4.00,162.77,-39.82,6.25
2026-01-23 15:29:00+00:00,-3.77,1.34,-4.64,160.44,-49.21,6.13
2026-01-23 15:30:00+00:00,-4.19,1.28,-4.21,163.03,-43.87,6.08
2026-01-23 15:31:00+00:00,-4.87,2.17,-3.19,155.97,-30.91,6.22
2026-01-23 15:32:00+00:00,-5.16,2.86,-2.41,150.99,-22.18,6.38
2026-01-23 15:33:00+00:00,-5.32,3.04,-1.99,150.24,-17.96,6.44
2026-01-23 15:34:00+00:00,-5.11,2.55,-2.90,153.47,-26.91,6.41
2026-01-23 15:35:00+00:00,-5.58,2.09,-2.44,159.47,-22.25,6.43
2026-01-23 15:36:00+00:00,-5.15,1.51,-3.61,163.66,-33.89,6.47
2026-01-23 15:37:00+00:00,-5.52,1.17,-3.28,168.06,-30.17,6.53
2026-01-23 15:38:00+00:00,-5.12,1.21,-3.72,166.67,-35.29,6.45
2026-01-23 15:39:00+00:00,-4.82,0.87,-4.08,169.81,-39.83,6.37
2026-01-23 15:40:00+00:00,-4.57,0.13,-4.38,178.43,-43.77,6.33
2026-01-23 15:41:00+00:00,-4.58,0.37,-4.32,175.34,-43.28,6.31
2026-01-23 15:42:00+00:00,-4.51,1.15,-4.14,165.71,-41.64,6.23
2026-01-23 15:43:00+00:00,-4.54,2.11,-3.83,155.07,-37.41,6.31
2026-01-23 15:44:00+00:00,-4.35,1.43,-3.54,161.85,-37.74,5.79
2026-01-23 15:45:00+00:00,-4.67,3.48,-2.32,143.36,-21.75,6.27
2026-01-23 15:46:00+00:00,-5.15,2.38,-2.81,155.17,-26.30,6.33
2026-01-23 15:47:00+00:00,-5.39,1.74,-2.95,162.10,-27.49,6.38
2026-01-23 15:48:00+00:00,-5.25,2.14,-2.35,157.78,-22.55,6.14
2026-01-23 15:49:00+00:00,-4.48,4.09,-1.50,137.59,-13.86,6.25
2026-01-23 15:50:00+00:00,-4.78,3.68,-1.64,142.44,-15.20,6.25
2026-01-23 15:51:00+00:00,-5.10,3.41,-1.29,146.23,-11.85,6.26
2026-01-23 15:52:00+00:00,-4.58,3.40,-1.43,143.46,-14.06,5.88
2026-01-23 15:53:00+00:00,-5.45,1.39,-2.98,165.64,-27.90,6.36
2026-01-23 15:54:00+00:00,-5.54,0.82,-3.15,171.53,-29.38,6.43
2026-01-23 15:55:00+00:00,-6.12,-0.38,-2.22,183.51,-19.92,6.52
2026-01-23 15:56:00+00:00,-4.94,0.30,-3.89,176.56,-38.13,6.30
2026-01-23 15:57:00+00:00,-4.73,-0.04,-4.20,180.46,-41.58,6.32
2026-01-23 15:58:00+00:00,-3.73,-0.38,-4.90,185.75,-52.61,6.17
2026-01-23 16:00:00+00:00,-4.82,2.73,-2.83,150.48,-27.08,6.22
2026-01-23 16:01:00+00:00,-4.37,1.78,-3.66,157.88,-37.76,5.97
2026-01-23 16:02:00+00:00,-3.28,0.33,-5.09,174.26,-57.12,6.07
2026-01-23 16:03:00+00:00,-4.37,1.57,-4.10,160.20,-41.47,6.19
2026-01-23 16:04:00+00:00,-3.84,1.56,-4.40,157.97,-46.72,6.05
2026-01-23 16:05:00+00:00,-3.82,1.73,-4.39,155.58,-46.29,6.07
2026-01-23 16:06:00+00:00,-3.58,0.22,-4.82,176.50,-53.37,6.01
2026-01-23 16:07:00+00:00,-3.68,0.54,-2.35,171.71,-32.29,4.40
2026-01-23 16:08:00+00:00,-5.54,2.87,1.55,152.59,13.96,6.43
2026-01-23 16:09:00+00:00,-5.64,3.03,-0.05,151.79,-0.45,6.40
2026-01-23 16:10:00+00:00,-6.21,1.95,0.52,162.55,4.56,6.53
2026-01-23 16:11:00+00:00,-6.38,0.91,0.03,171.84,0.29,6.45
2026-01-23 16:12:00+00:00,-6.26,0.09,-1.41,179.19,-12.70,6.41
2026-01-23 16:13:00+00:00,-6.02,1.00,-2.02,170.60,-18.35,6.42
2026-01-23 16:14:00+00:00,-5.71,1.59,-2.23,164.44,-20.59,6.33
2026-01-23 16:15:00+00:00,-5.19,2.90,-2.14,150.83,-19.77,6.32
2026-01-23 16:16:00+00:00,-5.21,1.56,-3.26,163.37,-30.90,6.34
2026-01-23 16:17:00+00:00,-5.17,2.08,-2.72,158.05,-26.04,6.20
2026-01-23 16:18:00+00:00,-4.31,2.51,-3.07,149.83,-31.66,5.86
2026-01-23 16:19:00+00:00,-2.81,3.06,-3.78,132.56,-42.31,5.61
2026-01-23 16:20:00+00:00,-3.44,3.08,-3.54,138.14,-37.52,5.82
2026-01-23 16:21:00+00:00,-5.04,3.26,-1.81,147.07,-16.77,6.27
2026-01-23 16:22:00+00:00,-4.84,2.31,-2.62,154.52,-26.08,5.97
2026-01-23 16:23:00+00:00,-4.64,2.86,-2.72,148.41,-26.54,6.10
2026-01-23 16:24:00+00:00,-5.13,2.34,-2.65,155.44,-25.14,6.23
2026-01-23 16:25:00+00:00,-5.24,1.32,-3.15,165.83,-30.22,6.26
2026-01-23 16:26:00+00:00,-5.59,1.73,-2.46,162.85,-22.82,6.35
2026-01-23 16:27:00+00:00,-5.73,1.52,-2.34,165.14,-21.58,6.37
2026-01-23 16:28:00+00:00,-5.38,1.83,-2.57,161.24,-24.35,6.24
2026-01-23 16:29:00+00:00,-4.75,2.22,-2.98,154.92,-29.56,6.03
2026-01-23 16:30:00+00:00,-1.47,-0.93,-5.41,212.29,-72.18,5.68
2026-01-23 16:31:00+00:00,-2.28,-0.74,-5.50,197.98,-66.46,6.00
2026-01-23 16:32:00+00:00,-2.19,-1.31,-5.39,210.87,-64.65,5.96
2026-01-23 16:33:00+00:00,-2.45,-0.78,-5.42,197.59,-64.66,6.00
2026-01-23 16:34:00+00:00,-2.93,-0.46,-5.36,188.83,-61.03,6.12
2026-01-23 16:35:00+00:00,-2.87,-0.59,-5.35,191.57,-61.25,6.10
2026-01-23 16:36:00+00:00,-3.18,-0.20,-5.18,183.66,-58.44,6.09
2026-01-23 16:37:00+00:00,-2.48,-1.41,-5.28,209.67,-61.59,6.00
2026-01-23 16:38:00+00:00,-2.69,-1.10,-5.18,202.25,-60.73,5.94
2026-01-23 16:39:00+00:00,-4.07,0.75,-4.46,169.52,-47.13,6.09
2026-01-23 16:40:00+00:00,-3.47,0.26,-4.86,175.72,-54.38,5.98
2026-01-23 16:41:00+00:00,-3.34,-0.02,-5.06,180.37,-56.58,6.06
2026-01-23 16:42:00+00:00,-4.56,1.54,-3.38,161.36,-35.11,5.88
2026-01-23 16:43:00+00:00,-5.30,1.95,-2.67,159.75,-25.31,6.25
2026-01-23 16:44:00+00:00,-5.59,1.90,-2.07,161.24,-19.33,6.26
2026-01-23 16:45:00+00:00,-5.96,1.02,-2.04,170.25,-18.62,6.38
2026-01-23 16:46:00+00:00,-5.53,0.88,-2.94,170.97,-27.66,6.33
2026-01-23 16:47:00+00:00,-5.44,0.57,-2.88,173.98,-27.75,6.18
2026-01-23 16:48:00+00:00,-5.54,0.32,-2.88,176.74,-27.47,6.25
2026-01-23 16:49:00+00:00,-5.29,1.28,-2.92,166.40,-28.20,6.17
2026-01-23 16:50:00+00:00,-5.18,1.64,-3.32,162.44,-31.46,6.36
2026-01-23 16:51:00+00:00,-4.98,0.86,-3.79,170.20,-36.86,6.32
2026-01-23 16:52:00+00:00,-4.39,1.09,-3.95,166.02,-41.08,6.00
2026-01-23 16:53:00+00:00,-4.84,2.75,-2.65,150.38,-25.50,6.17
2026-01-23 16:54:00+00:00,-5.29,2.55,-2.36,154.24,-21.90,6.33
2026-01-23 16:55:00+00:00,-4.22,2.66,-3.49,147.77,-34.97,6.09
2026-01-23 16:56:00+00:00,-4.61,2.46,-2.98,151.93,-29.74,6.01
2026-01-23 16:57:00+00:00,-3.67,2.47,-3.95,146.09,-41.78,5.93
2026-01-23 16:58:00+00:00,-3.51,2.04,-4.36,149.84,-47.03,5.96
2026-01-23 16:59:00+00:00,-3.44,1.43,-4.59,157.40,-50.97,5.91
2026-01-23 17:00:00+00:00,-1.49,1.21,-5.34,141.07,-70.22,5.67
2026-01-23 17:01:00+00:00,-1.71,1.96,-5.11,131.11,-63.02,5.74
2026-01-23 17:02:00+00:00,-0.88,1.32,-5.45,123.54,-73.77,5.67
2026-01-23 17:03:00+00:00,-0.07,0.63,-5.57,96.19,-83.53,5.60
2026-01-23 17:04:00+00:00,-1.57,1.63,-5.22,134.08,-66.55,5.69
2026-01-23 17:05:00+00:00,-0.96,1.43,-5.31,124.00,-72.04,5.59
2026-01-23 17:06:00+00:00,-0.17,0.72,-5.47,103.63,-82.28,5.52
2026-01-23 17:07:00+00:00,0.46,0.63,-5.44,54.00,-81.80,5.49
2026-01-23 17:08:00+00:00,0.42,0.07,-5.45,9.42,-85.51,5.47
2026-01-23 17:09:00+00:00,-1.98,0.52,-5.32,165.36,-68.95,5.70
2026-01-23 17:10:00+00:00,-3.01,1.16,-4.94,158.91,-56.90,5.90
2026-01-23 17:11:00+00:00,-3.19,1.08,-4.67,161.38,-54.17,5.76
2026-01-23 17:12:00+00:00,-3.25,1.64,-4.53,153.16,-51.23,5.81
2026-01-23 17:13:00+00:00,-2.17,-0.07,-5.38,181.73,-68.05,5.80
2026-01-23 17:14:00+00:00,-3.46,2.05,-4.37,149.31,-47.38,5.94
2026-01-23 17:15:00+00:00,-4.68,2.61,-3.16,150.84,-30.55,6.22
2026-01-23 17:16:00+00:00,-4.10,2.46,-3.63,148.99,-37.22,6.01
2026-01-23 17:17:00+00:00,-3.77,2.29,-4.12,148.71,-43.06,6.03
2026-01-23 17:18:00+00:00,-4.01,1.64,-4.15,157.77,-43.82,6.00
2026-01-23 17:19:00+00:00,-3.52,0.60,-4.78,170.32,-53.22,5.96
2026-01-23 17:20:00+00:00,-2.64,-0.33,-5.22,187.14,-62.98,5.86
2026-01-23 17:21:00+00:00,-2.47,-1.96,-4.89,218.43,-57.17,5.81
2026-01-23 17:22:00+00:00,-2.06,-2.58,-4.78,231.34,-55.39,5.81
2026-01-23 17:23:00+00:00,-1.68,-2.15,-4.88,231.96,-60.75,5.59
2026-01-23 17:25:00+00:00,-4.33,-0.58,-4.30,187.65,-44.55,6.13
2026-01-23 17:26:00+00:00,-4.06,-0.93,-4.62,192.86,-47.98,6.22
2026-01-23 17:27:00+00:00,-3.30,-1.48,-4.78,204.12,-52.89,5.99
2026-01-23 17:28:00+00:00,-2.93,-1.65,-4.73,209.37,-54.59,5.81
2026-01-23 17:29:00+00:00,-3.46,-1.35,-4.73,201.31,-51.90,6.02
2026-01-23 17:30:00+00:00,-3.83,-1.82,-4.31,205.49,-45.49,6.05
2026-01-23 17:31:00+00:00,-4.39,-1.98,-3.81,204.28,-38.34,6.14
2026-01-23 17:32:00+00:00,-3.30,-2.29,-4.41,214.83,-47.63,5.96
2026-01-23 17:33:00+00:00,-3.64,-2.57,-4.03,215.24,-42.15,6.01
2026-01-23 17:34:00+00:00,-3.52,-2.38,-4.11,214.12,-44.05,5.91
2026-01-23 17:35:00+00:00,-4.40,-1.12,-4.00,194.25,-41.43,6.05
2026-01-23 17:36:00+00:00,-4.77,-0.28,-3.91,183.30,-39.32,6.18
2026-01-23 17:37:00+00:00,-5.20,-0.34,-3.65,183.70,-35.03,6.36
2026-01-23 17:38:00+00:00,-5.10,0.33,-3.50,176.31,-34.37,6.20
2026-01-23 17:39:00+00:00,-4.81,1.98,-3.70,157.64,-35.46,6.38
