time_tag,density,speed,temperature
2026-03-14 17:50:00+00:00,0.17,605.4,145198
2026-03-14 17:51:00+00:00,0.29,636.6,171312
2026-03-14 17:52:00+00:00,0.37,670.1,178387
2026-03-14 17:53:00+00:00,0.34,685.0,250431
2026-03-14 17:54:00+00:00,0.22,659.2,277666
2026-03-14 17:55:00+00:00,0.27,660.2,222868
2026-03-14 17:56:00+00:00,0.32,646.8,133864
2026-03-14 17:57:00+00:00,0.32,648.3,168427
2026-03-14 17:58:00+00:00,0.29,674.7,269922
2026-03-14 17:59:00+00:00,0.26,641.9,218116
2026-03-14 18:00:00+00:00,0.30,665.1,189598
2026-03-14 18:01:00+00:00,0.32,675.4,186023
2026-03-14 18:02:00+00:00,0.22,678.9,241401
2026-03-14 18:03:00+00:00,0.16,642.1,256615
2026-03-14 18:04:00+00:00,0.20,641.4,227715
2026-03-14 18:05:00+00:00,0.21,640.7,206613
2026-03-14 18:06:00+00:00,0.16,639.1,258726
2026-03-14 18:07:00+00:00,0.13,655.7,364224
2026-03-14 18:08:00+00:00,0.17,666.8,317781
2026-03-14 18:09:00+00:00,0.24,678.2,227386
2026-03-14 18:10:00+00:00,0.27,694.4,252495
2026-03-14 18:11:00+00:00,0.27,688.0,245963
2026-03-14 18:12:00+00:00,1.83,641.8,137402
2026-03-14 18:13:00+00:00,1.65,649.5,150680
2026-03-14 18:14:00+00:00,0.60,692.1,224211
2026-03-14 18:15:00+00:00,0.68,680.9,205397
2026-03-14 18:17:00+00:00,2.10,639.0,112236
2026-03-14 18:18:00+00:00,0.85,720.1,262979
2026-03-14 18:19:00+00:00,1.54,694.4,234038
2026-03-14 18:20:00+00:00,1.57,648.7,155878
2026-03-14 18:21:00+00:00,1.38,668.6,204487
2026-03-14 18:22:00+00:00,1.60,706.1,262722
2026-03-14 18:23:00+00:00,1.67,714.9,277112
2026-03-14 18:24:00+00:00,1.49,708.9,245314
2026-03-14 18:25:00+00:00,0.85,662.0,253643
2026-03-14 18:26:00+00:00,0.11,626.0,315776
2026-03-14 18:27:00+00:00,0.11,678.8,358279
2026-03-14 18:28:00+00:00,0.11,686.6,434215
2026-03-14 18:29:00+00:00,0.14,690.3,375746
2026-03-14 18:30:00+00:00,0.27,699.1,263760
2026-03-14 18:31:00+00:00,0.27,685.4,368648
2026-03-14 18:32:00+00:00,0.46,669.4,213946
2026-03-14 18:33:00+00:00,0.68,687.8,214479
2026-03-14 18:34:00+00:00,0.19,655.6,256290
2026-03-14 18:35:00+00:00,0.09,652.2,322632
2026-03-14 18:36:00+00:00,0.29,648.0,274877
2026-03-14 18:37:00+00:00,0.33,622.2,133934
2026-03-14 18:38:00+00:00,0.29,643.6,208495
2026-03-14 18:39:00+00:00,0.26,646.1,264008
2026-03-14 18:40:00+00:00,0.28,634.5,214759
2026-03-14 18:41:00+00:00,0.40,659.8,217900
2026-03-14 18:42:00+00:00,0.41,669.1,254363
2026-03-14 18:43:00+00:00,0.24,633.6,238769
2026-03-14 18:44:00+00:00,0.29,646.4,251456
2026-03-14 18:45:00+00:00,0.27,652.3,285379
2026-03-14 18:46:00+00:00,0.13,645.6,393248
2026-03-14 18:47:00+00:00,0.13,630.7,245601
2026-03-14 18:48:00+00:00,0.13,679.5,392580
2026-03-14 18:49:00+00:00,0.13,,
2026-03-14 18:50:00+00:00,0.13,706.1,415072
2026-03-14 18:51:00+00:00,0.17,679.9,286754
2026-03-14 18:52:00+00:00,0.21,682.1,301796
2026-03-14 18:53:00+00:00,0.08,597.5,119955
2026-03-14 18:54:00+00:00,0.11,618.4,159951
2026-03-14 18:55:00+00:00,0.16,662.3,286628
2026-03-14 18:56:00+00:00,0.12,664.7,364214
2026-03-14 18:57:00+00:00,0.09,683.4,409284
2026-03-14 18:58:00+00:00,0.07,707.8,396791
2026-03-14 18:59:00+00:00,0.07,690.7,375511
2026-03-14 19:00:00+00:00,0.07,671.8,369765
2026-03-14 19:01:00+00:00,0.13,665.2,287492
2026-03-14 19:02:00+00:00,0.41,653.1,260552
2026-03-14 19:03:00+00:00,0.34,678.9,208057
2026-03-14 19:04:00+00:00,0.67,719.2,306141
2026-03-14 19:05:00+00:00,0.19,656.8,213797
2026-03-14 19:06:00+00:00,0.08,673.8,342101
2026-03-14 19:07:00+00:00,0.02,586.6,97589
2026-03-14 19:08:00+00:00,0.07,637.8,262804
2026-03-14 19:09:00+00:00,0.25,664.1,240604
2026-03-14 19:10:00+00:00,0.26,642.3,310905
2026-03-14 19:11:00+00:00,1.10,635.7,230292
2026-03-14 19:12:00+00:00,1.32,646.4,118434
2026-03-14 19:13:00+00:00,0.53,647.2,181200
2026-03-14 19:14:00+00:00,0.19,639.5,228173
2026-03-14 19:15:00+00:00,0.18,640.8,240093
2026-03-14 19:16:00+00:00,0.68,649.6,312582
2026-03-14 19:17:00+00:00,2.39,640.7,111804
2026-03-14 19:18:00+00:00,0.98,685.1,210627
2026-03-14 19:19:00+00:00,1.65,619.1,162036
2026-03-14 19:20:00+00:00,0.60,685.8,258323
2026-03-14 19:21:00+00:00,0.59,676.4,213894
2026-03-14 19:22:00+00:00,0.59,675.9,211555
2026-03-14 19:23:00+00:00,0.64,710.0,304003
2026-03-14 19:24:00+00:00,1.34,691.9,230301
2026-03-14 19:25:00+00:00,1.59,690.1,216760
2026-03-14 19:26:00+00:00,0.64,657.4,187384
2026-03-14 19:27:00+00:00,0.73,643.1,151571
2026-03-14 19:28:00+00:00,1.34,653.8,204043
2026-03-14 19:29:00+00:00,1.14,639.8,184137
2026-03-14 19:30:00+00:00,0.63,619.8,95015
2026-03-14 19:31:00+00:00,1.56,679.9,201179
2026-03-14 19:32:00+00:00,1.14,671.3,179401
2026-03-14 19:33:00+00:00,0.94,658.8,170326
2026-03-14 19:34:00+00:00,1.25,682.4,181043
2026-03-14 19:35:00+00:00,0.48,648.5,151977
2026-03-14 19:36:00+00:00,0.23,669.5,236767
2026-03-14 19:37:00+00:00,0.15,679.2,319570
2026-03-14 19:38:00+00:00,0.12,694.5,393545
2026-03-14 19:39:00+00:00,0.07,683.5,397233
2026-03-14 19:40:00+00:00,0.17,698.9,294280
2026-03-14 19:41:00+00:00,0.14,693.9,320633
2026-03-14 19:42:00+00:00,0.08,684.7,391038
2026-03-14 19:43:00+00:00,0.07,669.1,334326
2026-03-14 19:44:00+00:00,0.06,672.6,347923
2026-03-14 19:45:00+00:00,0.10,695.3,375426
2026-03-14 19:46:00+00:00,0.13,694.6,310059
2026-03-14 19:47:00+00:00,0.09,675.0,353231
2026-03-14 19:48:00+00:00,0.09,675.2,356523
2026-03-14 19:49:00+00:00,0.09,667.9,300097
2026-03-14 19:50:00+00:00,0.07,680.6,382090
2026-03-14 19:51:00+00:00,0.06,632.2,259491
2026-03-14 19:52:00+00:00,0.48,681.0,438959
2026-03-14 19:53:00+00:00,0.76,691.3,248370
2026-03-14 19:54:00+00:00,0.36,656.6,189380
2026-03-14 19:55:00+00:00,0.30,652.0,182914
2026-03-14 19:56:00+00:00,0.15,711.6,580242
2026-03-14 19:57:00+00:00,0.14,675.4,483942
2026-03-14 19:58:00+00:00,0.11,628.2,351789
2026-03-14 19:59:00+00:00,0.08,668.5,351017
2026-03-14 20:00:00+00:00,0.06,712.4,424621
2026-03-14 20:01:00+00:00,0.05,688.4,399832
2026-03-14 20:02:00+00:00,0.08,668.9,323961
2026-03-14 20:03:00+00:00,0.12,680.2,352837
2026-03-14 20:04:00+00:00,0.12,676.1,445965
2026-03-14 20:05:00+00:00,0.12,682.9,548385
2026-03-14 20:06:00+00:00,0.09,670.8,394178
2026-03-14 20:07:00+00:00,0.09,660.1,345423
2026-03-14 20:08:00+00:00,0.05,671.9,294532
2026-03-14 20:09:00+00:00,0.05,679.0,289045
2026-03-14 20:10:00+00:00,0.18,704.7,189885
2026-03-14 20:11:00+00:00,0.12,702.4,334495
2026-03-14 20:12:00+00:00,0.87,671.9,223908
2026-03-14 20:13:00+00:00,1.26,663.5,148167
2026-03-14 20:14:00+00:00,1.51,650.8,140831
2026-03-14 20:15:00+00:00,1.77,650.6,175893
2026-03-14 20:16:00+00:00,0.99,615.6,115905
2026-03-14 20:17:00+00:00,0.78,623.3,113106
2026-03-14 20:18:00+00:00,1.72,686.1,219507
2026-03-14 20:19:00+00:00,1.18,681.3,262576
2026-03-14 20:20:00+00:00,0.48,705.3,392964
2026-03-14 20:21:00+00:00,0.63,664.7,174849
2026-03-14 20:22:00+00:00,0.27,688.6,270643
2026-03-14 20:23:00+00:00,0.25,694.2,256815
2026-03-14 20:24:00+00:00,0.15,683.6,335568
2026-03-14 20:25:00+00:00,0.13,681.5,299900
2026-03-14 20:26:00+00:00,0.02,594.9,59249
2026-03-14 20:27:00+00:00,0.10,671.5,336998
2026-03-14 20:28:00+00:00,0.13,691.2,406429
2026-03-14 20:30:00+00:00,0.06,691.5,325563
2026-03-14 20:31:00+00:00,0.04,672.6,623327
2026-03-14 20:32:00+00:00,0.13,654.7,419355
2026-03-14 20:33:00+00:00,0.14,662.4,324743
2026-03-14 20:34:00+00:00,0.09,688.0,435883
2026-03-14 20:35:00+00:00,0.09,668.6,333452
2026-03-14 20:36:00+00:00,0.12,679.4,367167
2026-03-14 20:37:00+00:00,0.15,685.2,354037
2026-03-14 20:38:00+00:00,0.18,658.4,229814
2026-03-14 20:39:00+00:00,0.09,708.4,394672
2026-03-14 20:40:00+00:00,0.08,687.9,274264
2026-03-14 20:41:00+00:00,0.08,681.0,271162
2026-03-14 20:42:00+00:00,0.92,687.6,131723
2026-03-14 20:43:00+00:00,1.00,661.8,146735
2026-03-14 20:44:00+00:00,0.43,647.6,213598
2026-03-14 20:45:00+00:00,0.24,649.5,209139
2026-03-14 20:46:00+00:00,0.16,646.6,286625
2026-03-14 20:47:00+00:00,0.18,655.5,322685
2026-03-14 20:48:00+00:00,0.19,646.2,296198
2026-03-14 20:49:00+00:00,0.14,651.2,350790
2026-03-14 20:50:00+00:00,0.16,673.7,405353
2026-03-14 20:51:00+00:00,0.14,648.2,353602
2026-03-14 20:52:00+00:00,0.12,654.1,391607
2026-03-14 20:53:00+00:00,0.19,679.9,331183
2026-03-14 20:54:00+00:00,0.24,667.3,199363
2026-03-14 20:55:00+00:00,0.32,645.1,215852
2026-03-14 20:56:00+00:00,0.31,640.9,138028
2026-03-14 20:57:00+00:00,0.34,667.3,259461
2026-03-14 20:58:00+00:00,0.17,653.4,212674
2026-03-14 20:59:00+00:00,0.19,648.9,234262
2026-03-14 21:00:00+00:00,0.07,604.3,79241
2026-03-14 21:01:00+00:00,0.03,589.7,25952
2026-03-14 21:02:00+00:00,0.07,674.0,406937
2026-03-14 21:03:00+00:00,0.09,674.8,396455
2026-03-14 21:04:00+00:00,0.10,674.0,370842
2026-03-14 21:05:00+00:00,0.10,671.0,328108
2026-03-14 21:06:00+00:00,0.09,662.1,279010
2026-03-14 21:07:00+00:00,0.08,661.8,285180
2026-03-14 21:08:00+00:00,0.06,698.8,389674
2026-03-14 21:09:00+00:00,0.07,714.1,473307
2026-03-14 21:10:00+00:00,0.12,683.8,517811
2026-03-14 21:11:00+00:00,0.31,648.0,196463
2026-03-14 21:12:00+00:00,0.15,682.6,313147
2026-03-14 21:13:00+00:00,0.14,692.8,283115
2026-03-14 21:14:00+00:00,0.03,597.2,58153
2026-03-14 21:15:00+00:00,0.16,623.1,140345
2026-03-14 21:16:00+00:00,0.14,664.4,316588
2026-03-14 21:17:00+00:00,0.13,679.2,363747
2026-03-14 21:18:00+00:00,0.14,669.7,335226
2026-03-14 21:19:00+00:00,0.11,655.2,342320
2026-03-14 21:20:00+00:00,0.07,645.6,349544
2026-03-14 21:21:00+00:00,0.09,651.5,354366
2026-03-14 21:22:00+00:00,0.10,669.0,345906
2026-03-14 21:23:00+00:00,0.32,680.2,267431
2026-03-14 21:24:00+00:00,1.00,688.8,224603
2026-03-14 21:25:00+00:00,0.95,686.2,228531
2026-03-14 21:26:00+00:00,0.76,712.0,302035
2026-03-14 21:27:00+00:00,1.21,708.8,314109
2026-03-14 21:28:00+00:00,0.68,684.1,196037
2026-03-14 21:29:00+00:00,0.67,674.3,192363
2026-03-14 21:30:00+00:00,0.58,699.2,258947
2026-03-14 21:31:00+00:00,0.58,698.8,211691
2026-03-14 21:32:00+00:00,0.57,683.9,194175
2026-03-14 21:33:00+00:00,0.43,677.6,167143
2026-03-14 21:34:00+00:00,0.38,676.9,157323
2026-03-14 21:35:00+00:00,0.01,584.3,20104
2026-03-14 21:36:00+00:00,0.01,565.3,20104
2026-03-14 21:37:00+00:00,0.00,559.9,47135
2026-03-14 21:38:00+00:00,0.02,609.5,114385
2026-03-14 21:39:00+00:00,0.04,664.5,274598
2026-03-14 21:40:00+00:00,0.05,664.4,349082
2026-03-14 21:41:00+00:00,0.05,649.2,280278
2026-03-14 21:42:00+00:00,0.06,652.2,203900
2026-03-14 21:43:00+00:00,0.07,663.6,305709
2026-03-14 21:44:00+00:00,0.22,695.5,293913
2026-03-14 21:45:00+00:00,0.21,689.4,264633
2026-03-14 21:46:00+00:00,0.26,725.1,279279
2026-03-14 21:47:00+00:00,0.27,711.6,300902
2026-03-14 21:48:00+00:00,0.23,691.7,276221
2026-03-14 21:49:00+00:00,0.21,672.3,239823
2026-03-14 21:50:00+00:00,0.19,653.5,212450
2026-03-14 21:51:00+00:00,0.25,668.6,239868
2026-03-14 21:52:00+00:00,0.35,647.9,183703
2026-03-14 21:53:00+00:00,0.39,642.6,143387
2026-03-14 21:54:00+00:00,0.65,665.9,192134
2026-03-14 21:55:00+00:00,0.97,638.1,162752
2026-03-14 21:56:00+00:00,0.68,695.5,210822
2026-03-14 21:57:00+00:00,1.44,682.0,238773
2026-03-14 21:58:00+00:00,1.06,686.8,186025
2026-03-14 21:59:00+00:00,0.37,,
2026-03-14 22:00:00+00:00,0.37,662.3,209746
2026-03-14 22:01:00+00:00,0.49,665.2,160881
2026-03-14 22:02:00+00:00,1.32,656.3,194910
2026-03-14 22:03:00+00:00,0.80,679.6,218209
2026-03-14 22:04:00+00:00,0.63,664.3,159727
2026-03-14 22:05:00+00:00,0.69,659.5,132926
2026-03-14 22:06:00+00:00,1.01,651.3,175170
2026-03-14 22:07:00+00:00,1.18,645.5,203136
2026-03-14 22:08:00+00:00,0.86,693.3,243901
2026-03-14 22:09:00+00:00,0.81,675.6,197770
2026-03-14 22:10:00+00:00,0.70,667.1,168772
2026-03-14 22:11:00+00:00,0.53,686.5,224625
2026-03-14 22:12:00+00:00,0.35,658.5,196221
2026-03-14 22:13:00+00:00,0.33,650.7,188486
2026-03-14 22:14:00+00:00,0.31,635.7,200485
2026-03-14 22:15:00+00:00,0.28,661.8,248099
2026-03-14 22:16:00+00:00,0.25,657.2,230144
2026-03-14 22:17:00+00:00,0.25,666.4,237129
2026-03-14 22:18:00+00:00,0.27,639.9,187998
2026-03-14 22:19:00+00:00,0.25,663.8,236955
2026-03-14 22:20:00+00:00,0.31,659.3,243292
2026-03-14 22:21:00+00:00,0.33,662.9,248346
2026-03-14 22:22:00+00:00,0.28,646.2,223530
2026-03-14 22:23:00+00:00,0.24,657.4,249382
2026-03-14 22:24:00+00:00,0.24,659.7,258014
2026-03-14 22:25:00+00:00,0.23,651.2,270638
2026-03-14 22:26:00+00:00,0.18,645.2,274599
2026-03-14 22:27:00+00:00,0.16,666.0,298889
2026-03-14 22:28:00+00:00,0.17,666.7,337191
2026-03-14 22:29:00+00:00,0.17,648.5,253056
2026-03-14 22:30:00+00:00,0.16,683.9,322860
2026-03-14 22:31:00+00:00,0.10,632.4,285896
2026-03-14 22:32:00+00:00,0.11,699.9,484977
2026-03-14 22:33:00+00:00,0.13,653.8,301970
2026-03-14 22:34:00+00:00,0.11,679.4,377666
2026-03-14 22:35:00+00:00,0.09,646.7,308565
2026-03-14 22:36:00+00:00,0.07,654.8,335881
2026-03-14 22:37:00+00:00,0.06,655.8,316066
2026-03-14 22:38:00+00:00,0.07,671.9,348553
2026-03-14 22:39:00+00:00,0.07,661.6,347345
2026-03-14 22:40:00+00:00,0.07,643.9,321601
2026-03-14 22:41:00+00:00,0.09,691.3,420772
2026-03-14 22:42:00+00:00,0.08,679.5,368333
2026-03-14 22:43:00+00:00,0.06,662.0,283550
2026-03-14 22:44:00+00:00,0.06,668.7,299896
2026-03-14 22:45:00+00:00,0.05,655.3,263166
2026-03-14 22:46:00+00:00,0.05,677.7,367392
2026-03-14 22:47:00+00:00,0.12,690.8,303486
2026-03-14 22:48:00+00:00,0.08,681.5,326312
2026-03-14 22:49:00+00:00,0.08,689.7,330831
2026-03-14 22:50:00+00:00,0.07,675.6,271876
2026-03-14 22:51:00+00:00,0.05,654.8,279784
2026-03-14 22:52:00+00:00,0.06,666.3,279545
2026-03-14 22:53:00+00:00,0.06,657.3,232715
2026-03-14 22:54:00+00:00,0.05,674.2,281965
2026-03-14 22:55:00+00:00,0.06,691.7,287117
2026-03-14 22:56:00+00:00,0.07,684.0,262010
2026-03-14 22:57:00+00:00,0.04,699.3,346055
2026-03-14 22:58:00+00:00,0.04,689.2,327269
2026-03-14 22:59:00+00:00,0.05,676.2,354136
2026-03-14 23:00:00+00:00,0.25,681.9,435053
2026-03-14 23:01:00+00:00,0.86,655.9,165338
2026-03-14 23:02:00+00:00,0.39,685.4,182035
2026-03-14 23:03:00+00:00,0.51,705.3,211552
2026-03-14 23:04:00+00:00,0.40,667.9,191566
2026-03-14 23:05:00+00:00,0.20,678.5,239892
2026-03-14 23:06:00+00:00,0.11,684.4,280356
2026-03-14 23:07:00+00:00,0.05,688.5,305848
2026-03-14 23:08:00+00:00,0.04,682.1,335106
2026-03-14 23:09:00+00:00,0.05,678.4,330998
2026-03-14 23:10:00+00:00,0.02,608.3,155491
2026-03-14 23:11:00+00:00,0.03,629.1,186982
2026-03-14 23:12:00+00:00,0.06,684.3,291967
2026-03-14 23:13:00+00:00,0.06,687.3,284338
2026-03-14 23:14:00+00:00,0.06,680.7,242828
2026-03-14 23:15:00+00:00,0.06,683.2,259754
2026-03-14 23:16:00+00:00,0.07,687.8,304014
2026-03-14 23:17:00+00:00,0.08,681.4,320864
2026-03-14 23:18:00+00:00,0.05,685.1,377551
2026-03-14 23:19:00+00:00,0.05,684.7,275469
2026-03-14 23:20:00+00:00,0.08,686.9,206682
2026-03-14 23:21:00+00:00,0.18,668.2,200596
2026-03-14 23:22:00+00:00,0.10,672.9,220162
2026-03-14 23:23:00+00:00,0.07,685.7,294202
2026-03-14 23:24:00+00:00,0.06,686.8,287913
2026-03-14 23:25:00+00:00,0.06,681.2,276437
2026-03-14 23:26:00+00:00,0.03,606.3,274567
2026-03-14 23:27:00+00:00,0.03,635.4,300988
2026-03-14 23:28:00+00:00,0.08,689.6,285895
2026-03-14 23:29:00+00:00,0.09,685.6,295886
2026-03-14 23:30:00+00:00,0.08,687.5,305391
2026-03-14 23:31:00+00:00,0.07,687.9,322372
2026-03-14 23:32:00+00:00,0.07,686.9,308294
2026-03-14 23:33:00+00:00,0.06,683.0,258342
2026-03-14 23:34:00+00:00,0.07,682.2,265706
2026-03-14 23:35:00+00:00,0.08,685.0,286604
2026-03-14 23:36:00+00:00,0.06,676.6,220310
2026-03-14 23:37:00+00:00,0.06,682.5,292883
2026-03-14 23:38:00+00:00,0.06,683.6,355189
2026-03-14 23:39:00+00:00,0.07,690.1,317044
2026-03-14 23:40:00+00:00,0.07,679.0,238266
2026-03-14 23:41:00+00:00,0.07,674.0,258419
2026-03-14 23:42:00+00:00,0.07,685.0,356797
2026-03-14 23:43:00+00:00,0.08,678.6,299494
2026-03-14 23:44:00+00:00,0.09,675.0,269849
2026-03-14 23:45:00+00:00,0.09,681.1,283432
2026-03-14 23:46:00+00:00,0.09,678.6,216929
2026-03-14 23:47:00+00:00,0.11,679.4,366666
2026-03-14 23:48:00+00:00,0.10,679.2,358896
2026-03-14 23:49:00+00:00,0.09,678.9,337155
2026-03-14 23:50:00+00:00,0.11,681.2,364003
2026-03-14 23:51:00+00:00,0.12,686.0,263139
2026-03-14 23:52:00+00:00,0.14,674.3,242305
2026-03-14 23:53:00+00:00,0.14,679.7,257610
2026-03-14 23:54:00+00:00,0.17,676.4,258014
2026-03-14 23:55:00+00:00,0.12,678.7,293448
2026-03-14 23:56:00+00:00,0.15,681.2,268808
2026-03-14 23:57:00+00:00,0.14,677.7,267432
2026-03-14 23:58:00+00:00,0.10,686.9,310248
2026-03-14 23:59:00+00:00,0.07,690.7,326197
2026-03-15 00:00:00+00:00,0.07,685.2,308278
2026-03-15 00:01:00+00:00,0.10,678.8,260597
2026-03-15 00:02:00+00:00,0.13,677.1,198524
2026-03-15 00:03:00+00:00,0.12,684.3,190527
2026-03-15 00:04:00+00:00,0.10,690.1,253259
2026-03-15 00:05:00+00:00,0.06,695.9,343146
2026-03-15 00:06:00+00:00,0.12,684.1,256694
2026-03-15 00:07:00+00:00,0.11,669.5,233690
2026-03-15 00:08:00+00:00,0.13,663.5,181667
2026-03-15 00:09:00+00:00,0.25,682.8,186291
2026-03-15 00:10:00+00:00,0.18,680.8,237415
2026-03-15 00:11:00+00:00,0.17,669.3,248493
2026-03-15 00:12:00+00:00,0.18,674.7,248562
2026-03-15 00:13:00+00:00,0.15,679.7,221772
2026-03-15 00:14:00+00:00,0.10,672.3,302475
2026-03-15 00:15:00+00:00,0.13,672.5,298729
2026-03-15 00:16:00+00:00,0.14,679.5,234847
2026-03-15 00:17:00+00:00,0.12,678.2,226826
2026-03-15 00:18:00+00:00,0.15,672.7,224116
2026-03-15 00:19:00+00:00,0.17,673.0,202330
2026-03-15 00:20:00+00:00,0.13,668.5,220535
2026-03-15 00:21:00+00:00,0.12,670.3,232781
2026-03-15 00:22:00+00:00,0.09,680.4,298943
2026-03-15 00:23:00+00:00,0.12,675.6,264124
2026-03-15 00:24:00+00:00,0.08,662.4,306291
2026-03-15 00:25:00+00:00,0.16,658.2,259542
2026-03-15 00:26:00+00:00,0.16,667.5,250690
2026-03-15 00:27:00+00:00,0.11,663.4,289299
2026-03-15 00:28:00+00:00,0.09,663.8,288940
2026-03-15 00:29:00+00:00,0.17,679.4,248633
2026-03-15 00:30:00+00:00,0.17,673.6,228920
2026-03-15 00:31:00+00:00,0.13,674.7,252947
2026-03-15 00:32:00+00:00,0.10,674.2,274508
2026-03-15 00:33:00+00:00,0.09,673.4,259874
2026-03-15 00:34:00+00:00,0.12,674.6,234646
2026-03-15 00:35:00+00:00,0.14,670.3,208193
2026-03-15 00:36:00+00:00,0.12,677.3,236445
2026-03-15 00:37:00+00:00,0.12,670.7,284096
2026-03-15 00:38:00+00:00,0.19,673.2,232908
2026-03-15 00:39:00+00:00,0.14,666.2,254940
2026-03-15 00:40:00+00:00,0.13,679.2,206854
2026-03-15 00:41:00+00:00,0.12,679.0,220475
2026-03-15 00:42:00+00:00,0.17,679.4,233046
2026-03-15 00:43:00+00:00,0.14,682.1,192344
2026-03-15 00:44:00+00:00,0.15,676.4,223026
2026-03-15 00:45:00+00:00,0.11,673.9,201539
2026-03-15 00:46:00+00:00,0.13,674.0,213073
2026-03-15 00:47:00+00:00,0.14,669.8,228202
2026-03-15 00:48:00+00:00,0.15,661.4,203040
2026-03-15 00:49:00+00:00,0.16,655.3,185256
2026-03-15 00:50:00+00:00,0.15,649.8,169656
2026-03-15 00:51:00+00:00,0.15,650.5,158587
2026-03-15 00:52:00+00:00,0.15,670.2,251798
2026-03-15 00:53:00+00:00,0.17,665.1,174716
2026-03-15 00:54:00+00:00,0.16,664.3,174800
2026-03-15 00:55:00+00:00,0.09,655.2,176778
2026-03-15 00:56:00+00:00,0.13,658.0,238598
2026-03-15 00:57:00+00:00,0.11,673.6,258184
2026-03-15 00:58:00+00:00,0.13,665.2,204383
2026-03-15 00:59:00+00:00,0.11,663.4,256574
2026-03-15 01:00:00+00:00,0.12,654.4,208373
2026-03-15 01:01:00+00:00,0.11,651.4,186290
2026-03-15 01:03:00+00:00,0.15,662.7,214721
2026-03-15 01:04:00+00:00,0.13,659.3,193469
2026-03-15 01:05:00+00:00,0.11,652.8,186783
2026-03-15 01:06:00+00:00,0.10,647.6,204712
2026-03-15 01:07:00+00:00,0.10,647.8,199484
2026-03-15 01:08:00+00:00,0.10,656.1,219716
2026-03-15 01:09:00+00:00,0.09,666.4,251371
2026-03-15 01:10:00+00:00,0.09,662.2,180819
2026-03-15 01:11:00+00:00,0.09,667.9,189501
2026-03-15 01:12:00+00:00,0.09,671.7,190867
2026-03-15 01:13:00+00:00,0.19,665.3,168412
2026-03-15 01:14:00+00:00,0.09,649.4,196308
2026-03-15 01:15:00+00:00,0.05,634.8,229446
2026-03-15 01:16:00+00:00,0.05,676.2,204021
2026-03-15 01:17:00+00:00,0.07,678.2,210269
2026-03-15 01:18:00+00:00,0.11,671.9,208188
2026-03-15 01:19:00+00:00,0.12,669.6,198346
2026-03-15 01:20:00+00:00,0.11,667.9,187849
2026-03-15 01:21:00+00:00,0.11,666.9,173888
2026-03-15 01:22:00+00:00,0.11,666.2,160289
2026-03-15 01:23:00+00:00,0.11,664.9,155689
2026-03-15 01:24:00+00:00,0.11,659.6,171113
2026-03-15 01:25:00+00:00,0.09,666.8,179619
2026-03-15 01:26:00+00:00,0.06,646.7,321107
2026-03-15 01:27:00+00:00,0.06,647.0,318178
2026-03-15 01:28:00+00:00,0.10,666.9,145397
2026-03-15 01:29:00+00:00,0.09,663.7,166488
2026-03-15 01:30:00+00:00,0.10,665.6,151104
2026-03-15 01:31:00+00:00,0.11,662.6,184779
2026-03-15 01:32:00+00:00,0.10,664.5,211843
2026-03-15 01:33:00+00:00,0.10,664.6,152689
2026-03-15 01:34:00+00:00,0.10,655.8,140008
2026-03-15 01:35:00+00:00,0.10,651.0,189611
2026-03-15 01:36:00+00:00,0.09,656.5,209389
2026-03-15 01:37:00+00:00,0.09,660.7,188690
2026-03-15 01:38:00+00:00,0.08,659.6,167500
2026-03-15 01:39:00+00:00,0.08,658.7,158795
2026-03-15 01:40:00+00:00,0.10,653.3,183815
2026-03-15 01:41:00+00:00,0.20,657.6,180768
2026-03-15 01:42:00+00:00,0.37,661.1,150613
2026-03-15 01:43:00+00:00,0.52,665.2,133272
2026-03-15 01:44:00+00:00,0.19,658.3,213199
2026-03-15 01:45:00+00:00,0.51,664.1,161180
2026-03-15 01:46:00+00:00,0.27,662.6,166542
2026-03-15 01:47:00+00:00,0.43,654.7,172511
2026-03-15 01:48:00+00:00,0.21,655.0,220705
2026-03-15 01:49:00+00:00,0.39,655.5,169664
2026-03-15 01:50:00+00:00,0.51,657.0,164821
2026-03-15 01:51:00+00:00,0.49,661.0,166033
2026-03-15 01:52:00+00:00,0.54,664.2,168464
2026-03-15 01:53:00+00:00,0.47,665.1,175770
2026-03-15 01:54:00+00:00,0.21,662.7,186347
2026-03-15 01:55:00+00:00,0.12,658.2,214325
2026-03-15 01:56:00+00:00,0.15,659.4,182782
2026-03-15 01:57:00+00:00,0.19,661.0,185184
2026-03-15 01:58:00+00:00,0.28,658.1,142958
2026-03-15 01:59:00+00:00,0.05,,
2026-03-15 02:00:00+00:00,0.05,674.1,263358
2026-03-15 02:01:00+00:00,0.14,667.2,140460
2026-03-15 02:02:00+00:00,0.08,659.6,185352
2026-03-15 02:03:00+00:00,0.09,673.2,271808
2026-03-15 02:04:00+00:00,0.08,674.5,235127
2026-03-15 02:05:00+00:00,0.10,663.2,224604
2026-03-15 02:06:00+00:00,0.12,659.2,223139
2026-03-15 02:07:00+00:00,0.13,661.9,238092
2026-03-15 02:08:00+00:00,0.21,661.2,186081
2026-03-15 02:09:00+00:00,0.20,656.8,140298
2026-03-15 02:10:00+00:00,0.08,650.6,194334
2026-03-15 02:11:00+00:00,0.09,644.9,222540
2026-03-15 02:12:00+00:00,0.14,648.3,193995
2026-03-15 02:13:00+00:00,0.24,652.5,138244
2026-03-15 02:14:00+00:00,0.19,647.7,126127
2026-03-15 02:15:00+00:00,0.09,638.5,188093
2026-03-15 02:16:00+00:00,0.08,636.5,186487
2026-03-15 02:17:00+00:00,0.09,639.0,187619
2026-03-15 02:18:00+00:00,0.14,641.1,145672
2026-03-15 02:19:00+00:00,0.10,643.9,239174
2026-03-15 02:20:00+00:00,0.08,649.8,290730
2026-03-15 02:21:00+00:00,0.11,651.6,203123
2026-03-15 02:22:00+00:00,0.17,640.9,116596
2026-03-15 02:23:00+00:00,0.17,644.0,133520
2026-03-15 02:24:00+00:00,0.23,650.7,144495
2026-03-15 02:25:00+00:00,0.35,655.7,129189
2026-03-15 02:26:00+00:00,0.38,658.5,125057
2026-03-15 02:27:00+00:00,0.25,665.4,149046
2026-03-15 02:28:00+00:00,0.18,672.0,144482
2026-03-15 02:29:00+00:00,0.25,669.4,146657
2026-03-15 02:30:00+00:00,0.06,676.2,247965
2026-03-15 02:31:00+00:00,0.07,642.3,283211
2026-03-15 02:33:00+00:00,0.09,687.8,169618
2026-03-15 02:34:00+00:00,0.15,693.0,146260
2026-03-15 02:35:00+00:00,0.36,682.0,106010
2026-03-15 02:36:00+00:00,0.14,684.9,196711
2026-03-15 02:37:00+00:00,0.08,681.3,224922
2026-03-15 02:38:00+00:00,0.15,681.5,175115
2026-03-15 02:39:00+00:00,0.29,673.9,122065
2026-03-15 02:40:00+00:00,0.37,670.1,116773
2026-03-15 02:41:00+00:00,0.40,673.0,126472
2026-03-15 02:42:00+00:00,0.34,677.4,135151
2026-03-15 02:43:00+00:00,0.15,683.1,158237
2026-03-15 02:44:00+00:00,0.16,668.4,160074
2026-03-15 02:45:00+00:00,0.07,663.9,231704
2026-03-15 02:46:00+00:00,0.07,656.3,258391
2026-03-15 02:47:00+00:00,0.10,669.5,197112
2026-03-15 02:48:00+00:00,0.20,672.7,177916
2026-03-15 02:49:00+00:00,0.09,663.4,290160
2026-03-15 02:50:00+00:00,0.09,672.6,223564
2026-03-15 02:51:00+00:00,0.20,659.9,198041
2026-03-15 02:52:00+00:00,0.40,659.6,164770
2026-03-15 02:53:00+00:00,0.28,666.7,147838
2026-03-15 02:54:00+00:00,0.39,663.3,135929
2026-03-15 02:55:00+00:00,0.45,661.2,139524
2026-03-15 02:56:00+00:00,0.21,649.6,160438
2026-03-15 02:57:00+00:00,0.17,650.2,208247
2026-03-15 02:58:00+00:00,0.10,649.0,265046
2026-03-15 02:59:00+00:00,0.13,646.0,207770
2026-03-15 03:00:00+00:00,0.24,649.4,119474
2026-03-15 03:01:00+00:00,0.15,655.9,158926
2026-03-15 03:02:00+00:00,0.09,648.0,206018
2026-03-15 03:03:00+00:00,0.10,658.2,286385
2026-03-15 03:04:00+00:00,0.32,666.2,170280
2026-03-15 03:05:00+00:00,0.32,,
2026-03-15 03:06:00+00:00,0.10,637.7,191939
2026-03-15 03:07:00+00:00,0.13,652.0,189889
2026-03-15 03:08:00+00:00,0.20,646.9,126842
2026-03-15 03:09:00+00:00,0.11,653.2,189093
2026-03-15 03:10:00+00:00,0.08,654.0,175703
2026-03-15 03:11:00+00:00,0.25,654.1,129254
2026-03-15 03:12:00+00:00,0.26,660.3,146535
2026-03-15 03:13:00+00:00,0.10,664.5,214155
2026-03-15 03:14:00+00:00,0.06,653.1,259157
2026-03-15 03:15:00+00:00,0.08,635.6,222584
2026-03-15 03:16:00+00:00,0.10,645.2,187612
2026-03-15 03:17:00+00:00,0.04,657.8,281801
2026-03-15 03:18:00+00:00,0.04,660.3,257027
2026-03-15 03:19:00+00:00,0.05,660.4,262808
2026-03-15 03:20:00+00:00,0.05,652.3,256674
2026-03-15 03:21:00+00:00,0.07,640.6,203975
2026-03-15 03:22:00+00:00,0.13,649.0,167791
2026-03-15 03:23:00+00:00,0.11,656.0,188753
2026-03-15 03:24:00+00:00,0.14,653.3,212483
2026-03-15 03:25:00+00:00,0.25,657.0,143451
2026-03-15 03:26:00+00:00,0.21,662.6,210916
2026-03-15 03:27:00+00:00,0.36,665.9,200405
2026-03-15 03:28:00+00:00,0.35,663.2,159533
2026-03-15 03:29:00+00:00,0.16,662.5,194774
2026-03-15 03:30:00+00:00,0.18,646.4,188456
2026-03-15 03:31:00+00:00,0.16,649.1,193125
2026-03-15 03:32:00+00:00,0.11,656.7,204514
2026-03-15 03:33:00+00:00,0.13,660.0,202949
2026-03-15 03:34:00+00:00,0.12,663.7,202810
2026-03-15 03:35:00+00:00,0.10,657.5,203389
2026-03-15 03:36:00+00:00,0.47,658.0,142266
2026-03-15 03:37:00+00:00,0.17,652.5,157474
2026-03-15 03:38:00+00:00,0.15,652.2,158275
2026-03-15 03:39:00+00:00,0.43,671.9,167500
2026-03-15 03:40:00+00:00,0.42,673.2,152620
2026-03-15 03:41:00+00:00,0.50,672.8,152608
2026-03-15 03:42:00+00:00,0.51,672.3,144060
2026-03-15 03:43:00+00:00,0.46,670.8,137128
2026-03-15 03:44:00+00:00,0.28,663.7,169194
2026-03-15 03:45:00+00:00,0.15,654.9,180706
2026-03-15 03:46:00+00:00,0.22,652.4,135407
2026-03-15 03:47:00+00:00,0.33,659.1,133284
2026-03-15 03:48:00+00:00,0.41,670.4,186067
2026-03-15 03:49:00+00:00,0.51,668.1,168829
2026-03-15 03:50:00+00:00,0.50,671.8,152371
2026-03-15 03:51:00+00:00,0.50,663.1,188040
2026-03-15 03:52:00+00:00,0.63,659.8,140152
2026-03-15 03:53:00+00:00,0.57,666.2,154719
2026-03-15 03:54:00+00:00,0.58,670.2,164933
2026-03-15 03:55:00+00:00,0.48,667.6,152000
2026-03-15 03:56:00+00:00,0.38,670.2,161995
2026-03-15 03:57:00+00:00,0.49,666.6,158609
2026-03-15 03:58:00+00:00,0.59,663.1,154306
2026-03-15 04:00:00+00:00,0.53,660.7,141362
2026-03-15 04:01:00+00:00,0.48,656.0,131316
2026-03-15 04:02:00+00:00,0.37,649.7,124439
2026-03-15 04:03:00+00:00,0.32,649.7,133610
2026-03-15 04:04:00+00:00,0.33,643.8,135963
2026-03-15 04:05:00+00:00,0.09,633.5,191162
2026-03-15 04:06:00+00:00,0.21,665.2,228696
2026-03-15 04:07:00+00:00,0.32,650.3,111948
2026-03-15 04:08:00+00:00,0.49,664.3,154382
2026-03-15 04:09:00+00:00,0.48,657.4,119999
2026-03-15 04:10:00+00:00,0.26,648.9,152217
2026-03-15 04:11:00+00:00,0.23,647.9,156711
2026-03-15 04:12:00+00:00,0.40,656.2,112334
2026-03-15 04:13:00+00:00,0.43,662.9,136035
2026-03-15 04:14:00+00:00,0.56,662.9,142860
2026-03-15 04:15:00+00:00,0.56,659.9,146248
2026-03-15 04:16:00+00:00,0.51,659.3,159023
2026-03-15 04:17:00+00:00,0.47,659.3,154294
2026-03-15 04:18:00+00:00,0.45,659.9,134771
2026-03-15 04:19:00+00:00,0.47,659.9,133878
2026-03-15 04:20:00+00:00,0.39,654.8,134011
2026-03-15 04:21:00+00:00,0.42,655.2,126160
2026-03-15 04:22:00+00:00,0.32,654.2,147243
2026-03-15 04:23:00+00:00,0.28,,
2026-03-15 04:24:00+00:00,0.28,650.8,124678
2026-03-15 04:25:00+00:00,0.16,679.0,217844
2026-03-15 04:26:00+00:00,0.24,662.9,167329
2026-03-15 04:27:00+00:00,0.18,654.6,199286
2026-03-15 04:28:00+00:00,0.13,652.1,149607
2026-03-15 04:29:00+00:00,0.16,653.7,149649
2026-03-15 04:30:00+00:00,0.23,664.2,178495
2026-03-15 04:31:00+00:00,0.28,665.6,171870
2026-03-15 04:32:00+00:00,0.22,662.5,174436
2026-03-15 04:33:00+00:00,0.18,664.4,170245
2026-03-15 04:34:00+00:00,0.19,665.9,144341
2026-03-15 04:35:00+00:00,0.15,665.8,158312
2026-03-15 04:36:00+00:00,0.16,662.4,167688
2026-03-15 04:37:00+00:00,0.11,652.3,184890
2026-03-15 04:38:00+00:00,0.17,664.4,147566
2026-03-15 04:39:00+00:00,0.12,663.5,200135
2026-03-15 04:40:00+00:00,0.19,658.4,131956
2026-03-15 04:41:00+00:00,0.09,645.4,202283
2026-03-15 04:42:00+00:00,0.08,653.8,284758
2026-03-15 04:43:00+00:00,0.10,655.6,261487
2026-03-15 04:44:00+00:00,0.11,655.7,253928
2026-03-15 04:45:00+00:00,0.05,673.3,216327
2026-03-15 04:46:00+00:00,0.21,662.1,150520
2026-03-15 04:47:00+00:00,0.18,660.5,180591
2026-03-15 04:48:00+00:00,0.07,664.8,225395
2026-03-15 04:49:00+00:00,0.07,662.2,180528
2026-03-15 04:50:00+00:00,0.07,658.6,156532
2026-03-15 04:51:00+00:00,0.06,653.9,204638
2026-03-15 04:52:00+00:00,0.04,646.0,245295
2026-03-15 04:53:00+00:00,0.04,662.5,272916
2026-03-15 04:54:00+00:00,0.03,675.4,263567
2026-03-15 04:55:00+00:00,0.04,670.1,250096
2026-03-15 04:56:00+00:00,0.04,669.6,158290
2026-03-15 04:57:00+00:00,0.04,666.2,202086
2026-03-15 04:58:00+00:00,0.04,655.8,237119
2026-03-15 04:59:00+00:00,0.02,650.0,207324
2026-03-15 05:00:00+00:00,0.03,663.7,235438
2026-03-15 05:01:00+00:00,0.04,670.5,234365
2026-03-15 05:02:00+00:00,0.04,669.5,226633
2026-03-15 05:03:00+00:00,0.04,664.9,209939
2026-03-15 05:04:00+00:00,0.04,661.4,162351
2026-03-15 05:05:00+00:00,0.03,661.6,143545
2026-03-15 05:06:00+00:00,0.02,655.0,181509
2026-03-15 05:07:00+00:00,0.04,646.9,206894
2026-03-15 05:08:00+00:00,0.04,662.8,213212
2026-03-15 05:09:00+00:00,0.06,660.1,209899
2026-03-15 05:10:00+00:00,0.07,666.5,219528
2026-03-15 05:11:00+00:00,0.07,674.4,297926
2026-03-15 05:12:00+00:00,0.10,663.2,261685
2026-03-15 05:13:00+00:00,0.28,658.1,196336
2026-03-15 05:14:00+00:00,0.14,652.3,272672
2026-03-15 05:15:00+00:00,0.46,656.9,169774
2026-03-15 05:16:00+00:00,0.21,661.8,184466
2026-03-15 05:17:00+00:00,0.10,663.0,197852
2026-03-15 05:18:00+00:00,0.50,663.1,128954
2026-03-15 05:19:00+00:00,0.56,665.8,133659
2026-03-15 05:20:00+00:00,0.54,664.3,145300
2026-03-15 05:21:00+00:00,0.37,661.4,153676
2026-03-15 05:22:00+00:00,0.22,669.7,161397
2026-03-15 05:23:00+00:00,0.32,676.7,164143
2026-03-15 05:24:00+00:00,0.56,662.0,143155
2026-03-15 05:25:00+00:00,0.56,657.2,165062
2026-03-15 05:26:00+00:00,0.49,655.9,124008
2026-03-15 05:27:00+00:00,0.45,656.8,116286
2026-03-15 05:28:00+00:00,0.47,661.0,145032
2026-03-15 05:29:00+00:00,0.43,657.8,147431
2026-03-15 05:30:00+00:00,0.48,661.6,189030
2026-03-15 05:31:00+00:00,0.51,661.4,151978
2026-03-15 05:32:00+00:00,0.55,662.0,140804
2026-03-15 05:33:00+00:00,0.48,664.7,155855
2026-03-15 05:34:00+00:00,0.41,666.7,147233
2026-03-15 05:35:00+00:00,0.49,669.4,158975
2026-03-15 05:36:00+00:00,0.36,665.2,229273
2026-03-15 05:37:00+00:00,0.15,659.6,240893
2026-03-15 05:38:00+00:00,0.12,657.6,196471
2026-03-15 05:39:00+00:00,0.07,653.6,217689
2026-03-15 05:40:00+00:00,0.11,654.3,166885
2026-03-15 05:41:00+00:00,0.23,641.0,107287
2026-03-15 05:42:00+00:00,0.16,648.2,155396
2026-03-15 05:43:00+00:00,0.11,647.6,189878
2026-03-15 05:44:00+00:00,0.12,660.0,210781
2026-03-15 05:45:00+00:00,0.10,642.3,192196
2026-03-15 05:46:00+00:00,0.17,663.3,221062
2026-03-15 05:47:00+00:00,0.30,645.8,140641
2026-03-15 05:48:00+00:00,0.19,650.3,186680
2026-03-15 05:49:00+00:00,0.38,656.1,177865
2026-03-15 05:50:00+00:00,0.49,657.4,163742
2026-03-15 05:51:00+00:00,0.40,662.6,131890
2026-03-15 05:52:00+00:00,0.39,662.0,135664
2026-03-15 05:53:00+00:00,0.30,656.7,181634
2026-03-15 05:54:00+00:00,0.08,656.0,214927
2026-03-15 05:55:00+00:00,0.08,651.8,222900
2026-03-15 05:56:00+00:00,0.10,643.7,243366
2026-03-15 05:57:00+00:00,0.15,650.1,230124
2026-03-15 05:58:00+00:00,0.14,636.3,152848
2026-03-15 05:59:00+00:00,0.12,660.6,194945
2026-03-15 06:00:00+00:00,0.28,660.1,138006
2026-03-15 06:01:00+00:00,0.17,635.0,153439
2026-03-15 06:02:00+00:00,0.23,646.7,138105
2026-03-15 06:03:00+00:00,0.24,669.6,189579
2026-03-15 06:04:00+00:00,0.12,664.7,252027
2026-03-15 06:05:00+00:00,0.07,651.3,212270
2026-03-15 06:06:00+00:00,0.10,651.3,165093
2026-03-15 06:07:00+00:00,0.09,649.2,206387
2026-03-15 06:08:00+00:00,0.07,651.8,244772
2026-03-15 06:09:00+00:00,0.08,651.5,240411
2026-03-15 06:10:00+00:00,0.09,641.9,224025
2026-03-15 06:11:00+00:00,0.12,644.6,192047
2026-03-15 06:12:00+00:00,0.13,646.9,193373
2026-03-15 06:13:00+00:00,0.12,642.6,158600
2026-03-15 06:14:00+00:00,0.11,639.5,140786
2026-03-15 06:15:00+00:00,0.13,652.6,150543
2026-03-15 06:16:00+00:00,0.12,651.7,194243
2026-03-15 06:17:00+00:00,0.12,643.0,174301
2026-03-15 06:18:00+00:00,0.17,680.7,203297
2026-03-15 06:19:00+00:00,0.23,662.4,147418
2026-03-15 06:20:00+00:00,0.17,650.2,141469
2026-03-15 06:21:00+00:00,0.15,641.7,140508
2026-03-15 06:22:00+00:00,0.16,638.0,137548
2026-03-15 06:23:00+00:00,0.17,637.4,136704
2026-03-15 06:24:00+00:00,0.17,645.5,135585
2026-03-15 06:25:00+00:00,0.15,651.0,165420
2026-03-15 06:26:00+00:00,0.15,665.1,194013
2026-03-15 06:27:00+00:00,0.21,669.8,157360
2026-03-15 06:28:00+00:00,0.22,650.7,123885
2026-03-15 06:29:00+00:00,0.19,649.2,129597
2026-03-15 06:30:00+00:00,0.09,661.4,210316
2026-03-15 06:33:00+00:00,0.13,663.5,150804
2026-03-15 06:34:00+00:00,0.18,672.2,211659
2026-03-15 06:35:00+00:00,0.18,653.7,144749
2026-03-15 06:36:00+00:00,0.16,654.9,165062
2026-03-15 06:37:00+00:00,0.16,673.2,204484
2026-03-15 06:38:00+00:00,0.20,673.2,209883
2026-03-15 06:39:00+00:00,0.15,657.8,207742
2026-03-15 06:40:00+00:00,0.10,651.9,213059
2026-03-15 06:41:00+00:00,0.12,649.0,190872
2026-03-15 06:42:00+00:00,0.18,645.6,159767
2026-03-15 06:43:00+00:00,0.18,655.5,190514
2026-03-15 06:44:00+00:00,0.06,662.8,254012
2026-03-15 06:45:00+00:00,0.08,676.5,276376
2026-03-15 06:46:00+00:00,0.14,654.3,196994
2026-03-15 06:47:00+00:00,0.14,624.5,120367
2026-03-15 06:48:00+00:00,0.21,647.9,161870
2026-03-15 06:49:00+00:00,0.22,653.8,166129
2026-03-15 06:50:00+00:00,0.23,640.1,135651
2026-03-15 06:51:00+00:00,0.15,643.9,159788
2026-03-15 06:52:00+00:00,0.29,649.7,162792
2026-03-15 06:53:00+00:00,0.37,675.6,201003
2026-03-15 06:54:00+00:00,0.30,651.0,153151
2026-03-15 06:55:00+00:00,0.31,652.1,131902
2026-03-15 06:56:00+00:00,0.36,671.2,148122
2026-03-15 06:57:00+00:00,0.40,618.4,79074
2026-03-15 06:58:00+00:00,0.33,630.2,108148
2026-03-15 06:59:00+00:00,0.19,656.0,164388
2026-03-15 07:00:00+00:00,0.18,663.1,181786
2026-03-15 07:01:00+00:00,0.10,652.0,206760
2026-03-15 07:02:00+00:00,0.11,638.5,120071
2026-03-15 07:03:00+00:00,0.09,669.6,249699
2026-03-15 07:04:00+00:00,0.10,646.2,202507
2026-03-15 07:05:00+00:00,0.09,644.9,160365
2026-03-15 07:06:00+00:00,0.14,657.7,151302
2026-03-15 07:07:00+00:00,0.19,663.7,158344
2026-03-15 07:08:00+00:00,0.20,666.3,161173
2026-03-15 07:09:00+00:00,0.18,654.1,129809
2026-03-15 07:10:00+00:00,0.15,647.6,125026
2026-03-15 07:11:00+00:00,0.20,655.9,158402
2026-03-15 07:12:00+00:00,0.25,660.9,171205
2026-03-15 07:13:00+00:00,0.18,662.3,179577
2026-03-15 07:14:00+00:00,0.11,665.9,214863
2026-03-15 07:15:00+00:00,0.11,658.9,224738
2026-03-15 07:16:00+00:00,0.11,647.8,196399
2026-03-15 07:17:00+00:00,0.17,649.5,164460
2026-03-15 07:18:00+00:00,0.58,656.8,177185
2026-03-15 07:19:00+00:00,0.48,683.0,244706
2026-03-15 07:20:00+00:00,0.07,646.8,169338
2026-03-15 07:21:00+00:00,0.06,632.6,114608
2026-03-15 07:22:00+00:00,0.05,643.4,207887
2026-03-15 07:23:00+00:00,0.09,651.5,189998
2026-03-15 07:24:00+00:00,0.11,636.7,148306
2026-03-15 07:25:00+00:00,0.11,628.1,131634
2026-03-15 07:26:00+00:00,0.07,654.9,172350
2026-03-15 07:27:00+00:00,0.10,665.8,155064
2026-03-15 07:28:00+00:00,0.64,655.3,124339
2026-03-15 07:29:00+00:00,1.19,649.8,130024
2026-03-15 07:30:00+00:00,0.25,657.0,136556
2026-03-15 07:31:00+00:00,0.19,657.6,178510
2026-03-15 07:33:00+00:00,0.05,667.4,363630
2026-03-15 07:34:00+00:00,0.04,645.5,123889
2026-03-15 07:35:00+00:00,0.08,649.7,143463
2026-03-15 07:36:00+00:00,0.04,667.0,179469
2026-03-15 07:37:00+00:00,0.05,673.5,370660
2026-03-15 07:38:00+00:00,0.05,635.7,279793
2026-03-15 07:39:00+00:00,0.14,642.1,211860
2026-03-15 07:40:00+00:00,0.22,648.7,147889
2026-03-15 07:41:00+00:00,0.53,660.2,180899
2026-03-15 07:42:00+00:00,0.48,657.7,155181
2026-03-15 07:43:00+00:00,0.42,646.3,116497
2026-03-15 07:44:00+00:00,0.32,638.1,123474
2026-03-15 07:45:00+00:00,0.35,644.2,157196
2026-03-15 07:46:00+00:00,0.54,658.7,160560
2026-03-15 07:47:00+00:00,0.37,661.2,122511
2026-03-15 07:48:00+00:00,0.30,659.1,140359
2026-03-15 07:49:00+00:00,0.29,668.3,167729
2026-03-15 07:50:00+00:00,0.27,677.0,223112
2026-03-15 07:51:00+00:00,0.67,631.1,135382
2026-03-15 07:52:00+00:00,0.12,660.5,268355
2026-03-15 07:53:00+00:00,0.57,644.0,187661
2026-03-15 07:54:00+00:00,0.55,653.6,124290
2026-03-15 07:55:00+00:00,0.17,655.3,175072
2026-03-15 07:56:00+00:00,0.13,657.6,193455
2026-03-15 07:57:00+00:00,0.15,653.6,197624
2026-03-15 07:58:00+00:00,0.08,655.6,149476
2026-03-15 07:59:00+00:00,0.11,670.1,202532
2026-03-15 08:00:00+00:00,0.07,658.9,224433
2026-03-15 08:01:00+00:00,0.08,635.7,172813
2026-03-15 08:02:00+00:00,0.12,637.8,132732
2026-03-15 08:03:00+00:00,0.15,653.5,107018
2026-03-15 08:04:00+00:00,0.15,661.4,124794
2026-03-15 08:05:00+00:00,0.17,680.0,178375
2026-03-15 08:06:00+00:00,0.15,628.7,131501
2026-03-15 08:07:00+00:00,0.11,683.9,280108
2026-03-15 08:08:00+00:00,0.08,647.6,162960
2026-03-15 08:09:00+00:00,1.12,630.7,111591
2026-03-15 08:10:00+00:00,0.55,688.3,151399
2026-03-15 08:11:00+00:00,0.17,647.7,210700
2026-03-15 08:12:00+00:00,0.29,653.5,171689
2026-03-15 08:13:00+00:00,0.35,629.4,97575
2026-03-15 08:14:00+00:00,0.31,651.6,128599
2026-03-15 08:15:00+00:00,0.28,659.0,133287
2026-03-15 08:16:00+00:00,0.27,650.5,112331
2026-03-15 08:17:00+00:00,0.28,655.6,114974
2026-03-15 08:18:00+00:00,0.29,663.6,129141
2026-03-15 08:19:00+00:00,0.29,669.0,151981
2026-03-15 08:20:00+00:00,0.28,650.7,123058
2026-03-15 08:21:00+00:00,0.37,645.7,113055
2026-03-15 08:22:00+00:00,0.52,663.7,181070
2026-03-15 08:23:00+00:00,0.20,652.6,136154
2026-03-15 08:24:00+00:00,0.09,664.8,166574
2026-03-15 08:25:00+00:00,0.08,644.2,147177
2026-03-15 08:26:00+00:00,1.11,646.3,126093
2026-03-15 08:27:00+00:00,0.32,632.2,101648
2026-03-15 08:28:00+00:00,0.46,656.8,122811
2026-03-15 08:29:00+00:00,0.42,658.5,117753
2026-03-15 08:30:00+00:00,0.57,642.6,118107
2026-03-15 08:31:00+00:00,0.59,660.6,167202
2026-03-15 08:32:00+00:00,0.52,679.5,194769
2026-03-15 08:33:00+00:00,0.48,666.8,163063
2026-03-15 08:34:00+00:00,0.43,651.6,123274
2026-03-15 08:35:00+00:00,0.46,649.3,105228
2026-03-15 08:36:00+00:00,0.41,653.1,134368
2026-03-15 08:37:00+00:00,0.40,656.2,141050
2026-03-15 08:38:00+00:00,0.36,668.4,168654
2026-03-15 08:39:00+00:00,0.22,608.2,56808
2026-03-15 08:40:00+00:00,0.06,625.9,115449
2026-03-15 08:41:00+00:00,0.05,595.8,106891
2026-03-15 08:42:00+00:00,0.04,634.2,217334
2026-03-15 08:43:00+00:00,0.04,648.8,206969
2026-03-15 08:44:00+00:00,0.05,652.9,229240
2026-03-15 08:45:00+00:00,0.05,651.4,193851
2026-03-15 08:46:00+00:00,0.02,605.2,74355
2026-03-15 08:47:00+00:00,0.02,621.7,158914
2026-03-15 08:48:00+00:00,0.06,657.5,233429
2026-03-15 08:49:00+00:00,0.09,644.1,147122
2026-03-15 08:50:00+00:00,0.05,628.6,115766
2026-03-15 08:51:00+00:00,0.05,634.3,151086
2026-03-15 08:52:00+00:00,0.15,647.6,147914
2026-03-15 08:53:00+00:00,0.15,670.0,182550
2026-03-15 08:54:00+00:00,0.07,635.3,131140
2026-03-15 08:55:00+00:00,0.04,674.1,123317
2026-03-15 08:56:00+00:00,0.08,655.3,225460
2026-03-15 08:57:00+00:00,0.07,654.1,179910
2026-03-15 08:58:00+00:00,0.10,647.8,139627
2026-03-15 08:59:00+00:00,0.16,659.7,116024
2026-03-15 09:00:00+00:00,0.09,662.7,173579
2026-03-15 09:01:00+00:00,0.04,644.5,202684
2026-03-15 09:02:00+00:00,0.05,656.4,211955
2026-03-15 09:03:00+00:00,0.05,663.2,177476
2026-03-15 09:04:00+00:00,0.03,659.5,170279
2026-03-15 09:05:00+00:00,0.03,665.2,233826
2026-03-15 09:06:00+00:00,0.04,673.9,321524
2026-03-15 09:07:00+00:00,0.08,671.0,319834
2026-03-15 09:08:00+00:00,0.13,653.0,154802
2026-03-15 09:09:00+00:00,0.13,662.2,145326
2026-03-15 09:10:00+00:00,0.12,662.1,147622
2026-03-15 09:11:00+00:00,0.07,660.4,173892
2026-03-15 09:12:00+00:00,0.05,652.8,233497
2026-03-15 09:13:00+00:00,0.04,634.7,200382
2026-03-15 09:14:00+00:00,0.04,665.2,165600
2026-03-15 09:15:00+00:00,0.05,657.4,146189
2026-03-15 09:16:00+00:00,0.07,662.2,200780
2026-03-15 09:17:00+00:00,0.08,670.6,229630
2026-03-15 09:18:00+00:00,0.09,684.3,209854
2026-03-15 09:19:00+00:00,0.07,681.5,235535
2026-03-15 09:20:00+00:00,0.05,663.1,235621
2026-03-15 09:21:00+00:00,0.05,661.2,269750
2026-03-15 09:22:00+00:00,0.05,673.0,311633
2026-03-15 09:23:00+00:00,0.09,669.8,187152
2026-03-15 09:24:00+00:00,0.16,668.7,137277
2026-03-15 09:25:00+00:00,0.15,669.9,165658
2026-03-15 09:26:00+00:00,0.06,652.9,243621
2026-03-15 09:27:00+00:00,0.14,656.0,162876
2026-03-15 09:28:00+00:00,0.06,658.2,282590
2026-03-15 09:29:00+00:00,1.08,642.5,132194
2026-03-15 09:30:00+00:00,0.47,662.2,134569
2026-03-15 09:31:00+00:00,0.36,632.0,113837
2026-03-15 09:32:00+00:00,0.54,681.8,203011
2026-03-15 09:33:00+00:00,0.45,665.6,160571
2026-03-15 09:34:00+00:00,0.51,662.6,119966
2026-03-15 09:35:00+00:00,0.51,665.2,126051
2026-03-15 09:36:00+00:00,0.30,650.5,162219
2026-03-15 09:37:00+00:00,0.12,642.3,168651
2026-03-15 09:38:00+00:00,0.09,645.8,139865
2026-03-15 09:39:00+00:00,0.08,647.4,157425
2026-03-15 09:40:00+00:00,0.09,649.0,170186
2026-03-15 09:41:00+00:00,0.08,638.8,123952
2026-03-15 09:42:00+00:00,0.29,638.9,101874
2026-03-15 09:43:00+00:00,0.28,639.1,102730
2026-03-15 09:44:00+00:00,0.17,648.2,153264
2026-03-15 09:45:00+00:00,0.17,656.1,157605
2026-03-15 09:46:00+00:00,0.06,654.5,174103
2026-03-15 09:47:00+00:00,0.08,659.0,201824
2026-03-15 09:48:00+00:00,0.08,643.6,207519
2026-03-15 09:49:00+00:00,0.08,634.6,206902
2026-03-15 09:50:00+00:00,0.08,641.6,206379
2026-03-15 09:51:00+00:00,0.08,647.8,254804
2026-03-15 09:52:00+00:00,0.24,655.0,227267
2026-03-15 09:53:00+00:00,0.44,669.0,187531
2026-03-15 09:54:00+00:00,0.40,666.0,196343
2026-03-15 09:55:00+00:00,0.28,646.0,130719
2026-03-15 09:56:00+00:00,0.46,651.2,124900
2026-03-15 09:57:00+00:00,0.58,638.6,108225
2026-03-15 09:58:00+00:00,0.70,667.8,196991
2026-03-15 10:02:00+00:00,0.18,656.6,98708
2026-03-15 10:03:00+00:00,0.18,677.3,381666
2026-03-15 10:04:00+00:00,0.11,648.7,203263
2026-03-15 10:05:00+00:00,0.08,614.3,101990
2026-03-15 10:06:00+00:00,0.12,643.7,155254
2026-03-15 10:07:00+00:00,0.51,654.6,192580
2026-03-15 10:08:00+00:00,0.60,650.4,156812
2026-03-15 10:09:00+00:00,0.41,651.8,118369
2026-03-15 10:10:00+00:00,0.41,646.7,113976
2026-03-15 10:11:00+00:00,0.43,643.6,109548
2026-03-15 10:12:00+00:00,0.39,643.2,114105
2026-03-15 10:13:00+00:00,0.24,641.9,134017
2026-03-15 10:14:00+00:00,0.09,642.4,158706
2026-03-15 10:17:00+00:00,0.26,643.9,129991
2026-03-15 10:18:00+00:00,0.20,656.1,141779
2026-03-15 10:19:00+00:00,0.34,650.0,124651
2026-03-15 10:20:00+00:00,0.39,647.4,103643
2026-03-15 10:21:00+00:00,0.31,650.6,114117
2026-03-15 10:22:00+00:00,0.22,648.4,125578
2026-03-15 10:23:00+00:00,0.09,585.9,128307
2026-03-15 10:24:00+00:00,0.07,589.6,129590
2026-03-15 10:25:00+00:00,0.12,646.2,159960
2026-03-15 10:26:00+00:00,0.10,656.2,199358
2026-03-15 10:27:00+00:00,0.11,658.2,195740
2026-03-15 10:28:00+00:00,0.15,660.7,195776
2026-03-15 10:29:00+00:00,0.12,667.0,213553
2026-03-15 10:30:00+00:00,0.17,660.3,185591
2026-03-15 10:31:00+00:00,0.87,,
2026-03-15 10:32:00+00:00,0.87,653.4,154833
2026-03-15 10:33:00+00:00,0.07,676.8,221735
2026-03-15 10:34:00+00:00,0.08,677.8,167292
2026-03-15 10:35:00+00:00,0.09,671.7,171366
2026-03-15 10:36:00+00:00,0.43,675.5,136579
2026-03-15 10:37:00+00:00,0.27,671.6,142119
2026-03-15 10:38:00+00:00,0.16,667.5,142171
2026-03-15 10:39:00+00:00,0.09,664.7,192981
2026-03-15 10:40:00+00:00,0.04,670.7,219876
2026-03-15 10:41:00+00:00,0.06,672.0,207069
2026-03-15 10:42:00+00:00,0.07,670.0,190706
2026-03-15 10:43:00+00:00,0.08,677.4,172017
2026-03-15 10:44:00+00:00,0.06,669.1,205474
2026-03-15 10:45:00+00:00,0.06,663.3,198406
2026-03-15 10:46:00+00:00,0.05,664.9,180566
2026-03-15 10:49:00+00:00,0.05,660.1,149119
2026-03-15 10:50:00+00:00,0.05,664.6,213724
2026-03-15 10:51:00+00:00,0.06,667.2,219371
2026-03-15 10:52:00+00:00,0.07,669.2,229956
2026-03-15 10:53:00+00:00,0.06,667.3,222365
2026-03-15 10:54:00+00:00,0.06,666.3,180496
2026-03-15 10:55:00+00:00,0.05,663.3,175833
2026-03-15 10:56:00+00:00,0.06,668.3,206527
2026-03-15 10:57:00+00:00,0.07,670.4,207336
2026-03-15 10:58:00+00:00,0.06,664.8,190424
2026-03-15 10:59:00+00:00,0.07,664.4,195174
2026-03-15 11:00:00+00:00,0.08,658.5,181742
2026-03-15 11:01:00+00:00,0.26,644.0,109290
2026-03-15 11:02:00+00:00,0.26,644.1,109799
2026-03-15 11:03:00+00:00,0.18,645.4,119781
2026-03-15 11:04:00+00:00,0.06,654.9,276557
2026-03-15 11:05:00+00:00,0.18,664.7,208243
2026-03-15 11:06:00+00:00,0.09,647.9,226975
2026-03-15 11:07:00+00:00,0.09,654.5,247641
2026-03-15 11:08:00+00:00,0.15,655.9,149502
2026-03-15 11:09:00+00:00,0.11,665.8,170856
2026-03-15 11:10:00+00:00,0.22,662.7,146598
2026-03-15 11:11:00+00:00,0.42,655.5,116371
2026-03-15 11:12:00+00:00,0.31,653.9,157180
2026-03-15 11:13:00+00:00,0.18,648.7,156632
2026-03-15 11:14:00+00:00,0.39,648.7,110043
2026-03-15 11:15:00+00:00,0.51,656.7,121692
2026-03-15 11:16:00+00:00,0.32,639.9,120901
2026-03-15 11:17:00+00:00,0.09,626.4,167956
2026-03-15 11:18:00+00:00,0.17,638.1,157124
2026-03-15 11:19:00+00:00,0.13,634.5,176276
2026-03-15 11:22:00+00:00,0.07,640.2,240476
2026-03-15 11:23:00+00:00,0.09,630.2,196679
2026-03-15 11:24:00+00:00,0.16,643.3,139293
2026-03-15 11:25:00+00:00,0.41,657.8,140652
2026-03-15 11:26:00+00:00,0.58,659.0,126163
2026-03-15 11:27:00+00:00,0.53,654.3,110776
2026-03-15 11:28:00+00:00,0.45,653.7,111692
2026-03-15 11:29:00+00:00,0.35,648.3,120651
2026-03-15 11:30:00+00:00,0.21,640.4,127016
2026-03-15 11:31:00+00:00,0.19,646.2,137685
2026-03-15 11:32:00+00:00,0.09,649.8,139845
2026-03-15 11:33:00+00:00,0.11,649.0,137645
2026-03-15 11:34:00+00:00,0.26,645.9,124197
2026-03-15 11:35:00+00:00,0.45,650.2,102932
2026-03-15 11:36:00+00:00,0.57,655.5,125674
2026-03-15 11:37:00+00:00,0.57,660.0,138753
2026-03-15 11:38:00+00:00,0.61,658.9,126296
2026-03-15 11:39:00+00:00,0.53,657.5,113634
2026-03-15 11:40:00+00:00,0.47,655.3,131253
2026-03-15 11:41:00+00:00,0.40,660.2,168625
2026-03-15 11:42:00+00:00,0.47,660.3,149020
2026-03-15 11:43:00+00:00,0.54,657.2,124376
2026-03-15 11:44:00+00:00,0.57,657.8,118900
2026-03-15 11:45:00+00:00,0.54,657.2,118173
2026-03-15 11:46:00+00:00,0.37,655.2,130611
2026-03-15 11:47:00+00:00,0.31,657.0,141161
2026-03-15 11:48:00+00:00,0.54,656.7,118331
2026-03-15 11:49:00+00:00,0.46,658.0,119033
2026-03-15 11:50:00+00:00,0.44,649.5,123048
2026-03-15 11:51:00+00:00,0.44,651.0,119887
2026-03-15 11:52:00+00:00,0.10,657.5,335766
2026-03-15 11:55:00+00:00,0.60,668.0,126176
2026-03-15 11:56:00+00:00,0.39,665.0,163256
2026-03-15 11:57:00+00:00,0.31,661.3,153999
2026-03-15 11:58:00+00:00,0.15,646.7,198902
2026-03-15 11:59:00+00:00,0.06,645.9,315273
2026-03-15 12:00:00+00:00,0.06,655.2,294825
2026-03-15 12:01:00+00:00,0.08,647.1,200502
2026-03-15 12:02:00+00:00,0.41,635.2,96336
2026-03-15 12:03:00+00:00,0.42,639.8,122718
2026-03-15 12:04:00+00:00,0.46,650.1,172843
2026-03-15 12:05:00+00:00,0.50,648.4,130956
2026-03-15 12:06:00+00:00,0.40,645.2,132772
2026-03-15 12:07:00+00:00,0.06,644.4,346453
2026-03-15 12:08:00+00:00,0.04,652.8,429605
2026-03-15 12:09:00+00:00,0.18,641.6,154919
2026-03-15 12:10:00+00:00,0.08,634.8,253933
2026-03-15 12:11:00+00:00,0.07,640.1,267391
2026-03-15 12:12:00+00:00,0.11,639.8,192587
2026-03-15 12:13:00+00:00,0.08,646.9,293313
2026-03-15 12:14:00+00:00,0.07,638.3,252172
2026-03-15 12:15:00+00:00,0.06,638.8,259887
2026-03-15 12:16:00+00:00,0.07,637.6,269885
2026-03-15 12:17:00+00:00,0.09,636.0,207193
2026-03-15 12:18:00+00:00,0.08,647.7,204272
2026-03-15 12:19:00+00:00,0.06,652.5,239849
2026-03-15 12:20:00+00:00,0.08,643.8,218031
2026-03-15 12:21:00+00:00,0.07,641.6,264096
2026-03-15 12:22:00+00:00,0.11,650.5,231883
2026-03-15 12:23:00+00:00,0.10,653.8,209252
2026-03-15 12:24:00+00:00,0.14,655.3,170724
2026-03-15 12:25:00+00:00,0.19,642.8,137406
2026-03-15 12:28:00+00:00,0.17,644.3,168066
2026-03-15 12:29:00+00:00,0.10,643.7,227353
2026-03-15 12:30:00+00:00,0.11,651.7,219636
2026-03-15 12:31:00+00:00,0.14,651.1,181005
2026-03-15 12:32:00+00:00,0.13,654.4,158823
2026-03-15 12:33:00+00:00,0.11,653.4,198155
2026-03-15 12:34:00+00:00,0.08,653.8,237831
2026-03-15 12:35:00+00:00,0.19,657.2,188638
2026-03-15 12:36:00+00:00,0.38,658.5,124347
2026-03-15 12:37:00+00:00,0.13,661.0,136620
2026-03-15 12:38:00+00:00,0.12,665.3,149069
2026-03-15 12:39:00+00:00,0.14,648.7,166474
2026-03-15 12:40:00+00:00,0.13,651.7,139708
2026-03-15 12:41:00+00:00,0.13,635.1,153691
2026-03-15 12:42:00+00:00,0.07,634.9,272797
2026-03-15 12:43:00+00:00,0.06,642.7,239000
2026-03-15 12:44:00+00:00,0.06,648.8,166911
2026-03-15 12:45:00+00:00,0.06,653.0,174494
2026-03-15 12:46:00+00:00,0.07,653.9,180461
2026-03-15 12:47:00+00:00,0.09,654.6,214760
2026-03-15 12:48:00+00:00,0.08,654.2,237610
2026-03-15 12:49:00+00:00,0.06,655.2,227796
2026-03-15 12:50:00+00:00,0.05,655.4,226181
2026-03-15 12:51:00+00:00,0.08,646.0,207771
2026-03-15 12:52:00+00:00,0.13,637.7,152875
2026-03-15 12:53:00+00:00,0.06,647.6,179777
2026-03-15 12:54:00+00:00,0.05,634.0,273305
2026-03-15 12:55:00+00:00,0.03,646.3,304896
2026-03-15 12:56:00+00:00,0.04,648.5,223193
2026-03-15 12:57:00+00:00,0.03,654.1,416971
2026-03-15 12:58:00+00:00,0.04,647.9,251930
2026-03-15 13:01:00+00:00,0.12,641.0,173938
2026-03-15 13:03:00+00:00,0.10,623.1,172681
2026-03-15 13:04:00+00:00,0.12,644.0,232444
2026-03-15 13:05:00+00:00,0.28,653.8,212712
2026-03-15 13:06:00+00:00,0.44,639.4,112311
2026-03-15 13:07:00+00:00,0.45,640.1,113586
2026-03-15 13:08:00+00:00,0.47,640.8,102354
2026-03-15 13:09:00+00:00,0.39,635.5,108170
2026-03-15 13:10:00+00:00,0.14,624.8,133535
2026-03-15 13:11:00+00:00,0.39,637.5,116617
2026-03-15 13:12:00+00:00,0.38,637.1,98265
2026-03-15 13:13:00+00:00,0.44,637.7,95873
2026-03-15 13:14:00+00:00,0.44,641.2,93473
2026-03-15 13:15:00+00:00,0.37,634.2,103514
2026-03-15 13:16:00+00:00,0.43,641.0,122923
2026-03-15 13:17:00+00:00,0.34,640.3,132546
2026-03-15 13:18:00+00:00,0.33,636.4,117945
2026-03-15 13:19:00+00:00,0.31,632.9,97583
2026-03-15 13:20:00+00:00,0.28,632.7,103316
2026-03-15 13:21:00+00:00,0.23,630.3,112781
2026-03-15 13:22:00+00:00,0.29,631.1,104345
2026-03-15 13:23:00+00:00,0.48,639.0,102066
2026-03-15 13:24:00+00:00,0.42,637.8,106315
2026-03-15 13:25:00+00:00,0.41,646.0,108381
2026-03-15 13:26:00+00:00,0.48,648.6,124524
2026-03-15 13:27:00+00:00,0.45,646.5,110644
2026-03-15 13:28:00+00:00,0.47,643.5,110735
2026-03-15 13:29:00+00:00,0.39,641.7,118625
2026-03-15 13:30:00+00:00,0.41,632.9,104614
2026-03-15 13:31:00+00:00,0.49,637.0,103982
2026-03-15 13:34:00+00:00,0.24,642.2,103000
2026-03-15 13:35:00+00:00,0.33,640.2,104347
2026-03-15 13:36:00+00:00,0.24,635.7,161225
2026-03-15 13:37:00+00:00,0.20,632.9,168224
2026-03-15 13:38:00+00:00,0.37,631.2,103826
2026-03-15 13:39:00+00:00,0.29,626.6,134144
2026-03-15 13:40:00+00:00,0.10,624.1,182156
2026-03-15 13:41:00+00:00,0.20,623.4,98265
2026-03-15 13:42:00+00:00,0.20,617.5,90848
2026-03-15 13:43:00+00:00,0.20,627.7,130586
2026-03-15 13:44:00+00:00,0.07,613.7,154538
2026-03-15 13:45:00+00:00,0.07,638.3,205881
2026-03-15 13:46:00+00:00,0.09,643.0,122686
2026-03-15 13:47:00+00:00,0.08,651.2,182946
2026-03-15 13:48:00+00:00,0.08,638.8,249369
2026-03-15 13:49:00+00:00,0.07,633.7,209316
2026-03-15 13:50:00+00:00,0.07,621.9,186551
2026-03-15 13:51:00+00:00,0.10,626.6,151271
2026-03-15 13:52:00+00:00,0.10,640.7,128400
2026-03-15 13:53:00+00:00,0.09,644.5,125143
2026-03-15 13:54:00+00:00,0.08,654.2,157141
2026-03-15 13:55:00+00:00,0.06,670.2,224131
2026-03-15 13:56:00+00:00,0.05,652.9,198318
2026-03-15 13:57:00+00:00,0.04,631.5,177943
2026-03-15 13:58:00+00:00,0.03,628.2,267233
2026-03-15 13:59:00+00:00,0.04,640.2,290862
2026-03-15 14:00:00+00:00,0.09,638.9,168009
2026-03-15 14:01:00+00:00,0.04,650.1,202710
2026-03-15 14:02:00+00:00,0.05,657.6,368445
2026-03-15 14:03:00+00:00,0.04,629.2,322075
2026-03-15 14:04:00+00:00,0.11,623.4,169566
2026-03-15 14:05:00+00:00,0.13,619.2,113916
2026-03-15 14:06:00+00:00,0.13,617.4,108269
2026-03-15 14:07:00+00:00,0.05,663.5,312231
2026-03-15 14:08:00+00:00,0.06,644.6,227435
2026-03-15 14:09:00+00:00,0.08,622.3,136095
2026-03-15 14:10:00+00:00,0.06,626.4,138960
2026-03-15 14:11:00+00:00,0.05,641.9,162791
2026-03-15 14:12:00+00:00,0.08,638.4,174054
2026-03-15 14:13:00+00:00,0.04,630.3,202156
2026-03-15 14:14:00+00:00,0.10,654.8,299159
2026-03-15 14:15:00+00:00,0.58,631.3,157436
2026-03-15 14:17:00+00:00,0.25,623.5,92186
2026-03-15 14:18:00+00:00,0.39,633.2,90124
2026-03-15 14:19:00+00:00,0.43,640.8,91328
2026-03-15 14:20:00+00:00,0.15,623.3,131153
2026-03-15 14:21:00+00:00,0.07,626.9,216258
2026-03-15 14:22:00+00:00,0.07,625.1,244495
2026-03-15 14:23:00+00:00,0.06,621.4,233709
2026-03-15 14:24:00+00:00,0.06,614.2,178739
2026-03-15 14:25:00+00:00,0.08,614.4,168636
2026-03-15 14:26:00+00:00,0.14,629.0,177727
2026-03-15 14:27:00+00:00,0.24,631.5,103283
2026-03-15 14:28:00+00:00,0.21,624.6,115109
2026-03-15 14:29:00+00:00,0.17,654.0,201401
2026-03-15 14:30:00+00:00,0.12,655.7,255343
2026-03-15 14:31:00+00:00,0.15,608.0,108186
2026-03-15 14:32:00+00:00,0.14,627.4,82956
2026-03-15 14:33:00+00:00,0.06,613.4,238233
2026-03-15 14:34:00+00:00,0.05,615.2,228513
2026-03-15 14:35:00+00:00,0.05,626.1,233862
2026-03-15 14:36:00+00:00,0.15,636.7,162136
2026-03-15 14:37:00+00:00,0.19,642.0,152562
2026-03-15 14:38:00+00:00,0.14,632.3,134956
2026-03-15 14:39:00+00:00,0.11,625.9,121616
2026-03-15 14:40:00+00:00,0.16,626.2,124476
2026-03-15 14:41:00+00:00,0.17,619.4,113752
2026-03-15 14:42:00+00:00,0.13,610.4,143144
2026-03-15 14:43:00+00:00,0.34,616.0,194760
2026-03-15 14:44:00+00:00,0.85,631.2,136015
2026-03-15 14:45:00+00:00,0.30,634.6,114646
2026-03-15 14:46:00+00:00,0.30,617.5,79571
2026-03-15 14:47:00+00:00,0.36,621.4,106441
2026-03-15 14:48:00+00:00,0.07,613.7,182559
2026-03-15 14:49:00+00:00,0.06,627.0,167449
2026-03-15 14:50:00+00:00,0.50,609.0,145450
2026-03-15 14:51:00+00:00,0.70,639.2,96751
2026-03-15 14:52:00+00:00,0.21,618.6,158190
2026-03-15 14:53:00+00:00,0.05,608.3,162550
2026-03-15 14:54:00+00:00,0.04,622.2,226789
2026-03-15 14:55:00+00:00,0.04,626.3,262826
2026-03-15 14:56:00+00:00,0.04,617.2,295937
2026-03-15 14:57:00+00:00,0.04,612.7,269951
2026-03-15 14:58:00+00:00,0.18,602.0,110898
2026-03-15 14:59:00+00:00,0.14,609.0,167670
2026-03-15 15:00:00+00:00,0.06,622.7,276579
2026-03-15 15:01:00+00:00,0.05,617.9,234738
2026-03-15 15:02:00+00:00,0.04,634.3,408261
2026-03-15 15:03:00+00:00,0.07,622.5,363433
2026-03-15 15:04:00+00:00,0.16,609.6,192056
2026-03-15 15:05:00+00:00,0.12,595.4,114259
2026-03-15 15:06:00+00:00,0.08,605.9,190975
2026-03-15 15:07:00+00:00,0.10,622.6,232143
2026-03-15 15:08:00+00:00,1.11,602.7,124077
2026-03-15 15:09:00+00:00,0.81,648.5,182600
2026-03-15 15:10:00+00:00,0.55,656.0,165733
2026-03-15 15:11:00+00:00,0.51,645.9,130543
2026-03-15 15:12:00+00:00,0.48,644.9,128819
2026-03-15 15:13:00+00:00,0.61,647.7,114524
2026-03-15 15:14:00+00:00,0.63,650.8,126438
2026-03-15 15:15:00+00:00,0.61,650.0,131925
2026-03-15 15:16:00+00:00,0.50,639.8,106929
2026-03-15 15:17:00+00:00,0.64,650.2,134926
2026-03-15 15:18:00+00:00,0.50,641.4,107948
2026-03-15 15:19:00+00:00,0.40,644.9,116556
2026-03-15 15:20:00+00:00,0.51,640.9,112762
2026-03-15 15:21:00+00:00,0.57,666.5,188949
2026-03-15 15:22:00+00:00,0.72,669.9,175399
2026-03-15 15:23:00+00:00,0.50,644.4,99870
2026-03-15 15:24:00+00:00,0.40,646.5,125204
2026-03-15 15:25:00+00:00,0.37,646.8,117024
2026-03-15 15:26:00+00:00,0.42,651.2,162346
2026-03-15 15:27:00+00:00,0.20,608.6,83813
2026-03-15 15:28:00+00:00,0.51,632.0,127884
2026-03-15 15:29:00+00:00,0.40,644.8,221663
2026-03-15 15:30:00+00:00,0.34,625.7,246646
2026-03-15 15:31:00+00:00,0.83,637.3,188405
2026-03-15 15:32:00+00:00,0.65,670.5,186000
2026-03-15 15:33:00+00:00,0.31,625.7,95432
2026-03-15 15:34:00+00:00,0.42,628.1,98707
2026-03-15 15:35:00+00:00,0.33,609.5,95114
2026-03-15 15:36:00+00:00,0.18,656.0,113223
2026-03-15 15:37:00+00:00,0.09,637.9,170786
2026-03-15 15:38:00+00:00,1.40,608.7,109543
2026-03-15 15:39:00+00:00,1.63,631.1,106677
2026-03-15 15:40:00+00:00,0.98,640.8,102722
2026-03-15 15:41:00+00:00,0.68,655.0,152918
2026-03-15 15:42:00+00:00,1.18,637.9,137867
2026-03-15 15:43:00+00:00,0.96,641.1,182784
2026-03-15 15:44:00+00:00,0.64,646.6,173258
2026-03-15 15:45:00+00:00,0.73,639.6,112920
2026-03-15 15:46:00+00:00,0.97,630.5,155306
2026-03-15 15:47:00+00:00,0.87,636.4,163445
2026-03-15 15:48:00+00:00,0.63,648.5,176733
2026-03-15 15:49:00+00:00,0.60,637.8,146654
2026-03-15 15:50:00+00:00,0.51,613.9,94897
2026-03-15 15:51:00+00:00,0.47,643.8,138657
2026-03-15 15:52:00+00:00,0.43,624.6,107755
2026-03-15 15:53:00+00:00,0.62,631.4,80104
2026-03-15 15:54:00+00:00,0.20,600.1,92593
2026-03-15 15:55:00+00:00,2.14,628.9,90182
2026-03-15 15:56:00+00:00,0.78,627.3,115848
2026-03-15 15:57:00+00:00,0.71,608.9,153031
2026-03-15 15:58:00+00:00,0.62,620.8,130184
2026-03-15 15:59:00+00:00,0.59,636.1,111094
2026-03-15 16:00:00+00:00,0.52,627.1,103232
2026-03-15 16:01:00+00:00,0.54,628.8,97219
2026-03-15 16:02:00+00:00,0.59,637.6,96893
2026-03-15 16:03:00+00:00,0.62,643.8,105800
2026-03-15 16:04:00+00:00,0.61,623.9,87101
2026-03-15 16:05:00+00:00,0.56,606.4,64269
2026-03-15 16:06:00+00:00,0.61,643.4,96418
2026-03-15 16:07:00+00:00,0.41,603.8,69229
2026-03-15 16:08:00+00:00,0.12,597.0,130878
2026-03-15 16:09:00+00:00,0.84,602.7,152289
2026-03-15 16:10:00+00:00,0.59,622.4,90009
2026-03-15 16:11:00+00:00,0.62,612.0,164119
2026-03-15 16:12:00+00:00,0.63,609.5,180341
2026-03-15 16:13:00+00:00,0.45,614.2,66000
2026-03-15 16:14:00+00:00,0.77,625.7,111046
2026-03-15 16:15:00+00:00,0.83,633.0,111538
2026-03-15 16:16:00+00:00,0.62,620.1,79428
2026-03-15 16:17:00+00:00,0.32,610.7,119105
2026-03-15 16:18:00+00:00,0.08,616.2,187390
2026-03-15 16:21:00+00:00,0.11,606.0,107906
2026-03-15 16:22:00+00:00,0.09,614.6,137838
2026-03-15 16:23:00+00:00,0.07,598.5,130208
2026-03-15 16:24:00+00:00,0.13,609.6,139912
2026-03-15 16:25:00+00:00,0.09,612.2,212077
2026-03-15 16:26:00+00:00,0.07,601.0,139902
2026-03-15 16:27:00+00:00,0.07,589.9,125274
2026-03-15 16:28:00+00:00,0.07,616.9,247047
2026-03-15 16:29:00+00:00,0.06,615.1,306054
2026-03-15 16:30:00+00:00,0.05,609.5,333110
2026-03-15 16:31:00+00:00,0.10,607.6,217247
2026-03-15 16:32:00+00:00,0.11,613.5,155631
2026-03-15 16:33:00+00:00,0.10,617.1,177092
2026-03-15 16:34:00+00:00,0.09,608.3,165354
2026-03-15 16:35:00+00:00,0.06,604.8,210375
2026-03-15 16:36:00+00:00,0.04,601.2,228964
2026-03-15 16:37:00+00:00,0.02,563.2,62247
2026-03-15 16:38:00+00:00,0.05,604.9,263587
2026-03-15 16:39:00+00:00,0.04,609.9,322909
2026-03-15 16:40:00+00:00,0.06,603.0,286762
2026-03-15 16:41:00+00:00,0.06,611.0,299794
2026-03-15 16:42:00+00:00,0.05,592.2,218501
2026-03-15 16:43:00+00:00,0.06,613.3,395037
2026-03-15 16:44:00+00:00,0.06,604.5,287963
2026-03-15 16:45:00+00:00,0.06,603.9,255152
2026-03-15 16:46:00+00:00,0.06,600.3,218928
2026-03-15 16:47:00+00:00,0.05,591.2,129735
2026-03-15 16:48:00+00:00,0.04,583.1,113791
2026-03-15 16:49:00+00:00,0.05,593.5,188751
2026-03-15 16:50:00+00:00,0.06,608.1,226974
2026-03-15 16:51:00+00:00,0.05,602.2,200757
2026-03-15 16:52:00+00:00,0.22,606.8,91418
2026-03-15 16:53:00+00:00,0.21,602.0,86655
2026-03-15 16:54:00+00:00,0.13,579.7,65782
2026-03-15 16:55:00+00:00,0.14,594.3,93138
2026-03-15 16:56:00+00:00,0.11,596.5,118263
2026-03-15 16:57:00+00:00,0.10,593.4,94311
2026-03-15 16:58:00+00:00,0.07,596.2,168960
2026-03-15 16:59:00+00:00,0.07,599.1,207955
2026-03-15 17:00:00+00:00,0.07,600.2,173000
2026-03-15 17:01:00+00:00,0.07,592.9,128650
2026-03-15 17:02:00+00:00,0.08,590.1,146729
2026-03-15 17:03:00+00:00,0.08,616.2,146837
2026-03-15 17:04:00+00:00,0.12,599.3,120178
2026-03-15 17:05:00+00:00,0.18,597.8,95926
2026-03-15 17:06:00+00:00,0.20,605.9,108933
2026-03-15 17:07:00+00:00,0.09,589.2,131492
2026-03-15 17:08:00+00:00,0.13,596.9,128670
2026-03-15 17:09:00+00:00,0.18,592.2,88683
2026-03-15 17:10:00+00:00,0.17,599.7,143928
2026-03-15 17:11:00+00:00,1.19,582.7,120374
2026-03-15 17:12:00+00:00,0.07,598.8,223702
2026-03-15 17:13:00+00:00,0.06,585.7,245603
2026-03-15 17:14:00+00:00,0.06,606.1,225643
2026-03-15 17:15:00+00:00,0.05,628.2,291399
2026-03-15 17:16:00+00:00,0.04,633.9,315632
2026-03-15 17:17:00+00:00,0.04,636.1,283374
2026-03-15 17:18:00+00:00,0.05,647.5,318558
2026-03-15 17:19:00+00:00,0.05,627.2,290731
2026-03-15 17:20:00+00:00,0.05,625.2,251411
2026-03-15 17:21:00+00:00,0.05,636.6,278307
2026-03-15 17:22:00+00:00,0.04,625.5,278496
2026-03-15 17:23:00+00:00,0.04,617.1,249788
2026-03-15 17:24:00+00:00,0.04,606.3,301294
2026-03-15 17:25:00+00:00,0.05,620.4,388778
2026-03-15 17:26:00+00:00,0.05,620.3,368614
2026-03-15 17:27:00+00:00,0.05,618.9,188562
2026-03-15 17:28:00+00:00,0.04,622.8,229898
2026-03-15 17:29:00+00:00,0.04,635.8,328314
2026-03-15 17:30:00+00:00,0.08,657.1,257883
2026-03-15 17:31:00+00:00,0.05,608.1,158174
2026-03-15 17:32:00+00:00,0.06,595.6,175699
2026-03-15 17:33:00+00:00,0.06,612.7,168852
2026-03-15 17:34:00+00:00,0.10,624.1,144265
2026-03-15 17:35:00+00:00,0.07,616.4,142166
2026-03-15 17:36:00+00:00,0.07,637.9,182449
2026-03-15 17:37:00+00:00,0.08,653.9,191228
2026-03-15 17:38:00+00:00,0.04,634.4,180809
2026-03-15 17:39:00+00:00,0.04,628.4,211319
2026-03-15 17:40:00+00:00,0.04,629.1,192038
2026-03-15 17:41:00+00:00,0.04,639.0,191355
2026-03-15 17:42:00+00:00,0.02,605.6,157294
2026-03-15 17:43:00+00:00,0.03,618.5,309699
2026-03-15 17:44:00+00:00,0.04,640.1,246002
2026-03-15 17:45:00+00:00,0.09,634.7,199504
2026-03-15 17:46:00+00:00,1.66,618.5,133111
2026-03-15 17:47:00+00:00,0.79,660.3,154836
2026-03-15 17:48:00+00:00,0.65,649.9,137548
2026-03-15 17:49:00+00:00,0.67,644.2,154677
2026-03-15 17:50:00+00:00,0.60,637.1,121295
2026-03-15 17:51:00+00:00,0.52,631.1,101602
2026-03-15 17:52:00+00:00,0.62,640.9,137866
2026-03-15 17:53:00+00:00,0.62,641.3,142175
2026-03-15 17:54:00+00:00,0.55,627.4,106460
2026-03-15 17:55:00+00:00,0.73,629.9,101791
2026-03-15 17:56:00+00:00,0.81,638.1,96457
2026-03-15 17:57:00+00:00,0.70,650.0,120655
2026-03-15 17:58:00+00:00,0.67,656.4,144414
2026-03-15 17:59:00+00:00,0.66,655.4,142496
2026-03-15 18:00:00+00:00,0.42,626.1,86883
2026-03-15 18:01:00+00:00,0.56,637.4,105064
2026-03-15 18:02:00+00:00,0.60,649.9,126746
2026-03-15 18:03:00+00:00,0.63,657.9,178417
2026-03-15 18:04:00+00:00,0.36,648.6,137760
2026-03-15 18:05:00+00:00,0.28,638.3,123376
2026-03-15 18:06:00+00:00,0.41,629.3,125595
2026-03-15 18:07:00+00:00,0.52,641.3,172573
2026-03-15 18:08:00+00:00,0.40,629.7,141819
2026-03-15 18:09:00+00:00,0.28,612.6,88806
2026-03-15 18:10:00+00:00,0.41,632.1,137774
2026-03-15 18:11:00+00:00,0.52,646.5,172866
2026-03-15 18:12:00+00:00,0.54,630.3,120661
2026-03-15 18:13:00+00:00,0.56,618.7,109555
2026-03-15 18:14:00+00:00,0.52,627.6,123746
2026-03-15 18:15:00+00:00,0.46,599.8,79747
2026-03-15 18:16:00+00:00,0.62,654.4,162905
2026-03-15 18:17:00+00:00,0.41,622.7,101533
2026-03-15 18:18:00+00:00,0.31,605.7,95290
2026-03-15 18:19:00+00:00,0.31,602.6,85472
2026-03-15 18:20:00+00:00,0.29,611.4,108872
2026-03-15 18:21:00+00:00,0.29,615.5,115770
2026-03-15 18:22:00+00:00,0.64,642.6,192970
2026-03-15 18:23:00+00:00,0.60,632.6,157466
2026-03-15 18:24:00+00:00,0.48,622.3,120065
2026-03-15 18:25:00+00:00,0.53,623.2,124094
2026-03-15 18:26:00+00:00,0.57,623.8,122203
2026-03-15 18:27:00+00:00,0.69,638.4,146464
2026-03-15 18:28:00+00:00,0.74,628.6,102687
2026-03-15 18:29:00+00:00,0.80,624.7,108465
2026-03-15 18:33:00+00:00,0.57,594.1,80419
2026-03-15 18:34:00+00:00,1.77,606.8,98475
2026-03-15 18:35:00+00:00,0.98,608.7,91307
2026-03-15 18:36:00+00:00,0.25,594.2,147686
2026-03-15 18:37:00+00:00,0.06,597.3,246053
2026-03-15 18:38:00+00:00,0.08,605.4,190891
2026-03-15 18:39:00+00:00,0.09,605.1,142599
2026-03-15 18:40:00+00:00,0.06,607.8,196284
2026-03-15 18:41:00+00:00,0.04,616.5,261470
2026-03-15 18:42:00+00:00,0.03,616.2,223824
2026-03-15 18:43:00+00:00,0.12,622.2,148089
2026-03-15 18:44:00+00:00,0.28,645.2,188300
2026-03-15 18:45:00+00:00,0.18,604.3,139093
2026-03-15 18:46:00+00:00,0.16,583.6,81888
2026-03-15 18:47:00+00:00,0.06,605.6,275283
2026-03-15 18:48:00+00:00,0.10,616.6,120479
2026-03-15 18:49:00+00:00,0.11,637.0,169162
2026-03-15 18:50:00+00:00,0.06,612.3,258074
2026-03-15 18:51:00+00:00,0.05,627.0,237665
2026-03-15 18:52:00+00:00,0.05,612.5,189062
2026-03-15 18:53:00+00:00,0.06,608.4,207382
2026-03-15 18:54:00+00:00,1.17,597.4,134064
2026-03-15 18:55:00+00:00,2.03,605.1,119192
2026-03-15 18:56:00+00:00,1.45,627.4,146648
2026-03-15 18:57:00+00:00,0.68,634.8,139574
2026-03-15 18:58:00+00:00,0.65,639.2,214521
2026-03-15 18:59:00+00:00,0.70,640.3,179718
2026-03-15 19:00:00+00:00,0.80,638.4,94730
2026-03-15 19:01:00+00:00,0.68,622.6,82797
2026-03-15 19:02:00+00:00,0.32,621.2,89675
2026-03-15 19:03:00+00:00,0.07,616.1,129465
2026-03-15 19:05:00+00:00,2.44,631.8,98958
2026-03-15 19:06:00+00:00,0.88,641.3,190473
2026-03-15 19:07:00+00:00,0.71,624.7,115133
2026-03-15 19:08:00+00:00,0.52,613.9,75502
2026-03-15 19:09:00+00:00,0.67,628.0,71536
2026-03-15 19:10:00+00:00,0.34,605.0,136973
2026-03-15 19:11:00+00:00,0.75,605.7,138731
2026-03-15 19:12:00+00:00,1.01,617.2,95312
2026-03-15 19:13:00+00:00,0.95,631.6,101259
2026-03-15 19:14:00+00:00,1.05,635.6,131673
2026-03-15 19:15:00+00:00,0.90,623.0,140113
2026-03-15 19:16:00+00:00,0.84,646.6,151640
2026-03-15 19:17:00+00:00,0.03,594.2,168992
2026-03-15 19:18:00+00:00,0.04,631.0,299494
2026-03-15 19:19:00+00:00,0.03,627.7,243451
2026-03-15 19:20:00+00:00,0.03,606.6,299191
2026-03-15 19:21:00+00:00,0.03,633.7,282701
2026-03-15 19:22:00+00:00,0.04,632.4,223541
2026-03-15 19:23:00+00:00,0.02,608.2,211350
2026-03-15 19:24:00+00:00,0.02,611.9,218314
2026-03-15 19:25:00+00:00,0.03,605.0,372622
2026-03-15 19:26:00+00:00,0.03,603.0,363270
2026-03-15 19:27:00+00:00,0.03,599.9,264142
2026-03-15 19:28:00+00:00,0.03,589.0,216438
2026-03-15 19:29:00+00:00,0.04,580.5,213626
2026-03-15 19:30:00+00:00,0.05,590.9,202979
2026-03-15 19:31:00+00:00,0.06,599.8,204372
2026-03-15 19:32:00+00:00,0.07,584.2,132702
2026-03-15 19:33:00+00:00,0.05,590.2,208112
2026-03-15 19:34:00+00:00,0.04,588.0,197538
2026-03-15 19:35:00+00:00,0.04,583.1,150898
2026-03-15 19:36:00+00:00,0.05,600.0,240840
2026-03-15 19:37:00+00:00,0.05,,
2026-03-15 19:38:00+00:00,0.05,612.4,333066
2026-03-15 19:39:00+00:00,0.04,599.5,214031
2026-03-15 19:40:00+00:00,0.04,613.2,271830
2026-03-15 19:41:00+00:00,0.04,604.9,240780
2026-03-15 19:42:00+00:00,0.05,626.0,246835
2026-03-15 19:43:00+00:00,0.05,630.2,243720
2026-03-15 19:44:00+00:00,0.05,623.1,236877
2026-03-15 19:45:00+00:00,0.04,608.8,193238
2026-03-15 19:46:00+00:00,0.04,594.0,141003
2026-03-15 19:47:00+00:00,0.04,608.8,184346
2026-03-15 19:48:00+00:00,0.05,624.1,224292
2026-03-15 19:49:00+00:00,0.05,631.3,236921
2026-03-15 19:50:00+00:00,0.05,593.8,221990
2026-03-15 19:51:00+00:00,0.07,591.6,220739
2026-03-15 19:52:00+00:00,0.05,566.0,43590
2026-03-15 19:53:00+00:00,0.06,581.3,161677
2026-03-15 19:54:00+00:00,0.04,593.5,277234
2026-03-15 19:55:00+00:00,0.12,600.7,188216
2026-03-15 19:56:00+00:00,0.08,604.7,196514
2026-03-15 19:57:00+00:00,0.06,598.8,159151
2026-03-15 19:58:00+00:00,0.06,591.6,201365
2026-03-15 19:59:00+00:00,0.09,587.4,225585
2026-03-15 20:00:00+00:00,0.10,592.5,227894
2026-03-15 20:01:00+00:00,0.09,591.5,209638
2026-03-15 20:03:00+00:00,0.06,615.0,280791
2026-03-15 20:04:00+00:00,0.05,614.0,214879
2026-03-15 20:05:00+00:00,0.05,602.6,201247
2026-03-15 20:06:00+00:00,0.05,625.1,301213
2026-03-15 20:07:00+00:00,0.07,602.4,287685
2026-03-15 20:09:00+00:00,0.03,585.9,194490
2026-03-15 20:10:00+00:00,0.03,585.9,194490
2026-03-15 20:11:00+00:00,0.05,617.1,370764
2026-03-15 20:12:00+00:00,0.11,596.0,157859
2026-03-15 20:13:00+00:00,0.18,610.3,103550
2026-03-15 20:14:00+00:00,0.11,618.1,195541
2026-03-15 20:15:00+00:00,0.05,601.1,201287
2026-03-15 20:16:00+00:00,0.05,598.2,242780
2026-03-15 20:17:00+00:00,0.05,611.3,366251
2026-03-15 20:18:00+00:00,0.05,605.7,363884
2026-03-15 20:19:00+00:00,0.03,592.4,280743
2026-03-15 20:20:00+00:00,0.03,603.4,335892
2026-03-15 20:21:00+00:00,0.03,609.9,292481
2026-03-15 20:22:00+00:00,0.04,611.2,249712
2026-03-15 20:23:00+00:00,0.06,601.1,127615
2026-03-15 20:24:00+00:00,0.04,600.2,196512
2026-03-15 20:25:00+00:00,0.03,613.3,161203
2026-03-15 20:26:00+00:00,0.03,622.4,366815
2026-03-15 20:27:00+00:00,0.03,594.9,284567
2026-03-15 20:28:00+00:00,0.06,599.8,202977
2026-03-15 20:29:00+00:00,0.05,610.3,203444
2026-03-15 20:30:00+00:00,0.05,606.9,241274
2026-03-15 20:31:00+00:00,0.04,609.7,309087
2026-03-15 20:32:00+00:00,0.05,625.5,336888
2026-03-15 20:33:00+00:00,0.07,625.3,238138
2026-03-15 20:34:00+00:00,0.06,612.4,153523
2026-03-15 20:35:00+00:00,0.05,619.3,210423
2026-03-15 20:36:00+00:00,0.06,620.8,219185
2026-03-15 20:37:00+00:00,0.06,617.3,260887
2026-03-15 20:38:00+00:00,0.05,605.3,197682
2026-03-15 20:39:00+00:00,0.04,619.5,254170
2026-03-15 20:40:00+00:00,0.05,612.6,255743
2026-03-15 20:41:00+00:00,0.05,619.5,301726
2026-03-15 20:42:00+00:00,0.04,605.4,193215
2026-03-15 20:43:00+00:00,0.04,603.8,180982
2026-03-15 20:44:00+00:00,0.06,616.7,219875
2026-03-15 20:45:00+00:00,0.06,604.6,181501
2026-03-15 20:46:00+00:00,0.05,596.6,155708
2026-03-15 20:47:00+00:00,0.06,596.5,241587
2026-03-15 20:48:00+00:00,0.09,594.5,246843
2026-03-15 20:49:00+00:00,0.10,588.5,178000
2026-03-15 20:50:00+00:00,0.09,584.1,185523
2026-03-15 20:51:00+00:00,0.08,588.6,241247
2026-03-15 20:52:00+00:00,0.12,600.6,290183
2026-03-15 20:53:00+00:00,0.38,591.5,191676
2026-03-15 20:54:00+00:00,1.15,587.0,152639
2026-03-15 20:55:00+00:00,0.49,585.6,71732
2026-03-15 20:56:00+00:00,0.59,614.4,148383
2026-03-15 20:57:00+00:00,0.38,571.4,59870
2026-03-15 20:58:00+00:00,0.63,602.7,76068
2026-03-15 20:59:00+00:00,0.86,615.0,95861
2026-03-15 21:00:00+00:00,1.08,611.2,91225
2026-03-15 21:01:00+00:00,1.19,625.1,103845
2026-03-15 21:02:00+00:00,1.40,623.8,118136
2026-03-15 21:03:00+00:00,0.72,617.9,186921
2026-03-15 21:04:00+00:00,0.91,595.3,113585
2026-03-15 21:05:00+00:00,0.40,587.4,91828
2026-03-15 21:06:00+00:00,0.15,598.8,145721
2026-03-15 21:07:00+00:00,0.04,589.6,126946
2026-03-15 21:08:00+00:00,0.04,601.7,170724
2026-03-15 21:09:00+00:00,0.04,611.3,271268
2026-03-15 21:10:00+00:00,0.03,614.6,237156
2026-03-15 21:11:00+00:00,0.03,607.5,276830
2026-03-15 21:12:00+00:00,0.05,600.5,237175
2026-03-15 21:13:00+00:00,0.05,600.6,187530
2026-03-15 21:14:00+00:00,0.09,599.4,169850
2026-03-15 21:15:00+00:00,0.13,591.8,129956
2026-03-15 21:16:00+00:00,0.13,590.3,122332
2026-03-15 21:17:00+00:00,1.61,578.9,82248
2026-03-15 21:18:00+00:00,1.15,613.3,86240
2026-03-15 21:19:00+00:00,0.42,606.5,159851
2026-03-15 21:20:00+00:00,0.33,596.6,146199
2026-03-15 21:21:00+00:00,0.60,603.4,75184
2026-03-15 21:22:00+00:00,0.69,607.7,89642
2026-03-15 21:23:00+00:00,0.78,612.2,104517
2026-03-15 21:24:00+00:00,0.78,601.9,87539
2026-03-15 21:25:00+00:00,0.59,609.0,79188
2026-03-15 21:26:00+00:00,0.61,608.6,78969
2026-03-15 21:27:00+00:00,0.80,604.2,77113
2026-03-15 21:28:00+00:00,0.26,586.6,80498
2026-03-15 21:29:00+00:00,0.19,595.4,125948
2026-03-15 21:30:00+00:00,0.18,597.4,116551
2026-03-15 21:31:00+00:00,0.88,590.4,149625
2026-03-15 21:32:00+00:00,0.85,605.9,101029
2026-03-15 21:33:00+00:00,0.65,603.8,80610
2026-03-15 21:34:00+00:00,0.54,606.1,95099
2026-03-15 21:35:00+00:00,0.51,614.0,109395
2026-03-15 21:36:00+00:00,0.55,609.9,100639
2026-03-15 21:37:00+00:00,0.59,623.0,117173
2026-03-15 21:38:00+00:00,0.58,646.3,147185
2026-03-15 21:39:00+00:00,0.58,637.1,135836
2026-03-15 21:40:00+00:00,0.65,632.9,140880
2026-03-15 21:41:00+00:00,0.63,633.0,134391
2026-03-15 21:42:00+00:00,0.59,623.0,117640
2026-03-15 21:43:00+00:00,0.54,623.0,100601
2026-03-15 21:44:00+00:00,0.58,634.7,105282
2026-03-15 21:45:00+00:00,0.69,660.5,210141
2026-03-15 21:46:00+00:00,0.52,632.5,102607
2026-03-15 21:47:00+00:00,0.46,626.8,87703
2026-03-15 21:48:00+00:00,0.58,632.3,115595
2026-03-15 21:49:00+00:00,0.62,634.2,124239
2026-03-15 21:50:00+00:00,0.58,620.8,107245
2026-03-15 21:51:00+00:00,0.62,617.2,116123
2026-03-15 21:52:00+00:00,0.56,616.1,124043
2026-03-15 21:53:00+00:00,0.55,620.4,118292
2026-03-15 21:54:00+00:00,0.51,631.8,120556
2026-03-15 21:55:00+00:00,0.24,640.1,143869
2026-03-15 21:56:00+00:00,0.25,626.5,157766
2026-03-15 21:57:00+00:00,0.45,622.8,172579
2026-03-15 21:58:00+00:00,1.03,614.5,158150
2026-03-15 21:59:00+00:00,0.58,,
2026-03-15 22:00:00+00:00,0.58,603.9,104085
2026-03-15 22:01:00+00:00,0.40,601.8,109986
2026-03-15 22:02:00+00:00,0.33,595.2,67164
2026-03-15 22:03:00+00:00,0.15,588.7,68302
2026-03-15 22:04:00+00:00,0.41,613.3,91101
2026-03-15 22:05:00+00:00,0.63,644.4,110028
2026-03-15 22:06:00+00:00,0.32,619.1,100199
2026-03-15 22:07:00+00:00,0.12,624.2,164146
2026-03-15 22:08:00+00:00,0.08,617.6,213912
2026-03-15 22:09:00+00:00,0.04,603.1,179801
2026-03-15 22:10:00+00:00,0.03,612.4,159654
2026-03-15 22:11:00+00:00,0.02,599.7,201137
2026-03-15 22:12:00+00:00,0.03,604.2,234791
2026-03-15 22:13:00+00:00,0.05,636.7,252532
2026-03-15 22:14:00+00:00,0.04,620.5,253290
2026-03-15 22:15:00+00:00,0.06,602.0,160559
2026-03-15 22:16:00+00:00,0.07,614.6,191344
2026-03-15 22:17:00+00:00,0.07,618.0,217106
2026-03-15 22:18:00+00:00,0.09,617.9,181360
2026-03-15 22:19:00+00:00,0.15,598.3,110934
2026-03-15 22:20:00+00:00,0.09,607.4,189428
2026-03-15 22:21:00+00:00,0.07,606.5,198501
2026-03-15 22:22:00+00:00,0.07,604.4,190420
2026-03-15 22:23:00+00:00,0.16,604.6,127234
2026-03-15 22:24:00+00:00,0.15,595.6,107333
2026-03-15 22:25:00+00:00,0.16,597.5,113450
2026-03-15 22:26:00+00:00,0.16,605.7,136032
2026-03-15 22:27:00+00:00,0.35,595.9,132162
2026-03-15 22:28:00+00:00,0.76,600.8,157969
2026-03-15 22:29:00+00:00,0.40,611.4,121681
2026-03-15 22:30:00+00:00,0.38,610.3,121039
2026-03-15 22:31:00+00:00,0.47,600.6,83333
2026-03-15 22:32:00+00:00,0.76,643.3,159423
2026-03-15 22:33:00+00:00,0.59,632.2,165237
2026-03-15 22:34:00+00:00,0.45,602.6,83904
2026-03-15 22:35:00+00:00,0.43,593.9,83124
2026-03-15 22:36:00+00:00,0.55,606.8,119876
2026-03-15 22:37:00+00:00,0.64,624.0,153816
2026-03-15 22:38:00+00:00,0.52,610.3,114794
2026-03-15 22:39:00+00:00,0.60,616.5,119990
2026-03-15 22:40:00+00:00,0.57,623.5,134720
2026-03-15 22:41:00+00:00,0.42,613.2,122074
2026-03-15 22:42:00+00:00,0.48,619.2,121908
2026-03-15 22:43:00+00:00,0.66,635.1,140283
2026-03-15 22:44:00+00:00,0.81,625.3,165460
2026-03-15 22:45:00+00:00,0.67,612.9,124182
2026-03-15 22:46:00+00:00,0.51,581.6,77107
2026-03-15 22:47:00+00:00,0.80,624.2,128950
2026-03-15 22:48:00+00:00,0.66,606.8,108189
2026-03-15 22:49:00+00:00,0.61,603.5,88876
2026-03-15 22:50:00+00:00,0.82,596.9,83146
2026-03-15 22:51:00+00:00,0.62,607.2,102270
2026-03-15 22:52:00+00:00,0.77,611.6,117705
2026-03-15 22:53:00+00:00,0.75,601.6,92530
2026-03-15 22:54:00+00:00,0.97,620.7,87855
2026-03-15 22:55:00+00:00,1.12,634.5,92262
2026-03-15 22:56:00+00:00,0.41,620.1,124548
2026-03-15 22:57:00+00:00,0.56,618.6,125323
2026-03-15 22:58:00+00:00,0.56,621.3,131971
2026-03-15 22:59:00+00:00,0.60,626.3,154288
2026-03-15 23:00:00+00:00,0.62,620.4,156156
2026-03-15 23:01:00+00:00,0.48,604.5,102042
2026-03-15 23:02:00+00:00,0.60,626.6,202666
2026-03-15 23:03:00+00:00,0.70,601.4,82969
2026-03-15 23:04:00+00:00,0.92,612.7,105431
2026-03-15 23:05:00+00:00,0.66,589.9,56749
2026-03-15 23:06:00+00:00,0.91,613.7,109383
2026-03-15 23:07:00+00:00,0.99,616.3,122560
2026-03-15 23:08:00+00:00,1.08,617.0,112846
2026-03-15 23:09:00+00:00,1.01,615.7,106671
2026-03-15 23:10:00+00:00,1.06,614.0,107807
2026-03-15 23:11:00+00:00,1.09,617.3,113348
2026-03-15 23:12:00+00:00,1.06,619.5,119071
2026-03-15 23:13:00+00:00,1.03,618.6,116606
2026-03-15 23:14:00+00:00,0.95,619.7,113755
2026-03-15 23:15:00+00:00,0.88,621.8,117386
2026-03-15 23:16:00+00:00,0.84,616.3,104746
2026-03-15 23:17:00+00:00,0.35,599.4,83851
2026-03-15 23:18:00+00:00,0.60,598.0,86480
2026-03-15 23:19:00+00:00,0.83,606.9,111265
2026-03-15 23:20:00+00:00,1.00,612.7,118387
2026-03-15 23:21:00+00:00,1.07,612.8,108015
2026-03-15 23:22:00+00:00,1.04,617.7,117778
2026-03-15 23:23:00+00:00,1.09,616.9,102979
2026-03-15 23:24:00+00:00,0.83,606.8,94417
2026-03-15 23:25:00+00:00,0.74,607.6,106811
2026-03-15 23:26:00+00:00,0.76,611.1,110630
2026-03-15 23:27:00+00:00,0.76,612.6,109624
2026-03-15 23:28:00+00:00,0.74,613.0,109826
2026-03-15 23:29:00+00:00,0.78,607.9,113379
2026-03-15 23:30:00+00:00,0.69,603.1,99747
2026-03-15 23:31:00+00:00,0.54,598.1,71103
2026-03-15 23:32:00+00:00,0.60,600.8,80179
2026-03-15 23:33:00+00:00,0.79,610.1,109607
2026-03-15 23:34:00+00:00,0.77,612.0,107964
2026-03-15 23:35:00+00:00,0.58,616.9,111389
2026-03-15 23:36:00+00:00,0.71,610.0,126305
2026-03-15 23:37:00+00:00,0.79,616.6,117000
2026-03-15 23:38:00+00:00,0.18,621.2,116597
2026-03-15 23:39:00+00:00,0.12,627.0,127826
2026-03-15 23:40:00+00:00,0.34,616.5,90889
2026-03-15 23:41:00+00:00,0.40,605.9,95294
2026-03-15 23:42:00+00:00,0.74,605.9,100345
2026-03-15 23:43:00+00:00,0.87,606.5,102494
2026-03-15 23:44:00+00:00,0.77,602.8,96417
2026-03-15 23:45:00+00:00,0.74,602.4,94083
2026-03-15 23:46:00+00:00,0.66,603.5,94341
2026-03-15 23:47:00+00:00,0.44,599.8,82510
2026-03-15 23:48:00+00:00,0.26,598.5,86088
2026-03-15 23:49:00+00:00,0.24,593.0,83028
2026-03-15 23:50:00+00:00,0.17,592.1,81444
2026-03-15 23:51:00+00:00,0.39,597.1,101396
2026-03-15 23:52:00+00:00,0.68,608.4,122021
2026-03-15 23:53:00+00:00,0.74,613.1,119180
2026-03-15 23:54:00+00:00,0.61,608.6,121074
2026-03-15 23:55:00+00:00,0.46,610.0,123914
2026-03-15 23:56:00+00:00,0.71,611.2,111947
2026-03-15 23:57:00+00:00,0.70,610.3,112246
2026-03-15 23:58:00+00:00,0.60,610.1,115788
2026-03-15 23:59:00+00:00,0.71,611.2,103785
2026-03-16 00:00:00+00:00,0.80,607.5,93523
2026-03-16 00:01:00+00:00,0.77,602.9,93260
2026-03-16 00:02:00+00:00,0.82,606.3,106181
2026-03-16 00:03:00+00:00,0.74,604.7,95983
2026-03-16 00:04:00+00:00,0.61,602.4,81478
2026-03-16 00:05:00+00:00,0.78,608.8,112405
2026-03-16 00:06:00+00:00,0.94,614.1,115204
2026-03-16 00:07:00+00:00,0.77,607.7,122413
2026-03-16 00:08:00+00:00,0.73,608.5,116823
2026-03-16 00:09:00+00:00,0.62,605.3,108099
2026-03-16 00:10:00+00:00,0.50,596.0,81940
2026-03-16 00:11:00+00:00,0.20,575.3,79205
2026-03-16 00:12:00+00:00,0.19,578.6,81648
2026-03-16 00:13:00+00:00,0.18,581.7,82319
2026-03-16 00:14:00+00:00,0.10,583.0,146827
2026-03-16 00:15:00+00:00,0.11,584.8,163514
2026-03-16 00:16:00+00:00,0.14,592.9,126196
2026-03-16 00:17:00+00:00,0.09,594.5,189846
2026-03-16 00:18:00+00:00,0.05,585.6,227245
2026-03-16 00:19:00+00:00,0.27,588.7,96466
2026-03-16 00:20:00+00:00,0.80,606.7,95157
2026-03-16 00:21:00+00:00,1.04,616.2,115815
2026-03-16 00:22:00+00:00,1.02,617.3,123724
2026-03-16 00:23:00+00:00,0.99,613.7,117644
2026-03-16 00:24:00+00:00,0.85,612.5,115376
2026-03-16 00:25:00+00:00,0.86,610.6,99423
2026-03-16 00:26:00+00:00,0.92,613.7,114636
2026-03-16 00:27:00+00:00,0.51,604.5,95295
2026-03-16 00:28:00+00:00,0.66,600.3,90776
2026-03-16 00:29:00+00:00,0.82,605.1,108881
2026-03-16 00:30:00+00:00,0.75,603.5,109309
2026-03-16 00:31:00+00:00,0.52,602.1,104668
2026-03-16 00:32:00+00:00,0.39,597.9,96719
2026-03-16 00:33:00+00:00,0.32,589.5,92446
2026-03-16 00:34:00+00:00,0.23,583.4,92365
2026-03-16 00:35:00+00:00,0.60,604.7,111234
2026-03-16 00:36:00+00:00,0.48,599.0,146441
2026-03-16 00:37:00+00:00,0.12,583.4,231137
2026-03-16 00:38:00+00:00,0.31,600.0,86861
2026-03-16 00:39:00+00:00,0.12,599.8,182229
2026-03-16 00:40:00+00:00,0.07,583.4,170870
2026-03-16 00:41:00+00:00,0.21,611.5,104060
2026-03-16 00:42:00+00:00,0.16,617.3,99362
2026-03-16 00:43:00+00:00,0.41,610.4,119100
2026-03-16 00:44:00+00:00,0.68,610.5,114091
2026-03-16 00:45:00+00:00,0.76,605.0,102624
2026-03-16 00:46:00+00:00,0.61,603.3,112984
2026-03-16 00:47:00+00:00,0.49,600.3,110795
2026-03-16 00:48:00+00:00,0.34,598.4,107726
2026-03-16 00:49:00+00:00,0.29,599.1,106333
2026-03-16 00:50:00+00:00,0.33,601.9,99092
2026-03-16 00:51:00+00:00,0.17,607.3,116580
2026-03-16 00:52:00+00:00,0.09,602.2,150485
2026-03-16 00:53:00+00:00,0.13,583.1,130749
2026-03-16 00:54:00+00:00,0.38,599.8,86252
2026-03-16 00:55:00+00:00,0.41,587.5,101180
2026-03-16 00:56:00+00:00,0.37,592.2,119175
2026-03-16 00:57:00+00:00,0.41,597.9,105350
2026-03-16 00:58:00+00:00,0.52,596.4,98476
2026-03-16 00:59:00+00:00,0.61,610.3,110727
2026-03-16 01:00:00+00:00,0.46,608.3,107660
2026-03-16 01:01:00+00:00,0.55,613.8,120546
2026-03-16 01:03:00+00:00,0.41,605.0,104857
2026-03-16 01:04:00+00:00,0.51,606.6,101928
2026-03-16 01:05:00+00:00,0.40,603.7,84510
2026-03-16 01:06:00+00:00,0.12,590.2,68305
2026-03-16 01:07:00+00:00,0.13,577.2,73043
2026-03-16 01:08:00+00:00,0.06,590.4,133801
2026-03-16 01:09:00+00:00,0.06,590.7,147275
2026-03-16 01:10:00+00:00,0.05,592.0,201116
2026-03-16 01:11:00+00:00,0.15,588.8,79957
2026-03-16 01:12:00+00:00,0.20,598.1,97786
2026-03-16 01:13:00+00:00,0.17,599.5,141008
2026-03-16 01:14:00+00:00,0.09,608.0,116761
2026-03-16 01:15:00+00:00,0.16,592.9,85618
2026-03-16 01:16:00+00:00,0.19,588.0,81278
2026-03-16 01:17:00+00:00,0.14,597.4,118031
2026-03-16 01:18:00+00:00,0.18,600.5,116200
2026-03-16 01:19:00+00:00,0.20,601.7,105654
2026-03-16 01:20:00+00:00,0.18,602.3,100151
2026-03-16 01:21:00+00:00,0.20,604.7,103711
2026-03-16 01:22:00+00:00,0.19,607.6,115072
2026-03-16 01:23:00+00:00,0.15,600.8,113087
2026-03-16 01:24:00+00:00,0.11,591.9,132174
2026-03-16 01:25:00+00:00,0.07,618.4,165622
2026-03-16 01:26:00+00:00,0.07,616.4,166097
2026-03-16 01:27:00+00:00,0.10,598.3,167343
2026-03-16 01:28:00+00:00,0.69,595.6,79431
2026-03-16 01:29:00+00:00,0.61,592.7,84951
2026-03-16 01:30:00+00:00,0.57,592.9,90024
2026-03-16 01:31:00+00:00,0.47,590.8,76498
2026-03-16 01:32:00+00:00,0.26,587.9,78520
2026-03-16 01:33:00+00:00,0.17,589.1,86093
2026-03-16 01:34:00+00:00,0.38,593.5,90429
2026-03-16 01:35:00+00:00,0.45,590.9,84968
2026-03-16 01:36:00+00:00,0.45,588.2,83557
2026-03-16 01:37:00+00:00,0.52,590.4,88145
2026-03-16 01:38:00+00:00,0.60,594.1,88384
2026-03-16 01:39:00+00:00,0.74,600.5,94257
2026-03-16 01:40:00+00:00,0.88,607.4,112588
2026-03-16 01:41:00+00:00,0.43,585.5,82182
2026-03-16 01:42:00+00:00,0.42,586.8,85315
2026-03-16 01:43:00+00:00,0.35,598.7,111965
2026-03-16 01:44:00+00:00,0.48,591.1,66998
2026-03-16 01:45:00+00:00,0.10,582.4,196922
2026-03-16 01:46:00+00:00,0.07,584.6,233101
2026-03-16 01:47:00+00:00,0.06,583.4,223194
2026-03-16 01:48:00+00:00,0.07,578.3,215388
2026-03-16 01:49:00+00:00,0.08,579.9,224955
2026-03-16 01:50:00+00:00,0.07,584.8,269400
2026-03-16 01:51:00+00:00,0.09,580.4,227936
2026-03-16 01:52:00+00:00,0.09,580.7,186257
2026-03-16 01:53:00+00:00,0.12,581.2,148652
2026-03-16 01:54:00+00:00,0.15,573.6,123039
2026-03-16 01:55:00+00:00,0.09,573.1,185710
2026-03-16 01:56:00+00:00,0.09,578.7,201095
2026-03-16 01:57:00+00:00,0.09,584.1,198665
2026-03-16 01:58:00+00:00,0.14,582.9,112970
2026-03-16 01:59:00+00:00,0.05,,
2026-03-16 02:00:00+00:00,0.05,578.3,227727
2026-03-16 02:01:00+00:00,0.08,581.7,182611
2026-03-16 02:02:00+00:00,0.09,578.0,187860
2026-03-16 02:03:00+00:00,0.26,581.5,99202
2026-03-16 02:04:00+00:00,0.14,586.2,107965
2026-03-16 02:05:00+00:00,0.07,582.2,164169
2026-03-16 02:06:00+00:00,0.08,582.0,177840
2026-03-16 02:07:00+00:00,0.09,584.4,140343
2026-03-16 02:08:00+00:00,0.28,584.2,92810
2026-03-16 02:09:00+00:00,0.49,583.6,69412
2026-03-16 02:10:00+00:00,0.55,585.9,77559
2026-03-16 02:11:00+00:00,0.57,587.4,86036
2026-03-16 02:12:00+00:00,0.52,587.3,73927
2026-03-16 02:13:00+00:00,0.66,597.0,102409
2026-03-16 02:14:00+00:00,0.58,590.2,86180
2026-03-16 02:15:00+00:00,0.58,590.2,85723
2026-03-16 02:16:00+00:00,0.50,588.0,72478
2026-03-16 02:17:00+00:00,0.91,598.2,93655
2026-03-16 02:18:00+00:00,0.98,602.7,113846
2026-03-16 02:19:00+00:00,0.24,582.1,133316
2026-03-16 02:20:00+00:00,0.08,574.1,123623
2026-03-16 02:21:00+00:00,0.07,576.1,153727
2026-03-16 02:22:00+00:00,0.39,586.3,80198
2026-03-16 02:23:00+00:00,0.24,579.2,94675
2026-03-16 02:24:00+00:00,0.10,576.0,146678
2026-03-16 02:25:00+00:00,0.07,576.5,182253
2026-03-16 02:26:00+00:00,0.05,578.0,196625
2026-03-16 02:27:00+00:00,0.05,584.9,225026
2026-03-16 02:28:00+00:00,0.04,584.4,211340
2026-03-16 02:29:00+00:00,0.04,579.0,227841
2026-03-16 02:30:00+00:00,0.06,576.7,212446
2026-03-16 02:31:00+00:00,0.05,585.0,246019
2026-03-16 02:32:00+00:00,0.07,574.3,169166
2026-03-16 02:33:00+00:00,0.09,574.7,161467
2026-03-16 02:34:00+00:00,0.07,578.0,155049
2026-03-16 02:35:00+00:00,0.06,566.9,141736
2026-03-16 02:36:00+00:00,0.07,575.1,190113
2026-03-16 02:37:00+00:00,0.08,575.5,177546
2026-03-16 02:38:00+00:00,0.10,573.3,149878
2026-03-16 02:39:00+00:00,0.14,573.1,136317
2026-03-16 02:40:00+00:00,0.12,573.2,165562
2026-03-16 02:41:00+00:00,0.08,573.1,171317
2026-03-16 02:42:00+00:00,0.23,575.8,112174
2026-03-16 02:43:00+00:00,0.54,581.8,71308
2026-03-16 02:44:00+00:00,0.62,583.5,74337
2026-03-16 02:45:00+00:00,0.44,583.4,87297
2026-03-16 02:46:00+00:00,0.76,600.6,119776
2026-03-16 02:47:00+00:00,0.09,,
2026-03-16 02:48:00+00:00,0.09,581.7,141088
2026-03-16 02:49:00+00:00,0.05,595.5,198023
2026-03-16 02:50:00+00:00,0.05,587.0,184015
2026-03-16 02:51:00+00:00,0.04,577.0,221745
2026-03-16 02:52:00+00:00,0.05,577.1,186536
2026-03-16 02:53:00+00:00,0.04,579.9,185027
2026-03-16 02:54:00+00:00,0.05,579.2,183717
2026-03-16 02:55:00+00:00,0.06,574.4,166408
2026-03-16 02:56:00+00:00,0.12,577.9,110242
2026-03-16 02:57:00+00:00,0.10,575.3,116079
2026-03-16 02:58:00+00:00,0.08,571.6,120977
2026-03-16 02:59:00+00:00,0.09,573.2,135517
2026-03-16 03:00:00+00:00,0.16,579.9,159301
2026-03-16 03:01:00+00:00,0.40,583.8,91365
2026-03-16 03:02:00+00:00,0.21,573.3,98159
2026-03-16 03:03:00+00:00,0.45,580.2,86929
2026-03-16 03:04:00+00:00,0.47,587.7,93057
2026-03-16 03:05:00+00:00,0.11,586.6,197264
2026-03-16 03:06:00+00:00,0.44,580.6,90684
2026-03-16 03:07:00+00:00,0.53,592.7,89564
2026-03-16 03:08:00+00:00,0.48,594.9,88586
2026-03-16 03:09:00+00:00,0.59,594.8,90404
2026-03-16 03:10:00+00:00,0.57,593.7,87455
2026-03-16 03:11:00+00:00,0.47,589.7,89518
2026-03-16 03:12:00+00:00,0.47,589.2,84520
2026-03-16 03:13:00+00:00,0.49,592.5,83409
2026-03-16 03:14:00+00:00,0.49,594.0,89515
2026-03-16 03:15:00+00:00,0.52,592.3,83450
2026-03-16 03:16:00+00:00,0.52,589.5,87926
2026-03-16 03:17:00+00:00,0.51,593.4,102954
2026-03-16 03:18:00+00:00,0.62,594.9,100265
2026-03-16 03:19:00+00:00,0.73,595.4,103366
2026-03-16 03:21:00+00:00,0.53,603.8,100284
2026-03-16 03:22:00+00:00,0.52,600.7,95033
2026-03-16 03:23:00+00:00,0.41,597.1,103224
2026-03-16 03:24:00+00:00,0.56,602.5,105348
2026-03-16 03:25:00+00:00,0.57,598.7,98381
2026-03-16 03:26:00+00:00,0.63,598.5,102941
2026-03-16 03:27:00+00:00,0.59,598.3,108275
2026-03-16 03:28:00+00:00,0.51,596.7,106337
2026-03-16 03:29:00+00:00,0.49,595.3,101851
2026-03-16 03:30:00+00:00,0.73,599.1,105972
2026-03-16 03:31:00+00:00,0.65,595.6,102426
2026-03-16 03:32:00+00:00,0.47,589.1,95021
2026-03-16 03:33:00+00:00,0.51,596.0,100140
2026-03-16 03:34:00+00:00,0.62,601.8,110543
2026-03-16 03:35:00+00:00,0.59,597.9,101813
2026-03-16 03:36:00+00:00,0.62,595.2,95376
2026-03-16 03:37:00+00:00,0.50,593.3,95383
2026-03-16 03:38:00+00:00,0.44,594.4,91016
2026-03-16 03:39:00+00:00,0.51,592.1,92867
2026-03-16 03:40:00+00:00,0.44,582.9,81194
2026-03-16 03:41:00+00:00,0.42,589.9,102948
2026-03-16 03:42:00+00:00,0.52,589.9,93018
2026-03-16 03:43:00+00:00,0.60,588.9,85773
2026-03-16 03:44:00+00:00,0.60,588.9,93317
2026-03-16 03:45:00+00:00,0.59,590.3,98687
2026-03-16 03:46:00+00:00,0.59,593.9,98022
2026-03-16 03:47:00+00:00,0.56,595.3,93722
2026-03-16 03:48:00+00:00,0.58,596.4,95535
2026-03-16 03:49:00+00:00,0.57,596.4,98167
2026-03-16 03:50:00+00:00,0.53,597.9,92385
2026-03-16 03:51:00+00:00,0.55,595.9,99575
2026-03-16 03:52:00+00:00,0.64,596.2,103518
2026-03-16 03:53:00+00:00,0.64,,
2026-03-16 03:54:00+00:00,0.57,588.7,88305
2026-03-16 03:55:00+00:00,0.55,588.8,85505
2026-03-16 03:56:00+00:00,0.60,592.7,94232
2026-03-16 03:57:00+00:00,0.54,592.9,98256
2026-03-16 03:58:00+00:00,0.54,588.5,89436
2026-03-16 04:00:00+00:00,0.30,593.8,121256
2026-03-16 04:01:00+00:00,0.36,594.0,106181
2026-03-16 04:02:00+00:00,0.46,596.0,95844
2026-03-16 04:03:00+00:00,0.43,595.1,106593
2026-03-16 04:04:00+00:00,0.38,586.0,96838
2026-03-16 04:05:00+00:00,0.51,587.7,104792
2026-03-16 04:06:00+00:00,0.61,600.0,95921
2026-03-16 04:07:00+00:00,0.95,595.0,94559
2026-03-16 04:08:00+00:00,0.38,582.8,101149
2026-03-16 04:09:00+00:00,0.35,577.5,97777
2026-03-16 04:10:00+00:00,0.76,584.4,118109
2026-03-16 04:11:00+00:00,0.97,592.0,106279
2026-03-16 04:12:00+00:00,0.65,598.6,101412
2026-03-16 04:13:00+00:00,0.65,598.5,98193
2026-03-16 04:14:00+00:00,0.62,599.1,105681
2026-03-16 04:15:00+00:00,0.68,596.0,101850
2026-03-16 04:16:00+00:00,0.65,592.4,101015
2026-03-16 04:17:00+00:00,0.50,594.4,102028
2026-03-16 04:18:00+00:00,0.33,594.2,116986
2026-03-16 04:19:00+00:00,0.31,586.3,131406
2026-03-16 04:20:00+00:00,0.59,581.3,77083
2026-03-16 04:21:00+00:00,0.39,579.0,76247
2026-03-16 04:22:00+00:00,0.50,583.0,99840
2026-03-16 04:23:00+00:00,0.48,,
2026-03-16 04:24:00+00:00,0.48,598.3,118080
2026-03-16 04:25:00+00:00,0.49,599.6,102331
2026-03-16 04:26:00+00:00,0.49,599.7,101788
2026-03-16 04:27:00+00:00,0.52,597.8,80125
2026-03-16 04:28:00+00:00,0.50,597.8,112697
2026-03-16 04:29:00+00:00,0.56,595.8,113827
2026-03-16 04:30:00+00:00,0.59,595.9,98720
2026-03-16 04:31:00+00:00,0.51,591.2,86598
2026-03-16 04:32:00+00:00,0.54,591.8,85819
2026-03-16 04:33:00+00:00,0.61,598.9,96667
2026-03-16 04:34:00+00:00,0.52,603.4,106828
2026-03-16 04:35:00+00:00,0.41,608.9,103322
2026-03-16 04:36:00+00:00,0.50,615.4,91563
2026-03-16 04:37:00+00:00,0.54,607.9,85942
2026-03-16 04:38:00+00:00,0.45,583.9,83312
2026-03-16 04:39:00+00:00,0.52,590.0,89215
2026-03-16 04:40:00+00:00,0.08,579.1,128147
2026-03-16 04:41:00+00:00,0.06,574.2,177907
2026-03-16 04:42:00+00:00,0.13,561.7,84514
2026-03-16 04:43:00+00:00,0.48,586.0,78971
2026-03-16 04:44:00+00:00,0.45,581.3,75057
2026-03-16 04:45:00+00:00,0.49,585.3,78377
2026-03-16 04:46:00+00:00,0.67,591.3,106329
2026-03-16 04:47:00+00:00,0.69,591.6,101614
2026-03-16 04:48:00+00:00,0.54,583.2,81822
2026-03-16 04:49:00+00:00,0.43,575.6,73419
2026-03-16 04:50:00+00:00,0.33,573.3,66818
2026-03-16 04:51:00+00:00,0.31,577.7,73008
2026-03-16 04:52:00+00:00,0.60,591.7,91312
2026-03-16 04:53:00+00:00,0.54,576.4,83534
2026-03-16 04:54:00+00:00,0.16,563.6,97207
2026-03-16 04:55:00+00:00,0.37,573.9,72822
2026-03-16 04:56:00+00:00,0.41,573.7,65383
2026-03-16 04:57:00+00:00,0.63,576.2,69402
2026-03-16 04:58:00+00:00,0.66,580.1,80710
2026-03-16 04:59:00+00:00,0.66,580.1,80710
2026-03-16 05:00:00+00:00,0.20,569.3,52690
2026-03-16 05:01:00+00:00,0.13,561.1,82260
2026-03-16 05:02:00+00:00,0.12,561.6,86866
2026-03-16 05:03:00+00:00,0.10,565.9,112681
2026-03-16 05:04:00+00:00,0.06,569.1,145754
2026-03-16 05:05:00+00:00,0.09,565.3,131525
2026-03-16 05:06:00+00:00,0.16,559.3,84859
2026-03-16 05:07:00+00:00,0.23,563.7,58931
2026-03-16 05:08:00+00:00,0.39,570.7,61084
2026-03-16 05:09:00+00:00,0.53,577.8,66841
2026-03-16 05:10:00+00:00,0.69,581.0,77465
2026-03-16 05:11:00+00:00,0.55,574.5,64228
2026-03-16 05:12:00+00:00,0.11,573.8,89556
2026-03-16 05:13:00+00:00,0.06,570.7,165160
2026-03-16 05:14:00+00:00,0.19,558.7,85832
2026-03-16 05:15:00+00:00,0.17,559.3,71095
2026-03-16 05:16:00+00:00,0.36,567.1,65155
2026-03-16 05:17:00+00:00,0.22,562.8,66143
2026-03-16 05:18:00+00:00,0.15,560.7,65283
2026-03-16 05:19:00+00:00,0.14,562.2,66697
2026-03-16 05:20:00+00:00,0.11,560.2,78185
2026-03-16 05:21:00+00:00,0.10,556.5,80378
2026-03-16 05:22:00+00:00,0.10,556.1,83768
2026-03-16 05:23:00+00:00,0.18,560.9,93854
2026-03-16 05:24:00+00:00,0.32,567.4,68157
2026-03-16 05:25:00+00:00,0.10,560.3,77612
2026-03-16 05:26:00+00:00,0.10,554.7,71711
2026-03-16 05:27:00+00:00,0.06,557.4,74461
2026-03-16 05:28:00+00:00,0.13,557.9,64870
2026-03-16 05:29:00+00:00,0.07,552.1,88971
2026-03-16 05:30:00+00:00,0.06,554.8,93701
2026-03-16 05:31:00+00:00,0.06,551.5,77431
2026-03-16 05:33:00+00:00,0.16,555.1,53218
2026-03-16 05:34:00+00:00,0.11,551.9,68679
2026-03-16 05:35:00+00:00,0.09,554.6,68000
2026-03-16 05:36:00+00:00,0.11,556.5,62468
2026-03-16 05:37:00+00:00,0.12,556.8,74025
2026-03-16 05:38:00+00:00,0.10,554.0,84477
2026-03-16 05:39:00+00:00,0.07,546.2,83634
2026-03-16 05:40:00+00:00,0.08,551.4,93111
2026-03-16 05:41:00+00:00,0.07,555.5,99803
2026-03-16 05:42:00+00:00,0.06,547.3,94294
2026-03-16 05:43:00+00:00,0.14,557.9,86120
2026-03-16 05:44:00+00:00,0.16,556.3,74964
2026-03-16 05:45:00+00:00,0.08,553.1,75901
2026-03-16 05:46:00+00:00,0.06,550.4,72462
2026-03-16 05:47:00+00:00,0.06,545.2,66269
2026-03-16 05:48:00+00:00,0.05,550.1,129092
2026-03-16 05:49:00+00:00,0.05,551.0,117351
2026-03-16 05:50:00+00:00,0.05,551.7,108397
2026-03-16 05:51:00+00:00,0.05,547.0,86201
2026-03-16 05:52:00+00:00,0.04,546.3,90637
2026-03-16 05:53:00+00:00,0.05,550.5,196759
2026-03-16 05:54:00+00:00,0.04,549.4,69795
2026-03-16 05:55:00+00:00,0.04,547.6,68276
2026-03-16 05:56:00+00:00,0.04,544.2,64250
2026-03-16 05:57:00+00:00,0.04,545.6,62963
2026-03-16 05:58:00+00:00,0.04,542.3,74494
2026-03-16 05:59:00+00:00,0.03,561.9,165237
2026-03-16 06:00:00+00:00,0.04,546.4,173409
2026-03-16 06:01:00+00:00,0.05,548.3,118140
2026-03-16 06:02:00+00:00,0.05,561.9,133400
2026-03-16 06:03:00+00:00,1.61,574.9,74377
2026-03-16 06:04:00+00:00,1.25,581.2,75344
2026-03-16 06:05:00+00:00,1.04,582.4,79348
2026-03-16 06:06:00+00:00,1.89,637.2,341904
2026-03-16 06:07:00+00:00,1.23,607.4,224466
2026-03-16 06:08:00+00:00,0.52,572.4,85940
2026-03-16 06:09:00+00:00,0.35,561.4,52992
2026-03-16 06:10:00+00:00,0.48,567.0,77302
2026-03-16 06:11:00+00:00,0.46,569.0,105896
2026-03-16 06:12:00+00:00,0.06,557.4,160369
2026-03-16 06:13:00+00:00,0.07,559.3,175036
2026-03-16 06:14:00+00:00,0.09,560.3,200544
2026-03-16 06:15:00+00:00,0.07,561.5,151822
2026-03-16 06:16:00+00:00,0.40,568.8,69611
2026-03-16 06:17:00+00:00,0.40,561.7,62015
2026-03-16 06:18:00+00:00,0.73,590.1,107130
2026-03-16 06:19:00+00:00,0.81,581.0,92774
2026-03-16 06:20:00+00:00,0.99,593.6,104178
2026-03-16 06:21:00+00:00,0.97,586.6,83951
2026-03-16 06:22:00+00:00,1.28,604.8,119453
2026-03-16 06:23:00+00:00,0.88,591.5,139068
2026-03-16 06:24:00+00:00,0.26,568.2,122170
2026-03-16 06:25:00+00:00,0.36,563.7,129164
2026-03-16 06:26:00+00:00,0.72,576.4,142596
2026-03-16 06:27:00+00:00,0.70,595.2,110324
2026-03-16 06:28:00+00:00,0.58,572.7,67193
2026-03-16 06:29:00+00:00,0.37,553.9,35462
2026-03-16 06:30:00+00:00,0.48,568.1,57762
2026-03-16 06:33:00+00:00,0.54,598.9,171867
2026-03-16 06:34:00+00:00,0.26,552.0,52382
2026-03-16 06:35:00+00:00,0.37,574.0,63092
2026-03-16 06:36:00+00:00,0.29,569.6,51768
2026-03-16 06:37:00+00:00,0.66,573.8,164767
2026-03-16 06:38:00+00:00,0.83,576.9,215299
2026-03-16 06:39:00+00:00,0.40,571.0,70409
2026-03-16 06:40:00+00:00,0.35,567.4,77044
2026-03-16 06:41:00+00:00,0.21,557.3,84313
2026-03-16 06:42:00+00:00,0.09,550.3,106097
2026-03-16 06:43:00+00:00,0.07,553.4,132852
2026-03-16 06:44:00+00:00,0.05,557.1,133952
2026-03-16 06:45:00+00:00,0.04,564.1,208200
2026-03-16 06:46:00+00:00,0.04,561.9,190738
2026-03-16 06:47:00+00:00,0.05,558.3,111059
2026-03-16 06:48:00+00:00,0.05,553.8,114799
2026-03-16 06:49:00+00:00,0.05,547.3,111439
2026-03-16 06:50:00+00:00,0.04,548.9,123350
2026-03-16 06:51:00+00:00,0.08,556.2,89752
2026-03-16 06:52:00+00:00,0.05,574.0,159307
2026-03-16 06:53:00+00:00,0.03,574.1,184327
2026-03-16 06:54:00+00:00,0.70,567.4,122743
2026-03-16 06:55:00+00:00,0.72,577.3,72475
2026-03-16 06:56:00+00:00,0.27,571.6,59864
2026-03-16 06:57:00+00:00,0.09,556.8,84675
2026-03-16 06:58:00+00:00,0.08,560.1,122101
2026-03-16 06:59:00+00:00,0.07,561.1,119811
2026-03-16 07:00:00+00:00,0.06,556.1,121025
2026-03-16 07:01:00+00:00,0.04,563.0,165167
2026-03-16 07:02:00+00:00,0.04,543.7,110387
2026-03-16 07:03:00+00:00,0.05,555.3,191073
2026-03-16 07:04:00+00:00,0.06,551.3,103876
2026-03-16 07:05:00+00:00,0.73,553.3,136098
2026-03-16 07:06:00+00:00,0.55,583.6,77874
2026-03-16 07:07:00+00:00,0.27,558.4,53183
2026-03-16 07:08:00+00:00,0.12,554.3,85446
2026-03-16 07:09:00+00:00,0.10,557.3,99833
2026-03-16 07:10:00+00:00,0.08,550.1,90630
2026-03-16 07:11:00+00:00,0.06,545.2,84442
2026-03-16 07:12:00+00:00,0.04,563.6,224942
2026-03-16 07:13:00+00:00,0.28,557.8,179644
2026-03-16 07:14:00+00:00,0.59,550.2,120409
2026-03-16 07:15:00+00:00,0.08,548.5,123883
2026-03-16 07:16:00+00:00,0.08,549.8,124218
2026-03-16 07:17:00+00:00,0.08,552.0,116618
2026-03-16 07:18:00+00:00,0.06,541.2,69187
2026-03-16 07:19:00+00:00,0.05,541.9,35395
2026-03-16 07:20:00+00:00,0.08,554.9,80278
2026-03-16 07:21:00+00:00,0.08,559.8,80060
2026-03-16 07:22:00+00:00,0.03,558.8,201962
2026-03-16 07:23:00+00:00,0.04,546.7,202396
2026-03-16 07:24:00+00:00,0.10,547.3,102018
2026-03-16 07:25:00+00:00,0.12,552.5,69458
2026-03-16 07:26:00+00:00,0.14,549.4,60875
2026-03-16 07:27:00+00:00,0.10,542.2,62119
2026-03-16 07:28:00+00:00,0.50,551.4,110111
2026-03-16 07:29:00+00:00,0.78,572.7,142688
2026-03-16 07:30:00+00:00,0.51,573.1,99017
2026-03-16 07:31:00+00:00,0.42,555.9,51230
2026-03-16 07:33:00+00:00,0.51,567.3,88049
2026-03-16 07:34:00+00:00,0.41,548.0,38111
2026-03-16 07:35:00+00:00,0.43,580.8,67075
2026-03-16 07:36:00+00:00,0.30,557.0,52950
2026-03-16 07:37:00+00:00,0.39,578.8,91396
2026-03-16 07:38:00+00:00,0.07,531.3,60108
2026-03-16 07:39:00+00:00,0.07,544.5,92098
2026-03-16 07:40:00+00:00,0.48,565.0,64850
2026-03-16 07:41:00+00:00,0.59,575.7,55051
2026-03-16 07:42:00+00:00,0.46,579.3,98301
2026-03-16 07:43:00+00:00,0.36,564.6,78959
2026-03-16 07:44:00+00:00,0.34,552.9,45146
2026-03-16 07:45:00+00:00,0.32,561.9,89806
2026-03-16 07:46:00+00:00,0.46,570.6,119964
2026-03-16 07:47:00+00:00,0.57,580.0,144343
2026-03-16 07:48:00+00:00,0.35,569.3,97030
2026-03-16 07:49:00+00:00,0.64,574.8,139180
2026-03-16 07:50:00+00:00,0.28,564.5,67501
2026-03-16 07:51:00+00:00,0.48,578.9,89272
2026-03-16 07:52:00+00:00,0.44,558.7,49377
2026-03-16 07:53:00+00:00,0.19,531.4,27888
2026-03-16 07:54:00+00:00,0.44,563.9,146871
2026-03-16 07:55:00+00:00,0.58,572.4,73224
2026-03-16 07:56:00+00:00,0.18,547.5,73475
2026-03-16 07:57:00+00:00,0.33,556.3,159273
2026-03-16 07:58:00+00:00,0.15,558.2,45287
2026-03-16 07:59:00+00:00,0.36,562.9,66234
2026-03-16 08:00:00+00:00,0.39,554.5,57291
2026-03-16 08:01:00+00:00,0.37,550.8,44889
2026-03-16 08:02:00+00:00,0.41,557.4,52744
2026-03-16 08:03:00+00:00,0.36,551.4,42882
2026-03-16 08:04:00+00:00,0.37,553.6,50891
2026-03-16 08:05:00+00:00,0.35,550.7,40959
2026-03-16 08:06:00+00:00,0.34,553.9,50971
2026-03-16 08:07:00+00:00,0.33,562.9,67413
2026-03-16 08:08:00+00:00,0.38,560.4,45138
2026-03-16 08:09:00+00:00,0.40,551.9,44345
2026-03-16 08:10:00+00:00,0.32,559.3,50991
2026-03-16 08:11:00+00:00,0.27,549.8,44401
2026-03-16 08:12:00+00:00,0.32,552.3,62798
2026-03-16 08:13:00+00:00,0.33,551.0,59970
2026-03-16 08:14:00+00:00,0.33,554.9,65466
2026-03-16 08:15:00+00:00,0.34,548.1,60140
2026-03-16 08:16:00+00:00,0.44,550.1,60386
2026-03-16 08:17:00+00:00,0.54,559.5,68822
2026-03-16 08:18:00+00:00,0.54,569.6,73870
2026-03-16 08:19:00+00:00,0.41,564.7,72038
2026-03-16 08:20:00+00:00,0.19,559.9,112577
2026-03-16 08:21:00+00:00,0.66,583.4,237902
2026-03-16 08:22:00+00:00,1.18,592.6,120171
2026-03-16 08:23:00+00:00,0.64,565.1,47918
2026-03-16 08:24:00+00:00,1.11,584.3,78248
2026-03-16 08:25:00+00:00,1.08,579.1,62497
2026-03-16 08:26:00+00:00,1.09,611.1,73198
2026-03-16 08:27:00+00:00,0.52,580.7,47893
2026-03-16 08:28:00+00:00,0.93,588.1,91239
2026-03-16 08:29:00+00:00,0.84,576.9,90719
2026-03-16 08:30:00+00:00,0.71,563.9,67164
2026-03-16 08:31:00+00:00,0.58,554.6,56251
2026-03-16 08:32:00+00:00,0.54,549.3,55106
2026-03-16 08:33:00+00:00,0.68,561.0,69795
2026-03-16 08:34:00+00:00,0.79,576.3,91356
2026-03-16 08:35:00+00:00,0.68,570.9,90350
2026-03-16 08:36:00+00:00,0.62,570.7,99817
2026-03-16 08:37:00+00:00,0.67,577.9,139684
2026-03-16 08:38:00+00:00,0.26,540.9,52383
2026-03-16 08:39:00+00:00,1.08,585.5,129236
2026-03-16 08:40:00+00:00,0.72,591.8,63251
2026-03-16 08:41:00+00:00,0.80,606.5,124265
2026-03-16 08:42:00+00:00,0.92,576.1,53570
2026-03-16 08:43:00+00:00,0.84,595.0,112247
2026-03-16 08:44:00+00:00,1.00,583.8,93982
2026-03-16 08:45:00+00:00,1.11,581.4,105970
2026-03-16 08:46:00+00:00,0.77,562.8,68167
2026-03-16 08:47:00+00:00,0.91,579.9,92602
2026-03-16 08:48:00+00:00,1.17,590.7,109513
2026-03-16 08:49:00+00:00,1.14,578.0,82669
2026-03-16 08:50:00+00:00,1.11,575.7,77135
2026-03-16 08:51:00+00:00,1.09,577.0,79789
2026-03-16 08:52:00+00:00,1.08,579.1,79894
2026-03-16 08:53:00+00:00,1.03,584.7,80183
2026-03-16 08:54:00+00:00,0.91,578.5,81741
2026-03-16 08:55:00+00:00,1.03,575.7,97450
2026-03-16 08:56:00+00:00,0.78,565.8,75218
2026-03-16 08:57:00+00:00,0.69,562.8,69892
2026-03-16 08:58:00+00:00,0.95,563.5,76909
2026-03-16 08:59:00+00:00,0.44,538.5,50824
2026-03-16 09:00:00+00:00,0.63,537.6,55336
2026-03-16 09:01:00+00:00,0.78,570.2,111575
2026-03-16 09:02:00+00:00,0.72,559.6,85381
2026-03-16 09:03:00+00:00,0.80,566.8,119273
2026-03-16 09:04:00+00:00,0.91,572.3,123405
2026-03-16 09:05:00+00:00,0.85,558.8,71906
2026-03-16 09:06:00+00:00,0.71,559.2,76859
2026-03-16 09:07:00+00:00,0.59,561.3,89876
2026-03-16 09:08:00+00:00,0.61,552.8,66473
2026-03-16 09:09:00+00:00,0.71,559.5,87907
2026-03-16 09:10:00+00:00,0.77,548.8,57515
2026-03-16 09:11:00+00:00,0.67,551.8,67166
2026-03-16 09:12:00+00:00,0.72,559.5,70946
2026-03-16 09:13:00+00:00,0.78,561.3,85630
2026-03-16 09:14:00+00:00,0.77,563.9,80712
2026-03-16 09:15:00+00:00,0.73,554.2,68798
2026-03-16 09:16:00+00:00,0.70,574.1,55899
2026-03-16 09:17:00+00:00,0.70,594.5,64063
2026-03-16 09:18:00+00:00,0.76,582.5,60696
2026-03-16 09:19:00+00:00,0.77,560.5,58878
2026-03-16 09:20:00+00:00,0.67,554.1,71799
2026-03-16 09:21:00+00:00,0.53,550.3,71606
2026-03-16 09:22:00+00:00,0.72,556.2,72265
2026-03-16 09:23:00+00:00,1.13,580.6,97912
2026-03-16 09:24:00+00:00,0.95,569.5,100423
2026-03-16 09:25:00+00:00,0.92,565.9,93602
2026-03-16 09:26:00+00:00,0.80,549.7,59969
2026-03-16 09:27:00+00:00,0.76,564.8,63496
2026-03-16 09:28:00+00:00,0.21,528.5,43299
2026-03-16 09:29:00+00:00,0.33,534.7,62544
2026-03-16 09:30:00+00:00,0.71,552.6,197671
2026-03-16 09:31:00+00:00,0.40,536.7,95208
2026-03-16 09:32:00+00:00,0.75,559.8,190755
2026-03-16 09:33:00+00:00,0.43,536.2,102764
2026-03-16 09:34:00+00:00,0.12,528.0,111583
2026-03-16 09:35:00+00:00,0.05,531.4,151823
2026-03-16 09:36:00+00:00,0.16,534.9,108108
2026-03-16 09:37:00+00:00,0.17,528.8,80935
2026-03-16 09:38:00+00:00,0.08,520.5,94183
2026-03-16 09:39:00+00:00,0.17,530.8,68710
2026-03-16 09:40:00+00:00,0.32,536.6,59802
2026-03-16 09:41:00+00:00,0.24,532.7,64970
2026-03-16 09:42:00+00:00,0.05,533.3,103788
2026-03-16 09:43:00+00:00,0.06,529.4,123450
2026-03-16 09:44:00+00:00,0.37,544.2,65260
2026-03-16 09:45:00+00:00,0.35,538.5,71102
2026-03-16 09:46:00+00:00,0.07,526.4,128247
2026-03-16 09:47:00+00:00,0.04,530.8,157030
2026-03-16 09:48:00+00:00,0.06,518.5,93555
2026-03-16 09:49:00+00:00,0.06,514.9,68653
2026-03-16 09:50:00+00:00,0.06,516.9,71810
2026-03-16 09:51:00+00:00,0.05,516.7,97253
2026-03-16 09:52:00+00:00,0.04,517.7,123720
2026-03-16 09:53:00+00:00,0.04,520.5,141366
2026-03-16 09:54:00+00:00,0.04,515.5,123389
2026-03-16 09:55:00+00:00,0.04,509.2,96953
2026-03-16 09:56:00+00:00,0.05,519.2,152195
2026-03-16 09:57:00+00:00,0.04,527.6,151141
2026-03-16 09:58:00+00:00,0.03,526.1,143486
2026-03-16 09:59:00+00:00,0.03,,
2026-03-16 10:00:00+00:00,0.03,522.0,121286
2026-03-16 10:01:00+00:00,0.03,511.3,111732
2026-03-16 10:02:00+00:00,0.06,525.2,70134
2026-03-16 10:03:00+00:00,0.05,516.4,61772
2026-03-16 10:04:00+00:00,0.05,518.6,64613
2026-03-16 10:05:00+00:00,0.05,523.0,66630
2026-03-16 10:06:00+00:00,0.04,524.5,134912
2026-03-16 10:07:00+00:00,0.04,527.0,165325
2026-03-16 10:08:00+00:00,0.04,524.3,139647
2026-03-16 10:09:00+00:00,0.29,538.6,158150
2026-03-16 10:10:00+00:00,0.54,549.6,147066
2026-03-16 10:11:00+00:00,0.52,533.6,54334
2026-03-16 10:12:00+00:00,0.77,558.5,88443
2026-03-16 10:13:00+00:00,0.87,581.3,115832
2026-03-16 10:14:00+00:00,1.26,574.0,103659
2026-03-16 10:15:00+00:00,0.94,551.2,62833
2026-03-16 10:16:00+00:00,0.59,562.2,76230
2026-03-16 10:17:00+00:00,0.57,556.7,79610
2026-03-16 10:18:00+00:00,1.09,561.5,165421
2026-03-16 10:19:00+00:00,1.14,547.8,71079
2026-03-16 10:20:00+00:00,1.40,550.2,60479
2026-03-16 10:21:00+00:00,1.26,552.3,53673
2026-03-16 10:22:00+00:00,1.15,540.7,53531
2026-03-16 10:23:00+00:00,1.16,527.5,48591
2026-03-16 10:24:00+00:00,1.31,536.2,55821
2026-03-16 10:25:00+00:00,1.61,556.0,97885
2026-03-16 10:26:00+00:00,1.63,553.2,107317
2026-03-16 10:27:00+00:00,1.28,537.3,60207
2026-03-16 10:28:00+00:00,1.22,543.5,64261
2026-03-16 10:29:00+00:00,1.17,539.8,57311
2026-03-16 10:30:00+00:00,1.92,566.8,133196
2026-03-16 10:32:00+00:00,0.94,528.9,29142
2026-03-16 10:33:00+00:00,1.92,571.3,139248
2026-03-16 10:34:00+00:00,0.81,542.0,64630
2026-03-16 10:35:00+00:00,1.39,554.8,67711
2026-03-16 10:36:00+00:00,1.57,566.6,71990
2026-03-16 10:37:00+00:00,1.53,565.7,60037
2026-03-16 10:38:00+00:00,1.64,564.0,61391
2026-03-16 10:39:00+00:00,1.52,568.7,70432
2026-03-16 10:40:00+00:00,1.51,566.1,73710
2026-03-16 10:41:00+00:00,1.73,564.6,87909
2026-03-16 10:42:00+00:00,1.36,565.5,101944
2026-03-16 10:43:00+00:00,0.94,556.9,84766
2026-03-16 10:44:00+00:00,1.95,561.7,71432
2026-03-16 10:45:00+00:00,1.91,564.0,97296
2026-03-16 10:46:00+00:00,0.75,533.3,137615
2026-03-16 10:47:00+00:00,0.43,544.4,78409
2026-03-16 10:48:00+00:00,0.07,519.6,83266
2026-03-16 10:49:00+00:00,0.04,520.3,92170
2026-03-16 10:50:00+00:00,0.26,546.0,83667
2026-03-16 10:51:00+00:00,0.15,529.9,86472
2026-03-16 10:52:00+00:00,0.10,526.3,89929
2026-03-16 10:53:00+00:00,0.07,522.8,73661
2026-03-16 10:54:00+00:00,0.11,530.3,95393
2026-03-16 10:55:00+00:00,0.44,542.5,143572
2026-03-16 10:56:00+00:00,0.44,535.0,110418
2026-03-16 10:57:00+00:00,0.41,525.3,76303
2026-03-16 10:58:00+00:00,0.62,535.0,104142
2026-03-16 10:59:00+00:00,0.54,543.6,91616
2026-03-16 11:00:00+00:00,0.68,543.8,78420
2026-03-16 11:01:00+00:00,1.07,554.7,102590
2026-03-16 11:02:00+00:00,1.06,560.5,109654
2026-03-16 11:05:00+00:00,0.63,540.9,75682
2026-03-16 11:06:00+00:00,0.19,532.4,69315
2026-03-16 11:07:00+00:00,0.13,531.5,82963
2026-03-16 11:08:00+00:00,0.16,532.0,66293
2026-03-16 11:09:00+00:00,0.14,537.6,67641
2026-03-16 11:10:00+00:00,0.10,532.4,88612
2026-03-16 11:11:00+00:00,0.05,531.1,130424
2026-03-16 11:12:00+00:00,0.05,529.6,117140
2026-03-16 11:13:00+00:00,0.07,524.4,77927
2026-03-16 11:14:00+00:00,0.07,523.9,93676
2026-03-16 11:15:00+00:00,0.04,520.0,96854
2026-03-16 11:16:00+00:00,0.02,511.5,56933
2026-03-16 11:17:00+00:00,0.05,531.1,133285
2026-03-16 11:18:00+00:00,0.08,530.9,98367
2026-03-16 11:19:00+00:00,0.03,534.1,177018
2026-03-16 11:20:00+00:00,0.04,521.8,86714
2026-03-16 11:21:00+00:00,0.07,530.8,82442
2026-03-16 11:22:00+00:00,0.03,547.1,177936
2026-03-16 11:23:00+00:00,0.03,533.8,178680
2026-03-16 11:24:00+00:00,0.04,528.4,178399
2026-03-16 11:25:00+00:00,0.04,536.4,248542
2026-03-16 11:26:00+00:00,0.04,540.8,244783
2026-03-16 11:27:00+00:00,0.03,534.2,187025
2026-03-16 11:28:00+00:00,0.03,536.3,147492
2026-03-16 11:29:00+00:00,0.03,541.7,170357
2026-03-16 11:30:00+00:00,0.02,541.0,181107
2026-03-16 11:31:00+00:00,0.03,547.9,114836
2026-03-16 11:32:00+00:00,0.03,549.6,149316
2026-03-16 11:33:00+00:00,0.03,549.7,138230
2026-03-16 11:34:00+00:00,0.03,550.4,82798
2026-03-16 11:39:00+00:00,0.02,560.3,154493
2026-03-16 11:40:00+00:00,0.01,542.9,104444
2026-03-16 11:41:00+00:00,0.02,557.2,284357
2026-03-16 11:42:00+00:00,0.03,564.2,281506
2026-03-16 11:43:00+00:00,0.03,556.6,182585
2026-03-16 11:44:00+00:00,0.03,543.5,159775
2026-03-16 11:45:00+00:00,0.03,540.9,199938
2026-03-16 11:46:00+00:00,0.02,544.7,256919
2026-03-16 11:47:00+00:00,0.02,545.0,284348
2026-03-16 11:48:00+00:00,0.02,554.9,253164
2026-03-16 11:49:00+00:00,0.03,545.6,239735
2026-03-16 11:50:00+00:00,0.03,559.3,188028
2026-03-16 11:51:00+00:00,0.03,555.2,245566
2026-03-16 11:52:00+00:00,0.02,536.9,240008
2026-03-16 11:53:00+00:00,0.02,531.1,185699
2026-03-16 11:54:00+00:00,0.03,545.9,235245
2026-03-16 11:55:00+00:00,0.03,539.7,207873
2026-03-16 11:56:00+00:00,0.03,552.3,233763
2026-03-16 11:57:00+00:00,0.03,559.3,226793
2026-03-16 11:58:00+00:00,0.03,560.5,207930
2026-03-16 11:59:00+00:00,0.03,555.1,201157
2026-03-16 12:00:00+00:00,0.05,544.1,143486
2026-03-16 12:01:00+00:00,0.07,537.8,104303
2026-03-16 12:02:00+00:00,0.03,533.4,194548
2026-03-16 12:03:00+00:00,0.03,531.1,169172
2026-03-16 12:04:00+00:00,0.04,528.0,115533
2026-03-16 12:05:00+00:00,0.02,533.4,138078
2026-03-16 12:06:00+00:00,0.03,522.3,154286
2026-03-16 12:07:00+00:00,0.04,525.5,109070
2026-03-16 12:08:00+00:00,0.08,525.2,93345
2026-03-16 12:09:00+00:00,0.08,528.9,77416
2026-03-16 12:12:00+00:00,0.12,530.8,53457
2026-03-16 12:13:00+00:00,0.10,528.5,91606
2026-03-16 12:14:00+00:00,0.09,530.7,82255
2026-03-16 12:15:00+00:00,0.06,525.9,97271
2026-03-16 12:16:00+00:00,0.04,521.3,110711
2026-03-16 12:17:00+00:00,0.09,524.1,93314
2026-03-16 12:18:00+00:00,0.11,517.2,60514
2026-03-16 12:19:00+00:00,0.07,504.8,31429
2026-03-16 12:20:00+00:00,0.17,520.8,83690
2026-03-16 12:21:00+00:00,0.17,535.3,163877
2026-03-16 12:22:00+00:00,0.73,543.7,72725
2026-03-16 12:23:00+00:00,0.31,531.4,73177
2026-03-16 12:24:00+00:00,0.36,525.0,67658
2026-03-16 12:25:00+00:00,0.44,528.0,57657
2026-03-16 12:26:00+00:00,0.09,521.8,139588
2026-03-16 12:27:00+00:00,0.26,524.8,75480
2026-03-16 12:28:00+00:00,0.16,512.9,62646
2026-03-16 12:29:00+00:00,0.08,503.7,50447
2026-03-16 12:30:00+00:00,0.05,512.8,103492
2026-03-16 12:31:00+00:00,0.04,522.1,141727
2026-03-16 12:32:00+00:00,0.08,516.0,123472
2026-03-16 12:33:00+00:00,0.08,517.9,139328
2026-03-16 12:34:00+00:00,0.06,514.2,119460
2026-03-16 12:35:00+00:00,0.04,512.0,100836
2026-03-16 12:36:00+00:00,0.05,533.0,219226
2026-03-16 12:37:00+00:00,0.05,538.6,226556
2026-03-16 12:38:00+00:00,0.04,540.4,288700
2026-03-16 12:39:00+00:00,0.03,526.7,251636
2026-03-16 12:40:00+00:00,0.04,538.3,241581
2026-03-16 12:41:00+00:00,0.04,535.3,223199
2026-03-16 12:42:00+00:00,0.05,539.1,262640
2026-03-16 12:45:00+00:00,0.05,524.9,197076
2026-03-16 12:46:00+00:00,0.04,532.5,222773
2026-03-16 12:47:00+00:00,0.04,534.1,232087
2026-03-16 12:48:00+00:00,0.03,528.9,231222
2026-03-16 12:49:00+00:00,0.03,529.8,274270
2026-03-16 12:50:00+00:00,0.03,535.3,303108
2026-03-16 12:51:00+00:00,0.03,525.8,198155
2026-03-16 12:52:00+00:00,0.02,511.8,99351
2026-03-16 12:53:00+00:00,0.03,545.9,256623
2026-03-16 12:54:00+00:00,0.04,553.0,169243
2026-03-16 12:55:00+00:00,0.07,561.2,185418
2026-03-16 12:56:00+00:00,0.05,559.8,209533
2026-03-16 12:57:00+00:00,0.03,547.0,243566
2026-03-16 12:58:00+00:00,0.02,542.7,188398
2026-03-16 12:59:00+00:00,0.02,555.0,297434
2026-03-16 13:00:00+00:00,0.02,521.4,148453
2026-03-16 13:01:00+00:00,0.06,519.9,176018
2026-03-16 13:03:00+00:00,0.03,540.0,303618
2026-03-16 13:04:00+00:00,0.04,535.9,266192
2026-03-16 13:05:00+00:00,0.04,518.8,153945
2026-03-16 13:06:00+00:00,0.04,510.8,122544
2026-03-16 13:07:00+00:00,0.04,527.4,257732
2026-03-16 13:08:00+00:00,0.04,530.8,281796
2026-03-16 13:09:00+00:00,0.05,531.5,208557
2026-03-16 13:10:00+00:00,0.05,524.7,236189
2026-03-16 13:11:00+00:00,0.05,532.8,289772
2026-03-16 13:12:00+00:00,0.05,544.6,241508
2026-03-16 13:13:00+00:00,0.05,549.7,433883
2026-03-16 13:14:00+00:00,0.10,532.5,225824
2026-03-16 13:15:00+00:00,0.06,542.1,242999
2026-03-16 13:18:00+00:00,0.10,520.1,194931
2026-03-16 13:19:00+00:00,0.22,534.5,158588
2026-03-16 13:20:00+00:00,0.54,544.3,107225
2026-03-16 13:21:00+00:00,0.47,546.0,127483
2026-03-16 13:22:00+00:00,0.07,549.9,180848
2026-03-16 13:23:00+00:00,0.25,550.7,151571
2026-03-16 13:24:00+00:00,0.57,551.8,111393
2026-03-16 13:25:00+00:00,0.43,550.2,138536
2026-03-16 13:26:00+00:00,0.64,555.0,74017
2026-03-16 13:27:00+00:00,0.89,554.2,77288
2026-03-16 13:28:00+00:00,1.01,550.4,73243
2026-03-16 13:29:00+00:00,0.96,547.8,76881
2026-03-16 13:30:00+00:00,1.02,543.5,77115
2026-03-16 13:31:00+00:00,0.89,541.7,75805
2026-03-16 13:33:00+00:00,0.66,538.7,106654
2026-03-16 13:34:00+00:00,0.64,537.7,100376
2026-03-16 13:35:00+00:00,0.56,535.0,87692
2026-03-16 13:36:00+00:00,0.64,537.8,81641
2026-03-16 13:37:00+00:00,0.71,539.3,80737
2026-03-16 13:38:00+00:00,0.64,536.1,79650
2026-03-16 13:39:00+00:00,0.66,537.1,78900
2026-03-16 13:40:00+00:00,0.79,537.9,73748
2026-03-16 13:41:00+00:00,0.86,539.9,81444
2026-03-16 13:42:00+00:00,0.52,538.5,94116
2026-03-16 13:43:00+00:00,0.48,542.2,93534
2026-03-16 13:44:00+00:00,0.56,538.8,88742
2026-03-16 13:45:00+00:00,0.09,533.7,187646
2026-03-16 13:46:00+00:00,0.63,541.7,89280
2026-03-16 13:47:00+00:00,0.56,541.8,78109
2026-03-16 13:48:00+00:00,0.48,536.8,77223
2026-03-16 13:51:00+00:00,0.56,534.2,89509
2026-03-16 13:52:00+00:00,0.56,530.9,91598
2026-03-16 13:53:00+00:00,0.35,519.6,100028
2026-03-16 13:54:00+00:00,0.09,515.5,132299
2026-03-16 13:55:00+00:00,0.10,527.7,168672
2026-03-16 13:56:00+00:00,0.14,528.1,143367
2026-03-16 13:57:00+00:00,0.27,522.5,111734
2026-03-16 13:58:00+00:00,0.11,527.3,175042
2026-03-16 13:59:00+00:00,0.13,532.1,169174
2026-03-16 14:00:00+00:00,0.10,539.4,212780
2026-03-16 14:01:00+00:00,0.10,541.8,157977
2026-03-16 14:05:00+00:00,0.11,526.0,215748
2026-03-16 14:06:00+00:00,0.21,519.5,162144
2026-03-16 14:07:00+00:00,0.16,524.9,187090
2026-03-16 14:08:00+00:00,0.11,522.6,184083
2026-03-16 14:09:00+00:00,0.11,517.4,189516
2026-03-16 14:10:00+00:00,0.09,521.1,221457
2026-03-16 14:11:00+00:00,0.10,518.4,168802
2026-03-16 14:12:00+00:00,0.09,520.7,191671
2026-03-16 14:13:00+00:00,0.08,526.0,205032
2026-03-16 14:14:00+00:00,0.13,523.2,187201
2026-03-16 14:15:00+00:00,0.45,512.1,71849
2026-03-16 14:16:00+00:00,0.46,512.6,75163
2026-03-16 14:17:00+00:00,0.73,516.2,52642
2026-03-16 14:18:00+00:00,0.30,511.9,101916
2026-03-16 14:19:00+00:00,0.21,512.5,107876
2026-03-16 14:20:00+00:00,0.62,515.6,61903
2026-03-16 14:21:00+00:00,0.78,516.6,56199
2026-03-16 14:24:00+00:00,1.52,531.5,71648
2026-03-16 14:25:00+00:00,1.25,527.1,71490
2026-03-16 14:26:00+00:00,1.28,530.5,74895
2026-03-16 14:27:00+00:00,1.57,537.0,76813
2026-03-16 14:28:00+00:00,0.63,515.1,69154
2026-03-16 14:29:00+00:00,0.42,514.7,75429
2026-03-16 14:30:00+00:00,0.44,509.9,67813
2026-03-16 14:31:00+00:00,0.49,520.8,74634
2026-03-16 14:32:00+00:00,0.41,522.3,82466
2026-03-16 14:33:00+00:00,0.45,521.8,103207
2026-03-16 14:34:00+00:00,0.10,522.9,198397
2026-03-16 14:35:00+00:00,0.06,524.3,235586
2026-03-16 14:36:00+00:00,0.10,542.0,223736
2026-03-16 14:37:00+00:00,1.04,535.3,141204
2026-03-16 14:38:00+00:00,1.10,528.2,98240
2026-03-16 14:39:00+00:00,0.90,532.6,96516
2026-03-16 14:40:00+00:00,1.13,545.3,140339
2026-03-16 14:41:00+00:00,0.93,524.7,120699
2026-03-16 14:42:00+00:00,0.45,502.8,58736
2026-03-16 14:43:00+00:00,0.57,524.0,86075
2026-03-16 14:44:00+00:00,0.45,509.0,78010
2026-03-16 14:45:00+00:00,0.52,510.5,69599
2026-03-16 14:46:00+00:00,0.53,513.1,80317
2026-03-16 14:47:00+00:00,0.58,533.8,95746
2026-03-16 14:48:00+00:00,0.53,527.7,95106
2026-03-16 14:49:00+00:00,0.44,502.7,65043
2026-03-16 14:50:00+00:00,0.55,524.3,110971
2026-03-16 14:51:00+00:00,0.72,515.1,73977
2026-03-16 14:52:00+00:00,0.99,524.0,79201
2026-03-16 14:53:00+00:00,1.09,530.6,88293
2026-03-16 14:54:00+00:00,1.22,532.3,88530
2026-03-16 14:55:00+00:00,1.40,540.1,98855
2026-03-16 14:56:00+00:00,1.48,545.9,107582
2026-03-16 14:57:00+00:00,1.04,528.8,86618
2026-03-16 14:58:00+00:00,1.02,526.7,81324
2026-03-16 14:59:00+00:00,0.94,522.6,69527
2026-03-16 15:00:00+00:00,0.86,521.1,62704
2026-03-16 15:01:00+00:00,0.85,519.9,62818
2026-03-16 15:02:00+00:00,0.46,512.8,83977
2026-03-16 15:03:00+00:00,0.10,525.3,174672
2026-03-16 15:04:00+00:00,0.07,531.9,153739
2026-03-16 15:05:00+00:00,0.08,519.2,169216
2026-03-16 15:06:00+00:00,0.07,555.0,186049
2026-03-16 15:07:00+00:00,0.09,534.9,133204
2026-03-16 15:08:00+00:00,0.08,528.4,173885
2026-03-16 15:09:00+00:00,0.08,525.1,212749
2026-03-16 15:10:00+00:00,0.15,531.0,177970
2026-03-16 15:11:00+00:00,0.19,529.1,124942
2026-03-16 15:12:00+00:00,0.14,517.5,141675
2026-03-16 15:13:00+00:00,0.10,511.5,182475
2026-03-16 15:14:00+00:00,0.09,524.1,188559
2026-03-16 15:15:00+00:00,0.08,539.7,207533
2026-03-16 15:16:00+00:00,0.31,528.2,220785
2026-03-16 15:17:00+00:00,0.95,521.7,127491
2026-03-16 15:18:00+00:00,0.70,507.4,58309
2026-03-16 15:19:00+00:00,0.37,506.2,94761
2026-03-16 15:20:00+00:00,0.36,511.5,97088
2026-03-16 15:21:00+00:00,0.77,522.5,150314
2026-03-16 15:22:00+00:00,0.53,522.5,101349
2026-03-16 15:23:00+00:00,0.88,524.0,67103
2026-03-16 15:24:00+00:00,0.29,499.8,75773
2026-03-16 15:25:00+00:00,0.05,493.9,91514
2026-03-16 15:26:00+00:00,0.05,513.6,121441
2026-03-16 15:27:00+00:00,0.39,517.1,141196
2026-03-16 15:28:00+00:00,0.60,518.9,100620
2026-03-16 15:29:00+00:00,0.52,520.7,60043
2026-03-16 15:30:00+00:00,0.50,505.5,42575
2026-03-16 15:31:00+00:00,0.55,513.0,58174
2026-03-16 15:32:00+00:00,0.70,531.1,86681
2026-03-16 15:33:00+00:00,0.71,528.4,70472
2026-03-16 15:34:00+00:00,0.05,507.0,120800
2026-03-16 15:35:00+00:00,0.09,525.5,136309
2026-03-16 15:36:00+00:00,0.09,509.2,132229
2026-03-16 15:37:00+00:00,0.08,507.9,137601
2026-03-16 15:38:00+00:00,0.07,521.2,165558
2026-03-16 15:39:00+00:00,0.15,511.4,100698
2026-03-16 15:40:00+00:00,0.11,518.6,176968
2026-03-16 15:41:00+00:00,0.08,520.7,179543
2026-03-16 15:42:00+00:00,0.07,523.3,177489
2026-03-16 15:43:00+00:00,0.07,539.0,237821
2026-03-16 15:44:00+00:00,0.06,535.8,197687
2026-03-16 15:45:00+00:00,0.05,524.2,129995
2026-03-16 15:46:00+00:00,0.03,505.6,99848
2026-03-16 15:47:00+00:00,0.02,488.2,50692
2026-03-16 15:48:00+00:00,0.06,535.9,137993
2026-03-16 15:49:00+00:00,0.05,538.1,159152
2026-03-16 15:50:00+00:00,0.05,525.3,223227
2026-03-16 15:51:00+00:00,0.04,540.5,225139
2026-03-16 15:52:00+00:00,0.08,509.9,186848
2026-03-16 15:53:00+00:00,0.05,508.6,147981
2026-03-16 15:54:00+00:00,0.09,517.7,134773
2026-03-16 15:55:00+00:00,0.06,528.0,140296
2026-03-16 15:56:00+00:00,0.05,529.9,141665
2026-03-16 15:57:00+00:00,0.04,514.7,172377
2026-03-16 15:58:00+00:00,0.06,515.4,150213
2026-03-16 15:59:00+00:00,0.05,524.6,175384
2026-03-16 16:00:00+00:00,0.05,495.6,42378
2026-03-16 16:01:00+00:00,0.05,502.4,55789
2026-03-16 16:02:00+00:00,0.05,511.3,73328
2026-03-16 16:05:00+00:00,0.11,508.3,122255
2026-03-16 16:06:00+00:00,0.09,527.8,151792
2026-03-16 16:07:00+00:00,0.07,500.5,142650
2026-03-16 16:08:00+00:00,0.07,498.1,128010
2026-03-16 16:09:00+00:00,0.93,503.6,79710
2026-03-16 16:10:00+00:00,0.15,524.2,272267
2026-03-16 16:11:00+00:00,0.53,510.0,97753
2026-03-16 16:12:00+00:00,1.24,505.1,66041
2026-03-16 16:13:00+00:00,0.69,508.1,74244
2026-03-16 16:14:00+00:00,0.59,503.1,88232
2026-03-16 16:15:00+00:00,0.64,499.7,67421
2026-03-16 16:16:00+00:00,0.51,509.0,55135
2026-03-16 16:17:00+00:00,0.37,511.0,65873
2026-03-16 16:18:00+00:00,0.39,505.8,101535
2026-03-16 16:19:00+00:00,0.44,508.7,137353
2026-03-16 16:20:00+00:00,0.10,498.5,100838
2026-03-16 16:21:00+00:00,0.11,498.5,131958
2026-03-16 16:22:00+00:00,0.21,501.7,81270
2026-03-16 16:23:00+00:00,0.81,498.2,131040
2026-03-16 16:24:00+00:00,0.08,536.8,97975
2026-03-16 16:25:00+00:00,0.07,531.2,156913
2026-03-16 16:26:00+00:00,0.06,529.3,135948
2026-03-16 16:27:00+00:00,0.06,525.0,108019
2026-03-16 16:28:00+00:00,0.08,529.1,126727
2026-03-16 16:29:00+00:00,0.10,522.1,137318
2026-03-16 16:30:00+00:00,0.06,508.2,114680
2026-03-16 16:31:00+00:00,0.24,530.5,126385
2026-03-16 16:32:00+00:00,0.36,560.5,120219
2026-03-16 16:33:00+00:00,0.37,543.8,78109
2026-03-16 16:34:00+00:00,0.42,524.4,78888
2026-03-16 16:35:00+00:00,0.40,547.6,117138
2026-03-16 16:36:00+00:00,0.03,505.2,133735
2026-03-16 16:37:00+00:00,0.04,507.9,134262
2026-03-16 16:38:00+00:00,0.06,521.0,132075
2026-03-16 16:39:00+00:00,0.11,520.9,88956
2026-03-16 16:40:00+00:00,0.07,527.8,97874
2026-03-16 16:41:00+00:00,0.04,550.6,187881
2026-03-16 16:42:00+00:00,0.02,539.6,108733
2026-03-16 16:43:00+00:00,0.03,548.0,239253
2026-03-16 16:44:00+00:00,0.02,526.2,147295
2026-03-16 16:45:00+00:00,0.02,520.2,137581
2026-03-16 16:46:00+00:00,0.04,514.0,162007
2026-03-16 16:47:00+00:00,0.05,509.3,187695
2026-03-16 16:48:00+00:00,0.07,505.1,171764
2026-03-16 16:49:00+00:00,0.42,502.7,121271
2026-03-16 16:50:00+00:00,0.87,513.3,99371
2026-03-16 16:51:00+00:00,1.01,538.6,102448
2026-03-16 16:52:00+00:00,1.26,555.7,85923
2026-03-16 16:53:00+00:00,1.28,542.5,78014
2026-03-16 16:54:00+00:00,1.35,564.0,89727
2026-03-16 16:55:00+00:00,1.29,549.4,89012
2026-03-16 16:56:00+00:00,1.54,534.0,78933
2026-03-16 16:57:00+00:00,1.56,540.2,89277
2026-03-16 16:58:00+00:00,1.13,530.1,85383
2026-03-16 16:59:00+00:00,1.18,538.0,98893
2026-03-16 17:00:00+00:00,1.21,536.5,102622
2026-03-16 17:01:00+00:00,1.20,540.1,102167
2026-03-16 17:02:00+00:00,0.66,521.0,70046
2026-03-16 17:03:00+00:00,0.84,538.7,90891
2026-03-16 17:04:00+00:00,0.36,524.1,91612
2026-03-16 17:05:00+00:00,0.04,509.5,148967
2026-03-16 17:06:00+00:00,0.05,518.3,197158
2026-03-16 17:07:00+00:00,0.06,509.5,138434
2026-03-16 17:08:00+00:00,0.06,524.8,189684
2026-03-16 17:09:00+00:00,0.83,544.2,209013
2026-03-16 17:10:00+00:00,0.78,539.2,191722
2026-03-16 17:11:00+00:00,0.29,495.1,37467
2026-03-16 17:12:00+00:00,0.57,514.2,77170
2026-03-16 17:13:00+00:00,0.59,518.2,86178
2026-03-16 17:14:00+00:00,0.86,528.2,107664
2026-03-16 17:15:00+00:00,0.74,505.8,62431
2026-03-16 17:16:00+00:00,0.71,501.0,52914
2026-03-16 17:17:00+00:00,1.04,518.4,90082
2026-03-16 17:18:00+00:00,1.32,537.6,120897
2026-03-16 17:19:00+00:00,1.51,536.5,112694
2026-03-16 17:20:00+00:00,1.34,520.2,81102
2026-03-16 17:21:00+00:00,1.32,522.2,88458
2026-03-16 17:22:00+00:00,1.40,530.4,107622
2026-03-16 17:23:00+00:00,1.08,520.4,87164
2026-03-16 17:24:00+00:00,0.98,510.1,62345
2026-03-16 17:25:00+00:00,1.13,508.1,80012
2026-03-16 17:26:00+00:00,1.57,536.9,166482
2026-03-16 17:27:00+00:00,1.67,558.6,124827
2026-03-16 17:28:00+00:00,1.33,523.7,68717
2026-03-16 17:29:00+00:00,1.59,550.3,145130
2026-03-16 17:30:00+00:00,0.15,490.1,77286
2026-03-16 17:31:00+00:00,0.07,501.4,140290
2026-03-16 17:32:00+00:00,0.05,501.4,214873
2026-03-16 17:33:00+00:00,0.08,506.0,225168
2026-03-16 17:34:00+00:00,0.09,495.7,136059
2026-03-16 17:35:00+00:00,0.08,503.1,127334
2026-03-16 17:36:00+00:00,0.06,524.7,186618
2026-03-16 17:37:00+00:00,0.06,530.5,183888
2026-03-16 17:38:00+00:00,0.11,516.3,123071
2026-03-16 17:39:00+00:00,0.26,505.9,93425
2026-03-16 17:40:00+00:00,0.45,518.1,111427
2026-03-16 17:41:00+00:00,0.51,527.9,126906
2026-03-16 17:42:00+00:00,0.83,505.1,87137
2026-03-16 17:43:00+00:00,0.81,504.6,89374
2026-03-16 17:44:00+00:00,0.12,489.4,154239
2026-03-16 17:45:00+00:00,0.06,483.7,152491
2026-03-16 17:46:00+00:00,0.21,511.6,94377
2026-03-16 17:47:00+00:00,0.58,507.8,131646
2026-03-16 17:48:00+00:00,0.51,502.4,80411
2026-03-16 17:49:00+00:00,0.46,505.8,58537
2026-03-16 17:50:00+00:00,0.46,504.4,80190
2026-03-16 17:51:00+00:00,0.77,513.1,104635
2026-03-16 17:52:00+00:00,0.94,518.3,88705
2026-03-16 17:53:00+00:00,0.99,525.5,85482
2026-03-16 17:54:00+00:00,1.05,530.7,96796
2026-03-16 17:55:00+00:00,1.00,529.6,74881
2026-03-16 17:56:00+00:00,1.24,550.1,83659
2026-03-16 17:57:00+00:00,0.99,519.3,63695
2026-03-16 17:58:00+00:00,0.99,516.2,64088
2026-03-16 17:59:00+00:00,0.83,546.4,101849
2026-03-16 18:00:00+00:00,0.89,535.6,75707
2026-03-16 18:01:00+00:00,1.09,489.4,37103
2026-03-16 18:02:00+00:00,0.39,492.7,53271
2026-03-16 18:03:00+00:00,0.06,461.4,24868
2026-03-16 18:04:00+00:00,0.02,477.6,62666
2026-03-16 18:05:00+00:00,0.03,487.0,119361
2026-03-16 18:06:00+00:00,0.05,501.6,214140
2026-03-16 18:07:00+00:00,0.06,503.1,212919
2026-03-16 18:08:00+00:00,0.62,496.3,124590
2026-03-16 18:09:00+00:00,1.19,504.6,74964
2026-03-16 18:10:00+00:00,1.19,515.4,72841
2026-03-16 18:11:00+00:00,1.12,518.1,74055
2026-03-16 18:12:00+00:00,1.05,530.8,99866
2026-03-16 18:13:00+00:00,1.05,520.9,82940
2026-03-16 18:14:00+00:00,1.20,536.1,110375
2026-03-16 18:17:00+00:00,0.96,488.3,46166
2026-03-16 18:18:00+00:00,1.26,526.1,94364
2026-03-16 18:19:00+00:00,1.34,529.7,112376
2026-03-16 18:20:00+00:00,1.13,518.1,84312
2026-03-16 18:21:00+00:00,1.27,521.8,100766
2026-03-16 18:22:00+00:00,1.36,521.3,90884
2026-03-16 18:23:00+00:00,1.59,525.7,105585
2026-03-16 18:24:00+00:00,1.21,508.2,75964
2026-03-16 18:25:00+00:00,0.67,487.6,37645
2026-03-16 18:26:00+00:00,0.71,490.5,52022
2026-03-16 18:27:00+00:00,0.79,494.1,53848
2026-03-16 18:28:00+00:00,0.84,502.4,68382
2026-03-16 18:29:00+00:00,1.00,505.0,80429
2026-03-16 18:30:00+00:00,0.79,501.9,68358
2026-03-16 18:31:00+00:00,0.79,501.4,67577
2026-03-16 18:32:00+00:00,0.74,487.1,44938
2026-03-16 18:33:00+00:00,0.63,513.4,86989
2026-03-16 18:34:00+00:00,0.96,474.2,40799
2026-03-16 18:35:00+00:00,0.18,466.0,101887
2026-03-16 18:36:00+00:00,0.02,465.2,115163
2026-03-16 18:37:00+00:00,1.05,515.9,168468
2026-03-16 18:38:00+00:00,1.28,530.1,131020
2026-03-16 18:39:00+00:00,1.03,517.2,85262
2026-03-16 18:40:00+00:00,0.66,506.0,64652
2026-03-16 18:41:00+00:00,0.54,496.2,52376
2026-03-16 18:42:00+00:00,0.62,494.7,64024
2026-03-16 18:43:00+00:00,0.83,522.0,106725
2026-03-16 18:44:00+00:00,0.76,505.8,87899
2026-03-16 18:45:00+00:00,0.55,483.4,37608
2026-03-16 18:46:00+00:00,0.88,509.7,85313
2026-03-16 18:47:00+00:00,0.57,494.2,56075
2026-03-16 18:49:00+00:00,0.40,518.0,107157
2026-03-16 18:50:00+00:00,0.36,502.6,59512
2026-03-16 18:51:00+00:00,0.85,524.1,82179
2026-03-16 18:52:00+00:00,0.90,541.5,140143
2026-03-16 18:53:00+00:00,0.92,536.3,140896
2026-03-16 18:54:00+00:00,0.87,516.1,98764
2026-03-16 18:55:00+00:00,0.86,518.0,108787
2026-03-16 18:56:00+00:00,1.03,526.8,110864
2026-03-16 18:57:00+00:00,1.34,523.2,93170
2026-03-16 18:58:00+00:00,1.45,527.0,110103
2026-03-16 18:59:00+00:00,1.54,528.8,123253
2026-03-16 19:00:00+00:00,1.22,515.9,81596
2026-03-16 19:01:00+00:00,1.00,506.5,64733
2026-03-16 19:02:00+00:00,1.15,496.7,57540
2026-03-16 19:03:00+00:00,1.72,543.3,144308
2026-03-16 19:04:00+00:00,1.51,525.3,98575
2026-03-16 19:05:00+00:00,1.78,536.8,140627
2026-03-16 19:06:00+00:00,1.41,506.5,62563
2026-03-16 19:07:00+00:00,1.62,531.9,118789
2026-03-16 19:08:00+00:00,1.36,524.7,107225
2026-03-16 19:09:00+00:00,0.94,500.5,60548
2026-03-16 19:10:00+00:00,0.91,529.9,73539
2026-03-16 19:11:00+00:00,0.45,521.0,89192
2026-03-16 19:12:00+00:00,0.37,500.3,90331
2026-03-16 19:13:00+00:00,0.50,508.6,88563
2026-03-16 19:14:00+00:00,0.47,507.4,86541
2026-03-16 19:15:00+00:00,0.83,497.7,85292
2026-03-16 19:16:00+00:00,1.02,516.4,81755
2026-03-16 19:17:00+00:00,1.77,548.5,119213
2026-03-16 19:18:00+00:00,1.68,562.0,95025
2026-03-16 19:19:00+00:00,0.05,493.5,111185
2026-03-16 19:20:00+00:00,0.05,524.4,161690
2026-03-16 19:21:00+00:00,0.05,,
2026-03-16 19:22:00+00:00,0.77,510.9,92699
2026-03-16 19:23:00+00:00,0.49,503.8,67666
2026-03-16 19:24:00+00:00,0.65,518.8,93754
2026-03-16 19:25:00+00:00,0.62,521.0,107366
2026-03-16 19:26:00+00:00,0.38,493.1,36938
2026-03-16 19:27:00+00:00,0.66,499.1,50956
2026-03-16 19:28:00+00:00,0.80,509.7,70423
2026-03-16 19:29:00+00:00,0.96,522.8,93104
2026-03-16 19:30:00+00:00,0.98,522.9,96341
2026-03-16 19:31:00+00:00,0.93,508.2,71795
2026-03-16 19:32:00+00:00,1.02,509.8,83067
2026-03-16 19:33:00+00:00,0.60,506.3,102637
2026-03-16 19:34:00+00:00,1.03,505.5,66944
2026-03-16 19:35:00+00:00,1.16,516.4,71455
2026-03-16 19:36:00+00:00,1.21,519.3,80875
2026-03-16 19:37:00+00:00,1.58,539.8,157547
2026-03-16 19:38:00+00:00,1.05,498.5,56446
2026-03-16 19:39:00+00:00,1.11,522.0,101757
2026-03-16 19:40:00+00:00,1.22,523.2,102018
2026-03-16 19:41:00+00:00,1.01,514.9,77755
2026-03-16 19:42:00+00:00,1.06,515.0,84700
2026-03-16 19:43:00+00:00,1.09,507.9,72965
2026-03-16 19:44:00+00:00,1.27,513.8,89658
2026-03-16 19:45:00+00:00,1.35,519.6,103301
2026-03-16 19:46:00+00:00,1.10,506.5,71282
2026-03-16 19:47:00+00:00,1.10,506.8,75902
2026-03-16 19:48:00+00:00,1.26,515.9,99044
2026-03-16 19:49:00+00:00,0.90,494.4,50027
2026-03-16 19:50:00+00:00,0.92,504.7,68960
2026-03-16 19:51:00+00:00,0.72,492.8,48504
2026-03-16 19:52:00+00:00,1.08,535.1,113929
2026-03-16 19:53:00+00:00,0.91,510.9,68226
2026-03-16 19:54:00+00:00,0.90,510.0,66650
2026-03-16 19:55:00+00:00,0.76,514.5,138914
2026-03-16 19:56:00+00:00,0.74,504.7,80079
2026-03-16 19:57:00+00:00,1.00,512.2,64150
2026-03-16 19:58:00+00:00,0.66,520.2,97442
2026-03-16 19:59:00+00:00,0.67,524.5,112835
2026-03-16 20:00:00+00:00,0.86,524.1,102739
2026-03-16 20:01:00+00:00,0.94,519.9,95052
2026-03-16 20:02:00+00:00,1.04,524.8,104835
2026-03-16 20:03:00+00:00,0.71,521.1,114221
2026-03-16 20:04:00+00:00,0.06,484.1,90451
2026-03-16 20:05:00+00:00,0.28,490.9,72152
2026-03-16 20:06:00+00:00,1.06,498.5,70451
2026-03-16 20:07:00+00:00,1.01,531.8,99862
2026-03-16 20:08:00+00:00,0.59,517.0,109310
2026-03-16 20:09:00+00:00,0.49,490.6,76667
2026-03-16 20:10:00+00:00,0.11,475.4,28319
2026-03-16 20:11:00+00:00,0.03,474.2,55937
2026-03-16 20:12:00+00:00,0.05,490.7,82291
2026-03-16 20:13:00+00:00,0.08,494.8,135336
2026-03-16 20:14:00+00:00,0.06,489.9,100736
2026-03-16 20:15:00+00:00,0.44,497.5,89662
2026-03-16 20:16:00+00:00,0.59,504.5,87023
2026-03-16 20:17:00+00:00,0.46,509.7,94309
2026-03-16 20:18:00+00:00,0.34,507.2,115816
2026-03-16 20:19:00+00:00,0.08,489.6,84380
2026-03-16 20:20:00+00:00,0.10,491.0,68271
2026-03-16 20:21:00+00:00,0.08,495.9,100904
2026-03-16 20:22:00+00:00,0.02,510.6,120013
2026-03-16 20:23:00+00:00,0.07,513.4,78788
2026-03-16 20:24:00+00:00,0.03,483.3,99026
2026-03-16 20:25:00+00:00,0.03,504.1,192031
2026-03-16 20:26:00+00:00,0.06,487.0,102426
2026-03-16 20:27:00+00:00,0.06,485.0,92114
2026-03-16 20:29:00+00:00,0.04,493.8,160665
2026-03-16 20:30:00+00:00,0.05,489.4,138519
2026-03-16 20:31:00+00:00,0.05,500.7,124671
2026-03-16 20:32:00+00:00,0.04,503.5,159393
2026-03-16 20:33:00+00:00,0.10,506.1,178362
2026-03-16 20:34:00+00:00,0.13,510.0,137160
2026-03-16 20:35:00+00:00,0.04,510.5,115734
2026-03-16 20:36:00+00:00,0.05,531.0,118667
2026-03-16 20:37:00+00:00,0.01,470.9,43100
2026-03-16 20:38:00+00:00,0.02,488.7,93211
2026-03-16 20:39:00+00:00,0.03,486.4,103781
2026-03-16 20:40:00+00:00,0.02,490.9,62511
2026-03-16 20:41:00+00:00,0.04,491.2,126624
2026-03-16 20:42:00+00:00,0.02,471.9,55525
2026-03-16 20:43:00+00:00,0.02,453.3,20274
2026-03-16 20:44:00+00:00,0.04,482.4,107361
2026-03-16 20:45:00+00:00,0.05,488.9,132222
2026-03-16 20:46:00+00:00,0.05,491.1,161734
2026-03-16 20:47:00+00:00,0.06,492.5,142050
2026-03-16 20:48:00+00:00,0.06,486.9,107714
2026-03-16 20:49:00+00:00,0.06,483.6,117101
2026-03-16 20:50:00+00:00,0.07,492.3,146138
2026-03-16 20:51:00+00:00,0.08,503.1,154858
2026-03-16 20:52:00+00:00,0.09,498.1,127054
2026-03-16 20:53:00+00:00,0.09,481.2,103807
2026-03-16 20:54:00+00:00,0.08,490.4,154934
2026-03-16 20:55:00+00:00,0.04,488.5,167700
2026-03-16 20:56:00+00:00,0.07,486.0,94464
2026-03-16 20:57:00+00:00,0.06,478.0,54148
2026-03-16 20:58:00+00:00,0.07,503.0,128767
2026-03-16 20:59:00+00:00,0.08,487.4,108634
2026-03-16 21:00:00+00:00,0.09,483.7,102918
2026-03-16 21:01:00+00:00,0.07,506.5,133105
2026-03-16 21:02:00+00:00,0.02,496.1,179869
2026-03-16 21:03:00+00:00,0.99,484.7,104858
2026-03-16 21:04:00+00:00,1.17,491.4,69965
2026-03-16 21:05:00+00:00,0.63,506.6,88010
2026-03-16 21:06:00+00:00,0.59,506.4,79184
2026-03-16 21:07:00+00:00,0.35,498.1,85302
2026-03-16 21:08:00+00:00,0.06,481.6,113969
2026-03-16 21:09:00+00:00,0.09,491.8,119982
2026-03-16 21:10:00+00:00,0.09,486.7,112506
2026-03-16 21:11:00+00:00,0.14,494.1,87784
2026-03-16 21:12:00+00:00,0.44,491.9,57888
2026-03-16 21:13:00+00:00,0.48,506.8,88547
2026-03-16 21:14:00+00:00,0.26,485.0,57365
2026-03-16 21:15:00+00:00,0.08,500.2,180235
2026-03-16 21:16:00+00:00,0.07,495.0,136533
2026-03-16 21:17:00+00:00,0.05,497.6,162687
2026-03-16 21:18:00+00:00,0.04,494.8,149011
2026-03-16 21:19:00+00:00,0.05,491.2,120147
2026-03-16 21:20:00+00:00,0.05,492.5,148278
2026-03-16 21:21:00+00:00,0.05,496.6,170574
2026-03-16 21:22:00+00:00,0.28,497.2,141176
2026-03-16 21:23:00+00:00,0.75,503.7,123887
2026-03-16 21:24:00+00:00,0.12,497.4,108789
2026-03-16 21:25:00+00:00,0.12,495.2,105227
2026-03-16 21:26:00+00:00,0.10,484.8,89788
2026-03-16 21:27:00+00:00,0.07,489.9,110869
2026-03-16 21:28:00+00:00,0.12,500.7,103465
2026-03-16 21:29:00+00:00,0.81,506.8,128659
2026-03-16 21:30:00+00:00,0.51,482.2,63464
2026-03-16 21:31:00+00:00,0.59,493.5,70613
2026-03-16 21:32:00+00:00,0.24,503.7,168392
2026-03-16 21:33:00+00:00,0.12,505.9,197269
2026-03-16 21:34:00+00:00,0.07,470.2,74427
2026-03-16 21:35:00+00:00,0.09,471.4,79081
2026-03-16 21:36:00+00:00,0.60,480.5,101242
2026-03-16 21:37:00+00:00,0.90,496.8,107861
2026-03-16 21:38:00+00:00,0.70,508.8,85864
2026-03-16 21:39:00+00:00,0.77,516.3,71846
2026-03-16 21:40:00+00:00,0.64,526.5,62945
2026-03-16 21:41:00+00:00,0.58,522.7,59020
2026-03-16 21:42:00+00:00,0.41,542.3,68112
2026-03-16 21:43:00+00:00,0.35,537.5,74847
2026-03-16 21:44:00+00:00,0.24,516.1,62593
2026-03-16 21:45:00+00:00,1.03,490.6,95907
2026-03-16 21:46:00+00:00,0.60,524.7,74415
2026-03-16 21:47:00+00:00,0.16,524.5,123556
2026-03-16 21:48:00+00:00,0.24,509.4,97081
2026-03-16 21:49:00+00:00,0.90,496.0,109511
2026-03-16 21:50:00+00:00,0.81,507.9,91690
2026-03-16 21:51:00+00:00,0.72,524.4,90192
2026-03-16 21:52:00+00:00,0.74,521.4,85740
2026-03-16 21:53:00+00:00,0.69,513.4,90514
2026-03-16 21:54:00+00:00,0.51,507.8,116755
2026-03-16 21:55:00+00:00,0.17,492.1,109208
2026-03-16 21:56:00+00:00,0.13,487.7,105252
2026-03-16 21:57:00+00:00,0.12,504.6,142935
2026-03-16 21:58:00+00:00,0.09,490.5,140108
2026-03-16 21:59:00+00:00,0.20,,
2026-03-16 22:00:00+00:00,0.20,492.0,95641
2026-03-16 22:01:00+00:00,0.01,448.5,15232
2026-03-16 22:02:00+00:00,0.02,491.4,229540
2026-03-16 22:03:00+00:00,0.08,492.3,130661
2026-03-16 22:04:00+00:00,0.13,490.3,97921
2026-03-16 22:05:00+00:00,0.14,486.9,90573
2026-03-16 22:06:00+00:00,0.13,485.6,88486
2026-03-16 22:07:00+00:00,0.07,493.9,133131
2026-03-16 22:08:00+00:00,0.09,488.9,121433
2026-03-16 22:09:00+00:00,0.09,489.3,129248
2026-03-16 22:10:00+00:00,0.10,493.0,145256
2026-03-16 22:11:00+00:00,0.12,484.0,117854
2026-03-16 22:12:00+00:00,0.11,482.1,104281
2026-03-16 22:13:00+00:00,0.10,499.6,139408
2026-03-16 22:14:00+00:00,0.08,486.5,115311
2026-03-16 22:15:00+00:00,0.08,480.6,99097
2026-03-16 22:16:00+00:00,0.08,492.0,139628
2026-03-16 22:17:00+00:00,0.09,493.3,152079
2026-03-16 22:18:00+00:00,0.08,502.7,162490
2026-03-16 22:19:00+00:00,0.09,495.8,105351
2026-03-16 22:20:00+00:00,0.06,498.7,142770
2026-03-16 22:21:00+00:00,0.05,503.6,163167
2026-03-16 22:22:00+00:00,0.05,502.4,153410
2026-03-16 22:23:00+00:00,0.07,502.3,176647
2026-03-16 22:24:00+00:00,0.06,502.0,169774
2026-03-16 22:25:00+00:00,0.06,503.4,173228
2026-03-16 22:26:00+00:00,0.06,502.5,172306
2026-03-16 22:27:00+00:00,0.33,498.2,141515
2026-03-16 22:28:00+00:00,0.84,504.3,129694
2026-03-16 22:29:00+00:00,0.54,508.9,128083
2026-03-16 22:30:00+00:00,0.79,484.1,88232
2026-03-16 22:31:00+00:00,0.50,500.5,79255
2026-03-16 22:32:00+00:00,0.60,484.1,61047
2026-03-16 22:33:00+00:00,0.57,527.7,133848
2026-03-16 22:34:00+00:00,0.16,473.4,71500
2026-03-16 22:35:00+00:00,0.28,497.2,107645
2026-03-16 22:36:00+00:00,0.39,523.4,89269
2026-03-16 22:37:00+00:00,0.43,540.7,115450
2026-03-16 22:38:00+00:00,0.65,535.9,116459
2026-03-16 22:39:00+00:00,0.78,530.3,108505
2026-03-16 22:40:00+00:00,0.76,498.7,89857
2026-03-16 22:41:00+00:00,0.79,494.2,74549
2026-03-16 22:42:00+00:00,0.92,495.0,67752
2026-03-16 22:43:00+00:00,0.81,500.0,99375
2026-03-16 22:44:00+00:00,0.39,481.6,112611
2026-03-16 22:45:00+00:00,1.03,477.4,86652
2026-03-16 22:46:00+00:00,0.65,499.4,78541
2026-03-16 22:47:00+00:00,0.83,501.2,99753
2026-03-16 22:48:00+00:00,0.78,512.9,100509
2026-03-16 22:49:00+00:00,0.85,528.0,128350
2026-03-16 22:50:00+00:00,0.69,516.5,104130
2026-03-16 22:51:00+00:00,0.67,517.1,94036
2026-03-16 22:52:00+00:00,0.63,502.6,70491
2026-03-16 22:53:00+00:00,0.63,501.5,65583
2026-03-16 22:54:00+00:00,0.53,489.0,56598
2026-03-16 22:55:00+00:00,0.50,495.9,73444
2026-03-16 22:56:00+00:00,0.87,496.3,102045
2026-03-16 22:57:00+00:00,0.63,500.6,62772
2026-03-16 22:58:00+00:00,0.64,500.9,76672
2026-03-16 22:59:00+00:00,0.56,499.7,92668
2026-03-16 23:00:00+00:00,0.27,492.8,68647
2026-03-16 23:01:00+00:00,0.25,486.1,55705
2026-03-16 23:02:00+00:00,0.35,504.9,86198
2026-03-16 23:03:00+00:00,0.12,505.4,157092
2026-03-16 23:04:00+00:00,0.07,497.1,199297
2026-03-16 23:05:00+00:00,0.12,489.5,177254
2026-03-16 23:06:00+00:00,0.30,491.3,74846
2026-03-16 23:07:00+00:00,0.14,488.1,120283
2026-03-16 23:08:00+00:00,0.08,489.6,160444
2026-03-16 23:09:00+00:00,0.09,479.4,94739
2026-03-16 23:10:00+00:00,0.07,486.7,160666
2026-03-16 23:11:00+00:00,0.09,489.5,164262
2026-03-16 23:12:00+00:00,0.11,486.5,123694
2026-03-16 23:13:00+00:00,0.13,481.3,145481
2026-03-16 23:14:00+00:00,0.11,484.8,150705
2026-03-16 23:15:00+00:00,0.07,492.4,170086
2026-03-16 23:16:00+00:00,0.06,494.2,183821
2026-03-16 23:17:00+00:00,0.08,487.8,150933
2026-03-16 23:18:00+00:00,0.08,488.1,150629
2026-03-16 23:19:00+00:00,0.12,481.4,85639
2026-03-16 23:20:00+00:00,0.11,482.4,96599
2026-03-16 23:21:00+00:00,0.10,480.9,99471
2026-03-16 23:22:00+00:00,0.10,481.2,93886
2026-03-16 23:23:00+00:00,0.14,481.3,79871
2026-03-16 23:24:00+00:00,0.10,481.3,102686
2026-03-16 23:25:00+00:00,0.09,480.2,105181
2026-03-16 23:26:00+00:00,0.14,482.3,92001
2026-03-16 23:27:00+00:00,0.14,482.6,77833
2026-03-16 23:28:00+00:00,0.13,481.5,81565
2026-03-16 23:29:00+00:00,0.13,481.7,80480
2026-03-16 23:30:00+00:00,0.13,482.5,75662
2026-03-16 23:31:00+00:00,0.08,479.6,126722
2026-03-16 23:32:00+00:00,0.09,480.6,119565
2026-03-16 23:33:00+00:00,0.10,483.8,93088
2026-03-16 23:34:00+00:00,0.14,482.7,76415
2026-03-16 23:35:00+00:00,0.21,483.5,60860
2026-03-16 23:36:00+00:00,0.11,477.9,94790
2026-03-16 23:37:00+00:00,0.10,482.4,97780
2026-03-16 23:38:00+00:00,0.14,484.2,96505
2026-03-16 23:39:00+00:00,0.45,485.6,64112
2026-03-16 23:40:00+00:00,0.29,486.2,68335
2026-03-16 23:41:00+00:00,0.17,486.9,71966
2026-03-16 23:42:00+00:00,0.14,483.8,70442
2026-03-16 23:43:00+00:00,0.46,490.3,63151
2026-03-16 23:44:00+00:00,0.55,492.5,57966
2026-03-16 23:45:00+00:00,0.40,488.1,57610
2026-03-16 23:46:00+00:00,0.10,487.6,110345
2026-03-16 23:47:00+00:00,0.09,489.2,128231
2026-03-16 23:48:00+00:00,0.07,493.3,167404
2026-03-16 23:49:00+00:00,0.06,494.8,162868
2026-03-16 23:50:00+00:00,0.07,496.6,183387
2026-03-16 23:51:00+00:00,0.08,493.4,193030
2026-03-16 23:52:00+00:00,0.06,505.6,177845
2026-03-16 23:53:00+00:00,0.07,489.9,166966
2026-03-16 23:54:00+00:00,0.07,495.3,175310
2026-03-16 23:55:00+00:00,0.11,489.2,155201
2026-03-16 23:56:00+00:00,0.08,495.0,170083
2026-03-16 23:57:00+00:00,0.07,492.3,181629
2026-03-16 23:58:00+00:00,0.07,493.2,226768
2026-03-16 23:59:00+00:00,0.07,493.7,214277
2026-03-17 00:00:00+00:00,0.08,492.3,188484
2026-03-17 00:01:00+00:00,0.08,491.9,194029
2026-03-17 00:02:00+00:00,0.07,492.2,185581
2026-03-17 00:03:00+00:00,0.06,494.2,172165
2026-03-17 00:04:00+00:00,0.06,496.2,191427
2026-03-17 00:05:00+00:00,0.07,492.5,190031
2026-03-17 00:06:00+00:00,0.08,494.9,184871
2026-03-17 00:07:00+00:00,0.07,490.9,199907
2026-03-17 00:08:00+00:00,0.09,482.0,135653
2026-03-17 00:09:00+00:00,0.07,498.1,203088
2026-03-17 00:10:00+00:00,0.09,505.3,172925
2026-03-17 00:11:00+00:00,0.07,501.2,205388
2026-03-17 00:12:00+00:00,0.07,503.5,235379
2026-03-17 00:13:00+00:00,0.06,501.8,219797
2026-03-17 00:14:00+00:00,0.07,499.1,191317
2026-03-17 00:15:00+00:00,0.06,499.2,195334
2026-03-17 00:16:00+00:00,0.05,499.2,195931
2026-03-17 00:17:00+00:00,0.07,498.8,175864
2026-03-17 00:18:00+00:00,0.10,499.2,163762
2026-03-17 00:19:00+00:00,0.09,493.9,151555
2026-03-17 00:20:00+00:00,0.08,492.3,149224
2026-03-17 00:21:00+00:00,0.06,486.6,139211
2026-03-17 00:22:00+00:00,0.07,484.0,132187
2026-03-17 00:23:00+00:00,0.06,486.4,174716
2026-03-17 00:24:00+00:00,0.07,485.8,166069
2026-03-17 00:25:00+00:00,0.07,485.9,178216
2026-03-17 00:26:00+00:00,0.09,485.5,129998
2026-03-17 00:27:00+00:00,0.09,486.3,134138
2026-03-17 00:28:00+00:00,0.09,484.3,139943
2026-03-17 00:29:00+00:00,0.11,481.0,141545
2026-03-17 00:30:00+00:00,0.09,482.0,152318
2026-03-17 00:31:00+00:00,0.11,482.2,112877
2026-03-17 00:32:00+00:00,0.14,481.6,92116
2026-03-17 00:33:00+00:00,0.23,482.9,83122
2026-03-17 00:34:00+00:00,0.25,484.2,78608
2026-03-17 00:35:00+00:00,0.08,483.2,117010
2026-03-17 00:36:00+00:00,0.13,483.1,94210
2026-03-17 00:37:00+00:00,0.22,482.9,74594
2026-03-17 00:38:00+00:00,0.14,484.0,110612
2026-03-17 00:39:00+00:00,0.38,483.4,57606
2026-03-17 00:40:00+00:00,0.30,486.6,48826
2026-03-17 00:41:00+00:00,0.12,482.8,136618
2026-03-17 00:42:00+00:00,0.09,485.1,141146
2026-03-17 00:43:00+00:00,0.09,484.1,130993
2026-03-17 00:44:00+00:00,0.11,484.7,144953
2026-03-17 00:45:00+00:00,0.10,481.9,123324
2026-03-17 00:46:00+00:00,0.10,483.8,145514
2026-03-17 00:47:00+00:00,0.14,481.6,130449
2026-03-17 00:48:00+00:00,0.13,482.3,122604
2026-03-17 00:49:00+00:00,0.09,485.0,145738
2026-03-17 00:50:00+00:00,0.09,486.0,155139
2026-03-17 00:51:00+00:00,0.09,490.5,160975
2026-03-17 00:52:00+00:00,0.08,487.5,146539
2026-03-17 00:53:00+00:00,0.16,487.2,133170
2026-03-17 00:54:00+00:00,0.51,485.6,67729
2026-03-17 00:55:00+00:00,0.28,485.5,79556
2026-03-17 00:56:00+00:00,0.64,486.2,56858
2026-03-17 00:57:00+00:00,0.66,489.8,66431
2026-03-17 00:58:00+00:00,0.65,490.9,65868
2026-03-17 00:59:00+00:00,0.68,496.3,74942
2026-03-17 01:00:00+00:00,0.77,496.4,81398
2026-03-17 01:01:00+00:00,0.76,492.6,81910
2026-03-17 01:03:00+00:00,0.66,492.5,73298
2026-03-17 01:04:00+00:00,0.43,489.2,96220
2026-03-17 01:05:00+00:00,0.18,485.2,110768
2026-03-17 01:06:00+00:00,0.15,484.9,104105
2026-03-17 01:07:00+00:00,0.30,486.9,97949
2026-03-17 01:08:00+00:00,0.66,489.1,65746
2026-03-17 01:09:00+00:00,0.60,489.4,69713
2026-03-17 01:10:00+00:00,0.28,477.7,95963
2026-03-17 01:11:00+00:00,0.83,491.9,72548
2026-03-17 01:12:00+00:00,0.75,495.4,86916
2026-03-17 01:13:00+00:00,0.89,494.6,71411
2026-03-17 01:14:00+00:00,0.85,494.1,77887
2026-03-17 01:15:00+00:00,0.89,494.5,71120
2026-03-17 01:16:00+00:00,0.88,495.6,78082
2026-03-17 01:17:00+00:00,0.77,494.6,74403
2026-03-17 01:18:00+00:00,0.70,499.2,67396
2026-03-17 01:19:00+00:00,0.73,496.6,66732
2026-03-17 01:20:00+00:00,0.71,489.7,65132
2026-03-17 01:21:00+00:00,0.70,488.2,66218
2026-03-17 01:22:00+00:00,0.74,490.3,74859
2026-03-17 01:23:00+00:00,0.77,493.1,80646
2026-03-17 01:24:00+00:00,0.87,497.2,80902
2026-03-17 01:25:00+00:00,0.72,499.3,70630
2026-03-17 01:26:00+00:00,0.73,499.6,71488
2026-03-17 01:27:00+00:00,0.80,502.0,79068
2026-03-17 01:28:00+00:00,0.90,498.7,74852
2026-03-17 01:29:00+00:00,0.71,496.2,80528
2026-03-17 01:30:00+00:00,0.80,497.5,71316
2026-03-17 01:31:00+00:00,0.82,497.1,73267
2026-03-17 01:32:00+00:00,0.75,494.8,74051
2026-03-17 01:33:00+00:00,0.65,491.7,67716
2026-03-17 01:34:00+00:00,0.66,491.9,68183
2026-03-17 01:35:00+00:00,0.71,492.7,69724
2026-03-17 01:36:00+00:00,0.76,493.5,71302
2026-03-17 01:37:00+00:00,0.77,494.6,72795
2026-03-17 01:38:00+00:00,0.70,494.1,73341
2026-03-17 01:39:00+00:00,0.77,494.3,73890
2026-03-17 01:40:00+00:00,0.94,497.7,72866
2026-03-17 01:41:00+00:00,0.70,495.8,78179
2026-03-17 01:42:00+00:00,0.70,499.0,79129
2026-03-17 01:43:00+00:00,0.85,500.3,85901
2026-03-17 01:44:00+00:00,0.57,496.3,71589
2026-03-17 01:45:00+00:00,0.55,497.9,70441
2026-03-17 01:46:00+00:00,0.63,502.5,73203
2026-03-17 01:47:00+00:00,0.63,501.1,70780
2026-03-17 01:48:00+00:00,0.56,501.8,72787
2026-03-17 01:49:00+00:00,0.66,498.9,77783
2026-03-17 01:50:00+00:00,0.57,495.6,74653
2026-03-17 01:51:00+00:00,0.47,502.2,65198
2026-03-17 01:52:00+00:00,0.57,501.7,65499
2026-03-17 01:53:00+00:00,0.69,494.1,71355
2026-03-17 01:54:00+00:00,0.62,493.6,73405
2026-03-17 01:55:00+00:00,0.53,495.3,75579
2026-03-17 01:56:00+00:00,0.54,494.7,80776
2026-03-17 01:57:00+00:00,0.58,492.6,99512
2026-03-17 01:58:00+00:00,0.53,510.4,60804
2026-03-17 01:59:00+00:00,0.43,,
2026-03-17 02:00:00+00:00,0.43,509.4,55433
2026-03-17 02:01:00+00:00,0.50,506.2,55077
2026-03-17 02:02:00+00:00,0.54,487.4,64963
2026-03-17 02:03:00+00:00,0.72,487.5,69168
2026-03-17 02:04:00+00:00,0.60,484.9,69191
2026-03-17 02:05:00+00:00,0.69,485.4,73437
2026-03-17 02:06:00+00:00,0.66,491.3,68548
2026-03-17 02:07:00+00:00,0.61,492.7,64988
2026-03-17 02:08:00+00:00,0.59,489.9,66129
2026-03-17 02:09:00+00:00,0.60,489.4,66466
2026-03-17 02:10:00+00:00,0.60,490.9,68413
2026-03-17 02:11:00+00:00,0.55,492.6,73014
2026-03-17 02:12:00+00:00,0.62,496.7,70047
2026-03-17 02:13:00+00:00,0.60,499.1,58821
2026-03-17 02:14:00+00:00,0.67,500.3,54669
2026-03-17 02:15:00+00:00,0.73,499.8,62861
2026-03-17 02:16:00+00:00,0.65,502.6,50945
2026-03-17 02:17:00+00:00,0.74,499.3,64763
2026-03-17 02:18:00+00:00,0.68,493.2,62340
2026-03-17 02:19:00+00:00,0.75,491.6,68671
2026-03-17 02:20:00+00:00,0.82,493.1,72263
2026-03-17 02:21:00+00:00,0.86,490.5,67461
2026-03-17 02:22:00+00:00,0.73,489.8,63158
2026-03-17 02:23:00+00:00,0.70,495.6,61728
2026-03-17 02:24:00+00:00,0.71,499.9,60443
2026-03-17 02:25:00+00:00,0.76,500.1,62251
2026-03-17 02:26:00+00:00,0.79,500.5,63864
2026-03-17 02:27:00+00:00,0.74,500.9,64844
2026-03-17 02:28:00+00:00,0.66,501.7,71128
2026-03-17 02:29:00+00:00,0.78,499.9,70046
2026-03-17 02:30:00+00:00,0.77,503.0,65296
2026-03-17 02:31:00+00:00,0.79,,
2026-03-17 02:32:00+00:00,0.79,501.6,64249
2026-03-17 02:33:00+00:00,0.60,510.2,51873
2026-03-17 02:34:00+00:00,0.58,508.8,57849
2026-03-17 02:35:00+00:00,0.55,511.1,57306
2026-03-17 02:36:00+00:00,0.64,508.9,56664
2026-03-17 02:37:00+00:00,0.57,509.2,58165
2026-03-17 02:38:00+00:00,0.50,512.6,57123
2026-03-17 02:39:00+00:00,0.72,503.5,66907
2026-03-17 02:40:00+00:00,0.89,495.2,73914
2026-03-17 02:41:00+00:00,0.83,497.1,73465
2026-03-17 02:42:00+00:00,0.80,501.5,69968
2026-03-17 02:43:00+00:00,0.87,503.6,65674
2026-03-17 02:44:00+00:00,0.90,502.4,72393
2026-03-17 02:45:00+00:00,0.82,505.7,67586
2026-03-17 02:46:00+00:00,0.82,505.5,68659
2026-03-17 02:47:00+00:00,0.74,509.9,67094
2026-03-17 02:48:00+00:00,0.81,503.9,77540
2026-03-17 02:49:00+00:00,0.91,502.9,69526
2026-03-17 02:50:00+00:00,1.03,499.2,78536
2026-03-17 02:51:00+00:00,1.06,496.0,77886
2026-03-17 02:52:00+00:00,0.83,500.3,74490
2026-03-17 02:53:00+00:00,0.76,500.9,68947
2026-03-17 02:54:00+00:00,0.78,502.1,68575
2026-03-17 02:55:00+00:00,0.87,497.2,70274
2026-03-17 02:56:00+00:00,0.64,487.6,72998
2026-03-17 02:57:00+00:00,0.72,488.1,71921
2026-03-17 02:58:00+00:00,0.76,487.7,69470
2026-03-17 02:59:00+00:00,0.65,485.3,69431
2026-03-17 03:00:00+00:00,0.60,483.4,75364
2026-03-17 03:01:00+00:00,0.41,480.8,80986
2026-03-17 03:02:00+00:00,0.47,480.5,78597
2026-03-17 03:03:00+00:00,0.63,481.4,73635
2026-03-17 03:05:00+00:00,0.48,478.4,68169
2026-03-17 03:06:00+00:00,0.28,477.4,66874
2026-03-17 03:07:00+00:00,0.12,477.3,135783
2026-03-17 03:08:00+00:00,0.08,485.6,126657
2026-03-17 03:09:00+00:00,0.08,494.1,112685
2026-03-17 03:10:00+00:00,0.07,494.5,118098
2026-03-17 03:11:00+00:00,0.09,494.4,112860
2026-03-17 03:12:00+00:00,0.11,494.3,106892
2026-03-17 03:13:00+00:00,0.09,491.1,128039
2026-03-17 03:14:00+00:00,0.28,486.3,122611
2026-03-17 03:15:00+00:00,0.53,483.6,67574
2026-03-17 03:16:00+00:00,0.34,484.2,67843
2026-03-17 03:17:00+00:00,0.40,479.4,82159
2026-03-17 03:18:00+00:00,0.45,478.5,76078
2026-03-17 03:19:00+00:00,0.85,493.4,62145
2026-03-17 03:20:00+00:00,0.60,493.9,68581
2026-03-17 03:21:00+00:00,0.76,495.2,69568
2026-03-17 03:22:00+00:00,0.69,492.2,89373
2026-03-17 03:23:00+00:00,0.83,494.6,81186
2026-03-17 03:24:00+00:00,0.74,494.9,90119
2026-03-17 03:25:00+00:00,0.89,493.8,82916
2026-03-17 03:26:00+00:00,0.77,495.0,85170
2026-03-17 03:27:00+00:00,0.70,497.2,72515
2026-03-17 03:28:00+00:00,0.66,501.6,58565
2026-03-17 03:29:00+00:00,0.60,504.4,53577
2026-03-17 03:30:00+00:00,0.47,508.7,67132
2026-03-17 03:31:00+00:00,0.46,507.0,62175
2026-03-17 03:32:00+00:00,0.42,503.5,52248
2026-03-17 03:33:00+00:00,0.38,504.3,56526
2026-03-17 03:34:00+00:00,0.46,502.5,51865
2026-03-17 03:35:00+00:00,0.54,504.8,60103
2026-03-17 03:36:00+00:00,0.55,502.4,59705
2026-03-17 03:37:00+00:00,0.55,,
2026-03-17 03:38:00+00:00,0.65,492.3,61514
2026-03-17 03:39:00+00:00,0.63,498.3,56059
2026-03-17 03:40:00+00:00,0.62,500.2,60810
2026-03-17 03:41:00+00:00,0.60,499.7,58783
2026-03-17 03:42:00+00:00,0.62,499.0,58239
2026-03-17 03:43:00+00:00,0.62,500.8,57043
2026-03-17 03:44:00+00:00,0.58,501.6,57826
2026-03-17 03:45:00+00:00,0.60,498.4,62484
2026-03-17 03:46:00+00:00,0.72,491.0,66425
2026-03-17 03:47:00+00:00,0.87,485.4,67000
2026-03-17 03:48:00+00:00,1.00,490.6,68202
2026-03-17 03:49:00+00:00,0.77,492.8,77926
2026-03-17 03:50:00+00:00,0.57,490.2,82436
2026-03-17 03:51:00+00:00,0.63,490.2,81107
2026-03-17 03:52:00+00:00,0.72,489.4,62266
2026-03-17 03:53:00+00:00,0.80,487.0,81276
2026-03-17 03:54:00+00:00,0.96,491.9,69351
2026-03-17 03:55:00+00:00,0.70,494.0,72732
2026-03-17 03:56:00+00:00,0.50,496.9,76040
2026-03-17 03:57:00+00:00,0.39,498.7,75237
2026-03-17 03:58:00+00:00,0.59,493.4,84943
2026-03-17 04:00:00+00:00,0.44,498.3,62716
2026-03-17 04:01:00+00:00,0.44,499.9,65803
2026-03-17 04:02:00+00:00,0.53,499.2,72118
2026-03-17 04:03:00+00:00,0.67,495.0,76797
2026-03-17 04:04:00+00:00,0.61,495.7,77381
2026-03-17 04:05:00+00:00,0.49,493.5,73080
2026-03-17 04:06:00+00:00,0.59,492.8,70680
2026-03-17 04:07:00+00:00,0.46,490.5,72393
2026-03-17 04:08:00+00:00,0.45,488.7,70347
2026-03-17 04:09:00+00:00,0.36,486.8,69025
2026-03-17 04:10:00+00:00,0.36,486.7,68980
2026-03-17 04:11:00+00:00,0.46,490.8,87301
2026-03-17 04:12:00+00:00,0.61,493.1,85568
2026-03-17 04:13:00+00:00,0.67,492.9,79371
2026-03-17 04:14:00+00:00,0.58,491.4,82692
2026-03-17 04:15:00+00:00,0.56,488.2,88478
2026-03-17 04:16:00+00:00,0.58,484.8,86567
2026-03-17 04:17:00+00:00,0.60,482.1,81968
2026-03-17 04:18:00+00:00,0.68,484.2,81755
2026-03-17 04:19:00+00:00,0.69,489.8,86347
2026-03-17 04:20:00+00:00,0.47,486.5,91104
2026-03-17 04:21:00+00:00,0.51,483.4,80404
2026-03-17 04:22:00+00:00,0.35,482.6,69770
2026-03-17 04:23:00+00:00,0.81,,
2026-03-17 04:24:00+00:00,0.81,493.8,73923
2026-03-17 04:25:00+00:00,0.71,495.4,66675
2026-03-17 04:26:00+00:00,0.71,492.7,71735
2026-03-17 04:27:00+00:00,0.80,494.8,70567
2026-03-17 04:28:00+00:00,0.88,496.6,71381
2026-03-17 04:29:00+00:00,0.83,497.4,72805
2026-03-17 04:30:00+00:00,0.63,497.5,81697
2026-03-17 04:31:00+00:00,0.31,492.7,83205
2026-03-17 04:32:00+00:00,0.13,489.7,99814
2026-03-17 04:33:00+00:00,0.12,489.9,116832
2026-03-17 04:34:00+00:00,0.21,491.5,99919
2026-03-17 04:35:00+00:00,0.37,494.7,75519
2026-03-17 04:36:00+00:00,0.38,493.4,73125
2026-03-17 04:37:00+00:00,0.33,491.0,75342
2026-03-17 04:38:00+00:00,0.14,477.8,117559
2026-03-17 04:39:00+00:00,0.52,483.5,74868
2026-03-17 04:40:00+00:00,0.53,489.7,76948
2026-03-17 04:41:00+00:00,0.91,493.6,80908
2026-03-17 04:42:00+00:00,0.75,493.8,79475
2026-03-17 04:43:00+00:00,0.73,493.8,79301
2026-03-17 04:44:00+00:00,0.79,493.7,73324
2026-03-17 04:45:00+00:00,0.69,496.5,70474
2026-03-17 04:46:00+00:00,0.67,495.8,66847
2026-03-17 04:47:00+00:00,0.65,494.4,85847
2026-03-17 04:48:00+00:00,0.66,496.2,99538
2026-03-17 04:49:00+00:00,0.59,500.8,85093
2026-03-17 04:50:00+00:00,0.42,502.7,70415
2026-03-17 04:51:00+00:00,0.40,501.0,70767
2026-03-17 04:52:00+00:00,0.37,503.3,64795
2026-03-17 04:53:00+00:00,0.29,504.5,73719
2026-03-17 04:54:00+00:00,0.12,500.5,110017
2026-03-17 04:55:00+00:00,0.37,508.2,58940
2026-03-17 04:56:00+00:00,0.30,508.2,71815
2026-03-17 04:57:00+00:00,0.31,508.5,88919
2026-03-17 04:58:00+00:00,0.21,512.8,123029
2026-03-17 04:59:00+00:00,0.18,504.7,108624
2026-03-17 05:00:00+00:00,0.13,502.4,98710
2026-03-17 05:01:00+00:00,0.30,503.4,76719
2026-03-17 05:02:00+00:00,0.31,506.8,72379
2026-03-17 05:03:00+00:00,0.19,501.6,85900
2026-03-17 05:04:00+00:00,0.15,499.4,81035
2026-03-17 05:05:00+00:00,0.14,495.9,86409
2026-03-17 05:06:00+00:00,0.10,478.3,117023
2026-03-17 05:07:00+00:00,0.11,467.0,126752
2026-03-17 05:08:00+00:00,0.13,477.3,118616
2026-03-17 05:09:00+00:00,0.21,477.1,102180
2026-03-17 05:10:00+00:00,0.14,467.6,122023
2026-03-17 05:11:00+00:00,0.11,479.5,126306
2026-03-17 05:12:00+00:00,0.11,479.1,115967
2026-03-17 05:13:00+00:00,0.20,478.3,110500
2026-03-17 05:14:00+00:00,0.10,474.7,139296
2026-03-17 05:15:00+00:00,0.09,482.4,117852
2026-03-17 05:16:00+00:00,0.09,484.1,112919
2026-03-17 05:17:00+00:00,0.13,492.0,161498
2026-03-17 05:18:00+00:00,0.11,482.8,127257
2026-03-17 05:19:00+00:00,0.10,473.8,111637
2026-03-17 05:20:00+00:00,0.09,477.3,133796
2026-03-17 05:21:00+00:00,0.08,482.0,151975
2026-03-17 05:22:00+00:00,0.10,477.9,140806
2026-03-17 05:23:00+00:00,0.11,475.0,138208
2026-03-17 05:24:00+00:00,0.14,475.3,160685
2026-03-17 05:25:00+00:00,0.15,473.7,121169
2026-03-17 05:26:00+00:00,0.11,478.4,126265
2026-03-17 05:27:00+00:00,0.13,480.4,112567
2026-03-17 05:28:00+00:00,0.10,481.0,124911
2026-03-17 05:29:00+00:00,0.09,486.9,116279
2026-03-17 05:30:00+00:00,0.30,482.3,64877
2026-03-17 05:31:00+00:00,0.17,479.7,105348
2026-03-17 05:32:00+00:00,0.33,484.6,74123
2026-03-17 05:33:00+00:00,0.43,486.4,74160
2026-03-17 05:34:00+00:00,0.40,481.6,77748
2026-03-17 05:35:00+00:00,0.21,482.8,99829
2026-03-17 05:36:00+00:00,0.20,481.9,104934
2026-03-17 05:37:00+00:00,0.40,481.9,89297
2026-03-17 05:38:00+00:00,0.57,489.2,81366
2026-03-17 05:39:00+00:00,0.68,491.0,79296
2026-03-17 05:40:00+00:00,0.68,490.2,83266
2026-03-17 05:41:00+00:00,0.69,495.2,99374
2026-03-17 05:42:00+00:00,0.59,500.2,88490
2026-03-17 05:43:00+00:00,0.39,507.0,78027
2026-03-17 05:44:00+00:00,0.52,476.9,81313
2026-03-17 05:45:00+00:00,0.78,482.8,72475
2026-03-17 05:46:00+00:00,0.84,485.3,75653
2026-03-17 05:47:00+00:00,0.80,488.5,70067
2026-03-17 05:48:00+00:00,0.79,488.3,73429
2026-03-17 05:49:00+00:00,0.79,488.1,74815
2026-03-17 05:50:00+00:00,1.03,487.9,67931
2026-03-17 05:51:00+00:00,1.03,484.1,71065
2026-03-17 05:52:00+00:00,0.85,485.5,78514
2026-03-17 05:53:00+00:00,0.68,494.2,79055
2026-03-17 05:54:00+00:00,0.85,489.8,79333
2026-03-17 05:55:00+00:00,0.89,491.1,77912
2026-03-17 05:56:00+00:00,0.96,491.1,69330
2026-03-17 05:57:00+00:00,0.87,481.4,55032
2026-03-17 05:58:00+00:00,0.81,486.1,79189
2026-03-17 05:59:00+00:00,1.00,508.6,158020
2026-03-17 06:00:00+00:00,0.80,477.8,63684
2026-03-17 06:01:00+00:00,0.91,486.4,89423
2026-03-17 06:02:00+00:00,1.01,483.7,80339
2026-03-17 06:03:00+00:00,0.84,476.7,67071
2026-03-17 06:04:00+00:00,0.91,478.3,69793
2026-03-17 06:05:00+00:00,1.56,449.5,37551
2026-03-17 06:06:00+00:00,1.00,475.0,111241
2026-03-17 06:07:00+00:00,0.79,490.9,118642
2026-03-17 06:08:00+00:00,0.93,485.8,90888
2026-03-17 06:09:00+00:00,0.85,487.2,94626
2026-03-17 06:10:00+00:00,0.76,483.6,76838
2026-03-17 06:11:00+00:00,0.61,475.3,56432
2026-03-17 06:12:00+00:00,0.61,481.5,71925
2026-03-17 06:13:00+00:00,0.64,486.3,80418
2026-03-17 06:14:00+00:00,0.64,492.6,96713
2026-03-17 06:15:00+00:00,0.45,475.2,63346
2026-03-17 06:16:00+00:00,0.72,487.8,72485
2026-03-17 06:17:00+00:00,0.82,498.8,108269
2026-03-17 06:18:00+00:00,0.62,478.5,61814
2026-03-17 06:19:00+00:00,0.59,476.9,54321
2026-03-17 06:20:00+00:00,0.55,485.4,55394
2026-03-17 06:21:00+00:00,0.57,482.1,59350
2026-03-17 06:22:00+00:00,0.59,479.6,60849
2026-03-17 06:23:00+00:00,0.57,481.3,64483
2026-03-17 06:24:00+00:00,0.73,486.7,89702
2026-03-17 06:25:00+00:00,0.74,484.6,91956
2026-03-17 06:26:00+00:00,0.76,476.5,70525
2026-03-17 06:27:00+00:00,0.87,488.7,74678
2026-03-17 06:28:00+00:00,0.28,511.2,52254
2026-03-17 06:29:00+00:00,0.28,511.0,60677
2026-03-17 06:30:00+00:00,0.21,496.4,59849
2026-03-17 06:32:00+00:00,0.30,495.2,46163
2026-03-17 06:33:00+00:00,0.36,502.1,51487
2026-03-17 06:34:00+00:00,0.31,507.6,54430
2026-03-17 06:35:00+00:00,0.28,484.5,43712
2026-03-17 06:36:00+00:00,0.25,494.5,57737
2026-03-17 06:37:00+00:00,0.25,494.6,53158
2026-03-17 06:38:00+00:00,0.29,500.6,64938
2026-03-17 06:39:00+00:00,0.20,498.0,90159
2026-03-17 06:40:00+00:00,0.09,484.9,92554
2026-03-17 06:41:00+00:00,0.06,480.2,103012
2026-03-17 06:42:00+00:00,0.06,481.8,111291
2026-03-17 06:43:00+00:00,0.07,480.4,83955
2026-03-17 06:44:00+00:00,0.24,487.1,90197
2026-03-17 06:45:00+00:00,0.68,490.3,72665
2026-03-17 06:46:00+00:00,0.43,492.7,47352
2026-03-17 06:47:00+00:00,0.35,509.3,54910
2026-03-17 06:48:00+00:00,0.32,503.6,56604
2026-03-17 06:49:00+00:00,0.33,496.1,60091
2026-03-17 06:50:00+00:00,0.81,488.1,82424
2026-03-17 06:51:00+00:00,0.37,496.2,73707
2026-03-17 06:52:00+00:00,0.37,498.6,55772
2026-03-17 06:53:00+00:00,0.38,504.3,56833
2026-03-17 06:54:00+00:00,0.44,489.8,48849
2026-03-17 06:55:00+00:00,0.48,480.1,42778
2026-03-17 06:56:00+00:00,0.38,505.3,68222
2026-03-17 06:57:00+00:00,0.34,504.7,68661
2026-03-17 06:58:00+00:00,0.37,508.7,66392
2026-03-17 06:59:00+00:00,0.51,505.9,53383
2026-03-17 07:00:00+00:00,0.48,486.1,38320
2026-03-17 07:01:00+00:00,0.38,506.5,53500
2026-03-17 07:02:00+00:00,0.29,503.6,65250
2026-03-17 07:03:00+00:00,0.25,498.8,54493
2026-03-17 07:04:00+00:00,0.33,502.5,46489
2026-03-17 07:05:00+00:00,0.31,510.3,53393
2026-03-17 07:06:00+00:00,0.38,506.7,53157
2026-03-17 07:07:00+00:00,0.34,489.6,39736
2026-03-17 07:08:00+00:00,0.30,500.1,48410
2026-03-17 07:09:00+00:00,0.29,492.1,45898
2026-03-17 07:10:00+00:00,0.28,497.1,71268
2026-03-17 07:11:00+00:00,0.16,490.3,88906
2026-03-17 07:12:00+00:00,0.08,496.3,105553
2026-03-17 07:13:00+00:00,0.10,513.0,117743
2026-03-17 07:14:00+00:00,0.10,500.5,97352
2026-03-17 07:15:00+00:00,0.18,484.2,66027
2026-03-17 07:16:00+00:00,0.47,499.7,54079
2026-03-17 07:17:00+00:00,0.46,499.3,49267
2026-03-17 07:18:00+00:00,0.38,516.3,77634
2026-03-17 07:19:00+00:00,0.53,479.9,36670
2026-03-17 07:20:00+00:00,0.32,482.3,56150
2026-03-17 07:21:00+00:00,0.30,479.9,40935
2026-03-17 07:22:00+00:00,0.34,482.6,75122
2026-03-17 07:23:00+00:00,0.40,469.7,50836
2026-03-17 07:24:00+00:00,0.50,476.3,60683
2026-03-17 07:25:00+00:00,0.59,494.6,102675
2026-03-17 07:26:00+00:00,0.54,486.7,82494
2026-03-17 07:27:00+00:00,0.46,477.3,58825
2026-03-17 07:28:00+00:00,0.44,476.6,56733
2026-03-17 07:29:00+00:00,0.63,500.9,129048
2026-03-17 07:30:00+00:00,0.53,492.0,96808
2026-03-17 07:31:00+00:00,0.39,478.5,46838
2026-03-17 07:32:00+00:00,0.44,484.1,64073
2026-03-17 07:33:00+00:00,0.48,488.0,72801
2026-03-17 07:34:00+00:00,0.53,481.1,52791
2026-03-17 07:35:00+00:00,0.47,483.8,56066
2026-03-17 07:36:00+00:00,0.44,484.7,66386
2026-03-17 07:37:00+00:00,0.41,481.1,59463
2026-03-17 07:38:00+00:00,0.58,479.4,51407
2026-03-17 07:39:00+00:00,0.58,485.8,73872
2026-03-17 07:40:00+00:00,0.56,480.6,69184
2026-03-17 07:41:00+00:00,0.66,475.7,53804
2026-03-17 07:42:00+00:00,0.86,470.2,63705
2026-03-17 07:43:00+00:00,0.80,473.9,70872
2026-03-17 07:44:00+00:00,0.63,474.1,58739
2026-03-17 07:45:00+00:00,0.59,475.1,57883
2026-03-17 07:46:00+00:00,0.53,477.4,63456
2026-03-17 07:47:00+00:00,0.43,470.8,51139
2026-03-17 07:48:00+00:00,0.48,476.4,55446
2026-03-17 07:49:00+00:00,0.50,476.8,63351
2026-03-17 07:50:00+00:00,0.40,471.0,57338
2026-03-17 07:51:00+00:00,0.44,474.2,64472
2026-03-17 07:52:00+00:00,0.43,473.6,50217
2026-03-17 07:53:00+00:00,0.44,467.7,45512
2026-03-17 07:54:00+00:00,0.42,460.1,39436
2026-03-17 07:55:00+00:00,0.57,466.5,49277
2026-03-17 07:56:00+00:00,0.40,486.2,48048
2026-03-17 07:57:00+00:00,0.25,519.8,82894
2026-03-17 07:58:00+00:00,0.39,505.6,75376
2026-03-17 07:59:00+00:00,0.38,490.9,58174
2026-03-17 08:00:00+00:00,0.41,486.0,48238
2026-03-17 08:01:00+00:00,0.45,486.0,48128
2026-03-17 08:02:00+00:00,0.58,494.3,102603
2026-03-17 08:03:00+00:00,0.54,487.7,84079
2026-03-17 08:04:00+00:00,0.50,473.3,43171
2026-03-17 08:05:00+00:00,0.69,479.0,56924
2026-03-17 08:06:00+00:00,0.72,490.3,82249
2026-03-17 08:07:00+00:00,0.53,471.7,34284
2026-03-17 08:08:00+00:00,0.60,479.6,54365
2026-03-17 08:09:00+00:00,0.91,470.2,40843
2026-03-17 08:10:00+00:00,0.17,496.2,131278
2026-03-17 08:11:00+00:00,0.10,453.7,63292
2026-03-17 08:12:00+00:00,0.06,459.5,93619
2026-03-17 08:13:00+00:00,0.06,461.3,110302
2026-03-17 08:14:00+00:00,0.06,458.4,83980
2026-03-17 08:15:00+00:00,0.06,463.1,93368
2026-03-17 08:16:00+00:00,0.05,466.4,102114
2026-03-17 08:17:00+00:00,0.06,455.6,82464
2026-03-17 08:18:00+00:00,0.08,451.2,85451
2026-03-17 08:19:00+00:00,0.25,464.2,92399
2026-03-17 08:20:00+00:00,0.66,466.1,63279
2026-03-17 08:21:00+00:00,0.52,480.3,98558
2026-03-17 08:22:00+00:00,0.30,456.7,39078
2026-03-17 08:23:00+00:00,0.30,461.7,49401
2026-03-17 08:24:00+00:00,0.07,473.8,116734
2026-03-17 08:25:00+00:00,0.07,486.3,169232
2026-03-17 08:26:00+00:00,0.07,474.2,117438
2026-03-17 08:27:00+00:00,0.09,458.1,129848
2026-03-17 08:28:00+00:00,0.62,471.4,113030
2026-03-17 08:29:00+00:00,0.43,461.9,75287
2026-03-17 08:30:00+00:00,0.31,465.0,68577
2026-03-17 08:31:00+00:00,0.38,467.8,57895
2026-03-17 08:32:00+00:00,0.41,471.6,71499
2026-03-17 08:33:00+00:00,0.42,472.1,76974
2026-03-17 08:34:00+00:00,0.45,465.1,51641
2026-03-17 08:35:00+00:00,0.95,489.6,103878
2026-03-17 08:36:00+00:00,0.81,483.9,92243
2026-03-17 08:37:00+00:00,0.34,466.4,54402
2026-03-17 08:38:00+00:00,0.38,471.4,54859
2026-03-17 08:39:00+00:00,0.83,463.2,42049
2026-03-17 08:40:00+00:00,0.56,478.6,60877
2026-03-17 08:41:00+00:00,0.45,468.7,43765
2026-03-17 08:42:00+00:00,0.54,479.2,65342
2026-03-17 08:43:00+00:00,0.50,475.4,64444
2026-03-17 08:44:00+00:00,0.50,476.5,65211
2026-03-17 08:45:00+00:00,0.47,475.1,59350
2026-03-17 08:46:00+00:00,0.51,472.3,57406
2026-03-17 08:47:00+00:00,0.55,477.3,69138
2026-03-17 08:48:00+00:00,0.66,477.9,69369
2026-03-17 08:49:00+00:00,0.76,475.8,66342
2026-03-17 08:50:00+00:00,0.79,478.5,71321
2026-03-17 08:51:00+00:00,0.78,476.6,62982
2026-03-17 08:52:00+00:00,0.62,473.4,53960
2026-03-17 08:53:00+00:00,0.55,478.2,59423
2026-03-17 08:54:00+00:00,0.51,475.3,52641
2026-03-17 08:55:00+00:00,0.65,480.5,64118
2026-03-17 08:56:00+00:00,0.58,474.3,59064
2026-03-17 08:57:00+00:00,0.60,480.1,64544
2026-03-17 08:58:00+00:00,0.76,482.0,70195
2026-03-17 08:59:00+00:00,0.66,481.9,70117
2026-03-17 09:00:00+00:00,0.45,470.4,48282
2026-03-17 09:01:00+00:00,0.38,469.8,49382
2026-03-17 09:02:00+00:00,0.43,487.1,101854
2026-03-17 09:03:00+00:00,0.37,478.9,81250
2026-03-17 09:04:00+00:00,0.31,471.4,50714
2026-03-17 09:05:00+00:00,0.31,467.4,46168
2026-03-17 09:06:00+00:00,0.33,470.1,67448
2026-03-17 09:07:00+00:00,0.38,497.3,130263
2026-03-17 09:08:00+00:00,0.45,469.0,30852
2026-03-17 09:10:00+00:00,1.09,488.9,193233
2026-03-17 09:11:00+00:00,0.56,465.0,48489
2026-03-17 09:12:00+00:00,0.90,472.5,64711
2026-03-17 09:13:00+00:00,0.83,469.3,59653
2026-03-17 09:14:00+00:00,1.05,481.8,87078
2026-03-17 09:15:00+00:00,0.80,468.5,53094
2026-03-17 09:16:00+00:00,0.83,471.5,59614
2026-03-17 09:17:00+00:00,1.02,484.9,112092
2026-03-17 09:18:00+00:00,1.01,476.1,84428
2026-03-17 09:19:00+00:00,1.17,471.3,61046
2026-03-17 09:20:00+00:00,1.29,473.3,64888
2026-03-17 09:21:00+00:00,1.22,480.9,71011
2026-03-17 09:22:00+00:00,1.17,488.7,74026
2026-03-17 09:23:00+00:00,0.99,483.3,72644
2026-03-17 09:24:00+00:00,0.61,479.0,78893
2026-03-17 09:25:00+00:00,0.66,473.1,51941
2026-03-17 09:26:00+00:00,0.73,471.8,62909
2026-03-17 09:27:00+00:00,0.78,474.8,50777
2026-03-17 09:28:00+00:00,0.67,486.0,68013
2026-03-17 09:29:00+00:00,0.67,481.4,57094
2026-03-17 09:30:00+00:00,1.03,503.2,75769
2026-03-17 09:31:00+00:00,0.74,474.2,43104
2026-03-17 09:34:00+00:00,0.42,473.9,52960
2026-03-17 09:35:00+00:00,0.73,482.6,81764
2026-03-17 09:36:00+00:00,0.75,477.4,81007
2026-03-17 09:37:00+00:00,0.70,464.5,51806
2026-03-17 09:38:00+00:00,0.67,464.3,47118
2026-03-17 09:39:00+00:00,0.68,466.0,52477
2026-03-17 09:40:00+00:00,0.73,465.3,50053
2026-03-17 09:41:00+00:00,0.65,462.4,46643
2026-03-17 09:42:00+00:00,0.66,461.8,45935
2026-03-17 09:43:00+00:00,0.72,456.2,40283
2026-03-17 09:44:00+00:00,0.22,449.3,61231
2026-03-17 09:45:00+00:00,0.94,462.8,70012
2026-03-17 09:46:00+00:00,0.44,468.1,52154
2026-03-17 09:47:00+00:00,0.48,455.6,54829
2026-03-17 09:48:00+00:00,0.17,458.4,106714
2026-03-17 09:49:00+00:00,0.73,456.4,73075
2026-03-17 09:50:00+00:00,0.88,460.5,54157
2026-03-17 09:51:00+00:00,0.81,476.8,56711
2026-03-17 09:52:00+00:00,0.80,483.5,52367
2026-03-17 09:53:00+00:00,0.79,477.9,44768
2026-03-17 09:54:00+00:00,0.82,483.1,75202
2026-03-17 09:55:00+00:00,0.82,491.0,108816
2026-03-17 09:56:00+00:00,0.68,473.1,48090
2026-03-17 09:57:00+00:00,0.47,466.4,35216
2026-03-17 09:58:00+00:00,0.76,475.8,53059
2026-03-17 10:02:00+00:00,0.88,476.0,58384
2026-03-17 10:03:00+00:00,0.82,477.8,50743
2026-03-17 10:04:00+00:00,0.76,477.8,47258
2026-03-17 10:05:00+00:00,0.82,484.5,78155
2026-03-17 10:06:00+00:00,0.83,477.1,62851
2026-03-17 10:07:00+00:00,0.86,474.7,57163
2026-03-17 10:08:00+00:00,0.81,477.9,59690
2026-03-17 10:09:00+00:00,0.81,486.3,84376
2026-03-17 10:10:00+00:00,0.82,484.7,92052
2026-03-17 10:11:00+00:00,0.66,467.7,41147
2026-03-17 10:12:00+00:00,0.61,471.4,46650
2026-03-17 10:13:00+00:00,0.56,454.2,27487
2026-03-17 10:14:00+00:00,0.51,499.8,70174
2026-03-17 10:15:00+00:00,0.52,498.6,69742
2026-03-17 10:16:00+00:00,0.81,465.2,57210
2026-03-17 10:17:00+00:00,0.75,462.1,51883
2026-03-17 10:18:00+00:00,0.75,460.5,40093
2026-03-17 10:19:00+00:00,0.83,467.4,60893
2026-03-17 10:20:00+00:00,0.85,468.8,65311
2026-03-17 10:21:00+00:00,0.64,469.4,38538
2026-03-17 10:22:00+00:00,0.85,477.3,49678
2026-03-17 10:23:00+00:00,0.91,480.7,48140
2026-03-17 10:24:00+00:00,0.78,481.1,42227
2026-03-17 10:25:00+00:00,0.74,480.5,46274
2026-03-17 10:26:00+00:00,0.79,477.5,50532
2026-03-17 10:27:00+00:00,0.75,477.7,47456
2026-03-17 10:28:00+00:00,0.72,480.1,44532
2026-03-17 10:29:00+00:00,0.73,481.2,47927
2026-03-17 10:30:00+00:00,0.73,477.6,47488
2026-03-17 10:33:00+00:00,0.78,473.9,56549
2026-03-17 10:34:00+00:00,0.45,468.6,64580
2026-03-17 10:35:00+00:00,0.46,467.1,54335
2026-03-17 10:36:00+00:00,0.54,472.2,50886
2026-03-17 10:37:00+00:00,0.45,470.5,51696
2026-03-17 10:38:00+00:00,0.54,464.8,39148
2026-03-17 10:39:00+00:00,0.60,462.0,32257
2026-03-17 10:40:00+00:00,0.48,465.4,38422
2026-03-17 10:41:00+00:00,0.39,467.3,41677
2026-03-17 10:42:00+00:00,0.41,464.8,39354
2026-03-17 10:43:00+00:00,0.40,464.9,41433
2026-03-17 10:44:00+00:00,0.40,465.4,43079
2026-03-17 10:45:00+00:00,0.50,462.8,43311
2026-03-17 10:47:00+00:00,0.52,,
2026-03-17 10:48:00+00:00,0.52,468.2,41167
2026-03-17 10:49:00+00:00,0.49,471.2,42841
2026-03-17 10:50:00+00:00,0.35,462.6,44673
2026-03-17 10:51:00+00:00,0.35,463.6,42586
2026-03-17 10:52:00+00:00,0.34,459.9,37616
2026-03-17 10:53:00+00:00,0.33,458.2,41212
2026-03-17 10:54:00+00:00,0.34,458.0,40543
2026-03-17 10:55:00+00:00,0.37,457.2,39921
2026-03-17 10:56:00+00:00,0.38,450.6,36330
2026-03-17 10:57:00+00:00,0.36,446.0,34641
2026-03-17 10:58:00+00:00,0.31,446.6,37575
2026-03-17 10:59:00+00:00,0.24,445.3,37562
2026-03-17 11:00:00+00:00,0.27,448.6,37773
2026-03-17 11:01:00+00:00,0.40,453.9,32793
2026-03-17 11:02:00+00:00,0.31,454.5,40921
2026-03-17 11:03:00+00:00,0.31,454.5,41225
2026-03-17 11:04:00+00:00,0.24,451.9,50032
2026-03-17 11:05:00+00:00,0.31,459.7,44607
2026-03-17 11:06:00+00:00,0.36,465.2,45143
2026-03-17 11:07:00+00:00,0.55,475.4,45048
2026-03-17 11:08:00+00:00,0.52,471.6,41520
2026-03-17 11:09:00+00:00,0.54,469.1,44502
2026-03-17 11:10:00+00:00,0.35,457.6,44201
2026-03-17 11:11:00+00:00,0.23,452.6,42610
2026-03-17 11:12:00+00:00,0.26,455.0,43746
2026-03-17 11:13:00+00:00,0.33,457.4,43217
2026-03-17 11:14:00+00:00,0.35,459.0,43667
2026-03-17 11:15:00+00:00,0.31,457.4,47091
2026-03-17 11:16:00+00:00,0.26,454.6,44857
2026-03-17 11:17:00+00:00,0.33,457.3,50241
2026-03-17 11:18:00+00:00,0.42,458.8,43885
2026-03-17 11:21:00+00:00,0.83,471.0,103441
2026-03-17 11:22:00+00:00,0.53,479.8,51775
2026-03-17 11:23:00+00:00,0.52,482.3,44369
2026-03-17 11:24:00+00:00,0.55,485.4,40439
2026-03-17 11:25:00+00:00,0.51,483.6,44824
2026-03-17 11:26:00+00:00,0.50,481.0,44309
2026-03-17 11:27:00+00:00,0.61,477.3,46995
2026-03-17 11:28:00+00:00,0.58,478.7,50042
2026-03-17 11:29:00+00:00,0.49,481.3,45159
2026-03-17 11:30:00+00:00,0.60,479.9,40371
2026-03-17 11:31:00+00:00,0.66,481.9,43545
2026-03-17 11:32:00+00:00,0.51,484.8,42633
2026-03-17 11:33:00+00:00,0.50,485.1,42472
2026-03-17 11:34:00+00:00,0.49,486.7,41248
2026-03-17 11:35:00+00:00,0.69,485.3,37588
2026-03-17 11:36:00+00:00,0.52,484.4,40910
2026-03-17 11:37:00+00:00,1.00,464.2,42390
2026-03-17 11:38:00+00:00,0.82,466.6,38452
2026-03-17 11:39:00+00:00,0.83,466.0,42731
2026-03-17 11:40:00+00:00,0.83,466.5,52358
2026-03-17 11:41:00+00:00,0.68,466.5,45767
2026-03-17 11:42:00+00:00,0.56,468.2,43234
2026-03-17 11:43:00+00:00,0.47,467.5,44221
2026-03-17 11:44:00+00:00,0.49,466.7,47404
2026-03-17 11:45:00+00:00,0.71,468.7,47592
2026-03-17 11:46:00+00:00,0.96,470.2,42863
2026-03-17 11:47:00+00:00,1.02,469.2,46276
2026-03-17 11:48:00+00:00,0.91,469.3,55518
2026-03-17 11:49:00+00:00,0.89,471.4,46097
2026-03-17 11:50:00+00:00,0.95,468.5,43080
2026-03-17 11:51:00+00:00,1.16,467.9,47963
2026-03-17 11:54:00+00:00,0.95,464.0,50766
2026-03-17 11:55:00+00:00,1.15,465.4,54041
2026-03-17 11:56:00+00:00,0.86,467.5,55277
2026-03-17 11:57:00+00:00,1.06,466.4,46153
2026-03-17 11:58:00+00:00,1.03,469.8,41954
2026-03-17 11:59:00+00:00,0.86,465.4,44544
2026-03-17 12:00:00+00:00,0.75,459.9,47593
2026-03-17 12:01:00+00:00,0.73,459.6,46646
2026-03-17 12:03:00+00:00,0.84,463.3,56551
2026-03-17 12:04:00+00:00,0.83,463.2,55920
2026-03-17 12:05:00+00:00,0.78,462.7,54026
2026-03-17 12:06:00+00:00,0.72,462.1,55166
2026-03-17 12:07:00+00:00,0.76,463.8,57199
2026-03-17 12:08:00+00:00,0.76,465.7,51817
2026-03-17 12:09:00+00:00,0.68,466.4,56419
2026-03-17 12:10:00+00:00,0.85,464.3,56083
2026-03-17 12:11:00+00:00,0.56,465.1,57052
2026-03-17 12:12:00+00:00,0.54,463.7,63153
2026-03-17 12:13:00+00:00,0.49,464.1,68229
2026-03-17 12:14:00+00:00,0.55,464.6,70240
2026-03-17 12:15:00+00:00,0.63,454.8,51128
2026-03-17 12:16:00+00:00,0.52,446.5,39385
2026-03-17 12:17:00+00:00,0.36,442.3,39187
2026-03-17 12:18:00+00:00,0.33,437.6,32434
2026-03-17 12:19:00+00:00,0.35,437.3,28018
2026-03-17 12:20:00+00:00,0.43,436.4,27124
2026-03-17 12:21:00+00:00,0.39,434.8,25621
2026-03-17 12:22:00+00:00,0.31,433.4,22936
2026-03-17 12:23:00+00:00,0.40,438.1,33589
2026-03-17 12:24:00+00:00,0.46,438.5,29431
2026-03-17 12:27:00+00:00,0.42,439.8,27667
2026-03-17 12:28:00+00:00,0.42,439.9,27114
2026-03-17 12:29:00+00:00,0.47,441.9,29640
2026-03-17 12:30:00+00:00,0.32,436.4,25581
2026-03-17 12:31:00+00:00,0.31,435.5,25578
2026-03-17 12:33:00+00:00,0.40,439.9,28158
2026-03-17 12:34:00+00:00,0.37,438.1,25357
2026-03-17 12:35:00+00:00,0.33,435.5,21568
2026-03-17 12:36:00+00:00,0.34,436.5,23914
2026-03-17 12:37:00+00:00,0.30,434.6,24913
2026-03-17 12:38:00+00:00,0.33,437.5,31964
2026-03-17 12:39:00+00:00,0.30,435.9,35287
2026-03-17 12:40:00+00:00,0.39,437.4,30190
2026-03-17 12:41:00+00:00,0.44,440.8,35000
2026-03-17 12:42:00+00:00,0.48,439.1,30969
2026-03-17 12:43:00+00:00,0.39,438.3,26809
2026-03-17 12:44:00+00:00,0.46,440.0,23500
2026-03-17 12:45:00+00:00,0.34,436.1,22273
2026-03-17 12:46:00+00:00,0.31,436.1,25809
2026-03-17 12:47:00+00:00,0.28,436.5,30926
2026-03-17 12:48:00+00:00,0.33,437.4,32608
2026-03-17 12:49:00+00:00,0.38,436.7,27161
2026-03-17 12:50:00+00:00,0.29,434.1,25605
2026-03-17 12:51:00+00:00,0.17,437.7,39635
2026-03-17 12:52:00+00:00,0.10,444.1,48495
2026-03-17 12:53:00+00:00,0.21,438.0,35856
2026-03-17 12:54:00+00:00,0.13,432.5,44764
2026-03-17 12:55:00+00:00,0.34,439.3,27933
2026-03-17 12:56:00+00:00,0.21,434.1,28515
2026-03-17 12:57:00+00:00,0.87,439.7,29798
2026-03-17 13:00:00+00:00,0.75,452.8,56195
2026-03-17 13:01:00+00:00,0.77,447.7,44866
2026-03-17 13:02:00+00:00,0.74,448.6,43816
2026-03-17 13:03:00+00:00,0.81,452.1,46115
2026-03-17 13:04:00+00:00,0.84,451.3,47663
2026-03-17 13:05:00+00:00,0.75,447.1,45394
2026-03-17 13:06:00+00:00,0.64,447.1,44516
2026-03-17 13:07:00+00:00,0.67,448.7,46965
2026-03-17 13:08:00+00:00,0.78,448.4,45075
2026-03-17 13:09:00+00:00,0.67,446.0,44620
2026-03-17 13:10:00+00:00,0.71,444.3,47105
2026-03-17 13:11:00+00:00,0.74,443.4,47030
2026-03-17 13:12:00+00:00,0.61,447.3,43392
2026-03-17 13:13:00+00:00,0.61,443.7,47939
2026-03-17 13:14:00+00:00,0.48,444.9,51916
2026-03-17 13:15:00+00:00,0.75,444.2,45910
2026-03-17 13:16:00+00:00,0.87,443.5,41861
2026-03-17 13:17:00+00:00,0.80,440.9,38796
2026-03-17 13:18:00+00:00,0.61,436.2,38677
2026-03-17 13:20:00+00:00,0.52,438.2,38306
2026-03-17 13:21:00+00:00,0.62,439.3,37244
2026-03-17 13:22:00+00:00,0.45,440.7,34559
2026-03-17 13:23:00+00:00,0.59,441.7,36537
2026-03-17 13:24:00+00:00,0.86,439.0,35654
2026-03-17 13:25:00+00:00,0.84,438.8,37088
2026-03-17 13:26:00+00:00,0.76,439.5,35446
2026-03-17 13:27:00+00:00,0.82,444.6,41477
2026-03-17 13:28:00+00:00,0.74,439.4,38343
2026-03-17 13:29:00+00:00,0.79,444.8,43762
2026-03-17 13:30:00+00:00,0.71,443.1,42309
2026-03-17 13:33:00+00:00,0.91,446.6,43293
2026-03-17 13:34:00+00:00,0.96,447.4,43151
2026-03-17 13:35:00+00:00,1.03,445.9,43174
2026-03-17 13:36:00+00:00,1.01,445.7,43913
2026-03-17 13:37:00+00:00,0.94,447.1,45217
2026-03-17 13:38:00+00:00,0.96,448.2,42156
2026-03-17 13:39:00+00:00,0.99,448.9,36740
2026-03-17 13:40:00+00:00,0.96,447.3,39223
2026-03-17 13:41:00+00:00,1.14,449.3,37124
2026-03-17 13:42:00+00:00,1.04,445.4,36213
2026-03-17 13:43:00+00:00,0.86,447.3,32235
2026-03-17 13:44:00+00:00,1.02,446.1,37533
2026-03-17 13:45:00+00:00,0.87,443.9,40514
2026-03-17 13:46:00+00:00,0.91,445.0,42410
2026-03-17 13:47:00+00:00,0.66,455.1,44680
2026-03-17 13:48:00+00:00,0.63,459.2,44411
2026-03-17 13:49:00+00:00,1.08,457.8,42588
2026-03-17 13:50:00+00:00,1.27,456.9,41896
2026-03-17 13:51:00+00:00,1.08,460.0,39576
2026-03-17 13:52:00+00:00,0.83,458.8,43684
2026-03-17 13:53:00+00:00,0.58,456.3,42472
2026-03-17 13:54:00+00:00,0.63,459.4,50723
2026-03-17 13:55:00+00:00,0.79,464.3,67573
2026-03-17 13:56:00+00:00,1.00,455.0,45901
2026-03-17 13:57:00+00:00,1.05,449.2,43007
2026-03-17 13:58:00+00:00,0.92,466.0,96158
2026-03-17 13:59:00+00:00,0.91,465.9,95796
2026-03-17 14:00:00+00:00,0.86,463.7,85317
2026-03-17 14:01:00+00:00,1.07,444.5,25703
2026-03-17 14:02:00+00:00,1.37,469.8,81634
2026-03-17 14:03:00+00:00,1.33,469.1,86240
2026-03-17 14:04:00+00:00,0.77,453.0,46479
2026-03-17 14:05:00+00:00,0.61,448.3,34489
2026-03-17 14:06:00+00:00,0.49,444.0,48040
2026-03-17 14:07:00+00:00,0.39,438.4,39293
2026-03-17 14:08:00+00:00,0.48,437.2,34307
2026-03-17 14:09:00+00:00,0.79,446.7,50958
2026-03-17 14:10:00+00:00,0.93,456.9,73543
2026-03-17 14:11:00+00:00,0.84,456.7,68197
2026-03-17 14:12:00+00:00,0.68,445.5,39036
2026-03-17 14:13:00+00:00,0.61,438.4,33914
2026-03-17 14:14:00+00:00,1.49,461.7,76986
2026-03-17 14:15:00+00:00,0.84,443.2,37647
2026-03-17 14:16:00+00:00,0.51,436.0,34000
2026-03-17 14:17:00+00:00,1.08,452.5,62098
2026-03-17 14:18:00+00:00,0.72,442.4,41216
2026-03-17 14:19:00+00:00,0.59,439.7,39396
2026-03-17 14:20:00+00:00,0.83,442.1,41190
2026-03-17 14:21:00+00:00,1.04,455.0,71863
2026-03-17 14:22:00+00:00,0.70,442.8,56403
2026-03-17 14:23:00+00:00,0.57,438.9,49202
2026-03-17 14:24:00+00:00,0.48,444.6,59925
2026-03-17 14:25:00+00:00,0.33,440.7,52003
2026-03-17 14:26:00+00:00,0.35,436.6,43928
2026-03-17 14:27:00+00:00,0.25,441.9,62056
2026-03-17 14:28:00+00:00,0.37,441.5,40586
2026-03-17 14:29:00+00:00,0.30,434.1,58396
2026-03-17 14:30:00+00:00,0.57,448.8,82618
2026-03-17 14:31:00+00:00,0.32,438.9,54210
2026-03-17 14:32:00+00:00,0.50,446.1,78800
2026-03-17 14:33:00+00:00,0.24,432.7,49074
2026-03-17 14:34:00+00:00,0.33,437.6,48538
2026-03-17 14:35:00+00:00,0.32,429.4,42011
2026-03-17 14:36:00+00:00,0.35,435.8,52720
2026-03-17 14:37:00+00:00,0.50,440.1,51766
2026-03-17 14:38:00+00:00,0.55,440.8,49789
2026-03-17 14:41:00+00:00,0.65,437.0,47133
2026-03-17 14:42:00+00:00,0.58,434.0,41876
2026-03-17 14:43:00+00:00,0.50,436.1,52539
2026-03-17 14:44:00+00:00,0.56,449.0,86847
2026-03-17 14:45:00+00:00,0.38,436.1,46900
2026-03-17 14:46:00+00:00,0.37,435.1,42630
2026-03-17 14:47:00+00:00,0.45,446.6,62521
2026-03-17 14:48:00+00:00,0.65,449.2,48122
2026-03-17 14:49:00+00:00,0.47,440.0,44292
2026-03-17 14:50:00+00:00,0.53,426.8,26074
2026-03-17 14:51:00+00:00,0.68,439.4,41394
2026-03-17 14:52:00+00:00,0.94,450.6,43589
2026-03-17 14:53:00+00:00,1.23,454.0,50239
2026-03-17 14:54:00+00:00,1.05,451.5,62168
2026-03-17 14:55:00+00:00,0.63,441.7,49033
2026-03-17 14:56:00+00:00,0.77,439.0,38707
2026-03-17 14:57:00+00:00,0.98,434.7,33270
2026-03-17 14:58:00+00:00,0.72,436.7,56693
2026-03-17 14:59:00+00:00,0.54,453.2,103903
2026-03-17 15:00:00+00:00,0.65,441.2,67799
2026-03-17 15:01:00+00:00,1.13,438.3,57002
2026-03-17 15:03:00+00:00,0.75,437.6,39756
2026-03-17 15:04:00+00:00,0.72,451.2,49602
2026-03-17 15:05:00+00:00,0.67,438.8,37589
2026-03-17 15:06:00+00:00,0.91,458.4,107953
2026-03-17 15:07:00+00:00,0.71,442.7,56499
2026-03-17 15:08:00+00:00,0.71,445.1,59986
2026-03-17 15:09:00+00:00,0.71,443.8,61740
2026-03-17 15:10:00+00:00,0.82,448.6,66510
2026-03-17 15:11:00+00:00,0.89,452.1,69996
2026-03-17 15:14:00+00:00,0.67,444.7,81388
2026-03-17 15:15:00+00:00,0.45,434.0,46849
2026-03-17 15:16:00+00:00,0.58,443.0,65383
2026-03-17 15:17:00+00:00,0.73,445.9,77106
2026-03-17 15:18:00+00:00,0.56,440.8,56154
2026-03-17 15:19:00+00:00,0.47,442.3,47283
2026-03-17 15:21:00+00:00,0.76,454.1,70861
2026-03-17 15:22:00+00:00,0.57,443.7,36893
2026-03-17 15:23:00+00:00,0.64,452.3,44750
2026-03-17 15:24:00+00:00,0.41,438.7,27938
2026-03-17 15:25:00+00:00,0.44,446.3,33732
2026-03-17 15:26:00+00:00,0.52,452.4,50950
2026-03-17 15:27:00+00:00,0.38,435.1,31709
2026-03-17 15:28:00+00:00,0.46,430.6,26887
2026-03-17 15:29:00+00:00,0.69,450.2,68285
2026-03-17 15:30:00+00:00,0.55,453.5,75544
2026-03-17 15:31:00+00:00,0.40,438.3,31591
2026-03-17 15:32:00+00:00,0.68,445.6,37597
2026-03-17 15:33:00+00:00,0.83,447.1,37346
2026-03-17 15:34:00+00:00,0.73,441.6,29306
2026-03-17 15:35:00+00:00,0.43,429.0,16864
2026-03-17 15:36:00+00:00,1.01,444.8,33825
2026-03-17 15:37:00+00:00,1.08,446.1,48111
2026-03-17 15:38:00+00:00,0.73,438.6,37751
2026-03-17 15:39:00+00:00,0.67,436.4,27644
2026-03-17 15:40:00+00:00,0.82,440.1,38449
2026-03-17 15:41:00+00:00,0.66,435.5,35212
2026-03-17 15:42:00+00:00,0.53,426.2,25990
2026-03-17 15:43:00+00:00,0.79,441.6,63059
2026-03-17 15:44:00+00:00,0.99,456.4,94148
2026-03-17 15:45:00+00:00,0.73,451.9,57124
2026-03-17 15:46:00+00:00,0.61,441.7,45657
2026-03-17 15:47:00+00:00,0.56,434.4,42594
2026-03-17 15:48:00+00:00,0.85,454.3,70542
2026-03-17 15:49:00+00:00,0.55,439.2,32696
2026-03-17 15:50:00+00:00,0.48,434.8,31716
2026-03-17 15:51:00+00:00,1.01,450.5,80131
2026-03-17 15:52:00+00:00,0.58,439.1,43527
2026-03-17 15:53:00+00:00,0.46,439.2,36558
2026-03-17 15:54:00+00:00,0.47,435.3,43284
2026-03-17 15:55:00+00:00,1.01,451.8,69583
2026-03-17 15:56:00+00:00,1.12,455.2,74688
2026-03-17 15:57:00+00:00,0.34,424.8,21509
2026-03-17 15:58:00+00:00,0.70,436.6,40409
2026-03-17 15:59:00+00:00,1.02,448.7,65449
2026-03-17 16:00:00+00:00,1.12,440.1,46100
2026-03-17 16:01:00+00:00,1.13,440.4,45102
2026-03-17 16:02:00+00:00,1.25,446.2,62455
2026-03-17 16:03:00+00:00,1.33,451.9,81023
2026-03-17 16:04:00+00:00,0.92,441.1,44184
2026-03-17 16:05:00+00:00,0.63,437.7,34894
2026-03-17 16:06:00+00:00,1.13,452.9,68088
2026-03-17 16:07:00+00:00,1.05,442.4,50550
2026-03-17 16:08:00+00:00,1.17,439.1,34161
2026-03-17 16:09:00+00:00,1.09,436.6,25732
2026-03-17 16:10:00+00:00,1.48,451.2,45543
2026-03-17 16:11:00+00:00,1.48,452.5,58140
2026-03-17 16:12:00+00:00,0.95,441.5,48653
2026-03-17 16:13:00+00:00,1.40,453.1,67445
2026-03-17 16:14:00+00:00,1.16,446.1,44922
2026-03-17 16:15:00+00:00,1.20,444.8,38989
2026-03-17 16:16:00+00:00,1.24,442.3,37865
2026-03-17 16:17:00+00:00,1.04,434.9,27074
2026-03-17 16:18:00+00:00,1.99,458.7,99845
2026-03-17 16:19:00+00:00,1.88,454.7,85614
2026-03-17 16:20:00+00:00,1.75,448.6,64331
2026-03-17 16:21:00+00:00,2.06,456.1,94098
2026-03-17 16:22:00+00:00,1.44,442.1,46294
2026-03-17 16:23:00+00:00,1.35,441.6,39711
2026-03-17 16:24:00+00:00,1.50,444.3,41045
2026-03-17 16:25:00+00:00,1.61,463.7,99047
2026-03-17 16:26:00+00:00,1.79,454.2,67440
2026-03-17 16:27:00+00:00,1.78,448.6,70394
2026-03-17 16:28:00+00:00,1.75,445.0,56974
2026-03-17 16:29:00+00:00,1.44,439.3,40436
2026-03-17 16:30:00+00:00,0.93,433.4,30527
2026-03-17 16:31:00+00:00,1.07,428.3,24115
2026-03-17 16:32:00+00:00,1.50,445.5,55603
2026-03-17 16:33:00+00:00,1.60,458.0,70922
2026-03-17 16:34:00+00:00,1.52,448.3,44312
2026-03-17 16:35:00+00:00,1.43,447.2,41377
2026-03-17 16:36:00+00:00,1.34,446.6,34865
2026-03-17 16:37:00+00:00,1.30,445.4,34531
2026-03-17 16:38:00+00:00,1.09,437.8,31055
2026-03-17 16:39:00+00:00,0.83,421.9,15414
2026-03-17 16:40:00+00:00,1.21,437.4,32685
2026-03-17 16:41:00+00:00,1.43,438.7,40707
2026-03-17 16:42:00+00:00,1.31,441.7,38459
2026-03-17 16:43:00+00:00,1.45,441.5,43437
2026-03-17 16:44:00+00:00,1.00,432.5,30623
2026-03-17 16:45:00+00:00,0.85,434.4,28724
2026-03-17 16:46:00+00:00,1.11,434.5,28151
2026-03-17 16:47:00+00:00,1.69,446.0,62468
2026-03-17 16:48:00+00:00,1.71,447.1,65028
2026-03-17 16:49:00+00:00,1.41,438.4,41252
2026-03-17 16:50:00+00:00,1.40,438.2,42035
2026-03-17 16:51:00+00:00,1.13,446.5,75434
2026-03-17 16:52:00+00:00,0.98,444.4,67834
2026-03-17 16:53:00+00:00,0.48,434.7,41214
2026-03-17 16:54:00+00:00,0.49,423.7,37694
2026-03-17 16:55:00+00:00,0.97,444.7,78992
2026-03-17 16:56:00+00:00,0.63,437.3,43491
2026-03-17 16:57:00+00:00,0.92,435.7,49103
2026-03-17 16:58:00+00:00,0.94,431.8,35002
2026-03-17 16:59:00+00:00,1.21,435.7,40055
2026-03-17 17:00:00+00:00,1.15,434.3,37691
2026-03-17 17:01:00+00:00,1.17,432.8,37635
2026-03-17 17:02:00+00:00,1.31,442.9,68452
2026-03-17 17:03:00+00:00,1.30,439.7,61533
2026-03-17 17:04:00+00:00,1.39,437.2,50327
2026-03-17 17:05:00+00:00,1.42,438.3,49351
2026-03-17 17:06:00+00:00,1.21,432.8,34547
2026-03-17 17:07:00+00:00,1.09,430.5,31185
2026-03-17 17:08:00+00:00,0.81,425.2,32310
2026-03-17 17:09:00+00:00,0.44,414.4,22196
2026-03-17 17:10:00+00:00,0.99,433.4,50563
2026-03-17 17:11:00+00:00,1.27,436.4,48419
2026-03-17 17:12:00+00:00,1.04,429.7,39209
2026-03-17 17:13:00+00:00,0.56,425.8,28176
2026-03-17 17:14:00+00:00,1.17,436.3,62519
2026-03-17 17:15:00+00:00,0.91,429.8,37228
2026-03-17 17:16:00+00:00,0.58,418.5,20372
2026-03-17 17:17:00+00:00,1.12,432.6,44326
2026-03-17 17:18:00+00:00,1.50,437.9,52995
2026-03-17 17:19:00+00:00,1.50,438.7,59542
2026-03-17 17:20:00+00:00,1.02,429.2,42152
2026-03-17 17:21:00+00:00,0.95,433.9,46446
2026-03-17 17:22:00+00:00,1.20,451.2,66918
2026-03-17 17:23:00+00:00,0.84,445.6,38954
2026-03-17 17:24:00+00:00,1.31,445.3,80353
2026-03-17 17:25:00+00:00,1.27,442.3,71125
2026-03-17 17:26:00+00:00,1.13,429.6,29141
2026-03-17 17:27:00+00:00,1.74,451.5,66797
2026-03-17 17:28:00+00:00,0.24,470.3,73716
2026-03-17 17:29:00+00:00,0.08,454.6,51897
2026-03-17 17:30:00+00:00,0.54,419.5,57722
2026-03-17 17:31:00+00:00,0.52,413.4,22874
2026-03-17 17:32:00+00:00,0.37,426.7,68376
2026-03-17 17:33:00+00:00,0.27,425.9,63376
2026-03-17 17:34:00+00:00,0.23,423.9,49718
2026-03-17 17:35:00+00:00,0.19,417.5,39332
2026-03-17 17:36:00+00:00,0.26,418.0,44025
2026-03-17 17:37:00+00:00,0.37,421.5,51201
2026-03-17 17:38:00+00:00,0.34,417.5,46862
2026-03-17 17:39:00+00:00,0.40,419.8,53892
2026-03-17 17:40:00+00:00,0.64,428.6,64190
2026-03-17 17:41:00+00:00,0.46,422.3,50302
2026-03-17 17:42:00+00:00,0.49,424.8,74301
2026-03-17 17:43:00+00:00,0.52,423.8,67924
2026-03-17 17:44:00+00:00,0.38,419.4,58228
2026-03-17 17:45:00+00:00,0.39,416.5,50952
2026-03-17 17:46:00+00:00,0.40,412.0,35436
2026-03-17 17:47:00+00:00,0.72,425.2,52979
2026-03-17 17:48:00+00:00,0.83,422.7,41621
2026-03-17 17:49:00+00:00,0.71,421.6,33421
2026-03-17 17:50:00+00:00,0.65,419.5,27728
2026-03-17 17:51:00+00:00,1.08,427.8,49244
2026-03-17 17:52:00+00:00,1.05,429.9,51422
2026-03-17 17:53:00+00:00,0.56,417.9,28282
2026-03-17 17:54:00+00:00,0.81,418.4,35063
2026-03-17 17:55:00+00:00,1.39,430.9,54934
2026-03-17 17:56:00+00:00,1.14,422.9,36954
2026-03-17 17:57:00+00:00,0.61,418.3,32083
2026-03-17 17:58:00+00:00,0.60,418.0,34721
2026-03-17 17:59:00+00:00,0.54,415.0,58164
2026-03-17 18:00:00+00:00,0.44,411.9,49503
2026-03-17 18:01:00+00:00,0.47,408.7,43434
2026-03-17 18:02:00+00:00,0.36,427.1,77280
2026-03-17 18:03:00+00:00,0.25,428.5,46415
2026-03-17 18:04:00+00:00,0.60,430.8,44312
2026-03-17 18:05:00+00:00,0.43,429.2,47096
2026-03-17 18:06:00+00:00,0.92,442.9,51118
2026-03-17 18:07:00+00:00,1.43,448.9,50348
2026-03-17 18:08:00+00:00,1.77,448.0,46426
2026-03-17 18:09:00+00:00,2.19,456.5,61679
2026-03-17 18:10:00+00:00,2.07,459.8,66001
2026-03-17 18:11:00+00:00,1.41,453.1,35194
2026-03-17 18:12:00+00:00,1.25,458.5,34116
2026-03-17 18:13:00+00:00,1.12,440.7,35028
2026-03-17 18:14:00+00:00,1.51,447.9,62766
2026-03-17 18:15:00+00:00,0.84,427.5,25097
2026-03-17 18:16:00+00:00,1.27,442.3,35085
2026-03-17 18:17:00+00:00,1.55,452.1,49959
2026-03-17 18:18:00+00:00,1.06,463.1,19994
2026-03-17 18:19:00+00:00,0.74,465.8,19847
2026-03-17 18:20:00+00:00,0.80,467.3,28392
2026-03-17 18:21:00+00:00,0.87,484.6,51158
2026-03-17 18:22:00+00:00,0.77,468.9,33348
2026-03-17 18:23:00+00:00,0.73,465.0,23554
2026-03-17 18:24:00+00:00,0.72,469.8,29925
2026-03-17 18:25:00+00:00,0.54,455.9,32038
2026-03-17 18:26:00+00:00,0.59,453.8,50030
2026-03-17 18:27:00+00:00,1.01,465.1,40794
2026-03-17 18:28:00+00:00,1.02,450.2,36719
2026-03-17 18:29:00+00:00,0.97,483.2,94131
2026-03-17 18:30:00+00:00,1.27,453.4,39113
2026-03-17 18:31:00+00:00,1.30,453.7,39528
2026-03-17 18:32:00+00:00,2.32,462.4,51551
2026-03-17 18:33:00+00:00,0.66,443.4,15275
2026-03-17 18:34:00+00:00,0.99,460.1,31355
2026-03-17 18:35:00+00:00,1.19,447.5,22376
2026-03-17 18:36:00+00:00,1.23,452.4,27843
2026-03-17 18:37:00+00:00,0.99,447.5,24972
2026-03-17 18:38:00+00:00,0.99,446.0,25934
2026-03-17 18:39:00+00:00,1.52,453.8,43829
2026-03-17 18:40:00+00:00,1.35,450.5,39804
2026-03-17 18:41:00+00:00,0.73,441.4,21104
2026-03-17 18:42:00+00:00,0.72,435.2,17080
2026-03-17 18:43:00+00:00,1.14,440.6,35102
2026-03-17 18:44:00+00:00,1.66,476.1,82080
2026-03-17 18:45:00+00:00,1.62,474.7,76722
2026-03-17 18:46:00+00:00,1.28,450.8,28508
2026-03-17 18:47:00+00:00,1.50,454.2,37669
2026-03-17 18:48:00+00:00,1.63,457.7,38859
2026-03-17 18:49:00+00:00,1.30,451.5,24397
2026-03-17 18:50:00+00:00,1.29,443.6,20430
2026-03-17 18:51:00+00:00,1.95,465.2,63106
2026-03-17 18:52:00+00:00,1.42,459.0,41860
2026-03-17 18:53:00+00:00,1.73,458.4,51480
2026-03-17 18:54:00+00:00,1.42,451.4,38580
2026-03-17 18:55:00+00:00,1.17,447.4,27452
2026-03-17 18:56:00+00:00,1.39,450.2,36243
2026-03-17 18:57:00+00:00,1.48,447.9,35712
2026-03-17 18:58:00+00:00,1.62,453.2,41845
2026-03-17 18:59:00+00:00,1.88,466.2,57054
2026-03-17 19:00:00+00:00,1.55,453.0,26548
2026-03-17 19:01:00+00:00,1.74,456.9,38376
2026-03-17 19:02:00+00:00,1.64,457.3,33613
2026-03-17 19:05:00+00:00,1.10,433.0,17661
2026-03-17 19:06:00+00:00,2.38,461.7,86192
2026-03-17 19:07:00+00:00,1.29,446.6,30306
2026-03-17 19:08:00+00:00,1.35,455.0,29157
2026-03-17 19:09:00+00:00,1.80,465.6,40063
2026-03-17 19:10:00+00:00,1.32,454.4,27948
2026-03-17 19:11:00+00:00,1.15,446.0,19120
2026-03-17 19:12:00+00:00,1.31,445.8,19134
2026-03-17 19:13:00+00:00,2.58,468.6,65074
2026-03-17 19:14:00+00:00,2.09,460.5,47049
2026-03-17 19:15:00+00:00,1.46,451.8,21855
2026-03-17 19:16:00+00:00,1.98,463.5,36873
2026-03-17 19:17:00+00:00,1.97,460.7,38012
2026-03-17 19:18:00+00:00,1.89,454.5,25102
2026-03-17 19:19:00+00:00,1.91,454.5,29215
2026-03-17 19:20:00+00:00,2.16,444.1,25307
2026-03-17 19:21:00+00:00,2.56,471.3,80471
2026-03-17 19:22:00+00:00,2.51,469.2,73702
2026-03-17 19:23:00+00:00,1.74,452.7,41490
2026-03-17 19:24:00+00:00,1.67,447.0,35084
2026-03-17 19:25:00+00:00,1.27,441.5,26129
2026-03-17 19:26:00+00:00,1.06,439.4,23179
2026-03-17 19:27:00+00:00,1.55,438.4,23413
2026-03-17 19:28:00+00:00,1.98,452.6,49550
2026-03-17 19:29:00+00:00,1.92,462.4,60372
2026-03-17 19:30:00+00:00,1.75,454.1,35554
2026-03-17 19:31:00+00:00,2.10,457.3,39915
2026-03-17 19:32:00+00:00,2.53,463.2,56579
2026-03-17 19:33:00+00:00,0.87,444.9,20858
2026-03-17 19:34:00+00:00,1.67,449.1,33487
2026-03-17 19:35:00+00:00,1.18,436.4,24996
2026-03-17 19:37:00+00:00,1.42,460.2,69123
2026-03-17 19:38:00+00:00,1.46,443.6,38307
2026-03-17 19:39:00+00:00,1.97,446.9,43862
2026-03-17 19:40:00+00:00,1.89,449.2,38545
2026-03-17 19:41:00+00:00,1.83,445.5,37281
2026-03-17 19:42:00+00:00,1.38,431.7,24880
2026-03-17 19:43:00+00:00,1.77,452.0,51643
2026-03-17 19:44:00+00:00,2.14,463.0,62438
2026-03-17 19:45:00+00:00,1.83,449.4,40321
2026-03-17 19:46:00+00:00,1.73,447.4,33943
2026-03-17 19:47:00+00:00,1.98,451.7,41012
2026-03-17 19:48:00+00:00,1.78,448.3,44615
2026-03-17 19:49:00+00:00,1.24,439.2,31613
2026-03-17 19:50:00+00:00,0.86,419.8,14736
2026-03-17 19:51:00+00:00,1.24,442.0,28408
2026-03-17 19:53:00+00:00,1.30,452.3,54560
2026-03-17 19:54:00+00:00,1.05,431.1,21544
2026-03-17 19:55:00+00:00,2.61,453.8,87917
2026-03-17 19:56:00+00:00,2.22,441.9,50126
2026-03-17 19:57:00+00:00,1.42,429.3,27399
2026-03-17 19:58:00+00:00,1.92,439.4,47736
2026-03-17 19:59:00+00:00,2.33,449.6,53319
2026-03-17 20:00:00+00:00,2.61,450.5,55502
2026-03-17 20:01:00+00:00,2.16,437.0,43047
2026-03-17 20:02:00+00:00,1.16,423.3,22287
2026-03-17 20:03:00+00:00,1.52,431.4,33734
2026-03-17 20:04:00+00:00,0.97,425.0,24760
2026-03-17 20:05:00+00:00,0.58,416.8,25050
2026-03-17 20:06:00+00:00,2.12,448.2,69633
2026-03-17 20:07:00+00:00,2.38,438.9,68217
2026-03-17 20:08:00+00:00,1.54,427.4,37061
2026-03-17 20:09:00+00:00,1.54,,
2026-03-17 20:10:00+00:00,1.86,440.4,40985
2026-03-17 20:11:00+00:00,1.14,437.1,28681
2026-03-17 20:12:00+00:00,1.92,445.6,31777
2026-03-17 20:13:00+00:00,2.83,457.3,74036
2026-03-17 20:14:00+00:00,2.88,447.6,80733
2026-03-17 20:15:00+00:00,1.84,435.2,47188
2026-03-17 20:16:00+00:00,1.13,432.7,24639
2026-03-17 20:17:00+00:00,1.86,446.0,43280
2026-03-17 20:18:00+00:00,2.32,453.6,53467
2026-03-17 20:19:00+00:00,1.54,440.4,27722
2026-03-17 20:20:00+00:00,2.02,447.5,42722
2026-03-17 20:21:00+00:00,2.40,456.5,67016
2026-03-17 20:22:00+00:00,1.79,444.4,36429
2026-03-17 20:23:00+00:00,1.98,454.6,41994
2026-03-17 20:24:00+00:00,1.89,445.5,39470
2026-03-17 20:25:00+00:00,2.23,455.5,55632
2026-03-17 20:26:00+00:00,1.33,441.0,26227
2026-03-17 20:27:00+00:00,1.74,444.1,35810
2026-03-17 20:28:00+00:00,2.08,458.2,72635
2026-03-17 20:29:00+00:00,1.93,448.9,43779
2026-03-17 20:30:00+00:00,2.12,439.8,39388
2026-03-17 20:31:00+00:00,1.53,424.3,28120
2026-03-17 20:32:00+00:00,1.45,432.7,33388
2026-03-17 20:33:00+00:00,2.29,450.1,55660
2026-03-17 20:34:00+00:00,2.19,444.6,46622
2026-03-17 20:35:00+00:00,1.62,444.3,45745
2026-03-17 20:36:00+00:00,1.78,459.8,87242
2026-03-17 20:37:00+00:00,1.60,451.0,29045
2026-03-17 20:38:00+00:00,1.71,447.5,40410
2026-03-17 20:39:00+00:00,1.32,425.7,28782
2026-03-17 20:40:00+00:00,1.96,443.9,39758
2026-03-17 20:41:00+00:00,2.07,448.3,41281
2026-03-17 20:42:00+00:00,2.08,448.5,41334
2026-03-17 20:43:00+00:00,3.03,459.0,104849
2026-03-17 20:44:00+00:00,2.35,451.1,52811
2026-03-17 20:45:00+00:00,2.51,448.6,45083
2026-03-17 20:46:00+00:00,1.64,428.9,25193
2026-03-17 20:47:00+00:00,1.74,446.5,42126
2026-03-17 20:48:00+00:00,2.15,461.9,53974
2026-03-17 20:49:00+00:00,1.71,451.4,38080
2026-03-17 20:50:00+00:00,1.59,452.2,42344
2026-03-17 20:51:00+00:00,1.92,458.8,53847
2026-03-17 20:52:00+00:00,1.43,450.3,35977
2026-03-17 20:53:00+00:00,1.17,443.1,23217
2026-03-17 20:54:00+00:00,1.32,442.7,31979
2026-03-17 20:55:00+00:00,1.66,465.6,80480
2026-03-17 20:56:00+00:00,1.31,448.7,32462
2026-03-17 20:57:00+00:00,1.27,440.3,22178
2026-03-17 20:58:00+00:00,2.39,461.3,73966
2026-03-17 20:59:00+00:00,1.43,445.4,50943
2026-03-17 21:00:00+00:00,1.71,452.1,34878
2026-03-17 21:01:00+00:00,1.28,453.6,34889
2026-03-17 21:02:00+00:00,1.41,460.9,46290
2026-03-17 21:03:00+00:00,1.31,455.5,41211
2026-03-17 21:04:00+00:00,0.95,445.4,42582
2026-03-17 21:05:00+00:00,1.10,455.0,48259
2026-03-17 21:06:00+00:00,1.43,465.9,36673
2026-03-17 21:07:00+00:00,1.15,457.4,30020
2026-03-17 21:08:00+00:00,1.29,457.2,36335
2026-03-17 21:09:00+00:00,1.53,453.7,38481
2026-03-17 21:10:00+00:00,2.27,460.6,54227
2026-03-17 21:11:00+00:00,1.70,449.5,29917
2026-03-17 21:12:00+00:00,1.67,452.5,33439
2026-03-17 21:13:00+00:00,1.78,457.0,32713
2026-03-17 21:14:00+00:00,1.95,447.4,34244
2026-03-17 21:15:00+00:00,1.97,446.4,34417
2026-03-17 21:16:00+00:00,0.98,448.8,37699
2026-03-17 21:17:00+00:00,0.85,454.8,38958
2026-03-17 21:18:00+00:00,0.69,454.4,39667
2026-03-17 21:19:00+00:00,0.54,451.6,35865
2026-03-17 21:20:00+00:00,0.72,459.0,48492
2026-03-17 21:21:00+00:00,0.68,457.3,43804
2026-03-17 21:22:00+00:00,0.30,442.2,16781
2026-03-17 21:23:00+00:00,0.43,444.0,20173
2026-03-17 21:24:00+00:00,0.76,458.2,36388
2026-03-17 21:25:00+00:00,0.80,461.5,50827
2026-03-17 21:26:00+00:00,0.46,444.7,22983
2026-03-17 21:27:00+00:00,0.98,454.3,61917
2026-03-17 21:28:00+00:00,0.96,452.4,36986
2026-03-17 21:29:00+00:00,0.61,449.4,30566
2026-03-17 21:30:00+00:00,0.66,452.3,24262
2026-03-17 21:31:00+00:00,0.53,452.0,29665
2026-03-17 21:32:00+00:00,0.68,456.1,36995
2026-03-17 21:33:00+00:00,0.72,454.2,34693
2026-03-17 21:34:00+00:00,0.80,456.8,40367
2026-03-17 21:35:00+00:00,0.87,462.5,48201
2026-03-17 21:36:00+00:00,0.68,457.4,39211
2026-03-17 21:37:00+00:00,0.45,447.2,25857
2026-03-17 21:38:00+00:00,0.41,446.2,27956
2026-03-17 21:39:00+00:00,0.49,449.7,34654
2026-03-17 21:40:00+00:00,0.61,449.0,31106
2026-03-17 21:41:00+00:00,0.55,448.2,26154
2026-03-17 21:42:00+00:00,0.58,449.5,32068
2026-03-17 21:43:00+00:00,0.68,452.9,29305
2026-03-17 21:44:00+00:00,0.87,453.2,35208
2026-03-17 21:45:00+00:00,0.78,451.4,27370
2026-03-17 21:46:00+00:00,0.52,440.1,26190
2026-03-17 21:47:00+00:00,1.04,455.6,66984
2026-03-17 21:48:00+00:00,1.15,458.9,75162
2026-03-17 21:49:00+00:00,0.29,429.4,13193
2026-03-17 21:50:00+00:00,0.80,439.3,23144
2026-03-17 21:51:00+00:00,1.22,451.6,38749
2026-03-17 21:52:00+00:00,1.06,453.2,41217
2026-03-17 21:53:00+00:00,0.83,443.0,34237
2026-03-17 21:54:00+00:00,1.09,442.8,51035
2026-03-17 21:55:00+00:00,1.30,454.2,70377
2026-03-17 21:56:00+00:00,0.83,446.2,39514
2026-03-17 21:57:00+00:00,1.02,445.0,42596
2026-03-17 21:58:00+00:00,1.10,443.9,30894
2026-03-17 21:59:00+00:00,0.52,,
2026-03-17 22:00:00+00:00,0.52,443.9,34845
2026-03-17 22:01:00+00:00,0.67,443.5,34754
2026-03-17 22:02:00+00:00,0.82,452.5,48804
2026-03-17 22:03:00+00:00,0.47,443.8,31389
2026-03-17 22:04:00+00:00,0.47,445.3,29746
2026-03-17 22:05:00+00:00,0.41,439.9,20926
2026-03-17 22:06:00+00:00,0.95,457.2,52644
2026-03-17 22:07:00+00:00,0.78,453.4,44391
2026-03-17 22:08:00+00:00,0.37,442.8,24461
2026-03-17 22:09:00+00:00,0.50,448.0,37057
2026-03-17 22:10:00+00:00,0.72,449.9,43767
2026-03-17 22:11:00+00:00,0.75,444.2,32198
2026-03-17 22:12:00+00:00,0.68,444.1,31393
2026-03-17 22:13:00+00:00,0.66,444.7,29332
2026-03-17 22:14:00+00:00,1.06,449.8,40173
2026-03-17 22:15:00+00:00,1.05,444.0,17426
2026-03-17 22:16:00+00:00,1.32,450.7,33787
2026-03-17 22:17:00+00:00,1.88,464.4,76519
2026-03-17 22:18:00+00:00,0.60,439.3,25752
2026-03-17 22:19:00+00:00,0.65,443.2,27411
2026-03-17 22:20:00+00:00,0.94,446.4,34112
2026-03-17 22:21:00+00:00,1.02,446.9,35698
2026-03-17 22:22:00+00:00,1.36,458.7,64343
2026-03-17 22:23:00+00:00,0.76,445.9,40487
2026-03-17 22:24:00+00:00,0.57,443.1,34195
2026-03-17 22:25:00+00:00,0.68,444.0,36569
2026-03-17 22:26:00+00:00,0.61,440.5,27860
2026-03-17 22:27:00+00:00,0.81,445.8,34296
2026-03-17 22:28:00+00:00,0.95,443.4,37835
2026-03-17 22:29:00+00:00,1.42,451.5,45642
2026-03-17 22:30:00+00:00,0.94,440.5,21342
2026-03-17 22:31:00+00:00,1.34,444.2,28792
2026-03-17 22:32:00+00:00,1.87,460.5,64653
2026-03-17 22:33:00+00:00,0.92,441.6,21472
2026-03-17 22:34:00+00:00,1.47,449.5,34520
2026-03-17 22:35:00+00:00,1.83,443.1,23274
2026-03-17 22:36:00+00:00,1.89,451.0,31808
2026-03-17 22:37:00+00:00,2.05,447.8,38825
2026-03-17 22:38:00+00:00,1.87,447.1,28986
2026-03-17 22:39:00+00:00,1.87,456.4,43211
2026-03-17 22:40:00+00:00,1.32,456.1,41362
2026-03-17 22:41:00+00:00,0.55,443.9,21540
2026-03-17 22:42:00+00:00,0.51,437.7,31672
2026-03-17 22:43:00+00:00,1.28,443.6,49272
2026-03-17 22:44:00+00:00,2.61,452.4,39414
2026-03-17 22:45:00+00:00,2.63,452.8,38261
2026-03-17 22:46:00+00:00,1.84,442.7,25059
2026-03-17 22:47:00+00:00,2.63,458.2,61385
2026-03-17 22:48:00+00:00,2.31,450.2,31367
2026-03-17 22:49:00+00:00,2.47,444.1,32942
2026-03-17 22:50:00+00:00,2.52,436.6,25844
2026-03-17 22:51:00+00:00,2.66,461.5,47286
2026-03-17 22:52:00+00:00,1.50,455.2,41738
2026-03-17 22:53:00+00:00,1.14,456.1,36054
2026-03-17 22:54:00+00:00,1.14,458.0,34922
2026-03-17 22:55:00+00:00,1.02,457.8,48528
2026-03-17 22:56:00+00:00,0.90,455.9,42573
2026-03-17 22:57:00+00:00,0.77,442.1,30414
2026-03-17 22:58:00+00:00,0.56,439.3,46318
2026-03-17 22:59:00+00:00,0.21,455.5,68796
2026-03-17 23:00:00+00:00,0.15,439.7,29388
2026-03-17 23:01:00+00:00,0.40,443.6,45932
2026-03-17 23:02:00+00:00,1.41,462.7,69181
2026-03-17 23:03:00+00:00,1.32,,
2026-03-17 23:04:00+00:00,1.32,451.5,41104
2026-03-17 23:05:00+00:00,1.16,450.6,38206
2026-03-17 23:06:00+00:00,0.77,452.0,51582
2026-03-17 23:07:00+00:00,0.21,446.2,26662
2026-03-17 23:08:00+00:00,0.13,440.1,34970
2026-03-17 23:09:00+00:00,0.12,439.6,38211
2026-03-17 23:10:00+00:00,0.12,437.1,33853
2026-03-17 23:11:00+00:00,0.13,436.5,30382
2026-03-17 23:12:00+00:00,0.12,437.7,23650
2026-03-17 23:13:00+00:00,0.11,438.2,24874
2026-03-17 23:14:00+00:00,0.12,437.5,35278
2026-03-17 23:15:00+00:00,0.14,436.6,38384
2026-03-17 23:16:00+00:00,0.17,437.9,36900
2026-03-17 23:17:00+00:00,0.18,438.9,23770
2026-03-17 23:18:00+00:00,0.15,440.8,24165
2026-03-17 23:19:00+00:00,0.14,436.9,25353
2026-03-17 23:20:00+00:00,0.13,441.3,26811
2026-03-17 23:21:00+00:00,0.20,437.5,26578
2026-03-17 23:22:00+00:00,0.19,439.3,35202
2026-03-17 23:23:00+00:00,1.24,454.0,33878
2026-03-17 23:24:00+00:00,1.50,453.5,32406
2026-03-17 23:25:00+00:00,1.45,453.5,35197
2026-03-17 23:26:00+00:00,1.34,453.4,35928
2026-03-17 23:27:00+00:00,1.29,453.2,35581
2026-03-17 23:28:00+00:00,1.50,452.7,34489
2026-03-17 23:29:00+00:00,1.52,453.2,34327
2026-03-17 23:30:00+00:00,1.45,453.0,36650
2026-03-17 23:31:00+00:00,1.71,453.3,28825
2026-03-17 23:32:00+00:00,1.77,452.6,30988
2026-03-17 23:33:00+00:00,1.93,450.6,36563
2026-03-17 23:34:00+00:00,1.79,451.3,29192
2026-03-17 23:35:00+00:00,1.88,449.0,31763
2026-03-17 23:36:00+00:00,2.06,451.1,28960
2026-03-17 23:37:00+00:00,1.00,446.8,42751
2026-03-17 23:38:00+00:00,1.79,448.2,36870
2026-03-17 23:39:00+00:00,2.06,449.2,36435
2026-03-17 23:40:00+00:00,2.07,441.1,43268
2026-03-17 23:41:00+00:00,1.69,441.9,40358
2026-03-17 23:42:00+00:00,1.59,444.1,41734
2026-03-17 23:43:00+00:00,1.54,442.7,40084
2026-03-17 23:44:00+00:00,1.33,443.4,41340
2026-03-17 23:45:00+00:00,1.22,445.3,44858
2026-03-17 23:46:00+00:00,1.30,444.4,45984
2026-03-17 23:47:00+00:00,1.34,443.6,47717
2026-03-17 23:48:00+00:00,1.27,443.9,45289
2026-03-17 23:49:00+00:00,1.06,441.0,45411
2026-03-17 23:50:00+00:00,0.94,435.9,30777
2026-03-17 23:51:00+00:00,0.70,437.7,37625
2026-03-17 23:52:00+00:00,0.74,438.8,28636
2026-03-17 23:53:00+00:00,0.86,440.5,38120
2026-03-17 23:54:00+00:00,0.87,437.3,27286
2026-03-17 23:55:00+00:00,0.78,438.7,29669
2026-03-17 23:56:00+00:00,0.64,436.4,27873
2026-03-17 23:57:00+00:00,0.69,436.2,29906
2026-03-17 23:58:00+00:00,0.73,436.8,30183
2026-03-17 23:59:00+00:00,0.77,435.9,33175
2026-03-18 00:00:00+00:00,0.79,435.0,35830
2026-03-18 00:01:00+00:00,0.72,435.0,26924
2026-03-18 00:02:00+00:00,0.65,434.4,28072
2026-03-18 00:03:00+00:00,0.56,433.0,28979
2026-03-18 00:04:00+00:00,0.63,432.1,27947
2026-03-18 00:05:00+00:00,0.56,431.6,31594
2026-03-18 00:06:00+00:00,0.80,432.2,26091
2026-03-18 00:07:00+00:00,0.83,432.5,30931
2026-03-18 00:08:00+00:00,0.88,433.3,26391
2026-03-18 00:09:00+00:00,0.93,434.6,27808
2026-03-18 00:10:00+00:00,0.89,434.8,25109
2026-03-18 00:11:00+00:00,0.77,434.0,30376
2026-03-18 00:12:00+00:00,0.75,434.1,26687
2026-03-18 00:13:00+00:00,1.29,440.6,33896
2026-03-18 00:14:00+00:00,1.05,436.3,31889
2026-03-18 00:15:00+00:00,1.49,435.0,35828
2026-03-18 00:16:00+00:00,2.08,438.1,38981
2026-03-18 00:17:00+00:00,2.16,439.8,38824
2026-03-18 00:18:00+00:00,2.07,439.5,39244
2026-03-18 00:19:00+00:00,1.89,436.9,36742
2026-03-18 00:20:00+00:00,1.77,434.5,38113
2026-03-18 00:21:00+00:00,0.80,433.4,29294
2026-03-18 00:22:00+00:00,0.74,432.0,32371
2026-03-18 00:23:00+00:00,0.79,430.0,31364
2026-03-18 00:24:00+00:00,0.93,428.6,32126
2026-03-18 00:25:00+00:00,1.51,435.4,36227
2026-03-18 00:26:00+00:00,1.00,428.7,32547
2026-03-18 00:27:00+00:00,0.97,430.5,31465
2026-03-18 00:28:00+00:00,1.31,429.0,34978
2026-03-18 00:29:00+00:00,1.55,426.7,42193
2026-03-18 00:30:00+00:00,1.39,426.9,45803
2026-03-18 00:31:00+00:00,1.40,417.7,44829
2026-03-18 00:32:00+00:00,1.25,419.7,42823
2026-03-18 00:33:00+00:00,1.02,428.7,43161
2026-03-18 00:34:00+00:00,0.36,446.6,35130
2026-03-18 00:35:00+00:00,0.45,442.9,35535
2026-03-18 00:36:00+00:00,0.67,433.9,36464
2026-03-18 00:37:00+00:00,0.73,433.5,36196
2026-03-18 00:38:00+00:00,0.65,434.6,35216
2026-03-18 00:39:00+00:00,0.70,440.5,35543
2026-03-18 00:40:00+00:00,0.56,436.1,25206
2026-03-18 00:41:00+00:00,0.49,432.5,47225
2026-03-18 00:42:00+00:00,0.66,438.4,35895
2026-03-18 00:43:00+00:00,0.53,438.7,37002
2026-03-18 00:44:00+00:00,0.58,437.8,34725
2026-03-18 00:45:00+00:00,0.59,436.4,35592
2026-03-18 00:46:00+00:00,0.47,438.3,35210
2026-03-18 00:47:00+00:00,0.77,436.2,33556
2026-03-18 00:48:00+00:00,0.90,435.9,28760
2026-03-18 00:49:00+00:00,0.71,440.6,32607
2026-03-18 00:50:00+00:00,0.88,439.6,38805
2026-03-18 00:51:00+00:00,1.50,431.1,32223
2026-03-18 00:52:00+00:00,1.78,431.5,32812
2026-03-18 00:53:00+00:00,0.94,439.5,33115
2026-03-18 00:54:00+00:00,0.48,436.3,43163
2026-03-18 00:55:00+00:00,0.18,420.7,37645
2026-03-18 00:56:00+00:00,0.72,440.2,40159
2026-03-18 00:57:00+00:00,1.17,441.6,26885
2026-03-18 00:58:00+00:00,0.18,432.2,47963
2026-03-18 00:59:00+00:00,0.42,438.1,39506
2026-03-18 01:00:00+00:00,0.44,441.1,43076
2026-03-18 01:01:00+00:00,0.49,440.9,45583
2026-03-18 01:03:00+00:00,0.07,430.8,60841
2026-03-18 01:04:00+00:00,0.46,434.9,50584
2026-03-18 01:05:00+00:00,0.83,439.1,37872
2026-03-18 01:06:00+00:00,0.81,439.1,34661
2026-03-18 01:07:00+00:00,0.45,436.0,42151
2026-03-18 01:08:00+00:00,0.50,436.3,42974
2026-03-18 01:09:00+00:00,0.64,437.3,45726
2026-03-18 01:10:00+00:00,0.60,437.3,47617
2026-03-18 01:11:00+00:00,0.45,432.4,61735
2026-03-18 01:12:00+00:00,0.73,434.8,42838
2026-03-18 01:13:00+00:00,0.76,435.6,44334
2026-03-18 01:14:00+00:00,0.87,436.7,44426
2026-03-18 01:15:00+00:00,0.85,436.8,43821
2026-03-18 01:16:00+00:00,0.98,434.4,39393
2026-03-18 01:17:00+00:00,1.21,433.7,39861
2026-03-18 01:18:00+00:00,1.52,436.1,41955
2026-03-18 01:19:00+00:00,1.33,435.3,46241
2026-03-18 01:20:00+00:00,1.11,433.4,48833
2026-03-18 01:21:00+00:00,1.19,433.3,50930
2026-03-18 01:22:00+00:00,1.34,434.4,49332
2026-03-18 01:23:00+00:00,1.24,434.0,47175
2026-03-18 01:24:00+00:00,0.82,429.5,59225
2026-03-18 01:25:00+00:00,0.86,430.0,54407
2026-03-18 01:26:00+00:00,0.87,430.5,52745
2026-03-18 01:27:00+00:00,0.96,435.6,37957
2026-03-18 01:28:00+00:00,0.88,435.3,43078
2026-03-18 01:29:00+00:00,0.83,434.1,39331
2026-03-18 01:30:00+00:00,0.85,436.6,43553
2026-03-18 01:31:00+00:00,0.93,435.4,42181
2026-03-18 01:32:00+00:00,0.82,436.5,46856
2026-03-18 01:33:00+00:00,0.71,435.2,48720
2026-03-18 01:34:00+00:00,0.86,436.8,46219
2026-03-18 01:35:00+00:00,0.99,437.7,46033
2026-03-18 01:36:00+00:00,0.99,440.1,44585
2026-03-18 01:37:00+00:00,0.79,436.4,42590
2026-03-18 01:38:00+00:00,0.54,429.8,49025
2026-03-18 01:39:00+00:00,0.49,432.7,59055
2026-03-18 01:40:00+00:00,0.61,434.9,48467
2026-03-18 01:41:00+00:00,0.76,435.3,47401
2026-03-18 01:42:00+00:00,1.61,437.9,42053
2026-03-18 01:43:00+00:00,2.31,442.0,42278
2026-03-18 01:44:00+00:00,1.24,436.1,53152
2026-03-18 01:45:00+00:00,2.06,441.9,45151
2026-03-18 01:46:00+00:00,1.08,432.1,64599
2026-03-18 01:47:00+00:00,1.50,434.7,55273
2026-03-18 01:48:00+00:00,0.96,430.8,46703
2026-03-18 01:49:00+00:00,0.75,429.4,45770
2026-03-18 01:50:00+00:00,0.67,428.3,49183
2026-03-18 01:51:00+00:00,0.49,430.5,51044
2026-03-18 01:52:00+00:00,0.42,430.5,48621
2026-03-18 01:53:00+00:00,0.57,430.0,45497
2026-03-18 01:54:00+00:00,0.79,431.6,42435
2026-03-18 01:55:00+00:00,0.82,428.8,40070
2026-03-18 01:56:00+00:00,0.62,426.4,44215
2026-03-18 01:57:00+00:00,0.31,431.4,47866
2026-03-18 01:58:00+00:00,0.14,417.5,56509
2026-03-18 01:59:00+00:00,0.42,,
2026-03-18 02:00:00+00:00,0.42,425.3,54430
2026-03-18 02:01:00+00:00,0.55,423.0,49649
2026-03-18 02:02:00+00:00,0.61,419.1,42098
2026-03-18 02:03:00+00:00,0.47,424.4,52189
2026-03-18 02:04:00+00:00,0.78,430.6,47401
2026-03-18 02:05:00+00:00,1.04,426.6,44362
2026-03-18 02:06:00+00:00,1.48,425.9,45140
2026-03-18 02:07:00+00:00,1.56,433.5,41758
2026-03-18 02:08:00+00:00,1.23,429.4,36074
2026-03-18 02:09:00+00:00,0.99,420.9,38657
2026-03-18 02:10:00+00:00,1.00,423.9,45377
2026-03-18 02:11:00+00:00,0.94,428.0,44107
2026-03-18 02:12:00+00:00,0.69,429.3,41265
2026-03-18 02:13:00+00:00,0.92,425.3,45068
2026-03-18 02:14:00+00:00,0.96,425.2,43927
2026-03-18 02:15:00+00:00,1.39,424.1,34057
2026-03-18 02:16:00+00:00,1.00,423.3,45467
2026-03-18 02:17:00+00:00,0.65,425.9,56173
2026-03-18 02:18:00+00:00,1.70,431.3,51765
2026-03-18 02:19:00+00:00,1.65,430.7,45104
2026-03-18 02:20:00+00:00,2.18,423.6,54448
2026-03-18 02:21:00+00:00,2.07,422.7,49696
2026-03-18 02:22:00+00:00,1.85,424.7,47036
2026-03-18 02:23:00+00:00,2.23,423.3,47644
2026-03-18 02:24:00+00:00,2.52,421.1,46955
2026-03-18 02:25:00+00:00,2.47,419.0,45010
2026-03-18 02:26:00+00:00,2.35,418.0,44111
2026-03-18 02:27:00+00:00,2.23,418.9,45474
2026-03-18 02:28:00+00:00,2.15,419.9,47749
2026-03-18 02:29:00+00:00,2.09,421.6,46735
2026-03-18 02:30:00+00:00,2.10,420.2,47614
2026-03-18 02:31:00+00:00,2.25,420.6,47635
2026-03-18 02:32:00+00:00,2.08,420.4,46451
2026-03-18 02:33:00+00:00,1.51,428.9,44083
2026-03-18 02:34:00+00:00,1.29,429.1,47450
2026-03-18 02:35:00+00:00,1.05,426.1,42089
2026-03-18 02:36:00+00:00,1.46,428.0,46349
2026-03-18 02:37:00+00:00,1.56,424.7,45779
2026-03-18 02:38:00+00:00,1.26,422.8,46729
2026-03-18 02:39:00+00:00,1.32,425.7,45975
2026-03-18 02:40:00+00:00,1.49,427.2,45417
2026-03-18 02:41:00+00:00,1.45,426.6,45434
2026-03-18 02:42:00+00:00,1.34,425.8,44624
2026-03-18 02:43:00+00:00,1.25,424.7,46238
2026-03-18 02:44:00+00:00,1.28,427.2,49891
2026-03-18 02:45:00+00:00,1.28,429.4,53412
2026-03-18 02:46:00+00:00,2.28,422.5,42456
2026-03-18 02:47:00+00:00,2.28,422.6,42595
2026-03-18 02:48:00+00:00,2.32,425.2,46623
2026-03-18 02:49:00+00:00,1.45,418.9,45662
2026-03-18 02:50:00+00:00,0.89,424.9,44712
2026-03-18 02:51:00+00:00,1.27,419.7,49169
2026-03-18 02:52:00+00:00,1.24,419.3,49798
2026-03-18 02:53:00+00:00,1.57,425.8,48871
2026-03-18 02:54:00+00:00,1.62,423.5,47574
2026-03-18 02:55:00+00:00,1.28,425.2,45457
2026-03-18 02:56:00+00:00,1.69,424.1,67626
2026-03-18 02:57:00+00:00,1.68,421.0,61088
2026-03-18 02:58:00+00:00,1.43,416.5,49275
2026-03-18 02:59:00+00:00,0.97,416.5,41727
2026-03-18 03:00:00+00:00,0.97,416.5,37480
2026-03-18 03:01:00+00:00,1.32,409.4,38828
2026-03-18 03:02:00+00:00,1.21,407.2,41971
2026-03-18 03:03:00+00:00,1.45,407.8,40688
2026-03-18 03:04:00+00:00,1.19,406.7,41075
2026-03-18 03:05:00+00:00,1.07,405.6,40552
2026-03-18 03:06:00+00:00,1.27,405.1,42869
2026-03-18 03:07:00+00:00,1.22,403.6,39305
2026-03-18 03:08:00+00:00,1.19,404.7,39714
2026-03-18 03:09:00+00:00,1.19,406.3,40418
2026-03-18 03:10:00+00:00,1.16,407.1,41255
2026-03-18 03:11:00+00:00,0.88,402.8,37197
2026-03-18 03:12:00+00:00,0.67,400.4,40904
2026-03-18 03:13:00+00:00,0.65,401.8,49570
2026-03-18 03:14:00+00:00,0.70,401.3,43526
2026-03-18 03:15:00+00:00,0.79,400.0,34391
2026-03-18 03:16:00+00:00,0.81,402.1,46542
2026-03-18 03:17:00+00:00,0.95,404.8,49084
2026-03-18 03:18:00+00:00,1.04,408.2,46507
2026-03-18 03:19:00+00:00,1.16,,
2026-03-18 03:20:00+00:00,1.16,410.1,43285
2026-03-18 03:21:00+00:00,1.46,409.0,44120
2026-03-18 03:22:00+00:00,1.15,410.9,47098
2026-03-18 03:23:00+00:00,1.21,410.2,44440
2026-03-18 03:24:00+00:00,1.88,410.2,37254
2026-03-18 03:25:00+00:00,1.45,408.1,42342
2026-03-18 03:26:00+00:00,1.28,406.0,43285
2026-03-18 03:27:00+00:00,1.46,407.9,40830
2026-03-18 03:28:00+00:00,1.44,408.0,39588
2026-03-18 03:29:00+00:00,1.37,405.9,38980
2026-03-18 03:30:00+00:00,1.44,407.6,44328
2026-03-18 03:31:00+00:00,1.41,409.2,43555
2026-03-18 03:32:00+00:00,1.36,412.3,42224
2026-03-18 03:33:00+00:00,1.43,410.3,45237
2026-03-18 03:34:00+00:00,1.41,413.1,51740
2026-03-18 03:35:00+00:00,1.42,413.7,44584
2026-03-18 03:36:00+00:00,1.35,411.9,45463
2026-03-18 03:37:00+00:00,1.32,415.5,41657
2026-03-18 03:38:00+00:00,1.45,416.1,41119
2026-03-18 03:39:00+00:00,1.36,414.5,40623
2026-03-18 03:40:00+00:00,1.37,408.8,42988
2026-03-18 03:41:00+00:00,1.41,413.4,49120
2026-03-18 03:42:00+00:00,1.17,410.8,47090
2026-03-18 03:43:00+00:00,1.54,412.9,47922
2026-03-18 03:44:00+00:00,1.89,418.9,52978
2026-03-18 03:45:00+00:00,1.97,426.7,60173
2026-03-18 03:46:00+00:00,2.12,432.8,63222
2026-03-18 03:47:00+00:00,1.85,425.5,54526
2026-03-18 03:48:00+00:00,1.23,413.4,46589
2026-03-18 03:49:00+00:00,1.12,412.5,45940
2026-03-18 03:50:00+00:00,1.25,410.1,44266
2026-03-18 03:51:00+00:00,1.13,407.5,43847
2026-03-18 03:53:00+00:00,0.93,409.1,44134
2026-03-18 03:54:00+00:00,1.15,409.1,43306
2026-03-18 03:55:00+00:00,1.16,406.4,45884
2026-03-18 03:56:00+00:00,1.18,409.1,48499
2026-03-18 03:57:00+00:00,1.06,405.5,45022
2026-03-18 03:58:00+00:00,1.02,404.6,46920
2026-03-18 04:00:00+00:00,1.00,407.6,46085
2026-03-18 04:01:00+00:00,0.96,406.5,45033
2026-03-18 04:02:00+00:00,0.90,404.8,40412
2026-03-18 04:03:00+00:00,0.81,402.2,33810
2026-03-18 04:04:00+00:00,0.71,398.7,33809
2026-03-18 04:05:00+00:00,0.92,401.8,41963
2026-03-18 04:06:00+00:00,1.03,402.9,44677
2026-03-18 04:07:00+00:00,1.04,407.8,45241
2026-03-18 04:08:00+00:00,0.95,403.5,45779
2026-03-18 04:09:00+00:00,1.27,420.2,57732
2026-03-18 04:10:00+00:00,1.12,411.2,45831
2026-03-18 04:11:00+00:00,0.98,407.2,44676
2026-03-18 04:53:00+00:00,0.69,416.2,31626
2026-03-18 04:54:00+00:00,0.69,415.8,31600
2026-03-18 04:55:00+00:00,0.71,412.5,31405
2026-03-18 04:56:00+00:00,0.66,412.6,32468
2026-03-18 04:57:00+00:00,1.21,420.9,37611
2026-03-18 04:58:00+00:00,1.23,421.1,37788
2026-03-18 04:59:00+00:00,0.71,421.4,28017
2026-03-18 05:00:00+00:00,0.79,420.9,31447
2026-03-18 05:01:00+00:00,0.62,423.6,29731
2026-03-18 05:02:00+00:00,0.52,426.8,28554
2026-03-18 05:03:00+00:00,0.65,423.0,31170
2026-03-18 05:04:00+00:00,0.77,421.1,35963
2026-03-18 05:05:00+00:00,0.72,424.4,36629
2026-03-18 05:06:00+00:00,0.62,426.2,34948
2026-03-18 05:07:00+00:00,0.55,425.9,35377
2026-03-18 05:08:00+00:00,0.43,425.0,32817
2026-03-18 05:09:00+00:00,0.40,422.5,35071
2026-03-18 05:10:00+00:00,0.49,422.6,32564
2026-03-18 05:11:00+00:00,0.40,427.7,39739
2026-03-18 05:14:00+00:00,0.40,424.0,32312
2026-03-18 05:15:00+00:00,0.41,423.4,32649
2026-03-18 05:16:00+00:00,0.63,425.4,43436
2026-03-18 05:17:00+00:00,0.40,423.7,38658
2026-03-18 05:18:00+00:00,0.30,419.4,35128
2026-03-18 05:19:00+00:00,0.41,422.7,39227
2026-03-18 05:20:00+00:00,0.54,425.0,44883
2026-03-18 05:21:00+00:00,0.61,425.5,48874
2026-03-18 05:22:00+00:00,0.53,425.3,53836
2026-03-18 05:23:00+00:00,0.38,420.4,57306
2026-03-18 05:24:00+00:00,0.39,420.5,49997
2026-03-18 05:25:00+00:00,0.47,417.7,38871
2026-03-18 05:26:00+00:00,0.64,413.4,40109
2026-03-18 05:27:00+00:00,0.52,,
2026-03-18 05:28:00+00:00,0.52,421.2,51927
2026-03-18 05:29:00+00:00,0.64,422.7,53990
2026-03-18 05:30:00+00:00,0.57,425.0,49068
2026-03-18 05:31:00+00:00,0.56,425.3,48514
2026-03-18 05:32:00+00:00,0.06,432.0,71073
2026-03-18 05:33:00+00:00,0.53,425.2,54384
2026-03-18 05:34:00+00:00,0.71,423.0,39103
2026-03-18 05:35:00+00:00,0.57,425.5,43358
2026-03-18 05:36:00+00:00,0.42,426.0,43581
2026-03-18 05:37:00+00:00,0.61,425.3,41688
2026-03-18 05:38:00+00:00,0.85,424.9,46110
2026-03-18 05:39:00+00:00,0.64,424.2,42506
2026-03-18 05:40:00+00:00,0.50,425.2,43184
2026-03-18 05:41:00+00:00,0.49,423.8,49027
2026-03-18 05:42:00+00:00,0.46,422.4,46025
2026-03-18 05:43:00+00:00,0.23,414.6,43167
2026-03-18 05:44:00+00:00,0.66,426.4,55342
2026-03-18 05:45:00+00:00,0.08,420.2,60977
2026-03-18 05:46:00+00:00,0.63,421.9,44117
2026-03-18 05:47:00+00:00,0.64,420.7,43006
2026-03-18 05:48:00+00:00,0.77,415.5,35814
2026-03-18 05:49:00+00:00,0.80,411.0,36276
2026-03-18 05:50:00+00:00,0.80,410.6,35330
2026-03-18 05:51:00+00:00,0.78,413.5,35488
2026-03-18 05:52:00+00:00,0.89,416.2,39979
2026-03-18 05:53:00+00:00,1.00,422.7,40117
2026-03-18 05:54:00+00:00,1.02,424.0,37707
2026-03-18 05:55:00+00:00,1.05,412.1,39789
2026-03-18 05:56:00+00:00,0.91,410.3,43654
2026-03-18 05:57:00+00:00,0.98,415.7,67230
2026-03-18 05:58:00+00:00,1.39,421.1,71861
2026-03-18 05:59:00+00:00,0.70,416.0,41826
2026-03-18 06:00:00+00:00,0.73,415.6,40032
2026-03-18 06:01:00+00:00,0.40,401.8,28391
2026-03-18 06:02:00+00:00,1.25,430.9,90176
2026-03-18 06:03:00+00:00,0.95,419.0,42018
2026-03-18 06:04:00+00:00,0.87,416.6,32386
2026-03-18 06:05:00+00:00,1.60,450.1,70882
2026-03-18 06:06:00+00:00,1.05,428.7,43761
2026-03-18 06:07:00+00:00,1.04,419.2,38423
2026-03-18 06:08:00+00:00,1.35,422.3,45577
2026-03-18 06:09:00+00:00,1.67,427.2,70267
2026-03-18 06:10:00+00:00,1.99,429.0,85540
2026-03-18 06:11:00+00:00,1.90,421.2,52026
2026-03-18 06:12:00+00:00,1.83,417.9,47603
2026-03-18 06:13:00+00:00,2.07,417.8,50185
2026-03-18 06:14:00+00:00,1.78,414.0,43942
2026-03-18 06:15:00+00:00,1.44,415.5,38706
2026-03-18 06:16:00+00:00,1.20,417.7,39269
2026-03-18 06:17:00+00:00,1.69,420.3,64526
2026-03-18 06:18:00+00:00,2.15,419.1,62470
2026-03-18 06:19:00+00:00,1.83,427.3,52695
2026-03-18 06:20:00+00:00,1.76,422.5,46809
2026-03-18 06:21:00+00:00,1.73,417.2,43108
2026-03-18 06:22:00+00:00,1.35,419.4,41073
2026-03-18 06:23:00+00:00,0.94,408.9,33560
2026-03-18 06:24:00+00:00,1.42,407.7,38923
2026-03-18 06:25:00+00:00,1.66,418.8,42539
2026-03-18 06:26:00+00:00,1.34,419.9,38065
2026-03-18 06:27:00+00:00,1.37,414.8,40770
2026-03-18 06:28:00+00:00,0.96,417.0,37596
2026-03-18 06:29:00+00:00,1.61,430.7,62472
2026-03-18 06:30:00+00:00,0.92,414.6,26743
2026-03-18 06:31:00+00:00,0.34,399.3,21187
2026-03-18 06:32:00+00:00,1.43,423.9,80308
2026-03-18 06:33:00+00:00,1.06,420.4,42691
2026-03-18 06:34:00+00:00,1.18,422.9,48014
2026-03-18 06:35:00+00:00,1.15,410.2,33610
2026-03-18 06:36:00+00:00,1.52,413.2,45481
2026-03-18 06:37:00+00:00,1.63,414.9,50016
2026-03-18 06:38:00+00:00,0.79,396.1,26408
2026-03-18 06:39:00+00:00,1.72,412.0,60970
2026-03-18 06:40:00+00:00,2.56,425.2,85354
2026-03-18 06:41:00+00:00,2.26,419.2,70124
2026-03-18 06:42:00+00:00,1.39,404.1,42898
2026-03-18 06:43:00+00:00,1.26,400.4,36122
2026-03-18 06:44:00+00:00,2.20,417.4,66315
2026-03-18 06:45:00+00:00,2.25,420.6,76140
2026-03-18 06:46:00+00:00,1.26,404.4,33924
2026-03-18 06:47:00+00:00,1.78,422.6,63812
2026-03-18 06:48:00+00:00,1.27,415.6,49110
2026-03-18 06:49:00+00:00,1.27,421.2,49499
2026-03-18 06:50:00+00:00,0.62,408.7,27341
2026-03-18 06:51:00+00:00,0.77,422.2,80549
2026-03-18 06:52:00+00:00,0.66,420.6,90175
2026-03-18 06:53:00+00:00,0.47,411.6,64150
2026-03-18 06:54:00+00:00,0.70,414.5,83812
2026-03-18 06:55:00+00:00,0.83,414.1,82448
2026-03-18 06:56:00+00:00,0.91,412.7,61742
2026-03-18 06:57:00+00:00,0.83,409.5,46753
2026-03-18 06:58:00+00:00,0.66,411.0,50278
2026-03-18 06:59:00+00:00,0.85,423.3,76591
2026-03-18 07:00:00+00:00,0.82,416.0,67051
2026-03-18 07:01:00+00:00,0.48,402.9,42152
2026-03-18 07:02:00+00:00,1.04,420.2,85133
2026-03-18 07:03:00+00:00,1.29,424.0,124440
2026-03-18 07:04:00+00:00,0.18,425.5,79777
2026-03-18 07:05:00+00:00,0.18,405.5,47084
2026-03-18 07:06:00+00:00,0.32,427.6,104815
2026-03-18 07:07:00+00:00,0.18,416.9,62327
2026-03-18 07:08:00+00:00,0.23,415.6,73212
2026-03-18 07:09:00+00:00,0.29,427.6,104899
2026-03-18 07:10:00+00:00,0.30,432.6,115780
2026-03-18 07:11:00+00:00,0.15,400.6,46539
2026-03-18 07:12:00+00:00,0.20,416.7,72867
2026-03-18 07:13:00+00:00,0.24,431.1,95895
2026-03-18 07:14:00+00:00,0.40,428.6,75317
2026-03-18 07:15:00+00:00,0.56,427.1,52169
2026-03-18 07:16:00+00:00,0.36,426.5,74329
2026-03-18 07:17:00+00:00,0.51,435.3,102322
2026-03-18 07:18:00+00:00,0.70,430.8,67107
2026-03-18 07:19:00+00:00,0.18,412.3,62317
2026-03-18 07:20:00+00:00,0.23,412.3,72522
2026-03-18 07:21:00+00:00,0.33,415.7,94246
2026-03-18 07:22:00+00:00,0.88,436.9,95051
2026-03-18 07:23:00+00:00,0.58,409.4,45655
2026-03-18 07:24:00+00:00,0.87,416.3,49923
2026-03-18 07:25:00+00:00,1.07,422.4,52857
2026-03-18 07:26:00+00:00,0.96,418.1,55912
2026-03-18 07:27:00+00:00,0.15,394.4,31422
2026-03-18 07:28:00+00:00,0.49,408.5,61507
2026-03-18 07:29:00+00:00,0.91,424.1,87888
2026-03-18 07:30:00+00:00,1.08,419.9,75326
2026-03-18 07:31:00+00:00,1.00,414.7,79570
2026-03-18 07:32:00+00:00,0.96,422.2,106124
2026-03-18 07:33:00+00:00,0.49,405.8,57606
2026-03-18 07:34:00+00:00,0.37,402.6,51856
2026-03-18 07:35:00+00:00,0.25,396.9,46138
2026-03-18 07:36:00+00:00,0.37,403.7,54002
2026-03-18 07:37:00+00:00,0.47,405.9,53166
2026-03-18 07:38:00+00:00,1.25,403.6,43844
2026-03-18 07:39:00+00:00,0.75,412.8,87421
2026-03-18 07:40:00+00:00,0.24,412.1,99221
2026-03-18 07:41:00+00:00,0.23,399.2,60159
2026-03-18 07:42:00+00:00,1.05,404.9,53584
2026-03-18 07:43:00+00:00,1.49,411.2,59687
2026-03-18 07:44:00+00:00,0.36,399.8,54856
2026-03-18 07:45:00+00:00,0.38,393.3,44940
2026-03-18 07:46:00+00:00,0.49,388.2,46587
2026-03-18 07:47:00+00:00,0.59,395.6,68950
2026-03-18 07:48:00+00:00,0.50,399.2,63556
2026-03-18 07:49:00+00:00,0.77,399.1,62460
2026-03-18 07:50:00+00:00,1.59,399.9,39113
2026-03-18 07:51:00+00:00,0.79,408.8,72885
2026-03-18 07:52:00+00:00,0.64,400.1,33718
2026-03-18 07:53:00+00:00,0.32,387.9,23094
2026-03-18 07:54:00+00:00,0.42,399.5,75674
2026-03-18 07:55:00+00:00,0.38,402.4,50176
2026-03-18 07:56:00+00:00,0.79,406.0,51034
2026-03-18 07:57:00+00:00,0.55,396.0,35595
2026-03-18 07:58:00+00:00,0.71,407.5,55832
2026-03-18 07:59:00+00:00,1.22,418.0,72775
2026-03-18 08:00:00+00:00,1.28,416.4,64500
2026-03-18 08:01:00+00:00,1.18,417.7,63979
2026-03-18 08:02:00+00:00,1.37,422.7,77436
2026-03-18 08:03:00+00:00,1.36,420.4,76887
2026-03-18 08:04:00+00:00,0.95,410.2,57070
2026-03-18 08:05:00+00:00,0.73,400.1,37140
2026-03-18 08:06:00+00:00,0.92,425.1,78829
2026-03-18 08:07:00+00:00,0.70,422.5,74661
2026-03-18 08:08:00+00:00,0.83,416.6,56053
2026-03-18 08:09:00+00:00,0.79,413.2,54357
2026-03-18 08:10:00+00:00,1.18,417.6,76439
2026-03-18 08:11:00+00:00,1.56,430.5,65637
2026-03-18 08:12:00+00:00,0.76,421.7,58735
2026-03-18 08:13:00+00:00,0.53,424.8,77838
2026-03-18 08:14:00+00:00,0.53,426.6,82550
2026-03-18 08:15:00+00:00,0.42,415.6,59139
2026-03-18 08:16:00+00:00,0.34,407.6,43020
2026-03-18 08:17:00+00:00,0.71,424.6,84927
2026-03-18 08:18:00+00:00,0.63,422.3,78532
2026-03-18 08:19:00+00:00,0.52,416.3,65586
2026-03-18 08:20:00+00:00,0.62,414.2,70924
2026-03-18 08:21:00+00:00,0.71,420.9,92873
2026-03-18 08:22:00+00:00,0.36,409.6,43040
2026-03-18 08:23:00+00:00,0.89,421.1,52247
2026-03-18 08:24:00+00:00,0.57,410.6,62228
2026-03-18 08:25:00+00:00,0.64,426.8,103776
2026-03-18 08:26:00+00:00,0.51,412.1,58965
2026-03-18 08:27:00+00:00,0.40,397.7,27990
2026-03-18 08:28:00+00:00,0.56,408.8,48344
2026-03-18 08:29:00+00:00,0.68,419.3,71708
2026-03-18 08:30:00+00:00,0.22,406.0,39877
2026-03-18 08:31:00+00:00,0.40,406.7,40045
2026-03-18 08:32:00+00:00,0.67,420.8,70819
2026-03-18 08:33:00+00:00,0.76,425.9,83797
2026-03-18 08:34:00+00:00,0.46,407.3,47983
2026-03-18 08:35:00+00:00,0.27,396.0,36743
2026-03-18 08:36:00+00:00,0.35,401.9,66371
2026-03-18 08:37:00+00:00,0.46,406.7,76035
2026-03-18 08:38:00+00:00,0.69,404.9,50079
2026-03-18 08:39:00+00:00,0.49,412.8,65313
2026-03-18 08:40:00+00:00,0.44,409.6,63728
2026-03-18 08:41:00+00:00,0.41,414.7,66019
2026-03-18 08:42:00+00:00,0.32,401.2,38104
2026-03-18 08:43:00+00:00,0.51,417.1,75454
2026-03-18 08:44:00+00:00,0.46,415.6,67723
2026-03-18 08:45:00+00:00,0.35,403.9,43084
2026-03-18 08:46:00+00:00,0.51,403.1,48683
2026-03-18 08:47:00+00:00,0.79,412.3,68416
2026-03-18 08:48:00+00:00,0.66,412.1,67221
2026-03-18 08:49:00+00:00,0.39,406.4,57177
2026-03-18 08:50:00+00:00,0.21,427.0,101795
2026-03-18 08:51:00+00:00,0.19,420.6,81442
2026-03-18 08:52:00+00:00,0.16,405.5,38274
2026-03-18 08:53:00+00:00,0.25,405.2,54892
2026-03-18 08:54:00+00:00,0.30,412.4,70645
2026-03-18 08:55:00+00:00,0.33,430.2,102077
2026-03-18 08:56:00+00:00,0.23,417.1,65784
2026-03-18 08:57:00+00:00,0.19,400.9,42673
2026-03-18 08:58:00+00:00,0.70,413.8,83964
2026-03-18 08:59:00+00:00,0.32,416.3,69156
2026-03-18 09:00:00+00:00,0.23,417.5,57791
2026-03-18 09:01:00+00:00,0.24,408.8,62323
2026-03-18 09:02:00+00:00,0.24,408.9,80974
2026-03-18 09:03:00+00:00,0.42,409.6,89698
2026-03-18 09:04:00+00:00,0.35,400.8,63709
2026-03-18 09:05:00+00:00,0.84,409.4,78728
2026-03-18 09:06:00+00:00,1.61,424.1,113145
2026-03-18 09:07:00+00:00,1.30,411.0,77537
2026-03-18 09:08:00+00:00,1.00,404.7,60465
2026-03-18 09:09:00+00:00,0.87,399.7,44368
2026-03-18 09:10:00+00:00,1.47,418.1,86823
2026-03-18 09:11:00+00:00,1.12,418.6,73124
2026-03-18 09:12:00+00:00,0.90,413.4,56817
2026-03-18 09:13:00+00:00,1.02,422.2,78455
2026-03-18 09:14:00+00:00,1.58,419.5,103212
2026-03-18 09:15:00+00:00,1.47,418.8,89626
2026-03-18 09:16:00+00:00,1.03,409.3,63101
2026-03-18 09:17:00+00:00,1.10,410.6,71374
2026-03-18 09:18:00+00:00,1.14,410.7,80684
2026-03-18 09:19:00+00:00,0.70,394.7,48808
2026-03-18 09:20:00+00:00,0.72,405.0,51511
2026-03-18 09:21:00+00:00,0.97,423.5,76746
2026-03-18 09:22:00+00:00,0.86,419.1,72755
2026-03-18 09:23:00+00:00,0.78,409.1,54059
2026-03-18 09:24:00+00:00,0.90,408.3,55132
2026-03-18 09:25:00+00:00,1.20,406.1,56849
2026-03-18 09:26:00+00:00,0.77,407.2,46238
2026-03-18 09:27:00+00:00,0.53,396.9,32966
2026-03-18 09:28:00+00:00,1.03,407.5,55022
2026-03-18 09:29:00+00:00,1.14,408.3,64485
2026-03-18 09:30:00+00:00,1.09,406.5,53839
2026-03-18 09:31:00+00:00,0.96,396.0,42510
2026-03-18 09:32:00+00:00,1.33,411.8,68706
2026-03-18 09:33:00+00:00,1.72,413.7,88734
2026-03-18 09:34:00+00:00,1.07,397.8,52352
2026-03-18 09:35:00+00:00,1.26,408.0,64775
2026-03-18 09:36:00+00:00,1.66,419.3,83715
2026-03-18 09:37:00+00:00,1.51,411.5,64136
2026-03-18 09:38:00+00:00,1.20,398.9,41934
2026-03-18 09:39:00+00:00,1.02,395.2,36729
2026-03-18 09:40:00+00:00,1.73,412.1,63506
2026-03-18 09:41:00+00:00,2.05,412.0,75827
2026-03-18 09:42:00+00:00,1.34,398.8,43017
2026-03-18 09:43:00+00:00,2.65,414.8,87102
2026-03-18 09:44:00+00:00,1.40,410.9,56879
2026-03-18 09:45:00+00:00,1.39,406.0,54563
2026-03-18 09:46:00+00:00,1.00,391.1,30423
2026-03-18 09:47:00+00:00,1.94,404.7,72200
2026-03-18 09:48:00+00:00,1.55,403.0,55862
2026-03-18 09:49:00+00:00,1.25,394.8,41640
2026-03-18 09:50:00+00:00,1.64,403.1,61739
2026-03-18 09:51:00+00:00,1.82,406.1,73619
2026-03-18 09:52:00+00:00,1.76,403.3,66446
2026-03-18 09:53:00+00:00,1.42,396.3,44102
2026-03-18 09:54:00+00:00,1.33,396.3,43585
2026-03-18 09:55:00+00:00,1.94,411.7,79341
2026-03-18 09:56:00+00:00,1.96,406.6,56319
2026-03-18 09:57:00+00:00,1.87,408.0,55773
2026-03-18 09:58:00+00:00,1.46,416.5,57665
2026-03-18 10:02:00+00:00,1.33,409.9,50590
2026-03-18 10:03:00+00:00,1.31,408.7,56192
2026-03-18 10:04:00+00:00,1.09,413.0,58618
2026-03-18 10:05:00+00:00,1.02,411.3,57391
2026-03-18 10:06:00+00:00,1.50,413.5,75773
2026-03-18 10:07:00+00:00,1.97,414.5,80181
2026-03-18 10:08:00+00:00,1.53,405.1,50128
2026-03-18 10:09:00+00:00,1.21,401.8,51943
2026-03-18 10:10:00+00:00,1.58,410.9,82100
2026-03-18 10:11:00+00:00,1.56,408.6,67605
2026-03-18 10:12:00+00:00,1.45,394.4,54309
2026-03-18 10:13:00+00:00,1.69,399.1,63969
2026-03-18 10:14:00+00:00,2.25,411.5,93057
2026-03-18 10:15:00+00:00,1.10,390.7,47324
2026-03-18 10:16:00+00:00,0.87,395.1,54586
2026-03-18 10:17:00+00:00,1.12,405.8,92583
2026-03-18 10:18:00+00:00,0.87,397.1,72344
2026-03-18 10:19:00+00:00,0.82,390.3,59637
2026-03-18 10:20:00+00:00,0.65,391.3,69327
2026-03-18 10:21:00+00:00,0.88,402.8,109547
2026-03-18 10:22:00+00:00,1.27,404.7,104776
2026-03-18 10:23:00+00:00,1.06,393.3,59038
2026-03-18 10:24:00+00:00,1.24,391.9,43653
2026-03-18 10:25:00+00:00,1.70,402.3,63326
2026-03-18 10:26:00+00:00,1.47,402.5,61709
2026-03-18 10:27:00+00:00,1.12,394.1,40420
2026-03-18 10:28:00+00:00,1.32,397.5,45464
2026-03-18 10:29:00+00:00,1.31,399.1,68906
2026-03-18 10:30:00+00:00,1.23,397.3,64818
2026-03-18 10:32:00+00:00,1.52,410.8,102318
2026-03-18 10:33:00+00:00,1.28,407.1,126101
2026-03-18 10:34:00+00:00,0.94,391.2,52658
2026-03-18 10:35:00+00:00,0.97,392.3,58680
2026-03-18 10:36:00+00:00,0.94,393.6,57628
2026-03-18 10:37:00+00:00,0.90,396.1,61856
2026-03-18 10:38:00+00:00,0.66,385.5,38127
2026-03-18 10:39:00+00:00,0.97,393.9,51311
2026-03-18 10:40:00+00:00,1.27,400.7,63208
2026-03-18 10:41:00+00:00,1.16,393.2,46034
2026-03-18 10:42:00+00:00,1.21,391.8,42019
2026-03-18 10:43:00+00:00,1.52,396.5,51595
2026-03-18 10:44:00+00:00,1.55,398.1,52069
2026-03-18 10:45:00+00:00,1.18,394.5,51634
2026-03-18 10:46:00+00:00,0.81,387.1,33869
2026-03-18 10:47:00+00:00,2.06,406.7,77142
2026-03-18 10:48:00+00:00,1.96,403.4,52017
2026-03-18 10:49:00+00:00,2.10,405.2,58854
2026-03-18 10:50:00+00:00,1.13,392.3,30575
2026-03-18 10:51:00+00:00,2.13,409.1,68659
2026-03-18 10:52:00+00:00,1.89,405.5,59508
2026-03-18 10:53:00+00:00,2.84,392.1,54211
2026-03-18 10:54:00+00:00,1.35,406.8,149948
2026-03-18 10:55:00+00:00,0.47,401.9,97557
2026-03-18 10:56:00+00:00,0.66,388.6,47391
2026-03-18 10:57:00+00:00,0.94,392.9,52903
2026-03-18 10:58:00+00:00,1.24,398.0,70366
2026-03-18 10:59:00+00:00,1.24,395.0,59326
2026-03-18 11:00:00+00:00,1.46,395.0,44256
2026-03-18 11:01:00+00:00,1.42,395.3,40191
2026-03-18 11:02:00+00:00,2.13,413.6,79353
2026-03-18 11:03:00+00:00,2.12,413.4,78536
2026-03-18 11:04:00+00:00,1.76,409.0,54863
2026-03-18 11:05:00+00:00,0.91,391.2,27903
2026-03-18 11:06:00+00:00,2.25,418.1,83958
2026-03-18 11:07:00+00:00,2.66,418.8,86979
2026-03-18 11:08:00+00:00,1.95,408.0,60524
2026-03-18 11:09:00+00:00,2.00,409.7,67106
2026-03-18 11:10:00+00:00,2.10,412.4,75074
2026-03-18 11:11:00+00:00,1.59,406.2,61362
2026-03-18 11:12:00+00:00,1.00,394.6,36307
2026-03-18 11:13:00+00:00,2.20,401.7,25857
2026-03-18 11:14:00+00:00,2.60,420.2,61426
2026-03-18 11:15:00+00:00,0.12,417.6,110898
2026-03-18 11:16:00+00:00,0.13,409.0,104895
2026-03-18 11:17:00+00:00,0.13,412.4,120166
2026-03-18 11:18:00+00:00,0.15,416.6,118005
2026-03-18 11:19:00+00:00,0.32,391.8,58214
2026-03-18 11:20:00+00:00,0.20,394.9,104723
2026-03-18 11:21:00+00:00,0.90,413.2,126418
2026-03-18 11:22:00+00:00,1.09,406.8,109975
2026-03-18 11:23:00+00:00,1.26,393.2,68383
2026-03-18 11:24:00+00:00,1.30,400.4,54041
2026-03-18 11:25:00+00:00,1.42,404.4,58964
2026-03-18 11:26:00+00:00,1.56,404.4,58588
2026-03-18 11:27:00+00:00,1.20,401.0,52629
2026-03-18 11:28:00+00:00,0.83,405.9,54377
2026-03-18 11:29:00+00:00,0.77,411.4,74939
2026-03-18 11:30:00+00:00,0.68,400.5,72966
2026-03-18 11:31:00+00:00,0.66,387.4,39049
2026-03-18 11:32:00+00:00,0.82,391.5,51712
2026-03-18 11:33:00+00:00,0.82,391.1,53310
2026-03-18 11:34:00+00:00,0.73,388.2,45551
2026-03-18 11:35:00+00:00,1.26,,
2026-03-18 11:36:00+00:00,1.26,394.8,55607
2026-03-18 11:37:00+00:00,0.90,389.8,46527
2026-03-18 11:38:00+00:00,0.80,383.9,36024
2026-03-18 11:39:00+00:00,1.60,404.6,79578
2026-03-18 11:40:00+00:00,1.44,398.8,52761
2026-03-18 11:41:00+00:00,1.26,399.7,43705
2026-03-18 11:42:00+00:00,0.72,394.6,32455
2026-03-18 11:43:00+00:00,0.99,394.2,49499
2026-03-18 11:44:00+00:00,1.21,393.7,55861
2026-03-18 11:45:00+00:00,0.82,386.3,36815
2026-03-18 11:46:00+00:00,0.82,385.7,43656
2026-03-18 11:47:00+00:00,1.13,392.7,64288
2026-03-18 11:48:00+00:00,0.89,389.0,48617
2026-03-18 11:49:00+00:00,0.75,386.4,49096
2026-03-18 11:50:00+00:00,0.93,383.6,39328
2026-03-18 11:51:00+00:00,1.75,399.1,62623
2026-03-18 11:52:00+00:00,1.29,388.8,35685
2026-03-18 11:53:00+00:00,0.78,380.8,35249
2026-03-18 11:54:00+00:00,1.11,388.6,44096
2026-03-18 11:55:00+00:00,1.57,396.9,66589
2026-03-18 11:56:00+00:00,1.57,401.6,53442
2026-03-18 11:57:00+00:00,1.20,394.4,29074
2026-03-18 11:58:00+00:00,2.11,411.0,70169
2026-03-18 11:59:00+00:00,1.54,417.5,76646
2026-03-18 12:00:00+00:00,1.80,404.1,51009
2026-03-18 12:01:00+00:00,1.83,403.3,53549
2026-03-18 12:02:00+00:00,2.92,419.1,82501
2026-03-18 12:03:00+00:00,2.63,417.7,68866
2026-03-18 12:04:00+00:00,0.93,390.3,19546
2026-03-18 12:05:00+00:00,1.30,395.0,31040
2026-03-18 12:06:00+00:00,3.07,418.5,86254
2026-03-18 12:07:00+00:00,2.67,417.3,65950
2026-03-18 12:09:00+00:00,3.11,428.5,119550
2026-03-18 12:10:00+00:00,1.93,409.2,52638
2026-03-18 12:11:00+00:00,1.44,398.4,56519
2026-03-18 12:12:00+00:00,0.73,381.1,25547
2026-03-18 12:13:00+00:00,0.89,381.9,18319
2026-03-18 12:14:00+00:00,1.69,395.3,49805
2026-03-18 12:15:00+00:00,1.69,398.6,56148
2026-03-18 12:16:00+00:00,1.17,398.3,40011
2026-03-18 12:17:00+00:00,1.70,406.1,50082
2026-03-18 12:18:00+00:00,2.43,413.4,66847
2026-03-18 12:19:00+00:00,1.80,407.0,46657
2026-03-18 12:20:00+00:00,1.34,394.3,33967
2026-03-18 12:21:00+00:00,1.23,399.9,69160
2026-03-18 12:22:00+00:00,2.31,412.5,91537
2026-03-18 12:23:00+00:00,1.09,385.2,23389
2026-03-18 12:24:00+00:00,0.92,387.1,46525
2026-03-18 12:25:00+00:00,1.41,390.8,55024
2026-03-18 12:26:00+00:00,1.10,394.5,37734
2026-03-18 12:27:00+00:00,1.96,391.8,29700
2026-03-18 12:28:00+00:00,1.91,415.9,66283
2026-03-18 12:29:00+00:00,2.12,414.0,63503
2026-03-18 12:30:00+00:00,1.64,410.9,62057
2026-03-18 12:31:00+00:00,1.08,401.2,43890
2026-03-18 12:32:00+00:00,1.30,403.7,50389
2026-03-18 12:33:00+00:00,1.71,410.4,60157
2026-03-18 12:34:00+00:00,1.55,403.1,40690
2026-03-18 12:35:00+00:00,1.75,398.6,35814
2026-03-18 12:36:00+00:00,2.40,407.6,50684
2026-03-18 12:37:00+00:00,2.82,414.1,61929
2026-03-18 12:38:00+00:00,2.83,408.2,61377
2026-03-18 12:39:00+00:00,1.26,389.1,22584
2026-03-18 12:40:00+00:00,3.24,413.9,65391
2026-03-18 12:41:00+00:00,3.24,,
2026-03-18 12:42:00+00:00,2.72,415.2,49830
2026-03-18 12:43:00+00:00,2.65,414.8,60314
2026-03-18 12:44:00+00:00,2.63,414.8,62411
2026-03-18 12:45:00+00:00,2.82,418.5,58845
2026-03-18 12:46:00+00:00,2.21,406.8,43015
2026-03-18 12:47:00+00:00,2.10,405.0,40798
2026-03-18 12:48:00+00:00,2.54,415.8,58870
2026-03-18 12:49:00+00:00,2.62,411.1,57850
2026-03-18 12:50:00+00:00,1.98,393.4,34356
2026-03-18 12:51:00+00:00,1.72,393.8,34755
2026-03-18 12:52:00+00:00,2.69,404.9,55806
2026-03-18 12:53:00+00:00,2.26,403.6,47701
2026-03-18 12:54:00+00:00,2.07,401.4,43253
2026-03-18 12:55:00+00:00,3.27,413.9,77924
2026-03-18 12:56:00+00:00,2.46,406.2,55936
2026-03-18 12:57:00+00:00,1.13,389.7,22925
2026-03-18 12:58:00+00:00,2.73,415.7,68535
2026-03-18 12:59:00+00:00,3.21,422.2,80498
2026-03-18 13:00:00+00:00,2.77,421.6,63459
2026-03-18 13:01:00+00:00,2.18,409.0,45906
2026-03-18 13:02:00+00:00,3.02,415.1,70136
2026-03-18 13:03:00+00:00,2.92,413.2,72235
2026-03-18 13:04:00+00:00,1.58,395.5,38098
2026-03-18 13:05:00+00:00,1.72,400.3,44754
2026-03-18 13:06:00+00:00,2.97,420.2,82179
2026-03-18 13:07:00+00:00,2.85,415.7,72711
2026-03-18 13:08:00+00:00,2.35,404.8,49582
2026-03-18 13:09:00+00:00,1.98,395.7,37046
2026-03-18 13:10:00+00:00,2.73,408.2,59138
2026-03-18 13:11:00+00:00,2.83,410.9,56063
2026-03-18 13:12:00+00:00,2.66,411.2,54384
2026-03-18 13:13:00+00:00,3.38,415.0,91680
2026-03-18 13:14:00+00:00,3.40,415.1,92966
2026-03-18 13:15:00+00:00,3.17,411.4,76806
2026-03-18 13:16:00+00:00,2.37,404.3,48545
2026-03-18 13:17:00+00:00,2.54,405.8,57327
2026-03-18 13:18:00+00:00,2.79,406.4,60549
2026-03-18 13:19:00+00:00,1.98,395.4,36984
2026-03-18 13:20:00+00:00,1.33,387.3,20836
2026-03-18 13:21:00+00:00,3.30,415.1,96584
2026-03-18 13:22:00+00:00,3.39,415.1,96344
2026-03-18 13:23:00+00:00,2.75,403.5,71477
2026-03-18 13:24:00+00:00,0.97,378.6,15756
2026-03-18 13:25:00+00:00,1.60,391.4,37651
2026-03-18 13:26:00+00:00,2.84,416.5,116481
2026-03-18 13:27:00+00:00,1.13,386.1,37929
2026-03-18 13:28:00+00:00,1.11,380.5,29694
2026-03-18 13:29:00+00:00,1.37,383.9,31681
2026-03-18 13:30:00+00:00,1.50,388.5,34213
2026-03-18 13:31:00+00:00,2.44,397.0,45191
2026-03-18 13:32:00+00:00,2.61,403.3,63236
2026-03-18 13:33:00+00:00,2.49,404.8,60337
2026-03-18 13:34:00+00:00,2.03,399.0,43680
2026-03-18 13:35:00+00:00,1.81,395.8,36118
2026-03-18 13:36:00+00:00,2.71,405.2,71925
2026-03-18 13:37:00+00:00,2.00,396.6,57038
2026-03-18 13:38:00+00:00,1.01,381.6,29915
2026-03-18 13:39:00+00:00,1.01,377.3,21163
2026-03-18 13:40:00+00:00,1.30,383.0,30696
2026-03-18 13:41:00+00:00,1.54,386.4,28998
2026-03-18 13:42:00+00:00,1.59,391.1,35890
2026-03-18 13:43:00+00:00,2.47,393.4,41448
2026-03-18 13:44:00+00:00,1.93,394.9,33708
2026-03-18 13:45:00+00:00,1.62,395.4,41548
2026-03-18 13:48:00+00:00,1.27,409.8,35185
2026-03-18 13:49:00+00:00,1.69,401.1,37303
2026-03-18 13:50:00+00:00,2.06,397.7,42652
2026-03-18 13:51:00+00:00,2.15,398.2,45497
2026-03-18 13:52:00+00:00,2.21,399.1,43876
2026-03-18 13:53:00+00:00,1.95,398.1,42671
2026-03-18 13:54:00+00:00,1.80,395.3,42235
2026-03-18 13:55:00+00:00,2.23,394.8,40112
2026-03-18 13:56:00+00:00,2.21,396.7,40656
2026-03-18 13:57:00+00:00,2.35,396.9,40876
2026-03-18 13:58:00+00:00,2.02,394.2,36444
2026-03-18 13:59:00+00:00,2.32,400.9,53590
2026-03-18 14:01:00+00:00,1.33,383.0,32245
2026-03-18 14:03:00+00:00,1.84,384.8,32344
2026-03-18 14:04:00+00:00,1.80,386.2,32082
2026-03-18 14:05:00+00:00,1.93,390.8,38188
2026-03-18 14:06:00+00:00,1.77,387.3,35170
2026-03-18 14:07:00+00:00,1.60,385.5,32263
2026-03-18 14:08:00+00:00,1.84,387.4,33466
2026-03-18 14:09:00+00:00,1.91,386.2,32085
2026-03-18 14:10:00+00:00,1.73,384.7,29246
2026-03-18 14:11:00+00:00,1.98,386.8,31309
2026-03-18 14:12:00+00:00,2.16,388.6,34783
2026-03-18 14:13:00+00:00,2.06,393.1,33358
2026-03-18 14:14:00+00:00,2.39,390.0,37489
2026-03-18 14:15:00+00:00,1.56,392.7,39536
2026-03-18 14:16:00+00:00,2.46,394.0,39664
2026-03-18 14:17:00+00:00,2.22,390.5,37723
2026-03-18 14:18:00+00:00,1.93,393.3,42190
2026-03-18 14:21:00+00:00,1.98,394.2,37883
2026-03-18 14:22:00+00:00,2.01,395.5,39446
2026-03-18 14:23:00+00:00,2.18,395.5,40306
2026-03-18 14:24:00+00:00,2.12,394.0,38240
2026-03-18 14:25:00+00:00,1.94,390.8,36221
2026-03-18 14:26:00+00:00,1.83,387.4,34512
2026-03-18 14:27:00+00:00,1.66,386.5,30742
2026-03-18 14:28:00+00:00,1.73,385.9,29988
2026-03-18 14:29:00+00:00,1.77,388.7,33510
2026-03-18 14:30:00+00:00,1.55,386.7,33473
2026-03-18 14:33:00+00:00,1.89,386.5,32256
2026-03-18 14:34:00+00:00,1.59,386.1,32397
2026-03-18 14:35:00+00:00,1.79,387.0,35399
2026-03-18 14:36:00+00:00,1.84,387.4,35678
2026-03-18 14:37:00+00:00,1.81,390.4,37740
2026-03-18 14:38:00+00:00,1.36,388.5,37659
2026-03-18 14:39:00+00:00,1.10,386.6,38792
2026-03-18 14:40:00+00:00,1.04,386.7,41317
2026-03-18 14:41:00+00:00,1.37,389.0,41757
2026-03-18 14:42:00+00:00,1.66,388.2,38234
2026-03-18 14:43:00+00:00,1.60,385.1,35131
2026-03-18 14:44:00+00:00,2.22,391.5,38315
2026-03-18 14:45:00+00:00,2.00,390.2,38706
2026-03-18 14:46:00+00:00,2.06,390.6,36211
2026-03-18 14:47:00+00:00,1.84,391.0,39783
2026-03-18 14:48:00+00:00,1.67,387.8,35111
2026-03-18 14:49:00+00:00,1.89,391.0,35934
2026-03-18 14:50:00+00:00,1.66,390.9,36781
2026-03-18 14:51:00+00:00,1.99,391.3,39712
2026-03-18 14:54:00+00:00,2.41,405.9,52053
2026-03-18 14:55:00+00:00,2.27,406.4,50357
2026-03-18 14:56:00+00:00,2.23,403.5,51236
2026-03-18 14:57:00+00:00,2.10,400.5,51480
2026-03-18 14:58:00+00:00,1.93,397.9,45923
2026-03-18 14:59:00+00:00,2.11,393.3,40743
2026-03-18 15:00:00+00:00,2.30,393.7,41003
2026-03-18 15:01:00+00:00,2.46,394.3,42165
2026-03-18 15:02:00+00:00,2.28,395.0,45651
2026-03-18 15:03:00+00:00,2.26,395.2,45710
2026-03-18 15:04:00+00:00,1.89,400.2,47421
2026-03-18 15:05:00+00:00,1.65,401.1,47174
2026-03-18 15:06:00+00:00,1.79,396.4,45062
2026-03-18 15:07:00+00:00,1.98,399.4,43017
2026-03-18 15:08:00+00:00,2.07,399.5,44951
2026-03-18 15:09:00+00:00,1.50,399.6,43860
2026-03-18 15:10:00+00:00,1.11,399.7,44492
2026-03-18 15:11:00+00:00,1.39,401.9,47511
2026-03-18 15:12:00+00:00,2.06,409.8,58053
2026-03-18 15:13:00+00:00,2.10,418.6,61443
2026-03-18 15:14:00+00:00,1.42,421.6,56175
2026-03-18 15:15:00+00:00,0.87,413.9,59783
2026-03-18 15:16:00+00:00,0.51,403.1,66455
2026-03-18 15:17:00+00:00,0.41,423.6,79982
2026-03-18 15:18:00+00:00,0.37,431.3,51023
2026-03-18 15:19:00+00:00,0.31,436.6,41466
2026-03-18 15:20:00+00:00,0.41,432.8,47485
2026-03-18 15:21:00+00:00,0.09,424.6,68840
2026-03-18 15:22:00+00:00,0.09,421.0,78859
2026-03-18 15:23:00+00:00,0.40,429.1,51281
2026-03-18 15:24:00+00:00,0.49,431.5,51617
2026-03-18 15:27:00+00:00,0.68,427.8,56274
2026-03-18 15:28:00+00:00,0.69,429.0,55935
2026-03-18 15:29:00+00:00,0.68,430.0,55715
2026-03-18 15:30:00+00:00,0.71,429.4,54962
2026-03-18 15:31:00+00:00,0.71,430.6,56134
2026-03-18 15:32:00+00:00,0.76,430.0,55379
2026-03-18 15:33:00+00:00,0.90,428.4,53019
2026-03-18 15:34:00+00:00,0.77,429.9,53793
2026-03-18 15:35:00+00:00,0.80,428.3,55145
2026-03-18 15:36:00+00:00,0.68,427.4,49790
2026-03-18 15:37:00+00:00,0.62,427.8,48900
2026-03-18 15:38:00+00:00,0.69,427.5,47033
2026-03-18 15:39:00+00:00,0.77,424.8,47478
2026-03-18 15:40:00+00:00,0.79,423.3,49227
2026-03-18 15:41:00+00:00,0.83,423.1,48620
2026-03-18 15:42:00+00:00,0.44,408.7,59374
2026-03-18 15:43:00+00:00,0.47,411.7,56793
2026-03-18 15:44:00+00:00,0.64,422.0,48569
2026-03-18 15:45:00+00:00,0.64,424.1,50253
2026-03-18 15:46:00+00:00,0.66,424.4,56704
2026-03-18 15:47:00+00:00,0.67,423.0,58294
2026-03-18 15:48:00+00:00,0.82,421.8,50944
2026-03-18 15:49:00+00:00,0.80,422.3,48809
2026-03-18 15:50:00+00:00,0.78,421.4,49568
2026-03-18 15:51:00+00:00,0.86,421.5,51514
2026-03-18 15:52:00+00:00,0.69,421.7,51694
2026-03-18 15:53:00+00:00,0.21,414.0,75005
2026-03-18 15:54:00+00:00,0.26,423.0,54022
2026-03-18 15:55:00+00:00,0.14,418.1,68579
2026-03-18 15:56:00+00:00,0.21,409.9,48480
2026-03-18 15:57:00+00:00,0.48,412.9,56779
2026-03-18 16:02:00+00:00,0.73,419.2,53626
2026-03-18 16:03:00+00:00,0.73,418.8,52444
2026-03-18 16:04:00+00:00,0.61,416.4,54628
2026-03-18 16:05:00+00:00,0.35,412.9,70437
2026-03-18 16:06:00+00:00,0.71,418.2,67610
2026-03-18 16:07:00+00:00,0.73,424.9,61198
2026-03-18 16:08:00+00:00,0.88,423.7,59179
2026-03-18 16:09:00+00:00,1.11,422.4,48831
2026-03-18 16:10:00+00:00,1.11,420.7,47101
2026-03-18 16:11:00+00:00,1.10,420.0,46561
2026-03-18 16:12:00+00:00,1.23,421.1,46751
2026-03-18 16:13:00+00:00,1.31,421.9,45484
2026-03-18 16:14:00+00:00,1.34,421.8,45319
2026-03-18 16:15:00+00:00,1.32,421.6,43887
2026-03-18 16:16:00+00:00,1.32,421.8,43383
2026-03-18 16:17:00+00:00,1.33,423.2,44282
2026-03-18 16:18:00+00:00,1.22,424.1,44200
2026-03-18 16:19:00+00:00,1.08,422.4,43870
2026-03-18 16:20:00+00:00,1.17,422.0,44680
2026-03-18 16:21:00+00:00,1.32,423.9,46380
2026-03-18 16:22:00+00:00,1.03,420.6,45025
2026-03-18 16:23:00+00:00,1.10,420.8,43400
2026-03-18 16:24:00+00:00,1.17,421.4,45282
2026-03-18 16:25:00+00:00,1.22,423.2,42365
2026-03-18 16:26:00+00:00,1.17,423.6,41076
2026-03-18 16:27:00+00:00,1.16,421.4,42773
2026-03-18 16:28:00+00:00,1.20,420.9,45933
2026-03-18 16:29:00+00:00,1.17,422.2,47012
2026-03-18 16:30:00+00:00,1.20,421.4,47790
2026-03-18 16:33:00+00:00,1.45,424.0,48038
2026-03-18 16:34:00+00:00,1.45,424.0,48038
2026-03-18 16:36:00+00:00,1.31,422.6,46996
2026-03-18 16:37:00+00:00,1.46,421.7,48193
2026-03-18 16:38:00+00:00,1.16,416.0,33814
2026-03-18 16:39:00+00:00,1.92,428.5,63254
2026-03-18 16:40:00+00:00,1.35,418.5,48084
2026-03-18 16:41:00+00:00,0.90,422.1,39305
2026-03-18 16:42:00+00:00,0.81,410.5,23366
2026-03-18 16:43:00+00:00,1.54,419.7,67250
2026-03-18 16:44:00+00:00,1.47,418.1,53375
2026-03-18 16:45:00+00:00,1.39,420.6,49551
2026-03-18 16:46:00+00:00,1.35,421.7,48556
2026-03-18 16:47:00+00:00,1.44,418.2,50032
2026-03-18 16:48:00+00:00,1.45,415.4,49768
2026-03-18 16:49:00+00:00,1.16,406.8,33642
2026-03-18 16:50:00+00:00,1.31,406.6,43316
2026-03-18 16:51:00+00:00,2.00,423.5,82503
2026-03-18 16:52:00+00:00,1.67,417.3,58405
2026-03-18 16:53:00+00:00,1.37,413.5,47965
2026-03-18 16:54:00+00:00,1.39,413.6,48310
2026-03-18 16:55:00+00:00,1.56,414.9,51218
2026-03-18 16:56:00+00:00,1.24,410.1,45700
2026-03-18 16:57:00+00:00,0.66,394.3,22929
2026-03-18 16:58:00+00:00,1.63,418.0,65618
2026-03-18 16:59:00+00:00,1.92,419.4,69690
2026-03-18 17:00:00+00:00,1.70,417.0,58290
2026-03-18 17:01:00+00:00,1.24,406.7,40202
2026-03-18 17:02:00+00:00,1.45,410.8,48953
2026-03-18 17:03:00+00:00,1.41,411.0,49405
2026-03-18 17:04:00+00:00,0.91,399.5,29516
2026-03-18 17:05:00+00:00,0.59,391.6,15938
2026-03-18 17:06:00+00:00,2.19,423.8,106385
2026-03-18 17:07:00+00:00,1.98,419.1,88552
2026-03-18 17:08:00+00:00,1.31,404.5,41240
2026-03-18 17:09:00+00:00,0.80,395.4,28945
2026-03-18 17:10:00+00:00,1.45,410.9,60252
2026-03-18 17:11:00+00:00,1.17,404.8,51418
2026-03-18 17:12:00+00:00,0.44,386.5,17270
2026-03-18 17:13:00+00:00,1.18,415.5,52568
2026-03-18 17:14:00+00:00,1.87,428.2,82979
2026-03-18 17:15:00+00:00,1.46,415.4,49309
2026-03-18 17:16:00+00:00,1.29,418.1,43536
2026-03-18 17:17:00+00:00,1.68,422.6,60302
2026-03-18 17:18:00+00:00,1.71,421.1,61107
2026-03-18 17:19:00+00:00,1.09,406.8,37361
2026-03-18 17:20:00+00:00,1.15,411.0,44212
2026-03-18 17:21:00+00:00,1.79,424.9,66232
2026-03-18 17:22:00+00:00,1.90,421.7,62781
2026-03-18 17:23:00+00:00,1.66,415.0,53184
2026-03-18 17:24:00+00:00,1.60,414.5,53758
2026-03-18 17:25:00+00:00,1.91,422.0,80835
2026-03-18 17:26:00+00:00,1.45,409.2,43324
2026-03-18 17:27:00+00:00,0.99,399.1,28192
2026-03-18 17:28:00+00:00,1.41,408.7,46446
2026-03-18 17:29:00+00:00,1.60,411.2,50933
2026-03-18 17:30:00+00:00,1.53,412.5,48915
2026-03-18 17:31:00+00:00,1.03,402.3,30255
2026-03-18 17:32:00+00:00,1.54,420.9,89079
2026-03-18 17:33:00+00:00,1.46,417.1,59217
2026-03-18 17:34:00+00:00,0.87,403.7,31726
2026-03-18 17:35:00+00:00,0.86,404.1,30495
2026-03-18 17:36:00+00:00,1.29,414.2,47801
2026-03-18 17:37:00+00:00,1.54,417.8,58043
2026-03-18 17:38:00+00:00,1.51,416.6,56082
2026-03-18 17:39:00+00:00,1.92,425.4,125024
2026-03-18 17:40:00+00:00,1.50,418.6,102318
2026-03-18 17:41:00+00:00,0.26,397.4,33300
2026-03-18 17:42:00+00:00,1.00,404.8,64195
2026-03-18 17:43:00+00:00,1.26,412.1,91159
2026-03-18 17:44:00+00:00,1.47,412.1,99587
2026-03-18 17:45:00+00:00,0.81,417.1,37521
2026-03-18 17:46:00+00:00,1.39,419.2,37095
2026-03-18 17:47:00+00:00,2.15,428.0,79440
2026-03-18 17:48:00+00:00,3.23,435.1,62471
2026-03-18 17:49:00+00:00,1.62,412.5,67247
2026-03-18 17:50:00+00:00,0.69,400.1,66895
2026-03-18 17:51:00+00:00,0.77,399.1,58120
2026-03-18 17:52:00+00:00,0.85,397.8,52142
2026-03-18 17:53:00+00:00,0.62,389.8,36893
2026-03-18 17:54:00+00:00,0.59,389.3,35402
2026-03-18 17:55:00+00:00,0.93,403.0,61862
2026-03-18 17:56:00+00:00,0.85,399.7,51942
2026-03-18 17:57:00+00:00,0.76,397.7,44487
2026-03-18 17:58:00+00:00,0.77,397.9,45270
2026-03-18 17:59:00+00:00,0.84,399.3,51761
2026-03-18 18:00:00+00:00,0.75,396.5,35542
2026-03-18 18:01:00+00:00,0.56,389.8,24505
2026-03-18 18:02:00+00:00,1.04,401.7,53804
2026-03-18 18:03:00+00:00,1.25,406.8,62790
2026-03-18 18:04:00+00:00,1.25,404.3,51650
2026-03-18 18:05:00+00:00,1.40,409.2,61747
2026-03-18 18:06:00+00:00,2.00,417.3,81718
2026-03-18 18:07:00+00:00,1.87,417.8,107811
2026-03-18 18:08:00+00:00,0.98,400.4,69657
2026-03-18 18:09:00+00:00,0.89,397.5,39689
2026-03-18 18:10:00+00:00,2.02,417.4,75531
2026-03-18 18:11:00+00:00,2.89,423.2,87923
2026-03-18 18:12:00+00:00,1.59,414.4,114975
2026-03-18 18:13:00+00:00,1.48,413.0,110560
2026-03-18 18:14:00+00:00,0.91,404.7,82581
2026-03-18 18:15:00+00:00,0.61,392.6,29750
2026-03-18 18:16:00+00:00,0.86,396.7,37891
2026-03-18 18:17:00+00:00,0.83,407.7,54898
2026-03-18 18:18:00+00:00,1.38,410.0,59759
2026-03-18 18:19:00+00:00,1.11,398.4,40143
2026-03-18 18:20:00+00:00,1.26,400.9,48946
2026-03-18 18:21:00+00:00,1.41,403.9,54796
2026-03-18 18:22:00+00:00,1.42,407.3,60186
2026-03-18 18:23:00+00:00,1.07,395.4,39841
2026-03-18 18:24:00+00:00,1.06,395.6,44163
2026-03-18 18:25:00+00:00,1.21,405.7,58047
2026-03-18 18:26:00+00:00,1.04,403.7,45540
2026-03-18 18:27:00+00:00,1.06,404.1,49788
2026-03-18 18:28:00+00:00,1.33,412.4,75191
2026-03-18 18:29:00+00:00,1.70,418.1,97336
2026-03-18 18:30:00+00:00,1.21,409.0,81627
2026-03-18 18:31:00+00:00,0.50,387.8,25770
2026-03-18 18:32:00+00:00,1.10,409.4,70468
2026-03-18 18:33:00+00:00,1.15,407.6,68679
2026-03-18 18:34:00+00:00,0.72,394.1,40854
2026-03-18 18:35:00+00:00,0.88,403.8,50941
2026-03-18 18:36:00+00:00,1.09,406.9,50905
2026-03-18 18:37:00+00:00,1.31,416.8,80266
2026-03-18 18:38:00+00:00,1.19,406.0,57545
2026-03-18 18:39:00+00:00,1.01,410.3,37889
2026-03-18 18:40:00+00:00,0.78,407.9,41658
2026-03-18 18:41:00+00:00,0.85,400.5,59196
2026-03-18 18:42:00+00:00,1.16,408.7,83191
2026-03-18 18:43:00+00:00,1.00,407.2,75995
2026-03-18 18:44:00+00:00,0.61,396.3,39035
2026-03-18 18:45:00+00:00,0.94,397.1,54925
2026-03-18 18:46:00+00:00,0.95,397.7,54985
2026-03-18 18:47:00+00:00,1.04,403.5,55770
2026-03-18 18:48:00+00:00,1.22,406.7,62781
2026-03-18 18:49:00+00:00,0.92,397.0,31947
2026-03-18 18:50:00+00:00,0.89,395.2,34096
2026-03-18 18:51:00+00:00,1.24,400.1,42463
2026-03-18 18:52:00+00:00,1.51,411.1,64535
2026-03-18 18:53:00+00:00,0.90,398.2,39577
2026-03-18 18:54:00+00:00,1.07,406.2,58180
2026-03-18 18:55:00+00:00,1.36,414.2,77178
2026-03-18 18:56:00+00:00,1.32,410.9,66788
2026-03-18 18:57:00+00:00,1.33,412.4,62675
2026-03-18 18:58:00+00:00,1.41,418.5,72257
2026-03-18 18:59:00+00:00,1.32,414.8,64825
2026-03-18 19:00:00+00:00,0.99,402.5,37399
2026-03-18 19:01:00+00:00,0.67,399.5,26300
2026-03-18 19:02:00+00:00,1.26,422.6,79115
2026-03-18 19:03:00+00:00,1.85,425.1,79332
2026-03-18 19:04:00+00:00,1.28,405.5,44896
2026-03-18 19:05:00+00:00,0.93,398.4,31115
2026-03-18 19:06:00+00:00,1.38,410.2,59102
2026-03-18 19:07:00+00:00,1.15,408.2,50861
2026-03-18 19:08:00+00:00,0.54,390.0,21895
2026-03-18 19:09:00+00:00,1.12,411.0,70242
2026-03-18 19:10:00+00:00,1.57,420.2,78212
2026-03-18 19:11:00+00:00,1.51,416.5,60868
2026-03-18 19:12:00+00:00,1.30,412.7,51591
2026-03-18 19:13:00+00:00,1.38,413.6,56393
2026-03-18 19:14:00+00:00,1.43,414.1,58885
2026-03-18 19:15:00+00:00,0.98,403.2,36835
2026-03-18 19:16:00+00:00,0.82,396.7,29632
2026-03-18 19:17:00+00:00,1.40,416.1,69447
2026-03-18 19:18:00+00:00,3.84,409.0,33859
2026-03-18 19:19:00+00:00,3.73,408.0,34089
2026-03-18 19:20:00+00:00,0.39,377.1,40749
2026-03-18 19:21:00+00:00,0.20,380.9,79798
2026-03-18 19:22:00+00:00,0.26,384.7,53313
2026-03-18 19:23:00+00:00,0.13,379.5,56808
2026-03-18 19:24:00+00:00,0.27,379.8,52040
2026-03-18 19:25:00+00:00,0.25,383.5,66258
2026-03-18 19:26:00+00:00,0.15,389.1,87175
2026-03-18 19:27:00+00:00,0.11,392.4,82445
2026-03-18 19:28:00+00:00,0.19,388.6,92221
2026-03-18 19:29:00+00:00,0.21,385.0,105893
2026-03-18 19:30:00+00:00,0.17,395.1,106700
2026-03-18 19:31:00+00:00,0.10,403.8,93710
2026-03-18 19:32:00+00:00,0.07,411.8,119140
2026-03-18 19:33:00+00:00,0.07,398.3,94035
2026-03-18 19:34:00+00:00,0.14,431.4,121979
2026-03-18 19:35:00+00:00,0.12,392.8,59643
2026-03-18 19:36:00+00:00,0.07,411.5,89728
2026-03-18 19:37:00+00:00,0.06,402.2,58863
2026-03-18 19:38:00+00:00,0.07,403.4,66441
2026-03-18 19:39:00+00:00,0.08,406.0,108137
2026-03-18 19:40:00+00:00,0.07,400.1,92783
2026-03-18 19:41:00+00:00,0.08,401.5,63203
2026-03-18 19:42:00+00:00,0.08,400.9,53145
2026-03-18 19:43:00+00:00,0.08,398.8,64782
2026-03-18 19:44:00+00:00,0.10,412.4,104858
2026-03-18 19:45:00+00:00,0.11,408.1,91030
2026-03-18 19:46:00+00:00,0.10,393.6,63969
2026-03-18 19:47:00+00:00,0.09,405.1,104156
2026-03-18 19:48:00+00:00,0.07,394.1,80422
2026-03-18 19:49:00+00:00,0.08,397.4,104244
2026-03-18 19:50:00+00:00,0.08,384.4,65905
2026-03-18 19:53:00+00:00,0.76,402.3,42882
2026-03-18 19:54:00+00:00,0.08,415.1,71685
2026-03-18 19:55:00+00:00,0.07,423.3,64303
2026-03-18 19:56:00+00:00,0.09,412.1,54010
2026-03-18 19:57:00+00:00,0.89,403.3,46946
2026-03-18 19:58:00+00:00,0.95,409.4,68675
2026-03-18 19:59:00+00:00,0.42,416.5,78393
2026-03-18 20:00:00+00:00,0.11,406.5,60408
2026-03-18 20:01:00+00:00,0.17,397.3,63241
2026-03-18 20:02:00+00:00,0.23,406.3,88024
2026-03-18 20:03:00+00:00,0.17,414.5,78947
2026-03-18 20:04:00+00:00,0.49,412.9,45624
2026-03-18 20:05:00+00:00,1.12,422.9,29551
2026-03-18 20:06:00+00:00,0.35,424.1,47966
2026-03-18 20:07:00+00:00,0.46,424.9,41063
2026-03-18 20:08:00+00:00,0.47,435.8,35277
2026-03-18 20:09:00+00:00,0.86,455.9,54544
2026-03-18 20:10:00+00:00,0.18,436.8,70171
2026-03-18 20:11:00+00:00,0.06,427.2,88578
2026-03-18 20:12:00+00:00,0.06,406.2,58597
2026-03-18 20:13:00+00:00,0.15,409.1,74034
2026-03-18 20:14:00+00:00,0.14,423.5,74283
2026-03-18 20:15:00+00:00,0.09,424.2,73931
2026-03-18 20:16:00+00:00,0.10,426.3,96423
2026-03-18 20:17:00+00:00,0.12,429.1,93671
2026-03-18 20:18:00+00:00,0.16,432.9,60851
2026-03-18 20:19:00+00:00,0.20,430.1,48394
2026-03-18 20:20:00+00:00,0.38,404.6,50593
2026-03-18 20:21:00+00:00,1.27,447.4,77019
2026-03-18 20:22:00+00:00,0.36,428.8,66920
2026-03-18 20:23:00+00:00,0.26,408.5,36868
2026-03-18 20:25:00+00:00,1.71,407.7,103300
2026-03-18 20:26:00+00:00,0.37,406.6,46588
2026-03-18 20:27:00+00:00,1.07,394.1,49564
2026-03-18 20:28:00+00:00,0.97,390.5,44431
2026-03-18 20:29:00+00:00,0.99,391.6,42190
2026-03-18 20:30:00+00:00,0.85,386.6,31500
2026-03-18 20:31:00+00:00,0.62,387.1,39333
2026-03-18 20:32:00+00:00,1.09,387.4,40155
2026-03-18 20:33:00+00:00,0.94,388.6,38202
2026-03-18 20:34:00+00:00,0.64,385.8,30025
2026-03-18 20:35:00+00:00,0.53,384.6,35576
2026-03-18 20:36:00+00:00,0.75,396.3,69904
2026-03-18 20:37:00+00:00,0.67,393.3,78498
2026-03-18 20:38:00+00:00,0.90,394.0,68184
2026-03-18 20:39:00+00:00,0.61,385.9,39252
2026-03-18 20:40:00+00:00,0.37,382.5,32773
2026-03-18 20:41:00+00:00,0.34,383.3,38821
2026-03-18 20:42:00+00:00,0.76,388.7,44277
2026-03-18 20:43:00+00:00,0.63,390.8,68979
2026-03-18 20:44:00+00:00,0.44,383.7,49353
2026-03-18 20:45:00+00:00,0.38,378.1,35164
2026-03-18 20:46:00+00:00,0.16,383.7,27104
2026-03-18 20:47:00+00:00,0.21,396.3,76681
2026-03-18 20:48:00+00:00,0.30,399.5,82925
2026-03-18 20:49:00+00:00,0.49,393.9,47142
2026-03-18 20:50:00+00:00,0.80,393.7,56244
2026-03-18 20:51:00+00:00,0.89,402.8,102323
2026-03-18 20:52:00+00:00,0.95,408.1,139210
2026-03-18 20:53:00+00:00,0.58,388.7,60512
2026-03-18 20:54:00+00:00,0.49,385.2,69607
2026-03-18 20:55:00+00:00,1.02,401.8,95403
2026-03-18 20:56:00+00:00,0.60,392.9,52258
2026-03-18 20:57:00+00:00,0.60,,
2026-03-18 20:58:00+00:00,0.31,423.5,88571
2026-03-18 20:59:00+00:00,0.55,395.0,72052
2026-03-18 21:00:00+00:00,0.46,385.2,45418
2026-03-18 21:01:00+00:00,0.36,398.1,94122
2026-03-18 21:02:00+00:00,0.55,398.7,101425
2026-03-18 21:03:00+00:00,0.56,393.2,88283
2026-03-18 21:04:00+00:00,0.61,388.1,67818
2026-03-18 21:05:00+00:00,0.78,385.6,49375
2026-03-18 21:06:00+00:00,0.79,387.8,57142
2026-03-18 21:07:00+00:00,0.81,390.3,61588
2026-03-18 21:08:00+00:00,1.10,392.0,40074
2026-03-18 21:09:00+00:00,1.49,398.5,48905
2026-03-18 21:10:00+00:00,1.76,412.3,44176
2026-03-18 21:11:00+00:00,1.78,411.0,41665
2026-03-18 21:12:00+00:00,0.99,394.4,30487
2026-03-18 21:13:00+00:00,1.01,397.6,47203
2026-03-18 21:14:00+00:00,0.91,395.2,34907
2026-03-18 21:15:00+00:00,0.67,387.8,22617
2026-03-18 21:16:00+00:00,1.07,395.3,42233
2026-03-18 21:17:00+00:00,1.12,397.1,64365
2026-03-18 21:18:00+00:00,0.80,389.6,48649
2026-03-18 21:19:00+00:00,1.14,385.6,36192
2026-03-18 21:20:00+00:00,1.32,389.0,42767
2026-03-18 21:21:00+00:00,1.00,388.9,41830
2026-03-18 21:22:00+00:00,0.87,384.8,33748
2026-03-18 21:23:00+00:00,0.88,384.8,31818
2026-03-18 21:24:00+00:00,0.94,385.0,24365
2026-03-18 21:25:00+00:00,1.20,390.3,39689
2026-03-18 21:26:00+00:00,1.51,396.3,79079
2026-03-18 21:27:00+00:00,1.10,,
2026-03-18 21:28:00+00:00,1.10,385.8,29515
2026-03-18 21:29:00+00:00,1.19,388.2,37099
2026-03-18 21:30:00+00:00,1.19,388.3,37361
2026-03-18 21:31:00+00:00,1.26,402.3,32828
2026-03-18 21:32:00+00:00,1.44,399.2,31530
2026-03-18 21:33:00+00:00,1.15,386.8,45375
2026-03-18 21:34:00+00:00,1.11,386.2,53288
2026-03-18 21:35:00+00:00,1.21,392.0,68823
2026-03-18 21:36:00+00:00,1.27,392.1,74766
2026-03-18 21:37:00+00:00,1.38,392.6,78372
2026-03-18 21:38:00+00:00,1.32,391.4,66040
2026-03-18 21:39:00+00:00,1.06,383.6,27774
2026-03-18 21:40:00+00:00,1.11,386.8,35276
2026-03-18 21:41:00+00:00,1.07,387.2,34521
2026-03-18 21:42:00+00:00,0.63,379.8,17581
2026-03-18 21:43:00+00:00,1.34,394.9,49628
2026-03-18 21:44:00+00:00,0.96,384.7,26001
2026-03-18 21:45:00+00:00,1.14,387.3,28840
2026-03-18 21:46:00+00:00,0.95,379.5,16063
2026-03-18 21:47:00+00:00,1.08,384.4,31208
2026-03-18 21:48:00+00:00,0.94,382.3,25577
2026-03-18 21:49:00+00:00,0.64,375.8,24959
2026-03-18 21:50:00+00:00,1.11,386.5,57939
2026-03-18 21:51:00+00:00,0.90,383.4,46774
2026-03-18 21:52:00+00:00,0.60,378.1,28032
2026-03-18 21:53:00+00:00,0.66,379.8,25308
2026-03-18 21:54:00+00:00,0.97,383.1,26859
2026-03-18 21:55:00+00:00,1.50,390.0,39241
2026-03-18 21:56:00+00:00,1.10,384.6,23276
2026-03-18 21:57:00+00:00,0.74,378.9,17008
2026-03-18 21:58:00+00:00,1.36,392.6,38368
2026-03-18 21:59:00+00:00,1.09,,
2026-03-18 22:00:00+00:00,1.09,391.4,28414
2026-03-18 22:01:00+00:00,0.78,387.4,24781
2026-03-18 22:02:00+00:00,1.20,392.8,31140
2026-03-18 22:03:00+00:00,1.24,393.4,31860
2026-03-18 22:04:00+00:00,1.09,392.2,27593
2026-03-18 22:05:00+00:00,1.32,397.8,33952
2026-03-18 22:06:00+00:00,1.78,405.7,85995
2026-03-18 22:07:00+00:00,1.49,398.0,72297
2026-03-18 22:08:00+00:00,1.03,388.1,35280
2026-03-18 22:09:00+00:00,1.03,387.5,30095
2026-03-18 22:10:00+00:00,1.20,392.0,37122
2026-03-18 22:11:00+00:00,1.38,396.0,46284
2026-03-18 22:12:00+00:00,1.52,396.2,38825
2026-03-18 22:13:00+00:00,1.65,403.9,47651
2026-03-18 22:14:00+00:00,1.53,400.8,56343
2026-03-18 22:15:00+00:00,1.17,390.5,33233
2026-03-18 22:16:00+00:00,1.53,394.2,35547
2026-03-18 22:17:00+00:00,1.76,401.6,55571
2026-03-18 22:18:00+00:00,1.33,393.3,35168
2026-03-18 22:19:00+00:00,0.75,383.5,22793
2026-03-18 22:20:00+00:00,0.94,382.6,29832
2026-03-18 22:21:00+00:00,1.04,383.7,38849
2026-03-18 22:22:00+00:00,0.89,386.3,26414
2026-03-18 22:23:00+00:00,0.91,396.2,26074
2026-03-18 22:24:00+00:00,1.29,394.0,41177
2026-03-18 22:25:00+00:00,1.43,389.2,45810
2026-03-18 22:26:00+00:00,0.93,385.1,28176
2026-03-18 22:27:00+00:00,0.80,388.2,30633
2026-03-18 22:28:00+00:00,1.20,396.8,48810
2026-03-18 22:29:00+00:00,0.92,392.4,37898
2026-03-18 22:30:00+00:00,0.81,392.7,37449
2026-03-18 22:31:00+00:00,0.51,381.0,16353
2026-03-18 22:32:00+00:00,1.13,397.7,48555
2026-03-18 22:33:00+00:00,0.93,393.3,39086
2026-03-18 22:34:00+00:00,0.60,387.1,26246
2026-03-18 22:35:00+00:00,1.30,390.5,50364
2026-03-18 22:36:00+00:00,1.45,391.3,55466
2026-03-18 22:37:00+00:00,1.08,390.9,36505
2026-03-18 22:38:00+00:00,0.76,380.6,20624
2026-03-18 22:39:00+00:00,1.10,382.4,26051
2026-03-18 22:40:00+00:00,1.34,387.7,34376
2026-03-18 22:41:00+00:00,0.93,384.3,24764
2026-03-18 22:42:00+00:00,0.81,386.0,27677
2026-03-18 22:43:00+00:00,1.20,392.0,41416
2026-03-18 22:44:00+00:00,1.25,385.5,25168
2026-03-18 22:45:00+00:00,1.05,385.3,20630
2026-03-18 22:46:00+00:00,0.76,380.6,18699
2026-03-18 22:47:00+00:00,1.80,399.5,62313
2026-03-18 22:48:00+00:00,1.24,385.9,27845
2026-03-18 22:49:00+00:00,0.33,382.8,15761
2026-03-18 22:50:00+00:00,1.63,400.3,58021
2026-03-18 22:51:00+00:00,1.48,397.9,65281
2026-03-18 22:52:00+00:00,1.35,392.2,48766
2026-03-18 22:53:00+00:00,0.90,380.1,29545
2026-03-18 22:54:00+00:00,1.33,389.8,57205
2026-03-18 22:55:00+00:00,1.51,393.4,59491
2026-03-18 22:56:00+00:00,1.06,387.1,35465
2026-03-18 22:57:00+00:00,0.61,406.2,48124
2026-03-18 22:58:00+00:00,0.82,407.8,62599
2026-03-18 22:59:00+00:00,1.15,413.2,74670
2026-03-18 23:00:00+00:00,0.91,413.6,37522
2026-03-18 23:01:00+00:00,0.54,398.5,16603
2026-03-18 23:02:00+00:00,1.07,409.7,25863
2026-03-18 23:03:00+00:00,1.30,410.4,19644
2026-03-18 23:04:00+00:00,1.13,410.8,22535
2026-03-18 23:05:00+00:00,1.28,412.6,24349
2026-03-18 23:06:00+00:00,1.09,411.4,23426
2026-03-18 23:07:00+00:00,1.03,411.6,19135
2026-03-18 23:08:00+00:00,1.13,412.3,21186
2026-03-18 23:09:00+00:00,1.16,412.5,22065
2026-03-18 23:10:00+00:00,0.78,409.8,24218
2026-03-18 23:11:00+00:00,1.00,397.0,23842
2026-03-18 23:12:00+00:00,0.71,377.6,24360
2026-03-18 23:13:00+00:00,0.23,368.2,36413
2026-03-18 23:14:00+00:00,0.22,370.9,42606
2026-03-18 23:15:00+00:00,0.29,376.5,33019
2026-03-18 23:16:00+00:00,0.32,379.5,44959
2026-03-18 23:17:00+00:00,0.48,378.8,41887
2026-03-18 23:18:00+00:00,0.40,376.0,27434
2026-03-18 23:19:00+00:00,0.45,379.2,34074
2026-03-18 23:20:00+00:00,0.39,381.5,33147
2026-03-18 23:21:00+00:00,0.42,375.9,16179
2026-03-18 23:22:00+00:00,0.36,380.6,49239
2026-03-18 23:23:00+00:00,0.44,379.8,45275
2026-03-18 23:24:00+00:00,0.39,379.6,53293
2026-03-18 23:25:00+00:00,0.34,376.0,29295
2026-03-18 23:26:00+00:00,0.26,377.2,33818
2026-03-18 23:27:00+00:00,0.24,378.9,48549
2026-03-18 23:28:00+00:00,0.25,378.1,49759
2026-03-18 23:29:00+00:00,0.23,375.7,34340
2026-03-18 23:30:00+00:00,0.23,377.2,39449
2026-03-18 23:31:00+00:00,0.27,372.5,18371
2026-03-18 23:32:00+00:00,0.27,372.1,23570
2026-03-18 23:33:00+00:00,0.27,371.9,43329
2026-03-18 23:34:00+00:00,0.27,376.9,53166
2026-03-18 23:35:00+00:00,0.22,371.7,21089
2026-03-18 23:36:00+00:00,0.21,371.3,20214
2026-03-18 23:37:00+00:00,0.24,383.3,82891
2026-03-18 23:38:00+00:00,0.20,389.7,96910
2026-03-18 23:39:00+00:00,0.12,375.3,35330
2026-03-18 23:40:00+00:00,0.15,389.6,105802
2026-03-18 23:41:00+00:00,0.06,386.6,94640
2026-03-18 23:42:00+00:00,0.02,383.0,79024
2026-03-18 23:43:00+00:00,0.05,366.8,22821
2026-03-18 23:44:00+00:00,0.09,372.7,66071
2026-03-18 23:45:00+00:00,0.11,373.4,75237
2026-03-18 23:46:00+00:00,0.07,374.0,64485
2026-03-18 23:47:00+00:00,0.03,387.1,112027
2026-03-18 23:48:00+00:00,0.03,389.6,93034
2026-03-18 23:49:00+00:00,0.03,390.3,97809
2026-03-18 23:50:00+00:00,0.08,370.7,29139
2026-03-18 23:51:00+00:00,0.05,413.1,139653
2026-03-18 23:52:00+00:00,0.05,427.9,156607
2026-03-18 23:53:00+00:00,0.06,365.8,26121
2026-03-18 23:54:00+00:00,0.09,367.9,22549
2026-03-18 23:55:00+00:00,0.03,399.5,157602
2026-03-18 23:56:00+00:00,0.06,415.9,151382
2026-03-18 23:57:00+00:00,0.03,386.8,54120
2026-03-18 23:58:00+00:00,0.03,407.2,128394
2026-03-18 23:59:00+00:00,0.05,427.3,156909
2026-03-19 00:00:00+00:00,0.07,399.7,86605
2026-03-19 00:01:00+00:00,0.06,371.1,33217
2026-03-19 00:02:00+00:00,0.03,371.1,18122
2026-03-19 00:03:00+00:00,0.04,383.4,70883
2026-03-19 00:04:00+00:00,0.08,396.0,149864
2026-03-19 00:05:00+00:00,0.08,363.5,17545
2026-03-19 00:06:00+00:00,0.12,371.2,29166
2026-03-19 00:07:00+00:00,0.14,386.5,116872
2026-03-19 00:08:00+00:00,0.10,365.1,16788
2026-03-19 00:09:00+00:00,0.10,376.2,94666
2026-03-19 00:10:00+00:00,0.12,371.0,56672
2026-03-19 00:11:00+00:00,0.09,366.8,27099
2026-03-19 00:12:00+00:00,0.07,366.5,87645
2026-03-19 00:13:00+00:00,0.10,367.5,47784
2026-03-19 00:14:00+00:00,0.10,371.7,62508
2026-03-19 00:15:00+00:00,0.10,373.9,85874
2026-03-19 00:16:00+00:00,0.07,360.3,15425
2026-03-19 00:17:00+00:00,0.09,366.5,51054
2026-03-19 00:18:00+00:00,0.13,372.8,69583
2026-03-19 00:19:00+00:00,0.15,372.3,44484
2026-03-19 00:20:00+00:00,0.18,378.4,92433
2026-03-19 00:21:00+00:00,0.23,376.4,62647
2026-03-19 00:22:00+00:00,0.21,367.8,23567
2026-03-19 00:23:00+00:00,0.22,368.7,38791
2026-03-19 00:24:00+00:00,0.21,372.4,48629
2026-03-19 00:25:00+00:00,0.17,377.2,59440
2026-03-19 00:26:00+00:00,0.12,368.5,23458
2026-03-19 00:27:00+00:00,0.10,363.8,26102
2026-03-19 00:28:00+00:00,0.12,365.2,25100
2026-03-19 00:29:00+00:00,0.15,368.2,23183
2026-03-19 00:30:00+00:00,0.13,370.5,32946
2026-03-19 00:31:00+00:00,0.12,370.2,26939
2026-03-19 00:32:00+00:00,0.14,367.9,19928
2026-03-19 00:33:00+00:00,0.14,365.3,26068
2026-03-19 00:34:00+00:00,0.17,368.0,46127
2026-03-19 00:35:00+00:00,0.21,373.5,56300
2026-03-19 00:36:00+00:00,0.15,369.6,35296
2026-03-19 00:37:00+00:00,0.15,375.3,73289
2026-03-19 00:38:00+00:00,0.15,366.7,56736
2026-03-19 00:39:00+00:00,0.03,400.5,233814
2026-03-19 00:40:00+00:00,0.11,377.6,103229
2026-03-19 00:41:00+00:00,0.15,369.0,44286
2026-03-19 00:42:00+00:00,0.18,377.5,75053
2026-03-19 00:43:00+00:00,0.13,369.7,26394
2026-03-19 00:44:00+00:00,0.04,392.1,76891
2026-03-19 00:45:00+00:00,0.19,379.9,48557
2026-03-19 00:46:00+00:00,0.23,372.7,45824
2026-03-19 00:47:00+00:00,0.16,372.4,74664
2026-03-19 00:48:00+00:00,0.13,371.7,89032
2026-03-19 00:49:00+00:00,0.26,377.8,66310
2026-03-19 00:50:00+00:00,0.26,376.0,70140
2026-03-19 00:51:00+00:00,0.35,373.2,65247
2026-03-19 00:52:00+00:00,0.49,373.1,45661
2026-03-19 00:53:00+00:00,0.34,370.7,63208
2026-03-19 00:54:00+00:00,0.35,371.6,33105
2026-03-19 00:55:00+00:00,0.36,372.0,45834
2026-03-19 00:56:00+00:00,0.30,372.2,27488
2026-03-19 00:57:00+00:00,0.40,373.7,37765
2026-03-19 00:58:00+00:00,0.31,374.2,53260
2026-03-19 00:59:00+00:00,0.26,366.0,35586
2026-03-19 01:00:00+00:00,0.21,364.7,21395
2026-03-19 01:01:00+00:00,0.18,365.0,33886
2026-03-19 01:03:00+00:00,0.17,364.1,38490
2026-03-19 01:04:00+00:00,0.18,365.8,58667
2026-03-19 01:05:00+00:00,0.18,365.5,56172
2026-03-19 01:06:00+00:00,0.14,364.5,21918
2026-03-19 01:07:00+00:00,0.11,366.5,16871
2026-03-19 01:08:00+00:00,0.14,366.2,38719
2026-03-19 01:09:00+00:00,0.17,371.6,84338
2026-03-19 01:10:00+00:00,0.18,368.3,62739
2026-03-19 01:11:00+00:00,0.14,361.8,40968
2026-03-19 01:12:00+00:00,0.11,367.8,21253
2026-03-19 01:13:00+00:00,0.13,361.4,27478
2026-03-19 01:14:00+00:00,0.13,358.9,40970
2026-03-19 01:15:00+00:00,0.15,359.4,41130
2026-03-19 01:16:00+00:00,0.09,359.4,29912
2026-03-19 01:17:00+00:00,0.10,361.1,26832
2026-03-19 01:18:00+00:00,0.10,365.4,35738
2026-03-19 01:19:00+00:00,0.09,362.2,32080
2026-03-19 01:20:00+00:00,0.09,360.1,26939
2026-03-19 01:21:00+00:00,0.10,362.0,28490
2026-03-19 01:22:00+00:00,0.10,359.7,41158
2026-03-19 01:23:00+00:00,0.10,361.7,34164
2026-03-19 01:24:00+00:00,0.09,365.8,18649
2026-03-19 01:25:00+00:00,0.11,362.8,34176
2026-03-19 01:26:00+00:00,0.11,364.2,39520
2026-03-19 01:27:00+00:00,0.14,376.4,85587
2026-03-19 01:28:00+00:00,0.11,366.8,26552
2026-03-19 01:29:00+00:00,0.13,361.9,36902
2026-03-19 01:30:00+00:00,0.13,365.1,28588
2026-03-19 01:31:00+00:00,0.15,369.1,65193
2026-03-19 01:32:00+00:00,0.13,363.8,44634
2026-03-19 01:33:00+00:00,0.10,364.4,24901
2026-03-19 01:34:00+00:00,0.11,364.7,30304
2026-03-19 01:35:00+00:00,0.14,362.0,43614
2026-03-19 01:36:00+00:00,0.13,356.5,49748
2026-03-19 01:37:00+00:00,0.15,364.6,99587
2026-03-19 01:38:00+00:00,0.17,377.8,144268
2026-03-19 01:39:00+00:00,0.16,374.6,118791
2026-03-19 01:40:00+00:00,0.18,377.1,136947
2026-03-19 01:41:00+00:00,0.13,376.8,110921
2026-03-19 01:42:00+00:00,0.08,360.7,22115
2026-03-19 01:43:00+00:00,0.08,360.1,24108
2026-03-19 01:44:00+00:00,0.08,368.3,32725
2026-03-19 01:45:00+00:00,0.10,365.3,19197
2026-03-19 01:46:00+00:00,0.08,358.7,31258
2026-03-19 01:47:00+00:00,0.08,362.7,28492
2026-03-19 01:48:00+00:00,0.10,360.8,37428
2026-03-19 01:49:00+00:00,0.09,359.4,30135
2026-03-19 01:50:00+00:00,0.13,363.3,91377
2026-03-19 01:51:00+00:00,0.13,362.1,74238
2026-03-19 01:52:00+00:00,0.09,360.6,31530
2026-03-19 01:53:00+00:00,0.08,362.5,24740
2026-03-19 01:54:00+00:00,0.08,363.4,16567
2026-03-19 01:55:00+00:00,0.05,358.4,19018
2026-03-19 01:56:00+00:00,0.05,360.1,20450
2026-03-19 01:57:00+00:00,0.05,364.7,24720
2026-03-19 01:58:00+00:00,0.06,361.5,22712
2026-03-19 01:59:00+00:00,0.06,,
2026-03-19 02:00:00+00:00,0.06,364.1,18600
2026-03-19 02:01:00+00:00,0.11,355.1,24186
2026-03-19 02:02:00+00:00,0.10,362.8,18580
2026-03-19 02:03:00+00:00,0.07,361.0,17651
2026-03-19 02:04:00+00:00,0.07,359.5,20072
2026-03-19 02:05:00+00:00,0.08,356.5,17566
2026-03-19 02:06:00+00:00,0.07,359.6,19151
2026-03-19 02:07:00+00:00,0.04,377.5,172774
2026-03-19 02:08:00+00:00,0.07,389.3,267824
2026-03-19 02:09:00+00:00,0.11,376.3,153935
2026-03-19 02:10:00+00:00,0.11,359.0,32014
2026-03-19 02:11:00+00:00,0.14,358.0,30339
2026-03-19 02:12:00+00:00,0.15,356.3,30263
2026-03-19 02:13:00+00:00,0.13,355.4,32725
2026-03-19 02:14:00+00:00,0.13,366.3,31514
2026-03-19 02:15:00+00:00,0.22,385.3,122002
2026-03-19 02:16:00+00:00,0.10,357.1,28436
2026-03-19 02:17:00+00:00,0.17,359.0,31376
2026-03-19 02:18:00+00:00,0.16,358.8,33974
2026-03-19 02:19:00+00:00,0.17,371.7,67690
2026-03-19 02:20:00+00:00,0.14,365.0,39870
2026-03-19 02:21:00+00:00,0.13,378.3,103788
2026-03-19 02:22:00+00:00,0.15,399.8,166334
2026-03-19 02:23:00+00:00,0.15,395.8,181294
2026-03-19 02:24:00+00:00,0.18,392.4,195390
2026-03-19 02:25:00+00:00,0.18,373.8,128586
2026-03-19 02:26:00+00:00,0.19,368.1,85941
2026-03-19 02:27:00+00:00,0.27,399.4,169178
2026-03-19 02:28:00+00:00,0.17,395.9,158830
2026-03-19 02:29:00+00:00,0.17,394.9,160822
2026-03-19 02:30:00+00:00,0.21,388.5,165392
2026-03-19 02:31:00+00:00,0.10,376.3,117027
2026-03-19 02:32:00+00:00,0.27,383.5,121389
2026-03-19 02:33:00+00:00,0.26,382.6,138020
2026-03-19 02:34:00+00:00,0.16,397.2,107914
2026-03-19 02:35:00+00:00,0.21,390.6,127603
2026-03-19 02:36:00+00:00,0.24,385.7,140600
2026-03-19 02:37:00+00:00,0.28,384.0,152099
2026-03-19 02:38:00+00:00,0.24,385.9,138411
2026-03-19 02:39:00+00:00,0.23,383.7,114156
2026-03-19 02:40:00+00:00,0.28,375.1,113765
2026-03-19 02:41:00+00:00,0.37,369.0,82827
2026-03-19 02:42:00+00:00,0.41,369.2,60086
2026-03-19 02:43:00+00:00,0.34,368.7,98589
2026-03-19 02:44:00+00:00,0.27,366.3,71876
2026-03-19 02:45:00+00:00,0.31,369.8,96367
2026-03-19 02:46:00+00:00,0.34,368.4,63350
2026-03-19 02:47:00+00:00,0.34,367.2,89516
2026-03-19 02:48:00+00:00,0.37,364.9,44136
2026-03-19 02:49:00+00:00,0.20,376.2,148991
2026-03-19 02:50:00+00:00,0.22,390.3,156695
2026-03-19 02:51:00+00:00,0.35,390.8,153918
2026-03-19 02:52:00+00:00,0.23,379.7,167323
2026-03-19 02:53:00+00:00,0.23,381.8,186225
2026-03-19 02:54:00+00:00,0.26,395.4,182217
2026-03-19 02:55:00+00:00,0.25,407.9,140098
2026-03-19 02:56:00+00:00,0.28,405.2,144087
2026-03-19 02:57:00+00:00,0.29,404.5,149625
2026-03-19 02:58:00+00:00,0.29,406.1,145223
2026-03-19 02:59:00+00:00,0.26,410.3,127623
2026-03-19 03:00:00+00:00,0.24,410.4,133479
2026-03-19 03:01:00+00:00,0.26,405.3,144205
2026-03-19 03:02:00+00:00,0.27,405.3,144832
2026-03-19 03:03:00+00:00,0.28,405.1,150317
2026-03-19 03:04:00+00:00,0.26,405.1,145796
2026-03-19 03:05:00+00:00,0.28,400.7,174041
2026-03-19 03:06:00+00:00,0.24,407.0,137273
2026-03-19 03:07:00+00:00,0.23,405.2,148654
2026-03-19 03:08:00+00:00,0.24,407.2,152875
2026-03-19 03:09:00+00:00,0.24,405.5,146001
2026-03-19 03:10:00+00:00,0.23,410.1,132965
2026-03-19 03:11:00+00:00,0.23,404.0,153361
2026-03-19 03:12:00+00:00,0.28,390.4,169738
2026-03-19 03:13:00+00:00,0.31,384.4,165651
2026-03-19 03:14:00+00:00,0.28,387.7,165860
2026-03-19 03:15:00+00:00,0.24,396.6,167723
2026-03-19 03:16:00+00:00,0.23,402.5,178225
2026-03-19 03:17:00+00:00,0.27,393.6,205464
2026-03-19 03:18:00+00:00,0.25,398.3,187763
2026-03-19 03:19:00+00:00,0.27,388.5,197971
2026-03-19 03:20:00+00:00,0.23,395.7,177717
2026-03-19 03:21:00+00:00,0.26,392.6,172372
2026-03-19 03:22:00+00:00,0.24,387.7,172854
2026-03-19 03:23:00+00:00,0.37,378.8,139680
2026-03-19 03:24:00+00:00,0.26,385.7,145312
2026-03-19 03:25:00+00:00,0.23,388.9,170366
2026-03-19 03:26:00+00:00,0.25,386.3,164820
2026-03-19 03:27:00+00:00,0.23,387.7,154744
2026-03-19 03:28:00+00:00,0.24,388.9,169206
2026-03-19 03:29:00+00:00,0.27,385.4,165880
2026-03-19 03:30:00+00:00,0.24,393.8,164291
2026-03-19 03:31:00+00:00,0.24,393.6,163779
2026-03-19 03:32:00+00:00,0.25,393.8,161000
2026-03-19 03:33:00+00:00,0.26,395.9,155796
2026-03-19 03:34:00+00:00,0.22,393.2,229603
2026-03-19 03:35:00+00:00,0.22,393.1,229015
2026-03-19 03:36:00+00:00,0.27,389.3,211944
2026-03-19 03:37:00+00:00,0.24,393.2,155695
2026-03-19 03:38:00+00:00,0.25,400.7,161482
2026-03-19 03:39:00+00:00,0.31,387.0,154464
2026-03-19 03:40:00+00:00,0.31,385.4,142572
2026-03-19 03:41:00+00:00,0.31,381.3,146722
2026-03-19 03:42:00+00:00,0.35,375.8,149485
2026-03-19 03:43:00+00:00,0.33,381.6,151080
2026-03-19 03:44:00+00:00,0.27,390.9,145797
2026-03-19 03:45:00+00:00,0.26,389.3,157853
2026-03-19 03:46:00+00:00,0.30,383.3,171420
2026-03-19 03:47:00+00:00,0.30,383.8,153198
2026-03-19 03:48:00+00:00,0.30,385.7,153329
2026-03-19 03:49:00+00:00,0.25,394.0,150742
2026-03-19 03:50:00+00:00,0.27,390.8,159536
2026-03-19 03:51:00+00:00,0.29,385.8,158197
2026-03-19 03:52:00+00:00,0.24,391.6,122905
2026-03-19 03:53:00+00:00,0.27,385.1,150834
2026-03-19 03:54:00+00:00,0.33,380.5,129235
2026-03-19 03:55:00+00:00,0.27,378.0,124728
2026-03-19 03:56:00+00:00,0.36,375.0,104060
2026-03-19 03:57:00+00:00,0.39,378.0,142910
2026-03-19 03:58:00+00:00,0.27,392.8,165938
2026-03-19 04:00:00+00:00,0.18,397.5,132580
2026-03-19 04:01:00+00:00,0.20,394.8,144988
2026-03-19 04:02:00+00:00,0.24,390.8,166866
2026-03-19 04:03:00+00:00,0.26,391.4,167232
2026-03-19 04:04:00+00:00,0.24,392.4,149443
2026-03-19 04:05:00+00:00,0.26,385.3,159747
2026-03-19 04:06:00+00:00,0.24,388.5,143304
2026-03-19 04:07:00+00:00,0.22,,
2026-03-19 04:08:00+00:00,0.22,394.5,180332
2026-03-19 04:09:00+00:00,0.22,389.3,158247
2026-03-19 04:10:00+00:00,0.21,397.0,150601
2026-03-19 04:11:00+00:00,0.17,403.6,133761
2026-03-19 04:12:00+00:00,0.24,392.1,145678
2026-03-19 04:13:00+00:00,0.25,387.5,164617
2026-03-19 04:14:00+00:00,0.26,390.7,155629
2026-03-19 04:15:00+00:00,0.26,392.4,142195
2026-03-19 04:16:00+00:00,0.23,390.8,132268
2026-03-19 04:17:00+00:00,0.27,385.3,123116
2026-03-19 04:18:00+00:00,0.31,383.0,125186
2026-03-19 04:19:00+00:00,0.27,388.0,135297
2026-03-19 04:20:00+00:00,0.25,384.4,131021
2026-03-19 04:21:00+00:00,0.31,374.7,109971
2026-03-19 04:22:00+00:00,0.36,373.7,82400
2026-03-19 04:23:00+00:00,0.22,,
2026-03-19 04:24:00+00:00,0.22,390.9,139549
2026-03-19 04:25:00+00:00,0.25,390.7,166750
2026-03-19 04:26:00+00:00,0.20,401.7,156304
2026-03-19 04:27:00+00:00,0.21,400.9,143075
2026-03-19 04:28:00+00:00,0.19,401.3,139850
2026-03-19 04:29:00+00:00,0.23,393.9,161455
2026-03-19 04:30:00+00:00,0.22,394.9,146642
2026-03-19 04:31:00+00:00,0.22,399.8,132728
2026-03-19 04:32:00+00:00,0.24,397.1,126218
2026-03-19 04:33:00+00:00,0.29,386.6,105555
2026-03-19 04:34:00+00:00,0.33,371.4,69606
2026-03-19 04:35:00+00:00,0.31,359.9,38056
2026-03-19 04:36:00+00:00,0.30,366.0,47211
2026-03-19 04:37:00+00:00,0.31,376.4,99489
2026-03-19 04:38:00+00:00,0.30,385.7,158524
2026-03-19 04:39:00+00:00,0.36,374.7,130448
2026-03-19 04:41:00+00:00,0.28,388.8,140827
2026-03-19 04:42:00+00:00,0.34,386.4,140821
2026-03-19 04:43:00+00:00,0.29,392.9,145452
2026-03-19 04:44:00+00:00,0.25,395.9,139301
2026-03-19 04:45:00+00:00,0.27,395.7,123909
2026-03-19 04:46:00+00:00,0.26,398.2,121708
2026-03-19 04:47:00+00:00,0.25,402.7,111365
2026-03-19 04:48:00+00:00,0.30,394.5,87781
2026-03-19 04:49:00+00:00,0.35,389.6,92464
2026-03-19 04:50:00+00:00,0.36,395.7,120752
2026-03-19 04:51:00+00:00,0.38,394.4,124621
2026-03-19 04:52:00+00:00,0.33,398.7,122618
2026-03-19 04:53:00+00:00,0.21,405.1,137280
2026-03-19 04:54:00+00:00,0.27,396.4,147848
2026-03-19 04:55:00+00:00,0.25,396.0,143813
2026-03-19 04:56:00+00:00,0.23,404.3,139776
2026-03-19 04:57:00+00:00,0.23,398.0,137203
2026-03-19 04:58:00+00:00,0.26,394.7,151791
2026-03-19 04:59:00+00:00,0.25,398.2,143549
2026-03-19 05:00:00+00:00,0.23,400.1,146023
2026-03-19 05:01:00+00:00,0.21,402.9,131219
2026-03-19 05:02:00+00:00,0.19,405.3,122375
2026-03-19 05:03:00+00:00,0.18,403.9,132508
2026-03-19 05:04:00+00:00,0.20,400.9,141094
2026-03-19 05:05:00+00:00,0.21,400.4,142163
2026-03-19 05:06:00+00:00,0.19,403.0,134220
2026-03-19 05:07:00+00:00,0.19,404.4,129461
2026-03-19 05:08:00+00:00,0.20,401.6,147991
2026-03-19 05:09:00+00:00,0.18,403.4,121398
2026-03-19 05:10:00+00:00,0.20,401.5,126775
2026-03-19 05:11:00+00:00,0.22,393.6,162518
2026-03-19 05:12:00+00:00,0.22,402.1,144951
2026-03-19 05:13:00+00:00,0.22,,
2026-03-19 05:14:00+00:00,0.22,402.9,158574
2026-03-19 05:15:00+00:00,0.20,403.7,134424
2026-03-19 05:16:00+00:00,0.19,407.4,123219
2026-03-19 05:17:00+00:00,0.21,406.3,142327
2026-03-19 05:18:00+00:00,0.21,404.2,142359
2026-03-19 05:19:00+00:00,0.21,404.9,131329
2026-03-19 05:20:00+00:00,0.26,398.2,123035
2026-03-19 05:21:00+00:00,0.30,391.1,120528
2026-03-19 05:22:00+00:00,0.29,396.1,129656
2026-03-19 05:23:00+00:00,0.34,397.2,140318
2026-03-19 05:24:00+00:00,0.39,387.0,138577
2026-03-19 05:25:00+00:00,0.31,397.8,148908
2026-03-19 05:26:00+00:00,0.24,397.2,147858
2026-03-19 05:27:00+00:00,0.27,394.9,139466
2026-03-19 05:28:00+00:00,0.32,392.3,148749
2026-03-19 05:29:00+00:00,0.32,391.3,148607
2026-03-19 05:30:00+00:00,0.33,391.3,167697
2026-03-19 05:31:00+00:00,0.33,394.6,154251
2026-03-19 05:32:00+00:00,0.28,399.9,134229
2026-03-19 05:33:00+00:00,0.26,402.7,136915
2026-03-19 05:34:00+00:00,0.25,402.3,128231
2026-03-19 05:35:00+00:00,0.27,402.3,128902
2026-03-19 05:36:00+00:00,0.28,401.0,117251
2026-03-19 05:37:00+00:00,0.29,396.3,92219
2026-03-19 05:38:00+00:00,0.34,395.3,94771
2026-03-19 05:39:00+00:00,0.34,399.9,114652
2026-03-19 05:40:00+00:00,0.30,401.8,112459
2026-03-19 05:41:00+00:00,0.29,403.6,134282
2026-03-19 05:42:00+00:00,0.34,394.9,134690
2026-03-19 05:43:00+00:00,0.33,397.4,128119
2026-03-19 05:44:00+00:00,0.34,394.4,137891
2026-03-19 05:45:00+00:00,0.35,394.0,131423
2026-03-19 05:46:00+00:00,0.35,394.0,131200
2026-03-19 05:47:00+00:00,0.39,389.6,101857
2026-03-19 05:48:00+00:00,0.36,392.4,121395
2026-03-19 05:49:00+00:00,0.35,393.7,117615
2026-03-19 05:50:00+00:00,0.36,394.3,109768
2026-03-19 05:51:00+00:00,0.38,389.0,89482
2026-03-19 05:52:00+00:00,0.39,392.3,114588
2026-03-19 05:53:00+00:00,0.36,392.4,113424
2026-03-19 05:54:00+00:00,0.39,387.2,96939
2026-03-19 05:55:00+00:00,0.49,393.3,134884
2026-03-19 05:56:00+00:00,0.49,389.6,81966
2026-03-19 05:57:00+00:00,0.36,391.2,99973
2026-03-19 05:58:00+00:00,0.41,393.0,128548
2026-03-19 05:59:00+00:00,0.38,393.4,126901
2026-03-19 06:00:00+00:00,0.43,387.0,105804
2026-03-19 06:01:00+00:00,0.38,375.8,43162
2026-03-19 06:02:00+00:00,0.49,386.3,102536
2026-03-19 06:04:00+00:00,0.45,384.6,87535
2026-03-19 06:05:00+00:00,0.65,382.4,104470
2026-03-19 06:06:00+00:00,0.55,384.8,99965
2026-03-19 06:07:00+00:00,0.49,385.2,94689
2026-03-19 06:08:00+00:00,0.57,379.1,81193
2026-03-19 06:09:00+00:00,0.70,377.3,82425
2026-03-19 06:10:00+00:00,0.74,381.1,91441
2026-03-19 06:11:00+00:00,0.58,380.1,68931
2026-03-19 06:12:00+00:00,0.50,380.3,63400
2026-03-19 06:13:00+00:00,0.60,383.4,61323
2026-03-19 06:14:00+00:00,0.56,379.4,60159
2026-03-19 06:15:00+00:00,0.60,384.4,71538
2026-03-19 06:16:00+00:00,0.45,382.8,54934
2026-03-19 06:17:00+00:00,0.51,385.1,100620
2026-03-19 06:18:00+00:00,0.43,395.1,139110
2026-03-19 06:19:00+00:00,0.42,396.3,143212
2026-03-19 06:20:00+00:00,0.62,377.7,47947
2026-03-19 06:21:00+00:00,1.03,376.5,55960
2026-03-19 06:22:00+00:00,1.32,381.6,44244
2026-03-19 06:23:00+00:00,0.97,376.8,24648
2026-03-19 06:24:00+00:00,0.79,374.8,22242
2026-03-19 06:25:00+00:00,0.96,379.6,38375
2026-03-19 06:26:00+00:00,0.96,378.0,48084
2026-03-19 06:27:00+00:00,0.85,372.4,48047
2026-03-19 06:28:00+00:00,0.77,371.5,60748
2026-03-19 06:29:00+00:00,0.82,374.1,53333
2026-03-19 06:30:00+00:00,0.84,372.6,49409
2026-03-19 06:31:00+00:00,1.04,372.1,28818
2026-03-19 06:32:00+00:00,0.63,385.9,90990
2026-03-19 06:33:00+00:00,0.56,372.4,57649
2026-03-19 06:34:00+00:00,1.32,367.1,33350
2026-03-19 06:35:00+00:00,1.44,371.8,30254
2026-03-19 06:36:00+00:00,0.82,372.3,71957
2026-03-19 06:37:00+00:00,0.85,370.3,65592
2026-03-19 06:38:00+00:00,0.72,365.3,39593
2026-03-19 06:39:00+00:00,0.82,368.1,38794
2026-03-19 06:40:00+00:00,1.12,370.0,42869
2026-03-19 06:41:00+00:00,1.37,368.0,38610
2026-03-19 06:42:00+00:00,1.44,368.0,36992
2026-03-19 06:43:00+00:00,1.21,368.0,42819
2026-03-19 06:44:00+00:00,1.18,367.7,55159
2026-03-19 06:45:00+00:00,1.37,364.5,47779
2026-03-19 06:46:00+00:00,0.90,360.3,48253
2026-03-19 06:47:00+00:00,0.99,370.7,60384
2026-03-19 06:48:00+00:00,0.57,366.9,117443
2026-03-19 06:49:00+00:00,0.48,370.4,102214
2026-03-19 06:50:00+00:00,0.56,372.8,91640
2026-03-19 06:51:00+00:00,0.62,371.1,87380
2026-03-19 06:52:00+00:00,0.63,370.7,86751
2026-03-19 06:53:00+00:00,0.93,361.3,31473
2026-03-19 06:54:00+00:00,1.09,367.3,51620
2026-03-19 06:55:00+00:00,1.16,366.2,50154
2026-03-19 06:56:00+00:00,0.95,363.7,56872
2026-03-19 06:58:00+00:00,0.73,366.5,51595
2026-03-19 06:59:00+00:00,0.65,364.1,51607
2026-03-19 07:00:00+00:00,0.66,357.1,56568
2026-03-19 07:01:00+00:00,0.69,357.4,46706
2026-03-19 07:04:00+00:00,0.64,359.8,60984
2026-03-19 07:05:00+00:00,0.64,356.0,43307
2026-03-19 07:06:00+00:00,0.54,357.6,61667
2026-03-19 07:07:00+00:00,0.60,354.9,45150
2026-03-19 07:08:00+00:00,0.71,357.1,42154
2026-03-19 07:09:00+00:00,0.91,362.9,51680
2026-03-19 07:10:00+00:00,0.83,364.1,40125
2026-03-19 07:11:00+00:00,0.78,361.7,29794
2026-03-19 07:12:00+00:00,0.84,361.1,29092
2026-03-19 07:13:00+00:00,0.90,360.9,33940
2026-03-19 07:14:00+00:00,1.09,359.5,35507
2026-03-19 07:15:00+00:00,1.23,357.4,26677
2026-03-19 07:16:00+00:00,0.97,356.8,30251
2026-03-19 07:17:00+00:00,1.28,366.8,49823
2026-03-19 07:18:00+00:00,1.03,361.2,38457
2026-03-19 07:19:00+00:00,1.45,359.9,34684
2026-03-19 07:20:00+00:00,1.04,356.9,38161
2026-03-19 07:21:00+00:00,1.02,358.0,33700
2026-03-19 07:22:00+00:00,1.01,357.5,39589
2026-03-19 07:23:00+00:00,0.56,347.6,33926
2026-03-19 07:24:00+00:00,0.95,354.5,33512
2026-03-19 07:25:00+00:00,1.10,357.2,33771
2026-03-19 07:26:00+00:00,1.07,356.4,37418
2026-03-19 07:27:00+00:00,1.00,358.3,53307
2026-03-19 07:28:00+00:00,0.92,358.3,52767
2026-03-19 07:29:00+00:00,0.89,356.6,43170
2026-03-19 07:30:00+00:00,0.80,353.7,40172
2026-03-19 07:31:00+00:00,0.88,353.2,34766
2026-03-19 07:32:00+00:00,1.28,362.1,46140
2026-03-19 07:33:00+00:00,0.83,359.4,33836
2026-03-19 07:34:00+00:00,1.17,358.6,43267
2026-03-19 07:35:00+00:00,1.09,358.0,32360
2026-03-19 07:36:00+00:00,1.47,358.8,40433
2026-03-19 07:37:00+00:00,1.09,356.4,43665
2026-03-19 07:38:00+00:00,0.75,350.9,38102
2026-03-19 07:39:00+00:00,1.52,363.6,55500
2026-03-19 07:40:00+00:00,1.48,361.2,41760
2026-03-19 07:41:00+00:00,2.50,363.0,30233
2026-03-19 07:42:00+00:00,2.46,361.5,29916
2026-03-19 07:43:00+00:00,1.89,359.6,31022
2026-03-19 07:44:00+00:00,1.44,359.8,38414
2026-03-19 07:45:00+00:00,1.04,354.6,41369
2026-03-19 07:46:00+00:00,1.09,353.4,42640
2026-03-19 07:47:00+00:00,1.44,362.3,50419
2026-03-19 07:48:00+00:00,1.13,358.2,40708
2026-03-19 07:49:00+00:00,1.06,357.9,44306
2026-03-19 07:50:00+00:00,1.13,357.1,35437
2026-03-19 07:51:00+00:00,1.04,358.6,43816
2026-03-19 07:52:00+00:00,0.84,357.0,40668
2026-03-19 07:53:00+00:00,0.52,349.8,23150
2026-03-19 07:54:00+00:00,0.90,354.2,38512
2026-03-19 07:55:00+00:00,1.05,361.5,66896
2026-03-19 07:56:00+00:00,1.01,356.7,56044
2026-03-19 07:57:00+00:00,0.76,356.2,61813
2026-03-19 07:58:00+00:00,0.67,356.7,66395
2026-03-19 07:59:00+00:00,0.62,355.3,42551
2026-03-19 08:00:00+00:00,0.68,353.6,49294
2026-03-19 08:01:00+00:00,0.71,351.4,54652
2026-03-19 08:04:00+00:00,0.96,355.6,57105
2026-03-19 08:05:00+00:00,0.98,358.0,53863
2026-03-19 08:06:00+00:00,1.04,356.5,46994
2026-03-19 08:07:00+00:00,1.18,355.8,53428
2026-03-19 08:08:00+00:00,1.64,359.6,36118
2026-03-19 08:09:00+00:00,1.08,360.9,85306
2026-03-19 08:10:00+00:00,0.54,357.2,69906
2026-03-19 08:11:00+00:00,0.75,357.5,69517
2026-03-19 08:12:00+00:00,0.85,357.8,46773
2026-03-19 08:13:00+00:00,1.00,359.2,51112
2026-03-19 08:14:00+00:00,1.06,355.3,51475
2026-03-19 08:15:00+00:00,1.23,353.7,35750
2026-03-19 08:16:00+00:00,1.40,356.2,31082
2026-03-19 08:17:00+00:00,1.42,357.7,33420
2026-03-19 08:18:00+00:00,1.38,357.5,29487
2026-03-19 08:19:00+00:00,1.33,355.9,34310
2026-03-19 08:20:00+00:00,1.29,353.7,45257
2026-03-19 08:21:00+00:00,1.31,359.7,56962
2026-03-19 08:22:00+00:00,1.11,360.1,113839
2026-03-19 08:23:00+00:00,1.18,356.4,66361
2026-03-19 08:24:00+00:00,1.04,353.2,40543
2026-03-19 08:25:00+00:00,1.02,356.4,39160
2026-03-19 08:26:00+00:00,1.03,354.3,50584
2026-03-19 08:27:00+00:00,0.68,343.6,30190
2026-03-19 08:28:00+00:00,1.31,351.1,33961
2026-03-19 08:29:00+00:00,1.17,353.7,42091
2026-03-19 08:30:00+00:00,1.12,353.3,40858
2026-03-19 08:34:00+00:00,1.23,358.6,30184
2026-03-19 08:35:00+00:00,1.16,353.9,21861
2026-03-19 08:36:00+00:00,1.70,359.0,28489
2026-03-19 08:37:00+00:00,1.53,359.1,25700
2026-03-19 08:38:00+00:00,1.37,358.8,27854
2026-03-19 08:39:00+00:00,1.59,359.4,33524
2026-03-19 08:40:00+00:00,1.35,356.9,32031
2026-03-19 08:41:00+00:00,1.76,362.5,19057
2026-03-19 08:42:00+00:00,1.42,356.7,15448
2026-03-19 08:43:00+00:00,3.00,368.3,42999
2026-03-19 08:44:00+00:00,2.51,365.7,27481
2026-03-19 08:45:00+00:00,2.19,363.9,20798
2026-03-19 08:46:00+00:00,2.03,362.8,32156
2026-03-19 08:47:00+00:00,1.89,360.7,32788
2026-03-19 08:48:00+00:00,1.94,360.1,26328
2026-03-19 08:49:00+00:00,1.51,357.3,21204
2026-03-19 08:50:00+00:00,1.16,356.9,30044
2026-03-19 08:51:00+00:00,1.81,363.5,45036
2026-03-19 08:52:00+00:00,1.88,362.0,26983
2026-03-19 08:53:00+00:00,2.02,362.8,26520
2026-03-19 08:54:00+00:00,2.62,362.7,29426
2026-03-19 08:55:00+00:00,1.45,355.1,40719
2026-03-19 08:56:00+00:00,2.36,362.8,22203
2026-03-19 08:57:00+00:00,1.25,351.9,17953
2026-03-19 08:58:00+00:00,2.20,365.4,43225
2026-03-19 08:59:00+00:00,2.12,360.5,35139
2026-03-19 09:00:00+00:00,1.33,354.6,38021
2026-03-19 09:01:00+00:00,1.61,356.7,30229
2026-03-19 09:02:00+00:00,0.58,352.7,38419
2026-03-19 09:03:00+00:00,1.11,355.4,32368
2026-03-19 09:04:00+00:00,1.25,357.4,27742
2026-03-19 09:05:00+00:00,1.55,356.4,22640
2026-03-19 09:06:00+00:00,1.56,358.8,32122
2026-03-19 09:07:00+00:00,1.23,358.5,47131
2026-03-19 09:08:00+00:00,0.45,350.9,79070
2026-03-19 09:09:00+00:00,0.44,360.7,174989
2026-03-19 09:10:00+00:00,0.29,357.9,79033
2026-03-19 09:11:00+00:00,0.38,354.7,91888
2026-03-19 09:12:00+00:00,0.44,346.1,41928
2026-03-19 09:13:00+00:00,0.59,344.8,47107
2026-03-19 09:14:00+00:00,0.70,351.0,44233
2026-03-19 09:15:00+00:00,0.56,352.7,55767
2026-03-19 09:16:00+00:00,0.63,353.2,61785
2026-03-19 09:17:00+00:00,0.56,352.6,73245
2026-03-19 09:18:00+00:00,0.58,358.9,119303
2026-03-19 09:19:00+00:00,0.49,350.1,71239
2026-03-19 09:20:00+00:00,0.51,346.8,40097
2026-03-19 09:21:00+00:00,0.67,352.2,66190
2026-03-19 09:22:00+00:00,0.65,351.4,66915
2026-03-19 09:23:00+00:00,0.55,351.9,58725
2026-03-19 09:24:00+00:00,0.65,351.9,45808
2026-03-19 09:25:00+00:00,0.61,353.5,45870
2026-03-19 09:26:00+00:00,0.58,352.6,71147
2026-03-19 09:27:00+00:00,0.47,344.0,43348
2026-03-19 09:28:00+00:00,0.88,352.8,53768
2026-03-19 09:29:00+00:00,0.87,353.9,53666
2026-03-19 09:30:00+00:00,0.74,356.2,52749
2026-03-19 09:31:00+00:00,0.44,352.7,47602
2026-03-19 09:32:00+00:00,0.77,353.0,70005
2026-03-19 09:33:00+00:00,0.64,351.1,58603
2026-03-19 09:34:00+00:00,0.44,347.2,51539
2026-03-19 09:35:00+00:00,0.49,352.6,85652
2026-03-19 09:36:00+00:00,0.57,356.0,81723
2026-03-19 09:37:00+00:00,0.56,353.9,52038
2026-03-19 09:38:00+00:00,0.54,347.6,53928
2026-03-19 09:39:00+00:00,0.51,350.9,55015
2026-03-19 09:40:00+00:00,0.44,356.4,60358
2026-03-19 09:41:00+00:00,0.50,348.5,68445
2026-03-19 09:42:00+00:00,0.55,344.2,59998
2026-03-19 09:43:00+00:00,0.50,350.5,37513
2026-03-19 09:44:00+00:00,0.31,352.4,101321
2026-03-19 09:45:00+00:00,0.34,349.5,88286
2026-03-19 09:46:00+00:00,0.40,356.4,98640
2026-03-19 09:47:00+00:00,0.46,351.3,73507
2026-03-19 09:48:00+00:00,0.43,352.5,87431
2026-03-19 09:49:00+00:00,0.34,353.6,67512
2026-03-19 09:50:00+00:00,0.33,348.4,41353
2026-03-19 09:51:00+00:00,0.52,346.2,38861
2026-03-19 09:52:00+00:00,0.56,347.8,35823
2026-03-19 09:53:00+00:00,0.42,347.7,28894
2026-03-19 09:54:00+00:00,0.38,346.0,42536
2026-03-19 09:55:00+00:00,0.42,346.6,71125
2026-03-19 09:56:00+00:00,0.38,347.2,74021
2026-03-19 09:57:00+00:00,0.33,343.2,44996
2026-03-19 09:58:00+00:00,0.34,353.8,122218
2026-03-19 09:59:00+00:00,0.28,,
2026-03-19 10:00:00+00:00,0.28,354.8,114708
2026-03-19 10:01:00+00:00,0.29,355.8,135472
2026-03-19 10:02:00+00:00,0.26,358.1,113482
2026-03-19 10:03:00+00:00,0.20,363.6,133148
2026-03-19 10:04:00+00:00,0.26,358.9,130846
2026-03-19 10:05:00+00:00,0.24,358.8,113861
2026-03-19 10:06:00+00:00,0.25,349.5,60033
2026-03-19 10:07:00+00:00,0.27,348.6,79437
2026-03-19 10:08:00+00:00,0.30,354.3,114860
2026-03-19 10:09:00+00:00,0.36,354.5,98295
2026-03-19 10:10:00+00:00,0.39,352.2,77172
2026-03-19 10:11:00+00:00,0.37,354.4,126661
2026-03-19 10:12:00+00:00,0.36,354.9,133145
2026-03-19 10:13:00+00:00,0.31,356.6,149110
2026-03-19 10:14:00+00:00,0.26,357.2,122764
2026-03-19 10:15:00+00:00,0.30,353.6,125350
2026-03-19 10:16:00+00:00,0.29,355.5,109279
2026-03-19 10:17:00+00:00,0.22,356.3,100338
2026-03-19 10:18:00+00:00,0.36,357.6,128801
2026-03-19 10:19:00+00:00,0.37,346.9,86572
2026-03-19 10:20:00+00:00,0.33,357.2,106376
2026-03-19 10:21:00+00:00,0.20,347.2,55903
2026-03-19 10:22:00+00:00,0.26,348.1,85057
2026-03-19 10:23:00+00:00,0.33,351.0,110272
2026-03-19 10:24:00+00:00,0.31,351.7,104071
2026-03-19 10:25:00+00:00,0.31,351.4,96584
2026-03-19 10:26:00+00:00,0.35,348.2,78387
2026-03-19 10:27:00+00:00,0.39,346.6,57792
2026-03-19 10:28:00+00:00,0.48,346.5,52631
2026-03-19 10:29:00+00:00,0.38,348.2,68073
2026-03-19 10:30:00+00:00,0.53,359.2,104362
2026-03-19 10:32:00+00:00,0.39,336.3,34311
2026-03-19 10:33:00+00:00,0.65,364.4,179929
2026-03-19 10:34:00+00:00,0.35,346.0,60844
2026-03-19 10:35:00+00:00,0.48,356.5,136776
2026-03-19 10:36:00+00:00,0.36,343.2,56494
2026-03-19 10:37:00+00:00,0.29,359.7,165449
2026-03-19 10:38:00+00:00,0.39,364.0,189075
2026-03-19 10:39:00+00:00,0.40,364.5,200168
2026-03-19 10:40:00+00:00,0.36,361.1,164812
2026-03-19 10:41:00+00:00,0.35,355.6,101571
2026-03-19 10:42:00+00:00,0.33,356.2,108687
2026-03-19 10:43:00+00:00,0.35,356.4,128921
2026-03-19 10:44:00+00:00,0.36,351.3,94505
2026-03-19 10:45:00+00:00,0.34,353.6,96803
2026-03-19 10:46:00+00:00,0.24,364.6,109912
2026-03-19 10:47:00+00:00,0.34,359.0,124463
2026-03-19 10:48:00+00:00,0.33,360.2,124137
2026-03-19 10:49:00+00:00,0.22,375.3,173540
2026-03-19 10:50:00+00:00,0.30,357.4,125042
2026-03-19 10:51:00+00:00,0.36,352.3,116170
2026-03-19 10:52:00+00:00,0.30,361.3,124512
2026-03-19 10:53:00+00:00,0.28,364.2,110025
2026-03-19 10:54:00+00:00,0.28,367.3,152884
2026-03-19 10:55:00+00:00,0.28,369.1,181972
2026-03-19 10:56:00+00:00,0.25,373.1,143585
2026-03-19 10:57:00+00:00,0.19,357.6,143585
2026-03-19 10:58:00+00:00,0.19,345.5,144691
2026-03-19 10:59:00+00:00,0.33,359.6,143739
2026-03-19 11:00:00+00:00,0.35,359.9,140639
2026-03-19 11:01:00+00:00,0.32,362.0,137996
2026-03-19 11:02:00+00:00,0.27,370.9,131257
2026-03-19 11:03:00+00:00,0.27,370.8,130885
2026-03-19 11:04:00+00:00,0.30,368.4,120120
2026-03-19 11:05:00+00:00,0.25,374.9,108090
2026-03-19 11:06:00+00:00,0.35,365.6,131659
2026-03-19 11:07:00+00:00,0.32,366.3,141999
2026-03-19 11:08:00+00:00,0.34,367.1,124318
2026-03-19 11:09:00+00:00,0.37,359.5,128385
2026-03-19 11:10:00+00:00,0.40,356.3,124521
2026-03-19 11:11:00+00:00,0.42,356.4,138086
2026-03-19 11:12:00+00:00,0.37,360.3,140515
2026-03-19 11:13:00+00:00,0.31,363.6,128770
2026-03-19 11:14:00+00:00,0.30,364.0,129132
2026-03-19 11:15:00+00:00,0.29,365.9,130230
2026-03-19 11:17:00+00:00,0.43,353.7,136926
2026-03-19 11:18:00+00:00,0.43,354.3,135743
2026-03-19 11:19:00+00:00,0.39,359.9,125150
2026-03-19 11:20:00+00:00,0.40,358.7,126543
2026-03-19 11:21:00+00:00,0.38,352.2,130663
2026-03-19 11:22:00+00:00,0.35,358.2,125681
2026-03-19 11:23:00+00:00,0.37,355.5,126749
2026-03-19 11:24:00+00:00,0.36,355.2,127369
2026-03-19 11:25:00+00:00,0.32,353.8,123766
2026-03-19 11:26:00+00:00,0.28,358.7,118925
2026-03-19 11:27:00+00:00,0.29,360.2,119008
2026-03-19 11:28:00+00:00,0.25,344.8,120514
2026-03-19 11:29:00+00:00,0.26,337.6,118990
2026-03-19 11:30:00+00:00,0.31,340.9,118990
2026-03-19 11:31:00+00:00,0.19,330.0,
2026-03-19 11:32:00+00:00,0.33,360.9,131952
2026-03-19 11:33:00+00:00,0.34,361.0,131211
2026-03-19 11:34:00+00:00,0.37,361.6,126202
2026-03-19 11:35:00+00:00,0.38,363.2,113624
2026-03-19 11:36:00+00:00,0.33,362.5,88389
2026-03-19 11:37:00+00:00,0.32,358.4,112480
2026-03-19 11:38:00+00:00,0.45,354.2,104940
2026-03-19 11:39:00+00:00,0.45,353.8,93183
2026-03-19 11:40:00+00:00,0.46,356.4,86448
2026-03-19 11:41:00+00:00,0.47,357.2,89550
2026-03-19 11:42:00+00:00,0.45,358.1,102646
2026-03-19 11:43:00+00:00,0.41,357.5,96738
2026-03-19 11:44:00+00:00,0.46,356.3,93643
2026-03-19 11:45:00+00:00,0.49,359.0,105076
2026-03-19 11:46:00+00:00,0.46,359.7,112637
2026-03-19 11:47:00+00:00,0.44,357.7,115560
2026-03-19 11:48:00+00:00,0.24,365.6,118595
2026-03-19 11:50:00+00:00,0.31,355.3,105257
2026-03-19 11:51:00+00:00,0.31,355.2,105354
2026-03-19 11:52:00+00:00,0.31,353.3,108167
2026-03-19 11:53:00+00:00,0.34,341.2,32714
2026-03-19 11:54:00+00:00,0.40,350.1,84818
2026-03-19 11:55:00+00:00,0.47,353.5,88212
2026-03-19 11:56:00+00:00,0.51,348.5,81444
2026-03-19 11:57:00+00:00,0.44,351.9,86490
2026-03-19 11:58:00+00:00,0.39,356.9,92560
2026-03-19 11:59:00+00:00,0.35,360.3,88671
2026-03-19 12:00:00+00:00,0.43,358.1,81585
2026-03-19 12:01:00+00:00,0.46,355.6,80466
2026-03-19 12:03:00+00:00,0.42,352.5,49170
2026-03-19 12:04:00+00:00,0.46,351.3,52962
2026-03-19 12:05:00+00:00,0.59,348.5,67364
2026-03-19 12:06:00+00:00,0.57,352.5,77120
2026-03-19 12:07:00+00:00,0.57,346.3,77882
2026-03-19 12:08:00+00:00,0.43,351.7,90456
2026-03-19 12:09:00+00:00,0.50,348.0,97101
2026-03-19 12:10:00+00:00,0.54,348.2,85824
2026-03-19 12:11:00+00:00,0.50,349.3,81424
2026-03-19 12:12:00+00:00,0.47,351.5,79237
2026-03-19 12:13:00+00:00,0.56,347.5,75601
2026-03-19 12:14:00+00:00,0.52,348.8,76050
2026-03-19 12:15:00+00:00,0.52,348.3,76347
2026-03-19 12:16:00+00:00,0.56,349.3,72207
2026-03-19 12:17:00+00:00,0.63,351.4,67908
2026-03-19 12:18:00+00:00,0.66,351.8,71171
2026-03-19 12:19:00+00:00,0.57,354.4,64483
2026-03-19 12:20:00+00:00,0.65,353.3,35185
2026-03-19 12:21:00+00:00,0.69,351.7,46025
2026-03-19 12:23:00+00:00,0.43,,
2026-03-19 12:24:00+00:00,0.43,347.4,70138
2026-03-19 12:25:00+00:00,0.27,356.4,103969
2026-03-19 12:26:00+00:00,0.35,350.3,91387
2026-03-19 12:27:00+00:00,0.36,353.6,88323
2026-03-19 12:28:00+00:00,0.40,349.4,79820
2026-03-19 12:29:00+00:00,0.41,351.8,72150
2026-03-19 12:30:00+00:00,0.44,350.9,65002
2026-03-19 12:31:00+00:00,0.46,351.1,62400
2026-03-19 12:33:00+00:00,0.55,351.2,70471
2026-03-19 12:34:00+00:00,0.57,353.2,70026
2026-03-19 12:35:00+00:00,0.60,355.4,69846
2026-03-19 12:36:00+00:00,0.68,352.8,65793
2026-03-19 12:37:00+00:00,1.05,352.6,49933
2026-03-19 12:38:00+00:00,1.08,349.3,59752
2026-03-19 12:39:00+00:00,1.07,351.1,60094
2026-03-19 12:40:00+00:00,1.26,353.0,59748
2026-03-19 12:41:00+00:00,0.88,355.2,59283
2026-03-19 12:42:00+00:00,0.94,353.1,65735
2026-03-19 12:43:00+00:00,1.26,355.9,50317
2026-03-19 12:44:00+00:00,1.28,352.6,54699
2026-03-19 12:45:00+00:00,1.07,355.1,56881
2026-03-19 12:46:00+00:00,1.26,356.8,46939
2026-03-19 12:47:00+00:00,1.28,355.5,44468
2026-03-19 12:48:00+00:00,1.07,355.7,48846
2026-03-19 12:49:00+00:00,1.04,354.9,52815
2026-03-19 12:50:00+00:00,1.28,352.4,50469
2026-03-19 12:51:00+00:00,1.50,353.9,42035
2026-03-19 12:52:00+00:00,1.33,355.9,47526
2026-03-19 12:53:00+00:00,1.15,353.3,63275
2026-03-19 12:54:00+00:00,1.11,351.8,63853
2026-03-19 12:57:00+00:00,0.90,354.0,59284
2026-03-19 12:58:00+00:00,0.91,352.7,70763
2026-03-19 12:59:00+00:00,0.86,353.1,74532
2026-03-19 13:00:00+00:00,0.86,352.4,78117
2026-03-19 13:01:00+00:00,1.17,353.6,61836
2026-03-19 13:02:00+00:00,1.31,353.0,60174
2026-03-19 13:03:00+00:00,1.45,352.9,53148
2026-03-19 13:04:00+00:00,1.57,352.6,48245
2026-03-19 13:05:00+00:00,1.56,352.3,47040
2026-03-19 13:06:00+00:00,1.75,353.7,40178
2026-03-19 13:07:00+00:00,2.20,356.3,32162
2026-03-19 13:08:00+00:00,2.19,355.5,33202
2026-03-19 13:09:00+00:00,1.77,354.0,34997
2026-03-19 13:10:00+00:00,2.23,356.3,30740
2026-03-19 13:11:00+00:00,1.42,351.9,46590
2026-03-19 13:12:00+00:00,2.03,355.4,26941
2026-03-19 13:13:00+00:00,1.27,345.1,40553
2026-03-19 13:14:00+00:00,1.70,357.1,44888
2026-03-19 13:15:00+00:00,2.24,364.1,27766
2026-03-19 13:16:00+00:00,2.27,365.0,25731
2026-03-19 13:17:00+00:00,2.17,366.0,24473
2026-03-19 13:18:00+00:00,1.96,365.3,26620
2026-03-19 13:19:00+00:00,2.00,365.7,25187
2026-03-19 13:20:00+00:00,2.17,363.6,23799
2026-03-19 13:21:00+00:00,2.15,362.3,23090
2026-03-19 13:22:00+00:00,2.11,362.6,23365
2026-03-19 13:23:00+00:00,2.04,358.3,29078
2026-03-19 13:24:00+00:00,1.64,355.0,32627
2026-03-19 13:25:00+00:00,1.56,353.0,36513
2026-03-19 13:26:00+00:00,0.93,349.5,50083
2026-03-19 13:27:00+00:00,2.18,355.5,32242
2026-03-19 13:30:00+00:00,1.36,353.4,47373
2026-03-19 13:31:00+00:00,1.94,355.4,37209
2026-03-19 13:32:00+00:00,1.80,353.1,34908
2026-03-19 13:33:00+00:00,2.42,362.8,23040
2026-03-19 13:34:00+00:00,2.59,364.4,23584
2026-03-19 13:35:00+00:00,2.10,361.8,24740
2026-03-19 13:36:00+00:00,1.78,360.9,26456
2026-03-19 13:37:00+00:00,1.82,360.4,29384
2026-03-19 13:38:00+00:00,1.84,359.6,28865
2026-03-19 13:39:00+00:00,1.54,364.8,23212
2026-03-19 13:40:00+00:00,1.47,365.3,23461
2026-03-19 13:41:00+00:00,1.18,361.7,30646
2026-03-19 13:42:00+00:00,0.72,337.0,60294
2026-03-19 13:43:00+00:00,0.49,343.6,40687
2026-03-19 13:44:00+00:00,0.69,336.9,43502
2026-03-19 13:45:00+00:00,0.83,340.9,87084
2026-03-19 13:46:00+00:00,0.88,348.9,76814
2026-03-19 13:47:00+00:00,0.69,351.6,79636
2026-03-19 13:48:00+00:00,0.46,351.7,92333
2026-03-19 13:49:00+00:00,0.69,342.4,92366
2026-03-19 13:50:00+00:00,0.78,344.4,101667
2026-03-19 13:51:00+00:00,0.58,352.8,119365
2026-03-19 13:52:00+00:00,0.46,353.0,113703
2026-03-19 13:53:00+00:00,0.48,352.1,94126
2026-03-19 13:54:00+00:00,0.48,355.0,95712
2026-03-19 13:55:00+00:00,0.47,353.2,107289
2026-03-19 13:56:00+00:00,0.53,350.9,96075
2026-03-19 13:57:00+00:00,0.64,349.7,83517
2026-03-19 13:58:00+00:00,0.60,353.2,95142
2026-03-19 13:59:00+00:00,0.54,353.8,92416
2026-03-19 14:00:00+00:00,0.47,351.6,74513
2026-03-19 14:03:00+00:00,0.56,351.2,80038
2026-03-19 14:04:00+00:00,0.48,350.4,76555
2026-03-19 14:05:00+00:00,0.46,350.2,75495
2026-03-19 14:06:00+00:00,0.44,361.3,118695
2026-03-19 14:07:00+00:00,0.40,357.8,92129
2026-03-19 14:08:00+00:00,0.42,352.5,78654
2026-03-19 14:09:00+00:00,0.41,352.7,70193
2026-03-19 14:10:00+00:00,0.38,356.7,68113
2026-03-19 14:11:00+00:00,0.44,356.7,96533
2026-03-19 14:12:00+00:00,0.49,355.7,108442
2026-03-19 14:13:00+00:00,1.01,356.1,150687
2026-03-19 14:14:00+00:00,0.88,353.3,67703
2026-03-19 14:15:00+00:00,1.07,350.6,58385
2026-03-19 14:16:00+00:00,0.86,350.0,55687
2026-03-19 14:17:00+00:00,0.85,344.3,52263
2026-03-19 14:18:00+00:00,0.91,356.0,77654
2026-03-19 14:19:00+00:00,0.69,339.2,32227
2026-03-19 14:20:00+00:00,0.94,345.4,51867
2026-03-19 14:21:00+00:00,1.06,350.3,66275
2026-03-19 14:22:00+00:00,0.93,347.7,52916
2026-03-19 14:23:00+00:00,0.72,344.0,42256
2026-03-19 14:24:00+00:00,0.65,340.6,48705
2026-03-19 14:25:00+00:00,0.65,342.7,65078
2026-03-19 14:26:00+00:00,0.63,343.3,65395
2026-03-19 14:27:00+00:00,0.58,336.1,48295
2026-03-19 14:28:00+00:00,0.50,342.5,72774
2026-03-19 14:29:00+00:00,0.49,353.2,133886
2026-03-19 14:30:00+00:00,0.55,349.8,116415
2026-03-19 14:31:00+00:00,0.65,346.4,112472
2026-03-19 14:32:00+00:00,0.58,337.5,72808
2026-03-19 14:33:00+00:00,0.63,351.7,131267
2026-03-19 14:34:00+00:00,0.54,337.5,51570
2026-03-19 14:35:00+00:00,0.53,335.9,42490
2026-03-19 14:37:00+00:00,2.06,353.1,38813
2026-03-19 14:38:00+00:00,1.49,342.5,26099
2026-03-19 14:39:00+00:00,1.53,342.2,40008
2026-03-19 14:40:00+00:00,1.44,346.3,45667
2026-03-19 14:41:00+00:00,1.13,342.8,33882
2026-03-19 14:42:00+00:00,1.25,343.7,57498
2026-03-19 14:43:00+00:00,1.25,349.2,80745
2026-03-19 14:44:00+00:00,1.06,341.1,33762
2026-03-19 14:45:00+00:00,0.97,342.2,43253
2026-03-19 14:46:00+00:00,1.46,349.0,91134
2026-03-19 14:47:00+00:00,1.69,358.0,116770
2026-03-19 14:48:00+00:00,0.89,341.6,33357
2026-03-19 14:49:00+00:00,1.33,342.0,88055
2026-03-19 14:50:00+00:00,1.09,340.2,39391
2026-03-19 14:51:00+00:00,1.01,344.0,68372
2026-03-19 14:52:00+00:00,0.79,336.6,41783
2026-03-19 14:53:00+00:00,0.80,334.9,21226
2026-03-19 14:54:00+00:00,1.37,346.2,48909
2026-03-19 14:55:00+00:00,1.29,346.2,50645
2026-03-19 14:56:00+00:00,1.08,338.6,35742
2026-03-19 14:57:00+00:00,1.06,337.7,33682
2026-03-19 14:58:00+00:00,1.03,342.0,48695
2026-03-19 14:59:00+00:00,1.14,343.5,61999
2026-03-19 15:00:00+00:00,1.02,336.6,29002
2026-03-19 15:01:00+00:00,0.97,332.3,25700
2026-03-19 15:03:00+00:00,1.11,343.3,73421
2026-03-19 15:04:00+00:00,0.93,339.2,29176
2026-03-19 15:05:00+00:00,0.80,339.0,31723
2026-03-19 15:06:00+00:00,1.06,336.1,32030
2026-03-19 15:07:00+00:00,0.88,338.2,31717
2026-03-19 15:08:00+00:00,0.84,338.6,31650
2026-03-19 15:09:00+00:00,1.07,332.5,29700
2026-03-19 15:10:00+00:00,0.85,337.0,31237
2026-03-19 15:11:00+00:00,0.78,340.0,45288
2026-03-19 15:12:00+00:00,0.89,338.0,42687
2026-03-19 15:13:00+00:00,0.86,335.0,32611
2026-03-19 15:14:00+00:00,0.75,335.9,36191
2026-03-19 15:15:00+00:00,0.79,335.3,31627
2026-03-19 15:16:00+00:00,0.89,328.9,26034
2026-03-19 15:17:00+00:00,1.18,340.1,57649
2026-03-19 15:18:00+00:00,1.69,352.5,111119
2026-03-19 15:19:00+00:00,1.34,347.4,31782
2026-03-19 15:20:00+00:00,0.85,336.9,29935
2026-03-19 15:21:00+00:00,0.95,342.0,31592
2026-03-19 15:22:00+00:00,1.02,348.5,84929
2026-03-19 15:23:00+00:00,0.74,333.5,31475
2026-03-19 15:24:00+00:00,1.01,342.1,48067
2026-03-19 15:25:00+00:00,1.19,344.6,43711
2026-03-19 15:26:00+00:00,1.40,343.0,32850
2026-03-19 15:27:00+00:00,1.42,345.3,36353
2026-03-19 15:28:00+00:00,1.36,346.5,36555
2026-03-19 15:29:00+00:00,1.31,343.8,33587
2026-03-19 15:30:00+00:00,1.10,336.7,28728
2026-03-19 15:31:00+00:00,1.10,332.9,27285
2026-03-19 15:32:00+00:00,1.59,343.6,49453
2026-03-19 15:33:00+00:00,1.39,342.3,36106
2026-03-19 15:34:00+00:00,1.36,342.9,31266
2026-03-19 15:35:00+00:00,1.26,343.0,28893
2026-03-19 15:36:00+00:00,1.31,347.0,29285
2026-03-19 15:37:00+00:00,1.09,346.8,60014
2026-03-19 15:38:00+00:00,1.12,329.8,21660
2026-03-19 15:39:00+00:00,1.35,338.6,45229
2026-03-19 15:40:00+00:00,1.33,338.3,38955
2026-03-19 15:41:00+00:00,1.31,337.5,35345
2026-03-19 15:42:00+00:00,1.14,339.5,29906
2026-03-19 15:43:00+00:00,1.29,340.5,33070
2026-03-19 15:44:00+00:00,1.30,339.9,32985
2026-03-19 15:45:00+00:00,0.99,335.3,23658
2026-03-19 15:46:00+00:00,0.79,338.1,27707
2026-03-19 15:47:00+00:00,0.91,347.9,44896
2026-03-19 15:48:00+00:00,0.91,343.4,38580
2026-03-19 15:49:00+00:00,0.97,349.0,57417
2026-03-19 15:50:00+00:00,0.87,351.2,55666
2026-03-19 15:51:00+00:00,0.87,348.7,58171
2026-03-19 15:52:00+00:00,1.28,346.3,34273
2026-03-19 15:53:00+00:00,1.33,342.9,31151
2026-03-19 15:54:00+00:00,1.15,348.4,41558
2026-03-19 15:55:00+00:00,0.94,339.5,35667
2026-03-19 15:56:00+00:00,1.10,331.2,29008
2026-03-19 15:57:00+00:00,1.08,335.9,31150
2026-03-19 15:58:00+00:00,1.22,337.7,29726
2026-03-19 15:59:00+00:00,1.20,335.0,26551
2026-03-19 16:02:00+00:00,1.16,338.0,40159
2026-03-19 16:03:00+00:00,1.32,338.3,36859
2026-03-19 16:04:00+00:00,1.36,339.4,29668
2026-03-19 16:05:00+00:00,1.19,339.0,31444
2026-03-19 16:06:00+00:00,1.16,341.6,27593
2026-03-19 16:07:00+00:00,1.46,336.1,27354
2026-03-19 16:08:00+00:00,1.11,331.5,36390
2026-03-19 16:09:00+00:00,1.32,334.6,40408
2026-03-19 16:10:00+00:00,1.08,337.5,42183
2026-03-19 16:11:00+00:00,1.15,339.9,33546
2026-03-19 16:12:00+00:00,1.43,339.3,35397
2026-03-19 16:13:00+00:00,1.54,337.9,34904
2026-03-19 16:14:00+00:00,1.56,337.4,34221
2026-03-19 16:15:00+00:00,1.41,336.3,39364
2026-03-19 16:16:00+00:00,1.37,339.4,36981
2026-03-19 16:17:00+00:00,1.42,343.8,34935
2026-03-19 16:18:00+00:00,1.47,345.4,38512
2026-03-19 16:19:00+00:00,1.33,341.2,37045
2026-03-19 16:20:00+00:00,1.34,334.9,30078
2026-03-19 16:21:00+00:00,1.63,343.6,56097
2026-03-19 16:22:00+00:00,1.49,342.6,36536
2026-03-19 16:23:00+00:00,1.41,342.4,34687
2026-03-19 16:24:00+00:00,1.32,342.4,41637
2026-03-19 16:25:00+00:00,1.60,339.5,35673
2026-03-19 16:26:00+00:00,1.25,340.6,34713
2026-03-19 16:27:00+00:00,1.27,332.7,31386
2026-03-19 16:28:00+00:00,1.29,338.4,32279
2026-03-19 16:29:00+00:00,1.24,340.0,36059
2026-03-19 16:30:00+00:00,1.42,336.8,36350
2026-03-19 16:31:00+00:00,1.21,339.9,33070
2026-03-19 16:32:00+00:00,1.25,337.2,32965
2026-03-19 16:33:00+00:00,1.22,335.7,34689
2026-03-19 16:34:00+00:00,1.11,333.7,31564
2026-03-19 16:35:00+00:00,1.07,330.1,30017
2026-03-19 16:36:00+00:00,1.12,336.4,48017
2026-03-19 16:37:00+00:00,1.17,337.8,43492
2026-03-19 16:38:00+00:00,1.24,332.5,32889
2026-03-19 16:39:00+00:00,1.07,343.1,47895
2026-03-19 16:40:00+00:00,1.12,339.1,35325
2026-03-19 16:41:00+00:00,1.15,338.1,34945
2026-03-19 16:42:00+00:00,1.03,328.8,20469
2026-03-19 16:43:00+00:00,1.22,333.0,46023
2026-03-19 16:44:00+00:00,1.29,335.3,39542
2026-03-19 16:45:00+00:00,1.14,337.4,36988
2026-03-19 16:46:00+00:00,1.08,339.2,35525
2026-03-19 16:47:00+00:00,1.09,339.8,34413
2026-03-19 16:50:00+00:00,1.18,333.0,35426
2026-03-19 16:51:00+00:00,1.19,339.5,49658
2026-03-19 16:52:00+00:00,1.16,337.5,34526
2026-03-19 16:53:00+00:00,0.97,336.3,35908
2026-03-19 16:54:00+00:00,0.94,340.6,34154
2026-03-19 16:55:00+00:00,1.10,337.1,30645
2026-03-19 16:56:00+00:00,1.02,339.1,31556
2026-03-19 16:57:00+00:00,1.03,325.1,14830
2026-03-19 16:58:00+00:00,1.52,332.6,36168
2026-03-19 16:59:00+00:00,1.48,336.2,46837
2026-03-19 17:00:00+00:00,1.13,340.6,37153
2026-03-19 17:01:00+00:00,1.05,339.7,34674
2026-03-19 17:02:00+00:00,1.22,337.5,32494
2026-03-19 17:03:00+00:00,1.20,337.3,32066
2026-03-19 17:04:00+00:00,1.10,331.2,24294
2026-03-19 17:05:00+00:00,1.23,328.2,27376
2026-03-19 17:06:00+00:00,1.42,333.5,42160
2026-03-19 17:07:00+00:00,1.38,334.8,39023
2026-03-19 17:08:00+00:00,1.23,335.4,33585
2026-03-19 17:09:00+00:00,1.20,337.5,33086
2026-03-19 17:10:00+00:00,1.12,335.9,33815
2026-03-19 17:11:00+00:00,1.16,336.7,31296
2026-03-19 17:12:00+00:00,1.24,332.9,39318
2026-03-19 17:13:00+00:00,1.70,335.1,48522
2026-03-19 17:14:00+00:00,0.89,337.2,54431
2026-03-19 17:15:00+00:00,0.95,336.7,40624
2026-03-19 17:16:00+00:00,1.00,335.3,34326
2026-03-19 17:17:00+00:00,0.90,337.6,34523
2026-03-19 17:18:00+00:00,0.84,337.4,35074
2026-03-19 17:19:00+00:00,0.91,330.2,25249
2026-03-19 17:20:00+00:00,0.96,325.3,17726
2026-03-19 17:21:00+00:00,1.37,336.0,52922
2026-03-19 17:22:00+00:00,1.28,336.5,47286
2026-03-19 17:23:00+00:00,1.09,337.2,36242
2026-03-19 17:24:00+00:00,1.08,336.5,32383
2026-03-19 17:25:00+00:00,1.30,335.8,29865
2026-03-19 17:26:00+00:00,1.25,334.2,28838
2026-03-19 17:27:00+00:00,1.20,325.0,15476
2026-03-19 17:28:00+00:00,1.40,336.4,54661
2026-03-19 17:29:00+00:00,1.41,339.3,43987
2026-03-19 17:30:00+00:00,1.40,337.3,33740
2026-03-19 17:31:00+00:00,1.51,338.0,33243
2026-03-19 17:32:00+00:00,1.43,338.9,33540
2026-03-19 17:33:00+00:00,1.18,338.8,35028
2026-03-19 17:34:00+00:00,0.83,333.6,20036
2026-03-19 17:35:00+00:00,1.09,333.9,30273
2026-03-19 17:36:00+00:00,1.13,336.3,39628
2026-03-19 17:37:00+00:00,1.08,337.5,34258
2026-03-19 17:38:00+00:00,1.19,338.2,32298
2026-03-19 17:39:00+00:00,0.93,337.7,30290
2026-03-19 17:40:00+00:00,1.07,338.7,33198
2026-03-19 17:41:00+00:00,1.07,334.6,30142
2026-03-19 17:42:00+00:00,1.11,328.1,23482
2026-03-19 17:43:00+00:00,1.18,338.6,45918
2026-03-19 17:44:00+00:00,1.18,336.1,31059
2026-03-19 17:45:00+00:00,1.04,337.3,32451
2026-03-19 17:46:00+00:00,1.11,338.6,32202
2026-03-19 17:47:00+00:00,1.38,336.1,33884
2026-03-19 17:48:00+00:00,1.14,337.8,33465
2026-03-19 17:49:00+00:00,1.10,330.5,25246
2026-03-19 17:50:00+00:00,1.15,333.1,40504
2026-03-19 17:51:00+00:00,1.12,337.7,40381
2026-03-19 17:52:00+00:00,1.28,335.7,32146
2026-03-19 17:53:00+00:00,1.47,332.8,32274
2026-03-19 17:54:00+00:00,1.07,333.5,33667
2026-03-19 17:55:00+00:00,1.07,334.2,35588
2026-03-19 17:56:00+00:00,1.06,333.6,36674
2026-03-19 17:57:00+00:00,1.14,328.6,28409
2026-03-19 17:58:00+00:00,1.42,339.1,42061
2026-03-19 17:59:00+00:00,0.99,337.0,34657
2026-03-19 18:00:00+00:00,0.92,336.7,35020
2026-03-19 18:01:00+00:00,1.07,335.6,28670
2026-03-19 18:02:00+00:00,0.97,339.1,30865
2026-03-19 18:03:00+00:00,0.98,337.4,32861
2026-03-19 18:04:00+00:00,1.06,333.4,39554
2026-03-19 18:05:00+00:00,1.15,332.5,45900
2026-03-19 18:06:00+00:00,1.33,337.9,41196
2026-03-19 18:07:00+00:00,1.50,337.1,33456
2026-03-19 18:08:00+00:00,1.45,333.2,34034
2026-03-19 18:09:00+00:00,1.33,333.5,39016
2026-03-19 18:10:00+00:00,1.32,336.1,37791
2026-03-19 18:11:00+00:00,1.22,336.6,32372
2026-03-19 18:12:00+00:00,1.05,335.6,34934
2026-03-19 18:13:00+00:00,1.21,339.4,41679
2026-03-19 18:14:00+00:00,1.18,335.9,28728
2026-03-19 18:15:00+00:00,1.20,335.1,28669
2026-03-19 18:16:00+00:00,1.10,334.0,33127
2026-03-19 18:17:00+00:00,0.90,336.1,28303
2026-03-19 18:18:00+00:00,1.16,333.8,24430
2026-03-19 18:19:00+00:00,1.51,327.7,23998
2026-03-19 18:20:00+00:00,1.43,335.6,38648
2026-03-19 18:21:00+00:00,1.22,338.7,34717
2026-03-19 18:22:00+00:00,1.17,338.1,31527
2026-03-19 18:23:00+00:00,1.31,334.4,29540
2026-03-19 18:24:00+00:00,1.29,335.3,40082
2026-03-19 18:25:00+00:00,1.17,336.9,43199
2026-03-19 18:26:00+00:00,1.17,334.5,31269
2026-03-19 18:29:00+00:00,1.21,338.0,33661
2026-03-19 18:30:00+00:00,0.83,332.6,27624
2026-03-19 18:31:00+00:00,0.96,327.9,15815
2026-03-19 18:32:00+00:00,1.10,331.2,49355
2026-03-19 18:33:00+00:00,1.02,337.2,32746
2026-03-19 18:34:00+00:00,1.02,332.2,26925
2026-03-19 18:35:00+00:00,0.88,333.2,27523
2026-03-19 18:36:00+00:00,0.98,331.9,27791
2026-03-19 18:37:00+00:00,1.05,333.4,26498
2026-03-19 18:38:00+00:00,1.03,327.6,18860
2026-03-19 18:39:00+00:00,1.13,328.0,25175
2026-03-19 18:40:00+00:00,1.23,329.9,31017
2026-03-19 18:41:00+00:00,1.04,329.3,26784
2026-03-19 18:42:00+00:00,0.89,331.6,25545
2026-03-19 18:43:00+00:00,0.99,334.0,27877
2026-03-19 18:44:00+00:00,0.80,333.6,26616
2026-03-19 18:45:00+00:00,0.74,330.9,23249
2026-03-19 18:46:00+00:00,0.86,325.0,17873
2026-03-19 18:47:00+00:00,1.11,327.0,36072
2026-03-19 18:48:00+00:00,0.76,331.8,22749
2026-03-19 18:49:00+00:00,0.74,326.2,19824
2026-03-19 18:50:00+00:00,0.80,329.8,23176
2026-03-19 18:51:00+00:00,0.99,332.0,24812
2026-03-19 18:52:00+00:00,0.87,330.0,20859
2026-03-19 18:53:00+00:00,0.93,326.1,15013
2026-03-19 18:54:00+00:00,1.23,330.3,25797
2026-03-19 18:55:00+00:00,0.78,338.2,33183
2026-03-19 18:56:00+00:00,1.29,338.0,30523
2026-03-19 18:57:00+00:00,1.32,337.4,28804
2026-03-19 18:58:00+00:00,1.51,337.1,29326
2026-03-19 18:59:00+00:00,1.57,337.4,28103
2026-03-19 19:00:00+00:00,1.07,329.6,14194
2026-03-19 19:01:00+00:00,1.15,331.2,20141
2026-03-19 19:02:00+00:00,1.43,338.6,47729
2026-03-19 19:03:00+00:00,0.71,334.0,28581
2026-03-19 19:04:00+00:00,0.30,339.9,34328
2026-03-19 19:05:00+00:00,1.09,328.9,23109
2026-03-19 19:06:00+00:00,1.12,329.0,33001
2026-03-19 19:07:00+00:00,0.86,335.4,35200
2026-03-19 19:08:00+00:00,1.06,335.4,30405
2026-03-19 19:09:00+00:00,1.34,335.3,35685
2026-03-19 19:10:00+00:00,1.21,337.2,30960
2026-03-19 19:11:00+00:00,1.26,337.0,27706
2026-03-19 19:12:00+00:00,1.35,336.8,27836
2026-03-19 19:13:00+00:00,1.24,337.7,27093
2026-03-19 19:14:00+00:00,1.21,336.6,26220
2026-03-19 19:15:00+00:00,1.32,333.7,25861
2026-03-19 19:16:00+00:00,1.26,331.9,26480
2026-03-19 19:17:00+00:00,1.29,333.3,32268
2026-03-19 19:18:00+00:00,2.10,356.7,91042
2026-03-19 19:19:00+00:00,1.92,347.2,37831
2026-03-19 19:20:00+00:00,1.88,355.3,20889
2026-03-19 19:21:00+00:00,1.45,338.4,29035
2026-03-19 19:22:00+00:00,0.92,334.7,26486
2026-03-19 19:23:00+00:00,0.83,328.9,15259
2026-03-19 19:24:00+00:00,1.20,335.7,28460
2026-03-19 19:25:00+00:00,1.84,357.1,23550
2026-03-19 19:26:00+00:00,2.10,366.0,21455
2026-03-19 19:27:00+00:00,1.30,369.4,18648
2026-03-19 19:28:00+00:00,0.74,376.6,31313
2026-03-19 19:29:00+00:00,0.83,373.3,38027
2026-03-19 19:30:00+00:00,0.83,360.5,24722
2026-03-19 19:31:00+00:00,0.81,359.1,21119
2026-03-19 19:32:00+00:00,0.98,364.5,20591
2026-03-19 19:33:00+00:00,0.70,358.5,13625
2026-03-19 19:34:00+00:00,0.72,358.9,15286
2026-03-19 19:35:00+00:00,0.87,363.2,29989
2026-03-19 19:36:00+00:00,0.86,359.5,22750
2026-03-19 19:37:00+00:00,0.94,359.6,23508
2026-03-19 19:38:00+00:00,0.84,358.6,17211
2026-03-19 19:39:00+00:00,1.00,364.5,28659
2026-03-19 19:40:00+00:00,0.84,361.9,23280
2026-03-19 19:41:00+00:00,0.78,360.7,19023
2026-03-19 19:42:00+00:00,0.78,360.2,26276
2026-03-19 19:43:00+00:00,0.83,361.5,27698
2026-03-19 19:44:00+00:00,0.74,364.2,21741
2026-03-19 19:45:00+00:00,0.69,362.5,19448
2026-03-19 19:46:00+00:00,0.78,360.2,21324
2026-03-19 19:47:00+00:00,0.80,363.1,22877
2026-03-19 19:48:00+00:00,0.78,362.4,24785
2026-03-19 19:49:00+00:00,0.53,363.4,21900
2026-03-19 19:50:00+00:00,0.47,360.2,18526
2026-03-19 19:51:00+00:00,0.33,353.8,58711
2026-03-19 19:52:00+00:00,0.33,364.4,43363
2026-03-19 19:53:00+00:00,0.39,360.2,25445
2026-03-19 19:54:00+00:00,0.42,362.2,33408
2026-03-19 19:55:00+00:00,0.43,360.9,37206
2026-03-19 19:56:00+00:00,0.50,361.0,28604
2026-03-19 19:57:00+00:00,0.51,358.6,21249
2026-03-19 19:58:00+00:00,0.31,358.9,30446
2026-03-19 19:59:00+00:00,0.60,365.1,34105
2026-03-19 20:00:00+00:00,0.68,364.2,27338
2026-03-19 20:01:00+00:00,0.71,360.8,24126
2026-03-19 20:02:00+00:00,0.71,361.1,32296
2026-03-19 20:03:00+00:00,0.62,358.8,27974
2026-03-19 20:04:00+00:00,0.62,362.2,20353
2026-03-19 20:05:00+00:00,0.61,356.3,26639
2026-03-19 20:06:00+00:00,0.61,358.4,19732
2026-03-19 20:07:00+00:00,0.62,358.6,20169
2026-03-19 20:08:00+00:00,0.92,362.8,32833
2026-03-19 20:09:00+00:00,1.03,359.7,19264
2026-03-19 20:10:00+00:00,1.24,359.0,23805
2026-03-19 20:11:00+00:00,1.07,358.8,21324
2026-03-19 20:12:00+00:00,1.03,359.7,20296
2026-03-19 20:13:00+00:00,1.07,359.5,21981
2026-03-19 20:14:00+00:00,1.20,357.5,28222
2026-03-19 20:15:00+00:00,1.13,358.1,24866
2026-03-19 20:16:00+00:00,1.13,358.6,20967
2026-03-19 20:17:00+00:00,1.20,358.0,21830
2026-03-19 20:18:00+00:00,1.16,358.7,22147
2026-03-19 20:19:00+00:00,1.06,359.0,21536
2026-03-19 20:20:00+00:00,0.95,357.6,22897
2026-03-19 20:21:00+00:00,1.24,357.5,37555
2026-03-19 20:22:00+00:00,1.19,356.8,24637
2026-03-19 20:23:00+00:00,1.15,357.1,23088
2026-03-19 20:24:00+00:00,1.03,360.3,25108
2026-03-19 20:25:00+00:00,1.28,355.4,30291
2026-03-19 20:26:00+00:00,0.98,354.1,28819
2026-03-19 20:27:00+00:00,0.70,346.4,18146
2026-03-19 20:28:00+00:00,1.13,357.0,32884
2026-03-19 20:29:00+00:00,1.18,355.8,32136
2026-03-19 20:30:00+00:00,1.25,353.0,26990
2026-03-19 20:31:00+00:00,1.24,353.6,26195
2026-03-19 20:32:00+00:00,1.22,355.3,23890
2026-03-19 20:33:00+00:00,1.22,356.2,23594
2026-03-19 20:34:00+00:00,0.99,349.0,21932
2026-03-19 20:35:00+00:00,0.92,342.7,15895
2026-03-19 20:36:00+00:00,1.51,356.5,23046
2026-03-19 20:37:00+00:00,1.43,356.6,25953
2026-03-19 20:38:00+00:00,1.48,357.7,23690
2026-03-19 20:41:00+00:00,1.06,360.2,38051
2026-03-19 20:42:00+00:00,0.73,349.0,19991
2026-03-19 20:43:00+00:00,1.14,362.5,36283
2026-03-19 20:44:00+00:00,1.37,357.3,31105
2026-03-19 20:45:00+00:00,1.36,353.9,29101
2026-03-19 20:46:00+00:00,1.23,355.3,24413
2026-03-19 20:47:00+00:00,1.21,358.1,19552
2026-03-19 20:48:00+00:00,1.17,357.4,22968
2026-03-19 20:49:00+00:00,1.01,351.6,23492
2026-03-19 20:50:00+00:00,1.16,351.5,27333
2026-03-19 20:51:00+00:00,1.59,358.1,38970
2026-03-19 20:52:00+00:00,1.49,353.8,27153
2026-03-19 20:53:00+00:00,1.42,352.7,25247
2026-03-19 20:54:00+00:00,1.35,357.2,20962
2026-03-19 20:55:00+00:00,1.48,353.1,26790
2026-03-19 20:56:00+00:00,1.61,349.8,30138
2026-03-19 20:57:00+00:00,0.53,338.7,12230
2026-03-19 20:58:00+00:00,1.55,355.7,23442
2026-03-19 20:59:00+00:00,1.47,357.5,25637
2026-03-19 21:00:00+00:00,1.36,356.5,25349
2026-03-19 21:01:00+00:00,1.29,354.2,25642
2026-03-19 21:02:00+00:00,1.58,353.2,26869
2026-03-19 21:03:00+00:00,1.63,353.2,26562
2026-03-19 21:04:00+00:00,1.77,353.5,25978
2026-03-19 21:05:00+00:00,1.96,356.4,35508
2026-03-19 21:06:00+00:00,1.77,358.5,38786
2026-03-19 21:07:00+00:00,1.55,356.2,22871
2026-03-19 21:08:00+00:00,1.59,356.8,21562
2026-03-19 21:09:00+00:00,1.51,355.5,20733
2026-03-19 21:10:00+00:00,1.51,353.1,28027
2026-03-19 21:11:00+00:00,1.44,350.6,31445
2026-03-19 21:13:00+00:00,1.58,350.5,21932
2026-03-19 21:14:00+00:00,1.90,351.5,30750
2026-03-19 21:15:00+00:00,1.67,350.4,28900
2026-03-19 21:16:00+00:00,1.71,351.2,25242
2026-03-19 21:17:00+00:00,1.57,351.3,28166
2026-03-19 21:18:00+00:00,1.61,350.5,29833
2026-03-19 21:19:00+00:00,1.28,341.9,20344
2026-03-19 21:20:00+00:00,1.41,340.8,30900
2026-03-19 21:21:00+00:00,1.65,344.1,39514
2026-03-19 21:22:00+00:00,1.44,340.3,27870
2026-03-19 21:23:00+00:00,1.24,337.5,23100
2026-03-19 21:24:00+00:00,0.92,338.5,23638
2026-03-19 21:25:00+00:00,1.69,346.0,60119
2026-03-19 21:26:00+00:00,1.18,345.3,23651
2026-03-19 21:27:00+00:00,1.16,328.5,12965
2026-03-19 21:28:00+00:00,1.55,337.8,28460
2026-03-19 21:29:00+00:00,1.69,337.7,27449
2026-03-19 21:30:00+00:00,1.66,338.5,26242
2026-03-19 21:31:00+00:00,1.78,342.1,28524
2026-03-19 21:32:00+00:00,1.56,342.8,28693
2026-03-19 21:33:00+00:00,1.58,342.8,28591
2026-03-19 21:34:00+00:00,1.13,334.6,28585
2026-03-19 21:35:00+00:00,1.50,339.1,31158
2026-03-19 21:36:00+00:00,1.83,347.9,31861
2026-03-19 21:37:00+00:00,1.10,354.8,28810
2026-03-19 21:38:00+00:00,0.77,354.5,25018
2026-03-19 21:39:00+00:00,1.41,343.0,27941
2026-03-19 21:40:00+00:00,1.37,342.6,29937
2026-03-19 21:41:00+00:00,1.27,336.5,25857
2026-03-19 21:42:00+00:00,0.77,335.2,14742
2026-03-19 21:43:00+00:00,1.65,355.5,49216
2026-03-19 21:44:00+00:00,1.75,348.4,29311
2026-03-19 21:45:00+00:00,1.75,,
2026-03-19 21:46:00+00:00,1.13,351.3,26192
2026-03-19 21:47:00+00:00,1.65,354.3,37736
2026-03-19 21:48:00+00:00,1.47,355.1,28879
2026-03-19 21:49:00+00:00,1.40,345.3,27368
2026-03-19 21:50:00+00:00,1.35,345.4,46569
2026-03-19 21:51:00+00:00,1.36,344.8,40187
2026-03-19 21:52:00+00:00,1.23,344.1,25926
2026-03-19 21:53:00+00:00,1.15,344.3,25498
2026-03-19 21:54:00+00:00,1.27,342.9,28902
2026-03-19 21:55:00+00:00,1.29,344.5,31777
2026-03-19 21:56:00+00:00,1.30,344.2,26482
2026-03-19 21:57:00+00:00,1.20,341.6,20740
2026-03-19 21:58:00+00:00,1.51,347.6,33303
2026-03-19 21:59:00+00:00,1.26,,
2026-03-19 22:00:00+00:00,1.26,348.8,23873
2026-03-19 22:01:00+00:00,1.13,345.7,27988
2026-03-19 22:02:00+00:00,1.23,345.9,29040
2026-03-19 22:03:00+00:00,1.25,348.0,28701
2026-03-19 22:04:00+00:00,1.24,345.7,30824
2026-03-19 22:05:00+00:00,1.24,346.8,39030
2026-03-19 22:06:00+00:00,1.23,345.2,34048
2026-03-19 22:07:00+00:00,1.18,343.9,28060
2026-03-19 22:08:00+00:00,1.43,345.9,28811
2026-03-19 22:09:00+00:00,1.49,346.1,25748
2026-03-19 22:10:00+00:00,1.43,347.4,27586
2026-03-19 22:11:00+00:00,1.79,352.5,36654
2026-03-19 22:12:00+00:00,1.67,350.6,28672
2026-03-19 22:13:00+00:00,1.70,350.7,38439
2026-03-19 22:14:00+00:00,1.69,348.5,32048
2026-03-19 22:15:00+00:00,1.95,350.5,29121
2026-03-19 22:16:00+00:00,1.71,350.0,28719
2026-03-19 22:17:00+00:00,1.86,352.2,27710
2026-03-19 22:18:00+00:00,1.86,352.3,27675
2026-03-19 22:19:00+00:00,1.63,349.2,25531
2026-03-19 22:20:00+00:00,1.60,351.0,25434
2026-03-19 22:21:00+00:00,1.23,347.8,25268
2026-03-19 22:22:00+00:00,0.97,345.0,35070
2026-03-19 22:23:00+00:00,0.89,341.9,30471
2026-03-19 22:24:00+00:00,1.18,342.3,25982
2026-03-19 22:25:00+00:00,1.40,344.6,31055
2026-03-19 22:26:00+00:00,1.36,346.4,30411
2026-03-19 22:27:00+00:00,1.51,348.4,26478
2026-03-19 22:28:00+00:00,1.61,345.1,30338
2026-03-19 22:29:00+00:00,1.57,343.1,33987
2026-03-19 22:30:00+00:00,1.19,341.4,26095
2026-03-19 22:31:00+00:00,1.17,330.1,
2026-03-19 22:32:00+00:00,1.22,347.7,40898
2026-03-19 22:33:00+00:00,1.21,341.9,31068
2026-03-19 22:34:00+00:00,1.25,344.5,26292
2026-03-19 22:35:00+00:00,1.55,344.2,28172
2026-03-19 22:36:00+00:00,1.53,344.9,29968
2026-03-19 22:37:00+00:00,1.25,342.1,29016
2026-03-19 22:38:00+00:00,0.90,334.7,28435
2026-03-19 22:39:00+00:00,1.02,335.9,29522
2026-03-19 22:40:00+00:00,1.11,339.1,26287
2026-03-19 22:41:00+00:00,1.10,338.7,25116
2026-03-19 22:42:00+00:00,1.19,339.3,25694
2026-03-19 22:43:00+00:00,1.08,341.1,23026
2026-03-19 22:44:00+00:00,0.97,343.1,25095
2026-03-19 22:45:00+00:00,1.00,342.3,23485
2026-03-19 22:46:00+00:00,1.03,339.0,21401
2026-03-19 22:47:00+00:00,1.28,346.4,37556
2026-03-19 22:48:00+00:00,1.30,341.1,24514
2026-03-19 22:49:00+00:00,1.20,341.0,26330
2026-03-19 22:50:00+00:00,1.65,342.5,27392
2026-03-19 22:51:00+00:00,1.70,342.7,27503
2026-03-19 22:52:00+00:00,1.28,349.2,25746
2026-03-19 22:53:00+00:00,0.82,340.5,17853
2026-03-19 22:54:00+00:00,1.74,351.3,25148
2026-03-19 22:55:00+00:00,2.41,360.3,31812
2026-03-19 22:56:00+00:00,2.05,359.2,30167
2026-03-19 22:57:00+00:00,1.87,358.5,26856
2026-03-19 22:58:00+00:00,2.11,359.0,25822
2026-03-19 22:59:00+00:00,1.99,357.8,25889
2026-03-19 23:00:00+00:00,1.86,357.5,24488
2026-03-19 23:01:00+00:00,1.92,356.5,27776
2026-03-19 23:02:00+00:00,2.32,356.2,26083
2026-03-19 23:03:00+00:00,2.24,356.5,26075
2026-03-19 23:04:00+00:00,2.99,352.6,25963
2026-03-19 23:05:00+00:00,1.83,362.1,27456
2026-03-19 23:06:00+00:00,1.87,360.4,26587
2026-03-19 23:07:00+00:00,1.24,358.0,37080
2026-03-19 23:08:00+00:00,1.15,359.2,35221
2026-03-19 23:09:00+00:00,1.02,360.5,34128
2026-03-19 23:10:00+00:00,0.79,360.2,34050
2026-03-19 23:11:00+00:00,0.74,359.6,36266
2026-03-19 23:12:00+00:00,0.89,357.5,33901
2026-03-19 23:13:00+00:00,1.02,358.3,29043
2026-03-19 23:14:00+00:00,0.98,361.1,30404
2026-03-19 23:15:00+00:00,0.93,358.7,34836
2026-03-19 23:16:00+00:00,1.17,357.5,34740
2026-03-19 23:17:00+00:00,1.44,357.4,30952
2026-03-19 23:18:00+00:00,1.49,358.2,29338
2026-03-19 23:19:00+00:00,1.85,350.2,30091
2026-03-19 23:20:00+00:00,1.34,350.3,35916
2026-03-19 23:21:00+00:00,1.36,349.9,33579
2026-03-19 23:22:00+00:00,1.11,353.7,27735
2026-03-19 23:23:00+00:00,1.37,350.5,35103
2026-03-19 23:24:00+00:00,1.43,349.8,36705
2026-03-19 23:25:00+00:00,1.48,345.8,45454
2026-03-19 23:26:00+00:00,1.26,340.1,35830
2026-03-19 23:27:00+00:00,1.22,334.3,34517
2026-03-19 23:28:00+00:00,1.41,333.0,35544
2026-03-19 23:29:00+00:00,1.33,334.7,35460
2026-03-19 23:30:00+00:00,1.33,335.0,36557
2026-03-19 23:32:00+00:00,0.89,326.0,40079
2026-03-19 23:33:00+00:00,0.89,325.7,42139
2026-03-19 23:34:00+00:00,0.90,324.9,51263
2026-03-19 23:35:00+00:00,0.85,329.3,41044
2026-03-19 23:36:00+00:00,0.82,331.6,51183
2026-03-19 23:37:00+00:00,0.70,332.7,36289
2026-03-19 23:38:00+00:00,1.08,327.7,35941
2026-03-19 23:39:00+00:00,1.29,326.5,33753
2026-03-19 23:40:00+00:00,1.24,327.9,36872
2026-03-19 23:41:00+00:00,1.13,327.6,34569
2026-03-19 23:42:00+00:00,1.09,327.2,33196
2026-03-19 23:43:00+00:00,0.99,327.4,32347
2026-03-19 23:44:00+00:00,0.79,328.3,32343
2026-03-19 23:45:00+00:00,0.89,327.1,35879
2026-03-19 23:46:00+00:00,1.11,325.0,42077
2026-03-19 23:47:00+00:00,0.97,325.4,44201
2026-03-19 23:48:00+00:00,1.14,325.4,37604
2026-03-19 23:49:00+00:00,1.63,328.9,31380
2026-03-19 23:50:00+00:00,1.68,332.6,27706
2026-03-19 23:51:00+00:00,2.35,351.2,34249
2026-03-19 23:52:00+00:00,2.19,348.4,35077
2026-03-19 23:53:00+00:00,2.37,350.5,28354
2026-03-19 23:54:00+00:00,2.60,351.8,25069
2026-03-19 23:55:00+00:00,2.38,347.7,37363
2026-03-19 23:56:00+00:00,2.71,348.5,30362
2026-03-19 23:57:00+00:00,2.80,348.7,28231
2026-03-19 23:58:00+00:00,1.87,343.6,31989
2026-03-19 23:59:00+00:00,1.87,345.6,30726
2026-03-20 00:00:00+00:00,2.38,350.4,34515
2026-03-20 00:01:00+00:00,2.61,351.3,34275
2026-03-20 00:02:00+00:00,2.25,347.4,30371
2026-03-20 00:03:00+00:00,2.19,345.8,33392
2026-03-20 00:04:00+00:00,2.06,344.0,30049
2026-03-20 00:05:00+00:00,1.91,340.7,30546
2026-03-20 00:06:00+00:00,1.96,341.6,30430
2026-03-20 00:07:00+00:00,1.52,342.0,36182
2026-03-20 00:08:00+00:00,1.79,341.4,31091
2026-03-20 00:09:00+00:00,2.29,348.5,33206
2026-03-20 00:10:00+00:00,2.35,349.4,28739
2026-03-20 00:11:00+00:00,1.77,341.0,33306
2026-03-20 00:12:00+00:00,1.72,339.8,30499
2026-03-20 00:13:00+00:00,1.82,339.4,31582
2026-03-20 00:14:00+00:00,1.50,337.8,28805
2026-03-20 00:15:00+00:00,1.52,333.0,31657
2026-03-20 00:16:00+00:00,1.71,331.1,33702
2026-03-20 00:17:00+00:00,1.37,334.0,30982
2026-03-20 00:18:00+00:00,0.94,336.5,30984
2026-03-20 00:19:00+00:00,0.98,335.7,34834
2026-03-20 00:20:00+00:00,0.94,333.8,36467
2026-03-20 00:21:00+00:00,0.91,334.1,28564
2026-03-20 00:22:00+00:00,0.86,331.1,29360
2026-03-20 00:23:00+00:00,1.11,331.4,30546
2026-03-20 00:24:00+00:00,1.18,329.9,32254
2026-03-20 00:25:00+00:00,0.97,328.8,21178
2026-03-20 00:26:00+00:00,0.85,329.5,29524
2026-03-20 00:27:00+00:00,0.67,332.2,27629
2026-03-20 00:28:00+00:00,0.80,330.6,30312
2026-03-20 00:29:00+00:00,0.81,330.1,25327
2026-03-20 00:30:00+00:00,0.81,330.1,25327
2026-03-20 00:31:00+00:00,0.79,329.2,28593
2026-03-20 00:32:00+00:00,0.98,333.0,28609
2026-03-20 00:33:00+00:00,1.09,334.4,28894
2026-03-20 00:34:00+00:00,0.87,332.7,28927
2026-03-20 00:35:00+00:00,0.72,334.9,28264
2026-03-20 00:36:00+00:00,0.86,334.1,28121
2026-03-20 00:37:00+00:00,0.83,333.1,29036
2026-03-20 00:38:00+00:00,1.29,326.5,31877
2026-03-20 00:39:00+00:00,1.25,327.3,34741
2026-03-20 00:40:00+00:00,1.14,328.2,26433
2026-03-20 00:41:00+00:00,1.21,330.6,26734
2026-03-20 00:42:00+00:00,1.24,329.0,23230
2026-03-20 00:43:00+00:00,1.69,329.8,24573
2026-03-20 00:44:00+00:00,1.60,331.2,23641
2026-03-20 00:45:00+00:00,1.52,330.4,25056
2026-03-20 00:46:00+00:00,1.42,328.5,27489
2026-03-20 00:47:00+00:00,1.23,328.1,21552
2026-03-20 00:48:00+00:00,1.26,330.5,20807
2026-03-20 00:49:00+00:00,1.51,331.4,27318
2026-03-20 00:50:00+00:00,1.61,329.5,29706
2026-03-20 00:51:00+00:00,1.41,329.9,27948
2026-03-20 00:52:00+00:00,1.09,332.0,25636
2026-03-20 00:53:00+00:00,1.11,334.0,28661
2026-03-20 00:54:00+00:00,1.56,334.8,28046
2026-03-20 00:55:00+00:00,1.06,334.9,29466
2026-03-20 00:56:00+00:00,1.39,335.3,25001
2026-03-20 00:57:00+00:00,1.38,334.8,30951
2026-03-20 00:58:00+00:00,1.64,333.3,30604
2026-03-20 00:59:00+00:00,1.44,333.9,28671
2026-03-20 01:00:00+00:00,1.62,336.8,30292
2026-03-20 01:01:00+00:00,1.41,339.9,26842
2026-03-20 01:04:00+00:00,1.69,331.6,28721
2026-03-20 01:05:00+00:00,1.53,333.0,26238
2026-03-20 01:06:00+00:00,1.19,334.3,23176
2026-03-20 01:07:00+00:00,1.17,332.6,24051
2026-03-20 01:08:00+00:00,1.51,331.4,24797
2026-03-20 01:09:00+00:00,1.31,333.0,23006
2026-03-20 01:10:00+00:00,1.47,333.0,23553
2026-03-20 01:11:00+00:00,1.18,334.4,28762
2026-03-20 01:12:00+00:00,1.64,334.2,34845
2026-03-20 01:13:00+00:00,1.57,337.0,31155
2026-03-20 01:14:00+00:00,1.34,334.7,29158
2026-03-20 01:15:00+00:00,1.28,330.2,24128
2026-03-20 01:16:00+00:00,1.46,330.1,22305
2026-03-20 01:17:00+00:00,1.78,337.6,25741
2026-03-20 01:18:00+00:00,2.13,341.9,29773
2026-03-20 01:19:00+00:00,2.49,341.5,32971
2026-03-20 01:20:00+00:00,2.44,341.1,31868
2026-03-20 01:21:00+00:00,2.26,341.4,29531
2026-03-20 01:22:00+00:00,2.36,343.4,29120
2026-03-20 01:23:00+00:00,2.41,346.7,27003
2026-03-20 01:24:00+00:00,2.33,344.6,25444
2026-03-20 01:25:00+00:00,1.93,346.9,26953
2026-03-20 01:26:00+00:00,1.99,347.2,26447
2026-03-20 01:27:00+00:00,2.61,350.0,22054
2026-03-20 01:28:00+00:00,2.64,348.1,26742
2026-03-20 01:29:00+00:00,2.71,356.6,20266
2026-03-20 01:30:00+00:00,2.07,341.1,27068
2026-03-20 01:31:00+00:00,2.11,343.1,27866
2026-03-20 01:32:00+00:00,2.22,344.5,30286
2026-03-20 01:33:00+00:00,5.02,362.3,30018
2026-03-20 01:34:00+00:00,6.90,368.2,32308
2026-03-20 01:35:00+00:00,6.89,368.5,31961
2026-03-20 01:36:00+00:00,6.58,369.4,30490
2026-03-20 01:37:00+00:00,11.05,380.9,44039
2026-03-20 01:38:00+00:00,9.12,378.1,36728
2026-03-20 01:39:00+00:00,6.13,374.0,24366
2026-03-20 01:40:00+00:00,6.74,376.0,24561
2026-03-20 01:41:00+00:00,6.05,378.1,23896
2026-03-20 01:42:00+00:00,5.76,383.5,27660
2026-03-20 01:43:00+00:00,4.49,381.9,28296
2026-03-20 01:44:00+00:00,4.00,380.8,20512
2026-03-20 01:45:00+00:00,5.92,375.0,34286
2026-03-20 01:46:00+00:00,7.07,377.3,23731
2026-03-20 01:47:00+00:00,5.68,377.0,30934
2026-03-20 01:48:00+00:00,4.40,382.5,29029
2026-03-20 01:49:00+00:00,5.38,382.1,25967
2026-03-20 01:50:00+00:00,6.52,381.6,27668
2026-03-20 01:51:00+00:00,7.03,380.1,28893
2026-03-20 01:52:00+00:00,7.11,373.4,26150
2026-03-20 01:53:00+00:00,7.04,370.2,25713
2026-03-20 01:54:00+00:00,7.01,372.8,25917
2026-03-20 01:55:00+00:00,6.71,370.9,22674
2026-03-20 01:56:00+00:00,6.03,368.0,25904
2026-03-20 01:57:00+00:00,6.30,370.1,27928
2026-03-20 01:58:00+00:00,7.06,371.5,31365
2026-03-20 01:59:00+00:00,6.66,,
2026-03-20 02:00:00+00:00,6.66,374.6,36301
2026-03-20 02:01:00+00:00,7.19,378.9,34990
2026-03-20 02:02:00+00:00,6.31,371.0,30286
2026-03-20 02:03:00+00:00,6.47,372.3,29851
2026-03-20 02:04:00+00:00,7.35,373.1,31786
2026-03-20 02:05:00+00:00,5.08,380.5,26255
2026-03-20 02:06:00+00:00,5.35,370.1,25243
2026-03-20 02:07:00+00:00,6.52,363.5,27908
2026-03-20 02:08:00+00:00,7.13,366.6,30923
2026-03-20 02:09:00+00:00,7.43,368.7,32614
2026-03-20 02:10:00+00:00,6.71,370.1,30035
2026-03-20 02:11:00+00:00,7.16,367.8,30562
2026-03-20 02:12:00+00:00,7.82,364.1,30612
2026-03-20 02:13:00+00:00,6.58,369.9,26086
2026-03-20 02:14:00+00:00,6.40,371.5,23464
2026-03-20 02:15:00+00:00,6.70,365.4,29277
2026-03-20 02:16:00+00:00,10.47,370.9,32530
2026-03-20 02:17:00+00:00,8.29,375.5,30883
2026-03-20 02:18:00+00:00,6.54,376.0,31756
2026-03-20 02:19:00+00:00,6.98,383.2,39803
2026-03-20 02:20:00+00:00,5.88,384.7,30249
2026-03-20 02:21:00+00:00,5.59,382.7,26394
2026-03-20 02:22:00+00:00,7.06,382.8,27016
2026-03-20 02:23:00+00:00,6.85,381.3,23936
2026-03-20 02:24:00+00:00,6.41,375.6,22990
2026-03-20 02:25:00+00:00,6.23,374.4,24814
2026-03-20 02:26:00+00:00,6.58,377.8,25585
2026-03-20 02:27:00+00:00,7.00,376.9,24897
2026-03-20 02:28:00+00:00,6.98,377.3,23332
2026-03-20 02:29:00+00:00,6.52,376.8,25801
2026-03-20 02:30:00+00:00,6.58,377.2,23143
2026-03-20 02:31:00+00:00,7.08,381.9,30160
2026-03-20 02:32:00+00:00,6.10,372.0,20827
2026-03-20 02:33:00+00:00,6.23,371.2,28883
2026-03-20 02:34:00+00:00,7.14,372.4,24895
2026-03-20 02:35:00+00:00,6.47,371.5,24527
2026-03-20 02:36:00+00:00,6.23,374.6,20853
2026-03-20 02:37:00+00:00,6.08,381.2,24143
2026-03-20 02:38:00+00:00,6.25,381.3,25118
2026-03-20 02:39:00+00:00,6.45,376.7,24522
2026-03-20 02:40:00+00:00,6.40,373.6,22091
2026-03-20 02:41:00+00:00,5.54,370.4,19728
2026-03-20 02:42:00+00:00,4.55,367.0,19751
2026-03-20 02:43:00+00:00,6.99,371.8,24002
2026-03-20 02:44:00+00:00,6.94,371.2,24522
2026-03-20 02:45:00+00:00,6.97,369.8,26806
2026-03-20 02:46:00+00:00,7.67,373.7,29355
2026-03-20 02:47:00+00:00,6.49,376.4,26393
2026-03-20 02:48:00+00:00,6.33,375.9,23603
2026-03-20 02:49:00+00:00,5.39,366.2,21528
2026-03-20 02:50:00+00:00,6.74,366.3,29665
2026-03-20 02:51:00+00:00,6.70,363.4,28743
2026-03-20 02:52:00+00:00,5.21,359.0,36489
2026-03-20 02:53:00+00:00,5.51,358.9,37654
2026-03-20 02:54:00+00:00,5.71,360.1,37753
2026-03-20 02:55:00+00:00,5.50,361.4,42961
2026-03-20 02:56:00+00:00,3.17,363.0,54240
2026-03-20 02:57:00+00:00,3.29,363.4,64245
2026-03-20 02:58:00+00:00,3.27,364.9,83647
2026-03-20 02:59:00+00:00,2.92,367.7,94880
2026-03-20 03:00:00+00:00,2.94,368.2,86801
2026-03-20 03:01:00+00:00,3.52,362.1,57805
2026-03-20 03:02:00+00:00,3.62,368.1,59794
2026-03-20 03:03:00+00:00,3.60,368.2,76670
2026-03-20 03:04:00+00:00,5.51,364.1,45934
2026-03-20 03:05:00+00:00,4.06,373.2,63996
2026-03-20 03:06:00+00:00,7.67,379.2,43622
2026-03-20 03:07:00+00:00,10.66,380.0,41882
2026-03-20 03:08:00+00:00,9.53,379.1,45119
2026-03-20 03:09:00+00:00,9.79,384.1,47864
2026-03-20 03:10:00+00:00,9.67,386.8,50885
2026-03-20 03:11:00+00:00,9.53,392.5,51543
2026-03-20 03:12:00+00:00,9.42,398.7,49805
2026-03-20 03:13:00+00:00,10.07,400.1,46797
2026-03-20 03:14:00+00:00,10.90,402.0,46733
2026-03-20 03:15:00+00:00,10.38,406.6,50608
2026-03-20 03:16:00+00:00,9.94,420.7,40141
2026-03-20 03:17:00+00:00,9.83,420.1,40495
2026-03-20 03:18:00+00:00,9.45,415.7,43004
2026-03-20 03:19:00+00:00,10.61,401.3,49730
2026-03-20 03:20:00+00:00,9.85,396.1,52214
2026-03-20 03:21:00+00:00,11.93,399.3,57116
2026-03-20 03:22:00+00:00,11.55,401.9,59919
2026-03-20 03:23:00+00:00,11.19,395.6,54705
2026-03-20 03:24:00+00:00,10.35,402.7,53693
2026-03-20 03:25:00+00:00,8.06,398.8,43524
2026-03-20 03:26:00+00:00,8.57,395.0,42890
2026-03-20 03:27:00+00:00,9.18,398.3,45258
2026-03-20 03:28:00+00:00,10.82,395.1,54641
2026-03-20 03:29:00+00:00,11.09,384.9,57110
2026-03-20 03:30:00+00:00,9.81,391.7,57338
2026-03-20 03:31:00+00:00,9.79,389.4,55031
2026-03-20 03:32:00+00:00,9.68,385.8,53947
2026-03-20 03:33:00+00:00,9.57,391.8,65589
2026-03-20 03:34:00+00:00,10.22,392.4,53718
2026-03-20 03:35:00+00:00,8.71,389.6,58046
2026-03-20 03:36:00+00:00,7.62,383.3,48660
2026-03-20 03:37:00+00:00,7.16,375.4,46705
2026-03-20 03:38:00+00:00,8.50,387.9,56163
2026-03-20 03:39:00+00:00,8.72,389.9,57167
2026-03-20 03:40:00+00:00,7.92,382.5,54095
2026-03-20 03:41:00+00:00,7.55,377.8,65938
2026-03-20 03:42:00+00:00,6.70,383.4,62774
2026-03-20 03:43:00+00:00,5.89,381.8,61330
2026-03-20 03:44:00+00:00,7.79,387.9,57160
2026-03-20 03:45:00+00:00,10.07,398.7,53268
2026-03-20 03:46:00+00:00,10.13,398.4,54828
2026-03-20 03:47:00+00:00,9.68,396.4,50692
2026-03-20 03:48:00+00:00,8.95,395.8,50554
2026-03-20 03:49:00+00:00,11.38,405.9,57429
2026-03-20 03:50:00+00:00,11.22,405.4,58555
2026-03-20 03:51:00+00:00,9.78,401.6,68635
2026-03-20 03:52:00+00:00,9.70,406.4,67092
2026-03-20 03:53:00+00:00,6.73,403.5,63285
2026-03-20 03:54:00+00:00,5.74,404.7,67834
2026-03-20 03:55:00+00:00,6.56,408.6,82036
2026-03-20 03:56:00+00:00,7.18,411.2,85101
2026-03-20 03:57:00+00:00,7.95,413.4,73981
2026-03-20 03:58:00+00:00,8.54,411.6,74078
2026-03-20 04:00:00+00:00,7.82,413.8,71310
2026-03-20 04:01:00+00:00,8.03,414.3,70945
2026-03-20 04:02:00+00:00,8.96,416.7,66813
2026-03-20 04:03:00+00:00,10.13,421.6,60491
2026-03-20 04:04:00+00:00,9.97,424.2,59777
2026-03-20 04:05:00+00:00,9.57,421.3,56913
2026-03-20 04:06:00+00:00,10.22,425.1,54574
2026-03-20 04:07:00+00:00,10.21,429.8,60206
2026-03-20 04:08:00+00:00,11.12,428.6,53760
2026-03-20 04:09:00+00:00,11.05,426.9,56989
2026-03-20 04:10:00+00:00,7.38,425.8,66871
2026-03-20 04:11:00+00:00,9.51,426.4,73881
2026-03-20 04:12:00+00:00,9.50,426.4,68119
2026-03-20 04:13:00+00:00,9.73,427.9,66566
2026-03-20 04:14:00+00:00,9.97,429.1,65045
2026-03-20 04:15:00+00:00,10.14,425.3,61246
2026-03-20 04:16:00+00:00,10.40,423.8,58763
2026-03-20 04:17:00+00:00,10.84,426.9,57484
2026-03-20 04:18:00+00:00,11.13,429.8,55171
2026-03-20 04:19:00+00:00,11.14,431.3,55282
2026-03-20 04:20:00+00:00,10.90,426.7,59917
2026-03-20 04:21:00+00:00,8.96,416.6,59621
2026-03-20 04:22:00+00:00,2.79,388.8,42675
2026-03-20 04:23:00+00:00,5.07,,
2026-03-20 04:24:00+00:00,5.07,404.2,84994
2026-03-20 04:25:00+00:00,8.14,411.3,83047
2026-03-20 04:26:00+00:00,8.32,408.8,67500
2026-03-20 04:27:00+00:00,10.17,426.0,74897
2026-03-20 04:28:00+00:00,11.21,434.1,73083
2026-03-20 04:29:00+00:00,11.31,431.0,67248
2026-03-20 04:30:00+00:00,12.28,434.9,71730
2026-03-20 04:31:00+00:00,10.94,444.6,79811
2026-03-20 04:32:00+00:00,10.37,442.1,92646
2026-03-20 04:33:00+00:00,7.98,428.9,89842
2026-03-20 04:34:00+00:00,2.88,427.7,98549
2026-03-20 04:35:00+00:00,1.91,435.7,127671
2026-03-20 04:36:00+00:00,3.01,424.6,90408
2026-03-20 04:37:00+00:00,3.25,418.5,78042
2026-03-20 04:38:00+00:00,3.04,427.8,100191
2026-03-20 04:39:00+00:00,2.03,428.3,104617
2026-03-20 04:40:00+00:00,8.84,419.4,88747
2026-03-20 04:41:00+00:00,4.92,425.0,84672
2026-03-20 04:42:00+00:00,4.37,421.8,128982
2026-03-20 04:43:00+00:00,4.99,423.2,97073
2026-03-20 04:44:00+00:00,3.90,440.3,91703
2026-03-20 04:45:00+00:00,3.44,442.7,86153
2026-03-20 04:46:00+00:00,4.37,436.6,84445
2026-03-20 04:47:00+00:00,4.48,434.5,87643
2026-03-20 04:48:00+00:00,4.87,437.1,78560
2026-03-20 04:49:00+00:00,4.94,439.4,81403
2026-03-20 04:50:00+00:00,4.30,437.0,107122
2026-03-20 04:51:00+00:00,3.86,435.7,110563
2026-03-20 04:52:00+00:00,1.87,443.3,89485
2026-03-20 04:53:00+00:00,1.87,442.2,91046
2026-03-20 04:54:00+00:00,1.86,446.0,82783
2026-03-20 04:55:00+00:00,1.90,,
2026-03-20 04:56:00+00:00,1.90,440.6,81201
2026-03-20 04:57:00+00:00,2.83,433.6,111986
2026-03-20 04:58:00+00:00,2.31,439.0,79857
2026-03-20 04:59:00+00:00,1.79,440.2,85920
2026-03-20 05:00:00+00:00,1.51,441.6,109841
2026-03-20 05:01:00+00:00,1.61,440.3,114710
2026-03-20 05:02:00+00:00,1.07,436.0,114975
2026-03-20 05:03:00+00:00,1.56,437.1,93445
2026-03-20 05:04:00+00:00,4.14,433.0,92557
2026-03-20 05:05:00+00:00,6.02,427.7,105512
2026-03-20 05:06:00+00:00,6.35,426.2,100131
2026-03-20 05:07:00+00:00,7.10,420.6,96698
2026-03-20 05:08:00+00:00,7.51,420.6,93379
2026-03-20 05:09:00+00:00,8.08,420.8,90933
2026-03-20 05:10:00+00:00,7.62,420.2,87675
2026-03-20 05:11:00+00:00,7.75,420.7,92297
2026-03-20 05:12:00+00:00,7.73,420.0,101773
2026-03-20 05:13:00+00:00,7.59,418.3,102826
2026-03-20 05:14:00+00:00,8.05,418.8,92231
2026-03-20 05:15:00+00:00,8.65,418.0,94178
2026-03-20 05:16:00+00:00,8.34,418.3,100188
2026-03-20 05:17:00+00:00,8.46,420.6,94772
2026-03-20 05:18:00+00:00,8.84,417.4,83789
2026-03-20 05:19:00+00:00,9.91,413.6,80142
2026-03-20 05:20:00+00:00,10.79,412.4,78597
2026-03-20 05:21:00+00:00,10.96,415.3,73466
2026-03-20 05:22:00+00:00,11.12,416.9,72381
2026-03-20 05:23:00+00:00,11.03,412.4,77877
2026-03-20 05:24:00+00:00,9.92,411.9,80671
2026-03-20 05:25:00+00:00,9.86,413.6,82738
2026-03-20 05:26:00+00:00,10.92,417.9,82779
2026-03-20 05:27:00+00:00,11.31,421.4,82172
2026-03-20 05:29:00+00:00,11.46,416.0,94665
2026-03-20 05:30:00+00:00,12.60,419.9,86255
2026-03-20 05:31:00+00:00,11.71,419.5,90536
2026-03-20 05:32:00+00:00,11.75,420.8,92117
2026-03-20 05:33:00+00:00,11.99,422.6,94140
2026-03-20 05:34:00+00:00,12.27,424.8,91731
2026-03-20 05:35:00+00:00,12.51,428.9,82861
2026-03-20 05:36:00+00:00,13.13,431.9,76833
2026-03-20 05:37:00+00:00,13.00,435.5,86154
2026-03-20 05:38:00+00:00,12.24,438.1,93599
2026-03-20 05:39:00+00:00,12.63,435.2,92102
2026-03-20 05:40:00+00:00,13.26,439.7,106237
2026-03-20 05:41:00+00:00,13.50,451.4,92751
2026-03-20 05:42:00+00:00,13.27,436.9,107440
2026-03-20 05:43:00+00:00,14.60,436.1,82560
2026-03-20 05:44:00+00:00,14.66,439.4,84630
2026-03-20 05:45:00+00:00,11.57,440.0,55370
2026-03-20 05:46:00+00:00,12.63,438.8,51282
2026-03-20 05:47:00+00:00,11.81,436.1,52747
2026-03-20 05:48:00+00:00,10.62,437.5,54949
2026-03-20 05:49:00+00:00,10.86,437.2,53942
2026-03-20 05:50:00+00:00,11.46,450.9,77287
2026-03-20 05:51:00+00:00,13.15,450.6,94126
2026-03-20 05:52:00+00:00,13.47,438.1,71858
2026-03-20 05:53:00+00:00,12.00,425.5,39509
2026-03-20 05:54:00+00:00,11.88,427.9,47617
2026-03-20 05:55:00+00:00,12.31,442.9,70354
2026-03-20 05:56:00+00:00,9.72,427.6,42529
2026-03-20 05:57:00+00:00,8.75,415.0,36100
2026-03-20 05:58:00+00:00,13.00,451.7,112922
2026-03-20 05:59:00+00:00,15.94,444.1,73501
2026-03-20 06:00:00+00:00,11.62,435.1,49209
2026-03-20 06:01:00+00:00,11.62,,
2026-03-20 06:02:00+00:00,15.68,446.5,76355
2026-03-20 06:03:00+00:00,5.49,422.9,28879
2026-03-20 06:04:00+00:00,12.10,434.6,42764
2026-03-20 06:05:00+00:00,15.03,451.6,78692
2026-03-20 06:06:00+00:00,13.64,447.5,73292
2026-03-20 06:07:00+00:00,10.73,438.1,55407
2026-03-20 06:08:00+00:00,8.57,425.8,38906
2026-03-20 06:09:00+00:00,8.53,429.5,45312
2026-03-20 06:10:00+00:00,9.57,445.3,72610
2026-03-20 06:11:00+00:00,9.45,440.8,71399
2026-03-20 06:12:00+00:00,8.93,438.6,55685
2026-03-20 06:13:00+00:00,9.17,449.7,73815
2026-03-20 06:14:00+00:00,11.07,448.5,90214
2026-03-20 06:15:00+00:00,8.32,433.3,40656
2026-03-20 06:16:00+00:00,10.05,434.4,43266
2026-03-20 06:17:00+00:00,11.81,449.9,94003
2026-03-20 06:18:00+00:00,11.58,435.4,64133
2026-03-20 06:19:00+00:00,8.64,414.9,38270
2026-03-20 06:20:00+00:00,12.67,432.9,75086
2026-03-20 06:21:00+00:00,14.64,446.9,111905
2026-03-20 06:22:00+00:00,14.08,445.9,102338
2026-03-20 06:23:00+00:00,12.15,422.8,57903
2026-03-20 06:24:00+00:00,10.49,435.8,66290
2026-03-20 06:25:00+00:00,8.57,460.6,102333
2026-03-20 06:26:00+00:00,7.77,440.4,77804
2026-03-20 06:27:00+00:00,8.11,421.7,34218
2026-03-20 06:28:00+00:00,5.37,440.2,58649
2026-03-20 06:29:00+00:00,7.15,445.4,94442
2026-03-20 06:30:00+00:00,7.41,430.4,41197
2026-03-20 06:31:00+00:00,8.17,409.4,28831
2026-03-20 06:32:00+00:00,11.58,456.3,110067
2026-03-20 06:33:00+00:00,12.88,452.2,105647
2026-03-20 06:34:00+00:00,12.93,452.1,105494
2026-03-20 06:35:00+00:00,15.42,454.7,115581
2026-03-20 06:36:00+00:00,9.59,440.4,63653
2026-03-20 06:37:00+00:00,7.27,434.4,42114
2026-03-20 06:38:00+00:00,5.96,415.7,29941
2026-03-20 06:39:00+00:00,8.83,423.9,52910
2026-03-20 06:40:00+00:00,12.90,446.0,103018
2026-03-20 06:41:00+00:00,11.18,436.2,83239
2026-03-20 06:42:00+00:00,6.44,425.7,36668
2026-03-20 06:43:00+00:00,4.93,444.6,56656
2026-03-20 06:44:00+00:00,4.17,438.4,39752
2026-03-20 06:45:00+00:00,4.21,435.8,41185
2026-03-20 06:46:00+00:00,3.38,415.6,21310
2026-03-20 06:47:00+00:00,5.85,451.0,51299
2026-03-20 06:48:00+00:00,6.11,437.4,36970
2026-03-20 06:49:00+00:00,5.20,417.7,18508
2026-03-20 06:50:00+00:00,7.42,452.3,89976
2026-03-20 06:51:00+00:00,7.12,443.8,56537
2026-03-20 06:52:00+00:00,6.73,438.0,39834
2026-03-20 06:53:00+00:00,6.03,422.3,25231
2026-03-20 06:54:00+00:00,9.36,429.8,84778
2026-03-20 06:55:00+00:00,9.66,426.3,78261
2026-03-20 06:56:00+00:00,9.18,420.0,51262
2026-03-20 06:57:00+00:00,10.21,427.9,65403
2026-03-20 06:58:00+00:00,9.90,434.2,78827
2026-03-20 06:59:00+00:00,8.14,431.3,75793
2026-03-20 07:00:00+00:00,6.03,421.4,47550
2026-03-20 07:01:00+00:00,6.69,405.8,34463
2026-03-20 07:03:00+00:00,10.72,429.9,66188
2026-03-20 07:04:00+00:00,11.30,432.8,59341
2026-03-20 07:05:00+00:00,10.95,438.3,61710
2026-03-20 07:06:00+00:00,11.83,441.4,70783
2026-03-20 07:07:00+00:00,11.93,441.7,71782
2026-03-20 07:08:00+00:00,11.48,432.1,58378
2026-03-20 07:09:00+00:00,12.54,438.7,79974
2026-03-20 07:10:00+00:00,13.57,438.0,88549
2026-03-20 07:11:00+00:00,10.61,428.6,57904
2026-03-20 07:12:00+00:00,6.43,423.2,49495
2026-03-20 07:13:00+00:00,5.25,430.4,73139
2026-03-20 07:14:00+00:00,6.22,440.8,82182
2026-03-20 07:15:00+00:00,6.97,441.0,79087
2026-03-20 07:16:00+00:00,7.45,438.9,95462
2026-03-20 07:17:00+00:00,7.92,444.8,133820
2026-03-20 07:18:00+00:00,7.96,440.6,106176
2026-03-20 07:19:00+00:00,5.87,417.4,58739
2026-03-20 07:20:00+00:00,7.35,428.9,95785
2026-03-20 07:21:00+00:00,7.82,439.2,122428
2026-03-20 07:22:00+00:00,8.99,438.5,122136
2026-03-20 07:23:00+00:00,5.52,407.8,49703
2026-03-20 07:24:00+00:00,6.07,423.7,73577
2026-03-20 07:25:00+00:00,7.96,437.3,132780
2026-03-20 07:26:00+00:00,6.83,421.3,81594
2026-03-20 07:27:00+00:00,6.70,419.0,50938
2026-03-20 07:28:00+00:00,8.39,435.1,93240
2026-03-20 07:29:00+00:00,8.97,440.1,105782
2026-03-20 07:30:00+00:00,7.14,423.8,59502
2026-03-20 07:31:00+00:00,5.87,416.0,49257
2026-03-20 07:32:00+00:00,8.34,438.6,96784
2026-03-20 07:33:00+00:00,9.33,436.8,93097
2026-03-20 07:34:00+00:00,9.29,431.5,94639
2026-03-20 07:35:00+00:00,4.76,401.3,30860
2026-03-20 07:36:00+00:00,10.46,423.8,83400
2026-03-20 07:37:00+00:00,11.43,435.0,99023
2026-03-20 07:38:00+00:00,6.58,399.8,33212
2026-03-20 07:39:00+00:00,7.86,441.4,106446
2026-03-20 07:40:00+00:00,8.22,450.5,122567
2026-03-20 07:41:00+00:00,11.76,455.7,171060
2026-03-20 07:42:00+00:00,6.38,425.1,81905
2026-03-20 07:43:00+00:00,7.62,428.8,74838
2026-03-20 07:44:00+00:00,11.12,441.9,108217
2026-03-20 07:45:00+00:00,9.00,422.4,73263
2026-03-20 07:46:00+00:00,8.26,424.1,50832
2026-03-20 07:47:00+00:00,12.56,456.7,87163
2026-03-20 07:48:00+00:00,13.68,440.7,82745
2026-03-20 07:49:00+00:00,15.29,437.3,78755
2026-03-20 07:50:00+00:00,19.51,415.6,46644
2026-03-20 07:51:00+00:00,19.68,468.1,83962
2026-03-20 07:52:00+00:00,18.52,446.0,62597
2026-03-20 07:53:00+00:00,18.53,432.7,47861
2026-03-20 07:54:00+00:00,17.30,466.3,114878
2026-03-20 07:55:00+00:00,16.69,454.3,86137
2026-03-20 07:56:00+00:00,13.20,447.3,67104
2026-03-20 07:57:00+00:00,10.68,420.3,35336
2026-03-20 07:58:00+00:00,12.10,442.6,61611
2026-03-20 07:59:00+00:00,13.37,461.4,83655
2026-03-20 08:00:00+00:00,12.95,455.3,74509
2026-03-20 08:01:00+00:00,13.38,449.7,72376
2026-03-20 08:03:00+00:00,21.23,457.0,80560
2026-03-20 08:04:00+00:00,16.02,443.6,52184
2026-03-20 08:05:00+00:00,11.39,426.6,33461
2026-03-20 08:06:00+00:00,19.95,460.1,94393
2026-03-20 08:07:00+00:00,23.74,455.3,105375
2026-03-20 08:08:00+00:00,22.56,443.6,57967
2026-03-20 08:09:00+00:00,23.17,446.0,76639
2026-03-20 08:10:00+00:00,25.64,452.2,91681
2026-03-20 08:11:00+00:00,22.53,450.4,72394
2026-03-20 08:12:00+00:00,17.06,444.7,56442
2026-03-20 08:13:00+00:00,15.60,443.1,52859
2026-03-20 08:14:00+00:00,22.84,475.1,236409
2026-03-20 08:15:00+00:00,20.98,456.2,137114
2026-03-20 08:16:00+00:00,19.82,443.2,69232
2026-03-20 08:17:00+00:00,22.55,445.5,81751
2026-03-20 08:18:00+00:00,24.26,445.5,80572
2026-03-20 08:19:00+00:00,21.51,441.7,67048
2026-03-20 08:20:00+00:00,21.14,441.0,69980
2026-03-20 08:21:00+00:00,21.70,451.1,90019
2026-03-20 08:22:00+00:00,24.80,449.9,85482
2026-03-20 08:23:00+00:00,20.19,440.3,56039
2026-03-20 08:24:00+00:00,19.73,442.7,66585
2026-03-20 08:25:00+00:00,21.97,458.6,134253
2026-03-20 08:26:00+00:00,19.67,441.0,64919
2026-03-20 08:27:00+00:00,18.56,408.8,34068
2026-03-20 08:28:00+00:00,18.17,434.5,50620
2026-03-20 08:29:00+00:00,19.15,456.6,107191
2026-03-20 08:30:00+00:00,19.96,451.4,100665
2026-03-20 08:31:00+00:00,8.23,417.1,34410
2026-03-20 08:32:00+00:00,16.49,435.7,64388
2026-03-20 08:33:00+00:00,17.47,450.6,88479
2026-03-20 08:34:00+00:00,15.65,432.0,66244
2026-03-20 08:35:00+00:00,14.98,417.6,45493
2026-03-20 08:36:00+00:00,16.07,442.0,62809
2026-03-20 08:37:00+00:00,17.93,449.4,86874
2026-03-20 08:38:00+00:00,17.71,446.0,83470
2026-03-20 08:39:00+00:00,10.55,416.6,28113
2026-03-20 08:40:00+00:00,14.19,440.6,65172
2026-03-20 08:41:00+00:00,16.25,449.8,92753
2026-03-20 08:42:00+00:00,11.91,412.6,42195
2026-03-20 08:43:00+00:00,13.90,449.6,121551
2026-03-20 08:44:00+00:00,13.57,443.1,91284
2026-03-20 08:45:00+00:00,15.21,444.9,93807
2026-03-20 08:46:00+00:00,16.02,447.6,101055
2026-03-20 08:47:00+00:00,9.52,387.1,18934
2026-03-20 08:48:00+00:00,10.34,412.6,47038
2026-03-20 08:49:00+00:00,11.42,431.4,70008
2026-03-20 08:50:00+00:00,11.36,434.0,78995
2026-03-20 08:51:00+00:00,10.76,449.6,98918
2026-03-20 08:52:00+00:00,11.01,441.3,84647
2026-03-20 08:53:00+00:00,10.99,440.5,86913
2026-03-20 08:54:00+00:00,11.58,422.7,61974
2026-03-20 08:55:00+00:00,13.41,447.7,106418
2026-03-20 08:56:00+00:00,11.41,439.4,79212
2026-03-20 08:57:00+00:00,10.19,412.0,41877
2026-03-20 08:58:00+00:00,11.53,449.6,88535
2026-03-20 08:59:00+00:00,7.54,440.2,73445
2026-03-20 09:00:00+00:00,7.65,444.2,73285
2026-03-20 09:01:00+00:00,6.92,433.2,60789
2026-03-20 09:02:00+00:00,8.77,445.2,72717
2026-03-20 09:03:00+00:00,9.96,449.2,75850
2026-03-20 09:04:00+00:00,9.56,429.5,54708
2026-03-20 09:05:00+00:00,10.00,431.9,76099
2026-03-20 09:06:00+00:00,13.27,454.1,121986
2026-03-20 09:07:00+00:00,16.14,449.3,103856
2026-03-20 09:08:00+00:00,12.83,434.1,61421
2026-03-20 09:09:00+00:00,9.70,417.5,35674
2026-03-20 09:10:00+00:00,9.49,460.3,97087
2026-03-20 09:11:00+00:00,11.94,454.6,78031
2026-03-20 09:12:00+00:00,12.49,443.3,53353
2026-03-20 09:13:00+00:00,14.36,460.5,111827
2026-03-20 09:14:00+00:00,20.32,451.9,85209
2026-03-20 09:15:00+00:00,18.78,444.2,60292
2026-03-20 09:16:00+00:00,17.34,441.5,55614
2026-03-20 09:17:00+00:00,17.28,451.5,62856
2026-03-20 09:18:00+00:00,17.48,457.0,77729
2026-03-20 09:19:00+00:00,17.54,457.6,84518
2026-03-20 09:20:00+00:00,20.42,452.9,47496
2026-03-20 09:21:00+00:00,21.45,454.4,48781
2026-03-20 09:22:00+00:00,23.15,458.0,50725
2026-03-20 09:23:00+00:00,24.00,460.5,50367
2026-03-20 09:24:00+00:00,25.36,464.1,62040
2026-03-20 09:25:00+00:00,28.08,476.4,99628
2026-03-20 09:26:00+00:00,27.29,464.2,60009
2026-03-20 09:27:00+00:00,9.58,430.3,20480
2026-03-20 09:28:00+00:00,24.66,464.8,78369
2026-03-20 09:29:00+00:00,26.85,474.7,117221
2026-03-20 09:30:00+00:00,23.57,468.8,83745
2026-03-20 09:31:00+00:00,19.94,435.1,42287
2026-03-20 09:32:00+00:00,22.64,467.5,82057
2026-03-20 09:33:00+00:00,23.05,476.5,109868
2026-03-20 09:34:00+00:00,20.46,445.9,68564
2026-03-20 09:35:00+00:00,22.19,449.8,58530
2026-03-20 09:36:00+00:00,25.11,472.8,83814
2026-03-20 09:37:00+00:00,24.52,476.9,107458
2026-03-20 09:38:00+00:00,21.80,457.6,87235
2026-03-20 09:39:00+00:00,19.74,440.4,39115
2026-03-20 09:40:00+00:00,20.40,462.2,71474
2026-03-20 09:41:00+00:00,21.89,460.0,72010
2026-03-20 09:42:00+00:00,16.38,448.0,33209
2026-03-20 09:43:00+00:00,12.08,459.1,53000
2026-03-20 09:44:00+00:00,13.00,464.8,58816
2026-03-20 09:45:00+00:00,13.18,459.7,56225
2026-03-20 09:46:00+00:00,12.83,423.2,32997
2026-03-20 09:47:00+00:00,13.68,464.6,70928
2026-03-20 09:48:00+00:00,11.39,457.2,75207
2026-03-20 09:49:00+00:00,10.45,436.4,54325
2026-03-20 09:50:00+00:00,12.90,455.8,70075
2026-03-20 09:51:00+00:00,13.02,470.6,85769
2026-03-20 09:52:00+00:00,11.99,470.3,87057
2026-03-20 09:53:00+00:00,7.52,450.6,47280
2026-03-20 09:54:00+00:00,7.64,453.1,84672
2026-03-20 09:55:00+00:00,8.49,454.8,124974
2026-03-20 09:56:00+00:00,9.36,440.7,58405
2026-03-20 09:57:00+00:00,7.38,423.2,42641
2026-03-20 09:58:00+00:00,8.26,471.1,123413
2026-03-20 10:02:00+00:00,9.62,450.4,55686
2026-03-20 10:03:00+00:00,6.58,458.8,58203
2026-03-20 10:04:00+00:00,3.68,444.8,38493
2026-03-20 10:05:00+00:00,3.64,447.8,85681
2026-03-20 10:06:00+00:00,2.95,450.2,51005
2026-03-20 10:07:00+00:00,2.69,447.5,20178
2026-03-20 10:08:00+00:00,1.74,435.1,16478
2026-03-20 10:09:00+00:00,3.03,436.9,15777
2026-03-20 10:10:00+00:00,4.88,450.3,21096
2026-03-20 10:11:00+00:00,2.85,443.5,16468
2026-03-20 10:12:00+00:00,4.56,441.0,12222
2026-03-20 10:13:00+00:00,8.27,443.5,18080
2026-03-20 10:14:00+00:00,14.24,430.7,12307
2026-03-20 10:15:00+00:00,14.59,435.4,17059
2026-03-20 10:16:00+00:00,14.31,435.1,11948
2026-03-20 10:17:00+00:00,14.19,449.5,16077
2026-03-20 10:18:00+00:00,14.63,455.5,44914
2026-03-20 10:19:00+00:00,10.50,449.1,21346
2026-03-20 10:20:00+00:00,9.20,444.3,13615
2026-03-20 10:21:00+00:00,7.22,442.7,11320
2026-03-20 10:22:00+00:00,10.92,448.7,24633
2026-03-20 10:23:00+00:00,10.85,448.4,21949
2026-03-20 10:24:00+00:00,9.14,443.7,13540
2026-03-20 10:25:00+00:00,9.47,442.0,13376
2026-03-20 10:26:00+00:00,12.92,446.7,20808
2026-03-20 10:27:00+00:00,12.62,445.9,18720
2026-03-20 10:28:00+00:00,12.22,444.7,14776
2026-03-20 10:29:00+00:00,13.65,447.5,18470
2026-03-20 10:30:00+00:00,14.65,449.2,21691
2026-03-20 10:32:00+00:00,16.21,461.0,46930
2026-03-20 10:33:00+00:00,17.25,453.9,32297
2026-03-20 10:34:00+00:00,16.43,450.4,20328
2026-03-20 10:35:00+00:00,6.79,442.3,19055
2026-03-20 10:36:00+00:00,7.93,446.7,12687
2026-03-20 10:37:00+00:00,9.67,456.2,24732
2026-03-20 10:38:00+00:00,4.04,442.1,17331
2026-03-20 10:39:00+00:00,4.57,443.9,20320
2026-03-20 10:40:00+00:00,9.07,451.7,24067
2026-03-20 10:41:00+00:00,9.85,448.3,19987
2026-03-20 10:42:00+00:00,6.86,440.7,20014
2026-03-20 10:43:00+00:00,4.99,437.5,20415
2026-03-20 10:44:00+00:00,9.73,453.8,26382
2026-03-20 10:45:00+00:00,9.69,462.9,45989
2026-03-20 10:46:00+00:00,1.88,431.5,31038
2026-03-20 10:47:00+00:00,11.25,458.7,30672
2026-03-20 10:48:00+00:00,14.78,450.0,20059
2026-03-20 10:49:00+00:00,15.66,454.3,19970
2026-03-20 10:50:00+00:00,5.30,433.7,19967
2026-03-20 10:51:00+00:00,10.99,452.8,17385
2026-03-20 10:52:00+00:00,7.78,452.4,16568
2026-03-20 10:53:00+00:00,3.38,440.8,16320
2026-03-20 10:54:00+00:00,7.96,448.9,41042
2026-03-20 10:55:00+00:00,11.96,459.2,32859
2026-03-20 10:56:00+00:00,10.72,457.8,22968
2026-03-20 10:57:00+00:00,5.92,439.0,19334
2026-03-20 10:58:00+00:00,1.85,419.4,
2026-03-20 10:59:00+00:00,5.46,446.4,29713
2026-03-20 11:00:00+00:00,4.84,442.9,26094
2026-03-20 11:01:00+00:00,2.63,439.6,23262
2026-03-20 11:02:00+00:00,1.99,476.3,63195
2026-03-20 11:03:00+00:00,2.66,445.4,15441
2026-03-20 11:04:00+00:00,0.10,437.0,30649
2026-03-20 11:05:00+00:00,0.06,436.8,36966
2026-03-20 11:06:00+00:00,0.08,452.2,43775
2026-03-20 11:07:00+00:00,0.07,444.1,42610
2026-03-20 11:08:00+00:00,0.05,437.5,38869
2026-03-20 11:09:00+00:00,0.47,452.6,52654
2026-03-20 11:10:00+00:00,0.41,449.2,40591
2026-03-20 11:11:00+00:00,0.52,451.7,42007
2026-03-20 11:12:00+00:00,0.58,454.1,44603
2026-03-20 11:13:00+00:00,0.43,449.1,34858
2026-03-20 11:14:00+00:00,0.43,449.9,34069
2026-03-20 11:15:00+00:00,0.47,452.3,37697
2026-03-20 11:16:00+00:00,0.46,453.5,37803
2026-03-20 11:17:00+00:00,0.47,459.9,49654
2026-03-20 11:18:00+00:00,0.34,450.4,33124
2026-03-20 11:19:00+00:00,0.59,466.7,65431
2026-03-20 11:20:00+00:00,0.39,451.2,30268
2026-03-20 11:21:00+00:00,0.46,452.6,38555
2026-03-20 11:22:00+00:00,0.50,461.2,22211
2026-03-20 11:23:00+00:00,0.43,437.4,18374
2026-03-20 11:24:00+00:00,0.46,446.0,28993
2026-03-20 11:25:00+00:00,0.34,445.4,26086
2026-03-20 11:26:00+00:00,0.59,456.8,46087
2026-03-20 11:27:00+00:00,0.52,453.5,39006
2026-03-20 11:28:00+00:00,0.26,439.3,27690
2026-03-20 11:29:00+00:00,0.60,437.9,44741
2026-03-20 11:30:00+00:00,1.48,438.0,46585
2026-03-20 11:31:00+00:00,2.08,428.3,20612
2026-03-20 11:32:00+00:00,3.41,464.8,110467
2026-03-20 11:33:00+00:00,3.71,464.5,98924
2026-03-20 11:34:00+00:00,4.76,459.9,38203
2026-03-20 11:35:00+00:00,1.04,431.8,11740
2026-03-20 11:36:00+00:00,3.73,462.0,29177
2026-03-20 11:37:00+00:00,3.95,464.9,45059
2026-03-20 11:38:00+00:00,1.99,436.5,20542
2026-03-20 11:39:00+00:00,2.43,476.6,55593
2026-03-20 11:40:00+00:00,3.15,469.5,34818
2026-03-20 11:41:00+00:00,2.87,463.8,23956
2026-03-20 11:42:00+00:00,3.47,469.6,26849
2026-03-20 11:43:00+00:00,4.91,480.4,46232
2026-03-20 11:44:00+00:00,4.52,478.8,49990
2026-03-20 11:45:00+00:00,3.44,474.1,42468
2026-03-20 11:46:00+00:00,3.42,473.9,41233
2026-03-20 11:47:00+00:00,3.39,469.9,35907
2026-03-20 11:48:00+00:00,3.75,473.1,35185
2026-03-20 11:49:00+00:00,3.92,471.6,26289
2026-03-20 11:50:00+00:00,3.73,465.9,30052
2026-03-20 11:51:00+00:00,1.79,458.9,28037
2026-03-20 11:52:00+00:00,3.32,467.2,26051
2026-03-20 11:53:00+00:00,3.66,460.1,23616
2026-03-20 11:54:00+00:00,1.83,466.3,46907
2026-03-20 11:55:00+00:00,0.72,449.4,21483
2026-03-20 11:56:00+00:00,0.88,449.4,18730
2026-03-20 11:57:00+00:00,0.48,440.8,17737
2026-03-20 11:58:00+00:00,1.26,469.7,42315
2026-03-20 11:59:00+00:00,1.21,456.8,25189
2026-03-20 12:00:00+00:00,0.83,450.4,19103
2026-03-20 12:01:00+00:00,1.24,456.2,27459
2026-03-20 12:02:00+00:00,1.14,453.2,24235
2026-03-20 12:03:00+00:00,0.58,444.6,16847
2026-03-20 12:04:00+00:00,0.77,447.9,19698
2026-03-20 12:05:00+00:00,0.93,457.5,24623
2026-03-20 12:06:00+00:00,0.92,457.0,24141
2026-03-20 12:07:00+00:00,0.87,452.8,19947
2026-03-20 12:08:00+00:00,0.81,456.2,24072
2026-03-20 12:09:00+00:00,1.23,464.7,32570
2026-03-20 12:10:00+00:00,0.47,464.5,27719
2026-03-20 12:11:00+00:00,0.42,450.6,22130
2026-03-20 12:12:00+00:00,0.44,454.9,38910
2026-03-20 12:13:00+00:00,0.44,455.0,35235
2026-03-20 12:14:00+00:00,0.52,455.6,41967
2026-03-20 12:15:00+00:00,0.83,452.1,30832
2026-03-20 12:16:00+00:00,1.10,453.5,19129
2026-03-20 12:17:00+00:00,1.19,456.1,18756
2026-03-20 12:18:00+00:00,1.13,452.9,16805
2026-03-20 12:19:00+00:00,1.23,453.2,17638
2026-03-20 12:20:00+00:00,1.75,458.5,22041
2026-03-20 12:21:00+00:00,1.84,466.5,34976
2026-03-20 12:22:00+00:00,1.67,455.4,24324
2026-03-20 12:23:00+00:00,1.41,446.5,19858
2026-03-20 12:24:00+00:00,2.72,458.2,33755
2026-03-20 12:25:00+00:00,2.93,438.3,14645
2026-03-20 12:26:00+00:00,0.66,437.0,11455
2026-03-20 12:27:00+00:00,2.19,464.1,32881
2026-03-20 12:28:00+00:00,2.69,459.9,24535
2026-03-20 12:29:00+00:00,1.84,454.8,23482
2026-03-20 12:30:00+00:00,1.47,459.5,27539
2026-03-20 12:31:00+00:00,1.97,466.1,45766
2026-03-20 12:32:00+00:00,2.48,461.5,39934
2026-03-20 12:33:00+00:00,2.83,458.3,27274
2026-03-20 12:34:00+00:00,2.88,457.1,28375
2026-03-20 12:35:00+00:00,2.28,451.5,23803
2026-03-20 12:36:00+00:00,2.00,461.9,34118
2026-03-20 12:37:00+00:00,2.47,459.7,20749
2026-03-20 12:38:00+00:00,2.10,474.7,44888
2026-03-20 12:39:00+00:00,2.09,474.2,44383
2026-03-20 12:40:00+00:00,1.76,460.6,29756
2026-03-20 12:41:00+00:00,1.69,451.3,39366
2026-03-20 12:42:00+00:00,1.61,466.2,44217
2026-03-20 12:43:00+00:00,1.72,458.6,42646
2026-03-20 12:44:00+00:00,2.24,459.1,44281
2026-03-20 12:45:00+00:00,2.32,456.3,44811
2026-03-20 12:46:00+00:00,2.63,453.7,61624
2026-03-20 12:47:00+00:00,3.80,447.3,43998
2026-03-20 12:48:00+00:00,3.29,445.4,25293
2026-03-20 12:49:00+00:00,2.01,441.7,25445
2026-03-20 12:50:00+00:00,1.94,440.5,34722
2026-03-20 12:51:00+00:00,1.99,442.9,57764
2026-03-20 12:52:00+00:00,1.84,420.3,53169
2026-03-20 12:53:00+00:00,0.57,431.8,30779
2026-03-20 12:54:00+00:00,0.65,500.1,82017
2026-03-20 12:55:00+00:00,1.26,501.0,76459
2026-03-20 12:56:00+00:00,0.09,476.0,120547
2026-03-20 12:57:00+00:00,1.14,468.1,61438
2026-03-20 12:58:00+00:00,0.61,459.5,49094
2026-03-20 12:59:00+00:00,0.89,465.7,35867
2026-03-20 13:00:00+00:00,0.29,464.7,86285
2026-03-20 13:01:00+00:00,0.59,463.9,68903
2026-03-20 13:02:00+00:00,0.61,480.3,50679
2026-03-20 13:03:00+00:00,0.59,464.4,35050
2026-03-20 13:04:00+00:00,0.43,461.9,35074
2026-03-20 13:05:00+00:00,0.75,472.3,57076
2026-03-20 13:06:00+00:00,0.83,469.9,62103
2026-03-20 13:07:00+00:00,0.65,464.3,43807
2026-03-20 13:08:00+00:00,0.74,462.9,33221
2026-03-20 13:09:00+00:00,0.74,458.6,32948
2026-03-20 13:10:00+00:00,1.24,470.1,39457
2026-03-20 13:13:00+00:00,1.75,468.3,34748
2026-03-20 13:14:00+00:00,4.69,465.2,26173
2026-03-20 13:15:00+00:00,5.08,463.6,27574
2026-03-20 13:16:00+00:00,6.03,462.1,30450
2026-03-20 13:17:00+00:00,3.74,451.5,18455
2026-03-20 13:18:00+00:00,4.01,452.4,24766
2026-03-20 13:19:00+00:00,2.69,439.3,19491
2026-03-20 13:20:00+00:00,2.51,448.0,39865
2026-03-20 13:21:00+00:00,3.65,463.6,50464
2026-03-20 13:22:00+00:00,3.83,458.9,29751
2026-03-20 13:23:00+00:00,3.39,465.1,61284
2026-03-20 13:24:00+00:00,0.07,470.1,105666
2026-03-20 13:25:00+00:00,0.11,470.5,61852
2026-03-20 13:26:00+00:00,0.03,458.0,47931
2026-03-20 13:27:00+00:00,0.04,461.6,54212
2026-03-20 13:28:00+00:00,0.05,474.1,59450
2026-03-20 13:29:00+00:00,0.05,472.4,110534
2026-03-20 13:30:00+00:00,0.04,465.4,54277
2026-03-20 13:31:00+00:00,0.02,450.9,34857
2026-03-20 13:32:00+00:00,0.04,479.9,68023
2026-03-20 13:33:00+00:00,0.10,492.2,123156
2026-03-20 13:34:00+00:00,0.07,491.2,122442
2026-03-20 13:35:00+00:00,0.14,502.4,140461
2026-03-20 13:36:00+00:00,0.17,504.4,125578
2026-03-20 13:37:00+00:00,0.20,510.0,97015
2026-03-20 13:38:00+00:00,0.25,517.2,99856
2026-03-20 13:39:00+00:00,0.33,506.7,83970
2026-03-20 13:40:00+00:00,0.61,521.2,87162
2026-03-20 13:41:00+00:00,0.33,486.8,78845
2026-03-20 13:42:00+00:00,0.40,495.0,127771
2026-03-20 13:43:00+00:00,0.61,493.8,112059
2026-03-20 13:45:00+00:00,3.93,472.3,41564
2026-03-20 13:46:00+00:00,0.56,465.1,28723
2026-03-20 13:47:00+00:00,0.51,502.6,92875
2026-03-20 13:48:00+00:00,0.47,496.3,86234
2026-03-20 13:49:00+00:00,0.67,498.4,121875
2026-03-20 13:50:00+00:00,0.77,501.0,139727
2026-03-20 13:51:00+00:00,0.35,487.8,42230
2026-03-20 13:52:00+00:00,0.36,484.7,53013
2026-03-20 13:53:00+00:00,0.38,483.3,65985
2026-03-20 13:54:00+00:00,0.45,487.0,78007
2026-03-20 13:55:00+00:00,0.50,489.2,92476
2026-03-20 13:56:00+00:00,0.38,489.2,92014
2026-03-20 13:57:00+00:00,0.32,489.8,101565
2026-03-20 13:58:00+00:00,0.27,486.9,102102
2026-03-20 13:59:00+00:00,0.24,475.1,76807
2026-03-20 14:00:00+00:00,0.21,485.1,88858
2026-03-20 14:01:00+00:00,0.13,471.4,70060
2026-03-20 14:03:00+00:00,0.15,472.6,63125
2026-03-20 14:04:00+00:00,0.14,475.5,74786
2026-03-20 14:05:00+00:00,0.16,483.5,84507
2026-03-20 14:06:00+00:00,0.14,475.3,63351
2026-03-20 14:07:00+00:00,0.08,472.3,69512
2026-03-20 14:08:00+00:00,0.08,470.9,65391
2026-03-20 14:09:00+00:00,0.13,466.0,43086
2026-03-20 14:10:00+00:00,0.15,470.9,56053
2026-03-20 14:11:00+00:00,0.18,481.2,86390
2026-03-20 14:12:00+00:00,0.17,480.9,92444
2026-03-20 14:13:00+00:00,0.13,479.0,98418
2026-03-20 14:14:00+00:00,0.17,476.2,79148
2026-03-20 14:18:00+00:00,0.11,483.4,99393
2026-03-20 14:19:00+00:00,0.16,478.7,95384
2026-03-20 14:20:00+00:00,0.15,470.4,68256
2026-03-20 14:21:00+00:00,0.17,462.2,45381
2026-03-20 14:22:00+00:00,0.36,459.6,27655
2026-03-20 14:23:00+00:00,0.44,461.2,24341
2026-03-20 14:24:00+00:00,0.60,460.7,22277
2026-03-20 14:25:00+00:00,0.60,457.5,17670
2026-03-20 14:26:00+00:00,0.28,466.5,54947
2026-03-20 14:27:00+00:00,0.12,483.9,114092
2026-03-20 14:28:00+00:00,0.14,477.5,91362
2026-03-20 14:29:00+00:00,0.12,468.6,57250
2026-03-20 14:30:00+00:00,0.17,467.7,54303
2026-03-20 14:33:00+00:00,0.40,469.5,58103
2026-03-20 14:34:00+00:00,0.27,470.0,53039
2026-03-20 14:35:00+00:00,0.17,464.5,57134
2026-03-20 14:36:00+00:00,0.49,459.8,42438
2026-03-20 14:37:00+00:00,1.67,462.9,31033
2026-03-20 14:38:00+00:00,2.69,462.3,31566
2026-03-20 14:39:00+00:00,3.50,460.6,34599
2026-03-20 14:40:00+00:00,3.95,461.0,38932
2026-03-20 14:41:00+00:00,3.99,461.6,38934
2026-03-20 14:42:00+00:00,3.92,461.4,36417
2026-03-20 14:43:00+00:00,3.69,461.4,40995
2026-03-20 14:44:00+00:00,3.28,460.6,43969
2026-03-20 14:45:00+00:00,3.45,458.4,45234
2026-03-20 14:46:00+00:00,4.46,461.6,41867
2026-03-20 14:47:00+00:00,4.53,464.9,49537
2026-03-20 14:48:00+00:00,5.03,462.3,44315
2026-03-20 14:51:00+00:00,5.51,464.0,52492
2026-03-20 14:52:00+00:00,4.74,463.3,54733
2026-03-20 14:53:00+00:00,6.31,465.6,54419
2026-03-20 14:54:00+00:00,6.99,466.6,54367
2026-03-20 14:55:00+00:00,6.58,466.9,54834
2026-03-20 14:56:00+00:00,6.52,466.4,53994
2026-03-20 14:57:00+00:00,5.85,466.8,55287
2026-03-20 14:58:00+00:00,4.47,467.7,58930
2026-03-20 14:59:00+00:00,3.79,467.4,61354
2026-03-20 15:00:00+00:00,3.03,468.2,66494
2026-03-20 15:01:00+00:00,4.04,466.7,69212
2026-03-20 15:02:00+00:00,2.85,469.6,57043
2026-03-20 15:03:00+00:00,2.82,469.5,56816
2026-03-20 15:04:00+00:00,2.04,466.8,50238
2026-03-20 15:05:00+00:00,2.56,465.7,30741
2026-03-20 15:06:00+00:00,3.17,469.4,21995
2026-03-20 15:07:00+00:00,0.84,461.2,26668
2026-03-20 15:08:00+00:00,2.29,470.1,20283
2026-03-20 15:09:00+00:00,3.18,466.3,19679
2026-03-20 15:10:00+00:00,3.16,463.2,22709
2026-03-20 15:11:00+00:00,1.60,462.8,19969
2026-03-20 15:12:00+00:00,0.93,466.6,21229
2026-03-20 15:13:00+00:00,1.88,468.7,21063
2026-03-20 15:14:00+00:00,2.26,465.6,15035
2026-03-20 15:15:00+00:00,1.87,464.4,13992
2026-03-20 15:16:00+00:00,2.14,464.8,12537
2026-03-20 15:17:00+00:00,2.19,467.8,14076
2026-03-20 15:18:00+00:00,1.28,465.7,11554
2026-03-20 15:19:00+00:00,1.16,468.1,14668
2026-03-20 15:20:00+00:00,1.72,467.3,21333
2026-03-20 15:21:00+00:00,1.41,478.3,12193
2026-03-20 15:24:00+00:00,1.28,477.8,14864
2026-03-20 15:25:00+00:00,2.67,467.5,13331
2026-03-20 15:26:00+00:00,3.21,462.2,12674
2026-03-20 15:27:00+00:00,3.08,464.0,11531
2026-03-20 15:28:00+00:00,3.56,465.2,11531
2026-03-20 15:29:00+00:00,4.07,466.5,
2026-03-20 15:30:00+00:00,4.16,467.7,
2026-03-20 15:31:00+00:00,4.20,466.7,
2026-03-20 15:32:00+00:00,4.50,466.1,
2026-03-20 15:33:00+00:00,5.22,465.2,
2026-03-20 15:34:00+00:00,3.89,469.8,10143
2026-03-20 15:35:00+00:00,3.28,467.8,10143
2026-03-20 15:36:00+00:00,5.28,471.7,
2026-03-20 15:37:00+00:00,4.47,470.5,10976
2026-03-20 15:38:00+00:00,5.33,471.4,10976
2026-03-20 15:39:00+00:00,4.50,469.5,10127
2026-03-20 15:40:00+00:00,4.35,471.1,10127
2026-03-20 15:41:00+00:00,4.25,469.1,
2026-03-20 15:42:00+00:00,4.04,471.2,
2026-03-20 15:43:00+00:00,3.69,471.1,10547
2026-03-20 15:44:00+00:00,3.62,471.1,10554
2026-03-20 15:45:00+00:00,3.84,472.6,12008
2026-03-20 15:46:00+00:00,4.24,473.3,13901
2026-03-20 15:47:00+00:00,4.46,473.4,13495
2026-03-20 15:48:00+00:00,3.98,471.9,13495
2026-03-20 15:49:00+00:00,4.02,472.4,11582
2026-03-20 15:50:00+00:00,3.91,470.3,11514
2026-03-20 15:51:00+00:00,4.81,472.5,10970
2026-03-20 15:52:00+00:00,4.36,471.6,12777
2026-03-20 15:53:00+00:00,5.29,474.5,
2026-03-20 15:54:00+00:00,4.84,470.9,11771
2026-03-20 15:57:00+00:00,5.34,467.9,10710
2026-03-20 15:58:00+00:00,5.47,468.8,10726
2026-03-20 16:02:00+00:00,5.35,469.6,12440
2026-03-20 16:03:00+00:00,5.41,469.1,11959
2026-03-20 16:04:00+00:00,5.33,467.7,11516
2026-03-20 16:05:00+00:00,4.72,466.5,13120
2026-03-20 16:06:00+00:00,5.34,464.8,10378
2026-03-20 16:07:00+00:00,5.05,464.6,13588
2026-03-20 16:08:00+00:00,5.83,462.6,10345
2026-03-20 16:09:00+00:00,4.86,466.2,13489
2026-03-20 16:10:00+00:00,6.22,465.7,12507
2026-03-20 16:11:00+00:00,5.62,469.8,14565
2026-03-20 16:12:00+00:00,6.33,466.9,13315
2026-03-20 16:13:00+00:00,5.30,467.4,13215
2026-03-20 16:14:00+00:00,3.97,470.0,15211
2026-03-20 16:15:00+00:00,3.99,472.8,14134
2026-03-20 16:16:00+00:00,4.41,472.8,13283
2026-03-20 16:17:00+00:00,4.67,471.7,13425
2026-03-20 16:18:00+00:00,4.84,470.2,12599
2026-03-20 16:19:00+00:00,5.53,467.7,12469
2026-03-20 16:20:00+00:00,7.52,467.8,12146
2026-03-20 16:21:00+00:00,7.62,465.0,11261
2026-03-20 16:22:00+00:00,6.24,467.6,11261
2026-03-20 16:23:00+00:00,5.89,463.9,
2026-03-20 16:24:00+00:00,6.00,469.1,10386
2026-03-20 16:25:00+00:00,6.41,466.0,
2026-03-20 16:26:00+00:00,3.39,471.2,11992
2026-03-20 16:27:00+00:00,6.35,468.4,12004
2026-03-20 16:30:00+00:00,9.99,469.0,14210
2026-03-20 16:31:00+00:00,10.15,468.9,14432
2026-03-20 16:32:00+00:00,10.92,468.1,13895
2026-03-20 16:33:00+00:00,9.44,469.3,12422
2026-03-20 16:34:00+00:00,8.28,470.1,10918
2026-03-20 16:35:00+00:00,9.54,470.1,11774
2026-03-20 16:36:00+00:00,9.14,472.3,12229
2026-03-20 16:37:00+00:00,8.44,468.4,12415
2026-03-20 16:38:00+00:00,8.78,473.7,11040
2026-03-20 16:39:00+00:00,7.26,471.1,13689
2026-03-20 16:40:00+00:00,9.02,472.9,10445
2026-03-20 16:41:00+00:00,9.08,472.6,15060
2026-03-20 16:42:00+00:00,11.56,473.9,13391
2026-03-20 16:43:00+00:00,11.34,473.2,15206
2026-03-20 16:44:00+00:00,10.00,473.8,12693
2026-03-20 16:45:00+00:00,7.55,474.3,13715
2026-03-20 16:46:00+00:00,5.96,472.9,12788
2026-03-20 16:47:00+00:00,6.05,472.1,13369
2026-03-20 16:48:00+00:00,6.60,473.2,13050
2026-03-20 16:49:00+00:00,6.76,474.2,11515
2026-03-20 16:51:00+00:00,8.25,474.5,16350
2026-03-20 16:52:00+00:00,7.65,472.5,17671
2026-03-20 16:53:00+00:00,5.41,467.7,10969
2026-03-20 16:54:00+00:00,2.90,459.2,40192
2026-03-20 16:55:00+00:00,12.45,482.6,39952
2026-03-20 16:56:00+00:00,8.66,472.9,32996
2026-03-20 16:57:00+00:00,2.55,460.8,
2026-03-20 16:58:00+00:00,6.20,466.0,11291
2026-03-20 16:59:00+00:00,5.86,469.7,13129
2026-03-20 17:00:00+00:00,8.01,475.2,26367
2026-03-20 17:01:00+00:00,2.68,507.4,486198
2026-03-20 17:02:00+00:00,0.34,519.5,666544
2026-03-20 17:03:00+00:00,18.73,500.9,142935
2026-03-20 17:04:00+00:00,12.27,483.9,76271
2026-03-20 17:05:00+00:00,7.05,470.1,14455
2026-03-20 17:06:00+00:00,6.10,468.0,15123
2026-03-20 17:07:00+00:00,4.95,466.5,25869
2026-03-20 17:08:00+00:00,7.18,468.8,25869
2026-03-20 17:09:00+00:00,1.82,445.9,18060
2026-03-20 17:10:00+00:00,6.29,486.1,21690
2026-03-20 17:11:00+00:00,8.03,482.8,49173
2026-03-20 17:12:00+00:00,1.36,461.0,
2026-03-20 17:13:00+00:00,5.45,472.7,20494
2026-03-20 17:14:00+00:00,6.38,478.4,25043
2026-03-20 17:15:00+00:00,3.52,474.7,22746
2026-03-20 17:16:00+00:00,6.09,473.4,15262
2026-03-20 17:17:00+00:00,7.66,488.2,36792
2026-03-20 17:18:00+00:00,9.66,485.6,32358
2026-03-20 17:19:00+00:00,7.73,474.1,18348
2026-03-20 17:20:00+00:00,6.64,471.4,13276
2026-03-20 17:21:00+00:00,6.87,471.0,12711
2026-03-20 17:22:00+00:00,7.69,472.5,18631
2026-03-20 17:23:00+00:00,7.07,468.6,24138
2026-03-20 17:24:00+00:00,2.07,455.5,24296
2026-03-20 17:25:00+00:00,8.78,489.8,60059
2026-03-20 17:26:00+00:00,12.20,489.8,78965
2026-03-20 17:27:00+00:00,7.60,471.1,15395
2026-03-20 17:28:00+00:00,10.09,471.4,19456
2026-03-20 17:29:00+00:00,5.35,466.8,13257
2026-03-20 17:30:00+00:00,6.96,468.4,16696
2026-03-20 17:31:00+00:00,2.37,455.1,17018
2026-03-20 17:32:00+00:00,9.77,475.8,47022
2026-03-20 17:33:00+00:00,10.02,477.9,34937
2026-03-20 17:34:00+00:00,6.62,466.9,30159
2026-03-20 17:35:00+00:00,5.21,461.9,
2026-03-20 17:38:00+00:00,4.60,462.1,18665
2026-03-20 17:39:00+00:00,3.48,457.4,30910
2026-03-20 17:40:00+00:00,10.67,479.4,30834
2026-03-20 17:41:00+00:00,13.77,475.0,27201
2026-03-20 17:42:00+00:00,7.09,467.1,11923
2026-03-20 17:43:00+00:00,8.21,465.0,11078
2026-03-20 17:44:00+00:00,8.29,468.2,11875
2026-03-20 17:45:00+00:00,14.04,478.1,29972
2026-03-20 17:46:00+00:00,3.77,445.6,30278
2026-03-20 17:47:00+00:00,9.90,479.3,25579
2026-03-20 17:48:00+00:00,8.87,473.2,16032
2026-03-20 17:49:00+00:00,9.62,470.5,16696
2026-03-20 17:50:00+00:00,5.39,459.4,18003
2026-03-20 17:51:00+00:00,6.22,464.2,18866
2026-03-20 17:52:00+00:00,7.78,470.3,16172
2026-03-20 17:53:00+00:00,5.65,463.9,13651
2026-03-20 17:54:00+00:00,6.87,466.3,25010
2026-03-20 17:55:00+00:00,13.00,478.0,26001
2026-03-20 17:56:00+00:00,15.80,473.1,25524
2026-03-20 17:57:00+00:00,12.31,467.2,17671
2026-03-20 17:58:00+00:00,4.60,456.5,
2026-03-20 17:59:00+00:00,7.76,459.1,
2026-03-20 18:00:00+00:00,13.82,485.0,48326
2026-03-20 18:01:00+00:00,4.47,461.2,
2026-03-20 18:02:00+00:00,9.96,463.4,
2026-03-20 18:03:00+00:00,15.03,480.9,44131
2026-03-20 18:04:00+00:00,10.05,466.7,21200
2026-03-20 18:05:00+00:00,6.49,460.7,14858
2026-03-20 18:06:00+00:00,6.32,465.6,17016
2026-03-20 18:07:00+00:00,6.91,470.1,21503
2026-03-20 18:08:00+00:00,7.19,471.2,24708
2026-03-20 18:09:00+00:00,7.93,460.9,
2026-03-20 18:10:00+00:00,8.04,463.6,13230
2026-03-20 18:11:00+00:00,8.36,467.4,13020
2026-03-20 18:12:00+00:00,8.48,465.3,12423
2026-03-20 18:13:00+00:00,7.69,462.5,11991
2026-03-20 18:14:00+00:00,6.64,464.4,17857
2026-03-20 18:15:00+00:00,6.88,472.7,17857
2026-03-20 18:16:00+00:00,0.98,456.2,
2026-03-20 18:17:00+00:00,10.35,478.2,26605
2026-03-20 18:18:00+00:00,11.56,476.9,29993
2026-03-20 18:19:00+00:00,8.30,469.4,13345
2026-03-20 18:20:00+00:00,4.16,460.2,10353
2026-03-20 18:21:00+00:00,10.66,471.3,22342
2026-03-20 18:22:00+00:00,10.45,471.4,19359
2026-03-20 18:23:00+00:00,3.82,456.1,14500
2026-03-20 18:24:00+00:00,5.60,457.2,12273
2026-03-20 18:25:00+00:00,12.07,471.8,18295
2026-03-20 18:26:00+00:00,12.20,473.7,21907
2026-03-20 18:27:00+00:00,6.62,458.7,16053
2026-03-20 18:28:00+00:00,9.70,465.0,10764
2026-03-20 18:29:00+00:00,9.71,466.3,14101
2026-03-20 18:30:00+00:00,8.70,468.9,28964
2026-03-20 18:31:00+00:00,1.40,448.1,
2026-03-20 18:32:00+00:00,13.65,476.9,31421
2026-03-20 18:33:00+00:00,12.59,470.4,20962
2026-03-20 18:34:00+00:00,10.49,471.7,21089
2026-03-20 18:35:00+00:00,2.51,450.6,21117
2026-03-20 18:36:00+00:00,7.00,463.3,16222
2026-03-20 18:37:00+00:00,13.07,477.7,38024
2026-03-20 18:38:00+00:00,7.08,466.2,22835
2026-03-20 18:39:00+00:00,7.21,464.1,16139
2026-03-20 18:40:00+00:00,10.42,470.0,19774
2026-03-20 18:41:00+00:00,10.56,471.5,19083
2026-03-20 18:44:00+00:00,11.54,469.5,21325
2026-03-20 18:45:00+00:00,9.21,465.3,19340
2026-03-20 18:46:00+00:00,6.11,459.6,19584
2026-03-20 18:47:00+00:00,11.44,467.6,19616
2026-03-20 18:48:00+00:00,11.71,469.2,20214
2026-03-20 18:49:00+00:00,10.77,467.1,19852
2026-03-20 18:50:00+00:00,1.24,442.7,19846
2026-03-20 18:51:00+00:00,11.69,475.3,54601
2026-03-20 18:52:00+00:00,10.23,469.8,25156
2026-03-20 18:53:00+00:00,9.73,463.9,17012
2026-03-20 18:54:00+00:00,8.82,464.5,13292
2026-03-20 18:55:00+00:00,8.71,463.6,11894
2026-03-20 18:56:00+00:00,13.02,471.8,30645
2026-03-20 18:57:00+00:00,9.26,462.7,34247
2026-03-20 18:58:00+00:00,5.00,456.7,29781
2026-03-20 18:59:00+00:00,13.38,479.9,45659
2026-03-20 19:00:00+00:00,11.48,468.7,32318
2026-03-20 19:01:00+00:00,5.01,456.7,29060
2026-03-20 19:02:00+00:00,16.16,474.4,27132
2026-03-20 19:03:00+00:00,8.69,465.6,12593
2026-03-20 19:04:00+00:00,10.91,465.4,13780
2026-03-20 19:05:00+00:00,0.82,445.5,
2026-03-20 19:06:00+00:00,13.93,476.3,46005
2026-03-20 19:07:00+00:00,10.83,469.8,24861
2026-03-20 19:08:00+00:00,12.46,466.0,18964
2026-03-20 19:09:00+00:00,13.42,469.6,21080
2026-03-20 19:10:00+00:00,11.38,465.6,17327
2026-03-20 19:11:00+00:00,11.07,466.6,19039
2026-03-20 19:12:00+00:00,7.71,447.2,22118
2026-03-20 19:13:00+00:00,5.67,455.7,36730
2026-03-20 19:14:00+00:00,7.71,491.6,36730
2026-03-20 19:17:00+00:00,9.44,474.1,30147
2026-03-20 19:18:00+00:00,7.69,470.7,20974
2026-03-20 19:19:00+00:00,7.82,472.4,35591
2026-03-20 19:20:00+00:00,0.41,445.0,12617
2026-03-20 19:21:00+00:00,9.25,472.9,32680
2026-03-20 19:22:00+00:00,5.54,463.3,15929
2026-03-20 19:23:00+00:00,8.15,465.5,19300
2026-03-20 19:24:00+00:00,9.47,470.2,29742
2026-03-20 19:25:00+00:00,7.15,463.6,32390
2026-03-20 19:26:00+00:00,6.72,466.8,25236
2026-03-20 19:27:00+00:00,3.00,452.7,21569
2026-03-20 19:28:00+00:00,5.14,460.9,40385
2026-03-20 19:29:00+00:00,8.75,474.3,49303
2026-03-20 19:30:00+00:00,6.13,462.3,35694
2026-03-20 19:31:00+00:00,5.26,457.2,14759
2026-03-20 19:33:00+00:00,5.69,459.1,11926
2026-03-20 19:34:00+00:00,5.95,460.1,12561
2026-03-20 19:35:00+00:00,0.59,443.7,17016
2026-03-20 19:36:00+00:00,6.88,462.6,10300
2026-03-20 19:37:00+00:00,9.90,473.9,20654
2026-03-20 19:38:00+00:00,8.02,469.9,22994
2026-03-20 19:39:00+00:00,3.70,461.2,23191
2026-03-20 19:40:00+00:00,5.81,464.4,12446
2026-03-20 19:41:00+00:00,3.02,458.2,12446
2026-03-20 19:42:00+00:00,3.44,452.6,
2026-03-20 19:43:00+00:00,5.04,466.6,26770
2026-03-20 19:44:00+00:00,6.09,469.6,26770
2026-03-20 19:45:00+00:00,5.44,461.2,11156
2026-03-20 19:46:00+00:00,4.15,460.8,17398
2026-03-20 19:47:00+00:00,4.50,461.9,27440
2026-03-20 19:48:00+00:00,0.60,450.8,48014
2026-03-20 19:49:00+00:00,0.52,443.0,44512
2026-03-20 19:50:00+00:00,0.52,415.3,37525
2026-03-20 19:51:00+00:00,3.18,467.5,100179
2026-03-20 19:52:00+00:00,3.47,444.7,51195
2026-03-20 19:53:00+00:00,2.86,445.7,30439
2026-03-20 19:54:00+00:00,11.80,498.0,62650
2026-03-20 19:55:00+00:00,10.75,501.3,114438
2026-03-20 19:56:00+00:00,10.22,488.5,68989
2026-03-20 19:57:00+00:00,8.54,455.0,29893
2026-03-20 19:58:00+00:00,12.79,477.8,50525
2026-03-20 19:59:00+00:00,14.10,482.2,80701
2026-03-20 20:00:00+00:00,17.26,481.0,85172
2026-03-20 20:01:00+00:00,14.80,466.7,51556
2026-03-20 20:02:00+00:00,11.44,465.2,41948
2026-03-20 20:03:00+00:00,14.69,481.5,62046
2026-03-20 20:04:00+00:00,12.53,468.6,53398
2026-03-20 20:05:00+00:00,8.83,446.3,30927
2026-03-20 20:06:00+00:00,13.23,489.8,75339
2026-03-20 20:07:00+00:00,14.70,488.8,98918
2026-03-20 20:08:00+00:00,12.68,473.1,52653
2026-03-20 20:09:00+00:00,8.57,446.7,21426
2026-03-20 20:10:00+00:00,15.19,483.4,77353
2026-03-20 20:11:00+00:00,16.94,478.4,65432
2026-03-20 20:12:00+00:00,16.69,455.8,39501
2026-03-20 20:13:00+00:00,18.79,477.8,59351
2026-03-20 20:14:00+00:00,21.28,486.9,78536
2026-03-20 20:15:00+00:00,21.91,481.9,66527
2026-03-20 20:16:00+00:00,19.16,461.4,37738
2026-03-20 20:17:00+00:00,19.37,470.1,53944
2026-03-20 20:18:00+00:00,22.54,497.4,81320
2026-03-20 20:19:00+00:00,23.64,479.2,57084
2026-03-20 20:20:00+00:00,26.12,451.8,45254
2026-03-20 20:21:00+00:00,41.66,566.5,452694
2026-03-20 20:22:00+00:00,38.88,557.7,405765
2026-03-20 20:23:00+00:00,17.87,491.1,49751
2026-03-20 20:24:00+00:00,18.05,491.3,36553
2026-03-20 20:25:00+00:00,29.74,526.1,94274
2026-03-20 20:26:00+00:00,29.37,517.1,93145
2026-03-20 20:27:00+00:00,25.30,478.0,67612
2026-03-20 20:28:00+00:00,26.76,521.0,71752
2026-03-20 20:29:00+00:00,26.10,528.0,81806
2026-03-20 20:30:00+00:00,27.19,500.5,70899
2026-03-20 20:31:00+00:00,29.53,477.3,59712
2026-03-20 20:32:00+00:00,28.48,484.2,64619
2026-03-20 20:33:00+00:00,26.52,507.5,76159
2026-03-20 20:34:00+00:00,24.60,515.8,79470
2026-03-20 20:35:00+00:00,22.69,515.7,82802
2026-03-20 20:36:00+00:00,25.69,523.1,90444
2026-03-20 20:37:00+00:00,24.60,495.6,66585
2026-03-20 20:38:00+00:00,24.77,493.3,64590
2026-03-20 20:39:00+00:00,22.48,476.9,59970
2026-03-20 20:40:00+00:00,21.84,506.6,77457
2026-03-20 20:41:00+00:00,21.54,526.8,90705
2026-03-20 20:42:00+00:00,25.22,490.6,64246
2026-03-20 20:43:00+00:00,18.10,518.2,87445
2026-03-20 20:44:00+00:00,14.06,502.7,81923
2026-03-20 20:45:00+00:00,13.58,508.8,103764
2026-03-20 20:46:00+00:00,11.89,472.4,66778
2026-03-20 20:47:00+00:00,11.72,492.5,68758
2026-03-20 20:48:00+00:00,11.95,518.4,97213
2026-03-20 20:49:00+00:00,9.16,494.5,94284
2026-03-20 20:50:00+00:00,8.82,492.8,88091
2026-03-20 20:51:00+00:00,12.92,527.7,84416
2026-03-20 20:52:00+00:00,12.36,523.3,48310
2026-03-20 20:53:00+00:00,11.88,517.6,44600
2026-03-20 20:54:00+00:00,19.18,518.7,96527
2026-03-20 20:55:00+00:00,18.62,519.4,94219
2026-03-20 20:56:00+00:00,7.92,531.9,50383
2026-03-20 20:57:00+00:00,12.80,523.0,85564
2026-03-20 20:58:00+00:00,9.85,507.7,41062
2026-03-20 20:59:00+00:00,12.95,515.3,57865
2026-03-20 21:00:00+00:00,16.42,525.7,32062
2026-03-20 21:01:00+00:00,2.12,479.6,17026
2026-03-20 21:02:00+00:00,6.89,518.1,62770
2026-03-20 21:03:00+00:00,9.28,532.5,70125
2026-03-20 21:04:00+00:00,7.60,518.8,41820
2026-03-20 21:05:00+00:00,10.79,506.2,51822
2026-03-20 21:06:00+00:00,11.80,487.9,69525
2026-03-20 21:07:00+00:00,10.83,481.6,66842
2026-03-20 21:08:00+00:00,24.22,499.2,85999
2026-03-20 21:09:00+00:00,19.36,467.2,39645
2026-03-20 21:10:00+00:00,24.21,524.7,88167
2026-03-20 21:11:00+00:00,20.21,490.4,54936
2026-03-20 21:12:00+00:00,26.58,477.7,36477
2026-03-20 21:13:00+00:00,31.61,485.0,52770
2026-03-20 21:14:00+00:00,31.46,499.1,60669
2026-03-20 21:15:00+00:00,30.77,507.4,76365
2026-03-20 21:16:00+00:00,30.90,501.2,59631
2026-03-20 21:17:00+00:00,33.78,477.8,50047
2026-03-20 21:18:00+00:00,33.00,511.7,72093
2026-03-20 21:19:00+00:00,28.25,516.2,92545
2026-03-20 21:20:00+00:00,23.46,497.1,88558
2026-03-20 21:21:00+00:00,21.80,499.1,87244
2026-03-20 21:22:00+00:00,28.01,515.1,117313
2026-03-20 21:23:00+00:00,34.06,501.9,117851
2026-03-20 21:24:00+00:00,28.38,470.3,65372
2026-03-20 21:25:00+00:00,33.59,525.3,132125
2026-03-20 21:26:00+00:00,37.89,507.9,179485
2026-03-20 21:27:00+00:00,57.21,,
2026-03-20 21:28:00+00:00,57.21,499.9,119500
2026-03-20 21:29:00+00:00,39.17,515.1,108921
2026-03-20 21:30:00+00:00,37.19,527.6,115236
2026-03-20 21:31:00+00:00,35.03,477.0,64345
2026-03-20 21:32:00+00:00,32.64,509.1,99634
2026-03-20 21:33:00+00:00,34.35,520.5,119339
2026-03-20 21:34:00+00:00,35.46,518.9,110835
2026-03-20 21:35:00+00:00,36.95,489.0,79146
2026-03-20 21:36:00+00:00,32.68,502.1,84302
2026-03-20 21:37:00+00:00,33.27,534.6,121164
2026-03-20 21:38:00+00:00,36.11,509.8,120833
2026-03-20 21:39:00+00:00,30.86,488.8,94808
2026-03-20 21:40:00+00:00,29.47,540.6,121059
2026-03-20 21:41:00+00:00,21.52,524.4,136870
2026-03-20 21:42:00+00:00,29.70,461.2,72355
2026-03-20 21:43:00+00:00,28.92,521.8,94425
2026-03-20 21:44:00+00:00,33.07,507.0,144261
2026-03-20 21:45:00+00:00,32.11,514.6,154000
2026-03-20 21:46:00+00:00,27.46,457.1,87490
2026-03-20 21:47:00+00:00,33.63,535.5,144095
2026-03-20 21:48:00+00:00,35.17,520.4,161579
2026-03-20 21:49:00+00:00,34.40,499.9,148247
2026-03-20 21:50:00+00:00,32.54,499.4,155301
2026-03-20 21:51:00+00:00,31.97,515.6,186486
2026-03-20 21:52:00+00:00,32.45,513.3,187481
2026-03-20 21:53:00+00:00,29.69,484.7,152899
2026-03-20 21:54:00+00:00,23.11,484.4,165397
2026-03-20 21:55:00+00:00,22.45,522.0,232947
2026-03-20 21:56:00+00:00,31.32,517.5,233616
2026-03-20 21:57:00+00:00,31.99,479.3,187826
2026-03-20 21:58:00+00:00,30.23,496.4,251910
2026-03-20 22:01:00+00:00,34.89,516.6,272657
2026-03-20 22:02:00+00:00,33.70,535.9,284129
2026-03-20 22:03:00+00:00,5.41,414.9,66389
2026-03-20 22:04:00+00:00,25.61,485.6,210525
2026-03-20 22:05:00+00:00,34.02,487.8,228175
2026-03-20 22:06:00+00:00,32.02,514.8,266555
2026-03-20 22:07:00+00:00,31.21,531.6,282609
2026-03-20 22:08:00+00:00,30.03,505.5,238539
2026-03-20 22:09:00+00:00,30.39,505.9,228097
2026-03-20 22:10:00+00:00,33.42,540.7,270102
2026-03-20 22:11:00+00:00,35.17,535.0,267675
2026-03-20 22:12:00+00:00,36.10,500.1,215514
2026-03-20 22:13:00+00:00,36.29,511.9,231903
2026-03-20 22:14:00+00:00,39.49,549.8,286369
2026-03-20 22:15:00+00:00,38.34,528.9,269229
2026-03-20 22:16:00+00:00,38.99,523.4,274569
2026-03-20 22:17:00+00:00,37.76,544.1,288202
2026-03-20 22:18:00+00:00,38.66,543.3,282966
2026-03-20 22:19:00+00:00,39.25,523.1,258507
2026-03-20 22:20:00+00:00,37.61,526.8,248180
2026-03-20 22:21:00+00:00,36.71,553.8,278508
2026-03-20 22:22:00+00:00,37.59,548.5,294615
2026-03-20 22:23:00+00:00,36.61,517.9,369584
2026-03-20 22:24:00+00:00,36.74,524.8,328201
2026-03-20 22:25:00+00:00,20.84,480.8,173498
2026-03-20 22:26:00+00:00,15.25,446.8,101748
2026-03-20 22:27:00+00:00,38.68,487.3,207768
2026-03-20 22:28:00+00:00,40.34,494.2,216009
2026-03-20 22:29:00+00:00,38.38,538.8,291396
2026-03-20 22:30:00+00:00,34.22,527.7,311507
2026-03-20 22:31:00+00:00,34.78,474.4,203873
2026-03-20 22:32:00+00:00,30.60,533.3,308740
2026-03-20 22:33:00+00:00,30.60,,
2026-03-20 22:34:00+00:00,0.79,402.6,30159
2026-03-20 22:35:00+00:00,26.30,469.1,207387
2026-03-20 22:36:00+00:00,33.17,502.4,226876
2026-03-20 22:37:00+00:00,33.55,531.1,268655
2026-03-20 22:38:00+00:00,30.61,492.5,200238
2026-03-20 22:39:00+00:00,30.02,489.2,184509
2026-03-20 22:40:00+00:00,29.23,505.6,234564
2026-03-20 22:41:00+00:00,15.70,460.7,158312
2026-03-20 22:42:00+00:00,12.76,422.7,70994
2026-03-20 22:43:00+00:00,33.40,473.7,164062
2026-03-20 22:44:00+00:00,37.49,521.2,236470
2026-03-20 22:45:00+00:00,39.37,511.3,241862
2026-03-20 22:46:00+00:00,34.33,505.0,221369
2026-03-20 22:47:00+00:00,33.95,508.1,239990
2026-03-20 22:48:00+00:00,0.90,406.8,29969
2026-03-20 22:49:00+00:00,35.24,501.1,250186
2026-03-20 22:50:00+00:00,33.80,459.0,183701
2026-03-20 22:51:00+00:00,33.02,526.7,292348
2026-03-20 22:52:00+00:00,29.77,515.7,274372
2026-03-20 22:53:00+00:00,29.66,495.3,235253
2026-03-20 22:54:00+00:00,30.93,498.8,233890
2026-03-20 22:55:00+00:00,32.98,517.3,257415
2026-03-20 22:56:00+00:00,33.87,515.5,246042
2026-03-20 22:57:00+00:00,33.78,507.5,247212
2026-03-20 22:58:00+00:00,32.93,507.5,240268
2026-03-20 22:59:00+00:00,31.47,507.6,229745
2026-03-20 23:00:00+00:00,31.71,507.3,229773
2026-03-20 23:01:00+00:00,33.49,506.4,225226
2026-03-20 23:02:00+00:00,35.01,506.5,222850
2026-03-20 23:03:00+00:00,33.50,508.0,219679
2026-03-20 23:04:00+00:00,36.48,502.9,215707
2026-03-20 23:05:00+00:00,36.63,502.6,208285
2026-03-20 23:06:00+00:00,36.63,502.6,208160
2026-03-20 23:07:00+00:00,35.12,499.9,174078
2026-03-20 23:08:00+00:00,40.77,499.8,177487
2026-03-20 23:09:00+00:00,35.91,497.8,174671
2026-03-20 23:10:00+00:00,37.01,501.9,169982
2026-03-20 23:11:00+00:00,32.84,504.4,163197
2026-03-20 23:12:00+00:00,26.79,502.8,154278
2026-03-20 23:13:00+00:00,23.79,499.2,147264
2026-03-20 23:14:00+00:00,20.59,496.6,151121
2026-03-20 23:15:00+00:00,17.08,496.2,162580
2026-03-20 23:16:00+00:00,15.94,497.5,165125
2026-03-20 23:17:00+00:00,20.74,502.6,163549
2026-03-20 23:18:00+00:00,22.45,500.2,158058
2026-03-20 23:19:00+00:00,15.55,498.1,162451
2026-03-20 23:20:00+00:00,12.98,501.1,199107
2026-03-20 23:21:00+00:00,23.17,496.8,237648
2026-03-20 23:22:00+00:00,20.26,495.9,253528
2026-03-20 23:23:00+00:00,20.52,496.2,246014
2026-03-20 23:24:00+00:00,19.74,496.4,256153
2026-03-20 23:25:00+00:00,20.37,492.3,228896
2026-03-20 23:26:00+00:00,13.69,505.4,264762
2026-03-20 23:27:00+00:00,5.90,512.0,300260
2026-03-20 23:28:00+00:00,2.73,518.2,271971
2026-03-20 23:29:00+00:00,2.66,522.7,251319
2026-03-20 23:30:00+00:00,3.00,526.2,288708
2026-03-20 23:31:00+00:00,1.90,535.4,249640
2026-03-20 23:32:00+00:00,1.92,532.7,237313
2026-03-20 23:33:00+00:00,2.06,524.5,201090
2026-03-20 23:34:00+00:00,2.29,523.8,203377
2026-03-20 23:35:00+00:00,2.01,523.8,195106
2026-03-20 23:36:00+00:00,2.63,506.5,193195
2026-03-20 23:37:00+00:00,6.93,485.4,145205
2026-03-20 23:38:00+00:00,10.03,478.6,154801
2026-03-20 23:39:00+00:00,10.31,478.0,155748
2026-03-20 23:40:00+00:00,5.78,492.5,165694
2026-03-20 23:41:00+00:00,5.98,498.4,165514
2026-03-20 23:42:00+00:00,2.71,496.2,215057
2026-03-20 23:43:00+00:00,1.45,495.4,186691
2026-03-20 23:44:00+00:00,3.71,504.6,143846
2026-03-20 23:45:00+00:00,8.24,515.2,138228
2026-03-20 23:46:00+00:00,10.64,517.1,140335
2026-03-20 23:47:00+00:00,12.19,513.9,135998
2026-03-20 23:48:00+00:00,17.00,514.6,113342
2026-03-20 23:49:00+00:00,10.15,513.5,134932
2026-03-20 23:50:00+00:00,6.48,499.6,176696
2026-03-20 23:51:00+00:00,5.62,493.6,166487
2026-03-20 23:52:00+00:00,9.60,506.7,182572
2026-03-20 23:53:00+00:00,6.32,532.6,151767
2026-03-20 23:54:00+00:00,8.50,526.2,222756
2026-03-20 23:55:00+00:00,5.77,499.7,161694
2026-03-20 23:56:00+00:00,8.96,514.1,165975
2026-03-20 23:57:00+00:00,9.26,513.9,173549
2026-03-20 23:58:00+00:00,8.18,506.9,163489
2026-03-20 23:59:00+00:00,7.09,507.2,161495
2026-03-21 00:00:00+00:00,4.20,517.7,191627
2026-03-21 00:01:00+00:00,2.03,531.9,192664
2026-03-21 00:02:00+00:00,1.87,525.4,187858
2026-03-21 00:03:00+00:00,1.67,512.3,217611
2026-03-21 00:04:00+00:00,2.15,532.3,203524
2026-03-21 00:05:00+00:00,2.51,519.6,205907
2026-03-21 00:06:00+00:00,5.96,495.4,133530
2026-03-21 00:07:00+00:00,7.54,493.5,184006
2026-03-21 00:08:00+00:00,10.56,493.2,290608
2026-03-21 00:09:00+00:00,11.18,487.8,215894
2026-03-21 00:10:00+00:00,10.37,499.1,277769
2026-03-21 00:11:00+00:00,5.49,508.7,398403
2026-03-21 00:12:00+00:00,4.64,510.2,418678
2026-03-21 00:13:00+00:00,4.21,526.7,526880
2026-03-21 00:14:00+00:00,4.17,528.1,484319
2026-03-21 00:15:00+00:00,4.09,536.9,576722
2026-03-21 00:16:00+00:00,4.04,531.1,594070
2026-03-21 00:17:00+00:00,3.93,518.0,620045
2026-03-21 00:18:00+00:00,3.82,517.5,725934
2026-03-21 00:19:00+00:00,3.87,524.2,747124
2026-03-21 00:20:00+00:00,3.84,531.7,757172
2026-03-21 00:21:00+00:00,3.55,532.9,675295
2026-03-21 00:22:00+00:00,3.38,523.2,771070
2026-03-21 00:23:00+00:00,3.33,537.6,588917
2026-03-21 00:24:00+00:00,3.63,522.6,830009
2026-03-21 00:25:00+00:00,4.11,536.9,710444
2026-03-21 00:26:00+00:00,4.28,529.2,574386
2026-03-21 00:27:00+00:00,4.44,515.5,567198
2026-03-21 00:28:00+00:00,4.56,511.1,520781
2026-03-21 00:29:00+00:00,4.71,517.9,497444
2026-03-21 00:30:00+00:00,4.71,517.5,520826
2026-03-21 00:31:00+00:00,4.85,517.4,471693
2026-03-21 00:32:00+00:00,3.48,471.6,284475
2026-03-21 00:33:00+00:00,4.50,462.1,322891
2026-03-21 00:34:00+00:00,6.18,481.9,408401
2026-03-21 00:35:00+00:00,4.54,456.2,295400
2026-03-21 00:36:00+00:00,5.91,478.6,490777
2026-03-21 00:37:00+00:00,7.27,493.4,492810
2026-03-21 00:38:00+00:00,6.16,488.7,435783
2026-03-21 00:39:00+00:00,9.36,504.1,445910
2026-03-21 00:40:00+00:00,8.96,509.2,599696
2026-03-21 00:41:00+00:00,8.73,482.6,337136
2026-03-21 00:42:00+00:00,8.87,511.8,580551
2026-03-21 00:43:00+00:00,4.31,442.0,162766
2026-03-21 00:44:00+00:00,6.84,463.5,212586
2026-03-21 00:45:00+00:00,7.77,473.0,247859
2026-03-21 00:46:00+00:00,12.23,494.0,495011
2026-03-21 00:47:00+00:00,11.00,497.5,516680
2026-03-21 00:48:00+00:00,11.45,499.9,488687
2026-03-21 00:49:00+00:00,11.54,497.9,449348
2026-03-21 00:50:00+00:00,11.07,492.4,481720
2026-03-21 00:51:00+00:00,11.58,485.2,453387
2026-03-21 00:52:00+00:00,8.84,477.9,258909
2026-03-21 00:53:00+00:00,7.17,463.3,178442
2026-03-21 00:54:00+00:00,6.45,442.4,166005
2026-03-21 00:55:00+00:00,4.26,433.2,115369
2026-03-21 00:56:00+00:00,10.24,486.9,495195
2026-03-21 00:57:00+00:00,8.17,504.1,455965
2026-03-21 00:58:00+00:00,9.93,523.4,532456
2026-03-21 00:59:00+00:00,9.88,518.9,548956
2026-03-21 01:00:00+00:00,9.61,527.0,463252
2026-03-21 01:01:00+00:00,9.46,529.2,398604
2026-03-21 01:03:00+00:00,9.84,532.9,421872
2026-03-21 01:04:00+00:00,9.27,529.2,372544
2026-03-21 01:05:00+00:00,9.39,531.3,367230
2026-03-21 01:06:00+00:00,10.45,541.2,463648
2026-03-21 01:07:00+00:00,10.69,546.8,506374
2026-03-21 01:08:00+00:00,10.19,544.0,435274
2026-03-21 01:09:00+00:00,9.96,532.0,419887
2026-03-21 01:10:00+00:00,9.84,530.7,375576
2026-03-21 01:11:00+00:00,8.90,526.6,372373
2026-03-21 01:12:00+00:00,9.87,534.2,355162
2026-03-21 01:13:00+00:00,12.29,538.0,408069
2026-03-21 01:14:00+00:00,12.35,532.1,337528
2026-03-21 01:15:00+00:00,9.80,518.9,364192
2026-03-21 01:16:00+00:00,9.89,517.8,398322
2026-03-21 01:17:00+00:00,10.49,513.3,377614
2026-03-21 01:18:00+00:00,10.67,511.4,366335
2026-03-21 01:19:00+00:00,9.22,519.0,387044
2026-03-21 01:20:00+00:00,9.25,510.7,379463
2026-03-21 01:21:00+00:00,9.29,507.2,411283
2026-03-21 01:22:00+00:00,9.21,509.1,423473
2026-03-21 01:23:00+00:00,8.92,508.9,356430
2026-03-21 01:24:00+00:00,8.35,518.7,333337
2026-03-21 01:25:00+00:00,4.88,499.7,355793
2026-03-21 01:26:00+00:00,5.17,500.9,358148
2026-03-21 01:27:00+00:00,7.38,510.6,372191
2026-03-21 01:28:00+00:00,8.20,517.9,300261
2026-03-21 01:29:00+00:00,6.56,511.4,303670
2026-03-21 01:30:00+00:00,6.19,507.3,285473
2026-03-21 01:31:00+00:00,6.56,509.0,279602
2026-03-21 01:32:00+00:00,7.69,516.6,317802
2026-03-21 01:33:00+00:00,7.23,517.6,350228
2026-03-21 01:34:00+00:00,7.76,518.1,337147
2026-03-21 01:35:00+00:00,8.80,518.8,374707
2026-03-21 01:36:00+00:00,9.16,520.1,386087
2026-03-21 01:37:00+00:00,10.36,526.0,372836
2026-03-21 01:38:00+00:00,11.90,529.5,373149
2026-03-21 01:39:00+00:00,11.99,525.0,372309
2026-03-21 01:40:00+00:00,12.24,522.1,394423
2026-03-21 01:41:00+00:00,12.17,520.8,374845
2026-03-21 01:42:00+00:00,11.23,522.7,462872
2026-03-21 01:43:00+00:00,11.43,524.5,462388
2026-03-21 01:44:00+00:00,10.15,519.7,466754
2026-03-21 01:45:00+00:00,21.86,510.4,375520
2026-03-21 01:46:00+00:00,21.90,511.0,363160
2026-03-21 01:47:00+00:00,20.81,506.8,330651
2026-03-21 01:48:00+00:00,12.56,468.9,136125
2026-03-21 01:49:00+00:00,16.89,490.0,274730
2026-03-21 01:50:00+00:00,18.69,497.8,324491
2026-03-21 01:51:00+00:00,18.27,495.3,310652
2026-03-21 01:52:00+00:00,19.64,495.3,353356
2026-03-21 01:53:00+00:00,18.56,500.8,372666
2026-03-21 01:54:00+00:00,17.26,507.2,382423
2026-03-21 01:55:00+00:00,16.76,505.5,381760
2026-03-21 01:56:00+00:00,16.09,504.2,411400
2026-03-21 01:57:00+00:00,17.39,509.2,363878
2026-03-21 01:58:00+00:00,17.15,507.5,376269
2026-03-21 01:59:00+00:00,15.21,,
2026-03-21 02:00:00+00:00,15.21,500.4,414979
2026-03-21 02:01:00+00:00,18.58,500.3,389933
2026-03-21 02:02:00+00:00,18.53,501.0,321177
2026-03-21 02:03:00+00:00,21.66,517.7,262284
2026-03-21 02:04:00+00:00,22.11,511.4,218285
2026-03-21 02:05:00+00:00,24.72,509.2,216000
2026-03-21 02:06:00+00:00,32.58,521.2,203309
2026-03-21 02:07:00+00:00,35.52,523.3,200596
2026-03-21 02:08:00+00:00,31.94,515.8,191298
2026-03-21 02:09:00+00:00,30.50,506.9,188829
2026-03-21 02:10:00+00:00,31.42,503.9,194585
2026-03-21 02:11:00+00:00,31.04,507.1,185198
2026-03-21 02:12:00+00:00,33.41,506.1,186163
2026-03-21 02:13:00+00:00,33.75,511.6,181561
2026-03-21 02:14:00+00:00,30.08,508.9,176773
2026-03-21 02:15:00+00:00,27.79,506.5,164319
2026-03-21 02:16:00+00:00,30.51,508.7,210648
2026-03-21 02:17:00+00:00,26.73,510.4,234921
2026-03-21 02:18:00+00:00,26.61,508.7,225550
2026-03-21 02:19:00+00:00,15.99,510.1,300997
2026-03-21 02:20:00+00:00,8.33,505.9,223166
2026-03-21 02:21:00+00:00,6.11,502.6,157204
2026-03-21 02:22:00+00:00,8.06,519.9,130866
2026-03-21 02:23:00+00:00,9.08,513.0,137145
2026-03-21 02:24:00+00:00,9.81,508.0,141630
2026-03-21 02:25:00+00:00,8.85,515.8,205729
2026-03-21 02:26:00+00:00,11.05,519.1,201045
2026-03-21 02:27:00+00:00,12.46,515.7,170676
2026-03-21 02:28:00+00:00,7.55,493.8,159150
2026-03-21 02:29:00+00:00,6.75,488.2,249518
2026-03-21 02:30:00+00:00,7.73,503.2,148919
2026-03-21 02:31:00+00:00,6.14,499.6,159429
2026-03-21 02:32:00+00:00,8.37,510.7,181129
2026-03-21 02:33:00+00:00,9.80,514.9,150143
2026-03-21 02:34:00+00:00,19.45,527.8,147230
2026-03-21 02:35:00+00:00,17.49,532.1,177531
2026-03-21 02:36:00+00:00,25.66,524.9,135596
2026-03-21 02:37:00+00:00,24.87,530.9,153247
2026-03-21 02:38:00+00:00,17.62,519.5,159356
2026-03-21 02:39:00+00:00,14.47,512.2,147304
2026-03-21 02:40:00+00:00,15.97,520.3,184520
2026-03-21 02:41:00+00:00,17.72,517.9,174521
2026-03-21 02:42:00+00:00,17.56,507.2,117579
2026-03-21 02:43:00+00:00,17.47,507.4,118005
2026-03-21 02:44:00+00:00,19.50,503.8,97703
2026-03-21 02:45:00+00:00,19.22,502.4,90939
2026-03-21 02:46:00+00:00,18.35,498.0,120605
2026-03-21 02:47:00+00:00,14.19,502.0,185665
2026-03-21 02:48:00+00:00,10.91,502.3,157492
2026-03-21 02:49:00+00:00,13.51,515.4,118444
2026-03-21 02:50:00+00:00,2.00,444.7,88037
2026-03-21 02:51:00+00:00,4.92,515.9,108302
2026-03-21 02:52:00+00:00,6.98,528.6,136673
2026-03-21 02:53:00+00:00,9.82,530.7,165592
2026-03-21 02:54:00+00:00,4.57,468.3,110282
2026-03-21 02:55:00+00:00,7.39,496.1,101059
2026-03-21 02:56:00+00:00,5.33,517.7,193787
2026-03-21 02:57:00+00:00,5.33,517.7,193787
2026-03-21 02:58:00+00:00,6.07,531.0,213915
2026-03-21 02:59:00+00:00,5.76,529.0,193172
2026-03-21 03:00:00+00:00,5.69,524.6,153200
2026-03-21 03:01:00+00:00,7.36,521.0,178724
2026-03-21 03:02:00+00:00,6.87,507.4,219743
2026-03-21 03:03:00+00:00,6.49,516.4,155587
2026-03-21 03:04:00+00:00,5.88,519.8,180655
2026-03-21 03:05:00+00:00,6.34,510.2,253248
2026-03-21 03:06:00+00:00,6.68,510.9,209750
2026-03-21 03:07:00+00:00,4.96,514.6,197348
2026-03-21 03:08:00+00:00,6.94,515.5,215627
2026-03-21 03:09:00+00:00,7.11,515.8,214729
2026-03-21 03:10:00+00:00,6.08,520.9,195081
2026-03-21 03:11:00+00:00,5.33,516.3,195097
2026-03-21 03:12:00+00:00,5.88,510.5,211205
2026-03-21 03:13:00+00:00,6.35,517.1,197099
2026-03-21 03:14:00+00:00,5.23,521.7,180301
2026-03-21 03:15:00+00:00,4.44,513.6,190267
2026-03-21 03:16:00+00:00,5.95,512.6,167423
2026-03-21 03:17:00+00:00,7.23,519.1,150322
2026-03-21 03:18:00+00:00,7.88,513.6,144238
2026-03-21 03:19:00+00:00,6.35,517.0,161228
2026-03-21 03:20:00+00:00,9.40,520.9,165653
2026-03-21 03:21:00+00:00,10.11,509.3,128494
2026-03-21 03:22:00+00:00,8.43,508.8,112032
2026-03-21 03:23:00+00:00,11.89,512.0,106531
2026-03-21 03:24:00+00:00,12.90,513.9,107411
2026-03-21 03:25:00+00:00,13.24,516.5,102822
2026-03-21 03:26:00+00:00,12.58,515.8,88166
2026-03-21 03:27:00+00:00,11.99,515.9,117583
2026-03-21 03:28:00+00:00,9.21,511.7,140641
2026-03-21 03:29:00+00:00,6.35,505.2,155308
2026-03-21 03:30:00+00:00,5.87,503.0,176464
2026-03-21 03:31:00+00:00,8.97,526.5,170647
2026-03-21 03:32:00+00:00,9.47,527.3,176049
2026-03-21 03:33:00+00:00,10.05,527.0,199127
2026-03-21 03:34:00+00:00,6.40,515.6,229442
2026-03-21 03:35:00+00:00,10.42,518.6,224138
2026-03-21 03:36:00+00:00,11.79,536.1,164695
2026-03-21 03:37:00+00:00,8.12,521.5,194483
2026-03-21 03:38:00+00:00,8.11,520.9,225318
2026-03-21 03:39:00+00:00,6.04,508.4,229662
2026-03-21 03:40:00+00:00,5.77,504.7,221178
2026-03-21 03:41:00+00:00,6.07,501.4,200013
2026-03-21 03:42:00+00:00,6.82,493.2,193636
2026-03-21 03:43:00+00:00,7.84,487.0,182616
2026-03-21 03:44:00+00:00,7.42,495.6,183457
2026-03-21 03:45:00+00:00,5.92,503.7,199516
2026-03-21 03:46:00+00:00,5.61,497.7,204763
2026-03-21 03:47:00+00:00,6.42,493.7,193892
2026-03-21 03:48:00+00:00,6.32,498.8,186476
2026-03-21 03:49:00+00:00,5.92,499.7,192274
2026-03-21 03:50:00+00:00,5.38,506.7,185763
2026-03-21 03:51:00+00:00,6.07,503.3,172532
2026-03-21 03:52:00+00:00,5.64,509.4,180914
2026-03-21 03:53:00+00:00,6.46,517.6,188444
2026-03-21 03:54:00+00:00,9.06,508.4,190251
2026-03-21 03:55:00+00:00,8.97,503.6,182395
2026-03-21 03:56:00+00:00,7.19,515.7,151316
2026-03-21 03:57:00+00:00,5.29,529.7,163316
2026-03-21 03:58:00+00:00,5.40,536.4,141128
2026-03-21 04:00:00+00:00,6.44,538.9,145419
2026-03-21 04:01:00+00:00,5.79,536.9,146867
2026-03-21 04:02:00+00:00,5.23,533.2,148792
2026-03-21 04:03:00+00:00,5.59,531.1,149041
2026-03-21 04:04:00+00:00,5.26,524.8,121333
2026-03-21 04:05:00+00:00,5.05,524.6,132191
2026-03-21 04:06:00+00:00,4.22,521.1,172261
2026-03-21 04:07:00+00:00,5.05,499.9,111914
2026-03-21 04:08:00+00:00,5.60,500.8,159155
2026-03-21 04:09:00+00:00,4.57,495.0,157850
2026-03-21 04:10:00+00:00,4.91,494.8,156572
2026-03-21 04:11:00+00:00,6.17,492.9,119582
2026-03-21 04:12:00+00:00,6.85,494.9,103739
2026-03-21 04:13:00+00:00,7.13,484.7,108997
2026-03-21 04:14:00+00:00,6.73,486.6,120953
2026-03-21 04:15:00+00:00,6.96,485.2,125913
2026-03-21 04:16:00+00:00,6.74,487.3,124918
2026-03-21 04:17:00+00:00,6.00,491.7,127539
2026-03-21 04:18:00+00:00,5.53,486.6,129014
2026-03-21 04:19:00+00:00,5.91,480.2,114030
2026-03-21 04:20:00+00:00,6.89,481.9,100630
2026-03-21 04:21:00+00:00,5.63,485.6,122405
2026-03-21 04:22:00+00:00,5.85,485.7,120395
2026-03-21 04:23:00+00:00,5.82,485.8,120143
2026-03-21 04:24:00+00:00,5.37,488.1,115370
2026-03-21 04:25:00+00:00,4.96,486.9,116257
2026-03-21 04:26:00+00:00,6.27,478.5,126695
2026-03-21 04:27:00+00:00,7.63,479.8,117444
2026-03-21 04:28:00+00:00,7.35,486.0,103656
2026-03-21 04:29:00+00:00,7.50,485.9,91668
2026-03-21 04:30:00+00:00,7.54,485.1,105202
2026-03-21 04:31:00+00:00,7.19,485.3,116199
2026-03-21 04:32:00+00:00,6.53,484.3,117361
2026-03-21 04:33:00+00:00,6.85,482.7,120134
2026-03-21 04:34:00+00:00,8.18,482.6,109056
2026-03-21 04:35:00+00:00,8.89,482.5,88801
2026-03-21 04:36:00+00:00,8.86,481.0,95979
2026-03-21 04:37:00+00:00,7.20,479.1,106576
2026-03-21 04:38:00+00:00,7.15,478.9,105391
2026-03-21 04:39:00+00:00,6.76,478.2,97504
2026-03-21 04:40:00+00:00,7.16,481.0,118054
2026-03-21 04:41:00+00:00,6.53,481.2,108642
2026-03-21 04:42:00+00:00,5.94,484.0,108685
2026-03-21 04:43:00+00:00,5.85,493.3,132622
2026-03-21 04:44:00+00:00,5.41,490.7,143303
2026-03-21 04:45:00+00:00,4.88,489.2,140951
2026-03-21 04:46:00+00:00,5.14,487.5,157513
2026-03-21 04:47:00+00:00,5.34,488.5,155858
2026-03-21 04:48:00+00:00,5.39,486.5,142708
2026-03-21 04:49:00+00:00,4.92,485.2,141924
2026-03-21 04:50:00+00:00,3.68,481.8,145403
2026-03-21 04:51:00+00:00,3.33,475.9,167620
2026-03-21 04:52:00+00:00,4.89,480.5,201668
2026-03-21 04:53:00+00:00,5.25,477.7,160739
2026-03-21 04:54:00+00:00,4.00,494.7,219397
2026-03-21 04:55:00+00:00,4.48,504.0,201541
2026-03-21 04:56:00+00:00,4.47,508.2,203101
2026-03-21 04:57:00+00:00,4.69,499.6,178427
2026-03-21 04:58:00+00:00,5.60,505.1,232097
2026-03-21 04:59:00+00:00,6.10,511.1,225788
2026-03-21 05:00:00+00:00,5.92,507.2,213578
2026-03-21 05:01:00+00:00,5.78,504.0,191708
2026-03-21 05:02:00+00:00,5.32,508.1,223669
2026-03-21 05:03:00+00:00,5.80,509.4,208022
2026-03-21 05:04:00+00:00,6.54,509.4,207204
2026-03-21 05:05:00+00:00,6.22,511.0,230271
2026-03-21 05:06:00+00:00,5.75,511.1,238376
2026-03-21 05:07:00+00:00,6.01,512.7,254359
2026-03-21 05:08:00+00:00,5.91,517.6,256260
2026-03-21 05:09:00+00:00,5.60,514.9,253484
2026-03-21 05:10:00+00:00,7.88,488.0,164175
2026-03-21 05:11:00+00:00,7.79,488.7,169538
2026-03-21 05:12:00+00:00,6.14,500.3,271435
2026-03-21 05:13:00+00:00,5.53,504.5,228865
2026-03-21 05:14:00+00:00,5.87,502.7,244341
2026-03-21 05:15:00+00:00,5.98,503.5,235765
2026-03-21 05:16:00+00:00,7.65,509.2,231305
2026-03-21 05:17:00+00:00,8.28,499.2,248796
2026-03-21 05:18:00+00:00,9.78,491.9,253057
2026-03-21 05:19:00+00:00,10.67,487.9,242995
2026-03-21 05:20:00+00:00,10.84,489.2,256962
2026-03-21 05:21:00+00:00,10.53,489.0,282600
2026-03-21 05:22:00+00:00,8.73,489.2,292546
2026-03-21 05:23:00+00:00,5.57,474.6,219079
2026-03-21 05:24:00+00:00,4.72,437.8,90342
2026-03-21 05:25:00+00:00,8.55,465.2,191475
2026-03-21 05:26:00+00:00,8.14,472.8,171412
2026-03-21 05:27:00+00:00,7.94,474.5,149899
2026-03-21 05:28:00+00:00,8.57,478.6,146917
2026-03-21 05:29:00+00:00,8.80,475.4,157629
2026-03-21 05:30:00+00:00,7.04,475.5,152490
2026-03-21 05:31:00+00:00,9.04,479.2,158237
2026-03-21 05:32:00+00:00,9.69,483.0,158624
2026-03-21 05:33:00+00:00,10.03,478.4,146076
2026-03-21 05:34:00+00:00,11.22,473.8,156868
2026-03-21 05:35:00+00:00,11.96,462.3,136062
2026-03-21 05:36:00+00:00,13.09,463.7,120190
2026-03-21 05:37:00+00:00,14.50,472.1,122511
2026-03-21 05:38:00+00:00,13.09,477.4,122096
2026-03-21 05:39:00+00:00,9.64,486.0,131319
2026-03-21 05:40:00+00:00,8.87,488.5,138300
2026-03-21 05:41:00+00:00,8.31,490.1,132086
2026-03-21 05:42:00+00:00,7.46,487.8,159334
2026-03-21 05:43:00+00:00,7.36,,
2026-03-21 05:44:00+00:00,7.36,495.5,138941
2026-03-21 05:45:00+00:00,9.31,483.4,128945
2026-03-21 05:46:00+00:00,6.37,455.3,66324
2026-03-21 05:47:00+00:00,2.16,440.0,29213
2026-03-21 05:48:00+00:00,7.76,474.7,103550
2026-03-21 05:49:00+00:00,10.49,485.4,122216
2026-03-21 05:50:00+00:00,8.60,464.8,79262
2026-03-21 05:51:00+00:00,8.14,481.5,103576
2026-03-21 05:52:00+00:00,8.71,499.3,151059
2026-03-21 05:53:00+00:00,8.37,482.0,137885
2026-03-21 05:54:00+00:00,5.10,443.1,72426
2026-03-21 05:55:00+00:00,3.23,436.7,94223
2026-03-21 05:56:00+00:00,9.15,488.0,242272
2026-03-21 05:57:00+00:00,9.21,468.3,175935
2026-03-21 05:58:00+00:00,9.86,445.9,86970
2026-03-21 05:59:00+00:00,19.80,491.5,201310
2026-03-21 06:00:00+00:00,7.03,483.5,148461
2026-03-21 06:01:00+00:00,6.30,464.5,93729
2026-03-21 06:02:00+00:00,0.71,414.0,18348
2026-03-21 06:03:00+00:00,6.73,483.8,185879
2026-03-21 06:04:00+00:00,9.24,485.3,144701
2026-03-21 06:05:00+00:00,9.14,452.4,80443
2026-03-21 06:06:00+00:00,9.74,476.9,114544
2026-03-21 06:07:00+00:00,4.57,445.7,73026
2026-03-21 06:08:00+00:00,4.40,452.0,83106
2026-03-21 06:09:00+00:00,4.66,454.9,86592
2026-03-21 06:10:00+00:00,3.68,443.1,99214
2026-03-21 06:11:00+00:00,8.42,492.0,206465
2026-03-21 06:12:00+00:00,8.20,470.1,147728
2026-03-21 06:13:00+00:00,10.86,444.3,102840
2026-03-21 06:14:00+00:00,16.57,475.6,204821
2026-03-21 06:15:00+00:00,0.62,405.0,22569
2026-03-21 06:17:00+00:00,1.25,428.7,26952
2026-03-21 06:18:00+00:00,8.19,491.9,148351
2026-03-21 06:19:00+00:00,8.50,491.8,136241
2026-03-21 06:20:00+00:00,7.96,492.4,154565
2026-03-21 06:21:00+00:00,2.61,431.9,63070
2026-03-21 06:22:00+00:00,5.78,473.5,135366
2026-03-21 06:23:00+00:00,7.79,488.9,173068
2026-03-21 06:24:00+00:00,6.73,486.8,164413
2026-03-21 06:25:00+00:00,6.35,500.5,178449
2026-03-21 06:26:00+00:00,6.31,500.3,185445
2026-03-21 06:27:00+00:00,6.50,480.3,141473
2026-03-21 06:28:00+00:00,7.23,464.9,75318
2026-03-21 06:29:00+00:00,6.79,514.8,141487
2026-03-21 06:30:00+00:00,6.02,499.1,138394
2026-03-21 06:31:00+00:00,6.03,466.4,67245
2026-03-21 06:32:00+00:00,7.96,522.2,134702
2026-03-21 06:33:00+00:00,9.07,506.0,119975
2026-03-21 06:34:00+00:00,7.95,503.3,93074
2026-03-21 06:35:00+00:00,6.19,464.0,56465
2026-03-21 06:36:00+00:00,5.27,486.8,95177
2026-03-21 06:37:00+00:00,5.48,504.0,134328
2026-03-21 06:38:00+00:00,4.99,475.1,91672
2026-03-21 06:39:00+00:00,5.50,482.9,89757
2026-03-21 06:40:00+00:00,5.44,495.6,119967
2026-03-21 06:41:00+00:00,5.46,496.1,142266
2026-03-21 06:42:00+00:00,6.12,482.6,116922
2026-03-21 06:43:00+00:00,6.79,474.5,76883
2026-03-21 06:44:00+00:00,8.45,524.9,129428
2026-03-21 06:45:00+00:00,7.91,511.8,123977
2026-03-21 06:46:00+00:00,7.88,487.0,91801
2026-03-21 06:47:00+00:00,7.77,464.3,76716
2026-03-21 06:48:00+00:00,8.09,485.7,129300
2026-03-21 06:49:00+00:00,8.09,,
2026-03-21 06:50:00+00:00,7.95,451.2,78924
2026-03-21 06:51:00+00:00,7.85,515.0,159682
2026-03-21 06:52:00+00:00,6.00,497.9,140052
2026-03-21 06:53:00+00:00,5.65,485.4,122463
2026-03-21 06:54:00+00:00,6.66,468.0,94870
2026-03-21 06:55:00+00:00,6.98,499.7,145565
2026-03-21 06:56:00+00:00,5.68,504.5,148659
2026-03-21 06:57:00+00:00,4.70,466.8,85757
2026-03-21 06:58:00+00:00,4.67,475.3,82744
2026-03-21 06:59:00+00:00,4.40,516.1,127139
2026-03-21 07:00:00+00:00,4.27,495.0,114895
2026-03-21 07:01:00+00:00,4.41,457.7,52046
2026-03-21 07:02:00+00:00,8.95,479.7,54955
2026-03-21 07:03:00+00:00,22.09,505.5,144846
2026-03-21 07:04:00+00:00,4.97,489.0,64141
2026-03-21 07:05:00+00:00,5.20,441.0,38245
2026-03-21 07:06:00+00:00,4.65,501.8,73821
2026-03-21 07:07:00+00:00,10.02,499.2,71707
2026-03-21 07:08:00+00:00,12.14,482.4,54464
2026-03-21 07:09:00+00:00,11.79,491.0,60141
2026-03-21 07:10:00+00:00,13.58,492.2,72085
2026-03-21 07:11:00+00:00,27.68,491.7,58913
2026-03-21 07:12:00+00:00,21.13,493.5,61286
2026-03-21 07:13:00+00:00,6.27,507.8,92450
2026-03-21 07:14:00+00:00,6.08,519.1,109173
2026-03-21 07:15:00+00:00,6.01,503.1,89750
2026-03-21 07:16:00+00:00,6.54,484.3,56665
2026-03-21 07:17:00+00:00,10.70,479.9,40062
2026-03-21 07:18:00+00:00,23.42,508.3,53109
2026-03-21 07:19:00+00:00,5.56,488.3,53867
2026-03-21 07:20:00+00:00,5.34,459.1,41218
2026-03-21 07:21:00+00:00,5.09,527.4,108028
2026-03-21 07:22:00+00:00,5.09,528.6,109160
2026-03-21 07:23:00+00:00,7.39,468.4,41718
2026-03-21 07:24:00+00:00,8.62,489.5,51349
2026-03-21 07:25:00+00:00,23.76,516.6,58092
2026-03-21 07:26:00+00:00,15.43,509.8,85904
2026-03-21 07:27:00+00:00,4.64,450.1,20831
2026-03-21 07:28:00+00:00,8.55,484.7,45095
2026-03-21 07:29:00+00:00,16.56,508.3,58668
2026-03-21 07:30:00+00:00,17.87,495.8,62677
2026-03-21 07:31:00+00:00,14.47,481.7,68313
2026-03-21 07:32:00+00:00,26.89,470.0,42365
2026-03-21 07:33:00+00:00,5.38,503.9,80012
2026-03-21 07:34:00+00:00,7.77,487.1,51172
2026-03-21 07:35:00+00:00,8.09,453.6,33236
2026-03-21 07:36:00+00:00,8.48,478.2,49759
2026-03-21 07:37:00+00:00,8.09,484.7,48213
2026-03-21 07:38:00+00:00,10.67,490.7,82965
2026-03-21 07:39:00+00:00,10.07,444.0,30955
2026-03-21 07:40:00+00:00,12.36,458.6,38298
2026-03-21 07:41:00+00:00,28.92,478.0,39026
2026-03-21 07:42:00+00:00,18.57,454.6,38496
2026-03-21 07:43:00+00:00,8.62,474.0,86756
2026-03-21 07:44:00+00:00,20.61,489.2,89965
2026-03-21 07:45:00+00:00,23.42,464.3,54638
2026-03-21 07:46:00+00:00,13.05,453.1,51286
2026-03-21 07:47:00+00:00,12.20,469.7,65778
2026-03-21 07:48:00+00:00,7.96,481.2,90016
2026-03-21 07:49:00+00:00,7.55,478.9,103781
2026-03-21 07:50:00+00:00,3.78,428.2,56936
2026-03-21 07:51:00+00:00,2.03,458.1,125368
2026-03-21 07:52:00+00:00,0.96,456.1,199550
2026-03-21 07:53:00+00:00,0.99,416.6,102092
2026-03-21 07:54:00+00:00,1.75,453.8,119770
2026-03-21 07:55:00+00:00,1.82,457.2,121527
2026-03-21 07:56:00+00:00,6.04,466.6,52984
2026-03-21 07:57:00+00:00,5.73,457.9,37807
2026-03-21 07:58:00+00:00,6.12,464.0,52903
2026-03-21 07:59:00+00:00,5.67,462.6,52259
2026-03-21 08:00:00+00:00,5.11,460.2,49155
2026-03-21 08:01:00+00:00,5.01,451.9,44887
2026-03-21 08:02:00+00:00,9.00,460.6,62565
2026-03-21 08:03:00+00:00,12.16,487.8,96908
2026-03-21 08:04:00+00:00,4.71,472.7,73250
2026-03-21 08:05:00+00:00,4.70,478.3,90600
2026-03-21 08:06:00+00:00,5.92,487.7,118242
2026-03-21 08:07:00+00:00,5.22,471.1,88420
2026-03-21 08:08:00+00:00,4.99,481.3,84493
2026-03-21 08:09:00+00:00,14.99,481.4,80190
2026-03-21 08:10:00+00:00,5.31,490.4,105578
2026-03-21 08:11:00+00:00,3.93,479.9,91762
2026-03-21 08:12:00+00:00,5.77,477.2,80933
2026-03-21 08:13:00+00:00,6.30,488.0,102706
2026-03-21 08:14:00+00:00,11.29,477.0,76490
2026-03-21 08:15:00+00:00,8.19,468.9,59250
2026-03-21 08:16:00+00:00,5.18,472.2,57059
2026-03-21 08:17:00+00:00,6.02,483.4,59863
2026-03-21 08:18:00+00:00,6.38,496.8,70702
2026-03-21 08:19:00+00:00,6.67,493.8,78382
2026-03-21 08:20:00+00:00,5.12,477.4,83611
2026-03-21 08:21:00+00:00,5.28,483.3,90941
2026-03-21 08:22:00+00:00,5.32,490.5,118705
2026-03-21 08:23:00+00:00,5.09,474.8,87623
2026-03-21 08:24:00+00:00,6.89,472.7,68194
2026-03-21 08:25:00+00:00,12.68,489.1,147670
2026-03-21 08:26:00+00:00,6.33,496.4,103335
2026-03-21 08:27:00+00:00,8.75,480.8,79117
2026-03-21 08:28:00+00:00,9.28,477.9,75575
2026-03-21 08:29:00+00:00,12.53,498.4,171434
2026-03-21 08:30:00+00:00,3.86,468.4,42878
2026-03-21 08:31:00+00:00,5.99,449.1,30115
2026-03-21 08:32:00+00:00,7.21,467.2,62966
2026-03-21 08:33:00+00:00,8.47,487.6,81323
2026-03-21 08:34:00+00:00,8.13,473.6,51360
2026-03-21 08:35:00+00:00,7.43,471.6,48824
2026-03-21 08:36:00+00:00,7.73,475.3,55399
2026-03-21 08:37:00+00:00,8.06,473.3,47623
2026-03-21 08:38:00+00:00,8.49,470.4,52180
2026-03-21 08:39:00+00:00,5.12,440.2,20141
2026-03-21 08:40:00+00:00,8.99,488.4,68097
2026-03-21 08:41:00+00:00,9.99,491.6,125480
2026-03-21 08:42:00+00:00,6.84,463.3,38651
2026-03-21 08:43:00+00:00,9.87,480.7,74310
2026-03-21 08:44:00+00:00,8.14,472.1,59213
2026-03-21 08:45:00+00:00,7.83,471.8,57359
2026-03-21 08:46:00+00:00,6.31,448.0,35650
2026-03-21 08:47:00+00:00,8.13,472.6,74150
2026-03-21 08:48:00+00:00,9.61,486.1,83357
2026-03-21 08:49:00+00:00,8.86,471.6,55486
2026-03-21 08:50:00+00:00,8.88,472.6,56825
2026-03-21 08:51:00+00:00,9.99,479.6,69396
2026-03-21 08:52:00+00:00,10.45,483.2,76250
2026-03-21 08:53:00+00:00,8.50,471.1,51375
2026-03-21 08:54:00+00:00,6.73,447.6,27960
2026-03-21 08:55:00+00:00,8.68,502.5,100836
2026-03-21 08:56:00+00:00,7.64,492.5,87454
2026-03-21 08:57:00+00:00,6.60,479.1,45847
2026-03-21 08:58:00+00:00,8.15,492.8,90491
2026-03-21 08:59:00+00:00,5.95,487.0,54417
2026-03-21 09:00:00+00:00,6.62,478.4,58944
2026-03-21 09:01:00+00:00,6.52,476.0,60196
2026-03-21 09:02:00+00:00,5.89,471.2,50135
2026-03-21 09:03:00+00:00,5.87,473.4,50595
2026-03-21 09:04:00+00:00,6.39,476.5,56453
2026-03-21 09:05:00+00:00,6.99,484.6,68320
2026-03-21 09:06:00+00:00,8.01,495.3,79560
2026-03-21 09:07:00+00:00,8.11,496.9,75309
2026-03-21 09:08:00+00:00,5.08,482.5,46973
2026-03-21 09:09:00+00:00,5.29,461.4,31637
2026-03-21 09:10:00+00:00,8.43,491.2,80014
2026-03-21 09:11:00+00:00,9.27,491.5,96372
2026-03-21 09:12:00+00:00,7.96,478.4,56166
2026-03-21 09:13:00+00:00,6.39,438.6,24886
2026-03-21 09:14:00+00:00,20.42,489.4,76126
2026-03-21 09:15:00+00:00,9.54,478.2,100683
2026-03-21 09:16:00+00:00,6.83,473.2,105648
2026-03-21 09:17:00+00:00,6.82,484.0,118950
2026-03-21 09:18:00+00:00,7.67,490.6,156697
2026-03-21 09:19:00+00:00,8.49,484.0,139252
2026-03-21 09:20:00+00:00,7.36,472.5,109410
2026-03-21 09:21:00+00:00,6.35,471.3,125947
2026-03-21 09:22:00+00:00,7.50,478.7,178361
2026-03-21 09:23:00+00:00,7.49,466.4,166525
2026-03-21 09:24:00+00:00,5.29,445.8,87467
2026-03-21 09:25:00+00:00,7.06,480.2,193661
2026-03-21 09:26:00+00:00,8.31,469.7,140782
2026-03-21 09:27:00+00:00,7.63,477.5,116879
2026-03-21 09:28:00+00:00,4.44,434.8,35978
2026-03-21 09:29:00+00:00,6.63,478.5,170639
2026-03-21 09:30:00+00:00,6.16,481.9,158220
2026-03-21 09:31:00+00:00,13.05,465.8,60951
2026-03-21 09:32:00+00:00,6.71,493.5,97221
2026-03-21 09:33:00+00:00,5.05,501.5,125040
2026-03-21 09:34:00+00:00,5.22,501.3,130221
2026-03-21 09:35:00+00:00,4.92,426.4,34389
2026-03-21 09:36:00+00:00,4.43,454.5,73082
2026-03-21 09:37:00+00:00,4.30,489.2,153954
2026-03-21 09:38:00+00:00,4.78,489.6,156395
2026-03-21 09:39:00+00:00,4.94,485.9,82424
2026-03-21 09:40:00+00:00,4.81,511.9,104282
2026-03-21 09:41:00+00:00,4.41,509.4,104403
2026-03-21 09:42:00+00:00,5.02,502.8,91248
2026-03-21 09:43:00+00:00,4.75,450.9,30507
2026-03-21 09:44:00+00:00,4.56,489.4,71494
2026-03-21 09:45:00+00:00,4.93,483.9,65312
2026-03-21 09:46:00+00:00,4.73,474.0,71757
2026-03-21 09:47:00+00:00,5.24,477.5,81809
2026-03-21 09:48:00+00:00,4.42,492.2,88350
2026-03-21 09:49:00+00:00,4.48,483.6,72165
2026-03-21 09:50:00+00:00,4.33,470.2,54896
2026-03-21 09:51:00+00:00,4.13,483.5,77009
2026-03-21 09:52:00+00:00,4.22,496.0,124695
2026-03-21 09:53:00+00:00,4.33,505.6,134992
2026-03-21 09:54:00+00:00,4.45,502.1,100264
2026-03-21 09:55:00+00:00,4.95,488.6,128849
2026-03-21 09:56:00+00:00,6.06,517.2,226929
2026-03-21 09:57:00+00:00,7.73,513.4,154454
2026-03-21 09:58:00+00:00,7.00,446.1,58795
2026-03-21 09:59:00+00:00,7.20,,
2026-03-21 10:00:00+00:00,7.20,490.7,149380
2026-03-21 10:01:00+00:00,6.72,467.0,109428
2026-03-21 10:02:00+00:00,8.40,497.4,188133
2026-03-21 10:03:00+00:00,8.15,499.9,203938
2026-03-21 10:04:00+00:00,7.69,500.2,213864
2026-03-21 10:05:00+00:00,7.36,469.2,126139
2026-03-21 10:06:00+00:00,3.03,418.1,60350
2026-03-21 10:07:00+00:00,0.74,397.3,44095
2026-03-21 10:08:00+00:00,10.39,496.5,188876
2026-03-21 10:09:00+00:00,10.28,500.0,194563
2026-03-21 10:10:00+00:00,9.56,503.5,220889
2026-03-21 10:11:00+00:00,8.20,498.4,247032
2026-03-21 10:12:00+00:00,8.27,485.8,292287
2026-03-21 10:13:00+00:00,10.26,478.9,427897
2026-03-21 10:14:00+00:00,6.10,504.0,259847
2026-03-21 10:15:00+00:00,10.39,498.9,88788
2026-03-21 10:16:00+00:00,10.33,477.0,58416
2026-03-21 10:17:00+00:00,11.36,488.2,100691
2026-03-21 10:18:00+00:00,12.10,471.7,85177
2026-03-21 10:19:00+00:00,13.15,467.4,64368
2026-03-21 10:20:00+00:00,13.58,468.3,53925
2026-03-21 10:21:00+00:00,13.74,480.2,59015
2026-03-21 10:22:00+00:00,13.24,482.2,69957
2026-03-21 10:23:00+00:00,12.77,467.8,56925
2026-03-21 10:24:00+00:00,13.34,467.8,63094
2026-03-21 10:25:00+00:00,14.29,477.2,79075
2026-03-21 10:26:00+00:00,14.26,475.1,71530
2026-03-21 10:27:00+00:00,13.25,469.8,59565
2026-03-21 10:28:00+00:00,12.30,472.7,59583
2026-03-21 10:29:00+00:00,12.21,483.4,77308
2026-03-21 10:30:00+00:00,13.45,477.5,76222
2026-03-21 10:32:00+00:00,30.53,482.2,45869
2026-03-21 10:33:00+00:00,10.64,474.7,69231
2026-03-21 10:34:00+00:00,8.15,470.4,52645
2026-03-21 10:35:00+00:00,6.61,442.3,29118
2026-03-21 10:36:00+00:00,6.88,469.3,67191
2026-03-21 10:37:00+00:00,7.33,487.2,102916
2026-03-21 10:38:00+00:00,7.32,479.7,81173
2026-03-21 10:39:00+00:00,7.97,480.8,85901
2026-03-21 10:40:00+00:00,8.49,485.9,101309
2026-03-21 10:41:00+00:00,7.55,477.9,81699
2026-03-21 10:42:00+00:00,5.74,462.6,59654
2026-03-21 10:43:00+00:00,3.91,449.1,38451
2026-03-21 10:44:00+00:00,6.42,476.1,78693
2026-03-21 10:45:00+00:00,7.04,483.6,104863
2026-03-21 10:46:00+00:00,7.15,476.6,86507
2026-03-21 10:47:00+00:00,3.24,439.0,25661
2026-03-21 10:48:00+00:00,5.76,477.0,69691
2026-03-21 10:49:00+00:00,5.85,490.9,97874
2026-03-21 10:50:00+00:00,5.75,450.1,46981
2026-03-21 10:51:00+00:00,5.49,489.4,116652
2026-03-21 10:52:00+00:00,5.64,485.6,88228
2026-03-21 10:53:00+00:00,6.01,484.4,85828
2026-03-21 10:54:00+00:00,5.71,468.9,60172
2026-03-21 10:55:00+00:00,7.33,469.7,77287
2026-03-21 10:56:00+00:00,9.62,475.3,92764
2026-03-21 10:57:00+00:00,7.58,455.0,56128
2026-03-21 10:58:00+00:00,5.26,451.1,42185
2026-03-21 10:59:00+00:00,7.27,480.7,75856
2026-03-21 11:00:00+00:00,7.67,478.6,83249
2026-03-21 11:01:00+00:00,8.74,481.8,103718
2026-03-21 11:02:00+00:00,6.79,474.9,65914
2026-03-21 11:03:00+00:00,9.71,479.9,102295
2026-03-21 11:04:00+00:00,5.98,482.9,86800
2026-03-21 11:05:00+00:00,3.60,451.8,30390
2026-03-21 11:06:00+00:00,5.83,505.0,124679
2026-03-21 11:07:00+00:00,7.65,501.5,166182
2026-03-21 11:08:00+00:00,6.87,493.4,102986
2026-03-21 11:09:00+00:00,6.71,465.3,57739
2026-03-21 11:10:00+00:00,7.18,495.7,129725
2026-03-21 11:11:00+00:00,7.65,500.6,152337
2026-03-21 11:12:00+00:00,7.57,483.6,110850
2026-03-21 11:13:00+00:00,7.32,479.1,86553
2026-03-21 11:14:00+00:00,11.07,517.5,291095
2026-03-21 11:15:00+00:00,9.91,504.8,228574
2026-03-21 11:16:00+00:00,6.42,469.4,78314
2026-03-21 11:17:00+00:00,3.98,454.6,51134
2026-03-21 11:18:00+00:00,6.10,495.4,133043
2026-03-21 11:19:00+00:00,7.17,490.9,115590
2026-03-21 11:20:00+00:00,6.18,484.3,87440
2026-03-21 11:21:00+00:00,6.83,507.4,148837
2026-03-21 11:22:00+00:00,7.19,493.1,144060
2026-03-21 11:23:00+00:00,8.84,480.4,76292
2026-03-21 11:24:00+00:00,6.74,484.4,77545
2026-03-21 11:25:00+00:00,6.55,505.4,114033
2026-03-21 11:26:00+00:00,5.95,499.6,87712
2026-03-21 11:27:00+00:00,5.30,483.8,55071
2026-03-21 11:28:00+00:00,6.03,482.8,66129
2026-03-21 11:29:00+00:00,8.02,490.2,101121
2026-03-21 11:30:00+00:00,9.34,489.3,99392
2026-03-21 11:31:00+00:00,8.51,469.9,54873
2026-03-21 11:32:00+00:00,7.21,457.2,51428
2026-03-21 11:33:00+00:00,7.81,501.9,97017
2026-03-21 11:34:00+00:00,8.22,489.6,98627
2026-03-21 11:35:00+00:00,6.91,452.8,48326
2026-03-21 11:36:00+00:00,7.80,478.4,60915
2026-03-21 11:37:00+00:00,8.59,490.4,91717
2026-03-21 11:38:00+00:00,6.58,478.4,58088
2026-03-21 11:39:00+00:00,5.74,445.6,35581
2026-03-21 11:40:00+00:00,4.36,485.2,59980
2026-03-21 11:41:00+00:00,3.88,493.7,68729
2026-03-21 11:42:00+00:00,3.88,490.7,65015
2026-03-21 11:43:00+00:00,4.19,483.8,57646
2026-03-21 11:44:00+00:00,4.10,484.1,51747
2026-03-21 11:45:00+00:00,6.82,494.0,65138
2026-03-21 11:46:00+00:00,10.48,500.7,84049
2026-03-21 11:47:00+00:00,6.41,568.6,541630
2026-03-21 11:48:00+00:00,5.44,548.2,420968
2026-03-21 11:49:00+00:00,2.27,482.2,54647
2026-03-21 11:50:00+00:00,1.66,464.3,45853
2026-03-21 11:51:00+00:00,4.87,482.6,122417
2026-03-21 11:52:00+00:00,4.45,463.7,64108
2026-03-21 11:53:00+00:00,4.85,483.5,99672
2026-03-21 11:54:00+00:00,2.42,452.7,26793
2026-03-21 11:55:00+00:00,4.30,486.6,73115
2026-03-21 11:56:00+00:00,5.22,491.2,114587
2026-03-21 11:57:00+00:00,3.78,482.9,73058
2026-03-21 11:58:00+00:00,3.56,496.5,89736
2026-03-21 11:59:00+00:00,3.89,506.3,113241
2026-03-21 12:00:00+00:00,3.85,502.1,102192
2026-03-21 12:01:00+00:00,3.70,489.8,79492
2026-03-21 12:02:00+00:00,4.06,485.4,76161
2026-03-21 12:03:00+00:00,4.16,489.5,75244
2026-03-21 12:04:00+00:00,2.99,473.0,39761
2026-03-21 12:05:00+00:00,3.51,462.1,58203
2026-03-21 12:06:00+00:00,4.99,493.4,165218
2026-03-21 12:07:00+00:00,4.56,492.5,173501
2026-03-21 12:08:00+00:00,1.89,494.6,216051
2026-03-21 12:09:00+00:00,1.95,451.8,103338
2026-03-21 12:10:00+00:00,1.37,499.3,336675
2026-03-21 12:11:00+00:00,1.28,502.4,342955
2026-03-21 12:12:00+00:00,1.33,511.8,243184
2026-03-21 12:13:00+00:00,1.39,516.3,248374
2026-03-21 12:14:00+00:00,1.42,506.3,226042
2026-03-21 12:15:00+00:00,1.35,477.5,186983
2026-03-21 12:16:00+00:00,1.13,449.9,195604
2026-03-21 12:17:00+00:00,1.22,462.4,277064
2026-03-21 12:18:00+00:00,1.54,491.2,358735
2026-03-21 12:19:00+00:00,1.56,493.0,372368
2026-03-21 12:22:00+00:00,1.36,505.1,354233
2026-03-21 12:23:00+00:00,1.71,494.2,200836
2026-03-21 12:24:00+00:00,1.53,455.0,165861
2026-03-21 12:25:00+00:00,0.67,414.2,129548
2026-03-21 12:26:00+00:00,2.01,477.1,197649
2026-03-21 12:27:00+00:00,2.17,498.1,209196
2026-03-21 12:28:00+00:00,1.64,483.4,98217
2026-03-21 12:29:00+00:00,1.78,495.4,109495
2026-03-21 12:30:00+00:00,1.99,507.3,129342
2026-03-21 12:31:00+00:00,2.51,481.8,82433
2026-03-21 12:33:00+00:00,2.43,493.9,88932
2026-03-21 12:34:00+00:00,2.53,494.1,103485
2026-03-21 12:35:00+00:00,2.15,487.7,108370
2026-03-21 12:36:00+00:00,2.14,480.0,92134
2026-03-21 12:37:00+00:00,2.02,503.4,147321
2026-03-21 12:38:00+00:00,2.31,500.0,160114
2026-03-21 12:39:00+00:00,3.04,438.3,52397
2026-03-21 12:40:00+00:00,3.40,494.4,156163
2026-03-21 12:41:00+00:00,2.49,500.6,158502
2026-03-21 12:42:00+00:00,2.81,507.4,137815
2026-03-21 12:43:00+00:00,2.62,476.9,69908
2026-03-21 12:44:00+00:00,3.66,494.7,123477
2026-03-21 12:45:00+00:00,3.94,522.2,198483
2026-03-21 12:46:00+00:00,2.86,482.7,122071
2026-03-21 12:47:00+00:00,2.38,496.6,136346
2026-03-21 12:48:00+00:00,2.54,513.9,141183
2026-03-21 12:49:00+00:00,2.50,505.6,90034
2026-03-21 12:50:00+00:00,2.33,497.1,68130
2026-03-21 12:51:00+00:00,2.30,491.7,62459
2026-03-21 12:52:00+00:00,2.36,518.2,81540
2026-03-21 12:53:00+00:00,2.93,483.6,41758
2026-03-21 12:54:00+00:00,2.87,487.6,43487
2026-03-21 12:55:00+00:00,2.42,517.5,57924
2026-03-21 12:56:00+00:00,2.38,519.4,83480
2026-03-21 12:57:00+00:00,2.71,529.6,132418
2026-03-21 12:58:00+00:00,2.50,463.9,39382
2026-03-21 12:59:00+00:00,1.74,459.6,29702
2026-03-21 13:00:00+00:00,2.43,494.9,62664
2026-03-21 13:01:00+00:00,2.42,467.9,43411
2026-03-21 13:02:00+00:00,1.90,483.2,55531
2026-03-21 13:03:00+00:00,2.00,510.4,74145
2026-03-21 13:04:00+00:00,2.19,510.3,75409
2026-03-21 13:05:00+00:00,2.49,488.6,62133
2026-03-21 13:06:00+00:00,3.39,490.2,90600
2026-03-21 13:07:00+00:00,3.52,520.0,137838
2026-03-21 13:08:00+00:00,2.37,509.6,87584
2026-03-21 13:09:00+00:00,2.27,473.4,58643
2026-03-21 13:10:00+00:00,1.42,519.4,128217
2026-03-21 13:11:00+00:00,2.57,540.6,142588
2026-03-21 13:12:00+00:00,2.45,522.0,85278
2026-03-21 13:13:00+00:00,2.32,464.8,33014
2026-03-21 13:14:00+00:00,1.79,540.7,146732
2026-03-21 13:15:00+00:00,1.94,514.3,84485
2026-03-21 13:16:00+00:00,2.17,511.2,67321
2026-03-21 13:17:00+00:00,0.70,453.3,49378
2026-03-21 13:18:00+00:00,1.52,486.7,68005
2026-03-21 13:19:00+00:00,2.01,515.1,111051
2026-03-21 13:20:00+00:00,1.32,500.0,99098
2026-03-21 13:21:00+00:00,1.85,495.1,59055
2026-03-21 13:22:00+00:00,4.94,521.8,44710
2026-03-21 13:23:00+00:00,6.59,538.1,42016
2026-03-21 13:24:00+00:00,3.69,519.4,50340
2026-03-21 13:25:00+00:00,3.86,534.5,60228
2026-03-21 13:26:00+00:00,3.90,556.1,79551
2026-03-21 13:27:00+00:00,3.78,553.2,78793
2026-03-21 13:28:00+00:00,1.38,498.4,64401
2026-03-21 13:29:00+00:00,3.03,519.7,62264
2026-03-21 13:30:00+00:00,2.87,508.3,62341
2026-03-21 13:31:00+00:00,3.08,522.4,48886
2026-03-21 13:32:00+00:00,3.13,527.9,72116
2026-03-21 13:33:00+00:00,3.21,531.7,69420
2026-03-21 13:34:00+00:00,3.21,527.4,60189
2026-03-21 13:35:00+00:00,8.80,485.2,41788
2026-03-21 13:36:00+00:00,8.03,488.6,41988
2026-03-21 13:37:00+00:00,3.66,526.0,60643
2026-03-21 13:38:00+00:00,3.50,517.7,56482
2026-03-21 13:39:00+00:00,3.28,506.7,41961
2026-03-21 13:40:00+00:00,3.72,538.1,58234
2026-03-21 13:41:00+00:00,3.65,518.8,58390
2026-03-21 13:42:00+00:00,3.97,526.2,68981
2026-03-21 13:43:00+00:00,4.02,478.7,23022
2026-03-21 13:44:00+00:00,3.11,528.4,58566
2026-03-21 13:45:00+00:00,4.93,533.1,45220
2026-03-21 13:46:00+00:00,3.80,507.1,38498
2026-03-21 13:47:00+00:00,4.78,516.3,36590
2026-03-21 13:48:00+00:00,7.12,528.0,67990
2026-03-21 13:49:00+00:00,5.86,521.1,45247
2026-03-21 13:50:00+00:00,3.34,496.0,21113
2026-03-21 13:51:00+00:00,4.07,512.6,34785
2026-03-21 13:52:00+00:00,5.34,526.3,46850
2026-03-21 13:53:00+00:00,4.70,516.0,38320
2026-03-21 13:54:00+00:00,4.88,516.6,39319
2026-03-21 13:55:00+00:00,6.24,523.6,50781
2026-03-21 13:56:00+00:00,5.37,514.9,38067
2026-03-21 13:57:00+00:00,4.02,499.7,18007
2026-03-21 13:58:00+00:00,1.89,472.8,15517
2026-03-21 13:59:00+00:00,7.38,,
2026-03-21 14:00:00+00:00,7.38,566.2,243330
2026-03-21 14:01:00+00:00,1.13,488.7,27380
2026-03-21 14:02:00+00:00,2.89,524.1,65921
2026-03-21 14:03:00+00:00,3.91,525.1,90684
2026-03-21 14:04:00+00:00,4.06,515.0,47398
2026-03-21 14:05:00+00:00,2.64,484.1,21380
2026-03-21 14:06:00+00:00,2.60,506.6,47395
2026-03-21 14:07:00+00:00,2.61,522.9,59021
2026-03-21 14:08:00+00:00,4.08,519.4,47349
2026-03-21 14:09:00+00:00,7.43,521.4,58470
2026-03-21 14:10:00+00:00,8.73,511.1,61903
2026-03-21 14:11:00+00:00,5.17,480.4,39178
2026-03-21 14:12:00+00:00,0.84,461.7,47728
2026-03-21 14:13:00+00:00,1.92,456.8,40343
2026-03-21 14:14:00+00:00,3.56,493.5,122351
2026-03-21 14:15:00+00:00,3.41,457.7,41171
2026-03-21 14:16:00+00:00,5.75,448.2,25283
2026-03-21 14:17:00+00:00,6.27,471.6,44270
2026-03-21 14:18:00+00:00,1.59,466.3,75858
2026-03-21 14:19:00+00:00,1.89,472.0,42677
2026-03-21 14:20:00+00:00,1.67,455.3,38420
2026-03-21 14:21:00+00:00,1.74,464.6,30048
2026-03-21 14:22:00+00:00,1.41,463.8,36831
2026-03-21 14:23:00+00:00,1.36,460.7,52637
2026-03-21 14:24:00+00:00,1.52,466.5,63123
2026-03-21 14:25:00+00:00,1.29,466.4,50642
2026-03-21 14:26:00+00:00,0.89,458.6,30420
2026-03-21 14:27:00+00:00,1.59,450.7,25861
2026-03-21 14:28:00+00:00,2.85,444.9,59487
2026-03-21 14:29:00+00:00,2.42,463.5,150962
2026-03-21 14:30:00+00:00,6.33,452.1,37271
2026-03-21 14:34:00+00:00,2.64,479.9,13587
2026-03-21 14:35:00+00:00,0.46,446.5,71272
2026-03-21 14:36:00+00:00,0.04,448.4,121480
2026-03-21 14:37:00+00:00,0.04,461.7,93932
2026-03-21 14:38:00+00:00,0.03,471.1,89990
2026-03-21 14:39:00+00:00,0.03,461.3,88663
2026-03-21 14:40:00+00:00,0.44,465.1,64284
2026-03-21 14:41:00+00:00,0.86,478.5,48934
2026-03-21 14:42:00+00:00,0.71,463.1,39501
2026-03-21 14:43:00+00:00,2.18,459.2,21798
2026-03-21 14:44:00+00:00,5.14,507.6,32378
2026-03-21 14:45:00+00:00,2.62,497.8,49606
2026-03-21 14:46:00+00:00,3.49,491.5,48677
2026-03-21 14:47:00+00:00,7.51,439.5,12069
2026-03-21 14:48:00+00:00,5.27,492.5,20106
2026-03-21 14:49:00+00:00,5.04,524.8,26038
2026-03-21 14:50:00+00:00,1.93,484.6,59406
2026-03-21 14:51:00+00:00,1.49,511.3,107412
2026-03-21 14:52:00+00:00,2.69,512.0,82575
2026-03-21 14:53:00+00:00,3.54,500.7,52099
2026-03-21 14:54:00+00:00,2.98,493.3,36507
2026-03-21 14:55:00+00:00,2.24,507.1,58434
2026-03-21 14:56:00+00:00,2.02,507.2,60635
2026-03-21 14:57:00+00:00,2.04,480.6,37832
2026-03-21 14:58:00+00:00,2.52,481.8,33235
2026-03-21 14:59:00+00:00,2.78,517.7,60121
2026-03-21 15:00:00+00:00,1.92,517.2,82827
2026-03-21 15:01:00+00:00,2.32,502.9,29704
2026-03-21 15:02:00+00:00,1.46,499.0,40291
2026-03-21 15:03:00+00:00,1.70,509.5,49197
2026-03-21 15:04:00+00:00,2.51,516.2,74258
2026-03-21 15:05:00+00:00,2.51,,
2026-03-21 15:06:00+00:00,1.41,541.8,128945
2026-03-21 15:07:00+00:00,0.85,514.8,100940
2026-03-21 15:08:00+00:00,0.65,507.2,79196
2026-03-21 15:09:00+00:00,0.27,493.0,113836
2026-03-21 15:10:00+00:00,0.43,501.5,123816
2026-03-21 15:11:00+00:00,0.61,503.4,96083
2026-03-21 15:12:00+00:00,0.55,500.9,66744
2026-03-21 15:13:00+00:00,0.52,512.9,92125
2026-03-21 15:14:00+00:00,0.57,517.1,120198
2026-03-21 15:15:00+00:00,0.63,506.0,97271
2026-03-21 15:16:00+00:00,0.75,500.6,92416
2026-03-21 15:17:00+00:00,0.74,476.2,81291
2026-03-21 15:18:00+00:00,0.38,521.6,184256
2026-03-21 15:19:00+00:00,0.35,507.2,130471
2026-03-21 15:20:00+00:00,0.61,514.0,73905
2026-03-21 15:21:00+00:00,0.69,510.6,153826
2026-03-21 15:22:00+00:00,0.56,503.4,267141
2026-03-21 15:23:00+00:00,0.56,529.7,269242
2026-03-21 15:24:00+00:00,0.48,499.9,170699
2026-03-21 15:25:00+00:00,1.20,523.4,157309
2026-03-21 15:26:00+00:00,4.31,532.9,101785
2026-03-21 15:27:00+00:00,6.26,522.6,60041
2026-03-21 15:28:00+00:00,7.81,529.6,39053
2026-03-21 15:29:00+00:00,8.12,543.8,43610
2026-03-21 15:30:00+00:00,7.19,554.2,61592
2026-03-21 15:31:00+00:00,6.40,518.6,66733
2026-03-21 15:32:00+00:00,8.62,471.1,40141
2026-03-21 15:33:00+00:00,5.64,478.1,55712
2026-03-21 15:34:00+00:00,0.09,442.1,62073
2026-03-21 15:35:00+00:00,0.24,470.2,136574
2026-03-21 15:36:00+00:00,0.24,501.5,224042
2026-03-21 15:37:00+00:00,0.64,522.4,192042
2026-03-21 15:38:00+00:00,0.64,522.7,191500
2026-03-21 15:39:00+00:00,0.20,471.1,202952
2026-03-21 15:40:00+00:00,0.34,490.3,142940
2026-03-21 15:41:00+00:00,0.36,502.5,120694
2026-03-21 15:42:00+00:00,0.25,501.1,181837
2026-03-21 15:43:00+00:00,0.31,505.6,172385
2026-03-21 15:44:00+00:00,0.36,501.7,166705
2026-03-21 15:45:00+00:00,0.27,489.7,253844
2026-03-21 15:46:00+00:00,0.21,474.8,237195
2026-03-21 15:47:00+00:00,0.21,478.4,161079
2026-03-21 15:48:00+00:00,0.09,499.8,255074
2026-03-21 15:49:00+00:00,0.10,447.9,96994
2026-03-21 15:50:00+00:00,0.25,499.7,302708
2026-03-21 15:51:00+00:00,0.08,511.0,283052
2026-03-21 15:52:00+00:00,0.09,543.0,264115
2026-03-21 15:53:00+00:00,0.09,529.8,325302
2026-03-21 15:54:00+00:00,0.09,487.7,187001
2026-03-21 15:55:00+00:00,0.19,526.7,321805
2026-03-21 15:56:00+00:00,0.17,529.2,254051
2026-03-21 15:57:00+00:00,0.17,521.0,267276
2026-03-21 15:58:00+00:00,0.24,513.3,328679
2026-03-21 15:59:00+00:00,0.85,513.4,220073
2026-03-21 16:00:00+00:00,0.85,521.6,203082
2026-03-21 16:01:00+00:00,0.83,497.5,142177
2026-03-21 16:02:00+00:00,0.76,477.7,100871
2026-03-21 16:03:00+00:00,0.50,492.7,229771
2026-03-21 16:04:00+00:00,0.12,474.5,302130
2026-03-21 16:05:00+00:00,0.07,435.6,95222
2026-03-21 16:06:00+00:00,0.11,477.4,345741
2026-03-21 16:07:00+00:00,0.05,426.0,59286
2026-03-21 16:08:00+00:00,0.10,495.1,495891
2026-03-21 16:09:00+00:00,1.98,466.0,55490
2026-03-21 16:10:00+00:00,0.40,487.0,255592
2026-03-21 16:11:00+00:00,0.26,488.9,274462
2026-03-21 16:13:00+00:00,0.86,524.4,171651
2026-03-21 16:14:00+00:00,0.74,515.8,152850
2026-03-21 16:15:00+00:00,0.44,508.3,218471
2026-03-21 16:16:00+00:00,0.30,496.5,187206
2026-03-21 16:17:00+00:00,0.33,495.1,110278
2026-03-21 16:18:00+00:00,0.66,517.7,158146
2026-03-21 16:19:00+00:00,1.12,536.1,185567
2026-03-21 16:20:00+00:00,1.00,529.4,107190
2026-03-21 16:21:00+00:00,1.04,529.6,167035
2026-03-21 16:22:00+00:00,1.21,527.7,194591
2026-03-21 16:23:00+00:00,3.95,480.0,23318
2026-03-21 16:24:00+00:00,0.48,469.6,43870
2026-03-21 16:25:00+00:00,1.06,485.7,41273
2026-03-21 16:26:00+00:00,0.73,516.1,93394
2026-03-21 16:27:00+00:00,0.33,497.0,76027
2026-03-21 16:28:00+00:00,0.24,500.3,172749
2026-03-21 16:29:00+00:00,0.34,484.4,123364
2026-03-21 16:30:00+00:00,0.32,498.5,176503
2026-03-21 16:31:00+00:00,0.31,497.5,147850
2026-03-21 16:32:00+00:00,0.97,512.5,90126
2026-03-21 16:33:00+00:00,1.79,514.0,43602
2026-03-21 16:34:00+00:00,1.94,512.8,34972
2026-03-21 16:35:00+00:00,2.07,532.5,39532
2026-03-21 16:36:00+00:00,2.48,518.5,37059
2026-03-21 16:37:00+00:00,2.18,504.4,57256
2026-03-21 16:38:00+00:00,2.22,507.0,49144
2026-03-21 16:39:00+00:00,0.33,468.7,39013
2026-03-21 16:40:00+00:00,5.61,505.8,28541
2026-03-21 16:41:00+00:00,5.71,524.1,35288
2026-03-21 16:42:00+00:00,2.13,503.5,32307
2026-03-21 16:43:00+00:00,0.40,482.7,36785
2026-03-21 16:44:00+00:00,0.16,479.4,37625
2026-03-21 16:45:00+00:00,4.00,520.2,130114
2026-03-21 16:46:00+00:00,1.68,497.3,54755
2026-03-21 16:47:00+00:00,1.18,493.8,23297
2026-03-21 16:48:00+00:00,2.08,501.6,31068
2026-03-21 16:49:00+00:00,1.43,490.6,31417
2026-03-21 16:50:00+00:00,0.57,487.7,30420
2026-03-21 16:51:00+00:00,1.12,507.0,31125
2026-03-21 16:52:00+00:00,0.90,508.1,42842
2026-03-21 16:53:00+00:00,0.80,510.0,66250
2026-03-21 16:54:00+00:00,2.04,491.3,34259
2026-03-21 16:55:00+00:00,1.86,490.3,38888
2026-03-21 16:56:00+00:00,12.19,512.6,54015
2026-03-21 16:57:00+00:00,6.16,499.4,25150
2026-03-21 16:58:00+00:00,1.80,467.5,32705
2026-03-21 16:59:00+00:00,1.14,478.2,40083
2026-03-21 17:00:00+00:00,0.36,462.8,46761
2026-03-21 17:01:00+00:00,0.37,462.8,35689
2026-03-21 17:02:00+00:00,1.44,498.7,167211
2026-03-21 17:03:00+00:00,2.84,511.1,125374
2026-03-21 17:04:00+00:00,1.91,492.3,30839
2026-03-21 17:05:00+00:00,0.46,476.9,22444
2026-03-21 17:06:00+00:00,0.48,471.8,23035
2026-03-21 17:07:00+00:00,1.09,482.4,33198
2026-03-21 17:08:00+00:00,2.16,508.5,54675
2026-03-21 17:09:00+00:00,1.52,488.8,26957
2026-03-21 17:10:00+00:00,0.76,494.9,50080
2026-03-21 17:11:00+00:00,0.41,488.7,45641
2026-03-21 17:12:00+00:00,0.14,484.8,92343
2026-03-21 17:13:00+00:00,0.16,496.6,129043
2026-03-21 17:14:00+00:00,0.89,499.4,128802
2026-03-21 17:15:00+00:00,1.92,506.0,91051
2026-03-21 17:16:00+00:00,3.21,497.9,54836
2026-03-21 17:17:00+00:00,3.52,495.4,46658
2026-03-21 17:18:00+00:00,3.57,501.8,46179
2026-03-21 17:19:00+00:00,2.45,490.8,30507
2026-03-21 17:20:00+00:00,2.35,480.5,19959
2026-03-21 17:21:00+00:00,3.28,476.1,18274
2026-03-21 17:22:00+00:00,4.63,462.2,15491
2026-03-21 17:23:00+00:00,5.91,480.8,18518
2026-03-21 17:24:00+00:00,3.83,547.3,32233
2026-03-21 17:25:00+00:00,0.41,511.3,47855
2026-03-21 17:26:00+00:00,1.45,523.6,28983
2026-03-21 17:27:00+00:00,0.17,507.2,89322
2026-03-21 17:28:00+00:00,0.12,501.0,49111
2026-03-21 17:29:00+00:00,0.10,536.5,121203
2026-03-21 17:30:00+00:00,0.09,485.2,73012
2026-03-21 17:31:00+00:00,0.09,480.1,41961
2026-03-21 17:32:00+00:00,0.19,487.2,38872
2026-03-21 17:33:00+00:00,0.11,504.0,81813
2026-03-21 17:34:00+00:00,0.09,492.9,52838
2026-03-21 17:35:00+00:00,0.05,475.5,45180
2026-03-21 17:36:00+00:00,0.02,477.0,68175
2026-03-21 17:37:00+00:00,0.02,484.9,83693
2026-03-21 17:38:00+00:00,0.10,491.4,94544
2026-03-21 17:39:00+00:00,0.27,498.1,84159
2026-03-21 17:40:00+00:00,0.30,494.9,48393
2026-03-21 17:41:00+00:00,0.27,491.2,47637
2026-03-21 17:42:00+00:00,0.57,490.0,27410
2026-03-21 17:43:00+00:00,0.09,487.1,32815
2026-03-21 17:44:00+00:00,0.02,490.4,53759
2026-03-21 17:45:00+00:00,0.02,478.4,37314
2026-03-21 17:46:00+00:00,0.02,487.6,45958
2026-03-21 17:47:00+00:00,0.04,496.1,75914
