time_tag,density,speed,temperature
2026-04-18 21:37:00+00:00,6.29,516.2,269451
2026-04-18 21:38:00+00:00,6.14,508.2,202789
2026-04-18 21:39:00+00:00,11.72,529.6,199295
2026-04-18 21:40:00+00:00,9.21,514.3,199501
2026-04-18 21:41:00+00:00,4.52,483.9,195507
2026-04-18 21:42:00+00:00,5.09,479.4,164040
2026-04-18 21:43:00+00:00,4.01,461.9,106747
2026-04-18 21:44:00+00:00,6.05,495.3,236388
2026-04-18 21:45:00+00:00,7.60,504.6,220644
2026-04-18 21:46:00+00:00,5.45,483.3,202590
2026-04-18 21:47:00+00:00,5.15,465.0,121654
2026-04-18 21:48:00+00:00,5.25,465.7,108653
2026-04-18 21:49:00+00:00,6.91,490.6,187392
2026-04-18 21:50:00+00:00,6.82,483.5,159954
2026-04-18 21:51:00+00:00,5.14,470.4,123794
2026-04-18 21:52:00+00:00,4.90,454.6,107912
2026-04-18 21:53:00+00:00,5.66,466.2,129170
2026-04-18 21:54:00+00:00,6.00,481.8,153291
2026-04-18 21:55:00+00:00,5.53,482.4,160823
2026-04-18 21:56:00+00:00,5.17,483.9,164239
2026-04-18 21:57:00+00:00,5.82,480.7,150510
2026-04-18 21:59:00+00:00,5.59,483.8,148981
2026-04-18 22:00:00+00:00,5.53,483.4,148466
2026-04-18 22:01:00+00:00,4.71,477.4,141265
2026-04-18 22:02:00+00:00,6.36,480.9,133502
2026-04-18 22:03:00+00:00,6.39,494.9,181226
2026-04-18 22:04:00+00:00,5.48,484.5,126295
2026-04-18 22:05:00+00:00,5.50,482.8,128072
2026-04-18 22:06:00+00:00,5.72,478.2,122570
2026-04-18 22:07:00+00:00,5.87,494.4,164733
2026-04-18 22:08:00+00:00,6.17,498.9,184267
2026-04-18 22:09:00+00:00,5.70,461.4,112946
2026-04-18 22:10:00+00:00,5.74,444.2,99945
2026-04-18 22:11:00+00:00,5.80,424.5,85087
2026-04-18 22:14:00+00:00,3.53,476.3,164836
2026-04-18 22:15:00+00:00,2.53,456.7,112432
2026-04-18 22:16:00+00:00,4.29,488.3,280122
2026-04-18 22:17:00+00:00,4.77,471.8,193004
2026-04-18 22:18:00+00:00,5.08,480.1,178935
2026-04-18 22:19:00+00:00,10.37,430.9,85884
2026-04-18 22:20:00+00:00,1.51,403.7,42074
2026-04-18 22:21:00+00:00,3.70,457.2,263833
2026-04-18 22:22:00+00:00,3.66,498.9,241547
2026-04-18 22:23:00+00:00,3.26,478.2,219392
2026-04-18 22:24:00+00:00,3.71,468.4,312188
2026-04-18 22:25:00+00:00,2.06,478.9,436627
2026-04-18 22:26:00+00:00,3.92,466.2,320874
2026-04-18 22:27:00+00:00,3.78,451.4,233891
2026-04-18 22:28:00+00:00,3.47,452.4,290760
2026-04-18 22:29:00+00:00,3.73,455.9,318293
2026-04-18 22:30:00+00:00,4.62,458.5,428116
2026-04-18 22:31:00+00:00,4.42,459.9,320411
2026-04-18 22:32:00+00:00,3.77,463.3,312956
2026-04-18 22:33:00+00:00,4.06,451.4,216522
2026-04-18 22:34:00+00:00,4.58,461.7,309724
2026-04-18 22:35:00+00:00,4.55,457.7,303115
2026-04-18 22:36:00+00:00,3.72,464.5,277345
2026-04-18 22:37:00+00:00,4.30,448.6,194369
2026-04-18 22:38:00+00:00,4.65,453.9,262140
2026-04-18 22:39:00+00:00,4.58,455.0,305035
2026-04-18 22:40:00+00:00,4.43,458.2,291630
2026-04-18 22:41:00+00:00,2.14,452.6,335667
2026-04-18 22:42:00+00:00,4.32,454.5,325495
2026-04-18 22:43:00+00:00,4.47,452.7,297628
2026-04-18 22:44:00+00:00,4.18,446.7,273264
2026-04-18 22:45:00+00:00,4.62,450.1,270162
2026-04-18 22:46:00+00:00,4.60,453.4,285485
2026-04-18 22:47:00+00:00,4.59,466.8,350684
2026-04-18 22:48:00+00:00,4.74,465.4,366509
2026-04-18 22:49:00+00:00,4.30,449.5,232339
2026-04-18 22:50:00+00:00,5.59,453.3,238006
2026-04-18 22:51:00+00:00,4.91,424.0,139797
2026-04-18 22:52:00+00:00,5.44,461.9,338753
2026-04-18 22:53:00+00:00,10.03,454.1,219619
2026-04-18 22:54:00+00:00,6.60,453.5,216145
2026-04-18 22:55:00+00:00,4.33,433.2,152860
2026-04-18 22:56:00+00:00,7.78,443.0,152822
2026-04-18 22:57:00+00:00,2.93,455.4,278383
2026-04-18 22:58:00+00:00,5.16,455.7,264524
2026-04-18 22:59:00+00:00,4.63,456.1,272793
2026-04-18 23:00:00+00:00,4.25,451.8,279907
2026-04-18 23:01:00+00:00,3.94,446.1,237373
2026-04-18 23:02:00+00:00,4.04,456.8,277493
2026-04-18 23:03:00+00:00,4.61,469.2,272777
2026-04-18 23:04:00+00:00,5.68,503.6,312852
2026-04-18 23:05:00+00:00,5.63,500.5,337202
2026-04-18 23:06:00+00:00,6.26,497.6,287041
2026-04-18 23:07:00+00:00,5.04,493.6,263418
2026-04-18 23:08:00+00:00,5.59,495.4,278652
2026-04-18 23:09:00+00:00,5.65,506.4,296660
2026-04-18 23:10:00+00:00,5.42,506.5,289980
2026-04-18 23:11:00+00:00,5.82,501.8,297632
2026-04-18 23:12:00+00:00,5.57,502.9,293257
2026-04-18 23:13:00+00:00,5.12,503.9,291775
2026-04-18 23:14:00+00:00,5.14,502.8,285620
2026-04-18 23:15:00+00:00,5.14,502.9,288459
2026-04-18 23:16:00+00:00,4.84,505.8,295298
2026-04-18 23:17:00+00:00,4.70,510.4,263568
2026-04-18 23:18:00+00:00,4.62,501.6,245197
2026-04-18 23:19:00+00:00,4.68,500.5,245072
2026-04-18 23:20:00+00:00,5.01,493.7,245645
2026-04-18 23:21:00+00:00,4.00,498.9,265110
2026-04-18 23:22:00+00:00,4.87,504.2,304677
2026-04-18 23:23:00+00:00,4.66,503.9,300044
2026-04-18 23:24:00+00:00,4.75,505.8,302544
2026-04-18 23:25:00+00:00,4.34,504.3,307809
2026-04-18 23:26:00+00:00,4.66,501.9,292528
2026-04-18 23:27:00+00:00,4.75,499.4,304835
2026-04-18 23:28:00+00:00,4.83,497.4,301541
2026-04-18 23:29:00+00:00,4.34,492.5,279364
2026-04-18 23:30:00+00:00,4.19,493.4,277320
2026-04-18 23:31:00+00:00,4.11,492.9,284967
2026-04-18 23:32:00+00:00,4.19,492.5,303549
2026-04-18 23:33:00+00:00,3.94,495.1,301158
2026-04-18 23:34:00+00:00,3.61,495.8,275384
2026-04-18 23:35:00+00:00,3.78,506.5,278847
2026-04-18 23:36:00+00:00,3.74,498.7,285569
2026-04-18 23:37:00+00:00,3.08,459.4,296198
2026-04-18 23:38:00+00:00,4.28,456.9,342689
2026-04-18 23:39:00+00:00,3.71,449.7,213127
2026-04-18 23:40:00+00:00,5.24,455.5,245437
2026-04-18 23:41:00+00:00,4.80,455.4,261782
2026-04-18 23:42:00+00:00,4.63,457.5,256503
2026-04-18 23:43:00+00:00,3.80,463.8,232427
2026-04-18 23:44:00+00:00,4.53,457.8,220813
2026-04-18 23:45:00+00:00,4.72,451.4,252427
2026-04-18 23:46:00+00:00,4.24,451.0,255978
2026-04-18 23:47:00+00:00,4.18,453.5,214773
2026-04-18 23:48:00+00:00,4.25,452.8,223817
2026-04-18 23:49:00+00:00,4.84,452.9,286668
2026-04-18 23:50:00+00:00,5.45,475.3,304195
2026-04-18 23:51:00+00:00,6.44,468.9,294748
2026-04-18 23:52:00+00:00,6.34,467.8,292126
2026-04-18 23:53:00+00:00,4.99,451.6,255411
2026-04-18 23:54:00+00:00,6.28,450.4,268607
2026-04-18 23:55:00+00:00,5.38,446.9,279571
2026-04-18 23:56:00+00:00,5.98,451.6,304812
2026-04-18 23:57:00+00:00,5.73,455.9,282933
2026-04-18 23:58:00+00:00,5.00,456.4,224056
2026-04-18 23:59:00+00:00,4.79,453.7,231832
2026-04-19 00:00:00+00:00,5.33,451.4,260575
2026-04-19 00:01:00+00:00,5.50,448.7,261130
2026-04-19 00:02:00+00:00,5.69,450.9,249408
2026-04-19 00:03:00+00:00,5.94,457.4,249200
2026-04-19 00:04:00+00:00,5.38,459.2,236624
2026-04-19 00:05:00+00:00,4.44,458.5,198536
2026-04-19 00:06:00+00:00,3.74,463.9,205375
2026-04-19 00:07:00+00:00,4.23,469.6,245534
2026-04-19 00:08:00+00:00,4.93,473.4,161573
2026-04-19 00:09:00+00:00,4.61,472.5,157208
2026-04-19 00:10:00+00:00,4.60,472.8,150052
2026-04-19 00:11:00+00:00,4.23,475.2,152397
2026-04-19 00:12:00+00:00,4.27,469.8,143254
2026-04-19 00:13:00+00:00,4.95,474.5,146659
2026-04-19 00:14:00+00:00,5.07,470.5,182944
2026-04-19 00:15:00+00:00,4.34,468.7,164185
2026-04-19 00:16:00+00:00,4.64,468.7,164375
2026-04-19 00:17:00+00:00,4.89,471.2,172469
2026-04-19 00:18:00+00:00,4.52,479.2,191598
2026-04-19 00:19:00+00:00,4.15,485.4,200027
2026-04-19 00:20:00+00:00,3.92,477.5,185891
2026-04-19 00:21:00+00:00,4.01,463.9,193816
2026-04-19 00:22:00+00:00,4.31,459.9,192059
2026-04-19 00:23:00+00:00,3.75,455.7,173623
2026-04-19 00:24:00+00:00,3.44,452.9,133618
2026-04-19 00:25:00+00:00,3.44,452.9,133618
2026-04-19 00:26:00+00:00,4.81,448.3,154626
2026-04-19 00:27:00+00:00,5.20,455.2,239014
2026-04-19 00:28:00+00:00,4.59,463.0,202908
2026-04-19 00:29:00+00:00,4.22,463.6,213423
2026-04-19 00:30:00+00:00,3.69,462.1,178683
2026-04-19 00:31:00+00:00,3.47,461.6,168053
2026-04-19 00:32:00+00:00,3.53,463.0,171184
2026-04-19 00:33:00+00:00,3.39,466.3,177744
2026-04-19 00:34:00+00:00,3.31,470.1,198721
2026-04-19 00:35:00+00:00,3.56,477.2,286018
2026-04-19 00:36:00+00:00,3.61,493.3,343575
2026-04-19 00:37:00+00:00,2.93,511.2,300275
2026-04-19 00:38:00+00:00,3.02,513.5,287425
2026-04-19 00:39:00+00:00,3.37,525.4,253516
2026-04-19 00:40:00+00:00,3.24,536.4,351684
2026-04-19 00:41:00+00:00,2.45,467.1,134189
2026-04-19 00:42:00+00:00,2.51,472.5,222942
2026-04-19 00:43:00+00:00,2.87,469.1,199208
2026-04-19 00:44:00+00:00,2.70,471.5,195960
2026-04-19 00:45:00+00:00,3.11,468.7,175750
2026-04-19 00:46:00+00:00,3.28,467.0,152848
2026-04-19 00:47:00+00:00,3.38,464.6,145012
2026-04-19 00:48:00+00:00,3.43,463.9,142277
2026-04-19 00:49:00+00:00,3.46,462.8,135224
2026-04-19 00:50:00+00:00,3.38,463.4,136603
2026-04-19 00:51:00+00:00,3.33,465.2,139770
2026-04-19 00:52:00+00:00,3.37,464.9,134316
2026-04-19 00:53:00+00:00,3.21,464.5,133168
2026-04-19 00:54:00+00:00,3.21,463.6,127460
2026-04-19 00:55:00+00:00,3.28,464.9,129174
2026-04-19 00:56:00+00:00,3.05,463.2,111509
2026-04-19 00:58:00+00:00,3.38,460.3,101261
2026-04-19 01:00:00+00:00,2.80,463.8,102944
2026-04-19 01:01:00+00:00,3.20,463.8,100710
2026-04-19 01:02:00+00:00,3.48,464.4,106285
2026-04-19 01:03:00+00:00,3.40,464.7,114653
2026-04-19 01:04:00+00:00,3.29,463.3,106070
2026-04-19 01:05:00+00:00,3.21,462.4,95519
2026-04-19 01:06:00+00:00,3.20,463.2,93150
2026-04-19 01:07:00+00:00,3.25,464.1,99558
2026-04-19 01:08:00+00:00,3.28,462.8,100691
2026-04-19 01:09:00+00:00,3.27,461.1,87768
2026-04-19 01:10:00+00:00,3.09,463.7,100568
2026-04-19 01:11:00+00:00,3.07,464.2,100482
2026-04-19 01:12:00+00:00,3.09,464.5,101727
2026-04-19 01:13:00+00:00,3.39,468.8,119156
2026-04-19 01:14:00+00:00,3.14,467.9,111631
2026-04-19 01:15:00+00:00,3.29,467.9,108098
2026-04-19 01:16:00+00:00,3.16,469.5,121116
2026-04-19 01:17:00+00:00,3.36,469.8,112829
2026-04-19 01:18:00+00:00,2.89,472.0,113727
2026-04-19 01:19:00+00:00,3.12,472.4,107177
2026-04-19 01:20:00+00:00,3.23,473.3,106698
2026-04-19 01:21:00+00:00,3.27,473.1,112398
2026-04-19 01:22:00+00:00,2.79,470.0,152063
2026-04-19 01:23:00+00:00,3.03,473.4,144497
2026-04-19 01:24:00+00:00,3.39,479.3,141889
2026-04-19 01:25:00+00:00,3.45,480.9,158270
2026-04-19 01:26:00+00:00,3.46,481.0,157997
2026-04-19 01:27:00+00:00,3.18,481.8,169113
2026-04-19 01:28:00+00:00,3.64,485.1,168270
2026-04-19 01:29:00+00:00,3.36,483.7,149273
2026-04-19 01:31:00+00:00,3.37,485.6,158919
2026-04-19 01:32:00+00:00,3.38,481.3,139486
2026-04-19 01:33:00+00:00,3.56,484.4,146456
2026-04-19 01:34:00+00:00,3.58,485.8,159347
2026-04-19 01:35:00+00:00,3.52,487.5,169544
2026-04-19 01:36:00+00:00,3.66,487.2,172005
2026-04-19 01:37:00+00:00,3.69,487.5,169804
2026-04-19 01:38:00+00:00,3.76,488.3,170940
2026-04-19 01:39:00+00:00,3.84,488.8,172581
2026-04-19 01:40:00+00:00,3.67,489.7,173621
2026-04-19 01:41:00+00:00,3.53,489.2,178023
2026-04-19 01:42:00+00:00,3.60,488.3,183280
2026-04-19 01:43:00+00:00,3.82,487.7,180330
2026-04-19 01:44:00+00:00,3.41,485.4,169687
2026-04-19 01:45:00+00:00,3.39,487.1,177825
2026-04-19 01:46:00+00:00,3.56,490.0,171826
2026-04-19 01:47:00+00:00,3.79,486.5,163060
2026-04-19 01:48:00+00:00,3.62,489.0,170572
2026-04-19 01:49:00+00:00,3.58,487.6,169391
2026-04-19 01:50:00+00:00,3.67,489.2,178620
2026-04-19 01:51:00+00:00,3.81,488.5,176501
2026-04-19 01:52:00+00:00,3.71,488.5,174609
2026-04-19 01:53:00+00:00,3.75,488.3,169874
2026-04-19 01:54:00+00:00,3.73,486.9,170289
2026-04-19 01:55:00+00:00,3.69,485.8,176742
2026-04-19 01:56:00+00:00,3.64,486.0,184191
2026-04-19 01:57:00+00:00,3.66,487.1,177550
2026-04-19 01:58:00+00:00,3.63,491.0,161901
2026-04-19 01:59:00+00:00,3.38,494.5,174399
2026-04-19 02:00:00+00:00,3.56,490.6,189853
2026-04-19 02:01:00+00:00,4.02,483.0,220100
2026-04-19 02:02:00+00:00,3.95,484.5,209873
2026-04-19 02:03:00+00:00,3.95,484.5,209873
2026-04-19 02:04:00+00:00,3.84,485.2,219072
2026-04-19 02:05:00+00:00,4.01,489.5,179714
2026-04-19 02:06:00+00:00,3.93,490.2,175965
2026-04-19 02:07:00+00:00,3.48,489.6,198909
2026-04-19 02:08:00+00:00,4.06,483.4,218076
2026-04-19 02:09:00+00:00,4.22,483.9,205547
2026-04-19 02:10:00+00:00,4.18,488.0,186699
2026-04-19 02:11:00+00:00,3.87,490.6,177827
2026-04-19 02:12:00+00:00,3.78,489.4,176897
2026-04-19 02:13:00+00:00,3.96,490.8,179234
2026-04-19 02:14:00+00:00,4.04,489.9,189512
2026-04-19 02:15:00+00:00,3.97,490.0,180885
2026-04-19 02:16:00+00:00,3.94,485.4,186835
2026-04-19 02:17:00+00:00,4.05,487.6,172260
2026-04-19 02:18:00+00:00,3.74,488.3,173118
2026-04-19 02:19:00+00:00,4.34,481.4,179168
2026-04-19 02:20:00+00:00,4.37,481.7,193409
2026-04-19 02:21:00+00:00,3.72,479.9,190886
2026-04-19 02:22:00+00:00,3.71,475.8,194576
2026-04-19 02:23:00+00:00,4.47,466.3,212340
2026-04-19 02:24:00+00:00,4.85,461.2,202858
2026-04-19 02:25:00+00:00,4.42,463.8,202815
2026-04-19 02:26:00+00:00,4.23,465.5,211113
2026-04-19 02:27:00+00:00,4.00,469.6,203983
2026-04-19 02:28:00+00:00,3.58,474.1,202434
2026-04-19 02:29:00+00:00,3.98,468.2,217200
2026-04-19 02:30:00+00:00,3.54,470.5,223768
2026-04-19 02:31:00+00:00,4.12,466.0,217595
2026-04-19 02:32:00+00:00,4.19,462.9,223587
2026-04-19 02:33:00+00:00,4.27,463.3,206506
2026-04-19 02:34:00+00:00,3.79,462.2,202890
2026-04-19 02:35:00+00:00,4.18,464.9,215443
2026-04-19 02:36:00+00:00,4.21,465.1,216340
2026-04-19 02:37:00+00:00,3.90,466.1,217951
2026-04-19 02:38:00+00:00,3.78,465.1,224991
2026-04-19 02:39:00+00:00,3.79,466.7,233827
2026-04-19 02:40:00+00:00,3.80,468.0,235294
2026-04-19 02:41:00+00:00,4.04,467.9,244427
2026-04-19 02:42:00+00:00,4.17,464.9,238647
2026-04-19 02:43:00+00:00,4.15,465.5,227933
2026-04-19 02:44:00+00:00,4.08,466.6,214499
2026-04-19 02:45:00+00:00,4.08,467.7,212832
2026-04-19 02:46:00+00:00,4.30,468.4,197521
2026-04-19 02:47:00+00:00,4.16,464.9,212778
2026-04-19 02:48:00+00:00,4.10,464.5,213820
2026-04-19 02:49:00+00:00,4.42,464.9,211468
2026-04-19 02:50:00+00:00,4.34,462.5,196168
2026-04-19 02:51:00+00:00,4.38,462.6,206932
2026-04-19 02:52:00+00:00,3.93,465.6,198201
2026-04-19 02:53:00+00:00,4.10,468.3,214574
2026-04-19 02:54:00+00:00,4.15,473.1,211725
2026-04-19 02:55:00+00:00,4.03,472.8,218377
2026-04-19 02:56:00+00:00,4.14,470.5,203349
2026-04-19 02:57:00+00:00,4.09,468.9,201903
2026-04-19 02:58:00+00:00,4.11,466.6,211754
2026-04-19 02:59:00+00:00,4.12,464.2,205442
2026-04-19 03:00:00+00:00,3.93,464.0,186808
2026-04-19 03:01:00+00:00,3.95,465.0,169765
2026-04-19 03:02:00+00:00,3.63,472.2,166850
2026-04-19 03:03:00+00:00,3.75,481.1,159674
2026-04-19 03:04:00+00:00,3.71,481.3,176870
2026-04-19 03:05:00+00:00,3.71,481.3,176870
2026-04-19 03:06:00+00:00,4.01,491.2,176031
2026-04-19 03:07:00+00:00,4.22,489.1,172536
2026-04-19 03:08:00+00:00,4.00,489.0,166771
2026-04-19 03:09:00+00:00,3.97,489.0,165922
2026-04-19 03:10:00+00:00,3.43,503.1,218818
2026-04-19 03:11:00+00:00,3.59,487.8,178859
2026-04-19 03:12:00+00:00,3.38,478.4,144926
2026-04-19 03:13:00+00:00,3.43,476.8,132993
2026-04-19 03:14:00+00:00,3.51,476.9,135713
2026-04-19 03:15:00+00:00,3.62,480.7,149785
2026-04-19 03:16:00+00:00,3.87,481.7,153976
2026-04-19 03:17:00+00:00,3.76,479.5,157478
2026-04-19 03:18:00+00:00,4.11,493.3,210021
2026-04-19 03:19:00+00:00,3.93,492.2,200156
2026-04-19 03:20:00+00:00,4.45,494.7,208110
2026-04-19 03:21:00+00:00,4.09,497.1,206222
2026-04-19 03:22:00+00:00,4.40,492.1,214797
2026-04-19 03:23:00+00:00,4.28,491.5,214556
2026-04-19 03:24:00+00:00,3.97,481.7,177385
2026-04-19 03:25:00+00:00,3.70,483.7,200858
2026-04-19 03:26:00+00:00,3.91,479.5,171360
2026-04-19 03:27:00+00:00,3.95,481.4,199109
2026-04-19 03:28:00+00:00,3.63,480.4,187352
2026-04-19 03:29:00+00:00,3.65,478.0,173933
2026-04-19 03:30:00+00:00,3.89,476.0,165439
2026-04-19 03:31:00+00:00,3.72,479.5,152560
2026-04-19 03:32:00+00:00,3.28,483.7,141517
2026-04-19 03:33:00+00:00,3.16,480.3,151513
2026-04-19 03:34:00+00:00,3.60,477.7,161025
2026-04-19 03:35:00+00:00,3.99,472.9,137048
2026-04-19 03:36:00+00:00,3.77,475.5,149863
2026-04-19 03:37:00+00:00,3.59,475.1,147640
2026-04-19 03:38:00+00:00,3.13,475.1,109334
2026-04-19 03:39:00+00:00,3.16,475.8,118733
2026-04-19 03:40:00+00:00,3.10,474.7,116295
2026-04-19 03:41:00+00:00,3.23,472.7,118144
2026-04-19 03:42:00+00:00,3.26,472.3,118700
2026-04-19 03:43:00+00:00,3.70,479.9,162398
2026-04-19 03:44:00+00:00,3.68,483.1,175451
2026-04-19 03:45:00+00:00,3.74,485.3,185276
2026-04-19 03:46:00+00:00,3.90,487.4,194455
2026-04-19 03:47:00+00:00,4.22,487.1,204772
2026-04-19 03:48:00+00:00,4.36,483.3,195193
2026-04-19 03:49:00+00:00,4.04,482.8,171592
2026-04-19 03:50:00+00:00,3.90,480.3,167418
2026-04-19 03:51:00+00:00,3.17,478.8,167308
2026-04-19 03:52:00+00:00,4.16,475.7,161701
2026-04-19 03:53:00+00:00,3.84,479.0,174723
2026-04-19 03:54:00+00:00,3.96,474.4,163510
2026-04-19 03:55:00+00:00,3.58,474.2,166605
2026-04-19 03:56:00+00:00,4.05,473.0,155408
2026-04-19 03:57:00+00:00,3.74,475.3,141909
2026-04-19 03:58:00+00:00,3.77,470.8,102827
2026-04-19 04:00:00+00:00,3.94,481.4,154766
2026-04-19 04:01:00+00:00,3.65,481.6,138417
2026-04-19 04:02:00+00:00,3.44,480.9,129038
2026-04-19 04:03:00+00:00,3.37,479.3,138620
2026-04-19 04:04:00+00:00,3.33,479.2,145825
2026-04-19 04:05:00+00:00,3.55,479.3,136156
2026-04-19 04:06:00+00:00,3.61,478.0,115580
2026-04-19 04:07:00+00:00,4.48,490.6,168768
2026-04-19 04:08:00+00:00,4.83,489.4,171814
2026-04-19 04:09:00+00:00,4.41,481.5,124239
2026-04-19 04:10:00+00:00,3.48,473.9,103045
2026-04-19 04:11:00+00:00,3.94,473.8,112234
2026-04-19 04:12:00+00:00,3.91,487.1,132146
2026-04-19 04:13:00+00:00,3.31,485.0,129072
2026-04-19 04:14:00+00:00,2.37,456.5,80421
2026-04-19 04:15:00+00:00,2.08,446.6,63287
2026-04-19 04:16:00+00:00,4.89,513.5,285384
2026-04-19 04:17:00+00:00,3.83,494.5,198938
2026-04-19 04:18:00+00:00,2.24,465.4,97818
2026-04-19 04:19:00+00:00,2.30,465.4,101479
2026-04-19 04:20:00+00:00,3.78,486.6,153750
2026-04-19 04:21:00+00:00,3.86,483.6,145754
2026-04-19 04:22:00+00:00,2.55,470.3,97081
2026-04-19 04:23:00+00:00,1.98,454.8,67110
2026-04-19 04:24:00+00:00,3.16,478.8,122371
2026-04-19 04:25:00+00:00,3.66,489.0,117971
2026-04-19 04:26:00+00:00,3.89,483.3,125886
2026-04-19 04:27:00+00:00,3.88,488.9,126385
2026-04-19 04:28:00+00:00,2.90,465.1,83151
2026-04-19 04:29:00+00:00,3.81,486.0,148615
2026-04-19 04:30:00+00:00,3.05,489.6,164859
2026-04-19 04:31:00+00:00,4.30,491.2,152746
2026-04-19 04:32:00+00:00,2.88,470.1,100891
2026-04-19 04:33:00+00:00,2.63,469.0,100355
2026-04-19 04:34:00+00:00,3.50,485.5,144864
2026-04-19 04:35:00+00:00,3.71,492.4,160697
2026-04-19 04:36:00+00:00,2.95,481.5,125220
2026-04-19 04:37:00+00:00,2.19,461.2,86084
2026-04-19 04:38:00+00:00,4.10,478.7,140414
2026-04-19 04:39:00+00:00,4.52,484.6,166251
2026-04-19 04:40:00+00:00,3.20,477.7,112355
2026-04-19 04:41:00+00:00,1.47,454.6,59664
2026-04-19 04:42:00+00:00,3.43,488.8,139946
2026-04-19 04:43:00+00:00,3.65,486.8,137393
2026-04-19 04:44:00+00:00,3.46,478.9,117716
2026-04-19 04:45:00+00:00,2.62,468.5,101699
2026-04-19 04:46:00+00:00,2.88,460.6,97994
2026-04-19 04:47:00+00:00,3.60,478.7,192824
2026-04-19 04:48:00+00:00,3.88,488.8,240321
2026-04-19 04:49:00+00:00,3.11,473.4,201406
2026-04-19 04:50:00+00:00,3.07,456.1,154152
2026-04-19 04:51:00+00:00,3.20,460.0,128596
2026-04-19 04:52:00+00:00,3.69,497.7,181463
2026-04-19 04:53:00+00:00,3.94,497.0,175799
2026-04-19 04:54:00+00:00,3.39,475.5,93277
2026-04-19 04:55:00+00:00,3.05,451.1,67156
2026-04-19 04:56:00+00:00,4.32,500.3,179354
2026-04-19 04:57:00+00:00,5.43,495.3,172186
2026-04-19 04:58:00+00:00,3.43,479.6,99871
2026-04-19 04:59:00+00:00,2.78,447.3,62098
2026-04-19 05:00:00+00:00,3.63,483.5,121144
2026-04-19 05:01:00+00:00,3.94,476.9,121706
2026-04-19 05:02:00+00:00,4.38,481.5,141693
2026-04-19 05:03:00+00:00,2.91,457.8,91978
2026-04-19 05:04:00+00:00,3.07,472.2,108461
2026-04-19 05:05:00+00:00,3.91,483.9,125759
2026-04-19 05:06:00+00:00,4.10,485.2,127830
2026-04-19 05:07:00+00:00,3.89,485.0,119952
2026-04-19 05:08:00+00:00,3.46,467.3,84534
2026-04-19 05:09:00+00:00,3.47,462.6,92450
2026-04-19 05:10:00+00:00,3.90,479.3,123916
2026-04-19 05:11:00+00:00,3.86,487.9,141248
2026-04-19 05:12:00+00:00,2.91,467.7,88640
2026-04-19 05:13:00+00:00,3.02,448.6,66621
2026-04-19 05:14:00+00:00,3.32,505.6,207001
2026-04-19 05:15:00+00:00,3.65,491.9,163176
2026-04-19 05:16:00+00:00,3.65,490.4,150910
2026-04-19 05:17:00+00:00,2.91,484.8,138672
2026-04-19 05:18:00+00:00,2.87,493.4,168069
2026-04-19 05:19:00+00:00,3.20,498.3,197793
2026-04-19 05:20:00+00:00,2.77,486.2,152320
2026-04-19 05:21:00+00:00,2.38,477.8,115988
2026-04-19 05:22:00+00:00,3.17,487.5,147225
2026-04-19 05:23:00+00:00,3.17,485.7,135237
2026-04-19 05:24:00+00:00,2.90,477.4,113776
2026-04-19 05:25:00+00:00,2.54,469.8,118136
2026-04-19 05:26:00+00:00,3.01,477.6,147241
2026-04-19 05:27:00+00:00,3.02,476.4,157582
2026-04-19 05:28:00+00:00,2.52,501.1,269618
2026-04-19 05:29:00+00:00,2.96,487.5,159742
2026-04-19 05:30:00+00:00,2.23,470.9,101777
2026-04-19 05:31:00+00:00,2.69,470.0,109494
2026-04-19 05:32:00+00:00,2.53,495.2,180532
2026-04-19 05:33:00+00:00,1.86,494.6,157794
2026-04-19 05:34:00+00:00,1.99,483.1,139256
2026-04-19 05:35:00+00:00,1.78,461.1,102964
2026-04-19 05:36:00+00:00,2.54,491.4,167883
2026-04-19 05:37:00+00:00,3.10,501.9,175965
2026-04-19 05:38:00+00:00,2.97,486.0,135372
2026-04-19 05:39:00+00:00,5.52,468.3,116193
2026-04-19 05:40:00+00:00,6.42,438.1,64539
2026-04-19 05:41:00+00:00,1.18,444.5,56016
2026-04-19 05:42:00+00:00,3.58,501.7,163805
2026-04-19 05:43:00+00:00,2.63,495.9,161344
2026-04-19 05:44:00+00:00,1.69,454.3,84972
2026-04-19 05:45:00+00:00,2.85,509.1,202019
2026-04-19 05:46:00+00:00,2.90,501.6,198370
2026-04-19 05:47:00+00:00,3.21,486.3,145984
2026-04-19 05:48:00+00:00,2.76,485.2,152737
2026-04-19 05:49:00+00:00,2.56,479.5,147926
2026-04-19 05:50:00+00:00,3.12,497.7,208008
2026-04-19 05:51:00+00:00,3.55,503.1,219103
2026-04-19 05:52:00+00:00,3.67,495.7,198819
2026-04-19 05:53:00+00:00,3.75,492.4,170188
2026-04-19 05:54:00+00:00,3.82,493.3,153661
2026-04-19 05:55:00+00:00,5.04,529.8,337268
2026-04-19 05:56:00+00:00,4.64,520.2,287525
2026-04-19 05:57:00+00:00,3.40,490.4,163200
2026-04-19 05:58:00+00:00,2.43,471.4,113111
2026-04-19 05:59:00+00:00,3.55,508.4,188602
2026-04-19 06:00:00+00:00,4.30,491.3,209202
2026-04-19 06:01:00+00:00,4.33,498.9,259560
2026-04-19 06:02:00+00:00,3.50,497.5,184047
2026-04-19 06:03:00+00:00,3.59,511.0,240440
2026-04-19 06:04:00+00:00,4.30,507.1,286571
2026-04-19 06:05:00+00:00,3.96,505.1,269418
2026-04-19 06:06:00+00:00,2.13,477.2,157143
2026-04-19 06:07:00+00:00,2.93,493.3,220635
2026-04-19 06:08:00+00:00,3.85,501.5,257540
2026-04-19 06:09:00+00:00,3.57,498.2,226753
2026-04-19 06:10:00+00:00,3.28,494.7,204180
2026-04-19 06:11:00+00:00,3.38,486.5,201115
2026-04-19 06:12:00+00:00,3.76,490.4,238082
2026-04-19 06:13:00+00:00,3.53,493.9,233164
2026-04-19 06:14:00+00:00,1.47,457.3,63857
2026-04-19 06:15:00+00:00,3.31,490.2,197107
2026-04-19 06:16:00+00:00,2.03,467.5,144279
2026-04-19 06:17:00+00:00,3.20,517.4,381562
2026-04-19 06:18:00+00:00,3.97,501.4,256959
2026-04-19 06:19:00+00:00,3.15,499.0,237362
2026-04-19 06:20:00+00:00,1.52,464.8,135123
2026-04-19 06:21:00+00:00,2.54,489.8,217109
2026-04-19 06:22:00+00:00,1.76,462.4,83157
2026-04-19 06:23:00+00:00,3.15,477.5,132135
2026-04-19 06:24:00+00:00,3.31,471.8,130542
2026-04-19 06:25:00+00:00,3.22,485.5,113866
2026-04-19 06:26:00+00:00,3.75,520.0,178456
2026-04-19 06:27:00+00:00,3.95,532.7,232370
2026-04-19 06:28:00+00:00,3.54,455.0,65573
2026-04-19 06:30:00+00:00,3.53,509.7,155902
2026-04-19 06:31:00+00:00,3.85,522.9,208316
2026-04-19 06:32:00+00:00,3.27,489.1,103706
2026-04-19 06:33:00+00:00,3.58,490.7,115569
2026-04-19 06:34:00+00:00,3.80,504.9,125875
2026-04-19 06:35:00+00:00,0.40,442.8,28442
2026-04-19 06:36:00+00:00,3.28,515.0,144777
2026-04-19 06:37:00+00:00,3.36,505.8,138126
2026-04-19 06:38:00+00:00,2.07,457.0,66107
2026-04-19 06:39:00+00:00,3.46,514.3,127193
2026-04-19 06:40:00+00:00,3.77,533.3,176286
2026-04-19 06:41:00+00:00,3.61,520.9,164725
2026-04-19 06:42:00+00:00,3.42,491.3,111295
2026-04-19 06:43:00+00:00,3.42,495.7,110607
2026-04-19 06:44:00+00:00,3.42,542.1,170099
2026-04-19 06:45:00+00:00,3.19,531.3,166742
2026-04-19 06:46:00+00:00,2.97,506.2,121055
2026-04-19 06:47:00+00:00,2.64,479.7,106510
2026-04-19 06:48:00+00:00,1.97,502.5,265707
2026-04-19 06:49:00+00:00,4.13,500.3,199265
2026-04-19 06:50:00+00:00,3.43,489.0,151385
2026-04-19 06:51:00+00:00,2.43,467.3,90762
2026-04-19 06:52:00+00:00,3.25,499.4,165402
2026-04-19 06:53:00+00:00,3.62,506.3,205641
2026-04-19 06:54:00+00:00,3.27,486.4,147784
2026-04-19 06:55:00+00:00,2.26,486.2,176791
2026-04-19 06:56:00+00:00,3.45,479.3,156609
2026-04-19 06:57:00+00:00,3.86,487.9,202355
2026-04-19 06:58:00+00:00,3.74,492.5,213591
2026-04-19 06:59:00+00:00,3.47,497.0,223071
2026-04-19 07:00:00+00:00,3.85,515.8,306829
2026-04-19 07:01:00+00:00,2.49,492.6,179135
2026-04-19 07:02:00+00:00,2.43,488.2,172977
2026-04-19 07:03:00+00:00,2.20,475.1,158090
2026-04-19 07:04:00+00:00,2.34,502.7,218519
2026-04-19 07:05:00+00:00,1.97,476.0,177616
2026-04-19 07:06:00+00:00,3.34,488.9,228997
2026-04-19 07:07:00+00:00,1.32,444.6,36167
2026-04-19 07:08:00+00:00,4.09,480.6,185774
2026-04-19 07:09:00+00:00,2.91,466.5,160811
2026-04-19 07:10:00+00:00,3.87,486.8,237570
2026-04-19 07:11:00+00:00,4.43,488.4,230577
2026-04-19 07:12:00+00:00,2.69,485.1,204513
2026-04-19 07:13:00+00:00,3.84,480.9,194931
2026-04-19 07:14:00+00:00,3.07,475.5,189696
2026-04-19 07:15:00+00:00,3.57,483.1,226564
2026-04-19 07:16:00+00:00,6.97,492.7,234950
2026-04-19 07:17:00+00:00,9.36,484.2,160893
2026-04-19 07:18:00+00:00,3.29,478.3,164436
2026-04-19 07:19:00+00:00,3.68,451.7,99834
2026-04-19 07:20:00+00:00,4.47,494.9,231342
2026-04-19 07:21:00+00:00,4.98,489.3,250425
2026-04-19 07:22:00+00:00,3.74,481.2,211624
2026-04-19 07:23:00+00:00,2.38,455.7,128348
2026-04-19 07:24:00+00:00,4.69,492.0,244600
2026-04-19 07:25:00+00:00,8.45,491.9,176513
2026-04-19 07:26:00+00:00,5.21,479.2,180291
2026-04-19 07:27:00+00:00,6.17,457.8,124822
2026-04-19 07:28:00+00:00,5.26,483.6,204505
2026-04-19 07:29:00+00:00,2.23,493.3,216225
2026-04-19 07:30:00+00:00,3.81,495.9,204495
2026-04-19 07:31:00+00:00,3.24,486.8,157580
2026-04-19 07:32:00+00:00,3.10,474.5,129331
2026-04-19 07:33:00+00:00,3.28,486.6,173362
2026-04-19 07:34:00+00:00,5.28,528.8,469279
2026-04-19 07:35:00+00:00,4.88,520.6,419274
2026-04-19 07:36:00+00:00,2.30,465.9,93848
2026-04-19 07:37:00+00:00,2.68,450.9,88268
2026-04-19 07:38:00+00:00,3.64,514.7,250455
2026-04-19 07:39:00+00:00,3.26,498.6,181295
2026-04-19 07:40:00+00:00,3.42,512.3,225165
2026-04-19 07:41:00+00:00,2.87,469.3,134365
2026-04-19 07:42:00+00:00,2.96,503.6,180570
2026-04-19 07:43:00+00:00,3.38,522.5,217687
2026-04-19 07:44:00+00:00,3.90,524.1,247615
2026-04-19 07:45:00+00:00,3.89,512.5,226762
2026-04-19 07:46:00+00:00,3.71,510.5,203105
2026-04-19 07:47:00+00:00,3.68,521.1,218458
2026-04-19 07:48:00+00:00,3.67,522.1,225862
2026-04-19 07:49:00+00:00,3.65,516.1,213975
2026-04-19 07:50:00+00:00,2.98,505.8,187082
2026-04-19 07:51:00+00:00,3.11,521.5,207508
2026-04-19 07:52:00+00:00,3.66,523.0,272647
2026-04-19 07:53:00+00:00,2.27,483.2,113215
2026-04-19 07:54:00+00:00,3.15,500.6,143456
2026-04-19 07:55:00+00:00,3.69,483.1,110057
2026-04-19 07:56:00+00:00,9.83,518.0,158258
2026-04-19 07:57:00+00:00,5.33,524.0,195100
2026-04-19 07:58:00+00:00,4.23,516.3,185672
2026-04-19 07:59:00+00:00,3.28,480.5,93867
2026-04-19 08:00:00+00:00,3.78,502.7,152999
2026-04-19 08:01:00+00:00,4.48,516.1,180314
2026-04-19 08:02:00+00:00,5.98,515.5,129443
2026-04-19 08:03:00+00:00,5.68,503.0,90205
2026-04-19 08:04:00+00:00,3.40,489.4,116159
2026-04-19 08:05:00+00:00,4.63,528.6,209074
2026-04-19 08:06:00+00:00,4.04,513.3,142235
2026-04-19 08:07:00+00:00,3.31,481.1,74545
2026-04-19 08:08:00+00:00,3.64,484.3,81274
2026-04-19 08:09:00+00:00,8.24,529.5,175474
2026-04-19 08:10:00+00:00,3.50,502.1,156190
2026-04-19 08:11:00+00:00,3.67,517.8,177794
2026-04-19 08:12:00+00:00,1.96,473.7,64838
2026-04-19 08:13:00+00:00,3.38,510.0,164557
2026-04-19 08:14:00+00:00,3.92,528.8,261441
2026-04-19 08:15:00+00:00,5.82,514.3,150155
2026-04-19 08:16:00+00:00,4.48,509.1,119263
2026-04-19 08:17:00+00:00,3.10,514.9,154295
2026-04-19 08:18:00+00:00,3.21,525.8,172402
2026-04-19 08:19:00+00:00,5.07,529.4,160172
2026-04-19 08:20:00+00:00,6.44,526.4,150762
2026-04-19 08:21:00+00:00,3.61,534.9,192847
2026-04-19 08:22:00+00:00,3.51,533.6,176772
2026-04-19 08:23:00+00:00,3.52,550.5,210384
2026-04-19 08:24:00+00:00,3.72,556.7,240634
2026-04-19 08:25:00+00:00,3.83,550.9,199002
2026-04-19 08:26:00+00:00,3.33,539.4,178357
2026-04-19 08:27:00+00:00,3.49,566.4,264046
2026-04-19 08:28:00+00:00,3.34,539.7,223064
2026-04-19 08:29:00+00:00,3.91,512.5,225140
2026-04-19 08:30:00+00:00,2.56,480.2,126806
2026-04-19 08:31:00+00:00,2.80,501.3,189599
2026-04-19 08:32:00+00:00,3.20,498.4,191363
2026-04-19 08:33:00+00:00,3.70,490.5,173954
2026-04-19 08:34:00+00:00,6.03,486.2,162231
2026-04-19 08:35:00+00:00,6.15,492.5,159582
2026-04-19 08:36:00+00:00,3.38,522.8,205594
2026-04-19 08:37:00+00:00,3.64,533.3,214931
2026-04-19 08:38:00+00:00,3.47,523.8,183790
2026-04-19 08:39:00+00:00,3.56,507.6,143322
2026-04-19 08:40:00+00:00,1.33,481.5,41907
2026-04-19 08:41:00+00:00,1.33,481.5,41907
2026-04-19 08:42:00+00:00,3.34,503.4,105462
2026-04-19 08:43:00+00:00,4.30,526.1,205990
2026-04-19 08:44:00+00:00,8.21,475.0,105458
2026-04-19 08:46:00+00:00,2.51,496.4,135320
2026-04-19 08:47:00+00:00,3.46,507.3,199680
2026-04-19 08:48:00+00:00,2.77,478.5,142625
2026-04-19 08:49:00+00:00,2.87,485.0,136747
2026-04-19 08:50:00+00:00,3.47,517.8,181468
2026-04-19 08:51:00+00:00,3.82,530.5,196497
2026-04-19 08:52:00+00:00,3.94,518.4,184582
2026-04-19 08:53:00+00:00,3.63,489.3,119466
2026-04-19 08:54:00+00:00,4.19,517.5,157883
2026-04-19 08:55:00+00:00,4.43,530.4,191019
2026-04-19 08:56:00+00:00,4.36,531.0,207443
2026-04-19 08:57:00+00:00,3.82,481.0,87940
2026-04-19 08:58:00+00:00,4.37,538.7,207968
2026-04-19 08:59:00+00:00,4.17,523.7,176124
2026-04-19 09:00:00+00:00,4.11,523.1,176978
2026-04-19 09:01:00+00:00,4.35,527.7,177290
2026-04-19 09:02:00+00:00,4.22,516.9,154176
2026-04-19 09:03:00+00:00,4.22,527.7,191702
2026-04-19 09:04:00+00:00,4.36,539.9,208188
2026-04-19 09:05:00+00:00,4.13,530.3,173055
2026-04-19 09:06:00+00:00,3.74,501.2,122123
2026-04-19 09:07:00+00:00,3.90,504.4,126673
2026-04-19 09:08:00+00:00,4.30,537.7,180866
2026-04-19 09:09:00+00:00,3.89,528.8,184403
2026-04-19 09:10:00+00:00,3.66,507.8,143809
2026-04-19 09:11:00+00:00,5.39,466.7,73258
2026-04-19 09:12:00+00:00,0.75,446.8,24316
2026-04-19 09:14:00+00:00,5.86,519.0,280457
2026-04-19 09:15:00+00:00,2.18,467.1,98256
2026-04-19 09:16:00+00:00,4.52,494.3,205170
2026-04-19 09:17:00+00:00,4.57,488.3,168037
2026-04-19 09:18:00+00:00,4.21,483.7,148745
2026-04-19 09:19:00+00:00,3.54,467.3,97912
2026-04-19 09:20:00+00:00,4.11,481.4,155586
2026-04-19 09:21:00+00:00,4.55,489.7,181890
2026-04-19 09:22:00+00:00,4.25,483.1,152616
2026-04-19 09:23:00+00:00,4.22,484.7,160997
2026-04-19 09:24:00+00:00,4.01,475.5,148097
2026-04-19 09:25:00+00:00,3.45,458.8,104146
2026-04-19 09:26:00+00:00,4.53,487.9,168392
2026-04-19 09:27:00+00:00,4.50,493.6,186861
2026-04-19 09:28:00+00:00,4.68,498.0,205558
2026-04-19 09:29:00+00:00,3.24,456.1,96157
2026-04-19 09:30:00+00:00,4.18,489.2,146968
2026-04-19 09:31:00+00:00,4.49,500.3,203811
2026-04-19 09:32:00+00:00,4.59,491.0,179255
2026-04-19 09:33:00+00:00,3.21,458.1,103578
2026-04-19 09:34:00+00:00,3.95,496.5,193667
2026-04-19 09:35:00+00:00,4.51,506.2,220303
2026-04-19 09:36:00+00:00,4.09,493.1,165733
2026-04-19 09:37:00+00:00,3.76,487.7,156829
2026-04-19 09:38:00+00:00,3.88,495.5,195007
2026-04-19 09:39:00+00:00,4.00,502.5,220916
2026-04-19 09:40:00+00:00,3.91,498.0,219085
2026-04-19 09:41:00+00:00,4.39,490.3,173727
2026-04-19 09:42:00+00:00,5.84,487.3,114317
2026-04-19 09:43:00+00:00,4.21,498.4,163681
2026-04-19 09:44:00+00:00,3.18,496.4,236215
2026-04-19 09:45:00+00:00,3.17,490.4,201442
2026-04-19 09:47:00+00:00,2.93,481.4,172870
2026-04-19 09:48:00+00:00,3.81,498.7,250135
2026-04-19 09:49:00+00:00,3.08,487.7,199788
2026-04-19 09:50:00+00:00,2.87,489.0,183588
2026-04-19 09:51:00+00:00,2.47,473.0,145053
2026-04-19 09:52:00+00:00,3.54,492.4,218139
2026-04-19 09:53:00+00:00,4.11,497.7,214683
2026-04-19 09:54:00+00:00,3.94,488.2,160233
2026-04-19 09:55:00+00:00,3.47,479.2,144575
2026-04-19 09:56:00+00:00,3.37,481.0,167411
2026-04-19 09:57:00+00:00,4.66,512.5,245124
2026-04-19 09:58:00+00:00,4.11,493.3,178072
2026-04-19 09:59:00+00:00,4.52,496.6,203079
2026-04-19 10:00:00+00:00,4.54,497.6,205844
2026-04-19 10:01:00+00:00,4.77,511.3,244550
2026-04-19 10:02:00+00:00,5.03,517.0,268753
2026-04-19 10:03:00+00:00,4.17,498.5,202545
2026-04-19 10:04:00+00:00,3.17,482.6,129926
2026-04-19 10:05:00+00:00,3.27,492.7,179649
2026-04-19 10:06:00+00:00,3.30,508.9,224029
2026-04-19 10:07:00+00:00,3.75,510.9,253339
2026-04-19 10:08:00+00:00,3.88,510.7,269469
2026-04-19 10:09:00+00:00,3.74,505.1,246248
2026-04-19 10:10:00+00:00,3.69,507.1,246945
2026-04-19 10:11:00+00:00,3.85,512.5,274027
2026-04-19 10:12:00+00:00,4.09,509.1,274728
2026-04-19 10:13:00+00:00,3.61,500.1,236779
2026-04-19 10:14:00+00:00,2.56,475.9,147660
2026-04-19 10:15:00+00:00,4.19,512.4,278852
2026-04-19 10:16:00+00:00,4.83,512.9,312487
2026-04-19 10:17:00+00:00,3.23,498.9,227517
2026-04-19 10:18:00+00:00,2.76,467.6,132291
2026-04-19 10:19:00+00:00,2.76,467.6,132291
2026-04-19 10:20:00+00:00,4.95,527.6,361223
2026-04-19 10:21:00+00:00,3.82,506.5,260714
2026-04-19 10:22:00+00:00,1.75,467.5,127175
2026-04-19 10:23:00+00:00,3.44,501.5,231598
2026-04-19 10:24:00+00:00,4.29,514.0,287842
2026-04-19 10:25:00+00:00,4.68,510.1,292134
2026-04-19 10:26:00+00:00,4.14,500.6,246726
2026-04-19 10:27:00+00:00,3.31,481.2,178710
2026-04-19 10:28:00+00:00,3.55,483.1,196017
2026-04-19 10:29:00+00:00,4.21,516.2,290194
2026-04-19 10:30:00+00:00,4.40,515.1,315186
2026-04-19 10:31:00+00:00,3.90,496.4,225575
2026-04-19 10:32:00+00:00,2.90,466.1,148089
2026-04-19 10:33:00+00:00,4.20,519.8,294919
2026-04-19 10:34:00+00:00,4.07,494.8,199700
2026-04-19 10:35:00+00:00,4.20,498.6,205342
2026-04-19 10:36:00+00:00,2.75,463.9,130260
2026-04-19 10:37:00+00:00,3.76,486.0,181868
2026-04-19 10:38:00+00:00,4.52,507.4,267182
2026-04-19 10:39:00+00:00,4.14,498.0,224493
2026-04-19 10:40:00+00:00,3.31,482.0,175663
2026-04-19 10:41:00+00:00,2.68,513.3,303816
2026-04-19 10:42:00+00:00,4.97,508.5,280270
2026-04-19 10:43:00+00:00,4.45,497.7,223085
2026-04-19 10:44:00+00:00,3.41,479.4,162827
2026-04-19 10:45:00+00:00,3.06,467.1,145373
2026-04-19 10:46:00+00:00,4.14,493.2,197084
2026-04-19 10:47:00+00:00,4.49,509.5,262072
2026-04-19 10:48:00+00:00,4.77,497.1,209445
2026-04-19 10:49:00+00:00,3.00,480.9,129087
2026-04-19 10:50:00+00:00,3.49,463.8,94188
2026-04-19 10:51:00+00:00,3.92,499.8,183641
2026-04-19 10:52:00+00:00,3.95,502.3,190030
2026-04-19 10:53:00+00:00,3.63,486.7,139624
2026-04-19 10:54:00+00:00,2.80,460.3,95278
2026-04-19 10:55:00+00:00,3.53,483.4,145097
2026-04-19 10:56:00+00:00,4.58,503.0,212403
2026-04-19 10:57:00+00:00,4.19,496.0,201394
2026-04-19 10:58:00+00:00,3.00,471.9,140340
2026-04-19 11:01:00+00:00,4.59,494.7,199623
2026-04-19 11:02:00+00:00,3.51,481.0,151810
2026-04-19 11:03:00+00:00,2.21,467.6,120965
2026-04-19 11:04:00+00:00,4.92,504.4,251576
2026-04-19 11:05:00+00:00,4.95,498.6,230395
2026-04-19 11:06:00+00:00,4.19,491.1,207437
2026-04-19 11:07:00+00:00,3.29,475.2,163382
2026-04-19 11:08:00+00:00,4.36,497.8,238341
2026-04-19 11:09:00+00:00,4.06,488.0,172607
2026-04-19 11:10:00+00:00,2.79,481.1,142229
2026-04-19 11:11:00+00:00,3.56,479.5,139978
2026-04-19 11:12:00+00:00,3.44,469.9,118854
2026-04-19 11:13:00+00:00,3.67,475.2,132205
2026-04-19 11:14:00+00:00,4.48,497.8,237105
2026-04-19 11:15:00+00:00,5.07,508.6,302544
2026-04-19 11:16:00+00:00,4.40,489.9,213205
2026-04-19 11:17:00+00:00,3.67,474.5,159638
2026-04-19 11:18:00+00:00,4.56,502.4,257244
2026-04-19 11:19:00+00:00,4.33,495.5,194804
2026-04-19 11:20:00+00:00,3.82,494.1,236914
2026-04-19 11:21:00+00:00,3.68,470.0,171975
2026-04-19 11:22:00+00:00,3.70,513.0,277964
2026-04-19 11:23:00+00:00,3.80,516.5,290760
2026-04-19 11:24:00+00:00,4.18,506.3,285773
2026-04-19 11:25:00+00:00,4.24,504.6,284866
2026-04-19 11:26:00+00:00,3.74,488.9,218973
2026-04-19 11:27:00+00:00,4.16,492.9,220151
2026-04-19 11:28:00+00:00,4.50,494.1,209305
2026-04-19 11:29:00+00:00,3.33,479.8,170686
2026-04-19 11:30:00+00:00,2.96,475.6,125472
2026-04-19 11:31:00+00:00,4.06,492.7,184302
2026-04-19 11:32:00+00:00,6.05,503.3,276881
2026-04-19 11:33:00+00:00,7.62,496.9,197744
2026-04-19 11:34:00+00:00,3.23,482.4,119956
2026-04-19 11:35:00+00:00,2.97,465.2,102512
2026-04-19 11:36:00+00:00,3.07,493.5,162512
2026-04-19 11:37:00+00:00,3.30,473.4,74683
2026-04-19 11:38:00+00:00,3.21,488.5,217746
2026-04-19 11:39:00+00:00,1.80,465.2,150042
2026-04-19 11:40:00+00:00,3.56,502.4,246590
2026-04-19 11:41:00+00:00,3.85,502.3,195489
2026-04-19 11:42:00+00:00,3.87,504.8,193029
2026-04-19 11:43:00+00:00,3.52,475.9,130221
2026-04-19 11:44:00+00:00,3.53,495.2,182055
2026-04-19 11:45:00+00:00,3.49,494.5,202003
2026-04-19 11:46:00+00:00,3.68,498.7,254484
2026-04-19 11:47:00+00:00,3.36,491.0,225023
2026-04-19 11:48:00+00:00,2.72,476.8,139424
2026-04-19 11:49:00+00:00,3.16,488.0,176698
2026-04-19 11:50:00+00:00,3.52,501.3,212449
2026-04-19 11:51:00+00:00,3.30,497.0,199820
2026-04-19 11:52:00+00:00,1.84,468.5,117145
2026-04-19 11:53:00+00:00,1.95,464.6,108952
2026-04-19 11:54:00+00:00,3.89,504.8,200661
2026-04-19 11:55:00+00:00,3.99,516.6,313496
2026-04-19 11:56:00+00:00,3.77,513.1,274973
2026-04-19 11:57:00+00:00,2.67,468.4,127827
2026-04-19 11:58:00+00:00,2.40,457.4,92832
2026-04-19 11:59:00+00:00,4.56,525.1,390598
2026-04-19 12:00:00+00:00,1.64,493.0,191904
2026-04-19 12:01:00+00:00,2.53,473.6,160029
2026-04-19 12:02:00+00:00,2.68,477.1,251293
2026-04-19 12:03:00+00:00,2.97,509.4,353420
2026-04-19 12:04:00+00:00,2.88,519.9,283357
2026-04-19 12:05:00+00:00,2.75,505.1,210492
2026-04-19 12:06:00+00:00,2.29,485.9,162266
2026-04-19 12:07:00+00:00,2.57,508.5,346470
2026-04-19 12:08:00+00:00,3.30,518.6,298100
2026-04-19 12:09:00+00:00,8.30,528.4,220958
2026-04-19 12:10:00+00:00,2.10,501.2,161412
2026-04-19 12:11:00+00:00,2.95,526.3,264654
2026-04-19 12:12:00+00:00,3.60,537.2,348468
2026-04-19 12:13:00+00:00,4.03,534.6,282848
2026-04-19 12:14:00+00:00,2.45,476.8,94543
2026-04-19 12:15:00+00:00,2.17,479.4,110129
2026-04-19 12:16:00+00:00,2.89,514.7,227488
2026-04-19 12:17:00+00:00,3.57,528.7,260898
2026-04-19 12:18:00+00:00,3.41,518.5,215709
2026-04-19 12:19:00+00:00,3.25,501.6,174909
2026-04-19 12:20:00+00:00,3.25,500.3,176127
2026-04-19 12:21:00+00:00,3.64,535.1,257640
2026-04-19 12:22:00+00:00,3.52,524.5,238282
2026-04-19 12:23:00+00:00,3.51,522.6,229628
2026-04-19 12:24:00+00:00,2.75,485.4,159593
2026-04-19 12:25:00+00:00,3.78,527.7,217778
2026-04-19 12:26:00+00:00,3.82,522.7,189648
2026-04-19 12:27:00+00:00,3.82,522.7,189648
2026-04-19 12:28:00+00:00,7.20,498.3,232004
2026-04-19 12:29:00+00:00,4.07,524.7,244604
2026-04-19 12:30:00+00:00,1.16,469.2,93067
2026-04-19 12:31:00+00:00,0.38,446.6,36817
2026-04-19 12:34:00+00:00,3.76,510.9,154942
2026-04-19 12:35:00+00:00,4.54,522.6,233641
2026-04-19 12:36:00+00:00,4.74,524.6,284380
2026-04-19 12:37:00+00:00,2.87,492.0,151039
2026-04-19 12:38:00+00:00,3.14,492.5,168573
2026-04-19 12:39:00+00:00,3.37,513.1,232365
2026-04-19 12:40:00+00:00,2.78,527.4,281388
2026-04-19 12:41:00+00:00,3.02,528.5,267833
2026-04-19 12:42:00+00:00,2.67,468.5,114847
2026-04-19 12:43:00+00:00,3.36,512.6,386188
2026-04-19 12:44:00+00:00,0.66,444.3,79905
2026-04-19 12:45:00+00:00,2.78,514.3,197259
2026-04-19 12:46:00+00:00,3.64,491.6,136173
2026-04-19 12:47:00+00:00,4.22,495.7,115024
2026-04-19 12:48:00+00:00,7.66,540.1,146133
2026-04-19 12:49:00+00:00,6.38,540.6,221918
2026-04-19 12:50:00+00:00,3.28,498.8,216249
2026-04-19 12:51:00+00:00,2.85,494.8,173086
2026-04-19 12:52:00+00:00,2.96,532.8,230771
2026-04-19 12:53:00+00:00,3.79,536.4,259654
2026-04-19 12:54:00+00:00,3.56,523.6,187815
2026-04-19 12:55:00+00:00,3.55,524.7,189192
2026-04-19 12:56:00+00:00,3.51,532.7,200296
2026-04-19 12:57:00+00:00,3.87,545.2,230376
2026-04-19 12:58:00+00:00,10.07,525.8,131534
2026-04-19 12:59:00+00:00,3.64,507.1,170576
2026-04-19 13:00:00+00:00,3.80,467.4,91131
2026-04-19 13:01:00+00:00,3.52,509.6,186414
2026-04-19 13:02:00+00:00,3.49,532.4,261614
2026-04-19 13:03:00+00:00,3.24,525.7,264847
2026-04-19 13:04:00+00:00,3.11,520.4,257697
2026-04-19 13:05:00+00:00,2.82,518.0,174464
2026-04-19 13:06:00+00:00,2.57,508.3,142898
2026-04-19 13:07:00+00:00,2.28,495.4,106370
2026-04-19 13:08:00+00:00,2.48,489.4,112218
2026-04-19 13:09:00+00:00,2.93,482.8,125277
2026-04-19 13:10:00+00:00,1.15,452.6,30002
2026-04-19 13:11:00+00:00,3.99,517.5,345752
2026-04-19 13:12:00+00:00,3.51,515.4,312086
2026-04-19 13:13:00+00:00,2.57,468.9,115422
2026-04-19 13:14:00+00:00,8.15,489.5,121172
2026-04-19 13:15:00+00:00,4.04,533.3,343859
2026-04-19 13:16:00+00:00,3.16,512.9,247516
2026-04-19 13:17:00+00:00,3.33,494.0,167485
2026-04-19 13:18:00+00:00,3.79,483.5,154340
2026-04-19 13:19:00+00:00,4.13,504.5,264245
2026-04-19 13:20:00+00:00,3.29,508.1,266669
2026-04-19 13:21:00+00:00,2.86,503.6,240198
2026-04-19 13:22:00+00:00,2.87,488.6,199661
2026-04-19 13:23:00+00:00,3.62,514.1,322807
2026-04-19 13:24:00+00:00,3.35,507.0,287624
2026-04-19 13:25:00+00:00,2.95,495.5,227620
2026-04-19 13:26:00+00:00,3.27,496.4,241984
2026-04-19 13:27:00+00:00,3.45,473.3,176856
2026-04-19 13:28:00+00:00,6.89,504.5,125434
2026-04-19 13:29:00+00:00,7.82,562.9,188375
2026-04-19 13:30:00+00:00,4.04,516.6,332547
2026-04-19 13:31:00+00:00,2.28,484.2,199179
2026-04-19 13:32:00+00:00,2.98,498.3,134603
2026-04-19 13:33:00+00:00,3.83,514.5,268964
2026-04-19 13:34:00+00:00,3.77,508.9,267093
2026-04-19 13:35:00+00:00,3.28,497.9,194117
2026-04-19 13:36:00+00:00,3.68,510.2,214228
2026-04-19 13:37:00+00:00,4.08,520.9,247405
2026-04-19 13:38:00+00:00,4.29,513.3,233349
2026-04-19 13:39:00+00:00,4.08,509.3,210895
2026-04-19 13:40:00+00:00,3.73,496.1,160129
2026-04-19 13:41:00+00:00,3.75,488.3,141419
2026-04-19 13:42:00+00:00,4.01,507.1,186400
2026-04-19 13:43:00+00:00,4.30,509.0,197320
2026-04-19 13:47:00+00:00,3.87,518.7,194830
2026-04-19 13:48:00+00:00,5.11,535.9,401827
2026-04-19 13:49:00+00:00,3.73,485.5,175744
2026-04-19 13:50:00+00:00,2.52,471.6,111829
2026-04-19 13:51:00+00:00,3.38,505.6,196515
2026-04-19 13:52:00+00:00,4.19,522.5,259133
2026-04-19 13:53:00+00:00,3.58,518.2,225989
2026-04-19 13:54:00+00:00,2.93,522.8,208344
2026-04-19 13:55:00+00:00,2.03,502.0,149470
2026-04-19 13:56:00+00:00,1.48,482.3,92285
2026-04-19 13:57:00+00:00,2.96,521.3,204712
2026-04-19 13:58:00+00:00,2.56,491.1,144942
2026-04-19 14:01:00+00:00,0.29,451.7,27700
2026-04-19 14:02:00+00:00,3.42,515.1,227598
2026-04-19 14:03:00+00:00,2.77,481.2,152717
2026-04-19 14:04:00+00:00,3.41,499.7,238483
2026-04-19 14:05:00+00:00,3.54,494.4,159407
2026-04-19 14:06:00+00:00,3.37,489.0,157468
2026-04-19 14:07:00+00:00,3.11,465.3,112082
2026-04-19 14:08:00+00:00,3.36,477.7,92892
2026-04-19 14:09:00+00:00,4.10,499.6,180063
2026-04-19 14:10:00+00:00,4.54,505.1,252032
2026-04-19 14:11:00+00:00,4.05,462.4,124154
2026-04-19 14:12:00+00:00,4.08,499.0,183317
2026-04-19 14:13:00+00:00,4.17,502.6,194537
2026-04-19 14:14:00+00:00,4.49,511.9,227157
2026-04-19 14:15:00+00:00,4.55,504.8,219232
2026-04-19 14:16:00+00:00,3.27,479.2,129710
2026-04-19 14:17:00+00:00,4.38,513.0,240235
2026-04-19 14:18:00+00:00,4.09,498.6,188413
2026-04-19 14:19:00+00:00,3.71,496.9,179400
2026-04-19 14:20:00+00:00,4.06,495.3,163990
2026-04-19 14:21:00+00:00,3.86,500.9,189135
2026-04-19 14:22:00+00:00,4.07,511.3,227000
2026-04-19 14:23:00+00:00,4.36,509.9,241063
2026-04-19 14:24:00+00:00,5.08,511.8,269220
2026-04-19 14:25:00+00:00,5.50,514.6,287063
2026-04-19 14:26:00+00:00,2.84,484.0,149175
2026-04-19 14:27:00+00:00,3.69,495.0,213070
2026-04-19 14:28:00+00:00,4.68,508.9,276697
2026-04-19 14:29:00+00:00,3.76,492.2,186997
2026-04-19 14:30:00+00:00,2.87,462.7,136054
2026-04-19 14:31:00+00:00,3.43,496.2,202800
2026-04-19 14:32:00+00:00,3.41,496.1,203276
2026-04-19 14:33:00+00:00,3.08,495.8,209939
2026-04-19 14:34:00+00:00,3.15,500.5,193505
2026-04-19 14:35:00+00:00,3.13,501.0,202573
2026-04-19 14:36:00+00:00,2.86,502.5,222077
2026-04-19 14:37:00+00:00,3.06,499.8,214508
2026-04-19 14:38:00+00:00,3.19,503.3,193705
2026-04-19 14:39:00+00:00,3.16,504.3,177717
2026-04-19 14:40:00+00:00,3.06,505.0,181445
2026-04-19 14:41:00+00:00,2.94,507.2,190231
2026-04-19 14:42:00+00:00,2.87,508.6,193011
2026-04-19 14:45:00+00:00,3.05,499.7,194524
2026-04-19 14:46:00+00:00,2.97,500.1,194320
2026-04-19 14:47:00+00:00,2.70,501.7,193835
2026-04-19 14:48:00+00:00,3.15,501.2,196159
2026-04-19 14:49:00+00:00,2.94,503.1,198627
2026-04-19 14:50:00+00:00,3.15,499.9,184413
2026-04-19 14:51:00+00:00,2.59,498.8,202766
2026-04-19 14:52:00+00:00,2.81,503.7,189891
2026-04-19 14:53:00+00:00,2.81,503.7,198007
2026-04-19 14:54:00+00:00,3.10,502.0,193330
2026-04-19 14:55:00+00:00,2.91,500.0,183807
2026-04-19 14:56:00+00:00,3.02,501.2,177018
2026-04-19 14:57:00+00:00,3.19,503.7,180494
2026-04-19 14:58:00+00:00,3.22,504.5,187996
2026-04-19 15:00:00+00:00,3.41,500.6,187982
2026-04-19 15:01:00+00:00,3.39,500.2,187836
2026-04-19 15:02:00+00:00,3.36,499.0,186667
2026-04-19 15:03:00+00:00,3.43,499.0,182396
2026-04-19 15:04:00+00:00,3.31,497.6,174880
2026-04-19 15:05:00+00:00,3.14,495.5,178510
2026-04-19 15:06:00+00:00,3.36,500.5,187349
2026-04-19 15:07:00+00:00,3.24,496.4,187822
2026-04-19 15:08:00+00:00,3.10,498.2,180557
2026-04-19 15:09:00+00:00,2.84,499.0,180695
2026-04-19 15:10:00+00:00,3.05,495.9,181500
2026-04-19 15:11:00+00:00,3.21,493.8,187936
2026-04-19 15:12:00+00:00,3.15,494.2,197664
2026-04-19 15:13:00+00:00,2.97,496.4,197312
2026-04-19 15:14:00+00:00,3.11,496.0,182239
2026-04-19 15:15:00+00:00,3.11,496.0,182239
2026-04-19 15:17:00+00:00,2.80,497.3,202103
2026-04-19 15:18:00+00:00,2.79,497.8,202545
2026-04-19 15:19:00+00:00,2.81,499.2,201835
2026-04-19 15:20:00+00:00,3.01,495.9,186940
2026-04-19 15:21:00+00:00,2.79,498.6,203679
2026-04-19 15:22:00+00:00,2.96,497.4,177120
2026-04-19 15:23:00+00:00,2.86,498.7,183221
2026-04-19 15:24:00+00:00,3.03,505.3,187234
2026-04-19 15:25:00+00:00,3.21,517.8,194041
2026-04-19 15:26:00+00:00,3.10,504.7,184061
2026-04-19 15:27:00+00:00,2.67,500.5,185179
2026-04-19 15:28:00+00:00,2.81,499.0,180333
2026-04-19 15:29:00+00:00,2.97,497.7,181002
2026-04-19 15:30:00+00:00,2.88,499.1,193958
2026-04-19 15:31:00+00:00,2.65,500.6,207409
2026-04-19 15:32:00+00:00,2.57,500.9,202249
2026-04-19 15:33:00+00:00,2.76,501.7,195175
2026-04-19 15:34:00+00:00,2.73,501.4,192647
2026-04-19 15:35:00+00:00,2.73,500.3,192282
2026-04-19 15:36:00+00:00,2.52,497.8,195641
2026-04-19 15:37:00+00:00,2.72,497.2,180186
2026-04-19 15:38:00+00:00,2.65,498.8,177270
2026-04-19 15:39:00+00:00,2.84,500.2,176734
2026-04-19 15:40:00+00:00,2.52,497.1,176254
2026-04-19 15:41:00+00:00,2.83,499.4,183636
2026-04-19 15:42:00+00:00,2.71,501.3,189677
2026-04-19 15:43:00+00:00,2.68,500.8,193341
2026-04-19 15:44:00+00:00,2.58,500.6,199827
2026-04-19 15:45:00+00:00,2.52,502.4,196244
2026-04-19 15:46:00+00:00,2.48,501.3,178210
2026-04-19 15:47:00+00:00,2.53,499.0,170197
2026-04-19 15:48:00+00:00,2.60,500.2,183717
2026-04-19 15:50:00+00:00,2.20,501.7,220927
2026-04-19 15:51:00+00:00,2.28,502.4,211685
2026-04-19 15:52:00+00:00,2.78,507.1,154458
2026-04-19 15:53:00+00:00,2.60,510.9,194286
2026-04-19 15:54:00+00:00,2.38,502.2,236293
2026-04-19 15:55:00+00:00,2.79,500.1,207729
2026-04-19 15:56:00+00:00,2.29,506.5,209140
2026-04-19 15:57:00+00:00,2.28,505.9,205746
2026-04-19 15:58:00+00:00,1.92,506.3,222460
2026-04-19 16:02:00+00:00,2.29,500.4,215244
2026-04-19 16:03:00+00:00,2.23,501.9,218008
2026-04-19 16:04:00+00:00,2.21,504.1,226195
2026-04-19 16:05:00+00:00,2.28,504.3,235642
2026-04-19 16:06:00+00:00,2.17,504.2,238196
2026-04-19 16:07:00+00:00,2.28,504.6,234131
2026-04-19 16:08:00+00:00,2.22,507.3,238142
2026-04-19 16:09:00+00:00,2.37,506.7,228754
2026-04-19 16:10:00+00:00,2.83,515.8,180265
2026-04-19 16:11:00+00:00,2.66,511.8,188733
2026-04-19 16:12:00+00:00,2.19,519.1,183525
2026-04-19 16:13:00+00:00,2.18,515.5,208340
2026-04-19 16:15:00+00:00,1.94,508.9,229131
2026-04-19 16:16:00+00:00,2.74,511.5,195180
2026-04-19 16:17:00+00:00,2.77,510.1,198612
2026-04-19 16:18:00+00:00,2.24,507.3,225763
2026-04-19 16:19:00+00:00,2.37,505.6,210059
2026-04-19 16:20:00+00:00,2.67,504.6,176152
2026-04-19 16:21:00+00:00,2.59,507.0,170340
2026-04-19 16:23:00+00:00,2.30,511.7,196633
2026-04-19 16:24:00+00:00,2.44,512.4,193695
2026-04-19 16:25:00+00:00,4.32,522.6,152550
2026-04-19 16:26:00+00:00,2.44,522.5,183511
2026-04-19 16:27:00+00:00,2.71,522.2,159646
2026-04-19 16:28:00+00:00,2.43,521.7,154316
2026-04-19 16:30:00+00:00,2.37,530.3,181731
2026-04-19 16:31:00+00:00,2.52,524.4,169598
2026-04-19 16:32:00+00:00,2.52,519.2,163315
2026-04-19 16:33:00+00:00,2.46,514.5,173872
2026-04-19 16:34:00+00:00,2.35,514.5,181215
2026-04-19 16:35:00+00:00,2.30,515.5,180926
2026-04-19 16:36:00+00:00,2.59,512.0,180515
2026-04-19 16:37:00+00:00,2.87,512.8,175918
2026-04-19 16:38:00+00:00,2.66,513.9,180774
2026-04-19 16:39:00+00:00,2.69,509.4,172752
2026-04-19 16:40:00+00:00,2.78,506.1,158975
2026-04-19 16:41:00+00:00,2.63,508.1,177521
2026-04-19 16:42:00+00:00,2.42,506.1,180816
2026-04-19 16:43:00+00:00,2.09,504.2,191238
2026-04-19 16:45:00+00:00,2.15,510.0,199630
2026-04-19 16:46:00+00:00,1.91,511.1,196536
2026-04-19 16:47:00+00:00,1.70,512.2,187871
2026-04-19 16:48:00+00:00,1.41,518.1,196398
2026-04-19 16:49:00+00:00,1.72,516.1,199491
2026-04-19 16:50:00+00:00,2.26,509.5,191530
2026-04-19 16:51:00+00:00,2.18,512.1,186033
2026-04-19 16:52:00+00:00,1.90,517.2,194904
2026-04-19 16:53:00+00:00,2.06,512.6,224409
2026-04-19 16:54:00+00:00,2.03,509.8,244353
2026-04-19 16:56:00+00:00,1.47,516.7,204927
2026-04-19 16:57:00+00:00,1.47,516.7,204927
2026-04-19 16:58:00+00:00,1.68,516.2,233494
2026-04-19 17:00:00+00:00,1.73,517.8,198135
2026-04-19 17:01:00+00:00,1.68,513.1,225919
2026-04-19 17:02:00+00:00,1.90,510.7,221042
2026-04-19 17:03:00+00:00,2.34,508.8,192342
2026-04-19 17:04:00+00:00,2.43,509.4,177505
2026-04-19 17:05:00+00:00,2.43,510.2,187209
2026-04-19 17:06:00+00:00,2.46,510.5,184981
2026-04-19 17:07:00+00:00,2.48,510.1,167966
2026-04-19 17:08:00+00:00,2.35,509.4,175715
2026-04-19 17:09:00+00:00,1.94,511.8,197098
2026-04-19 17:10:00+00:00,1.80,516.0,191272
2026-04-19 17:11:00+00:00,1.88,517.2,201663
2026-04-19 17:12:00+00:00,1.68,519.2,195847
2026-04-19 17:13:00+00:00,1.75,518.0,184076
2026-04-19 17:14:00+00:00,2.37,510.3,186875
2026-04-19 17:15:00+00:00,2.09,513.0,183811
2026-04-19 17:16:00+00:00,2.44,507.3,166892
2026-04-19 17:17:00+00:00,2.45,507.1,164214
2026-04-19 17:18:00+00:00,2.45,506.8,165598
2026-04-19 17:19:00+00:00,2.25,508.0,181546
2026-04-19 17:20:00+00:00,2.23,518.8,169048
2026-04-19 17:21:00+00:00,2.33,523.8,161869
2026-04-19 17:22:00+00:00,2.48,523.0,168159
2026-04-19 17:23:00+00:00,2.35,522.3,173219
2026-04-19 17:24:00+00:00,2.00,518.7,183278
2026-04-19 17:25:00+00:00,1.88,519.5,190919
2026-04-19 17:26:00+00:00,1.62,523.5,186977
2026-04-19 17:27:00+00:00,2.76,504.9,170821
2026-04-19 17:30:00+00:00,2.88,517.0,158946
2026-04-19 17:31:00+00:00,2.80,517.2,154584
2026-04-19 17:32:00+00:00,2.76,514.7,152795
2026-04-19 17:33:00+00:00,2.40,516.5,163533
2026-04-19 17:34:00+00:00,2.39,515.0,172076
2026-04-19 17:35:00+00:00,2.41,512.8,169877
2026-04-19 17:36:00+00:00,2.35,509.5,180168
2026-04-19 17:37:00+00:00,2.01,514.3,185291
2026-04-19 17:38:00+00:00,1.94,518.7,177282
2026-04-19 17:39:00+00:00,2.20,516.0,178415
2026-04-19 17:40:00+00:00,2.11,515.0,175367
2026-04-19 17:41:00+00:00,1.72,519.2,150382
2026-04-19 17:42:00+00:00,1.36,525.5,157145
2026-04-19 17:43:00+00:00,1.57,515.8,193867
2026-04-19 17:44:00+00:00,1.59,515.7,191639
2026-04-19 17:45:00+00:00,1.97,513.9,160443
2026-04-19 17:46:00+00:00,1.58,509.5,157328
2026-04-19 17:47:00+00:00,2.09,504.2,172219
2026-04-19 17:48:00+00:00,2.32,500.1,187946
2026-04-19 17:49:00+00:00,2.63,498.2,165200
2026-04-19 17:50:00+00:00,2.34,499.2,159839
2026-04-19 17:51:00+00:00,2.01,503.0,179679
2026-04-19 17:52:00+00:00,2.25,501.4,163147
2026-04-19 17:53:00+00:00,2.51,500.2,155343
2026-04-19 17:54:00+00:00,2.51,498.4,160947
2026-04-19 17:55:00+00:00,2.37,498.3,223414
2026-04-19 17:56:00+00:00,2.15,489.5,192558
2026-04-19 17:57:00+00:00,1.79,477.4,142746
2026-04-19 17:58:00+00:00,2.17,499.3,204912
2026-04-19 17:59:00+00:00,2.73,521.4,305964
2026-04-19 18:00:00+00:00,2.30,498.4,193077
2026-04-19 18:01:00+00:00,1.86,472.7,133519
2026-04-19 18:03:00+00:00,3.06,526.6,348949
2026-04-19 18:04:00+00:00,2.30,496.2,184613
2026-04-19 18:05:00+00:00,1.58,472.9,175000
2026-04-19 18:06:00+00:00,2.02,512.9,287871
2026-04-19 18:07:00+00:00,2.43,510.1,261450
2026-04-19 18:08:00+00:00,2.72,504.9,259016
2026-04-19 18:09:00+00:00,2.50,493.7,185235
2026-04-19 18:10:00+00:00,2.19,488.6,120919
2026-04-19 18:11:00+00:00,2.47,499.5,169646
2026-04-19 18:12:00+00:00,2.68,498.6,181643
2026-04-19 18:13:00+00:00,2.24,489.4,132866
2026-04-19 18:15:00+00:00,2.00,484.8,147702
2026-04-19 18:16:00+00:00,2.72,519.2,239683
2026-04-19 18:17:00+00:00,3.11,518.4,304039
2026-04-19 18:18:00+00:00,2.63,498.3,181554
2026-04-19 18:19:00+00:00,2.41,469.1,138086
2026-04-19 18:20:00+00:00,2.76,520.1,254693
2026-04-19 18:21:00+00:00,2.70,506.6,218795
2026-04-19 18:22:00+00:00,2.67,506.0,206768
2026-04-19 18:23:00+00:00,1.29,473.4,127882
2026-04-19 18:24:00+00:00,2.48,500.7,185124
2026-04-19 18:25:00+00:00,3.24,520.3,250635
2026-04-19 18:26:00+00:00,3.24,515.7,233877
2026-04-19 18:27:00+00:00,2.40,492.5,155254
2026-04-19 18:28:00+00:00,2.25,487.3,156531
2026-04-19 18:29:00+00:00,3.24,522.0,239197
2026-04-19 18:30:00+00:00,3.05,507.8,195592
2026-04-19 18:31:00+00:00,2.95,503.2,190046
2026-04-19 18:32:00+00:00,2.28,484.1,132738
2026-04-19 18:33:00+00:00,3.15,515.5,224319
2026-04-19 18:34:00+00:00,3.88,519.1,258546
2026-04-19 18:35:00+00:00,3.88,519.1,258546
2026-04-19 18:36:00+00:00,1.73,474.7,106562
2026-04-19 18:37:00+00:00,2.83,499.5,160900
2026-04-19 18:38:00+00:00,3.32,519.7,242037
2026-04-19 18:39:00+00:00,3.22,518.6,206927
2026-04-19 18:40:00+00:00,3.02,511.5,182461
2026-04-19 18:41:00+00:00,2.50,483.2,130809
2026-04-19 18:42:00+00:00,2.24,476.5,159433
2026-04-19 18:43:00+00:00,2.41,503.5,129135
2026-04-19 18:44:00+00:00,2.34,502.6,124907
2026-04-19 18:45:00+00:00,2.11,491.7,107254
2026-04-19 18:46:00+00:00,1.90,475.1,117377
2026-04-19 18:47:00+00:00,2.30,509.3,249459
2026-04-19 18:48:00+00:00,2.90,511.1,186057
2026-04-19 18:49:00+00:00,2.45,501.6,170762
2026-04-19 18:50:00+00:00,1.91,474.8,85509
2026-04-19 18:51:00+00:00,2.00,511.9,119745
2026-04-19 18:52:00+00:00,2.44,520.0,206541
2026-04-19 18:53:00+00:00,2.18,508.5,179741
2026-04-19 18:54:00+00:00,1.93,488.4,132723
2026-04-19 18:55:00+00:00,2.10,504.2,142985
2026-04-19 18:56:00+00:00,2.19,521.9,169022
2026-04-19 18:57:00+00:00,2.24,524.8,162293
2026-04-19 18:58:00+00:00,2.27,512.9,146819
2026-04-19 18:59:00+00:00,2.19,497.2,134997
2026-04-19 19:00:00+00:00,2.13,492.7,130680
2026-04-19 19:01:00+00:00,2.32,514.0,176080
2026-04-19 19:02:00+00:00,2.29,507.2,165904
2026-04-19 19:03:00+00:00,2.27,508.3,120770
2026-04-19 19:04:00+00:00,1.56,465.4,53193
2026-04-19 19:05:00+00:00,2.22,523.7,152984
2026-04-19 19:06:00+00:00,1.99,507.0,158032
2026-04-19 19:07:00+00:00,2.04,500.1,154869
2026-04-19 19:08:00+00:00,2.04,499.7,154644
2026-04-19 19:10:00+00:00,2.47,501.8,123724
2026-04-19 19:11:00+00:00,2.30,498.8,138912
2026-04-19 19:12:00+00:00,1.94,486.5,116215
2026-04-19 19:13:00+00:00,2.27,501.3,171209
2026-04-19 19:14:00+00:00,2.51,508.6,191430
2026-04-19 19:15:00+00:00,2.31,494.0,139376
2026-04-19 19:16:00+00:00,2.28,493.5,137682
2026-04-19 19:17:00+00:00,2.23,496.5,140537
2026-04-19 19:18:00+00:00,2.63,503.5,166044
2026-04-19 19:19:00+00:00,2.90,511.5,189694
2026-04-19 19:20:00+00:00,2.68,507.8,132179
2026-04-19 19:21:00+00:00,2.14,505.2,136397
2026-04-19 19:22:00+00:00,2.08,469.1,45806
2026-04-19 19:23:00+00:00,1.84,490.2,57385
2026-04-19 19:24:00+00:00,2.59,530.6,199749
2026-04-19 19:25:00+00:00,2.39,515.4,130701
2026-04-19 19:26:00+00:00,1.98,471.8,77550
2026-04-19 19:27:00+00:00,2.11,498.8,125044
2026-04-19 19:28:00+00:00,2.60,526.0,211813
2026-04-19 19:29:00+00:00,2.64,516.9,188580
2026-04-19 19:30:00+00:00,2.01,483.0,110461
2026-04-19 19:31:00+00:00,1.80,484.2,130590
2026-04-19 19:32:00+00:00,2.36,517.9,202310
2026-04-19 19:33:00+00:00,2.41,502.4,172294
2026-04-19 19:34:00+00:00,2.23,493.0,118506
2026-04-19 19:35:00+00:00,1.90,474.4,110760
2026-04-19 19:36:00+00:00,2.53,511.4,158263
2026-04-19 19:37:00+00:00,2.66,503.6,164277
2026-04-19 19:38:00+00:00,1.85,485.4,101771
2026-04-19 19:39:00+00:00,2.12,489.7,125469
2026-04-19 19:40:00+00:00,2.13,483.1,97270
2026-04-19 19:41:00+00:00,2.13,482.0,92671
2026-04-19 19:42:00+00:00,2.26,494.5,124272
2026-04-19 19:43:00+00:00,2.33,503.9,148200
2026-04-19 19:44:00+00:00,2.07,485.2,114657
2026-04-19 19:45:00+00:00,1.97,480.9,103517
2026-04-19 19:46:00+00:00,2.13,496.9,143177
2026-04-19 19:47:00+00:00,2.19,500.4,156839
2026-04-19 19:48:00+00:00,1.93,484.4,120993
2026-04-19 19:49:00+00:00,1.59,470.0,100079
2026-04-19 19:50:00+00:00,2.04,493.0,145543
2026-04-19 19:51:00+00:00,2.13,501.3,171281
2026-04-19 19:52:00+00:00,2.01,485.4,111573
2026-04-19 19:53:00+00:00,1.54,467.9,91899
2026-04-19 19:54:00+00:00,2.26,511.9,207760
2026-04-19 19:55:00+00:00,2.19,495.2,157956
2026-04-19 19:56:00+00:00,1.93,485.9,127921
2026-04-19 19:57:00+00:00,1.89,477.9,99606
2026-04-19 19:58:00+00:00,2.26,494.7,147040
2026-04-19 19:59:00+00:00,2.66,506.4,178604
2026-04-19 20:00:00+00:00,2.32,496.7,139912
2026-04-19 20:01:00+00:00,2.10,491.6,125229
2026-04-19 20:02:00+00:00,2.08,478.8,108308
2026-04-19 20:03:00+00:00,1.84,464.5,60628
2026-04-19 20:04:00+00:00,1.88,485.3,86844
2026-04-19 20:05:00+00:00,2.36,513.1,170953
2026-04-19 20:06:00+00:00,2.29,493.1,135656
2026-04-19 20:07:00+00:00,1.53,458.5,62492
2026-04-19 20:08:00+00:00,2.24,488.5,112338
2026-04-19 20:09:00+00:00,2.24,488.5,112338
2026-04-19 20:10:00+00:00,2.04,485.6,104387
2026-04-19 20:11:00+00:00,1.73,464.0,77412
2026-04-19 20:12:00+00:00,2.06,494.2,103861
2026-04-19 20:13:00+00:00,2.41,501.2,166577
2026-04-19 20:14:00+00:00,2.49,501.8,181164
2026-04-19 20:15:00+00:00,1.78,476.2,83926
2026-04-19 20:16:00+00:00,2.15,489.7,115733
2026-04-19 20:17:00+00:00,2.25,492.7,118981
2026-04-19 20:18:00+00:00,1.93,483.3,89906
2026-04-19 20:19:00+00:00,1.89,484.4,90051
2026-04-19 20:20:00+00:00,2.11,487.5,100589
2026-04-19 20:21:00+00:00,1.99,479.1,82539
2026-04-19 20:22:00+00:00,2.08,485.6,96632
2026-04-19 20:23:00+00:00,1.96,479.8,84199
2026-04-19 20:24:00+00:00,2.32,502.2,141050
2026-04-19 20:25:00+00:00,1.94,467.2,62818
2026-04-19 20:26:00+00:00,2.42,514.6,173428
2026-04-19 20:27:00+00:00,2.44,508.2,158082
2026-04-19 20:28:00+00:00,2.74,504.0,160340
2026-04-19 20:29:00+00:00,2.38,471.1,91678
2026-04-19 20:30:00+00:00,1.58,471.1,80825
2026-04-19 20:31:00+00:00,2.43,485.9,118566
2026-04-19 20:32:00+00:00,2.74,487.2,122808
2026-04-19 20:33:00+00:00,2.58,480.8,104084
2026-04-19 20:34:00+00:00,2.64,483.9,117075
2026-04-19 20:35:00+00:00,2.78,485.8,131685
2026-04-19 20:36:00+00:00,2.83,484.9,122716
2026-04-19 20:37:00+00:00,2.42,488.8,116628
2026-04-19 20:38:00+00:00,1.73,472.0,85998
2026-04-19 20:39:00+00:00,2.10,499.5,164473
2026-04-19 20:40:00+00:00,2.46,501.5,172026
2026-04-19 20:41:00+00:00,2.22,489.3,121012
2026-04-19 20:42:00+00:00,1.75,475.1,106559
2026-04-19 20:43:00+00:00,1.67,464.8,92597
2026-04-19 20:44:00+00:00,2.73,481.6,134783
2026-04-19 20:45:00+00:00,2.55,475.8,111766
2026-04-19 20:46:00+00:00,2.60,477.4,120381
2026-04-19 20:47:00+00:00,2.67,478.4,125606
2026-04-19 20:48:00+00:00,3.44,487.3,157907
2026-04-19 20:49:00+00:00,2.76,480.0,135171
2026-04-19 20:50:00+00:00,1.86,472.3,104180
2026-04-19 20:51:00+00:00,1.51,460.3,83551
2026-04-19 20:52:00+00:00,2.53,468.6,115864
2026-04-19 20:53:00+00:00,2.73,472.8,131990
2026-04-19 20:54:00+00:00,2.98,480.5,160657
2026-04-19 20:55:00+00:00,1.79,463.2,95224
2026-04-19 20:56:00+00:00,1.72,454.5,83569
2026-04-19 20:57:00+00:00,2.39,491.3,167954
2026-04-19 20:58:00+00:00,2.87,489.4,182544
2026-04-19 20:59:00+00:00,1.72,466.4,94401
2026-04-19 21:00:00+00:00,1.74,462.5,99728
2026-04-19 21:01:00+00:00,2.26,474.1,129879
2026-04-19 21:02:00+00:00,2.77,485.1,178826
2026-04-19 21:03:00+00:00,2.14,473.0,133036
2026-04-19 21:04:00+00:00,2.14,470.9,128154
2026-04-19 21:05:00+00:00,2.40,474.5,145237
2026-04-19 21:06:00+00:00,1.58,457.9,84768
2026-04-19 21:07:00+00:00,1.97,471.9,135882
2026-04-19 21:08:00+00:00,2.53,488.8,192533
2026-04-19 21:09:00+00:00,2.39,477.4,141599
2026-04-19 21:10:00+00:00,2.21,472.0,128261
2026-04-19 21:11:00+00:00,2.57,485.9,201981
2026-04-19 21:12:00+00:00,2.92,490.9,240451
2026-04-19 21:13:00+00:00,1.61,468.9,119370
2026-04-19 21:14:00+00:00,1.26,444.2,72010
2026-04-19 21:15:00+00:00,2.01,489.6,230636
2026-04-19 21:16:00+00:00,1.90,479.5,147423
2026-04-19 21:17:00+00:00,2.01,478.3,139537
2026-04-19 21:18:00+00:00,1.92,461.2,99519
2026-04-19 21:19:00+00:00,2.00,473.3,181836
2026-04-19 21:20:00+00:00,2.07,482.5,230494
2026-04-19 21:23:00+00:00,1.08,459.8,126067
2026-04-19 21:24:00+00:00,1.44,469.5,157312
2026-04-19 21:25:00+00:00,2.21,479.6,148847
2026-04-19 21:26:00+00:00,1.99,468.1,126018
2026-04-19 21:27:00+00:00,2.06,468.5,138599
2026-04-19 21:28:00+00:00,1.53,440.9,82481
2026-04-19 21:29:00+00:00,2.19,489.5,223898
2026-04-19 21:30:00+00:00,2.79,485.7,257117
2026-04-19 21:31:00+00:00,2.52,478.8,170887
2026-04-19 21:32:00+00:00,1.24,443.4,62347
2026-04-19 21:33:00+00:00,2.00,464.0,155249
2026-04-19 21:34:00+00:00,2.59,470.9,186987
2026-04-19 21:35:00+00:00,1.36,464.5,119920
2026-04-19 21:36:00+00:00,1.79,455.0,112391
2026-04-19 21:37:00+00:00,2.28,464.4,158731
2026-04-19 21:38:00+00:00,2.86,474.7,183899
2026-04-19 21:39:00+00:00,2.55,463.1,142923
2026-04-19 21:40:00+00:00,1.94,446.9,99139
2026-04-19 21:41:00+00:00,2.01,448.7,111276
2026-04-19 21:42:00+00:00,2.92,476.5,212747
2026-04-19 21:43:00+00:00,2.59,468.1,131723
2026-04-19 21:44:00+00:00,2.81,472.3,149287
2026-04-19 21:45:00+00:00,1.86,457.8,96152
2026-04-19 21:46:00+00:00,2.16,455.1,88916
2026-04-19 21:47:00+00:00,2.80,471.5,153698
2026-04-19 21:48:00+00:00,2.84,472.4,156887
2026-04-19 21:49:00+00:00,2.69,467.8,131184
2026-04-19 21:50:00+00:00,1.74,445.0,74362
2026-04-19 21:51:00+00:00,2.30,463.1,118228
2026-04-19 21:52:00+00:00,2.91,474.6,156418
2026-04-19 21:53:00+00:00,3.01,473.6,161140
2026-04-19 21:56:00+00:00,2.93,472.5,173043
2026-04-19 21:57:00+00:00,2.94,468.8,161118
2026-04-19 21:58:00+00:00,2.28,460.6,138685
2026-04-19 21:59:00+00:00,2.46,463.5,129543
2026-04-19 22:00:00+00:00,2.48,463.4,129408
2026-04-19 22:01:00+00:00,2.77,462.9,127527
2026-04-19 22:02:00+00:00,2.90,476.0,153333
2026-04-19 22:03:00+00:00,2.20,458.3,91636
2026-04-19 22:04:00+00:00,2.09,463.4,117498
2026-04-19 22:05:00+00:00,2.40,464.3,140035
2026-04-19 22:06:00+00:00,2.23,460.1,109920
2026-04-19 22:07:00+00:00,2.28,461.2,95383
2026-04-19 22:08:00+00:00,2.35,462.1,106711
2026-04-19 22:09:00+00:00,2.46,465.2,149633
2026-04-19 22:10:00+00:00,2.23,469.0,120162
2026-04-19 22:11:00+00:00,2.26,468.1,119624
2026-04-19 22:12:00+00:00,2.25,467.4,121510
2026-04-19 22:13:00+00:00,2.17,469.0,127059
2026-04-19 22:14:00+00:00,2.28,468.6,126704
2026-04-19 22:15:00+00:00,2.10,466.6,123003
2026-04-19 22:16:00+00:00,2.20,467.1,119838
2026-04-19 22:17:00+00:00,2.24,466.2,119437
2026-04-19 22:18:00+00:00,2.40,464.5,128173
2026-04-19 22:19:00+00:00,2.23,465.0,127690
2026-04-19 22:20:00+00:00,2.15,465.1,124373
2026-04-19 22:21:00+00:00,2.31,463.0,108098
2026-04-19 22:22:00+00:00,2.57,463.8,119105
2026-04-19 22:23:00+00:00,2.79,471.8,146492
2026-04-19 22:24:00+00:00,2.64,470.9,142887
2026-04-19 22:25:00+00:00,2.34,468.3,140297
2026-04-19 22:26:00+00:00,2.20,468.8,146954
2026-04-19 22:29:00+00:00,2.46,454.9,105918
2026-04-19 22:30:00+00:00,2.56,453.7,92956
2026-04-19 22:31:00+00:00,2.58,443.0,72110
2026-04-19 22:32:00+00:00,2.85,460.7,110376
2026-04-19 22:33:00+00:00,3.15,472.1,135931
2026-04-19 22:34:00+00:00,3.34,470.3,167550
2026-04-19 22:35:00+00:00,1.46,435.9,67863
2026-04-19 22:36:00+00:00,2.70,466.2,157880
2026-04-19 22:37:00+00:00,2.85,465.4,150245
2026-04-19 22:38:00+00:00,2.47,467.5,129559
2026-04-19 22:39:00+00:00,1.87,435.6,72493
2026-04-19 22:40:00+00:00,2.27,451.0,111795
2026-04-19 22:41:00+00:00,2.85,469.2,152980
2026-04-19 22:42:00+00:00,2.64,462.8,143139
2026-04-19 22:43:00+00:00,2.35,454.6,110472
2026-04-19 22:44:00+00:00,2.66,454.5,114147
2026-04-19 22:45:00+00:00,2.97,464.4,179154
2026-04-19 22:46:00+00:00,2.79,457.8,139989
2026-04-19 22:47:00+00:00,2.60,454.0,121510
2026-04-19 22:48:00+00:00,2.63,446.9,80371
2026-04-19 22:49:00+00:00,2.92,459.4,187925
2026-04-19 22:50:00+00:00,2.94,460.1,176896
2026-04-19 22:51:00+00:00,2.42,441.0,70157
2026-04-19 22:52:00+00:00,2.76,447.2,147077
2026-04-19 22:53:00+00:00,2.73,449.3,153175
2026-04-19 22:54:00+00:00,2.70,447.8,160186
2026-04-19 22:55:00+00:00,2.61,447.9,154612
2026-04-19 22:56:00+00:00,2.37,450.0,168062
2026-04-19 22:57:00+00:00,2.37,451.5,178810
2026-04-19 22:58:00+00:00,2.60,450.9,177573
2026-04-19 22:59:00+00:00,2.73,450.0,176900
2026-04-19 23:00:00+00:00,2.22,453.3,164840
2026-04-19 23:01:00+00:00,2.50,454.4,175092
2026-04-19 23:02:00+00:00,2.47,453.4,174513
2026-04-19 23:03:00+00:00,2.37,450.2,172561
2026-04-19 23:04:00+00:00,2.41,454.0,173291
2026-04-19 23:05:00+00:00,2.24,448.2,150356
2026-04-19 23:06:00+00:00,2.48,446.4,179627
2026-04-19 23:07:00+00:00,2.51,445.1,176105
2026-04-19 23:08:00+00:00,2.49,443.0,166260
2026-04-19 23:09:00+00:00,2.53,443.3,171170
2026-04-19 23:10:00+00:00,2.49,444.3,182443
2026-04-19 23:11:00+00:00,2.43,447.0,183448
2026-04-19 23:12:00+00:00,2.32,450.0,174492
2026-04-19 23:13:00+00:00,2.37,448.2,172083
2026-04-19 23:14:00+00:00,2.25,449.8,170501
2026-04-19 23:15:00+00:00,2.20,449.0,162056
2026-04-19 23:16:00+00:00,2.45,442.1,164667
2026-04-19 23:17:00+00:00,2.33,444.1,180702
2026-04-19 23:18:00+00:00,1.89,446.0,175684
2026-04-19 23:19:00+00:00,1.94,445.7,174135
2026-04-19 23:20:00+00:00,2.27,443.3,163601
2026-04-19 23:21:00+00:00,2.13,443.1,157057
2026-04-19 23:22:00+00:00,2.41,439.3,154791
2026-04-19 23:23:00+00:00,2.27,437.2,161203
2026-04-19 23:24:00+00:00,2.44,440.4,158469
2026-04-19 23:25:00+00:00,2.61,438.4,155855
2026-04-19 23:26:00+00:00,2.70,438.3,164477
2026-04-19 23:27:00+00:00,2.62,437.4,159677
2026-04-19 23:28:00+00:00,2.33,439.6,193370
2026-04-19 23:29:00+00:00,2.15,447.0,204742
2026-04-19 23:30:00+00:00,2.14,449.6,184021
2026-04-19 23:31:00+00:00,2.12,448.2,179871
2026-04-19 23:32:00+00:00,2.09,449.8,188472
2026-04-19 23:33:00+00:00,2.03,439.9,105810
2026-04-19 23:34:00+00:00,2.04,442.1,122992
2026-04-19 23:35:00+00:00,2.11,444.6,183582
2026-04-19 23:36:00+00:00,2.10,444.6,182147
2026-04-19 23:37:00+00:00,2.00,445.2,162060
2026-04-19 23:38:00+00:00,2.26,442.4,174049
2026-04-19 23:39:00+00:00,2.36,443.1,162775
2026-04-19 23:40:00+00:00,2.85,444.8,171185
2026-04-19 23:41:00+00:00,2.18,439.0,166567
2026-04-19 23:42:00+00:00,2.26,435.3,153254
2026-04-19 23:43:00+00:00,2.45,434.8,145330
2026-04-19 23:44:00+00:00,2.34,436.4,142504
2026-04-19 23:45:00+00:00,2.11,435.3,146050
2026-04-19 23:46:00+00:00,1.96,432.4,163539
2026-04-19 23:47:00+00:00,1.94,426.8,140766
2026-04-19 23:48:00+00:00,1.99,428.1,101129
2026-04-19 23:49:00+00:00,2.04,443.0,142236
2026-04-19 23:50:00+00:00,2.06,441.4,163782
2026-04-19 23:51:00+00:00,1.81,438.9,190517
2026-04-19 23:52:00+00:00,1.93,434.4,157928
2026-04-19 23:53:00+00:00,1.93,434.4,157928
2026-04-19 23:54:00+00:00,2.01,447.2,129251
2026-04-19 23:55:00+00:00,1.87,449.2,123924
2026-04-19 23:56:00+00:00,1.60,450.1,152365
2026-04-19 23:57:00+00:00,1.77,452.5,143010
2026-04-19 23:58:00+00:00,1.73,452.9,149656
2026-04-19 23:59:00+00:00,1.55,451.0,173587
2026-04-20 00:00:00+00:00,1.70,440.8,177713
2026-04-20 00:01:00+00:00,1.80,435.9,170775
2026-04-20 00:02:00+00:00,1.80,436.6,171253
2026-04-20 00:03:00+00:00,1.64,428.7,126423
2026-04-20 00:04:00+00:00,1.51,425.5,92080
2026-04-20 00:05:00+00:00,1.91,441.3,168329
2026-04-20 00:06:00+00:00,2.05,445.2,146518
2026-04-20 00:07:00+00:00,2.02,444.8,148270
2026-04-20 00:08:00+00:00,1.84,442.6,159977
2026-04-20 00:09:00+00:00,2.22,442.4,164485
2026-04-20 00:10:00+00:00,2.34,441.9,173569
2026-04-20 00:11:00+00:00,2.25,441.2,187603
2026-04-20 00:12:00+00:00,2.31,440.6,168551
2026-04-20 00:13:00+00:00,2.32,440.6,172062
2026-04-20 00:14:00+00:00,2.36,439.9,164618
2026-04-20 00:15:00+00:00,2.38,440.0,159759
2026-04-20 00:16:00+00:00,2.38,440.1,159891
2026-04-20 00:17:00+00:00,2.49,438.3,158565
2026-04-20 00:18:00+00:00,2.27,436.4,166186
2026-04-20 00:19:00+00:00,2.22,434.2,171192
2026-04-20 00:20:00+00:00,2.57,433.4,167846
2026-04-20 00:21:00+00:00,2.41,436.6,171112
2026-04-20 00:22:00+00:00,2.62,435.3,153769
2026-04-20 00:23:00+00:00,2.77,435.2,160510
2026-04-20 00:24:00+00:00,2.66,434.5,157741
2026-04-20 00:25:00+00:00,2.77,434.8,151369
2026-04-20 00:26:00+00:00,2.05,433.2,167548
2026-04-20 00:27:00+00:00,2.80,436.6,157701
2026-04-20 00:28:00+00:00,2.73,436.6,157018
2026-04-20 00:29:00+00:00,2.13,435.4,152448
2026-04-20 00:30:00+00:00,2.46,433.5,145358
2026-04-20 00:31:00+00:00,2.04,433.5,149876
2026-04-20 00:32:00+00:00,1.70,431.9,146846
2026-04-20 00:33:00+00:00,1.72,430.8,150271
2026-04-20 00:34:00+00:00,1.96,432.7,143258
2026-04-20 00:35:00+00:00,2.19,429.9,130700
2026-04-20 00:36:00+00:00,2.25,419.0,129934
2026-04-20 00:37:00+00:00,2.30,415.4,124895
2026-04-20 00:38:00+00:00,2.06,424.9,141080
2026-04-20 00:39:00+00:00,2.79,423.3,142547
2026-04-20 00:40:00+00:00,2.73,423.5,144374
2026-04-20 00:41:00+00:00,1.98,426.0,169956
2026-04-20 00:42:00+00:00,2.96,422.5,143141
2026-04-20 00:43:00+00:00,2.26,430.7,123190
2026-04-20 00:44:00+00:00,1.75,432.3,122513
2026-04-20 00:45:00+00:00,2.21,429.3,125574
2026-04-20 00:46:00+00:00,2.58,427.2,135392
2026-04-20 00:47:00+00:00,2.62,426.8,139115
2026-04-20 00:48:00+00:00,2.23,429.0,136500
2026-04-20 00:49:00+00:00,2.16,430.7,124578
2026-04-20 00:50:00+00:00,2.36,429.7,118148
2026-04-20 00:51:00+00:00,2.35,429.5,119214
2026-04-20 00:52:00+00:00,2.51,425.2,126369
2026-04-20 00:53:00+00:00,2.95,412.2,144105
2026-04-20 00:54:00+00:00,2.67,409.5,139537
2026-04-20 00:55:00+00:00,2.48,412.2,136487
2026-04-20 00:56:00+00:00,2.30,414.5,133070
2026-04-20 00:57:00+00:00,2.90,412.8,138058
2026-04-20 00:58:00+00:00,2.59,407.0,125878
2026-04-20 00:59:00+00:00,2.65,407.9,130633
2026-04-20 01:00:00+00:00,2.54,407.9,126081
2026-04-20 01:01:00+00:00,2.60,407.2,117514
2026-04-20 01:02:00+00:00,2.61,413.3,128200
2026-04-20 01:03:00+00:00,2.70,411.3,132788
2026-04-20 01:04:00+00:00,2.62,412.6,132828
2026-04-20 01:05:00+00:00,2.52,414.9,127995
2026-04-20 01:06:00+00:00,2.35,416.6,131625
2026-04-20 01:07:00+00:00,2.39,418.3,139260
2026-04-20 01:08:00+00:00,2.70,417.4,135253
2026-04-20 01:09:00+00:00,2.66,415.4,130072
2026-04-20 01:10:00+00:00,2.66,415.6,129292
2026-04-20 01:11:00+00:00,2.57,420.6,132622
2026-04-20 01:12:00+00:00,2.62,408.7,104316
2026-04-20 01:13:00+00:00,2.62,408.7,104316
2026-04-20 01:14:00+00:00,2.44,417.4,86433
2026-04-20 01:15:00+00:00,2.58,418.6,125447
2026-04-20 01:16:00+00:00,2.44,419.1,131940
2026-04-20 01:17:00+00:00,2.35,419.8,128105
2026-04-20 01:18:00+00:00,2.60,414.1,126226
2026-04-20 01:19:00+00:00,3.05,417.5,111498
2026-04-20 01:20:00+00:00,3.22,418.8,103409
2026-04-20 01:21:00+00:00,3.25,418.2,105254
2026-04-20 01:22:00+00:00,2.83,418.5,110531
2026-04-20 01:23:00+00:00,2.26,418.3,108000
2026-04-20 01:24:00+00:00,2.41,417.6,103923
2026-04-20 01:25:00+00:00,2.94,419.2,113481
2026-04-20 01:26:00+00:00,3.37,420.3,111007
2026-04-20 01:27:00+00:00,3.14,419.1,111714
2026-04-20 01:28:00+00:00,3.15,418.8,110148
2026-04-20 01:29:00+00:00,2.31,418.5,110748
2026-04-20 01:30:00+00:00,3.36,420.6,119639
2026-04-20 01:31:00+00:00,3.11,418.5,113619
2026-04-20 01:32:00+00:00,3.19,418.0,107028
2026-04-20 01:33:00+00:00,3.06,416.1,111103
2026-04-20 01:34:00+00:00,3.23,416.1,108105
2026-04-20 01:35:00+00:00,3.20,415.7,107744
2026-04-20 01:36:00+00:00,3.23,416.3,108028
2026-04-20 01:37:00+00:00,3.21,415.8,106372
2026-04-20 01:38:00+00:00,3.20,415.7,107747
2026-04-20 01:39:00+00:00,3.19,416.1,110662
2026-04-20 01:40:00+00:00,3.14,415.6,109287
2026-04-20 01:41:00+00:00,3.18,416.0,110472
2026-04-20 01:42:00+00:00,3.20,417.2,117286
2026-04-20 01:43:00+00:00,3.32,418.7,117234
2026-04-20 01:44:00+00:00,3.44,418.2,113620
2026-04-20 01:46:00+00:00,3.31,417.2,102902
2026-04-20 01:47:00+00:00,3.04,417.7,106460
2026-04-20 01:48:00+00:00,3.39,416.0,95190
2026-04-20 01:49:00+00:00,3.28,414.5,90629
2026-04-20 01:50:00+00:00,3.28,414.9,90177
2026-04-20 01:51:00+00:00,2.78,415.0,100008
2026-04-20 01:52:00+00:00,3.36,415.9,94875
2026-04-20 01:53:00+00:00,3.27,415.3,93400
2026-04-20 01:54:00+00:00,3.35,414.9,93660
2026-04-20 01:55:00+00:00,3.46,414.4,95258
2026-04-20 01:56:00+00:00,3.41,413.7,94668
2026-04-20 01:57:00+00:00,3.54,413.7,95500
2026-04-20 01:58:00+00:00,3.65,414.3,105624
2026-04-20 01:59:00+00:00,3.74,417.6,124182
2026-04-20 02:00:00+00:00,3.31,413.1,88345
2026-04-20 02:01:00+00:00,3.42,413.4,88520
2026-04-20 02:02:00+00:00,3.30,412.4,85588
2026-04-20 02:03:00+00:00,3.37,413.0,80547
2026-04-20 02:04:00+00:00,3.44,415.7,94631
2026-04-20 02:05:00+00:00,3.51,419.7,111739
2026-04-20 02:06:00+00:00,3.42,419.3,116415
2026-04-20 02:07:00+00:00,3.54,419.7,116813
2026-04-20 02:08:00+00:00,3.51,419.4,114605
2026-04-20 02:09:00+00:00,2.81,422.2,130546
2026-04-20 02:10:00+00:00,3.20,421.1,128914
2026-04-20 02:11:00+00:00,3.69,419.6,125134
2026-04-20 02:12:00+00:00,3.61,419.3,117475
2026-04-20 02:13:00+00:00,3.20,420.1,110070
2026-04-20 02:14:00+00:00,3.05,420.3,116815
2026-04-20 02:15:00+00:00,3.51,419.5,119578
2026-04-20 02:16:00+00:00,3.53,420.4,117269
2026-04-20 02:17:00+00:00,3.33,420.8,121490
2026-04-20 02:19:00+00:00,3.39,420.4,116597
2026-04-20 02:20:00+00:00,3.67,419.5,117595
2026-04-20 02:21:00+00:00,3.62,419.3,119283
2026-04-20 02:22:00+00:00,3.63,419.7,118790
2026-04-20 02:23:00+00:00,3.60,416.0,109979
2026-04-20 02:24:00+00:00,3.45,416.2,103573
2026-04-20 02:25:00+00:00,3.34,417.6,109628
2026-04-20 02:26:00+00:00,3.08,421.1,126550
2026-04-20 02:27:00+00:00,3.08,419.8,121443
2026-04-20 02:28:00+00:00,3.14,417.3,116265
2026-04-20 02:29:00+00:00,3.21,416.5,122239
2026-04-20 02:30:00+00:00,3.16,416.1,126230
2026-04-20 02:31:00+00:00,3.19,415.0,131268
2026-04-20 02:32:00+00:00,2.51,416.5,132518
2026-04-20 02:33:00+00:00,3.29,416.5,136165
2026-04-20 02:34:00+00:00,3.18,417.9,129274
2026-04-20 02:35:00+00:00,3.29,418.5,130073
2026-04-20 02:36:00+00:00,3.11,416.1,124423
2026-04-20 02:37:00+00:00,3.28,418.5,131805
2026-04-20 02:38:00+00:00,3.20,418.0,135829
2026-04-20 02:39:00+00:00,3.22,419.3,139091
2026-04-20 02:40:00+00:00,3.12,420.6,135575
2026-04-20 02:41:00+00:00,3.17,417.7,145090
2026-04-20 02:42:00+00:00,3.32,417.7,145658
2026-04-20 02:43:00+00:00,3.34,419.7,140945
2026-04-20 02:44:00+00:00,3.36,419.3,142293
2026-04-20 02:45:00+00:00,3.52,417.8,144133
2026-04-20 02:46:00+00:00,3.79,416.7,137951
2026-04-20 02:47:00+00:00,3.63,418.8,123852
2026-04-20 02:48:00+00:00,3.81,416.6,131824
2026-04-20 02:49:00+00:00,3.81,416.0,132464
2026-04-20 02:50:00+00:00,3.32,420.6,126946
2026-04-20 02:51:00+00:00,3.32,420.6,126946
2026-04-20 02:52:00+00:00,3.67,415.9,140826
2026-04-20 02:53:00+00:00,3.89,414.1,134613
2026-04-20 02:54:00+00:00,3.37,412.0,135540
2026-04-20 02:55:00+00:00,3.65,413.2,137438
2026-04-20 02:56:00+00:00,3.84,414.5,135121
2026-04-20 02:57:00+00:00,3.74,414.8,131100
2026-04-20 02:58:00+00:00,3.62,414.9,130309
2026-04-20 02:59:00+00:00,3.67,414.9,131837
2026-04-20 03:00:00+00:00,3.77,413.9,133193
2026-04-20 03:01:00+00:00,3.80,414.0,132933
2026-04-20 03:02:00+00:00,3.91,414.3,131044
2026-04-20 03:03:00+00:00,3.93,414.3,125937
2026-04-20 03:04:00+00:00,3.84,413.0,123271
2026-04-20 03:05:00+00:00,3.88,411.5,123561
2026-04-20 03:06:00+00:00,3.30,411.0,121146
2026-04-20 03:07:00+00:00,3.77,407.2,128153
2026-04-20 03:08:00+00:00,3.47,408.2,123761
2026-04-20 03:09:00+00:00,3.61,410.1,124958
2026-04-20 03:10:00+00:00,3.71,407.4,121128
2026-04-20 03:11:00+00:00,3.83,407.1,126888
2026-04-20 03:12:00+00:00,3.50,408.6,129765
2026-04-20 03:13:00+00:00,3.58,408.9,129986
2026-04-20 03:14:00+00:00,3.81,408.0,130093
2026-04-20 03:15:00+00:00,3.78,407.2,130270
2026-04-20 03:16:00+00:00,3.69,406.0,131241
2026-04-20 03:17:00+00:00,3.89,406.9,133074
2026-04-20 03:18:00+00:00,3.84,406.7,130177
2026-04-20 03:19:00+00:00,3.70,406.0,120684
2026-04-20 03:20:00+00:00,3.83,409.0,133752
2026-04-20 03:21:00+00:00,3.67,404.9,126082
2026-04-20 03:22:00+00:00,4.16,407.4,130127
2026-04-20 03:23:00+00:00,3.97,407.4,122431
2026-04-20 03:24:00+00:00,3.96,407.4,121881
2026-04-20 03:25:00+00:00,3.89,414.9,129082
2026-04-20 03:26:00+00:00,3.76,414.7,128946
2026-04-20 03:27:00+00:00,3.76,414.2,136659
2026-04-20 03:28:00+00:00,3.80,415.0,135072
2026-04-20 03:29:00+00:00,3.85,414.9,128261
2026-04-20 03:30:00+00:00,3.81,414.4,120472
2026-04-20 03:31:00+00:00,3.76,414.6,120083
2026-04-20 03:32:00+00:00,3.79,414.0,127504
2026-04-20 03:33:00+00:00,3.77,411.0,122602
2026-04-20 03:34:00+00:00,3.65,411.6,124311
2026-04-20 03:35:00+00:00,3.23,414.1,130729
2026-04-20 03:36:00+00:00,3.88,413.0,127965
2026-04-20 03:37:00+00:00,3.82,410.5,127323
2026-04-20 03:38:00+00:00,4.00,411.1,125372
2026-04-20 03:39:00+00:00,3.10,412.0,127382
2026-04-20 03:40:00+00:00,3.83,413.3,125092
2026-04-20 03:41:00+00:00,3.84,414.7,126030
2026-04-20 03:42:00+00:00,4.06,414.6,123354
2026-04-20 03:43:00+00:00,3.56,416.6,112081
2026-04-20 03:44:00+00:00,3.11,420.2,111102
2026-04-20 03:45:00+00:00,3.21,418.9,112121
2026-04-20 03:46:00+00:00,3.48,417.5,115285
2026-04-20 03:47:00+00:00,3.61,418.4,118646
2026-04-20 03:48:00+00:00,3.71,417.1,115338
2026-04-20 03:49:00+00:00,3.78,417.0,117387
2026-04-20 03:50:00+00:00,3.71,420.2,124907
2026-04-20 03:51:00+00:00,3.74,420.3,124298
2026-04-20 03:52:00+00:00,3.84,416.6,121021
2026-04-20 03:53:00+00:00,3.97,418.3,132901
2026-04-20 03:54:00+00:00,4.08,414.9,135767
2026-04-20 03:55:00+00:00,4.06,415.2,129263
2026-04-20 03:56:00+00:00,11.07,400.7,99037
2026-04-20 03:57:00+00:00,12.15,398.4,94458
2026-04-20 03:58:00+00:00,4.40,413.0,131989
2026-04-20 04:00:00+00:00,4.28,415.5,127468
2026-04-20 04:01:00+00:00,4.09,415.0,127372
2026-04-20 04:02:00+00:00,3.15,409.0,103623
2026-04-20 04:03:00+00:00,3.13,406.8,99786
2026-04-20 04:04:00+00:00,4.60,415.2,146719
2026-04-20 04:05:00+00:00,4.80,418.2,158965
2026-04-20 04:06:00+00:00,4.12,413.3,121390
2026-04-20 04:07:00+00:00,3.57,411.1,111669
2026-04-20 04:08:00+00:00,4.89,422.0,166136
2026-04-20 04:09:00+00:00,4.37,418.0,141812
2026-04-20 04:10:00+00:00,4.38,418.8,132482
2026-04-20 04:11:00+00:00,4.11,417.1,120168
2026-04-20 04:12:00+00:00,3.08,411.4,97167
2026-04-20 04:13:00+00:00,4.52,423.0,150346
2026-04-20 04:14:00+00:00,4.80,426.7,170599
2026-04-20 04:16:00+00:00,1.60,405.3,71779
2026-04-20 04:17:00+00:00,3.44,412.9,104378
2026-04-20 04:18:00+00:00,4.22,420.7,137517
2026-04-20 04:19:00+00:00,4.12,424.2,145686
2026-04-20 04:20:00+00:00,3.33,419.2,123778
2026-04-20 04:21:00+00:00,2.89,407.2,87545
2026-04-20 04:22:00+00:00,4.30,419.6,134239
2026-04-20 04:23:00+00:00,4.45,422.0,141972
2026-04-20 04:24:00+00:00,4.30,421.6,137166
2026-04-20 04:25:00+00:00,2.77,409.1,83823
2026-04-20 04:26:00+00:00,4.13,421.8,118728
2026-04-20 04:27:00+00:00,4.58,428.1,155425
2026-04-20 04:28:00+00:00,4.17,420.2,115415
2026-04-20 04:29:00+00:00,3.52,415.9,94960
2026-04-20 04:30:00+00:00,3.38,415.1,91385
2026-04-20 04:31:00+00:00,5.28,429.9,163849
2026-04-20 04:32:00+00:00,4.81,425.7,146550
2026-04-20 04:33:00+00:00,4.06,424.3,122477
2026-04-20 04:34:00+00:00,3.15,416.9,88491
2026-04-20 04:35:00+00:00,3.43,416.0,99983
2026-04-20 04:36:00+00:00,4.75,429.0,153849
2026-04-20 04:37:00+00:00,4.41,427.2,138625
2026-04-20 04:38:00+00:00,3.37,420.1,101628
2026-04-20 04:39:00+00:00,2.80,410.3,75224
2026-04-20 04:40:00+00:00,5.24,434.5,178521
2026-04-20 04:41:00+00:00,4.75,428.3,154571
2026-04-20 04:42:00+00:00,3.63,422.4,113358
2026-04-20 04:43:00+00:00,2.06,407.4,73144
2026-04-20 04:44:00+00:00,4.61,429.9,158341
2026-04-20 04:45:00+00:00,4.67,424.4,156767
2026-04-20 04:46:00+00:00,4.17,416.6,118883
2026-04-20 04:47:00+00:00,3.07,407.3,77719
2026-04-20 04:48:00+00:00,4.00,414.2,112275
2026-04-20 04:49:00+00:00,4.54,417.3,123424
2026-04-20 04:50:00+00:00,4.30,414.4,112139
2026-04-20 04:51:00+00:00,4.07,412.3,107307
2026-04-20 04:52:00+00:00,3.71,410.1,93362
2026-04-20 04:53:00+00:00,4.57,417.6,121698
2026-04-20 04:54:00+00:00,5.78,425.8,155318
2026-04-20 04:55:00+00:00,4.89,417.9,111411
2026-04-20 04:56:00+00:00,4.38,414.5,92430
2026-04-20 04:57:00+00:00,2.40,396.7,45080
2026-04-20 04:58:00+00:00,5.33,425.2,140710
2026-04-20 04:59:00+00:00,5.12,417.9,105780
2026-04-20 05:00:00+00:00,5.30,423.3,119785
2026-04-20 05:01:00+00:00,4.97,417.4,108865
2026-04-20 05:02:00+00:00,5.61,425.2,147144
2026-04-20 05:03:00+00:00,5.87,428.7,162287
2026-04-20 05:04:00+00:00,3.89,394.4,49682
2026-04-20 05:05:00+00:00,4.32,405.5,74890
2026-04-20 05:06:00+00:00,5.37,420.7,121667
2026-04-20 05:07:00+00:00,5.94,425.4,138188
2026-04-20 05:08:00+00:00,5.41,421.3,115743
2026-04-20 05:09:00+00:00,4.90,417.1,102959
2026-04-20 05:10:00+00:00,4.93,416.3,100175
2026-04-20 05:11:00+00:00,5.76,421.6,123366
2026-04-20 05:12:00+00:00,5.51,422.3,123404
2026-04-20 05:13:00+00:00,4.36,412.7,88470
2026-04-20 05:14:00+00:00,4.32,407.3,78587
2026-04-20 05:15:00+00:00,4.69,412.0,90567
2026-04-20 05:16:00+00:00,5.65,419.6,127917
2026-04-20 05:17:00+00:00,5.01,414.3,109511
2026-04-20 05:18:00+00:00,4.82,415.2,110896
2026-04-20 05:19:00+00:00,3.22,401.9,68456
2026-04-20 05:20:00+00:00,4.08,411.4,95308
2026-04-20 05:21:00+00:00,5.20,419.0,100369
2026-04-20 05:22:00+00:00,5.09,418.4,79692
2026-04-20 05:23:00+00:00,4.18,406.8,59739
2026-04-20 05:24:00+00:00,3.78,401.1,59045
2026-04-20 05:25:00+00:00,5.44,429.8,121229
2026-04-20 05:26:00+00:00,5.65,422.6,95432
2026-04-20 05:27:00+00:00,4.74,420.8,83760
2026-04-20 05:28:00+00:00,2.17,393.4,37621
2026-04-20 05:29:00+00:00,5.34,423.0,111701
2026-04-20 05:30:00+00:00,5.58,423.6,125625
2026-04-20 05:31:00+00:00,5.35,427.5,128215
2026-04-20 05:32:00+00:00,2.82,410.5,69976
2026-04-20 05:33:00+00:00,4.12,417.6,108028
2026-04-20 05:34:00+00:00,4.82,421.6,125695
2026-04-20 05:35:00+00:00,3.36,419.4,117215
2026-04-20 05:36:00+00:00,5.04,419.4,117215
2026-04-20 05:37:00+00:00,3.06,390.3,37912
2026-04-20 05:38:00+00:00,4.01,409.8,95394
2026-04-20 05:39:00+00:00,5.50,427.4,144155
2026-04-20 05:40:00+00:00,5.75,418.9,111630
2026-04-20 05:41:00+00:00,4.58,410.0,85127
2026-04-20 05:42:00+00:00,3.74,402.2,73423
2026-04-20 05:43:00+00:00,5.55,430.5,157934
2026-04-20 05:44:00+00:00,5.88,418.1,134526
2026-04-20 05:45:00+00:00,4.49,421.2,118368
2026-04-20 05:46:00+00:00,2.56,394.7,48290
2026-04-20 05:47:00+00:00,4.47,421.5,142819
2026-04-20 05:48:00+00:00,4.94,424.7,136113
2026-04-20 05:49:00+00:00,3.76,429.4,131034
2026-04-20 05:50:00+00:00,2.49,405.7,70383
2026-04-20 05:51:00+00:00,3.72,417.6,102125
2026-04-20 05:52:00+00:00,4.50,427.7,123253
2026-04-20 05:53:00+00:00,4.21,424.0,102330
2026-04-20 05:54:00+00:00,3.08,414.4,65037
2026-04-20 05:55:00+00:00,2.72,421.1,63027
2026-04-20 05:56:00+00:00,3.94,440.3,94182
2026-04-20 05:57:00+00:00,4.32,434.1,80170
2026-04-20 05:58:00+00:00,3.37,425.7,57481
2026-04-20 05:59:00+00:00,1.77,420.7,34515
2026-04-20 06:00:00+00:00,2.34,429.5,49864
2026-04-20 06:01:00+00:00,2.20,473.4,94584
2026-04-20 06:02:00+00:00,2.62,450.3,70863
2026-04-20 06:03:00+00:00,2.73,454.6,74741
2026-04-20 06:04:00+00:00,2.19,419.0,38641
2026-04-20 06:05:00+00:00,3.31,442.9,79322
2026-04-20 06:06:00+00:00,4.61,445.0,96020
2026-04-20 06:07:00+00:00,4.70,442.9,91978
2026-04-20 06:08:00+00:00,2.79,422.1,50255
2026-04-20 06:09:00+00:00,1.62,408.3,24408
2026-04-20 06:10:00+00:00,5.52,463.2,205909
2026-04-20 06:11:00+00:00,4.62,451.4,144922
2026-04-20 06:12:00+00:00,2.67,428.5,47360
2026-04-20 06:13:00+00:00,2.12,425.9,47838
2026-04-20 06:14:00+00:00,4.03,447.0,81670
2026-04-20 06:15:00+00:00,4.10,443.9,74591
2026-04-20 06:16:00+00:00,3.27,433.2,51883
2026-04-20 06:17:00+00:00,3.43,429.0,39675
2026-04-20 06:18:00+00:00,4.37,433.4,56514
2026-04-20 06:19:00+00:00,5.11,442.6,71194
2026-04-20 06:20:00+00:00,4.31,432.5,48353
2026-04-20 06:21:00+00:00,3.25,438.7,55503
2026-04-20 06:22:00+00:00,3.23,424.1,37022
2026-04-20 06:23:00+00:00,5.33,456.4,63743
2026-04-20 06:24:00+00:00,6.83,463.3,79703
2026-04-20 06:25:00+00:00,6.10,451.4,67638
2026-04-20 06:26:00+00:00,3.78,431.2,38663
2026-04-20 06:27:00+00:00,3.34,433.8,52573
2026-04-20 06:28:00+00:00,5.36,461.4,94620
2026-04-20 06:29:00+00:00,5.40,450.5,68804
2026-04-20 06:30:00+00:00,4.33,441.4,51008
2026-04-20 06:31:00+00:00,2.41,418.0,27246
2026-04-20 06:32:00+00:00,4.58,454.9,83868
2026-04-20 06:33:00+00:00,4.97,450.0,78932
2026-04-20 06:34:00+00:00,4.91,445.7,60349
2026-04-20 06:35:00+00:00,2.83,417.4,26441
2026-04-20 06:36:00+00:00,3.98,449.6,72635
2026-04-20 06:37:00+00:00,4.96,452.9,76966
2026-04-20 06:38:00+00:00,4.73,447.7,64804
2026-04-20 06:39:00+00:00,3.53,431.8,40298
2026-04-20 06:40:00+00:00,3.36,432.1,43833
2026-04-20 06:41:00+00:00,4.02,438.9,52883
2026-04-20 06:42:00+00:00,4.40,440.5,52797
2026-04-20 06:43:00+00:00,4.36,440.9,50852
2026-04-20 06:45:00+00:00,4.90,417.2,38256
2026-04-20 06:46:00+00:00,4.67,442.0,67340
2026-04-20 06:47:00+00:00,4.81,450.5,83701
2026-04-20 06:48:00+00:00,4.70,443.9,50618
2026-04-20 06:49:00+00:00,5.64,418.1,24965
2026-04-20 06:50:00+00:00,6.93,469.1,108856
2026-04-20 06:51:00+00:00,4.07,448.5,113645
2026-04-20 06:52:00+00:00,3.15,440.1,76354
2026-04-20 06:53:00+00:00,4.29,432.3,84359
2026-04-20 06:54:00+00:00,4.85,439.1,104686
2026-04-20 06:55:00+00:00,3.27,441.8,112965
2026-04-20 06:56:00+00:00,4.76,438.6,100160
2026-04-20 06:57:00+00:00,3.82,427.1,73772
2026-04-20 06:58:00+00:00,3.80,423.3,68557
2026-04-20 06:59:00+00:00,4.83,435.6,117664
2026-04-20 07:00:00+00:00,5.28,443.6,154638
2026-04-20 07:01:00+00:00,5.32,436.4,105451
2026-04-20 07:02:00+00:00,4.60,429.5,67870
2026-04-20 07:03:00+00:00,4.60,416.3,56835
2026-04-20 07:04:00+00:00,5.59,437.5,138483
2026-04-20 07:05:00+00:00,5.57,435.2,114437
2026-04-20 07:06:00+00:00,4.99,431.3,92163
2026-04-20 07:07:00+00:00,3.21,399.6,36999
2026-04-20 07:08:00+00:00,4.64,445.5,128387
2026-04-20 07:09:00+00:00,5.17,443.1,122346
2026-04-20 07:10:00+00:00,5.22,441.3,112431
2026-04-20 07:11:00+00:00,3.29,415.4,59332
2026-04-20 07:12:00+00:00,3.89,423.4,85271
2026-04-20 07:13:00+00:00,4.82,436.9,111856
2026-04-20 07:14:00+00:00,4.98,434.5,115405
2026-04-20 07:15:00+00:00,5.28,432.3,127277
2026-04-20 07:16:00+00:00,5.30,430.8,79044
2026-04-20 07:17:00+00:00,5.50,430.1,75023
2026-04-20 07:18:00+00:00,5.71,426.2,63349
2026-04-20 07:19:00+00:00,4.35,417.7,56750
2026-04-20 07:20:00+00:00,3.89,409.1,34142
2026-04-20 07:21:00+00:00,6.64,441.4,93502
2026-04-20 07:22:00+00:00,6.15,427.5,64725
2026-04-20 07:23:00+00:00,7.73,433.8,90388
2026-04-20 07:24:00+00:00,3.76,411.4,38013
2026-04-20 07:25:00+00:00,4.52,419.8,50327
2026-04-20 07:26:00+00:00,5.96,432.9,85522
2026-04-20 07:27:00+00:00,4.25,429.1,83139
2026-04-20 07:28:00+00:00,5.40,434.7,69670
2026-04-20 07:29:00+00:00,2.60,413.3,33096
2026-04-20 07:30:00+00:00,5.83,428.0,61531
2026-04-20 07:31:00+00:00,6.84,442.4,92770
2026-04-20 07:32:00+00:00,6.90,436.4,84718
2026-04-20 07:33:00+00:00,6.81,429.7,70513
2026-04-20 07:34:00+00:00,5.65,426.5,70233
2026-04-20 07:35:00+00:00,5.96,436.3,90061
2026-04-20 07:36:00+00:00,6.29,439.9,91284
2026-04-20 07:37:00+00:00,7.51,441.6,85411
2026-04-20 07:38:00+00:00,3.39,397.5,22725
2026-04-20 07:39:00+00:00,7.28,433.7,115021
2026-04-20 07:40:00+00:00,7.31,427.7,92555
2026-04-20 07:41:00+00:00,4.93,417.5,73926
2026-04-20 07:42:00+00:00,3.25,403.1,46654
2026-04-20 07:43:00+00:00,5.41,418.9,68875
2026-04-20 07:44:00+00:00,7.33,430.3,87281
2026-04-20 07:45:00+00:00,6.53,421.6,77991
2026-04-20 07:46:00+00:00,4.40,405.7,53355
2026-04-20 07:47:00+00:00,4.42,403.5,51024
2026-04-20 07:48:00+00:00,6.60,413.6,73489
2026-04-20 07:49:00+00:00,6.01,412.4,85382
2026-04-20 07:50:00+00:00,6.07,416.0,95943
2026-04-20 07:51:00+00:00,6.23,426.5,125581
2026-04-20 07:52:00+00:00,5.82,403.5,48159
2026-04-20 07:53:00+00:00,7.40,429.2,111485
2026-04-20 07:54:00+00:00,6.59,421.7,57519
2026-04-20 07:55:00+00:00,6.41,422.3,39906
2026-04-20 07:56:00+00:00,7.53,420.7,37713
2026-04-20 07:57:00+00:00,8.75,450.5,101379
2026-04-20 07:58:00+00:00,9.09,445.2,75917
2026-04-20 07:59:00+00:00,9.07,441.9,72611
2026-04-20 08:00:00+00:00,4.65,419.3,42103
2026-04-20 08:01:00+00:00,4.84,412.4,33799
2026-04-20 08:02:00+00:00,7.72,426.0,51816
2026-04-20 08:03:00+00:00,8.63,435.8,70097
2026-04-20 08:04:00+00:00,7.73,427.8,65468
2026-04-20 08:05:00+00:00,5.33,415.8,24718
2026-04-20 08:06:00+00:00,9.78,450.3,51518
2026-04-20 08:07:00+00:00,9.92,454.6,59126
2026-04-20 08:08:00+00:00,8.43,456.9,84890
2026-04-20 08:09:00+00:00,7.64,443.8,67777
2026-04-20 08:10:00+00:00,8.20,447.4,67358
2026-04-20 08:11:00+00:00,8.30,462.0,76565
2026-04-20 08:12:00+00:00,8.44,474.0,118654
2026-04-20 08:13:00+00:00,5.74,454.4,73554
2026-04-20 08:14:00+00:00,4.04,422.3,35783
2026-04-20 08:15:00+00:00,4.62,457.6,138295
2026-04-20 08:16:00+00:00,6.29,449.2,117563
2026-04-20 08:17:00+00:00,4.79,453.6,104887
2026-04-20 08:18:00+00:00,4.76,450.1,87307
2026-04-20 08:19:00+00:00,4.89,451.3,108208
2026-04-20 08:20:00+00:00,3.51,477.2,180290
2026-04-20 08:21:00+00:00,3.50,483.2,198041
2026-04-20 08:22:00+00:00,3.64,445.8,104783
2026-04-20 08:23:00+00:00,3.18,440.3,96042
2026-04-20 08:24:00+00:00,0.44,409.4,49702
2026-04-20 08:25:00+00:00,3.41,483.8,196407
2026-04-20 08:26:00+00:00,3.33,487.1,218147
2026-04-20 08:27:00+00:00,3.43,488.6,199208
2026-04-20 08:28:00+00:00,3.31,454.4,120991
2026-04-20 08:29:00+00:00,3.60,480.4,194071
2026-04-20 08:30:00+00:00,4.08,483.7,188582
2026-04-20 08:31:00+00:00,4.05,485.9,171999
2026-04-20 08:32:00+00:00,3.88,476.7,150839
2026-04-20 08:33:00+00:00,4.01,475.9,167443
2026-04-20 08:34:00+00:00,4.35,487.6,208891
2026-04-20 08:35:00+00:00,4.39,492.5,221131
2026-04-20 08:36:00+00:00,3.78,475.2,177029
2026-04-20 08:37:00+00:00,3.16,455.6,118073
2026-04-20 08:38:00+00:00,3.76,504.8,218278
2026-04-20 08:39:00+00:00,3.99,498.3,223154
2026-04-20 08:40:00+00:00,3.56,480.6,148967
2026-04-20 08:41:00+00:00,3.23,459.1,118052
2026-04-20 08:42:00+00:00,4.30,495.9,234977
2026-04-20 08:43:00+00:00,4.31,487.1,218273
2026-04-20 08:44:00+00:00,4.45,488.7,215257
2026-04-20 08:45:00+00:00,4.09,480.9,171797
2026-04-20 08:46:00+00:00,3.19,461.0,118926
2026-04-20 08:47:00+00:00,3.67,480.4,174151
2026-04-20 08:48:00+00:00,4.59,497.2,236140
2026-04-20 08:49:00+00:00,4.12,495.5,207148
2026-04-20 08:50:00+00:00,2.92,475.2,135555
2026-04-20 08:51:00+00:00,3.14,471.9,159353
2026-04-20 08:52:00+00:00,4.11,489.4,217584
2026-04-20 08:53:00+00:00,3.64,477.4,159570
2026-04-20 08:54:00+00:00,3.42,475.2,164949
2026-04-20 08:55:00+00:00,4.23,491.6,258558
2026-04-20 08:56:00+00:00,4.11,489.1,248162
2026-04-20 08:57:00+00:00,2.40,453.4,102624
2026-04-20 08:58:00+00:00,3.88,480.1,221954
2026-04-20 08:59:00+00:00,1.95,446.3,113301
2026-04-20 09:00:00+00:00,3.41,486.1,226387
2026-04-20 09:01:00+00:00,4.38,478.9,221096
2026-04-20 09:02:00+00:00,4.02,481.2,205908
2026-04-20 09:03:00+00:00,2.78,462.6,146800
2026-04-20 09:04:00+00:00,3.23,464.9,139704
2026-04-20 09:05:00+00:00,3.83,475.9,163288
2026-04-20 09:06:00+00:00,3.71,476.3,169579
2026-04-20 09:07:00+00:00,3.57,475.3,170922
2026-04-20 09:08:00+00:00,3.37,465.8,156361
2026-04-20 09:09:00+00:00,3.39,452.4,132887
2026-04-20 09:10:00+00:00,4.04,482.3,199182
2026-04-20 09:11:00+00:00,4.09,496.0,253230
2026-04-20 09:12:00+00:00,4.26,490.3,229673
2026-04-20 09:13:00+00:00,3.01,446.2,107273
2026-04-20 09:14:00+00:00,3.85,496.1,241114
2026-04-20 09:15:00+00:00,3.99,496.5,248834
2026-04-20 09:16:00+00:00,3.98,498.1,255510
2026-04-20 09:17:00+00:00,2.57,460.1,145117
2026-04-20 09:18:00+00:00,3.47,474.3,192417
2026-04-20 09:19:00+00:00,4.19,495.6,267022
2026-04-20 09:20:00+00:00,4.12,491.1,241396
2026-04-20 09:21:00+00:00,3.87,482.6,201666
2026-04-20 09:22:00+00:00,4.08,490.4,240984
2026-04-20 09:23:00+00:00,4.46,495.5,266922
2026-04-20 09:24:00+00:00,4.38,486.5,220165
2026-04-20 09:25:00+00:00,3.59,476.7,178711
2026-04-20 09:26:00+00:00,2.51,461.6,118308
2026-04-20 09:27:00+00:00,3.83,468.2,158187
2026-04-20 09:28:00+00:00,4.92,509.9,382640
2026-04-20 09:29:00+00:00,4.92,509.9,382640
2026-04-20 09:30:00+00:00,3.15,477.6,178254
2026-04-20 09:31:00+00:00,2.23,452.8,101106
2026-04-20 09:32:00+00:00,3.11,480.2,214653
2026-04-20 09:33:00+00:00,3.38,481.2,196115
2026-04-20 09:34:00+00:00,3.63,489.9,234575
2026-04-20 09:35:00+00:00,1.89,446.5,104700
2026-04-20 09:36:00+00:00,3.11,475.5,191592
2026-04-20 09:37:00+00:00,3.73,493.9,247585
2026-04-20 09:38:00+00:00,4.15,493.6,246526
2026-04-20 09:39:00+00:00,3.54,474.7,185691
2026-04-20 09:40:00+00:00,2.83,461.2,131157
2026-04-20 09:41:00+00:00,3.61,491.3,207827
2026-04-20 09:42:00+00:00,4.16,486.1,215496
2026-04-20 09:43:00+00:00,3.73,480.3,213315
2026-04-20 09:44:00+00:00,2.63,442.9,86265
2026-04-20 09:45:00+00:00,3.59,485.4,231909
2026-04-20 09:46:00+00:00,3.63,472.9,182034
2026-04-20 09:47:00+00:00,3.96,482.6,226897
2026-04-20 09:48:00+00:00,2.81,461.1,133412
2026-04-20 09:49:00+00:00,2.79,459.6,142246
2026-04-20 09:50:00+00:00,2.84,469.7,171555
2026-04-20 09:51:00+00:00,2.94,481.4,208673
2026-04-20 09:52:00+00:00,3.07,481.6,213814
2026-04-20 09:53:00+00:00,2.79,476.2,190473
2026-04-20 09:54:00+00:00,2.59,483.9,218393
2026-04-20 09:55:00+00:00,3.02,497.2,283971
2026-04-20 09:56:00+00:00,3.58,498.5,312250
2026-04-20 09:57:00+00:00,3.67,491.7,287907
2026-04-20 09:58:00+00:00,3.52,482.3,208823
2026-04-20 10:03:00+00:00,3.61,506.7,277142
2026-04-20 10:04:00+00:00,3.24,506.8,242716
2026-04-20 10:05:00+00:00,3.21,489.7,199265
2026-04-20 10:06:00+00:00,2.52,462.0,121242
2026-04-20 10:07:00+00:00,3.12,484.6,197832
2026-04-20 10:08:00+00:00,3.81,498.5,245708
2026-04-20 10:09:00+00:00,3.82,489.9,219196
2026-04-20 10:10:00+00:00,3.19,477.7,170780
2026-04-20 10:11:00+00:00,2.95,471.6,147757
2026-04-20 10:12:00+00:00,3.72,482.1,203405
2026-04-20 10:16:00+00:00,2.18,463.1,134456
2026-04-20 10:17:00+00:00,3.67,500.2,246439
2026-04-20 10:18:00+00:00,3.63,490.3,229558
2026-04-20 10:19:00+00:00,4.34,497.7,264639
2026-04-20 10:20:00+00:00,2.23,468.1,175763
2026-04-20 10:21:00+00:00,3.54,489.1,205598
2026-04-20 10:22:00+00:00,3.74,503.1,276554
2026-04-20 10:23:00+00:00,3.93,504.9,267642
2026-04-20 10:24:00+00:00,3.14,476.0,177902
2026-04-20 10:25:00+00:00,3.23,474.4,175933
2026-04-20 10:26:00+00:00,3.80,498.1,239838
2026-04-20 10:27:00+00:00,4.06,506.9,276599
2026-04-20 10:28:00+00:00,3.86,495.5,253715
2026-04-20 10:30:00+00:00,3.95,490.5,239868
2026-04-20 10:31:00+00:00,4.31,498.5,284626
2026-04-20 10:32:00+00:00,4.42,495.3,256822
2026-04-20 10:33:00+00:00,2.56,483.8,213857
2026-04-20 10:35:00+00:00,4.58,507.4,382821
2026-04-20 10:36:00+00:00,2.49,481.0,225623
2026-04-20 10:37:00+00:00,3.06,494.3,249140
2026-04-20 10:38:00+00:00,2.42,476.2,176807
2026-04-20 10:39:00+00:00,3.31,494.6,273656
2026-04-20 10:40:00+00:00,4.13,503.1,312888
2026-04-20 10:41:00+00:00,3.76,495.5,274606
2026-04-20 10:42:00+00:00,3.56,477.4,197226
2026-04-20 10:43:00+00:00,3.53,479.4,192233
2026-04-20 10:44:00+00:00,3.49,506.1,288437
2026-04-20 10:45:00+00:00,4.13,502.3,279616
2026-04-20 10:46:00+00:00,3.27,489.3,214339
2026-04-20 10:47:00+00:00,2.50,472.3,163192
2026-04-20 10:48:00+00:00,4.15,514.4,324991
2026-04-20 10:49:00+00:00,3.91,496.3,227516
2026-04-20 10:50:00+00:00,4.53,505.7,276136
2026-04-20 10:51:00+00:00,1.78,473.9,155893
2026-04-20 10:52:00+00:00,3.58,494.6,249395
2026-04-20 10:53:00+00:00,3.82,494.2,242507
2026-04-20 10:54:00+00:00,3.57,499.2,267006
2026-04-20 10:55:00+00:00,3.22,493.7,240346
2026-04-20 10:56:00+00:00,2.66,473.0,169769
2026-04-20 10:57:00+00:00,1.80,508.5,265066
2026-04-20 10:58:00+00:00,3.57,507.0,274805
2026-04-20 10:59:00+00:00,3.73,502.5,267471
2026-04-20 11:00:00+00:00,3.32,483.8,202806
2026-04-20 11:01:00+00:00,2.92,465.3,155995
2026-04-20 11:02:00+00:00,3.39,496.7,242909
2026-04-20 11:03:00+00:00,3.46,506.4,287363
2026-04-20 11:04:00+00:00,3.49,493.7,249402
2026-04-20 11:05:00+00:00,2.84,460.6,158554
2026-04-20 11:06:00+00:00,3.28,494.5,267383
2026-04-20 11:07:00+00:00,3.28,494.5,267383
2026-04-20 11:08:00+00:00,5.16,536.1,604619
2026-04-20 11:09:00+00:00,3.88,500.9,332098
2026-04-20 11:10:00+00:00,3.00,499.4,299298
2026-04-20 11:11:00+00:00,3.64,495.8,274950
2026-04-20 11:12:00+00:00,3.71,494.9,266520
2026-04-20 11:13:00+00:00,2.92,485.3,220528
2026-04-20 11:14:00+00:00,2.72,476.0,194498
2026-04-20 11:15:00+00:00,3.58,483.7,209478
2026-04-20 11:16:00+00:00,5.39,501.7,205254
2026-04-20 11:17:00+00:00,7.11,500.2,181902
2026-04-20 11:18:00+00:00,2.63,463.7,118065
2026-04-20 11:19:00+00:00,2.12,458.2,138957
2026-04-20 11:20:00+00:00,1.54,452.6,78728
2026-04-20 11:21:00+00:00,3.98,507.7,307763
2026-04-20 11:22:00+00:00,3.56,495.7,233031
2026-04-20 11:23:00+00:00,3.12,453.2,158835
2026-04-20 11:24:00+00:00,2.96,450.6,74717
2026-04-20 11:25:00+00:00,3.65,484.5,269071
2026-04-20 11:26:00+00:00,3.96,496.0,326926
2026-04-20 11:27:00+00:00,3.43,478.5,273307
2026-04-20 11:28:00+00:00,3.05,484.6,217548
2026-04-20 11:29:00+00:00,4.43,507.1,307087
2026-04-20 11:30:00+00:00,5.65,494.7,246276
2026-04-20 11:31:00+00:00,2.84,477.0,188406
2026-04-20 11:32:00+00:00,3.09,473.9,186352
2026-04-20 11:33:00+00:00,3.19,483.1,180394
2026-04-20 11:34:00+00:00,3.73,497.5,280343
2026-04-20 11:35:00+00:00,3.74,500.9,301043
2026-04-20 11:36:00+00:00,3.28,481.4,200383
2026-04-20 11:37:00+00:00,3.63,486.4,220758
2026-04-20 11:38:00+00:00,3.82,510.3,306197
2026-04-20 11:39:00+00:00,3.80,489.2,172506
2026-04-20 11:40:00+00:00,3.80,487.7,162957
2026-04-20 11:41:00+00:00,3.00,460.6,162291
2026-04-20 11:42:00+00:00,4.59,501.5,228082
2026-04-20 11:43:00+00:00,4.41,505.8,293722
2026-04-20 11:44:00+00:00,4.01,501.0,311359
2026-04-20 11:45:00+00:00,3.78,496.1,278530
2026-04-20 11:46:00+00:00,3.67,497.4,289223
2026-04-20 11:47:00+00:00,3.79,501.0,316247
2026-04-20 11:48:00+00:00,3.96,497.6,289147
2026-04-20 11:49:00+00:00,3.92,496.0,252977
2026-04-20 11:50:00+00:00,3.32,489.5,186951
2026-04-20 11:51:00+00:00,3.37,504.1,250445
2026-04-20 11:52:00+00:00,3.68,507.2,263126
2026-04-20 11:53:00+00:00,4.04,499.6,263757
2026-04-20 11:54:00+00:00,2.38,458.6,141279
2026-04-20 11:55:00+00:00,2.10,459.8,81413
2026-04-20 11:56:00+00:00,3.02,512.1,315570
2026-04-20 11:57:00+00:00,3.86,505.5,301581
2026-04-20 11:58:00+00:00,3.34,486.0,199749
2026-04-20 11:59:00+00:00,2.47,467.5,97663
2026-04-20 12:00:00+00:00,2.98,482.8,166061
2026-04-20 12:01:00+00:00,3.63,491.6,196492
2026-04-20 12:02:00+00:00,3.81,493.5,178873
2026-04-20 12:03:00+00:00,2.96,491.2,185456
2026-04-20 12:04:00+00:00,2.01,483.6,166939
2026-04-20 12:05:00+00:00,2.96,495.1,151815
2026-04-20 12:06:00+00:00,3.73,494.2,144154
2026-04-20 12:07:00+00:00,6.85,514.4,207080
2026-04-20 12:08:00+00:00,2.91,485.4,120345
2026-04-20 12:09:00+00:00,3.30,522.8,167262
2026-04-20 12:10:00+00:00,4.41,532.3,253497
2026-04-20 12:11:00+00:00,5.07,521.7,283448
2026-04-20 12:12:00+00:00,3.33,502.4,138460
2026-04-20 12:15:00+00:00,2.11,503.2,154385
2026-04-20 12:16:00+00:00,2.82,498.9,140651
2026-04-20 12:17:00+00:00,2.71,494.2,116602
2026-04-20 12:18:00+00:00,3.32,508.1,187820
2026-04-20 12:19:00+00:00,4.08,512.5,239822
2026-04-20 12:20:00+00:00,4.32,493.1,182957
2026-04-20 12:21:00+00:00,3.97,488.5,173791
2026-04-20 12:22:00+00:00,3.43,477.1,112728
2026-04-20 12:23:00+00:00,3.86,497.2,182053
2026-04-20 12:24:00+00:00,4.33,494.6,200769
2026-04-20 12:25:00+00:00,4.28,497.7,241574
2026-04-20 12:26:00+00:00,2.27,453.1,129928
2026-04-20 12:27:00+00:00,3.42,501.5,259478
2026-04-20 12:28:00+00:00,3.47,504.1,292012
2026-04-20 12:29:00+00:00,3.31,495.8,260714
2026-04-20 12:30:00+00:00,2.69,457.9,174407
2026-04-20 12:31:00+00:00,3.09,488.8,227619
2026-04-20 12:32:00+00:00,3.63,497.6,203920
2026-04-20 12:33:00+00:00,3.66,489.2,200125
2026-04-20 12:34:00+00:00,3.30,469.1,180228
2026-04-20 12:35:00+00:00,2.96,448.3,93449
2026-04-20 12:36:00+00:00,2.99,471.0,119253
2026-04-20 12:37:00+00:00,3.37,503.3,228173
2026-04-20 12:38:00+00:00,3.73,486.6,158910
2026-04-20 12:39:00+00:00,3.25,471.7,69494
2026-04-20 12:40:00+00:00,3.32,453.1,58481
2026-04-20 12:41:00+00:00,8.19,487.7,212314
2026-04-20 12:42:00+00:00,0.58,451.7,26809
2026-04-20 12:43:00+00:00,3.48,507.7,200412
2026-04-20 12:44:00+00:00,2.01,465.8,88281
2026-04-20 12:45:00+00:00,2.30,498.2,181955
2026-04-20 12:46:00+00:00,2.44,508.1,210163
2026-04-20 12:47:00+00:00,4.54,525.8,528545
2026-04-20 12:48:00+00:00,2.54,489.9,277415
2026-04-20 12:49:00+00:00,2.52,481.0,146594
2026-04-20 12:50:00+00:00,4.28,496.2,168433
2026-04-20 12:51:00+00:00,4.48,493.9,161355
2026-04-20 12:52:00+00:00,3.41,478.7,137468
2026-04-20 12:53:00+00:00,2.99,484.5,131975
2026-04-20 12:54:00+00:00,3.42,543.7,283170
2026-04-20 12:55:00+00:00,3.37,529.4,268312
2026-04-20 12:56:00+00:00,4.95,509.1,233396
2026-04-20 12:57:00+00:00,1.61,471.8,103361
2026-04-20 12:58:00+00:00,3.21,485.2,112454
2026-04-20 12:59:00+00:00,3.62,501.2,188765
2026-04-20 13:00:00+00:00,4.03,499.0,174365
2026-04-20 13:01:00+00:00,3.65,482.2,137386
2026-04-20 13:02:00+00:00,2.40,457.0,98330
2026-04-20 13:03:00+00:00,2.96,473.3,130824
2026-04-20 13:04:00+00:00,3.50,494.9,172084
2026-04-20 13:05:00+00:00,3.30,494.8,160132
2026-04-20 13:06:00+00:00,3.51,490.8,128342
2026-04-20 13:07:00+00:00,3.54,497.7,136958
2026-04-20 13:08:00+00:00,3.69,511.4,171178
2026-04-20 13:09:00+00:00,3.73,511.6,187984
2026-04-20 13:10:00+00:00,3.24,493.2,117951
2026-04-20 13:11:00+00:00,3.25,495.2,133547
2026-04-20 13:12:00+00:00,3.83,529.4,213821
2026-04-20 13:13:00+00:00,3.74,526.9,237696
2026-04-20 13:14:00+00:00,3.90,504.6,174906
2026-04-20 13:15:00+00:00,2.65,471.2,92042
2026-04-20 13:16:00+00:00,3.07,485.9,140776
2026-04-20 13:17:00+00:00,3.83,502.4,193872
2026-04-20 13:18:00+00:00,7.83,522.2,143394
2026-04-20 13:19:00+00:00,9.22,528.2,120976
2026-04-20 13:20:00+00:00,2.06,533.2,214479
2026-04-20 13:21:00+00:00,2.27,529.9,225348
2026-04-20 13:22:00+00:00,2.38,517.6,228793
2026-04-20 13:23:00+00:00,3.88,510.0,172858
2026-04-20 13:24:00+00:00,2.40,533.0,214841
2026-04-20 13:25:00+00:00,2.59,533.6,238358
2026-04-20 13:26:00+00:00,2.99,533.7,288477
2026-04-20 13:27:00+00:00,2.70,528.8,220523
2026-04-20 13:28:00+00:00,3.39,529.1,154761
2026-04-20 13:29:00+00:00,2.37,501.0,120925
2026-04-20 13:30:00+00:00,3.43,535.2,172582
2026-04-20 13:31:00+00:00,3.69,528.2,200379
2026-04-20 13:32:00+00:00,3.34,521.4,147785
2026-04-20 13:33:00+00:00,2.98,512.3,116571
2026-04-20 13:34:00+00:00,3.56,532.2,189176
2026-04-20 13:35:00+00:00,3.53,528.7,188887
2026-04-20 13:36:00+00:00,3.38,524.4,165588
2026-04-20 13:37:00+00:00,3.17,519.2,133462
2026-04-20 13:38:00+00:00,3.52,516.3,164618
2026-04-20 13:39:00+00:00,3.72,519.2,203512
2026-04-20 13:40:00+00:00,3.22,515.9,154077
2026-04-20 13:41:00+00:00,3.41,509.2,133650
2026-04-20 13:42:00+00:00,3.61,514.5,156222
2026-04-20 13:43:00+00:00,4.26,515.9,148663
2026-04-20 13:44:00+00:00,8.12,522.9,101964
2026-04-20 13:45:00+00:00,2.51,495.4,136066
2026-04-20 13:46:00+00:00,2.52,522.6,169056
2026-04-20 13:47:00+00:00,5.37,495.6,98046
2026-04-20 13:48:00+00:00,2.81,536.7,242390
2026-04-20 13:49:00+00:00,2.25,518.3,235733
2026-04-20 13:50:00+00:00,5.07,516.8,158462
2026-04-20 13:51:00+00:00,3.46,493.6,122906
2026-04-20 13:52:00+00:00,2.14,481.1,117829
2026-04-20 13:55:00+00:00,2.08,563.4,270708
2026-04-20 13:56:00+00:00,2.43,538.2,269409
2026-04-20 13:57:00+00:00,4.56,527.7,160578
2026-04-20 13:58:00+00:00,6.74,524.6,113844
2026-04-20 13:59:00+00:00,2.29,478.4,119026
2026-04-20 14:00:00+00:00,1.98,484.7,133322
2026-04-20 14:01:00+00:00,3.83,513.3,233873
2026-04-20 14:02:00+00:00,3.55,514.0,194617
2026-04-20 14:03:00+00:00,6.86,516.7,134022
2026-04-20 14:04:00+00:00,2.65,484.8,84034
2026-04-20 14:05:00+00:00,3.12,509.2,140285
2026-04-20 14:06:00+00:00,3.62,512.8,178907
2026-04-20 14:07:00+00:00,3.67,513.1,221072
2026-04-20 14:08:00+00:00,5.25,518.4,160888
2026-04-20 14:09:00+00:00,4.08,524.9,140471
2026-04-20 14:10:00+00:00,2.23,544.0,188432
2026-04-20 14:11:00+00:00,2.50,565.9,222335
2026-04-20 14:12:00+00:00,2.61,560.8,218413
2026-04-20 14:13:00+00:00,2.49,531.3,170312
2026-04-20 14:14:00+00:00,2.71,515.5,160936
2026-04-20 14:15:00+00:00,2.70,543.2,231574
2026-04-20 14:16:00+00:00,3.14,536.5,224736
2026-04-20 14:17:00+00:00,3.67,538.9,285942
2026-04-20 14:18:00+00:00,2.96,516.6,165110
2026-04-20 14:19:00+00:00,3.74,549.0,313827
2026-04-20 14:20:00+00:00,3.79,549.6,279954
2026-04-20 14:21:00+00:00,6.53,545.1,178349
2026-04-20 14:22:00+00:00,3.51,523.9,130896
2026-04-20 14:23:00+00:00,3.36,553.1,213904
2026-04-20 14:24:00+00:00,6.36,564.9,214610
2026-04-20 14:25:00+00:00,7.96,560.6,184532
2026-04-20 14:26:00+00:00,3.90,614.2,536296
2026-04-20 14:27:00+00:00,2.92,582.0,361064
2026-04-20 14:28:00+00:00,2.14,552.3,180640
2026-04-20 14:30:00+00:00,2.54,529.6,253352
2026-04-20 14:31:00+00:00,1.82,524.2,207180
2026-04-20 14:32:00+00:00,1.53,507.7,165065
2026-04-20 14:33:00+00:00,3.78,571.2,260650
2026-04-20 14:34:00+00:00,3.84,560.1,196812
2026-04-20 14:35:00+00:00,4.34,569.3,293533
2026-04-20 14:36:00+00:00,2.71,511.9,143111
2026-04-20 14:37:00+00:00,2.29,511.2,94640
2026-04-20 14:38:00+00:00,3.42,539.7,217955
2026-04-20 14:39:00+00:00,4.05,554.7,276092
2026-04-20 14:40:00+00:00,4.15,557.3,281636
2026-04-20 14:41:00+00:00,3.42,523.3,143682
2026-04-20 14:42:00+00:00,3.78,532.4,193045
2026-04-20 14:43:00+00:00,4.28,545.1,271785
2026-04-20 14:45:00+00:00,3.29,529.5,215889
2026-04-20 14:46:00+00:00,3.33,529.3,216216
2026-04-20 14:47:00+00:00,3.49,527.8,216171
2026-04-20 14:48:00+00:00,3.42,528.1,209477
2026-04-20 14:49:00+00:00,2.58,572.9,238731
2026-04-20 14:50:00+00:00,2.76,564.9,231928
2026-04-20 14:51:00+00:00,2.82,568.7,239795
2026-04-20 14:52:00+00:00,2.80,568.8,231278
2026-04-20 14:53:00+00:00,2.46,567.1,233131
2026-04-20 14:54:00+00:00,2.72,562.3,235697
2026-04-20 14:55:00+00:00,2.88,556.4,234807
2026-04-20 14:56:00+00:00,2.90,556.1,247131
2026-04-20 14:59:00+00:00,4.00,546.1,234864
2026-04-20 15:00:00+00:00,3.83,541.8,223660
2026-04-20 15:01:00+00:00,3.47,533.3,201363
2026-04-20 15:02:00+00:00,3.37,535.0,215128
2026-04-20 15:03:00+00:00,3.06,538.7,259807
2026-04-20 15:04:00+00:00,3.31,535.4,203671
2026-04-20 15:05:00+00:00,2.72,538.4,251157
2026-04-20 15:06:00+00:00,2.81,534.5,218403
2026-04-20 15:07:00+00:00,2.97,534.0,218105
2026-04-20 15:08:00+00:00,3.31,524.8,193371
2026-04-20 15:09:00+00:00,3.40,523.1,197884
2026-04-20 15:10:00+00:00,3.34,524.3,210382
2026-04-20 15:11:00+00:00,3.20,526.2,201091
2026-04-20 15:12:00+00:00,3.33,526.8,189912
2026-04-20 15:13:00+00:00,3.31,528.0,197134
2026-04-20 15:14:00+00:00,3.14,528.7,194513
2026-04-20 15:15:00+00:00,2.99,527.4,203220
2026-04-20 15:16:00+00:00,2.90,524.3,205018
2026-04-20 15:17:00+00:00,3.02,522.5,196486
2026-04-20 15:18:00+00:00,2.63,523.9,218302
2026-04-20 15:19:00+00:00,2.54,520.4,160850
2026-04-20 15:20:00+00:00,2.83,523.7,220612
2026-04-20 15:21:00+00:00,3.48,524.5,220623
2026-04-20 15:22:00+00:00,3.60,531.5,222878
2026-04-20 15:23:00+00:00,3.79,531.3,230748
2026-04-20 15:24:00+00:00,3.31,527.4,203453
2026-04-20 15:25:00+00:00,3.41,523.4,184795
2026-04-20 15:26:00+00:00,3.61,523.8,186600
2026-04-20 15:27:00+00:00,3.63,521.7,149454
2026-04-20 15:28:00+00:00,3.39,521.7,169751
2026-04-20 15:32:00+00:00,3.14,517.2,151313
2026-04-20 15:33:00+00:00,3.15,516.6,143215
2026-04-20 15:34:00+00:00,3.28,517.1,132582
2026-04-20 15:35:00+00:00,3.62,525.4,180887
2026-04-20 15:36:00+00:00,3.44,528.5,191071
2026-04-20 15:37:00+00:00,4.11,529.5,172726
2026-04-20 15:38:00+00:00,2.64,525.8,225586
2026-04-20 15:39:00+00:00,2.92,519.8,200521
2026-04-20 15:40:00+00:00,2.93,522.0,210713
2026-04-20 15:41:00+00:00,3.19,530.9,243601
2026-04-20 15:42:00+00:00,2.99,536.9,221713
2026-04-20 15:43:00+00:00,2.95,531.1,237130
2026-04-20 15:44:00+00:00,2.70,530.3,229789
2026-04-20 15:45:00+00:00,2.71,526.3,227186
2026-04-20 15:46:00+00:00,2.72,524.6,236963
2026-04-20 15:47:00+00:00,2.64,526.0,248348
2026-04-20 15:48:00+00:00,2.88,523.6,252025
2026-04-20 15:49:00+00:00,3.04,517.4,236283
2026-04-20 15:50:00+00:00,2.90,516.2,213971
2026-04-20 15:51:00+00:00,2.97,539.4,288400
2026-04-20 15:52:00+00:00,3.20,558.5,238200
2026-04-20 15:53:00+00:00,3.67,564.9,241562
2026-04-20 15:54:00+00:00,3.18,558.3,227663
2026-04-20 15:55:00+00:00,2.51,558.5,262672
2026-04-20 15:56:00+00:00,2.78,553.3,233300
2026-04-20 15:57:00+00:00,3.21,547.6,289168
2026-04-20 15:58:00+00:00,3.24,549.3,235511
2026-04-20 16:02:00+00:00,2.99,541.7,212947
2026-04-20 16:03:00+00:00,2.99,541.7,212947
2026-04-20 16:05:00+00:00,3.47,534.7,241038
2026-04-20 16:06:00+00:00,3.47,534.0,230316
2026-04-20 16:07:00+00:00,3.40,531.4,190763
2026-04-20 16:08:00+00:00,2.95,533.8,211902
2026-04-20 16:09:00+00:00,3.54,535.6,204068
2026-04-20 16:10:00+00:00,3.06,534.8,244948
2026-04-20 16:11:00+00:00,3.04,538.1,205199
2026-04-20 16:12:00+00:00,3.45,531.8,206332
2026-04-20 16:13:00+00:00,3.74,521.3,206221
2026-04-20 16:14:00+00:00,3.06,532.4,226433
2026-04-20 16:15:00+00:00,3.05,532.9,236888
2026-04-20 16:16:00+00:00,3.12,538.0,213042
2026-04-20 16:17:00+00:00,2.99,540.7,197179
2026-04-20 16:18:00+00:00,3.10,540.7,228464
2026-04-20 16:19:00+00:00,3.23,542.8,245972
2026-04-20 16:20:00+00:00,2.98,544.5,228423
2026-04-20 16:21:00+00:00,2.88,543.0,238835
2026-04-20 16:22:00+00:00,2.60,540.3,239514
2026-04-20 16:23:00+00:00,2.81,538.1,227823
2026-04-20 16:24:00+00:00,2.81,538.7,229417
2026-04-20 16:25:00+00:00,2.93,534.5,234295
2026-04-20 16:26:00+00:00,2.77,533.6,247332
2026-04-20 16:27:00+00:00,2.86,531.3,244263
2026-04-20 16:28:00+00:00,3.02,527.3,241959
2026-04-20 16:30:00+00:00,3.03,526.2,223205
2026-04-20 16:31:00+00:00,3.20,525.4,234702
2026-04-20 16:32:00+00:00,3.38,526.3,228791
2026-04-20 16:33:00+00:00,3.28,532.1,229969
2026-04-20 16:34:00+00:00,3.46,530.3,207082
2026-04-20 16:35:00+00:00,3.69,532.0,182241
2026-04-20 16:36:00+00:00,3.48,544.9,197637
2026-04-20 16:40:00+00:00,3.28,543.3,208418
2026-04-20 16:41:00+00:00,3.28,543.3,208418
2026-04-20 16:42:00+00:00,3.21,533.2,198036
2026-04-20 16:43:00+00:00,3.13,536.3,192179
2026-04-20 16:45:00+00:00,3.33,534.8,246510
2026-04-20 16:46:00+00:00,3.24,534.3,253314
2026-04-20 16:47:00+00:00,3.23,531.3,253437
2026-04-20 16:48:00+00:00,3.03,537.7,241276
2026-04-20 16:49:00+00:00,3.05,534.1,219625
2026-04-20 16:50:00+00:00,3.25,533.5,209868
2026-04-20 16:51:00+00:00,3.61,535.2,217261
2026-04-20 16:52:00+00:00,3.85,527.7,227682
2026-04-20 16:53:00+00:00,3.67,530.5,228513
2026-04-20 16:54:00+00:00,4.15,527.3,207664
2026-04-20 16:55:00+00:00,4.08,528.6,200896
2026-04-20 16:56:00+00:00,4.23,534.7,176403
2026-04-20 16:57:00+00:00,3.34,556.9,231563
2026-04-20 16:58:00+00:00,3.67,561.7,247250
2026-04-20 16:59:00+00:00,3.73,553.9,200272
2026-04-20 17:00:00+00:00,3.43,553.7,242635
2026-04-20 17:01:00+00:00,3.84,555.4,196784
2026-04-20 17:02:00+00:00,3.72,553.7,205135
2026-04-20 17:03:00+00:00,3.77,550.5,224811
2026-04-20 17:04:00+00:00,3.75,550.4,219911
2026-04-20 17:05:00+00:00,3.55,548.1,208222
2026-04-20 17:06:00+00:00,3.54,548.1,212206
2026-04-20 17:07:00+00:00,3.64,551.2,221944
2026-04-20 17:08:00+00:00,3.62,551.8,224772
2026-04-20 17:09:00+00:00,3.63,553.8,228912
2026-04-20 17:10:00+00:00,3.59,559.1,231648
2026-04-20 17:11:00+00:00,3.45,566.6,235471
2026-04-20 17:15:00+00:00,2.71,570.5,256107
2026-04-20 17:16:00+00:00,3.54,553.9,266990
2026-04-20 17:17:00+00:00,4.01,553.3,246032
2026-04-20 17:18:00+00:00,4.14,540.7,275481
2026-04-20 17:19:00+00:00,4.21,542.0,227999
2026-04-20 17:20:00+00:00,4.37,553.7,182220
2026-04-20 17:21:00+00:00,4.73,553.5,166468
2026-04-20 17:22:00+00:00,4.30,542.9,217893
2026-04-20 17:23:00+00:00,3.12,535.2,257126
2026-04-20 17:24:00+00:00,3.49,526.4,206978
2026-04-20 17:25:00+00:00,5.32,514.5,186366
2026-04-20 17:26:00+00:00,4.53,520.4,204991
2026-04-20 17:27:00+00:00,3.56,530.5,227029
2026-04-20 17:30:00+00:00,4.19,532.8,212536
2026-04-20 17:31:00+00:00,4.33,527.7,232754
2026-04-20 17:32:00+00:00,3.66,522.2,242134
2026-04-20 17:33:00+00:00,3.56,524.0,221825
2026-04-20 17:34:00+00:00,4.06,520.2,227342
2026-04-20 17:35:00+00:00,4.06,521.9,225380
2026-04-20 17:36:00+00:00,4.11,522.5,219785
2026-04-20 17:37:00+00:00,4.00,524.6,230199
2026-04-20 17:38:00+00:00,3.98,526.8,234701
2026-04-20 17:39:00+00:00,4.27,525.0,230868
2026-04-20 17:40:00+00:00,4.10,523.3,227092
2026-04-20 17:41:00+00:00,3.56,525.9,210903
2026-04-20 17:42:00+00:00,3.96,525.7,219295
2026-04-20 17:43:00+00:00,4.49,517.3,242403
2026-04-20 17:47:00+00:00,3.69,526.0,171972
2026-04-20 17:48:00+00:00,4.75,526.9,254780
2026-04-20 17:49:00+00:00,4.30,530.4,256204
2026-04-20 17:50:00+00:00,3.90,537.8,224226
2026-04-20 17:51:00+00:00,4.00,532.6,217793
2026-04-20 17:52:00+00:00,3.91,525.0,202125
2026-04-20 17:53:00+00:00,3.89,527.7,185579
2026-04-20 17:54:00+00:00,3.97,536.6,175646
2026-04-20 17:55:00+00:00,4.04,535.4,190354
2026-04-20 17:56:00+00:00,3.94,528.1,230549
2026-04-20 17:57:00+00:00,3.46,533.4,251214
2026-04-20 17:59:00+00:00,3.14,559.9,240257
2026-04-20 18:00:00+00:00,3.14,559.5,239472
2026-04-20 18:01:00+00:00,3.21,553.4,228483
2026-04-20 18:02:00+00:00,3.29,544.2,256471
2026-04-20 18:03:00+00:00,2.99,547.3,243070
2026-04-20 18:04:00+00:00,3.28,543.9,257586
2026-04-20 18:05:00+00:00,3.62,541.4,258578
2026-04-20 18:06:00+00:00,3.89,539.8,229127
2026-04-20 18:07:00+00:00,3.95,536.6,204762
2026-04-20 18:08:00+00:00,3.27,543.0,203844
2026-04-20 18:09:00+00:00,4.35,548.6,171021
2026-04-20 18:10:00+00:00,4.33,551.4,164962
2026-04-20 18:11:00+00:00,2.82,554.7,201852
2026-04-20 18:12:00+00:00,3.28,548.6,204522
2026-04-20 18:13:00+00:00,4.15,539.1,205787
2026-04-20 18:14:00+00:00,3.63,525.2,199678
2026-04-20 18:15:00+00:00,3.73,527.6,198493
2026-04-20 18:16:00+00:00,4.37,542.0,191983
2026-04-20 18:17:00+00:00,4.02,529.1,208702
2026-04-20 18:20:00+00:00,3.72,529.2,263708
2026-04-20 18:21:00+00:00,3.15,529.3,228630
2026-04-20 18:22:00+00:00,3.39,520.3,234960
2026-04-20 18:23:00+00:00,3.59,519.2,226105
2026-04-20 18:25:00+00:00,3.44,520.1,232495
2026-04-20 18:26:00+00:00,3.20,511.6,215638
2026-04-20 18:27:00+00:00,2.92,501.8,196374
2026-04-20 18:28:00+00:00,,,
2026-04-20 18:29:00+00:00,3.20,543.4,265774
2026-04-20 18:30:00+00:00,3.00,533.0,248438
2026-04-20 18:31:00+00:00,1.99,485.9,162952
2026-04-20 18:32:00+00:00,0.50,452.6,59137
2026-04-20 18:33:00+00:00,0.96,463.8,74933
2026-04-20 18:34:00+00:00,3.44,527.1,282988
2026-04-20 18:35:00+00:00,2.31,497.5,175202
2026-04-20 18:36:00+00:00,3.09,541.0,364539
2026-04-20 18:37:00+00:00,3.88,534.6,258942
2026-04-20 18:38:00+00:00,4.50,527.4,212837
2026-04-20 18:39:00+00:00,3.28,520.8,213226
2026-04-20 18:40:00+00:00,4.02,528.2,222649
2026-04-20 18:41:00+00:00,3.97,527.2,225549
2026-04-20 18:42:00+00:00,3.26,521.6,231761
2026-04-20 18:43:00+00:00,3.69,521.7,217977
2026-04-20 18:46:00+00:00,3.79,546.5,239330
2026-04-20 18:47:00+00:00,5.23,552.3,304174
2026-04-20 18:48:00+00:00,3.32,516.0,203227
2026-04-20 18:49:00+00:00,1.85,508.3,178653
2026-04-20 18:50:00+00:00,3.76,544.4,292119
2026-04-20 18:51:00+00:00,4.83,529.7,246664
2026-04-20 18:52:00+00:00,4.91,528.6,243417
2026-04-20 18:53:00+00:00,4.59,545.6,349091
2026-04-20 18:54:00+00:00,4.60,535.9,275811
2026-04-20 18:55:00+00:00,1.36,502.4,184920
2026-04-20 18:56:00+00:00,2.21,510.4,192319
2026-04-20 18:57:00+00:00,2.46,503.3,176949
2026-04-20 18:58:00+00:00,3.28,525.5,315711
2026-04-20 18:59:00+00:00,5.17,555.7,396709
2026-04-20 19:00:00+00:00,6.55,544.5,253456
2026-04-20 19:01:00+00:00,6.15,542.2,237137
2026-04-20 19:02:00+00:00,6.52,537.8,172177
2026-04-20 19:03:00+00:00,6.76,548.7,186290
2026-04-20 19:04:00+00:00,5.50,539.2,288016
2026-04-20 19:05:00+00:00,6.08,533.2,290543
2026-04-20 19:06:00+00:00,2.68,506.2,201225
2026-04-20 19:07:00+00:00,4.93,540.6,277575
2026-04-20 19:08:00+00:00,5.25,540.2,316317
2026-04-20 19:09:00+00:00,3.75,533.1,282771
2026-04-20 19:10:00+00:00,2.02,510.4,191858
2026-04-20 19:11:00+00:00,4.31,520.3,175363
2026-04-20 19:12:00+00:00,4.99,523.4,182067
2026-04-20 19:13:00+00:00,3.27,529.6,165696
2026-04-20 19:14:00+00:00,5.08,523.9,157971
2026-04-20 19:15:00+00:00,4.08,518.7,207581
2026-04-20 19:16:00+00:00,4.28,518.7,250744
2026-04-20 19:17:00+00:00,4.01,513.2,154630
2026-04-20 19:18:00+00:00,4.17,509.8,151615
2026-04-20 19:19:00+00:00,4.77,511.4,207889
2026-04-20 19:20:00+00:00,4.05,515.1,200483
2026-04-20 19:21:00+00:00,4.05,515.1,200483
2026-04-20 19:22:00+00:00,3.16,505.4,128364
2026-04-20 19:23:00+00:00,3.55,506.1,247009
2026-04-20 19:24:00+00:00,2.88,478.1,122185
2026-04-20 19:25:00+00:00,2.78,473.8,101678
2026-04-20 19:26:00+00:00,6.95,528.8,279976
2026-04-20 19:27:00+00:00,4.92,506.0,232153
2026-04-20 19:28:00+00:00,2.66,487.4,158204
2026-04-20 19:29:00+00:00,2.87,495.7,178613
2026-04-20 19:30:00+00:00,3.75,509.4,227288
2026-04-20 19:31:00+00:00,3.81,512.3,243833
2026-04-20 19:32:00+00:00,3.30,498.8,216265
2026-04-20 19:33:00+00:00,2.50,479.5,145586
2026-04-20 19:34:00+00:00,4.05,506.4,228999
2026-04-20 19:35:00+00:00,4.43,514.8,248095
2026-04-20 19:36:00+00:00,3.86,504.4,235020
2026-04-20 19:37:00+00:00,1.64,477.4,143438
2026-04-20 19:38:00+00:00,3.57,490.7,235218
2026-04-20 19:39:00+00:00,3.67,496.8,230353
2026-04-20 19:40:00+00:00,2.98,490.1,238418
2026-04-20 19:41:00+00:00,2.43,482.8,166875
2026-04-20 19:42:00+00:00,3.18,500.0,226404
2026-04-20 19:43:00+00:00,4.22,503.7,245013
2026-04-20 19:44:00+00:00,3.75,493.4,208834
2026-04-20 19:45:00+00:00,3.45,492.1,205793
2026-04-20 19:46:00+00:00,3.68,502.4,240204
2026-04-20 19:47:00+00:00,3.73,511.0,257727
2026-04-20 19:48:00+00:00,3.92,512.8,268880
2026-04-20 19:49:00+00:00,4.09,509.5,283282
2026-04-20 19:50:00+00:00,3.62,503.1,227057
2026-04-20 19:51:00+00:00,3.54,505.8,221952
2026-04-20 19:52:00+00:00,3.79,515.0,246099
2026-04-20 19:53:00+00:00,3.43,512.0,220397
2026-04-20 19:54:00+00:00,3.24,517.2,238323
2026-04-20 19:55:00+00:00,1.87,485.0,145283
2026-04-20 19:56:00+00:00,3.59,505.5,259109
2026-04-20 19:57:00+00:00,3.31,497.3,254661
2026-04-20 19:58:00+00:00,3.31,497.3,254661
2026-04-20 19:59:00+00:00,3.08,500.3,238286
2026-04-20 20:00:00+00:00,3.38,509.3,256299
2026-04-20 20:01:00+00:00,2.86,499.1,219722
2026-04-20 20:02:00+00:00,2.85,495.6,225225
2026-04-20 20:03:00+00:00,2.86,492.7,220183
2026-04-20 20:04:00+00:00,2.53,483.7,179801
2026-04-20 20:05:00+00:00,3.79,509.3,268132
2026-04-20 20:06:00+00:00,3.40,503.8,243198
2026-04-20 20:07:00+00:00,3.62,501.1,243518
2026-04-20 20:08:00+00:00,1.29,465.2,135170
2026-04-20 20:09:00+00:00,3.95,497.2,177285
2026-04-20 20:10:00+00:00,3.48,493.5,244050
2026-04-20 20:11:00+00:00,3.12,483.5,126914
2026-04-20 20:12:00+00:00,2.09,477.0,177990
2026-04-20 20:13:00+00:00,3.75,506.1,238722
2026-04-20 20:14:00+00:00,4.20,511.1,251882
2026-04-20 20:15:00+00:00,3.87,511.2,233512
2026-04-20 20:16:00+00:00,3.13,506.8,245016
2026-04-20 20:17:00+00:00,2.76,506.6,232027
2026-04-20 20:18:00+00:00,3.17,509.1,201407
2026-04-20 20:19:00+00:00,3.70,507.0,183268
2026-04-20 20:20:00+00:00,3.79,506.5,200559
2026-04-20 20:21:00+00:00,3.89,510.5,238258
2026-04-20 20:22:00+00:00,3.95,503.8,160993
2026-04-20 20:23:00+00:00,3.16,489.4,146843
2026-04-20 20:24:00+00:00,4.53,503.5,148302
2026-04-20 20:25:00+00:00,3.94,497.4,113799
2026-04-20 20:26:00+00:00,3.76,504.1,201362
2026-04-20 20:27:00+00:00,4.66,512.1,196297
2026-04-20 20:28:00+00:00,4.21,507.2,174958
2026-04-20 20:29:00+00:00,3.09,499.9,237918
2026-04-20 20:30:00+00:00,2.10,476.3,154257
2026-04-20 20:31:00+00:00,1.84,468.3,117818
2026-04-20 20:32:00+00:00,4.33,522.3,367932
2026-04-20 20:33:00+00:00,3.45,510.8,279861
2026-04-20 20:34:00+00:00,2.36,482.0,166363
2026-04-20 20:35:00+00:00,2.51,482.4,174605
2026-04-20 20:36:00+00:00,3.22,512.8,249365
2026-04-20 20:37:00+00:00,3.01,505.6,257949
2026-04-20 20:38:00+00:00,2.58,491.4,256263
2026-04-20 20:39:00+00:00,1.55,475.7,159423
2026-04-20 20:40:00+00:00,1.84,513.1,188641
2026-04-20 20:41:00+00:00,1.30,448.5,75248
2026-04-20 20:42:00+00:00,3.27,516.4,198116
2026-04-20 20:43:00+00:00,2.55,487.6,151276
2026-04-20 20:44:00+00:00,2.92,508.9,236550
2026-04-20 20:45:00+00:00,2.93,511.4,188743
2026-04-20 20:46:00+00:00,3.06,513.5,213540
2026-04-20 20:47:00+00:00,2.80,500.5,179576
2026-04-20 20:48:00+00:00,3.13,507.6,201358
2026-04-20 20:49:00+00:00,3.36,513.9,243594
2026-04-20 20:50:00+00:00,3.19,509.9,230813
2026-04-20 20:51:00+00:00,3.12,520.2,290527
2026-04-20 20:52:00+00:00,3.14,525.2,284529
2026-04-20 20:53:00+00:00,3.14,534.8,263863
2026-04-20 20:54:00+00:00,3.02,532.3,235073
2026-04-20 20:55:00+00:00,2.86,526.8,223621
2026-04-20 20:56:00+00:00,2.82,530.0,270244
2026-04-20 20:57:00+00:00,2.32,515.7,162223
2026-04-20 20:58:00+00:00,3.51,540.8,394270
2026-04-20 20:59:00+00:00,4.99,512.6,243711
2026-04-20 21:00:00+00:00,3.66,503.4,344287
2026-04-20 21:01:00+00:00,2.30,482.9,218852
2026-04-20 21:02:00+00:00,4.24,506.0,270578
2026-04-20 21:03:00+00:00,4.41,512.3,287615
2026-04-20 21:04:00+00:00,4.09,510.4,280249
2026-04-20 21:07:00+00:00,4.71,497.3,300165
2026-04-20 21:08:00+00:00,4.48,497.8,237703
2026-04-20 21:09:00+00:00,4.09,490.1,210893
2026-04-20 21:10:00+00:00,3.06,479.5,186672
2026-04-20 21:11:00+00:00,4.10,504.9,287382
2026-04-20 21:12:00+00:00,4.31,493.4,242859
2026-04-20 21:13:00+00:00,3.98,484.1,161948
2026-04-20 21:14:00+00:00,2.27,448.4,92318
2026-04-20 21:15:00+00:00,4.72,498.0,232053
2026-04-20 21:16:00+00:00,5.00,496.1,241395
2026-04-20 21:17:00+00:00,5.22,498.4,252864
2026-04-20 21:18:00+00:00,3.67,480.4,219357
2026-04-20 21:19:00+00:00,4.22,492.2,238632
2026-04-20 21:20:00+00:00,3.80,499.1,206715
2026-04-20 21:21:00+00:00,3.60,507.4,220519
2026-04-20 21:22:00+00:00,4.02,511.2,247966
2026-04-20 21:23:00+00:00,4.26,505.8,242341
2026-04-20 21:24:00+00:00,4.56,506.8,257610
2026-04-20 21:25:00+00:00,4.29,509.2,251250
2026-04-20 21:26:00+00:00,3.85,511.5,227279
2026-04-20 21:27:00+00:00,4.22,508.2,233896
2026-04-20 21:28:00+00:00,3.07,490.8,184399
2026-04-20 21:29:00+00:00,4.03,537.4,299049
2026-04-20 21:30:00+00:00,3.74,515.0,259823
2026-04-20 21:31:00+00:00,4.16,517.4,260239
2026-04-20 21:32:00+00:00,2.76,475.7,136753
2026-04-20 21:33:00+00:00,3.67,513.8,277652
2026-04-20 21:34:00+00:00,4.21,514.4,317692
2026-04-20 21:35:00+00:00,3.98,505.2,267310
2026-04-20 21:36:00+00:00,3.18,477.5,184822
2026-04-20 21:37:00+00:00,2.76,460.8,146631
2026-04-20 21:38:00+00:00,5.77,539.3,429447
2026-04-20 21:39:00+00:00,5.12,527.0,347400
2026-04-20 21:40:00+00:00,3.25,493.7,205915
2026-04-20 21:41:00+00:00,3.97,504.2,217485
2026-04-20 21:42:00+00:00,4.01,507.0,227284
2026-04-20 21:43:00+00:00,4.18,516.3,264936
2026-04-20 21:44:00+00:00,4.11,501.4,248432
2026-04-20 21:45:00+00:00,1.72,467.3,157922
2026-04-20 21:46:00+00:00,3.35,505.4,230320
2026-04-20 21:47:00+00:00,3.76,513.0,302252
2026-04-20 21:48:00+00:00,3.79,510.6,223807
2026-04-20 21:49:00+00:00,2.77,486.8,157769
2026-04-20 21:50:00+00:00,3.77,515.2,266234
2026-04-20 21:51:00+00:00,4.23,517.3,287559
2026-04-20 21:52:00+00:00,3.89,502.1,225959
2026-04-20 21:53:00+00:00,3.17,493.1,170855
2026-04-20 21:54:00+00:00,2.67,499.6,202816
2026-04-20 21:55:00+00:00,2.66,508.4,258588
2026-04-20 21:56:00+00:00,3.03,511.1,246280
2026-04-20 21:57:00+00:00,3.51,515.8,219589
2026-04-20 21:58:00+00:00,3.19,503.9,192172
2026-04-20 21:59:00+00:00,3.04,498.3,225271
2026-04-20 22:00:00+00:00,3.05,498.5,224925
2026-04-20 22:01:00+00:00,3.25,502.2,220075
2026-04-20 22:02:00+00:00,2.93,500.5,213742
2026-04-20 22:03:00+00:00,2.45,481.8,160326
2026-04-20 22:04:00+00:00,3.10,504.5,265053
2026-04-20 22:05:00+00:00,3.09,498.7,272627
2026-04-20 22:06:00+00:00,3.31,504.1,280598
2026-04-20 22:07:00+00:00,2.74,488.8,221876
2026-04-20 22:08:00+00:00,3.57,502.7,271085
2026-04-20 22:09:00+00:00,3.66,505.8,273357
2026-04-20 22:10:00+00:00,3.75,508.5,275346
2026-04-20 22:13:00+00:00,3.03,509.6,265975
2026-04-20 22:14:00+00:00,3.21,518.5,272824
2026-04-20 22:15:00+00:00,3.18,503.5,204573
2026-04-20 22:16:00+00:00,2.08,473.5,160817
2026-04-20 22:17:00+00:00,3.45,529.8,285502
2026-04-20 22:18:00+00:00,3.54,506.2,265713
2026-04-20 22:19:00+00:00,3.54,507.6,202221
2026-04-20 22:20:00+00:00,2.47,493.6,166073
2026-04-20 22:21:00+00:00,3.71,501.2,261122
2026-04-20 22:22:00+00:00,3.55,496.1,302838
2026-04-20 22:23:00+00:00,2.65,504.1,302786
2026-04-20 22:24:00+00:00,2.67,506.2,254720
2026-04-20 22:25:00+00:00,1.83,512.5,224397
2026-04-20 22:26:00+00:00,3.78,516.3,235724
2026-04-20 22:27:00+00:00,4.10,519.9,223578
2026-04-20 22:28:00+00:00,4.09,519.0,197875
2026-04-20 22:29:00+00:00,3.97,515.3,200133
2026-04-20 22:30:00+00:00,3.53,513.8,157939
2026-04-20 22:31:00+00:00,5.05,546.3,222701
2026-04-20 22:32:00+00:00,5.14,529.3,196223
2026-04-20 22:33:00+00:00,4.96,531.0,205892
2026-04-20 22:34:00+00:00,3.29,487.1,149132
2026-04-20 22:35:00+00:00,3.06,525.9,323931
2026-04-20 22:36:00+00:00,3.63,519.8,271901
2026-04-20 22:37:00+00:00,3.61,523.8,249475
2026-04-20 22:38:00+00:00,2.86,489.6,149311
2026-04-20 22:39:00+00:00,3.17,506.5,192678
2026-04-20 22:40:00+00:00,3.03,513.0,194395
2026-04-20 22:41:00+00:00,2.89,511.4,197568
2026-04-20 22:42:00+00:00,2.68,488.3,176538
2026-04-20 22:43:00+00:00,2.59,463.5,149331
2026-04-20 22:46:00+00:00,2.71,489.3,205843
2026-04-20 22:47:00+00:00,1.47,459.3,117040
2026-04-20 22:48:00+00:00,3.56,503.7,349855
2026-04-20 22:49:00+00:00,4.48,507.4,383067
2026-04-20 22:50:00+00:00,3.88,500.8,215993
2026-04-20 22:51:00+00:00,2.48,489.7,180686
2026-04-20 22:52:00+00:00,3.70,522.2,246406
2026-04-20 22:53:00+00:00,3.98,515.6,335072
2026-04-20 22:54:00+00:00,4.32,528.0,283166
2026-04-20 22:55:00+00:00,3.71,520.3,231398
2026-04-20 22:56:00+00:00,3.11,522.6,236317
2026-04-20 22:57:00+00:00,1.79,545.1,270150
2026-04-20 22:58:00+00:00,4.15,547.1,226024
2026-04-20 22:59:00+00:00,4.57,538.6,173760
2026-04-20 23:00:00+00:00,3.83,513.9,168886
2026-04-20 23:01:00+00:00,3.52,495.1,180568
2026-04-20 23:02:00+00:00,2.69,491.9,218956
2026-04-20 23:03:00+00:00,2.88,495.6,197132
2026-04-20 23:04:00+00:00,3.84,500.0,190898
2026-04-20 23:05:00+00:00,3.13,469.8,124493
2026-04-20 23:06:00+00:00,3.34,481.2,160384
2026-04-20 23:07:00+00:00,2.71,505.2,198149
2026-04-20 23:08:00+00:00,3.00,522.1,245639
2026-04-20 23:09:00+00:00,2.27,477.8,139103
2026-04-20 23:10:00+00:00,2.84,517.7,193608
2026-04-20 23:11:00+00:00,3.32,524.9,226565
2026-04-20 23:12:00+00:00,3.15,507.2,260139
2026-04-20 23:13:00+00:00,0.97,459.9,177077
2026-04-20 23:14:00+00:00,2.11,484.6,221884
2026-04-20 23:15:00+00:00,2.50,512.1,272097
2026-04-20 23:16:00+00:00,2.59,511.0,270603
2026-04-20 23:19:00+00:00,4.50,500.5,227580
2026-04-20 23:20:00+00:00,3.32,492.2,219818
2026-04-20 23:21:00+00:00,3.09,493.3,223451
2026-04-20 23:22:00+00:00,3.17,468.2,146122
2026-04-20 23:23:00+00:00,3.53,480.3,161101
2026-04-20 23:24:00+00:00,3.86,492.9,179084
2026-04-20 23:25:00+00:00,2.80,488.7,189785
2026-04-20 23:26:00+00:00,2.26,480.5,163737
2026-04-20 23:27:00+00:00,2.49,493.1,201427
2026-04-20 23:28:00+00:00,2.50,488.5,167551
2026-04-20 23:29:00+00:00,2.82,480.2,172075
2026-04-20 23:30:00+00:00,2.79,482.3,186680
2026-04-20 23:31:00+00:00,2.49,494.7,206251
2026-04-20 23:32:00+00:00,2.64,493.3,210922
2026-04-20 23:33:00+00:00,2.63,482.0,186063
2026-04-20 23:34:00+00:00,2.19,474.8,156715
2026-04-20 23:35:00+00:00,2.48,483.8,169236
2026-04-20 23:36:00+00:00,2.87,485.9,164619
2026-04-20 23:37:00+00:00,2.87,485.9,164619
2026-04-20 23:38:00+00:00,3.36,483.1,175675
2026-04-20 23:39:00+00:00,2.98,491.2,161056
2026-04-20 23:40:00+00:00,2.84,479.5,182645
2026-04-20 23:41:00+00:00,3.69,497.2,157581
2026-04-20 23:42:00+00:00,2.75,488.0,178941
2026-04-20 23:43:00+00:00,2.11,487.8,168616
2026-04-20 23:44:00+00:00,2.52,487.9,177803
2026-04-20 23:45:00+00:00,2.88,487.0,182077
2026-04-20 23:46:00+00:00,2.76,486.2,174246
2026-04-20 23:47:00+00:00,2.51,485.4,170569
2026-04-20 23:48:00+00:00,2.69,486.0,175931
2026-04-20 23:49:00+00:00,3.38,484.8,197077
2026-04-20 23:50:00+00:00,2.94,484.2,168352
2026-04-20 23:51:00+00:00,2.87,484.0,168756
2026-04-20 23:52:00+00:00,2.42,483.0,172062
2026-04-20 23:53:00+00:00,2.74,485.5,181528
2026-04-20 23:54:00+00:00,2.43,476.0,183102
2026-04-20 23:55:00+00:00,2.32,470.7,187512
2026-04-20 23:56:00+00:00,2.16,477.7,153734
2026-04-20 23:57:00+00:00,2.17,478.2,181279
2026-04-20 23:58:00+00:00,2.36,475.1,182011
2026-04-20 23:59:00+00:00,2.50,478.0,153947
2026-04-21 00:00:00+00:00,2.47,479.9,161969
2026-04-21 00:01:00+00:00,2.45,478.4,153342
2026-04-21 00:02:00+00:00,2.54,479.5,155602
2026-04-21 00:03:00+00:00,2.64,488.2,158333
2026-04-21 00:04:00+00:00,2.69,492.2,140047
2026-04-21 00:05:00+00:00,2.77,485.9,140883
2026-04-21 00:06:00+00:00,2.59,481.9,142034
2026-04-21 00:07:00+00:00,2.61,468.9,188730
2026-04-21 00:08:00+00:00,2.73,496.4,169366
2026-04-21 00:09:00+00:00,2.49,483.7,139406
2026-04-21 00:10:00+00:00,2.51,490.1,169845
2026-04-21 00:11:00+00:00,2.78,491.8,174642
2026-04-21 00:12:00+00:00,2.98,492.0,166177
2026-04-21 00:13:00+00:00,2.83,483.1,152990
2026-04-21 00:14:00+00:00,2.20,484.1,142030
2026-04-21 00:15:00+00:00,2.36,477.4,160436
2026-04-21 00:16:00+00:00,2.53,468.2,166180
2026-04-21 00:17:00+00:00,2.48,466.0,157636
2026-04-21 00:18:00+00:00,2.43,463.9,171575
2026-04-21 00:19:00+00:00,2.33,461.5,168153
2026-04-21 00:20:00+00:00,2.23,463.4,143001
2026-04-21 00:21:00+00:00,2.36,466.3,153425
2026-04-21 00:22:00+00:00,2.45,476.2,117294
2026-04-21 00:23:00+00:00,2.64,456.9,173959
2026-04-21 00:24:00+00:00,2.64,456.4,172723
2026-04-21 00:25:00+00:00,2.62,449.3,155415
2026-04-21 00:26:00+00:00,2.73,460.3,163998
2026-04-21 00:27:00+00:00,3.62,460.4,147152
2026-04-21 00:28:00+00:00,2.73,464.3,162609
2026-04-21 00:29:00+00:00,2.74,460.3,181242
2026-04-21 00:30:00+00:00,2.79,461.7,180283
2026-04-21 00:31:00+00:00,3.05,460.6,198046
2026-04-21 00:32:00+00:00,2.85,467.8,186015
2026-04-21 00:33:00+00:00,2.99,475.9,181742
2026-04-21 00:34:00+00:00,3.24,473.2,175402
2026-04-21 00:35:00+00:00,3.04,468.1,160554
2026-04-21 00:36:00+00:00,2.73,465.0,172033
2026-04-21 00:37:00+00:00,2.59,457.4,189154
2026-04-21 00:38:00+00:00,2.83,459.7,193733
2026-04-21 00:39:00+00:00,2.95,461.2,187454
2026-04-21 00:40:00+00:00,3.02,455.1,183653
2026-04-21 00:41:00+00:00,2.78,465.0,190704
2026-04-21 00:42:00+00:00,3.19,472.0,195188
2026-04-21 00:43:00+00:00,2.99,460.1,210886
2026-04-21 00:45:00+00:00,2.73,470.4,175018
2026-04-21 00:46:00+00:00,2.65,460.9,177077
2026-04-21 00:47:00+00:00,2.81,451.9,212872
2026-04-21 00:48:00+00:00,2.82,447.8,218194
2026-04-21 00:49:00+00:00,2.35,452.2,245371
2026-04-21 00:50:00+00:00,2.46,451.5,246370
2026-04-21 00:51:00+00:00,2.93,447.0,211096
2026-04-21 00:52:00+00:00,2.80,450.0,204223
2026-04-21 00:53:00+00:00,2.72,450.1,193379
2026-04-21 00:54:00+00:00,2.72,446.1,191037
2026-04-21 00:55:00+00:00,3.06,441.0,186148
2026-04-21 00:56:00+00:00,2.79,448.1,206311
2026-04-21 00:57:00+00:00,2.79,448.1,206311
2026-04-21 00:58:00+00:00,2.30,444.4,214286
2026-04-21 00:59:00+00:00,2.66,458.1,196505
2026-04-21 01:00:00+00:00,2.36,456.5,177587
2026-04-21 01:01:00+00:00,2.68,454.4,188121
2026-04-21 01:02:00+00:00,2.65,457.6,165784
2026-04-21 01:03:00+00:00,2.70,459.7,165865
2026-04-21 01:04:00+00:00,2.71,466.3,163979
2026-04-21 01:05:00+00:00,2.84,470.2,164509
2026-04-21 01:06:00+00:00,2.96,469.0,164435
2026-04-21 01:07:00+00:00,2.57,463.4,160489
2026-04-21 01:08:00+00:00,2.69,466.0,161665
2026-04-21 01:09:00+00:00,2.93,469.7,163365
2026-04-21 01:10:00+00:00,2.91,464.8,166583
2026-04-21 01:11:00+00:00,3.05,464.4,186754
2026-04-21 01:12:00+00:00,3.10,486.5,187489
2026-04-21 01:13:00+00:00,2.98,480.4,187202
2026-04-21 01:14:00+00:00,2.68,466.0,172629
2026-04-21 01:15:00+00:00,3.05,475.7,170651
2026-04-21 01:16:00+00:00,2.70,476.6,164460
2026-04-21 01:17:00+00:00,3.98,484.6,226544
2026-04-21 01:18:00+00:00,4.41,508.5,182006
2026-04-21 01:19:00+00:00,4.74,509.5,152230
2026-04-21 01:20:00+00:00,3.31,497.9,178809
2026-04-21 01:21:00+00:00,2.84,490.5,184842
2026-04-21 01:22:00+00:00,2.92,494.7,176924
2026-04-21 01:23:00+00:00,2.62,499.7,172391
2026-04-21 01:24:00+00:00,2.75,496.3,179272
2026-04-21 01:25:00+00:00,2.65,494.3,204498
2026-04-21 01:26:00+00:00,2.39,509.9,177606
2026-04-21 01:27:00+00:00,2.45,499.6,178432
2026-04-21 01:28:00+00:00,2.66,505.1,164863
2026-04-21 01:30:00+00:00,2.87,496.1,191291
2026-04-21 01:31:00+00:00,3.05,483.8,160523
2026-04-21 01:32:00+00:00,3.13,491.6,178586
2026-04-21 01:33:00+00:00,2.46,486.1,209682
2026-04-21 01:34:00+00:00,2.33,493.9,190894
2026-04-21 01:35:00+00:00,2.44,491.6,182344
2026-04-21 01:36:00+00:00,2.32,493.6,180041
2026-04-21 01:37:00+00:00,2.21,493.8,164209
2026-04-21 01:38:00+00:00,2.21,491.8,155967
2026-04-21 01:39:00+00:00,2.29,488.5,170384
2026-04-21 01:40:00+00:00,2.50,482.4,182642
2026-04-21 01:41:00+00:00,2.39,470.1,138666
2026-04-21 01:42:00+00:00,2.44,469.8,144092
2026-04-21 01:43:00+00:00,2.63,473.7,168022
2026-04-21 01:44:00+00:00,2.47,506.8,181448
2026-04-21 01:45:00+00:00,2.54,502.5,166656
2026-04-21 01:46:00+00:00,2.76,500.8,188259
2026-04-21 01:47:00+00:00,2.44,508.3,179411
2026-04-21 01:48:00+00:00,2.12,505.0,165467
2026-04-21 01:49:00+00:00,1.99,488.9,136989
2026-04-21 01:50:00+00:00,2.27,488.2,157767
2026-04-21 01:51:00+00:00,1.92,497.5,158617
2026-04-21 01:52:00+00:00,2.06,496.4,154268
2026-04-21 01:53:00+00:00,2.77,471.0,187819
2026-04-21 01:54:00+00:00,2.69,469.1,170886
2026-04-21 01:55:00+00:00,2.31,475.3,151665
2026-04-21 01:56:00+00:00,2.06,486.4,154528
2026-04-21 01:57:00+00:00,2.34,483.5,155739
2026-04-21 01:58:00+00:00,2.16,484.6,150745
2026-04-21 01:59:00+00:00,2.24,486.6,172503
2026-04-21 02:00:00+00:00,2.52,470.6,151640
2026-04-21 02:01:00+00:00,2.19,478.3,191567
2026-04-21 02:03:00+00:00,3.14,481.1,175098
2026-04-21 02:04:00+00:00,2.54,476.6,163553
2026-04-21 02:05:00+00:00,3.17,486.9,162814
2026-04-21 02:06:00+00:00,2.85,480.7,186687
2026-04-21 02:07:00+00:00,2.66,502.4,184313
2026-04-21 02:08:00+00:00,2.70,512.3,219775
2026-04-21 02:09:00+00:00,2.78,508.7,240047
2026-04-21 02:10:00+00:00,2.76,498.9,203462
2026-04-21 02:11:00+00:00,2.66,483.0,172257
2026-04-21 02:12:00+00:00,2.90,471.1,189355
2026-04-21 02:13:00+00:00,3.28,469.4,211400
2026-04-21 02:14:00+00:00,2.67,473.5,205946
2026-04-21 02:15:00+00:00,2.39,464.3,193994
2026-04-21 02:16:00+00:00,2.11,471.3,150750
2026-04-21 02:17:00+00:00,2.71,461.8,207959
2026-04-21 02:18:00+00:00,2.74,468.2,183971
2026-04-21 02:19:00+00:00,2.73,467.6,147336
2026-04-21 02:20:00+00:00,2.75,459.2,190864
2026-04-21 02:21:00+00:00,3.02,462.0,173175
2026-04-21 02:22:00+00:00,2.44,466.4,159768
2026-04-21 02:23:00+00:00,2.65,461.2,163651
2026-04-21 02:24:00+00:00,2.77,461.5,182124
2026-04-21 02:25:00+00:00,2.83,466.8,188966
2026-04-21 02:26:00+00:00,2.65,471.4,192731
2026-04-21 02:27:00+00:00,2.15,482.7,195421
2026-04-21 02:28:00+00:00,2.56,480.3,187623
2026-04-21 02:29:00+00:00,3.35,475.2,167853
2026-04-21 02:30:00+00:00,3.28,474.7,152999
2026-04-21 02:31:00+00:00,3.35,478.3,144080
2026-04-21 02:32:00+00:00,3.31,472.4,174173
2026-04-21 02:33:00+00:00,2.99,470.6,176312
2026-04-21 02:34:00+00:00,2.94,462.2,177363
2026-04-21 02:35:00+00:00,2.94,462.2,177363
2026-04-21 02:36:00+00:00,2.88,465.4,168327
2026-04-21 02:37:00+00:00,2.85,464.9,165549
2026-04-21 02:38:00+00:00,2.70,462.3,175842
2026-04-21 02:39:00+00:00,2.70,468.0,168695
2026-04-21 02:40:00+00:00,2.77,473.0,157419
2026-04-21 02:41:00+00:00,2.90,473.1,156150
2026-04-21 02:42:00+00:00,2.93,476.7,163123
2026-04-21 02:43:00+00:00,2.85,480.5,157470
2026-04-21 02:44:00+00:00,2.75,479.2,145109
2026-04-21 02:45:00+00:00,2.64,479.0,152551
2026-04-21 02:46:00+00:00,2.43,473.2,162082
2026-04-21 02:47:00+00:00,2.13,478.1,162537
2026-04-21 02:48:00+00:00,2.46,473.6,124874
2026-04-21 02:49:00+00:00,2.07,470.6,124916
2026-04-21 02:50:00+00:00,2.30,474.6,164731
2026-04-21 02:51:00+00:00,2.86,480.1,139857
2026-04-21 02:52:00+00:00,2.81,475.6,125643
2026-04-21 02:53:00+00:00,2.17,472.7,126654
2026-04-21 02:54:00+00:00,2.03,466.3,123819
2026-04-21 02:55:00+00:00,2.18,463.5,138597
2026-04-21 02:56:00+00:00,2.42,473.5,139038
2026-04-21 02:57:00+00:00,2.41,478.1,138857
2026-04-21 02:58:00+00:00,2.28,471.8,138329
2026-04-21 02:59:00+00:00,2.37,477.5,139158
2026-04-21 03:00:00+00:00,2.64,486.5,135659
2026-04-21 03:01:00+00:00,2.46,471.9,115745
2026-04-21 03:02:00+00:00,1.67,469.1,133285
2026-04-21 03:03:00+00:00,1.99,472.3,136376
2026-04-21 03:04:00+00:00,1.74,474.9,131491
2026-04-21 03:05:00+00:00,1.69,474.4,124984
2026-04-21 03:06:00+00:00,1.51,480.0,138880
2026-04-21 03:07:00+00:00,1.54,488.3,149362
2026-04-21 03:08:00+00:00,1.54,488.9,150111
2026-04-21 03:09:00+00:00,1.47,495.8,138997
2026-04-21 03:10:00+00:00,1.34,495.3,131140
2026-04-21 03:11:00+00:00,1.48,494.5,135155
2026-04-21 03:12:00+00:00,1.39,497.2,127807
2026-04-21 03:13:00+00:00,1.43,495.3,128503
2026-04-21 03:14:00+00:00,1.50,491.3,123396
2026-04-21 03:15:00+00:00,1.49,488.7,123410
2026-04-21 03:16:00+00:00,1.40,488.8,130663
2026-04-21 03:17:00+00:00,1.51,489.5,122654
2026-04-21 03:18:00+00:00,1.85,491.0,111708
2026-04-21 03:19:00+00:00,1.79,490.2,106846
2026-04-21 03:20:00+00:00,1.35,485.3,152376
2026-04-21 03:21:00+00:00,1.47,491.5,123827
2026-04-21 03:22:00+00:00,1.48,492.9,139425
2026-04-21 03:23:00+00:00,1.36,489.6,134499
2026-04-21 03:24:00+00:00,1.38,489.9,116718
2026-04-21 03:25:00+00:00,1.19,495.3,140702
2026-04-21 03:26:00+00:00,1.43,493.5,134248
2026-04-21 03:27:00+00:00,1.40,489.9,124615
2026-04-21 03:28:00+00:00,1.27,489.2,122091
2026-04-21 03:29:00+00:00,1.34,488.5,114987
2026-04-21 03:30:00+00:00,1.78,490.5,100818
2026-04-21 03:31:00+00:00,2.00,499.9,90555
2026-04-21 03:32:00+00:00,1.69,510.4,92008
2026-04-21 03:33:00+00:00,1.55,515.8,111373
2026-04-21 03:34:00+00:00,2.08,513.6,105661
2026-04-21 03:35:00+00:00,1.98,513.5,106020
2026-04-21 03:36:00+00:00,1.40,512.0,108239
2026-04-21 03:37:00+00:00,2.21,507.1,106644
2026-04-21 03:38:00+00:00,1.17,515.0,101947
2026-04-21 03:39:00+00:00,1.10,518.7,87277
2026-04-21 03:40:00+00:00,1.10,515.6,102524
2026-04-21 03:41:00+00:00,1.10,515.1,105031
2026-04-21 03:42:00+00:00,1.36,504.5,111775
2026-04-21 03:43:00+00:00,1.24,511.4,108001
2026-04-21 03:44:00+00:00,1.95,505.0,101189
2026-04-21 03:45:00+00:00,2.23,501.7,98337
2026-04-21 03:46:00+00:00,2.01,500.2,98020
2026-04-21 03:47:00+00:00,1.92,498.5,96927
2026-04-21 03:48:00+00:00,1.94,505.2,96953
2026-04-21 03:49:00+00:00,2.16,505.7,100053
2026-04-21 03:50:00+00:00,2.09,498.2,102732
2026-04-21 03:51:00+00:00,1.92,499.8,90617
2026-04-21 03:52:00+00:00,1.98,504.2,96010
2026-04-21 03:53:00+00:00,1.60,492.7,99103
2026-04-21 03:54:00+00:00,1.87,497.1,92544
2026-04-21 03:55:00+00:00,1.17,509.4,103207
2026-04-21 03:56:00+00:00,1.51,502.5,128257
2026-04-21 03:57:00+00:00,1.35,504.8,118338
2026-04-21 03:58:00+00:00,1.43,516.2,132794
2026-04-21 04:00:00+00:00,0.86,524.8,109649
2026-04-21 04:01:00+00:00,1.09,511.3,108953
2026-04-21 04:02:00+00:00,1.30,502.1,114876
2026-04-21 04:03:00+00:00,1.62,504.4,123492
2026-04-21 04:04:00+00:00,1.64,492.3,103753
2026-04-21 04:05:00+00:00,1.04,476.0,70545
2026-04-21 04:06:00+00:00,1.85,492.3,100396
2026-04-21 04:07:00+00:00,2.01,495.4,114654
2026-04-21 04:08:00+00:00,2.23,499.0,125060
2026-04-21 04:09:00+00:00,1.45,484.4,108883
2026-04-21 04:10:00+00:00,1.73,491.0,116787
2026-04-21 04:11:00+00:00,1.53,487.7,131574
2026-04-21 04:12:00+00:00,1.52,491.1,116607
2026-04-21 04:13:00+00:00,1.43,492.1,113906
2026-04-21 04:14:00+00:00,1.41,492.4,113231
2026-04-21 04:15:00+00:00,1.56,513.6,162674
2026-04-21 04:16:00+00:00,1.77,503.8,120205
2026-04-21 04:17:00+00:00,2.09,499.4,97817
2026-04-21 04:18:00+00:00,2.14,500.1,99016
2026-04-21 04:19:00+00:00,2.77,503.3,77099
2026-04-21 04:20:00+00:00,3.29,505.8,84835
2026-04-21 04:21:00+00:00,2.06,497.0,137331
2026-04-21 04:22:00+00:00,1.87,494.0,90128
2026-04-21 04:23:00+00:00,1.28,483.8,68168
2026-04-21 04:24:00+00:00,1.96,496.5,78503
2026-04-21 04:25:00+00:00,2.26,510.4,116094
2026-04-21 04:26:00+00:00,2.05,515.9,103784
2026-04-21 04:27:00+00:00,1.79,482.8,54247
2026-04-21 04:28:00+00:00,2.10,528.4,112088
2026-04-21 04:30:00+00:00,1.96,519.1,130397
2026-04-21 04:31:00+00:00,1.33,485.8,70876
2026-04-21 04:32:00+00:00,1.56,500.7,89810
2026-04-21 04:33:00+00:00,2.13,510.4,100592
2026-04-21 04:34:00+00:00,2.30,505.9,99633
2026-04-21 04:35:00+00:00,1.88,495.3,85883
2026-04-21 04:36:00+00:00,1.24,485.3,61268
2026-04-21 04:37:00+00:00,1.96,510.9,108761
2026-04-21 04:38:00+00:00,2.14,501.9,97630
2026-04-21 04:39:00+00:00,2.11,509.5,111916
2026-04-21 04:40:00+00:00,0.98,483.3,50390
2026-04-21 04:41:00+00:00,2.05,518.5,126167
2026-04-21 04:42:00+00:00,2.46,507.6,132017
2026-04-21 04:43:00+00:00,2.47,512.5,123365
2026-04-21 04:44:00+00:00,1.37,497.2,91982
2026-04-21 04:45:00+00:00,1.95,506.7,104689
2026-04-21 04:46:00+00:00,1.62,524.4,102157
2026-04-21 04:47:00+00:00,1.43,529.7,99651
2026-04-21 04:48:00+00:00,1.69,541.1,133120
2026-04-21 04:49:00+00:00,1.48,532.4,142209
2026-04-21 04:50:00+00:00,1.37,521.9,125109
2026-04-21 04:51:00+00:00,1.35,519.4,93820
2026-04-21 04:52:00+00:00,1.36,517.6,110825
2026-04-21 04:53:00+00:00,1.60,509.7,159029
2026-04-21 04:54:00+00:00,1.33,504.5,174195
2026-04-21 04:55:00+00:00,1.20,504.6,167352
2026-04-21 04:56:00+00:00,1.20,504.5,170587
2026-04-21 04:57:00+00:00,0.81,510.0,130832
2026-04-21 04:58:00+00:00,1.45,515.3,124224
2026-04-21 04:59:00+00:00,1.54,523.2,138857
2026-04-21 05:00:00+00:00,2.12,523.8,214316
2026-04-21 05:01:00+00:00,1.41,508.8,187406
2026-04-21 05:02:00+00:00,0.95,493.9,153157
2026-04-21 05:03:00+00:00,1.33,508.9,208317
2026-04-21 05:04:00+00:00,1.40,506.7,189367
2026-04-21 05:05:00+00:00,1.18,498.5,154882
2026-04-21 05:06:00+00:00,0.76,489.4,133343
2026-04-21 05:07:00+00:00,0.83,498.4,135045
2026-04-21 05:08:00+00:00,1.49,521.8,161941
2026-04-21 05:09:00+00:00,1.38,517.3,137152
2026-04-21 05:10:00+00:00,1.11,536.0,138556
2026-04-21 05:11:00+00:00,1.33,545.8,155993
2026-04-21 05:12:00+00:00,2.41,520.8,154976
2026-04-21 05:13:00+00:00,0.95,508.8,124863
2026-04-21 05:14:00+00:00,1.01,516.1,130971
2026-04-21 05:15:00+00:00,1.21,512.0,113549
2026-04-21 05:16:00+00:00,1.23,514.8,118495
2026-04-21 05:17:00+00:00,1.21,519.1,134113
2026-04-21 05:18:00+00:00,1.33,520.2,149761
2026-04-21 05:19:00+00:00,1.24,516.0,134207
2026-04-21 05:20:00+00:00,1.18,513.8,124252
2026-04-21 05:21:00+00:00,1.51,522.9,124331
2026-04-21 05:22:00+00:00,1.39,518.3,109194
2026-04-21 05:23:00+00:00,1.28,513.2,100237
2026-04-21 05:24:00+00:00,1.38,512.4,113926
2026-04-21 05:25:00+00:00,1.50,512.3,113955
2026-04-21 05:26:00+00:00,1.51,516.5,109974
2026-04-21 05:27:00+00:00,1.48,510.5,118102
2026-04-21 05:28:00+00:00,1.18,510.1,108992
2026-04-21 05:29:00+00:00,1.42,506.0,118323
2026-04-21 05:30:00+00:00,1.87,516.3,146501
2026-04-21 05:31:00+00:00,1.37,508.6,117150
2026-04-21 05:32:00+00:00,1.40,526.5,144455
2026-04-21 05:33:00+00:00,1.37,520.6,129057
2026-04-21 05:34:00+00:00,1.48,536.9,163280
2026-04-21 05:35:00+00:00,1.78,524.6,153928
2026-04-21 05:36:00+00:00,1.86,515.5,193852
2026-04-21 05:37:00+00:00,1.88,512.1,160813
2026-04-21 05:38:00+00:00,2.13,519.0,135921
2026-04-21 05:39:00+00:00,3.33,524.7,131147
2026-04-21 05:40:00+00:00,3.56,512.3,80239
2026-04-21 05:41:00+00:00,1.02,497.3,102298
2026-04-21 05:42:00+00:00,0.99,485.1,103509
2026-04-21 05:43:00+00:00,1.85,522.2,192043
2026-04-21 05:44:00+00:00,2.19,508.9,178914
2026-04-21 05:45:00+00:00,4.21,518.0,65551
2026-04-21 05:46:00+00:00,1.60,499.4,124715
2026-04-21 05:47:00+00:00,1.96,508.4,148774
2026-04-21 05:48:00+00:00,1.50,499.4,129203
2026-04-21 05:49:00+00:00,2.06,502.4,112233
2026-04-21 05:50:00+00:00,1.70,505.2,116264
2026-04-21 05:51:00+00:00,1.76,502.2,106134
2026-04-21 05:52:00+00:00,1.86,502.5,107913
2026-04-21 05:53:00+00:00,1.84,503.9,113380
2026-04-21 05:54:00+00:00,2.64,514.1,118876
2026-04-21 05:55:00+00:00,2.57,513.5,119040
2026-04-21 05:56:00+00:00,2.32,509.8,113225
2026-04-21 05:57:00+00:00,2.84,512.1,89380
2026-04-21 05:58:00+00:00,4.46,528.2,68972
2026-04-21 05:59:00+00:00,1.43,504.1,110923
2026-04-21 06:00:00+00:00,1.01,505.5,79375
2026-04-21 06:01:00+00:00,2.64,530.1,124256
2026-04-21 06:02:00+00:00,1.72,514.9,125289
2026-04-21 06:03:00+00:00,3.70,536.8,67743
2026-04-21 06:04:00+00:00,0.89,493.1,96145
2026-04-21 06:05:00+00:00,1.92,523.0,92897
2026-04-21 06:06:00+00:00,2.61,540.8,114742
2026-04-21 06:07:00+00:00,2.75,546.9,133289
2026-04-21 06:08:00+00:00,1.82,515.3,74629
2026-04-21 06:09:00+00:00,1.82,520.8,59860
2026-04-21 06:10:00+00:00,2.64,548.4,107712
2026-04-21 06:11:00+00:00,2.86,552.4,121904
2026-04-21 06:12:00+00:00,2.39,538.3,89619
2026-04-21 06:13:00+00:00,2.97,518.9,63750
2026-04-21 06:14:00+00:00,5.67,538.3,83339
2026-04-21 06:15:00+00:00,2.23,517.2,148586
2026-04-21 06:16:00+00:00,2.71,519.8,71419
2026-04-21 06:17:00+00:00,0.40,489.8,105340
2026-04-21 06:18:00+00:00,2.03,514.6,127160
2026-04-21 06:19:00+00:00,2.10,531.7,128143
2026-04-21 06:20:00+00:00,2.11,522.4,140108
2026-04-21 06:21:00+00:00,2.82,522.0,66200
2026-04-21 06:22:00+00:00,2.31,525.5,158500
2026-04-21 06:23:00+00:00,1.87,514.1,158949
2026-04-21 06:24:00+00:00,1.50,506.7,150830
2026-04-21 06:25:00+00:00,1.38,505.5,159681
2026-04-21 06:26:00+00:00,1.43,505.1,160495
2026-04-21 06:27:00+00:00,1.79,519.9,177923
2026-04-21 06:28:00+00:00,1.67,516.0,168527
2026-04-21 06:30:00+00:00,1.28,511.5,182893
2026-04-21 06:31:00+00:00,0.98,506.1,154941
2026-04-21 06:32:00+00:00,1.90,523.6,219639
2026-04-21 06:33:00+00:00,1.34,511.6,177737
2026-04-21 06:34:00+00:00,1.29,515.6,203882
2026-04-21 06:35:00+00:00,1.17,504.0,175534
2026-04-21 06:36:00+00:00,1.62,514.9,217049
2026-04-21 06:37:00+00:00,1.52,504.4,170789
2026-04-21 06:38:00+00:00,1.01,509.6,202737
2026-04-21 06:39:00+00:00,1.01,499.9,179067
2026-04-21 06:40:00+00:00,1.34,514.0,223264
2026-04-21 06:41:00+00:00,1.38,521.2,211957
2026-04-21 06:42:00+00:00,1.32,524.9,187738
2026-04-21 06:43:00+00:00,1.25,520.9,181978
2026-04-21 06:44:00+00:00,0.99,515.9,157583
2026-04-21 06:45:00+00:00,1.39,542.0,183349
2026-04-21 06:46:00+00:00,1.33,529.1,170750
2026-04-21 06:47:00+00:00,1.30,527.1,173685
2026-04-21 06:48:00+00:00,1.03,498.5,119300
2026-04-21 06:49:00+00:00,1.75,514.7,184962
2026-04-21 06:50:00+00:00,1.39,513.3,174557
2026-04-21 06:51:00+00:00,1.45,514.6,180105
2026-04-21 06:52:00+00:00,1.11,491.9,100961
2026-04-21 06:53:00+00:00,1.53,507.7,132477
2026-04-21 06:54:00+00:00,1.95,510.4,158774
2026-04-21 06:55:00+00:00,1.08,503.4,213898
2026-04-21 06:56:00+00:00,2.87,518.1,128068
2026-04-21 06:57:00+00:00,2.58,509.7,96755
2026-04-21 06:58:00+00:00,2.97,513.8,101228
2026-04-21 06:59:00+00:00,4.52,536.5,80432
2026-04-21 07:00:00+00:00,1.76,522.8,161597
2026-04-21 07:01:00+00:00,1.65,520.8,156997
2026-04-21 07:02:00+00:00,1.42,517.0,150177
2026-04-21 07:03:00+00:00,1.68,523.8,168846
2026-04-21 07:04:00+00:00,1.73,519.2,140066
2026-04-21 07:05:00+00:00,1.48,515.7,160885
2026-04-21 07:06:00+00:00,1.33,512.1,194701
2026-04-21 07:07:00+00:00,1.42,525.6,224104
2026-04-21 07:08:00+00:00,1.48,518.2,194713
2026-04-21 07:09:00+00:00,1.40,520.5,170018
2026-04-21 07:10:00+00:00,0.96,506.5,140293
2026-04-21 07:11:00+00:00,1.24,523.5,177261
2026-04-21 07:12:00+00:00,0.96,516.3,130222
2026-04-21 07:13:00+00:00,1.47,518.6,160469
2026-04-21 07:14:00+00:00,1.12,507.2,168087
2026-04-21 07:15:00+00:00,1.17,507.4,190965
2026-04-21 07:16:00+00:00,1.61,525.0,236420
2026-04-21 07:17:00+00:00,1.49,512.7,196997
2026-04-21 07:18:00+00:00,1.13,506.7,196928
2026-04-21 07:19:00+00:00,0.92,502.3,177687
2026-04-21 07:20:00+00:00,2.04,524.3,259425
2026-04-21 07:21:00+00:00,2.06,506.3,200939
2026-04-21 07:22:00+00:00,3.29,527.5,98182
2026-04-21 07:23:00+00:00,0.97,499.8,112416
2026-04-21 07:24:00+00:00,1.69,512.8,189495
2026-04-21 07:25:00+00:00,1.53,507.6,177912
2026-04-21 07:26:00+00:00,1.69,511.6,196376
2026-04-21 07:27:00+00:00,1.40,510.5,175361
2026-04-21 07:28:00+00:00,1.54,510.2,172972
2026-04-21 07:29:00+00:00,0.89,510.3,175684
2026-04-21 07:30:00+00:00,1.62,507.8,160649
2026-04-21 07:31:00+00:00,1.63,507.3,160776
2026-04-21 07:32:00+00:00,1.71,510.8,186739
2026-04-21 07:33:00+00:00,1.25,519.3,190698
2026-04-21 07:34:00+00:00,1.22,517.3,181881
2026-04-21 07:35:00+00:00,1.14,510.4,152001
2026-04-21 07:36:00+00:00,1.42,516.6,180827
2026-04-21 07:37:00+00:00,0.59,492.3,94042
2026-04-21 07:38:00+00:00,2.00,524.0,251772
2026-04-21 07:39:00+00:00,1.18,503.9,165212
2026-04-21 07:40:00+00:00,1.64,522.6,180714
2026-04-21 07:41:00+00:00,1.03,498.8,118624
2026-04-21 07:42:00+00:00,1.71,515.1,216234
2026-04-21 07:43:00+00:00,1.65,510.9,197763
2026-04-21 07:44:00+00:00,1.58,509.1,231865
2026-04-21 07:45:00+00:00,1.58,517.8,207722
2026-04-21 07:46:00+00:00,1.58,529.3,225838
2026-04-21 07:47:00+00:00,1.82,532.3,232431
2026-04-21 07:48:00+00:00,2.33,534.5,121430
2026-04-21 07:49:00+00:00,2.51,550.4,131325
2026-04-21 07:50:00+00:00,1.79,547.2,115300
2026-04-21 07:51:00+00:00,2.03,557.3,166899
2026-04-21 07:52:00+00:00,2.65,559.9,131688
2026-04-21 07:53:00+00:00,2.83,546.1,103440
2026-04-21 07:54:00+00:00,1.80,541.3,95322
2026-04-21 07:55:00+00:00,1.80,542.0,147173
2026-04-21 07:56:00+00:00,5.43,549.7,63212
2026-04-21 07:57:00+00:00,2.73,536.1,73751
2026-04-21 07:58:00+00:00,1.52,529.6,128163
2026-04-21 07:59:00+00:00,2.05,537.4,109660
2026-04-21 08:00:00+00:00,2.32,539.8,91966
2026-04-21 08:01:00+00:00,2.38,539.6,95094
2026-04-21 08:02:00+00:00,2.50,543.9,97122
2026-04-21 08:03:00+00:00,2.05,532.0,78824
2026-04-21 08:04:00+00:00,1.88,519.8,79980
2026-04-21 08:05:00+00:00,2.96,542.3,135523
2026-04-21 08:06:00+00:00,6.28,554.4,59578
2026-04-21 08:07:00+00:00,5.55,546.3,57620
2026-04-21 08:08:00+00:00,0.89,496.4,51405
2026-04-21 08:09:00+00:00,1.98,534.5,142571
2026-04-21 08:10:00+00:00,1.47,533.5,112903
2026-04-21 08:11:00+00:00,1.43,541.2,188916
2026-04-21 08:12:00+00:00,1.70,519.4,61629
2026-04-21 08:13:00+00:00,6.11,561.0,95965
2026-04-21 08:14:00+00:00,3.36,534.2,120605
2026-04-21 08:15:00+00:00,1.53,516.5,114756
2026-04-21 08:16:00+00:00,1.05,501.2,77567
2026-04-21 08:17:00+00:00,1.22,504.1,96039
2026-04-21 08:18:00+00:00,1.51,517.8,134934
2026-04-21 08:19:00+00:00,1.60,521.4,134599
2026-04-21 08:20:00+00:00,1.51,511.5,109608
2026-04-21 08:21:00+00:00,1.22,498.7,85395
2026-04-21 08:22:00+00:00,1.91,516.6,127326
2026-04-21 08:23:00+00:00,2.23,524.0,179881
2026-04-21 08:24:00+00:00,2.66,525.6,108546
2026-04-21 08:25:00+00:00,1.59,512.6,71830
2026-04-21 08:26:00+00:00,2.57,524.8,97353
2026-04-21 08:27:00+00:00,3.17,536.0,120586
2026-04-21 08:28:00+00:00,2.47,524.5,134689
2026-04-21 08:29:00+00:00,2.53,518.6,52250
2026-04-21 08:30:00+00:00,1.97,524.2,124232
2026-04-21 08:31:00+00:00,1.55,532.2,138975
2026-04-21 08:32:00+00:00,1.69,536.3,130151
2026-04-21 08:33:00+00:00,2.14,536.5,114216
2026-04-21 08:34:00+00:00,2.79,521.8,74631
2026-04-21 08:35:00+00:00,2.70,521.7,122935
2026-04-21 08:36:00+00:00,2.08,535.3,220928
2026-04-21 08:37:00+00:00,2.30,514.5,165829
2026-04-21 08:38:00+00:00,2.12,511.5,115954
2026-04-21 08:39:00+00:00,4.27,527.8,83522
2026-04-21 08:40:00+00:00,4.07,525.2,83962
2026-04-21 08:41:00+00:00,1.24,488.8,90122
2026-04-21 08:42:00+00:00,5.00,521.2,75847
2026-04-21 08:43:00+00:00,1.27,493.3,118247
2026-04-21 08:44:00+00:00,1.67,532.0,228879
2026-04-21 08:45:00+00:00,1.49,522.1,178470
2026-04-21 08:46:00+00:00,1.54,530.2,189491
2026-04-21 08:47:00+00:00,1.22,507.6,131405
2026-04-21 08:48:00+00:00,1.43,527.0,176512
2026-04-21 08:49:00+00:00,1.57,533.7,203127
2026-04-21 08:50:00+00:00,1.45,523.5,186207
2026-04-21 08:51:00+00:00,1.27,514.4,162990
2026-04-21 08:52:00+00:00,1.39,520.0,140419
2026-04-21 08:53:00+00:00,1.87,560.4,174167
2026-04-21 08:54:00+00:00,1.39,538.1,151778
2026-04-21 08:55:00+00:00,1.64,537.3,172446
2026-04-21 08:56:00+00:00,0.79,509.0,87217
2026-04-21 08:57:00+00:00,1.89,537.6,168466
2026-04-21 08:58:00+00:00,1.80,533.0,148064
2026-04-21 08:59:00+00:00,1.65,532.8,131344
2026-04-21 09:00:00+00:00,1.58,528.8,107949
2026-04-21 09:01:00+00:00,1.62,530.2,120064
2026-04-21 09:02:00+00:00,2.02,522.6,100588
2026-04-21 09:03:00+00:00,1.82,524.3,113562
2026-04-21 09:04:00+00:00,1.68,532.9,141756
2026-04-21 09:05:00+00:00,1.86,533.5,133866
2026-04-21 09:06:00+00:00,1.86,529.5,118318
2026-04-21 09:07:00+00:00,1.63,526.0,121824
2026-04-21 09:08:00+00:00,1.58,523.3,117574
2026-04-21 09:09:00+00:00,1.74,524.1,106692
2026-04-21 09:10:00+00:00,2.14,522.7,141813
2026-04-21 09:11:00+00:00,2.90,530.7,250830
2026-04-21 09:12:00+00:00,2.85,533.1,123748
2026-04-21 09:13:00+00:00,2.85,533.1,123748
2026-04-21 09:14:00+00:00,2.56,497.6,33344
2026-04-21 09:15:00+00:00,2.40,520.2,187945
2026-04-21 09:16:00+00:00,4.83,514.4,73866
2026-04-21 09:17:00+00:00,2.57,519.1,107861
2026-04-21 09:18:00+00:00,2.60,496.9,70777
2026-04-21 09:19:00+00:00,2.77,511.5,151417
2026-04-21 09:20:00+00:00,2.02,507.0,139203
2026-04-21 09:21:00+00:00,1.66,503.1,119039
2026-04-21 09:22:00+00:00,2.43,500.5,102190
2026-04-21 09:23:00+00:00,2.68,500.3,112882
2026-04-21 09:24:00+00:00,1.90,511.9,191568
2026-04-21 09:25:00+00:00,1.87,505.1,173145
2026-04-21 09:26:00+00:00,1.47,499.2,106692
2026-04-21 09:27:00+00:00,1.05,493.1,102010
2026-04-21 09:28:00+00:00,2.29,511.4,152409
2026-04-21 09:29:00+00:00,2.21,510.8,161136
2026-04-21 09:30:00+00:00,1.57,529.0,117160
2026-04-21 09:31:00+00:00,2.31,526.1,105041
2026-04-21 09:32:00+00:00,3.02,524.6,132940
2026-04-21 09:33:00+00:00,2.81,535.6,79233
2026-04-21 09:34:00+00:00,2.66,519.5,100841
2026-04-21 09:35:00+00:00,2.02,506.8,126899
2026-04-21 09:36:00+00:00,3.21,517.5,84216
2026-04-21 09:37:00+00:00,3.40,520.5,82724
2026-04-21 09:38:00+00:00,2.90,520.6,128758
2026-04-21 09:39:00+00:00,2.71,518.4,123888
2026-04-21 09:40:00+00:00,1.85,504.8,76333
2026-04-21 09:41:00+00:00,1.64,506.4,71777
2026-04-21 09:42:00+00:00,2.47,518.3,109622
2026-04-21 09:43:00+00:00,3.17,527.9,130206
2026-04-21 09:44:00+00:00,3.05,523.8,131559
2026-04-21 09:46:00+00:00,2.55,516.1,124804
2026-04-21 09:47:00+00:00,1.21,499.5,62198
2026-04-21 09:48:00+00:00,2.67,524.1,102444
2026-04-21 09:49:00+00:00,2.69,523.4,109808
2026-04-21 09:50:00+00:00,3.30,533.9,180009
2026-04-21 09:51:00+00:00,2.94,526.7,143913
2026-04-21 09:52:00+00:00,2.38,526.3,111952
2026-04-21 09:53:00+00:00,2.37,520.8,112873
2026-04-21 09:54:00+00:00,4.73,514.2,96599
2026-04-21 09:55:00+00:00,5.08,513.8,118063
2026-04-21 09:56:00+00:00,1.79,511.2,176324
2026-04-21 09:57:00+00:00,1.74,515.0,152340
2026-04-21 09:58:00+00:00,1.73,526.4,119391
2026-04-21 10:02:00+00:00,2.93,534.7,92791
2026-04-21 10:03:00+00:00,3.50,543.0,150995
2026-04-21 10:04:00+00:00,3.39,537.9,148772
2026-04-21 10:05:00+00:00,2.90,530.7,112374
2026-04-21 10:06:00+00:00,2.59,526.8,99749
2026-04-21 10:07:00+00:00,2.87,530.8,108370
2026-04-21 10:08:00+00:00,3.14,535.5,115423
2026-04-21 10:09:00+00:00,3.03,533.4,110706
2026-04-21 10:10:00+00:00,3.01,532.3,110929
2026-04-21 10:11:00+00:00,2.33,520.7,86049
2026-04-21 10:12:00+00:00,1.85,517.5,82812
2026-04-21 10:13:00+00:00,3.46,550.1,161911
2026-04-21 10:14:00+00:00,3.53,542.6,136306
2026-04-21 10:15:00+00:00,2.96,533.5,112450
2026-04-21 10:16:00+00:00,1.83,500.5,51174
2026-04-21 10:17:00+00:00,3.32,553.9,155256
2026-04-21 10:19:00+00:00,3.87,563.8,204979
2026-04-21 10:20:00+00:00,1.84,511.5,63568
2026-04-21 10:21:00+00:00,3.03,555.2,159661
2026-04-21 10:22:00+00:00,2.72,546.6,162042
2026-04-21 10:23:00+00:00,2.75,538.8,116740
2026-04-21 10:24:00+00:00,1.90,517.8,73932
2026-04-21 10:25:00+00:00,2.49,528.2,98485
2026-04-21 10:26:00+00:00,3.31,548.0,150211
2026-04-21 10:27:00+00:00,3.34,542.0,156207
2026-04-21 10:28:00+00:00,2.53,516.1,102433
2026-04-21 10:29:00+00:00,1.75,500.3,80451
2026-04-21 10:30:00+00:00,3.50,542.3,190935
2026-04-21 10:31:00+00:00,3.16,552.5,193777
2026-04-21 10:32:00+00:00,3.05,549.1,185087
2026-04-21 10:33:00+00:00,1.49,500.7,63422
2026-04-21 10:35:00+00:00,2.58,525.2,114010
2026-04-21 10:36:00+00:00,2.42,523.3,106274
2026-04-21 10:37:00+00:00,2.33,521.7,107209
2026-04-21 10:38:00+00:00,2.66,538.0,111782
2026-04-21 10:39:00+00:00,2.79,539.2,115616
2026-04-21 10:40:00+00:00,2.63,531.4,110162
2026-04-21 10:41:00+00:00,2.26,527.6,96744
2026-04-21 10:42:00+00:00,2.35,525.2,93252
2026-04-21 10:43:00+00:00,2.71,521.1,101392
2026-04-21 10:45:00+00:00,2.15,537.8,94220
2026-04-21 10:46:00+00:00,2.26,535.5,98556
2026-04-21 10:47:00+00:00,2.62,524.9,111928
2026-04-21 10:48:00+00:00,1.93,514.2,88613
2026-04-21 10:49:00+00:00,2.20,511.3,123493
2026-04-21 10:52:00+00:00,2.70,542.1,103318
2026-04-21 10:53:00+00:00,2.47,536.3,98347
2026-04-21 10:54:00+00:00,2.09,530.3,92923
2026-04-21 10:55:00+00:00,2.37,531.4,96639
2026-04-21 10:56:00+00:00,2.65,525.2,100995
2026-04-21 10:57:00+00:00,2.70,525.9,103198
2026-04-21 10:58:00+00:00,2.65,530.4,105619
2026-04-21 11:00:00+00:00,2.85,527.6,113012
2026-04-21 11:01:00+00:00,2.86,525.6,112320
2026-04-21 11:02:00+00:00,2.77,518.2,107974
2026-04-21 11:03:00+00:00,2.36,511.6,98947
2026-04-21 11:04:00+00:00,2.65,517.6,103656
2026-04-21 11:05:00+00:00,2.71,523.6,101444
2026-04-21 11:06:00+00:00,2.55,527.0,107115
2026-04-21 11:07:00+00:00,2.60,527.1,103276
2026-04-21 11:08:00+00:00,2.77,522.3,104137
2026-04-21 11:09:00+00:00,2.64,512.4,97418
2026-04-21 11:10:00+00:00,2.57,511.9,103540
2026-04-21 11:11:00+00:00,2.70,510.2,102721
2026-04-21 11:12:00+00:00,2.46,511.1,104516
2026-04-21 11:13:00+00:00,2.55,512.9,110147
2026-04-21 11:14:00+00:00,3.43,520.0,127630
2026-04-21 11:15:00+00:00,3.11,518.7,119101
2026-04-21 11:16:00+00:00,2.56,518.3,101919
2026-04-21 11:17:00+00:00,2.47,522.1,95988
2026-04-21 11:18:00+00:00,2.57,523.9,104266
2026-04-21 11:19:00+00:00,2.62,523.9,105695
2026-04-21 11:20:00+00:00,2.55,523.8,103376
2026-04-21 11:21:00+00:00,2.40,527.6,107479
2026-04-21 11:22:00+00:00,2.58,529.9,89214
2026-04-21 11:25:00+00:00,2.44,527.8,108104
2026-04-21 11:26:00+00:00,2.61,527.2,116361
2026-04-21 11:27:00+00:00,2.82,534.4,104379
2026-04-21 11:28:00+00:00,2.81,542.1,100780
2026-04-21 11:29:00+00:00,2.31,533.6,106261
2026-04-21 11:30:00+00:00,2.47,530.3,113004
2026-04-21 11:31:00+00:00,2.74,532.6,124298
2026-04-21 11:32:00+00:00,2.69,541.7,121274
2026-04-21 11:33:00+00:00,2.42,541.7,111455
2026-04-21 11:34:00+00:00,2.59,541.3,127232
2026-04-21 11:35:00+00:00,2.17,535.3,113243
2026-04-21 11:36:00+00:00,2.83,526.3,110911
2026-04-21 11:37:00+00:00,1.71,532.0,95566
2026-04-21 11:38:00+00:00,1.94,526.2,105774
2026-04-21 11:39:00+00:00,1.53,544.6,97740
2026-04-21 11:40:00+00:00,1.59,541.7,106438
2026-04-21 11:41:00+00:00,1.62,533.9,95571
2026-04-21 11:42:00+00:00,2.18,534.7,115157
2026-04-21 11:43:00+00:00,1.87,531.2,123448
2026-04-21 11:44:00+00:00,1.56,532.6,128516
2026-04-21 11:45:00+00:00,1.69,529.4,137738
2026-04-21 11:46:00+00:00,1.90,524.6,130809
2026-04-21 11:47:00+00:00,1.91,522.2,113794
2026-04-21 11:48:00+00:00,1.79,521.8,112186
2026-04-21 11:49:00+00:00,1.92,522.2,106642
2026-04-21 11:50:00+00:00,2.18,522.6,104696
2026-04-21 11:51:00+00:00,2.07,522.1,117986
2026-04-21 11:52:00+00:00,2.34,522.0,116007
2026-04-21 11:53:00+00:00,2.18,523.3,118761
2026-04-21 11:54:00+00:00,2.93,534.1,126203
2026-04-21 11:55:00+00:00,2.60,540.2,99729
2026-04-21 11:58:00+00:00,2.78,528.7,118215
2026-04-21 11:59:00+00:00,2.71,530.8,123641
2026-04-21 12:00:00+00:00,2.51,532.1,127911
2026-04-21 12:01:00+00:00,2.47,529.8,117788
2026-04-21 12:02:00+00:00,2.55,525.0,109695
2026-04-21 12:03:00+00:00,2.59,523.8,116302
2026-04-21 12:04:00+00:00,2.54,526.1,122092
2026-04-21 12:05:00+00:00,2.37,528.2,123000
2026-04-21 12:06:00+00:00,2.61,531.3,115538
2026-04-21 12:07:00+00:00,2.67,535.1,105243
2026-04-21 12:08:00+00:00,2.28,532.3,89633
2026-04-21 12:09:00+00:00,2.39,534.2,105900
2026-04-21 12:10:00+00:00,2.85,526.9,111407
2026-04-21 12:11:00+00:00,2.32,511.5,97801
2026-04-21 12:12:00+00:00,1.81,515.5,102637
2026-04-21 12:13:00+00:00,2.24,513.9,93119
2026-04-21 12:14:00+00:00,2.78,522.1,106234
2026-04-21 12:15:00+00:00,2.78,522.1,106234
2026-04-21 12:16:00+00:00,2.50,519.5,97059
2026-04-21 12:17:00+00:00,2.56,516.7,91827
2026-04-21 12:18:00+00:00,2.82,518.0,100845
2026-04-21 12:19:00+00:00,2.92,522.7,106750
2026-04-21 12:20:00+00:00,2.82,524.1,97462
2026-04-21 12:21:00+00:00,2.95,525.0,103502
2026-04-21 12:22:00+00:00,2.67,525.8,88905
2026-04-21 12:23:00+00:00,2.67,532.2,79071
2026-04-21 12:24:00+00:00,2.73,526.3,88094
2026-04-21 12:25:00+00:00,2.16,513.0,79780
2026-04-21 12:26:00+00:00,2.81,527.7,90026
2026-04-21 12:27:00+00:00,2.44,530.6,78211
2026-04-21 12:28:00+00:00,2.81,527.0,89303
2026-04-21 12:31:00+00:00,2.44,532.4,91399
2026-04-21 12:32:00+00:00,2.65,532.7,91803
2026-04-21 12:33:00+00:00,2.88,538.5,91114
2026-04-21 12:34:00+00:00,2.91,542.9,93098
2026-04-21 12:35:00+00:00,2.79,539.2,97161
2026-04-21 12:36:00+00:00,2.67,534.3,97458
2026-04-21 12:37:00+00:00,2.69,536.3,96437
2026-04-21 12:38:00+00:00,2.85,543.2,100501
2026-04-21 12:39:00+00:00,2.94,537.5,106913
2026-04-21 12:40:00+00:00,2.71,530.0,106461
2026-04-21 12:41:00+00:00,2.65,537.0,97508
2026-04-21 12:42:00+00:00,2.54,536.8,102632
2026-04-21 12:43:00+00:00,2.78,532.8,115459
2026-04-21 12:47:00+00:00,2.14,526.7,114119
2026-04-21 12:48:00+00:00,2.84,520.5,102098
2026-04-21 12:49:00+00:00,2.65,521.5,99502
2026-04-21 12:50:00+00:00,2.05,514.4,77505
2026-04-21 12:51:00+00:00,2.05,513.9,81521
2026-04-21 12:52:00+00:00,3.17,531.8,127479
2026-04-21 12:53:00+00:00,3.13,529.3,109241
2026-04-21 12:54:00+00:00,2.61,524.2,83285
2026-04-21 12:55:00+00:00,2.14,510.8,60318
2026-04-21 12:56:00+00:00,3.17,536.9,124654
2026-04-21 12:57:00+00:00,3.05,532.4,112745
2026-04-21 12:58:00+00:00,2.97,532.1,122296
2026-04-21 12:59:00+00:00,4.70,486.9,45251
2026-04-21 13:00:00+00:00,1.73,559.5,164917
2026-04-21 13:01:00+00:00,1.84,556.6,122453
2026-04-21 13:02:00+00:00,2.28,534.7,189962
2026-04-21 13:03:00+00:00,2.45,526.9,218371
2026-04-21 13:04:00+00:00,3.17,534.2,83861
2026-04-21 13:05:00+00:00,2.37,522.2,63333
2026-04-21 13:06:00+00:00,1.81,515.9,61566
2026-04-21 13:07:00+00:00,1.58,508.6,59165
2026-04-21 13:08:00+00:00,1.59,507.9,56248
2026-04-21 13:09:00+00:00,2.73,540.5,107152
2026-04-21 13:10:00+00:00,2.76,536.3,98921
2026-04-21 13:11:00+00:00,3.05,537.5,118592
2026-04-21 13:12:00+00:00,3.61,548.1,189954
2026-04-21 13:13:00+00:00,3.61,548.1,189954
2026-04-21 13:14:00+00:00,3.17,535.6,99537
2026-04-21 13:15:00+00:00,3.31,530.6,117500
2026-04-21 13:16:00+00:00,2.08,511.3,72748
2026-04-21 13:17:00+00:00,3.20,524.8,112512
2026-04-21 13:18:00+00:00,2.97,522.1,99978
2026-04-21 13:19:00+00:00,2.89,516.4,86216
2026-04-21 13:20:00+00:00,2.63,517.1,80862
2026-04-21 13:21:00+00:00,2.34,527.4,74920
2026-04-21 13:22:00+00:00,2.70,538.5,87256
2026-04-21 13:23:00+00:00,2.99,541.7,99389
2026-04-21 13:24:00+00:00,2.44,535.0,85416
2026-04-21 13:25:00+00:00,2.14,523.4,82350
2026-04-21 13:26:00+00:00,2.80,522.7,97253
2026-04-21 13:27:00+00:00,2.62,528.4,79887
2026-04-21 13:28:00+00:00,2.58,538.4,76055
2026-04-21 13:29:00+00:00,3.26,539.8,102408
2026-04-21 13:30:00+00:00,2.91,532.7,93389
2026-04-21 13:31:00+00:00,2.91,552.5,77782
2026-04-21 13:32:00+00:00,3.77,571.6,192116
2026-04-21 13:33:00+00:00,2.50,537.7,128111
2026-04-21 13:34:00+00:00,1.25,504.0,48647
2026-04-21 13:35:00+00:00,2.21,529.9,86130
2026-04-21 13:36:00+00:00,2.86,547.4,115602
2026-04-21 13:39:00+00:00,1.49,511.2,48269
2026-04-21 13:40:00+00:00,2.80,540.3,104793
2026-04-21 13:41:00+00:00,2.93,540.0,131372
2026-04-21 13:42:00+00:00,1.58,512.1,57992
2026-04-21 13:43:00+00:00,0.94,499.9,41835
2026-04-21 13:44:00+00:00,2.76,530.2,110135
2026-04-21 13:45:00+00:00,2.64,542.8,85650
2026-04-21 13:46:00+00:00,2.51,533.6,84446
2026-04-21 13:47:00+00:00,2.52,513.6,115341
2026-04-21 13:48:00+00:00,1.75,502.9,91489
2026-04-21 13:49:00+00:00,2.09,510.8,101665
2026-04-21 13:50:00+00:00,3.34,524.1,61133
2026-04-21 13:51:00+00:00,2.92,517.7,110912
2026-04-21 13:52:00+00:00,3.22,532.1,84303
2026-04-21 13:53:00+00:00,2.56,548.7,52373
2026-04-21 13:54:00+00:00,2.06,542.4,67221
2026-04-21 13:55:00+00:00,2.39,529.4,71668
2026-04-21 13:56:00+00:00,1.85,520.9,57065
2026-04-21 13:57:00+00:00,1.75,519.3,58047
2026-04-21 13:58:00+00:00,2.53,541.6,97373
2026-04-21 13:59:00+00:00,2.79,539.1,74523
2026-04-21 14:00:00+00:00,4.35,543.1,41228
2026-04-21 14:01:00+00:00,1.60,522.4,99251
2026-04-21 14:02:00+00:00,4.42,544.9,53080
2026-04-21 14:03:00+00:00,2.43,539.2,147577
2026-04-21 14:04:00+00:00,2.29,538.4,92309
2026-04-21 14:05:00+00:00,2.28,538.0,72171
2026-04-21 14:06:00+00:00,2.62,555.8,126158
2026-04-21 14:07:00+00:00,3.02,556.3,136104
2026-04-21 14:08:00+00:00,2.30,544.0,93321
2026-04-21 14:09:00+00:00,1.72,537.8,68349
2026-04-21 14:12:00+00:00,2.05,523.3,86658
2026-04-21 14:13:00+00:00,2.19,522.1,83663
2026-04-21 14:14:00+00:00,1.59,501.4,51508
2026-04-21 14:15:00+00:00,2.96,544.2,101329
2026-04-21 14:16:00+00:00,5.55,567.9,129760
2026-04-21 14:17:00+00:00,1.97,554.1,224386
2026-04-21 14:18:00+00:00,0.96,529.9,95545
2026-04-21 14:19:00+00:00,1.69,543.4,155255
2026-04-21 14:20:00+00:00,1.26,535.9,196616
2026-04-21 14:21:00+00:00,2.46,523.5,123948
2026-04-21 14:22:00+00:00,2.05,517.0,86312
2026-04-21 14:23:00+00:00,2.55,520.7,112790
2026-04-21 14:24:00+00:00,2.12,523.2,100905
2026-04-21 14:25:00+00:00,2.26,527.8,102172
2026-04-21 14:26:00+00:00,2.32,529.7,99770
2026-04-21 14:27:00+00:00,3.45,522.3,72610
2026-04-21 14:28:00+00:00,4.36,523.8,92490
2026-04-21 14:29:00+00:00,2.11,546.6,167734
2026-04-21 14:30:00+00:00,3.51,545.9,123672
2026-04-21 14:31:00+00:00,4.27,536.5,64710
2026-04-21 14:32:00+00:00,0.63,488.5,99830
2026-04-21 14:33:00+00:00,2.48,526.9,119680
2026-04-21 14:34:00+00:00,2.09,532.3,77569
2026-04-21 14:35:00+00:00,2.55,540.4,108975
2026-04-21 14:36:00+00:00,2.38,513.5,86530
2026-04-21 14:37:00+00:00,2.66,532.8,119965
2026-04-21 14:38:00+00:00,2.83,538.7,120099
2026-04-21 14:39:00+00:00,4.28,553.3,68954
2026-04-21 14:40:00+00:00,3.03,514.3,57677
2026-04-21 14:41:00+00:00,3.84,510.8,70205
2026-04-21 14:42:00+00:00,6.52,530.5,87745
2026-04-21 14:43:00+00:00,2.89,536.0,243555
2026-04-21 14:44:00+00:00,2.11,522.1,179062
2026-04-21 14:45:00+00:00,1.06,502.5,68183
2026-04-21 14:46:00+00:00,2.63,527.6,125872
2026-04-21 14:47:00+00:00,3.22,536.2,144237
2026-04-21 14:48:00+00:00,3.43,538.4,58059
2026-04-21 14:49:00+00:00,0.41,497.3,53920
2026-04-21 14:50:00+00:00,2.42,529.2,116136
2026-04-21 14:51:00+00:00,2.51,534.5,123363
2026-04-21 14:52:00+00:00,3.28,545.4,145923
2026-04-21 14:53:00+00:00,1.77,534.4,109074
2026-04-21 14:54:00+00:00,1.39,532.5,155453
2026-04-21 14:55:00+00:00,2.66,536.3,159748
2026-04-21 14:56:00+00:00,2.39,522.3,105246
2026-04-21 14:57:00+00:00,2.36,517.9,104668
2026-04-21 14:58:00+00:00,1.98,517.3,89816
2026-04-21 15:01:00+00:00,2.62,535.3,93596
2026-04-21 15:02:00+00:00,2.57,531.7,95888
2026-04-21 15:03:00+00:00,2.25,508.9,61613
2026-04-21 15:04:00+00:00,6.45,549.2,100487
2026-04-21 15:05:00+00:00,0.94,504.7,108341
2026-04-21 15:06:00+00:00,2.49,530.0,111233
2026-04-21 15:07:00+00:00,2.08,496.1,58400
2026-04-21 15:08:00+00:00,2.64,557.5,106038
2026-04-21 15:09:00+00:00,2.57,533.4,103454
2026-04-21 15:10:00+00:00,2.10,527.1,103823
2026-04-21 15:11:00+00:00,1.52,499.5,63288
2026-04-21 15:12:00+00:00,1.90,523.0,77204
2026-04-21 15:13:00+00:00,2.61,546.9,106047
2026-04-21 15:15:00+00:00,2.59,542.3,89727
2026-04-21 15:16:00+00:00,4.05,566.8,238835
2026-04-21 15:17:00+00:00,3.43,556.2,192695
2026-04-21 15:18:00+00:00,1.98,530.3,71761
2026-04-21 15:19:00+00:00,2.62,538.3,87984
2026-04-21 15:20:00+00:00,0.77,510.5,43952
2026-04-21 15:21:00+00:00,2.73,566.3,117299
2026-04-21 15:22:00+00:00,2.36,543.8,90555
2026-04-21 15:23:00+00:00,2.93,553.1,114316
2026-04-21 15:24:00+00:00,2.03,534.7,75471
2026-04-21 15:25:00+00:00,2.31,541.1,83169
2026-04-21 15:26:00+00:00,2.32,540.5,73599
2026-04-21 15:27:00+00:00,2.21,536.5,104926
2026-04-21 15:28:00+00:00,2.32,532.5,91185
2026-04-21 15:29:00+00:00,2.31,531.6,74228
2026-04-21 15:30:00+00:00,2.71,537.8,84544
2026-04-21 15:31:00+00:00,2.88,535.9,91123
2026-04-21 15:32:00+00:00,2.12,521.5,66335
2026-04-21 15:33:00+00:00,1.62,509.7,48479
2026-04-21 15:34:00+00:00,1.45,503.8,39132
2026-04-21 15:35:00+00:00,2.60,533.1,85843
2026-04-21 15:36:00+00:00,3.11,541.4,109205
2026-04-21 15:37:00+00:00,2.77,532.8,90432
2026-04-21 15:38:00+00:00,1.18,498.2,31456
2026-04-21 15:39:00+00:00,2.89,541.0,113155
2026-04-21 15:40:00+00:00,2.26,532.1,73254
2026-04-21 15:41:00+00:00,2.90,541.1,101647
2026-04-21 15:42:00+00:00,1.35,508.1,53335
2026-04-21 15:43:00+00:00,1.85,544.0,113990
2026-04-21 15:44:00+00:00,2.95,547.2,127641
2026-04-21 15:45:00+00:00,2.51,536.5,108599
2026-04-21 15:46:00+00:00,1.60,507.2,57240
2026-04-21 15:47:00+00:00,1.75,509.8,70557
2026-04-21 15:48:00+00:00,2.70,545.1,136364
2026-04-21 15:51:00+00:00,0.75,493.7,44726
2026-04-21 15:52:00+00:00,2.55,522.7,95041
2026-04-21 15:53:00+00:00,3.26,524.9,107703
2026-04-21 15:54:00+00:00,2.64,519.8,121496
2026-04-21 15:55:00+00:00,0.90,497.6,66911
2026-04-21 15:56:00+00:00,1.87,505.6,62880
2026-04-21 15:57:00+00:00,7.24,532.4,59833
2026-04-21 15:58:00+00:00,3.37,516.2,128999
2026-04-21 15:59:00+00:00,1.95,508.9,81821
2026-04-21 16:01:00+00:00,0.98,515.7,67623
2026-04-21 16:02:00+00:00,2.56,523.4,93126
2026-04-21 16:03:00+00:00,3.13,529.1,118297
2026-04-21 16:04:00+00:00,2.15,514.2,84714
2026-04-21 16:05:00+00:00,1.41,505.7,46554
2026-04-21 16:06:00+00:00,2.60,541.8,96139
2026-04-21 16:07:00+00:00,2.82,536.0,78687
2026-04-21 16:08:00+00:00,2.75,534.0,75392
2026-04-21 16:09:00+00:00,1.64,505.7,29268
2026-04-21 16:10:00+00:00,2.60,575.7,81205
2026-04-21 16:11:00+00:00,4.52,543.5,66683
2026-04-21 16:12:00+00:00,2.13,514.3,66822
2026-04-21 16:13:00+00:00,0.61,492.0,75665
2026-04-21 16:14:00+00:00,5.02,517.5,74100
2026-04-21 16:15:00+00:00,3.46,518.2,106037
2026-04-21 16:16:00+00:00,2.92,527.2,135772
2026-04-21 16:17:00+00:00,2.19,512.3,84985
2026-04-21 16:18:00+00:00,1.72,510.4,67363
2026-04-21 16:19:00+00:00,2.82,530.7,105767
2026-04-21 16:20:00+00:00,2.89,528.9,94007
2026-04-21 16:21:00+00:00,2.45,530.8,73393
2026-04-21 16:22:00+00:00,5.89,562.2,73059
2026-04-21 16:23:00+00:00,5.30,556.1,68438
2026-04-21 16:24:00+00:00,1.56,518.2,42036
2026-04-21 16:25:00+00:00,3.35,534.4,92932
2026-04-21 16:26:00+00:00,1.91,513.4,52620
2026-04-21 16:27:00+00:00,2.62,525.5,76112
2026-04-21 16:28:00+00:00,2.08,531.1,58880
2026-04-21 16:29:00+00:00,2.28,528.0,57305
2026-04-21 16:30:00+00:00,2.09,524.6,56020
2026-04-21 16:31:00+00:00,2.23,527.0,61199
2026-04-21 16:32:00+00:00,3.00,536.1,84828
2026-04-21 16:33:00+00:00,2.73,534.1,74811
2026-04-21 16:34:00+00:00,2.66,533.1,76861
2026-04-21 16:35:00+00:00,2.69,537.3,79371
2026-04-21 16:36:00+00:00,2.20,535.6,57248
2026-04-21 16:37:00+00:00,2.81,534.3,77466
2026-04-21 16:38:00+00:00,2.40,529.7,62342
2026-04-21 16:39:00+00:00,2.71,534.7,72253
2026-04-21 16:40:00+00:00,2.14,522.5,53206
2026-04-21 16:41:00+00:00,3.41,545.3,81794
2026-04-21 16:42:00+00:00,2.58,538.1,63210
2026-04-21 16:43:00+00:00,2.11,526.3,67814
2026-04-21 16:44:00+00:00,2.72,502.1,34744
2026-04-21 16:45:00+00:00,3.01,545.3,79968
2026-04-21 16:46:00+00:00,3.40,556.3,113085
2026-04-21 16:47:00+00:00,3.22,557.3,89508
2026-04-21 16:48:00+00:00,1.84,536.9,50505
2026-04-21 16:49:00+00:00,1.96,537.1,47437
2026-04-21 16:50:00+00:00,3.00,550.8,66333
2026-04-21 16:51:00+00:00,3.22,549.0,77893
2026-04-21 16:52:00+00:00,2.44,537.6,63839
2026-04-21 16:53:00+00:00,1.52,541.0,52649
2026-04-21 16:54:00+00:00,3.07,587.2,120227
2026-04-21 16:55:00+00:00,3.02,561.5,65667
2026-04-21 16:56:00+00:00,2.95,560.5,65048
2026-04-21 16:57:00+00:00,1.91,546.4,56383
2026-04-21 16:58:00+00:00,3.10,567.7,94679
2026-04-21 16:59:00+00:00,3.59,568.5,102787
2026-04-21 17:00:00+00:00,3.01,562.3,75418
2026-04-21 17:01:00+00:00,3.07,554.0,80497
2026-04-21 17:02:00+00:00,5.56,558.5,92480
2026-04-21 17:03:00+00:00,2.96,514.1,85009
2026-04-21 17:04:00+00:00,1.88,503.1,76951
2026-04-21 17:05:00+00:00,2.42,511.5,80507
2026-04-21 17:06:00+00:00,2.13,508.1,60501
2026-04-21 17:07:00+00:00,1.95,511.9,67014
2026-04-21 17:08:00+00:00,2.03,519.5,122828
2026-04-21 17:09:00+00:00,1.50,510.6,117116
2026-04-21 17:10:00+00:00,1.37,506.7,85654
2026-04-21 17:11:00+00:00,2.54,515.8,121208
2026-04-21 17:12:00+00:00,2.52,515.5,118741
2026-04-21 17:13:00+00:00,2.15,511.6,84207
2026-04-21 17:14:00+00:00,2.44,521.5,104194
2026-04-21 17:15:00+00:00,1.29,488.8,58062
2026-04-21 17:16:00+00:00,2.69,531.3,148274
2026-04-21 17:17:00+00:00,5.05,515.0,73251
2026-04-21 17:18:00+00:00,3.13,524.7,150033
2026-04-21 17:19:00+00:00,1.83,507.1,94258
2026-04-21 17:20:00+00:00,2.75,518.2,127073
2026-04-21 17:21:00+00:00,3.05,533.3,135188
2026-04-21 17:22:00+00:00,2.84,533.1,115185
2026-04-21 17:23:00+00:00,2.63,527.3,107553
2026-04-21 17:24:00+00:00,2.34,544.5,76210
2026-04-21 17:25:00+00:00,2.56,587.3,86027
2026-04-21 17:26:00+00:00,3.68,590.4,106939
2026-04-21 17:27:00+00:00,8.18,603.1,190586
2026-04-21 17:28:00+00:00,0.37,495.4,46266
2026-04-21 17:29:00+00:00,0.37,495.4,46266
2026-04-21 17:30:00+00:00,1.21,527.3,160759
2026-04-21 17:31:00+00:00,1.33,531.0,292642
2026-04-21 17:32:00+00:00,1.46,507.1,116272
2026-04-21 17:33:00+00:00,1.64,512.5,131898
2026-04-21 17:34:00+00:00,2.85,534.0,105749
2026-04-21 17:35:00+00:00,3.56,541.8,106626
2026-04-21 17:36:00+00:00,4.11,546.3,73160
2026-04-21 17:37:00+00:00,3.36,536.8,78922
2026-04-21 17:38:00+00:00,2.50,522.7,97148
2026-04-21 17:39:00+00:00,2.64,520.5,92496
2026-04-21 17:40:00+00:00,2.51,523.0,89443
2026-04-21 17:41:00+00:00,2.13,524.4,65245
2026-04-21 17:42:00+00:00,1.47,520.2,53577
2026-04-21 17:43:00+00:00,2.37,554.4,62934
2026-04-21 17:44:00+00:00,2.66,565.4,80581
2026-04-21 17:45:00+00:00,2.98,580.9,90178
2026-04-21 17:46:00+00:00,2.97,567.7,70903
2026-04-21 17:47:00+00:00,3.07,572.5,76887
2026-04-21 17:48:00+00:00,3.11,577.4,103659
2026-04-21 17:49:00+00:00,3.79,582.0,144599
2026-04-21 17:50:00+00:00,1.53,537.8,64880
2026-04-21 17:51:00+00:00,2.69,558.2,124975
2026-04-21 17:52:00+00:00,3.92,560.2,140326
2026-04-21 17:53:00+00:00,3.21,540.8,95333
2026-04-21 17:54:00+00:00,2.50,525.3,82981
2026-04-21 17:55:00+00:00,2.56,527.1,87550
2026-04-21 17:56:00+00:00,2.85,531.6,106430
2026-04-21 17:57:00+00:00,3.34,535.6,120752
2026-04-21 17:58:00+00:00,3.20,530.6,86811
2026-04-21 17:59:00+00:00,1.81,507.4,63647
2026-04-21 18:00:00+00:00,2.57,519.4,99731
2026-04-21 18:03:00+00:00,1.71,519.8,53275
2026-04-21 18:04:00+00:00,2.55,533.7,69079
2026-04-21 18:05:00+00:00,1.96,526.2,57195
2026-04-21 18:06:00+00:00,2.01,524.0,60627
2026-04-21 18:07:00+00:00,2.65,526.0,75686
2026-04-21 18:08:00+00:00,3.14,529.4,89879
2026-04-21 18:09:00+00:00,3.35,525.2,105105
2026-04-21 18:10:00+00:00,3.25,525.4,104080
2026-04-21 18:11:00+00:00,3.02,528.9,91994
2026-04-21 18:12:00+00:00,3.26,521.8,70216
2026-04-21 18:13:00+00:00,3.50,520.0,62547
2026-04-21 18:14:00+00:00,2.49,532.7,145987
2026-04-21 18:15:00+00:00,2.83,529.1,114519
2026-04-21 18:16:00+00:00,2.66,523.6,92393
2026-04-21 18:17:00+00:00,0.92,488.5,36259
2026-04-21 18:18:00+00:00,2.37,512.9,89751
2026-04-21 18:19:00+00:00,2.87,512.6,96750
2026-04-21 18:20:00+00:00,3.17,522.4,121040
2026-04-21 18:21:00+00:00,2.60,487.8,49027
2026-04-21 18:22:00+00:00,2.59,518.4,150326
2026-04-21 18:23:00+00:00,2.51,516.7,115429
2026-04-21 18:24:00+00:00,2.05,521.8,118265
2026-04-21 18:25:00+00:00,2.30,506.4,79309
2026-04-21 18:26:00+00:00,1.46,499.6,69026
2026-04-21 18:27:00+00:00,2.26,511.5,98202
2026-04-21 18:28:00+00:00,3.31,518.6,113887
2026-04-21 18:29:00+00:00,3.00,516.0,114118
2026-04-21 18:30:00+00:00,1.81,509.3,57235
2026-04-21 18:31:00+00:00,2.91,528.1,106505
2026-04-21 18:32:00+00:00,3.39,536.9,104065
2026-04-21 18:33:00+00:00,3.53,532.4,126492
2026-04-21 18:35:00+00:00,2.66,542.4,69699
2026-04-21 18:36:00+00:00,1.29,533.6,101147
2026-04-21 18:37:00+00:00,1.35,528.4,180906
2026-04-21 18:38:00+00:00,1.18,515.7,103147
2026-04-21 18:39:00+00:00,1.16,522.6,95481
2026-04-21 18:40:00+00:00,0.66,514.8,119730
2026-04-21 18:41:00+00:00,1.19,504.5,95822
2026-04-21 18:42:00+00:00,0.94,495.8,94465
2026-04-21 18:43:00+00:00,0.86,506.9,123025
2026-04-21 18:44:00+00:00,1.51,526.5,130149
2026-04-21 18:45:00+00:00,1.78,527.1,128777
2026-04-21 18:46:00+00:00,1.33,508.3,130794
2026-04-21 18:47:00+00:00,1.05,501.9,104733
2026-04-21 18:48:00+00:00,1.01,500.0,98086
2026-04-21 18:49:00+00:00,1.21,535.0,121683
2026-04-21 18:50:00+00:00,1.33,522.6,141255
2026-04-21 18:51:00+00:00,1.40,536.0,164748
2026-04-21 18:52:00+00:00,0.80,514.0,119977
2026-04-21 18:53:00+00:00,1.44,527.4,137117
2026-04-21 18:54:00+00:00,0.82,509.6,164413
2026-04-21 18:55:00+00:00,1.25,512.1,137943
2026-04-21 18:56:00+00:00,1.20,508.2,106982
2026-04-21 18:57:00+00:00,1.28,513.1,119317
2026-04-21 18:58:00+00:00,1.46,528.6,134641
2026-04-21 18:59:00+00:00,1.57,536.2,142937
2026-04-21 19:00:00+00:00,1.95,527.0,156110
2026-04-21 19:01:00+00:00,1.82,505.1,145930
2026-04-21 19:02:00+00:00,1.47,499.9,141250
2026-04-21 19:03:00+00:00,1.49,492.2,117095
2026-04-21 19:04:00+00:00,2.19,507.0,116693
2026-04-21 19:05:00+00:00,3.43,505.8,41947
2026-04-21 19:06:00+00:00,2.21,507.5,141930
2026-04-21 19:07:00+00:00,2.21,507.5,141930
2026-04-21 19:08:00+00:00,4.66,542.4,71937
2026-04-21 19:09:00+00:00,2.41,510.7,94270
2026-04-21 19:10:00+00:00,1.45,501.4,79950
2026-04-21 19:11:00+00:00,3.05,522.2,99626
2026-04-21 19:12:00+00:00,3.19,521.2,99056
2026-04-21 19:13:00+00:00,2.88,517.5,99203
2026-04-21 19:14:00+00:00,2.13,509.7,75372
2026-04-21 19:15:00+00:00,2.27,514.2,88641
2026-04-21 19:16:00+00:00,3.59,536.2,136566
2026-04-21 19:17:00+00:00,3.69,532.5,78747
2026-04-21 19:18:00+00:00,5.22,532.5,70117
2026-04-21 19:19:00+00:00,0.61,489.2,87863
2026-04-21 19:20:00+00:00,2.11,514.4,161705
2026-04-21 19:21:00+00:00,1.57,499.2,105798
2026-04-21 19:22:00+00:00,1.59,507.7,113425
2026-04-21 19:23:00+00:00,0.99,481.8,72219
2026-04-21 19:24:00+00:00,1.66,519.6,179409
2026-04-21 19:25:00+00:00,1.27,506.2,130273
2026-04-21 19:26:00+00:00,1.48,506.8,115404
2026-04-21 19:27:00+00:00,1.26,497.7,91621
2026-04-21 19:28:00+00:00,1.42,520.6,135012
2026-04-21 19:29:00+00:00,1.47,532.8,156917
2026-04-21 19:30:00+00:00,1.35,523.8,205925
2026-04-21 19:31:00+00:00,1.35,514.6,205003
2026-04-21 19:32:00+00:00,1.35,506.8,114703
2026-04-21 19:33:00+00:00,1.32,505.1,142750
2026-04-21 19:34:00+00:00,1.44,503.4,142119
2026-04-21 19:35:00+00:00,1.46,504.5,151174
2026-04-21 19:36:00+00:00,1.01,495.7,116668
2026-04-21 19:37:00+00:00,1.46,512.5,170579
2026-04-21 19:38:00+00:00,1.74,512.6,185455
2026-04-21 19:39:00+00:00,0.72,493.8,133158
2026-04-21 19:40:00+00:00,0.65,492.4,129422
2026-04-21 19:42:00+00:00,1.19,500.5,142954
2026-04-21 19:43:00+00:00,0.97,496.6,138551
2026-04-21 19:44:00+00:00,0.69,501.8,150546
2026-04-21 19:45:00+00:00,1.30,501.6,132523
2026-04-21 19:46:00+00:00,1.41,505.1,138187
2026-04-21 19:47:00+00:00,1.34,507.9,146889
2026-04-21 19:48:00+00:00,1.14,503.7,144044
2026-04-21 19:49:00+00:00,0.92,497.8,169194
2026-04-21 19:50:00+00:00,1.29,498.0,128995
2026-04-21 19:51:00+00:00,3.34,558.7,68919
2026-04-21 19:52:00+00:00,3.35,560.4,73277
2026-04-21 19:53:00+00:00,3.59,584.9,134282
2026-04-21 19:54:00+00:00,1.59,513.9,70200
2026-04-21 19:55:00+00:00,3.31,523.8,88616
2026-04-21 19:56:00+00:00,2.28,512.7,60457
2026-04-21 19:57:00+00:00,2.24,512.7,62356
2026-04-21 19:58:00+00:00,1.05,498.5,38405
2026-04-21 19:59:00+00:00,2.47,537.2,51418
2026-04-21 20:00:00+00:00,3.42,571.4,75624
2026-04-21 20:01:00+00:00,3.05,561.5,72802
2026-04-21 20:02:00+00:00,1.68,531.5,48341
2026-04-21 20:03:00+00:00,2.36,533.2,110178
2026-04-21 20:04:00+00:00,4.48,547.9,178197
2026-04-21 20:05:00+00:00,2.78,515.9,83644
2026-04-21 20:06:00+00:00,1.45,493.1,94876
2026-04-21 20:07:00+00:00,0.84,498.1,94187
2026-04-21 20:08:00+00:00,3.72,538.4,98238
2026-04-21 20:09:00+00:00,8.18,549.3,85334
2026-04-21 20:10:00+00:00,1.44,514.1,157189
2026-04-21 20:11:00+00:00,1.50,504.0,128081
2026-04-21 20:12:00+00:00,1.02,495.0,114987
2026-04-21 20:13:00+00:00,1.18,495.0,114987
2026-04-21 20:14:00+00:00,1.72,508.5,141218
2026-04-21 20:15:00+00:00,1.46,513.5,107066
2026-04-21 20:16:00+00:00,1.82,522.2,163713
2026-04-21 20:17:00+00:00,2.20,517.4,167039
2026-04-21 20:18:00+00:00,2.23,507.7,113357
2026-04-21 20:19:00+00:00,2.61,513.6,101270
2026-04-21 20:20:00+00:00,2.78,513.4,82217
2026-04-21 20:21:00+00:00,2.17,502.5,41761
2026-04-21 20:22:00+00:00,4.27,543.1,69079
2026-04-21 20:23:00+00:00,8.36,545.2,94721
2026-04-21 20:24:00+00:00,1.03,506.2,120151
2026-04-21 20:25:00+00:00,0.97,496.5,107979
2026-04-21 20:26:00+00:00,1.49,528.1,177151
2026-04-21 20:27:00+00:00,1.44,532.8,184504
2026-04-21 20:28:00+00:00,1.05,527.3,166619
2026-04-21 20:29:00+00:00,0.80,512.5,118628
2026-04-21 20:30:00+00:00,1.22,537.3,147979
2026-04-21 20:31:00+00:00,1.25,541.6,141334
2026-04-21 20:32:00+00:00,1.42,545.2,153002
2026-04-21 20:33:00+00:00,1.04,532.4,131153
2026-04-21 20:34:00+00:00,1.12,527.0,135859
2026-04-21 20:35:00+00:00,1.56,536.4,168665
2026-04-21 20:36:00+00:00,1.35,536.1,153524
2026-04-21 20:37:00+00:00,1.15,517.7,183056
2026-04-21 20:38:00+00:00,1.10,518.0,182126
2026-04-21 20:39:00+00:00,0.95,517.5,172577
2026-04-21 20:40:00+00:00,1.19,507.3,135455
2026-04-21 20:41:00+00:00,1.03,518.7,146469
2026-04-21 20:42:00+00:00,1.21,548.3,168707
2026-04-21 20:43:00+00:00,1.81,520.1,213350
2026-04-21 20:44:00+00:00,1.29,501.7,130283
2026-04-21 20:45:00+00:00,1.35,509.5,149286
2026-04-21 20:46:00+00:00,1.38,512.1,157354
2026-04-21 20:47:00+00:00,1.39,519.8,187157
2026-04-21 20:48:00+00:00,1.07,518.4,180610
2026-04-21 20:49:00+00:00,1.35,523.3,182875
2026-04-21 20:50:00+00:00,1.81,514.6,159011
2026-04-21 20:51:00+00:00,1.63,497.3,125013
2026-04-21 20:52:00+00:00,1.44,499.0,144689
2026-04-21 20:53:00+00:00,1.65,507.3,178424
2026-04-21 20:54:00+00:00,1.65,507.4,161065
2026-04-21 20:55:00+00:00,1.78,506.4,151612
2026-04-21 20:56:00+00:00,1.00,494.9,124427
2026-04-21 20:57:00+00:00,2.67,513.3,197294
2026-04-21 20:58:00+00:00,1.28,494.4,115816
2026-04-21 20:59:00+00:00,2.25,505.3,184797
2026-04-21 21:00:00+00:00,2.40,482.5,69199
2026-04-21 21:01:00+00:00,1.65,488.2,52881
2026-04-21 21:02:00+00:00,1.93,501.5,122823
2026-04-21 21:03:00+00:00,1.94,502.9,164990
2026-04-21 21:04:00+00:00,1.44,493.7,117351
2026-04-21 21:05:00+00:00,1.52,497.4,101331
2026-04-21 21:06:00+00:00,2.27,504.2,160590
2026-04-21 21:07:00+00:00,2.40,504.1,160614
2026-04-21 21:08:00+00:00,2.36,502.7,74454
2026-04-21 21:09:00+00:00,3.11,496.6,68922
2026-04-21 21:10:00+00:00,2.81,501.4,132977
2026-04-21 21:11:00+00:00,4.19,515.8,94000
2026-04-21 21:12:00+00:00,2.27,505.7,161025
2026-04-21 21:13:00+00:00,1.61,488.6,95178
2026-04-21 21:14:00+00:00,1.39,495.8,141927
2026-04-21 21:15:00+00:00,1.22,504.4,187333
2026-04-21 21:16:00+00:00,1.69,506.1,182307
2026-04-21 21:17:00+00:00,1.70,497.5,148259
2026-04-21 21:18:00+00:00,1.54,493.5,139412
2026-04-21 21:19:00+00:00,1.49,492.9,139174
2026-04-21 21:20:00+00:00,1.13,474.4,22319
2026-04-21 21:21:00+00:00,1.41,486.1,96207
2026-04-21 21:22:00+00:00,1.39,495.1,154846
2026-04-21 21:23:00+00:00,1.52,500.2,157964
2026-04-21 21:24:00+00:00,2.03,507.4,177172
2026-04-21 21:25:00+00:00,1.65,501.1,176910
2026-04-21 21:26:00+00:00,1.21,495.8,148949
2026-04-21 21:27:00+00:00,0.88,491.1,140024
2026-04-21 21:28:00+00:00,2.36,513.6,184072
2026-04-21 21:29:00+00:00,1.93,505.5,150212
2026-04-21 21:30:00+00:00,2.46,506.8,205680
2026-04-21 21:31:00+00:00,0.87,482.0,53928
2026-04-21 21:32:00+00:00,3.04,526.4,178577
2026-04-21 21:33:00+00:00,3.15,508.3,129128
2026-04-21 21:34:00+00:00,2.57,509.1,153665
2026-04-21 21:35:00+00:00,1.18,489.2,91090
2026-04-21 21:36:00+00:00,2.25,502.2,108457
2026-04-21 21:37:00+00:00,2.93,510.0,121528
2026-04-21 21:38:00+00:00,2.66,503.5,109767
2026-04-21 21:39:00+00:00,2.55,497.9,92504
2026-04-21 21:40:00+00:00,2.22,490.8,72144
2026-04-21 21:41:00+00:00,2.13,495.4,115639
2026-04-21 21:42:00+00:00,1.79,492.7,114276
2026-04-21 21:43:00+00:00,1.83,493.7,113161
2026-04-21 21:44:00+00:00,1.41,488.2,97503
2026-04-21 21:45:00+00:00,1.36,495.6,138478
2026-04-21 21:46:00+00:00,1.71,507.7,157406
2026-04-21 21:47:00+00:00,1.94,508.0,177284
2026-04-21 21:48:00+00:00,1.73,499.4,146023
2026-04-21 21:49:00+00:00,1.68,497.8,120034
2026-04-21 21:50:00+00:00,1.27,494.4,115462
2026-04-21 21:51:00+00:00,1.18,501.6,140352
2026-04-21 21:52:00+00:00,1.21,505.8,152675
2026-04-21 21:55:00+00:00,1.57,504.9,114891
2026-04-21 21:56:00+00:00,1.45,504.0,122571
2026-04-21 21:57:00+00:00,1.47,504.2,121574
2026-04-21 21:58:00+00:00,1.65,496.3,90478
2026-04-21 21:59:00+00:00,1.71,494.0,124550
2026-04-21 22:00:00+00:00,1.70,494.1,124647
2026-04-21 22:01:00+00:00,1.50,494.7,125999
2026-04-21 22:02:00+00:00,2.40,490.1,67519
2026-04-21 22:03:00+00:00,6.76,505.9,84253
2026-04-21 22:04:00+00:00,2.76,499.9,115026
2026-04-21 22:05:00+00:00,2.34,500.7,160854
2026-04-21 22:06:00+00:00,1.37,490.2,108430
2026-04-21 22:07:00+00:00,2.45,497.7,114937
2026-04-21 22:08:00+00:00,4.28,506.5,86332
2026-04-21 22:09:00+00:00,0.90,493.2,129954
2026-04-21 22:10:00+00:00,1.22,491.1,124376
2026-04-21 22:11:00+00:00,1.31,493.7,130542
2026-04-21 22:12:00+00:00,2.01,499.0,143110
2026-04-21 22:13:00+00:00,1.50,495.4,135979
2026-04-21 22:14:00+00:00,1.41,500.9,150118
2026-04-21 22:15:00+00:00,1.44,504.6,148917
2026-04-21 22:16:00+00:00,1.56,497.3,155468
2026-04-21 22:17:00+00:00,1.91,497.0,141040
2026-04-21 22:18:00+00:00,1.70,495.4,138021
2026-04-21 22:19:00+00:00,1.82,504.4,131732
2026-04-21 22:20:00+00:00,3.35,512.2,138964
2026-04-21 22:21:00+00:00,2.80,503.6,89559
2026-04-21 22:22:00+00:00,2.40,500.1,77183
2026-04-21 22:23:00+00:00,2.59,495.2,82463
2026-04-21 22:28:00+00:00,1.15,495.3,122626
2026-04-21 22:29:00+00:00,0.93,489.5,121179
2026-04-21 22:30:00+00:00,3.03,509.4,191039
2026-04-21 22:31:00+00:00,5.65,512.3,57595
2026-04-21 22:32:00+00:00,1.45,501.9,105720
2026-04-21 22:33:00+00:00,0.93,488.2,114390
2026-04-21 22:34:00+00:00,1.60,534.0,181983
2026-04-21 22:35:00+00:00,1.37,513.0,128579
2026-04-21 22:36:00+00:00,0.90,510.0,162644
2026-04-21 22:37:00+00:00,1.39,505.5,131527
2026-04-21 22:38:00+00:00,1.69,508.0,161411
2026-04-21 22:39:00+00:00,1.45,512.9,149556
2026-04-21 22:40:00+00:00,1.33,517.6,137999
2026-04-21 22:41:00+00:00,0.79,520.2,148292
2026-04-21 22:42:00+00:00,1.57,519.2,151640
2026-04-21 22:43:00+00:00,1.71,513.0,143986
2026-04-21 22:44:00+00:00,1.60,507.4,128581
2026-04-21 22:45:00+00:00,1.38,512.9,136737
2026-04-21 22:46:00+00:00,1.74,515.7,146919
2026-04-21 22:47:00+00:00,1.67,509.2,139415
2026-04-21 22:48:00+00:00,2.14,504.1,150310
2026-04-21 22:49:00+00:00,1.63,504.7,164538
2026-04-21 22:50:00+00:00,1.10,503.3,137096
2026-04-21 22:51:00+00:00,2.08,512.3,185168
2026-04-21 22:52:00+00:00,1.76,506.8,137597
2026-04-21 22:53:00+00:00,1.45,507.5,159528
2026-04-21 22:54:00+00:00,1.33,508.5,156768
2026-04-21 22:55:00+00:00,1.23,514.4,161456
2026-04-21 22:56:00+00:00,1.12,515.4,167206
2026-04-21 22:57:00+00:00,0.56,508.7,152987
2026-04-21 22:58:00+00:00,1.04,508.7,152987
2026-04-21 23:01:00+00:00,0.95,514.2,148671
2026-04-21 23:02:00+00:00,1.21,516.8,156576
2026-04-21 23:03:00+00:00,1.18,527.1,145659
2026-04-21 23:04:00+00:00,1.23,519.9,150813
2026-04-21 23:05:00+00:00,1.24,536.6,190311
2026-04-21 23:06:00+00:00,1.09,513.8,140174
2026-04-21 23:07:00+00:00,1.22,520.1,162925
2026-04-21 23:08:00+00:00,0.89,509.4,126109
2026-04-21 23:09:00+00:00,1.14,534.1,168928
2026-04-21 23:10:00+00:00,1.02,526.8,134812
2026-04-21 23:11:00+00:00,0.65,530.1,147523
2026-04-21 23:12:00+00:00,0.61,527.9,140530
2026-04-21 23:13:00+00:00,1.13,531.4,152426
2026-04-21 23:14:00+00:00,1.32,532.6,149867
2026-04-21 23:15:00+00:00,1.15,519.4,129852
2026-04-21 23:16:00+00:00,1.36,508.2,135551
2026-04-21 23:17:00+00:00,1.25,516.5,149881
2026-04-21 23:18:00+00:00,1.18,518.9,153742
2026-04-21 23:19:00+00:00,1.30,512.0,153619
2026-04-21 23:20:00+00:00,1.28,510.5,148950
2026-04-21 23:21:00+00:00,1.30,,
2026-04-21 23:22:00+00:00,1.30,509.4,150919
2026-04-21 23:23:00+00:00,1.37,510.2,170147
2026-04-21 23:24:00+00:00,1.57,512.1,147497
2026-04-21 23:25:00+00:00,1.64,507.9,132429
2026-04-21 23:26:00+00:00,1.42,507.1,157689
2026-04-21 23:27:00+00:00,1.43,503.9,159957
2026-04-21 23:28:00+00:00,1.41,503.6,148561
2026-04-21 23:29:00+00:00,1.45,503.2,153488
2026-04-21 23:30:00+00:00,1.48,502.9,161092
2026-04-21 23:31:00+00:00,1.46,503.8,160491
2026-04-21 23:32:00+00:00,2.03,503.6,109738
2026-04-21 23:33:00+00:00,1.85,506.2,110508
2026-04-21 23:34:00+00:00,1.47,513.4,114065
2026-04-21 23:35:00+00:00,1.62,516.3,122568
2026-04-21 23:36:00+00:00,1.35,520.3,136883
2026-04-21 23:37:00+00:00,1.45,511.3,127431
2026-04-21 23:38:00+00:00,1.38,512.7,123376
2026-04-21 23:39:00+00:00,1.67,507.0,134574
2026-04-21 23:40:00+00:00,1.67,506.8,144043
2026-04-21 23:41:00+00:00,1.86,510.1,137287
2026-04-21 23:42:00+00:00,1.79,506.2,123566
2026-04-21 23:43:00+00:00,1.78,505.7,126602
2026-04-21 23:45:00+00:00,1.75,496.0,120518
2026-04-21 23:46:00+00:00,1.79,499.0,120955
2026-04-21 23:47:00+00:00,1.86,500.9,122576
2026-04-21 23:48:00+00:00,1.93,499.4,125802
2026-04-21 23:49:00+00:00,1.96,498.5,125703
2026-04-21 23:50:00+00:00,2.01,496.2,122032
2026-04-21 23:51:00+00:00,2.31,499.5,133524
2026-04-21 23:52:00+00:00,2.08,494.3,116295
2026-04-21 23:53:00+00:00,2.00,498.9,144618
2026-04-21 23:54:00+00:00,1.93,497.4,122814
2026-04-21 23:55:00+00:00,1.60,498.4,153173
2026-04-21 23:56:00+00:00,0.99,512.1,206516
2026-04-21 23:57:00+00:00,1.15,512.4,179218
2026-04-21 23:58:00+00:00,1.39,511.3,157150
2026-04-21 23:59:00+00:00,1.32,511.8,165762
2026-04-22 00:00:00+00:00,1.18,515.7,156706
2026-04-22 00:01:00+00:00,1.19,518.9,144436
2026-04-22 00:02:00+00:00,1.23,521.2,134734
2026-04-22 00:03:00+00:00,1.14,522.8,131809
2026-04-22 00:04:00+00:00,1.04,522.7,139016
2026-04-22 00:05:00+00:00,1.11,526.1,125709
2026-04-22 00:06:00+00:00,1.10,526.3,124230
2026-04-22 00:07:00+00:00,1.20,521.2,138862
2026-04-22 00:08:00+00:00,1.18,522.1,135996
2026-04-22 00:09:00+00:00,0.98,532.1,104506
2026-04-22 00:10:00+00:00,1.16,530.6,106503
2026-04-22 00:11:00+00:00,1.18,529.0,110568
2026-04-22 00:12:00+00:00,1.28,526.7,115376
2026-04-22 00:13:00+00:00,0.92,525.8,128523
2026-04-22 00:14:00+00:00,1.20,529.0,118200
2026-04-22 00:15:00+00:00,1.27,528.1,116420
2026-04-22 00:16:00+00:00,1.39,523.5,127153
2026-04-22 00:17:00+00:00,1.34,523.8,123153
2026-04-22 00:18:00+00:00,1.21,522.3,126118
2026-04-22 00:19:00+00:00,1.19,525.8,107337
2026-04-22 00:20:00+00:00,1.14,526.9,106966
2026-04-22 00:21:00+00:00,1.09,526.7,108487
2026-04-22 00:22:00+00:00,1.20,521.9,115216
2026-04-22 00:23:00+00:00,1.20,525.2,118464
2026-04-22 00:24:00+00:00,1.17,526.5,115653
2026-04-22 00:25:00+00:00,1.20,517.7,139567
2026-04-22 00:26:00+00:00,1.23,518.2,126218
2026-04-22 00:27:00+00:00,1.33,511.4,138388
2026-04-22 00:28:00+00:00,1.30,518.4,126625
2026-04-22 00:29:00+00:00,1.27,518.1,127617
2026-04-22 00:30:00+00:00,1.16,518.2,129240
2026-04-22 00:31:00+00:00,1.19,521.0,121995
2026-04-22 00:32:00+00:00,1.18,523.3,115220
2026-04-22 00:33:00+00:00,1.25,521.1,123003
2026-04-22 00:34:00+00:00,1.25,519.9,129506
2026-04-22 00:35:00+00:00,1.20,521.7,127279
2026-04-22 00:36:00+00:00,1.24,517.6,133831
2026-04-22 00:37:00+00:00,1.23,508.6,147557
2026-04-22 00:38:00+00:00,1.22,506.9,167229
2026-04-22 00:39:00+00:00,1.17,508.2,167528
2026-04-22 00:40:00+00:00,0.95,515.3,169063
2026-04-22 00:41:00+00:00,1.27,,
2026-04-22 00:42:00+00:00,1.27,524.1,131984
2026-04-22 00:43:00+00:00,1.48,505.4,150916
2026-04-22 00:44:00+00:00,1.12,506.4,158541
2026-04-22 00:45:00+00:00,1.28,519.8,143144
2026-04-22 00:46:00+00:00,1.33,529.7,131529
2026-04-22 00:47:00+00:00,1.24,523.6,136680
2026-04-22 00:48:00+00:00,1.25,514.1,133104
2026-04-22 00:49:00+00:00,1.36,514.9,130292
2026-04-22 00:50:00+00:00,1.32,521.0,125739
2026-04-22 00:51:00+00:00,1.21,524.8,119069
2026-04-22 00:52:00+00:00,1.29,521.7,118990
2026-04-22 00:53:00+00:00,1.29,513.0,141787
2026-04-22 00:54:00+00:00,1.32,513.9,138972
2026-04-22 00:55:00+00:00,1.41,517.8,127835
2026-04-22 00:56:00+00:00,1.27,520.6,123038
2026-04-22 00:57:00+00:00,1.40,516.8,129879
2026-04-22 00:58:00+00:00,1.44,513.5,124229
2026-04-22 00:59:00+00:00,1.48,510.4,119412
2026-04-22 01:00:00+00:00,1.37,505.4,130911
2026-04-22 01:01:00+00:00,1.30,512.7,123812
2026-04-22 01:02:00+00:00,1.33,513.9,117759
2026-04-22 01:03:00+00:00,1.32,512.1,132548
2026-04-22 01:04:00+00:00,1.29,520.6,128785
2026-04-22 01:05:00+00:00,1.49,517.7,126291
2026-04-22 01:06:00+00:00,1.48,518.1,117354
2026-04-22 01:07:00+00:00,1.26,524.3,108337
2026-04-22 01:08:00+00:00,1.22,527.8,104232
2026-04-22 01:09:00+00:00,1.26,526.0,100850
2026-04-22 01:10:00+00:00,1.28,525.4,100756
2026-04-22 01:11:00+00:00,1.53,522.0,123176
2026-04-22 01:12:00+00:00,1.53,521.9,121997
2026-04-22 01:13:00+00:00,1.52,520.8,108712
2026-04-22 01:14:00+00:00,1.86,527.3,90427
2026-04-22 01:15:00+00:00,1.10,526.1,91534
2026-04-22 01:16:00+00:00,1.45,523.8,127511
2026-04-22 01:17:00+00:00,1.40,521.7,123051
2026-04-22 01:18:00+00:00,1.46,524.5,115362
2026-04-22 01:19:00+00:00,1.26,521.2,123399
2026-04-22 01:20:00+00:00,1.26,522.2,118871
2026-04-22 01:21:00+00:00,1.32,525.7,114804
2026-04-22 01:22:00+00:00,1.26,525.1,113754
2026-04-22 01:23:00+00:00,1.16,524.6,101573
2026-04-22 01:24:00+00:00,1.11,526.6,95613
2026-04-22 01:25:00+00:00,1.13,525.9,106004
2026-04-22 01:26:00+00:00,1.13,523.8,106886
2026-04-22 01:27:00+00:00,1.33,516.8,146172
2026-04-22 01:28:00+00:00,1.35,516.6,145633
2026-04-22 01:29:00+00:00,1.48,514.2,139783
2026-04-22 01:30:00+00:00,1.31,516.0,144432
2026-04-22 01:31:00+00:00,1.26,516.2,142202
2026-04-22 01:32:00+00:00,1.32,516.9,142665
2026-04-22 01:33:00+00:00,1.27,515.1,149274
2026-04-22 01:34:00+00:00,1.34,511.9,149758
2026-04-22 01:35:00+00:00,1.35,510.3,164257
2026-04-22 01:36:00+00:00,1.33,510.6,153451
2026-04-22 01:37:00+00:00,1.57,507.7,161922
2026-04-22 01:38:00+00:00,1.45,504.4,162113
2026-04-22 01:39:00+00:00,1.60,503.3,169397
2026-04-22 01:40:00+00:00,1.72,503.6,182265
2026-04-22 01:41:00+00:00,1.55,505.5,182566
2026-04-22 01:42:00+00:00,1.53,502.2,166936
2026-04-22 01:43:00+00:00,1.66,504.1,153018
2026-04-22 01:44:00+00:00,1.69,503.9,159229
2026-04-22 01:45:00+00:00,1.68,503.9,159209
2026-04-22 01:46:00+00:00,1.38,506.0,158006
2026-04-22 01:47:00+00:00,1.70,507.8,137886
2026-04-22 01:48:00+00:00,1.90,503.0,143103
2026-04-22 01:49:00+00:00,1.74,503.7,163140
2026-04-22 01:50:00+00:00,1.55,499.7,173317
2026-04-22 01:51:00+00:00,1.64,503.2,174515
2026-04-22 01:52:00+00:00,1.59,512.2,154443
2026-04-22 01:53:00+00:00,1.43,513.0,156854
2026-04-22 01:54:00+00:00,1.60,516.3,130769
2026-04-22 01:55:00+00:00,1.78,519.7,100175
2026-04-22 01:56:00+00:00,1.66,515.6,119117
2026-04-22 01:57:00+00:00,1.80,516.6,125758
2026-04-22 01:58:00+00:00,2.19,514.7,119834
2026-04-22 01:59:00+00:00,2.13,515.7,109917
2026-04-22 02:00:00+00:00,1.92,524.3,122785
2026-04-22 02:01:00+00:00,2.86,510.2,82855
2026-04-22 02:02:00+00:00,2.51,515.0,83956
2026-04-22 02:03:00+00:00,2.75,512.2,89430
2026-04-22 02:04:00+00:00,2.79,520.7,92550
2026-04-22 02:05:00+00:00,2.19,515.7,90222
2026-04-22 02:06:00+00:00,2.61,521.0,97819
2026-04-22 02:07:00+00:00,2.70,521.8,84057
2026-04-22 02:08:00+00:00,2.64,525.3,81520
2026-04-22 02:09:00+00:00,2.82,530.4,87768
2026-04-22 02:10:00+00:00,2.80,528.2,85408
2026-04-22 02:11:00+00:00,2.13,520.9,77299
2026-04-22 02:12:00+00:00,2.27,520.7,106061
2026-04-22 02:13:00+00:00,2.18,519.5,102568
2026-04-22 02:14:00+00:00,1.93,514.4,97423
2026-04-22 02:15:00+00:00,1.83,507.5,108596
2026-04-22 02:16:00+00:00,1.86,510.9,96280
2026-04-22 02:17:00+00:00,1.86,,
2026-04-22 02:18:00+00:00,1.86,524.1,85678
2026-04-22 02:19:00+00:00,1.86,513.9,105127
2026-04-22 02:20:00+00:00,3.03,523.6,95347
2026-04-22 02:21:00+00:00,1.98,507.3,147929
2026-04-22 02:22:00+00:00,1.75,504.9,157523
2026-04-22 02:23:00+00:00,1.98,501.0,146083
2026-04-22 02:24:00+00:00,1.40,515.4,155180
2026-04-22 02:25:00+00:00,1.44,510.6,148829
2026-04-22 02:26:00+00:00,1.48,505.6,149225
2026-04-22 02:27:00+00:00,1.57,503.3,151654
2026-04-22 02:28:00+00:00,1.72,501.4,146859
2026-04-22 02:29:00+00:00,1.80,500.1,143129
2026-04-22 02:30:00+00:00,1.71,497.5,138996
2026-04-22 02:31:00+00:00,1.67,496.7,159179
2026-04-22 02:32:00+00:00,1.80,498.0,146418
2026-04-22 02:33:00+00:00,1.85,503.5,126583
2026-04-22 02:34:00+00:00,1.54,502.8,148762
2026-04-22 02:35:00+00:00,1.82,500.1,142598
2026-04-22 02:36:00+00:00,1.57,502.6,152673
2026-04-22 02:37:00+00:00,1.93,503.2,146360
2026-04-22 02:38:00+00:00,1.80,504.2,139383
2026-04-22 02:39:00+00:00,1.78,507.1,144310
2026-04-22 02:40:00+00:00,1.87,508.1,147029
2026-04-22 02:41:00+00:00,2.00,502.4,145867
2026-04-22 02:42:00+00:00,2.04,496.5,146628
2026-04-22 02:43:00+00:00,2.19,494.3,135441
2026-04-22 02:44:00+00:00,2.26,498.8,117382
2026-04-22 02:45:00+00:00,1.95,507.5,119399
2026-04-22 02:46:00+00:00,1.96,504.2,129677
2026-04-22 02:47:00+00:00,1.71,510.7,147993
2026-04-22 02:48:00+00:00,1.59,509.4,155552
2026-04-22 02:49:00+00:00,2.66,519.6,99354
2026-04-22 02:51:00+00:00,1.51,529.6,110176
2026-04-22 02:52:00+00:00,1.19,528.9,115216
2026-04-22 02:53:00+00:00,1.69,536.4,120210
2026-04-22 02:54:00+00:00,1.83,532.1,119100
2026-04-22 02:55:00+00:00,1.56,529.7,118457
2026-04-22 02:56:00+00:00,1.30,524.8,129848
2026-04-22 02:57:00+00:00,1.98,509.9,141456
2026-04-22 02:58:00+00:00,2.93,504.1,112758
2026-04-22 02:59:00+00:00,3.05,509.0,114888
2026-04-22 03:00:00+00:00,3.14,521.7,119781
2026-04-22 03:01:00+00:00,2.90,526.8,110132
2026-04-22 03:02:00+00:00,2.75,512.2,81396
2026-04-22 03:03:00+00:00,2.74,510.9,94280
2026-04-22 03:04:00+00:00,2.56,507.4,73532
2026-04-22 03:05:00+00:00,2.61,498.8,89231
2026-04-22 03:06:00+00:00,2.77,502.6,104168
2026-04-22 03:07:00+00:00,3.09,505.5,106756
2026-04-22 03:08:00+00:00,2.27,509.3,93190
2026-04-22 03:09:00+00:00,1.98,505.2,120150
2026-04-22 03:10:00+00:00,2.69,520.0,104739
2026-04-22 03:11:00+00:00,2.76,513.0,91915
2026-04-22 03:12:00+00:00,2.19,507.5,120720
2026-04-22 03:13:00+00:00,1.79,505.2,149658
2026-04-22 03:14:00+00:00,1.87,503.0,151218
2026-04-22 03:15:00+00:00,1.77,504.3,154677
2026-04-22 03:16:00+00:00,1.50,509.6,153385
2026-04-22 03:17:00+00:00,1.59,512.0,137957
2026-04-22 03:18:00+00:00,1.47,512.5,155240
2026-04-22 03:19:00+00:00,1.26,515.4,143030
2026-04-22 03:20:00+00:00,1.55,511.9,171770
2026-04-22 03:21:00+00:00,1.55,511.8,171603
2026-04-22 03:22:00+00:00,1.73,507.1,161747
2026-04-22 03:23:00+00:00,1.73,,
2026-04-22 03:24:00+00:00,1.56,509.1,147801
2026-04-22 03:25:00+00:00,1.65,512.6,162228
2026-04-22 03:26:00+00:00,1.54,511.9,156067
2026-04-22 03:27:00+00:00,1.34,510.7,154452
2026-04-22 03:28:00+00:00,1.48,518.8,170622
2026-04-22 03:29:00+00:00,2.46,539.9,138244
2026-04-22 03:30:00+00:00,2.89,554.7,99549
2026-04-22 03:31:00+00:00,2.79,555.8,95167
2026-04-22 03:32:00+00:00,2.89,549.3,91651
2026-04-22 03:33:00+00:00,2.61,539.8,91405
2026-04-22 03:34:00+00:00,2.57,538.6,107715
2026-04-22 03:35:00+00:00,2.83,533.7,103589
2026-04-22 03:36:00+00:00,3.31,536.0,105990
2026-04-22 03:37:00+00:00,2.82,543.9,107201
2026-04-22 03:38:00+00:00,1.71,526.2,165699
2026-04-22 03:39:00+00:00,1.31,513.2,143557
2026-04-22 03:40:00+00:00,1.35,523.6,158239
2026-04-22 03:41:00+00:00,1.64,516.3,159122
2026-04-22 03:42:00+00:00,1.64,513.4,161659
2026-04-22 03:43:00+00:00,1.88,520.0,173425
2026-04-22 03:44:00+00:00,1.82,518.0,165881
2026-04-22 03:45:00+00:00,1.63,515.5,150842
2026-04-22 03:46:00+00:00,1.28,501.1,113956
2026-04-22 03:47:00+00:00,1.33,509.4,152966
2026-04-22 03:48:00+00:00,1.57,533.0,208867
2026-04-22 03:49:00+00:00,1.11,520.5,139339
2026-04-22 03:50:00+00:00,0.84,516.7,135878
2026-04-22 03:51:00+00:00,0.80,491.7,86006
2026-04-22 03:52:00+00:00,1.92,526.6,229330
2026-04-22 03:53:00+00:00,1.04,505.1,106988
2026-04-22 03:54:00+00:00,0.98,514.3,163014
2026-04-22 03:55:00+00:00,0.80,493.5,110772
2026-04-22 03:56:00+00:00,0.79,492.5,108023
2026-04-22 03:57:00+00:00,1.52,519.5,172031
2026-04-22 03:58:00+00:00,1.67,516.9,194037
2026-04-22 03:59:00+00:00,1.04,509.5,138042
2026-04-22 04:00:00+00:00,1.40,511.5,132761
2026-04-22 04:01:00+00:00,1.31,513.5,133231
2026-04-22 04:02:00+00:00,1.46,513.0,141108
2026-04-22 04:03:00+00:00,1.32,502.6,114551
2026-04-22 04:04:00+00:00,1.43,498.2,108351
2026-04-22 04:05:00+00:00,2.30,507.5,178372
2026-04-22 04:06:00+00:00,1.52,496.1,144654
2026-04-22 04:07:00+00:00,1.67,485.8,103490
2026-04-22 04:08:00+00:00,1.83,488.8,130398
2026-04-22 04:09:00+00:00,2.02,493.1,146266
2026-04-22 04:10:00+00:00,2.02,487.6,133890
2026-04-22 04:11:00+00:00,1.24,488.8,113851
2026-04-22 04:12:00+00:00,1.63,496.0,152337
2026-04-22 04:13:00+00:00,1.46,500.3,122633
2026-04-22 04:14:00+00:00,1.92,513.6,189874
2026-04-22 04:15:00+00:00,1.72,503.6,162759
2026-04-22 04:16:00+00:00,1.73,500.1,144999
2026-04-22 04:17:00+00:00,1.72,498.8,150861
2026-04-22 04:18:00+00:00,1.98,497.1,163843
2026-04-22 04:19:00+00:00,2.05,494.9,158704
2026-04-22 04:20:00+00:00,1.52,492.6,134943
2026-04-22 04:21:00+00:00,1.41,499.0,142981
2026-04-22 04:22:00+00:00,1.64,509.3,180755
2026-04-22 04:23:00+00:00,1.92,516.6,233499
2026-04-22 04:24:00+00:00,1.60,492.0,136241
2026-04-22 04:25:00+00:00,1.71,500.4,154231
2026-04-22 04:26:00+00:00,0.92,486.5,133356
2026-04-22 04:27:00+00:00,1.81,508.9,169029
2026-04-22 04:28:00+00:00,1.60,515.3,194270
2026-04-22 04:30:00+00:00,1.02,472.8,81458
2026-04-22 04:31:00+00:00,1.61,509.1,134331
2026-04-22 04:32:00+00:00,1.78,526.6,173345
2026-04-22 04:33:00+00:00,1.54,518.7,156516
2026-04-22 04:34:00+00:00,1.60,509.9,144693
2026-04-22 04:35:00+00:00,1.65,503.5,140377
2026-04-22 04:36:00+00:00,1.35,499.8,123331
2026-04-22 04:37:00+00:00,1.29,504.7,132097
2026-04-22 04:38:00+00:00,1.42,507.8,143423
2026-04-22 04:39:00+00:00,1.48,511.0,153569
2026-04-22 04:40:00+00:00,1.34,514.0,147743
2026-04-22 04:41:00+00:00,1.71,519.4,136479
2026-04-22 04:42:00+00:00,1.29,512.0,130680
2026-04-22 04:43:00+00:00,1.32,518.1,133625
2026-04-22 04:44:00+00:00,0.97,500.2,87194
2026-04-22 04:46:00+00:00,1.48,511.4,135777
2026-04-22 04:47:00+00:00,1.45,514.4,107410
2026-04-22 04:48:00+00:00,1.28,498.9,82188
2026-04-22 04:49:00+00:00,1.42,505.7,91652
2026-04-22 04:50:00+00:00,1.65,517.7,125856
2026-04-22 04:51:00+00:00,1.62,510.9,142716
2026-04-22 04:52:00+00:00,1.25,497.1,126408
2026-04-22 04:53:00+00:00,1.23,488.3,117639
2026-04-22 04:54:00+00:00,1.61,502.4,141744
2026-04-22 04:55:00+00:00,1.54,508.8,148304
2026-04-22 04:56:00+00:00,1.33,511.4,145892
2026-04-22 04:57:00+00:00,0.84,476.3,82623
2026-04-22 04:58:00+00:00,1.69,525.8,192645
2026-04-22 04:59:00+00:00,1.57,519.0,175322
2026-04-22 05:00:00+00:00,1.16,515.5,114376
2026-04-22 05:01:00+00:00,1.66,525.2,180747
2026-04-22 05:02:00+00:00,1.78,527.5,197426
2026-04-22 05:03:00+00:00,1.04,494.5,100465
2026-04-22 05:04:00+00:00,1.55,502.7,119554
2026-04-22 05:05:00+00:00,1.59,499.7,105759
2026-04-22 05:06:00+00:00,1.75,511.6,148688
2026-04-22 05:07:00+00:00,2.05,525.1,202844
2026-04-22 05:08:00+00:00,1.64,507.6,158436
2026-04-22 05:09:00+00:00,1.25,493.8,114554
2026-04-22 05:10:00+00:00,1.39,500.8,126931
2026-04-22 05:11:00+00:00,1.52,509.3,155691
2026-04-22 05:12:00+00:00,1.75,503.0,152028
2026-04-22 05:13:00+00:00,1.29,493.0,119877
2026-04-22 05:14:00+00:00,1.36,501.4,148022
2026-04-22 05:15:00+00:00,1.88,513.2,192580
2026-04-22 05:16:00+00:00,1.69,509.0,163950
2026-04-22 05:17:00+00:00,1.73,497.1,135512
2026-04-22 05:18:00+00:00,1.32,491.8,120377
2026-04-22 05:19:00+00:00,1.25,488.5,110952
2026-04-22 05:20:00+00:00,1.85,506.2,121342
2026-04-22 05:21:00+00:00,1.80,515.7,110738
2026-04-22 05:22:00+00:00,1.75,515.6,131166
2026-04-22 05:23:00+00:00,1.54,501.3,119662
2026-04-22 05:24:00+00:00,1.13,492.4,102068
2026-04-22 05:25:00+00:00,1.61,516.2,179879
2026-04-22 05:26:00+00:00,1.36,511.8,127139
2026-04-22 05:27:00+00:00,1.28,508.5,113824
2026-04-22 05:28:00+00:00,1.33,503.6,135906
2026-04-22 05:29:00+00:00,1.81,515.6,187707
2026-04-22 05:30:00+00:00,1.85,497.9,118463
2026-04-22 05:31:00+00:00,2.33,504.6,157579
2026-04-22 05:32:00+00:00,0.95,471.4,60819
2026-04-22 05:33:00+00:00,2.16,501.1,169885
2026-04-22 05:34:00+00:00,2.45,500.3,173480
2026-04-22 05:35:00+00:00,2.45,497.4,165540
2026-04-22 05:36:00+00:00,1.38,483.5,106978
2026-04-22 05:37:00+00:00,1.54,488.7,118136
2026-04-22 05:38:00+00:00,1.88,491.6,129519
2026-04-22 05:39:00+00:00,1.83,492.2,121885
2026-04-22 05:40:00+00:00,1.58,499.0,121415
2026-04-22 05:41:00+00:00,1.75,507.4,142580
2026-04-22 05:42:00+00:00,1.50,510.3,133938
2026-04-22 05:43:00+00:00,1.61,513.0,140480
2026-04-22 05:46:00+00:00,1.11,526.6,94976
2026-04-22 05:47:00+00:00,1.66,527.4,145209
2026-04-22 05:48:00+00:00,1.51,516.8,123031
2026-04-22 05:49:00+00:00,1.35,517.4,124084
2026-04-22 05:50:00+00:00,0.74,490.2,75440
2026-04-22 05:51:00+00:00,1.41,501.6,133370
2026-04-22 05:52:00+00:00,1.30,504.9,121512
2026-04-22 05:53:00+00:00,1.07,510.6,102387
2026-04-22 05:54:00+00:00,1.15,509.0,105098
2026-04-22 05:55:00+00:00,1.23,508.5,120839
2026-04-22 05:56:00+00:00,1.28,522.7,140020
2026-04-22 05:57:00+00:00,1.18,521.8,121662
2026-04-22 05:58:00+00:00,1.03,508.9,114263
2026-04-22 05:59:00+00:00,0.77,491.0,87390
2026-04-22 06:00:00+00:00,1.43,539.9,163296
2026-04-22 06:01:00+00:00,1.47,547.8,169434
2026-04-22 06:02:00+00:00,1.11,521.6,101488
2026-04-22 06:03:00+00:00,0.57,505.7,82172
2026-04-22 06:04:00+00:00,1.41,520.9,117953
2026-04-22 06:05:00+00:00,1.48,513.3,134299
2026-04-22 06:06:00+00:00,1.16,506.4,120310
2026-04-22 06:07:00+00:00,0.95,506.6,108342
2026-04-22 06:08:00+00:00,0.90,507.5,105356
2026-04-22 06:09:00+00:00,1.32,504.1,136463
2026-04-22 06:10:00+00:00,1.26,502.7,132853
2026-04-22 06:11:00+00:00,1.21,503.4,123605
2026-04-22 06:12:00+00:00,1.28,509.2,121436
2026-04-22 06:13:00+00:00,1.32,517.2,129305
2026-04-22 06:14:00+00:00,1.28,521.2,126209
2026-04-22 06:15:00+00:00,1.41,510.4,132910
2026-04-22 06:16:00+00:00,1.06,505.0,123038
2026-04-22 06:17:00+00:00,1.13,506.4,103785
2026-04-22 06:18:00+00:00,1.44,499.9,140349
2026-04-22 06:19:00+00:00,1.01,482.0,104381
2026-04-22 06:20:00+00:00,7.47,533.7,81985
2026-04-22 06:21:00+00:00,2.74,526.5,137776
2026-04-22 06:22:00+00:00,1.14,517.2,124052
2026-04-22 06:23:00+00:00,1.01,515.6,98248
2026-04-22 06:24:00+00:00,1.22,526.9,115020
2026-04-22 06:25:00+00:00,0.90,510.6,91730
2026-04-22 06:26:00+00:00,0.94,511.5,109369
2026-04-22 06:27:00+00:00,1.26,523.7,136242
2026-04-22 06:28:00+00:00,1.17,519.3,111351
2026-04-22 06:29:00+00:00,1.11,523.5,116169
2026-04-22 06:30:00+00:00,0.81,503.8,85033
2026-04-22 06:31:00+00:00,1.39,534.9,126795
2026-04-22 06:32:00+00:00,1.84,523.2,175154
2026-04-22 06:33:00+00:00,0.82,501.6,108078
2026-04-22 06:34:00+00:00,1.41,506.6,131104
2026-04-22 06:35:00+00:00,1.66,517.2,171785
2026-04-22 06:36:00+00:00,1.20,502.9,124674
2026-04-22 06:37:00+00:00,1.32,509.3,133901
2026-04-22 06:38:00+00:00,1.15,495.3,105158
2026-04-22 06:39:00+00:00,1.65,499.8,150434
2026-04-22 06:40:00+00:00,2.10,492.9,144319
2026-04-22 06:41:00+00:00,2.22,485.8,124377
2026-04-22 06:42:00+00:00,1.37,479.5,83423
2026-04-22 06:43:00+00:00,1.51,490.3,105375
2026-04-22 06:46:00+00:00,1.41,507.9,116352
2026-04-22 06:47:00+00:00,1.68,504.8,126324
2026-04-22 06:48:00+00:00,1.49,509.0,144197
2026-04-22 06:49:00+00:00,1.98,511.8,144652
2026-04-22 06:50:00+00:00,1.44,498.3,135500
2026-04-22 06:51:00+00:00,0.92,495.1,106490
2026-04-22 06:52:00+00:00,1.19,494.7,96599
2026-04-22 06:53:00+00:00,1.44,524.4,125804
2026-04-22 06:54:00+00:00,0.89,516.4,93787
2026-04-22 06:55:00+00:00,1.39,523.8,130506
2026-04-22 06:56:00+00:00,1.11,491.1,94848
2026-04-22 06:57:00+00:00,1.23,496.7,119392
2026-04-22 06:58:00+00:00,1.42,519.3,148810
2026-04-22 06:59:00+00:00,1.41,519.8,139157
2026-04-22 07:00:00+00:00,1.30,509.4,130561
2026-04-22 07:01:00+00:00,1.06,491.5,103634
2026-04-22 07:02:00+00:00,1.59,500.6,132032
2026-04-22 07:03:00+00:00,1.51,501.1,126538
2026-04-22 07:04:00+00:00,1.53,512.8,150736
2026-04-22 07:05:00+00:00,0.69,470.2,62984
2026-04-22 07:06:00+00:00,1.53,499.7,132042
2026-04-22 07:07:00+00:00,1.68,502.1,142965
2026-04-22 07:08:00+00:00,1.72,499.1,140320
2026-04-22 07:09:00+00:00,1.07,488.2,89202
2026-04-22 07:10:00+00:00,1.59,514.2,188854
2026-04-22 07:11:00+00:00,1.43,493.9,129835
2026-04-22 07:12:00+00:00,1.76,488.7,125210
2026-04-22 07:13:00+00:00,1.33,487.7,100761
2026-04-22 07:14:00+00:00,1.15,489.6,83109
2026-04-22 07:15:00+00:00,2.45,514.0,227652
2026-04-22 07:16:00+00:00,2.07,503.4,181567
2026-04-22 07:17:00+00:00,1.37,487.8,109091
2026-04-22 07:18:00+00:00,1.47,498.7,143873
2026-04-22 07:19:00+00:00,1.57,500.7,148451
2026-04-22 07:20:00+00:00,1.49,501.7,138716
2026-04-22 07:21:00+00:00,1.44,493.0,111666
2026-04-22 07:22:00+00:00,1.19,497.9,119466
2026-04-22 07:23:00+00:00,2.36,506.3,134258
2026-04-22 07:24:00+00:00,2.41,502.5,157460
2026-04-22 07:25:00+00:00,1.17,477.6,87467
2026-04-22 07:26:00+00:00,1.36,495.9,119303
2026-04-22 07:27:00+00:00,1.29,481.2,107169
2026-04-22 07:28:00+00:00,1.29,506.8,232809
2026-04-22 07:29:00+00:00,1.73,495.7,173821
2026-04-22 07:30:00+00:00,1.64,492.1,133719
2026-04-22 07:31:00+00:00,1.53,484.3,114473
2026-04-22 07:32:00+00:00,1.50,481.9,119713
2026-04-22 07:33:00+00:00,1.99,509.9,184261
2026-04-22 07:34:00+00:00,1.30,505.7,148066
2026-04-22 07:35:00+00:00,1.36,509.6,167350
2026-04-22 07:36:00+00:00,0.74,484.8,99248
2026-04-22 07:37:00+00:00,1.65,526.8,193840
2026-04-22 07:38:00+00:00,1.27,515.4,112478
2026-04-22 07:39:00+00:00,1.89,517.0,164481
2026-04-22 07:40:00+00:00,0.89,470.5,68328
2026-04-22 07:41:00+00:00,1.97,490.2,166116
2026-04-22 07:42:00+00:00,1.98,487.0,154272
2026-04-22 07:43:00+00:00,1.43,482.6,130137
2026-04-22 07:44:00+00:00,1.34,486.1,120013
2026-04-22 07:45:00+00:00,1.03,506.0,184541
2026-04-22 07:46:00+00:00,2.14,501.8,168953
2026-04-22 07:47:00+00:00,2.41,497.3,152289
2026-04-22 07:48:00+00:00,1.14,483.4,93437
2026-04-22 07:49:00+00:00,1.38,485.1,99955
2026-04-22 07:50:00+00:00,1.91,491.8,123748
2026-04-22 07:51:00+00:00,1.55,498.8,149032
2026-04-22 07:52:00+00:00,1.21,495.5,143091
2026-04-22 07:53:00+00:00,0.96,501.1,148155
2026-04-22 07:54:00+00:00,2.04,505.4,166241
2026-04-22 07:55:00+00:00,1.78,485.0,116362
2026-04-22 07:56:00+00:00,1.10,487.6,125413
2026-04-22 07:57:00+00:00,1.44,498.9,132793
2026-04-22 07:58:00+00:00,1.23,495.1,101560
2026-04-22 07:59:00+00:00,1.80,498.6,152885
2026-04-22 08:00:00+00:00,1.96,485.6,121706
2026-04-22 08:01:00+00:00,1.70,479.3,99614
2026-04-22 08:02:00+00:00,1.47,481.7,113983
2026-04-22 08:03:00+00:00,1.61,495.5,156550
2026-04-22 08:04:00+00:00,1.71,508.7,179722
2026-04-22 08:05:00+00:00,1.32,492.8,122636
2026-04-22 08:06:00+00:00,1.39,480.3,126962
2026-04-22 08:07:00+00:00,0.85,475.5,104457
2026-04-22 08:08:00+00:00,1.60,510.9,156797
2026-04-22 08:09:00+00:00,1.49,517.2,155243
2026-04-22 08:10:00+00:00,1.05,502.2,102196
2026-04-22 08:11:00+00:00,0.95,498.2,91847
2026-04-22 08:12:00+00:00,1.67,508.6,147610
2026-04-22 08:13:00+00:00,1.42,506.0,150997
2026-04-22 08:14:00+00:00,1.75,497.5,139680
2026-04-22 08:15:00+00:00,1.80,483.1,105918
2026-04-22 08:16:00+00:00,2.83,492.9,103621
2026-04-22 08:17:00+00:00,3.12,496.1,92465
2026-04-22 08:18:00+00:00,3.04,489.9,85382
2026-04-22 08:19:00+00:00,2.69,486.0,76221
2026-04-22 08:20:00+00:00,1.86,482.3,51402
2026-04-22 08:21:00+00:00,2.67,511.8,74578
2026-04-22 08:22:00+00:00,3.58,513.5,70742
2026-04-22 08:23:00+00:00,6.14,515.9,64949
2026-04-22 08:24:00+00:00,2.17,493.1,109341
2026-04-22 08:25:00+00:00,2.06,483.5,95002
2026-04-22 08:26:00+00:00,2.07,485.9,127779
2026-04-22 08:27:00+00:00,2.12,483.4,105739
2026-04-22 08:28:00+00:00,1.50,486.7,138920
2026-04-22 08:29:00+00:00,1.13,473.1,91608
2026-04-22 08:30:00+00:00,2.12,496.5,168978
2026-04-22 08:31:00+00:00,1.53,497.4,155288
2026-04-22 08:32:00+00:00,1.31,498.7,139701
2026-04-22 08:33:00+00:00,1.50,502.2,129356
2026-04-22 08:34:00+00:00,1.55,517.8,138318
2026-04-22 08:35:00+00:00,1.65,524.9,163816
2026-04-22 08:36:00+00:00,1.74,507.0,158038
2026-04-22 08:37:00+00:00,1.47,504.4,123158
2026-04-22 08:38:00+00:00,1.17,525.2,113890
2026-04-22 08:39:00+00:00,1.36,537.1,186405
2026-04-22 08:40:00+00:00,1.55,514.8,142634
2026-04-22 08:41:00+00:00,1.77,515.4,140696
2026-04-22 08:42:00+00:00,1.24,514.8,98156
2026-04-22 08:43:00+00:00,1.65,519.4,152470
2026-04-22 08:44:00+00:00,1.83,498.7,130090
2026-04-22 08:45:00+00:00,1.41,488.9,111900
2026-04-22 08:46:00+00:00,1.26,487.3,94996
2026-04-22 08:47:00+00:00,1.28,501.8,128124
2026-04-22 08:48:00+00:00,1.61,516.8,139584
2026-04-22 08:49:00+00:00,1.73,511.9,132808
2026-04-22 08:50:00+00:00,1.64,498.4,120099
2026-04-22 08:51:00+00:00,1.50,493.8,108467
2026-04-22 08:52:00+00:00,1.36,497.9,121622
2026-04-22 08:53:00+00:00,1.28,502.3,147187
2026-04-22 08:54:00+00:00,1.60,496.8,146082
2026-04-22 08:55:00+00:00,1.54,496.9,140082
2026-04-22 08:56:00+00:00,1.25,497.3,108489
2026-04-22 08:57:00+00:00,1.98,495.6,134124
2026-04-22 08:58:00+00:00,1.02,477.1,84640
2026-04-22 08:59:00+00:00,1.60,502.3,134443
2026-04-22 09:00:00+00:00,1.17,492.3,96435
2026-04-22 09:01:00+00:00,1.57,527.4,179497
2026-04-22 09:02:00+00:00,1.33,507.9,133004
2026-04-22 09:03:00+00:00,1.34,508.2,118894
2026-04-22 09:04:00+00:00,1.25,497.7,107661
2026-04-22 09:05:00+00:00,1.31,495.5,113040
2026-04-22 09:06:00+00:00,1.20,499.4,107481
2026-04-22 09:07:00+00:00,1.23,507.0,111067
2026-04-22 09:08:00+00:00,1.32,508.6,123278
2026-04-22 09:09:00+00:00,0.85,491.4,97845
2026-04-22 09:10:00+00:00,1.13,500.8,116709
2026-04-22 09:11:00+00:00,1.02,494.2,100029
2026-04-22 09:12:00+00:00,1.40,504.3,135340
2026-04-22 09:13:00+00:00,0.78,481.9,107335
2026-04-22 09:14:00+00:00,1.97,514.4,228268
2026-04-22 09:15:00+00:00,1.78,498.7,150009
2026-04-22 09:16:00+00:00,1.69,491.6,130049
2026-04-22 09:17:00+00:00,1.48,481.9,111604
2026-04-22 09:18:00+00:00,2.04,509.2,192152
2026-04-22 09:19:00+00:00,2.42,498.4,165681
2026-04-22 09:20:00+00:00,1.48,484.7,117003
2026-04-22 09:21:00+00:00,1.45,486.1,122757
2026-04-22 09:22:00+00:00,1.68,498.7,143644
2026-04-22 09:23:00+00:00,1.44,516.8,133828
2026-04-22 09:24:00+00:00,1.49,526.6,123528
2026-04-22 09:25:00+00:00,1.49,516.9,137290
2026-04-22 09:26:00+00:00,1.51,500.2,125865
2026-04-22 09:27:00+00:00,0.91,497.7,96785
2026-04-22 09:28:00+00:00,0.98,499.1,97590
2026-04-22 09:29:00+00:00,1.70,513.8,106697
2026-04-22 09:30:00+00:00,1.14,509.9,121375
2026-04-22 09:31:00+00:00,0.53,477.2,66162
2026-04-22 09:32:00+00:00,1.47,518.3,140215
2026-04-22 09:33:00+00:00,1.54,511.1,135236
2026-04-22 09:34:00+00:00,1.50,513.8,122034
2026-04-22 09:35:00+00:00,1.20,488.7,83033
2026-04-22 09:36:00+00:00,1.29,509.4,123166
2026-04-22 09:37:00+00:00,1.62,513.9,135861
2026-04-22 09:38:00+00:00,1.75,504.4,123090
2026-04-22 09:39:00+00:00,1.43,500.4,121360
2026-04-22 09:40:00+00:00,1.24,498.5,132185
2026-04-22 09:41:00+00:00,1.57,515.8,151932
2026-04-22 09:42:00+00:00,1.49,518.3,114112
2026-04-22 09:43:00+00:00,1.74,517.6,153359
2026-04-22 09:46:00+00:00,1.60,509.1,118892
2026-04-22 09:47:00+00:00,1.68,514.1,133535
2026-04-22 09:48:00+00:00,1.36,514.4,114672
2026-04-22 09:49:00+00:00,1.80,520.0,144067
2026-04-22 09:50:00+00:00,1.20,484.5,94350
2026-04-22 09:51:00+00:00,1.63,479.6,109159
2026-04-22 09:52:00+00:00,2.42,484.0,130442
2026-04-22 09:53:00+00:00,3.09,487.4,107783
2026-04-22 09:54:00+00:00,4.76,502.1,84910
2026-04-22 09:55:00+00:00,4.34,496.4,78538
2026-04-22 09:56:00+00:00,2.13,473.7,94023
2026-04-22 09:57:00+00:00,3.04,480.1,127964
2026-04-22 09:58:00+00:00,3.61,481.0,114184
2026-04-22 10:03:00+00:00,2.65,504.8,272763
2026-04-22 10:04:00+00:00,6.68,512.9,98217
2026-04-22 10:05:00+00:00,2.96,488.6,114080
2026-04-22 10:06:00+00:00,1.96,486.7,133044
2026-04-22 10:07:00+00:00,1.89,509.6,159174
2026-04-22 10:08:00+00:00,2.78,517.4,185446
2026-04-22 10:09:00+00:00,2.60,505.7,174044
2026-04-22 10:10:00+00:00,1.35,479.2,111967
2026-04-22 10:11:00+00:00,1.26,486.5,136017
2026-04-22 10:12:00+00:00,1.78,512.9,186747
2026-04-22 10:13:00+00:00,1.34,502.8,107844
2026-04-22 10:14:00+00:00,1.44,521.4,133602
2026-04-22 10:15:00+00:00,1.16,497.5,112752
2026-04-22 10:16:00+00:00,1.59,518.1,176426
2026-04-22 10:17:00+00:00,1.28,510.9,130647
2026-04-22 10:18:00+00:00,1.41,510.1,110950
2026-04-22 10:19:00+00:00,1.49,490.6,91508
2026-04-22 10:20:00+00:00,1.24,511.4,129324
2026-04-22 10:21:00+00:00,1.62,521.0,127538
2026-04-22 10:22:00+00:00,1.23,525.1,115385
2026-04-22 10:23:00+00:00,0.90,514.8,69438
2026-04-22 10:24:00+00:00,1.09,511.1,89234
2026-04-22 10:25:00+00:00,1.32,498.8,100254
2026-04-22 10:26:00+00:00,1.64,486.6,97739
2026-04-22 10:27:00+00:00,1.84,481.6,98868
2026-04-22 10:28:00+00:00,1.51,493.2,98536
2026-04-22 10:29:00+00:00,1.78,521.0,146395
2026-04-22 10:30:00+00:00,2.35,508.4,187454
2026-04-22 10:31:00+00:00,1.28,488.0,107446
2026-04-22 10:32:00+00:00,1.26,501.3,127899
2026-04-22 10:33:00+00:00,1.56,,
2026-04-22 10:34:00+00:00,1.56,498.0,126237
2026-04-22 10:35:00+00:00,1.15,489.6,105458
2026-04-22 10:36:00+00:00,1.44,506.6,142955
2026-04-22 10:37:00+00:00,1.07,479.6,82746
2026-04-22 10:38:00+00:00,1.54,509.0,175041
2026-04-22 10:39:00+00:00,1.46,502.8,143584
2026-04-22 10:40:00+00:00,5.56,515.6,84687
2026-04-22 10:41:00+00:00,1.10,486.7,58045
2026-04-22 10:42:00+00:00,2.52,499.3,116021
2026-04-22 10:43:00+00:00,2.55,502.6,157245
2026-04-22 10:44:00+00:00,1.84,492.6,137101
2026-04-22 10:45:00+00:00,1.96,496.4,144190
2026-04-22 10:46:00+00:00,2.09,491.0,136538
2026-04-22 10:47:00+00:00,2.25,504.4,187150
2026-04-22 10:48:00+00:00,1.90,486.7,139198
2026-04-22 10:49:00+00:00,1.76,483.0,123198
2026-04-22 10:50:00+00:00,2.12,486.1,142450
2026-04-22 10:51:00+00:00,2.57,503.5,206800
2026-04-22 10:52:00+00:00,1.60,497.3,132051
2026-04-22 10:53:00+00:00,1.54,500.4,122395
2026-04-22 10:54:00+00:00,2.64,493.9,122538
2026-04-22 10:55:00+00:00,2.58,485.5,122936
2026-04-22 10:56:00+00:00,1.76,494.4,143319
2026-04-22 10:57:00+00:00,1.45,501.9,136149
2026-04-22 10:58:00+00:00,1.75,497.6,144427
2026-04-22 11:01:00+00:00,1.54,495.3,111096
2026-04-22 11:02:00+00:00,2.25,490.4,111172
2026-04-22 11:03:00+00:00,1.77,495.3,107793
2026-04-22 11:04:00+00:00,1.90,504.0,141756
2026-04-22 11:05:00+00:00,1.59,502.6,137187
2026-04-22 11:07:00+00:00,1.18,500.9,121624
2026-04-22 11:08:00+00:00,0.82,473.7,67174
2026-04-22 11:09:00+00:00,1.89,507.4,215390
2026-04-22 11:10:00+00:00,1.54,482.3,126153
2026-04-22 11:11:00+00:00,1.96,492.8,137683
2026-04-22 11:12:00+00:00,1.36,477.0,104017
2026-04-22 11:13:00+00:00,1.58,484.3,105881
2026-04-22 11:14:00+00:00,2.20,491.1,121063
2026-04-22 11:15:00+00:00,1.94,489.9,119320
2026-04-22 11:16:00+00:00,1.28,496.8,116390
2026-04-22 11:17:00+00:00,1.38,493.9,124296
2026-04-22 11:18:00+00:00,1.76,512.4,178632
2026-04-22 11:19:00+00:00,1.35,501.8,141134
2026-04-22 11:20:00+00:00,1.64,507.1,158961
2026-04-22 11:21:00+00:00,1.15,489.2,118047
2026-04-22 11:22:00+00:00,1.89,511.7,204496
2026-04-22 11:23:00+00:00,1.80,500.5,160350
2026-04-22 11:24:00+00:00,1.48,504.6,151515
2026-04-22 11:25:00+00:00,1.53,496.0,123074
2026-04-22 11:26:00+00:00,1.17,499.2,104912
2026-04-22 11:27:00+00:00,2.04,506.3,163588
2026-04-22 11:28:00+00:00,2.08,496.5,165419
2026-04-22 11:29:00+00:00,2.03,483.4,133075
2026-04-22 11:30:00+00:00,2.08,479.2,127455
2026-04-22 11:31:00+00:00,1.80,485.6,154507
2026-04-22 11:32:00+00:00,1.75,491.1,161757
2026-04-22 11:33:00+00:00,2.00,485.0,136287
2026-04-22 11:34:00+00:00,1.89,486.2,168407
2026-04-22 11:35:00+00:00,2.03,486.4,170368
2026-04-22 11:36:00+00:00,1.70,483.0,141188
2026-04-22 11:37:00+00:00,1.77,497.4,156977
2026-04-22 11:38:00+00:00,2.16,501.9,123732
2026-04-22 11:39:00+00:00,2.16,,
2026-04-22 11:40:00+00:00,1.98,504.8,132599
2026-04-22 11:41:00+00:00,1.22,494.6,90268
2026-04-22 11:42:00+00:00,1.41,519.1,132757
2026-04-22 11:43:00+00:00,1.26,493.8,91180
2026-04-22 11:45:00+00:00,0.69,513.3,109089
2026-04-22 11:46:00+00:00,1.76,508.6,143910
2026-04-22 11:47:00+00:00,1.60,489.0,135711
2026-04-22 11:48:00+00:00,1.21,481.8,110954
2026-04-22 11:49:00+00:00,2.13,502.6,174301
2026-04-22 11:50:00+00:00,1.90,493.6,154389
2026-04-22 11:51:00+00:00,1.91,493.0,154750
2026-04-22 11:52:00+00:00,1.04,484.1,116355
2026-04-22 11:53:00+00:00,1.72,524.8,182504
2026-04-22 11:54:00+00:00,1.54,500.1,136588
2026-04-22 11:55:00+00:00,1.68,503.4,151159
2026-04-22 11:56:00+00:00,1.37,491.3,99399
2026-04-22 11:57:00+00:00,1.89,508.8,148442
2026-04-22 11:58:00+00:00,1.62,499.9,119127
2026-04-22 11:59:00+00:00,1.57,497.4,108231
2026-04-22 12:00:00+00:00,1.50,497.2,104860
2026-04-22 12:01:00+00:00,1.52,508.7,97554
2026-04-22 12:02:00+00:00,1.85,513.7,91768
2026-04-22 12:03:00+00:00,2.08,513.1,93439
2026-04-22 12:04:00+00:00,1.92,516.5,92044
2026-04-22 12:05:00+00:00,1.95,510.0,93708
2026-04-22 12:06:00+00:00,2.36,501.3,111968
2026-04-22 12:07:00+00:00,2.45,500.8,121881
2026-04-22 12:08:00+00:00,1.50,500.0,101865
2026-04-22 12:09:00+00:00,2.28,494.1,133520
2026-04-22 12:10:00+00:00,1.70,480.1,92833
2026-04-22 12:11:00+00:00,2.35,493.4,147984
2026-04-22 12:12:00+00:00,2.38,494.1,150886
2026-04-22 12:13:00+00:00,1.92,484.4,138207
2026-04-22 12:14:00+00:00,0.67,464.0,109735
2026-04-22 12:15:00+00:00,2.58,479.3,168493
2026-04-22 12:16:00+00:00,2.38,481.0,170762
2026-04-22 12:17:00+00:00,1.84,488.2,178187
2026-04-22 12:18:00+00:00,1.39,480.5,157230
2026-04-22 12:19:00+00:00,0.88,457.4,73567
2026-04-22 12:20:00+00:00,1.57,458.8,57858
2026-04-22 12:21:00+00:00,2.96,476.1,136911
2026-04-22 12:22:00+00:00,2.93,473.0,133206
2026-04-22 12:23:00+00:00,1.15,467.0,120979
2026-04-22 12:24:00+00:00,3.39,487.3,182981
2026-04-22 12:25:00+00:00,2.34,479.3,155012
2026-04-22 12:26:00+00:00,2.22,471.8,112758
2026-04-22 12:27:00+00:00,2.15,477.1,133362
2026-04-22 12:28:00+00:00,2.61,485.1,155116
2026-04-22 12:29:00+00:00,2.33,486.0,165685
2026-04-22 12:30:00+00:00,1.98,479.1,133491
2026-04-22 12:31:00+00:00,2.35,479.1,132392
2026-04-22 12:32:00+00:00,2.61,473.8,125718
2026-04-22 12:33:00+00:00,2.91,474.4,114017
2026-04-22 12:34:00+00:00,3.34,479.1,110322
2026-04-22 12:35:00+00:00,3.44,479.1,116623
2026-04-22 12:36:00+00:00,2.53,473.3,104926
2026-04-22 12:37:00+00:00,1.88,472.5,78248
2026-04-22 12:38:00+00:00,3.73,491.2,107191
2026-04-22 12:39:00+00:00,4.30,495.0,101753
2026-04-22 12:40:00+00:00,6.27,497.1,61417
2026-04-22 12:41:00+00:00,1.00,463.6,91936
2026-04-22 12:42:00+00:00,3.13,490.4,174237
2026-04-22 12:43:00+00:00,3.02,485.2,131403
2026-04-22 12:44:00+00:00,2.22,484.4,151190
2026-04-22 12:45:00+00:00,2.12,484.3,154101
2026-04-22 12:46:00+00:00,2.18,487.4,132946
2026-04-22 12:47:00+00:00,1.31,473.2,83645
2026-04-22 12:48:00+00:00,1.82,484.2,101148
2026-04-22 12:49:00+00:00,1.69,472.9,89593
2026-04-22 12:50:00+00:00,1.60,477.7,105091
2026-04-22 12:51:00+00:00,2.46,493.4,151908
2026-04-22 12:52:00+00:00,2.85,483.4,153059
2026-04-22 12:53:00+00:00,2.69,483.6,130640
2026-04-22 12:54:00+00:00,2.79,477.5,83614
2026-04-22 12:55:00+00:00,2.74,497.5,177401
2026-04-22 12:56:00+00:00,2.75,490.5,156797
2026-04-22 12:57:00+00:00,2.11,485.5,140447
2026-04-22 12:58:00+00:00,0.86,468.5,81614
2026-04-22 12:59:00+00:00,2.59,500.5,200662
2026-04-22 13:00:00+00:00,2.40,496.1,160327
2026-04-22 13:01:00+00:00,1.87,488.7,140984
2026-04-22 13:02:00+00:00,2.01,488.9,118994
2026-04-22 13:03:00+00:00,2.35,489.9,124145
2026-04-22 13:04:00+00:00,2.48,494.2,138344
2026-04-22 13:05:00+00:00,2.30,492.6,127227
2026-04-22 13:06:00+00:00,2.22,490.9,123745
2026-04-22 13:07:00+00:00,2.19,494.0,139103
2026-04-22 13:08:00+00:00,2.05,496.2,143389
2026-04-22 13:09:00+00:00,2.05,497.0,126259
2026-04-22 13:10:00+00:00,2.24,497.6,103478
2026-04-22 13:11:00+00:00,2.81,496.5,135130
2026-04-22 13:12:00+00:00,1.80,479.6,97459
2026-04-22 13:13:00+00:00,2.39,490.9,158800
2026-04-22 13:14:00+00:00,1.51,476.7,111339
2026-04-22 13:15:00+00:00,1.50,485.7,145763
2026-04-22 13:16:00+00:00,1.09,465.1,106530
2026-04-22 13:17:00+00:00,2.37,491.7,198484
2026-04-22 13:18:00+00:00,2.67,498.3,220343
2026-04-22 13:19:00+00:00,2.32,485.1,166359
2026-04-22 13:20:00+00:00,1.38,471.3,128860
2026-04-22 13:21:00+00:00,1.32,485.1,160496
2026-04-22 13:22:00+00:00,1.68,509.0,194573
2026-04-22 13:23:00+00:00,1.27,491.2,113421
2026-04-22 13:24:00+00:00,1.10,482.9,98847
2026-04-22 13:25:00+00:00,1.05,477.8,74116
2026-04-22 13:26:00+00:00,1.84,510.8,104588
2026-04-22 13:27:00+00:00,2.33,533.3,190006
2026-04-22 13:28:00+00:00,2.34,528.8,162677
2026-04-22 13:29:00+00:00,1.27,504.4,74711
2026-04-22 13:30:00+00:00,1.61,502.0,113450
2026-04-22 13:31:00+00:00,1.68,502.0,153432
2026-04-22 13:32:00+00:00,1.31,480.7,80257
2026-04-22 13:33:00+00:00,1.45,485.9,98028
2026-04-22 13:34:00+00:00,1.79,497.6,133746
2026-04-22 13:35:00+00:00,1.61,493.4,116491
2026-04-22 13:36:00+00:00,1.50,494.6,113575
2026-04-22 13:37:00+00:00,1.47,493.9,100046
2026-04-22 13:38:00+00:00,1.50,495.6,105506
2026-04-22 13:39:00+00:00,1.56,495.4,109957
2026-04-22 13:40:00+00:00,1.59,493.3,107341
2026-04-22 13:41:00+00:00,1.55,492.6,104560
2026-04-22 13:42:00+00:00,1.49,487.3,100479
2026-04-22 13:43:00+00:00,1.36,490.8,105940
2026-04-22 13:44:00+00:00,1.65,504.5,137517
2026-04-22 13:45:00+00:00,1.06,485.4,94657
2026-04-22 13:46:00+00:00,1.30,501.9,110162
2026-04-22 13:47:00+00:00,1.17,478.8,75051
2026-04-22 13:48:00+00:00,1.57,521.0,167456
2026-04-22 13:49:00+00:00,1.41,506.0,139623
2026-04-22 13:50:00+00:00,1.40,513.5,136171
2026-04-22 13:51:00+00:00,1.41,517.6,138035
2026-04-22 13:53:00+00:00,0.73,481.2,40964
2026-04-22 13:54:00+00:00,0.97,491.6,72625
2026-04-22 13:55:00+00:00,1.01,494.1,88921
2026-04-22 13:56:00+00:00,1.00,497.3,103151
2026-04-22 13:57:00+00:00,1.45,521.6,157022
2026-04-22 13:58:00+00:00,1.10,499.5,98356
2026-04-22 13:59:00+00:00,1.06,498.0,95429
2026-04-22 14:00:00+00:00,0.86,490.8,81664
2026-04-22 14:01:00+00:00,1.26,505.0,112643
2026-04-22 14:02:00+00:00,1.42,495.5,106911
2026-04-22 14:03:00+00:00,1.03,488.1,82129
2026-04-22 14:04:00+00:00,1.23,487.4,95756
2026-04-22 14:05:00+00:00,1.91,495.9,134420
2026-04-22 14:06:00+00:00,1.62,490.0,117898
2026-04-22 14:07:00+00:00,1.63,484.7,117201
2026-04-22 14:08:00+00:00,1.99,484.6,134146
2026-04-22 14:09:00+00:00,2.09,480.2,130312
2026-04-22 14:10:00+00:00,1.86,478.5,126215
2026-04-22 14:11:00+00:00,1.61,482.2,134395
2026-04-22 14:12:00+00:00,1.55,483.5,131201
2026-04-22 14:13:00+00:00,1.56,479.0,113230
2026-04-22 14:15:00+00:00,2.25,502.3,224662
2026-04-22 14:16:00+00:00,2.21,482.7,137058
2026-04-22 14:17:00+00:00,1.48,492.9,149036
2026-04-22 14:18:00+00:00,1.51,473.3,98877
2026-04-22 14:19:00+00:00,2.04,493.9,172766
2026-04-22 14:20:00+00:00,1.43,478.7,114853
2026-04-22 14:21:00+00:00,1.79,488.8,141658
2026-04-22 14:22:00+00:00,1.36,475.3,116376
2026-04-22 14:23:00+00:00,2.09,486.4,135474
2026-04-22 14:24:00+00:00,2.51,494.0,149443
2026-04-22 14:27:00+00:00,1.91,489.3,122326
2026-04-22 14:28:00+00:00,1.84,493.0,123077
2026-04-22 14:29:00+00:00,1.66,499.0,126571
2026-04-22 14:30:00+00:00,1.56,493.2,124912
2026-04-22 14:31:00+00:00,1.56,484.0,106374
2026-04-22 14:32:00+00:00,2.07,495.5,141673
2026-04-22 14:33:00+00:00,1.78,487.3,114165
2026-04-22 14:34:00+00:00,1.76,484.9,82177
2026-04-22 14:35:00+00:00,1.24,473.0,68237
2026-04-22 14:36:00+00:00,2.33,495.9,121040
2026-04-22 14:37:00+00:00,2.59,498.6,119075
2026-04-22 14:38:00+00:00,1.97,500.2,126454
2026-04-22 14:39:00+00:00,1.45,486.5,94351
2026-04-22 14:40:00+00:00,1.56,485.4,94960
2026-04-22 14:41:00+00:00,1.95,482.3,114786
2026-04-22 14:42:00+00:00,1.75,483.5,108523
2026-04-22 14:43:00+00:00,1.69,491.1,106615
2026-04-22 14:44:00+00:00,1.98,501.2,163976
2026-04-22 14:45:00+00:00,1.95,501.3,219524
2026-04-22 14:46:00+00:00,1.63,493.9,116763
2026-04-22 14:47:00+00:00,1.89,487.5,93525
2026-04-22 14:48:00+00:00,2.11,487.4,73861
2026-04-22 14:49:00+00:00,2.33,500.5,115302
2026-04-22 14:50:00+00:00,2.98,507.2,159174
2026-04-22 14:51:00+00:00,1.69,479.1,76952
2026-04-22 14:52:00+00:00,1.22,488.8,132804
2026-04-22 14:53:00+00:00,1.28,469.1,103105
2026-04-22 14:54:00+00:00,2.08,505.7,168198
2026-04-22 14:55:00+00:00,1.68,505.6,123217
2026-04-22 14:56:00+00:00,2.05,507.1,158746
2026-04-22 14:57:00+00:00,2.29,508.0,180832
2026-04-22 14:58:00+00:00,2.40,493.7,155673
2026-04-22 14:59:00+00:00,2.02,487.5,133897
2026-04-22 15:00:00+00:00,1.61,482.3,110083
2026-04-22 15:01:00+00:00,1.76,488.0,114492
2026-04-22 15:02:00+00:00,1.71,491.2,118806
2026-04-22 15:03:00+00:00,2.01,508.2,197289
2026-04-22 15:04:00+00:00,1.84,494.5,138864
2026-04-22 15:05:00+00:00,1.70,489.0,126176
2026-04-22 15:07:00+00:00,1.88,490.7,125549
2026-04-22 15:08:00+00:00,1.86,491.5,129214
2026-04-22 15:09:00+00:00,1.91,486.2,116095
2026-04-22 15:10:00+00:00,1.96,484.8,112632
2026-04-22 15:11:00+00:00,1.94,486.1,113450
2026-04-22 15:12:00+00:00,1.69,493.3,104056
2026-04-22 15:13:00+00:00,1.43,499.6,98888
2026-04-22 15:15:00+00:00,1.44,499.4,114590
2026-04-22 15:16:00+00:00,1.55,497.3,112922
2026-04-22 15:17:00+00:00,1.77,493.3,114824
2026-04-22 15:18:00+00:00,1.71,493.9,130287
2026-04-22 15:19:00+00:00,1.46,497.4,141174
2026-04-22 15:20:00+00:00,1.66,496.6,143708
2026-04-22 15:21:00+00:00,1.80,490.6,128822
2026-04-22 15:22:00+00:00,1.63,492.3,133642
2026-04-22 15:23:00+00:00,1.58,491.6,140394
2026-04-22 15:24:00+00:00,1.83,495.5,149892
2026-04-22 15:25:00+00:00,1.74,496.9,137751
2026-04-22 15:26:00+00:00,1.78,493.7,137203
2026-04-22 15:27:00+00:00,1.57,491.3,149494
2026-04-22 15:28:00+00:00,1.69,492.5,149798
2026-04-22 15:31:00+00:00,1.59,491.9,137639
2026-04-22 15:32:00+00:00,1.67,494.3,140783
2026-04-22 15:33:00+00:00,1.78,498.2,147557
2026-04-22 15:34:00+00:00,1.70,497.0,146101
2026-04-22 15:35:00+00:00,1.65,496.3,131707
2026-04-22 15:36:00+00:00,1.72,494.1,130300
2026-04-22 15:37:00+00:00,1.80,492.4,151011
2026-04-22 15:38:00+00:00,1.92,487.7,148958
2026-04-22 15:39:00+00:00,1.73,501.3,127799
2026-04-22 15:40:00+00:00,3.38,478.7,121254
2026-04-22 15:41:00+00:00,2.81,481.4,137602
2026-04-22 15:42:00+00:00,2.62,484.9,134486
2026-04-22 15:43:00+00:00,2.49,482.4,141688
2026-04-22 15:45:00+00:00,2.62,479.2,146261
2026-04-22 15:46:00+00:00,2.53,479.4,139832
2026-04-22 15:47:00+00:00,2.55,478.5,134590
2026-04-22 15:48:00+00:00,2.63,477.3,139321
2026-04-22 15:49:00+00:00,2.51,478.2,143368
2026-04-22 15:50:00+00:00,2.62,478.7,144540
2026-04-22 15:51:00+00:00,2.70,480.8,152257
2026-04-22 15:52:00+00:00,2.63,478.8,145646
2026-04-22 15:53:00+00:00,2.55,480.8,141840
2026-04-22 15:54:00+00:00,2.12,486.5,149428
2026-04-22 15:55:00+00:00,2.41,483.5,169362
2026-04-22 15:56:00+00:00,2.46,480.5,155594
2026-04-22 15:57:00+00:00,2.27,483.4,161835
2026-04-22 15:58:00+00:00,2.19,483.4,151317
2026-04-22 16:04:00+00:00,1.89,491.6,131253
2026-04-22 16:05:00+00:00,1.93,490.3,135187
2026-04-22 16:06:00+00:00,2.00,486.7,139757
2026-04-22 16:07:00+00:00,1.93,485.6,124026
2026-04-22 16:08:00+00:00,2.24,484.3,143636
2026-04-22 16:09:00+00:00,2.12,484.9,127955
2026-04-22 16:10:00+00:00,2.45,480.4,143482
2026-04-22 16:11:00+00:00,2.45,480.9,140991
2026-04-22 16:12:00+00:00,2.74,478.2,147604
2026-04-22 16:13:00+00:00,2.50,478.0,149459
2026-04-22 16:15:00+00:00,2.22,482.8,145937
2026-04-22 16:16:00+00:00,2.26,483.1,142313
2026-04-22 16:17:00+00:00,2.27,483.8,142831
2026-04-22 16:18:00+00:00,2.31,485.1,144425
2026-04-22 16:19:00+00:00,2.25,486.5,147449
2026-04-22 16:20:00+00:00,2.13,487.0,154548
2026-04-22 16:21:00+00:00,2.19,488.2,159672
2026-04-22 16:22:00+00:00,2.18,490.4,160900
2026-04-22 16:23:00+00:00,2.34,484.2,149898
2026-04-22 16:24:00+00:00,2.20,484.6,148317
2026-04-22 16:25:00+00:00,2.09,489.8,140284
2026-04-22 16:26:00+00:00,2.20,490.1,166421
2026-04-22 16:27:00+00:00,2.20,485.4,156381
2026-04-22 16:28:00+00:00,2.35,483.2,150556
2026-04-22 16:30:00+00:00,2.55,484.9,162650
2026-04-22 16:31:00+00:00,2.42,486.7,162415
2026-04-22 16:32:00+00:00,2.36,483.9,157980
2026-04-22 16:33:00+00:00,1.97,484.3,148332
2026-04-22 16:34:00+00:00,1.94,487.3,154736
2026-04-22 16:35:00+00:00,2.24,488.3,167667
2026-04-22 16:37:00+00:00,2.31,474.6,119349
2026-04-22 16:38:00+00:00,2.24,477.9,126431
2026-04-22 16:39:00+00:00,2.01,489.5,150892
2026-04-22 16:40:00+00:00,2.03,487.7,143314
2026-04-22 16:41:00+00:00,2.00,489.2,131256
2026-04-22 16:42:00+00:00,2.03,488.8,130338
2026-04-22 16:43:00+00:00,1.95,489.9,145089
2026-04-22 16:45:00+00:00,2.26,482.7,133847
2026-04-22 16:46:00+00:00,2.15,489.6,128639
2026-04-22 16:47:00+00:00,1.98,495.7,120373
2026-04-22 16:48:00+00:00,1.78,499.3,111394
2026-04-22 16:49:00+00:00,1.77,499.4,117001
2026-04-22 16:50:00+00:00,2.25,494.5,124690
2026-04-22 16:51:00+00:00,2.45,488.6,136815
2026-04-22 16:52:00+00:00,2.16,488.9,154241
2026-04-22 16:53:00+00:00,2.31,492.1,152714
2026-04-22 16:54:00+00:00,2.49,487.7,145328
2026-04-22 16:55:00+00:00,2.37,486.6,142316
2026-04-22 16:56:00+00:00,2.14,490.7,144181
2026-04-22 16:57:00+00:00,2.32,482.7,153612
2026-04-22 16:58:00+00:00,2.20,480.3,145402
2026-04-22 17:00:00+00:00,1.83,480.7,132297
2026-04-22 17:01:00+00:00,2.71,478.3,133363
2026-04-22 17:02:00+00:00,2.46,480.9,126833
2026-04-22 17:03:00+00:00,2.58,483.8,118341
2026-04-22 17:04:00+00:00,2.66,483.3,125071
2026-04-22 17:05:00+00:00,2.69,484.7,136870
2026-04-22 17:06:00+00:00,2.65,485.9,137690
2026-04-22 17:07:00+00:00,2.60,485.6,135111
2026-04-22 17:08:00+00:00,2.63,486.2,137398
2026-04-22 17:10:00+00:00,2.54,479.0,137581
2026-04-22 17:11:00+00:00,2.52,479.2,139053
2026-04-22 17:12:00+00:00,2.36,480.4,147292
2026-04-22 17:13:00+00:00,2.34,,
2026-04-22 17:14:00+00:00,2.34,484.9,167502
2026-04-22 17:15:00+00:00,3.41,471.0,119056
2026-04-22 17:16:00+00:00,2.82,475.4,144257
2026-04-22 17:17:00+00:00,2.89,474.8,130204
2026-04-22 17:18:00+00:00,2.74,474.3,129609
2026-04-22 17:19:00+00:00,2.81,473.8,128666
2026-04-22 17:20:00+00:00,2.70,476.8,134472
2026-04-22 17:21:00+00:00,2.70,476.0,132741
2026-04-22 17:22:00+00:00,2.62,477.5,131768
2026-04-22 17:23:00+00:00,2.36,484.3,152133
2026-04-22 17:24:00+00:00,2.02,492.6,162409
2026-04-22 17:25:00+00:00,1.72,496.3,139305
2026-04-22 17:26:00+00:00,2.04,484.1,142414
2026-04-22 17:27:00+00:00,2.04,481.3,156711
2026-04-22 17:28:00+00:00,2.07,484.9,170860
2026-04-22 17:29:00+00:00,2.07,484.9,170520
2026-04-22 17:30:00+00:00,2.10,484.8,150435
2026-04-22 17:31:00+00:00,1.68,487.7,162455
2026-04-22 17:32:00+00:00,2.24,485.7,159759
2026-04-22 17:33:00+00:00,2.16,485.5,161317
2026-04-22 17:34:00+00:00,2.13,483.2,156621
2026-04-22 17:35:00+00:00,1.87,480.1,166560
2026-04-22 17:36:00+00:00,1.83,491.7,170775
2026-04-22 17:37:00+00:00,2.92,485.7,140437
2026-04-22 17:38:00+00:00,3.80,474.3,112422
2026-04-22 17:39:00+00:00,3.29,474.5,124304
2026-04-22 17:40:00+00:00,2.61,475.9,144959
2026-04-22 17:41:00+00:00,2.82,477.6,141873
2026-04-22 17:43:00+00:00,3.55,472.9,110131
2026-04-22 17:44:00+00:00,3.49,473.3,112053
2026-04-22 17:45:00+00:00,2.81,476.6,133041
2026-04-22 17:46:00+00:00,2.65,471.2,124415
2026-04-22 17:47:00+00:00,4.05,472.5,114663
2026-04-22 17:48:00+00:00,2.93,477.4,160075
2026-04-22 17:49:00+00:00,3.65,473.7,112403
2026-04-22 17:50:00+00:00,3.59,473.5,125078
2026-04-22 17:51:00+00:00,3.82,473.0,123836
2026-04-22 17:52:00+00:00,3.80,473.5,119657
2026-04-22 17:53:00+00:00,3.75,473.9,121263
2026-04-22 17:54:00+00:00,3.81,472.6,115488
2026-04-22 17:55:00+00:00,3.74,473.1,101735
2026-04-22 17:56:00+00:00,3.67,474.8,98934
2026-04-22 17:57:00+00:00,3.75,473.6,108401
2026-04-22 17:58:00+00:00,3.62,474.6,102833
2026-04-22 18:00:00+00:00,3.54,476.0,100535
2026-04-22 18:01:00+00:00,3.53,476.0,100694
2026-04-22 18:02:00+00:00,3.08,473.9,110084
2026-04-22 18:03:00+00:00,3.54,469.2,101232
2026-04-22 18:04:00+00:00,3.57,468.9,100766
2026-04-22 18:05:00+00:00,2.65,468.5,110571
2026-04-22 18:06:00+00:00,2.63,470.3,117033
2026-04-22 18:07:00+00:00,3.35,469.1,105335
2026-04-22 18:08:00+00:00,3.88,468.8,100279
2026-04-22 18:09:00+00:00,3.88,469.3,102794
2026-04-22 18:10:00+00:00,3.75,468.3,97915
2026-04-22 18:11:00+00:00,3.30,467.3,98142
2026-04-22 18:12:00+00:00,3.13,468.1,106657
2026-04-22 18:13:00+00:00,3.84,468.1,99918
2026-04-22 18:16:00+00:00,2.60,468.3,111573
2026-04-22 18:17:00+00:00,2.60,468.2,111438
2026-04-22 18:18:00+00:00,2.88,467.5,103479
2026-04-22 18:19:00+00:00,2.80,468.6,110933
2026-04-22 18:20:00+00:00,2.86,467.9,109707
2026-04-22 18:21:00+00:00,2.74,469.1,116362
2026-04-22 18:22:00+00:00,2.87,469.0,116859
2026-04-22 18:23:00+00:00,2.81,469.4,116595
2026-04-22 18:24:00+00:00,3.26,468.1,103696
2026-04-22 18:25:00+00:00,3.06,469.2,124126
2026-04-22 18:26:00+00:00,2.53,473.8,143438
2026-04-22 18:27:00+00:00,2.53,473.9,138166
2026-04-22 18:28:00+00:00,2.75,469.8,134916
2026-04-22 18:32:00+00:00,3.11,477.7,172273
2026-04-22 18:33:00+00:00,2.31,460.6,134672
2026-04-22 18:34:00+00:00,7.11,446.3,65750
2026-04-22 18:35:00+00:00,3.63,484.1,189444
2026-04-22 18:36:00+00:00,3.34,480.7,177372
2026-04-22 18:37:00+00:00,2.93,472.2,137338
2026-04-22 18:38:00+00:00,1.21,457.8,94598
2026-04-22 18:39:00+00:00,0.86,444.5,36785
2026-04-22 18:40:00+00:00,2.50,461.1,100082
2026-04-22 18:41:00+00:00,3.57,469.1,123336
2026-04-22 18:42:00+00:00,2.35,454.8,84090
2026-04-22 18:43:00+00:00,2.26,458.5,98242
2026-04-22 18:45:00+00:00,4.80,470.3,89280
2026-04-22 18:46:00+00:00,3.51,463.8,91284
2026-04-22 18:47:00+00:00,2.89,461.1,93502
2026-04-22 18:48:00+00:00,4.85,473.3,123356
2026-04-22 18:51:00+00:00,1.75,450.0,43194
2026-04-22 18:52:00+00:00,4.67,475.9,118058
2026-04-22 18:53:00+00:00,4.36,471.3,107233
2026-04-22 18:54:00+00:00,4.06,470.3,115265
2026-04-22 18:55:00+00:00,3.64,466.2,104066
2026-04-22 18:56:00+00:00,2.41,461.3,98420
2026-04-22 18:57:00+00:00,3.79,466.8,106443
2026-04-22 18:58:00+00:00,4.84,471.2,108033
2026-04-22 18:59:00+00:00,4.42,471.8,110617
2026-04-22 19:00:00+00:00,3.50,466.9,102811
2026-04-22 19:01:00+00:00,1.68,454.8,71660
2026-04-22 19:02:00+00:00,2.99,462.6,85086
2026-04-22 19:03:00+00:00,3.29,464.0,114659
2026-04-22 19:04:00+00:00,4.63,474.9,118330
2026-04-22 19:05:00+00:00,1.47,447.4,57176
2026-04-22 19:06:00+00:00,4.11,465.7,88842
2026-04-22 19:07:00+00:00,4.70,475.7,115699
2026-04-22 19:08:00+00:00,6.38,497.3,82647
2026-04-22 19:09:00+00:00,1.79,457.0,67796
2026-04-22 19:10:00+00:00,2.55,477.1,109319
2026-04-22 19:11:00+00:00,3.36,472.5,110392
2026-04-22 19:12:00+00:00,3.36,470.4,125991
2026-04-22 19:13:00+00:00,2.14,456.5,89099
2026-04-22 19:14:00+00:00,2.54,460.5,80107
2026-04-22 19:15:00+00:00,4.63,476.5,125645
2026-04-22 19:16:00+00:00,5.12,473.5,136698
2026-04-22 19:17:00+00:00,3.88,467.0,96036
2026-04-22 19:18:00+00:00,2.49,467.0,72968
2026-04-22 19:19:00+00:00,3.15,483.7,194242
2026-04-22 19:20:00+00:00,3.44,476.3,160581
2026-04-22 19:21:00+00:00,3.12,478.5,163806
2026-04-22 19:24:00+00:00,2.87,476.3,138196
2026-04-22 19:25:00+00:00,2.86,477.5,125881
2026-04-22 19:26:00+00:00,2.54,470.9,112128
2026-04-22 19:27:00+00:00,2.30,483.8,116590
2026-04-22 19:28:00+00:00,1.81,488.6,111486
2026-04-22 19:29:00+00:00,2.10,479.5,103458
2026-04-22 19:30:00+00:00,2.36,466.0,104307
2026-04-22 19:31:00+00:00,2.00,459.1,104751
2026-04-22 19:32:00+00:00,2.34,462.4,123549
2026-04-22 19:33:00+00:00,3.31,476.2,170153
2026-04-22 19:34:00+00:00,3.11,475.8,164618
2026-04-22 19:35:00+00:00,2.90,468.0,141464
2026-04-22 19:36:00+00:00,2.95,469.3,147662
2026-04-22 19:37:00+00:00,3.49,483.7,214427
2026-04-22 19:38:00+00:00,3.05,466.7,131021
2026-04-22 19:39:00+00:00,2.98,476.8,163533
2026-04-22 19:40:00+00:00,1.31,446.4,87663
2026-04-22 19:41:00+00:00,3.59,470.8,110751
2026-04-22 19:42:00+00:00,8.27,484.0,101499
2026-04-22 19:43:00+00:00,5.19,479.0,153611
2026-04-22 19:44:00+00:00,1.70,461.3,121075
2026-04-22 19:45:00+00:00,2.13,470.3,155737
2026-04-22 19:46:00+00:00,3.61,479.1,182808
2026-04-22 19:47:00+00:00,3.63,471.9,152270
2026-04-22 19:48:00+00:00,2.53,467.1,139435
2026-04-22 19:49:00+00:00,1.89,461.5,112258
2026-04-22 19:50:00+00:00,3.07,464.8,127201
2026-04-22 19:51:00+00:00,4.04,465.7,137635
2026-04-22 19:52:00+00:00,3.80,466.9,125610
2026-04-22 19:53:00+00:00,1.45,450.7,74542
2026-04-22 19:54:00+00:00,3.79,466.2,93705
2026-04-22 19:55:00+00:00,3.79,,
2026-04-22 19:56:00+00:00,4.53,467.5,107062
2026-04-22 19:57:00+00:00,3.47,464.1,98749
2026-04-22 19:58:00+00:00,2.59,457.6,84073
2026-04-22 19:59:00+00:00,4.06,474.1,145150
2026-04-22 20:00:00+00:00,4.86,484.3,169150
2026-04-22 20:01:00+00:00,3.56,477.5,157757
2026-04-22 20:02:00+00:00,1.77,462.6,117437
2026-04-22 20:03:00+00:00,1.60,463.0,96755
2026-04-22 20:04:00+00:00,2.70,478.4,142270
2026-04-22 20:05:00+00:00,2.95,479.8,168821
2026-04-22 20:06:00+00:00,2.15,468.5,118995
2026-04-22 20:07:00+00:00,1.59,454.6,97621
2026-04-22 20:08:00+00:00,2.45,480.5,145562
2026-04-22 20:09:00+00:00,2.77,486.3,298780
2026-04-22 20:10:00+00:00,2.02,473.0,136439
2026-04-22 20:11:00+00:00,1.57,450.6,90997
2026-04-22 20:12:00+00:00,2.50,488.1,152730
2026-04-22 20:13:00+00:00,1.62,499.2,159822
2026-04-22 20:14:00+00:00,2.06,501.8,193339
2026-04-22 20:15:00+00:00,1.27,471.6,126197
2026-04-22 20:16:00+00:00,1.61,485.4,151873
2026-04-22 20:17:00+00:00,2.19,487.4,157343
2026-04-22 20:18:00+00:00,2.11,482.9,150910
2026-04-22 20:19:00+00:00,1.80,484.6,147378
2026-04-22 20:20:00+00:00,2.04,478.8,136296
2026-04-22 20:21:00+00:00,2.80,483.7,171290
2026-04-22 20:22:00+00:00,2.98,477.4,126118
2026-04-22 20:23:00+00:00,3.23,480.1,71375
2026-04-22 20:24:00+00:00,2.59,467.4,131252
2026-04-22 20:25:00+00:00,3.56,477.4,222691
2026-04-22 20:26:00+00:00,2.41,471.4,56675
2026-04-22 20:27:00+00:00,2.04,484.7,146402
2026-04-22 20:28:00+00:00,2.02,485.4,151124
2026-04-22 20:29:00+00:00,2.59,506.0,364460
2026-04-22 20:30:00+00:00,3.19,483.0,135440
2026-04-22 20:31:00+00:00,2.30,468.5,88274
2026-04-22 20:32:00+00:00,1.98,471.5,104600
2026-04-22 20:33:00+00:00,2.07,468.1,100585
2026-04-22 20:34:00+00:00,2.05,477.4,128689
2026-04-22 20:35:00+00:00,2.06,494.9,152298
2026-04-22 20:36:00+00:00,2.20,495.7,137526
2026-04-22 20:37:00+00:00,2.18,491.7,135908
2026-04-22 20:38:00+00:00,1.80,484.9,132732
2026-04-22 20:39:00+00:00,2.81,475.5,150190
2026-04-22 20:40:00+00:00,1.32,462.0,103378
2026-04-22 20:41:00+00:00,2.38,475.1,132999
2026-04-22 20:42:00+00:00,1.27,441.6,74702
2026-04-22 20:43:00+00:00,2.49,484.0,121367
2026-04-22 20:44:00+00:00,3.04,484.5,169484
2026-04-22 20:45:00+00:00,2.32,469.6,109907
2026-04-22 20:46:00+00:00,1.40,452.2,75035
2026-04-22 20:47:00+00:00,1.96,469.5,79785
2026-04-22 20:48:00+00:00,2.88,483.2,116327
2026-04-22 20:49:00+00:00,2.93,484.7,163321
2026-04-22 20:50:00+00:00,1.90,469.1,134946
2026-04-22 20:51:00+00:00,1.85,464.8,91462
2026-04-22 20:52:00+00:00,2.99,482.7,124137
2026-04-22 20:53:00+00:00,2.31,474.9,113241
2026-04-22 20:54:00+00:00,2.27,474.3,112130
2026-04-22 20:55:00+00:00,2.27,473.7,113544
2026-04-22 20:56:00+00:00,3.01,482.2,141341
2026-04-22 20:57:00+00:00,2.25,475.3,108595
2026-04-22 20:58:00+00:00,2.43,471.7,101946
2026-04-22 20:59:00+00:00,2.31,469.7,125065
2026-04-22 21:00:00+00:00,2.79,472.2,133088
2026-04-22 21:01:00+00:00,2.86,472.6,133987
2026-04-22 21:02:00+00:00,2.81,466.2,116764
2026-04-22 21:03:00+00:00,2.63,463.9,112474
2026-04-22 21:04:00+00:00,1.70,455.4,91216
2026-04-22 21:05:00+00:00,1.79,461.5,110219
2026-04-22 21:06:00+00:00,2.44,476.1,147467
2026-04-22 21:07:00+00:00,2.45,480.7,150088
2026-04-22 21:08:00+00:00,2.02,472.4,115319
2026-04-22 21:09:00+00:00,2.05,473.8,137404
2026-04-22 21:10:00+00:00,2.01,471.2,129649
2026-04-22 21:11:00+00:00,2.01,464.0,109268
2026-04-22 21:12:00+00:00,2.66,474.0,146195
2026-04-22 21:13:00+00:00,1.07,442.5,77512
2026-04-22 21:14:00+00:00,3.41,483.9,213801
2026-04-22 21:15:00+00:00,3.06,467.7,136304
2026-04-22 21:16:00+00:00,2.92,472.0,162842
2026-04-22 21:17:00+00:00,1.29,445.6,84347
2026-04-22 21:18:00+00:00,2.40,465.2,120660
2026-04-22 21:19:00+00:00,3.89,473.4,142592
2026-04-22 21:20:00+00:00,3.53,471.1,146170
2026-04-22 21:21:00+00:00,1.80,457.4,105369
2026-04-22 21:22:00+00:00,2.02,460.1,105732
2026-04-22 21:23:00+00:00,3.58,476.8,150969
2026-04-22 21:24:00+00:00,3.61,476.7,149171
2026-04-22 21:25:00+00:00,2.72,465.3,101298
2026-04-22 21:26:00+00:00,2.92,468.4,113726
2026-04-22 21:27:00+00:00,3.55,477.5,153035
2026-04-22 21:28:00+00:00,3.01,466.4,118865
2026-04-22 21:29:00+00:00,2.85,458.2,93610
2026-04-22 21:30:00+00:00,1.58,460.2,102852
2026-04-22 21:31:00+00:00,3.32,473.2,164152
2026-04-22 21:32:00+00:00,2.89,466.5,143226
2026-04-22 21:33:00+00:00,2.57,455.4,97204
2026-04-22 21:34:00+00:00,2.51,453.1,87588
2026-04-22 21:35:00+00:00,3.34,468.0,165531
2026-04-22 21:36:00+00:00,2.92,462.6,136492
2026-04-22 21:37:00+00:00,3.28,460.0,101532
2026-04-22 21:38:00+00:00,3.92,465.9,103475
2026-04-22 21:39:00+00:00,3.59,463.8,88791
2026-04-22 21:40:00+00:00,2.80,464.9,63312
2026-04-22 21:41:00+00:00,2.23,471.9,126311
2026-04-22 21:42:00+00:00,2.15,474.4,131164
2026-04-22 21:43:00+00:00,1.77,476.9,135505
2026-04-22 21:44:00+00:00,1.56,444.3,73668
2026-04-22 21:45:00+00:00,3.45,481.6,214945
2026-04-22 21:46:00+00:00,2.54,467.0,125711
2026-04-22 21:47:00+00:00,1.89,464.3,131446
2026-04-22 21:48:00+00:00,0.81,448.8,88413
2026-04-22 21:49:00+00:00,2.92,478.1,180126
2026-04-22 21:50:00+00:00,3.10,478.9,175012
2026-04-22 21:51:00+00:00,2.83,476.8,168249
2026-04-22 21:52:00+00:00,1.50,459.4,114463
2026-04-22 21:53:00+00:00,1.76,466.0,135238
2026-04-22 21:54:00+00:00,2.88,476.9,169350
2026-04-22 21:55:00+00:00,2.66,469.7,149671
2026-04-22 21:56:00+00:00,1.92,462.1,127794
2026-04-22 21:57:00+00:00,2.28,463.8,134661
2026-04-22 21:58:00+00:00,3.18,475.6,184470
2026-04-22 21:59:00+00:00,2.54,463.9,116724
2026-04-22 22:00:00+00:00,2.56,463.9,116859
2026-04-22 22:01:00+00:00,2.71,464.5,118873
2026-04-22 22:02:00+00:00,3.25,472.2,150059
2026-04-22 22:03:00+00:00,2.79,463.8,121428
2026-04-22 22:04:00+00:00,3.26,458.9,117437
2026-04-22 22:05:00+00:00,4.64,482.8,86721
2026-04-22 22:06:00+00:00,2.34,457.7,99023
2026-04-22 22:07:00+00:00,1.47,447.5,105398
2026-04-22 22:09:00+00:00,2.98,456.2,62939
2026-04-22 22:10:00+00:00,2.10,450.2,59204
2026-04-22 22:11:00+00:00,2.36,451.6,75664
2026-04-22 22:12:00+00:00,3.90,461.1,95886
2026-04-22 22:13:00+00:00,3.61,460.0,83063
2026-04-22 22:14:00+00:00,3.55,463.0,85637
2026-04-22 22:15:00+00:00,3.58,459.4,75310
2026-04-22 22:16:00+00:00,3.96,468.3,106760
2026-04-22 22:17:00+00:00,3.79,467.7,81618
2026-04-22 22:18:00+00:00,3.54,473.7,83968
2026-04-22 22:19:00+00:00,1.56,448.7,36539
2026-04-22 22:20:00+00:00,4.09,473.5,105538
2026-04-22 22:21:00+00:00,3.81,466.8,91987
2026-04-22 22:22:00+00:00,3.42,469.2,94072
2026-04-22 22:23:00+00:00,3.35,466.4,94294
2026-04-22 22:24:00+00:00,3.49,464.5,92491
2026-04-22 22:25:00+00:00,6.12,493.5,87710
2026-04-22 22:26:00+00:00,6.99,479.2,100866
2026-04-22 22:27:00+00:00,2.04,457.3,99133
2026-04-22 22:28:00+00:00,1.98,460.8,114443
2026-04-22 22:29:00+00:00,3.21,481.1,176982
2026-04-22 22:30:00+00:00,2.92,470.9,150194
2026-04-22 22:31:00+00:00,2.39,461.4,118919
2026-04-22 22:32:00+00:00,2.28,460.6,131099
2026-04-22 22:33:00+00:00,2.31,468.5,147425
2026-04-22 22:34:00+00:00,2.49,467.3,150263
2026-04-22 22:35:00+00:00,1.86,467.0,136358
2026-04-22 22:36:00+00:00,2.15,467.7,125126
2026-04-22 22:37:00+00:00,1.80,462.2,119242
2026-04-22 22:38:00+00:00,2.23,463.3,125805
2026-04-22 22:39:00+00:00,2.47,464.0,120997
2026-04-22 22:40:00+00:00,2.50,464.0,117599
2026-04-22 22:43:00+00:00,2.72,458.9,103999
2026-04-22 22:44:00+00:00,2.23,465.9,142988
2026-04-22 22:45:00+00:00,2.86,460.1,157914
2026-04-22 22:46:00+00:00,1.76,448.9,80114
2026-04-22 22:47:00+00:00,3.90,469.4,118543
2026-04-22 22:48:00+00:00,4.71,466.6,117896
2026-04-22 22:49:00+00:00,3.85,469.6,129770
2026-04-22 22:50:00+00:00,1.07,440.4,62786
2026-04-22 22:51:00+00:00,3.18,460.9,138152
2026-04-22 22:52:00+00:00,3.56,458.9,104223
2026-04-22 22:53:00+00:00,2.67,455.5,93307
2026-04-22 22:54:00+00:00,2.57,455.5,82406
2026-04-22 22:55:00+00:00,2.64,459.1,116525
2026-04-22 22:56:00+00:00,2.71,459.1,112219
2026-04-22 22:57:00+00:00,2.58,458.8,119459
2026-04-22 22:58:00+00:00,1.71,450.0,103161
2026-04-22 22:59:00+00:00,1.66,449.3,103236
2026-04-22 23:00:00+00:00,2.86,466.5,151998
2026-04-22 23:01:00+00:00,2.92,473.0,156679
2026-04-22 23:02:00+00:00,2.30,464.5,109256
2026-04-22 23:03:00+00:00,2.55,467.0,110952
2026-04-22 23:04:00+00:00,3.40,475.7,166104
2026-04-22 23:05:00+00:00,2.84,470.3,144061
2026-04-22 23:06:00+00:00,2.37,461.7,116486
2026-04-22 23:07:00+00:00,2.08,454.3,87938
2026-04-22 23:08:00+00:00,2.23,458.9,102416
2026-04-22 23:09:00+00:00,2.72,471.9,144094
2026-04-22 23:10:00+00:00,2.38,467.1,115797
2026-04-22 23:11:00+00:00,2.59,469.6,113545
2026-04-22 23:12:00+00:00,1.96,457.4,84781
2026-04-22 23:16:00+00:00,1.94,454.5,95464
2026-04-22 23:17:00+00:00,1.44,445.0,79594
2026-04-22 23:18:00+00:00,2.69,462.4,129088
2026-04-22 23:19:00+00:00,2.84,453.6,91840
2026-04-22 23:20:00+00:00,2.82,453.8,93657
2026-04-22 23:21:00+00:00,2.60,456.8,113592
2026-04-22 23:22:00+00:00,2.53,457.7,110437
2026-04-22 23:23:00+00:00,2.57,455.1,111621
2026-04-22 23:24:00+00:00,2.26,453.7,107224
2026-04-22 23:25:00+00:00,2.50,465.9,111718
2026-04-22 23:26:00+00:00,2.28,467.8,108731
2026-04-22 23:27:00+00:00,2.41,459.9,115130
2026-04-22 23:28:00+00:00,2.30,454.1,122226
2026-04-22 23:29:00+00:00,2.34,454.5,134039
2026-04-22 23:30:00+00:00,2.43,455.7,136280
2026-04-22 23:31:00+00:00,2.27,462.1,110779
2026-04-22 23:32:00+00:00,2.09,469.0,93449
2026-04-22 23:33:00+00:00,2.13,465.5,103617
2026-04-22 23:34:00+00:00,2.37,467.5,83409
2026-04-22 23:35:00+00:00,2.27,467.8,85194
2026-04-22 23:36:00+00:00,2.40,465.0,82325
2026-04-22 23:37:00+00:00,2.22,465.7,88872
2026-04-22 23:38:00+00:00,2.41,465.9,93968
2026-04-22 23:39:00+00:00,2.23,467.6,87794
2026-04-22 23:40:00+00:00,2.17,466.6,104530
2026-04-22 23:41:00+00:00,2.20,465.0,105355
2026-04-22 23:42:00+00:00,1.91,470.2,107228
2026-04-22 23:43:00+00:00,1.89,470.8,88889
2026-04-22 23:44:00+00:00,2.05,471.8,75426
2026-04-22 23:45:00+00:00,2.03,473.1,77822
2026-04-22 23:46:00+00:00,1.92,473.8,82308
2026-04-22 23:47:00+00:00,1.99,479.1,83184
2026-04-22 23:48:00+00:00,2.09,478.8,84971
2026-04-22 23:49:00+00:00,2.17,477.4,89446
2026-04-22 23:50:00+00:00,1.85,475.4,89321
2026-04-22 23:51:00+00:00,1.75,474.6,84858
2026-04-22 23:52:00+00:00,2.22,468.7,120069
2026-04-22 23:53:00+00:00,2.18,,
2026-04-22 23:54:00+00:00,2.18,471.4,85100
2026-04-22 23:55:00+00:00,1.89,469.8,92323
2026-04-22 23:56:00+00:00,2.19,471.7,94571
2026-04-22 23:57:00+00:00,2.15,468.9,104689
2026-04-22 23:58:00+00:00,2.10,472.7,96544
2026-04-22 23:59:00+00:00,1.77,473.2,96635
2026-04-23 00:00:00+00:00,1.92,474.7,104244
2026-04-23 00:01:00+00:00,2.05,471.7,100119
2026-04-23 00:02:00+00:00,2.12,469.6,94847
2026-04-23 00:03:00+00:00,2.09,470.2,97222
2026-04-23 00:04:00+00:00,1.94,468.8,99443
2026-04-23 00:05:00+00:00,1.93,469.2,100561
2026-04-23 00:06:00+00:00,2.04,469.0,104525
2026-04-23 00:07:00+00:00,2.34,468.0,117267
2026-04-23 00:08:00+00:00,1.91,466.8,106456
2026-04-23 00:09:00+00:00,2.21,467.7,86652
2026-04-23 00:10:00+00:00,2.68,461.0,98414
2026-04-23 00:11:00+00:00,2.64,458.5,93972
2026-04-23 00:12:00+00:00,5.03,466.4,106883
2026-04-23 00:13:00+00:00,3.42,459.0,83826
2026-04-23 00:14:00+00:00,2.34,461.8,107385
2026-04-23 00:15:00+00:00,2.19,466.8,110585
2026-04-23 00:16:00+00:00,1.96,466.7,112645
2026-04-23 00:17:00+00:00,1.84,467.0,109751
2026-04-23 00:18:00+00:00,2.00,470.9,100329
2026-04-23 00:19:00+00:00,2.11,473.9,95549
2026-04-23 00:20:00+00:00,2.27,470.7,102692
2026-04-23 00:21:00+00:00,2.07,469.2,106485
2026-04-23 00:22:00+00:00,1.67,465.2,118793
2026-04-23 00:23:00+00:00,2.04,465.7,129316
2026-04-23 00:24:00+00:00,1.88,473.5,132150
2026-04-23 00:25:00+00:00,2.00,478.9,118750
2026-04-23 00:26:00+00:00,1.27,478.1,132284
2026-04-23 00:27:00+00:00,1.27,,
2026-04-23 00:28:00+00:00,1.71,471.2,141072
2026-04-23 00:29:00+00:00,1.89,467.0,133861
2026-04-23 00:30:00+00:00,1.65,469.5,127103
2026-04-23 00:31:00+00:00,1.65,472.6,133220
2026-04-23 00:32:00+00:00,1.52,473.1,145551
2026-04-23 00:33:00+00:00,1.79,470.4,160567
2026-04-23 00:34:00+00:00,1.89,466.9,155682
2026-04-23 00:35:00+00:00,1.80,466.3,148968
2026-04-23 00:36:00+00:00,1.89,466.5,158780
2026-04-23 00:37:00+00:00,1.87,463.8,154179
2026-04-23 00:38:00+00:00,2.12,470.0,129295
2026-04-23 00:39:00+00:00,2.87,477.8,99450
2026-04-23 00:40:00+00:00,2.85,477.8,99013
2026-04-23 00:41:00+00:00,2.70,477.3,94430
2026-04-23 00:42:00+00:00,2.59,475.2,108188
2026-04-23 00:43:00+00:00,2.92,469.7,109544
2026-04-23 00:44:00+00:00,2.63,470.1,103823
2026-04-23 00:45:00+00:00,2.34,460.8,114296
2026-04-23 00:46:00+00:00,2.30,456.1,115280
2026-04-23 00:47:00+00:00,2.26,454.7,117799
2026-04-23 00:48:00+00:00,2.30,454.0,107727
2026-04-23 00:49:00+00:00,2.36,453.3,108330
2026-04-23 00:50:00+00:00,2.28,452.1,117287
2026-04-23 00:51:00+00:00,2.38,452.2,116245
2026-04-23 00:52:00+00:00,2.53,452.3,114787
2026-04-23 00:53:00+00:00,2.40,457.2,115455
2026-04-23 00:54:00+00:00,2.40,457.1,115643
2026-04-23 00:55:00+00:00,2.42,457.4,115939
2026-04-23 00:56:00+00:00,2.52,459.4,114348
2026-04-23 00:57:00+00:00,2.31,455.9,120554
2026-04-23 00:58:00+00:00,2.69,456.9,112525
2026-04-23 00:59:00+00:00,2.46,457.6,113147
2026-04-23 01:00:00+00:00,2.56,456.9,106792
2026-04-23 01:01:00+00:00,2.46,453.6,109156
2026-04-23 01:02:00+00:00,3.54,456.4,83730
2026-04-23 01:03:00+00:00,3.28,457.2,89890
2026-04-23 01:04:00+00:00,3.61,458.3,85380
2026-04-23 01:05:00+00:00,3.90,458.8,81228
2026-04-23 01:06:00+00:00,3.89,459.5,77985
2026-04-23 01:07:00+00:00,3.92,460.0,77270
2026-04-23 01:08:00+00:00,3.69,457.1,80941
2026-04-23 01:09:00+00:00,3.59,454.5,76033
2026-04-23 01:10:00+00:00,3.96,459.5,79639
2026-04-23 01:11:00+00:00,3.83,460.1,74838
2026-04-23 01:12:00+00:00,4.14,457.0,82623
2026-04-23 01:13:00+00:00,3.41,,
2026-04-23 01:14:00+00:00,3.41,453.6,73220
2026-04-23 01:15:00+00:00,2.95,453.9,90355
2026-04-23 01:16:00+00:00,3.73,455.6,80254
2026-04-23 01:17:00+00:00,4.05,458.3,80947
2026-04-23 01:18:00+00:00,3.99,457.9,81272
2026-04-23 01:19:00+00:00,4.00,459.2,80470
2026-04-23 01:20:00+00:00,3.30,460.1,85142
2026-04-23 01:21:00+00:00,3.46,462.1,79605
2026-04-23 01:22:00+00:00,3.59,462.0,82180
2026-04-23 01:23:00+00:00,3.32,458.8,86395
2026-04-23 01:24:00+00:00,3.90,453.8,75063
2026-04-23 01:25:00+00:00,3.90,453.8,75063
2026-04-23 01:26:00+00:00,3.55,457.3,76071
2026-04-23 01:27:00+00:00,3.33,458.5,78360
2026-04-23 01:28:00+00:00,2.09,464.8,92073
2026-04-23 01:29:00+00:00,2.40,465.0,100229
2026-04-23 01:30:00+00:00,2.45,468.9,100113
2026-04-23 01:31:00+00:00,2.68,466.1,89126
2026-04-23 01:32:00+00:00,2.46,465.3,104324
2026-04-23 01:33:00+00:00,2.19,471.5,92573
2026-04-23 01:34:00+00:00,2.27,474.2,79749
2026-04-23 01:35:00+00:00,2.13,476.6,79440
2026-04-23 01:36:00+00:00,2.08,476.5,77858
2026-04-23 01:37:00+00:00,2.12,476.3,78276
2026-04-23 01:38:00+00:00,2.13,475.7,81719
2026-04-23 01:39:00+00:00,1.98,478.1,77719
2026-04-23 01:40:00+00:00,2.19,473.2,73515
2026-04-23 01:41:00+00:00,3.16,457.5,80992
2026-04-23 01:42:00+00:00,3.85,460.4,72031
2026-04-23 01:43:00+00:00,3.57,462.1,73628
2026-04-23 01:44:00+00:00,3.04,461.6,75727
2026-04-23 01:45:00+00:00,2.44,459.1,110245
2026-04-23 01:46:00+00:00,2.42,457.3,110903
2026-04-23 01:47:00+00:00,2.35,456.7,119697
2026-04-23 01:48:00+00:00,2.24,457.1,115141
2026-04-23 01:49:00+00:00,2.22,460.2,125825
2026-04-23 01:50:00+00:00,2.25,461.3,143947
2026-04-23 01:51:00+00:00,3.04,468.4,93887
2026-04-23 01:52:00+00:00,3.65,465.3,71177
2026-04-23 01:53:00+00:00,3.37,472.0,65301
2026-04-23 01:54:00+00:00,2.70,473.8,66124
2026-04-23 01:55:00+00:00,2.90,463.8,73795
2026-04-23 01:56:00+00:00,3.76,459.7,79006
2026-04-23 01:57:00+00:00,3.38,460.8,92762
2026-04-23 01:59:00+00:00,1.95,459.0,140440
2026-04-23 02:00:00+00:00,2.15,459.2,136612
2026-04-23 02:01:00+00:00,4.32,461.4,94540
2026-04-23 02:02:00+00:00,3.89,458.4,96639
2026-04-23 02:03:00+00:00,2.33,463.3,67210
2026-04-23 02:04:00+00:00,3.33,463.2,62202
2026-04-23 02:05:00+00:00,3.51,459.9,69210
2026-04-23 02:06:00+00:00,3.76,462.7,72034
2026-04-23 02:07:00+00:00,3.45,458.2,77544
2026-04-23 02:08:00+00:00,3.51,460.4,72235
2026-04-23 02:09:00+00:00,3.67,462.1,74514
2026-04-23 02:10:00+00:00,3.85,459.5,80103
2026-04-23 02:11:00+00:00,3.76,456.4,81583
2026-04-23 02:12:00+00:00,3.63,451.9,79218
2026-04-23 02:13:00+00:00,3.58,451.1,74293
2026-04-23 02:14:00+00:00,3.46,450.7,79249
2026-04-23 02:15:00+00:00,3.43,452.5,68528
2026-04-23 02:16:00+00:00,3.50,454.7,77155
2026-04-23 02:17:00+00:00,3.51,452.5,67622
2026-04-23 02:18:00+00:00,3.13,463.5,84563
2026-04-23 02:19:00+00:00,3.64,467.1,61844
2026-04-23 02:20:00+00:00,3.66,482.9,79819
2026-04-23 02:21:00+00:00,3.33,468.2,85028
2026-04-23 02:22:00+00:00,3.14,467.9,63190
2026-04-23 02:23:00+00:00,3.00,463.0,62858
2026-04-23 02:24:00+00:00,3.12,456.3,68422
2026-04-23 02:25:00+00:00,3.05,455.7,77534
2026-04-23 02:26:00+00:00,3.12,462.5,86284
2026-04-23 02:27:00+00:00,3.42,469.9,84309
2026-04-23 02:28:00+00:00,3.43,474.6,77102
2026-04-23 02:29:00+00:00,3.23,477.6,79028
2026-04-23 02:30:00+00:00,3.06,476.0,74179
2026-04-23 02:31:00+00:00,3.32,475.9,70437
2026-04-23 02:32:00+00:00,3.30,477.3,76461
2026-04-23 02:33:00+00:00,3.29,477.2,76497
2026-04-23 02:34:00+00:00,2.98,475.3,78623
2026-04-23 02:35:00+00:00,3.26,474.5,84680
2026-04-23 02:36:00+00:00,3.56,473.7,73917
2026-04-23 02:37:00+00:00,3.05,468.4,80539
2026-04-23 02:38:00+00:00,3.72,467.5,75599
2026-04-23 02:39:00+00:00,3.74,473.3,78026
2026-04-23 02:40:00+00:00,3.56,478.6,73136
2026-04-23 02:41:00+00:00,3.42,479.5,65250
2026-04-23 02:42:00+00:00,3.64,479.4,70770
2026-04-23 02:43:00+00:00,3.94,481.8,79620
2026-04-23 02:44:00+00:00,3.86,477.4,77024
2026-04-23 02:45:00+00:00,3.84,476.2,75077
2026-04-23 02:46:00+00:00,3.70,473.4,69190
2026-04-23 02:47:00+00:00,3.45,474.5,66206
2026-04-23 02:48:00+00:00,3.49,475.5,68272
2026-04-23 02:49:00+00:00,3.40,467.8,60584
2026-04-23 02:50:00+00:00,3.75,466.8,78586
2026-04-23 02:51:00+00:00,3.33,466.8,67706
2026-04-23 02:52:00+00:00,3.55,470.2,69164
2026-04-23 02:53:00+00:00,3.63,466.1,73225
2026-04-23 02:54:00+00:00,3.57,467.4,69135
2026-04-23 02:55:00+00:00,3.43,465.5,62121
2026-04-23 02:56:00+00:00,3.49,467.3,69391
2026-04-23 02:57:00+00:00,3.44,460.9,72614
2026-04-23 02:58:00+00:00,3.65,460.6,80551
2026-04-23 02:59:00+00:00,3.67,461.0,86632
2026-04-23 03:00:00+00:00,3.24,456.4,85298
2026-04-23 03:01:00+00:00,2.93,458.6,85672
2026-04-23 03:02:00+00:00,2.71,453.8,92147
2026-04-23 03:03:00+00:00,3.49,457.1,82240
2026-04-23 03:04:00+00:00,3.22,453.7,97328
2026-04-23 03:05:00+00:00,3.54,,
2026-04-23 03:06:00+00:00,3.54,466.7,61960
2026-04-23 03:07:00+00:00,3.73,460.0,82467
2026-04-23 03:08:00+00:00,3.54,459.2,67649
2026-04-23 03:09:00+00:00,3.22,457.3,71754
2026-04-23 03:10:00+00:00,3.39,457.4,77449
2026-04-23 03:11:00+00:00,2.29,455.2,115402
2026-04-23 03:12:00+00:00,3.08,459.1,99558
2026-04-23 03:13:00+00:00,3.48,456.8,76550
2026-04-23 03:14:00+00:00,2.80,451.5,96704
2026-04-23 03:15:00+00:00,2.74,451.5,111928
2026-04-23 03:16:00+00:00,3.16,450.6,96593
2026-04-23 03:17:00+00:00,2.97,446.4,95772
2026-04-23 03:18:00+00:00,2.55,446.3,108820
2026-04-23 03:19:00+00:00,2.61,446.0,108515
2026-04-23 03:20:00+00:00,2.50,445.0,110231
2026-04-23 03:21:00+00:00,2.65,447.8,110181
2026-04-23 03:22:00+00:00,2.45,444.9,109232
2026-04-23 03:23:00+00:00,2.06,448.1,135280
2026-04-23 03:24:00+00:00,2.26,449.7,137353
2026-04-23 03:25:00+00:00,2.18,477.8,114841
2026-04-23 03:26:00+00:00,2.10,474.2,124519
2026-04-23 03:27:00+00:00,1.82,458.6,136836
2026-04-23 03:28:00+00:00,2.72,456.0,106471
2026-04-23 03:30:00+00:00,3.74,462.2,87149
2026-04-23 03:31:00+00:00,3.30,460.4,78845
2026-04-23 03:32:00+00:00,2.84,454.6,73916
2026-04-23 03:33:00+00:00,2.94,447.3,93070
2026-04-23 03:34:00+00:00,2.36,445.1,113830
2026-04-23 03:35:00+00:00,2.01,448.6,127055
2026-04-23 03:36:00+00:00,1.73,446.3,124913
2026-04-23 03:37:00+00:00,1.94,456.1,126746
2026-04-23 03:39:00+00:00,1.84,466.2,128524
2026-04-23 03:40:00+00:00,1.74,464.1,123813
2026-04-23 03:41:00+00:00,1.81,467.1,137155
2026-04-23 03:42:00+00:00,1.84,459.2,136565
2026-04-23 03:43:00+00:00,1.63,458.0,153081
2026-04-23 03:44:00+00:00,2.52,468.3,128827
2026-04-23 03:45:00+00:00,2.47,470.1,110934
2026-04-23 03:46:00+00:00,2.06,466.6,131414
2026-04-23 03:47:00+00:00,2.50,466.5,128734
2026-04-23 03:48:00+00:00,2.96,466.0,105991
2026-04-23 03:49:00+00:00,3.17,465.5,112126
2026-04-23 03:50:00+00:00,3.47,464.1,78810
2026-04-23 03:51:00+00:00,3.16,462.1,64520
2026-04-23 03:52:00+00:00,3.87,496.2,96971
2026-04-23 03:53:00+00:00,7.88,485.9,91337
2026-04-23 03:54:00+00:00,1.75,472.0,117290
2026-04-23 03:55:00+00:00,1.46,466.3,83592
2026-04-23 03:56:00+00:00,1.85,485.7,138869
2026-04-23 03:57:00+00:00,1.81,485.7,144055
2026-04-23 03:58:00+00:00,1.33,466.4,97897
2026-04-23 03:59:00+00:00,1.25,441.4,68882
2026-04-23 04:00:00+00:00,1.66,476.9,127936
2026-04-23 04:01:00+00:00,1.80,478.4,180621
2026-04-23 04:02:00+00:00,1.81,493.4,210952
2026-04-23 04:03:00+00:00,1.54,486.8,158194
2026-04-23 04:04:00+00:00,1.48,465.1,121309
2026-04-23 04:05:00+00:00,1.76,475.6,144018
2026-04-23 04:06:00+00:00,1.82,462.5,118236
2026-04-23 04:07:00+00:00,2.17,451.9,115338
2026-04-23 04:08:00+00:00,0.92,430.1,88474
2026-04-23 04:09:00+00:00,2.62,460.3,120309
2026-04-23 04:10:00+00:00,2.13,453.7,117076
2026-04-23 04:11:00+00:00,2.13,,
2026-04-23 04:12:00+00:00,1.89,424.3,72577
2026-04-23 04:13:00+00:00,7.06,458.2,87774
2026-04-23 04:14:00+00:00,4.63,454.0,137963
2026-04-23 04:15:00+00:00,3.34,458.3,108169
2026-04-23 04:16:00+00:00,2.58,448.6,57214
2026-04-23 04:17:00+00:00,2.89,449.4,55132
2026-04-23 04:18:00+00:00,3.92,460.8,83030
2026-04-23 04:19:00+00:00,4.22,461.4,96561
2026-04-23 04:20:00+00:00,3.11,447.9,78594
2026-04-23 04:21:00+00:00,1.97,436.7,58760
2026-04-23 04:22:00+00:00,3.55,450.5,87389
2026-04-23 04:23:00+00:00,4.01,455.1,108306
2026-04-23 04:24:00+00:00,3.39,448.3,91794
2026-04-23 04:25:00+00:00,3.11,445.6,76153
2026-04-23 04:26:00+00:00,3.24,450.4,70901
2026-04-23 04:28:00+00:00,3.04,456.6,112192
2026-04-23 04:29:00+00:00,4.60,462.0,64808
2026-04-23 04:30:00+00:00,1.98,432.2,60257
2026-04-23 04:31:00+00:00,2.23,448.5,139613
2026-04-23 04:32:00+00:00,3.17,451.7,134749
2026-04-23 04:33:00+00:00,2.46,445.4,110088
2026-04-23 04:34:00+00:00,1.19,436.4,90492
2026-04-23 04:35:00+00:00,1.73,439.8,102069
2026-04-23 04:36:00+00:00,3.16,455.0,134705
2026-04-23 04:37:00+00:00,2.89,447.8,97509
2026-04-23 04:38:00+00:00,2.20,437.6,69762
2026-04-23 04:39:00+00:00,0.77,429.2,82138
2026-04-23 04:40:00+00:00,2.05,449.0,110412
2026-04-23 04:41:00+00:00,1.94,449.8,115989
2026-04-23 04:42:00+00:00,1.93,440.5,100001
2026-04-23 04:43:00+00:00,1.15,430.6,80607
2026-04-23 04:46:00+00:00,0.77,436.4,73219
2026-04-23 04:47:00+00:00,1.28,447.5,89322
2026-04-23 04:48:00+00:00,1.68,456.7,111788
2026-04-23 04:49:00+00:00,1.88,453.9,124060
2026-04-23 04:50:00+00:00,1.78,444.7,112436
2026-04-23 04:51:00+00:00,1.81,443.9,112805
2026-04-23 04:52:00+00:00,2.10,450.9,132520
2026-04-23 04:53:00+00:00,2.10,452.5,133712
2026-04-23 04:54:00+00:00,1.58,447.5,125059
2026-04-23 04:55:00+00:00,1.59,445.5,118220
2026-04-23 04:56:00+00:00,1.90,450.2,121457
2026-04-23 04:57:00+00:00,1.91,451.8,125085
2026-04-23 04:58:00+00:00,2.32,455.6,152602
2026-04-23 04:59:00+00:00,1.71,447.0,117716
2026-04-23 05:00:00+00:00,1.61,443.0,110539
2026-04-23 05:01:00+00:00,1.68,439.6,102988
2026-04-23 05:02:00+00:00,1.77,446.1,127291
2026-04-23 05:03:00+00:00,1.76,452.5,139217
2026-04-23 05:04:00+00:00,1.79,457.0,127647
2026-04-23 05:05:00+00:00,1.51,446.4,107847
2026-04-23 05:06:00+00:00,1.52,454.9,128463
2026-04-23 05:07:00+00:00,1.88,472.7,142430
2026-04-23 05:08:00+00:00,1.99,469.9,123802
2026-04-23 05:09:00+00:00,1.69,460.1,121196
2026-04-23 05:10:00+00:00,1.26,441.7,93185
2026-04-23 05:11:00+00:00,2.11,465.7,131980
2026-04-23 05:12:00+00:00,2.10,457.6,121958
2026-04-23 05:13:00+00:00,2.19,451.8,113079
2026-04-23 05:14:00+00:00,1.32,428.9,75239
2026-04-23 05:15:00+00:00,2.46,456.9,136635
2026-04-23 05:16:00+00:00,2.62,455.6,141843
2026-04-23 05:17:00+00:00,2.64,455.2,142104
2026-04-23 05:18:00+00:00,1.52,443.5,95920
2026-04-23 05:19:00+00:00,1.87,460.6,122215
2026-04-23 05:20:00+00:00,2.34,463.0,137358
2026-04-23 05:21:00+00:00,2.02,452.0,109082
2026-04-23 05:22:00+00:00,1.68,444.8,79832
2026-04-23 05:23:00+00:00,2.01,449.7,93332
2026-04-23 05:24:00+00:00,2.27,455.3,110971
2026-04-23 05:25:00+00:00,2.05,449.3,92326
2026-04-23 05:26:00+00:00,2.12,446.9,85850
2026-04-23 05:27:00+00:00,2.54,444.8,93359
2026-04-23 05:28:00+00:00,3.35,442.7,84867
2026-04-23 05:29:00+00:00,10.09,460.3,51798
2026-04-23 05:30:00+00:00,2.16,449.3,103679
2026-04-23 05:31:00+00:00,1.47,446.2,79035
2026-04-23 05:32:00+00:00,1.87,435.8,68853
2026-04-23 05:33:00+00:00,2.40,462.6,155116
2026-04-23 05:34:00+00:00,2.40,450.6,118047
2026-04-23 05:35:00+00:00,2.14,445.9,100288
2026-04-23 05:36:00+00:00,1.32,434.7,91413
2026-04-23 05:37:00+00:00,1.58,436.8,91892
2026-04-23 05:38:00+00:00,2.26,449.9,105199
2026-04-23 05:39:00+00:00,2.21,452.6,99585
2026-04-23 05:40:00+00:00,1.70,443.4,77912
2026-04-23 05:41:00+00:00,1.46,437.9,75879
2026-04-23 05:42:00+00:00,2.31,448.3,85424
2026-04-23 05:43:00+00:00,2.70,450.5,107390
2026-04-23 05:45:00+00:00,1.40,425.3,59085
2026-04-23 05:46:00+00:00,2.15,442.1,83204
2026-04-23 05:47:00+00:00,2.89,448.3,97295
2026-04-23 05:48:00+00:00,1.50,440.9,67282
2026-04-23 05:49:00+00:00,1.95,441.9,46968
2026-04-23 05:50:00+00:00,2.09,442.4,43320
2026-04-23 05:51:00+00:00,4.05,490.9,222001
2026-04-23 05:52:00+00:00,2.47,465.1,117520
2026-04-23 05:53:00+00:00,1.66,458.4,119792
2026-04-23 05:54:00+00:00,3.14,454.8,75499
2026-04-23 05:55:00+00:00,3.61,450.8,63954
2026-04-23 05:56:00+00:00,3.67,448.8,97357
2026-04-23 05:57:00+00:00,3.14,447.9,67769
2026-04-23 05:58:00+00:00,3.55,451.0,65724
2026-04-23 05:59:00+00:00,2.96,441.8,54931
2026-04-23 06:00:00+00:00,4.52,459.5,107684
2026-04-23 06:01:00+00:00,2.98,446.3,64970
2026-04-23 06:02:00+00:00,3.56,453.0,61416
2026-04-23 06:03:00+00:00,3.22,441.8,45720
2026-04-23 06:04:00+00:00,3.54,464.9,85028
2026-04-23 06:05:00+00:00,3.79,468.4,96044
2026-04-23 06:06:00+00:00,3.22,456.8,73212
2026-04-23 06:07:00+00:00,2.49,441.4,46176
2026-04-23 06:08:00+00:00,3.65,453.6,95135
2026-04-23 06:09:00+00:00,4.12,455.7,98741
2026-04-23 06:10:00+00:00,3.37,450.2,71970
2026-04-23 06:11:00+00:00,2.36,439.6,52209
2026-04-23 06:12:00+00:00,2.36,439.6,52021
2026-04-23 06:13:00+00:00,3.70,471.5,91431
2026-04-23 06:14:00+00:00,3.78,469.7,78535
2026-04-23 06:15:00+00:00,4.62,461.0,118228
2026-04-23 06:16:00+00:00,0.88,428.1,57306
2026-04-23 06:17:00+00:00,3.72,453.4,85126
2026-04-23 06:18:00+00:00,3.27,458.9,56567
2026-04-23 06:19:00+00:00,5.01,461.0,94944
2026-04-23 06:20:00+00:00,2.13,436.0,39364
2026-04-23 06:21:00+00:00,3.86,456.1,81289
2026-04-23 06:22:00+00:00,4.18,453.7,78018
2026-04-23 06:23:00+00:00,4.13,451.1,73221
2026-04-23 06:24:00+00:00,5.23,433.5,26570
2026-04-23 06:25:00+00:00,4.04,441.4,66137
2026-04-23 06:26:00+00:00,2.91,447.3,101891
2026-04-23 06:27:00+00:00,2.32,441.5,91367
2026-04-23 06:28:00+00:00,1.84,435.3,72922
2026-04-23 06:29:00+00:00,2.02,440.3,83801
2026-04-23 06:30:00+00:00,2.15,448.3,105092
2026-04-23 06:31:00+00:00,2.42,446.4,103900
2026-04-23 06:32:00+00:00,1.86,432.8,91002
2026-04-23 06:33:00+00:00,9.80,458.6,46739
2026-04-23 06:34:00+00:00,2.35,439.5,72029
2026-04-23 06:35:00+00:00,2.92,446.5,93621
2026-04-23 06:36:00+00:00,3.35,446.7,120343
2026-04-23 06:37:00+00:00,4.63,449.9,49363
2026-04-23 06:38:00+00:00,2.03,430.6,51702
2026-04-23 06:39:00+00:00,1.97,441.7,88064
2026-04-23 06:40:00+00:00,2.57,446.1,88466
2026-04-23 06:41:00+00:00,2.66,445.9,84919
2026-04-23 06:42:00+00:00,1.80,435.3,73872
2026-04-23 06:43:00+00:00,1.83,432.9,74920
2026-04-23 06:45:00+00:00,3.14,450.1,91187
2026-04-23 06:46:00+00:00,2.04,438.9,65448
2026-04-23 06:47:00+00:00,1.53,429.7,46625
2026-04-23 06:48:00+00:00,4.27,457.6,82619
2026-04-23 06:49:00+00:00,9.42,459.3,49675
2026-04-23 06:50:00+00:00,2.35,448.6,57966
2026-04-23 06:51:00+00:00,1.21,430.8,67414
2026-04-23 06:52:00+00:00,9.00,461.4,60310
2026-04-23 06:53:00+00:00,2.29,448.9,82162
2026-04-23 06:54:00+00:00,2.68,448.8,80811
2026-04-23 06:55:00+00:00,2.41,441.4,65395
2026-04-23 06:56:00+00:00,2.30,438.0,58459
2026-04-23 06:57:00+00:00,4.07,464.9,174913
2026-04-23 06:58:00+00:00,3.15,453.0,112213
2026-04-23 06:59:00+00:00,2.14,440.9,48659
2026-04-23 07:00:00+00:00,2.25,443.7,58691
2026-04-23 07:01:00+00:00,2.42,446.1,67466
2026-04-23 07:02:00+00:00,2.20,443.2,61599
2026-04-23 07:03:00+00:00,1.96,439.4,51091
2026-04-23 07:04:00+00:00,2.44,445.6,67321
2026-04-23 07:05:00+00:00,1.14,434.9,53691
2026-04-23 07:06:00+00:00,2.51,449.5,77274
2026-04-23 07:07:00+00:00,3.20,456.4,96668
2026-04-23 07:08:00+00:00,2.71,451.3,87202
2026-04-23 07:09:00+00:00,0.95,434.0,67874
2026-04-23 07:10:00+00:00,2.45,459.9,106315
2026-04-23 07:11:00+00:00,2.90,452.3,84516
2026-04-23 07:12:00+00:00,2.46,450.8,75636
2026-04-23 07:13:00+00:00,1.55,435.8,60337
2026-04-23 07:14:00+00:00,1.82,442.6,81412
2026-04-23 07:15:00+00:00,2.96,460.3,104783
2026-04-23 07:16:00+00:00,3.12,455.4,89220
2026-04-23 07:17:00+00:00,2.77,453.7,85694
2026-04-23 07:18:00+00:00,2.52,450.5,67097
2026-04-23 07:19:00+00:00,2.85,459.5,84167
2026-04-23 07:20:00+00:00,3.47,458.4,98102
2026-04-23 07:21:00+00:00,2.95,456.2,96822
2026-04-23 07:22:00+00:00,2.22,447.7,68012
2026-04-23 07:23:00+00:00,2.75,455.9,88075
2026-04-23 07:24:00+00:00,3.06,454.7,83148
2026-04-23 07:25:00+00:00,2.69,451.0,81180
2026-04-23 07:26:00+00:00,1.51,440.8,69716
2026-04-23 07:27:00+00:00,2.16,452.8,97483
2026-04-23 07:28:00+00:00,2.44,460.7,96621
2026-04-23 07:29:00+00:00,1.99,465.7,96086
2026-04-23 07:30:00+00:00,0.93,458.4,87508
2026-04-23 07:31:00+00:00,1.49,463.6,97670
2026-04-23 07:32:00+00:00,2.10,470.7,105465
2026-04-23 07:33:00+00:00,1.78,466.1,92112
2026-04-23 07:34:00+00:00,1.66,454.7,88062
2026-04-23 07:35:00+00:00,1.42,456.2,87630
2026-04-23 07:36:00+00:00,1.67,462.2,96590
2026-04-23 07:37:00+00:00,2.04,462.1,112872
2026-04-23 07:38:00+00:00,1.61,461.2,104864
2026-04-23 07:39:00+00:00,1.60,456.3,94348
2026-04-23 07:40:00+00:00,1.25,436.2,80242
2026-04-23 07:41:00+00:00,1.64,458.6,101378
2026-04-23 07:42:00+00:00,2.08,461.4,116492
2026-04-23 07:43:00+00:00,1.79,450.9,99681
2026-04-23 07:44:00+00:00,0.58,425.8,95204
2026-04-23 07:45:00+00:00,1.28,442.3,109626
2026-04-23 07:46:00+00:00,1.96,452.9,102051
2026-04-23 07:47:00+00:00,1.88,445.2,85120
2026-04-23 07:48:00+00:00,1.09,438.9,99277
2026-04-23 07:49:00+00:00,1.13,442.7,112769
2026-04-23 07:50:00+00:00,1.74,452.4,109393
2026-04-23 07:51:00+00:00,2.06,455.9,121938
2026-04-23 07:52:00+00:00,1.61,450.8,105996
2026-04-23 07:53:00+00:00,0.73,429.8,83182
2026-04-23 07:54:00+00:00,1.49,455.7,111246
2026-04-23 07:55:00+00:00,1.98,458.8,131297
2026-04-23 07:56:00+00:00,2.17,445.0,99985
2026-04-23 07:57:00+00:00,1.27,432.1,88412
2026-04-23 07:58:00+00:00,2.23,443.5,103418
2026-04-23 07:59:00+00:00,2.54,447.5,100725
2026-04-23 08:01:00+00:00,1.22,442.5,80739
2026-04-23 08:02:00+00:00,2.23,442.5,80739
2026-04-23 08:03:00+00:00,2.61,455.8,138269
2026-04-23 08:04:00+00:00,2.09,446.2,105129
2026-04-23 08:05:00+00:00,1.42,431.2,51128
2026-04-23 08:06:00+00:00,2.03,436.8,68605
2026-04-23 08:07:00+00:00,1.67,433.8,65974
2026-04-23 08:08:00+00:00,2.88,444.7,82052
2026-04-23 08:09:00+00:00,2.03,435.7,61928
2026-04-23 08:10:00+00:00,1.61,437.8,65967
2026-04-23 08:11:00+00:00,1.33,424.9,56265
2026-04-23 08:12:00+00:00,2.39,452.5,99123
2026-04-23 08:13:00+00:00,2.63,447.0,63450
2026-04-23 08:14:00+00:00,1.86,441.0,59658
2026-04-23 08:15:00+00:00,1.05,421.7,54061
2026-04-23 08:16:00+00:00,1.76,439.5,72983
2026-04-23 08:17:00+00:00,2.31,448.1,76837
2026-04-23 08:18:00+00:00,2.59,445.6,76604
2026-04-23 08:19:00+00:00,2.03,438.1,72774
2026-04-23 08:20:00+00:00,1.36,432.7,65460
2026-04-23 08:21:00+00:00,2.42,449.2,77434
2026-04-23 08:22:00+00:00,2.24,440.3,62848
2026-04-23 08:23:00+00:00,2.02,438.8,67903
2026-04-23 08:24:00+00:00,0.64,422.5,57141
2026-04-23 08:25:00+00:00,2.61,452.6,100955
2026-04-23 08:26:00+00:00,2.20,439.3,57809
2026-04-23 08:27:00+00:00,1.81,436.4,60312
2026-04-23 08:28:00+00:00,1.42,432.1,55105
2026-04-23 08:29:00+00:00,2.39,443.1,76601
2026-04-23 08:30:00+00:00,2.20,442.5,74392
2026-04-23 08:31:00+00:00,1.81,437.0,65493
2026-04-23 08:32:00+00:00,1.72,436.4,63673
2026-04-23 08:33:00+00:00,1.75,438.9,69734
2026-04-23 08:34:00+00:00,1.76,438.6,67925
2026-04-23 08:35:00+00:00,1.76,437.0,61339
2026-04-23 08:36:00+00:00,1.55,440.9,81164
2026-04-23 08:37:00+00:00,1.58,441.3,81277
2026-04-23 08:38:00+00:00,1.70,442.5,82032
2026-04-23 08:39:00+00:00,1.79,442.1,80898
2026-04-23 08:40:00+00:00,1.45,434.2,65813
2026-04-23 08:41:00+00:00,2.00,442.8,76576
2026-04-23 08:42:00+00:00,1.74,441.0,81610
2026-04-23 08:43:00+00:00,1.92,459.3,128674
2026-04-23 08:44:00+00:00,1.87,444.5,65934
2026-04-23 08:45:00+00:00,1.53,441.0,74827
2026-04-23 08:46:00+00:00,1.06,424.4,67247
2026-04-23 08:47:00+00:00,1.48,451.1,114294
2026-04-23 08:48:00+00:00,1.85,458.3,116092
2026-04-23 08:49:00+00:00,1.55,447.9,88372
2026-04-23 08:50:00+00:00,1.06,434.4,80280
2026-04-23 08:51:00+00:00,1.21,442.6,120703
2026-04-23 08:52:00+00:00,1.73,462.6,146497
2026-04-23 08:53:00+00:00,1.60,454.1,98703
2026-04-23 08:54:00+00:00,1.02,452.0,92447
2026-04-23 08:55:00+00:00,1.08,445.5,81023
2026-04-23 08:56:00+00:00,1.71,467.0,104881
2026-04-23 08:57:00+00:00,1.98,465.0,108583
2026-04-23 08:58:00+00:00,1.65,459.3,79091
2026-04-23 08:59:00+00:00,1.70,453.8,80267
2026-04-23 09:01:00+00:00,1.46,459.6,130526
2026-04-23 09:02:00+00:00,1.25,451.9,100137
2026-04-23 09:03:00+00:00,1.42,450.0,86538
2026-04-23 09:04:00+00:00,1.71,458.3,107132
2026-04-23 09:05:00+00:00,1.67,460.0,108272
2026-04-23 09:06:00+00:00,1.63,459.4,97968
2026-04-23 09:07:00+00:00,1.62,460.1,98123
2026-04-23 09:08:00+00:00,1.53,458.0,98256
2026-04-23 09:09:00+00:00,1.66,455.2,83962
2026-04-23 09:10:00+00:00,1.49,454.9,84640
2026-04-23 09:11:00+00:00,1.01,456.1,91122
2026-04-23 09:12:00+00:00,1.62,466.3,108460
2026-04-23 09:13:00+00:00,0.61,433.8,49063
2026-04-23 09:14:00+00:00,1.93,453.9,113043
2026-04-23 09:15:00+00:00,1.59,451.7,109383
2026-04-23 09:16:00+00:00,1.62,453.7,109282
2026-04-23 09:17:00+00:00,1.01,430.4,77517
2026-04-23 09:18:00+00:00,1.64,444.4,106312
2026-04-23 09:19:00+00:00,2.06,449.0,116764
2026-04-23 09:20:00+00:00,1.66,442.4,103937
2026-04-23 09:21:00+00:00,1.83,439.4,80812
2026-04-23 09:22:00+00:00,2.30,445.8,78915
2026-04-23 09:23:00+00:00,2.03,451.4,96747
2026-04-23 09:24:00+00:00,1.55,447.2,99297
2026-04-23 09:25:00+00:00,1.73,441.1,82756
2026-04-23 09:26:00+00:00,2.23,442.3,79144
2026-04-23 09:27:00+00:00,2.61,453.6,112522
2026-04-23 09:28:00+00:00,1.91,452.7,109404
2026-04-23 09:29:00+00:00,1.28,445.3,83845
2026-04-23 09:30:00+00:00,1.46,448.4,87238
2026-04-23 09:31:00+00:00,1.68,458.3,114217
2026-04-23 09:32:00+00:00,1.70,450.7,94168
2026-04-23 09:33:00+00:00,0.95,437.0,82077
2026-04-23 09:34:00+00:00,1.40,442.0,87312
2026-04-23 09:35:00+00:00,1.74,448.8,100617
2026-04-23 09:36:00+00:00,1.65,449.3,100355
2026-04-23 09:37:00+00:00,1.36,447.3,95168
2026-04-23 09:38:00+00:00,1.17,444.6,88814
2026-04-23 09:39:00+00:00,1.42,446.1,87940
2026-04-23 09:40:00+00:00,1.58,452.5,92428
2026-04-23 09:41:00+00:00,1.11,455.3,89683
2026-04-23 09:42:00+00:00,1.57,444.1,54256
2026-04-23 09:43:00+00:00,1.45,442.4,55898
2026-04-23 09:44:00+00:00,0.81,435.3,68385
2026-04-23 09:45:00+00:00,1.43,457.7,103027
2026-04-23 09:46:00+00:00,1.20,445.7,82714
2026-04-23 09:47:00+00:00,1.47,446.8,72067
2026-04-23 09:48:00+00:00,0.73,427.9,63630
2026-04-23 09:49:00+00:00,1.69,453.2,120870
2026-04-23 09:50:00+00:00,1.58,449.7,87844
2026-04-23 09:51:00+00:00,1.17,446.2,75834
2026-04-23 09:52:00+00:00,0.72,433.2,68388
2026-04-23 09:53:00+00:00,1.20,434.1,65010
2026-04-23 09:54:00+00:00,2.02,445.4,72530
2026-04-23 09:55:00+00:00,2.01,446.6,72530
2026-04-23 09:56:00+00:00,1.19,439.5,68977
2026-04-23 09:57:00+00:00,0.74,437.7,73938
2026-04-23 09:58:00+00:00,1.61,448.5,66168
2026-04-23 10:01:00+00:00,1.48,,
2026-04-23 10:02:00+00:00,1.48,444.8,71611
2026-04-23 10:03:00+00:00,1.37,461.5,97928
2026-04-23 10:04:00+00:00,2.20,449.3,63430
2026-04-23 10:05:00+00:00,1.11,442.8,66049
2026-04-23 10:06:00+00:00,1.29,455.8,100836
2026-04-23 10:07:00+00:00,1.47,455.3,90340
2026-04-23 10:08:00+00:00,1.26,444.8,67559
2026-04-23 10:09:00+00:00,1.45,441.2,68246
2026-04-23 10:10:00+00:00,1.97,444.7,86176
2026-04-23 10:11:00+00:00,2.04,444.7,89286
2026-04-23 10:12:00+00:00,1.96,440.2,73824
2026-04-23 10:13:00+00:00,2.46,438.5,66813
2026-04-23 10:14:00+00:00,2.89,438.6,65830
2026-04-23 10:15:00+00:00,1.60,445.1,66091
2026-04-23 10:16:00+00:00,1.78,446.5,65179
2026-04-23 10:17:00+00:00,3.76,462.4,54922
2026-04-23 10:18:00+00:00,2.98,443.9,41416
2026-04-23 10:19:00+00:00,0.63,425.7,31318
2026-04-23 10:20:00+00:00,2.81,446.1,103040
2026-04-23 10:21:00+00:00,1.79,445.8,92622
2026-04-23 10:22:00+00:00,0.68,445.6,82185
2026-04-23 10:23:00+00:00,0.91,435.2,70393
2026-04-23 10:24:00+00:00,1.91,448.5,104896
2026-04-23 10:25:00+00:00,2.13,457.8,123297
2026-04-23 10:26:00+00:00,1.63,447.3,96958
2026-04-23 10:27:00+00:00,1.14,434.4,76148
2026-04-23 10:28:00+00:00,1.46,438.7,93199
2026-04-23 10:29:00+00:00,3.06,452.8,113013
2026-04-23 10:30:00+00:00,3.61,446.6,85950
2026-04-23 10:31:00+00:00,3.05,440.8,52238
2026-04-23 10:32:00+00:00,3.01,438.3,40106
2026-04-23 10:33:00+00:00,3.90,451.7,127274
2026-04-23 10:34:00+00:00,2.29,443.0,83384
2026-04-23 10:35:00+00:00,2.44,443.8,91155
2026-04-23 10:36:00+00:00,1.32,434.0,86924
2026-04-23 10:37:00+00:00,3.76,449.8,80340
2026-04-23 10:38:00+00:00,3.37,454.9,52257
2026-04-23 10:39:00+00:00,3.16,451.9,48307
2026-04-23 10:40:00+00:00,2.61,449.0,42493
2026-04-23 10:41:00+00:00,1.95,456.4,49697
2026-04-23 10:42:00+00:00,3.51,458.3,43401
2026-04-23 10:43:00+00:00,3.47,460.0,38648
2026-04-23 10:44:00+00:00,3.61,458.1,50492
2026-04-23 10:45:00+00:00,3.75,457.7,59316
2026-04-23 10:46:00+00:00,3.63,466.7,49629
2026-04-23 10:47:00+00:00,4.32,480.1,88011
2026-04-23 10:48:00+00:00,3.85,475.0,54825
2026-04-23 10:49:00+00:00,3.83,474.8,54514
2026-04-23 10:50:00+00:00,3.03,460.5,36146
2026-04-23 10:51:00+00:00,4.25,472.8,90642
2026-04-23 10:52:00+00:00,4.17,460.1,62753
2026-04-23 10:53:00+00:00,2.37,442.8,39200
2026-04-23 10:54:00+00:00,1.38,457.1,96463
2026-04-23 10:55:00+00:00,1.18,474.0,127790
2026-04-23 10:56:00+00:00,1.89,463.8,111894
2026-04-23 10:57:00+00:00,2.89,456.7,89566
2026-04-23 10:58:00+00:00,2.65,449.3,57692
2026-04-23 11:01:00+00:00,2.16,439.0,68953
2026-04-23 11:02:00+00:00,2.17,435.1,52252
2026-04-23 11:03:00+00:00,2.68,437.7,46945
2026-04-23 11:04:00+00:00,4.02,456.5,70881
2026-04-23 11:05:00+00:00,8.92,450.0,29405
2026-04-23 11:06:00+00:00,1.97,443.3,54991
2026-04-23 11:07:00+00:00,2.33,442.2,65081
2026-04-23 11:08:00+00:00,2.02,448.6,77274
2026-04-23 11:09:00+00:00,2.78,455.1,85011
2026-04-23 11:10:00+00:00,1.68,443.0,57459
2026-04-23 11:11:00+00:00,1.64,434.4,44529
2026-04-23 11:12:00+00:00,1.67,437.5,59658
2026-04-23 11:13:00+00:00,2.06,444.3,67480
2026-04-23 11:14:00+00:00,2.01,445.4,55338
2026-04-23 11:15:00+00:00,1.86,450.2,45139
2026-04-23 11:16:00+00:00,1.67,449.1,40363
2026-04-23 11:17:00+00:00,1.37,433.1,42858
2026-04-23 11:18:00+00:00,1.86,433.7,60601
2026-04-23 11:19:00+00:00,1.49,433.5,63595
2026-04-23 11:20:00+00:00,1.61,436.8,55216
2026-04-23 11:21:00+00:00,2.20,,
2026-04-23 11:22:00+00:00,2.20,434.7,50466
2026-04-23 11:23:00+00:00,1.69,432.4,57798
2026-04-23 11:24:00+00:00,0.90,433.7,70986
2026-04-23 11:25:00+00:00,1.02,424.9,63687
2026-04-23 11:26:00+00:00,1.47,444.4,102942
2026-04-23 11:27:00+00:00,1.83,450.3,87749
2026-04-23 11:28:00+00:00,0.74,448.2,95623
2026-04-23 11:29:00+00:00,0.71,440.8,86669
2026-04-23 11:30:00+00:00,1.08,444.2,88741
2026-04-23 11:31:00+00:00,1.76,453.8,99846
2026-04-23 11:32:00+00:00,1.53,448.6,99307
2026-04-23 11:33:00+00:00,0.77,439.4,91026
2026-04-23 11:34:00+00:00,1.59,440.4,84986
2026-04-23 11:35:00+00:00,1.80,448.7,102045
2026-04-23 11:36:00+00:00,2.18,440.4,85915
2026-04-23 11:37:00+00:00,0.96,426.1,65085
2026-04-23 11:38:00+00:00,1.90,432.8,67652
2026-04-23 11:39:00+00:00,2.56,439.8,75327
2026-04-23 11:40:00+00:00,1.56,437.3,48141
2026-04-23 11:41:00+00:00,1.11,439.4,80472
2026-04-23 11:42:00+00:00,1.17,452.3,100393
2026-04-23 11:43:00+00:00,1.44,459.1,113731
2026-04-23 11:44:00+00:00,1.63,453.8,100818
2026-04-23 11:45:00+00:00,1.55,438.6,64048
2026-04-23 11:46:00+00:00,1.39,430.2,54257
2026-04-23 11:47:00+00:00,1.97,435.2,72765
2026-04-23 11:48:00+00:00,2.66,439.5,78603
2026-04-23 11:49:00+00:00,2.24,435.4,68150
2026-04-23 11:50:00+00:00,1.96,433.3,57076
2026-04-23 11:51:00+00:00,1.67,434.5,62666
2026-04-23 11:52:00+00:00,0.95,424.5,46053
2026-04-23 11:53:00+00:00,2.12,443.5,70248
2026-04-23 11:55:00+00:00,9.47,471.3,52053
2026-04-23 11:56:00+00:00,1.57,426.0,44080
2026-04-23 11:57:00+00:00,1.73,447.9,67716
2026-04-23 11:58:00+00:00,7.11,444.7,52664
2026-04-23 11:59:00+00:00,4.35,438.5,46598
2026-04-23 12:00:00+00:00,1.74,432.5,48818
2026-04-23 12:01:00+00:00,2.40,439.4,64323
2026-04-23 12:02:00+00:00,6.09,453.3,54287
2026-04-23 12:03:00+00:00,6.41,449.5,49181
2026-04-23 12:04:00+00:00,2.26,432.1,58949
2026-04-23 12:05:00+00:00,2.09,434.3,38173
2026-04-23 12:06:00+00:00,3.41,455.3,61883
2026-04-23 12:07:00+00:00,4.26,454.0,68378
2026-04-23 12:08:00+00:00,2.83,455.4,50237
2026-04-23 12:09:00+00:00,3.17,445.5,32611
2026-04-23 12:10:00+00:00,1.86,440.4,55133
2026-04-23 12:11:00+00:00,2.02,451.4,77002
2026-04-23 12:12:00+00:00,2.16,440.8,48621
2026-04-23 12:13:00+00:00,1.46,434.6,51881
2026-04-23 12:14:00+00:00,2.38,438.2,62846
2026-04-23 12:15:00+00:00,2.67,445.1,50925
2026-04-23 12:16:00+00:00,3.40,443.3,47482
2026-04-23 12:17:00+00:00,3.15,443.8,44255
2026-04-23 12:18:00+00:00,2.47,438.4,35641
2026-04-23 12:19:00+00:00,2.75,436.8,43098
2026-04-23 12:20:00+00:00,3.94,443.6,59853
2026-04-23 12:21:00+00:00,3.32,441.4,49638
2026-04-23 12:22:00+00:00,3.10,438.1,42023
2026-04-23 12:23:00+00:00,2.75,433.6,25908
2026-04-23 12:24:00+00:00,2.91,445.6,65220
2026-04-23 12:25:00+00:00,2.55,439.2,53289
2026-04-23 12:26:00+00:00,1.72,439.9,61598
2026-04-23 12:27:00+00:00,1.72,,
2026-04-23 12:28:00+00:00,1.89,434.8,50671
2026-04-23 12:29:00+00:00,1.89,436.5,67785
2026-04-23 12:30:00+00:00,2.07,433.9,57212
2026-04-23 12:31:00+00:00,0.92,427.6,57196
2026-04-23 12:32:00+00:00,1.70,437.4,73054
2026-04-23 12:33:00+00:00,2.43,440.2,66716
2026-04-23 12:34:00+00:00,2.39,439.6,65173
2026-04-23 12:35:00+00:00,2.03,437.4,61957
2026-04-23 12:36:00+00:00,2.35,435.6,46699
2026-04-23 12:37:00+00:00,3.86,447.8,56968
2026-04-23 12:38:00+00:00,3.83,445.6,53095
2026-04-23 12:39:00+00:00,3.50,443.7,51111
2026-04-23 12:40:00+00:00,1.86,434.4,41815
2026-04-23 12:41:00+00:00,4.33,449.2,63180
2026-04-23 12:43:00+00:00,5.18,445.8,23165
2026-04-23 12:44:00+00:00,2.72,442.7,47066
2026-04-23 12:45:00+00:00,2.61,443.7,55450
2026-04-23 12:46:00+00:00,2.26,437.5,54702
2026-04-23 12:47:00+00:00,1.98,433.7,43445
2026-04-23 12:48:00+00:00,2.15,435.7,52594
2026-04-23 12:49:00+00:00,2.16,436.1,60141
2026-04-23 12:50:00+00:00,1.98,433.4,57830
2026-04-23 12:51:00+00:00,1.79,430.9,50202
2026-04-23 12:52:00+00:00,1.60,431.6,51293
2026-04-23 12:53:00+00:00,1.28,431.2,69327
2026-04-23 12:54:00+00:00,0.94,424.7,66167
2026-04-23 12:55:00+00:00,2.51,436.8,53496
2026-04-23 12:56:00+00:00,2.37,433.8,41156
2026-04-23 12:57:00+00:00,1.23,431.7,55124
2026-04-23 12:58:00+00:00,1.83,438.4,45250
2026-04-23 12:59:00+00:00,2.46,453.0,106419
2026-04-23 13:00:00+00:00,2.59,453.0,106419
2026-04-23 13:02:00+00:00,3.42,423.3,20236
2026-04-23 13:03:00+00:00,2.25,433.1,28108
2026-04-23 13:04:00+00:00,3.08,448.6,85362
2026-04-23 13:05:00+00:00,3.53,451.9,83917
2026-04-23 13:06:00+00:00,3.21,448.9,55470
2026-04-23 13:07:00+00:00,2.17,429.1,45562
2026-04-23 13:08:00+00:00,2.04,431.0,50471
2026-04-23 13:09:00+00:00,1.79,433.7,58370
2026-04-23 13:10:00+00:00,2.00,432.8,53410
2026-04-23 13:11:00+00:00,2.71,437.4,47117
2026-04-23 13:12:00+00:00,1.77,434.0,50825
2026-04-23 13:13:00+00:00,1.83,,
2026-04-23 13:14:00+00:00,1.83,435.1,54011
2026-04-23 13:15:00+00:00,2.11,437.2,53360
2026-04-23 13:16:00+00:00,2.78,441.9,45754
2026-04-23 13:17:00+00:00,2.68,439.5,49038
2026-04-23 13:18:00+00:00,2.58,440.9,41792
2026-04-23 13:19:00+00:00,2.63,440.3,42867
2026-04-23 13:20:00+00:00,2.84,442.2,40623
2026-04-23 13:21:00+00:00,2.96,445.3,36801
2026-04-23 13:22:00+00:00,2.90,447.6,35777
2026-04-23 13:23:00+00:00,2.92,448.7,35110
2026-04-23 13:24:00+00:00,2.94,447.2,34158
2026-04-23 13:25:00+00:00,2.98,445.1,37688
2026-04-23 13:26:00+00:00,3.24,446.6,43099
2026-04-23 13:29:00+00:00,2.99,,
2026-04-23 13:30:00+00:00,2.99,443.7,39995
2026-04-23 13:31:00+00:00,2.61,445.0,29304
2026-04-23 13:34:00+00:00,3.06,450.6,36135
2026-04-23 13:35:00+00:00,3.07,449.8,41255
2026-04-23 13:36:00+00:00,2.99,448.3,39598
2026-04-23 13:37:00+00:00,2.94,444.9,37530
2026-04-23 13:38:00+00:00,2.77,443.3,39143
2026-04-23 13:39:00+00:00,2.63,444.5,39808
2026-04-23 13:40:00+00:00,2.75,445.6,38683
2026-04-23 13:41:00+00:00,2.85,444.2,40353
2026-04-23 13:42:00+00:00,2.90,439.7,45906
2026-04-23 13:43:00+00:00,2.92,442.6,46988
2026-04-23 13:44:00+00:00,2.98,444.9,48614
2026-04-23 13:45:00+00:00,2.98,445.0,48534
2026-04-23 13:46:00+00:00,3.24,446.5,43797
2026-04-23 13:47:00+00:00,2.45,442.7,44143
2026-04-23 13:48:00+00:00,2.69,458.1,46989
2026-04-23 13:49:00+00:00,2.11,440.5,58860
2026-04-23 13:50:00+00:00,2.00,437.4,57304
2026-04-23 13:51:00+00:00,3.02,440.1,50697
2026-04-23 13:52:00+00:00,2.65,442.4,48200
2026-04-23 13:53:00+00:00,2.49,439.6,46335
2026-04-23 13:54:00+00:00,2.45,437.5,48282
2026-04-23 13:55:00+00:00,2.47,437.7,49415
2026-04-23 13:56:00+00:00,3.16,439.5,43002
2026-04-23 13:57:00+00:00,3.23,443.5,45193
2026-04-23 13:58:00+00:00,2.61,442.6,60192
2026-04-23 13:59:00+00:00,3.43,440.6,44715
2026-04-23 14:00:00+00:00,3.29,441.0,46979
2026-04-23 14:01:00+00:00,1.75,445.3,71730
2026-04-23 14:02:00+00:00,2.00,439.0,62751
2026-04-23 14:03:00+00:00,2.19,440.3,53531
2026-04-23 14:04:00+00:00,2.66,438.5,41054
2026-04-23 14:07:00+00:00,2.16,444.6,30962
2026-04-23 14:08:00+00:00,2.86,446.0,36835
2026-04-23 14:09:00+00:00,3.38,448.8,39534
2026-04-23 14:10:00+00:00,3.22,444.9,39154
2026-04-23 14:11:00+00:00,2.92,439.8,37358
2026-04-23 14:12:00+00:00,2.91,441.2,34949
2026-04-23 14:13:00+00:00,3.12,441.6,36167
2026-04-23 14:14:00+00:00,3.38,447.7,33532
2026-04-23 14:15:00+00:00,3.31,447.3,33245
2026-04-23 14:16:00+00:00,2.97,445.5,31819
2026-04-23 14:17:00+00:00,3.16,447.3,33998
2026-04-23 14:18:00+00:00,3.11,444.8,33866
2026-04-23 14:19:00+00:00,2.95,448.7,28749
2026-04-23 14:20:00+00:00,2.81,442.7,31779
2026-04-23 14:21:00+00:00,3.06,455.2,29441
2026-04-23 14:22:00+00:00,2.72,452.3,29429
2026-04-23 14:23:00+00:00,2.79,451.2,29264
2026-04-23 14:24:00+00:00,2.67,452.5,30223
2026-04-23 14:25:00+00:00,2.49,455.2,25686
2026-04-23 14:26:00+00:00,2.87,452.3,26434
2026-04-23 14:27:00+00:00,3.25,447.5,32250
2026-04-23 14:28:00+00:00,3.00,449.0,32113
2026-04-23 14:29:00+00:00,2.70,448.1,35312
2026-04-23 14:30:00+00:00,2.74,444.5,37429
2026-04-23 14:31:00+00:00,2.88,431.0,45680
2026-04-23 14:32:00+00:00,2.88,428.8,49169
2026-04-23 14:33:00+00:00,2.90,429.5,50130
2026-04-23 14:34:00+00:00,2.44,430.1,49586
2026-04-23 14:35:00+00:00,2.99,430.4,41848
2026-04-23 14:36:00+00:00,2.01,427.5,47478
2026-04-23 14:37:00+00:00,2.27,430.9,61646
2026-04-23 14:40:00+00:00,1.76,423.0,70433
2026-04-23 14:41:00+00:00,1.92,426.8,57336
2026-04-23 14:42:00+00:00,2.48,430.8,51350
2026-04-23 14:43:00+00:00,2.65,435.4,50868
2026-04-23 14:44:00+00:00,2.67,435.1,51016
2026-04-23 14:45:00+00:00,2.48,432.7,53518
2026-04-23 14:46:00+00:00,1.98,429.0,59618
2026-04-23 14:47:00+00:00,2.27,432.7,61011
2026-04-23 14:48:00+00:00,2.57,431.4,58799
2026-04-23 14:49:00+00:00,2.65,430.6,51545
2026-04-23 14:50:00+00:00,2.67,432.0,54468
2026-04-23 14:51:00+00:00,2.76,433.6,53690
2026-04-23 14:52:00+00:00,2.81,432.6,54866
2026-04-23 14:53:00+00:00,3.22,433.7,51520
2026-04-23 14:54:00+00:00,2.33,426.5,58283
2026-04-23 14:55:00+00:00,1.83,424.3,63451
2026-04-23 14:56:00+00:00,1.86,424.6,60835
2026-04-23 14:57:00+00:00,1.78,430.2,58109
2026-04-23 14:58:00+00:00,2.12,434.9,53260
2026-04-23 15:00:00+00:00,2.49,438.1,40429
2026-04-23 15:01:00+00:00,2.49,437.2,41252
2026-04-23 15:02:00+00:00,2.59,435.0,43921
2026-04-23 15:03:00+00:00,2.92,434.8,45395
2026-04-23 15:04:00+00:00,2.20,434.1,42159
2026-04-23 15:05:00+00:00,1.78,433.2,47020
2026-04-23 15:06:00+00:00,2.75,431.1,38154
2026-04-23 15:07:00+00:00,2.51,429.0,41562
2026-04-23 15:08:00+00:00,2.60,430.0,37455
2026-04-23 15:09:00+00:00,2.32,431.0,39852
2026-04-23 15:10:00+00:00,2.66,432.4,40326
2026-04-23 15:13:00+00:00,2.82,436.4,28912
2026-04-23 15:15:00+00:00,2.86,439.2,30585
2026-04-23 15:16:00+00:00,2.86,439.1,31209
2026-04-23 15:17:00+00:00,2.88,438.6,32409
2026-04-23 15:18:00+00:00,2.97,441.7,30719
2026-04-23 15:19:00+00:00,2.97,453.8,24458
2026-04-23 15:20:00+00:00,2.13,445.1,31354
2026-04-23 15:21:00+00:00,1.87,433.8,94198
2026-04-23 15:22:00+00:00,1.38,438.1,94248
2026-04-23 15:23:00+00:00,1.27,442.8,100470
2026-04-23 15:24:00+00:00,1.12,439.5,85622
2026-04-23 15:25:00+00:00,1.08,441.9,91791
2026-04-23 15:26:00+00:00,1.26,437.2,79252
2026-04-23 15:27:00+00:00,1.30,433.9,71767
2026-04-23 15:28:00+00:00,1.33,434.8,73066
2026-04-23 15:30:00+00:00,1.55,432.5,69460
2026-04-23 15:31:00+00:00,1.53,433.9,76491
2026-04-23 15:32:00+00:00,1.63,434.6,80802
2026-04-23 15:33:00+00:00,1.82,432.5,74163
2026-04-23 15:34:00+00:00,1.68,431.7,79451
2026-04-23 15:35:00+00:00,1.75,430.8,68559
2026-04-23 15:36:00+00:00,1.26,432.9,85483
2026-04-23 15:37:00+00:00,1.80,430.3,68521
2026-04-23 15:38:00+00:00,1.89,428.4,65840
2026-04-23 15:39:00+00:00,1.93,429.4,56709
2026-04-23 15:40:00+00:00,1.41,429.4,73736
2026-04-23 15:41:00+00:00,1.76,428.1,63222
2026-04-23 15:42:00+00:00,1.85,426.5,62643
2026-04-23 15:43:00+00:00,1.86,430.0,70379
2026-04-23 15:46:00+00:00,1.51,437.4,91576
2026-04-23 15:47:00+00:00,1.62,437.5,87002
2026-04-23 15:48:00+00:00,1.58,437.6,82358
2026-04-23 15:49:00+00:00,1.27,438.8,88721
2026-04-23 15:50:00+00:00,1.35,441.0,93928
2026-04-23 15:51:00+00:00,1.37,439.4,87203
2026-04-23 15:52:00+00:00,1.13,443.1,101902
2026-04-23 15:53:00+00:00,1.21,447.5,92919
2026-04-23 15:54:00+00:00,1.01,447.1,106188
2026-04-23 15:55:00+00:00,1.36,443.4,85965
2026-04-23 15:56:00+00:00,1.51,443.6,75199
2026-04-23 15:57:00+00:00,1.50,438.7,86167
2026-04-23 15:58:00+00:00,1.80,437.1,91069
2026-04-23 16:02:00+00:00,1.96,435.7,93764
2026-04-23 16:03:00+00:00,1.96,435.7,93764
2026-04-23 16:04:00+00:00,1.90,429.7,60548
2026-04-23 16:05:00+00:00,1.90,430.2,63519
2026-04-23 16:06:00+00:00,1.80,432.4,76377
2026-04-23 16:07:00+00:00,1.46,434.9,93977
2026-04-23 16:08:00+00:00,1.75,432.5,84735
2026-04-23 16:09:00+00:00,1.60,435.3,90061
2026-04-23 16:10:00+00:00,1.74,431.7,86782
2026-04-23 16:11:00+00:00,1.88,427.6,75258
2026-04-23 16:12:00+00:00,1.63,429.8,78702
2026-04-23 16:13:00+00:00,2.94,433.6,61137
2026-04-23 16:15:00+00:00,2.82,448.1,33529
2026-04-23 16:16:00+00:00,2.91,445.1,35092
2026-04-23 16:19:00+00:00,2.70,435.2,44610
2026-04-23 16:20:00+00:00,2.76,434.9,47648
2026-04-23 16:21:00+00:00,2.84,434.1,54622
2026-04-23 16:22:00+00:00,2.74,433.0,55941
2026-04-23 16:23:00+00:00,2.68,431.2,49032
2026-04-23 16:24:00+00:00,2.68,430.2,51102
2026-04-23 16:25:00+00:00,2.62,435.8,42310
2026-04-23 16:26:00+00:00,2.61,432.3,48305
2026-04-23 16:27:00+00:00,1.99,437.1,54022
2026-04-23 16:28:00+00:00,2.11,436.6,59814
2026-04-23 16:32:00+00:00,1.10,433.3,94680
2026-04-23 16:33:00+00:00,1.94,432.0,100994
2026-04-23 16:34:00+00:00,2.29,431.5,83609
2026-04-23 16:35:00+00:00,2.21,431.0,61661
2026-04-23 16:36:00+00:00,2.05,429.1,63646
2026-04-23 16:37:00+00:00,2.57,428.4,61719
2026-04-23 16:38:00+00:00,0.59,420.7,50737
2026-04-23 16:39:00+00:00,0.76,420.8,52990
2026-04-23 16:40:00+00:00,1.85,423.8,70283
2026-04-23 16:41:00+00:00,3.21,449.1,119750
2026-04-23 16:42:00+00:00,1.57,434.3,99802
2026-04-23 16:43:00+00:00,0.78,420.7,57156
2026-04-23 16:44:00+00:00,1.12,424.4,88151
2026-04-23 16:45:00+00:00,6.04,462.9,61849
2026-04-23 16:46:00+00:00,7.86,454.9,43015
2026-04-23 16:47:00+00:00,3.11,433.4,48846
2026-04-23 16:48:00+00:00,1.81,433.1,76243
2026-04-23 16:49:00+00:00,2.39,438.6,101092
2026-04-23 16:50:00+00:00,2.15,435.3,91542
2026-04-23 16:51:00+00:00,1.92,431.4,71444
2026-04-23 16:52:00+00:00,1.72,436.2,112380
2026-04-23 16:53:00+00:00,1.80,435.0,104207
2026-04-23 16:54:00+00:00,1.91,431.9,84006
2026-04-23 16:55:00+00:00,1.73,432.0,85673
2026-04-23 16:56:00+00:00,2.34,433.6,86797
2026-04-23 16:57:00+00:00,2.64,434.8,100693
2026-04-23 16:58:00+00:00,4.47,457.6,48428
2026-04-23 16:59:00+00:00,2.62,434.4,47325
2026-04-23 17:00:00+00:00,2.71,432.2,65792
2026-04-23 17:01:00+00:00,1.95,427.1,57734
2026-04-23 17:02:00+00:00,2.14,434.6,64601
2026-04-23 17:03:00+00:00,5.13,449.0,48034
2026-04-23 17:04:00+00:00,3.74,443.7,85889
2026-04-23 17:05:00+00:00,1.95,434.6,98013
2026-04-23 17:06:00+00:00,1.93,433.3,86774
2026-04-23 17:07:00+00:00,2.03,434.5,87129
2026-04-23 17:08:00+00:00,2.15,433.2,71718
2026-04-23 17:09:00+00:00,2.18,431.6,57445
2026-04-23 17:10:00+00:00,2.03,437.0,83128
2026-04-23 17:11:00+00:00,3.31,446.8,96089
2026-04-23 17:12:00+00:00,8.81,459.1,43872
2026-04-23 17:13:00+00:00,7.97,471.3,58014
2026-04-23 17:14:00+00:00,0.48,421.7,49917
2026-04-23 17:15:00+00:00,1.79,444.4,114168
2026-04-23 17:16:00+00:00,1.96,436.1,99263
2026-04-23 17:17:00+00:00,1.82,433.1,92377
2026-04-23 17:18:00+00:00,1.20,425.6,77212
2026-04-23 17:19:00+00:00,2.40,434.5,100323
2026-04-23 17:20:00+00:00,2.78,438.0,99202
2026-04-23 17:21:00+00:00,2.05,431.8,83512
2026-04-23 17:22:00+00:00,1.70,428.2,80479
2026-04-23 17:23:00+00:00,1.95,429.2,82716
2026-04-23 17:24:00+00:00,2.14,429.6,81846
2026-04-23 17:27:00+00:00,2.17,424.0,63024
2026-04-23 17:28:00+00:00,2.12,426.6,55883
2026-04-23 17:29:00+00:00,2.61,432.2,89051
2026-04-23 17:30:00+00:00,5.16,450.2,27451
2026-04-23 17:31:00+00:00,2.56,428.3,67414
2026-04-23 17:32:00+00:00,2.45,431.5,56249
2026-04-23 17:33:00+00:00,4.99,452.6,38638
2026-04-23 17:34:00+00:00,3.17,437.6,40750
2026-04-23 17:35:00+00:00,2.54,434.7,45673
2026-04-23 17:36:00+00:00,1.54,428.8,47922
2026-04-23 17:37:00+00:00,1.93,432.2,53445
2026-04-23 17:38:00+00:00,2.78,441.4,52035
2026-04-23 17:39:00+00:00,2.52,442.7,39832
2026-04-23 17:40:00+00:00,2.05,438.2,34826
2026-04-23 17:41:00+00:00,1.78,435.0,33795
2026-04-23 17:42:00+00:00,3.13,447.8,52725
2026-04-23 17:43:00+00:00,2.97,449.2,43072
2026-04-23 17:44:00+00:00,5.28,462.5,30358
2026-04-23 17:45:00+00:00,0.47,421.8,47536
2026-04-23 17:46:00+00:00,2.69,442.7,45571
2026-04-23 17:47:00+00:00,2.84,455.6,50978
2026-04-23 17:48:00+00:00,2.43,458.6,32522
2026-04-23 17:49:00+00:00,1.72,441.1,16207
2026-04-23 17:50:00+00:00,2.38,460.7,31995
2026-04-23 17:51:00+00:00,3.49,469.8,67885
2026-04-23 17:52:00+00:00,7.21,473.9,53527
2026-04-23 17:53:00+00:00,4.64,448.2,41409
2026-04-23 17:54:00+00:00,1.25,428.7,42792
2026-04-23 17:55:00+00:00,2.44,439.0,55381
2026-04-23 17:56:00+00:00,3.07,445.6,47500
2026-04-23 17:57:00+00:00,3.99,456.9,33434
2026-04-23 17:58:00+00:00,2.83,446.1,79324
2026-04-23 17:59:00+00:00,2.67,444.1,76109
2026-04-23 18:00:00+00:00,1.73,432.4,56667
2026-04-23 18:01:00+00:00,1.28,431.7,43416
2026-04-23 18:02:00+00:00,1.64,439.2,54656
2026-04-23 18:03:00+00:00,1.79,432.6,83341
2026-04-23 18:04:00+00:00,1.54,438.6,81781
2026-04-23 18:05:00+00:00,0.97,435.1,70727
2026-04-23 18:06:00+00:00,1.24,434.5,88605
2026-04-23 18:07:00+00:00,1.77,433.4,94939
2026-04-23 18:08:00+00:00,1.51,438.2,116883
2026-04-23 18:09:00+00:00,0.81,431.6,86781
2026-04-23 18:10:00+00:00,1.59,435.0,90977
2026-04-23 18:11:00+00:00,1.35,432.7,77286
2026-04-23 18:12:00+00:00,1.00,437.0,77439
2026-04-23 18:13:00+00:00,1.36,460.6,141633
2026-04-23 18:14:00+00:00,1.44,459.7,166179
2026-04-23 18:15:00+00:00,1.22,447.2,95918
2026-04-23 18:16:00+00:00,1.24,426.4,61927
2026-04-23 18:17:00+00:00,1.41,456.1,107115
2026-04-23 18:18:00+00:00,1.71,434.6,92546
2026-04-23 18:19:00+00:00,1.54,431.8,76004
2026-04-23 18:20:00+00:00,0.88,424.3,79250
2026-04-23 18:21:00+00:00,1.49,439.3,110682
2026-04-23 18:22:00+00:00,1.40,438.0,95983
2026-04-23 18:23:00+00:00,1.12,437.5,86934
2026-04-23 18:24:00+00:00,1.21,435.5,77832
2026-04-23 18:25:00+00:00,1.47,437.5,85292
2026-04-23 18:26:00+00:00,1.50,439.2,101156
2026-04-23 18:27:00+00:00,1.17,435.8,93128
2026-04-23 18:28:00+00:00,1.05,435.5,84121
2026-04-23 18:29:00+00:00,1.29,442.5,90753
2026-04-23 18:30:00+00:00,1.29,442.5,90753
2026-04-23 18:31:00+00:00,1.56,442.0,94509
2026-04-23 18:32:00+00:00,1.55,441.1,92949
2026-04-23 18:33:00+00:00,1.42,431.9,75795
2026-04-23 18:35:00+00:00,1.62,425.8,68207
2026-04-23 18:36:00+00:00,1.14,429.6,83001
2026-04-23 18:37:00+00:00,1.45,429.5,83678
2026-04-23 18:38:00+00:00,1.69,431.1,86920
2026-04-23 18:39:00+00:00,1.56,430.6,78118
2026-04-23 18:40:00+00:00,1.33,429.6,72936
2026-04-23 18:41:00+00:00,1.14,430.2,80149
2026-04-23 18:42:00+00:00,1.18,429.3,89424
2026-04-23 18:43:00+00:00,1.66,431.8,101016
2026-04-23 18:45:00+00:00,1.68,432.5,97757
2026-04-23 18:46:00+00:00,1.42,430.3,89608
2026-04-23 18:47:00+00:00,1.10,431.3,89255
2026-04-23 18:48:00+00:00,1.66,448.0,104153
2026-04-23 18:49:00+00:00,2.12,443.7,103598
2026-04-23 18:50:00+00:00,1.25,433.6,72738
2026-04-23 18:51:00+00:00,0.67,422.3,68023
2026-04-23 18:52:00+00:00,1.89,439.9,102181
2026-04-23 18:53:00+00:00,1.85,440.5,89648
2026-04-23 18:54:00+00:00,1.83,441.1,93030
2026-04-23 18:55:00+00:00,1.33,431.2,76391
2026-04-23 18:56:00+00:00,1.49,431.7,78357
2026-04-23 18:57:00+00:00,1.69,433.9,81629
2026-04-23 18:58:00+00:00,1.53,431.5,80150
2026-04-23 19:00:00+00:00,1.64,431.4,79322
2026-04-23 19:01:00+00:00,1.77,434.1,84579
2026-04-23 19:02:00+00:00,1.55,432.6,76970
2026-04-23 19:03:00+00:00,1.53,429.0,72855
2026-04-23 19:04:00+00:00,2.20,442.3,121771
2026-04-23 19:05:00+00:00,2.19,442.1,121084
2026-04-23 19:06:00+00:00,1.80,430.0,80555
2026-04-23 19:07:00+00:00,1.62,435.8,100352
2026-04-23 19:08:00+00:00,1.26,439.1,88306
2026-04-23 19:09:00+00:00,2.00,445.4,70310
2026-04-23 19:10:00+00:00,2.48,442.6,93664
2026-04-23 19:11:00+00:00,1.78,431.2,85946
2026-04-23 19:12:00+00:00,1.42,428.6,81001
2026-04-23 19:13:00+00:00,1.13,425.4,79544
2026-04-23 19:14:00+00:00,1.29,425.6,82703
2026-04-23 19:15:00+00:00,1.85,431.6,92009
2026-04-23 19:16:00+00:00,1.75,432.7,94741
2026-04-23 19:17:00+00:00,1.30,427.5,88610
2026-04-23 19:18:00+00:00,1.64,425.3,90120
2026-04-23 19:19:00+00:00,2.22,438.2,124607
2026-04-23 19:20:00+00:00,2.40,442.7,127259
2026-04-23 19:21:00+00:00,1.84,432.8,98711
2026-04-23 19:22:00+00:00,0.53,420.3,76505
2026-04-23 19:23:00+00:00,2.10,440.9,125511
2026-04-23 19:24:00+00:00,1.69,434.1,98244
2026-04-23 19:25:00+00:00,1.35,428.7,91177
2026-04-23 19:26:00+00:00,1.10,426.5,78320
2026-04-23 19:27:00+00:00,1.75,435.5,99587
2026-04-23 19:28:00+00:00,1.73,435.2,103484
2026-04-23 19:29:00+00:00,1.61,430.6,90100
2026-04-23 19:30:00+00:00,1.54,428.3,84888
2026-04-23 19:31:00+00:00,1.59,428.9,91666
2026-04-23 19:32:00+00:00,1.58,430.0,98540
2026-04-23 19:33:00+00:00,1.34,429.8,101777
2026-04-23 19:34:00+00:00,1.33,432.9,99084
2026-04-23 19:35:00+00:00,1.38,429.9,87125
2026-04-23 19:36:00+00:00,1.75,433.2,103751
2026-04-23 19:39:00+00:00,1.32,426.8,79878
2026-04-23 19:40:00+00:00,1.36,436.2,110316
2026-04-23 19:41:00+00:00,0.89,441.9,113193
2026-04-23 19:42:00+00:00,0.86,441.8,112406
2026-04-23 19:43:00+00:00,1.30,431.1,89127
2026-04-23 19:44:00+00:00,0.45,421.7,74034
2026-04-23 19:45:00+00:00,1.38,430.6,95966
2026-04-23 19:46:00+00:00,1.70,436.8,111417
2026-04-23 19:47:00+00:00,1.28,435.0,106875
2026-04-23 19:48:00+00:00,0.94,429.6,96853
2026-04-23 19:49:00+00:00,0.86,427.9,83782
2026-04-23 19:50:00+00:00,1.01,446.7,86496
2026-04-23 19:51:00+00:00,0.78,448.3,83083
2026-04-23 19:52:00+00:00,0.76,447.5,81196
2026-04-23 19:53:00+00:00,0.64,439.4,60773
2026-04-23 19:54:00+00:00,1.13,460.3,80732
2026-04-23 19:55:00+00:00,1.34,459.3,83366
2026-04-23 19:56:00+00:00,1.40,447.5,101961
2026-04-23 19:57:00+00:00,1.20,422.5,54535
2026-04-23 19:58:00+00:00,1.56,429.0,92104
2026-04-23 19:59:00+00:00,1.56,437.2,118063
2026-04-23 20:00:00+00:00,1.25,431.2,98839
2026-04-23 20:01:00+00:00,1.13,434.2,93085
2026-04-23 20:02:00+00:00,1.18,442.2,101592
2026-04-23 20:03:00+00:00,1.25,446.1,116637
2026-04-23 20:04:00+00:00,1.19,444.1,121336
2026-04-23 20:05:00+00:00,0.88,434.9,89300
2026-04-23 20:06:00+00:00,0.84,439.0,83426
2026-04-23 20:07:00+00:00,1.43,448.1,109734
2026-04-23 20:08:00+00:00,1.70,437.5,121990
2026-04-23 20:09:00+00:00,1.36,424.3,50860
2026-04-23 20:11:00+00:00,1.93,442.9,115511
2026-04-23 20:12:00+00:00,1.40,434.2,80381
2026-04-23 20:13:00+00:00,1.66,436.8,80479
2026-04-23 20:14:00+00:00,1.28,443.5,75005
2026-04-23 20:15:00+00:00,1.40,437.2,66784
2026-04-23 20:16:00+00:00,2.14,444.4,88041
2026-04-23 20:17:00+00:00,2.22,447.2,96592
2026-04-23 20:18:00+00:00,1.66,442.3,83087
2026-04-23 20:19:00+00:00,1.16,435.6,69641
2026-04-23 20:20:00+00:00,1.36,433.9,78751
2026-04-23 20:21:00+00:00,2.14,442.2,96996
2026-04-23 20:22:00+00:00,2.04,439.0,71122
2026-04-23 20:23:00+00:00,1.90,439.2,74291
2026-04-23 20:24:00+00:00,0.95,423.9,62884
2026-04-23 20:25:00+00:00,2.12,444.1,113881
2026-04-23 20:26:00+00:00,1.83,436.6,85430
2026-04-23 20:27:00+00:00,1.89,440.1,92491
2026-04-23 20:28:00+00:00,1.11,429.8,66505
2026-04-23 20:29:00+00:00,2.08,445.1,106251
2026-04-23 20:30:00+00:00,2.00,435.7,84977
2026-04-23 20:31:00+00:00,1.67,432.0,82356
2026-04-23 20:32:00+00:00,1.44,431.5,84409
2026-04-23 20:33:00+00:00,1.63,435.0,90400
2026-04-23 20:34:00+00:00,1.86,436.7,100006
2026-04-23 20:35:00+00:00,1.87,434.5,102822
2026-04-23 20:36:00+00:00,1.81,432.2,92764
2026-04-23 20:37:00+00:00,1.72,431.0,86309
2026-04-23 20:38:00+00:00,1.83,433.0,100947
2026-04-23 20:39:00+00:00,1.69,431.6,93897
2026-04-23 20:40:00+00:00,1.82,431.5,90573
2026-04-23 20:41:00+00:00,1.63,428.7,87167
2026-04-23 20:42:00+00:00,1.69,431.8,93999
2026-04-23 20:43:00+00:00,1.69,,
2026-04-23 20:44:00+00:00,2.05,438.0,126518
2026-04-23 20:45:00+00:00,1.25,425.6,66331
2026-04-23 20:46:00+00:00,1.15,423.2,65671
2026-04-23 20:47:00+00:00,1.85,432.9,92379
2026-04-23 20:48:00+00:00,2.02,434.7,94489
2026-04-23 20:49:00+00:00,1.65,434.4,94335
2026-04-23 20:50:00+00:00,1.22,430.0,84561
2026-04-23 20:51:00+00:00,1.45,430.2,84739
2026-04-23 20:52:00+00:00,2.11,439.1,113439
2026-04-23 20:53:00+00:00,1.96,436.2,116321
2026-04-23 20:54:00+00:00,1.40,425.7,84446
2026-04-23 20:55:00+00:00,0.87,418.5,59519
2026-04-23 20:56:00+00:00,2.57,439.8,130971
2026-04-23 20:57:00+00:00,2.10,435.7,122822
2026-04-23 20:58:00+00:00,1.61,427.8,91796
2026-04-23 20:59:00+00:00,1.78,430.4,93091
2026-04-23 21:00:00+00:00,2.49,439.1,131235
2026-04-23 21:01:00+00:00,2.02,433.4,111194
2026-04-23 21:02:00+00:00,1.76,428.5,85250
2026-04-23 21:03:00+00:00,1.89,424.4,85183
2026-04-23 21:04:00+00:00,5.12,442.3,69144
2026-04-23 21:05:00+00:00,4.50,436.9,66323
2026-04-23 21:06:00+00:00,2.30,423.3,69273
2026-04-23 21:07:00+00:00,2.21,425.3,76940
2026-04-23 21:08:00+00:00,2.89,430.6,77061
2026-04-23 21:09:00+00:00,3.64,434.9,55827
2026-04-23 21:10:00+00:00,2.49,428.2,82501
2026-04-23 21:11:00+00:00,2.49,427.3,77523
2026-04-23 21:12:00+00:00,2.16,424.9,70182
2026-04-23 21:13:00+00:00,2.16,422.6,83240
2026-04-23 21:14:00+00:00,5.81,449.7,50472
2026-04-23 21:15:00+00:00,2.77,430.4,69615
2026-04-23 21:16:00+00:00,2.61,429.4,70623
2026-04-23 21:17:00+00:00,2.53,430.7,73246
2026-04-23 21:18:00+00:00,2.33,425.0,74809
2026-04-23 21:19:00+00:00,2.21,422.9,61297
2026-04-23 21:20:00+00:00,3.38,438.3,48772
2026-04-23 21:21:00+00:00,2.42,429.8,45488
2026-04-23 21:22:00+00:00,2.19,428.1,84607
2026-04-23 21:23:00+00:00,3.98,446.8,105664
2026-04-23 21:24:00+00:00,3.71,445.2,76050
2026-04-23 21:25:00+00:00,1.58,426.3,68695
2026-04-23 21:26:00+00:00,1.66,421.3,66821
2026-04-23 21:27:00+00:00,3.73,439.9,100813
2026-04-23 21:28:00+00:00,4.87,438.1,59647
2026-04-23 21:29:00+00:00,2.37,431.7,84421
2026-04-23 21:30:00+00:00,1.77,431.3,79430
2026-04-23 21:31:00+00:00,2.63,439.1,117627
2026-04-23 21:32:00+00:00,5.90,455.4,57484
2026-04-23 21:33:00+00:00,2.84,438.5,78807
2026-04-23 21:34:00+00:00,1.86,435.4,82279
2026-04-23 21:35:00+00:00,2.07,440.9,98902
2026-04-23 21:36:00+00:00,2.37,443.0,104471
2026-04-23 21:37:00+00:00,2.10,436.4,82001
2026-04-23 21:38:00+00:00,1.99,429.9,58084
2026-04-23 21:39:00+00:00,2.26,432.5,73888
2026-04-23 21:40:00+00:00,2.16,434.3,93697
2026-04-23 21:41:00+00:00,1.83,427.4,70166
2026-04-23 21:42:00+00:00,1.88,428.8,73152
2026-04-23 21:43:00+00:00,2.03,433.3,80574
2026-04-23 21:44:00+00:00,2.11,427.2,53579
2026-04-23 21:45:00+00:00,1.98,,
2026-04-23 21:46:00+00:00,1.98,432.4,72747
2026-04-23 21:47:00+00:00,1.83,436.5,98885
2026-04-23 21:48:00+00:00,1.75,424.0,57526
2026-04-23 21:49:00+00:00,1.74,422.4,51882
2026-04-23 21:51:00+00:00,1.46,430.7,75062
2026-04-23 21:52:00+00:00,0.95,419.1,52413
2026-04-23 21:53:00+00:00,1.35,420.9,61665
2026-04-23 21:54:00+00:00,2.07,431.6,102592
2026-04-23 21:55:00+00:00,2.00,432.3,97320
2026-04-23 21:56:00+00:00,1.52,425.4,68292
2026-04-23 21:57:00+00:00,2.79,426.8,79623
2026-04-23 21:58:00+00:00,5.92,442.3,68592
2026-04-23 21:59:00+00:00,2.05,422.3,65104
2026-04-23 22:00:00+00:00,2.08,422.8,65562
2026-04-23 22:01:00+00:00,2.46,428.3,70964
2026-04-23 22:02:00+00:00,2.92,436.6,92803
2026-04-23 22:03:00+00:00,6.56,446.8,56198
2026-04-23 22:04:00+00:00,2.94,429.9,58556
2026-04-23 22:05:00+00:00,2.47,427.0,68497
2026-04-23 22:06:00+00:00,2.27,423.9,65373
2026-04-23 22:07:00+00:00,2.12,424.3,69093
2026-04-23 22:08:00+00:00,2.17,424.9,71139
2026-04-23 22:09:00+00:00,1.30,427.8,73179
2026-04-23 22:10:00+00:00,2.08,427.5,76981
2026-04-23 22:11:00+00:00,1.94,426.5,75511
2026-04-23 22:12:00+00:00,2.24,425.6,68966
2026-04-23 22:13:00+00:00,2.33,425.0,71837
2026-04-23 22:14:00+00:00,2.20,423.3,72941
2026-04-23 22:15:00+00:00,2.14,424.4,70821
2026-04-23 22:16:00+00:00,2.10,424.0,70912
2026-04-23 22:17:00+00:00,1.75,427.5,89012
2026-04-23 22:18:00+00:00,1.66,426.4,90611
2026-04-23 22:19:00+00:00,2.17,427.5,78226
2026-04-23 22:20:00+00:00,1.66,425.8,86077
2026-04-23 22:21:00+00:00,1.60,424.9,86373
2026-04-23 22:22:00+00:00,1.61,424.7,86188
2026-04-23 22:23:00+00:00,1.76,424.0,83778
2026-04-23 22:24:00+00:00,1.94,422.4,78653
2026-04-23 22:25:00+00:00,1.81,424.6,82571
2026-04-23 22:26:00+00:00,1.51,426.9,91014
2026-04-23 22:27:00+00:00,1.04,422.0,77089
2026-04-23 22:28:00+00:00,1.26,419.2,68555
2026-04-23 22:29:00+00:00,2.37,428.1,101962
2026-04-23 22:30:00+00:00,2.27,430.1,104159
2026-04-23 22:31:00+00:00,1.68,431.4,114403
2026-04-23 22:32:00+00:00,0.70,412.2,54275
2026-04-23 22:33:00+00:00,1.97,430.8,106682
2026-04-23 22:34:00+00:00,2.03,433.2,105767
2026-04-23 22:35:00+00:00,1.12,430.5,78232
2026-04-23 22:36:00+00:00,1.77,436.5,100626
2026-04-23 22:37:00+00:00,1.64,426.4,82889
2026-04-23 22:38:00+00:00,1.11,426.5,72455
2026-04-23 22:39:00+00:00,1.73,436.4,96207
2026-04-23 22:40:00+00:00,1.64,435.2,93008
2026-04-23 22:41:00+00:00,1.06,434.9,92954
2026-04-23 22:42:00+00:00,1.81,432.6,90279
2026-04-23 22:43:00+00:00,1.61,428.5,89440
2026-04-23 22:44:00+00:00,1.55,425.8,91884
2026-04-23 22:45:00+00:00,1.62,425.0,93103
2026-04-23 22:46:00+00:00,1.64,425.7,95925
2026-04-23 22:47:00+00:00,1.64,432.8,88081
2026-04-23 22:48:00+00:00,1.50,434.0,87130
2026-04-23 22:49:00+00:00,1.43,433.1,99793
2026-04-23 22:50:00+00:00,1.49,426.1,91113
2026-04-23 22:51:00+00:00,1.67,431.7,104061
2026-04-23 22:52:00+00:00,1.57,424.9,96472
2026-04-23 22:53:00+00:00,1.41,426.6,100937
2026-04-23 22:54:00+00:00,1.58,424.5,100752
2026-04-23 22:55:00+00:00,1.65,423.5,100275
2026-04-23 22:57:00+00:00,0.78,422.8,97200
2026-04-23 22:58:00+00:00,1.47,422.7,101205
2026-04-23 22:59:00+00:00,1.67,425.5,113223
2026-04-23 23:00:00+00:00,1.89,429.2,121710
2026-04-23 23:01:00+00:00,1.73,426.0,107018
2026-04-23 23:02:00+00:00,1.11,418.0,76917
2026-04-23 23:03:00+00:00,0.88,413.4,70275
2026-04-23 23:04:00+00:00,1.89,428.0,112323
2026-04-23 23:05:00+00:00,1.67,419.8,98014
2026-04-23 23:06:00+00:00,1.43,417.1,76473
2026-04-23 23:07:00+00:00,1.56,420.4,94680
2026-04-23 23:08:00+00:00,1.69,422.8,97749
2026-04-23 23:09:00+00:00,1.89,425.2,123488
2026-04-23 23:10:00+00:00,2.26,425.1,92993
2026-04-23 23:11:00+00:00,2.31,423.4,75958
2026-04-23 23:12:00+00:00,2.18,420.4,69896
2026-04-23 23:13:00+00:00,1.66,421.8,94737
2026-04-23 23:14:00+00:00,1.65,421.8,95703
2026-04-23 23:15:00+00:00,1.64,421.1,96702
2026-04-23 23:16:00+00:00,1.66,421.5,94220
2026-04-23 23:17:00+00:00,1.68,423.6,91594
2026-04-23 23:18:00+00:00,1.66,421.8,94822
2026-04-23 23:19:00+00:00,1.69,421.5,90423
2026-04-23 23:20:00+00:00,1.50,422.5,97610
2026-04-23 23:21:00+00:00,1.63,422.4,95797
2026-04-23 23:22:00+00:00,1.50,421.8,100434
2026-04-23 23:23:00+00:00,1.51,424.3,100938
2026-04-23 23:24:00+00:00,1.48,423.6,101301
2026-04-23 23:25:00+00:00,1.49,422.9,100473
2026-04-23 23:26:00+00:00,1.60,421.4,99633
2026-04-23 23:27:00+00:00,1.59,420.8,98767
2026-04-23 23:28:00+00:00,1.57,420.7,98495
2026-04-23 23:29:00+00:00,1.64,419.9,97107
2026-04-23 23:30:00+00:00,1.96,420.0,90192
2026-04-23 23:31:00+00:00,2.19,419.0,78709
2026-04-23 23:32:00+00:00,1.90,417.6,76068
2026-04-23 23:33:00+00:00,1.60,420.1,88376
2026-04-23 23:34:00+00:00,1.49,425.3,102084
2026-04-23 23:35:00+00:00,1.53,421.6,94385
2026-04-23 23:36:00+00:00,1.51,421.5,94077
2026-04-23 23:37:00+00:00,1.35,420.2,90884
2026-04-23 23:38:00+00:00,1.55,422.3,102419
2026-04-23 23:39:00+00:00,1.61,419.4,101469
2026-04-23 23:40:00+00:00,1.60,417.5,99429
2026-04-23 23:41:00+00:00,1.50,418.3,96770
2026-04-23 23:42:00+00:00,1.47,418.9,90085
2026-04-23 23:43:00+00:00,1.52,414.2,105113
2026-04-23 23:44:00+00:00,1.56,413.1,103368
2026-04-23 23:45:00+00:00,1.52,414.4,97793
2026-04-23 23:46:00+00:00,1.49,414.7,97185
2026-04-23 23:47:00+00:00,1.51,415.8,97431
2026-04-23 23:48:00+00:00,1.55,416.6,97804
2026-04-23 23:49:00+00:00,1.57,414.9,95141
2026-04-23 23:50:00+00:00,1.55,414.9,94015
2026-04-23 23:51:00+00:00,1.54,414.0,90664
2026-04-23 23:52:00+00:00,1.49,413.0,92198
2026-04-23 23:53:00+00:00,1.64,418.3,96795
2026-04-23 23:54:00+00:00,1.68,416.7,101092
2026-04-23 23:55:00+00:00,1.30,420.4,101673
2026-04-23 23:56:00+00:00,1.40,418.9,104240
2026-04-23 23:57:00+00:00,1.45,416.9,101255
2026-04-23 23:58:00+00:00,1.53,418.1,97927
2026-04-23 23:59:00+00:00,1.10,421.5,107415
2026-04-24 00:00:00+00:00,1.32,419.8,102288
2026-04-24 00:01:00+00:00,1.46,418.8,99100
2026-04-24 00:02:00+00:00,2.07,415.8,76598
2026-04-24 00:03:00+00:00,1.94,416.8,80150
2026-04-24 00:04:00+00:00,1.90,418.4,84232
2026-04-24 00:05:00+00:00,2.17,419.0,84120
2026-04-24 00:06:00+00:00,2.20,419.7,86991
2026-04-24 00:07:00+00:00,2.19,418.2,81132
2026-04-24 00:08:00+00:00,1.87,414.7,70515
2026-04-24 00:09:00+00:00,1.82,,
2026-04-24 00:10:00+00:00,1.82,415.6,78122
2026-04-24 00:11:00+00:00,2.09,421.0,79224
2026-04-24 00:12:00+00:00,1.94,416.1,76187
2026-04-24 00:13:00+00:00,2.15,418.0,85447
2026-04-24 00:14:00+00:00,2.26,418.1,89051
2026-04-24 00:15:00+00:00,2.04,416.4,76290
2026-04-24 00:16:00+00:00,2.03,416.2,72849
2026-04-24 00:17:00+00:00,2.17,417.8,76753
2026-04-24 00:18:00+00:00,2.28,419.4,78019
2026-04-24 00:19:00+00:00,2.21,419.3,77381
2026-04-24 00:20:00+00:00,2.01,420.3,75470
2026-04-24 00:21:00+00:00,2.19,419.4,71738
2026-04-24 00:22:00+00:00,2.19,419.4,72701
2026-04-24 00:23:00+00:00,2.19,419.4,75227
2026-04-24 00:24:00+00:00,2.14,417.8,69512
2026-04-24 00:25:00+00:00,2.17,418.4,66350
2026-04-24 00:26:00+00:00,1.89,419.7,71657
2026-04-24 00:27:00+00:00,2.17,413.8,74253
2026-04-24 00:28:00+00:00,2.12,416.5,71824
2026-04-24 00:29:00+00:00,2.10,415.0,75300
2026-04-24 00:30:00+00:00,1.82,416.8,70386
2026-04-24 00:31:00+00:00,1.96,416.6,66534
2026-04-24 00:32:00+00:00,2.09,416.7,69937
2026-04-24 00:33:00+00:00,2.14,416.8,73925
2026-04-24 00:34:00+00:00,2.17,416.5,75003
2026-04-24 00:35:00+00:00,2.04,413.1,73499
2026-04-24 00:36:00+00:00,2.09,413.6,74582
2026-04-24 00:37:00+00:00,2.10,414.1,72176
2026-04-24 00:38:00+00:00,1.92,413.9,62711
2026-04-24 00:39:00+00:00,2.05,415.8,67744
2026-04-24 00:40:00+00:00,2.04,416.2,61735
2026-04-24 00:41:00+00:00,2.08,414.8,65957
2026-04-24 00:42:00+00:00,1.93,410.0,65943
2026-04-24 00:43:00+00:00,1.89,409.4,85958
2026-04-24 00:44:00+00:00,2.01,405.9,88576
2026-04-24 00:45:00+00:00,1.87,401.2,83286
2026-04-24 00:46:00+00:00,1.98,402.7,85920
2026-04-24 00:47:00+00:00,1.95,405.7,83588
2026-04-24 00:48:00+00:00,1.92,404.4,83759
2026-04-24 00:49:00+00:00,1.93,403.3,84521
2026-04-24 00:50:00+00:00,1.94,403.7,84047
2026-04-24 00:51:00+00:00,1.97,403.8,83434
2026-04-24 00:52:00+00:00,1.97,403.8,81607
2026-04-24 00:53:00+00:00,1.93,403.9,79263
2026-04-24 00:54:00+00:00,2.00,404.7,79313
2026-04-24 00:55:00+00:00,1.97,404.2,79748
2026-04-24 00:56:00+00:00,1.96,404.4,79766
2026-04-24 00:57:00+00:00,1.84,406.5,79923
2026-04-24 00:58:00+00:00,1.99,405.3,77158
2026-04-24 00:59:00+00:00,2.07,404.8,80584
2026-04-24 01:00:00+00:00,2.01,404.7,83847
2026-04-24 01:01:00+00:00,1.63,412.4,93070
2026-04-24 01:02:00+00:00,1.89,408.6,88671
2026-04-24 01:03:00+00:00,2.01,407.8,89647
2026-04-24 01:04:00+00:00,2.01,409.1,95404
2026-04-24 01:05:00+00:00,1.71,407.8,90179
2026-04-24 01:06:00+00:00,1.93,408.2,94306
2026-04-24 01:07:00+00:00,1.93,408.2,94306
2026-04-24 01:08:00+00:00,1.99,407.1,86488
2026-04-24 01:09:00+00:00,1.79,406.5,91646
2026-04-24 01:10:00+00:00,1.36,405.3,105977
2026-04-24 01:11:00+00:00,1.56,406.2,108797
2026-04-24 01:12:00+00:00,1.62,404.3,98747
2026-04-24 01:13:00+00:00,1.53,407.5,101908
2026-04-24 01:14:00+00:00,1.42,401.9,101119
2026-04-24 01:15:00+00:00,1.83,405.8,103543
2026-04-24 01:16:00+00:00,1.65,404.5,106109
2026-04-24 01:17:00+00:00,1.93,400.0,93255
2026-04-24 01:18:00+00:00,1.84,399.9,79324
2026-04-24 01:19:00+00:00,1.63,400.7,88496
2026-04-24 01:20:00+00:00,1.52,402.2,105320
2026-04-24 01:21:00+00:00,1.56,403.8,109796
2026-04-24 01:22:00+00:00,1.57,404.2,104962
2026-04-24 01:23:00+00:00,1.54,403.6,104799
2026-04-24 01:24:00+00:00,1.54,403.0,107131
2026-04-24 01:25:00+00:00,1.47,402.9,103207
2026-04-24 01:26:00+00:00,1.59,401.9,95992
2026-04-24 01:27:00+00:00,1.79,400.4,77581
2026-04-24 01:29:00+00:00,1.44,,
2026-04-24 01:30:00+00:00,1.44,402.7,92059
2026-04-24 01:31:00+00:00,1.80,398.3,80462
2026-04-24 01:32:00+00:00,1.30,401.8,97381
2026-04-24 01:33:00+00:00,1.40,401.7,97430
2026-04-24 01:34:00+00:00,1.45,401.5,99255
2026-04-24 01:35:00+00:00,1.47,401.6,97685
2026-04-24 01:36:00+00:00,1.36,402.8,102973
2026-04-24 01:37:00+00:00,1.68,404.4,92483
2026-04-24 01:38:00+00:00,2.10,405.1,87794
2026-04-24 01:39:00+00:00,2.08,403.5,90977
2026-04-24 01:40:00+00:00,1.87,401.4,84751
2026-04-24 01:41:00+00:00,2.19,406.3,93313
2026-04-24 01:42:00+00:00,2.15,405.9,92773
2026-04-24 01:43:00+00:00,2.02,403.9,90047
2026-04-24 01:44:00+00:00,2.02,402.1,87079
2026-04-24 01:45:00+00:00,1.49,405.4,102456
2026-04-24 01:46:00+00:00,1.98,408.7,93557
2026-04-24 01:47:00+00:00,1.98,406.2,78772
2026-04-24 01:48:00+00:00,1.97,405.0,79379
2026-04-24 01:49:00+00:00,1.63,408.0,92624
2026-04-24 01:50:00+00:00,1.54,411.4,93504
2026-04-24 01:51:00+00:00,1.53,409.4,100650
2026-04-24 01:52:00+00:00,1.48,408.2,97427
2026-04-24 01:53:00+00:00,1.50,408.3,98890
2026-04-24 01:54:00+00:00,1.47,407.5,95867
2026-04-24 01:55:00+00:00,1.68,406.1,88411
2026-04-24 01:56:00+00:00,1.87,406.1,85147
2026-04-24 01:57:00+00:00,1.68,405.8,88686
2026-04-24 01:58:00+00:00,1.96,403.4,91735
2026-04-24 01:59:00+00:00,1.87,404.8,85329
2026-04-24 02:00:00+00:00,1.90,403.9,87364
2026-04-24 02:01:00+00:00,1.40,402.9,92496
2026-04-24 02:02:00+00:00,2.04,404.3,88328
2026-04-24 02:03:00+00:00,1.45,402.8,91167
2026-04-24 02:04:00+00:00,1.92,402.6,80055
2026-04-24 02:05:00+00:00,1.96,402.0,85263
2026-04-24 02:06:00+00:00,2.08,401.5,90977
2026-04-24 02:07:00+00:00,1.84,401.2,93485
2026-04-24 02:08:00+00:00,1.69,405.7,83186
2026-04-24 02:09:00+00:00,1.97,406.1,75729
2026-04-24 02:10:00+00:00,2.14,403.2,78675
2026-04-24 02:11:00+00:00,1.96,400.5,79352
2026-04-24 02:12:00+00:00,1.91,400.0,75568
2026-04-24 02:14:00+00:00,1.60,402.1,82830
2026-04-24 02:15:00+00:00,1.67,402.7,82026
2026-04-24 02:16:00+00:00,2.04,406.9,76147
2026-04-24 02:17:00+00:00,2.16,415.5,61788
2026-04-24 02:18:00+00:00,2.28,425.4,71440
2026-04-24 02:19:00+00:00,2.24,420.1,60970
2026-04-24 02:20:00+00:00,2.12,419.9,61609
2026-04-24 02:21:00+00:00,1.56,410.3,71437
2026-04-24 02:22:00+00:00,1.43,406.3,69607
2026-04-24 02:23:00+00:00,1.52,404.2,65722
2026-04-24 02:24:00+00:00,1.45,403.4,67908
2026-04-24 02:25:00+00:00,1.33,404.5,71977
2026-04-24 02:26:00+00:00,1.56,402.8,69331
2026-04-24 02:27:00+00:00,1.58,403.9,67279
2026-04-24 02:28:00+00:00,1.58,403.2,69738
2026-04-24 02:29:00+00:00,1.51,400.5,79902
2026-04-24 02:30:00+00:00,1.49,404.7,80097
2026-04-24 02:31:00+00:00,1.56,404.8,79846
2026-04-24 02:32:00+00:00,1.47,401.6,86260
2026-04-24 02:33:00+00:00,1.83,399.0,66919
2026-04-24 02:34:00+00:00,1.77,398.3,81867
2026-04-24 02:35:00+00:00,2.01,401.6,53811
2026-04-24 02:36:00+00:00,1.87,397.8,70363
2026-04-24 02:37:00+00:00,1.71,396.2,79374
2026-04-24 02:38:00+00:00,1.38,395.2,66331
2026-04-24 02:39:00+00:00,1.64,397.1,76888
2026-04-24 02:40:00+00:00,1.69,398.4,77568
2026-04-24 02:41:00+00:00,1.60,397.3,74816
2026-04-24 02:42:00+00:00,1.58,393.4,74315
2026-04-24 02:43:00+00:00,1.63,392.5,78290
2026-04-24 02:44:00+00:00,1.67,394.9,84172
2026-04-24 02:45:00+00:00,1.63,394.1,81912
2026-04-24 02:46:00+00:00,1.53,394.3,77459
2026-04-24 02:47:00+00:00,2.27,390.4,72398
2026-04-24 02:48:00+00:00,2.38,391.2,68965
2026-04-24 02:49:00+00:00,2.38,391.2,68830
2026-04-24 02:50:00+00:00,2.43,394.6,60858
2026-04-24 02:51:00+00:00,2.29,391.4,55171
2026-04-24 02:52:00+00:00,1.80,391.8,65065
2026-04-24 02:53:00+00:00,2.27,390.7,61776
2026-04-24 02:54:00+00:00,2.30,390.8,58812
2026-04-24 02:55:00+00:00,1.93,391.8,60513
2026-04-24 02:56:00+00:00,1.67,393.8,62939
2026-04-24 02:57:00+00:00,1.72,395.6,70678
2026-04-24 02:58:00+00:00,1.81,396.5,69638
2026-04-24 02:59:00+00:00,1.79,395.4,63681
2026-04-24 03:00:00+00:00,1.69,393.5,62738
2026-04-24 03:01:00+00:00,1.66,394.3,54572
2026-04-24 03:02:00+00:00,1.99,396.5,47311
2026-04-24 03:03:00+00:00,2.05,396.2,51053
2026-04-24 03:04:00+00:00,1.84,393.9,49358
2026-04-24 03:05:00+00:00,1.67,391.4,47627
2026-04-24 03:06:00+00:00,2.03,393.6,50395
2026-04-24 03:07:00+00:00,2.01,392.1,42029
2026-04-24 03:08:00+00:00,2.55,392.6,32749
2026-04-24 03:09:00+00:00,2.11,390.2,41797
2026-04-24 03:10:00+00:00,2.64,391.5,36648
2026-04-24 03:11:00+00:00,2.84,391.9,33730
2026-04-24 03:12:00+00:00,2.79,394.4,29772
2026-04-24 03:13:00+00:00,2.72,392.3,30265
2026-04-24 03:14:00+00:00,2.58,395.5,29001
2026-04-24 03:15:00+00:00,2.64,394.2,31068
2026-04-24 03:16:00+00:00,2.76,386.4,35022
2026-04-24 03:17:00+00:00,2.58,389.3,31845
2026-04-24 03:18:00+00:00,2.44,389.6,37947
2026-04-24 03:19:00+00:00,1.98,384.8,64663
2026-04-24 03:20:00+00:00,2.36,390.2,51741
2026-04-24 03:21:00+00:00,2.36,390.2,51680
2026-04-24 03:22:00+00:00,2.12,386.0,48090
2026-04-24 03:23:00+00:00,2.69,384.0,41123
2026-04-24 03:24:00+00:00,2.83,384.1,45284
2026-04-24 03:25:00+00:00,2.44,386.1,43161
2026-04-24 03:26:00+00:00,2.51,383.9,38190
2026-04-24 03:27:00+00:00,2.82,384.2,36747
2026-04-24 03:28:00+00:00,2.88,386.0,37723
2026-04-24 03:29:00+00:00,3.04,386.4,37254
2026-04-24 03:30:00+00:00,2.66,389.1,36508
2026-04-24 03:31:00+00:00,2.22,396.6,41904
2026-04-24 03:32:00+00:00,2.34,399.1,47430
2026-04-24 03:33:00+00:00,1.96,393.4,46377
2026-04-24 03:34:00+00:00,1.58,394.2,49742
2026-04-24 03:35:00+00:00,2.11,391.3,40701
2026-04-24 03:36:00+00:00,1.86,387.6,43367
2026-04-24 03:37:00+00:00,1.81,388.3,54649
2026-04-24 03:38:00+00:00,2.38,387.9,47445
2026-04-24 03:39:00+00:00,2.08,395.1,38286
2026-04-24 03:40:00+00:00,2.03,395.8,31742
2026-04-24 03:41:00+00:00,1.08,387.4,23114
2026-04-24 03:42:00+00:00,2.52,402.8,51944
2026-04-24 03:43:00+00:00,2.47,399.9,56453
2026-04-24 03:45:00+00:00,0.38,385.2,29366
2026-04-24 03:46:00+00:00,1.09,394.4,43394
2026-04-24 03:47:00+00:00,1.56,403.3,60575
2026-04-24 03:48:00+00:00,1.58,404.4,65321
2026-04-24 03:49:00+00:00,1.52,406.0,64482
2026-04-24 03:50:00+00:00,1.63,399.4,60821
2026-04-24 03:51:00+00:00,2.19,399.8,80871
2026-04-24 03:52:00+00:00,2.81,391.2,63539
2026-04-24 03:53:00+00:00,1.21,,
2026-04-24 03:54:00+00:00,1.21,400.4,74064
2026-04-24 03:55:00+00:00,1.30,416.5,124207
2026-04-24 03:56:00+00:00,1.30,409.5,89475
2026-04-24 03:57:00+00:00,2.64,392.0,51589
2026-04-24 03:58:00+00:00,2.25,395.8,31737
2026-04-24 03:59:00+00:00,2.31,384.1,34298
2026-04-24 04:00:00+00:00,3.10,415.0,45292
2026-04-24 04:01:00+00:00,3.24,409.4,38355
2026-04-24 04:02:00+00:00,2.99,404.8,29573
2026-04-24 04:03:00+00:00,2.80,398.6,26067
2026-04-24 04:04:00+00:00,3.03,390.0,26610
2026-04-24 04:05:00+00:00,2.94,386.0,31695
2026-04-24 04:06:00+00:00,2.84,376.3,39293
2026-04-24 04:07:00+00:00,2.29,376.9,33298
2026-04-24 04:08:00+00:00,1.93,373.2,32746
2026-04-24 04:09:00+00:00,4.32,388.7,62871
2026-04-24 04:10:00+00:00,3.13,380.9,33471
2026-04-24 04:11:00+00:00,3.53,381.3,22222
2026-04-24 04:12:00+00:00,2.19,369.2,31370
2026-04-24 04:13:00+00:00,3.57,380.7,49202
2026-04-24 04:14:00+00:00,3.27,383.3,43873
2026-04-24 04:15:00+00:00,3.23,381.8,27705
2026-04-24 04:16:00+00:00,3.03,375.6,30777
2026-04-24 04:17:00+00:00,2.99,373.2,39191
2026-04-24 04:18:00+00:00,2.76,375.8,37623
2026-04-24 04:20:00+00:00,2.87,389.4,55312
2026-04-24 04:21:00+00:00,3.08,384.2,45806
2026-04-24 04:22:00+00:00,3.46,389.1,29625
2026-04-24 04:23:00+00:00,1.90,392.8,25923
2026-04-24 04:24:00+00:00,2.58,393.5,38152
2026-04-24 04:25:00+00:00,2.95,390.4,29710
2026-04-24 04:27:00+00:00,0.69,367.1,19729
2026-04-24 04:28:00+00:00,2.28,385.1,64760
2026-04-24 04:29:00+00:00,1.64,400.4,61656
2026-04-24 04:30:00+00:00,1.81,397.3,43789
2026-04-24 04:31:00+00:00,2.47,399.4,42945
2026-04-24 04:32:00+00:00,3.28,402.8,29405
2026-04-24 04:33:00+00:00,2.13,394.4,29752
2026-04-24 04:34:00+00:00,0.86,379.4,36793
2026-04-24 04:35:00+00:00,1.16,381.7,57902
2026-04-24 04:36:00+00:00,1.86,390.9,89986
2026-04-24 04:37:00+00:00,2.08,380.2,83813
2026-04-24 04:38:00+00:00,1.55,375.3,59751
2026-04-24 04:39:00+00:00,1.46,366.6,40176
2026-04-24 04:40:00+00:00,1.93,372.2,33701
2026-04-24 04:41:00+00:00,1.72,389.6,97747
2026-04-24 04:42:00+00:00,1.49,386.1,43338
2026-04-24 04:43:00+00:00,1.03,388.3,63449
2026-04-24 04:44:00+00:00,1.24,405.8,56960
2026-04-24 04:45:00+00:00,1.87,402.8,88952
2026-04-24 04:46:00+00:00,1.68,387.4,74478
2026-04-24 04:47:00+00:00,1.30,374.3,50799
2026-04-24 04:48:00+00:00,3.16,375.1,70422
2026-04-24 04:49:00+00:00,3.68,379.1,60434
2026-04-24 04:50:00+00:00,3.33,384.1,40577
2026-04-24 04:51:00+00:00,3.29,388.4,38558
2026-04-24 04:52:00+00:00,2.94,387.5,31448
2026-04-24 04:53:00+00:00,3.04,384.7,30565
2026-04-24 04:54:00+00:00,2.77,383.1,37339
2026-04-24 04:55:00+00:00,1.88,390.2,48143
2026-04-24 04:56:00+00:00,3.06,392.7,26949
2026-04-24 04:57:00+00:00,2.21,378.8,34887
2026-04-24 04:58:00+00:00,1.91,391.0,48531
2026-04-24 05:01:00+00:00,1.91,396.8,59959
2026-04-24 05:02:00+00:00,2.35,392.2,51811
2026-04-24 05:03:00+00:00,2.34,391.6,58309
2026-04-24 05:04:00+00:00,2.05,387.5,49752
2026-04-24 05:05:00+00:00,1.90,385.2,42839
2026-04-24 05:06:00+00:00,3.20,391.2,37841
2026-04-24 05:07:00+00:00,3.58,390.4,40871
2026-04-24 05:08:00+00:00,2.24,381.3,51153
2026-04-24 05:09:00+00:00,2.15,384.1,46247
2026-04-24 05:10:00+00:00,1.81,389.3,50513
2026-04-24 05:11:00+00:00,2.04,394.6,63623
2026-04-24 05:12:00+00:00,2.22,390.7,59915
2026-04-24 05:13:00+00:00,2.21,386.0,62067
2026-04-24 05:14:00+00:00,0.80,372.5,26326
2026-04-24 05:15:00+00:00,3.17,387.9,78737
2026-04-24 05:16:00+00:00,2.16,391.3,63577
2026-04-24 05:17:00+00:00,2.19,392.1,49747
2026-04-24 05:18:00+00:00,2.07,387.8,42719
2026-04-24 05:19:00+00:00,2.58,388.6,50170
2026-04-24 05:20:00+00:00,2.70,388.2,49103
2026-04-24 05:21:00+00:00,2.56,385.3,41227
2026-04-24 05:22:00+00:00,2.52,381.6,37347
2026-04-24 05:23:00+00:00,2.90,379.8,42052
2026-04-24 05:24:00+00:00,3.38,379.4,50074
2026-04-24 05:25:00+00:00,3.27,377.2,48993
2026-04-24 05:26:00+00:00,2.82,378.9,38985
2026-04-24 05:27:00+00:00,1.83,385.5,38689
2026-04-24 05:28:00+00:00,3.25,384.6,58348
2026-04-24 05:30:00+00:00,2.76,376.3,40940
2026-04-24 05:31:00+00:00,2.90,377.1,53609
2026-04-24 05:32:00+00:00,2.90,377.2,54275
2026-04-24 05:33:00+00:00,1.43,373.0,24392
2026-04-24 05:34:00+00:00,2.40,376.7,39700
2026-04-24 05:35:00+00:00,2.61,378.5,35755
2026-04-24 05:36:00+00:00,2.50,375.9,31687
2026-04-24 05:37:00+00:00,3.02,379.2,47708
2026-04-24 05:38:00+00:00,3.12,380.0,50389
2026-04-24 05:39:00+00:00,2.76,377.8,44061
2026-04-24 05:40:00+00:00,2.43,374.6,41075
2026-04-24 05:41:00+00:00,2.32,370.5,39498
2026-04-24 05:42:00+00:00,3.55,383.6,74695
2026-04-24 05:43:00+00:00,2.69,380.4,53276
2026-04-24 05:44:00+00:00,2.02,383.9,54192
2026-04-24 05:45:00+00:00,1.93,368.3,28820
2026-04-24 05:46:00+00:00,2.64,380.1,47618
2026-04-24 05:47:00+00:00,2.83,380.2,58106
2026-04-24 05:48:00+00:00,2.54,377.3,35065
2026-04-24 05:49:00+00:00,1.87,368.5,25932
2026-04-24 05:50:00+00:00,2.54,375.1,42493
2026-04-24 05:51:00+00:00,2.50,378.6,42999
2026-04-24 05:52:00+00:00,2.92,378.3,48171
2026-04-24 05:53:00+00:00,3.12,374.9,50152
2026-04-24 05:54:00+00:00,2.91,375.2,53109
2026-04-24 05:55:00+00:00,2.88,375.4,54113
2026-04-24 05:56:00+00:00,2.77,375.1,51551
2026-04-24 05:57:00+00:00,2.99,375.9,51892
2026-04-24 05:58:00+00:00,2.87,377.5,53130
2026-04-24 05:59:00+00:00,2.51,382.6,58409
2026-04-24 06:00:00+00:00,2.76,377.7,61107
2026-04-24 06:01:00+00:00,2.83,374.4,40808
2026-04-24 06:02:00+00:00,2.71,377.2,48924
2026-04-24 06:03:00+00:00,1.62,385.6,34177
2026-04-24 06:04:00+00:00,2.72,388.7,49549
2026-04-24 06:05:00+00:00,2.87,389.0,51682
2026-04-24 06:06:00+00:00,1.44,373.6,16884
2026-04-24 06:07:00+00:00,1.99,378.9,25618
2026-04-24 06:08:00+00:00,2.57,386.9,45644
2026-04-24 06:09:00+00:00,1.60,391.5,54315
2026-04-24 06:10:00+00:00,2.60,389.6,48549
2026-04-24 06:11:00+00:00,1.85,382.4,31525
2026-04-24 06:12:00+00:00,1.86,381.7,24383
2026-04-24 06:13:00+00:00,2.70,395.1,35545
2026-04-24 06:14:00+00:00,2.21,398.8,29558
2026-04-24 06:15:00+00:00,2.64,399.6,38516
2026-04-24 06:16:00+00:00,1.15,386.3,16749
2026-04-24 06:17:00+00:00,2.99,401.7,41591
2026-04-24 06:18:00+00:00,2.96,393.2,23554
2026-04-24 06:19:00+00:00,3.08,388.8,22952
2026-04-24 06:20:00+00:00,1.79,387.0,18039
2026-04-24 06:21:00+00:00,3.33,397.5,35594
2026-04-24 06:22:00+00:00,3.24,397.9,31244
2026-04-24 06:23:00+00:00,2.95,397.2,28571
2026-04-24 06:24:00+00:00,2.10,394.7,22580
2026-04-24 06:25:00+00:00,2.16,398.3,22120
2026-04-24 06:26:00+00:00,2.89,402.8,27611
2026-04-24 06:27:00+00:00,2.99,401.7,28844
2026-04-24 06:28:00+00:00,2.47,398.0,23247
2026-04-24 06:29:00+00:00,2.43,398.2,22621
2026-04-24 06:30:00+00:00,3.40,406.8,34961
2026-04-24 06:31:00+00:00,2.98,403.2,30209
2026-04-24 06:32:00+00:00,2.37,399.8,22039
2026-04-24 06:33:00+00:00,3.04,404.0,32583
2026-04-24 06:34:00+00:00,2.85,401.6,27245
2026-04-24 06:35:00+00:00,2.99,404.8,31183
2026-04-24 06:36:00+00:00,2.60,397.5,25051
2026-04-24 06:37:00+00:00,2.50,401.6,35796
2026-04-24 06:38:00+00:00,2.49,402.7,38396
2026-04-24 06:39:00+00:00,0.88,378.9,
2026-04-24 06:40:00+00:00,2.76,399.6,68736
2026-04-24 06:41:00+00:00,3.69,410.5,53207
2026-04-24 06:42:00+00:00,2.47,398.4,29117
2026-04-24 06:43:00+00:00,2.14,396.0,27530
2026-04-24 06:44:00+00:00,3.21,407.9,42733
2026-04-24 06:45:00+00:00,2.80,403.8,38772
2026-04-24 06:46:00+00:00,1.62,392.1,23453
2026-04-24 06:47:00+00:00,1.05,383.4,14416
2026-04-24 06:48:00+00:00,2.71,401.1,34714
2026-04-24 06:49:00+00:00,3.21,402.8,34135
2026-04-24 06:50:00+00:00,2.61,398.8,30351
2026-04-24 06:51:00+00:00,1.89,393.6,18707
2026-04-24 06:52:00+00:00,2.79,407.2,40938
2026-04-24 06:53:00+00:00,3.27,404.2,36823
2026-04-24 06:54:00+00:00,3.06,402.2,29586
2026-04-24 06:55:00+00:00,1.88,394.8,19206
2026-04-24 06:56:00+00:00,2.97,403.0,34469
2026-04-24 06:57:00+00:00,2.04,404.5,35393
2026-04-24 06:58:00+00:00,3.56,404.5,32509
2026-04-24 06:59:00+00:00,3.51,404.5,31387
2026-04-24 07:00:00+00:00,3.56,404.5,33398
2026-04-24 07:01:00+00:00,3.36,403.9,30951
2026-04-24 07:02:00+00:00,3.37,402.2,29145
2026-04-24 07:03:00+00:00,3.69,403.9,32824
2026-04-24 07:04:00+00:00,3.54,403.2,33396
2026-04-24 07:05:00+00:00,1.98,394.2,20318
2026-04-24 07:06:00+00:00,3.13,401.5,30353
2026-04-24 07:07:00+00:00,3.32,403.9,31697
2026-04-24 07:08:00+00:00,3.42,402.2,32628
2026-04-24 07:09:00+00:00,2.08,390.8,21040
2026-04-24 07:10:00+00:00,3.08,399.8,33701
2026-04-24 07:11:00+00:00,3.51,403.6,38797
2026-04-24 07:12:00+00:00,1.73,379.8,
2026-04-24 07:13:00+00:00,2.64,392.7,60100
2026-04-24 07:14:00+00:00,4.78,405.2,52786
2026-04-24 07:15:00+00:00,4.77,396.9,44572
2026-04-24 07:16:00+00:00,2.65,385.8,41514
2026-04-24 07:17:00+00:00,2.66,391.6,35164
2026-04-24 07:18:00+00:00,2.97,393.0,39026
2026-04-24 07:19:00+00:00,3.52,400.5,65475
2026-04-24 07:20:00+00:00,3.47,393.7,46421
2026-04-24 07:21:00+00:00,1.94,388.5,25590
2026-04-24 07:22:00+00:00,2.94,387.4,31117
2026-04-24 07:23:00+00:00,6.12,402.7,20609
2026-04-24 07:24:00+00:00,3.24,395.4,47067
2026-04-24 07:25:00+00:00,3.71,402.0,23013
2026-04-24 07:26:00+00:00,2.01,387.4,25560
2026-04-24 07:27:00+00:00,2.55,396.6,44149
2026-04-24 07:28:00+00:00,3.37,395.3,36006
2026-04-24 07:29:00+00:00,2.84,391.7,25760
2026-04-24 07:30:00+00:00,2.88,384.8,24082
2026-04-24 07:31:00+00:00,3.38,382.8,31576
2026-04-24 07:32:00+00:00,3.56,387.6,38576
2026-04-24 07:33:00+00:00,3.41,386.8,38795
2026-04-24 07:34:00+00:00,3.40,380.8,40009
2026-04-24 07:35:00+00:00,2.96,384.7,45351
2026-04-24 07:36:00+00:00,2.57,388.4,29466
2026-04-24 07:37:00+00:00,2.98,393.8,33551
2026-04-24 07:38:00+00:00,3.23,390.6,35156
2026-04-24 07:39:00+00:00,2.54,390.8,26009
2026-04-24 07:40:00+00:00,2.57,383.7,20315
2026-04-24 07:41:00+00:00,3.27,393.9,39440
2026-04-24 07:42:00+00:00,3.13,393.2,35024
2026-04-24 07:43:00+00:00,2.61,392.3,25292
2026-04-24 07:44:00+00:00,2.42,392.4,22151
2026-04-24 07:45:00+00:00,3.22,391.2,26997
2026-04-24 07:46:00+00:00,3.78,396.7,43084
2026-04-24 07:47:00+00:00,3.87,399.3,47871
2026-04-24 07:48:00+00:00,2.63,392.9,25873
2026-04-24 07:49:00+00:00,1.97,391.6,19933
2026-04-24 07:50:00+00:00,3.07,397.3,30260
2026-04-24 07:51:00+00:00,3.64,398.9,40523
2026-04-24 07:52:00+00:00,1.96,389.7,24082
2026-04-24 07:53:00+00:00,1.75,386.1,22292
2026-04-24 07:54:00+00:00,2.89,392.2,26608
2026-04-24 07:55:00+00:00,3.13,395.2,29325
2026-04-24 07:56:00+00:00,2.94,395.9,32729
2026-04-24 07:57:00+00:00,1.60,387.0,21675
2026-04-24 07:58:00+00:00,3.61,398.9,38172
2026-04-24 07:59:00+00:00,4.34,401.3,48981
2026-04-24 08:00:00+00:00,3.31,395.7,34713
2026-04-24 08:01:00+00:00,3.08,396.5,27956
2026-04-24 08:02:00+00:00,3.40,402.3,31285
2026-04-24 08:03:00+00:00,3.29,400.0,31266
2026-04-24 08:04:00+00:00,2.79,390.6,24558
2026-04-24 08:05:00+00:00,2.46,389.5,17525
2026-04-24 08:06:00+00:00,3.13,395.5,25769
2026-04-24 08:07:00+00:00,2.61,390.9,22730
2026-04-24 08:08:00+00:00,3.77,398.4,36185
2026-04-24 08:09:00+00:00,3.51,396.2,32533
2026-04-24 08:10:00+00:00,3.32,399.0,33193
2026-04-24 08:11:00+00:00,2.48,391.8,25624
2026-04-24 08:12:00+00:00,3.93,401.7,50917
2026-04-24 08:13:00+00:00,3.34,391.4,32917
2026-04-24 08:15:00+00:00,0.55,375.8,
2026-04-24 08:16:00+00:00,2.23,397.7,63950
2026-04-24 08:17:00+00:00,3.11,411.4,63950
2026-04-24 08:18:00+00:00,3.05,384.5,15909
2026-04-24 08:19:00+00:00,3.12,392.5,26422
2026-04-24 08:20:00+00:00,3.22,410.4,47163
2026-04-24 08:21:00+00:00,2.97,411.9,54736
2026-04-24 08:22:00+00:00,2.53,384.8,44894
2026-04-24 08:23:00+00:00,2.74,386.1,38851
2026-04-24 08:24:00+00:00,1.17,384.9,23550
2026-04-24 08:25:00+00:00,3.94,413.1,72777
2026-04-24 08:26:00+00:00,2.91,398.1,35364
2026-04-24 08:27:00+00:00,3.56,405.2,45789
2026-04-24 08:28:00+00:00,2.23,396.1,26398
2026-04-24 08:29:00+00:00,3.47,408.4,51353
2026-04-24 08:30:00+00:00,4.36,401.0,63418
2026-04-24 08:31:00+00:00,3.07,393.8,38486
2026-04-24 08:32:00+00:00,2.61,393.4,28428
2026-04-24 08:33:00+00:00,2.99,395.7,32593
2026-04-24 08:34:00+00:00,3.32,398.5,36125
2026-04-24 08:35:00+00:00,3.64,397.3,40214
2026-04-24 08:36:00+00:00,3.40,390.2,36157
2026-04-24 08:37:00+00:00,2.71,386.7,24490
2026-04-24 08:38:00+00:00,3.25,391.8,32580
2026-04-24 08:39:00+00:00,3.19,394.2,36315
2026-04-24 08:40:00+00:00,3.25,390.2,35447
2026-04-24 08:41:00+00:00,2.98,382.0,44861
2026-04-24 08:42:00+00:00,3.33,375.7,52968
2026-04-24 08:43:00+00:00,4.05,379.4,72125
2026-04-24 08:44:00+00:00,4.15,376.4,79693
2026-04-24 08:45:00+00:00,1.05,397.6,26448
2026-04-24 08:46:00+00:00,2.95,403.5,40906
2026-04-24 08:47:00+00:00,4.13,408.2,50328
2026-04-24 08:48:00+00:00,4.37,404.5,47822
2026-04-24 08:49:00+00:00,3.46,398.6,37571
2026-04-24 08:50:00+00:00,2.74,396.4,31544
2026-04-24 08:51:00+00:00,3.51,397.1,35714
2026-04-24 08:52:00+00:00,3.42,395.7,33029
2026-04-24 08:53:00+00:00,3.17,392.6,29557
2026-04-24 08:54:00+00:00,2.60,387.7,29823
2026-04-24 08:55:00+00:00,1.88,378.3,24595
2026-04-24 08:56:00+00:00,5.18,395.6,65731
2026-04-24 08:57:00+00:00,3.84,384.8,41049
2026-04-24 08:58:00+00:00,2.86,388.8,26721
2026-04-24 08:59:00+00:00,2.08,385.3,31121
2026-04-24 09:00:00+00:00,3.10,393.7,41436
2026-04-24 09:01:00+00:00,3.38,395.5,36078
2026-04-24 09:02:00+00:00,4.02,398.6,43505
2026-04-24 09:03:00+00:00,3.38,391.1,32315
2026-04-24 09:04:00+00:00,4.96,396.5,27810
2026-04-24 09:05:00+00:00,4.78,393.3,33211
2026-04-24 09:06:00+00:00,3.71,387.3,36065
2026-04-24 09:07:00+00:00,3.65,386.8,33912
2026-04-24 09:08:00+00:00,3.31,383.9,29891
2026-04-24 09:09:00+00:00,3.19,384.5,28584
2026-04-24 09:10:00+00:00,3.30,386.7,32020
2026-04-24 09:11:00+00:00,3.09,391.1,26416
2026-04-24 09:12:00+00:00,6.03,405.3,28954
2026-04-24 09:14:00+00:00,3.93,387.7,45644
2026-04-24 09:15:00+00:00,3.95,386.7,23192
2026-04-24 09:16:00+00:00,3.57,381.0,35357
2026-04-24 09:17:00+00:00,2.73,378.2,17425
2026-04-24 09:18:00+00:00,3.57,395.8,52109
2026-04-24 09:19:00+00:00,3.40,395.7,42675
2026-04-24 09:20:00+00:00,4.00,397.6,41897
2026-04-24 09:21:00+00:00,4.09,389.8,44132
2026-04-24 09:22:00+00:00,3.84,388.5,56131
2026-04-24 09:23:00+00:00,3.96,396.5,72240
2026-04-24 09:24:00+00:00,2.27,381.8,19409
2026-04-24 09:25:00+00:00,2.45,384.4,26490
2026-04-24 09:26:00+00:00,4.16,394.1,44061
2026-04-24 09:27:00+00:00,7.79,403.2,46337
2026-04-24 09:28:00+00:00,2.78,391.9,62418
2026-04-24 09:29:00+00:00,2.61,400.3,20900
2026-04-24 09:30:00+00:00,2.45,401.5,34298
2026-04-24 09:31:00+00:00,2.76,409.7,55978
2026-04-24 09:32:00+00:00,2.64,400.9,41516
2026-04-24 09:33:00+00:00,2.35,402.3,41060
2026-04-24 09:34:00+00:00,3.14,388.8,38434
2026-04-24 09:35:00+00:00,4.20,386.4,28448
2026-04-24 09:36:00+00:00,3.94,385.3,31542
2026-04-24 09:37:00+00:00,3.12,384.6,47687
2026-04-24 09:38:00+00:00,3.72,389.4,41307
2026-04-24 09:39:00+00:00,4.17,395.2,27160
2026-04-24 09:40:00+00:00,3.51,395.5,40694
2026-04-24 09:41:00+00:00,3.71,397.3,55167
2026-04-24 09:42:00+00:00,3.41,400.1,40583
2026-04-24 09:43:00+00:00,3.40,400.1,41432
2026-04-24 09:44:00+00:00,3.37,399.7,45588
2026-04-24 09:45:00+00:00,3.44,399.9,38431
2026-04-24 09:46:00+00:00,3.42,396.9,41124
2026-04-24 09:47:00+00:00,2.82,395.6,44478
2026-04-24 09:48:00+00:00,3.11,391.1,40914
2026-04-24 09:49:00+00:00,3.34,390.5,44075
2026-04-24 09:50:00+00:00,3.34,386.2,38463
2026-04-24 09:51:00+00:00,3.10,385.5,39301
2026-04-24 09:52:00+00:00,3.28,386.2,43641
2026-04-24 09:53:00+00:00,2.77,387.0,49014
2026-04-24 09:54:00+00:00,2.00,388.7,58728
2026-04-24 09:55:00+00:00,2.01,385.5,57897
2026-04-24 09:56:00+00:00,2.34,379.5,46522
2026-04-24 09:57:00+00:00,2.72,377.8,50853
2026-04-24 10:01:00+00:00,2.52,,
2026-04-24 10:02:00+00:00,2.52,371.0,62439
2026-04-24 10:03:00+00:00,2.46,369.9,62882
2026-04-24 10:04:00+00:00,2.53,369.1,57680
2026-04-24 10:05:00+00:00,2.37,372.1,62487
2026-04-24 10:06:00+00:00,2.39,372.6,64472
2026-04-24 10:07:00+00:00,2.46,370.7,63215
2026-04-24 10:08:00+00:00,2.53,370.3,60953
2026-04-24 10:09:00+00:00,2.49,370.6,64272
2026-04-24 10:10:00+00:00,2.39,371.6,66930
2026-04-24 10:11:00+00:00,2.35,371.7,67148
2026-04-24 10:12:00+00:00,2.49,369.3,66866
2026-04-24 10:13:00+00:00,2.55,370.4,62721
2026-04-24 10:14:00+00:00,2.66,374.3,52271
2026-04-24 10:15:00+00:00,2.53,377.6,51775
2026-04-24 10:16:00+00:00,2.71,375.8,48352
2026-04-24 10:17:00+00:00,2.64,379.5,49959
2026-04-24 10:18:00+00:00,2.09,381.4,55532
2026-04-24 10:19:00+00:00,2.07,378.2,69617
2026-04-24 10:20:00+00:00,2.00,375.4,69283
2026-04-24 10:21:00+00:00,2.21,372.9,70759
2026-04-24 10:22:00+00:00,1.92,373.5,73185
2026-04-24 10:23:00+00:00,2.08,372.8,75057
2026-04-24 10:24:00+00:00,2.34,373.2,73496
2026-04-24 10:25:00+00:00,2.16,373.3,75175
2026-04-24 10:26:00+00:00,1.96,374.0,74552
2026-04-24 10:27:00+00:00,2.09,379.6,62262
2026-04-24 10:28:00+00:00,2.42,389.2,44071
2026-04-24 10:29:00+00:00,2.57,394.3,36692
2026-04-24 10:30:00+00:00,2.14,388.0,41153
2026-04-24 10:31:00+00:00,2.09,387.6,43175
2026-04-24 10:32:00+00:00,1.83,385.2,54306
2026-04-24 10:33:00+00:00,2.44,384.1,51034
2026-04-24 10:34:00+00:00,2.31,379.0,69743
2026-04-24 10:35:00+00:00,1.73,381.3,51451
2026-04-24 10:36:00+00:00,2.00,379.6,59352
2026-04-24 10:37:00+00:00,1.94,382.0,57724
2026-04-24 10:38:00+00:00,1.80,380.6,70714
2026-04-24 10:39:00+00:00,2.09,378.1,69974
2026-04-24 10:40:00+00:00,2.29,381.7,55105
2026-04-24 10:41:00+00:00,2.35,385.5,47468
2026-04-24 10:42:00+00:00,2.43,386.0,46807
2026-04-24 10:43:00+00:00,2.40,387.0,45741
2026-04-24 10:44:00+00:00,2.40,389.3,42752
2026-04-24 10:45:00+00:00,2.69,390.0,37804
2026-04-24 10:46:00+00:00,2.83,389.4,38356
2026-04-24 10:47:00+00:00,3.13,389.6,40302
2026-04-24 10:48:00+00:00,3.38,385.4,36780
2026-04-24 10:49:00+00:00,2.10,387.4,46168
2026-04-24 10:50:00+00:00,3.72,390.7,38757
2026-04-24 10:51:00+00:00,2.65,389.0,37227
2026-04-24 10:52:00+00:00,2.82,386.3,45805
2026-04-24 10:53:00+00:00,2.74,383.2,38616
2026-04-24 10:54:00+00:00,3.54,386.3,34946
2026-04-24 10:55:00+00:00,4.00,385.3,39270
2026-04-24 10:56:00+00:00,4.04,385.2,39674
2026-04-24 10:57:00+00:00,3.54,384.9,37347
2026-04-24 10:58:00+00:00,3.87,386.2,37245
2026-04-24 10:59:00+00:00,3.84,385.4,38647
2026-04-24 11:00:00+00:00,3.79,384.6,38410
2026-04-24 11:01:00+00:00,3.72,384.8,35081
2026-04-24 11:02:00+00:00,3.56,383.3,36990
2026-04-24 11:03:00+00:00,3.61,386.8,32751
2026-04-24 11:04:00+00:00,3.60,387.0,32650
2026-04-24 11:05:00+00:00,3.45,389.6,31535
2026-04-24 11:06:00+00:00,2.92,391.7,31932
2026-04-24 11:07:00+00:00,3.02,387.5,30707
2026-04-24 11:08:00+00:00,2.93,394.9,34655
2026-04-24 11:09:00+00:00,3.67,395.5,28316
2026-04-24 11:10:00+00:00,2.85,394.0,32420
2026-04-24 11:11:00+00:00,3.02,390.2,27697
2026-04-24 11:12:00+00:00,3.63,391.3,31357
2026-04-24 11:13:00+00:00,4.19,395.8,39771
2026-04-24 11:14:00+00:00,5.15,399.4,35069
2026-04-24 11:15:00+00:00,5.05,396.9,29024
2026-04-24 11:16:00+00:00,3.22,386.2,31174
2026-04-24 11:17:00+00:00,2.59,381.2,33109
2026-04-24 11:18:00+00:00,4.05,393.5,47559
2026-04-24 11:19:00+00:00,4.08,395.8,50046
2026-04-24 11:20:00+00:00,3.54,397.2,38790
2026-04-24 11:21:00+00:00,2.15,385.1,17338
2026-04-24 11:22:00+00:00,3.72,402.2,48479
2026-04-24 11:23:00+00:00,3.24,400.0,34465
2026-04-24 11:24:00+00:00,3.05,403.5,37256
2026-04-24 11:25:00+00:00,3.62,401.2,32751
2026-04-24 11:26:00+00:00,4.01,407.7,49275
2026-04-24 11:27:00+00:00,4.26,408.6,48288
2026-04-24 11:28:00+00:00,4.09,400.3,66722
2026-04-24 11:29:00+00:00,2.20,380.8,41909
2026-04-24 11:30:00+00:00,1.76,381.3,18242
2026-04-24 11:31:00+00:00,2.85,393.3,26583
2026-04-24 11:32:00+00:00,2.65,392.7,26621
2026-04-24 11:33:00+00:00,2.39,395.0,26743
2026-04-24 11:34:00+00:00,2.79,396.3,28178
2026-04-24 11:35:00+00:00,2.70,396.5,26283
2026-04-24 11:38:00+00:00,2.72,397.5,29074
2026-04-24 11:39:00+00:00,3.45,386.5,36222
2026-04-24 11:40:00+00:00,3.25,384.5,32168
2026-04-24 11:41:00+00:00,2.98,378.6,39881
2026-04-24 11:42:00+00:00,3.38,384.1,40872
2026-04-24 11:43:00+00:00,3.11,384.4,37759
2026-04-24 11:44:00+00:00,2.98,385.9,33554
2026-04-24 11:45:00+00:00,3.18,384.3,33215
2026-04-24 11:46:00+00:00,3.42,382.6,36881
2026-04-24 11:47:00+00:00,3.26,381.0,33155
2026-04-24 11:48:00+00:00,3.89,381.9,28206
2026-04-24 11:49:00+00:00,5.66,389.8,35976
2026-04-24 11:50:00+00:00,2.35,386.2,49391
2026-04-24 11:51:00+00:00,2.23,384.1,45121
2026-04-24 11:52:00+00:00,1.56,373.4,22496
2026-04-24 11:53:00+00:00,2.02,386.4,39802
2026-04-24 11:55:00+00:00,2.83,398.6,69198
2026-04-24 11:56:00+00:00,1.32,372.9,23564
2026-04-24 11:57:00+00:00,2.37,387.6,42317
2026-04-24 11:58:00+00:00,3.05,390.4,51114
2026-04-24 11:59:00+00:00,3.50,388.7,42982
2026-04-24 12:00:00+00:00,2.11,379.1,27452
2026-04-24 12:01:00+00:00,2.44,388.9,47977
2026-04-24 12:02:00+00:00,3.46,393.4,80906
2026-04-24 12:03:00+00:00,3.13,383.1,73726
2026-04-24 12:04:00+00:00,2.87,380.9,37090
2026-04-24 12:05:00+00:00,3.19,385.7,27244
2026-04-24 12:06:00+00:00,3.17,397.0,50782
2026-04-24 12:07:00+00:00,3.16,399.5,46768
2026-04-24 12:08:00+00:00,2.56,393.9,27589
2026-04-24 12:11:00+00:00,2.52,397.8,29006
2026-04-24 12:12:00+00:00,2.58,396.1,32314
2026-04-24 12:13:00+00:00,2.51,396.5,33544
2026-04-24 12:14:00+00:00,2.93,391.2,33584
2026-04-24 12:15:00+00:00,2.84,393.5,32365
2026-04-24 12:16:00+00:00,2.53,396.9,30558
2026-04-24 12:17:00+00:00,2.50,395.8,32677
2026-04-24 12:18:00+00:00,2.67,394.5,33880
2026-04-24 12:19:00+00:00,2.76,395.9,32533
2026-04-24 12:20:00+00:00,2.75,396.7,33463
2026-04-24 12:21:00+00:00,2.47,396.1,34976
2026-04-24 12:22:00+00:00,2.26,396.8,33364
2026-04-24 12:23:00+00:00,2.60,394.9,32108
2026-04-24 12:24:00+00:00,2.41,392.0,32924
2026-04-24 12:25:00+00:00,3.02,388.2,38030
2026-04-24 12:26:00+00:00,1.99,388.4,42391
2026-04-24 12:27:00+00:00,0.82,371.2,12837
2026-04-24 12:28:00+00:00,3.11,396.5,30199
2026-04-24 12:29:00+00:00,6.26,395.1,75097
2026-04-24 12:30:00+00:00,6.97,394.8,85177
2026-04-24 12:31:00+00:00,2.40,372.4,23531
2026-04-24 12:32:00+00:00,2.56,378.1,35913
2026-04-24 12:33:00+00:00,2.66,381.6,43610
2026-04-24 12:34:00+00:00,4.60,389.6,79390
2026-04-24 12:35:00+00:00,3.63,382.3,54286
2026-04-24 12:36:00+00:00,2.76,380.9,30079
2026-04-24 12:37:00+00:00,3.99,395.3,43992
2026-04-24 12:38:00+00:00,4.37,389.3,29220
2026-04-24 12:39:00+00:00,2.76,384.6,34875
2026-04-24 12:40:00+00:00,3.73,382.4,37023
2026-04-24 12:41:00+00:00,4.59,388.8,27389
2026-04-24 12:44:00+00:00,1.61,395.3,26143
2026-04-24 12:45:00+00:00,3.84,381.1,56920
2026-04-24 12:46:00+00:00,3.16,372.7,46691
2026-04-24 12:47:00+00:00,3.85,374.1,65418
2026-04-24 12:48:00+00:00,3.99,376.3,60234
2026-04-24 12:49:00+00:00,3.32,387.1,37405
2026-04-24 12:50:00+00:00,3.32,390.7,30065
2026-04-24 12:51:00+00:00,3.85,384.5,33683
2026-04-24 12:52:00+00:00,3.23,395.4,32435
2026-04-24 12:53:00+00:00,3.15,393.6,30423
2026-04-24 12:54:00+00:00,2.92,391.1,27330
2026-04-24 12:55:00+00:00,2.94,395.5,34658
2026-04-24 12:56:00+00:00,3.33,383.6,35610
2026-04-24 12:57:00+00:00,3.33,376.4,39222
2026-04-24 12:58:00+00:00,3.86,374.7,51628
2026-04-24 12:59:00+00:00,3.87,374.4,53489
2026-04-24 13:00:00+00:00,3.78,376.2,40145
2026-04-24 13:01:00+00:00,3.30,381.6,41104
2026-04-24 13:02:00+00:00,3.71,379.3,40319
2026-04-24 13:03:00+00:00,3.60,379.8,37324
2026-04-24 13:04:00+00:00,3.57,379.9,38409
2026-04-24 13:05:00+00:00,3.05,381.6,37693
2026-04-24 13:06:00+00:00,2.01,379.6,27299
2026-04-24 13:07:00+00:00,2.84,382.6,38917
2026-04-24 13:08:00+00:00,4.78,391.8,64621
2026-04-24 13:09:00+00:00,4.68,390.2,58081
2026-04-24 13:10:00+00:00,2.84,380.4,41146
2026-04-24 13:11:00+00:00,2.32,377.1,26947
2026-04-24 13:12:00+00:00,3.18,386.5,26155
2026-04-24 13:13:00+00:00,4.59,418.5,28875
2026-04-24 13:14:00+00:00,4.50,416.3,48626
2026-04-24 13:15:00+00:00,4.50,,
2026-04-24 13:17:00+00:00,3.61,424.7,70473
2026-04-24 13:18:00+00:00,4.19,407.4,37825
2026-04-24 13:19:00+00:00,4.38,409.4,36928
2026-04-24 13:20:00+00:00,4.58,412.9,42668
2026-04-24 13:21:00+00:00,4.39,406.3,33655
2026-04-24 13:22:00+00:00,3.45,399.4,24690
2026-04-24 13:23:00+00:00,3.12,403.0,34425
2026-04-24 13:24:00+00:00,3.81,409.5,47428
2026-04-24 13:25:00+00:00,4.10,406.0,40087
2026-04-24 13:26:00+00:00,4.14,400.6,30611
2026-04-24 13:27:00+00:00,3.66,399.9,26917
2026-04-24 13:28:00+00:00,3.35,398.1,27306
2026-04-24 13:29:00+00:00,3.56,390.5,23557
2026-04-24 13:30:00+00:00,4.17,398.2,27024
2026-04-24 13:31:00+00:00,5.03,401.3,30859
2026-04-24 13:32:00+00:00,3.40,395.5,24789
2026-04-24 13:33:00+00:00,3.51,397.9,28890
2026-04-24 13:34:00+00:00,2.56,398.4,26276
2026-04-24 13:35:00+00:00,2.59,400.2,25225
2026-04-24 13:36:00+00:00,2.59,397.9,26792
2026-04-24 13:37:00+00:00,2.51,398.6,28943
2026-04-24 13:38:00+00:00,2.71,400.7,27479
2026-04-24 13:39:00+00:00,4.53,409.6,28336
2026-04-24 13:40:00+00:00,3.75,404.2,27042
2026-04-24 13:41:00+00:00,2.86,398.8,26384
2026-04-24 13:42:00+00:00,4.00,407.5,30993
2026-04-24 13:43:00+00:00,3.10,396.9,32345
2026-04-24 13:44:00+00:00,3.06,403.2,36716
2026-04-24 13:45:00+00:00,5.92,412.5,45036
2026-04-24 13:47:00+00:00,2.33,377.3,19326
2026-04-24 13:48:00+00:00,2.33,377.3,19326
2026-04-24 13:50:00+00:00,2.18,399.5,44979
2026-04-24 13:51:00+00:00,3.94,393.0,67018
2026-04-24 13:52:00+00:00,4.74,384.9,59486
2026-04-24 13:53:00+00:00,4.56,381.3,44282
2026-04-24 13:54:00+00:00,3.82,381.6,54915
2026-04-24 13:55:00+00:00,1.42,364.2,12840
2026-04-24 13:56:00+00:00,2.39,371.6,38125
2026-04-24 13:57:00+00:00,4.47,383.9,84666
2026-04-24 13:58:00+00:00,4.84,379.2,76884
2026-04-24 13:59:00+00:00,3.30,375.3,47460
2026-04-24 14:00:00+00:00,1.78,368.0,22632
2026-04-24 14:01:00+00:00,3.83,380.3,68589
2026-04-24 14:02:00+00:00,5.61,382.2,93537
2026-04-24 14:03:00+00:00,3.14,378.4,74246
2026-04-24 14:04:00+00:00,2.56,370.1,27842
2026-04-24 14:05:00+00:00,3.35,376.9,62371
2026-04-24 14:06:00+00:00,3.07,376.4,56940
2026-04-24 14:07:00+00:00,2.89,373.0,54631
2026-04-24 14:08:00+00:00,2.99,374.1,48360
2026-04-24 14:09:00+00:00,3.08,376.0,48123
2026-04-24 14:10:00+00:00,3.72,374.2,48971
2026-04-24 14:11:00+00:00,4.38,370.6,43728
2026-04-24 14:12:00+00:00,4.38,369.5,41258
2026-04-24 14:13:00+00:00,4.08,371.7,46229
2026-04-24 14:14:00+00:00,3.28,374.1,56761
2026-04-24 14:15:00+00:00,3.68,373.8,59818
2026-04-24 14:16:00+00:00,4.49,369.7,45895
2026-04-24 14:17:00+00:00,4.42,372.2,50432
2026-04-24 14:18:00+00:00,4.34,368.7,48973
2026-04-24 14:19:00+00:00,4.28,368.4,52840
2026-04-24 14:20:00+00:00,4.27,369.8,45257
2026-04-24 14:21:00+00:00,4.26,370.0,44229
2026-04-24 14:22:00+00:00,3.93,370.2,46321
2026-04-24 14:23:00+00:00,4.47,373.6,55443
2026-04-24 14:24:00+00:00,4.38,375.3,49386
2026-04-24 14:25:00+00:00,3.79,375.7,54452
2026-04-24 14:26:00+00:00,2.83,368.8,44130
2026-04-24 14:27:00+00:00,4.06,371.9,42778
2026-04-24 14:28:00+00:00,4.28,373.6,48788
2026-04-24 14:29:00+00:00,4.30,379.7,63727
2026-04-24 14:30:00+00:00,2.91,381.8,61609
2026-04-24 14:31:00+00:00,1.87,364.0,19731
2026-04-24 14:32:00+00:00,4.14,369.8,28241
2026-04-24 14:33:00+00:00,6.20,388.7,100685
2026-04-24 14:34:00+00:00,3.78,377.0,53419
2026-04-24 14:35:00+00:00,2.14,368.0,26085
2026-04-24 14:36:00+00:00,5.72,382.7,64084
2026-04-24 14:37:00+00:00,5.47,376.8,59598
2026-04-24 14:38:00+00:00,4.52,373.3,41379
2026-04-24 14:39:00+00:00,3.55,368.1,25777
2026-04-24 14:40:00+00:00,4.76,373.1,47161
2026-04-24 14:41:00+00:00,5.28,376.1,51920
2026-04-24 14:42:00+00:00,4.77,370.5,39617
2026-04-24 14:43:00+00:00,4.05,368.6,40725
2026-04-24 14:44:00+00:00,3.76,368.4,48018
2026-04-24 14:45:00+00:00,4.92,372.0,59382
2026-04-24 14:46:00+00:00,4.49,370.0,60285
2026-04-24 14:47:00+00:00,4.45,369.4,59179
2026-04-24 14:48:00+00:00,4.44,367.8,70775
2026-04-24 14:49:00+00:00,4.29,369.3,70697
2026-04-24 14:50:00+00:00,4.43,367.9,73918
2026-04-24 14:51:00+00:00,4.76,370.3,57855
2026-04-24 14:52:00+00:00,4.65,371.5,64307
2026-04-24 14:53:00+00:00,4.70,369.0,60681
2026-04-24 14:54:00+00:00,4.72,368.4,59650
2026-04-24 14:55:00+00:00,4.24,371.5,70998
2026-04-24 14:56:00+00:00,4.42,369.4,69883
2026-04-24 14:57:00+00:00,4.35,368.8,71338
2026-04-24 14:58:00+00:00,4.19,368.8,67998
2026-04-24 14:59:00+00:00,4.10,371.5,56320
2026-04-24 15:00:00+00:00,3.81,378.9,40072
2026-04-24 15:01:00+00:00,3.68,386.1,28483
2026-04-24 15:02:00+00:00,4.72,393.5,44477
2026-04-24 15:03:00+00:00,6.37,396.3,71100
2026-04-24 15:04:00+00:00,5.45,385.1,19312
2026-04-24 15:05:00+00:00,4.44,381.9,30412
2026-04-24 15:07:00+00:00,4.17,372.1,39240
2026-04-24 15:08:00+00:00,5.66,384.2,54621
2026-04-24 15:09:00+00:00,4.82,374.8,37248
2026-04-24 15:10:00+00:00,4.58,372.3,32892
2026-04-24 15:11:00+00:00,4.81,375.3,31032
2026-04-24 15:12:00+00:00,5.97,382.0,48676
2026-04-24 15:13:00+00:00,5.36,382.1,40134
2026-04-24 15:15:00+00:00,3.56,372.8,16334
2026-04-24 15:16:00+00:00,4.84,380.1,25534
2026-04-24 15:17:00+00:00,4.84,379.7,25995
2026-04-24 15:18:00+00:00,4.89,378.6,26603
2026-04-24 15:19:00+00:00,4.89,376.8,26037
2026-04-24 15:20:00+00:00,3.95,371.4,34269
2026-04-24 15:21:00+00:00,4.25,,
2026-04-24 15:22:00+00:00,4.25,374.2,37494
2026-04-24 15:23:00+00:00,3.36,370.1,37286
2026-04-24 15:24:00+00:00,3.40,372.1,43194
2026-04-24 15:25:00+00:00,3.87,367.3,57559
2026-04-24 15:28:00+00:00,3.38,369.6,51129
2026-04-24 15:29:00+00:00,3.14,367.4,45835
2026-04-24 15:30:00+00:00,3.07,368.6,48741
2026-04-24 15:31:00+00:00,2.96,369.6,50016
2026-04-24 15:32:00+00:00,3.04,369.2,45353
2026-04-24 15:33:00+00:00,3.26,369.3,41864
2026-04-24 15:34:00+00:00,3.36,368.2,42140
2026-04-24 15:35:00+00:00,3.36,369.0,40055
2026-04-24 15:36:00+00:00,2.48,370.9,43650
2026-04-24 15:37:00+00:00,2.80,369.1,41016
2026-04-24 15:38:00+00:00,3.39,366.1,39386
2026-04-24 15:39:00+00:00,3.03,369.0,46636
2026-04-24 15:40:00+00:00,2.74,367.4,45323
2026-04-24 15:41:00+00:00,2.61,371.6,43813
2026-04-24 15:42:00+00:00,2.53,372.1,41995
2026-04-24 15:43:00+00:00,3.18,370.4,36742
2026-04-24 15:44:00+00:00,3.31,367.1,36553
2026-04-24 15:45:00+00:00,2.87,369.7,42365
2026-04-24 15:46:00+00:00,2.66,371.3,43849
2026-04-24 15:47:00+00:00,2.84,370.1,37511
2026-04-24 15:48:00+00:00,3.04,368.3,35078
2026-04-24 15:49:00+00:00,3.60,366.1,38613
2026-04-24 15:50:00+00:00,4.11,365.3,38023
2026-04-24 15:51:00+00:00,3.94,364.4,30317
2026-04-24 15:52:00+00:00,3.44,364.3,32873
2026-04-24 15:53:00+00:00,4.85,359.7,27503
2026-04-24 15:54:00+00:00,4.63,360.2,37327
2026-04-24 15:55:00+00:00,4.12,362.5,26303
2026-04-24 15:56:00+00:00,4.29,361.3,35672
2026-04-24 15:57:00+00:00,4.39,359.7,28792
2026-04-24 15:58:00+00:00,4.47,360.3,32145
2026-04-24 16:02:00+00:00,3.91,360.8,37782
2026-04-24 16:03:00+00:00,4.16,360.9,37357
2026-04-24 16:04:00+00:00,4.58,360.6,35404
2026-04-24 16:05:00+00:00,4.62,359.5,33403
2026-04-24 16:06:00+00:00,4.20,359.8,36015
2026-04-24 16:07:00+00:00,3.47,360.3,39475
2026-04-24 16:08:00+00:00,4.28,360.1,32448
2026-04-24 16:09:00+00:00,4.70,359.5,31015
2026-04-24 16:10:00+00:00,4.40,359.5,37057
2026-04-24 16:11:00+00:00,3.82,359.2,34172
2026-04-24 16:12:00+00:00,4.15,359.3,37373
2026-04-24 16:13:00+00:00,4.83,357.7,35970
2026-04-24 16:15:00+00:00,3.95,359.6,28049
2026-04-24 16:16:00+00:00,4.01,358.9,35868
2026-04-24 16:17:00+00:00,4.29,357.2,35489
2026-04-24 16:18:00+00:00,4.26,357.2,36736
2026-04-24 16:19:00+00:00,3.89,358.5,37286
2026-04-24 16:20:00+00:00,3.68,359.6,34355
2026-04-24 16:21:00+00:00,3.70,361.1,42343
2026-04-24 16:22:00+00:00,3.84,360.5,41947
2026-04-24 16:23:00+00:00,3.74,358.6,43272
2026-04-24 16:24:00+00:00,4.00,358.6,32885
2026-04-24 16:25:00+00:00,4.00,358.3,42149
2026-04-24 16:26:00+00:00,4.28,359.8,34619
2026-04-24 16:27:00+00:00,3.59,362.2,38214
2026-04-24 16:28:00+00:00,2.52,372.1,31610
2026-04-24 16:30:00+00:00,2.82,368.1,34981
2026-04-24 16:31:00+00:00,2.60,368.3,33429
2026-04-24 16:34:00+00:00,2.48,367.6,36512
2026-04-24 16:35:00+00:00,2.50,367.3,35651
2026-04-24 16:36:00+00:00,2.73,366.5,34020
2026-04-24 16:37:00+00:00,2.89,366.3,33827
2026-04-24 16:38:00+00:00,2.37,367.0,36447
2026-04-24 16:39:00+00:00,2.73,365.5,40005
2026-04-24 16:40:00+00:00,2.95,366.6,37422
2026-04-24 16:41:00+00:00,2.62,369.5,37196
2026-04-24 16:42:00+00:00,2.24,364.5,39924
2026-04-24 16:43:00+00:00,2.89,365.0,42539
2026-04-24 16:45:00+00:00,2.67,367.8,30146
2026-04-24 16:46:00+00:00,2.49,366.8,35304
2026-04-24 16:47:00+00:00,2.79,364.8,35981
2026-04-24 16:48:00+00:00,2.78,364.0,31838
2026-04-24 16:49:00+00:00,2.60,365.0,29864
2026-04-24 16:50:00+00:00,2.71,365.3,31204
2026-04-24 16:51:00+00:00,2.85,365.0,33647
2026-04-24 16:52:00+00:00,2.85,364.9,33544
2026-04-24 16:53:00+00:00,2.94,364.5,30100
2026-04-24 16:54:00+00:00,3.00,365.1,31652
2026-04-24 16:55:00+00:00,3.16,365.3,37256
2026-04-24 16:56:00+00:00,2.64,368.4,39686
2026-04-24 16:57:00+00:00,3.24,365.1,33486
2026-04-24 16:58:00+00:00,2.65,368.3,40876
2026-04-24 17:00:00+00:00,2.84,366.7,43471
2026-04-24 17:01:00+00:00,3.21,363.9,36824
2026-04-24 17:02:00+00:00,3.76,361.8,38669
2026-04-24 17:03:00+00:00,3.85,362.3,42322
2026-04-24 17:04:00+00:00,4.04,363.0,41985
2026-04-24 17:07:00+00:00,2.90,375.0,24080
2026-04-24 17:08:00+00:00,2.98,374.0,24134
2026-04-24 17:09:00+00:00,3.15,372.1,25407
2026-04-24 17:10:00+00:00,3.10,371.9,28487
2026-04-24 17:11:00+00:00,2.68,370.9,28786
2026-04-24 17:12:00+00:00,2.55,368.7,29181
2026-04-24 17:13:00+00:00,2.61,,
2026-04-24 17:14:00+00:00,2.61,369.6,26769
2026-04-24 17:15:00+00:00,2.69,367.7,24345
2026-04-24 17:16:00+00:00,2.82,369.4,24286
2026-04-24 17:17:00+00:00,2.59,368.8,20695
2026-04-24 17:18:00+00:00,2.78,369.0,22736
2026-04-24 17:19:00+00:00,2.94,371.4,21534
2026-04-24 17:20:00+00:00,3.34,371.1,21745
2026-04-24 17:21:00+00:00,3.40,371.3,24015
2026-04-24 17:22:00+00:00,3.24,372.5,25037
2026-04-24 17:23:00+00:00,3.21,371.5,25767
2026-04-24 17:24:00+00:00,3.16,371.1,25332
2026-04-24 17:25:00+00:00,3.09,373.4,21975
2026-04-24 17:26:00+00:00,3.19,374.2,21838
2026-04-24 17:27:00+00:00,3.35,376.0,21548
2026-04-24 17:28:00+00:00,3.45,376.6,20134
2026-04-24 17:29:00+00:00,3.45,376.6,20172
2026-04-24 17:30:00+00:00,3.31,376.4,22423
2026-04-24 17:31:00+00:00,3.21,378.1,20330
2026-04-24 17:32:00+00:00,3.01,377.7,23727
2026-04-24 17:33:00+00:00,3.72,376.2,23671
2026-04-24 17:34:00+00:00,4.04,374.9,25369
2026-04-24 17:35:00+00:00,3.95,377.2,24699
2026-04-24 17:36:00+00:00,4.17,378.1,23784
2026-04-24 17:37:00+00:00,4.32,377.9,23247
2026-04-24 17:38:00+00:00,4.31,378.0,22972
2026-04-24 17:40:00+00:00,3.61,383.4,20580
2026-04-24 17:41:00+00:00,3.46,382.8,21324
2026-04-24 17:42:00+00:00,3.26,380.6,22233
2026-04-24 17:43:00+00:00,2.81,377.0,25336
2026-04-24 17:44:00+00:00,2.84,377.2,25292
2026-04-24 17:45:00+00:00,3.17,379.2,24780
2026-04-24 17:46:00+00:00,3.82,378.8,23324
2026-04-24 17:47:00+00:00,3.82,379.8,23258
2026-04-24 17:48:00+00:00,3.28,379.3,24378
2026-04-24 17:49:00+00:00,3.49,378.9,24789
2026-04-24 17:50:00+00:00,3.49,378.5,22005
2026-04-24 17:51:00+00:00,3.32,380.2,20755
2026-04-24 17:52:00+00:00,3.12,380.1,20731
2026-04-24 17:53:00+00:00,3.04,379.1,20660
2026-04-24 17:54:00+00:00,3.19,379.6,22803
2026-04-24 17:55:00+00:00,3.32,380.2,22627
2026-04-24 17:56:00+00:00,3.23,379.5,19637
2026-04-24 17:57:00+00:00,3.16,378.6,21068
2026-04-24 17:58:00+00:00,3.20,377.9,22014
2026-04-24 18:00:00+00:00,3.28,378.9,21512
2026-04-24 18:01:00+00:00,3.29,378.9,21457
2026-04-24 18:02:00+00:00,3.55,380.1,18205
2026-04-24 18:03:00+00:00,3.64,378.3,21151
2026-04-24 18:04:00+00:00,3.57,379.8,20668
2026-04-24 18:05:00+00:00,3.55,379.9,21763
2026-04-24 18:06:00+00:00,3.62,379.5,19383
2026-04-24 18:07:00+00:00,3.56,378.8,21367
2026-04-24 18:08:00+00:00,3.81,378.6,20956
2026-04-24 18:09:00+00:00,3.90,376.6,21387
2026-04-24 18:10:00+00:00,3.57,375.1,23877
2026-04-24 18:11:00+00:00,3.30,375.2,25217
2026-04-24 18:15:00+00:00,4.71,378.5,19585
2026-04-24 18:16:00+00:00,4.65,379.1,19821
2026-04-24 18:17:00+00:00,4.01,385.8,22405
2026-04-24 18:18:00+00:00,4.09,385.4,21043
2026-04-24 18:19:00+00:00,3.51,381.5,22306
2026-04-24 18:20:00+00:00,4.08,377.5,18675
2026-04-24 18:21:00+00:00,3.91,373.5,23436
2026-04-24 18:22:00+00:00,3.60,374.5,23266
2026-04-24 18:23:00+00:00,3.13,377.7,23006
2026-04-24 18:24:00+00:00,3.28,378.4,22298
2026-04-24 18:25:00+00:00,3.43,378.1,23669
2026-04-24 18:26:00+00:00,3.09,379.3,22767
2026-04-24 18:27:00+00:00,2.82,379.8,21983
2026-04-24 18:28:00+00:00,3.02,378.2,23089
2026-04-24 18:29:00+00:00,3.53,372.9,27031
2026-04-24 18:30:00+00:00,3.55,373.8,25577
2026-04-24 18:31:00+00:00,3.71,376.3,21045
2026-04-24 18:32:00+00:00,4.25,372.1,24860
2026-04-24 18:33:00+00:00,4.08,372.0,21884
2026-04-24 18:34:00+00:00,3.50,368.9,29861
2026-04-24 18:35:00+00:00,3.58,371.4,23865
2026-04-24 18:36:00+00:00,4.05,371.2,28631
2026-04-24 18:37:00+00:00,3.78,374.0,24225
2026-04-24 18:38:00+00:00,3.79,373.4,28160
2026-04-24 18:41:00+00:00,3.72,378.5,30984
2026-04-24 18:42:00+00:00,3.21,377.2,27676
2026-04-24 18:43:00+00:00,3.51,381.7,36946
2026-04-24 18:44:00+00:00,4.15,387.0,45111
2026-04-24 18:45:00+00:00,4.57,385.2,36173
2026-04-24 18:48:00+00:00,4.13,385.1,36963
2026-04-24 18:49:00+00:00,4.27,381.9,41167
2026-04-24 18:50:00+00:00,2.66,378.2,28783
2026-04-24 18:51:00+00:00,1.34,364.4,16286
2026-04-24 18:52:00+00:00,2.61,372.5,20892
2026-04-24 18:53:00+00:00,4.68,389.6,65538
2026-04-24 18:54:00+00:00,3.85,381.2,39996
2026-04-24 18:55:00+00:00,2.26,372.4,17912
2026-04-24 18:56:00+00:00,2.82,380.8,45404
2026-04-24 18:57:00+00:00,3.03,382.8,42731
2026-04-24 18:58:00+00:00,2.34,382.8,25221
2026-04-24 19:01:00+00:00,2.59,380.8,33810
2026-04-24 19:02:00+00:00,3.53,386.0,50665
2026-04-24 19:03:00+00:00,3.32,387.6,51651
2026-04-24 19:04:00+00:00,2.52,380.6,33763
2026-04-24 19:05:00+00:00,4.11,378.4,41118
2026-04-24 19:06:00+00:00,3.11,384.1,29976
2026-04-24 19:07:00+00:00,3.13,387.2,36271
2026-04-24 19:08:00+00:00,3.19,384.1,30573
2026-04-24 19:09:00+00:00,1.65,373.4,19252
2026-04-24 19:10:00+00:00,4.48,384.6,55784
2026-04-24 19:11:00+00:00,4.93,387.9,51310
2026-04-24 19:12:00+00:00,4.08,386.6,42943
2026-04-24 19:13:00+00:00,2.95,381.0,32615
2026-04-24 19:14:00+00:00,3.14,383.6,35893
2026-04-24 19:15:00+00:00,4.14,389.0,46049
2026-04-24 19:16:00+00:00,4.05,387.1,38599
2026-04-24 19:17:00+00:00,3.65,386.8,29759
2026-04-24 19:18:00+00:00,3.81,384.1,27665
2026-04-24 19:19:00+00:00,4.09,380.1,20832
2026-04-24 19:20:00+00:00,4.27,381.2,23433
2026-04-24 19:21:00+00:00,6.19,393.3,51497
2026-04-24 19:22:00+00:00,3.91,384.9,19752
2026-04-24 19:23:00+00:00,5.21,389.8,34471
2026-04-24 19:24:00+00:00,4.54,387.2,26137
2026-04-24 19:25:00+00:00,4.01,385.1,20833
2026-04-24 19:26:00+00:00,2.78,380.5,13729
2026-04-24 19:27:00+00:00,4.20,388.7,30915
2026-04-24 19:28:00+00:00,4.69,390.8,31745
2026-04-24 19:29:00+00:00,4.21,390.7,27720
2026-04-24 19:30:00+00:00,3.38,386.5,20818
2026-04-24 19:31:00+00:00,3.19,384.8,19296
2026-04-24 19:32:00+00:00,3.90,390.2,28302
2026-04-24 19:33:00+00:00,3.83,390.2,25935
2026-04-24 19:34:00+00:00,3.31,392.6,23087
2026-04-24 19:35:00+00:00,3.02,394.8,24526
2026-04-24 19:36:00+00:00,2.90,388.0,19600
2026-04-24 19:37:00+00:00,3.38,388.4,23045
2026-04-24 19:38:00+00:00,3.70,391.2,30331
2026-04-24 19:39:00+00:00,3.21,390.7,31574
2026-04-24 19:40:00+00:00,1.91,379.2,19714
2026-04-24 19:41:00+00:00,2.58,382.9,23537
2026-04-24 19:42:00+00:00,3.22,388.8,39528
2026-04-24 19:43:00+00:00,3.29,390.3,40401
2026-04-24 19:44:00+00:00,2.61,386.3,31887
2026-04-24 19:45:00+00:00,1.46,402.2,46916
2026-04-24 19:46:00+00:00,3.37,396.6,43242
2026-04-24 19:47:00+00:00,3.66,388.8,35531
2026-04-24 19:48:00+00:00,2.50,384.0,27521
2026-04-24 19:49:00+00:00,2.08,382.9,27094
2026-04-24 19:50:00+00:00,3.68,391.1,40651
2026-04-24 19:51:00+00:00,5.12,394.3,47524
2026-04-24 19:52:00+00:00,1.78,380.3,10528
2026-04-24 19:53:00+00:00,1.83,380.4,10743
2026-04-24 19:54:00+00:00,5.65,400.4,59058
2026-04-24 19:55:00+00:00,4.29,391.9,30316
2026-04-24 19:56:00+00:00,3.84,392.0,30209
2026-04-24 19:57:00+00:00,1.52,384.6,16012
2026-04-24 19:58:00+00:00,3.67,401.0,43306
2026-04-24 19:59:00+00:00,3.58,401.9,35917
2026-04-24 20:00:00+00:00,3.57,397.9,27451
2026-04-24 20:01:00+00:00,3.25,392.0,19842
2026-04-24 20:02:00+00:00,3.44,389.4,21171
2026-04-24 20:03:00+00:00,3.91,389.0,25009
2026-04-24 20:04:00+00:00,3.76,387.8,21669
2026-04-24 20:05:00+00:00,4.02,389.3,24699
2026-04-24 20:06:00+00:00,3.30,383.3,19046
2026-04-24 20:07:00+00:00,2.35,376.9,11271
2026-04-24 20:08:00+00:00,3.66,384.3,15643
2026-04-24 20:09:00+00:00,4.25,389.0,27194
2026-04-24 20:11:00+00:00,2.67,380.9,13595
2026-04-24 20:12:00+00:00,4.35,389.1,22971
2026-04-24 20:13:00+00:00,6.83,396.6,33642
2026-04-24 20:14:00+00:00,6.29,393.1,34380
2026-04-24 20:15:00+00:00,3.20,379.1,33827
2026-04-24 20:16:00+00:00,3.18,377.9,
2026-04-24 20:17:00+00:00,6.79,391.2,54260
2026-04-24 20:18:00+00:00,6.94,392.9,37156
2026-04-24 20:19:00+00:00,3.70,381.7,16055
2026-04-24 20:20:00+00:00,4.20,382.2,19264
2026-04-24 20:21:00+00:00,7.48,394.0,32925
2026-04-24 20:22:00+00:00,6.98,392.8,30255
2026-04-24 20:23:00+00:00,5.63,385.0,16708
2026-04-24 20:24:00+00:00,3.66,381.8,14211
2026-04-24 20:27:00+00:00,7.77,400.1,50781
2026-04-24 20:28:00+00:00,5.26,387.6,22872
2026-04-24 20:29:00+00:00,6.21,395.5,36051
2026-04-24 20:30:00+00:00,7.15,391.6,27745
2026-04-24 20:31:00+00:00,6.25,390.2,19780
2026-04-24 20:32:00+00:00,6.19,392.2,21929
2026-04-24 20:33:00+00:00,5.23,390.5,18146
2026-04-24 20:34:00+00:00,5.31,391.0,18584
2026-04-24 20:35:00+00:00,6.77,394.4,25205
2026-04-24 20:36:00+00:00,6.95,394.0,26042
2026-04-24 20:37:00+00:00,6.21,392.6,25079
2026-04-24 20:38:00+00:00,6.39,393.0,24426
2026-04-24 20:39:00+00:00,7.58,396.7,34969
2026-04-24 20:40:00+00:00,6.16,393.6,26877
2026-04-24 20:41:00+00:00,6.42,392.7,25292
2026-04-24 20:42:00+00:00,5.76,391.6,20395
2026-04-24 20:43:00+00:00,7.89,396.1,33814
2026-04-24 20:44:00+00:00,6.40,393.5,26609
2026-04-24 20:45:00+00:00,3.90,393.3,25848
2026-04-24 20:46:00+00:00,3.21,385.5,15828
2026-04-24 20:47:00+00:00,3.87,385.7,16110
2026-04-24 20:48:00+00:00,7.02,392.9,34115
2026-04-24 20:49:00+00:00,6.89,392.9,36777
2026-04-24 20:50:00+00:00,4.47,385.8,22987
2026-04-24 20:51:00+00:00,3.92,382.9,15853
2026-04-24 20:52:00+00:00,5.29,387.5,19820
2026-04-24 20:53:00+00:00,6.45,391.1,26051
2026-04-24 20:54:00+00:00,5.55,387.1,26993
2026-04-24 20:55:00+00:00,3.18,382.5,15707
2026-04-24 20:56:00+00:00,4.07,387.8,18524
2026-04-24 20:57:00+00:00,6.79,397.3,40457
2026-04-24 20:59:00+00:00,1.44,375.9,
2026-04-24 21:01:00+00:00,3.61,393.4,26645
2026-04-24 21:02:00+00:00,4.48,393.8,27439
2026-04-24 21:03:00+00:00,3.93,390.7,22528
2026-04-24 21:04:00+00:00,4.11,392.4,25611
2026-04-24 21:05:00+00:00,4.61,391.7,26109
2026-04-24 21:06:00+00:00,4.41,390.0,21191
2026-04-24 21:07:00+00:00,4.09,391.6,22644
2026-04-24 21:08:00+00:00,3.76,391.2,23555
2026-04-24 21:09:00+00:00,3.04,390.2,18416
2026-04-24 21:10:00+00:00,3.42,398.6,30588
2026-04-24 21:11:00+00:00,3.80,401.5,37069
2026-04-24 21:12:00+00:00,3.13,392.4,31894
2026-04-24 21:13:00+00:00,1.21,372.4,
2026-04-24 21:14:00+00:00,5.19,395.5,52326
2026-04-24 21:15:00+00:00,5.11,390.8,39946
2026-04-24 21:16:00+00:00,4.24,392.7,43057
2026-04-24 21:17:00+00:00,2.87,383.9,29963
2026-04-24 21:18:00+00:00,4.39,388.6,43044
2026-04-24 21:19:00+00:00,6.22,391.2,58229
2026-04-24 21:20:00+00:00,7.39,388.4,58284
2026-04-24 21:21:00+00:00,5.01,377.3,36656
2026-04-24 21:22:00+00:00,4.12,385.2,47176
2026-04-24 21:23:00+00:00,4.78,401.4,58812
2026-04-24 21:24:00+00:00,4.17,401.9,39883
2026-04-24 21:25:00+00:00,5.46,395.7,41476
2026-04-24 21:26:00+00:00,5.86,379.5,31883
2026-04-24 21:27:00+00:00,4.24,393.9,44643
2026-04-24 21:28:00+00:00,5.25,406.2,50201
2026-04-24 21:29:00+00:00,4.45,399.5,45961
2026-04-24 21:30:00+00:00,2.55,390.4,26559
2026-04-24 21:31:00+00:00,2.55,,
2026-04-24 21:32:00+00:00,5.19,386.3,26714
2026-04-24 21:33:00+00:00,6.67,393.3,58477
2026-04-24 21:34:00+00:00,6.07,390.2,40615
2026-04-24 21:35:00+00:00,4.24,390.7,31415
2026-04-24 21:36:00+00:00,5.24,397.1,46236
2026-04-24 21:37:00+00:00,5.31,399.4,52497
2026-04-24 21:38:00+00:00,3.57,392.2,39781
2026-04-24 21:39:00+00:00,2.97,389.9,36211
2026-04-24 21:40:00+00:00,3.76,398.0,44925
2026-04-24 21:41:00+00:00,4.61,403.2,42781
2026-04-24 21:42:00+00:00,5.09,405.8,44711
2026-04-24 21:43:00+00:00,3.21,397.8,46147
2026-04-24 21:44:00+00:00,2.85,397.5,38525
2026-04-24 21:45:00+00:00,2.86,392.2,42415
2026-04-24 21:46:00+00:00,2.94,391.4,38708
2026-04-24 21:47:00+00:00,2.85,394.5,42891
2026-04-24 21:48:00+00:00,2.82,395.8,43096
2026-04-24 21:49:00+00:00,2.93,389.9,49651
2026-04-24 21:50:00+00:00,2.65,391.9,52859
2026-04-24 21:51:00+00:00,3.09,398.4,56654
2026-04-24 21:52:00+00:00,2.95,394.7,52650
2026-04-24 21:53:00+00:00,2.60,392.0,51815
2026-04-24 21:54:00+00:00,2.75,393.4,48007
2026-04-24 21:55:00+00:00,2.91,392.9,39979
2026-04-24 21:56:00+00:00,2.84,392.1,37144
2026-04-24 21:57:00+00:00,3.60,391.2,37137
2026-04-24 21:58:00+00:00,5.06,386.5,37828
2026-04-24 21:59:00+00:00,2.90,391.8,40608
2026-04-24 22:00:00+00:00,3.00,392.3,40431
2026-04-24 22:01:00+00:00,4.04,397.0,38560
2026-04-24 22:02:00+00:00,4.91,396.9,42969
2026-04-24 22:03:00+00:00,6.33,401.7,46421
2026-04-24 22:04:00+00:00,6.40,402.0,46603
2026-04-24 22:06:00+00:00,3.39,392.1,28682
2026-04-24 22:07:00+00:00,3.89,391.9,32697
2026-04-24 22:08:00+00:00,3.34,389.2,35121
2026-04-24 22:09:00+00:00,4.44,381.3,36511
2026-04-24 22:10:00+00:00,4.77,378.5,36020
2026-04-24 22:11:00+00:00,5.53,384.0,32853
2026-04-24 22:12:00+00:00,7.21,385.3,31138
2026-04-24 22:13:00+00:00,6.25,383.4,30612
2026-04-24 22:14:00+00:00,4.80,383.7,28355
2026-04-24 22:15:00+00:00,4.49,382.7,33074
2026-04-24 22:16:00+00:00,6.81,393.8,51173
2026-04-24 22:17:00+00:00,5.57,390.6,45463
2026-04-24 22:18:00+00:00,4.59,389.7,44501
2026-04-24 22:19:00+00:00,2.50,374.7,17347
2026-04-24 22:20:00+00:00,8.84,392.0,60036
2026-04-24 22:21:00+00:00,7.22,388.1,37690
2026-04-24 22:22:00+00:00,5.65,385.9,30254
2026-04-24 22:23:00+00:00,5.12,384.3,34185
2026-04-24 22:24:00+00:00,7.76,381.8,36678
2026-04-24 22:25:00+00:00,7.70,381.3,37782
2026-04-24 22:26:00+00:00,7.29,381.8,31896
2026-04-24 22:27:00+00:00,6.28,386.4,29001
2026-04-24 22:28:00+00:00,5.58,390.1,33865
2026-04-24 22:29:00+00:00,5.98,387.5,30611
2026-04-24 22:30:00+00:00,6.46,386.5,28479
2026-04-24 22:31:00+00:00,7.44,383.2,29560
2026-04-24 22:32:00+00:00,6.55,386.7,30258
2026-04-24 22:33:00+00:00,7.32,386.1,28378
2026-04-24 22:34:00+00:00,6.55,386.4,28901
2026-04-24 22:35:00+00:00,6.25,385.4,28891
2026-04-24 22:36:00+00:00,5.01,387.2,33787
2026-04-24 22:37:00+00:00,4.85,387.4,34434
2026-04-24 22:39:00+00:00,6.55,398.0,65590
2026-04-24 22:40:00+00:00,6.41,384.9,31537
2026-04-24 22:41:00+00:00,4.71,384.2,29292
2026-04-24 22:42:00+00:00,4.31,385.5,30138
2026-04-24 22:43:00+00:00,5.19,387.7,33060
2026-04-24 22:44:00+00:00,4.89,387.6,33038
2026-04-24 22:45:00+00:00,4.86,386.9,32852
2026-04-24 22:46:00+00:00,2.56,389.6,29776
2026-04-24 22:47:00+00:00,2.69,390.5,32539
2026-04-24 22:48:00+00:00,3.55,395.1,47141
2026-04-24 22:49:00+00:00,4.76,385.8,35364
2026-04-24 22:50:00+00:00,2.63,380.5,27873
2026-04-24 22:51:00+00:00,7.28,397.0,77705
2026-04-24 22:52:00+00:00,7.62,394.2,44917
2026-04-24 22:53:00+00:00,6.25,390.7,31979
2026-04-24 22:54:00+00:00,5.59,386.6,26457
2026-04-24 22:55:00+00:00,7.01,393.6,46772
2026-04-24 22:56:00+00:00,3.50,389.4,45517
2026-04-24 22:57:00+00:00,3.29,390.6,51840
2026-04-24 22:58:00+00:00,2.86,385.9,41433
2026-04-24 22:59:00+00:00,3.98,383.0,32495
2026-04-24 23:00:00+00:00,5.11,388.6,44795
2026-04-24 23:01:00+00:00,3.62,390.8,47028
2026-04-24 23:02:00+00:00,3.90,390.4,43954
2026-04-24 23:03:00+00:00,4.84,391.1,37660
2026-04-24 23:04:00+00:00,6.27,387.7,36893
2026-04-24 23:05:00+00:00,6.80,389.0,38323
2026-04-24 23:06:00+00:00,8.98,383.2,34304
2026-04-24 23:07:00+00:00,5.49,385.2,44067
2026-04-24 23:08:00+00:00,4.82,386.8,44492
2026-04-24 23:09:00+00:00,3.96,389.3,47403
2026-04-24 23:10:00+00:00,3.78,389.8,48059
2026-04-24 23:11:00+00:00,4.90,387.7,45072
2026-04-24 23:12:00+00:00,4.49,388.1,47064
2026-04-24 23:13:00+00:00,4.36,389.0,47744
2026-04-24 23:14:00+00:00,4.41,389.5,47134
2026-04-24 23:15:00+00:00,4.66,387.2,48416
2026-04-24 23:16:00+00:00,5.17,384.3,48402
2026-04-24 23:17:00+00:00,5.50,384.4,44533
2026-04-24 23:18:00+00:00,5.38,385.0,45561
2026-04-24 23:19:00+00:00,3.64,389.7,50529
2026-04-24 23:20:00+00:00,3.83,388.9,53896
2026-04-24 23:21:00+00:00,4.40,385.2,62709
2026-04-24 23:22:00+00:00,2.48,398.3,50029
2026-04-24 23:23:00+00:00,5.65,384.1,40927
2026-04-24 23:24:00+00:00,5.18,383.5,40550
2026-04-24 23:25:00+00:00,5.92,381.0,34925
2026-04-24 23:26:00+00:00,6.34,380.3,34257
2026-04-24 23:27:00+00:00,6.12,380.9,33726
2026-04-24 23:28:00+00:00,5.96,381.5,36571
2026-04-24 23:29:00+00:00,5.90,381.7,37158
2026-04-24 23:30:00+00:00,5.69,382.8,38067
2026-04-24 23:31:00+00:00,5.71,384.1,42380
2026-04-24 23:32:00+00:00,5.95,383.4,42513
2026-04-24 23:33:00+00:00,5.62,382.3,39916
2026-04-24 23:34:00+00:00,5.44,382.8,44201
2026-04-24 23:35:00+00:00,6.88,380.8,35918
2026-04-24 23:36:00+00:00,6.69,380.2,39438
2026-04-24 23:37:00+00:00,7.32,380.2,34136
2026-04-24 23:38:00+00:00,6.78,380.7,38582
2026-04-24 23:39:00+00:00,6.76,380.1,39836
2026-04-24 23:40:00+00:00,7.36,381.1,42077
2026-04-24 23:41:00+00:00,10.00,390.5,42253
2026-04-24 23:42:00+00:00,10.43,395.5,38822
2026-04-24 23:44:00+00:00,10.39,398.3,45946
2026-04-24 23:45:00+00:00,10.72,401.0,43572
2026-04-24 23:46:00+00:00,11.32,404.7,41717
2026-04-24 23:47:00+00:00,11.49,406.0,42612
2026-04-24 23:48:00+00:00,10.73,406.0,44431
2026-04-24 23:49:00+00:00,9.67,407.0,45887
2026-04-24 23:50:00+00:00,9.38,406.8,45480
2026-04-24 23:51:00+00:00,9.09,406.3,43041
2026-04-24 23:52:00+00:00,6.68,408.7,46137
2026-04-24 23:53:00+00:00,11.50,,
2026-04-24 23:54:00+00:00,11.50,417.4,49099
2026-04-24 23:55:00+00:00,9.48,410.6,50209
2026-04-24 23:56:00+00:00,8.65,410.5,54097
2026-04-24 23:57:00+00:00,10.96,409.4,49245
2026-04-24 23:58:00+00:00,11.64,406.8,47402
2026-04-24 23:59:00+00:00,10.16,410.0,52743
2026-04-25 00:00:00+00:00,8.68,406.8,53261
2026-04-25 00:01:00+00:00,8.10,403.4,50513
2026-04-25 00:02:00+00:00,7.98,402.7,49437
2026-04-25 00:03:00+00:00,7.98,403.8,48972
2026-04-25 00:04:00+00:00,8.20,405.5,48680
2026-04-25 00:05:00+00:00,12.91,409.2,35430
2026-04-25 00:06:00+00:00,12.97,408.7,34738
2026-04-25 00:07:00+00:00,13.20,407.3,32026
2026-04-25 00:08:00+00:00,13.22,409.2,30985
2026-04-25 00:09:00+00:00,12.16,409.4,32603
2026-04-25 00:10:00+00:00,13.04,407.9,32250
2026-04-25 00:11:00+00:00,13.30,405.9,35517
2026-04-25 00:12:00+00:00,14.45,407.2,33130
2026-04-25 00:13:00+00:00,13.73,407.8,31658
2026-04-25 00:14:00+00:00,14.13,407.8,31938
2026-04-25 00:15:00+00:00,13.99,408.1,33918
2026-04-25 00:16:00+00:00,13.83,408.2,34754
2026-04-25 00:17:00+00:00,11.66,411.7,39133
2026-04-25 00:18:00+00:00,12.29,410.5,39942
2026-04-25 00:19:00+00:00,10.86,411.2,43916
2026-04-25 00:20:00+00:00,7.68,414.6,49744
2026-04-25 00:21:00+00:00,7.45,415.4,51618
2026-04-25 00:22:00+00:00,7.80,414.2,49872
2026-04-25 00:23:00+00:00,7.20,415.6,51644
2026-04-25 00:24:00+00:00,7.31,414.9,52771
2026-04-25 00:25:00+00:00,7.35,417.0,54779
2026-04-25 00:26:00+00:00,6.13,416.2,45458
2026-04-25 00:27:00+00:00,7.76,414.2,52073
2026-04-25 00:28:00+00:00,8.08,413.6,53016
2026-04-25 00:29:00+00:00,7.22,411.4,48506
2026-04-25 00:30:00+00:00,6.83,408.2,49162
2026-04-25 00:31:00+00:00,7.09,409.9,50108
2026-04-25 00:32:00+00:00,7.18,413.3,57655
2026-04-25 00:33:00+00:00,7.37,418.1,59023
2026-04-25 00:34:00+00:00,6.38,417.7,56695
2026-04-25 00:35:00+00:00,5.77,415.6,59073
2026-04-25 00:36:00+00:00,6.89,417.9,61448
2026-04-25 00:37:00+00:00,7.27,420.3,63149
2026-04-25 00:38:00+00:00,7.00,424.1,70970
2026-04-25 00:39:00+00:00,7.26,426.6,72122
2026-04-25 00:40:00+00:00,7.24,426.5,72417
2026-04-25 00:41:00+00:00,7.02,425.7,75589
2026-04-25 00:42:00+00:00,6.76,424.8,71351
2026-04-25 00:43:00+00:00,6.23,424.6,74380
2026-04-25 00:44:00+00:00,5.55,420.1,69618
2026-04-25 00:45:00+00:00,5.16,419.0,67478
2026-04-25 00:46:00+00:00,4.83,416.5,50723
2026-04-25 00:47:00+00:00,4.53,414.1,50277
2026-04-25 00:48:00+00:00,4.38,411.9,50960
2026-04-25 00:49:00+00:00,4.36,410.9,49937
2026-04-25 00:50:00+00:00,4.98,415.8,54687
2026-04-25 00:51:00+00:00,5.10,415.6,55389
2026-04-25 00:52:00+00:00,5.59,414.3,53543
2026-04-25 00:53:00+00:00,6.34,413.3,50160
2026-04-25 00:54:00+00:00,6.44,414.9,56567
2026-04-25 00:55:00+00:00,5.53,416.3,61607
2026-04-25 00:56:00+00:00,5.81,416.3,56224
2026-04-25 00:57:00+00:00,4.47,421.0,59297
2026-04-25 00:58:00+00:00,5.17,418.7,59359
2026-04-25 00:59:00+00:00,5.59,419.7,58202
2026-04-25 01:00:00+00:00,6.31,420.0,52124
2026-04-25 01:01:00+00:00,6.10,421.3,53800
2026-04-25 01:02:00+00:00,5.81,419.2,66328
2026-04-25 01:03:00+00:00,6.00,417.1,71037
2026-04-25 01:04:00+00:00,6.32,419.0,64667
2026-04-25 01:05:00+00:00,5.54,417.7,67617
2026-04-25 01:06:00+00:00,4.89,416.5,72942
2026-04-25 01:07:00+00:00,5.26,418.9,73472
2026-04-25 01:08:00+00:00,5.42,419.3,80818
2026-04-25 01:09:00+00:00,4.74,417.0,93755
2026-04-25 01:10:00+00:00,3.95,415.0,96123
2026-04-25 01:11:00+00:00,3.43,406.5,85240
2026-04-25 01:12:00+00:00,3.87,409.0,81721
2026-04-25 01:13:00+00:00,3.39,,
2026-04-25 01:14:00+00:00,3.39,406.9,85920
2026-04-25 01:15:00+00:00,3.83,412.7,81901
2026-04-25 01:16:00+00:00,3.67,409.4,83402
2026-04-25 01:17:00+00:00,4.18,414.7,85025
2026-04-25 01:18:00+00:00,4.29,418.8,81144
2026-04-25 01:19:00+00:00,3.96,418.7,75913
2026-04-25 01:20:00+00:00,3.77,415.0,73588
2026-04-25 01:21:00+00:00,3.74,412.5,76694
2026-04-25 01:22:00+00:00,3.73,412.0,79513
2026-04-25 01:23:00+00:00,3.43,414.8,76714
2026-04-25 01:24:00+00:00,3.65,408.4,75039
2026-04-25 01:25:00+00:00,3.67,407.9,76400
2026-04-25 01:26:00+00:00,3.70,407.5,84127
2026-04-25 01:27:00+00:00,3.63,411.7,96928
2026-04-25 01:28:00+00:00,3.42,414.6,81015
2026-04-25 01:29:00+00:00,3.51,411.4,73734
2026-04-25 01:30:00+00:00,3.79,409.7,81807
2026-04-25 01:31:00+00:00,3.83,408.8,75749
2026-04-25 01:32:00+00:00,3.27,405.0,79111
2026-04-25 01:33:00+00:00,3.58,410.5,78442
2026-04-25 01:34:00+00:00,3.90,409.8,76112
2026-04-25 01:35:00+00:00,3.77,409.5,75100
2026-04-25 01:36:00+00:00,3.36,407.3,77098
2026-04-25 01:37:00+00:00,3.65,408.5,75100
2026-04-25 01:38:00+00:00,3.91,409.2,76804
2026-04-25 01:39:00+00:00,4.01,410.4,80286
2026-04-25 01:40:00+00:00,3.91,412.8,82162
2026-04-25 01:41:00+00:00,3.85,414.3,85279
2026-04-25 01:42:00+00:00,4.68,418.1,90398
2026-04-25 01:43:00+00:00,4.35,423.9,112014
2026-04-25 01:44:00+00:00,4.29,428.1,98994
2026-04-25 01:45:00+00:00,4.53,426.2,100993
2026-04-25 01:46:00+00:00,3.23,409.7,76459
2026-04-25 01:47:00+00:00,3.03,413.7,83080
2026-04-25 01:48:00+00:00,3.67,409.5,81883
2026-04-25 01:49:00+00:00,3.96,408.6,79690
2026-04-25 01:50:00+00:00,3.68,415.3,91226
2026-04-25 01:51:00+00:00,3.53,413.3,88217
2026-04-25 01:52:00+00:00,3.44,412.9,87271
2026-04-25 01:53:00+00:00,3.40,413.1,91980
2026-04-25 01:54:00+00:00,3.38,411.8,90444
2026-04-25 01:55:00+00:00,3.34,411.0,85933
2026-04-25 01:56:00+00:00,3.69,421.7,97912
2026-04-25 01:57:00+00:00,3.69,421.5,94878
2026-04-25 01:58:00+00:00,3.54,416.4,85210
2026-04-25 01:59:00+00:00,3.56,416.4,85380
2026-04-25 02:00:00+00:00,3.68,416.4,85662
2026-04-25 02:01:00+00:00,3.49,416.2,78196
2026-04-25 02:02:00+00:00,3.00,412.4,79988
2026-04-25 02:03:00+00:00,2.58,408.6,83862
2026-04-25 02:04:00+00:00,2.93,414.2,76600
2026-04-25 02:05:00+00:00,3.06,417.5,87737
2026-04-25 02:06:00+00:00,3.17,416.4,87200
2026-04-25 02:07:00+00:00,2.52,415.7,86933
2026-04-25 02:08:00+00:00,2.81,417.8,84594
2026-04-25 02:09:00+00:00,3.13,419.3,87005
2026-04-25 02:10:00+00:00,3.12,420.3,85782
2026-04-25 02:11:00+00:00,2.84,417.6,86760
2026-04-25 02:12:00+00:00,2.78,412.8,88679
2026-04-25 02:13:00+00:00,3.59,415.2,94137
2026-04-25 02:14:00+00:00,3.92,424.7,103402
2026-04-25 02:15:00+00:00,3.26,421.9,96361
2026-04-25 02:16:00+00:00,3.53,424.7,96215
2026-04-25 02:17:00+00:00,4.11,427.0,92101
2026-04-25 02:18:00+00:00,3.33,425.3,92487
2026-04-25 02:19:00+00:00,3.68,423.4,87777
2026-04-25 02:20:00+00:00,3.37,422.8,95718
2026-04-25 02:21:00+00:00,3.22,422.1,94153
2026-04-25 02:22:00+00:00,3.25,422.2,95575
2026-04-25 02:23:00+00:00,3.24,424.3,101545
2026-04-25 02:24:00+00:00,3.17,424.1,103332
2026-04-25 02:25:00+00:00,3.07,422.4,100575
2026-04-25 02:26:00+00:00,3.38,420.1,95429
2026-04-25 02:27:00+00:00,3.76,421.0,93678
2026-04-25 02:28:00+00:00,3.76,424.4,96297
2026-04-25 02:29:00+00:00,3.05,424.9,110248
2026-04-25 02:30:00+00:00,3.16,424.1,106132
2026-04-25 02:31:00+00:00,3.51,421.3,92998
2026-04-25 02:32:00+00:00,3.11,422.4,103618
2026-04-25 02:33:00+00:00,3.11,422.3,111298
2026-04-25 02:34:00+00:00,3.24,424.2,86727
2026-04-25 02:35:00+00:00,3.51,421.0,91914
2026-04-25 02:36:00+00:00,3.96,425.3,91004
2026-04-25 02:37:00+00:00,3.92,426.8,95654
2026-04-25 02:38:00+00:00,3.54,425.5,100165
2026-04-25 02:39:00+00:00,3.23,426.5,106938
2026-04-25 02:40:00+00:00,3.65,427.5,102373
2026-04-25 02:41:00+00:00,3.81,426.6,98668
2026-04-25 02:42:00+00:00,3.33,424.8,98520
2026-04-25 02:43:00+00:00,3.08,424.5,100120
2026-04-25 02:44:00+00:00,3.43,424.8,98393
2026-04-25 02:45:00+00:00,3.42,424.3,99892
2026-04-25 02:46:00+00:00,3.38,422.9,103855
2026-04-25 02:47:00+00:00,3.34,423.2,104495
2026-04-25 02:48:00+00:00,3.52,424.9,104773
2026-04-25 02:49:00+00:00,3.56,424.4,106647
2026-04-25 02:50:00+00:00,3.75,427.4,103225
2026-04-25 02:51:00+00:00,3.77,427.6,104764
2026-04-25 02:52:00+00:00,3.48,432.2,97854
2026-04-25 02:53:00+00:00,3.56,431.2,102379
2026-04-25 02:54:00+00:00,3.47,430.5,100558
2026-04-25 02:55:00+00:00,3.52,428.3,102544
2026-04-25 02:56:00+00:00,3.39,429.2,119911
2026-04-25 02:57:00+00:00,3.60,431.8,116063
2026-04-25 02:58:00+00:00,4.13,433.2,100255
2026-04-25 02:59:00+00:00,4.57,433.4,92236
2026-04-25 03:00:00+00:00,4.08,433.4,100231
2026-04-25 03:01:00+00:00,3.00,430.8,100745
2026-04-25 03:02:00+00:00,3.17,429.1,101908
2026-04-25 03:03:00+00:00,3.18,429.0,100533
2026-04-25 03:04:00+00:00,3.22,428.8,93890
2026-04-25 03:05:00+00:00,2.81,430.5,106353
2026-04-25 03:06:00+00:00,3.31,428.7,96313
2026-04-25 03:08:00+00:00,3.19,429.3,95342
2026-04-25 03:09:00+00:00,2.68,428.0,99452
2026-04-25 03:10:00+00:00,3.03,428.1,95930
2026-04-25 03:11:00+00:00,3.27,429.9,94303
2026-04-25 03:12:00+00:00,3.57,432.1,94394
2026-04-25 03:13:00+00:00,3.84,431.4,88643
2026-04-25 03:14:00+00:00,3.64,430.1,91214
2026-04-25 03:15:00+00:00,3.30,429.4,97422
2026-04-25 03:16:00+00:00,3.53,421.3,95893
2026-04-25 03:17:00+00:00,4.04,412.3,98159
2026-04-25 03:18:00+00:00,3.86,424.7,99857
2026-04-25 03:19:00+00:00,3.20,427.9,98877
2026-04-25 03:20:00+00:00,3.25,428.5,99382
2026-04-25 03:21:00+00:00,3.28,425.5,91121
2026-04-25 03:22:00+00:00,4.35,422.5,98749
2026-04-25 03:23:00+00:00,3.20,428.1,103655
2026-04-25 03:24:00+00:00,3.66,431.6,98116
2026-04-25 03:25:00+00:00,3.66,431.4,98394
2026-04-25 03:26:00+00:00,4.04,431.2,96930
2026-04-25 03:27:00+00:00,3.53,434.0,105485
2026-04-25 03:28:00+00:00,3.31,434.6,106246
2026-04-25 03:30:00+00:00,3.35,435.1,110393
2026-04-25 03:31:00+00:00,3.19,434.6,108191
2026-04-25 03:32:00+00:00,3.07,432.8,104810
2026-04-25 03:33:00+00:00,3.19,431.1,102483
2026-04-25 03:34:00+00:00,3.09,432.1,97997
2026-04-25 03:35:00+00:00,2.37,436.7,93903
2026-04-25 03:36:00+00:00,2.42,436.5,94127
2026-04-25 03:37:00+00:00,2.97,434.5,96656
2026-04-25 03:38:00+00:00,3.15,434.7,100683
2026-04-25 03:39:00+00:00,3.48,445.2,122679
2026-04-25 03:40:00+00:00,3.07,433.6,98695
2026-04-25 03:41:00+00:00,3.01,432.0,100018
2026-04-25 03:42:00+00:00,3.27,446.3,130441
2026-04-25 03:43:00+00:00,3.78,442.0,106376
2026-04-25 03:44:00+00:00,4.38,439.2,107694
2026-04-25 03:45:00+00:00,4.25,436.4,101045
2026-04-25 03:46:00+00:00,3.97,439.3,100875
2026-04-25 03:47:00+00:00,4.14,444.6,116661
2026-04-25 03:48:00+00:00,4.22,440.3,111003
2026-04-25 03:49:00+00:00,4.01,434.3,95238
2026-04-25 03:50:00+00:00,3.92,434.8,94446
2026-04-25 03:51:00+00:00,4.26,442.2,118672
2026-04-25 03:52:00+00:00,4.65,439.6,112517
2026-04-25 03:53:00+00:00,4.21,437.1,102075
2026-04-25 03:54:00+00:00,3.80,437.3,88630
2026-04-25 03:55:00+00:00,4.55,443.1,121597
2026-04-25 03:56:00+00:00,7.13,449.2,68758
2026-04-25 03:57:00+00:00,3.33,428.1,105480
2026-04-25 03:58:00+00:00,2.75,427.9,101404
2026-04-25 03:59:00+00:00,1.97,412.8,64731
2026-04-25 04:00:00+00:00,2.95,428.2,90843
2026-04-25 04:01:00+00:00,2.89,429.2,95840
2026-04-25 04:02:00+00:00,3.39,434.2,108484
2026-04-25 04:03:00+00:00,3.57,431.1,96023
2026-04-25 04:04:00+00:00,3.40,427.5,83872
2026-04-25 04:05:00+00:00,3.77,438.0,112084
2026-04-25 04:06:00+00:00,3.14,433.5,108521
2026-04-25 04:07:00+00:00,4.08,437.8,145033
2026-04-25 04:08:00+00:00,6.08,447.0,61344
2026-04-25 04:09:00+00:00,6.04,446.7,61720
2026-04-25 04:10:00+00:00,3.76,429.1,83867
2026-04-25 04:11:00+00:00,3.73,433.2,92449
2026-04-25 04:12:00+00:00,1.28,408.0,45072
2026-04-25 04:13:00+00:00,3.55,434.8,100000
2026-04-25 04:14:00+00:00,3.85,434.6,94506
2026-04-25 04:15:00+00:00,4.04,437.3,103674
2026-04-25 04:16:00+00:00,2.78,420.0,67804
2026-04-25 04:17:00+00:00,2.97,425.1,74587
2026-04-25 04:18:00+00:00,3.72,435.9,93602
2026-04-25 04:19:00+00:00,3.91,434.6,93427
2026-04-25 04:20:00+00:00,3.70,432.4,89817
2026-04-25 04:21:00+00:00,2.84,424.6,68368
2026-04-25 04:22:00+00:00,4.37,437.0,111450
2026-04-25 04:23:00+00:00,4.22,436.6,107008
2026-04-25 04:24:00+00:00,3.77,430.4,87735
2026-04-25 04:25:00+00:00,2.95,421.8,64863
2026-04-25 04:26:00+00:00,3.39,425.9,80082
2026-04-25 04:27:00+00:00,4.30,435.8,111943
2026-04-25 04:28:00+00:00,3.60,426.1,81325
2026-04-25 04:29:00+00:00,3.78,428.1,90647
2026-04-25 04:30:00+00:00,1.94,412.2,57030
2026-04-25 04:31:00+00:00,3.32,426.9,94787
2026-04-25 04:32:00+00:00,4.37,435.9,110246
2026-04-25 04:33:00+00:00,3.85,430.7,91660
2026-04-25 04:34:00+00:00,2.59,415.0,57755
2026-04-25 04:35:00+00:00,2.63,417.0,65652
2026-04-25 04:36:00+00:00,3.81,436.2,112579
2026-04-25 04:37:00+00:00,3.52,432.1,110150
2026-04-25 04:38:00+00:00,2.67,420.4,83114
2026-04-25 04:39:00+00:00,1.92,406.7,50958
2026-04-25 04:40:00+00:00,3.70,432.3,102007
2026-04-25 04:41:00+00:00,3.14,,
2026-04-25 04:42:00+00:00,3.14,426.7,93276
2026-04-25 04:43:00+00:00,2.00,399.5,37091
2026-04-25 04:44:00+00:00,3.55,439.2,118415
2026-04-25 04:45:00+00:00,3.90,437.1,122195
2026-04-25 04:46:00+00:00,2.75,426.0,103613
2026-04-25 04:47:00+00:00,1.72,407.3,68649
2026-04-25 04:48:00+00:00,2.84,422.9,92990
2026-04-25 04:49:00+00:00,3.81,435.9,124266
2026-04-25 04:50:00+00:00,3.58,432.5,119887
2026-04-25 04:51:00+00:00,2.92,423.4,87223
2026-04-25 04:52:00+00:00,4.31,421.6,61124
2026-04-25 04:53:00+00:00,6.29,431.7,76919
2026-04-25 04:54:00+00:00,2.67,424.2,101146
2026-04-25 04:55:00+00:00,2.76,425.0,106428
2026-04-25 04:56:00+00:00,2.61,418.2,104431
2026-04-25 04:57:00+00:00,2.18,417.8,63304
2026-04-25 04:58:00+00:00,3.48,427.3,96311
2026-04-25 04:59:00+00:00,3.47,431.3,109745
2026-04-25 05:01:00+00:00,1.59,411.6,65355
2026-04-25 05:02:00+00:00,6.27,431.9,67038
2026-04-25 05:03:00+00:00,4.39,430.2,108255
2026-04-25 05:04:00+00:00,2.60,437.9,204719
2026-04-25 05:05:00+00:00,2.75,442.9,228535
2026-04-25 05:06:00+00:00,2.99,443.8,212629
2026-04-25 05:07:00+00:00,3.00,447.2,215378
2026-04-25 05:08:00+00:00,2.90,448.9,209630
2026-04-25 05:09:00+00:00,2.81,448.3,198442
2026-04-25 05:10:00+00:00,3.24,447.1,194506
2026-04-25 05:11:00+00:00,3.26,457.2,226324
2026-04-25 05:12:00+00:00,3.43,449.4,238140
2026-04-25 05:13:00+00:00,3.22,451.1,193387
2026-04-25 05:15:00+00:00,3.61,451.3,261488
2026-04-25 05:16:00+00:00,2.82,433.5,159514
2026-04-25 05:17:00+00:00,2.87,436.7,162610
2026-04-25 05:18:00+00:00,2.05,418.1,125825
2026-04-25 05:19:00+00:00,2.84,436.7,197025
2026-04-25 05:20:00+00:00,3.39,446.8,230761
2026-04-25 05:21:00+00:00,3.07,441.1,209908
2026-04-25 05:22:00+00:00,2.36,425.2,151567
2026-04-25 05:23:00+00:00,2.46,427.5,165089
2026-04-25 05:24:00+00:00,3.34,447.7,237039
2026-04-25 05:25:00+00:00,3.43,442.6,193990
2026-04-25 05:26:00+00:00,3.85,436.2,131472
2026-04-25 05:27:00+00:00,5.43,437.3,99638
2026-04-25 05:28:00+00:00,3.59,444.6,211805
2026-04-25 05:30:00+00:00,3.07,434.9,174720
2026-04-25 05:31:00+00:00,2.87,441.9,179253
2026-04-25 05:32:00+00:00,2.06,415.1,85771
2026-04-25 05:33:00+00:00,2.55,442.8,142667
2026-04-25 05:34:00+00:00,2.87,445.2,180826
2026-04-25 05:35:00+00:00,2.74,439.3,152691
2026-04-25 05:36:00+00:00,2.28,421.4,96865
2026-04-25 05:37:00+00:00,2.39,426.8,107786
2026-04-25 05:38:00+00:00,2.80,444.4,166570
2026-04-25 05:39:00+00:00,2.91,449.2,196971
2026-04-25 05:40:00+00:00,2.52,436.7,158625
2026-04-25 05:41:00+00:00,2.08,426.2,112641
2026-04-25 05:42:00+00:00,2.57,454.6,176920
2026-04-25 05:43:00+00:00,2.84,451.1,208168
2026-04-25 05:44:00+00:00,2.94,443.9,162896
2026-04-25 05:45:00+00:00,1.96,409.1,74783
2026-04-25 05:46:00+00:00,2.23,442.0,122384
2026-04-25 05:47:00+00:00,2.23,,
2026-04-25 05:48:00+00:00,3.12,470.4,260802
2026-04-25 05:49:00+00:00,2.40,419.8,117696
2026-04-25 05:50:00+00:00,3.08,420.7,152912
2026-04-25 05:51:00+00:00,4.88,433.6,139680
2026-04-25 05:52:00+00:00,3.68,435.5,133227
2026-04-25 05:53:00+00:00,2.91,432.8,119142
2026-04-25 05:54:00+00:00,3.49,438.4,142723
2026-04-25 05:55:00+00:00,3.80,437.2,156438
2026-04-25 05:56:00+00:00,3.75,426.5,117929
2026-04-25 05:57:00+00:00,3.49,427.9,119162
2026-04-25 05:58:00+00:00,4.32,429.4,104948
2026-04-25 06:00:00+00:00,3.66,419.9,147589
2026-04-25 06:01:00+00:00,3.13,408.7,89242
2026-04-25 06:02:00+00:00,3.61,422.0,98347
2026-04-25 06:03:00+00:00,3.31,413.2,72991
2026-04-25 06:04:00+00:00,3.64,427.1,131934
2026-04-25 06:05:00+00:00,3.70,429.5,142283
2026-04-25 06:06:00+00:00,3.20,423.2,106320
2026-04-25 06:07:00+00:00,2.77,405.9,68851
2026-04-25 06:08:00+00:00,3.24,422.5,113809
2026-04-25 06:09:00+00:00,2.11,432.3,143304
2026-04-25 06:10:00+00:00,3.56,426.9,125277
2026-04-25 06:11:00+00:00,2.76,412.0,94620
2026-04-25 06:12:00+00:00,4.02,413.4,93442
2026-04-25 06:13:00+00:00,6.09,437.6,115219
2026-04-25 06:14:00+00:00,2.46,434.0,124781
2026-04-25 06:15:00+00:00,3.74,432.2,187211
2026-04-25 06:16:00+00:00,4.03,398.6,60445
2026-04-25 06:17:00+00:00,2.22,450.5,142711
2026-04-25 06:18:00+00:00,2.37,431.3,105021
2026-04-25 06:19:00+00:00,3.14,435.7,112430
2026-04-25 06:20:00+00:00,3.18,435.9,112820
2026-04-25 06:21:00+00:00,2.50,398.9,60356
2026-04-25 06:22:00+00:00,3.01,419.7,82770
2026-04-25 06:23:00+00:00,3.55,432.0,113460
2026-04-25 06:24:00+00:00,3.09,416.5,79220
2026-04-25 06:25:00+00:00,3.28,415.2,92338
2026-04-25 06:26:00+00:00,3.74,423.2,122268
2026-04-25 06:27:00+00:00,3.68,420.8,106647
2026-04-25 06:28:00+00:00,3.29,413.0,93339
2026-04-25 06:29:00+00:00,3.03,401.6,84665
2026-04-25 06:30:00+00:00,3.80,397.1,88733
2026-04-25 06:31:00+00:00,2.97,409.8,223183
2026-04-25 06:32:00+00:00,2.47,417.6,160840
2026-04-25 06:33:00+00:00,2.62,418.9,176035
2026-04-25 06:34:00+00:00,2.82,414.8,152365
2026-04-25 06:35:00+00:00,2.73,429.2,187817
2026-04-25 06:36:00+00:00,3.02,420.8,174606
2026-04-25 06:37:00+00:00,2.49,416.1,125532
2026-04-25 06:38:00+00:00,1.77,402.4,98426
2026-04-25 06:39:00+00:00,2.70,421.6,156967
2026-04-25 06:40:00+00:00,3.09,426.0,189294
2026-04-25 06:41:00+00:00,2.91,420.9,182232
2026-04-25 06:42:00+00:00,2.32,401.5,120155
2026-04-25 06:43:00+00:00,2.46,402.3,141423
2026-04-25 06:44:00+00:00,3.20,425.3,232701
2026-04-25 06:45:00+00:00,3.15,416.2,174655
2026-04-25 06:46:00+00:00,3.08,410.2,101691
2026-04-25 06:47:00+00:00,4.19,397.9,65443
2026-04-25 06:48:00+00:00,3.44,421.7,156437
2026-04-25 06:49:00+00:00,3.51,417.9,163669
2026-04-25 06:50:00+00:00,2.32,408.7,145023
2026-04-25 06:51:00+00:00,1.97,388.5,92305
2026-04-25 06:52:00+00:00,3.08,414.0,162366
2026-04-25 06:53:00+00:00,3.22,417.6,171986
2026-04-25 06:54:00+00:00,2.77,420.8,123880
2026-04-25 06:55:00+00:00,2.84,422.2,135849
2026-04-25 06:56:00+00:00,1.87,433.2,198530
2026-04-25 06:57:00+00:00,3.14,433.5,179576
2026-04-25 06:58:00+00:00,3.48,430.9,153881
2026-04-25 06:59:00+00:00,4.57,425.2,110745
2026-04-25 07:00:00+00:00,5.44,417.3,71951
2026-04-25 07:01:00+00:00,4.37,414.0,90590
2026-04-25 07:02:00+00:00,3.09,428.7,112623
2026-04-25 07:03:00+00:00,3.29,437.7,131434
2026-04-25 07:04:00+00:00,3.60,431.3,136406
2026-04-25 07:05:00+00:00,2.13,403.5,78997
2026-04-25 07:06:00+00:00,3.05,421.9,103782
2026-04-25 07:07:00+00:00,2.99,418.7,96157
2026-04-25 07:08:00+00:00,3.23,427.3,108851
2026-04-25 07:09:00+00:00,3.18,401.2,55818
2026-04-25 07:10:00+00:00,3.13,413.9,84981
2026-04-25 07:11:00+00:00,3.43,424.5,127040
2026-04-25 07:12:00+00:00,3.53,432.7,161590
2026-04-25 07:13:00+00:00,4.38,417.9,118544
2026-04-25 07:16:00+00:00,4.05,430.1,169944
2026-04-25 07:17:00+00:00,3.67,427.5,133368
2026-04-25 07:18:00+00:00,3.40,429.7,109277
2026-04-25 07:19:00+00:00,3.34,440.7,132588
2026-04-25 07:20:00+00:00,3.60,439.5,122356
2026-04-25 07:21:00+00:00,3.41,435.2,103919
2026-04-25 07:22:00+00:00,3.61,430.4,144228
2026-04-25 07:23:00+00:00,3.57,442.5,160308
2026-04-25 07:24:00+00:00,3.59,438.0,144633
2026-04-25 07:25:00+00:00,6.48,447.2,69400
2026-04-25 07:26:00+00:00,7.93,447.2,69400
2026-04-25 07:27:00+00:00,4.21,386.1,36887
2026-04-25 07:28:00+00:00,3.81,421.7,154480
2026-04-25 07:29:00+00:00,3.78,439.5,180963
2026-04-25 07:30:00+00:00,3.60,426.1,127521
2026-04-25 07:31:00+00:00,3.27,418.3,119281
2026-04-25 07:32:00+00:00,3.42,426.7,140013
2026-04-25 07:33:00+00:00,3.50,431.5,138668
2026-04-25 07:34:00+00:00,3.36,422.6,92922
2026-04-25 07:35:00+00:00,3.50,420.1,90599
2026-04-25 07:36:00+00:00,2.74,401.9,50950
2026-04-25 07:37:00+00:00,3.33,434.2,134950
2026-04-25 07:38:00+00:00,3.18,425.8,97612
2026-04-25 07:39:00+00:00,3.31,428.5,107198
2026-04-25 07:40:00+00:00,2.73,397.2,45273
2026-04-25 07:41:00+00:00,3.10,432.1,113308
2026-04-25 07:42:00+00:00,3.27,437.6,127020
2026-04-25 07:43:00+00:00,3.35,431.8,109075
2026-04-25 07:44:00+00:00,3.20,408.4,66484
2026-04-25 07:45:00+00:00,1.73,422.3,97231
2026-04-25 07:46:00+00:00,3.31,426.8,112647
2026-04-25 07:47:00+00:00,3.66,432.1,128286
2026-04-25 07:48:00+00:00,3.38,418.7,97560
2026-04-25 07:49:00+00:00,2.64,400.5,59749
2026-04-25 07:50:00+00:00,3.39,422.6,107777
2026-04-25 07:51:00+00:00,3.87,428.2,121324
2026-04-25 07:52:00+00:00,3.71,424.6,94999
2026-04-25 07:53:00+00:00,2.49,400.8,54707
2026-04-25 07:54:00+00:00,3.49,425.1,84819
2026-04-25 07:55:00+00:00,3.76,434.3,109855
2026-04-25 07:56:00+00:00,4.12,436.3,108104
2026-04-25 07:57:00+00:00,2.50,411.6,49697
2026-04-25 07:58:00+00:00,3.42,428.5,83401
2026-04-25 07:59:00+00:00,3.85,436.0,98989
2026-04-25 08:00:00+00:00,4.36,433.9,91266
2026-04-25 08:01:00+00:00,3.83,429.5,78099
2026-04-25 08:02:00+00:00,3.26,424.4,64865
2026-04-25 08:03:00+00:00,3.48,425.5,71062
2026-04-25 08:04:00+00:00,3.93,428.7,80050
2026-04-25 08:05:00+00:00,3.69,426.8,72887
2026-04-25 08:06:00+00:00,3.06,419.1,67006
2026-04-25 08:07:00+00:00,2.85,403.3,57711
2026-04-25 08:08:00+00:00,6.09,421.9,83774
2026-04-25 08:09:00+00:00,3.45,417.5,135744
2026-04-25 08:10:00+00:00,3.47,428.2,68198
2026-04-25 08:11:00+00:00,3.58,406.1,46863
2026-04-25 08:12:00+00:00,4.10,433.9,122677
2026-04-25 08:13:00+00:00,3.79,426.3,89739
2026-04-25 08:14:00+00:00,2.97,435.0,103500
2026-04-25 08:15:00+00:00,2.64,409.1,56912
2026-04-25 08:16:00+00:00,3.10,422.2,79691
2026-04-25 08:17:00+00:00,3.69,430.7,92367
2026-04-25 08:18:00+00:00,3.65,427.2,82995
2026-04-25 08:19:00+00:00,3.19,416.9,65898
2026-04-25 08:20:00+00:00,3.04,414.2,73002
2026-04-25 08:21:00+00:00,3.90,437.3,122366
2026-04-25 08:22:00+00:00,3.52,424.9,81008
2026-04-25 08:23:00+00:00,3.01,419.0,73244
2026-04-25 08:24:00+00:00,2.45,395.3,51350
2026-04-25 08:25:00+00:00,3.79,442.1,164194
2026-04-25 08:26:00+00:00,4.19,433.6,132585
2026-04-25 08:27:00+00:00,3.56,431.2,97727
2026-04-25 08:28:00+00:00,2.78,409.3,55768
2026-04-25 08:29:00+00:00,3.42,426.3,97470
2026-04-25 08:30:00+00:00,3.55,425.3,93705
2026-04-25 08:31:00+00:00,3.28,422.3,83796
2026-04-25 08:32:00+00:00,3.15,421.8,81415
2026-04-25 08:33:00+00:00,3.74,426.1,95886
2026-04-25 08:34:00+00:00,3.80,435.8,120637
2026-04-25 08:35:00+00:00,4.03,440.0,130522
2026-04-25 08:36:00+00:00,4.11,428.3,102445
2026-04-25 08:37:00+00:00,3.74,421.8,90802
2026-04-25 08:38:00+00:00,3.49,420.5,85718
2026-04-25 08:39:00+00:00,3.55,423.8,90704
2026-04-25 08:40:00+00:00,3.74,423.1,92116
2026-04-25 08:41:00+00:00,4.19,428.3,126878
2026-04-25 08:42:00+00:00,3.89,420.8,97516
2026-04-25 08:43:00+00:00,3.60,434.7,124430
2026-04-25 08:44:00+00:00,4.19,427.8,112892
2026-04-25 08:45:00+00:00,3.88,420.8,103616
2026-04-25 08:46:00+00:00,3.82,416.3,74030
2026-04-25 08:47:00+00:00,4.03,427.1,103268
2026-04-25 08:48:00+00:00,4.08,423.8,92738
2026-04-25 08:49:00+00:00,3.96,418.5,72548
2026-04-25 08:50:00+00:00,3.23,408.7,56771
2026-04-25 08:51:00+00:00,3.27,411.3,73980
2026-04-25 08:52:00+00:00,4.26,425.5,101929
2026-04-25 08:53:00+00:00,3.87,416.0,72118
2026-04-25 08:54:00+00:00,3.71,412.7,74188
2026-04-25 08:55:00+00:00,2.32,398.3,50484
2026-04-25 08:56:00+00:00,4.10,423.2,101891
2026-04-25 08:57:00+00:00,3.97,424.2,97370
2026-04-25 08:58:00+00:00,3.32,413.2,72316
2026-04-25 08:59:00+00:00,2.96,402.4,55917
2026-04-25 09:00:00+00:00,4.16,415.2,92652
2026-04-25 09:01:00+00:00,3.52,414.2,94741
2026-04-25 09:02:00+00:00,3.63,420.1,105397
2026-04-25 09:03:00+00:00,2.21,404.8,68394
2026-04-25 09:04:00+00:00,2.39,409.7,77963
2026-04-25 09:05:00+00:00,2.94,417.7,95657
2026-04-25 09:06:00+00:00,2.83,396.2,47087
2026-04-25 09:07:00+00:00,3.04,410.4,85777
2026-04-25 09:08:00+00:00,3.22,421.5,113363
2026-04-25 09:09:00+00:00,2.99,407.8,72057
2026-04-25 09:10:00+00:00,3.03,415.6,93486
2026-04-25 09:11:00+00:00,3.17,418.2,99184
2026-04-25 09:12:00+00:00,3.32,417.1,105107
2026-04-25 09:13:00+00:00,2.98,399.5,52824
2026-04-25 09:14:00+00:00,3.56,421.8,113785
2026-04-25 09:15:00+00:00,3.43,416.1,94178
2026-04-25 09:16:00+00:00,3.59,423.7,107836
2026-04-25 09:17:00+00:00,2.91,393.6,52761
2026-04-25 09:18:00+00:00,3.07,412.1,107557
2026-04-25 09:19:00+00:00,3.33,419.2,124786
2026-04-25 09:20:00+00:00,3.23,417.5,108248
2026-04-25 09:21:00+00:00,3.22,415.1,98970
2026-04-25 09:22:00+00:00,3.35,418.4,116071
2026-04-25 09:23:00+00:00,3.67,421.4,125813
2026-04-25 09:24:00+00:00,3.70,413.4,94769
2026-04-25 09:25:00+00:00,3.05,403.6,63042
2026-04-25 09:26:00+00:00,3.07,408.5,90624
2026-04-25 09:27:00+00:00,3.64,433.0,161386
2026-04-25 09:28:00+00:00,3.72,423.8,126079
2026-04-25 09:29:00+00:00,2.95,416.0,100635
2026-04-25 09:30:00+00:00,3.36,417.9,94714
2026-04-25 09:31:00+00:00,3.34,437.0,158326
2026-04-25 09:32:00+00:00,3.43,428.1,132838
2026-04-25 09:33:00+00:00,2.35,406.9,117789
2026-04-25 09:34:00+00:00,2.14,389.1,78109
2026-04-25 09:35:00+00:00,3.31,409.9,148595
2026-04-25 09:36:00+00:00,5.26,425.1,120757
2026-04-25 09:37:00+00:00,4.36,418.6,103216
2026-04-25 09:38:00+00:00,2.90,411.5,122555
2026-04-25 09:39:00+00:00,4.99,385.6,32630
2026-04-25 09:40:00+00:00,4.45,397.1,67642
2026-04-25 09:41:00+00:00,3.40,414.5,118855
2026-04-25 09:42:00+00:00,3.60,410.7,109225
2026-04-25 09:43:00+00:00,3.08,400.0,65343
2026-04-25 09:44:00+00:00,2.72,393.2,45528
2026-04-25 09:45:00+00:00,3.62,407.9,93801
2026-04-25 09:46:00+00:00,3.09,400.6,64071
2026-04-25 09:47:00+00:00,2.65,402.8,64565
2026-04-25 09:48:00+00:00,2.87,403.5,67576
2026-04-25 09:49:00+00:00,2.94,400.0,55978
2026-04-25 09:50:00+00:00,3.11,399.0,52098
2026-04-25 09:51:00+00:00,2.86,399.5,53727
2026-04-25 09:52:00+00:00,2.99,398.9,53441
2026-04-25 09:53:00+00:00,3.07,397.8,54976
2026-04-25 09:54:00+00:00,3.00,398.3,53544
2026-04-25 09:55:00+00:00,3.05,399.8,49357
2026-04-25 09:56:00+00:00,3.16,400.3,53140
2026-04-25 09:57:00+00:00,3.22,400.3,59589
2026-04-25 10:01:00+00:00,3.49,,
2026-04-25 10:02:00+00:00,3.49,404.3,71435
2026-04-25 10:03:00+00:00,3.44,401.2,64937
2026-04-25 10:04:00+00:00,3.26,402.5,66460
2026-04-25 10:05:00+00:00,3.47,402.4,60506
2026-04-25 10:06:00+00:00,3.00,400.8,56307
2026-04-25 10:07:00+00:00,3.12,401.9,54943
2026-04-25 10:08:00+00:00,3.19,403.0,53418
2026-04-25 10:09:00+00:00,3.18,403.2,57586
2026-04-25 10:10:00+00:00,3.28,403.1,59647
2026-04-25 10:11:00+00:00,3.35,403.0,57483
2026-04-25 10:12:00+00:00,3.05,399.6,48466
2026-04-25 10:13:00+00:00,3.03,399.6,46955
2026-04-25 10:14:00+00:00,2.95,399.5,44418
2026-04-25 10:15:00+00:00,2.87,399.1,48745
2026-04-25 10:16:00+00:00,2.75,400.1,47089
2026-04-25 10:17:00+00:00,2.70,401.0,48614
2026-04-25 10:18:00+00:00,2.53,400.0,41291
2026-04-25 10:19:00+00:00,4.27,402.3,47372
2026-04-25 10:20:00+00:00,4.40,401.6,48229
2026-04-25 10:21:00+00:00,4.04,400.6,43600
2026-04-25 10:22:00+00:00,3.20,399.9,42185
2026-04-25 10:23:00+00:00,3.20,399.0,46110
2026-04-25 10:24:00+00:00,3.52,398.3,43503
2026-04-25 10:25:00+00:00,3.47,400.1,43239
2026-04-25 10:26:00+00:00,3.40,400.5,41007
2026-04-25 10:27:00+00:00,3.61,401.0,43156
2026-04-25 10:28:00+00:00,3.87,402.8,54428
2026-04-25 10:29:00+00:00,3.50,402.8,64530
2026-04-25 10:30:00+00:00,3.11,405.2,62806
2026-04-25 10:31:00+00:00,3.83,403.0,54347
2026-04-25 10:32:00+00:00,4.09,404.8,60615
2026-04-25 10:33:00+00:00,3.75,404.1,64040
2026-04-25 10:34:00+00:00,4.17,404.7,59782
2026-04-25 10:35:00+00:00,2.88,401.8,68627
2026-04-25 10:36:00+00:00,2.80,401.6,77522
2026-04-25 10:37:00+00:00,2.39,400.7,73794
2026-04-25 10:38:00+00:00,2.30,399.8,77536
2026-04-25 10:39:00+00:00,2.50,400.3,77188
2026-04-25 10:40:00+00:00,2.24,400.8,64055
2026-04-25 10:41:00+00:00,2.14,400.7,54198
2026-04-25 10:42:00+00:00,2.32,401.1,62247
2026-04-25 10:43:00+00:00,2.44,401.2,69396
2026-04-25 10:44:00+00:00,2.49,400.5,64626
2026-04-25 10:45:00+00:00,2.83,400.9,58652
2026-04-25 10:46:00+00:00,2.73,400.5,54547
2026-04-25 10:47:00+00:00,2.39,399.3,40620
2026-04-25 10:48:00+00:00,2.59,400.9,45677
2026-04-25 10:49:00+00:00,2.23,400.1,44084
2026-04-25 10:50:00+00:00,2.77,399.1,44041
2026-04-25 10:51:00+00:00,2.40,398.8,42336
2026-04-25 10:52:00+00:00,2.31,399.4,45796
2026-04-25 10:53:00+00:00,1.92,400.6,45233
2026-04-25 10:54:00+00:00,2.18,399.6,44243
2026-04-25 10:55:00+00:00,2.34,400.8,47970
2026-04-25 10:56:00+00:00,2.55,399.6,46841
2026-04-25 10:57:00+00:00,2.52,400.7,51907
2026-04-25 10:58:00+00:00,2.72,399.3,55743
2026-04-25 10:59:00+00:00,2.90,398.0,52076
2026-04-25 11:00:00+00:00,3.03,397.2,51137
2026-04-25 11:01:00+00:00,2.84,397.1,55145
2026-04-25 11:02:00+00:00,2.93,393.2,45472
2026-04-25 11:03:00+00:00,3.16,397.4,45417
2026-04-25 11:04:00+00:00,3.08,398.2,47863
2026-04-25 11:05:00+00:00,3.69,397.5,54933
2026-04-25 11:06:00+00:00,2.84,399.4,54624
2026-04-25 11:07:00+00:00,3.54,402.5,55744
2026-04-25 11:08:00+00:00,2.57,389.8,42704
2026-04-25 11:09:00+00:00,2.84,394.7,60241
2026-04-25 11:10:00+00:00,3.00,397.6,63084
2026-04-25 11:11:00+00:00,3.35,400.9,63753
2026-04-25 11:12:00+00:00,3.28,402.0,63823
2026-04-25 11:13:00+00:00,3.14,402.6,62738
2026-04-25 11:15:00+00:00,3.23,405.6,68067
2026-04-25 11:16:00+00:00,3.23,405.6,68067
2026-04-25 11:18:00+00:00,3.59,398.2,56564
2026-04-25 11:19:00+00:00,3.54,398.6,56485
2026-04-25 11:20:00+00:00,3.31,401.0,56588
2026-04-25 11:21:00+00:00,3.56,401.8,62619
2026-04-25 11:22:00+00:00,3.30,399.7,58792
2026-04-25 11:23:00+00:00,3.65,400.3,59986
2026-04-25 11:24:00+00:00,2.83,398.0,61290
2026-04-25 11:25:00+00:00,2.95,397.3,58491
2026-04-25 11:26:00+00:00,2.91,398.3,56735
2026-04-25 11:27:00+00:00,2.73,397.8,57410
2026-04-25 11:28:00+00:00,2.78,398.3,60705
2026-04-25 11:31:00+00:00,2.81,406.7,70429
2026-04-25 11:32:00+00:00,2.67,411.3,69179
2026-04-25 11:33:00+00:00,2.64,413.0,70359
2026-04-25 11:34:00+00:00,3.10,413.3,78183
2026-04-25 11:35:00+00:00,3.28,409.6,76210
2026-04-25 11:36:00+00:00,3.44,413.0,73330
2026-04-25 11:37:00+00:00,3.18,413.7,79820
2026-04-25 11:38:00+00:00,3.57,413.0,77626
2026-04-25 11:39:00+00:00,3.29,410.3,68826
2026-04-25 11:40:00+00:00,3.49,410.6,72342
2026-04-25 11:41:00+00:00,2.99,405.3,63847
2026-04-25 11:42:00+00:00,3.21,406.0,56718
2026-04-25 11:43:00+00:00,3.20,406.8,58810
2026-04-25 11:44:00+00:00,3.22,405.7,52275
2026-04-25 11:45:00+00:00,3.27,403.7,47742
2026-04-25 11:46:00+00:00,3.20,405.3,48082
2026-04-25 11:47:00+00:00,3.29,407.6,51917
2026-04-25 11:48:00+00:00,3.59,405.0,49780
2026-04-25 11:49:00+00:00,3.64,402.9,47099
2026-04-25 11:51:00+00:00,3.53,407.9,52261
2026-04-25 11:52:00+00:00,3.53,407.9,52274
2026-04-25 11:53:00+00:00,3.47,408.2,52383
2026-04-25 11:54:00+00:00,3.52,408.4,50159
2026-04-25 11:55:00+00:00,2.69,407.1,44225
2026-04-25 11:56:00+00:00,3.42,404.2,44042
2026-04-25 11:57:00+00:00,3.57,403.1,46370
2026-04-25 11:58:00+00:00,3.55,404.6,45590
2026-04-25 11:59:00+00:00,3.08,399.7,42048
2026-04-25 12:00:00+00:00,3.05,396.2,38505
2026-04-25 12:01:00+00:00,3.49,397.8,52294
2026-04-25 12:02:00+00:00,3.56,404.4,70441
2026-04-25 12:03:00+00:00,3.13,406.4,72376
2026-04-25 12:04:00+00:00,2.90,401.5,66584
2026-04-25 12:05:00+00:00,2.86,400.3,69777
2026-04-25 12:06:00+00:00,3.11,409.1,81553
2026-04-25 12:07:00+00:00,2.94,407.9,77055
2026-04-25 12:08:00+00:00,2.83,403.0,64639
2026-04-25 12:09:00+00:00,2.80,395.5,64651
2026-04-25 12:10:00+00:00,3.18,397.2,64384
2026-04-25 12:11:00+00:00,2.78,394.2,62942
2026-04-25 12:12:00+00:00,2.62,393.3,59897
2026-04-25 12:13:00+00:00,2.52,387.3,56579
2026-04-25 12:14:00+00:00,2.73,392.5,58541
2026-04-25 12:15:00+00:00,2.80,392.3,57942
2026-04-25 12:16:00+00:00,2.86,391.1,60440
2026-04-25 12:17:00+00:00,2.82,392.3,61386
2026-04-25 12:18:00+00:00,2.68,393.4,63091
2026-04-25 12:19:00+00:00,2.52,391.7,67178
2026-04-25 12:20:00+00:00,2.65,389.9,70609
2026-04-25 12:21:00+00:00,2.90,390.2,75323
2026-04-25 12:22:00+00:00,2.48,392.4,81545
2026-04-25 12:24:00+00:00,2.79,392.9,74751
2026-04-25 12:25:00+00:00,2.78,392.9,74858
2026-04-25 12:26:00+00:00,2.47,393.2,81146
2026-04-25 12:27:00+00:00,2.98,390.0,76107
2026-04-25 12:28:00+00:00,3.00,389.3,70317
2026-04-25 12:29:00+00:00,2.91,389.8,67265
2026-04-25 12:30:00+00:00,2.51,391.0,69131
2026-04-25 12:31:00+00:00,2.74,391.0,63981
2026-04-25 12:32:00+00:00,2.99,389.4,60968
2026-04-25 12:33:00+00:00,3.04,391.1,60993
2026-04-25 12:34:00+00:00,3.07,391.8,62815
2026-04-25 12:35:00+00:00,3.31,391.2,67867
2026-04-25 12:36:00+00:00,3.62,392.5,72615
2026-04-25 12:37:00+00:00,3.84,393.5,72475
2026-04-25 12:38:00+00:00,4.32,396.2,69997
2026-04-25 12:39:00+00:00,4.14,395.8,63695
2026-04-25 12:40:00+00:00,3.30,388.6,61154
2026-04-25 12:41:00+00:00,3.27,390.9,66777
2026-04-25 12:42:00+00:00,3.37,392.8,68823
2026-04-25 12:43:00+00:00,3.39,394.9,63760
2026-04-25 12:45:00+00:00,3.32,393.7,72457
2026-04-25 12:46:00+00:00,3.51,394.2,67347
2026-04-25 12:47:00+00:00,3.46,394.1,66631
2026-04-25 12:48:00+00:00,4.10,394.7,63351
2026-04-25 12:49:00+00:00,4.30,396.1,59764
2026-04-25 12:50:00+00:00,4.49,395.8,59434
2026-04-25 12:51:00+00:00,4.48,395.5,61103
2026-04-25 12:52:00+00:00,3.84,394.4,64232
2026-04-25 12:53:00+00:00,3.60,389.7,67969
2026-04-25 12:54:00+00:00,3.26,388.9,69328
2026-04-25 12:55:00+00:00,3.07,388.8,71387
2026-04-25 12:57:00+00:00,3.07,,
2026-04-25 12:58:00+00:00,3.07,388.2,63013
2026-04-25 13:00:00+00:00,3.98,396.7,64317
2026-04-25 13:01:00+00:00,3.71,396.6,64610
2026-04-25 13:02:00+00:00,4.53,397.9,60938
2026-04-25 13:03:00+00:00,4.43,396.2,58838
2026-04-25 13:04:00+00:00,3.71,396.4,61821
2026-04-25 13:05:00+00:00,3.23,397.8,62607
2026-04-25 13:06:00+00:00,3.40,397.3,59178
2026-04-25 13:07:00+00:00,4.12,396.2,59653
2026-04-25 13:08:00+00:00,4.69,397.0,61263
2026-04-25 13:09:00+00:00,4.49,397.0,54720
2026-04-25 13:10:00+00:00,4.19,394.4,52220
2026-04-25 13:11:00+00:00,4.45,396.0,58508
2026-04-25 13:12:00+00:00,3.80,397.3,54482
2026-04-25 13:15:00+00:00,3.91,399.3,64387
2026-04-25 13:16:00+00:00,4.10,402.6,55890
2026-04-25 13:17:00+00:00,3.65,405.8,55169
2026-04-25 13:18:00+00:00,3.56,406.3,55279
2026-04-25 13:19:00+00:00,3.87,398.0,53936
2026-04-25 13:20:00+00:00,3.88,394.4,54857
2026-04-25 13:21:00+00:00,3.97,392.7,57905
2026-04-25 13:22:00+00:00,4.14,389.9,61413
2026-04-25 13:23:00+00:00,4.09,388.5,60021
2026-04-25 13:24:00+00:00,4.13,388.9,55413
2026-04-25 13:25:00+00:00,4.46,389.2,57050
2026-04-25 13:26:00+00:00,4.35,387.7,59654
2026-04-25 13:27:00+00:00,3.65,387.9,55080
2026-04-25 13:31:00+00:00,4.30,388.4,59925
2026-04-25 13:32:00+00:00,3.64,395.9,39075
2026-04-25 13:33:00+00:00,4.41,393.5,45976
2026-04-25 13:34:00+00:00,4.74,394.2,45556
2026-04-25 13:35:00+00:00,4.60,396.3,44258
2026-04-25 13:36:00+00:00,4.42,399.7,66518
2026-04-25 13:37:00+00:00,4.28,404.6,76773
2026-04-25 13:38:00+00:00,4.27,402.5,75906
2026-04-25 13:39:00+00:00,4.01,398.3,70227
2026-04-25 13:40:00+00:00,3.66,398.6,61623
2026-04-25 13:41:00+00:00,3.93,396.9,70210
2026-04-25 13:42:00+00:00,4.13,398.1,78999
2026-04-25 13:43:00+00:00,4.39,397.6,76150
2026-04-25 13:44:00+00:00,3.19,367.9,84624
2026-04-25 13:45:00+00:00,3.19,368.0,84625
2026-04-25 13:46:00+00:00,3.30,370.5,84678
2026-04-25 13:47:00+00:00,3.58,374.0,76462
2026-04-25 13:48:00+00:00,4.52,388.8,70780
2026-04-25 13:49:00+00:00,4.06,392.5,36186
2026-04-25 13:50:00+00:00,3.15,391.4,29888
2026-04-25 13:51:00+00:00,3.41,385.8,30202
2026-04-25 13:52:00+00:00,3.94,383.3,37469
2026-04-25 13:53:00+00:00,3.97,382.8,45027
2026-04-25 13:54:00+00:00,3.69,379.2,54141
2026-04-25 13:55:00+00:00,3.46,377.1,69055
2026-04-25 13:56:00+00:00,3.33,380.0,75284
2026-04-25 13:57:00+00:00,3.28,382.2,68334
2026-04-25 13:58:00+00:00,3.24,382.5,63597
2026-04-25 13:59:00+00:00,3.19,382.2,65653
2026-04-25 14:00:00+00:00,2.87,380.5,77043
2026-04-25 14:01:00+00:00,2.71,377.2,74128
2026-04-25 14:04:00+00:00,1.62,379.6,96959
2026-04-25 14:05:00+00:00,1.62,379.4,145696
2026-04-25 14:06:00+00:00,1.75,366.3,99246
2026-04-25 14:07:00+00:00,1.54,367.9,105446
2026-04-25 14:08:00+00:00,1.49,369.7,100294
2026-04-25 14:09:00+00:00,1.52,370.3,85698
2026-04-25 14:10:00+00:00,1.53,370.5,83744
2026-04-25 14:11:00+00:00,1.61,370.4,85043
2026-04-25 14:12:00+00:00,1.57,371.8,81244
2026-04-25 14:13:00+00:00,1.49,375.0,96419
2026-04-25 14:14:00+00:00,1.52,375.6,90831
2026-04-25 14:15:00+00:00,1.69,377.4,73169
2026-04-25 14:16:00+00:00,1.93,376.2,89445
2026-04-25 14:17:00+00:00,1.60,381.6,109481
2026-04-25 14:18:00+00:00,1.75,379.4,79500
2026-04-25 14:19:00+00:00,1.87,376.3,88579
2026-04-25 14:20:00+00:00,1.52,380.5,105813
2026-04-25 14:21:00+00:00,1.50,376.5,131705
2026-04-25 14:22:00+00:00,1.56,376.3,130438
2026-04-25 14:23:00+00:00,1.46,378.7,119392
2026-04-25 14:24:00+00:00,1.53,378.7,128735
2026-04-25 14:25:00+00:00,1.55,376.1,125254
2026-04-25 14:26:00+00:00,1.55,375.8,118935
2026-04-25 14:27:00+00:00,1.56,377.4,119385
2026-04-25 14:28:00+00:00,1.42,378.3,111244
2026-04-25 14:30:00+00:00,1.36,373.5,91908
2026-04-25 14:31:00+00:00,1.34,374.3,91590
2026-04-25 14:32:00+00:00,1.25,378.8,88855
2026-04-25 14:33:00+00:00,1.28,378.2,78675
2026-04-25 14:34:00+00:00,1.17,374.5,83651
2026-04-25 14:35:00+00:00,1.17,,
2026-04-25 14:38:00+00:00,1.00,361.5,111726
2026-04-25 14:39:00+00:00,0.97,359.3,73107
2026-04-25 14:40:00+00:00,0.90,359.0,64554
2026-04-25 14:41:00+00:00,1.05,353.6,55430
2026-04-25 14:42:00+00:00,1.12,357.4,93155
2026-04-25 14:43:00+00:00,1.12,362.7,108059
2026-04-25 14:44:00+00:00,1.33,360.8,83486
2026-04-25 14:45:00+00:00,1.41,366.7,119101
2026-04-25 14:46:00+00:00,1.18,364.5,75492
2026-04-25 14:47:00+00:00,1.34,361.6,87229
2026-04-25 14:48:00+00:00,1.22,360.5,73106
2026-04-25 14:49:00+00:00,1.58,359.7,79512
2026-04-25 14:50:00+00:00,1.76,360.9,57008
2026-04-25 14:51:00+00:00,1.66,361.2,109136
2026-04-25 14:52:00+00:00,1.75,363.4,82256
2026-04-25 14:53:00+00:00,1.70,365.4,104597
2026-04-25 14:54:00+00:00,1.14,360.0,93073
2026-04-25 14:55:00+00:00,1.64,359.4,89761
2026-04-25 14:56:00+00:00,1.74,360.2,88789
2026-04-25 14:57:00+00:00,2.00,362.0,98966
2026-04-25 14:58:00+00:00,2.14,364.9,95226
2026-04-25 14:59:00+00:00,2.17,367.2,84280
2026-04-25 15:00:00+00:00,2.21,367.9,93111
2026-04-25 15:01:00+00:00,2.08,369.2,114141
2026-04-25 15:02:00+00:00,2.11,368.4,129903
2026-04-25 15:03:00+00:00,2.39,363.8,99165
2026-04-25 15:04:00+00:00,3.13,363.1,66492
2026-04-25 15:05:00+00:00,1.56,364.8,94815
2026-04-25 15:06:00+00:00,1.97,359.1,92769
2026-04-25 15:07:00+00:00,2.21,361.5,81637
2026-04-25 15:08:00+00:00,2.05,364.1,87858
2026-04-25 15:09:00+00:00,2.02,364.4,88756
2026-04-25 15:10:00+00:00,2.03,356.9,98017
2026-04-25 15:11:00+00:00,1.95,362.8,139875
2026-04-25 15:12:00+00:00,2.04,364.0,141844
2026-04-25 15:13:00+00:00,1.80,364.5,116335
2026-04-25 15:14:00+00:00,1.68,359.9,82469
2026-04-25 15:15:00+00:00,1.81,355.3,66684
2026-04-25 15:16:00+00:00,1.89,360.3,107247
2026-04-25 15:17:00+00:00,2.06,365.8,162872
2026-04-25 15:18:00+00:00,1.82,359.7,79994
2026-04-25 15:19:00+00:00,1.82,360.6,80557
2026-04-25 15:20:00+00:00,1.79,365.3,84066
2026-04-25 15:21:00+00:00,1.98,363.5,87465
2026-04-25 15:22:00+00:00,1.63,366.0,79063
2026-04-25 15:23:00+00:00,1.77,366.3,95653
2026-04-25 15:24:00+00:00,1.56,364.7,70279
2026-04-25 15:25:00+00:00,3.04,363.9,55729
2026-04-25 15:26:00+00:00,1.97,370.9,82814
2026-04-25 15:27:00+00:00,2.86,370.3,100530
2026-04-25 15:28:00+00:00,3.74,368.3,71953
2026-04-25 15:29:00+00:00,3.40,369.5,78331
2026-04-25 15:30:00+00:00,2.49,372.7,96278
2026-04-25 15:31:00+00:00,2.37,375.5,98993
2026-04-25 15:32:00+00:00,2.54,375.0,103823
2026-04-25 15:33:00+00:00,2.59,370.3,94471
2026-04-25 15:34:00+00:00,2.60,369.7,108695
2026-04-25 15:35:00+00:00,2.42,370.6,107693
2026-04-25 15:36:00+00:00,2.87,364.4,89431
2026-04-25 15:37:00+00:00,2.43,367.0,99428
2026-04-25 15:38:00+00:00,2.02,370.3,105966
2026-04-25 15:39:00+00:00,1.94,376.7,114970
2026-04-25 15:40:00+00:00,2.87,367.9,90364
2026-04-25 15:41:00+00:00,2.17,373.6,108254
2026-04-25 15:42:00+00:00,2.65,373.6,108254
2026-04-25 15:43:00+00:00,2.57,376.5,91609
2026-04-25 15:44:00+00:00,2.82,373.3,87526
2026-04-25 15:45:00+00:00,3.11,369.5,86125
2026-04-25 15:46:00+00:00,3.25,367.8,85231
2026-04-25 15:47:00+00:00,3.23,366.8,93447
2026-04-25 15:48:00+00:00,2.99,366.8,102096
2026-04-25 15:49:00+00:00,2.74,367.6,89709
2026-04-25 15:50:00+00:00,2.82,366.3,91509
2026-04-25 15:51:00+00:00,2.78,369.6,110513
2026-04-25 15:52:00+00:00,2.47,365.1,77160
2026-04-25 15:53:00+00:00,2.71,365.2,82677
2026-04-25 15:55:00+00:00,2.72,366.6,97845
2026-04-25 15:56:00+00:00,2.57,368.3,90138
2026-04-25 15:57:00+00:00,4.79,365.1,52964
2026-04-25 15:58:00+00:00,5.29,364.3,44847
2026-04-25 15:59:00+00:00,5.03,363.9,55248
2026-04-25 16:03:00+00:00,5.04,363.9,48676
2026-04-25 16:04:00+00:00,5.42,361.8,61605
2026-04-25 16:05:00+00:00,5.08,364.2,75235
2026-04-25 16:06:00+00:00,5.43,369.4,72866
2026-04-25 16:07:00+00:00,2.58,373.4,106890
2026-04-25 16:08:00+00:00,4.26,355.7,45183
2026-04-25 16:09:00+00:00,3.68,375.3,158941
2026-04-25 16:10:00+00:00,5.40,368.6,100285
2026-04-25 16:11:00+00:00,3.96,370.3,77116
2026-04-25 16:12:00+00:00,5.52,365.9,54104
2026-04-25 16:13:00+00:00,5.40,362.4,61387
2026-04-25 16:14:00+00:00,7.49,365.4,41937
2026-04-25 16:15:00+00:00,8.21,366.6,34693
2026-04-25 16:17:00+00:00,6.61,376.2,40616
2026-04-25 16:18:00+00:00,7.03,374.3,37194
2026-04-25 16:19:00+00:00,7.19,369.1,35641
2026-04-25 16:20:00+00:00,6.67,364.6,39722
2026-04-25 16:21:00+00:00,7.37,366.5,46074
2026-04-25 16:22:00+00:00,9.85,374.5,50938
2026-04-25 16:23:00+00:00,9.99,385.8,29743
2026-04-25 16:24:00+00:00,8.30,392.9,30219
2026-04-25 16:25:00+00:00,10.44,383.9,32148
2026-04-25 16:26:00+00:00,8.57,388.1,27996
2026-04-25 16:27:00+00:00,9.45,376.2,25537
2026-04-25 16:28:00+00:00,8.04,379.4,23865
2026-04-25 16:29:00+00:00,7.50,377.0,31805
2026-04-25 16:30:00+00:00,7.24,379.1,31843
2026-04-25 16:31:00+00:00,10.03,381.2,38605
2026-04-25 16:32:00+00:00,11.25,382.4,49876
2026-04-25 16:33:00+00:00,11.18,382.8,54762
2026-04-25 16:34:00+00:00,3.08,355.7,12891
2026-04-25 16:35:00+00:00,4.86,359.8,14323
2026-04-25 16:36:00+00:00,8.75,371.3,32647
2026-04-25 16:37:00+00:00,11.33,382.2,62956
2026-04-25 16:38:00+00:00,2.68,354.9,11639
2026-04-25 16:39:00+00:00,3.25,356.6,12376
2026-04-25 16:40:00+00:00,9.72,370.3,34218
2026-04-25 16:41:00+00:00,9.71,370.3,34228
2026-04-25 16:42:00+00:00,9.32,372.4,34856
2026-04-25 16:43:00+00:00,7.02,365.3,13425
2026-04-25 16:44:00+00:00,11.86,371.3,28480
2026-04-25 16:45:00+00:00,8.09,366.9,18494
2026-04-25 16:46:00+00:00,11.61,373.6,31639
2026-04-25 16:47:00+00:00,7.77,365.4,21220
2026-04-25 16:48:00+00:00,5.29,360.4,13941
2026-04-25 16:51:00+00:00,12.64,377.5,32562
2026-04-25 16:52:00+00:00,13.10,373.3,28224
2026-04-25 16:53:00+00:00,11.29,374.0,24156
2026-04-25 16:54:00+00:00,10.55,375.3,21220
2026-04-25 16:55:00+00:00,12.04,375.2,23037
2026-04-25 16:56:00+00:00,11.74,375.1,23247
2026-04-25 16:57:00+00:00,8.59,374.2,25519
2026-04-25 16:58:00+00:00,12.91,375.1,23562
2026-04-25 16:59:00+00:00,9.98,377.6,21613
2026-04-25 17:00:00+00:00,10.20,374.0,19180
2026-04-25 17:01:00+00:00,6.07,364.5,16292
2026-04-25 17:02:00+00:00,9.36,371.5,22798
2026-04-25 17:03:00+00:00,11.72,374.8,30331
2026-04-25 17:04:00+00:00,11.81,376.7,31135
2026-04-25 17:05:00+00:00,12.32,377.6,28414
2026-04-25 17:06:00+00:00,15.58,380.5,43114
2026-04-25 17:07:00+00:00,17.11,385.5,64864
2026-04-25 17:08:00+00:00,12.73,382.4,57226
2026-04-25 17:09:00+00:00,9.21,373.2,31610
2026-04-25 17:10:00+00:00,13.05,377.4,39807
2026-04-25 17:11:00+00:00,15.25,383.9,64135
2026-04-25 17:12:00+00:00,7.78,364.7,51676
2026-04-25 17:13:00+00:00,7.80,364.5,51676
2026-04-25 17:14:00+00:00,8.82,356.2,
2026-04-25 17:15:00+00:00,8.29,365.1,22943
2026-04-25 17:16:00+00:00,9.94,382.8,127936
2026-04-25 17:17:00+00:00,11.53,377.2,74910
2026-04-25 17:18:00+00:00,8.24,362.7,29216
2026-04-25 17:19:00+00:00,5.79,368.4,17339
2026-04-25 17:20:00+00:00,10.63,384.2,38493
2026-04-25 17:21:00+00:00,14.00,391.1,52118
2026-04-25 17:22:00+00:00,8.02,368.4,20318
2026-04-25 17:23:00+00:00,10.60,375.0,31771
2026-04-25 17:24:00+00:00,14.40,385.2,47979
2026-04-25 17:25:00+00:00,13.45,385.1,47004
2026-04-25 17:26:00+00:00,9.74,379.5,40023
2026-04-25 17:27:00+00:00,8.73,377.6,29374
2026-04-25 17:28:00+00:00,10.84,386.6,44036
2026-04-25 17:29:00+00:00,9.36,382.5,35043
2026-04-25 17:30:00+00:00,7.05,376.6,34532
2026-04-25 17:31:00+00:00,6.78,376.6,24016
2026-04-25 17:32:00+00:00,5.70,374.4,26966
2026-04-25 17:33:00+00:00,10.69,379.0,50099
2026-04-25 17:34:00+00:00,8.21,380.1,41703
2026-04-25 17:35:00+00:00,7.10,377.9,34161
2026-04-25 17:36:00+00:00,5.28,371.3,24559
2026-04-25 17:37:00+00:00,8.25,377.7,41091
2026-04-25 17:38:00+00:00,10.83,380.2,50518
2026-04-25 17:39:00+00:00,8.81,373.8,39229
2026-04-25 17:40:00+00:00,5.72,366.6,29834
2026-04-25 17:41:00+00:00,5.02,359.9,23713
2026-04-25 17:42:00+00:00,10.46,374.6,40288
2026-04-25 17:43:00+00:00,11.20,375.9,51735
2026-04-25 17:45:00+00:00,3.61,358.1,15791
2026-04-25 17:46:00+00:00,11.36,369.0,38138
2026-04-25 17:47:00+00:00,8.36,378.9,34285
2026-04-25 17:48:00+00:00,10.09,386.3,41470
2026-04-25 17:49:00+00:00,6.45,375.2,24897
2026-04-25 17:50:00+00:00,10.32,389.4,55736
2026-04-25 17:51:00+00:00,12.13,397.3,73521
2026-04-25 17:52:00+00:00,10.90,392.7,55803
2026-04-25 17:53:00+00:00,10.99,387.3,45039
2026-04-25 17:54:00+00:00,11.74,385.7,46702
2026-04-25 17:55:00+00:00,12.40,382.2,36718
2026-04-25 17:56:00+00:00,13.30,383.3,42452
2026-04-25 17:57:00+00:00,14.33,382.6,46573
2026-04-25 17:58:00+00:00,13.17,376.7,35201
2026-04-25 18:01:00+00:00,12.42,378.4,38641
2026-04-25 18:02:00+00:00,10.64,374.9,29014
2026-04-25 18:03:00+00:00,10.40,372.0,28671
2026-04-25 18:04:00+00:00,10.45,377.3,29037
2026-04-25 18:05:00+00:00,10.96,378.9,40321
2026-04-25 18:06:00+00:00,9.57,376.0,30657
2026-04-25 18:07:00+00:00,8.68,373.6,30805
2026-04-25 18:08:00+00:00,9.65,377.7,36623
2026-04-25 18:09:00+00:00,9.91,379.4,35487
2026-04-25 18:10:00+00:00,9.91,379.3,34411
2026-04-25 18:11:00+00:00,7.93,372.7,37419
2026-04-25 18:12:00+00:00,7.32,371.9,71190
2026-04-25 18:13:00+00:00,11.69,386.7,61723
2026-04-25 18:14:00+00:00,10.47,379.9,37612
2026-04-25 18:15:00+00:00,9.50,378.4,37014
2026-04-25 18:16:00+00:00,7.63,366.5,66378
2026-04-25 18:17:00+00:00,13.20,389.1,65804
2026-04-25 18:18:00+00:00,11.91,378.1,31931
2026-04-25 18:19:00+00:00,10.55,379.2,37496
2026-04-25 18:20:00+00:00,4.39,361.2,17519
2026-04-25 18:21:00+00:00,10.25,384.5,61065
2026-04-25 18:22:00+00:00,9.77,380.9,46094
2026-04-25 18:23:00+00:00,9.50,379.9,38234
2026-04-25 18:24:00+00:00,2.45,367.6,19407
2026-04-25 18:25:00+00:00,9.75,377.4,52716
2026-04-25 18:26:00+00:00,12.47,379.0,62395
2026-04-25 18:27:00+00:00,10.32,372.2,43608
2026-04-25 18:28:00+00:00,6.26,363.1,32774
2026-04-25 18:29:00+00:00,7.55,366.9,41148
2026-04-25 18:30:00+00:00,11.25,376.7,62077
2026-04-25 18:31:00+00:00,12.64,377.6,59545
2026-04-25 18:32:00+00:00,11.28,375.2,48721
2026-04-25 18:33:00+00:00,10.41,366.9,31089
2026-04-25 18:34:00+00:00,10.85,367.5,46440
2026-04-25 18:35:00+00:00,13.39,372.0,55294
2026-04-25 18:36:00+00:00,12.35,369.2,45898
2026-04-25 18:37:00+00:00,11.40,372.0,46487
2026-04-25 18:38:00+00:00,8.57,364.7,30237
2026-04-25 18:39:00+00:00,9.96,368.4,32792
2026-04-25 18:40:00+00:00,7.03,372.0,40838
2026-04-25 18:41:00+00:00,11.21,369.7,40367
2026-04-25 18:42:00+00:00,8.35,361.8,32184
2026-04-25 18:43:00+00:00,7.62,359.0,27170
2026-04-25 18:44:00+00:00,11.71,364.6,37668
2026-04-25 18:45:00+00:00,12.49,365.3,47470
2026-04-25 18:46:00+00:00,8.56,361.6,38578
2026-04-25 18:47:00+00:00,6.42,353.9,25092
2026-04-25 18:48:00+00:00,12.89,369.7,73232
2026-04-25 18:49:00+00:00,12.45,380.0,43863
2026-04-25 18:50:00+00:00,10.28,379.6,35764
2026-04-25 18:51:00+00:00,4.87,363.0,13207
2026-04-25 18:52:00+00:00,13.51,387.0,76056
2026-04-25 18:53:00+00:00,14.96,387.2,72342
2026-04-25 18:54:00+00:00,11.22,379.5,52067
2026-04-25 18:55:00+00:00,8.26,370.8,30605
2026-04-25 18:56:00+00:00,10.92,387.3,77165
2026-04-25 18:57:00+00:00,15.73,383.4,67250
2026-04-25 18:58:00+00:00,12.94,381.8,49650
2026-04-25 18:59:00+00:00,10.08,378.0,33009
2026-04-25 19:00:00+00:00,7.82,370.5,23910
2026-04-25 19:01:00+00:00,11.79,386.9,71841
2026-04-25 19:02:00+00:00,11.89,390.6,80109
2026-04-25 19:03:00+00:00,11.81,400.8,98545
2026-04-25 19:04:00+00:00,9.52,382.8,35615
2026-04-25 19:05:00+00:00,13.22,384.7,57411
2026-04-25 19:06:00+00:00,12.89,386.4,55643
2026-04-25 19:07:00+00:00,11.55,385.4,51550
2026-04-25 19:08:00+00:00,11.16,387.2,51426
2026-04-25 19:09:00+00:00,13.19,371.2,26341
2026-04-25 19:10:00+00:00,12.44,378.3,43247
2026-04-25 19:11:00+00:00,14.19,384.2,66723
2026-04-25 19:12:00+00:00,13.45,380.9,60598
2026-04-25 19:13:00+00:00,3.64,361.9,19763
2026-04-25 19:14:00+00:00,9.11,373.1,63723
2026-04-25 19:15:00+00:00,10.83,386.2,98577
2026-04-25 19:16:00+00:00,9.79,385.6,69598
2026-04-25 19:17:00+00:00,8.90,378.0,40256
2026-04-25 19:18:00+00:00,7.43,374.6,36662
2026-04-25 19:19:00+00:00,14.63,392.6,85414
2026-04-25 19:20:00+00:00,12.44,392.4,68185
2026-04-25 19:21:00+00:00,11.27,389.8,66217
2026-04-25 19:22:00+00:00,7.45,366.2,13287
2026-04-25 19:23:00+00:00,6.57,379.4,33677
2026-04-25 19:24:00+00:00,14.06,402.7,83869
2026-04-25 19:25:00+00:00,11.83,401.5,54232
2026-04-25 19:26:00+00:00,7.59,392.1,23170
2026-04-25 19:27:00+00:00,7.97,408.0,66265
2026-04-25 19:28:00+00:00,11.58,407.3,87127
2026-04-25 19:29:00+00:00,13.16,388.6,61090
2026-04-25 19:30:00+00:00,9.43,374.4,40109
2026-04-25 19:31:00+00:00,5.92,376.1,40180
2026-04-25 19:32:00+00:00,6.81,387.7,62293
2026-04-25 19:33:00+00:00,7.74,394.9,100317
2026-04-25 19:34:00+00:00,5.08,375.9,40823
2026-04-25 19:35:00+00:00,5.31,377.6,43067
2026-04-25 19:36:00+00:00,6.88,387.9,56890
2026-04-25 19:37:00+00:00,9.59,394.6,68737
2026-04-25 19:38:00+00:00,11.30,386.8,49287
2026-04-25 19:39:00+00:00,6.83,391.4,45666
2026-04-25 19:40:00+00:00,7.95,383.6,74513
2026-04-25 19:41:00+00:00,5.55,393.0,60629
2026-04-25 19:42:00+00:00,6.38,407.2,58427
2026-04-25 19:43:00+00:00,6.42,414.5,52368
2026-04-25 19:44:00+00:00,5.43,402.1,33132
2026-04-25 19:45:00+00:00,5.46,413.2,54806
2026-04-25 19:46:00+00:00,6.39,427.1,81131
2026-04-25 19:47:00+00:00,7.26,424.9,91897
2026-04-25 19:48:00+00:00,6.66,409.8,76600
2026-04-25 19:49:00+00:00,4.84,391.5,41535
2026-04-25 19:50:00+00:00,4.82,416.3,92430
2026-04-25 19:51:00+00:00,3.73,413.0,88163
2026-04-25 19:52:00+00:00,3.26,410.7,78436
2026-04-25 19:53:00+00:00,2.61,390.3,32450
2026-04-25 19:54:00+00:00,5.08,416.6,129669
2026-04-25 19:55:00+00:00,4.89,413.8,97734
2026-04-25 19:56:00+00:00,3.17,404.6,79113
2026-04-25 19:57:00+00:00,1.59,383.7,39347
2026-04-25 19:58:00+00:00,3.09,410.7,120818
2026-04-25 19:59:00+00:00,3.71,415.5,120860
2026-04-25 20:00:00+00:00,3.77,411.0,113141
2026-04-25 20:01:00+00:00,2.57,395.5,70930
2026-04-25 20:02:00+00:00,2.35,398.2,75437
2026-04-25 20:03:00+00:00,3.08,409.6,108866
2026-04-25 20:04:00+00:00,2.96,405.9,104502
2026-04-25 20:05:00+00:00,3.04,398.2,95388
2026-04-25 20:06:00+00:00,2.43,387.5,65869
2026-04-25 20:07:00+00:00,2.88,390.5,67921
2026-04-25 20:08:00+00:00,2.95,392.4,74717
2026-04-25 20:09:00+00:00,3.69,414.1,148681
2026-04-25 20:10:00+00:00,3.06,401.4,101593
2026-04-25 20:11:00+00:00,2.37,391.0,66047
2026-04-25 20:12:00+00:00,3.58,407.7,139437
2026-04-25 20:13:00+00:00,3.30,405.5,112983
2026-04-25 20:14:00+00:00,3.27,403.9,103769
2026-04-25 20:15:00+00:00,2.69,392.8,63863
2026-04-25 20:16:00+00:00,2.86,408.2,123369
2026-04-25 20:17:00+00:00,2.97,414.3,130947
2026-04-25 20:18:00+00:00,2.75,407.6,96508
2026-04-25 20:19:00+00:00,2.75,400.4,76102
2026-04-25 20:20:00+00:00,2.86,404.8,80673
2026-04-25 20:21:00+00:00,2.57,426.3,127197
2026-04-25 20:22:00+00:00,1.64,416.1,83163
2026-04-25 20:23:00+00:00,1.61,413.6,78515
2026-04-25 20:24:00+00:00,1.46,401.7,58078
2026-04-25 20:25:00+00:00,2.23,422.0,122572
2026-04-25 20:26:00+00:00,2.03,417.5,100997
2026-04-25 20:27:00+00:00,2.05,417.9,101959
2026-04-25 20:28:00+00:00,1.61,404.3,75404
2026-04-25 20:29:00+00:00,2.14,416.3,106903
2026-04-25 20:30:00+00:00,2.77,416.1,109175
2026-04-25 20:31:00+00:00,3.99,427.5,96744
2026-04-25 20:32:00+00:00,2.67,417.1,83497
2026-04-25 20:33:00+00:00,2.80,418.6,131726
2026-04-25 20:34:00+00:00,3.55,424.5,149261
2026-04-25 20:35:00+00:00,3.15,419.9,125415
2026-04-25 20:36:00+00:00,2.66,417.7,113052
2026-04-25 20:37:00+00:00,2.10,417.1,92594
2026-04-25 20:38:00+00:00,2.33,422.1,129020
2026-04-25 20:39:00+00:00,2.79,426.2,139614
2026-04-25 20:40:00+00:00,2.70,414.7,104997
2026-04-25 20:41:00+00:00,2.72,414.9,105562
2026-04-25 20:42:00+00:00,3.74,427.4,138865
2026-04-25 20:43:00+00:00,3.20,419.2,100074
2026-04-25 20:44:00+00:00,2.75,417.9,103654
2026-04-25 20:45:00+00:00,2.67,419.8,99676
2026-04-25 20:46:00+00:00,2.88,420.1,102629
2026-04-25 20:47:00+00:00,3.03,422.1,110355
2026-04-25 20:48:00+00:00,3.20,423.8,127395
2026-04-25 20:49:00+00:00,3.04,419.0,118920
2026-04-25 20:50:00+00:00,2.49,409.1,85185
2026-04-25 20:51:00+00:00,2.90,414.7,105925
2026-04-25 20:52:00+00:00,3.59,424.8,147166
2026-04-25 20:53:00+00:00,2.72,413.7,106144
2026-04-25 20:54:00+00:00,2.73,411.6,93131
2026-04-25 20:55:00+00:00,2.77,413.0,97769
2026-04-25 20:56:00+00:00,3.14,421.3,121785
2026-04-25 20:57:00+00:00,5.16,426.1,98645
2026-04-25 20:58:00+00:00,3.95,431.3,203728
2026-04-25 20:59:00+00:00,2.14,404.4,86225
2026-04-25 21:00:00+00:00,3.14,425.0,176452
2026-04-25 21:01:00+00:00,3.91,429.4,190757
2026-04-25 21:02:00+00:00,3.12,423.7,166092
2026-04-25 21:03:00+00:00,2.85,416.2,126387
2026-04-25 21:04:00+00:00,3.00,419.3,122011
2026-04-25 21:05:00+00:00,3.08,425.3,138256
2026-04-25 21:06:00+00:00,3.10,429.0,154855
2026-04-25 21:07:00+00:00,2.76,420.0,125800
2026-04-25 21:08:00+00:00,2.51,413.6,124630
2026-04-25 21:09:00+00:00,2.95,426.6,193112
2026-04-25 21:10:00+00:00,2.74,429.9,141679
2026-04-25 21:11:00+00:00,2.74,428.0,138065
2026-04-25 21:12:00+00:00,2.69,417.1,117584
2026-04-25 21:13:00+00:00,4.81,,
2026-04-25 21:14:00+00:00,4.81,437.8,226613
2026-04-25 21:15:00+00:00,2.63,415.7,83620
2026-04-25 21:16:00+00:00,2.67,417.2,135617
2026-04-25 21:17:00+00:00,3.01,423.9,168891
2026-04-25 21:18:00+00:00,3.19,426.8,166242
2026-04-25 21:19:00+00:00,3.31,429.0,181681
2026-04-25 21:20:00+00:00,3.10,431.6,174324
2026-04-25 21:21:00+00:00,2.43,430.7,171667
2026-04-25 21:22:00+00:00,2.65,433.2,186457
2026-04-25 21:23:00+00:00,3.41,438.3,204330
2026-04-25 21:24:00+00:00,3.33,433.9,193237
2026-04-25 21:25:00+00:00,2.99,421.8,136288
2026-04-25 21:26:00+00:00,3.13,420.7,111515
2026-04-25 21:27:00+00:00,3.56,433.0,165393
2026-04-25 21:28:00+00:00,3.61,426.0,144823
2026-04-25 21:29:00+00:00,3.63,426.4,158147
2026-04-25 21:30:00+00:00,2.86,410.6,68711
