time_tag,bx_gsm,by_gsm,bz_gsm,lon_gsm,lat_gsm,bt
2026-05-13 17:45:00+00:00,-3.33,5.65,0.11,120.51,0.99,6.56
2026-05-13 17:46:00+00:00,-4.07,5.86,0.79,124.73,6.34,7.18
2026-05-13 17:47:00+00:00,-4.11,5.91,0.48,124.85,3.81,7.21
2026-05-13 17:48:00+00:00,-3.78,5.98,0.87,122.32,6.98,7.13
2026-05-13 17:49:00+00:00,-3.98,5.75,0.95,124.71,7.70,7.05
2026-05-13 17:50:00+00:00,-3.60,5.68,-0.97,122.34,-8.17,6.79
2026-05-13 17:51:00+00:00,-3.66,5.53,-0.77,123.46,-6.65,6.68
2026-05-13 17:52:00+00:00,-4.83,4.93,-0.20,134.45,-1.69,6.90
2026-05-13 17:53:00+00:00,-4.51,4.89,-1.06,132.65,-9.08,6.74
2026-05-13 17:54:00+00:00,-4.71,4.77,-1.28,134.61,-10.84,6.82
2026-05-13 17:55:00+00:00,-3.50,3.74,4.60,133.05,41.91,6.89
2026-05-13 17:56:00+00:00,-2.87,4.49,4.47,122.62,40.01,6.95
2026-05-13 17:57:00+00:00,-3.64,4.22,4.25,130.81,37.34,7.01
2026-05-13 17:59:00+00:00,-3.80,3.63,5.12,136.32,44.26,7.33
2026-05-13 18:00:00+00:00,-4.38,4.29,4.06,135.59,33.50,7.36
2026-05-13 18:01:00+00:00,-5.05,4.22,3.49,140.10,27.94,7.45
2026-05-13 18:02:00+00:00,-6.11,2.71,2.27,156.10,18.74,7.05
2026-05-13 18:03:00+00:00,-6.20,2.70,2.51,156.51,20.35,7.21
2026-05-13 18:04:00+00:00,-5.79,4.00,2.02,145.37,15.99,7.31
2026-05-13 18:05:00+00:00,-5.88,4.25,0.51,144.12,4.04,7.27
2026-05-13 18:06:00+00:00,-5.47,4.61,1.85,139.84,14.52,7.39
2026-05-13 18:07:00+00:00,-5.40,4.68,1.70,139.09,13.41,7.34
2026-05-13 18:08:00+00:00,-5.37,4.35,0.11,140.97,0.95,6.91
2026-05-13 18:09:00+00:00,-4.28,3.52,-0.43,140.57,-4.41,5.56
2026-05-13 18:10:00+00:00,-3.94,2.51,-1.36,147.50,-16.26,4.86
2026-05-13 18:11:00+00:00,-3.12,2.16,-1.64,145.37,-23.34,4.13
2026-05-13 18:12:00+00:00,-3.05,0.99,-3.09,161.93,-43.97,4.45
2026-05-13 18:13:00+00:00,-3.16,2.96,-2.75,136.89,-32.41,5.13
2026-05-13 18:14:00+00:00,-4.26,3.32,-4.16,142.10,-37.64,6.81
2026-05-13 18:15:00+00:00,-4.18,2.45,-4.36,149.66,-42.02,6.52
2026-05-13 18:16:00+00:00,-3.58,1.66,-4.74,155.13,-50.21,6.17
2026-05-13 18:17:00+00:00,-1.41,0.25,-5.63,169.77,-75.70,5.81
2026-05-13 18:18:00+00:00,-3.98,2.85,-3.58,144.37,-36.20,6.07
2026-05-13 18:19:00+00:00,-5.54,3.45,-0.96,148.13,-8.36,6.60
2026-05-13 18:20:00+00:00,-4.95,3.98,-1.07,141.23,-9.60,6.44
2026-05-13 18:21:00+00:00,-4.48,2.38,-1.36,152.01,-15.02,5.25
2026-05-13 18:22:00+00:00,-0.02,-1.40,-4.58,269.26,-73.03,4.79
2026-05-13 18:23:00+00:00,-2.86,0.87,-4.97,163.04,-58.96,5.80
2026-05-13 18:24:00+00:00,-1.47,-0.09,-5.31,183.50,-74.48,5.51
2026-05-13 18:25:00+00:00,-0.34,-0.89,-5.99,248.85,-80.92,6.06
2026-05-13 18:26:00+00:00,-0.98,0.02,-5.97,179.09,-80.68,6.05
2026-05-13 18:27:00+00:00,-2.42,1.08,-4.61,155.88,-60.11,5.31
2026-05-13 18:28:00+00:00,-3.78,2.71,-2.05,144.39,-23.83,5.08
2026-05-13 18:30:00+00:00,-5.49,0.98,0.18,169.85,1.85,5.58
2026-05-13 18:31:00+00:00,-5.30,-0.06,-0.40,180.64,-4.33,5.32
2026-05-13 18:32:00+00:00,-3.87,-0.41,-1.17,186.07,-16.67,4.06
2026-05-13 18:33:00+00:00,-3.86,0.28,1.10,175.85,15.84,4.02
2026-05-13 18:34:00+00:00,-4.02,0.19,3.04,177.26,37.12,5.04
2026-05-13 18:35:00+00:00,-3.83,0.29,3.97,175.63,45.96,5.52
2026-05-13 18:36:00+00:00,-3.48,1.33,4.59,159.13,50.97,5.91
2026-05-13 18:37:00+00:00,-3.94,1.72,4.42,156.45,45.84,6.17
2026-05-13 18:38:00+00:00,-5.11,1.48,4.52,163.87,40.39,6.98
2026-05-13 18:39:00+00:00,-3.63,1.26,5.15,160.88,53.27,6.42
2026-05-13 18:40:00+00:00,-1.17,0.28,5.48,166.49,77.58,5.61
2026-05-13 18:41:00+00:00,-1.78,-0.28,5.74,188.88,72.55,6.02
2026-05-13 18:42:00+00:00,-2.61,-0.16,5.77,183.60,65.64,6.33
2026-05-13 18:43:00+00:00,-4.10,0.73,5.72,169.84,53.93,7.08
2026-05-13 18:44:00+00:00,-4.60,-1.11,4.78,193.57,45.29,6.73
2026-05-13 18:48:00+00:00,-4.95,-2.97,2.93,210.92,26.91,6.47
2026-05-13 18:49:00+00:00,-5.94,-2.34,2.01,201.52,17.49,6.70
2026-05-13 18:50:00+00:00,-5.81,-3.09,1.38,207.97,11.82,6.72
2026-05-13 18:51:00+00:00,-6.39,-2.69,0.63,202.85,5.16,6.96
2026-05-13 18:52:00+00:00,-6.49,-2.74,0.14,202.89,1.15,7.05
2026-05-13 18:53:00+00:00,-6.50,-1.32,1.40,191.47,11.96,6.78
2026-05-13 18:54:00+00:00,-7.04,0.34,3.29,177.21,25.02,7.78
2026-05-13 18:55:00+00:00,-7.34,0.44,3.34,176.57,24.40,8.08
2026-05-13 18:56:00+00:00,-7.42,0.09,3.16,179.30,23.07,8.06
2026-05-13 18:57:00+00:00,-7.46,-0.10,2.97,180.76,21.72,8.03
2026-05-13 18:58:00+00:00,-7.41,-0.18,2.94,181.39,21.65,7.98
2026-05-13 19:00:00+00:00,-6.69,3.46,1.39,152.62,10.45,7.66
2026-05-13 19:01:00+00:00,-7.04,1.70,2.31,166.39,17.71,7.60
2026-05-13 19:02:00+00:00,-6.29,-1.34,3.73,192.06,30.11,7.44
2026-05-13 19:03:00+00:00,-6.48,-1.16,3.91,190.14,30.72,7.66
2026-05-13 19:04:00+00:00,-7.15,-0.54,3.32,184.31,24.85,7.90
2026-05-13 19:05:00+00:00,-7.12,-0.58,3.40,184.67,25.44,7.91
2026-05-13 19:06:00+00:00,-6.71,-0.59,3.56,185.03,27.87,7.62
2026-05-13 19:07:00+00:00,-7.02,-0.39,3.64,183.21,27.36,7.92
2026-05-13 19:08:00+00:00,-6.57,0.70,4.02,173.93,31.33,7.74
2026-05-13 19:09:00+00:00,-5.23,2.14,4.54,157.69,38.75,7.25
2026-05-13 19:10:00+00:00,-5.37,1.94,4.47,160.08,38.05,7.25
2026-05-13 19:11:00+00:00,-6.31,1.10,3.87,170.10,31.14,7.48
2026-05-13 19:12:00+00:00,-7.41,0.43,4.22,176.66,29.62,8.54
2026-05-13 19:13:00+00:00,-6.97,0.39,3.95,176.80,29.51,8.02
2026-05-13 19:14:00+00:00,-5.79,2.11,3.89,159.99,32.25,7.29
2026-05-13 19:16:00+00:00,-6.32,1.62,2.98,165.62,24.53,7.17
2026-05-13 19:17:00+00:00,-6.24,1.76,3.16,164.28,25.97,7.21
2026-05-13 19:18:00+00:00,-6.05,1.97,3.24,161.98,26.98,7.14
2026-05-13 19:19:00+00:00,-6.05,2.33,2.99,158.90,24.72,7.14
2026-05-13 19:20:00+00:00,-6.09,2.22,2.77,160.01,23.15,7.05
2026-05-13 19:21:00+00:00,-6.32,1.71,2.77,164.83,22.92,7.10
2026-05-13 19:22:00+00:00,-6.33,1.43,2.88,167.26,23.92,7.10
2026-05-13 19:23:00+00:00,-6.02,2.01,3.31,161.51,27.56,7.16
2026-05-13 19:24:00+00:00,-6.01,1.98,3.25,161.78,27.18,7.11
2026-05-13 19:25:00+00:00,-6.07,1.95,3.19,162.22,26.63,7.13
2026-05-13 19:26:00+00:00,-5.95,2.73,2.96,155.39,24.36,7.18
2026-05-13 19:27:00+00:00,-6.15,2.54,2.82,157.56,22.92,7.23
2026-05-13 19:28:00+00:00,-6.47,1.82,2.59,164.28,21.05,7.20
2026-05-13 19:29:00+00:00,-6.84,0.74,2.28,173.83,18.35,7.25
2026-05-13 19:30:00+00:00,-6.72,1.23,2.48,169.60,19.95,7.27
2026-05-13 19:31:00+00:00,-7.15,1.21,1.55,170.38,12.09,7.41
2026-05-13 19:32:00+00:00,-7.18,1.42,0.94,168.84,7.34,7.38
2026-05-13 19:33:00+00:00,-6.97,1.77,0.86,165.73,6.78,7.24
2026-05-13 19:34:00+00:00,-6.67,3.02,1.15,155.61,8.88,7.41
2026-05-13 19:35:00+00:00,-5.97,4.13,1.77,145.35,13.68,7.47
2026-05-13 19:36:00+00:00,-5.82,4.54,1.69,142.06,12.92,7.58
2026-05-13 19:37:00+00:00,-5.72,4.45,1.05,142.13,8.26,7.32
2026-05-13 19:38:00+00:00,-6.09,4.21,0.90,145.35,6.95,7.45
2026-05-13 19:39:00+00:00,-6.02,3.50,2.00,149.80,15.99,7.24
2026-05-13 19:40:00+00:00,-6.45,2.48,2.85,158.95,22.37,7.48
2026-05-13 19:41:00+00:00,-6.16,2.28,2.98,159.69,24.39,7.21
2026-05-13 19:42:00+00:00,-6.03,2.07,3.45,161.01,28.46,7.25
2026-05-13 19:43:00+00:00,-6.54,1.49,2.67,167.20,21.72,7.22
2026-05-13 19:44:00+00:00,-6.33,1.88,2.84,163.41,23.25,7.18
2026-05-13 19:45:00+00:00,-6.16,2.06,2.96,161.50,24.47,7.14
2026-05-13 19:46:00+00:00,-5.79,2.53,3.50,156.41,28.98,7.22
2026-05-13 19:47:00+00:00,-5.29,3.88,2.85,143.74,23.49,7.15
2026-05-13 19:48:00+00:00,-5.77,3.21,2.47,150.89,20.54,7.05
2026-05-13 19:49:00+00:00,-5.85,2.84,2.70,154.15,22.53,7.04
2026-05-13 19:50:00+00:00,-5.02,3.28,3.62,146.79,31.14,7.01
2026-05-13 19:51:00+00:00,-5.56,2.40,3.99,156.65,33.42,7.25
2026-05-13 19:52:00+00:00,-5.63,2.47,4.28,156.33,34.85,7.49
2026-05-13 19:53:00+00:00,-6.03,2.15,3.96,160.40,31.78,7.52
2026-05-13 19:54:00+00:00,-6.25,1.93,3.55,162.87,28.47,7.44
2026-05-13 19:55:00+00:00,-6.77,1.85,3.03,164.73,23.37,7.65
2026-05-13 19:56:00+00:00,-5.56,2.37,4.46,156.91,36.46,7.51
2026-05-13 19:57:00+00:00,-5.01,3.52,4.49,144.88,36.22,7.59
2026-05-13 19:58:00+00:00,-4.97,2.68,4.56,151.67,38.94,7.26
2026-05-13 19:59:00+00:00,-5.50,0.14,5.25,178.58,43.64,7.60
2026-05-13 20:00:00+00:00,-5.43,-0.74,5.37,187.72,44.42,7.67
2026-05-13 20:01:00+00:00,-5.90,-1.16,4.81,191.13,38.63,7.70
2026-05-13 20:02:00+00:00,-6.22,-1.09,4.47,189.96,35.31,7.74
2026-05-13 20:03:00+00:00,-6.45,-1.71,4.26,194.81,32.57,7.92
2026-05-13 20:04:00+00:00,-6.21,-1.22,4.56,191.11,35.78,7.80
2026-05-13 20:05:00+00:00,-6.49,-1.09,4.32,189.53,33.27,7.87
2026-05-13 20:06:00+00:00,-6.51,-1.71,4.18,194.73,31.85,7.93
2026-05-13 20:07:00+00:00,-5.72,-2.82,3.86,206.22,31.20,7.45
2026-05-13 20:08:00+00:00,-6.32,-0.86,4.37,187.72,34.40,7.73
2026-05-13 20:09:00+00:00,-6.72,-0.21,4.08,181.81,31.24,7.86
2026-05-13 20:10:00+00:00,-6.19,0.06,4.84,179.41,38.04,7.86
2026-05-13 20:11:00+00:00,-5.67,0.17,5.20,178.27,42.51,7.70
2026-05-13 20:12:00+00:00,-6.17,0.00,4.85,180.04,38.20,7.85
2026-05-13 20:13:00+00:00,-6.72,-0.44,4.23,183.75,32.17,7.95
2026-05-13 20:14:00+00:00,-6.99,1.77,3.19,165.82,23.89,7.89
2026-05-13 20:15:00+00:00,-6.20,4.18,2.44,146.01,18.07,7.87
2026-05-13 20:16:00+00:00,-6.09,3.96,2.34,146.98,17.86,7.63
2026-05-13 20:17:00+00:00,-6.60,3.57,2.32,151.58,17.19,7.86
2026-05-13 20:18:00+00:00,-5.65,4.59,2.77,140.90,20.81,7.79
2026-05-13 20:19:00+00:00,-5.26,5.64,1.08,133.01,7.97,7.79
2026-05-13 20:20:00+00:00,-6.72,2.00,2.87,163.46,22.27,7.57
2026-05-13 20:21:00+00:00,-7.04,0.81,3.31,173.45,25.07,7.82
2026-05-13 20:22:00+00:00,-7.26,1.20,2.91,170.61,21.59,7.91
2026-05-13 20:23:00+00:00,-6.81,1.05,3.68,171.23,28.08,7.81
2026-05-13 20:24:00+00:00,-5.40,0.62,5.58,173.43,45.70,7.79
2026-05-13 20:25:00+00:00,-5.98,0.36,5.14,176.56,40.64,7.89
2026-05-13 20:26:00+00:00,-5.87,1.03,5.16,170.09,40.89,7.88
2026-05-13 20:27:00+00:00,-5.80,-0.10,5.42,181.00,43.08,7.94
2026-05-13 20:28:00+00:00,-6.63,0.58,4.17,174.97,32.06,7.86
2026-05-13 20:31:00+00:00,-7.00,-0.03,3.86,180.21,28.88,7.99
2026-05-13 20:32:00+00:00,-6.85,-0.52,4.01,184.38,30.28,7.95
2026-05-13 20:33:00+00:00,-6.57,-1.08,4.31,189.31,32.93,7.93
2026-05-13 20:34:00+00:00,-6.96,0.46,3.46,176.22,26.37,7.79
2026-05-13 20:35:00+00:00,-7.24,1.98,2.20,164.73,16.32,7.82
2026-05-13 20:36:00+00:00,-7.14,2.94,1.62,157.60,11.87,7.89
2026-05-13 20:37:00+00:00,-6.96,3.82,0.73,151.24,5.23,7.98
2026-05-13 20:38:00+00:00,-5.73,4.94,-0.36,139.26,-2.70,7.58
2026-05-13 20:39:00+00:00,-5.51,5.29,-0.61,136.14,-4.56,7.67
2026-05-13 20:40:00+00:00,-4.05,6.23,-1.19,123.05,-9.08,7.52
2026-05-13 20:41:00+00:00,-3.86,6.46,-0.51,120.85,-3.91,7.54
2026-05-13 20:42:00+00:00,-3.69,6.50,-0.53,119.57,-4.09,7.49
2026-05-13 20:43:00+00:00,-2.52,5.17,-0.88,116.01,-8.67,5.82
2026-05-13 20:44:00+00:00,-3.09,6.87,-0.51,114.20,-3.90,7.55
2026-05-13 20:45:00+00:00,-4.32,6.34,-0.34,124.27,-2.51,7.68
2026-05-13 20:46:00+00:00,-5.13,5.70,0.82,131.99,6.12,7.71
2026-05-13 20:47:00+00:00,-4.92,5.74,0.78,130.59,5.88,7.59
2026-05-13 20:48:00+00:00,-5.06,5.47,1.56,132.80,11.80,7.61
2026-05-13 20:49:00+00:00,-4.40,5.91,2.12,126.68,16.04,7.67
2026-05-13 20:50:00+00:00,-5.06,5.56,1.27,132.32,9.61,7.63
2026-05-13 20:51:00+00:00,-5.63,5.00,0.92,138.39,6.97,7.58
2026-05-13 20:52:00+00:00,-5.64,5.10,0.27,137.88,2.05,7.61
2026-05-13 20:53:00+00:00,-5.87,4.77,0.22,140.92,1.69,7.57
2026-05-13 20:54:00+00:00,-5.52,4.82,-0.43,138.90,-3.35,7.34
2026-05-13 20:55:00+00:00,-5.57,4.69,1.65,139.93,12.75,7.47
2026-05-13 20:56:00+00:00,-5.72,4.78,1.34,140.09,10.18,7.57
2026-05-13 20:57:00+00:00,-5.99,4.64,-0.01,142.23,-0.11,7.57
2026-05-13 20:58:00+00:00,-5.77,4.59,1.07,141.47,8.28,7.45
2026-05-13 20:59:00+00:00,-5.74,4.38,2.02,142.62,15.67,7.50
2026-05-13 21:00:00+00:00,-6.52,3.88,0.03,149.25,0.20,7.59
2026-05-13 21:01:00+00:00,-6.81,3.12,0.82,155.37,6.22,7.54
2026-05-13 21:02:00+00:00,-7.66,1.23,-0.33,170.87,-2.41,7.76
2026-05-13 21:03:00+00:00,-7.63,0.21,-0.84,178.46,-6.29,7.68
2026-05-13 21:04:00+00:00,-5.71,3.73,2.63,146.83,21.10,7.31
2026-05-13 21:05:00+00:00,-6.17,3.76,2.13,148.67,16.39,7.53
2026-05-13 21:06:00+00:00,-5.90,3.96,2.30,146.11,17.95,7.47
2026-05-13 21:07:00+00:00,-6.21,3.88,1.80,148.01,13.80,7.54
2026-05-13 21:08:00+00:00,-6.46,3.73,0.93,150.03,7.09,7.52
2026-05-13 21:09:00+00:00,-4.70,5.14,1.63,132.43,13.21,7.15
2026-05-13 21:10:00+00:00,-7.41,1.11,0.50,171.45,3.80,7.51
2026-05-13 21:11:00+00:00,-7.32,2.06,-0.03,164.24,-0.22,7.60
2026-05-13 21:12:00+00:00,-7.28,2.22,0.14,163.03,1.06,7.61
2026-05-13 21:13:00+00:00,-7.25,1.93,0.73,165.08,5.54,7.54
2026-05-13 21:14:00+00:00,-7.21,2.22,0.65,162.87,4.90,7.57
2026-05-13 21:15:00+00:00,-7.36,1.30,0.83,170.01,6.34,7.52
2026-05-13 21:16:00+00:00,-7.43,0.17,0.66,178.65,5.05,7.46
2026-05-13 21:17:00+00:00,-7.19,-1.60,0.40,192.53,3.14,7.38
2026-05-13 21:18:00+00:00,-7.19,-0.90,0.75,187.17,5.90,7.28
2026-05-13 21:19:00+00:00,-7.26,-0.58,0.97,184.54,7.63,7.34
2026-05-13 21:20:00+00:00,-7.32,-0.41,0.97,183.24,7.57,7.39
2026-05-13 21:21:00+00:00,-7.13,-0.61,1.54,184.89,12.13,7.32
2026-05-13 21:22:00+00:00,-6.87,1.90,0.82,164.50,6.54,7.18
2026-05-13 21:23:00+00:00,-6.31,3.61,0.41,150.23,3.23,7.28
2026-05-13 21:24:00+00:00,-6.44,3.36,1.15,152.45,9.02,7.36
2026-05-13 21:25:00+00:00,-6.93,2.13,0.61,162.87,4.81,7.27
2026-05-13 21:26:00+00:00,-6.56,2.99,1.39,155.53,10.90,7.34
2026-05-13 21:27:00+00:00,-6.94,2.46,-0.09,160.45,-0.72,7.36
2026-05-13 21:28:00+00:00,-7.40,0.09,0.56,179.34,4.30,7.42
2026-05-13 21:29:00+00:00,-7.04,2.51,-0.30,160.35,-2.30,7.48
2026-05-13 21:30:00+00:00,-7.08,1.56,-0.56,167.58,-4.42,7.27
2026-05-13 21:31:00+00:00,-7.10,1.97,-0.25,164.50,-1.96,7.37
2026-05-13 21:32:00+00:00,-6.80,3.03,0.06,155.98,0.45,7.44
2026-05-13 21:33:00+00:00,-6.42,3.54,0.48,151.14,3.74,7.35
2026-05-13 21:34:00+00:00,-6.78,2.82,-0.16,157.40,-1.28,7.35
2026-05-13 21:35:00+00:00,-6.73,3.17,-0.12,154.78,-0.91,7.44
2026-05-13 21:36:00+00:00,-7.20,1.24,-0.72,170.19,-5.63,7.34
2026-05-13 21:37:00+00:00,-7.19,1.46,-0.44,168.50,-3.44,7.35
2026-05-13 21:38:00+00:00,-7.12,2.22,0.03,162.67,0.22,7.46
2026-05-13 21:39:00+00:00,-6.94,2.35,-0.37,161.30,-2.88,7.34
2026-05-13 21:40:00+00:00,-7.07,2.08,-0.60,163.63,-4.66,7.39
2026-05-13 21:41:00+00:00,-5.53,2.78,-3.24,153.30,-27.61,6.98
2026-05-13 21:42:00+00:00,-6.58,2.40,-0.91,159.95,-7.41,7.07
2026-05-13 21:43:00+00:00,-4.02,4.07,-4.09,134.63,-35.55,7.04
2026-05-13 21:44:00+00:00,-4.90,4.03,-3.07,140.55,-25.81,7.05
2026-05-13 21:45:00+00:00,-4.99,3.94,-3.00,141.74,-25.28,7.03
2026-05-13 21:46:00+00:00,-5.03,3.33,-3.36,146.55,-29.10,6.91
2026-05-13 21:47:00+00:00,-6.10,3.19,-0.40,152.43,-3.30,6.90
2026-05-13 21:48:00+00:00,-4.39,4.68,1.83,133.17,15.90,6.67
2026-05-13 21:49:00+00:00,-5.70,3.51,1.57,148.42,13.16,6.87
2026-05-13 21:50:00+00:00,-3.90,3.93,4.27,134.77,37.65,6.99
2026-05-13 21:51:00+00:00,-4.07,3.33,4.65,140.73,41.52,7.02
2026-05-13 21:52:00+00:00,-4.63,3.17,4.38,145.60,37.98,7.12
2026-05-13 21:53:00+00:00,-5.17,2.87,3.95,150.96,33.80,7.11
2026-05-13 21:54:00+00:00,-5.12,3.31,3.31,147.08,28.50,6.94
2026-05-13 21:55:00+00:00,-5.27,3.61,2.50,145.56,21.42,6.86
2026-05-13 21:56:00+00:00,-5.61,2.56,3.13,155.47,26.96,6.91
2026-05-13 21:57:00+00:00,-5.01,2.48,4.02,153.66,35.72,6.88
2026-05-13 21:58:00+00:00,-6.79,1.35,1.22,168.77,10.03,7.03
2026-05-13 22:00:00+00:00,-6.37,1.28,3.03,168.67,24.99,7.17
2026-05-13 22:01:00+00:00,-6.19,1.54,3.32,166.04,27.51,7.19
2026-05-13 22:02:00+00:00,-5.82,1.75,3.64,163.28,30.91,7.08
2026-05-13 22:03:00+00:00,-5.80,1.51,3.73,165.44,31.93,7.06
2026-05-13 22:04:00+00:00,-5.44,1.84,4.05,161.32,35.17,7.02
2026-05-13 22:05:00+00:00,-5.74,1.07,4.13,169.43,35.27,7.15
2026-05-13 22:06:00+00:00,-5.44,1.15,4.30,168.03,37.72,7.02
2026-05-13 22:07:00+00:00,-5.55,0.85,4.34,171.26,37.72,7.09
2026-05-13 22:08:00+00:00,-5.20,1.21,4.46,166.94,39.90,6.95
2026-05-13 22:09:00+00:00,-5.14,1.17,4.37,167.22,39.69,6.85
2026-05-13 22:10:00+00:00,-4.81,1.08,4.87,167.35,44.61,6.93
2026-05-13 22:11:00+00:00,-4.78,1.22,4.88,165.70,44.71,6.94
2026-05-13 22:12:00+00:00,-4.82,0.90,4.95,169.46,45.30,6.97
2026-05-13 22:13:00+00:00,-5.06,1.85,4.46,159.95,39.63,6.99
2026-05-13 22:14:00+00:00,-5.17,0.80,4.72,171.20,42.06,7.05
2026-05-13 22:15:00+00:00,-6.67,0.48,2.33,175.86,19.23,7.08
2026-05-13 22:16:00+00:00,-6.40,1.59,2.46,166.06,20.42,7.04
2026-05-13 22:17:00+00:00,-6.32,1.90,2.42,163.25,20.15,7.03
2026-05-13 22:18:00+00:00,-6.51,1.99,1.69,162.99,13.96,7.01
2026-05-13 22:19:00+00:00,-6.58,1.80,1.65,164.70,13.63,7.02
2026-05-13 22:20:00+00:00,-6.35,2.11,2.13,161.61,17.69,7.02
2026-05-13 22:21:00+00:00,-6.58,1.95,1.48,163.49,12.14,7.02
2026-05-13 22:22:00+00:00,-6.68,1.64,0.00,166.20,0.03,6.88
2026-05-13 22:23:00+00:00,-6.73,1.91,0.78,164.15,6.37,7.04
2026-05-13 22:24:00+00:00,-6.84,1.56,0.06,167.17,0.48,7.02
2026-05-13 22:25:00+00:00,-6.81,1.56,0.58,167.08,4.75,7.01
2026-05-13 22:26:00+00:00,-6.67,1.92,1.24,163.94,10.10,7.05
2026-05-13 22:27:00+00:00,-6.66,1.70,1.79,165.67,14.60,7.11
2026-05-13 22:28:00+00:00,-6.88,1.83,0.73,165.10,5.86,7.15
2026-05-13 22:29:00+00:00,-6.97,1.57,0.71,167.34,5.68,7.18
2026-05-13 22:30:00+00:00,-7.10,1.26,0.15,169.92,1.22,7.21
2026-05-13 22:31:00+00:00,-6.93,1.61,-0.93,166.89,-7.46,7.18
2026-05-13 22:32:00+00:00,-7.03,0.63,-1.03,174.85,-8.33,7.13
2026-05-13 22:33:00+00:00,-6.95,0.68,-1.05,174.43,-8.53,7.06
2026-05-13 22:34:00+00:00,-6.74,1.14,-1.16,170.43,-9.63,6.93
2026-05-13 22:35:00+00:00,-6.82,0.80,-1.06,173.30,-8.75,6.94
2026-05-13 22:36:00+00:00,-6.66,2.11,-0.98,162.41,-7.98,7.05
2026-05-13 22:37:00+00:00,-6.69,1.74,-0.83,165.43,-6.84,6.96
2026-05-13 22:38:00+00:00,-5.67,3.28,2.08,149.93,17.58,6.88
2026-05-13 22:39:00+00:00,-5.03,3.77,2.94,143.16,25.09,6.93
2026-05-13 22:40:00+00:00,-4.53,3.57,3.75,141.73,33.00,6.88
2026-05-13 22:41:00+00:00,-4.41,3.84,3.75,138.91,32.67,6.94
2026-05-13 22:42:00+00:00,-5.29,3.39,2.96,147.40,25.21,6.95
2026-05-13 22:43:00+00:00,-5.81,3.02,2.61,152.57,21.72,7.05
2026-05-13 22:44:00+00:00,-5.79,3.53,2.09,148.66,17.12,7.10
2026-05-13 22:45:00+00:00,-5.61,3.40,2.52,148.79,21.02,7.03
2026-05-13 22:46:00+00:00,-6.03,3.47,1.60,150.09,12.96,7.14
2026-05-13 22:47:00+00:00,-5.60,3.71,1.98,146.45,16.39,7.00
2026-05-13 22:48:00+00:00,-6.49,3.04,0.53,154.88,4.26,7.18
2026-05-13 22:49:00+00:00,-6.79,1.86,-1.59,164.64,-12.77,7.22
2026-05-13 22:50:00+00:00,-5.79,-0.35,-4.17,183.48,-35.69,7.15
2026-05-13 22:51:00+00:00,-5.49,-0.75,-4.63,187.77,-39.87,7.23
2026-05-13 22:52:00+00:00,-4.89,-1.12,-5.04,192.94,-45.14,7.11
2026-05-13 22:53:00+00:00,-3.81,-1.50,-5.24,201.46,-52.02,6.65
2026-05-13 22:54:00+00:00,-6.33,1.87,-2.00,163.55,-16.85,6.90
2026-05-13 22:55:00+00:00,-5.94,3.77,0.68,147.58,5.51,7.07
2026-05-13 22:56:00+00:00,-6.32,3.01,0.92,154.58,7.49,7.06
2026-05-13 22:57:00+00:00,-6.53,2.48,1.21,159.22,9.84,7.09
2026-05-13 22:58:00+00:00,-7.12,1.24,-0.12,170.13,-0.96,7.22
2026-05-13 22:59:00+00:00,-7.08,1.76,0.26,166.06,2.07,7.30
2026-05-13 23:00:00+00:00,-6.95,2.08,0.05,163.34,0.38,7.26
2026-05-13 23:01:00+00:00,-6.86,2.03,-0.37,163.50,-2.99,7.16
2026-05-13 23:02:00+00:00,-7.15,1.89,0.17,165.22,1.31,7.39
2026-05-13 23:03:00+00:00,-7.23,1.72,-0.01,166.59,-0.07,7.43
2026-05-13 23:04:00+00:00,-7.25,1.64,-0.09,167.30,-0.72,7.44
2026-05-13 23:05:00+00:00,-7.23,1.76,0.12,166.29,0.90,7.44
2026-05-13 23:06:00+00:00,-7.00,2.22,0.35,162.38,2.77,7.36
2026-05-13 23:07:00+00:00,-6.72,2.84,0.60,157.12,4.69,7.32
2026-05-13 23:08:00+00:00,-6.98,2.01,0.50,163.96,3.96,7.28
2026-05-13 23:09:00+00:00,-6.83,2.43,-0.16,160.44,-1.22,7.25
2026-05-13 23:10:00+00:00,-7.05,1.79,-0.99,165.74,-7.78,7.35
2026-05-13 23:11:00+00:00,-6.47,1.26,-3.07,168.96,-25.00,7.27
2026-05-13 23:12:00+00:00,-5.91,1.06,-3.92,169.81,-33.12,7.17
2026-05-13 23:13:00+00:00,-6.33,1.03,-3.32,170.76,-27.38,7.22
2026-05-13 23:14:00+00:00,-5.92,0.85,-4.04,171.81,-34.06,7.22
2026-05-13 23:15:00+00:00,-6.22,1.42,-3.44,167.14,-28.31,7.25
2026-05-13 23:16:00+00:00,-6.44,1.19,-3.11,169.51,-25.39,7.25
2026-05-13 23:17:00+00:00,-6.87,1.57,-1.89,167.14,-15.01,7.30
2026-05-13 23:18:00+00:00,-6.78,1.65,-1.98,166.34,-15.85,7.25
2026-05-13 23:19:00+00:00,-6.85,1.42,-1.89,168.25,-15.15,7.24
2026-05-13 23:20:00+00:00,-7.04,1.37,-1.27,168.95,-10.02,7.28
2026-05-13 23:21:00+00:00,-6.68,1.99,-0.10,163.43,-0.82,6.97
2026-05-13 23:22:00+00:00,-7.00,2.00,0.59,164.09,4.60,7.31
2026-05-13 23:23:00+00:00,-7.23,1.51,-0.80,168.21,-6.15,7.43
2026-05-13 23:24:00+00:00,-7.05,1.18,-1.77,170.49,-13.93,7.37
2026-05-13 23:25:00+00:00,-7.02,1.17,-1.56,170.55,-12.34,7.28
2026-05-13 23:26:00+00:00,-7.16,0.59,-1.31,175.29,-10.30,7.30
2026-05-13 23:27:00+00:00,-7.25,0.67,-0.96,174.75,-7.55,7.34
2026-05-13 23:28:00+00:00,-7.33,0.38,-0.45,177.03,-3.54,7.35
2026-05-13 23:29:00+00:00,-7.34,0.31,-0.39,177.61,-3.04,7.35
2026-05-13 23:30:00+00:00,-7.38,0.41,-0.44,176.85,-3.42,7.40
2026-05-13 23:31:00+00:00,-7.33,0.37,0.08,177.10,0.65,7.34
2026-05-13 23:32:00+00:00,-7.34,0.52,-0.06,175.95,-0.48,7.36
2026-05-13 23:33:00+00:00,-5.90,1.24,-3.47,168.09,-29.95,6.96
2026-05-13 23:34:00+00:00,-5.93,1.28,-3.95,167.84,-33.07,7.24
2026-05-13 23:35:00+00:00,-5.95,1.31,-3.87,167.55,-32.43,7.22
2026-05-13 23:36:00+00:00,-5.78,1.29,-4.15,167.45,-35.04,7.23
2026-05-13 23:37:00+00:00,-5.23,1.98,-4.53,159.28,-38.99,7.20
2026-05-13 23:38:00+00:00,-4.34,1.62,-5.42,159.56,-49.52,7.13
2026-05-13 23:39:00+00:00,-4.97,0.71,-5.11,171.86,-45.51,7.17
2026-05-13 23:40:00+00:00,-4.96,0.65,-5.17,172.54,-45.93,7.20
2026-05-13 23:41:00+00:00,-5.48,0.02,-4.75,179.76,-40.88,7.25
2026-05-13 23:42:00+00:00,-5.19,-0.04,-5.00,180.47,-43.89,7.21
2026-05-13 23:43:00+00:00,-5.60,-0.49,-4.54,184.95,-38.93,7.22
2026-05-13 23:44:00+00:00,-5.70,-0.32,-4.46,183.18,-38.00,7.24
2026-05-13 23:45:00+00:00,-5.36,-0.20,-4.83,182.10,-42.04,7.22
2026-05-13 23:46:00+00:00,-5.22,-1.00,-4.89,190.87,-42.58,7.22
2026-05-13 23:47:00+00:00,-6.62,1.53,-0.44,166.97,-3.66,6.81
2026-05-13 23:48:00+00:00,-6.72,2.61,-1.00,158.78,-7.91,7.28
2026-05-13 23:49:00+00:00,-6.51,1.99,-2.15,162.98,-17.49,7.14
2026-05-13 23:50:00+00:00,-6.37,2.05,-2.73,162.14,-22.17,7.23
2026-05-13 23:51:00+00:00,-5.82,2.05,-3.41,160.62,-28.92,7.05
2026-05-13 23:52:00+00:00,-6.10,1.53,-3.17,165.91,-26.73,7.04
2026-05-13 23:53:00+00:00,-6.04,1.24,-3.42,168.39,-29.03,7.05
2026-05-13 23:54:00+00:00,-6.12,0.70,-3.57,173.50,-30.09,7.12
2026-05-13 23:55:00+00:00,-6.22,1.18,-3.02,169.30,-25.48,7.02
2026-05-13 23:56:00+00:00,-6.40,1.31,-2.74,168.44,-22.77,7.08
2026-05-13 23:57:00+00:00,-6.26,1.06,-3.16,170.36,-26.46,7.09
2026-05-13 23:58:00+00:00,-6.68,1.31,-0.71,168.90,-5.94,6.85
2026-05-13 23:59:00+00:00,-6.96,0.71,-0.67,174.20,-5.50,7.03
2026-05-14 00:00:00+00:00,-6.94,0.25,-0.80,177.97,-6.57,6.99
2026-05-14 00:01:00+00:00,-6.78,-0.03,-1.54,180.26,-12.81,6.95
2026-05-14 00:02:00+00:00,-6.72,1.40,-1.09,168.24,-9.05,6.95
2026-05-14 00:03:00+00:00,-6.57,1.76,-1.02,165.04,-8.53,6.88
2026-05-14 00:04:00+00:00,-6.78,0.87,-0.16,172.65,-1.33,6.84
2026-05-14 00:05:00+00:00,-6.70,1.90,-0.18,164.18,-1.45,6.97
2026-05-14 00:06:00+00:00,-6.81,0.64,1.05,174.62,8.73,6.92
2026-05-14 00:07:00+00:00,-6.73,0.35,1.53,177.05,12.78,6.91
2026-05-14 00:08:00+00:00,-6.40,2.60,-0.27,157.86,-2.23,6.92
2026-05-14 00:09:00+00:00,-6.43,2.01,0.60,162.63,5.05,6.77
2026-05-14 00:10:00+00:00,-6.53,2.12,-0.22,162.00,-1.84,6.87
2026-05-14 00:11:00+00:00,-6.56,1.88,-0.43,164.01,-3.60,6.83
2026-05-14 00:12:00+00:00,-5.47,2.35,-3.40,156.70,-29.75,6.86
2026-05-14 00:13:00+00:00,-5.57,1.88,-3.58,161.29,-31.34,6.88
2026-05-14 00:14:00+00:00,-6.11,1.38,-2.74,167.28,-23.61,6.83
2026-05-14 00:15:00+00:00,-6.34,1.93,-1.88,163.08,-15.89,6.89
2026-05-14 00:16:00+00:00,-6.15,2.10,-2.45,161.12,-20.67,6.94
2026-05-14 00:17:00+00:00,-6.41,1.74,-2.01,164.79,-16.82,6.94
2026-05-14 00:18:00+00:00,-6.32,1.51,-2.25,166.57,-19.10,6.88
2026-05-14 00:19:00+00:00,-6.26,2.42,-1.33,158.86,-11.20,6.85
2026-05-14 00:20:00+00:00,-6.07,2.49,-1.94,157.73,-16.51,6.84
2026-05-14 00:21:00+00:00,-6.16,2.38,-2.19,158.83,-18.38,6.96
2026-05-14 00:22:00+00:00,-6.11,2.20,-2.62,160.19,-21.99,7.00
2026-05-14 00:23:00+00:00,-5.99,1.59,-1.84,165.14,-16.52,6.46
2026-05-14 00:24:00+00:00,-6.25,2.71,0.69,156.57,5.81,6.85
2026-05-14 00:25:00+00:00,-6.22,2.80,1.08,155.78,9.00,6.90
2026-05-14 00:26:00+00:00,-5.22,3.83,2.34,143.74,19.85,6.88
2026-05-14 00:27:00+00:00,-5.98,2.21,2.69,159.67,22.86,6.92
2026-05-14 00:28:00+00:00,-5.54,3.46,2.38,148.05,20.03,6.95
2026-05-14 00:29:00+00:00,-5.47,3.68,2.14,146.06,18.00,6.93
2026-05-14 00:30:00+00:00,-5.91,3.30,1.40,150.80,11.71,6.91
2026-05-14 00:31:00+00:00,-6.42,2.09,1.73,161.93,14.39,6.97
2026-05-14 00:32:00+00:00,-6.30,2.98,0.67,154.72,5.48,7.00
2026-05-14 00:33:00+00:00,-6.16,3.29,-0.30,151.92,-2.47,6.99
2026-05-14 00:34:00+00:00,-6.29,3.03,0.00,154.29,-0.04,6.98
2026-05-14 00:35:00+00:00,-6.22,3.01,-0.28,154.14,-2.28,6.91
2026-05-14 00:36:00+00:00,-5.20,4.47,-0.62,139.31,-5.15,6.88
2026-05-14 00:37:00+00:00,-5.39,4.29,0.29,141.48,2.40,6.90
2026-05-14 00:38:00+00:00,-5.24,4.44,0.72,139.73,5.98,6.90
2026-05-14 00:39:00+00:00,-4.95,4.72,0.66,136.32,5.50,6.87
2026-05-14 00:40:00+00:00,-5.13,4.55,0.63,138.47,5.26,6.89
2026-05-14 00:41:00+00:00,-5.37,4.04,0.83,143.04,7.03,6.77
2026-05-14 00:42:00+00:00,-5.17,4.23,1.80,140.72,15.05,6.92
2026-05-14 00:43:00+00:00,-5.35,4.13,1.11,142.35,9.31,6.85
2026-05-14 00:44:00+00:00,-5.58,3.82,1.36,145.59,11.34,6.90
2026-05-14 00:45:00+00:00,-6.01,3.25,-0.12,151.61,-1.00,6.83
2026-05-14 00:46:00+00:00,-6.67,1.59,-0.65,166.61,-5.40,6.89
2026-05-14 00:47:00+00:00,-6.62,1.84,-0.73,164.47,-6.07,6.91
2026-05-14 00:48:00+00:00,-6.50,2.41,-0.47,159.68,-3.89,6.95
2026-05-14 00:49:00+00:00,-5.56,4.00,-0.10,144.24,-0.84,6.85
2026-05-14 00:50:00+00:00,-5.20,4.48,-1.06,139.26,-8.81,6.94
2026-05-14 00:51:00+00:00,-5.37,4.15,-1.20,142.33,-10.00,6.89
2026-05-14 00:52:00+00:00,-5.07,4.53,-1.21,138.19,-10.09,6.91
2026-05-14 00:53:00+00:00,-5.24,4.07,-1.50,142.21,-12.74,6.80
2026-05-14 00:54:00+00:00,-5.62,3.49,-1.48,148.17,-12.59,6.78
2026-05-14 00:55:00+00:00,-5.66,3.12,1.42,151.13,12.35,6.62
2026-05-14 00:56:00+00:00,-5.05,4.04,2.25,141.30,19.22,6.85
2026-05-14 00:57:00+00:00,-4.95,4.21,2.20,139.63,18.68,6.86
2026-05-14 00:58:00+00:00,-4.54,4.36,2.61,136.16,22.46,6.82
2026-05-14 00:59:00+00:00,-4.17,4.27,3.17,134.32,28.00,6.76
2026-05-14 01:00:00+00:00,-4.75,3.84,2.99,141.06,26.11,6.80
2026-05-14 01:01:00+00:00,-5.93,2.84,0.76,154.40,6.61,6.62
2026-05-14 01:02:00+00:00,-6.32,2.34,0.46,159.68,3.89,6.75
2026-05-14 01:03:00+00:00,-6.44,0.87,1.77,172.28,15.19,6.74
2026-05-14 01:04:00+00:00,-6.81,0.11,-0.06,179.10,-0.53,6.81
2026-05-14 01:05:00+00:00,-6.57,1.47,-0.66,167.43,-5.61,6.77
2026-05-14 01:06:00+00:00,-6.13,1.30,-2.53,168.06,-21.96,6.75
2026-05-14 01:07:00+00:00,-5.86,2.65,-0.37,155.67,-3.30,6.44
2026-05-14 01:08:00+00:00,-5.75,3.69,0.15,147.33,1.24,6.83
2026-05-14 01:09:00+00:00,-6.30,2.86,0.13,155.57,1.07,6.92
2026-05-14 01:10:00+00:00,-6.50,2.35,-0.02,160.11,-0.18,6.91
2026-05-14 01:11:00+00:00,-6.77,1.55,-0.07,167.10,-0.61,6.95
2026-05-14 01:12:00+00:00,-6.59,2.09,-1.09,162.43,-8.94,7.00
2026-05-14 01:13:00+00:00,-6.34,2.63,-1.19,157.47,-9.82,6.96
2026-05-14 01:14:00+00:00,-6.27,2.77,-1.07,156.18,-8.87,6.93
2026-05-14 01:15:00+00:00,-6.66,1.46,-0.51,167.65,-4.27,6.84
2026-05-14 01:16:00+00:00,-6.93,1.36,-0.36,168.93,-2.95,7.07
2026-05-14 01:17:00+00:00,-7.02,1.11,0.28,171.00,2.23,7.11
2026-05-14 01:18:00+00:00,-6.84,-0.42,-1.22,183.49,-10.07,6.96
2026-05-14 01:19:00+00:00,-6.95,0.14,-1.00,178.86,-8.21,7.02
2026-05-14 01:20:00+00:00,-6.99,0.07,-1.03,179.43,-8.36,7.06
2026-05-14 01:21:00+00:00,-7.05,0.36,-0.51,177.10,-4.17,7.08
2026-05-14 01:22:00+00:00,-6.84,0.94,-1.33,172.14,-10.87,7.03
2026-05-14 01:23:00+00:00,-6.73,0.95,-1.46,171.94,-12.14,6.95
2026-05-14 01:24:00+00:00,-6.68,1.22,-1.68,169.66,-13.88,7.00
2026-05-14 01:25:00+00:00,-6.81,1.07,-1.53,171.07,-12.48,7.06
2026-05-14 01:26:00+00:00,-6.76,0.63,-1.90,174.70,-15.64,7.05
2026-05-14 01:27:00+00:00,-6.76,1.16,-1.32,170.27,-10.85,6.98
2026-05-14 01:28:00+00:00,-6.73,0.82,-1.72,173.06,-14.24,6.99
2026-05-14 01:29:00+00:00,-6.17,-0.94,-2.81,188.69,-24.28,6.84
2026-05-14 01:30:00+00:00,-5.38,-2.09,-3.61,201.29,-32.02,6.81
2026-05-14 01:31:00+00:00,-4.40,-3.19,-4.27,215.89,-38.14,6.91
2026-05-14 01:32:00+00:00,-4.30,-3.15,-4.35,216.18,-39.22,6.88
2026-05-14 01:33:00+00:00,-4.61,-2.87,-4.27,211.88,-38.15,6.91
2026-05-14 01:34:00+00:00,-4.93,-2.74,-3.85,209.05,-34.29,6.83
2026-05-14 01:35:00+00:00,-5.98,-1.58,-3.34,194.82,-28.37,7.03
2026-05-14 01:36:00+00:00,-5.92,-1.50,-3.51,194.22,-29.90,7.04
2026-05-14 01:37:00+00:00,-5.74,-2.27,-3.32,201.56,-28.26,7.01
2026-05-14 01:38:00+00:00,-5.51,-2.42,-3.54,203.74,-30.46,6.99
2026-05-14 01:39:00+00:00,-5.59,-2.29,-3.59,202.25,-30.71,7.02
2026-05-14 01:40:00+00:00,-5.53,-1.75,-3.37,197.52,-30.13,6.71
2026-05-14 01:41:00+00:00,-6.44,-0.61,-2.55,185.43,-21.55,6.95
2026-05-14 01:42:00+00:00,-6.40,-0.95,-2.54,188.43,-21.41,6.95
2026-05-14 01:43:00+00:00,-6.55,0.73,-2.14,173.61,-18.01,6.94
2026-05-14 01:44:00+00:00,-6.49,-0.65,-2.30,185.75,-19.43,6.91
2026-05-14 01:45:00+00:00,-6.63,-1.29,-1.65,190.99,-13.69,6.95
2026-05-14 01:46:00+00:00,-6.99,-0.57,-1.46,184.65,-11.77,7.16
2026-05-14 01:47:00+00:00,-7.02,-0.28,-1.07,182.25,-8.63,7.11
2026-05-14 01:48:00+00:00,-7.03,-0.13,-1.03,181.08,-8.34,7.10
2026-05-14 01:49:00+00:00,-7.09,-0.13,-0.85,181.06,-6.81,7.14
2026-05-14 01:50:00+00:00,-6.98,-0.20,-0.32,181.66,-2.62,6.99
2026-05-14 01:51:00+00:00,-6.98,1.27,0.20,169.67,1.63,7.10
2026-05-14 01:52:00+00:00,-7.01,-1.01,-0.12,188.18,-0.97,7.08
2026-05-14 01:53:00+00:00,-7.00,-0.78,-0.50,186.39,-4.03,7.06
2026-05-14 01:54:00+00:00,-5.72,-0.22,-4.03,182.19,-35.14,7.00
2026-05-14 01:55:00+00:00,-4.88,0.06,-5.05,179.27,-46.01,7.02
2026-05-14 01:56:00+00:00,-5.02,-0.05,-5.09,180.54,-45.38,7.15
2026-05-14 01:57:00+00:00,-5.42,0.36,-4.60,176.20,-40.25,7.11
2026-05-14 01:58:00+00:00,-6.62,1.35,0.04,168.52,0.37,6.76
2026-05-14 01:59:00+00:00,-6.73,1.32,-0.65,168.88,-5.41,6.89
2026-05-14 02:00:00+00:00,-6.32,1.91,-0.68,163.16,-5.88,6.64
2026-05-14 02:01:00+00:00,-6.56,2.20,-0.22,161.44,-1.82,6.93
2026-05-14 02:02:00+00:00,-7.02,0.74,-0.22,173.99,-1.77,7.07
2026-05-14 02:03:00+00:00,-7.04,0.17,0.15,178.65,1.24,7.04
2026-05-14 02:04:00+00:00,-6.88,0.69,0.81,174.28,6.71,6.96
2026-05-14 02:05:00+00:00,-6.54,1.90,0.99,163.80,8.25,6.88
2026-05-14 02:06:00+00:00,-6.02,2.65,1.69,156.20,14.38,6.79
2026-05-14 02:07:00+00:00,-5.81,2.92,1.75,153.29,15.09,6.74
2026-05-14 02:08:00+00:00,-6.41,0.83,1.10,172.62,9.67,6.56
2026-05-14 02:09:00+00:00,-6.61,0.95,1.36,171.81,11.49,6.82
2026-05-14 02:10:00+00:00,-6.37,1.78,1.42,164.37,12.15,6.76
2026-05-14 02:11:00+00:00,-6.36,2.08,0.52,161.92,4.46,6.72
2026-05-14 02:12:00+00:00,-5.85,3.08,0.23,152.23,1.96,6.62
2026-05-14 02:13:00+00:00,-5.11,4.42,-1.37,139.17,-11.43,6.89
2026-05-14 02:14:00+00:00,-4.64,4.23,-2.68,137.64,-23.12,6.83
2026-05-14 02:15:00+00:00,-4.82,4.61,-2.17,136.24,-18.03,7.02
2026-05-14 02:16:00+00:00,-4.85,4.92,-0.59,134.60,-4.92,6.93
2026-05-14 02:17:00+00:00,-4.12,5.34,-1.88,127.68,-15.58,7.00
2026-05-14 02:18:00+00:00,-4.69,5.08,-1.68,132.76,-13.68,7.12
2026-05-14 02:19:00+00:00,-4.37,5.36,-1.54,129.17,-12.60,7.08
2026-05-14 02:20:00+00:00,-4.11,5.75,-0.77,125.57,-6.23,7.11
2026-05-14 02:21:00+00:00,-4.98,5.07,-0.58,134.49,-4.63,7.13
2026-05-14 02:22:00+00:00,-5.12,5.03,-0.89,135.53,-7.04,7.23
2026-05-14 02:23:00+00:00,-5.01,5.20,-0.89,133.93,-7.03,7.28
2026-05-14 02:24:00+00:00,-5.36,4.78,-0.70,138.25,-5.56,7.21
2026-05-14 02:25:00+00:00,-5.57,4.61,-0.88,140.39,-6.95,7.29
2026-05-14 02:26:00+00:00,-5.99,3.98,-1.11,146.44,-8.80,7.28
2026-05-14 02:27:00+00:00,-5.99,4.23,-0.68,144.77,-5.31,7.36
2026-05-14 02:28:00+00:00,-5.57,4.68,0.17,139.97,1.35,7.27
2026-05-14 02:29:00+00:00,-5.45,4.78,0.31,138.77,2.42,7.25
2026-05-14 02:30:00+00:00,-5.72,3.88,1.90,145.83,15.35,7.17
2026-05-14 02:31:00+00:00,-5.22,4.41,1.75,139.80,14.39,7.06
2026-05-14 02:32:00+00:00,-5.83,4.29,-0.36,143.62,-2.81,7.25
2026-05-14 02:33:00+00:00,-5.81,3.49,-1.71,148.99,-14.14,6.99
2026-05-14 02:34:00+00:00,-6.09,3.42,-2.11,150.70,-16.80,7.29
2026-05-14 02:35:00+00:00,-6.03,3.92,-1.64,146.96,-12.81,7.38
2026-05-14 02:36:00+00:00,-5.90,4.22,-1.09,144.44,-8.53,7.34
2026-05-14 02:37:00+00:00,-6.06,4.02,-1.16,146.46,-9.03,7.36
2026-05-14 02:38:00+00:00,-5.99,3.89,-1.38,147.02,-10.96,7.28
2026-05-14 02:39:00+00:00,-5.91,4.01,-1.60,145.86,-12.63,7.32
2026-05-14 02:40:00+00:00,-6.02,3.83,-1.94,147.53,-15.18,7.39
2026-05-14 02:41:00+00:00,-5.95,3.74,-2.16,147.84,-17.10,7.35
2026-05-14 02:42:00+00:00,-5.85,3.96,-1.96,145.86,-15.49,7.33
2026-05-14 02:43:00+00:00,-5.83,3.83,-1.95,146.73,-15.62,7.24
2026-05-14 02:44:00+00:00,-5.83,4.25,-1.22,143.95,-9.58,7.32
2026-05-14 02:45:00+00:00,-5.49,4.40,-1.88,141.32,-14.99,7.28
2026-05-14 02:46:00+00:00,-5.72,4.24,-1.77,143.46,-13.98,7.33
2026-05-14 02:47:00+00:00,-6.16,4.04,-1.48,146.75,-11.39,7.51
2026-05-14 02:48:00+00:00,-5.92,4.44,-1.24,143.15,-9.55,7.51
2026-05-14 02:49:00+00:00,-5.57,4.86,-1.34,138.92,-10.31,7.51
2026-05-14 02:50:00+00:00,-4.91,5.51,-0.95,131.70,-7.36,7.44
2026-05-14 02:51:00+00:00,-4.63,5.82,-0.40,128.49,-3.08,7.45
2026-05-14 02:52:00+00:00,-4.19,6.07,-0.49,124.62,-3.82,7.40
2026-05-14 02:53:00+00:00,-4.56,5.96,-0.72,127.44,-5.45,7.54
2026-05-14 02:54:00+00:00,-4.17,6.13,-1.47,124.20,-11.25,7.56
2026-05-14 02:55:00+00:00,-4.05,6.22,-1.42,123.10,-10.81,7.56
2026-05-14 02:56:00+00:00,-4.22,6.10,-0.99,124.69,-7.62,7.48
2026-05-14 02:57:00+00:00,-4.03,6.05,-0.93,123.67,-7.28,7.33
2026-05-14 02:58:00+00:00,-5.25,5.12,-0.42,135.71,-3.27,7.35
2026-05-14 02:59:00+00:00,-4.98,5.45,-0.31,132.41,-2.37,7.39
2026-05-14 03:00:00+00:00,-5.04,5.26,0.21,133.80,1.64,7.29
2026-05-14 03:01:00+00:00,-5.93,4.55,1.34,142.50,10.15,7.59
2026-05-14 03:02:00+00:00,-5.96,4.59,1.03,142.41,7.80,7.60
2026-05-14 03:03:00+00:00,-5.64,4.80,1.48,139.60,11.28,7.55
2026-05-14 03:04:00+00:00,-5.58,4.81,1.36,139.25,10.45,7.49
2026-05-14 03:05:00+00:00,-5.93,4.40,0.89,143.42,6.88,7.44
2026-05-14 03:06:00+00:00,-6.02,4.01,0.61,146.32,4.85,7.26
2026-05-14 03:07:00+00:00,-5.71,4.24,1.04,143.40,8.31,7.18
2026-05-14 03:08:00+00:00,-5.90,4.09,1.22,145.26,9.65,7.28
2026-05-14 03:09:00+00:00,-5.93,3.70,2.04,148.06,16.26,7.28
2026-05-14 03:10:00+00:00,-5.65,3.83,2.28,145.88,18.46,7.19
2026-05-14 03:11:00+00:00,-5.09,4.08,2.77,141.34,23.02,7.09
2026-05-14 03:12:00+00:00,-5.63,3.46,3.07,148.43,24.95,7.29
2026-05-14 03:13:00+00:00,-5.18,3.48,3.51,146.09,29.33,7.16
2026-05-14 03:14:00+00:00,-4.57,4.43,2.99,135.89,25.18,7.04
2026-05-14 03:15:00+00:00,-4.74,4.61,2.76,135.76,22.68,7.17
2026-05-14 03:16:00+00:00,-4.04,4.53,3.57,131.74,30.47,7.04
2026-05-14 03:17:00+00:00,-5.03,3.76,3.41,143.23,28.50,7.15
2026-05-14 03:18:00+00:00,-5.05,3.39,3.73,146.14,31.51,7.14
2026-05-14 03:19:00+00:00,-4.11,4.64,3.19,131.57,27.24,6.98
2026-05-14 03:20:00+00:00,-5.02,3.36,3.37,146.25,29.14,6.91
2026-05-14 03:21:00+00:00,-4.30,4.35,3.29,134.64,28.23,6.95
2026-05-14 03:22:00+00:00,-4.55,4.10,3.41,137.95,29.12,7.01
2026-05-14 03:23:00+00:00,-4.86,4.06,3.16,140.13,26.55,7.08
2026-05-14 03:24:00+00:00,-4.61,4.39,3.13,136.41,26.17,7.09
2026-05-14 03:25:00+00:00,-3.68,5.45,2.33,124.03,19.48,6.98
2026-05-14 03:26:00+00:00,-4.16,5.55,0.59,126.91,4.83,6.96
2026-05-14 03:27:00+00:00,-4.74,4.55,2.18,136.16,18.34,6.93
2026-05-14 03:28:00+00:00,-5.51,4.02,2.08,143.92,16.95,7.13
2026-05-14 03:29:00+00:00,-5.66,3.99,1.66,144.83,13.53,7.12
2026-05-14 03:30:00+00:00,-5.26,3.89,2.76,143.51,22.83,7.10
2026-05-14 03:31:00+00:00,-5.82,2.67,3.11,155.37,25.88,7.12
2026-05-14 03:32:00+00:00,-5.52,4.23,1.63,142.59,13.17,7.14
2026-05-14 03:33:00+00:00,-5.79,4.14,1.39,144.47,11.03,7.25
2026-05-14 03:34:00+00:00,-5.40,4.19,1.53,142.15,12.63,7.00
2026-05-14 03:35:00+00:00,-5.60,3.99,2.06,144.53,16.66,7.17
2026-05-14 03:36:00+00:00,-5.48,3.86,2.49,144.87,20.34,7.15
2026-05-14 03:37:00+00:00,-5.19,3.13,3.82,148.92,32.27,7.16
2026-05-14 03:38:00+00:00,-4.99,2.30,4.52,155.28,39.44,7.11
2026-05-14 03:39:00+00:00,-4.88,1.09,5.04,167.38,45.21,7.10
2026-05-14 03:40:00+00:00,-5.13,0.80,4.80,171.13,42.76,7.07
2026-05-14 03:41:00+00:00,-4.32,2.42,4.84,150.74,44.35,6.92
2026-05-14 03:42:00+00:00,-4.35,1.28,5.20,163.59,48.86,6.90
2026-05-14 03:43:00+00:00,-4.61,1.54,4.93,161.49,45.41,6.93
2026-05-14 03:44:00+00:00,-4.69,2.72,4.31,149.86,38.47,6.92
2026-05-14 03:45:00+00:00,-5.18,2.70,3.77,152.45,32.87,6.96
2026-05-14 03:46:00+00:00,-5.28,3.46,3.14,146.78,26.43,7.05
2026-05-14 03:47:00+00:00,-5.39,3.26,3.17,148.84,26.68,7.05
2026-05-14 03:48:00+00:00,-5.21,2.50,3.95,154.32,34.37,7.00
2026-05-14 03:49:00+00:00,-5.14,2.32,3.98,155.71,35.21,6.91
2026-05-14 03:50:00+00:00,-5.20,4.44,1.96,139.51,15.98,7.12
2026-05-14 03:51:00+00:00,-5.19,4.38,2.28,139.85,18.56,7.16
2026-05-14 03:52:00+00:00,-5.64,3.75,2.28,146.37,18.63,7.14
2026-05-14 03:53:00+00:00,-5.73,3.65,2.22,147.49,18.09,7.15
2026-05-14 03:54:00+00:00,-5.98,2.38,2.86,158.34,23.93,7.04
2026-05-14 03:55:00+00:00,-6.19,2.03,2.99,161.88,24.65,7.17
2026-05-14 03:56:00+00:00,-6.20,2.21,2.91,160.39,23.87,7.20
2026-05-14 03:57:00+00:00,-5.80,2.72,3.06,154.86,25.52,7.10
2026-05-14 03:58:00+00:00,-5.54,3.27,2.97,149.43,24.80,7.09
2026-05-14 04:00:00+00:00,-5.59,3.37,2.69,148.92,22.36,7.06
2026-05-14 04:01:00+00:00,-5.52,3.63,2.60,146.67,21.50,7.10
2026-05-14 04:02:00+00:00,-5.49,3.46,2.86,147.77,23.77,7.09
2026-05-14 04:03:00+00:00,-5.28,3.56,3.13,145.99,26.15,7.10
2026-05-14 04:04:00+00:00,-5.26,3.64,3.08,145.32,25.66,7.10
2026-05-14 04:05:00+00:00,-5.92,3.45,2.05,149.77,16.62,7.16
2026-05-14 04:06:00+00:00,-5.90,3.70,1.78,147.88,14.32,7.19
2026-05-14 04:07:00+00:00,-5.91,3.77,1.71,147.51,13.70,7.22
2026-05-14 04:08:00+00:00,-5.86,3.77,1.79,147.22,14.37,7.19
2026-05-14 04:09:00+00:00,-5.55,4.22,1.68,142.73,13.58,7.17
2026-05-14 04:10:00+00:00,-5.74,4.07,1.56,144.69,12.53,7.21
2026-05-14 04:11:00+00:00,-5.84,3.60,2.20,148.34,17.79,7.20
2026-05-14 04:12:00+00:00,-5.33,4.25,1.78,141.45,14.66,7.05
2026-05-14 04:13:00+00:00,-5.19,5.16,0.50,135.16,3.94,7.33
2026-05-14 04:14:00+00:00,-5.44,4.66,1.36,139.40,10.76,7.29
2026-05-14 04:15:00+00:00,-5.46,4.82,0.50,138.54,3.96,7.30
2026-05-14 04:16:00+00:00,-5.11,4.90,1.31,136.16,10.49,7.20
2026-05-14 04:17:00+00:00,-5.44,4.63,0.91,139.59,7.26,7.21
2026-05-14 04:18:00+00:00,-5.01,5.01,1.21,135.03,9.70,7.19
2026-05-14 04:19:00+00:00,-5.52,4.71,0.97,139.48,7.61,7.32
2026-05-14 04:20:00+00:00,-5.43,4.48,1.47,140.48,11.83,7.19
2026-05-14 04:21:00+00:00,-5.61,4.40,0.90,141.88,7.16,7.19
2026-05-14 04:22:00+00:00,-5.35,4.57,0.77,139.47,6.27,7.08
2026-05-14 04:23:00+00:00,-5.55,3.89,1.96,144.98,16.13,7.06
2026-05-14 04:24:00+00:00,-5.53,4.37,0.85,141.67,6.88,7.10
2026-05-14 04:25:00+00:00,-5.80,4.16,1.12,144.33,8.89,7.22
2026-05-14 04:26:00+00:00,-5.55,4.46,0.54,141.17,4.31,7.14
2026-05-14 04:27:00+00:00,-5.71,4.37,0.26,142.59,2.04,7.20
2026-05-14 04:28:00+00:00,-5.14,5.00,0.84,135.77,6.70,7.22
2026-05-14 04:29:00+00:00,-4.75,5.26,1.01,132.08,8.13,7.15
2026-05-14 04:30:00+00:00,-4.62,5.51,0.56,129.99,4.44,7.22
2026-05-14 04:31:00+00:00,-4.44,5.72,0.31,127.83,2.43,7.25
2026-05-14 04:32:00+00:00,-5.05,5.33,0.51,133.46,3.95,7.36
2026-05-14 04:33:00+00:00,-4.89,5.31,0.24,132.62,1.94,7.22
2026-05-14 04:34:00+00:00,-4.12,5.73,-1.00,125.74,-8.04,7.13
2026-05-14 04:35:00+00:00,-5.18,4.90,0.04,136.58,0.31,7.13
2026-05-14 04:36:00+00:00,-4.72,5.44,-0.02,130.92,-0.13,7.20
2026-05-14 04:37:00+00:00,-5.24,5.03,0.02,136.18,0.17,7.26
2026-05-14 04:38:00+00:00,-5.82,4.63,0.56,141.49,4.31,7.46
2026-05-14 04:39:00+00:00,-5.42,4.38,2.15,141.07,17.16,7.29
2026-05-14 04:40:00+00:00,-4.52,5.31,1.18,130.41,9.61,7.08
2026-05-14 04:41:00+00:00,-4.18,5.35,2.02,128.02,16.58,7.09
2026-05-14 04:42:00+00:00,-4.25,5.37,1.58,128.34,12.97,7.03
2026-05-14 04:43:00+00:00,-3.04,6.33,0.71,115.64,5.81,7.06
2026-05-14 04:44:00+00:00,-4.12,5.26,2.01,128.07,16.78,6.98
2026-05-14 04:45:00+00:00,-3.77,5.35,1.74,125.15,14.92,6.77
2026-05-14 04:46:00+00:00,-2.60,6.04,2.04,113.30,17.23,6.88
2026-05-14 04:47:00+00:00,-3.08,6.23,-0.23,116.27,-1.91,6.96
2026-05-14 04:48:00+00:00,-4.37,4.58,2.01,133.68,17.66,6.64
2026-05-14 04:49:00+00:00,-5.92,3.73,1.86,147.83,14.86,7.24
2026-05-14 04:50:00+00:00,-6.07,3.62,1.64,149.17,13.11,7.25
2026-05-14 04:51:00+00:00,-5.54,4.52,1.43,140.76,11.31,7.29
2026-05-14 04:52:00+00:00,-5.14,5.09,1.30,135.29,10.16,7.35
2026-05-14 04:53:00+00:00,-4.27,5.70,1.66,126.85,13.11,7.31
2026-05-14 04:54:00+00:00,-4.21,5.89,1.74,125.60,13.52,7.45
2026-05-14 04:55:00+00:00,-4.29,5.72,2.04,126.90,15.93,7.43
2026-05-14 04:56:00+00:00,-4.15,5.80,2.09,125.60,16.32,7.43
2026-05-14 04:57:00+00:00,-3.93,6.06,1.93,122.93,15.00,7.48
2026-05-14 04:58:00+00:00,-3.82,6.13,1.79,121.93,13.89,7.44
2026-05-14 04:59:00+00:00,-3.19,6.57,0.42,115.88,3.29,7.31
2026-05-14 05:00:00+00:00,-3.23,6.45,1.37,116.56,10.78,7.34
2026-05-14 05:01:00+00:00,-3.81,6.26,1.80,121.29,13.83,7.55
2026-05-14 05:02:00+00:00,-3.60,6.33,1.77,119.65,13.63,7.49
2026-05-14 05:03:00+00:00,-4.32,5.71,2.40,127.10,18.50,7.55
2026-05-14 05:04:00+00:00,-4.93,4.53,3.18,137.41,25.42,7.41
2026-05-14 05:05:00+00:00,-4.54,4.76,3.48,133.62,27.88,7.44
2026-05-14 05:06:00+00:00,-4.67,5.01,2.98,132.98,23.49,7.47
2026-05-14 05:07:00+00:00,-4.95,4.75,2.99,136.15,23.52,7.48
2026-05-14 05:08:00+00:00,-5.33,4.47,2.82,140.02,22.03,7.51
2026-05-14 05:09:00+00:00,-5.50,4.51,2.39,140.65,18.60,7.50
2026-05-14 05:10:00+00:00,-5.24,4.29,3.21,140.72,25.38,7.49
2026-05-14 05:11:00+00:00,-5.06,4.98,2.35,135.47,18.36,7.48
2026-05-14 05:12:00+00:00,-5.72,3.23,3.55,150.56,28.38,7.46
2026-05-14 05:13:00+00:00,-5.10,4.80,2.68,136.72,20.91,7.50
2026-05-14 05:14:00+00:00,-5.04,4.64,3.16,137.38,24.77,7.55
2026-05-14 05:15:00+00:00,-5.88,3.74,3.14,147.54,24.24,7.65
2026-05-14 05:16:00+00:00,-6.06,2.95,3.54,154.01,27.73,7.61
2026-05-14 05:17:00+00:00,-6.08,2.65,3.69,156.47,29.11,7.59
2026-05-14 05:18:00+00:00,-6.41,2.18,3.44,161.24,26.93,7.59
2026-05-14 05:19:00+00:00,-5.47,3.95,3.72,144.19,28.85,7.70
2026-05-14 05:20:00+00:00,-5.60,3.46,3.91,148.25,30.75,7.66
2026-05-14 05:21:00+00:00,-5.76,3.12,4.11,151.58,32.09,7.73
2026-05-14 05:22:00+00:00,-5.51,4.68,2.62,139.65,19.92,7.69
2026-05-14 05:23:00+00:00,-5.65,4.56,2.58,141.07,19.56,7.70
2026-05-14 05:24:00+00:00,-5.55,4.61,2.61,140.31,19.88,7.67
2026-05-14 05:25:00+00:00,-5.01,4.80,2.99,136.28,23.31,7.55
2026-05-14 05:26:00+00:00,-5.85,4.55,2.04,142.11,15.43,7.69
2026-05-14 05:27:00+00:00,-6.45,3.90,1.82,148.83,13.59,7.75
2026-05-14 05:28:00+00:00,-5.84,4.73,1.48,140.99,11.17,7.66
2026-05-14 05:29:00+00:00,-5.92,4.39,1.94,143.40,14.74,7.62
2026-05-14 05:30:00+00:00,-4.82,4.99,2.62,134.00,20.69,7.42
2026-05-14 05:31:00+00:00,-6.67,2.16,2.69,162.08,21.00,7.51
2026-05-14 05:32:00+00:00,-4.08,5.74,2.50,125.35,19.52,7.47
2026-05-14 05:33:00+00:00,-3.03,6.28,2.42,115.74,19.16,7.38
2026-05-14 05:34:00+00:00,-3.31,6.31,1.97,117.71,15.45,7.39
2026-05-14 05:35:00+00:00,-3.62,6.03,2.46,121.00,19.26,7.45
2026-05-14 05:36:00+00:00,-3.08,6.67,0.93,114.77,7.22,7.40
2026-05-14 05:37:00+00:00,-2.34,6.66,0.58,109.37,4.67,7.08
2026-05-14 05:38:00+00:00,-3.76,6.33,1.45,120.69,11.15,7.50
2026-05-14 05:39:00+00:00,-4.02,6.17,1.35,123.12,10.35,7.49
2026-05-14 05:40:00+00:00,-3.69,6.20,1.18,120.77,9.25,7.31
2026-05-14 05:41:00+00:00,-0.10,6.86,0.05,90.81,0.45,6.86
2026-05-14 05:42:00+00:00,0.00,6.88,-0.15,89.99,-1.27,6.88
2026-05-14 05:43:00+00:00,-0.30,6.87,0.54,92.48,4.49,6.89
2026-05-14 05:44:00+00:00,-0.40,6.77,0.46,93.40,3.91,6.80
2026-05-14 05:45:00+00:00,-0.69,6.78,0.15,95.78,1.29,6.82
2026-05-14 05:46:00+00:00,-0.54,6.75,0.36,94.56,3.04,6.78
2026-05-14 05:47:00+00:00,-0.80,6.67,0.65,96.87,5.49,6.75
2026-05-14 05:48:00+00:00,-1.49,6.63,0.55,102.69,4.62,6.81
2026-05-14 05:49:00+00:00,-1.98,6.49,0.81,106.94,6.77,6.83
2026-05-14 05:50:00+00:00,-2.33,6.28,1.11,110.36,9.38,6.79
2026-05-14 05:51:00+00:00,-1.71,6.65,0.43,104.38,3.60,6.88
2026-05-14 05:52:00+00:00,-1.79,6.47,1.38,105.46,11.63,6.86
2026-05-14 05:53:00+00:00,-1.90,6.19,2.20,107.09,18.79,6.84
2026-05-14 05:54:00+00:00,-1.47,6.63,0.00,102.48,0.02,6.79
2026-05-14 05:55:00+00:00,-3.00,5.21,2.83,119.97,25.20,6.65
2026-05-14 05:56:00+00:00,-3.22,5.60,2.43,119.88,20.58,6.90
2026-05-14 05:57:00+00:00,-4.05,5.58,1.42,125.93,11.61,7.04
2026-05-14 05:58:00+00:00,-4.61,5.40,0.55,130.49,4.42,7.13
2026-05-14 05:59:00+00:00,-3.48,5.74,1.99,121.25,16.50,7.00
2026-05-14 06:00:00+00:00,-3.93,5.42,2.17,125.95,17.98,7.03
2026-05-14 06:01:00+00:00,-3.37,5.56,2.57,121.22,21.60,6.99
2026-05-14 06:02:00+00:00,-2.77,6.01,2.07,114.73,17.39,6.93
2026-05-14 06:03:00+00:00,-2.30,6.26,1.71,110.18,14.38,6.88
2026-05-14 06:04:00+00:00,-2.49,5.94,2.64,112.74,22.30,6.96
2026-05-14 06:05:00+00:00,-2.70,5.90,2.73,114.61,22.84,7.04
2026-05-14 06:06:00+00:00,-2.82,6.31,1.68,114.10,13.64,7.11
2026-05-14 06:07:00+00:00,-2.65,6.16,2.08,113.30,17.23,7.03
2026-05-14 06:08:00+00:00,-3.54,5.48,-1.21,122.88,-10.49,6.63
2026-05-14 06:09:00+00:00,-3.33,5.85,1.37,119.62,11.53,6.87
2026-05-14 06:10:00+00:00,-2.99,6.12,1.30,116.07,10.79,6.93
2026-05-14 06:11:00+00:00,-2.63,6.08,2.21,113.37,18.48,6.99
2026-05-14 06:12:00+00:00,-3.40,5.32,2.53,122.58,21.86,6.80
2026-05-14 06:13:00+00:00,-3.25,4.92,3.43,123.46,30.16,6.82
2026-05-14 06:14:00+00:00,-4.39,4.41,3.45,134.88,29.00,7.11
2026-05-14 06:15:00+00:00,-4.15,4.72,2.91,131.33,24.82,6.93
2026-05-14 06:16:00+00:00,-4.03,5.07,2.51,128.50,21.15,6.95
2026-05-14 06:17:00+00:00,-3.50,5.59,2.06,122.09,17.34,6.91
2026-05-14 06:18:00+00:00,-3.89,5.19,2.69,126.81,22.56,7.02
2026-05-14 06:19:00+00:00,-4.89,4.29,3.21,138.76,26.23,7.26
2026-05-14 06:20:00+00:00,-4.88,4.30,3.28,138.67,26.73,7.28
2026-05-14 06:21:00+00:00,-5.86,3.36,3.01,150.15,24.00,7.39
2026-05-14 06:22:00+00:00,-6.16,3.08,2.75,153.39,21.77,7.41
2026-05-14 06:23:00+00:00,-6.17,3.14,2.68,153.02,21.16,7.42
2026-05-14 06:24:00+00:00,-5.87,3.38,2.86,150.07,22.87,7.35
2026-05-14 06:25:00+00:00,-6.22,2.55,2.37,157.71,19.40,7.13
2026-05-14 06:26:00+00:00,-6.65,1.88,1.67,164.22,13.58,7.11
2026-05-14 06:27:00+00:00,-6.09,2.59,2.42,156.95,20.05,7.05
2026-05-14 06:28:00+00:00,-6.19,2.34,2.34,159.33,19.45,7.02
2026-05-14 06:29:00+00:00,-6.90,1.33,1.62,169.08,12.95,7.21
2026-05-14 06:30:00+00:00,-6.91,0.88,1.83,172.77,14.76,7.20
2026-05-14 06:31:00+00:00,-6.73,1.30,1.75,169.05,14.30,7.08
2026-05-14 06:32:00+00:00,-6.74,1.91,1.71,164.18,13.70,7.21
2026-05-14 06:33:00+00:00,-6.77,1.68,1.73,166.06,13.91,7.18
2026-05-14 06:34:00+00:00,-6.67,1.82,1.97,164.77,15.88,7.19
2026-05-14 06:35:00+00:00,-6.68,2.02,1.69,163.17,13.61,7.18
2026-05-14 06:36:00+00:00,-6.41,2.13,1.67,161.62,13.92,6.96
2026-05-14 06:37:00+00:00,-6.27,2.44,1.38,158.72,11.61,6.87
2026-05-14 06:38:00+00:00,-6.41,2.35,0.97,159.90,8.10,6.90
2026-05-14 06:39:00+00:00,-6.34,2.83,0.95,155.91,7.79,7.01
2026-05-14 06:40:00+00:00,-6.42,2.58,0.81,158.10,6.64,6.96
2026-05-14 06:41:00+00:00,-4.45,3.57,3.20,141.26,29.33,6.54
2026-05-14 06:42:00+00:00,-4.97,3.91,2.37,141.77,20.57,6.76
2026-05-14 06:43:00+00:00,-5.33,3.76,2.25,144.80,18.98,6.90
2026-05-14 06:44:00+00:00,-5.14,3.76,2.60,143.76,22.21,6.88
2026-05-14 06:45:00+00:00,-1.80,5.87,1.61,107.02,14.72,6.34
2026-05-14 06:46:00+00:00,-0.44,5.90,2.01,94.31,18.81,6.25
2026-05-14 06:47:00+00:00,-2.40,5.40,1.86,113.97,17.47,6.20
2026-05-14 06:48:00+00:00,-5.42,4.09,1.68,142.96,13.91,6.99
2026-05-14 06:49:00+00:00,-4.71,4.19,2.24,138.38,19.58,6.69
2026-05-14 06:50:00+00:00,-4.62,3.57,3.26,142.33,29.19,6.69
2026-05-14 06:51:00+00:00,-2.23,2.29,5.41,134.21,59.44,6.28
2026-05-14 06:52:00+00:00,-4.49,3.45,3.67,142.44,32.91,6.75
2026-05-14 06:53:00+00:00,-5.39,2.65,3.49,153.85,30.14,6.95
2026-05-14 06:54:00+00:00,-4.96,2.70,3.82,151.46,34.09,6.81
2026-05-14 06:55:00+00:00,-5.05,0.87,4.19,170.20,39.26,6.61
2026-05-14 06:56:00+00:00,-5.16,1.64,3.21,162.40,30.67,6.30
2026-05-14 06:57:00+00:00,-5.69,2.47,2.17,156.54,19.24,6.57
2026-05-14 06:58:00+00:00,-5.98,2.50,-0.37,157.30,-3.31,6.49
2026-05-14 06:59:00+00:00,-6.07,2.27,-1.13,159.48,-9.89,6.58
2026-05-14 07:00:00+00:00,-5.03,2.55,3.22,153.18,29.69,6.49
2026-05-14 07:01:00+00:00,-1.54,3.46,2.15,113.99,29.56,4.35
2026-05-14 07:02:00+00:00,1.83,5.38,0.37,71.20,3.72,5.69
2026-05-14 07:03:00+00:00,0.88,5.78,0.12,81.31,1.15,5.85
2026-05-14 07:04:00+00:00,1.47,5.54,-0.06,75.10,-0.56,5.73
2026-05-14 07:05:00+00:00,-5.31,1.46,3.04,164.58,28.87,6.29
2026-05-14 07:06:00+00:00,-2.40,4.24,3.89,119.51,38.59,6.23
2026-05-14 07:07:00+00:00,-1.86,3.12,4.59,120.78,51.63,5.85
2026-05-14 07:08:00+00:00,-1.62,4.70,3.14,108.98,32.34,5.88
2026-05-14 07:09:00+00:00,-1.00,5.23,2.05,100.84,21.04,5.70
2026-05-14 07:10:00+00:00,0.35,5.19,2.27,86.09,23.60,5.68
2026-05-14 07:11:00+00:00,0.41,5.28,0.82,85.59,8.83,5.36
2026-05-14 07:12:00+00:00,-3.52,1.37,1.96,158.75,27.38,4.25
2026-05-14 07:13:00+00:00,-5.73,-1.22,0.39,191.99,3.85,5.87
2026-05-14 07:14:00+00:00,-5.41,-1.21,1.33,192.57,13.51,5.70
2026-05-14 07:15:00+00:00,-4.71,2.16,0.83,155.40,9.06,5.25
2026-05-14 07:16:00+00:00,-4.06,3.14,1.81,142.24,19.41,5.44
2026-05-14 07:17:00+00:00,-4.55,2.98,1.50,146.78,15.41,5.64
2026-05-14 07:18:00+00:00,-3.85,3.81,1.88,135.27,19.15,5.74
2026-05-14 07:19:00+00:00,-3.23,4.56,0.98,125.33,9.95,5.68
2026-05-14 07:20:00+00:00,-1.17,4.20,0.70,105.52,9.16,4.42
2026-05-14 07:21:00+00:00,-0.98,2.45,0.00,111.76,0.03,2.64
2026-05-14 07:22:00+00:00,-2.24,1.05,5.20,154.85,64.57,5.76
2026-05-14 07:23:00+00:00,-3.26,2.02,4.50,148.21,49.52,5.91
2026-05-14 07:24:00+00:00,-2.81,2.47,4.44,138.74,49.90,5.81
2026-05-14 07:25:00+00:00,-3.42,2.26,4.30,146.57,46.35,5.94
2026-05-14 07:26:00+00:00,-4.68,1.70,3.52,160.03,35.26,6.10
2026-05-14 07:27:00+00:00,-5.50,0.56,2.92,174.19,27.85,6.26
2026-05-14 07:28:00+00:00,-5.45,0.05,3.17,179.43,30.14,6.31
2026-05-14 07:29:00+00:00,-5.28,-0.20,3.39,182.13,32.71,6.28
2026-05-14 07:30:00+00:00,-5.50,1.50,2.62,164.69,24.69,6.27
2026-05-14 07:31:00+00:00,-5.60,2.50,0.87,155.92,8.09,6.20
2026-05-14 07:32:00+00:00,-5.97,0.36,2.27,176.51,20.76,6.40
2026-05-14 07:33:00+00:00,-6.04,0.55,2.25,174.84,20.35,6.46
2026-05-14 07:34:00+00:00,-6.25,1.35,1.60,167.82,14.03,6.59
2026-05-14 07:35:00+00:00,-5.95,1.99,1.53,161.46,13.71,6.46
2026-05-14 07:36:00+00:00,-5.33,3.43,0.58,147.26,5.24,6.37
2026-05-14 07:37:00+00:00,-5.08,3.50,1.47,145.40,13.41,6.34
2026-05-14 07:38:00+00:00,-5.40,3.45,0.32,147.42,2.83,6.42
2026-05-14 07:39:00+00:00,-5.06,3.52,0.93,145.17,8.56,6.23
2026-05-14 07:40:00+00:00,-4.55,3.79,-0.05,140.20,-0.49,5.92
2026-05-14 07:41:00+00:00,-5.02,3.46,0.53,145.47,4.92,6.12
2026-05-14 07:42:00+00:00,-4.75,3.46,0.35,143.94,3.40,5.89
2026-05-14 07:43:00+00:00,-5.05,3.36,0.91,146.32,8.50,6.13
2026-05-14 07:44:00+00:00,-5.11,3.48,1.06,145.74,9.74,6.27
2026-05-14 07:45:00+00:00,-4.78,3.68,0.96,142.39,9.01,6.11
2026-05-14 07:46:00+00:00,-5.01,3.10,1.71,148.27,16.19,6.13
2026-05-14 07:47:00+00:00,-5.44,2.91,0.91,151.83,8.40,6.23
2026-05-14 07:48:00+00:00,-5.59,2.26,0.65,158.00,6.13,6.07
2026-05-14 07:49:00+00:00,-5.83,1.94,0.91,161.62,8.39,6.21
2026-05-14 07:50:00+00:00,-5.74,2.13,1.02,159.67,9.47,6.21
2026-05-14 07:51:00+00:00,-5.78,2.37,0.11,157.70,1.05,6.25
2026-05-14 07:52:00+00:00,-5.97,2.24,-0.43,159.39,-3.88,6.39
2026-05-14 07:53:00+00:00,-5.78,2.45,-0.91,157.01,-8.29,6.34
2026-05-14 07:54:00+00:00,-5.68,2.35,0.06,157.53,0.53,6.14
2026-05-14 07:55:00+00:00,-5.74,2.59,-0.04,155.72,-0.37,6.30
2026-05-14 07:56:00+00:00,-4.39,3.62,2.14,140.53,20.58,6.08
2026-05-14 07:57:00+00:00,-4.13,4.04,2.07,135.61,19.72,6.14
2026-05-14 07:58:00+00:00,-4.02,4.13,1.99,134.22,19.10,6.10
2026-05-14 07:59:00+00:00,-3.38,4.51,1.97,126.88,19.23,5.97
2026-05-14 08:00:00+00:00,-3.98,3.92,1.95,135.43,19.25,5.91
2026-05-14 08:01:00+00:00,-4.44,3.52,2.26,141.57,21.78,6.10
2026-05-14 08:02:00+00:00,-4.75,2.81,2.45,149.35,23.92,6.04
2026-05-14 08:03:00+00:00,-5.36,2.41,1.53,155.76,14.60,6.07
2026-05-14 08:04:00+00:00,-3.90,3.01,3.59,142.32,36.05,6.10
2026-05-14 08:05:00+00:00,-3.98,2.70,3.90,145.84,39.00,6.19
2026-05-14 08:06:00+00:00,-3.93,2.13,4.23,151.52,43.41,6.16
2026-05-14 08:07:00+00:00,-2.04,3.48,2.62,120.39,32.98,4.81
2026-05-14 08:08:00+00:00,-0.31,6.23,0.90,92.88,8.18,6.31
2026-05-14 08:09:00+00:00,0.94,5.81,0.89,80.80,8.55,5.95
2026-05-14 08:10:00+00:00,0.44,5.89,0.99,85.75,9.53,5.99
2026-05-14 08:11:00+00:00,0.17,6.02,0.62,88.42,5.86,6.06
2026-05-14 08:12:00+00:00,0.49,6.00,-0.35,85.32,-3.32,6.03
2026-05-14 08:13:00+00:00,-0.67,5.68,1.45,96.78,14.27,5.90
2026-05-14 08:14:00+00:00,-0.84,5.95,0.47,98.02,4.51,6.02
2026-05-14 08:15:00+00:00,-0.67,5.96,-0.35,96.38,-3.31,6.01
2026-05-14 08:16:00+00:00,-0.01,5.81,-1.68,90.11,-16.17,6.04
2026-05-14 08:17:00+00:00,-0.09,6.10,0.17,90.85,1.55,6.10
2026-05-14 08:18:00+00:00,0.61,5.80,1.05,84.02,10.25,5.92
2026-05-14 08:19:00+00:00,-0.60,5.93,1.48,95.80,13.94,6.14
2026-05-14 08:20:00+00:00,-0.04,5.56,1.91,90.36,18.95,5.88
2026-05-14 08:21:00+00:00,0.64,5.86,0.94,83.74,9.02,5.97
2026-05-14 08:22:00+00:00,1.17,5.70,0.14,78.46,1.35,5.82
2026-05-14 08:23:00+00:00,0.36,5.89,-0.10,86.46,-0.96,5.90
2026-05-14 08:24:00+00:00,-1.16,5.23,0.74,102.54,7.88,5.40
2026-05-14 08:25:00+00:00,-1.87,5.01,1.73,110.48,17.92,5.62
2026-05-14 08:26:00+00:00,-3.76,4.11,2.01,132.46,19.82,5.93
2026-05-14 08:27:00+00:00,-3.39,4.55,1.60,126.68,15.75,5.90
2026-05-14 08:28:00+00:00,-3.75,4.08,1.62,132.59,16.30,5.78
2026-05-14 08:29:00+00:00,-4.73,3.49,1.55,143.57,14.79,6.09
2026-05-14 08:30:00+00:00,-4.79,3.06,2.17,147.38,20.93,6.08
2026-05-14 08:31:00+00:00,-4.39,3.72,1.89,139.70,18.24,6.05
2026-05-14 08:32:00+00:00,0.37,5.60,-1.16,86.19,-11.66,5.73
2026-05-14 08:33:00+00:00,-0.10,5.46,0.19,91.08,1.97,5.47
2026-05-14 08:34:00+00:00,-2.95,4.93,-2.02,120.86,-19.39,6.09
2026-05-14 08:35:00+00:00,-2.89,5.38,-0.19,118.25,-1.76,6.11
2026-05-14 08:36:00+00:00,-3.29,5.25,0.73,122.04,6.75,6.24
2026-05-14 08:37:00+00:00,-2.99,5.33,1.07,119.34,9.94,6.21
2026-05-14 08:38:00+00:00,-3.14,5.05,1.24,121.88,11.76,6.08
2026-05-14 08:39:00+00:00,-4.36,3.83,1.77,138.71,16.96,6.07
2026-05-14 08:40:00+00:00,-5.20,2.97,2.04,150.27,18.80,6.32
2026-05-14 08:41:00+00:00,-5.37,2.30,2.45,156.79,22.71,6.34
2026-05-14 08:42:00+00:00,-5.15,2.75,2.64,151.88,24.33,6.41
2026-05-14 08:43:00+00:00,-5.02,2.78,2.76,151.01,25.67,6.37
2026-05-14 08:44:00+00:00,-5.46,2.14,2.67,158.57,24.49,6.45
2026-05-14 08:45:00+00:00,-5.03,2.96,2.61,149.52,24.12,6.39
2026-05-14 08:46:00+00:00,-4.63,3.32,2.86,144.38,26.67,6.38
2026-05-14 08:47:00+00:00,-5.19,2.26,3.03,156.43,28.13,6.42
2026-05-14 08:48:00+00:00,-5.48,2.15,2.71,158.62,24.71,6.48
2026-05-14 08:49:00+00:00,-5.57,1.40,2.84,165.85,26.31,6.40
2026-05-14 08:50:00+00:00,-5.69,1.34,2.84,166.75,25.93,6.50
2026-05-14 08:51:00+00:00,-5.79,1.01,2.78,170.09,25.36,6.50
2026-05-14 08:52:00+00:00,-5.83,0.76,2.80,172.54,25.45,6.52
2026-05-14 08:53:00+00:00,-5.69,-0.51,3.03,185.08,27.92,6.46
2026-05-14 08:54:00+00:00,-5.45,-0.98,3.15,190.18,29.66,6.37
2026-05-14 08:55:00+00:00,-5.53,-1.43,2.99,194.52,27.67,6.45
2026-05-14 08:56:00+00:00,-5.35,-1.47,3.32,195.35,30.90,6.46
2026-05-14 08:57:00+00:00,-5.57,-0.85,3.13,188.68,29.08,6.44
2026-05-14 08:58:00+00:00,-5.61,-0.91,3.02,189.21,27.99,6.43
2026-05-14 08:59:00+00:00,-5.29,-0.78,3.48,188.40,33.08,6.38
2026-05-14 09:00:00+00:00,-4.65,-1.31,3.96,195.75,39.32,6.25
2026-05-14 09:01:00+00:00,-4.72,-1.69,3.83,199.71,37.36,6.31
2026-05-14 09:02:00+00:00,-5.50,-0.89,3.07,189.18,28.85,6.36
2026-05-14 09:03:00+00:00,-5.47,-0.39,3.21,184.05,30.35,6.35
2026-05-14 09:04:00+00:00,-5.57,-0.12,3.07,181.20,28.83,6.36
2026-05-14 09:05:00+00:00,-5.58,0.27,3.05,177.20,28.59,6.36
2026-05-14 09:06:00+00:00,-5.75,-0.28,2.73,182.74,25.39,6.37
2026-05-14 09:07:00+00:00,-5.80,-0.22,2.70,182.20,24.93,6.40
2026-05-14 09:08:00+00:00,-5.77,-1.02,2.27,190.00,21.16,6.28
2026-05-14 09:09:00+00:00,-5.42,-1.66,2.01,197.01,19.49,6.01
2026-05-14 09:10:00+00:00,-5.12,-0.55,2.85,186.15,28.97,5.88
2026-05-14 09:11:00+00:00,-5.17,-0.16,1.84,181.78,19.60,5.49
2026-05-14 09:12:00+00:00,-4.74,1.12,1.29,166.75,14.88,5.04
2026-05-14 09:13:00+00:00,-4.20,3.49,0.20,140.26,2.08,5.46
2026-05-14 09:14:00+00:00,-3.90,3.82,-0.82,135.62,-8.50,5.52
2026-05-14 09:15:00+00:00,-4.27,3.04,-0.31,144.54,-3.36,5.26
2026-05-14 09:16:00+00:00,-3.87,3.65,-0.82,136.69,-8.75,5.38
2026-05-14 09:17:00+00:00,-3.40,4.25,-1.24,128.67,-12.81,5.58
2026-05-14 09:18:00+00:00,-5.09,1.51,1.47,163.42,15.46,5.51
2026-05-14 09:19:00+00:00,-3.96,3.62,0.03,137.52,0.37,5.36
2026-05-14 09:20:00+00:00,-2.52,3.89,-0.15,122.96,-1.85,4.63
2026-05-14 09:21:00+00:00,-4.41,2.71,1.11,148.44,12.15,5.29
2026-05-14 09:22:00+00:00,-4.24,3.56,0.35,139.98,3.60,5.55
2026-05-14 09:23:00+00:00,-3.83,3.98,0.44,133.88,4.54,5.54
2026-05-14 09:24:00+00:00,-3.61,4.13,-0.60,131.15,-6.21,5.52
2026-05-14 09:25:00+00:00,-2.89,3.98,-2.45,125.93,-26.51,5.50
2026-05-14 09:26:00+00:00,-3.22,3.69,-2.34,131.09,-25.56,5.43
2026-05-14 09:27:00+00:00,-4.64,2.86,0.66,148.40,6.96,5.49
2026-05-14 09:28:00+00:00,-4.68,1.00,2.79,167.97,30.30,5.54
2026-05-14 09:29:00+00:00,-4.44,1.84,3.03,157.51,32.22,5.67
2026-05-14 09:30:00+00:00,-4.58,3.00,2.29,146.80,22.69,5.94
2026-05-14 09:31:00+00:00,-4.53,2.37,3.15,152.40,31.66,6.01
2026-05-14 09:32:00+00:00,-4.96,3.10,1.00,147.97,9.69,5.93
2026-05-14 09:33:00+00:00,-4.46,2.47,2.57,151.03,26.77,5.71
2026-05-14 09:34:00+00:00,-4.51,1.76,3.57,158.65,36.45,6.01
2026-05-14 09:35:00+00:00,-5.09,2.93,0.55,150.09,5.38,5.90
2026-05-14 09:36:00+00:00,-4.48,2.26,3.10,153.20,31.73,5.90
2026-05-14 09:37:00+00:00,-4.29,1.65,4.16,158.93,42.15,6.21
2026-05-14 09:38:00+00:00,-4.54,1.52,3.94,161.44,39.47,6.20
2026-05-14 09:39:00+00:00,-3.96,1.26,4.12,162.32,44.76,5.85
2026-05-14 09:40:00+00:00,-4.59,3.36,1.03,143.85,10.26,5.78
2026-05-14 09:41:00+00:00,-4.61,2.74,-0.48,149.29,-5.12,5.38
2026-05-14 09:42:00+00:00,-4.59,1.52,2.66,161.63,28.86,5.52
2026-05-14 09:43:00+00:00,-4.84,2.41,0.40,153.48,4.26,5.42
2026-05-14 09:44:00+00:00,-4.88,2.86,0.08,149.62,0.77,5.66
2026-05-14 09:45:00+00:00,-5.14,2.41,-0.43,154.86,-4.33,5.69
2026-05-14 09:46:00+00:00,-5.27,1.40,-1.33,165.10,-13.67,5.62
2026-05-14 09:47:00+00:00,-4.62,2.94,-1.11,147.52,-11.47,5.58
2026-05-14 09:48:00+00:00,-4.50,2.09,-2.96,155.11,-30.82,5.78
2026-05-14 09:49:00+00:00,-4.63,2.12,-2.71,155.39,-28.07,5.77
2026-05-14 09:50:00+00:00,-5.09,2.96,-0.27,149.83,-2.62,5.89
2026-05-14 09:51:00+00:00,-4.54,3.82,0.54,139.93,5.24,5.96
2026-05-14 09:52:00+00:00,-4.34,4.15,0.85,136.29,8.06,6.06
2026-05-14 09:53:00+00:00,-4.65,3.00,1.45,147.20,14.66,5.72
2026-05-14 09:54:00+00:00,-5.12,1.05,2.74,168.43,27.64,5.90
2026-05-14 09:55:00+00:00,-4.86,0.26,2.77,176.97,29.65,5.60
2026-05-14 09:56:00+00:00,-4.70,2.05,2.71,156.40,27.86,5.80
2026-05-14 09:57:00+00:00,-4.71,3.13,1.17,146.45,11.65,5.77
2026-05-14 09:58:00+00:00,-4.65,3.16,1.60,145.83,15.91,5.84
2026-05-14 10:00:00+00:00,-3.39,3.30,3.06,135.74,32.86,5.63
2026-05-14 10:01:00+00:00,-3.36,3.41,3.01,134.54,32.15,5.65
2026-05-14 10:02:00+00:00,-4.23,3.67,1.56,139.06,15.57,5.81
2026-05-14 10:03:00+00:00,-4.79,3.16,1.40,146.62,13.66,5.91
2026-05-14 10:04:00+00:00,-5.45,2.54,1.21,154.99,11.40,6.14
2026-05-14 10:05:00+00:00,-5.17,2.99,1.03,149.99,9.79,6.06
2026-05-14 10:06:00+00:00,-5.70,2.17,0.92,159.16,8.61,6.17
2026-05-14 10:07:00+00:00,-5.41,2.29,1.48,157.08,14.11,6.06
2026-05-14 10:08:00+00:00,-5.45,2.31,1.54,157.05,14.54,6.12
2026-05-14 10:09:00+00:00,-5.13,2.88,1.50,150.66,14.26,6.07
2026-05-14 10:10:00+00:00,-5.20,2.83,1.21,151.42,11.60,6.04
2026-05-14 10:11:00+00:00,-5.37,2.84,0.46,152.15,4.33,6.09
2026-05-14 10:12:00+00:00,-4.75,2.99,1.84,147.77,18.18,5.91
2026-05-14 10:13:00+00:00,-4.39,3.59,1.12,140.71,11.14,5.78
2026-05-14 10:14:00+00:00,-4.31,4.21,0.62,135.65,5.83,6.06
2026-05-14 10:15:00+00:00,-4.50,4.17,-0.65,137.21,-6.06,6.17
2026-05-14 10:16:00+00:00,-4.32,4.28,-1.21,135.30,-11.22,6.20
2026-05-14 10:17:00+00:00,-4.53,3.99,-1.52,138.59,-14.17,6.22
2026-05-14 10:18:00+00:00,-4.02,3.51,-2.62,138.89,-26.15,5.94
2026-05-14 10:19:00+00:00,-3.59,4.25,-1.32,130.19,-13.32,5.72
2026-05-14 10:20:00+00:00,-3.53,3.67,1.58,133.86,17.24,5.33
2026-05-14 10:21:00+00:00,-2.73,5.08,0.00,118.25,0.04,5.77
2026-05-14 10:22:00+00:00,-1.87,5.10,-2.76,110.16,-26.91,6.09
2026-05-14 10:23:00+00:00,-0.52,-0.11,-5.18,192.24,-84.14,5.21
2026-05-14 10:24:00+00:00,-1.59,1.99,-3.86,128.74,-56.61,4.63
2026-05-14 10:25:00+00:00,-3.49,3.83,1.69,132.41,18.04,5.45
2026-05-14 10:26:00+00:00,-4.46,3.94,1.72,138.56,16.14,6.20
2026-05-14 10:27:00+00:00,-3.58,4.00,-0.31,131.87,-3.32,5.37
2026-05-14 10:28:00+00:00,-4.48,3.12,1.50,145.09,15.38,5.66
2026-05-14 10:29:00+00:00,-3.08,4.78,-0.86,122.80,-8.59,5.75
2026-05-14 10:30:00+00:00,-3.50,3.86,-1.46,132.19,-15.67,5.41
2026-05-14 10:31:00+00:00,-4.84,3.46,1.74,144.48,16.28,6.20
2026-05-14 10:32:00+00:00,-4.97,4.01,0.56,141.05,5.01,6.41
2026-05-14 10:33:00+00:00,-5.07,3.94,0.04,142.18,0.36,6.42
2026-05-14 10:34:00+00:00,-5.26,3.74,-0.19,144.62,-1.70,6.45
2026-05-14 10:35:00+00:00,-5.35,3.63,-0.14,145.83,-1.24,6.47
2026-05-14 10:36:00+00:00,-5.41,3.58,0.01,146.48,0.04,6.49
2026-05-14 10:37:00+00:00,-5.19,3.84,-0.08,143.49,-0.67,6.46
2026-05-14 10:38:00+00:00,-5.74,3.03,0.07,152.16,0.65,6.49
2026-05-14 10:39:00+00:00,-5.63,3.19,0.15,150.44,1.32,6.48
2026-05-14 10:40:00+00:00,-5.67,3.10,0.29,151.29,2.60,6.47
2026-05-14 10:41:00+00:00,-5.60,3.16,0.27,150.59,2.36,6.44
2026-05-14 10:42:00+00:00,-5.54,3.28,-0.04,149.37,-0.33,6.43
2026-05-14 10:43:00+00:00,-5.49,3.38,0.04,148.34,0.38,6.45
2026-05-14 10:44:00+00:00,-5.49,3.37,0.43,148.50,3.83,6.46
2026-05-14 10:45:00+00:00,-5.43,3.44,0.61,147.69,5.38,6.46
2026-05-14 10:46:00+00:00,-5.38,3.50,0.24,146.93,2.17,6.42
2026-05-14 10:47:00+00:00,-5.42,3.51,-0.04,147.10,-0.37,6.45
2026-05-14 10:48:00+00:00,-5.34,3.50,-0.58,146.75,-5.18,6.41
2026-05-14 10:49:00+00:00,-5.23,3.63,-0.70,145.26,-6.28,6.40
2026-05-14 10:50:00+00:00,-5.21,3.60,-0.86,145.33,-7.69,6.39
2026-05-14 10:51:00+00:00,-5.26,3.56,-1.00,145.89,-8.93,6.43
2026-05-14 10:52:00+00:00,-5.13,3.62,-1.23,144.76,-11.07,6.40
2026-05-14 10:53:00+00:00,-5.06,3.57,-1.47,144.79,-13.36,6.36
2026-05-14 10:54:00+00:00,-5.32,3.28,-1.29,148.38,-11.65,6.38
2026-05-14 10:55:00+00:00,-5.66,2.89,-1.19,153.00,-10.62,6.47
2026-05-14 10:56:00+00:00,-5.30,3.33,-1.13,147.82,-10.27,6.36
2026-05-14 10:57:00+00:00,-5.47,3.03,-1.05,151.05,-9.54,6.34
2026-05-14 10:58:00+00:00,-5.32,3.31,-0.91,148.09,-8.27,6.33
2026-05-14 10:59:00+00:00,-5.52,2.96,-0.18,151.80,-1.65,6.27
2026-05-14 11:00:00+00:00,-5.85,2.40,-0.32,157.65,-2.85,6.33
2026-05-14 11:01:00+00:00,-5.63,2.67,-0.71,154.66,-6.51,6.27
2026-05-14 11:02:00+00:00,-5.80,2.38,0.23,157.68,2.06,6.27
2026-05-14 11:03:00+00:00,-5.24,3.03,0.08,149.96,0.72,6.06
2026-05-14 11:04:00+00:00,-5.37,2.84,0.07,152.14,0.68,6.08
2026-05-14 11:05:00+00:00,-5.70,2.36,-0.01,157.52,-0.08,6.16
2026-05-14 11:06:00+00:00,-5.62,2.54,0.05,155.65,0.50,6.16
2026-05-14 11:07:00+00:00,-5.75,2.44,-0.33,157.00,-2.99,6.25
2026-05-14 11:08:00+00:00,-5.40,2.99,-0.80,151.07,-7.34,6.22
2026-05-14 11:09:00+00:00,-5.41,2.95,-0.94,151.38,-8.70,6.24
2026-05-14 11:10:00+00:00,-5.33,3.13,-0.81,149.60,-7.50,6.24
2026-05-14 11:11:00+00:00,-5.07,3.33,-1.31,146.68,-12.19,6.20
2026-05-14 11:12:00+00:00,-5.43,2.83,-1.01,152.43,-9.38,6.21
2026-05-14 11:13:00+00:00,-5.18,2.09,-2.46,158.07,-23.76,6.11
2026-05-14 11:14:00+00:00,-5.01,3.14,-1.58,147.91,-14.92,6.12
2026-05-14 11:15:00+00:00,-4.67,3.27,-1.71,144.98,-16.67,5.95
2026-05-14 11:16:00+00:00,-5.05,2.85,-1.45,150.57,-14.04,5.98
2026-05-14 11:17:00+00:00,-5.16,2.96,-0.78,150.12,-7.51,6.00
2026-05-14 11:18:00+00:00,-5.17,3.11,-0.60,148.98,-5.67,6.06
2026-05-14 11:19:00+00:00,-5.36,2.69,0.01,153.33,0.11,5.99
2026-05-14 11:20:00+00:00,-5.08,3.11,0.14,148.52,1.37,5.96
2026-05-14 11:21:00+00:00,-5.26,2.72,-0.19,152.65,-1.79,5.92
2026-05-14 11:22:00+00:00,-5.08,2.89,-0.43,150.38,-4.17,5.86
2026-05-14 11:23:00+00:00,-5.12,2.90,-0.25,150.51,-2.41,5.89
2026-05-14 11:24:00+00:00,-5.11,2.86,0.00,150.80,-0.01,5.86
2026-05-14 11:25:00+00:00,-5.14,2.89,-0.04,150.64,-0.43,5.90
2026-05-14 11:26:00+00:00,-4.54,3.68,-0.81,140.97,-7.93,5.90
2026-05-14 11:27:00+00:00,-3.56,4.44,-1.70,128.71,-16.68,5.94
2026-05-14 11:28:00+00:00,-3.65,4.40,-1.64,129.67,-16.01,5.94
2026-05-14 11:29:00+00:00,-3.87,4.25,-1.33,132.28,-13.00,5.90
2026-05-14 11:30:00+00:00,-3.81,4.31,-1.50,131.49,-14.58,5.95
2026-05-14 11:31:00+00:00,-4.01,4.36,-1.34,132.60,-12.79,6.07
2026-05-14 11:32:00+00:00,-4.23,4.24,-1.20,134.92,-11.29,6.11
2026-05-14 11:33:00+00:00,-4.34,4.07,-1.17,136.85,-11.12,6.06
2026-05-14 11:34:00+00:00,-4.38,4.07,-1.01,137.10,-9.61,6.06
2026-05-14 11:35:00+00:00,-4.22,4.24,-1.11,134.91,-10.54,6.08
2026-05-14 11:36:00+00:00,-4.21,4.26,-1.04,134.69,-9.85,6.08
2026-05-14 11:37:00+00:00,-4.06,4.40,-1.06,132.67,-10.02,6.08
2026-05-14 11:38:00+00:00,-3.81,4.57,-0.95,129.81,-9.05,6.02
2026-05-14 11:39:00+00:00,-3.71,4.54,-1.24,129.32,-11.97,5.99
2026-05-14 11:40:00+00:00,-4.15,4.28,-0.72,134.13,-6.85,6.00
2026-05-14 11:41:00+00:00,-4.19,4.37,-0.49,133.81,-4.65,6.07
2026-05-14 11:42:00+00:00,-4.44,4.08,-0.45,137.43,-4.31,6.05
2026-05-14 11:43:00+00:00,-4.87,3.72,-0.43,142.61,-3.98,6.14
2026-05-14 11:44:00+00:00,-4.88,3.68,-0.26,143.03,-2.42,6.12
2026-05-14 11:45:00+00:00,-5.01,3.54,0.33,144.73,3.08,6.14
2026-05-14 11:46:00+00:00,-4.90,3.70,0.01,142.95,0.09,6.14
2026-05-14 11:47:00+00:00,-4.71,3.90,-0.42,140.36,-3.96,6.13
2026-05-14 11:48:00+00:00,-4.87,3.67,0.16,143.00,1.48,6.10
2026-05-14 11:49:00+00:00,-4.77,3.83,-0.04,141.18,-0.40,6.12
2026-05-14 11:50:00+00:00,-4.95,3.54,0.24,144.43,2.28,6.10
2026-05-14 11:51:00+00:00,-4.85,3.64,0.54,143.08,5.10,6.08
2026-05-14 11:52:00+00:00,-4.89,3.57,0.35,143.88,3.33,6.06
2026-05-14 11:53:00+00:00,-4.89,3.56,-0.02,143.99,-0.22,6.05
2026-05-14 11:54:00+00:00,-4.87,3.49,-0.42,144.34,-4.05,6.01
2026-05-14 11:55:00+00:00,-5.08,3.21,0.25,147.70,2.38,6.01
2026-05-14 11:56:00+00:00,-5.10,3.21,0.31,147.82,2.94,6.03
2026-05-14 11:57:00+00:00,-4.78,3.59,0.17,143.13,1.66,5.98
2026-05-14 11:58:00+00:00,-4.99,3.38,-0.38,145.93,-3.64,6.04
2026-05-14 11:59:00+00:00,-5.03,3.34,-0.17,146.41,-1.60,6.04
2026-05-14 12:00:00+00:00,-5.04,3.28,-0.16,146.96,-1.57,6.01
2026-05-14 12:01:00+00:00,-5.02,3.32,-0.16,146.56,-1.50,6.02
2026-05-14 12:02:00+00:00,-5.10,3.29,-0.12,147.19,-1.16,6.07
2026-05-14 12:03:00+00:00,-5.06,3.36,0.21,146.37,1.98,6.08
2026-05-14 12:04:00+00:00,-5.11,3.12,-0.30,148.65,-2.91,6.00
2026-05-14 12:05:00+00:00,-4.84,3.31,0.64,145.61,6.22,5.90
2026-05-14 12:06:00+00:00,-5.00,3.04,0.21,148.65,2.05,5.86
2026-05-14 12:07:00+00:00,-4.97,2.85,1.10,150.15,10.88,5.83
2026-05-14 12:08:00+00:00,-4.80,2.73,1.97,150.34,19.63,5.86
2026-05-14 12:09:00+00:00,-4.76,2.58,2.22,151.48,22.27,5.85
2026-05-14 12:10:00+00:00,-4.61,2.35,2.69,152.95,27.41,5.83
2026-05-14 12:11:00+00:00,-4.67,2.61,2.31,150.75,23.35,5.83
2026-05-14 12:12:00+00:00,-4.58,3.11,1.82,145.78,18.20,5.83
2026-05-14 12:13:00+00:00,-4.07,1.42,3.21,160.76,36.67,5.37
2026-05-14 12:14:00+00:00,-1.81,-1.53,4.89,220.25,64.14,5.43
2026-05-14 12:15:00+00:00,-3.25,0.10,4.52,178.18,54.25,5.57
2026-05-14 12:16:00+00:00,-3.79,1.10,3.81,163.82,44.06,5.48
2026-05-14 12:17:00+00:00,-3.35,2.56,3.59,142.66,40.41,5.54
2026-05-14 12:18:00+00:00,-2.25,2.38,4.41,133.39,53.44,5.49
2026-05-14 12:19:00+00:00,-3.01,2.01,4.10,146.33,48.54,5.47
2026-05-14 12:20:00+00:00,-5.01,2.64,1.56,152.20,15.35,5.88
2026-05-14 12:21:00+00:00,-4.29,3.33,2.05,142.18,20.63,5.81
2026-05-14 12:22:00+00:00,-3.92,2.71,2.50,145.31,27.67,5.38
2026-05-14 12:23:00+00:00,-2.68,2.66,3.61,135.23,43.76,5.22
2026-05-14 12:24:00+00:00,-3.36,3.22,2.56,136.20,28.77,5.31
2026-05-14 12:25:00+00:00,-4.30,3.27,1.29,142.71,13.42,5.55
2026-05-14 12:26:00+00:00,-5.01,2.93,0.55,149.66,5.44,5.83
2026-05-14 12:27:00+00:00,-5.11,2.96,0.61,149.96,5.89,5.94
2026-05-14 12:28:00+00:00,-5.23,2.67,1.30,152.97,12.48,6.01
2026-05-14 12:29:00+00:00,-4.99,2.88,1.42,150.02,13.85,5.93
2026-05-14 12:30:00+00:00,-4.82,2.97,1.54,148.34,15.27,5.87
2026-05-14 12:31:00+00:00,-4.75,3.08,1.63,147.05,16.04,5.89
2026-05-14 12:32:00+00:00,-4.40,3.54,1.37,141.19,13.63,5.81
2026-05-14 12:33:00+00:00,-4.37,2.86,2.05,146.79,21.41,5.60
2026-05-14 12:34:00+00:00,-4.35,3.17,1.60,143.92,16.57,5.61
2026-05-14 12:35:00+00:00,-4.34,3.26,1.59,143.10,16.35,5.65
2026-05-14 12:36:00+00:00,-4.28,3.09,1.97,144.18,20.50,5.63
2026-05-14 12:37:00+00:00,-4.01,3.87,1.09,136.01,11.07,5.67
2026-05-14 12:38:00+00:00,-4.08,3.52,1.48,139.23,15.36,5.58
2026-05-14 12:39:00+00:00,-4.03,3.58,1.31,138.37,13.69,5.54
2026-05-14 12:40:00+00:00,-4.26,3.19,1.70,143.24,17.69,5.59
2026-05-14 12:41:00+00:00,-4.40,2.95,2.13,146.11,21.95,5.71
2026-05-14 12:42:00+00:00,-3.98,3.50,1.61,138.62,16.86,5.54
2026-05-14 12:43:00+00:00,-4.57,2.52,2.27,151.09,23.51,5.69
2026-05-14 12:44:00+00:00,-4.41,2.90,1.31,146.64,13.97,5.44
2026-05-14 12:45:00+00:00,-4.67,2.83,1.04,148.75,10.78,5.56
2026-05-14 12:46:00+00:00,-4.69,2.79,0.84,149.21,8.78,5.52
2026-05-14 12:47:00+00:00,-4.68,2.95,0.71,147.79,7.30,5.57
2026-05-14 12:48:00+00:00,-4.75,2.92,0.45,148.43,4.64,5.59
2026-05-14 12:49:00+00:00,-4.49,3.10,0.46,145.35,4.81,5.47
2026-05-14 12:50:00+00:00,-4.51,2.98,0.48,146.54,5.12,5.43
2026-05-14 12:51:00+00:00,-4.51,3.03,0.04,146.07,0.45,5.43
2026-05-14 12:52:00+00:00,-4.43,3.26,0.05,143.69,0.51,5.50
2026-05-14 12:53:00+00:00,-4.48,3.31,0.14,143.55,1.41,5.57
2026-05-14 12:54:00+00:00,-4.05,3.62,0.16,138.20,1.71,5.43
2026-05-14 12:55:00+00:00,-4.13,3.63,0.02,138.66,0.16,5.50
2026-05-14 12:56:00+00:00,-4.20,3.63,-0.02,139.22,-0.25,5.55
2026-05-14 12:57:00+00:00,-4.17,3.67,-0.49,138.63,-5.06,5.58
2026-05-14 12:58:00+00:00,-4.65,2.30,1.69,153.61,18.07,5.45
2026-05-14 12:59:00+00:00,-3.81,1.48,3.43,158.72,40.06,5.34
2026-05-14 13:00:00+00:00,-4.14,2.17,2.91,152.32,31.96,5.50
2026-05-14 13:01:00+00:00,-4.27,1.98,2.93,155.09,31.88,5.54
2026-05-14 13:02:00+00:00,-4.32,1.81,2.87,157.32,31.53,5.50
2026-05-14 13:03:00+00:00,-4.44,1.68,2.83,159.28,30.75,5.52
2026-05-14 13:04:00+00:00,-4.48,2.18,2.33,154.10,25.04,5.50
2026-05-14 13:05:00+00:00,-4.69,2.27,2.19,154.13,22.80,5.65
2026-05-14 13:06:00+00:00,-4.56,2.43,2.16,151.91,22.67,5.60
2026-05-14 13:07:00+00:00,-4.61,2.27,2.21,153.82,23.27,5.60
2026-05-14 13:08:00+00:00,-4.66,2.40,1.93,152.79,20.22,5.59
2026-05-14 13:09:00+00:00,-4.49,2.53,1.72,150.59,18.47,5.44
2026-05-14 13:10:00+00:00,-4.43,2.31,2.07,152.47,22.47,5.41
2026-05-14 13:11:00+00:00,-4.04,2.39,2.40,149.43,27.05,5.27
2026-05-14 13:12:00+00:00,-4.08,2.48,2.15,148.69,24.24,5.24
2026-05-14 13:13:00+00:00,-4.21,2.41,2.11,150.22,23.47,5.29
2026-05-14 13:14:00+00:00,-2.96,1.56,3.02,152.22,42.08,4.50
2026-05-14 13:15:00+00:00,-2.34,1.05,4.01,155.82,57.36,4.76
2026-05-14 13:16:00+00:00,-2.49,1.40,3.53,150.78,51.03,4.54
2026-05-14 13:17:00+00:00,1.15,-1.48,4.11,307.89,65.51,4.51
2026-05-14 13:18:00+00:00,-0.08,-0.30,4.65,254.33,86.14,4.66
2026-05-14 13:19:00+00:00,0.56,-1.25,4.49,294.21,73.08,4.70
2026-05-14 13:20:00+00:00,0.15,-0.63,4.56,283.78,81.90,4.61
2026-05-14 13:21:00+00:00,-0.29,-0.39,4.61,233.35,84.03,4.63
2026-05-14 13:22:00+00:00,-0.15,-0.40,4.65,249.07,84.76,4.67
2026-05-14 13:23:00+00:00,-0.51,-0.19,4.57,200.14,83.28,4.60
2026-05-14 13:24:00+00:00,-0.71,0.01,4.57,178.97,81.11,4.62
2026-05-14 13:25:00+00:00,-0.35,0.16,4.67,155.58,85.35,4.69
2026-05-14 13:26:00+00:00,-0.51,0.71,4.72,125.78,79.49,4.80
2026-05-14 13:27:00+00:00,-0.86,1.45,4.15,120.53,67.84,4.48
2026-05-14 13:28:00+00:00,-0.84,1.19,4.21,125.27,70.94,4.45
2026-05-14 13:29:00+00:00,-1.12,1.19,4.15,133.42,68.54,4.46
2026-05-14 13:30:00+00:00,-0.67,1.67,4.06,111.93,66.09,4.44
2026-05-14 13:31:00+00:00,-0.99,1.89,4.01,117.68,62.01,4.54
2026-05-14 13:32:00+00:00,-1.83,0.84,4.02,155.45,63.45,4.50
2026-05-14 13:33:00+00:00,-1.43,1.42,4.04,135.31,63.47,4.51
2026-05-14 13:34:00+00:00,-1.89,2.09,3.61,132.12,51.98,4.58
2026-05-14 13:35:00+00:00,-2.38,1.81,3.59,142.79,50.19,4.67
2026-05-14 13:36:00+00:00,-2.81,1.30,3.48,155.09,48.39,4.66
2026-05-14 13:37:00+00:00,-2.80,0.85,3.48,163.10,49.88,4.55
2026-05-14 13:38:00+00:00,-2.84,1.70,3.32,149.15,45.10,4.69
2026-05-14 13:39:00+00:00,-1.90,3.47,2.64,118.71,33.76,4.75
2026-05-14 13:40:00+00:00,-2.26,3.35,2.58,123.97,32.60,4.79
2026-05-14 13:41:00+00:00,-1.95,3.04,3.06,122.72,40.28,4.74
2026-05-14 13:42:00+00:00,-1.44,3.24,3.07,113.94,40.95,4.69
2026-05-14 13:43:00+00:00,-1.61,3.29,2.99,116.03,39.28,4.73
2026-05-14 13:44:00+00:00,-2.00,3.27,2.82,121.42,36.38,4.76
2026-05-14 13:45:00+00:00,-2.35,2.97,2.94,128.28,37.82,4.79
2026-05-14 13:46:00+00:00,-2.59,2.75,3.05,133.25,38.90,4.85
2026-05-14 13:47:00+00:00,-2.75,2.65,3.01,136.06,38.22,4.87
2026-05-14 13:48:00+00:00,-1.63,2.01,3.99,129.05,57.11,4.76
2026-05-14 13:49:00+00:00,-1.86,2.36,3.76,128.12,51.39,4.82
2026-05-14 13:50:00+00:00,-1.87,2.23,3.85,130.07,52.94,4.83
2026-05-14 13:51:00+00:00,-1.90,2.02,3.89,133.24,54.52,4.78
2026-05-14 13:52:00+00:00,-1.90,2.08,3.86,132.39,53.94,4.78
2026-05-14 13:53:00+00:00,-1.83,1.90,3.97,133.99,56.43,4.77
2026-05-14 13:54:00+00:00,-1.32,1.67,4.21,128.33,63.23,4.72
2026-05-14 13:55:00+00:00,-0.94,1.14,4.47,129.45,71.70,4.71
2026-05-14 13:56:00+00:00,-0.60,0.02,4.73,178.43,82.82,4.77
2026-05-14 13:57:00+00:00,-0.44,0.58,4.71,127.26,81.19,4.76
2026-05-14 13:58:00+00:00,-0.37,0.60,4.79,121.53,81.60,4.85
2026-05-14 13:59:00+00:00,-0.21,-0.77,4.57,255.06,80.13,4.64
2026-05-14 14:00:00+00:00,-0.44,-0.20,4.87,204.30,84.30,4.89
2026-05-14 14:01:00+00:00,-0.20,-0.53,4.80,249.27,83.30,4.83
2026-05-14 14:02:00+00:00,-1.73,1.30,3.78,143.17,60.19,4.36
2026-05-14 14:03:00+00:00,-2.56,2.30,3.54,138.01,45.77,4.94
2026-05-14 14:04:00+00:00,-1.64,2.00,3.97,129.31,56.93,4.74
2026-05-14 14:05:00+00:00,-1.42,1.13,4.40,141.51,67.65,4.76
2026-05-14 14:06:00+00:00,-1.71,0.29,4.45,170.36,68.72,4.78
2026-05-14 14:07:00+00:00,-2.13,0.55,4.27,165.58,62.73,4.81
2026-05-14 14:08:00+00:00,-1.97,0.69,4.28,160.69,64.08,4.76
2026-05-14 14:09:00+00:00,-1.21,-0.63,4.62,207.42,73.51,4.82
2026-05-14 14:10:00+00:00,-1.57,0.34,4.64,167.84,70.90,4.91
2026-05-14 14:11:00+00:00,-1.80,0.90,4.44,153.37,65.59,4.87
2026-05-14 14:12:00+00:00,-2.11,0.83,4.47,158.56,63.13,5.01
2026-05-14 14:13:00+00:00,-1.78,0.61,4.61,161.16,67.84,4.98
2026-05-14 14:14:00+00:00,-1.64,0.22,4.67,172.36,70.45,4.95
2026-05-14 14:15:00+00:00,-1.25,-0.29,4.85,192.87,75.18,5.02
2026-05-14 14:16:00+00:00,-0.98,-0.02,4.81,181.16,78.53,4.91
2026-05-14 14:17:00+00:00,-1.04,1.07,3.99,134.20,69.42,4.26
2026-05-14 14:18:00+00:00,-1.72,3.65,2.61,115.24,32.84,4.81
2026-05-14 14:19:00+00:00,-1.70,3.21,2.82,117.91,37.81,4.60
2026-05-14 14:20:00+00:00,-1.20,2.85,3.28,112.78,46.66,4.51
2026-05-14 14:21:00+00:00,-1.18,2.72,3.06,113.38,45.87,4.26
2026-05-14 14:22:00+00:00,-1.52,1.65,3.80,132.49,59.43,4.41
2026-05-14 14:23:00+00:00,-1.86,1.94,3.50,133.72,52.51,4.42
2026-05-14 14:24:00+00:00,-2.30,2.73,2.61,130.16,36.16,4.42
2026-05-14 14:25:00+00:00,-2.03,-0.07,4.02,181.96,63.18,4.51
2026-05-14 14:26:00+00:00,-1.99,-1.06,4.57,207.99,63.77,5.09
2026-05-14 14:27:00+00:00,-1.93,-1.16,4.50,211.08,63.40,5.03
2026-05-14 14:28:00+00:00,-2.00,-1.45,4.50,215.97,61.26,5.13
2026-05-14 14:29:00+00:00,-1.78,-1.64,4.50,222.76,61.71,5.11
2026-05-14 14:30:00+00:00,-1.21,-2.88,4.18,247.28,53.29,5.22
2026-05-14 14:31:00+00:00,-0.84,-3.45,3.75,256.24,46.57,5.16
2026-05-14 14:32:00+00:00,-1.15,-3.37,3.72,251.22,46.28,5.15
2026-05-14 14:33:00+00:00,-1.05,-2.85,4.12,249.83,53.59,5.12
2026-05-14 14:34:00+00:00,-0.84,-2.82,4.14,253.46,54.58,5.08
2026-05-14 14:35:00+00:00,-0.80,-2.33,4.41,251.19,60.78,5.05
2026-05-14 14:36:00+00:00,-1.30,-3.05,4.00,246.95,50.37,5.20
2026-05-14 14:37:00+00:00,-1.41,-3.60,3.44,248.59,41.66,5.17
2026-05-14 14:38:00+00:00,-1.75,-4.68,1.86,249.47,20.40,5.34
2026-05-14 14:39:00+00:00,-2.07,-4.54,2.01,245.50,21.96,5.38
2026-05-14 14:40:00+00:00,-1.90,-4.73,1.51,248.09,16.46,5.31
2026-05-14 14:41:00+00:00,-1.76,-4.40,2.38,248.18,26.65,5.30
2026-05-14 14:42:00+00:00,-1.59,-3.93,2.90,248.01,34.43,5.14
2026-05-14 14:43:00+00:00,-2.32,-3.41,2.90,235.78,35.16,5.04
2026-05-14 14:44:00+00:00,-1.50,-3.77,2.66,248.37,33.21,4.85
2026-05-14 14:45:00+00:00,-1.04,-3.26,3.11,252.36,42.23,4.63
2026-05-14 14:46:00+00:00,-1.67,-2.99,3.35,240.83,44.37,4.79
2026-05-14 14:47:00+00:00,-2.43,-2.22,3.53,222.37,46.99,4.83
2026-05-14 14:48:00+00:00,-4.27,-0.21,2.49,182.78,30.20,4.94
2026-05-14 14:49:00+00:00,-4.01,-0.31,2.89,184.43,35.70,4.95
2026-05-14 14:50:00+00:00,-3.89,-0.73,2.96,190.65,36.82,4.95
2026-05-14 14:51:00+00:00,-4.10,-0.91,2.78,192.55,33.46,5.03
2026-05-14 14:52:00+00:00,-3.61,-1.21,3.26,198.49,40.58,5.01
2026-05-14 14:53:00+00:00,-3.33,-1.73,3.39,207.36,42.09,5.06
2026-05-14 14:54:00+00:00,-3.55,-1.65,3.31,204.97,40.19,5.13
2026-05-14 14:55:00+00:00,-3.47,-1.88,3.46,208.48,41.21,5.25
2026-05-14 14:56:00+00:00,-3.61,-1.42,3.51,201.44,42.20,5.23
2026-05-14 14:57:00+00:00,-3.37,-1.87,3.44,209.02,41.69,5.17
2026-05-14 14:58:00+00:00,-3.52,-1.66,3.46,205.34,41.64,5.20
2026-05-14 14:59:00+00:00,-3.40,-1.38,3.66,202.05,44.96,5.18
2026-05-14 15:00:00+00:00,-3.39,-1.45,3.63,203.07,44.54,5.18
2026-05-14 15:01:00+00:00,-3.35,-1.40,3.70,202.67,45.57,5.18
2026-05-14 15:02:00+00:00,-3.72,-1.20,3.51,197.91,41.86,5.26
2026-05-14 15:03:00+00:00,-3.78,-1.10,3.49,196.18,41.58,5.26
2026-05-14 15:04:00+00:00,-3.81,-1.03,3.48,195.12,41.42,5.27
2026-05-14 15:05:00+00:00,-3.69,-1.14,3.55,197.11,42.57,5.24
2026-05-14 15:06:00+00:00,-3.84,-1.04,3.44,195.20,40.84,5.27
2026-05-14 15:07:00+00:00,-4.07,-0.36,3.41,185.03,39.79,5.32
2026-05-14 15:08:00+00:00,-3.87,0.41,3.51,173.88,42.06,5.24
2026-05-14 15:09:00+00:00,-3.92,1.22,3.20,162.67,37.92,5.21
2026-05-14 15:10:00+00:00,-4.15,1.02,2.94,166.24,34.56,5.19
2026-05-14 15:11:00+00:00,-4.43,0.53,2.76,173.19,31.76,5.25
2026-05-14 15:12:00+00:00,-4.22,0.90,3.01,168.04,34.86,5.26
2026-05-14 15:13:00+00:00,-4.12,0.68,3.17,170.70,37.18,5.25
2026-05-14 15:14:00+00:00,-4.37,0.43,2.91,174.39,33.55,5.27
2026-05-14 15:15:00+00:00,-4.74,0.56,2.35,173.29,26.23,5.32
2026-05-14 15:16:00+00:00,-5.22,-0.49,0.82,185.37,8.91,5.30
2026-05-14 15:17:00+00:00,-5.41,-0.26,0.70,182.77,7.41,5.46
2026-05-14 15:18:00+00:00,-5.43,-0.11,0.67,181.12,6.99,5.47
2026-05-14 15:19:00+00:00,-5.46,-0.36,0.46,183.80,4.76,5.49
2026-05-14 15:20:00+00:00,-3.90,1.78,2.45,155.52,29.72,4.94
2026-05-14 15:21:00+00:00,-3.44,2.49,2.75,144.12,32.98,5.06
2026-05-14 15:22:00+00:00,-3.51,2.58,2.61,143.74,30.99,5.08
2026-05-14 15:23:00+00:00,-3.18,2.84,2.71,138.16,32.44,5.05
2026-05-14 15:24:00+00:00,-3.21,2.62,2.79,140.77,33.94,4.99
2026-05-14 15:25:00+00:00,-3.44,2.57,2.57,143.25,30.94,5.01
2026-05-14 15:26:00+00:00,-3.90,2.24,2.42,150.14,28.26,5.10
2026-05-14 15:27:00+00:00,-4.27,2.09,2.00,153.90,22.81,5.15
2026-05-14 15:28:00+00:00,-4.73,1.62,1.66,161.12,18.36,5.26
2026-05-14 15:29:00+00:00,-4.95,1.39,1.03,164.35,11.32,5.24
2026-05-14 15:30:00+00:00,-5.13,1.36,0.43,165.17,4.65,5.32
2026-05-14 15:31:00+00:00,-5.20,1.19,0.60,167.14,6.47,5.37
2026-05-14 15:32:00+00:00,-5.22,1.10,0.51,168.11,5.44,5.36
2026-05-14 15:33:00+00:00,-5.25,0.96,0.32,169.65,3.48,5.34
2026-05-14 15:34:00+00:00,-5.24,0.73,0.50,172.07,5.42,5.32
2026-05-14 15:35:00+00:00,-4.91,1.19,1.33,166.33,14.69,5.23
2026-05-14 15:36:00+00:00,-4.99,1.00,0.82,168.67,9.21,5.15
2026-05-14 15:37:00+00:00,-4.19,1.68,2.66,158.08,30.50,5.24
2026-05-14 15:38:00+00:00,-3.73,1.79,3.11,154.35,36.95,5.18
2026-05-14 15:39:00+00:00,-3.04,1.90,3.77,147.99,46.50,5.20
2026-05-14 15:40:00+00:00,-2.53,2.06,3.94,140.85,50.32,5.12
2026-05-14 15:41:00+00:00,-3.33,2.15,3.47,147.21,41.21,5.27
2026-05-14 15:42:00+00:00,-3.71,1.97,3.21,152.05,37.43,5.29
2026-05-14 15:43:00+00:00,-3.91,2.02,3.07,152.67,34.86,5.37
2026-05-14 15:44:00+00:00,-3.97,1.95,3.11,153.79,35.12,5.41
2026-05-14 15:45:00+00:00,-4.05,1.88,3.03,155.11,34.13,5.40
2026-05-14 15:46:00+00:00,-4.05,1.87,2.96,155.26,33.58,5.35
2026-05-14 15:47:00+00:00,-4.13,1.94,2.88,154.88,32.28,5.39
2026-05-14 15:48:00+00:00,-4.22,1.89,2.82,155.91,31.34,5.42
2026-05-14 15:49:00+00:00,-4.18,2.24,2.61,151.87,28.83,5.41
2026-05-14 15:50:00+00:00,-4.00,2.53,2.26,147.67,25.55,5.24
2026-05-14 15:54:00+00:00,-4.17,2.11,2.46,153.21,27.78,5.28
2026-05-14 15:55:00+00:00,-4.47,2.07,1.82,155.11,20.24,5.25
2026-05-14 15:56:00+00:00,-4.88,1.70,1.06,160.85,11.60,5.28
2026-05-14 15:57:00+00:00,-4.78,1.58,1.45,161.73,16.12,5.24
2026-05-14 15:58:00+00:00,-4.84,1.52,1.37,162.55,15.05,5.26
2026-05-14 16:00:00+00:00,-4.87,1.52,-0.13,162.69,-1.47,5.11
2026-05-14 16:02:00+00:00,-4.93,1.56,1.13,162.46,12.27,5.29
2026-05-14 16:03:00+00:00,-4.59,2.06,1.78,155.82,19.49,5.33
2026-05-14 16:04:00+00:00,-4.55,2.19,1.88,154.33,20.42,5.39
2026-05-14 16:05:00+00:00,-4.65,2.12,1.86,155.48,19.95,5.44
2026-05-14 16:06:00+00:00,-4.61,2.07,1.86,155.86,20.25,5.38
2026-05-14 16:07:00+00:00,-4.53,2.12,1.93,154.88,21.10,5.36
2026-05-14 16:08:00+00:00,-4.38,2.37,1.97,151.58,21.60,5.35
2026-05-14 16:09:00+00:00,-4.32,2.65,1.56,148.46,17.12,5.31
2026-05-14 16:10:00+00:00,-4.39,2.63,1.34,149.06,14.67,5.29
2026-05-14 16:11:00+00:00,-4.35,2.63,1.59,148.85,17.36,5.32
2026-05-14 16:12:00+00:00,-4.64,2.70,0.32,149.81,3.45,5.38
2026-05-14 16:13:00+00:00,-4.57,2.73,-0.10,149.14,-1.04,5.33
2026-05-14 16:14:00+00:00,-4.66,2.54,0.33,151.37,3.58,5.31
2026-05-14 16:15:00+00:00,-4.48,2.82,0.74,147.83,7.95,5.34
2026-05-14 16:16:00+00:00,-4.78,2.06,1.07,156.72,11.58,5.31
2026-05-14 16:17:00+00:00,-4.36,2.92,0.36,146.15,3.94,5.26
2026-05-14 16:18:00+00:00,-4.25,3.20,0.01,143.02,0.15,5.32
2026-05-14 16:19:00+00:00,-4.08,3.41,0.10,140.09,1.07,5.32
2026-05-14 16:20:00+00:00,-4.15,3.32,-0.09,141.32,-0.96,5.31
2026-05-14 16:21:00+00:00,-4.23,3.41,-0.41,141.12,-4.35,5.45
2026-05-14 16:22:00+00:00,-4.06,3.61,-0.67,138.38,-7.07,5.48
2026-05-14 16:23:00+00:00,-4.20,3.37,-0.68,141.21,-7.21,5.43
2026-05-14 16:24:00+00:00,-4.38,2.89,-0.38,146.63,-4.18,5.26
2026-05-14 16:25:00+00:00,-4.75,2.45,0.20,152.67,2.19,5.35
2026-05-14 16:26:00+00:00,-4.86,2.26,0.10,155.02,1.08,5.36
2026-05-14 16:27:00+00:00,-5.17,1.69,0.45,161.88,4.74,5.46
2026-05-14 16:28:00+00:00,-5.12,2.19,0.23,156.85,2.38,5.57
2026-05-14 16:29:00+00:00,-5.12,1.82,-0.10,160.39,-1.03,5.44
2026-05-14 16:30:00+00:00,-5.20,1.47,-0.27,164.19,-2.89,5.41
2026-05-14 16:31:00+00:00,-5.20,1.52,-0.22,163.74,-2.36,5.42
2026-05-14 16:32:00+00:00,-4.90,2.00,-0.70,157.80,-7.51,5.34
2026-05-14 16:38:00+00:00,-5.07,1.38,-0.94,164.72,-10.19,5.34
2026-05-14 16:39:00+00:00,-5.01,1.55,-0.79,162.82,-8.55,5.30
2026-05-14 16:40:00+00:00,-4.94,1.93,-0.05,158.68,-0.52,5.31
2026-05-14 16:41:00+00:00,-4.96,1.72,-0.35,160.90,-3.79,5.26
2026-05-14 16:42:00+00:00,-5.09,1.50,-0.06,163.57,-0.61,5.31
2026-05-14 16:43:00+00:00,-4.69,2.20,-0.49,154.85,-5.35,5.21
2026-05-14 16:44:00+00:00,-4.73,2.31,-0.68,153.93,-7.40,5.31
2026-05-14 16:45:00+00:00,-4.81,2.09,-0.36,156.57,-3.97,5.26
2026-05-14 16:46:00+00:00,-4.72,2.17,0.42,155.30,4.60,5.21
2026-05-14 16:47:00+00:00,-4.79,2.12,0.72,156.08,7.84,5.29
2026-05-14 16:48:00+00:00,-4.78,2.21,0.50,155.17,5.41,5.29
2026-05-14 16:49:00+00:00,-4.80,2.17,0.59,155.73,6.43,5.30
2026-05-14 16:50:00+00:00,-4.55,2.48,1.06,151.38,11.54,5.29
2026-05-14 16:51:00+00:00,-4.58,2.45,1.01,151.87,11.00,5.29
2026-05-14 16:52:00+00:00,-4.44,2.50,1.19,150.59,13.09,5.24
2026-05-14 16:53:00+00:00,-4.61,2.21,0.96,154.45,10.59,5.20
2026-05-14 16:54:00+00:00,-4.10,2.92,1.02,144.50,11.47,5.13
2026-05-14 16:55:00+00:00,-3.92,3.11,1.17,141.57,13.16,5.14
2026-05-14 16:56:00+00:00,-4.29,2.74,0.85,147.40,9.54,5.16
2026-05-14 16:57:00+00:00,-4.27,2.58,0.90,148.88,10.19,5.07
2026-05-14 16:59:00+00:00,-3.50,3.52,0.85,134.87,9.73,5.03
2026-05-14 17:00:00+00:00,-3.55,3.54,0.75,135.13,8.45,5.07
2026-05-14 17:01:00+00:00,-3.01,4.02,-0.24,126.77,-2.78,5.03
2026-05-14 17:02:00+00:00,-3.18,3.82,-0.30,129.73,-3.41,4.98
2026-05-14 17:03:00+00:00,-4.87,1.47,1.32,163.18,14.58,5.26
2026-05-14 17:04:00+00:00,-4.73,1.62,1.48,161.11,16.54,5.21
2026-05-14 17:05:00+00:00,-4.81,1.33,1.70,164.54,18.79,5.27
2026-05-14 17:06:00+00:00,-4.87,1.38,1.57,164.22,17.18,5.30
2026-05-14 17:07:00+00:00,-4.72,1.38,1.84,163.66,20.50,5.25
2026-05-14 17:08:00+00:00,-4.40,2.22,1.34,153.22,15.23,5.11
2026-05-14 17:09:00+00:00,-4.55,2.59,0.21,150.42,2.25,5.24
2026-05-14 17:10:00+00:00,-4.53,2.53,0.44,150.83,4.81,5.21
2026-05-14 17:11:00+00:00,-4.59,2.37,0.81,152.72,8.96,5.23
2026-05-14 17:12:00+00:00,-4.65,2.38,0.85,152.90,9.23,5.29
2026-05-14 17:14:00+00:00,-4.75,2.25,0.70,154.66,7.55,5.30
2026-05-14 17:15:00+00:00,-4.13,2.95,0.90,144.51,10.04,5.15
2026-05-14 17:16:00+00:00,-4.59,2.29,1.01,153.46,11.10,5.23
2026-05-14 17:17:00+00:00,-4.70,2.10,1.03,155.87,11.33,5.25
2026-05-14 17:18:00+00:00,-4.51,2.39,1.10,152.03,12.16,5.22
2026-05-14 17:19:00+00:00,-4.51,2.41,1.23,151.89,13.49,5.25
2026-05-14 17:20:00+00:00,-4.43,2.58,1.32,149.73,14.40,5.29
2026-05-14 17:21:00+00:00,-4.46,2.49,1.32,150.79,14.46,5.28
2026-05-14 17:22:00+00:00,-4.35,2.78,1.29,147.48,14.01,5.32
2026-05-14 17:23:00+00:00,-4.38,2.70,1.36,148.30,14.85,5.32
2026-05-14 17:24:00+00:00,-4.34,2.21,2.08,153.00,23.17,5.30
2026-05-14 17:25:00+00:00,-4.32,2.27,2.01,152.26,22.43,5.28
2026-05-14 17:26:00+00:00,-4.71,2.12,0.78,155.75,8.64,5.22
2026-05-14 17:27:00+00:00,-4.91,1.75,0.35,160.42,3.80,5.22
2026-05-14 17:29:00+00:00,-4.45,2.12,1.46,154.47,16.46,5.14
2026-05-14 17:30:00+00:00,-4.76,1.56,0.97,161.87,10.98,5.10
2026-05-14 17:31:00+00:00,-4.46,1.86,1.61,157.29,18.48,5.09
2026-05-14 17:32:00+00:00,-4.32,2.15,1.86,153.49,21.10,5.17
2026-05-14 17:33:00+00:00,-4.74,1.27,1.68,165.04,18.91,5.19
2026-05-14 17:34:00+00:00,-5.02,0.66,1.29,172.55,14.36,5.22
2026-05-14 17:35:00+00:00,-5.06,1.28,0.57,165.76,6.23,5.25
2026-05-14 17:36:00+00:00,-4.93,1.21,0.84,166.23,9.35,5.14
2026-05-14 17:37:00+00:00,-4.67,1.70,1.29,160.03,14.56,5.14
2026-05-14 17:38:00+00:00,-4.79,1.53,1.29,162.26,14.36,5.19
2026-05-14 17:39:00+00:00,-4.44,1.61,1.84,160.13,21.30,5.07
2026-05-14 17:40:00+00:00,-4.39,1.46,2.17,161.58,25.16,5.11
2026-05-14 17:41:00+00:00,-4.09,1.47,2.48,160.20,29.71,5.00
2026-05-14 17:42:00+00:00,-4.22,1.06,2.46,165.89,29.48,4.99
2026-05-14 17:44:00+00:00,-3.99,1.42,2.37,160.41,29.20,4.86
2026-05-14 17:45:00+00:00,-3.09,0.87,3.66,164.36,48.77,4.87
2026-05-14 17:46:00+00:00,-3.37,1.10,3.34,161.97,43.29,4.87
2026-05-14 17:47:00+00:00,-3.32,0.57,3.45,170.25,45.67,4.82
2026-05-14 17:48:00+00:00,-3.26,0.73,3.42,167.40,45.71,4.78
2026-05-14 17:49:00+00:00,-3.40,2.06,2.46,148.81,31.73,4.68
2026-05-14 17:50:00+00:00,-3.95,2.51,1.65,147.56,19.46,4.96
2026-05-14 17:51:00+00:00,-2.81,1.04,3.59,159.66,50.13,4.68
2026-05-14 17:52:00+00:00,-2.73,0.98,3.85,160.28,53.08,4.82
2026-05-14 17:53:00+00:00,-2.68,0.87,3.81,161.99,53.58,4.74
2026-05-14 17:54:00+00:00,-2.13,0.61,4.11,163.89,61.69,4.66
2026-05-14 17:55:00+00:00,-2.67,0.49,3.71,169.65,53.79,4.60
2026-05-14 17:56:00+00:00,-2.69,0.64,3.42,166.71,50.99,4.40
2026-05-14 17:57:00+00:00,-4.20,1.90,1.60,155.63,19.17,4.88
2026-05-14 17:59:00+00:00,-2.62,1.07,3.84,157.79,53.69,4.77
2026-05-14 18:00:00+00:00,-3.15,1.73,3.23,151.31,41.99,4.83
2026-05-14 18:01:00+00:00,-4.17,2.11,1.63,153.08,19.28,4.95
2026-05-14 18:02:00+00:00,-4.30,2.21,1.17,152.86,13.59,4.97
2026-05-14 18:03:00+00:00,-3.84,1.69,2.28,156.20,28.54,4.78
2026-05-14 18:04:00+00:00,-3.37,1.40,3.26,157.52,41.77,4.89
2026-05-14 18:05:00+00:00,-3.63,1.62,2.94,155.87,36.47,4.94
2026-05-14 18:06:00+00:00,-3.78,1.89,2.38,153.48,29.40,4.85
2026-05-14 18:07:00+00:00,-4.05,2.38,0.91,149.51,10.91,4.79
2026-05-14 18:08:00+00:00,-4.06,2.45,0.87,148.90,10.40,4.82
2026-05-14 18:09:00+00:00,-3.89,2.77,0.46,144.49,5.55,4.80
2026-05-14 18:10:00+00:00,-3.82,3.10,0.03,141.00,0.39,4.92
2026-05-14 18:11:00+00:00,-3.89,3.09,-0.20,141.52,-2.25,4.98
2026-05-14 18:12:00+00:00,-4.09,2.89,0.10,144.79,1.17,5.01
2026-05-14 18:13:00+00:00,-3.92,3.08,-0.02,141.86,-0.21,4.99
2026-05-14 18:14:00+00:00,-3.78,2.95,-0.59,141.96,-7.06,4.83
2026-05-14 18:15:00+00:00,-3.81,3.21,-0.58,139.88,-6.69,5.02
2026-05-14 18:16:00+00:00,-3.86,3.16,-0.12,140.67,-1.40,4.99
2026-05-14 18:17:00+00:00,-4.05,2.80,-0.68,145.36,-7.83,4.96
2026-05-14 18:18:00+00:00,-4.06,2.79,-0.71,145.55,-8.16,4.98
2026-05-14 18:19:00+00:00,-3.45,2.18,1.57,147.63,21.06,4.37
2026-05-14 18:20:00+00:00,-3.33,1.91,2.79,150.21,36.03,4.74
2026-05-14 18:21:00+00:00,-3.66,2.27,1.93,148.17,24.19,4.72
2026-05-14 18:22:00+00:00,-3.84,2.51,1.30,146.83,15.85,4.77
2026-05-14 18:23:00+00:00,-2.23,1.55,2.89,145.16,46.78,3.96
2026-05-14 18:24:00+00:00,0.27,-0.65,3.44,292.74,78.38,3.51
2026-05-14 18:25:00+00:00,-3.69,2.65,0.84,144.30,10.44,4.63
2026-05-14 18:26:00+00:00,-3.75,2.23,1.05,149.28,13.54,4.48
2026-05-14 18:27:00+00:00,0.63,-1.14,3.32,298.99,68.56,3.57
2026-05-14 18:28:00+00:00,2.21,-1.88,2.62,319.62,42.08,3.91
2026-05-14 18:31:00+00:00,1.58,-1.63,3.02,314.09,53.11,3.78
2026-05-14 18:32:00+00:00,-1.15,0.42,4.20,159.75,73.72,4.37
2026-05-14 18:33:00+00:00,-1.67,0.39,4.22,166.90,67.92,4.56
2026-05-14 18:34:00+00:00,-1.68,0.76,4.05,155.62,65.46,4.45
2026-05-14 18:35:00+00:00,-1.91,0.92,4.08,154.34,62.59,4.60
2026-05-14 18:36:00+00:00,-1.95,1.20,3.88,148.51,59.44,4.51
2026-05-14 18:37:00+00:00,-0.43,0.44,4.46,134.38,82.21,4.50
2026-05-14 18:38:00+00:00,-1.87,1.00,3.73,151.76,60.38,4.29
2026-05-14 18:39:00+00:00,-1.83,0.98,4.21,151.87,63.72,4.70
2026-05-14 18:40:00+00:00,-2.22,1.20,4.17,151.66,58.81,4.87
2026-05-14 18:41:00+00:00,-2.59,1.38,3.87,151.91,52.85,4.86
2026-05-14 18:42:00+00:00,-3.78,1.20,2.86,162.36,35.82,4.89
2026-05-14 18:43:00+00:00,-2.40,1.74,3.80,144.06,52.03,4.82
2026-05-14 18:45:00+00:00,-3.15,1.87,3.32,149.34,42.16,4.94
2026-05-14 18:46:00+00:00,-3.33,2.08,3.23,148.06,39.48,5.08
2026-05-14 18:47:00+00:00,-3.56,2.14,2.61,149.03,32.21,4.91
2026-05-14 18:48:00+00:00,-3.09,2.17,3.14,144.89,39.76,4.91
2026-05-14 18:49:00+00:00,-2.81,2.21,3.40,141.76,43.54,4.93
2026-05-14 18:50:00+00:00,-2.87,2.44,3.16,139.59,39.95,4.92
2026-05-14 18:51:00+00:00,-2.70,2.62,3.04,135.92,38.92,4.83
2026-05-14 18:52:00+00:00,-2.26,2.70,3.20,129.94,42.33,4.76
2026-05-14 18:53:00+00:00,-2.80,2.75,2.85,135.54,35.97,4.85
2026-05-14 18:54:00+00:00,-2.78,3.01,2.54,132.80,31.79,4.82
2026-05-14 18:55:00+00:00,-2.86,3.02,2.67,133.43,32.67,4.95
2026-05-14 18:56:00+00:00,-3.36,3.03,2.04,137.97,24.33,4.96
2026-05-14 18:57:00+00:00,-3.54,3.07,1.83,139.12,21.30,5.03
2026-05-14 18:58:00+00:00,-3.55,2.99,1.86,139.87,21.79,5.00
2026-05-14 18:59:00+00:00,-3.58,2.96,1.66,140.41,19.67,4.94
2026-05-14 19:00:00+00:00,-3.49,3.11,1.57,138.25,18.58,4.93
2026-05-14 19:01:00+00:00,-3.41,3.05,1.68,138.14,20.15,4.88
2026-05-14 19:02:00+00:00,-3.29,3.11,1.74,136.58,21.00,4.84
2026-05-14 19:03:00+00:00,-3.64,3.38,-0.06,137.15,-0.75,4.97
2026-05-14 19:04:00+00:00,-3.54,3.13,-0.05,138.53,-0.61,4.72
2026-05-14 19:05:00+00:00,-3.34,3.06,0.15,137.50,1.84,4.53
2026-05-14 19:06:00+00:00,-3.40,3.08,-0.22,137.79,-2.72,4.59
2026-05-14 19:07:00+00:00,-3.44,2.98,-0.16,139.08,-2.07,4.56
2026-05-14 19:08:00+00:00,-3.39,3.14,-0.42,137.16,-5.23,4.64
2026-05-14 19:09:00+00:00,-3.61,2.92,0.17,141.04,2.11,4.64
2026-05-14 19:10:00+00:00,-3.70,2.90,0.31,141.90,3.73,4.71
2026-05-14 19:11:00+00:00,-3.23,3.30,-0.05,134.31,-0.68,4.62
2026-05-14 19:12:00+00:00,-2.82,3.37,-0.20,129.94,-2.64,4.40
2026-05-14 19:13:00+00:00,-4.03,2.61,0.01,147.10,0.14,4.80
2026-05-14 19:14:00+00:00,-3.38,2.62,0.24,142.22,3.19,4.29
2026-05-14 19:15:00+00:00,-3.56,2.26,0.58,147.63,7.77,4.26
2026-05-14 19:16:00+00:00,-3.78,1.97,1.12,152.53,14.77,4.41
2026-05-14 19:17:00+00:00,-3.95,2.06,0.91,152.46,11.53,4.54
2026-05-14 19:18:00+00:00,-4.06,2.19,0.58,151.67,7.12,4.65
2026-05-14 19:19:00+00:00,-4.17,2.20,0.86,152.19,10.36,4.79
2026-05-14 19:20:00+00:00,-3.95,2.35,0.94,149.27,11.58,4.69
2026-05-14 19:21:00+00:00,-4.12,1.98,1.18,154.29,14.44,4.72
2026-05-14 19:22:00+00:00,-4.03,1.33,1.85,161.74,23.60,4.63
2026-05-14 19:23:00+00:00,-3.98,0.83,2.16,168.19,28.00,4.61
2026-05-14 19:24:00+00:00,-3.60,-0.06,3.00,180.96,39.83,4.69
2026-05-14 19:25:00+00:00,-3.72,0.04,3.00,179.34,38.91,4.78
2026-05-14 19:26:00+00:00,-3.63,0.05,2.79,179.27,37.51,4.58
2026-05-14 19:27:00+00:00,-3.70,0.14,2.64,177.77,35.54,4.55
2026-05-14 19:28:00+00:00,-3.77,0.10,2.58,178.45,34.40,4.57
2026-05-14 19:29:00+00:00,-3.67,0.09,2.52,178.63,34.44,4.45
2026-05-14 19:32:00+00:00,-3.47,-0.55,2.71,188.96,37.63,4.44
2026-05-14 19:33:00+00:00,-3.43,-0.55,2.81,189.11,39.02,4.47
2026-05-14 19:34:00+00:00,-3.23,-0.69,2.89,192.06,41.23,4.39
2026-05-14 19:35:00+00:00,-3.11,-0.69,3.00,192.57,43.27,4.37
2026-05-14 19:36:00+00:00,-2.88,-1.13,2.86,201.45,42.75,4.21
2026-05-14 19:37:00+00:00,-2.95,-0.82,2.85,195.56,42.92,4.18
2026-05-14 19:38:00+00:00,-2.81,-0.48,3.02,189.76,46.72,4.15
2026-05-14 19:39:00+00:00,-2.80,-0.45,3.06,189.23,47.18,4.17
2026-05-14 19:40:00+00:00,-2.75,-0.09,3.19,181.96,49.20,4.21
2026-05-14 19:41:00+00:00,-2.81,-1.07,3.10,200.92,45.89,4.32
2026-05-14 19:42:00+00:00,-2.65,-1.35,3.09,206.97,46.12,4.29
2026-05-14 19:43:00+00:00,-2.62,-1.31,3.10,206.58,46.64,4.26
2026-05-14 19:44:00+00:00,-2.31,-1.94,2.68,220.01,41.56,4.03
2026-05-14 19:45:00+00:00,-2.43,-0.87,3.00,199.79,49.25,3.95
2026-05-14 19:46:00+00:00,-2.19,-0.99,3.18,204.33,52.98,3.99
2026-05-14 19:47:00+00:00,-1.78,-1.08,3.22,211.23,57.22,3.83
2026-05-14 19:48:00+00:00,0.15,-1.94,2.57,274.38,52.80,3.22
2026-05-14 19:49:00+00:00,1.54,-2.77,1.73,299.17,28.66,3.61
2026-05-14 19:50:00+00:00,1.73,-2.86,1.92,301.11,29.92,3.85
2026-05-14 19:51:00+00:00,1.69,-2.77,1.89,301.31,30.21,3.75
2026-05-14 19:52:00+00:00,1.76,-2.71,2.01,302.97,31.86,3.81
2026-05-14 19:53:00+00:00,1.50,-2.59,1.69,300.03,29.48,3.44
2026-05-14 19:54:00+00:00,1.69,-2.77,1.46,301.43,24.17,3.56
2026-05-14 19:55:00+00:00,1.77,-2.62,1.19,304.07,20.68,3.38
2026-05-14 19:56:00+00:00,1.44,-2.61,1.43,298.93,25.53,3.31
2026-05-14 19:57:00+00:00,1.17,-2.85,2.11,292.31,34.47,3.73
2026-05-14 19:58:00+00:00,1.23,-2.87,2.17,293.28,34.77,3.80
2026-05-14 19:59:00+00:00,1.42,-3.03,1.77,295.05,27.85,3.78
2026-05-14 20:00:00+00:00,1.56,-2.97,1.74,297.75,27.50,3.78
2026-05-14 20:01:00+00:00,1.75,-2.88,1.76,301.25,27.54,3.80
2026-05-14 20:02:00+00:00,2.05,-2.89,2.12,305.35,30.86,4.13
2026-05-14 20:03:00+00:00,2.26,-2.74,2.47,309.51,34.80,4.32
2026-05-14 20:04:00+00:00,2.15,-2.52,2.78,310.51,39.96,4.32
2026-05-14 20:05:00+00:00,1.66,-2.61,2.85,302.44,42.71,4.21
2026-05-14 20:06:00+00:00,1.45,-2.54,3.16,299.80,47.20,4.31
2026-05-14 20:07:00+00:00,1.21,-2.32,3.40,297.55,52.46,4.29
2026-05-14 20:08:00+00:00,1.24,-2.36,3.34,297.78,51.39,4.27
2026-05-14 20:09:00+00:00,1.22,-2.26,3.47,298.39,53.48,4.32
2026-05-14 20:10:00+00:00,1.35,-2.30,3.44,300.34,52.21,4.36
2026-05-14 20:11:00+00:00,1.21,-2.19,3.49,298.96,54.42,4.29
2026-05-14 20:12:00+00:00,0.67,-2.13,3.18,287.55,54.88,3.89
2026-05-14 20:13:00+00:00,0.72,-2.12,3.22,288.72,55.11,3.92
2026-05-14 20:14:00+00:00,0.63,-2.03,3.32,287.20,57.45,3.94
2026-05-14 20:15:00+00:00,1.01,-1.71,3.46,300.52,60.20,3.98
2026-05-14 20:16:00+00:00,1.23,-1.55,3.66,308.41,61.60,4.16
2026-05-14 20:17:00+00:00,0.97,-1.35,3.83,305.62,66.50,4.18
2026-05-14 20:18:00+00:00,0.94,-1.22,3.88,307.57,68.42,4.18
2026-05-14 20:19:00+00:00,0.92,-1.08,3.77,310.69,69.39,4.03
2026-05-14 20:20:00+00:00,0.82,-1.08,3.55,307.25,69.16,3.80
2026-05-14 20:21:00+00:00,0.78,-1.05,3.30,306.66,68.39,3.55
2026-05-14 20:22:00+00:00,0.78,-1.16,3.29,303.93,67.03,3.58
2026-05-14 20:23:00+00:00,0.99,-1.04,3.29,313.43,66.41,3.59
2026-05-14 20:24:00+00:00,0.41,-0.03,3.84,355.94,83.89,3.86
2026-05-14 20:25:00+00:00,0.77,-1.38,3.25,299.13,64.05,3.62
2026-05-14 20:26:00+00:00,0.70,-1.83,3.13,290.89,57.92,3.69
2026-05-14 20:27:00+00:00,1.12,-2.39,2.46,295.20,42.99,3.61
2026-05-14 20:28:00+00:00,1.09,-2.39,2.52,294.54,43.71,3.64
2026-05-14 20:29:00+00:00,0.99,-2.29,2.57,293.36,45.87,3.58
2026-05-14 20:30:00+00:00,1.18,-2.61,2.20,294.22,37.49,3.61
2026-05-14 20:31:00+00:00,1.08,-2.77,2.11,291.20,35.40,3.65
2026-05-14 20:32:00+00:00,1.20,-3.06,1.61,291.39,26.19,3.66
2026-05-14 20:35:00+00:00,1.12,-3.01,2.53,290.41,38.23,4.09
2026-05-14 20:36:00+00:00,1.36,-3.38,2.67,291.94,36.21,4.51
2026-05-14 20:37:00+00:00,1.31,-3.25,2.67,291.96,37.34,4.41
2026-05-14 20:38:00+00:00,0.90,-2.78,2.66,288.00,42.32,3.95
2026-05-14 20:39:00+00:00,0.89,-2.66,2.83,288.61,45.29,3.98
2026-05-14 20:40:00+00:00,1.09,-2.64,2.91,292.46,45.56,4.08
2026-05-14 20:41:00+00:00,1.22,-2.58,3.01,295.30,46.53,4.14
2026-05-14 20:42:00+00:00,1.15,-2.65,3.04,293.42,46.53,4.19
2026-05-14 20:43:00+00:00,0.98,-2.70,3.15,289.89,47.66,4.26
2026-05-14 20:47:00+00:00,1.11,-2.90,3.45,290.89,47.96,4.64
2026-05-14 20:48:00+00:00,0.99,-2.86,3.58,289.04,49.78,4.69
2026-05-14 20:49:00+00:00,0.74,-2.91,3.57,284.26,49.96,4.66
2026-05-14 20:50:00+00:00,0.90,-2.76,3.48,288.08,50.12,4.53
2026-05-14 20:51:00+00:00,0.80,-2.87,3.58,285.59,50.21,4.65
2026-05-14 20:52:00+00:00,0.67,-2.67,3.26,284.04,49.81,4.27
2026-05-14 20:53:00+00:00,0.30,-2.49,3.09,276.92,50.91,3.98
2026-05-14 20:54:00+00:00,0.51,-2.54,3.09,281.38,50.09,4.03
2026-05-14 20:55:00+00:00,1.30,-2.79,2.45,294.97,38.61,3.93
2026-05-14 20:56:00+00:00,1.59,-2.46,1.61,302.94,28.79,3.34
2026-05-14 20:57:00+00:00,1.79,-2.69,1.84,303.68,29.64,3.71
2026-05-14 20:58:00+00:00,2.06,-2.94,1.95,305.12,28.56,4.09
2026-05-14 20:59:00+00:00,1.92,-2.88,2.10,303.66,31.27,4.05
2026-05-14 21:00:00+00:00,1.87,-2.79,1.77,303.85,27.77,3.80
2026-05-14 21:01:00+00:00,1.99,-2.90,1.78,304.51,26.83,3.94
2026-05-14 21:02:00+00:00,2.13,-2.94,1.54,305.99,22.94,3.94
2026-05-14 21:03:00+00:00,2.29,-2.98,1.17,307.58,17.34,3.93
2026-05-14 21:04:00+00:00,2.41,-2.91,1.27,309.72,18.59,3.99
2026-05-14 21:05:00+00:00,2.74,-3.03,0.98,312.10,13.56,4.20
2026-05-14 21:06:00+00:00,2.75,-3.05,0.92,312.06,12.55,4.21
2026-05-14 21:07:00+00:00,2.50,-3.03,1.08,309.56,15.30,4.08
2026-05-14 21:08:00+00:00,2.36,-2.99,0.86,308.22,12.73,3.90
2026-05-14 21:09:00+00:00,2.43,-2.98,0.75,309.26,11.04,3.92
2026-05-14 21:10:00+00:00,2.48,-3.01,0.64,309.49,9.32,3.96
2026-05-14 21:11:00+00:00,2.36,-2.91,0.54,308.95,8.26,3.79
2026-05-14 21:12:00+00:00,2.22,-2.81,0.59,308.33,9.42,3.63
2026-05-14 21:13:00+00:00,2.37,-2.74,0.44,310.94,6.94,3.65
2026-05-14 21:14:00+00:00,2.41,-2.85,0.59,310.23,8.98,3.78
2026-05-14 21:15:00+00:00,2.48,-2.76,0.45,311.93,6.85,3.74
2026-05-14 21:16:00+00:00,2.70,-2.85,0.21,313.42,3.05,3.93
2026-05-14 21:17:00+00:00,2.60,-2.70,-0.21,313.89,-3.19,3.75
2026-05-14 21:18:00+00:00,2.69,-2.70,-0.07,314.93,-1.00,3.82
2026-05-14 21:19:00+00:00,2.42,-2.19,-0.73,317.84,-12.53,3.35
2026-05-14 21:20:00+00:00,2.29,-2.08,-0.88,317.78,-15.93,3.22
2026-05-14 21:21:00+00:00,2.41,-1.96,-1.09,320.92,-19.42,3.29
2026-05-14 21:22:00+00:00,2.00,-1.54,-1.91,322.39,-37.16,3.16
2026-05-14 21:23:00+00:00,2.41,-1.52,-1.97,327.72,-34.61,3.47
2026-05-14 21:24:00+00:00,2.37,-1.51,-2.03,327.40,-35.91,3.47
2026-05-14 21:25:00+00:00,2.49,-1.59,-2.16,327.44,-36.13,3.66
2026-05-14 21:26:00+00:00,2.58,-1.74,-2.13,325.97,-34.34,3.77
2026-05-14 21:27:00+00:00,2.63,-1.76,-2.16,326.17,-34.34,3.83
2026-05-14 21:28:00+00:00,2.56,-1.85,-1.89,324.21,-30.91,3.68
2026-05-14 21:29:00+00:00,2.47,-1.92,-1.71,322.14,-28.72,3.56
2026-05-14 21:30:00+00:00,2.31,-1.83,-1.62,321.68,-28.76,3.36
2026-05-14 21:31:00+00:00,2.16,-1.64,-1.66,322.77,-31.38,3.18
2026-05-14 21:32:00+00:00,2.15,-1.80,-1.11,320.03,-21.55,3.02
2026-05-14 21:33:00+00:00,2.34,-1.60,-0.67,325.54,-13.31,2.91
2026-05-14 21:34:00+00:00,2.22,-1.70,-0.97,322.66,-19.19,2.96
2026-05-14 21:35:00+00:00,2.23,-1.38,-2.00,328.24,-37.39,3.30
2026-05-14 21:36:00+00:00,2.16,-1.40,-2.12,327.14,-39.52,3.34
2026-05-14 21:37:00+00:00,2.46,-1.75,-1.67,324.53,-28.86,3.45
2026-05-14 21:38:00+00:00,2.33,-1.56,-1.79,326.24,-32.50,3.32
2026-05-14 21:39:00+00:00,2.26,-1.83,-1.52,320.89,-27.54,3.28
2026-05-14 21:40:00+00:00,2.37,-1.86,-1.45,321.82,-25.67,3.34
2026-05-14 21:41:00+00:00,2.33,-1.86,-1.42,321.43,-25.55,3.30
2026-05-14 21:42:00+00:00,2.35,-1.73,-1.56,323.72,-28.09,3.31
2026-05-14 21:43:00+00:00,2.54,-1.90,-1.38,323.17,-23.49,3.46
2026-05-14 21:44:00+00:00,2.22,-1.97,-0.83,318.47,-15.68,3.08
2026-05-14 21:45:00+00:00,2.11,-1.94,-0.64,317.37,-12.57,2.94
2026-05-14 21:46:00+00:00,2.05,-1.90,-0.46,317.19,-9.31,2.84
2026-05-14 21:47:00+00:00,1.79,-1.78,-0.29,315.19,-6.50,2.54
2026-05-14 21:48:00+00:00,1.76,-1.48,-0.81,319.86,-19.45,2.44
2026-05-14 21:49:00+00:00,1.74,-1.44,-0.72,320.55,-17.62,2.37
2026-05-14 21:50:00+00:00,1.78,-1.68,-0.75,316.55,-17.03,2.56
2026-05-14 21:51:00+00:00,1.81,-1.73,-0.55,316.25,-12.36,2.56
2026-05-14 21:52:00+00:00,1.85,-1.90,-0.08,314.19,-1.80,2.65
2026-05-14 21:53:00+00:00,2.01,-2.09,0.25,313.80,4.88,2.91
2026-05-14 21:54:00+00:00,1.23,-0.66,-1.35,331.73,-43.94,1.94
2026-05-14 21:55:00+00:00,0.60,0.61,-2.65,45.76,-72.11,2.78
2026-05-14 21:56:00+00:00,1.20,-0.21,-2.51,350.20,-64.12,2.79
2026-05-14 21:57:00+00:00,0.63,-0.16,-2.87,345.44,-77.16,2.95
2026-05-14 21:58:00+00:00,0.44,-0.33,-2.94,323.31,-79.44,2.99
2026-05-14 22:00:00+00:00,0.73,0.17,-3.41,13.10,-77.54,3.49
2026-05-14 22:01:00+00:00,0.97,-0.38,-3.72,338.53,-74.33,3.87
2026-05-14 22:02:00+00:00,0.47,0.65,-3.80,54.05,-78.14,3.88
2026-05-14 22:03:00+00:00,1.43,-0.36,-3.76,345.97,-68.68,4.04
2026-05-14 22:04:00+00:00,1.31,-0.21,-3.89,350.92,-71.15,4.11
2026-05-14 22:05:00+00:00,1.30,-0.06,-3.84,357.31,-71.26,4.05
2026-05-14 22:06:00+00:00,1.46,-0.89,-4.21,328.57,-67.90,4.54
2026-05-14 22:07:00+00:00,1.64,-1.12,-4.10,325.75,-64.15,4.56
2026-05-14 22:08:00+00:00,1.69,-0.82,-4.03,334.22,-65.06,4.45
2026-05-14 22:09:00+00:00,0.89,1.15,-4.48,52.15,-72.06,4.71
2026-05-14 22:10:00+00:00,1.96,-0.09,-4.08,357.40,-64.30,4.53
2026-05-14 22:11:00+00:00,1.59,-0.34,-3.93,348.09,-67.50,4.25
2026-05-14 22:12:00+00:00,1.02,0.39,-3.84,20.76,-74.09,3.99
2026-05-14 22:13:00+00:00,0.06,1.83,-4.02,88.12,-65.56,4.42
2026-05-14 22:14:00+00:00,1.79,-0.25,-3.57,352.13,-63.08,4.00
2026-05-14 22:15:00+00:00,3.03,-0.60,-2.90,348.84,-43.18,4.24
2026-05-14 22:16:00+00:00,2.76,-1.03,-3.13,339.56,-46.79,4.29
2026-05-14 22:17:00+00:00,2.86,-1.39,-2.40,334.08,-37.04,3.98
2026-05-14 22:18:00+00:00,2.76,-1.91,-2.03,325.34,-31.21,3.92
2026-05-14 22:19:00+00:00,2.78,-2.23,-2.11,321.22,-30.69,4.14
2026-05-14 22:20:00+00:00,3.09,-1.84,-2.66,329.27,-36.49,4.47
2026-05-14 22:21:00+00:00,3.11,-1.43,-2.95,335.36,-40.78,4.51
2026-05-14 22:22:00+00:00,2.91,-1.24,-3.22,336.93,-45.53,4.52
2026-05-14 22:23:00+00:00,2.88,-1.18,-3.40,337.73,-47.52,4.61
2026-05-14 22:24:00+00:00,2.69,-1.16,-3.75,336.60,-51.96,4.76
2026-05-14 22:25:00+00:00,2.66,-1.57,-3.64,329.49,-49.68,4.77
2026-05-14 22:26:00+00:00,2.65,-1.66,-3.52,327.84,-48.42,4.71
2026-05-14 22:27:00+00:00,2.94,-1.30,-3.28,336.17,-45.59,4.59
2026-05-14 22:28:00+00:00,2.97,-1.17,-3.12,338.49,-44.43,4.46
2026-05-14 22:29:00+00:00,3.02,-1.21,-3.12,338.18,-43.85,4.51
2026-05-14 22:30:00+00:00,2.86,-1.27,-3.14,336.04,-45.07,4.44
2026-05-14 22:31:00+00:00,2.87,-1.29,-3.16,335.73,-45.13,4.46
2026-05-14 22:32:00+00:00,2.77,-1.29,-3.20,335.07,-46.30,4.42
2026-05-14 22:33:00+00:00,2.73,-1.26,-3.27,335.17,-47.45,4.45
2026-05-14 22:34:00+00:00,2.90,-1.29,-3.09,335.96,-44.19,4.43
2026-05-14 22:35:00+00:00,3.33,-1.89,-2.50,330.47,-33.15,4.58
2026-05-14 22:36:00+00:00,3.16,-1.43,-3.20,335.61,-42.66,4.72
2026-05-14 22:37:00+00:00,3.23,-1.35,-3.17,337.33,-42.14,4.73
2026-05-14 22:38:00+00:00,2.81,-1.39,-3.83,333.75,-50.69,4.94
2026-05-14 22:39:00+00:00,2.77,-1.31,-3.88,334.64,-51.63,4.95
2026-05-14 22:40:00+00:00,2.94,-1.42,-3.84,334.24,-49.61,5.04
2026-05-14 22:41:00+00:00,3.19,-1.42,-3.46,335.99,-44.76,4.91
2026-05-14 22:42:00+00:00,3.27,-1.09,-3.54,341.59,-45.72,4.94
2026-05-14 22:43:00+00:00,3.28,-0.85,-3.67,345.43,-47.26,4.99
2026-05-14 22:44:00+00:00,3.01,-1.12,-3.87,339.62,-50.29,5.03
2026-05-14 22:45:00+00:00,2.95,-2.09,-3.30,324.77,-42.38,4.90
2026-05-14 22:46:00+00:00,2.96,-1.86,-3.27,327.85,-43.13,4.79
2026-05-14 22:47:00+00:00,2.92,-1.67,-3.27,330.17,-44.23,4.69
2026-05-14 22:48:00+00:00,3.20,-1.46,-3.40,335.48,-44.03,4.89
2026-05-14 22:49:00+00:00,3.18,-1.67,-3.39,332.26,-43.37,4.94
2026-05-14 22:50:00+00:00,3.03,-1.84,-3.31,328.76,-42.97,4.85
2026-05-14 22:51:00+00:00,3.14,-1.84,-2.60,329.60,-35.55,4.47
2026-05-14 22:52:00+00:00,2.77,-2.12,-1.53,322.53,-23.68,3.81
2026-05-14 22:53:00+00:00,3.14,-2.06,-2.16,326.72,-29.90,4.33
2026-05-14 22:54:00+00:00,3.19,-1.99,-2.18,328.07,-30.07,4.35
2026-05-14 22:55:00+00:00,3.05,-1.72,-2.66,330.60,-37.21,4.40
2026-05-14 22:56:00+00:00,3.48,-1.62,-2.77,334.99,-35.83,4.73
2026-05-14 22:57:00+00:00,3.63,-1.64,-2.78,335.76,-34.95,4.86
2026-05-14 22:58:00+00:00,3.73,-1.69,-2.86,335.56,-34.95,4.99
2026-05-14 22:59:00+00:00,3.82,-1.63,-3.10,336.97,-36.72,5.18
2026-05-14 23:00:00+00:00,4.03,-1.23,-3.06,343.02,-36.04,5.21
2026-05-14 23:01:00+00:00,4.04,-0.69,-2.98,350.26,-35.99,5.07
2026-05-14 23:02:00+00:00,3.77,-0.69,-2.72,349.56,-35.36,4.70
2026-05-14 23:03:00+00:00,3.89,-0.87,-3.20,347.47,-38.77,5.12
2026-05-14 23:04:00+00:00,3.55,-1.03,-2.94,343.87,-38.52,4.72
2026-05-14 23:05:00+00:00,2.37,-0.78,-1.99,341.71,-38.56,3.20
2026-05-14 23:06:00+00:00,1.67,-0.24,-1.34,351.68,-38.48,2.15
2026-05-14 23:07:00+00:00,1.57,-0.48,-1.14,343.09,-34.71,1.99
2026-05-14 23:08:00+00:00,1.39,-0.24,-1.47,350.19,-46.15,2.04
2026-05-14 23:09:00+00:00,1.85,-0.46,-1.38,345.90,-35.92,2.35
2026-05-14 23:10:00+00:00,1.76,-0.55,-1.31,342.63,-35.41,2.26
2026-05-14 23:11:00+00:00,1.81,-0.72,-1.25,338.38,-32.57,2.32
2026-05-14 23:12:00+00:00,2.09,-0.78,-1.02,339.56,-24.62,2.45
2026-05-14 23:13:00+00:00,2.33,-0.91,-0.53,338.61,-11.90,2.55
2026-05-14 23:14:00+00:00,2.74,-1.27,-1.13,335.14,-20.44,3.23
2026-05-14 23:15:00+00:00,3.86,-1.81,-1.77,334.90,-22.49,4.62
2026-05-14 23:16:00+00:00,4.01,-1.89,-1.59,334.70,-19.70,4.71
2026-05-14 23:17:00+00:00,3.78,-1.93,-1.38,332.91,-18.07,4.46
2026-05-14 23:18:00+00:00,3.56,-1.95,-1.36,331.26,-18.51,4.28
2026-05-14 23:19:00+00:00,2.62,-1.71,-0.63,326.89,-11.42,3.19
2026-05-14 23:20:00+00:00,1.89,-1.45,-0.21,322.50,-5.08,2.40
2026-05-14 23:21:00+00:00,1.46,-1.18,-0.05,321.10,-1.63,1.88
2026-05-14 23:22:00+00:00,3.02,-1.40,-2.14,335.04,-32.75,3.96
2026-05-14 23:23:00+00:00,3.91,-1.71,-3.32,336.34,-37.87,5.41
2026-05-14 23:24:00+00:00,3.59,-1.78,-3.31,333.61,-39.55,5.19
2026-05-14 23:25:00+00:00,3.01,-1.39,-2.84,335.16,-40.58,4.37
2026-05-14 23:26:00+00:00,3.77,-1.59,-3.32,337.08,-39.06,5.27
2026-05-14 23:27:00+00:00,4.05,-1.58,-3.48,338.65,-38.65,5.57
2026-05-14 23:28:00+00:00,3.88,-1.59,-3.68,337.79,-41.26,5.58
2026-05-14 23:29:00+00:00,3.63,-1.72,-2.33,334.61,-30.16,4.64
2026-05-14 23:30:00+00:00,2.68,-1.54,-2.06,330.19,-33.69,3.72
2026-05-14 23:31:00+00:00,2.47,-1.22,-2.46,333.77,-41.69,3.69
2026-05-14 23:32:00+00:00,2.80,-1.14,-2.66,337.88,-41.35,4.03
2026-05-14 23:33:00+00:00,3.41,-1.35,-2.41,338.46,-33.33,4.39
2026-05-14 23:34:00+00:00,3.59,-1.38,-2.06,339.01,-28.15,4.36
2026-05-14 23:35:00+00:00,4.48,-2.07,-2.35,335.22,-25.45,5.47
2026-05-14 23:36:00+00:00,4.44,-1.92,-2.91,336.63,-31.01,5.64
2026-05-14 23:37:00+00:00,4.84,-2.15,-2.87,336.10,-28.47,6.02
2026-05-14 23:38:00+00:00,5.04,-1.93,-2.84,339.02,-27.76,6.11
2026-05-14 23:39:00+00:00,4.99,-2.02,-2.70,337.98,-26.68,6.02
2026-05-14 23:40:00+00:00,5.03,-1.85,-2.25,339.80,-22.75,5.81
2026-05-14 23:41:00+00:00,5.03,-1.86,-2.25,339.68,-22.75,5.82
2026-05-14 23:42:00+00:00,5.09,-1.98,-2.09,338.77,-20.90,5.84
2026-05-14 23:43:00+00:00,5.18,-2.00,-2.03,338.83,-20.09,5.91
2026-05-14 23:44:00+00:00,5.16,-1.78,-2.20,340.94,-21.94,5.89
2026-05-14 23:45:00+00:00,5.28,-1.58,-2.28,343.37,-22.46,5.96
2026-05-14 23:46:00+00:00,5.36,-1.66,-2.08,342.83,-20.38,5.98
2026-05-14 23:47:00+00:00,5.31,-1.69,-2.05,342.30,-20.21,5.93
2026-05-14 23:48:00+00:00,5.32,-1.55,-2.07,343.78,-20.46,5.92
2026-05-14 23:49:00+00:00,5.23,-1.56,-2.06,343.42,-20.68,5.84
2026-05-14 23:50:00+00:00,5.23,-1.53,-2.08,343.71,-20.89,5.84
2026-05-14 23:51:00+00:00,5.39,-1.44,-2.10,345.05,-20.61,5.96
2026-05-14 23:52:00+00:00,5.38,-1.41,-2.04,345.32,-20.12,5.93
2026-05-14 23:53:00+00:00,5.43,-1.43,-1.98,345.28,-19.38,5.95
2026-05-14 23:54:00+00:00,5.45,-1.42,-1.94,345.37,-18.97,5.96
2026-05-14 23:55:00+00:00,5.43,-1.51,-1.68,344.43,-16.59,5.89
2026-05-14 23:56:00+00:00,5.52,-1.36,-1.47,346.11,-14.54,5.87
2026-05-14 23:57:00+00:00,5.39,-1.42,-0.69,345.22,-7.05,5.62
2026-05-14 23:58:00+00:00,5.30,-1.44,-0.52,344.82,-5.44,5.52
2026-05-14 23:59:00+00:00,5.26,-1.30,-0.56,346.16,-5.92,5.45
2026-05-15 00:00:00+00:00,5.40,-1.33,-0.57,346.19,-5.90,5.59
2026-05-15 00:01:00+00:00,5.54,-1.21,-0.36,347.69,-3.66,5.68
2026-05-15 00:02:00+00:00,5.70,-1.07,-0.32,349.38,-3.13,5.80
2026-05-15 00:03:00+00:00,5.68,-1.10,-0.36,349.03,-3.61,5.80
2026-05-15 00:04:00+00:00,5.59,-1.18,-0.37,348.06,-3.69,5.73
2026-05-15 00:05:00+00:00,5.53,-1.35,-0.40,346.27,-4.06,5.71
2026-05-15 00:06:00+00:00,5.37,-1.47,-0.84,344.72,-8.53,5.63
2026-05-15 00:07:00+00:00,4.55,-0.86,1.48,349.33,17.69,4.86
2026-05-15 00:08:00+00:00,4.51,-1.30,1.50,343.90,17.73,4.93
2026-05-15 00:09:00+00:00,4.99,-1.34,1.94,344.94,20.60,5.52
2026-05-15 00:10:00+00:00,5.06,-0.65,2.15,352.73,22.86,5.54
2026-05-15 00:11:00+00:00,4.92,-0.03,2.59,359.63,27.71,5.56
2026-05-15 00:12:00+00:00,4.91,-0.21,2.73,357.51,29.11,5.62
2026-05-15 00:13:00+00:00,4.04,-0.02,3.26,359.75,38.86,5.19
2026-05-15 00:14:00+00:00,3.99,-0.80,3.02,348.69,36.55,5.06
2026-05-15 00:15:00+00:00,4.45,-0.35,3.25,355.54,36.09,5.52
2026-05-15 00:16:00+00:00,4.89,-0.02,2.31,359.79,25.29,5.41
2026-05-15 00:17:00+00:00,4.12,-0.55,3.44,352.35,39.60,5.39
2026-05-15 00:18:00+00:00,3.85,-0.30,3.90,355.50,45.24,5.49
2026-05-15 00:19:00+00:00,3.91,0.40,3.74,5.79,43.54,5.43
2026-05-15 00:20:00+00:00,3.52,0.62,3.94,10.05,47.82,5.32
2026-05-15 00:21:00+00:00,3.13,1.36,3.95,23.45,49.24,5.22
2026-05-15 00:22:00+00:00,3.13,1.25,3.87,21.78,48.99,5.13
2026-05-15 00:23:00+00:00,4.10,-0.13,2.75,358.17,33.79,4.94
2026-05-15 00:24:00+00:00,4.76,-0.63,1.52,352.49,17.59,5.04
2026-05-15 00:25:00+00:00,5.39,-1.15,0.24,347.94,2.54,5.51
2026-05-15 00:26:00+00:00,5.09,-0.86,1.63,350.46,17.53,5.42
2026-05-15 00:27:00+00:00,4.97,-0.78,1.70,351.14,18.63,5.31
2026-05-15 00:28:00+00:00,4.91,-1.36,1.41,344.51,15.43,5.28
2026-05-15 00:29:00+00:00,5.05,-0.99,0.70,348.93,7.71,5.19
2026-05-15 00:30:00+00:00,5.16,-0.95,0.39,349.59,4.22,5.26
2026-05-15 00:31:00+00:00,5.23,-1.46,-1.92,344.44,-19.51,5.76
2026-05-15 00:32:00+00:00,5.31,-1.54,-2.26,343.87,-22.24,5.97
2026-05-15 00:33:00+00:00,5.04,-1.70,-2.25,341.31,-22.92,5.78
2026-05-15 00:34:00+00:00,4.78,-1.55,-2.41,342.03,-25.65,5.57
2026-05-15 00:35:00+00:00,5.03,-1.68,-2.60,341.55,-26.10,5.91
2026-05-15 00:36:00+00:00,4.96,-1.62,-2.92,341.96,-29.23,5.98
2026-05-15 00:37:00+00:00,4.33,-1.45,-2.82,341.48,-31.66,5.37
2026-05-15 00:38:00+00:00,4.76,-1.52,-2.89,342.27,-30.04,5.77
2026-05-15 00:39:00+00:00,4.63,-1.44,-3.17,342.72,-33.21,5.79
2026-05-15 00:40:00+00:00,4.74,-1.60,-3.16,341.31,-32.31,5.92
2026-05-15 00:41:00+00:00,4.97,-1.30,-2.81,345.34,-28.66,5.85
2026-05-15 00:42:00+00:00,4.86,-2.02,-2.75,337.39,-27.58,5.94
2026-05-15 00:43:00+00:00,5.01,-1.63,-2.54,341.97,-25.70,5.85
2026-05-15 00:44:00+00:00,4.81,-1.57,-2.77,341.90,-28.71,5.77
2026-05-15 00:45:00+00:00,4.50,-0.95,-3.37,348.03,-36.24,5.70
2026-05-15 00:46:00+00:00,4.73,-1.25,-2.62,345.16,-28.16,5.55
2026-05-15 00:47:00+00:00,4.87,-1.34,-2.40,344.61,-25.38,5.59
2026-05-15 00:48:00+00:00,5.20,-1.02,-2.07,348.94,-21.32,5.69
2026-05-15 00:49:00+00:00,5.35,-1.21,-1.64,347.22,-16.64,5.72
2026-05-15 00:50:00+00:00,5.44,-1.21,-1.34,347.51,-13.54,5.74
2026-05-15 00:51:00+00:00,5.03,-1.44,-2.12,343.97,-22.08,5.65
2026-05-15 00:52:00+00:00,4.96,-1.58,-1.97,342.33,-20.75,5.57
2026-05-15 00:53:00+00:00,5.09,-1.76,-1.50,340.92,-15.57,5.59
2026-05-15 00:54:00+00:00,5.12,-1.90,-0.70,339.68,-7.28,5.51
2026-05-15 00:55:00+00:00,4.76,-1.25,1.03,345.30,11.86,5.03
2026-05-15 00:56:00+00:00,4.64,-0.72,3.12,351.20,33.57,5.64
2026-05-15 00:57:00+00:00,4.99,-0.63,2.54,352.82,26.77,5.64
2026-05-15 00:58:00+00:00,5.19,-0.38,2.09,355.80,21.91,5.61
2026-05-15 00:59:00+00:00,4.94,-0.46,2.55,354.73,27.15,5.58
2026-05-15 01:00:00+00:00,4.96,-0.65,2.77,352.53,28.94,5.71
2026-05-15 01:01:00+00:00,5.84,-1.50,1.35,345.58,12.62,6.18
2026-05-15 01:02:00+00:00,6.00,-1.53,1.03,345.72,9.42,6.28
2026-05-15 01:03:00+00:00,5.56,-0.58,1.97,354.07,19.42,5.93
2026-05-15 01:04:00+00:00,6.22,-0.99,1.93,351.00,17.04,6.59
2026-05-15 01:05:00+00:00,6.27,-1.56,1.60,345.98,13.91,6.66
2026-05-15 01:06:00+00:00,6.34,-1.70,1.56,344.96,13.34,6.75
2026-05-15 01:07:00+00:00,6.40,-1.71,1.13,345.04,9.73,6.72
2026-05-15 01:08:00+00:00,6.37,-1.78,1.35,344.42,11.54,6.75
2026-05-15 01:09:00+00:00,6.45,-1.67,1.26,345.51,10.71,6.78
2026-05-15 01:10:00+00:00,6.52,-1.54,0.98,346.68,8.32,6.77
2026-05-15 01:11:00+00:00,6.45,-1.68,0.85,345.40,7.23,6.72
2026-05-15 01:12:00+00:00,6.40,-1.59,0.63,346.09,5.43,6.63
2026-05-15 01:13:00+00:00,6.47,-1.73,0.51,345.08,4.39,6.72
2026-05-15 01:14:00+00:00,6.36,-1.96,0.47,342.88,4.01,6.67
2026-05-15 01:15:00+00:00,6.31,-1.84,0.67,343.78,5.85,6.61
2026-05-15 01:16:00+00:00,6.35,-1.79,0.61,344.29,5.30,6.62
2026-05-15 01:17:00+00:00,6.35,-1.70,0.34,345.06,2.93,6.58
2026-05-15 01:18:00+00:00,6.25,-1.90,0.06,343.12,0.51,6.53
2026-05-15 01:19:00+00:00,6.29,-1.92,-0.11,343.05,-0.94,6.58
2026-05-15 01:20:00+00:00,6.32,-2.03,0.29,342.18,2.49,6.64
2026-05-15 01:21:00+00:00,6.19,-2.10,-0.15,341.28,-1.33,6.54
2026-05-15 01:22:00+00:00,6.28,-1.86,-0.42,343.48,-3.66,6.57
2026-05-15 01:23:00+00:00,6.29,-1.82,-0.10,343.83,-0.84,6.55
2026-05-15 01:24:00+00:00,6.24,-1.94,0.02,342.71,0.16,6.54
2026-05-15 01:25:00+00:00,6.21,-2.05,0.12,341.71,1.08,6.54
2026-05-15 01:26:00+00:00,6.22,-2.03,0.34,341.95,2.94,6.55
2026-05-15 01:27:00+00:00,6.26,-2.11,0.36,341.32,3.11,6.61
2026-05-15 01:28:00+00:00,6.26,-2.19,0.74,340.74,6.36,6.68
2026-05-15 01:29:00+00:00,6.45,-1.74,0.28,344.88,2.44,6.69
2026-05-15 01:30:00+00:00,6.53,-1.33,-0.52,348.48,-4.43,6.68
2026-05-15 01:31:00+00:00,6.53,-1.25,-0.57,349.16,-4.94,6.67
2026-05-15 01:32:00+00:00,6.49,-1.12,-1.38,350.26,-11.82,6.73
2026-05-15 01:33:00+00:00,6.52,-1.38,-0.53,348.07,-4.57,6.68
2026-05-15 01:34:00+00:00,6.10,-2.20,0.88,340.14,7.74,6.55
2026-05-15 01:35:00+00:00,5.36,-2.41,1.81,335.77,17.16,6.15
2026-05-15 01:36:00+00:00,5.40,-2.46,1.83,335.48,17.15,6.21
2026-05-15 01:37:00+00:00,5.57,-2.06,1.03,339.67,9.80,6.03
2026-05-15 01:38:00+00:00,5.51,-1.93,1.99,340.65,18.86,6.17
2026-05-15 01:39:00+00:00,5.70,-2.16,1.52,339.24,13.95,6.28
2026-05-15 01:40:00+00:00,5.96,-2.53,1.78,336.97,15.33,6.72
2026-05-15 01:41:00+00:00,5.22,-2.15,2.59,337.60,24.59,6.21
2026-05-15 01:42:00+00:00,3.54,-2.03,4.55,330.15,48.07,6.11
2026-05-15 01:43:00+00:00,3.93,-2.52,3.93,327.33,40.10,6.10
2026-05-15 01:44:00+00:00,4.42,-2.48,3.49,330.68,34.54,6.15
2026-05-15 01:45:00+00:00,3.66,-2.32,4.21,327.59,44.18,6.04
2026-05-15 01:46:00+00:00,4.62,-2.95,2.79,327.44,26.96,6.16
2026-05-15 01:47:00+00:00,2.81,-1.81,4.53,327.15,53.59,5.63
2026-05-15 01:48:00+00:00,1.09,-1.02,6.96,316.99,77.89,7.12
2026-05-15 01:49:00+00:00,0.91,-2.09,7.01,293.56,71.96,7.37
2026-05-15 01:50:00+00:00,1.45,-1.89,6.92,307.48,71.04,7.32
2026-05-15 01:51:00+00:00,0.78,-2.48,6.99,287.41,69.63,7.45
2026-05-15 01:52:00+00:00,1.14,-3.90,6.52,286.30,58.04,7.68
2026-05-15 01:53:00+00:00,1.26,-4.58,5.95,285.43,51.37,7.62
2026-05-15 01:54:00+00:00,2.23,-4.07,5.52,298.71,49.95,7.21
2026-05-15 01:55:00+00:00,2.06,-4.03,5.39,297.13,49.98,7.04
2026-05-15 01:56:00+00:00,2.89,-3.35,5.30,310.74,50.14,6.90
2026-05-15 01:57:00+00:00,3.10,-3.09,5.36,315.11,50.77,6.92
2026-05-15 01:58:00+00:00,3.26,-2.77,5.36,319.65,51.43,6.86
2026-05-15 01:59:00+00:00,3.36,-2.61,5.50,322.21,52.28,6.95
2026-05-15 02:00:00+00:00,3.27,-2.76,5.73,319.86,53.25,7.15
2026-05-15 02:01:00+00:00,3.45,-2.74,6.11,321.55,54.22,7.53
2026-05-15 02:02:00+00:00,3.79,-3.20,5.22,319.84,46.48,7.20
2026-05-15 02:03:00+00:00,4.35,-3.44,4.20,321.65,37.12,6.96
2026-05-15 02:04:00+00:00,3.59,-2.70,5.24,323.02,49.40,6.91
2026-05-15 02:05:00+00:00,4.05,-3.56,4.50,318.67,39.90,7.02
2026-05-15 02:06:00+00:00,3.91,-3.42,4.94,318.86,43.52,7.17
2026-05-15 02:07:00+00:00,5.10,-3.46,3.54,325.81,29.88,7.11
2026-05-15 02:08:00+00:00,5.78,-3.73,2.31,327.16,18.54,7.25
2026-05-15 02:09:00+00:00,6.19,-3.49,1.52,330.56,12.06,7.27
2026-05-15 02:10:00+00:00,6.17,-3.53,2.08,330.19,16.30,7.41
2026-05-15 02:11:00+00:00,6.12,-3.50,2.04,330.25,16.12,7.34
2026-05-15 02:12:00+00:00,6.00,-3.29,2.21,331.25,17.91,7.19
2026-05-15 02:13:00+00:00,5.77,-3.94,1.33,325.65,10.79,7.11
2026-05-15 02:14:00+00:00,5.76,-3.83,0.69,326.36,5.66,6.95
2026-05-15 02:15:00+00:00,5.86,-3.80,-0.54,327.05,-4.46,7.01
2026-05-15 02:16:00+00:00,5.57,-4.04,-0.64,324.02,-5.33,6.91
2026-05-15 02:17:00+00:00,5.87,-4.31,0.31,323.74,2.44,7.29
2026-05-15 02:18:00+00:00,5.88,-4.04,0.36,325.48,2.86,7.14
2026-05-15 02:19:00+00:00,5.89,-3.92,1.13,326.33,9.05,7.16
2026-05-15 02:20:00+00:00,6.09,-3.70,1.54,328.73,12.17,7.29
2026-05-15 02:21:00+00:00,6.55,-3.75,1.53,330.20,11.44,7.70
2026-05-15 02:22:00+00:00,6.72,-3.22,2.58,334.39,19.08,7.89
2026-05-15 02:23:00+00:00,6.46,-2.90,3.35,335.81,25.34,7.84
2026-05-15 02:24:00+00:00,6.75,-3.07,2.64,335.59,19.61,7.87
2026-05-15 02:25:00+00:00,6.90,-3.12,2.44,335.67,17.85,7.95
2026-05-15 02:26:00+00:00,7.01,-3.22,2.21,335.33,16.02,8.03
2026-05-15 02:27:00+00:00,6.72,-3.51,2.47,332.40,18.06,7.98
2026-05-15 02:28:00+00:00,6.57,-3.59,2.65,331.30,19.46,7.94
2026-05-15 02:29:00+00:00,6.92,-3.40,2.16,333.85,15.63,8.00
2026-05-15 02:30:00+00:00,6.54,-3.59,3.09,331.26,22.49,8.07
2026-05-15 02:31:00+00:00,6.36,-3.59,3.46,330.55,25.35,8.08
2026-05-15 02:32:00+00:00,6.77,-3.74,2.50,331.09,17.90,8.13
2026-05-15 02:33:00+00:00,6.87,-3.88,2.11,330.54,14.97,8.17
2026-05-15 02:34:00+00:00,6.44,-3.77,3.15,329.66,22.92,8.10
2026-05-15 02:35:00+00:00,6.21,-3.69,3.77,329.31,27.53,8.15
2026-05-15 02:36:00+00:00,5.90,-3.83,4.24,327.00,31.09,8.21
2026-05-15 02:37:00+00:00,6.08,-3.85,3.93,327.62,28.66,8.20
2026-05-15 02:38:00+00:00,5.97,-3.87,4.26,327.00,30.90,8.29
2026-05-15 02:39:00+00:00,6.35,-3.80,3.91,329.08,27.86,8.37
2026-05-15 02:40:00+00:00,6.24,-3.58,4.26,330.14,30.63,8.36
2026-05-15 02:41:00+00:00,6.49,-3.18,4.19,333.89,30.11,8.35
2026-05-15 02:42:00+00:00,6.46,-3.26,4.22,333.22,30.24,8.38
2026-05-15 02:43:00+00:00,6.78,-2.99,3.80,336.20,27.16,8.32
2026-05-15 02:44:00+00:00,6.74,-3.16,3.68,334.85,26.33,8.31
2026-05-15 02:45:00+00:00,5.07,-3.49,5.42,325.49,41.33,8.20
2026-05-15 02:46:00+00:00,5.31,-3.70,5.06,325.17,38.02,8.22
2026-05-15 02:47:00+00:00,5.64,-3.55,4.71,327.79,35.25,8.16
2026-05-15 02:48:00+00:00,6.31,-3.33,3.99,332.18,29.22,8.18
2026-05-15 02:49:00+00:00,6.48,-3.35,4.26,332.65,30.29,8.45
2026-05-15 02:50:00+00:00,6.66,-3.17,4.22,334.56,29.78,8.50
2026-05-15 02:51:00+00:00,6.62,-3.22,3.84,334.03,27.52,8.30
2026-05-15 02:52:00+00:00,6.88,-2.87,3.83,337.34,27.16,8.38
2026-05-15 02:53:00+00:00,6.48,-2.52,4.16,338.74,30.94,8.10
2026-05-15 02:54:00+00:00,5.77,-2.91,4.77,333.24,36.39,8.03
2026-05-15 02:55:00+00:00,5.83,-3.22,4.55,331.10,34.32,8.06
2026-05-15 02:56:00+00:00,5.09,-4.51,4.57,318.44,33.93,8.19
2026-05-15 02:57:00+00:00,4.95,-4.77,4.42,316.03,32.74,8.17
2026-05-15 02:58:00+00:00,4.95,-4.29,4.83,319.08,36.42,8.14
2026-05-15 02:59:00+00:00,4.21,-4.52,5.71,312.94,42.75,8.41
2026-05-15 03:00:00+00:00,4.15,-5.08,5.33,309.30,39.08,8.45
2026-05-15 03:01:00+00:00,4.88,-5.22,4.44,313.06,31.86,8.42
2026-05-15 03:02:00+00:00,5.13,-5.12,4.49,315.08,31.77,8.53
2026-05-15 03:03:00+00:00,5.28,-4.69,4.59,318.42,33.01,8.42
2026-05-15 03:04:00+00:00,5.03,-4.64,4.83,317.31,35.21,8.38
2026-05-15 03:05:00+00:00,4.89,-4.50,4.96,317.35,36.75,8.30
2026-05-15 03:06:00+00:00,4.51,-4.49,5.67,315.12,41.68,8.52
2026-05-15 03:07:00+00:00,3.28,-4.01,6.94,309.29,53.25,8.66
2026-05-15 03:08:00+00:00,2.95,-4.37,6.95,303.97,52.78,8.72
2026-05-15 03:09:00+00:00,3.43,-4.37,6.80,308.15,50.73,8.79
2026-05-15 03:10:00+00:00,2.69,-4.61,7.06,300.26,52.92,8.85
2026-05-15 03:11:00+00:00,3.06,-4.17,7.07,306.29,53.76,8.76
2026-05-15 03:12:00+00:00,3.20,-4.16,7.03,307.52,53.25,8.77
2026-05-15 03:13:00+00:00,3.51,-4.01,7.35,311.22,54.06,9.08
2026-05-15 03:14:00+00:00,2.91,-3.72,7.30,307.98,57.10,8.69
2026-05-15 03:15:00+00:00,2.81,-4.62,6.92,301.31,52.01,8.78
2026-05-15 03:16:00+00:00,3.44,-3.72,7.03,312.77,54.21,8.66
2026-05-15 03:17:00+00:00,3.47,-4.03,7.29,310.76,53.89,9.03
2026-05-15 03:18:00+00:00,3.68,-3.54,6.98,316.11,53.83,8.65
2026-05-15 03:19:00+00:00,2.94,-3.89,7.18,307.09,55.79,8.68
2026-05-15 03:20:00+00:00,2.80,-3.84,7.41,306.09,57.37,8.80
2026-05-15 03:21:00+00:00,1.79,-4.24,7.65,292.83,58.98,8.93
2026-05-15 03:22:00+00:00,5.55,-0.82,7.08,351.61,51.61,9.04
2026-05-15 03:23:00+00:00,5.79,-0.26,7.33,357.43,51.63,9.34
2026-05-15 03:24:00+00:00,5.67,0.16,7.49,1.66,52.87,9.39
2026-05-15 03:25:00+00:00,5.09,-0.32,7.81,356.45,56.82,9.33
2026-05-15 03:26:00+00:00,5.15,-1.17,7.88,347.23,56.16,9.49
2026-05-15 03:27:00+00:00,5.36,-0.80,7.60,351.47,54.51,9.34
2026-05-15 03:28:00+00:00,5.47,-0.23,7.56,357.54,54.06,9.34
2026-05-15 03:29:00+00:00,5.26,1.86,7.30,19.45,52.59,9.19
2026-05-15 03:30:00+00:00,5.19,0.33,7.77,3.63,56.20,9.35
2026-05-15 03:31:00+00:00,3.09,-0.85,8.96,344.66,70.35,9.52
2026-05-15 03:32:00+00:00,2.99,-0.89,9.26,343.42,71.36,9.77
2026-05-15 03:33:00+00:00,2.27,-1.77,9.41,322.01,73.01,9.84
2026-05-15 03:34:00+00:00,6.77,-1.87,5.40,344.54,37.55,8.86
2026-05-15 03:35:00+00:00,8.77,-2.35,2.64,344.98,16.20,9.46
2026-05-15 03:36:00+00:00,8.89,-2.55,1.15,343.97,7.06,9.32
2026-05-15 03:37:00+00:00,8.72,-3.74,-0.42,336.76,-2.53,9.50
2026-05-15 03:38:00+00:00,8.98,-2.80,0.43,342.66,2.62,9.42
2026-05-15 03:39:00+00:00,8.89,-3.02,-0.23,341.26,-1.39,9.39
2026-05-15 03:40:00+00:00,9.08,-3.21,1.88,340.55,11.03,9.81
2026-05-15 03:41:00+00:00,8.76,-3.13,2.68,340.31,16.05,9.68
2026-05-15 03:42:00+00:00,8.80,-2.89,2.81,341.84,16.86,9.67
2026-05-15 03:43:00+00:00,8.90,-2.46,2.78,344.56,16.74,9.64
2026-05-15 03:44:00+00:00,9.07,-2.68,1.41,343.55,8.46,9.56
2026-05-15 03:45:00+00:00,9.19,-2.79,1.27,343.11,7.54,9.69
2026-05-15 03:46:00+00:00,9.23,-2.35,1.75,345.70,10.44,9.68
2026-05-15 03:47:00+00:00,9.35,-1.41,2.07,351.42,12.37,9.68
2026-05-15 03:48:00+00:00,9.19,-0.26,2.29,358.37,13.98,9.47
2026-05-15 03:49:00+00:00,9.09,-0.25,2.05,358.45,12.70,9.32
2026-05-15 03:50:00+00:00,9.26,-0.89,2.07,354.54,12.52,9.53
2026-05-15 03:51:00+00:00,9.51,-0.66,1.32,356.04,7.89,9.62
2026-05-15 03:52:00+00:00,9.28,-1.74,0.08,349.40,0.50,9.44
2026-05-15 03:53:00+00:00,8.75,-0.17,3.46,358.90,21.57,9.42
2026-05-15 03:54:00+00:00,8.80,0.89,3.84,5.76,23.44,9.64
2026-05-15 03:55:00+00:00,9.04,0.50,3.26,3.19,19.81,9.62
2026-05-15 03:56:00+00:00,9.30,0.22,2.32,1.38,14.02,9.59
2026-05-15 03:57:00+00:00,9.39,-0.04,2.02,359.73,12.13,9.60
2026-05-15 03:58:00+00:00,9.36,-0.11,1.65,359.35,10.02,9.51
2026-05-15 04:00:00+00:00,9.42,-0.23,2.23,358.60,13.32,9.69
2026-05-15 04:01:00+00:00,9.39,0.20,2.24,1.20,13.40,9.66
2026-05-15 04:02:00+00:00,9.47,-0.26,1.58,358.45,9.47,9.60
2026-05-15 04:03:00+00:00,9.51,-0.29,1.28,358.28,7.68,9.61
2026-05-15 04:04:00+00:00,9.54,-0.96,0.57,354.25,3.43,9.61
2026-05-15 04:05:00+00:00,9.59,-0.97,1.29,354.22,7.60,9.73
2026-05-15 04:06:00+00:00,9.62,-0.81,2.09,355.21,12.23,9.88
2026-05-15 04:07:00+00:00,9.70,-0.38,1.30,357.77,7.66,9.79
2026-05-15 04:08:00+00:00,9.73,-0.27,1.24,358.43,7.26,9.81
2026-05-15 04:09:00+00:00,9.49,-0.95,2.49,354.25,14.66,9.86
2026-05-15 04:10:00+00:00,9.78,-0.97,1.06,354.32,6.16,9.89
2026-05-15 04:11:00+00:00,9.87,-1.18,0.45,353.19,2.59,9.95
2026-05-15 04:12:00+00:00,10.07,-0.80,0.70,355.44,3.96,10.12
2026-05-15 04:13:00+00:00,9.93,-1.65,0.98,350.59,5.58,10.11
2026-05-15 04:14:00+00:00,9.90,-1.77,0.84,349.86,4.79,10.09
2026-05-15 04:15:00+00:00,9.92,-1.10,0.91,353.69,5.22,10.02
2026-05-15 04:16:00+00:00,9.94,-0.97,0.87,354.45,4.99,10.03
2026-05-15 04:17:00+00:00,9.95,-1.00,0.80,354.24,4.55,10.04
2026-05-15 04:18:00+00:00,9.94,-0.86,0.51,355.03,2.95,9.99
2026-05-15 04:19:00+00:00,9.92,-1.02,0.49,354.11,2.82,9.99
2026-05-15 04:20:00+00:00,9.96,-1.27,0.35,352.72,1.97,10.05
2026-05-15 04:21:00+00:00,10.06,-1.04,0.19,354.09,1.09,10.11
2026-05-15 04:22:00+00:00,10.05,-0.98,0.18,354.45,1.03,10.10
2026-05-15 04:23:00+00:00,10.03,-1.05,0.23,354.00,1.32,10.08
2026-05-15 04:24:00+00:00,10.04,-1.68,0.23,350.49,1.27,10.18
2026-05-15 04:25:00+00:00,10.01,-1.78,0.09,349.91,0.51,10.17
2026-05-15 04:26:00+00:00,10.06,-1.64,0.09,350.72,0.52,10.19
2026-05-15 04:27:00+00:00,10.01,-1.60,-0.04,350.91,-0.22,10.14
2026-05-15 04:28:00+00:00,9.97,-1.81,0.03,349.73,0.15,10.14
2026-05-15 04:29:00+00:00,9.93,-1.84,0.07,349.51,0.42,10.10
2026-05-15 04:30:00+00:00,9.81,-1.56,0.57,350.97,3.28,9.95
2026-05-15 04:31:00+00:00,9.80,-1.75,0.20,349.88,1.16,9.96
2026-05-15 04:32:00+00:00,9.82,-1.93,-0.08,348.87,-0.47,10.01
2026-05-15 04:33:00+00:00,9.85,-2.20,-0.25,347.41,-1.40,10.10
2026-05-15 04:34:00+00:00,10.01,-2.28,-0.43,347.15,-2.37,10.28
2026-05-15 04:35:00+00:00,9.93,-2.33,-1.09,346.82,-6.08,10.26
2026-05-15 04:36:00+00:00,9.36,-3.11,-0.62,341.63,-3.59,9.88
2026-05-15 04:37:00+00:00,8.97,-3.43,-0.02,339.05,-0.14,9.60
2026-05-15 04:38:00+00:00,9.03,-3.22,-0.22,340.38,-1.29,9.59
2026-05-15 04:39:00+00:00,9.01,-3.09,-0.36,341.08,-2.18,9.54
2026-05-15 04:40:00+00:00,9.13,-2.69,-0.54,343.59,-3.25,9.53
2026-05-15 04:41:00+00:00,8.88,-3.14,-0.89,340.54,-5.38,9.46
2026-05-15 04:42:00+00:00,8.55,-3.62,-0.97,337.04,-5.99,9.34
2026-05-15 04:43:00+00:00,8.70,-2.98,-1.53,341.11,-9.47,9.32
2026-05-15 04:44:00+00:00,8.58,-2.81,-2.35,341.86,-14.60,9.33
2026-05-15 04:45:00+00:00,8.35,-3.16,1.22,339.27,7.77,9.01
2026-05-15 04:46:00+00:00,8.29,-2.81,1.74,341.25,11.24,8.92
2026-05-15 04:47:00+00:00,8.82,-1.05,0.41,353.21,2.63,8.89
2026-05-15 04:48:00+00:00,8.82,-0.85,1.05,354.47,6.74,8.92
2026-05-15 04:49:00+00:00,8.54,-1.11,2.15,352.60,14.00,8.88
2026-05-15 04:50:00+00:00,8.54,-1.47,2.03,350.25,13.16,8.90
2026-05-15 04:51:00+00:00,8.05,-0.09,2.56,359.37,17.67,8.45
2026-05-15 04:52:00+00:00,7.93,-2.94,2.72,339.67,17.84,8.88
2026-05-15 04:53:00+00:00,7.86,-2.45,2.28,342.70,15.51,8.54
2026-05-15 04:54:00+00:00,8.61,0.81,0.17,5.39,1.13,8.65
2026-05-15 04:55:00+00:00,8.49,0.49,-0.37,3.28,-2.51,8.51
2026-05-15 04:56:00+00:00,8.26,-1.41,1.27,350.29,8.65,8.47
2026-05-15 04:57:00+00:00,8.21,-2.07,1.94,345.83,12.92,8.69
2026-05-15 04:58:00+00:00,8.18,-2.59,2.24,342.43,14.65,8.87
2026-05-15 04:59:00+00:00,8.05,-3.49,0.20,336.53,1.27,8.78
2026-05-15 05:00:00+00:00,8.18,-3.31,1.06,337.99,6.83,8.88
2026-05-15 05:01:00+00:00,7.36,-3.50,1.87,334.57,12.94,8.36
2026-05-15 05:02:00+00:00,7.53,-3.58,1.55,334.60,10.52,8.48
2026-05-15 05:03:00+00:00,7.55,-3.65,1.29,334.18,8.73,8.49
2026-05-15 05:04:00+00:00,7.70,-3.78,1.18,333.85,7.83,8.65
2026-05-15 05:05:00+00:00,7.90,-3.85,-0.07,334.03,-0.45,8.79
2026-05-15 05:06:00+00:00,7.91,-3.98,-0.44,333.30,-2.85,8.86
2026-05-15 05:07:00+00:00,7.86,-4.02,-0.31,332.89,-2.00,8.83
2026-05-15 05:08:00+00:00,8.05,-4.22,-0.14,332.33,-0.87,9.09
2026-05-15 05:09:00+00:00,7.97,-4.41,-0.17,331.05,-1.05,9.11
2026-05-15 05:10:00+00:00,7.26,-4.63,1.11,327.49,7.35,8.68
2026-05-15 05:11:00+00:00,6.80,-5.15,1.42,322.89,9.48,8.65
2026-05-15 05:12:00+00:00,7.69,-3.99,-0.38,332.56,-2.49,8.67
2026-05-15 05:13:00+00:00,7.38,-4.28,1.18,329.89,7.91,8.61
2026-05-15 05:14:00+00:00,7.39,-4.64,0.17,327.90,1.12,8.73
2026-05-15 05:15:00+00:00,7.22,-5.01,-0.32,325.25,-2.09,8.80
2026-05-15 05:16:00+00:00,6.81,-5.57,-0.73,320.73,-4.77,8.83
2026-05-15 05:17:00+00:00,7.01,-5.47,-0.82,322.05,-5.24,8.93
2026-05-15 05:18:00+00:00,7.06,-5.67,-0.96,321.24,-6.05,9.11
2026-05-15 05:19:00+00:00,7.71,-5.49,-0.89,324.55,-5.37,9.51
2026-05-15 05:20:00+00:00,7.86,-5.33,-0.76,325.85,-4.55,9.53
2026-05-15 05:21:00+00:00,7.93,-5.29,-0.59,326.27,-3.57,9.55
2026-05-15 05:22:00+00:00,7.91,-5.29,-0.59,326.21,-3.56,9.53
2026-05-15 05:23:00+00:00,8.19,-5.22,-0.38,327.51,-2.25,9.72
2026-05-15 05:24:00+00:00,8.08,-5.31,-0.40,326.69,-2.36,9.68
2026-05-15 05:25:00+00:00,7.87,-4.96,-1.26,327.79,-7.74,9.39
2026-05-15 05:26:00+00:00,7.60,-5.20,-0.97,325.62,-6.02,9.26
2026-05-15 05:27:00+00:00,7.52,-5.18,-1.42,325.45,-8.84,9.24
2026-05-15 05:28:00+00:00,7.67,-5.30,-1.14,325.39,-6.96,9.39
2026-05-15 05:29:00+00:00,7.86,-5.24,-1.23,326.33,-7.40,9.52
2026-05-15 05:30:00+00:00,7.83,-5.21,-1.21,326.38,-7.30,9.49
2026-05-15 05:31:00+00:00,7.76,-5.23,-1.43,326.01,-8.68,9.47
2026-05-15 05:32:00+00:00,7.70,-5.30,-1.82,325.45,-11.03,9.53
2026-05-15 05:33:00+00:00,7.70,-5.27,-1.93,325.63,-11.68,9.53
2026-05-15 05:34:00+00:00,7.60,-5.18,-2.16,325.74,-13.20,9.45
2026-05-15 05:35:00+00:00,7.55,-5.20,-2.26,325.44,-13.87,9.45
2026-05-15 05:36:00+00:00,7.52,-5.27,-2.01,324.96,-12.33,9.40
2026-05-15 05:37:00+00:00,7.29,-5.48,-2.01,323.07,-12.43,9.34
2026-05-15 05:38:00+00:00,7.24,-5.50,-2.15,322.79,-13.29,9.34
2026-05-15 05:39:00+00:00,7.30,-5.50,-2.61,323.02,-15.94,9.50
2026-05-15 05:40:00+00:00,7.34,-6.13,-2.57,320.12,-15.05,9.90
2026-05-15 05:41:00+00:00,7.58,-6.07,-1.36,321.29,-7.95,9.80
2026-05-15 05:42:00+00:00,7.95,-5.99,-1.07,323.00,-6.12,10.01
2026-05-15 05:43:00+00:00,7.89,-6.13,-1.12,322.19,-6.42,10.06
2026-05-15 05:44:00+00:00,7.88,-6.10,-0.96,322.27,-5.53,10.01
2026-05-15 05:45:00+00:00,7.45,-6.04,-1.21,320.99,-7.19,9.67
2026-05-15 05:46:00+00:00,7.12,-5.80,-1.25,320.82,-7.73,9.26
2026-05-15 05:47:00+00:00,5.56,-4.37,-0.24,321.80,-1.96,7.08
2026-05-15 05:48:00+00:00,5.57,-3.86,0.57,325.29,4.77,6.80
2026-05-15 05:49:00+00:00,5.47,-3.92,0.61,324.38,5.17,6.76
2026-05-15 05:50:00+00:00,5.46,-4.60,-0.18,319.92,-1.48,7.14
2026-05-15 05:51:00+00:00,6.49,-4.67,0.90,324.29,6.41,8.05
2026-05-15 05:52:00+00:00,6.48,-4.12,1.51,327.53,11.15,7.83
2026-05-15 05:53:00+00:00,6.23,-4.23,1.21,325.82,9.16,7.63
2026-05-15 05:54:00+00:00,6.35,-4.39,1.38,325.30,10.16,7.84
2026-05-15 05:55:00+00:00,6.37,-4.37,1.44,325.53,10.54,7.86
2026-05-15 05:56:00+00:00,6.49,-4.39,1.52,325.92,10.96,7.98
2026-05-15 05:57:00+00:00,6.31,-4.23,1.36,326.15,10.13,7.71
2026-05-15 05:58:00+00:00,5.67,-4.00,1.76,324.80,14.28,7.15
2026-05-15 05:59:00+00:00,4.62,-3.53,1.84,322.62,17.54,6.10
2026-05-15 06:00:00+00:00,4.52,-2.99,1.66,326.52,16.98,5.67
2026-05-15 06:01:00+00:00,4.82,-3.05,1.72,327.69,16.81,5.96
2026-05-15 06:02:00+00:00,5.22,-3.65,1.10,324.99,9.77,6.46
2026-05-15 06:03:00+00:00,5.74,-3.40,2.54,329.35,20.86,7.14
2026-05-15 06:04:00+00:00,5.32,-2.88,3.35,331.58,29.00,6.91
2026-05-15 06:05:00+00:00,5.73,-3.25,3.38,330.40,27.15,7.40
2026-05-15 06:06:00+00:00,5.44,-2.90,3.25,331.93,27.81,6.97
2026-05-15 06:07:00+00:00,5.95,-3.75,2.33,327.79,18.36,7.41
2026-05-15 06:08:00+00:00,6.02,-4.24,1.93,324.84,14.67,7.62
2026-05-15 06:09:00+00:00,5.79,-4.13,2.09,324.50,16.36,7.41
2026-05-15 06:10:00+00:00,5.55,-4.08,2.22,323.68,17.84,7.23
2026-05-15 06:11:00+00:00,6.52,-2.51,2.43,338.98,19.15,7.40
2026-05-15 06:12:00+00:00,5.60,-4.26,1.48,322.73,11.90,7.19
2026-05-15 06:13:00+00:00,5.38,-4.18,1.78,322.15,14.61,7.04
2026-05-15 06:14:00+00:00,5.66,-4.19,1.62,323.46,12.98,7.23
2026-05-15 06:15:00+00:00,5.96,-4.12,2.03,325.35,15.66,7.53
2026-05-15 06:16:00+00:00,6.14,-3.85,2.39,327.89,18.25,7.63
2026-05-15 06:17:00+00:00,6.51,-3.78,2.62,329.84,19.22,7.97
2026-05-15 06:18:00+00:00,6.57,-4.03,2.40,328.48,17.27,8.07
2026-05-15 06:19:00+00:00,6.48,-3.87,2.25,329.14,16.59,7.88
2026-05-15 06:20:00+00:00,6.33,-3.87,1.77,328.59,13.39,7.63
2026-05-15 06:21:00+00:00,5.99,-3.83,1.73,327.43,13.68,7.32
2026-05-15 06:22:00+00:00,5.68,-3.76,1.71,326.55,14.13,7.03
2026-05-15 06:23:00+00:00,5.44,-3.78,1.97,325.21,16.60,6.91
2026-05-15 06:24:00+00:00,5.43,-3.88,1.71,324.44,14.40,6.89
2026-05-15 06:25:00+00:00,5.29,-3.92,1.46,323.43,12.48,6.74
2026-05-15 06:26:00+00:00,5.16,-3.84,1.44,323.35,12.62,6.59
2026-05-15 06:27:00+00:00,5.01,-3.62,1.41,324.15,12.82,6.34
2026-05-15 06:28:00+00:00,5.04,-3.88,1.20,322.40,10.67,6.47
2026-05-15 06:29:00+00:00,5.09,-3.62,1.64,324.57,14.73,6.46
2026-05-15 06:30:00+00:00,5.67,-3.90,1.15,325.49,9.44,6.98
2026-05-15 06:31:00+00:00,5.76,-3.43,1.36,329.21,11.44,6.84
2026-05-15 06:32:00+00:00,5.67,-3.24,1.19,330.24,10.31,6.64
2026-05-15 06:33:00+00:00,5.56,-3.68,1.23,326.50,10.49,6.78
2026-05-15 06:34:00+00:00,5.33,-3.75,1.16,324.88,10.11,6.61
2026-05-15 06:35:00+00:00,5.42,-3.76,0.68,325.27,5.89,6.63
2026-05-15 06:36:00+00:00,5.20,-3.86,0.02,323.45,0.14,6.48
2026-05-15 06:37:00+00:00,5.12,-3.76,-0.04,323.76,-0.32,6.35
2026-05-15 06:38:00+00:00,4.28,-3.50,0.38,320.72,3.99,5.54
2026-05-15 06:39:00+00:00,3.81,-3.35,0.45,318.73,5.10,5.09
2026-05-15 06:40:00+00:00,3.99,-3.30,-0.37,320.42,-4.09,5.18
2026-05-15 06:41:00+00:00,4.22,-2.83,-1.15,326.13,-12.77,5.21
2026-05-15 06:42:00+00:00,4.44,-1.85,-1.57,337.41,-18.09,5.06
2026-05-15 06:43:00+00:00,4.47,-1.62,-1.77,340.03,-20.38,5.07
2026-05-15 06:44:00+00:00,4.03,-1.87,-2.30,335.04,-27.39,5.00
2026-05-15 06:45:00+00:00,4.33,-1.36,-2.75,342.60,-31.20,5.30
2026-05-15 06:46:00+00:00,4.68,-1.59,-2.41,341.26,-26.00,5.49
2026-05-15 06:47:00+00:00,4.84,-1.66,-1.71,341.09,-18.44,5.40
2026-05-15 06:48:00+00:00,4.26,-1.71,-3.09,338.15,-33.94,5.53
2026-05-15 06:49:00+00:00,3.98,-1.63,-3.32,337.74,-37.68,5.43
2026-05-15 06:50:00+00:00,4.41,-1.17,-2.78,345.10,-31.35,5.34
2026-05-15 06:51:00+00:00,4.20,-0.77,-3.19,349.63,-36.74,5.33
2026-05-15 06:52:00+00:00,4.55,-1.60,-2.60,340.63,-28.32,5.48
2026-05-15 06:53:00+00:00,4.99,-1.97,-1.77,338.44,-18.31,5.65
2026-05-15 06:54:00+00:00,5.02,-2.21,-1.11,336.23,-11.42,5.60
2026-05-15 06:55:00+00:00,5.46,-2.96,-0.59,331.55,-5.42,6.23
2026-05-15 06:56:00+00:00,6.51,-3.07,-2.25,334.76,-17.34,7.54
2026-05-15 06:57:00+00:00,6.62,-3.34,-1.86,333.25,-14.11,7.64
2026-05-15 06:58:00+00:00,5.85,-2.58,-2.63,336.20,-22.39,6.92
2026-05-15 06:59:00+00:00,5.71,-2.56,-1.83,335.85,-16.29,6.51
2026-05-15 07:00:00+00:00,5.99,-2.40,-2.53,338.21,-21.42,6.93
2026-05-15 07:01:00+00:00,6.67,-1.98,-4.23,343.45,-31.28,8.14
2026-05-15 07:02:00+00:00,6.73,-3.54,-1.09,332.26,-8.18,7.69
2026-05-15 07:03:00+00:00,6.20,-3.60,-1.04,329.84,-8.22,7.24
2026-05-15 07:04:00+00:00,5.75,-3.03,-1.16,332.23,-10.11,6.60
2026-05-15 07:05:00+00:00,5.87,-3.47,-1.41,329.39,-11.65,6.96
2026-05-15 07:06:00+00:00,5.85,-3.61,-1.65,328.35,-13.47,7.07
2026-05-15 07:07:00+00:00,6.08,-3.70,-0.96,328.72,-7.72,7.18
2026-05-15 07:08:00+00:00,5.60,-3.47,-1.52,328.22,-13.00,6.77
2026-05-15 07:09:00+00:00,6.21,-3.49,-1.56,330.69,-12.36,7.29
2026-05-15 07:10:00+00:00,6.14,-3.20,-1.74,332.49,-14.14,7.13
2026-05-15 07:11:00+00:00,5.61,-2.39,-2.06,336.93,-18.70,6.44
2026-05-15 07:12:00+00:00,5.08,-2.00,-2.34,338.49,-23.22,5.94
2026-05-15 07:13:00+00:00,4.51,-2.12,-1.17,334.88,-13.25,5.12
2026-05-15 07:14:00+00:00,3.49,-2.22,1.16,327.46,15.63,4.29
2026-05-15 07:15:00+00:00,2.33,-2.61,3.13,311.71,41.83,4.69
2026-05-15 07:16:00+00:00,1.81,-2.86,4.66,302.29,53.97,5.76
2026-05-15 07:17:00+00:00,2.37,-3.62,7.62,303.22,60.39,8.77
2026-05-15 07:18:00+00:00,5.20,-4.83,7.24,317.11,45.59,10.14
2026-05-15 07:19:00+00:00,8.70,-6.09,5.63,325.03,27.90,12.02
2026-05-15 07:20:00+00:00,8.22,-6.21,7.16,322.92,34.79,12.55
2026-05-15 07:21:00+00:00,8.17,-6.13,7.42,323.10,36.01,12.63
2026-05-15 07:22:00+00:00,8.51,-6.09,7.10,324.43,34.16,12.65
2026-05-15 07:23:00+00:00,7.95,-5.93,7.96,323.26,38.73,12.72
2026-05-15 07:24:00+00:00,7.42,-5.69,8.58,322.50,42.53,12.70
2026-05-15 07:25:00+00:00,6.73,-5.61,9.22,320.20,46.46,12.72
2026-05-15 07:26:00+00:00,6.29,-5.33,9.67,319.71,49.54,12.71
2026-05-15 07:27:00+00:00,7.96,-5.52,7.83,325.28,38.93,12.45
2026-05-15 07:28:00+00:00,8.13,-5.03,7.04,328.25,36.37,11.87
2026-05-15 07:29:00+00:00,8.01,-4.45,6.55,330.95,35.54,11.26
2026-05-15 07:30:00+00:00,7.86,-4.50,6.39,330.21,35.19,11.09
2026-05-15 07:31:00+00:00,8.10,-4.63,6.26,330.22,33.87,11.24
2026-05-15 07:32:00+00:00,7.31,-5.16,8.47,324.78,43.43,12.32
2026-05-15 07:33:00+00:00,7.13,-4.48,9.00,327.84,46.91,12.32
2026-05-15 07:34:00+00:00,7.35,-4.42,8.36,328.97,44.27,11.98
2026-05-15 07:35:00+00:00,7.15,-5.62,8.25,321.86,42.21,12.28
2026-05-15 07:36:00+00:00,5.84,-6.23,9.08,313.15,46.75,12.47
2026-05-15 07:37:00+00:00,6.84,-5.64,8.65,320.47,44.28,12.39
2026-05-15 07:38:00+00:00,6.78,-5.35,8.69,321.71,45.16,12.25
2026-05-15 07:39:00+00:00,6.86,-5.38,8.15,321.89,43.07,11.93
2026-05-15 07:40:00+00:00,6.58,-5.59,8.41,319.66,44.25,12.06
2026-05-15 07:41:00+00:00,6.17,-5.77,7.75,316.95,42.51,11.46
2026-05-15 07:42:00+00:00,6.17,-5.84,8.22,316.57,44.06,11.82
2026-05-15 07:43:00+00:00,5.08,-5.46,8.14,312.91,47.53,11.04
2026-05-15 07:44:00+00:00,4.35,-4.49,6.70,314.11,46.97,9.17
2026-05-15 07:45:00+00:00,3.70,-4.48,2.91,309.56,26.57,6.50
2026-05-15 07:46:00+00:00,1.55,-1.50,4.37,315.96,63.73,4.87
2026-05-15 07:47:00+00:00,3.62,-4.83,5.11,306.83,40.25,7.91
2026-05-15 07:48:00+00:00,5.19,-6.55,8.41,308.36,45.17,11.86
2026-05-15 07:49:00+00:00,5.44,-7.69,5.55,305.26,30.48,10.93
2026-05-15 07:50:00+00:00,4.79,-6.15,5.70,307.94,36.19,9.66
2026-05-15 07:51:00+00:00,3.67,-4.37,6.31,310.04,47.88,8.51
2026-05-15 07:52:00+00:00,4.09,-4.40,5.00,312.91,39.73,7.82
2026-05-15 07:53:00+00:00,4.19,-4.35,5.18,313.99,40.60,7.95
2026-05-15 07:54:00+00:00,3.35,-3.89,6.83,310.75,53.05,8.55
2026-05-15 07:55:00+00:00,2.33,-3.29,7.32,305.27,61.17,8.36
2026-05-15 07:56:00+00:00,2.61,-3.11,7.18,310.06,60.50,8.25
2026-05-15 07:57:00+00:00,1.52,-1.62,8.69,313.14,75.69,8.97
2026-05-15 07:58:00+00:00,2.54,-2.70,7.18,313.22,62.69,8.08
2026-05-15 07:59:00+00:00,3.18,-3.61,6.29,311.36,52.59,7.91
2026-05-15 08:00:00+00:00,3.86,-4.15,5.48,312.92,44.02,7.89
2026-05-15 08:01:00+00:00,4.20,-4.22,5.84,314.89,44.45,8.34
2026-05-15 08:02:00+00:00,4.19,-4.89,6.12,310.61,43.54,8.89
2026-05-15 08:03:00+00:00,4.09,-5.80,6.06,305.21,40.49,9.33
2026-05-15 08:04:00+00:00,5.13,-2.50,8.73,333.99,56.85,10.43
2026-05-15 08:05:00+00:00,5.89,-2.50,8.85,336.98,54.11,10.92
2026-05-15 08:06:00+00:00,6.21,-2.95,8.70,334.55,51.69,11.09
2026-05-15 08:07:00+00:00,5.78,-4.78,7.53,320.42,45.11,10.62
2026-05-15 08:08:00+00:00,2.65,-7.08,7.49,290.50,44.74,10.64
2026-05-15 08:09:00+00:00,2.01,-6.13,8.46,288.12,52.68,10.64
2026-05-15 08:10:00+00:00,2.36,-6.37,7.94,290.34,49.45,10.45
2026-05-15 08:11:00+00:00,3.47,-5.38,8.24,302.79,52.18,10.44
2026-05-15 08:12:00+00:00,4.71,-4.78,8.15,314.55,50.56,10.56
2026-05-15 08:13:00+00:00,6.18,-5.11,7.19,320.44,41.88,10.77
2026-05-15 08:14:00+00:00,6.05,-5.19,7.32,319.33,42.57,10.82
2026-05-15 08:15:00+00:00,6.39,-4.56,7.34,324.48,43.09,10.75
2026-05-15 08:16:00+00:00,6.16,-4.62,7.44,323.10,44.02,10.70
2026-05-15 08:17:00+00:00,6.05,-4.73,7.62,322.01,44.76,10.82
2026-05-15 08:18:00+00:00,5.26,-5.69,8.01,312.77,45.95,11.14
2026-05-15 08:19:00+00:00,4.93,-6.01,8.38,309.32,47.14,11.43
2026-05-15 08:20:00+00:00,5.38,-5.39,8.43,314.92,47.91,11.36
2026-05-15 08:21:00+00:00,7.27,-4.28,7.77,329.50,42.62,11.47
2026-05-15 08:22:00+00:00,6.83,-5.65,7.38,320.41,39.80,11.53
2026-05-15 08:23:00+00:00,7.20,-7.12,5.81,315.33,29.84,11.68
2026-05-15 08:24:00+00:00,7.22,-6.64,6.53,317.41,33.66,11.78
2026-05-15 08:25:00+00:00,7.44,-7.11,5.78,316.29,29.31,11.81
2026-05-15 08:26:00+00:00,8.07,-6.89,5.23,319.54,26.23,11.83
2026-05-15 08:27:00+00:00,8.23,-7.09,4.65,319.25,23.17,11.82
2026-05-15 08:28:00+00:00,8.29,-7.27,4.64,318.74,22.83,11.96
2026-05-15 08:29:00+00:00,8.26,-6.74,4.92,320.76,24.79,11.74
2026-05-15 08:30:00+00:00,6.62,-5.91,7.02,318.24,38.36,11.31
2026-05-15 08:31:00+00:00,7.30,-6.21,5.65,319.65,30.54,11.13
2026-05-15 08:32:00+00:00,9.31,-5.42,2.98,329.81,15.47,11.18
2026-05-15 08:33:00+00:00,9.49,-6.33,-0.55,326.30,-2.77,11.42
2026-05-15 08:34:00+00:00,10.10,-5.97,-0.68,329.41,-3.32,11.75
2026-05-15 08:35:00+00:00,10.13,-6.10,-0.67,328.95,-3.27,11.85
2026-05-15 08:36:00+00:00,10.17,-6.26,-0.80,328.40,-3.84,11.97
2026-05-15 08:37:00+00:00,10.08,-6.49,-1.24,327.20,-5.89,12.05
2026-05-15 08:38:00+00:00,10.08,-6.53,-1.14,327.06,-5.41,12.07
2026-05-15 08:39:00+00:00,10.32,-5.73,1.87,330.95,9.00,11.96
2026-05-15 08:40:00+00:00,10.38,-5.82,2.02,330.72,9.64,12.07
2026-05-15 08:41:00+00:00,10.48,-5.26,2.55,333.36,12.25,12.00
2026-05-15 08:42:00+00:00,10.44,-5.68,0.04,331.47,0.21,11.88
2026-05-15 08:43:00+00:00,10.25,-6.12,0.52,329.14,2.52,11.95
2026-05-15 08:44:00+00:00,10.28,-5.95,1.56,329.93,7.49,11.98
2026-05-15 08:45:00+00:00,9.52,-6.90,3.26,324.06,15.51,12.20
2026-05-15 08:46:00+00:00,9.38,-7.42,2.65,321.65,12.50,12.25
2026-05-15 08:47:00+00:00,9.80,-6.69,2.87,325.68,13.60,12.21
2026-05-15 08:48:00+00:00,10.16,-6.24,3.07,328.44,14.45,12.31
2026-05-15 08:49:00+00:00,10.13,-5.94,3.78,329.61,17.84,12.34
2026-05-15 08:50:00+00:00,9.82,-5.78,4.44,329.51,21.29,12.23
2026-05-15 08:51:00+00:00,10.04,-6.21,3.55,328.25,16.75,12.33
2026-05-15 08:52:00+00:00,9.81,-6.19,4.07,327.76,19.33,12.30
2026-05-15 08:53:00+00:00,9.71,-5.64,5.04,329.83,24.17,12.30
2026-05-15 08:54:00+00:00,9.63,-6.03,4.95,327.96,23.54,12.40
2026-05-15 08:55:00+00:00,9.42,-5.49,5.63,329.79,27.32,12.27
2026-05-15 08:56:00+00:00,8.23,-3.15,9.40,339.06,46.84,12.88
2026-05-15 08:57:00+00:00,9.03,-4.19,8.07,335.11,39.03,12.81
2026-05-15 08:58:00+00:00,9.49,-4.46,7.58,334.80,35.85,12.94
2026-05-15 08:59:00+00:00,8.90,-3.58,8.61,338.06,41.91,12.89
2026-05-15 09:00:00+00:00,8.56,-2.62,9.27,342.99,46.00,12.88
2026-05-15 09:01:00+00:00,8.75,-2.82,9.45,342.15,45.78,13.18
2026-05-15 09:02:00+00:00,8.68,-4.26,8.93,333.84,42.72,13.16
2026-05-15 09:03:00+00:00,8.81,-5.02,8.30,330.34,39.28,13.11
2026-05-15 09:04:00+00:00,8.96,-6.66,6.34,323.41,29.58,12.84
2026-05-15 09:05:00+00:00,9.06,-5.69,7.46,327.89,34.89,13.04
2026-05-15 09:06:00+00:00,7.91,-4.70,6.37,329.26,34.67,11.19
2026-05-15 09:07:00+00:00,8.25,-4.07,6.29,333.73,34.38,11.15
2026-05-15 09:08:00+00:00,7.81,-4.70,6.84,328.98,36.90,11.40
2026-05-15 09:09:00+00:00,6.43,-3.58,7.39,330.89,45.16,10.43
2026-05-15 09:10:00+00:00,3.82,-1.42,9.85,339.65,67.51,10.66
2026-05-15 09:11:00+00:00,3.39,-1.54,9.65,335.54,68.91,10.34
2026-05-15 09:12:00+00:00,2.94,-0.66,10.49,347.30,73.99,10.91
2026-05-15 09:13:00+00:00,2.62,0.39,11.16,8.49,76.63,11.47
2026-05-15 09:14:00+00:00,1.25,-0.45,11.20,340.19,83.23,11.28
2026-05-15 09:15:00+00:00,1.67,-1.64,10.60,315.63,77.56,10.86
2026-05-15 09:16:00+00:00,1.54,-2.97,11.32,297.41,73.52,11.80
2026-05-15 09:17:00+00:00,1.97,-5.01,9.95,291.50,61.60,11.31
2026-05-15 09:18:00+00:00,2.02,-6.33,9.56,287.68,55.21,11.64
2026-05-15 09:19:00+00:00,1.31,-7.30,8.72,280.19,49.61,11.44
2026-05-15 09:20:00+00:00,2.65,-7.76,7.17,288.86,41.15,10.89
2026-05-15 09:21:00+00:00,4.27,-8.01,5.93,298.08,33.18,10.84
2026-05-15 09:22:00+00:00,2.87,-6.26,8.33,294.64,50.44,10.81
2026-05-15 09:23:00+00:00,5.37,-5.25,7.89,315.65,46.41,10.89
2026-05-15 09:24:00+00:00,7.52,-4.69,7.27,328.04,39.35,11.47
2026-05-15 09:25:00+00:00,7.53,-3.58,8.42,334.61,45.27,11.85
2026-05-15 09:26:00+00:00,5.14,-4.58,9.28,318.27,53.41,11.55
2026-05-15 09:27:00+00:00,7.09,-4.59,8.37,327.10,44.73,11.89
2026-05-15 09:28:00+00:00,4.03,-3.66,9.84,317.80,61.05,11.25
2026-05-15 09:29:00+00:00,2.50,-4.97,9.94,296.67,60.77,11.39
2026-05-15 09:30:00+00:00,1.39,-4.27,10.73,288.05,67.31,11.63
2026-05-15 09:31:00+00:00,0.79,-3.50,11.22,282.72,72.26,11.78
2026-05-15 09:32:00+00:00,-0.90,-2.46,11.81,249.98,77.50,12.10
2026-05-15 09:33:00+00:00,2.08,-3.33,10.77,302.02,69.96,11.47
2026-05-15 09:34:00+00:00,9.00,-5.49,3.98,328.64,20.67,11.27
2026-05-15 09:35:00+00:00,9.65,-5.27,2.86,331.35,14.55,11.37
2026-05-15 09:36:00+00:00,9.18,-5.22,4.76,330.35,24.28,11.59
2026-05-15 09:37:00+00:00,8.87,-5.63,4.24,327.60,21.96,11.33
2026-05-15 09:38:00+00:00,8.81,-5.99,4.61,325.79,23.39,11.61
2026-05-15 09:39:00+00:00,9.32,-5.96,3.91,327.40,19.44,11.74
2026-05-15 09:40:00+00:00,9.43,-6.56,3.60,325.17,17.41,12.04
2026-05-15 09:41:00+00:00,9.68,-6.29,3.38,326.96,16.31,12.03
2026-05-15 09:42:00+00:00,9.70,-6.43,2.61,326.45,12.63,11.93
2026-05-15 09:43:00+00:00,9.78,-6.70,1.59,325.57,7.62,11.96
2026-05-15 09:44:00+00:00,9.86,-7.24,1.72,323.72,7.99,12.35
2026-05-15 09:45:00+00:00,10.05,-7.38,0.94,323.73,4.32,12.50
2026-05-15 09:46:00+00:00,9.33,-8.05,1.06,319.20,4.90,12.37
2026-05-15 09:47:00+00:00,9.19,-8.35,0.60,317.73,2.78,12.43
2026-05-15 09:48:00+00:00,9.97,-7.65,-0.58,322.49,-2.65,12.58
2026-05-15 09:49:00+00:00,8.94,-8.14,-0.98,317.70,-4.63,12.13
2026-05-15 09:50:00+00:00,9.33,-7.37,-2.10,321.66,-10.03,12.07
2026-05-15 09:51:00+00:00,9.44,-6.44,-3.43,325.71,-16.72,11.93
2026-05-15 09:52:00+00:00,8.89,-7.12,-3.36,321.31,-16.44,11.87
2026-05-15 09:53:00+00:00,8.56,-7.46,-3.11,318.93,-15.30,11.78
2026-05-15 09:54:00+00:00,8.78,-7.40,-3.49,319.89,-16.90,12.00
2026-05-15 09:55:00+00:00,9.03,-8.85,-2.01,315.58,-9.03,12.80
2026-05-15 09:56:00+00:00,9.64,-7.93,-3.72,320.54,-16.61,13.03
2026-05-15 09:57:00+00:00,10.12,-7.86,-3.55,322.16,-15.46,13.30
2026-05-15 09:58:00+00:00,9.27,-8.60,-1.66,317.15,-7.47,12.76
2026-05-15 10:00:00+00:00,8.17,-8.76,-3.64,313.00,-16.91,12.51
2026-05-15 10:01:00+00:00,8.30,-8.75,-3.21,313.50,-14.90,12.48
2026-05-15 10:02:00+00:00,7.98,-8.54,-3.84,313.06,-18.21,12.30
2026-05-15 10:03:00+00:00,8.11,-8.13,-4.93,314.94,-23.24,12.49
2026-05-15 10:04:00+00:00,7.38,-7.64,-6.06,314.01,-29.68,12.23
2026-05-15 10:05:00+00:00,6.79,-7.80,-5.88,311.02,-29.62,11.90
2026-05-15 10:06:00+00:00,6.70,-7.77,-6.22,310.79,-31.20,12.00
2026-05-15 10:07:00+00:00,7.26,-7.88,-6.18,312.64,-29.99,12.37
2026-05-15 10:08:00+00:00,7.25,-7.22,-6.88,315.10,-33.92,12.33
2026-05-15 10:09:00+00:00,7.05,-8.08,-6.32,311.13,-30.53,12.45
2026-05-15 10:10:00+00:00,6.97,-8.10,-6.37,310.70,-30.81,12.45
2026-05-15 10:11:00+00:00,6.63,-7.83,-7.16,310.28,-34.89,12.51
2026-05-15 10:12:00+00:00,6.82,-6.79,-8.36,315.14,-41.00,12.75
2026-05-15 10:13:00+00:00,6.62,-5.33,-9.28,321.18,-47.54,12.59
2026-05-15 10:14:00+00:00,6.93,-5.66,-9.09,320.74,-45.46,12.75
2026-05-15 10:15:00+00:00,6.10,-6.55,-8.53,312.95,-43.62,12.37
2026-05-15 10:16:00+00:00,5.90,-5.39,-9.36,317.61,-49.51,12.31
2026-05-15 10:17:00+00:00,5.66,-5.41,-10.11,316.28,-52.24,12.79
2026-05-15 10:18:00+00:00,-0.21,0.07,-8.92,160.34,-88.58,8.92
2026-05-15 10:19:00+00:00,-6.55,1.29,-4.95,168.85,-36.55,8.31
2026-05-15 10:20:00+00:00,-1.33,1.52,-6.45,131.07,-72.60,6.76
2026-05-15 10:21:00+00:00,1.50,-3.14,-2.02,295.49,-30.10,4.02
2026-05-15 10:22:00+00:00,1.92,-3.94,-3.46,296.00,-38.29,5.58
2026-05-15 10:23:00+00:00,0.14,-2.77,-4.69,272.87,-59.47,5.45
2026-05-15 10:24:00+00:00,2.58,-5.00,-4.93,297.29,-41.18,7.48
2026-05-15 10:25:00+00:00,-2.47,1.23,-5.77,153.54,-64.45,6.39
2026-05-15 10:26:00+00:00,-4.73,4.25,-5.07,138.08,-38.59,8.13
2026-05-15 10:27:00+00:00,-3.71,2.80,-6.70,142.96,-55.27,8.16
2026-05-15 10:28:00+00:00,-3.74,1.89,-6.47,153.23,-57.06,7.71
2026-05-15 10:29:00+00:00,-7.61,4.75,-5.85,148.02,-33.11,10.71
2026-05-15 10:30:00+00:00,-6.63,3.17,-5.39,154.43,-36.25,9.12
2026-05-15 10:31:00+00:00,-2.90,1.61,-6.41,150.97,-62.63,7.22
2026-05-15 10:32:00+00:00,-1.23,0.11,-4.87,174.95,-75.76,5.02
2026-05-15 10:33:00+00:00,-4.21,2.32,-4.74,151.18,-44.57,6.75
2026-05-15 10:34:00+00:00,-6.73,3.76,-3.61,150.83,-25.09,8.52
2026-05-15 10:35:00+00:00,-6.74,3.25,-4.75,154.29,-32.37,8.86
2026-05-15 10:36:00+00:00,-5.77,3.38,-3.59,149.64,-28.22,7.58
2026-05-15 10:37:00+00:00,-6.24,2.19,-7.56,160.68,-48.83,10.04
2026-05-15 10:38:00+00:00,-6.96,2.19,-7.38,162.57,-45.32,10.38
2026-05-15 10:39:00+00:00,-7.19,3.20,-6.91,155.99,-41.29,10.47
2026-05-15 10:40:00+00:00,-7.96,3.38,-5.86,156.99,-34.11,10.45
2026-05-15 10:41:00+00:00,-7.40,3.29,-5.82,155.99,-35.73,9.97
2026-05-15 10:42:00+00:00,-7.39,2.92,-6.22,158.41,-38.07,10.09
2026-05-15 10:43:00+00:00,-8.57,4.46,-5.86,152.49,-31.26,11.30
2026-05-15 10:44:00+00:00,-8.33,5.28,-5.80,147.62,-30.48,11.44
2026-05-15 10:45:00+00:00,-8.09,5.62,-5.70,145.22,-30.05,11.38
2026-05-15 10:46:00+00:00,-8.34,5.35,-4.71,147.29,-25.43,10.97
2026-05-15 10:47:00+00:00,-8.04,3.22,-4.54,158.19,-27.64,9.78
2026-05-15 10:48:00+00:00,-6.32,2.64,-3.01,157.31,-23.70,7.49
2026-05-15 10:49:00+00:00,-3.71,0.68,-1.54,169.62,-22.21,4.08
2026-05-15 10:50:00+00:00,-2.58,2.26,1.15,138.83,18.48,3.62
2026-05-15 10:51:00+00:00,-0.73,0.89,2.38,129.25,64.22,2.65
2026-05-15 10:52:00+00:00,1.64,-2.13,-2.89,307.63,-47.09,3.95
2026-05-15 10:53:00+00:00,1.47,-2.07,-2.93,305.36,-49.15,3.88
2026-05-15 10:54:00+00:00,0.55,-1.59,-3.08,288.93,-61.37,3.51
2026-05-15 10:55:00+00:00,0.33,-2.24,-1.38,278.35,-31.34,2.65
2026-05-15 10:56:00+00:00,-0.07,-2.16,-5.57,268.04,-68.79,5.98
2026-05-15 10:57:00+00:00,0.17,-1.03,-5.86,279.28,-79.94,5.95
2026-05-15 10:58:00+00:00,0.00,-5.74,-6.53,269.97,-48.68,8.69
2026-05-15 10:59:00+00:00,-1.71,-5.82,-4.31,253.66,-35.40,7.44
2026-05-15 11:00:00+00:00,-2.37,-5.86,-2.52,247.98,-21.72,6.81
2026-05-15 11:01:00+00:00,-1.11,-6.15,-1.84,259.80,-16.38,6.52
2026-05-15 11:02:00+00:00,0.09,-5.38,-1.79,270.98,-18.37,5.67
2026-05-15 11:03:00+00:00,1.77,-3.66,-6.78,295.82,-59.03,7.90
2026-05-15 11:04:00+00:00,0.90,-6.07,-5.27,278.46,-40.66,8.09
2026-05-15 11:05:00+00:00,0.28,-4.72,-6.41,273.45,-53.57,7.97
2026-05-15 11:06:00+00:00,1.21,-4.37,-6.76,285.48,-56.17,8.14
2026-05-15 11:07:00+00:00,-4.67,-4.47,-6.16,223.78,-43.60,8.93
2026-05-15 11:08:00+00:00,-5.28,-3.40,-7.96,212.77,-51.73,10.13
2026-05-15 11:09:00+00:00,-3.96,-2.11,-9.07,208.04,-63.67,10.12
2026-05-15 11:10:00+00:00,-2.31,-1.75,-9.79,217.07,-73.51,10.21
2026-05-15 11:11:00+00:00,-4.55,-0.76,-8.85,189.46,-62.48,9.97
2026-05-15 11:12:00+00:00,-4.23,-0.50,-9.26,186.77,-65.33,10.19
2026-05-15 11:13:00+00:00,-3.65,-0.13,-9.71,182.00,-69.40,10.38
2026-05-15 11:14:00+00:00,-0.97,-0.08,-10.67,184.87,-84.77,10.72
2026-05-15 11:15:00+00:00,0.94,-0.71,-9.47,322.83,-82.88,9.54
2026-05-15 11:16:00+00:00,2.03,-1.98,-8.17,315.64,-70.87,8.65
2026-05-15 11:17:00+00:00,4.18,-3.31,-7.25,321.65,-53.65,9.00
2026-05-15 11:18:00+00:00,6.40,-7.08,4.19,312.11,23.72,10.43
2026-05-15 11:19:00+00:00,5.07,-7.68,2.20,303.43,13.42,9.46
2026-05-15 11:20:00+00:00,5.53,-7.09,3.71,307.93,22.41,9.72
2026-05-15 11:21:00+00:00,4.55,-6.26,5.22,306.02,34.01,9.34
2026-05-15 11:22:00+00:00,4.47,-6.47,6.47,304.61,39.47,10.18
2026-05-15 11:23:00+00:00,2.31,-4.05,8.11,299.70,60.13,9.36
2026-05-15 11:24:00+00:00,1.66,-3.00,7.24,299.04,64.67,8.01
2026-05-15 11:25:00+00:00,2.40,-6.47,-2.41,290.34,-19.25,7.31
2026-05-15 11:26:00+00:00,3.41,-7.46,-1.14,294.55,-7.92,8.28
2026-05-15 11:27:00+00:00,2.67,-6.45,-4.85,292.48,-34.82,8.50
2026-05-15 11:28:00+00:00,2.47,-6.56,-2.36,290.67,-18.57,7.40
2026-05-15 11:29:00+00:00,1.74,-5.54,-4.98,287.47,-40.60,7.65
2026-05-15 11:30:00+00:00,-0.01,-6.12,-6.51,269.93,-46.75,8.94
2026-05-15 11:31:00+00:00,1.24,-5.15,-6.33,283.52,-50.07,8.26
2026-05-15 11:32:00+00:00,3.99,-6.59,-2.80,301.20,-20.00,8.20
2026-05-15 11:33:00+00:00,5.04,-6.73,1.02,306.81,6.90,8.47
2026-05-15 11:34:00+00:00,5.49,-7.34,0.49,306.80,3.09,9.18
2026-05-15 11:35:00+00:00,6.25,-7.53,-0.08,309.68,-0.45,9.79
2026-05-15 11:36:00+00:00,5.82,-7.76,0.69,306.87,4.06,9.72
2026-05-15 11:37:00+00:00,5.18,-7.73,0.80,303.87,4.92,9.34
2026-05-15 11:38:00+00:00,5.01,-7.51,2.27,303.73,14.12,9.31
2026-05-15 11:39:00+00:00,4.01,-6.80,3.91,300.51,26.37,8.81
2026-05-15 11:40:00+00:00,7.39,-7.62,1.96,314.12,10.46,10.80
2026-05-15 11:41:00+00:00,9.55,-8.43,0.68,318.58,3.07,12.76
2026-05-15 11:42:00+00:00,9.86,-7.88,0.49,321.37,2.20,12.64
2026-05-15 11:43:00+00:00,9.85,-7.42,1.27,323.01,5.87,12.39
2026-05-15 11:44:00+00:00,9.74,-7.43,2.00,322.67,9.26,12.41
2026-05-15 11:45:00+00:00,9.10,-6.63,3.36,323.93,16.64,11.75
2026-05-15 11:46:00+00:00,8.29,-5.72,4.70,325.41,25.03,11.12
2026-05-15 11:47:00+00:00,9.73,-5.95,2.73,328.56,13.45,11.72
2026-05-15 11:48:00+00:00,8.47,-6.94,-2.32,320.66,-11.98,11.19
2026-05-15 11:49:00+00:00,8.66,-5.95,-1.17,325.50,-6.33,10.58
2026-05-15 11:50:00+00:00,8.99,-3.63,-3.27,338.04,-18.65,10.23
2026-05-15 11:51:00+00:00,9.56,-2.89,-1.64,343.17,-9.32,10.12
2026-05-15 11:52:00+00:00,9.41,-3.76,-0.07,338.21,-0.39,10.14
2026-05-15 11:53:00+00:00,9.32,-3.63,1.37,338.70,7.82,10.10
2026-05-15 11:54:00+00:00,7.79,-5.28,-3.90,325.89,-22.52,10.18
2026-05-15 11:55:00+00:00,9.30,-1.93,-3.57,348.26,-20.58,10.15
2026-05-15 11:56:00+00:00,9.55,-0.77,-1.17,355.36,-6.95,9.65
2026-05-15 11:57:00+00:00,9.58,0.20,-1.44,1.17,-8.54,9.69
2026-05-15 11:58:00+00:00,8.13,-3.37,-4.99,337.52,-29.53,10.12
2026-05-15 11:59:00+00:00,8.58,-2.20,-4.49,345.64,-26.91,9.93
2026-05-15 12:00:00+00:00,9.15,1.51,-3.17,9.36,-18.86,9.80
2026-05-15 12:01:00+00:00,9.23,-2.68,-4.85,343.81,-26.79,10.76
2026-05-15 12:02:00+00:00,9.83,-2.96,-5.03,343.27,-26.09,11.43
2026-05-15 12:03:00+00:00,10.16,-2.79,-3.46,344.64,-18.18,11.09
2026-05-15 12:04:00+00:00,9.48,-5.18,-2.84,331.35,-14.71,11.17
2026-05-15 12:05:00+00:00,9.25,-5.37,-2.92,329.86,-15.29,11.08
2026-05-15 12:06:00+00:00,9.46,-5.41,-1.76,330.27,-9.18,11.04
2026-05-15 12:07:00+00:00,9.54,-5.83,-1.55,328.58,-7.89,11.28
2026-05-15 12:08:00+00:00,9.41,-6.26,-1.94,326.37,-9.76,11.47
2026-05-15 12:09:00+00:00,9.51,-6.38,-1.22,326.15,-6.09,11.52
2026-05-15 12:10:00+00:00,9.58,-6.05,-0.68,327.72,-3.41,11.35
2026-05-15 12:11:00+00:00,9.70,-6.27,-1.12,327.11,-5.54,11.61
2026-05-15 12:12:00+00:00,9.81,-6.06,-2.10,328.30,-10.33,11.72
2026-05-15 12:13:00+00:00,10.39,-5.31,-1.72,332.95,-8.40,11.79
2026-05-15 12:14:00+00:00,10.26,-5.47,-1.05,331.95,-5.18,11.67
2026-05-15 12:15:00+00:00,10.47,-4.70,-1.83,335.80,-9.08,11.62
2026-05-15 12:16:00+00:00,10.14,-5.61,-1.98,331.04,-9.69,11.76
2026-05-15 12:17:00+00:00,10.34,-5.22,-2.56,333.19,-12.48,11.86
2026-05-15 12:18:00+00:00,10.45,-5.28,-2.02,333.20,-9.81,11.88
2026-05-15 12:19:00+00:00,10.62,-5.10,-1.66,334.35,-8.04,11.90
2026-05-15 12:20:00+00:00,10.73,-5.14,-1.37,334.42,-6.58,11.98
2026-05-15 12:21:00+00:00,10.30,-6.23,-0.76,328.86,-3.61,12.06
2026-05-15 12:22:00+00:00,9.52,-7.00,0.75,323.69,3.62,11.84
2026-05-15 12:23:00+00:00,9.57,-6.40,1.74,326.24,8.59,11.65
2026-05-15 12:24:00+00:00,9.93,-5.87,0.85,329.39,4.20,11.57
2026-05-15 12:25:00+00:00,9.97,-5.67,1.26,330.38,6.29,11.54
2026-05-15 12:26:00+00:00,9.89,-5.85,1.11,329.40,5.51,11.55
2026-05-15 12:27:00+00:00,10.16,-5.24,1.09,332.72,5.46,11.48
2026-05-15 12:28:00+00:00,9.57,-6.63,-0.39,325.32,-1.93,11.65
2026-05-15 12:29:00+00:00,10.00,-6.04,0.71,328.87,3.46,11.70
2026-05-15 12:30:00+00:00,10.15,-5.78,0.88,330.35,4.31,11.71
2026-05-15 12:31:00+00:00,10.38,-5.35,1.22,332.72,5.96,11.74
2026-05-15 12:32:00+00:00,10.32,-5.74,-0.66,330.91,-3.18,11.82
2026-05-15 12:33:00+00:00,10.17,-5.60,-0.88,331.14,-4.34,11.64
2026-05-15 12:34:00+00:00,10.20,-5.28,-1.83,332.65,-9.07,11.63
2026-05-15 12:35:00+00:00,9.73,-6.18,-4.07,327.57,-19.45,12.22
2026-05-15 12:36:00+00:00,9.77,-6.46,-3.76,326.50,-17.82,12.30
2026-05-15 12:37:00+00:00,9.62,-6.12,-4.07,327.52,-19.66,12.11
2026-05-15 12:38:00+00:00,9.95,-5.84,-3.45,329.57,-16.63,12.04
2026-05-15 12:39:00+00:00,9.49,-6.03,-3.65,327.57,-17.98,11.82
2026-05-15 12:40:00+00:00,9.19,-6.44,-2.48,324.96,-12.47,11.49
2026-05-15 12:41:00+00:00,9.47,-6.67,-1.31,324.85,-6.45,11.65
2026-05-15 12:42:00+00:00,9.23,-7.14,-1.89,322.27,-9.20,11.82
2026-05-15 12:43:00+00:00,9.99,-6.17,-2.61,328.30,-12.55,12.03
2026-05-15 12:44:00+00:00,10.04,-6.83,-1.33,325.78,-6.26,12.22
2026-05-15 12:45:00+00:00,10.43,-6.06,-1.88,329.85,-8.87,12.20
2026-05-15 12:46:00+00:00,10.27,-6.41,-1.49,328.06,-7.01,12.20
2026-05-15 12:47:00+00:00,10.59,-6.16,-1.60,329.81,-7.42,12.36
2026-05-15 12:48:00+00:00,10.79,-5.89,-1.62,331.37,-7.50,12.39
2026-05-15 12:49:00+00:00,10.89,-5.29,-1.65,334.10,-7.77,12.22
2026-05-15 12:50:00+00:00,10.48,-5.88,-1.08,330.70,-5.13,12.07
2026-05-15 12:51:00+00:00,10.21,-6.66,-1.64,326.90,-7.66,12.30
2026-05-15 12:52:00+00:00,10.48,-6.10,-1.84,329.79,-8.64,12.27
2026-05-15 12:53:00+00:00,10.43,-5.77,-2.81,331.06,-13.26,12.24
2026-05-15 12:54:00+00:00,8.71,-6.76,-5.59,322.20,-26.87,12.36
2026-05-15 12:55:00+00:00,9.43,-6.73,-3.66,324.49,-17.53,12.16
2026-05-15 12:56:00+00:00,9.39,-6.51,-4.12,325.27,-19.82,12.14
2026-05-15 12:57:00+00:00,9.53,-7.00,-2.83,323.70,-13.45,12.16
2026-05-15 12:58:00+00:00,10.49,-5.57,-3.02,332.03,-14.28,12.26
2026-05-15 12:59:00+00:00,10.52,-5.52,-3.15,332.32,-14.88,12.29
2026-05-15 13:00:00+00:00,10.46,-5.62,-3.06,331.77,-14.45,12.26
2026-05-15 13:01:00+00:00,10.11,-6.05,-2.54,329.09,-12.18,12.06
2026-05-15 13:02:00+00:00,9.66,-4.80,-5.31,333.58,-26.23,12.02
2026-05-15 13:03:00+00:00,9.80,-5.69,-4.33,329.86,-20.93,12.13
2026-05-15 13:04:00+00:00,9.58,-6.81,-3.61,324.60,-17.06,12.30
2026-05-15 13:05:00+00:00,9.65,-7.34,-2.78,322.73,-12.92,12.44
2026-05-15 13:06:00+00:00,9.94,-7.07,-2.39,324.57,-11.08,12.43
2026-05-15 13:07:00+00:00,10.21,-7.12,-1.17,325.13,-5.36,12.50
2026-05-15 13:08:00+00:00,10.20,-6.75,-0.42,326.51,-1.97,12.24
2026-05-15 13:09:00+00:00,10.25,-6.12,-1.84,329.14,-8.78,12.08
2026-05-15 13:10:00+00:00,10.07,-6.21,-3.01,328.36,-14.26,12.21
2026-05-15 13:11:00+00:00,9.92,-6.08,-4.50,328.51,-21.16,12.48
2026-05-15 13:12:00+00:00,9.12,-5.59,-5.60,328.49,-27.62,12.08
2026-05-15 13:13:00+00:00,10.27,-6.77,-1.29,326.62,-6.01,12.37
2026-05-15 13:14:00+00:00,10.04,-6.52,-1.77,326.99,-8.41,12.10
2026-05-15 13:15:00+00:00,9.92,-7.05,-1.35,324.59,-6.35,12.25
2026-05-15 13:16:00+00:00,9.91,-6.37,-2.74,327.29,-13.10,12.10
2026-05-15 13:17:00+00:00,10.81,-5.06,-1.83,334.92,-8.74,12.07
2026-05-15 13:18:00+00:00,10.44,-5.46,-2.49,332.40,-11.93,12.04
2026-05-15 13:19:00+00:00,9.91,-5.87,-3.60,329.36,-17.34,12.07
2026-05-15 13:20:00+00:00,10.33,-5.31,-2.78,332.77,-13.47,11.94
2026-05-15 13:21:00+00:00,10.07,-5.82,-1.35,329.96,-6.62,11.71
2026-05-15 13:22:00+00:00,10.74,-4.56,-1.65,337.00,-8.06,11.78
2026-05-15 13:23:00+00:00,10.81,-4.46,-1.68,337.57,-8.18,11.82
2026-05-15 13:24:00+00:00,11.33,-3.26,2.44,343.96,11.68,12.04
2026-05-15 13:25:00+00:00,10.92,-4.55,-0.51,337.39,-2.47,11.85
2026-05-15 13:26:00+00:00,11.15,-4.35,-0.96,338.68,-4.60,12.01
2026-05-15 13:27:00+00:00,10.92,-4.48,-2.49,337.68,-11.90,12.07
2026-05-15 13:28:00+00:00,10.60,-4.74,-3.83,335.92,-18.28,12.22
2026-05-15 13:29:00+00:00,9.39,-4.75,-6.29,333.18,-30.88,12.26
2026-05-15 13:30:00+00:00,9.50,-5.62,-5.80,329.40,-27.73,12.46
2026-05-15 13:31:00+00:00,8.89,-5.86,-4.49,326.58,-22.88,11.56
2026-05-15 13:32:00+00:00,9.31,-6.39,-3.74,325.51,-18.31,11.89
2026-05-15 13:33:00+00:00,8.98,-6.99,-4.02,322.11,-19.48,12.07
2026-05-15 13:34:00+00:00,9.81,-5.86,-4.08,329.14,-19.66,12.14
2026-05-15 13:35:00+00:00,9.77,-4.69,-6.14,334.36,-29.51,12.46
2026-05-15 13:36:00+00:00,10.63,-4.42,-4.89,337.41,-23.00,12.50
2026-05-15 13:37:00+00:00,11.03,-3.81,-4.47,340.92,-20.97,12.49
2026-05-15 13:38:00+00:00,10.85,-4.19,-4.55,338.89,-21.37,12.48
2026-05-15 13:39:00+00:00,10.09,-4.38,-5.61,336.55,-27.04,12.35
2026-05-15 13:40:00+00:00,10.36,-5.82,-4.31,330.67,-19.94,12.64
2026-05-15 13:41:00+00:00,10.63,-6.17,-3.15,329.87,-14.37,12.68
2026-05-15 13:42:00+00:00,10.17,-5.11,-5.14,333.33,-24.30,12.49
2026-05-15 13:43:00+00:00,10.11,-4.90,-5.82,334.16,-27.39,12.66
2026-05-15 13:44:00+00:00,10.34,-5.03,-5.20,334.06,-24.36,12.62
2026-05-15 13:45:00+00:00,9.76,-6.71,-4.22,325.51,-19.61,12.57
2026-05-15 13:46:00+00:00,9.05,-8.41,-0.91,317.07,-4.20,12.39
2026-05-15 13:47:00+00:00,9.66,-7.77,-2.60,321.19,-11.86,12.66
2026-05-15 13:48:00+00:00,9.84,-7.79,-1.74,321.62,-7.88,12.67
2026-05-15 13:49:00+00:00,9.68,-7.90,-2.35,320.77,-10.64,12.71
2026-05-15 13:50:00+00:00,10.73,-6.32,-1.74,329.50,-7.98,12.57
2026-05-15 13:51:00+00:00,10.52,-6.61,-0.05,327.86,-0.23,12.42
2026-05-15 13:52:00+00:00,10.94,-5.41,1.35,333.68,6.31,12.28
2026-05-15 13:53:00+00:00,10.89,-5.57,2.06,332.94,9.56,12.41
2026-05-15 13:54:00+00:00,10.44,-5.92,2.47,330.47,11.62,12.25
2026-05-15 13:55:00+00:00,10.34,-5.78,2.31,330.78,11.02,12.07
2026-05-15 13:56:00+00:00,10.40,-5.55,3.00,331.91,14.29,12.16
2026-05-15 13:57:00+00:00,10.64,-5.73,1.58,331.69,7.46,12.19
2026-05-15 13:58:00+00:00,10.79,-5.83,1.47,331.61,6.81,12.35
2026-05-15 13:59:00+00:00,10.71,-6.03,-2.17,330.63,-10.02,12.48
2026-05-15 14:00:00+00:00,9.05,-5.15,-8.00,330.32,-37.52,13.13
2026-05-15 14:01:00+00:00,12.03,-5.70,-3.52,334.64,-14.81,13.78
2026-05-15 14:02:00+00:00,11.01,-6.80,-4.76,328.28,-20.20,13.79
2026-05-15 14:03:00+00:00,10.94,-7.29,-4.10,326.32,-17.34,13.77
2026-05-15 14:04:00+00:00,11.13,-7.42,-2.94,326.31,-12.40,13.70
2026-05-15 14:05:00+00:00,11.45,-5.91,-4.94,332.72,-20.96,13.80
2026-05-15 14:06:00+00:00,10.52,-5.02,-7.79,334.49,-33.75,14.02
2026-05-15 14:07:00+00:00,11.04,-5.27,-6.74,334.49,-28.85,13.97
2026-05-15 14:08:00+00:00,10.09,-7.02,-5.91,325.18,-25.68,13.64
2026-05-15 14:09:00+00:00,11.08,-6.80,-2.49,328.45,-10.83,13.24
2026-05-15 14:10:00+00:00,9.90,-8.01,-4.55,321.01,-19.65,13.52
2026-05-15 14:11:00+00:00,10.30,-7.02,-5.08,325.74,-22.19,13.46
2026-05-15 14:12:00+00:00,10.31,-7.19,-4.79,325.13,-20.87,13.45
2026-05-15 14:13:00+00:00,10.53,-7.60,-3.69,324.18,-15.84,13.50
2026-05-15 14:14:00+00:00,9.47,-8.05,-6.69,319.63,-28.30,14.12
2026-05-15 14:15:00+00:00,11.18,-7.28,-4.12,326.95,-17.15,13.96
2026-05-15 14:16:00+00:00,12.75,-6.34,1.33,333.57,5.34,14.30
2026-05-15 14:17:00+00:00,12.72,-6.87,-0.28,331.61,-1.12,14.46
2026-05-15 14:18:00+00:00,13.15,-5.99,0.10,335.50,0.38,14.45
2026-05-15 14:19:00+00:00,13.23,-5.40,0.01,337.80,0.04,14.29
2026-05-15 14:20:00+00:00,13.13,-5.48,1.35,337.34,5.43,14.29
2026-05-15 14:21:00+00:00,12.93,-5.69,3.51,336.26,13.94,14.55
2026-05-15 14:22:00+00:00,13.32,-4.00,3.19,343.30,12.92,14.27
2026-05-15 14:23:00+00:00,13.09,-5.69,1.42,336.51,5.69,14.34
2026-05-15 14:24:00+00:00,13.19,-5.32,1.42,338.04,5.71,14.29
2026-05-15 14:25:00+00:00,13.43,-4.92,0.54,339.88,2.16,14.32
2026-05-15 14:26:00+00:00,13.33,-5.41,0.76,337.91,3.03,14.41
2026-05-15 14:27:00+00:00,13.79,-4.57,1.33,341.67,5.22,14.59
2026-05-15 14:28:00+00:00,13.27,-4.87,3.99,339.86,15.78,14.69
2026-05-15 14:29:00+00:00,13.35,-4.41,4.56,341.72,17.99,14.78
2026-05-15 14:30:00+00:00,13.65,-3.31,4.64,346.38,18.28,14.79
2026-05-15 14:31:00+00:00,13.79,-3.27,4.62,346.64,18.05,14.91
2026-05-15 14:32:00+00:00,13.15,-4.83,4.55,339.82,17.98,14.73
2026-05-15 14:33:00+00:00,11.45,-3.98,5.64,340.82,24.95,13.37
2026-05-15 14:34:00+00:00,13.61,-2.07,1.80,351.34,7.46,13.88
2026-05-15 14:35:00+00:00,12.62,-4.12,3.73,341.94,15.69,13.79
2026-05-15 14:36:00+00:00,9.59,-2.76,8.15,343.97,39.23,12.88
2026-05-15 14:37:00+00:00,10.94,-4.80,5.27,336.31,23.79,13.06
2026-05-15 14:38:00+00:00,10.17,-4.47,5.85,336.29,27.76,12.55
2026-05-15 14:39:00+00:00,9.23,-2.22,6.90,346.48,36.03,11.74
2026-05-15 14:40:00+00:00,11.25,-4.46,-4.99,338.39,-22.40,13.09
2026-05-15 14:41:00+00:00,10.84,-6.04,-0.14,330.86,-0.62,12.41
2026-05-15 14:42:00+00:00,9.06,-9.79,-4.67,312.80,-19.28,14.13
2026-05-15 14:43:00+00:00,11.03,-8.40,2.72,322.72,11.08,14.13
2026-05-15 14:44:00+00:00,9.08,-10.41,-0.75,311.10,-3.12,13.83
2026-05-15 14:45:00+00:00,8.68,-11.20,-1.13,307.79,-4.55,14.21
2026-05-15 14:46:00+00:00,6.38,-12.61,-4.75,296.83,-18.60,14.91
2026-05-15 14:47:00+00:00,12.88,-5.96,4.90,335.18,19.03,15.02
2026-05-15 14:48:00+00:00,13.31,-4.96,4.07,339.58,15.98,14.78
2026-05-15 14:49:00+00:00,12.91,-4.35,4.85,341.37,19.60,14.46
2026-05-15 14:50:00+00:00,12.54,-2.44,7.30,349.01,29.75,14.72
2026-05-15 14:51:00+00:00,12.42,-2.63,6.70,348.03,27.83,14.35
2026-05-15 14:52:00+00:00,12.30,-6.98,2.03,330.41,8.17,14.29
2026-05-15 14:53:00+00:00,12.13,-5.77,2.88,334.56,12.10,13.74
2026-05-15 14:54:00+00:00,10.36,-4.91,4.23,334.67,20.24,12.22
2026-05-15 14:55:00+00:00,8.10,2.50,8.94,17.17,46.51,12.32
2026-05-15 14:56:00+00:00,6.78,5.59,8.06,39.51,42.55,11.92
2026-05-15 14:57:00+00:00,8.96,1.83,9.27,11.53,45.37,13.02
2026-05-15 14:58:00+00:00,8.54,1.39,10.15,9.24,49.56,13.34
2026-05-15 14:59:00+00:00,8.38,0.29,9.93,1.95,49.83,13.00
2026-05-15 15:00:00+00:00,9.56,0.02,8.57,0.10,41.88,12.84
2026-05-15 15:01:00+00:00,10.03,-0.17,7.27,359.01,35.93,12.39
2026-05-15 15:02:00+00:00,10.15,0.06,7.75,0.33,37.35,12.77
2026-05-15 15:03:00+00:00,8.90,2.09,7.41,13.22,39.04,11.76
2026-05-15 15:04:00+00:00,7.24,5.22,7.86,35.77,41.38,11.89
2026-05-15 15:05:00+00:00,10.08,2.00,7.05,11.23,34.47,12.46
2026-05-15 15:06:00+00:00,11.67,-0.19,5.11,359.07,23.63,12.74
2026-05-15 15:07:00+00:00,11.84,-4.66,3.91,338.50,17.09,13.31
2026-05-15 15:08:00+00:00,12.82,-3.47,4.70,344.84,19.51,14.09
2026-05-15 15:09:00+00:00,13.44,-2.59,1.53,349.08,6.36,13.77
2026-05-15 15:10:00+00:00,13.56,-1.85,0.99,352.24,4.13,13.72
2026-05-15 15:11:00+00:00,13.29,-2.63,3.05,348.82,12.69,13.89
2026-05-15 15:12:00+00:00,13.41,-3.06,3.78,347.13,15.35,14.26
2026-05-15 15:13:00+00:00,13.20,-3.12,4.16,346.69,17.06,14.19
2026-05-15 15:14:00+00:00,13.63,-4.28,3.45,342.55,13.58,14.70
2026-05-15 15:15:00+00:00,14.22,-3.99,2.88,344.32,11.04,15.05
2026-05-15 15:16:00+00:00,14.83,-3.50,2.42,346.72,9.03,15.43
2026-05-15 15:17:00+00:00,14.99,-2.99,1.87,348.72,6.99,15.40
2026-05-15 15:18:00+00:00,14.76,-3.83,1.09,345.47,4.08,15.29
2026-05-15 15:19:00+00:00,14.20,-4.57,-1.73,342.15,-6.61,15.02
2026-05-15 15:20:00+00:00,13.31,-4.01,-0.18,343.22,-0.74,13.90
2026-05-15 15:21:00+00:00,7.80,1.16,7.15,8.45,42.18,10.64
2026-05-15 15:22:00+00:00,6.30,1.67,9.52,14.81,55.59,11.54
2026-05-15 15:23:00+00:00,9.86,-0.72,7.11,355.82,35.73,12.18
2026-05-15 15:24:00+00:00,13.33,-1.34,4.53,354.28,18.67,14.14
2026-05-15 15:25:00+00:00,12.25,-3.08,5.61,345.87,23.93,13.82
2026-05-15 15:26:00+00:00,8.08,1.56,9.95,10.92,50.41,12.91
2026-05-15 15:27:00+00:00,7.86,1.98,8.20,14.12,45.33,11.53
2026-05-15 15:28:00+00:00,11.09,-0.26,5.72,358.68,27.29,12.48
2026-05-15 15:29:00+00:00,11.85,-2.08,5.67,350.06,25.23,13.30
2026-05-15 15:30:00+00:00,8.60,1.23,8.50,8.12,44.36,12.15
2026-05-15 15:31:00+00:00,9.03,1.04,8.84,6.58,44.18,12.68
2026-05-15 15:32:00+00:00,11.15,-6.28,0.05,330.59,0.24,12.80
2026-05-15 15:33:00+00:00,11.34,-8.21,-1.15,324.10,-4.68,14.04
2026-05-15 15:34:00+00:00,11.13,-9.89,1.00,318.38,3.84,14.92
2026-05-15 15:35:00+00:00,11.15,-11.67,0.15,313.69,0.55,16.13
2026-05-15 15:36:00+00:00,12.54,-9.55,2.44,322.72,8.80,15.95
2026-05-15 15:37:00+00:00,10.66,-11.47,1.16,312.91,4.24,15.71
2026-05-15 15:38:00+00:00,13.07,-7.27,4.63,330.91,17.19,15.66
2026-05-15 15:39:00+00:00,13.04,-7.54,1.39,329.96,5.27,15.13
2026-05-15 15:40:00+00:00,11.91,-8.44,2.12,324.69,8.24,14.75
2026-05-15 15:41:00+00:00,12.32,-8.84,-1.69,324.35,-6.37,15.26
2026-05-15 15:42:00+00:00,12.64,-8.58,-1.44,325.82,-5.39,15.35
2026-05-15 15:43:00+00:00,12.82,-7.37,-2.72,330.10,-10.41,15.04
2026-05-15 15:44:00+00:00,11.94,-9.32,0.58,322.03,2.21,15.16
2026-05-15 15:45:00+00:00,11.75,-9.45,-0.42,321.19,-1.60,15.09
2026-05-15 15:46:00+00:00,11.14,-10.76,-0.77,315.97,-2.84,15.51
2026-05-15 15:47:00+00:00,11.23,-10.28,-0.44,317.54,-1.67,15.23
2026-05-15 15:48:00+00:00,11.76,-9.92,-0.44,319.86,-1.62,15.39
2026-05-15 15:49:00+00:00,11.74,-10.41,-1.68,318.43,-6.12,15.78
2026-05-15 15:50:00+00:00,12.65,-9.34,-0.22,323.55,-0.82,15.73
2026-05-15 15:51:00+00:00,12.17,-9.44,1.09,322.22,4.05,15.44
2026-05-15 15:52:00+00:00,10.50,-11.07,0.95,313.51,3.56,15.29
2026-05-15 15:53:00+00:00,10.84,-10.44,2.28,316.09,8.61,15.22
2026-05-15 15:54:00+00:00,13.75,-6.52,3.25,334.62,12.05,15.56
2026-05-15 15:55:00+00:00,14.37,-6.70,4.56,334.99,16.03,16.50
2026-05-15 15:56:00+00:00,14.52,-7.95,2.85,331.30,9.78,16.80
2026-05-15 15:57:00+00:00,14.89,-6.75,3.71,335.61,12.80,16.76
2026-05-15 15:58:00+00:00,14.70,-2.18,4.35,351.55,16.31,15.49
2026-05-15 16:00:00+00:00,4.52,9.09,8.93,63.57,41.33,13.52
2026-05-15 16:02:00+00:00,9.68,5.71,6.19,30.54,28.85,12.83
2026-05-15 16:03:00+00:00,6.84,6.74,9.13,44.61,43.57,13.25
2026-05-15 16:04:00+00:00,7.75,5.96,9.70,37.56,44.78,13.78
2026-05-15 16:05:00+00:00,7.81,5.30,9.63,34.17,45.55,13.48
2026-05-15 16:06:00+00:00,10.47,2.17,7.18,11.71,33.87,12.88
2026-05-15 16:07:00+00:00,12.87,-3.34,3.19,345.46,13.50,13.67
2026-05-15 16:08:00+00:00,12.51,-5.12,0.03,337.75,0.13,13.52
2026-05-15 16:09:00+00:00,12.52,-6.00,-1.49,334.39,-6.14,13.96
2026-05-15 16:10:00+00:00,11.94,-7.58,-2.38,327.57,-9.55,14.34
2026-05-15 16:11:00+00:00,12.16,-7.77,-1.15,327.42,-4.56,14.47
2026-05-15 16:12:00+00:00,12.21,-7.72,-0.71,327.70,-2.82,14.47
2026-05-15 16:13:00+00:00,10.06,-8.89,-5.28,318.54,-21.44,14.43
2026-05-15 16:14:00+00:00,10.82,-8.43,-2.33,322.08,-9.63,13.91
2026-05-15 16:15:00+00:00,8.83,-9.83,-6.29,311.95,-25.47,14.63
2026-05-15 16:16:00+00:00,7.14,-11.25,-5.80,302.41,-23.51,14.53
2026-05-15 16:17:00+00:00,9.72,-12.00,-4.28,309.03,-15.48,16.02
2026-05-15 16:18:00+00:00,8.40,-10.68,-8.37,308.19,-31.64,15.96
2026-05-15 16:19:00+00:00,8.60,-8.45,-10.36,315.49,-40.67,15.89
2026-05-15 16:20:00+00:00,7.22,-7.00,-11.23,315.90,-48.14,15.07
2026-05-15 16:21:00+00:00,7.38,-7.20,-9.83,315.70,-43.63,14.24
2026-05-15 16:22:00+00:00,9.71,-5.36,-9.25,331.09,-39.84,14.45
2026-05-15 16:23:00+00:00,8.41,-7.02,-7.42,320.17,-34.12,13.23
2026-05-15 16:24:00+00:00,6.57,-2.20,-6.49,341.50,-43.13,9.49
2026-05-15 16:25:00+00:00,9.83,0.28,-3.01,1.61,-17.02,10.29
2026-05-15 16:26:00+00:00,5.82,-6.47,-7.46,311.97,-40.60,11.46
2026-05-15 16:27:00+00:00,8.58,-9.95,-5.60,310.76,-23.07,14.28
2026-05-15 16:30:00+00:00,8.29,-9.49,-9.21,311.11,-36.16,15.61
2026-05-15 16:31:00+00:00,7.58,-10.01,-8.82,307.13,-35.07,15.34
2026-05-15 16:32:00+00:00,9.22,-10.14,-7.44,312.30,-28.51,15.60
2026-05-15 16:33:00+00:00,11.83,-6.13,-2.84,332.61,-12.04,13.62
2026-05-15 16:34:00+00:00,8.49,-10.26,-3.89,309.61,-16.27,13.87
2026-05-15 16:35:00+00:00,5.58,-13.33,-4.75,292.72,-18.20,15.21
2026-05-15 16:36:00+00:00,3.24,-14.35,-3.16,282.73,-12.12,15.05
2026-05-15 16:37:00+00:00,3.27,-14.83,-2.31,282.45,-8.66,15.36
2026-05-15 16:38:00+00:00,6.33,-13.49,2.58,295.12,9.82,15.12
2026-05-15 16:39:00+00:00,8.90,-12.81,0.07,304.80,0.24,15.60
2026-05-15 16:40:00+00:00,7.81,-12.41,-3.00,302.17,-11.58,14.97
2026-05-15 16:41:00+00:00,9.32,-10.86,-3.70,310.65,-14.49,14.79
2026-05-15 16:42:00+00:00,9.31,-10.02,-6.26,312.90,-24.61,15.04
2026-05-15 16:43:00+00:00,10.03,-8.86,-6.78,318.55,-26.88,15.00
2026-05-15 16:44:00+00:00,9.34,-9.11,-7.60,315.73,-30.22,15.10
2026-05-15 16:45:00+00:00,6.41,-8.43,-10.78,307.23,-45.51,15.11
2026-05-15 16:46:00+00:00,6.06,-9.78,-8.26,301.81,-35.68,14.16
2026-05-15 16:47:00+00:00,4.01,-2.54,-13.64,327.64,-70.81,14.44
2026-05-15 16:48:00+00:00,5.73,-6.10,-12.38,313.19,-55.94,14.94
2026-05-15 16:49:00+00:00,6.73,-11.62,-5.99,300.08,-24.05,14.71
2026-05-15 16:50:00+00:00,9.09,-11.53,-1.83,308.26,-7.09,14.80
2026-05-15 16:51:00+00:00,6.73,-12.16,-5.06,298.96,-20.00,14.78
2026-05-15 16:52:00+00:00,7.35,-11.66,-5.02,302.22,-20.00,14.66
2026-05-15 16:53:00+00:00,8.62,-11.06,-3.53,307.94,-14.14,14.46
2026-05-15 16:54:00+00:00,7.03,-12.51,-1.38,299.33,-5.50,14.42
2026-05-15 16:55:00+00:00,6.37,-12.94,0.28,296.21,1.09,14.43
2026-05-15 16:56:00+00:00,5.85,-12.72,-2.60,294.70,-10.52,14.24
2026-05-15 16:57:00+00:00,7.89,-10.50,-4.51,306.91,-18.97,13.89
2026-05-15 17:00:00+00:00,5.12,-12.13,-3.20,292.90,-13.65,13.55
2026-05-15 17:01:00+00:00,6.72,-11.35,-2.47,300.61,-10.60,13.42
2026-05-15 17:02:00+00:00,8.92,-4.87,6.04,331.38,30.72,11.82
2026-05-15 17:03:00+00:00,7.62,-2.28,9.34,343.33,49.56,12.27
2026-05-15 17:04:00+00:00,3.37,-9.15,0.53,290.20,3.12,9.77
2026-05-15 17:05:00+00:00,3.20,-9.29,-0.19,288.98,-1.13,9.82
2026-05-15 17:06:00+00:00,7.84,-3.76,7.30,334.36,40.01,11.36
2026-05-15 17:07:00+00:00,7.26,-2.82,8.45,338.81,47.32,11.49
2026-05-15 17:08:00+00:00,4.96,-0.68,9.24,352.24,61.56,10.50
2026-05-15 17:09:00+00:00,5.62,-1.32,9.21,346.79,57.91,10.87
2026-05-15 17:10:00+00:00,7.31,-5.58,4.26,322.64,24.85,10.14
2026-05-15 17:11:00+00:00,8.63,-6.59,3.08,322.64,15.82,11.29
2026-05-15 17:12:00+00:00,7.66,-8.62,-1.12,311.62,-5.56,11.59
2026-05-15 17:13:00+00:00,5.50,-8.82,-5.20,301.94,-26.59,11.62
2026-05-15 17:14:00+00:00,5.02,-8.93,-5.45,299.31,-28.00,11.60
2026-05-15 17:15:00+00:00,4.20,-9.39,-5.16,294.11,-26.64,11.51
2026-05-15 17:16:00+00:00,5.17,1.78,6.74,19.04,50.95,8.68
2026-05-15 17:17:00+00:00,5.76,1.94,8.13,18.64,53.18,10.15
2026-05-15 17:18:00+00:00,7.18,-6.11,3.02,319.63,17.78,9.90
2026-05-15 17:19:00+00:00,3.39,4.98,8.93,55.75,55.97,10.77
2026-05-15 17:20:00+00:00,4.17,3.66,9.01,41.28,58.38,10.58
2026-05-15 17:21:00+00:00,3.20,4.78,8.58,56.22,56.16,10.33
2026-05-15 17:22:00+00:00,3.78,2.83,8.22,36.84,60.16,9.48
2026-05-15 17:23:00+00:00,7.58,-4.95,5.41,326.86,30.86,10.55
2026-05-15 17:24:00+00:00,7.82,-3.26,6.86,337.35,39.00,10.90
2026-05-15 17:25:00+00:00,8.03,-0.89,7.08,353.69,41.24,10.74
2026-05-15 17:26:00+00:00,8.61,0.50,6.54,3.35,37.15,10.82
2026-05-15 17:27:00+00:00,9.12,1.49,5.63,9.29,31.33,10.82
2026-05-15 17:28:00+00:00,8.56,-6.94,2.97,320.98,15.10,11.41
2026-05-15 17:29:00+00:00,9.05,-3.72,4.92,337.65,26.70,10.95
2026-05-15 17:30:00+00:00,9.38,-4.37,4.39,335.01,22.97,11.24
2026-05-15 17:31:00+00:00,9.84,-4.73,3.30,334.35,16.81,11.40
2026-05-15 17:32:00+00:00,9.78,-5.81,2.38,329.30,11.80,11.62
2026-05-15 17:33:00+00:00,9.29,-6.11,2.37,326.67,12.02,11.37
2026-05-15 17:34:00+00:00,10.09,-4.31,2.81,336.88,14.36,11.33
2026-05-15 17:35:00+00:00,10.93,-3.07,1.52,344.30,7.61,11.46
2026-05-15 17:36:00+00:00,10.37,-4.75,0.48,335.37,2.42,11.41
2026-05-15 17:37:00+00:00,5.25,-7.19,4.68,306.13,27.75,10.06
2026-05-15 17:38:00+00:00,5.60,-6.95,6.06,308.85,34.20,10.79
2026-05-15 17:39:00+00:00,6.55,-6.48,5.19,315.33,29.39,10.57
2026-05-15 17:40:00+00:00,8.44,-6.83,0.05,321.01,0.27,10.86
2026-05-15 17:41:00+00:00,8.01,-7.32,0.46,317.57,2.42,10.86
2026-05-15 17:44:00+00:00,4.35,-9.75,-1.50,294.06,-8.01,10.79
2026-05-15 17:45:00+00:00,3.13,-10.29,-1.98,286.90,-10.43,10.94
2026-05-15 17:46:00+00:00,3.32,-9.73,-3.39,288.84,-18.25,10.83
2026-05-15 17:47:00+00:00,2.53,-8.97,-5.37,285.73,-29.94,10.75
2026-05-15 17:48:00+00:00,8.22,-5.91,0.71,324.30,4.01,10.15
2026-05-15 17:49:00+00:00,8.51,-5.92,-0.73,325.20,-4.05,10.39
2026-05-15 17:50:00+00:00,7.47,-6.98,-1.47,316.93,-8.17,10.33
2026-05-15 17:51:00+00:00,6.54,-8.06,-2.12,309.03,-11.53,10.59
2026-05-15 17:52:00+00:00,5.70,-8.14,-3.61,305.01,-19.98,10.58
2026-05-15 17:53:00+00:00,4.86,-8.55,-3.93,299.58,-21.76,10.59
2026-05-15 17:54:00+00:00,5.32,-8.14,-2.68,303.16,-15.39,10.08
2026-05-15 17:55:00+00:00,4.85,-9.09,-2.62,298.08,-14.25,10.63
2026-05-15 17:56:00+00:00,6.22,-7.81,-3.20,308.54,-17.76,10.49
2026-05-15 17:57:00+00:00,7.61,-6.47,-2.59,319.63,-14.53,10.32
2026-05-15 17:58:00+00:00,5.27,-8.47,-1.90,301.88,-10.78,10.15
2026-05-15 17:59:00+00:00,5.75,-8.36,-1.53,304.53,-8.56,10.26
2026-05-15 18:00:00+00:00,4.77,-9.06,-0.61,297.74,-3.43,10.26
2026-05-15 18:01:00+00:00,3.72,-9.30,-0.60,291.83,-3.45,10.03
2026-05-15 18:02:00+00:00,8.71,-4.65,-1.31,331.93,-7.58,9.96
2026-05-15 18:03:00+00:00,9.49,-2.34,-3.35,346.16,-18.94,10.33
2026-05-15 18:04:00+00:00,9.58,-0.49,-3.96,357.06,-22.43,10.38
2026-05-15 18:05:00+00:00,9.52,-2.12,-3.86,347.45,-21.57,10.49
2026-05-15 18:06:00+00:00,9.08,-2.57,-4.45,344.22,-25.26,10.43
2026-05-15 18:07:00+00:00,9.61,-2.06,-3.53,347.93,-19.77,10.45
2026-05-15 18:08:00+00:00,8.44,-2.07,-5.62,346.21,-32.90,10.36
2026-05-15 18:09:00+00:00,8.09,-3.80,-4.59,334.85,-27.21,10.05
2026-05-15 18:10:00+00:00,8.85,-2.81,-4.92,342.39,-27.91,10.50
2026-05-15 18:11:00+00:00,8.67,-2.06,-5.22,346.62,-30.34,10.33
2026-05-15 18:12:00+00:00,7.14,-2.99,-7.03,337.26,-42.25,10.46
2026-05-15 18:14:00+00:00,5.02,-3.67,-8.37,323.83,-53.38,10.42
2026-05-15 18:15:00+00:00,6.02,-5.58,-4.40,317.20,-28.18,9.31
2026-05-15 18:16:00+00:00,5.43,-8.34,0.45,303.05,2.59,9.96
2026-05-15 18:17:00+00:00,5.30,-8.22,1.35,302.79,7.84,9.88
2026-05-15 18:18:00+00:00,4.08,-8.54,-2.60,295.51,-15.36,9.81
2026-05-15 18:19:00+00:00,3.12,-7.03,-6.01,293.95,-37.97,9.76
2026-05-15 18:20:00+00:00,2.49,-7.78,-5.78,287.75,-35.28,10.00
2026-05-15 18:21:00+00:00,4.49,-8.04,-4.13,299.17,-24.18,10.10
2026-05-15 18:22:00+00:00,4.34,-8.14,-4.23,298.03,-24.63,10.15
2026-05-15 18:23:00+00:00,5.06,-4.65,3.17,317.37,24.77,7.57
2026-05-15 18:24:00+00:00,4.00,-7.04,-0.28,299.61,-2.00,8.10
2026-05-15 18:25:00+00:00,1.29,-7.87,-5.28,279.32,-33.50,9.57
2026-05-15 18:26:00+00:00,6.04,-6.07,0.51,314.82,3.43,8.58
2026-05-15 18:27:00+00:00,6.83,-1.25,-0.80,349.66,-6.54,6.99
2026-05-15 18:28:00+00:00,4.54,-5.57,-1.00,309.21,-7.90,7.25
2026-05-15 18:29:00+00:00,2.19,-8.82,-2.22,283.93,-13.72,9.35
2026-05-15 18:30:00+00:00,1.31,-8.95,-3.89,278.32,-23.28,9.85
2026-05-15 18:31:00+00:00,2.98,-7.10,-6.59,292.75,-40.57,10.13
2026-05-15 18:32:00+00:00,-1.06,-8.98,-5.14,263.27,-29.61,10.40
2026-05-15 18:33:00+00:00,-1.69,-5.76,-8.40,253.62,-54.46,10.33
2026-05-15 18:34:00+00:00,-0.49,0.19,-9.21,159.35,-86.73,9.22
2026-05-15 18:35:00+00:00,6.64,-3.28,-4.90,333.73,-33.46,8.88
2026-05-15 18:36:00+00:00,2.21,-6.13,-6.11,289.79,-43.18,8.93
2026-05-15 18:37:00+00:00,1.77,-6.91,-6.15,284.36,-40.75,9.42
2026-05-15 18:38:00+00:00,3.79,-5.95,-6.80,302.52,-43.92,9.80
2026-05-15 18:39:00+00:00,3.45,-3.95,-7.24,311.18,-54.08,8.94
2026-05-15 18:40:00+00:00,4.52,-3.60,-6.29,321.48,-47.46,8.54
2026-05-15 18:41:00+00:00,-2.28,-5.27,5.38,246.62,43.15,7.87
2026-05-15 18:42:00+00:00,-4.49,-9.06,2.49,243.60,13.84,10.41
2026-05-15 18:44:00+00:00,2.76,-10.58,0.93,284.61,4.88,10.97
2026-05-15 18:45:00+00:00,-1.42,-9.74,-2.72,261.69,-15.43,10.21
2026-05-15 18:46:00+00:00,-2.85,-8.36,-3.98,251.16,-24.25,9.69
2026-05-15 18:47:00+00:00,-0.65,-9.21,-4.30,265.99,-24.97,10.18
2026-05-15 18:48:00+00:00,1.26,-8.66,-5.47,278.30,-32.04,10.32
2026-05-15 18:49:00+00:00,2.36,-8.30,-5.40,285.90,-32.07,10.18
2026-05-15 18:50:00+00:00,-0.47,-5.07,-8.70,264.70,-59.66,10.08
2026-05-15 18:51:00+00:00,5.13,-6.51,-1.77,308.24,-12.03,8.47
2026-05-15 18:52:00+00:00,2.53,-9.38,-0.24,285.12,-1.43,9.72
2026-05-15 18:53:00+00:00,6.35,-6.49,-2.56,314.35,-15.77,9.44
2026-05-15 18:54:00+00:00,8.75,-2.17,-3.59,346.10,-21.72,9.71
2026-05-15 18:55:00+00:00,7.84,-2.10,-4.64,344.98,-29.75,9.34
2026-05-15 18:56:00+00:00,8.04,-1.63,-4.57,348.57,-29.10,9.39
2026-05-15 18:57:00+00:00,8.27,-0.74,-4.40,354.86,-27.91,9.39
2026-05-15 18:58:00+00:00,9.36,-2.49,-4.64,345.08,-25.60,10.74
2026-05-15 18:59:00+00:00,9.35,-2.20,-4.13,346.77,-23.27,10.46
2026-05-15 19:00:00+00:00,4.53,-6.16,3.02,306.33,21.55,8.22
2026-05-15 19:01:00+00:00,7.31,-5.55,0.97,322.80,6.05,9.23
2026-05-15 19:02:00+00:00,6.70,-6.65,2.87,315.22,16.93,9.87
2026-05-15 19:03:00+00:00,8.26,-4.91,2.93,329.29,16.97,10.05
2026-05-15 19:04:00+00:00,7.87,-4.57,3.60,329.85,21.60,9.78
2026-05-15 19:05:00+00:00,8.10,-4.59,3.63,330.43,21.28,9.99
2026-05-15 19:06:00+00:00,8.13,-5.11,3.47,327.83,19.84,10.21
2026-05-15 19:07:00+00:00,7.42,-6.92,1.54,317.02,8.62,10.26
2026-05-15 19:08:00+00:00,6.86,-7.41,-0.41,312.78,-2.32,10.11
2026-05-15 19:09:00+00:00,7.35,-7.42,-0.60,314.71,-3.26,10.46
2026-05-15 19:10:00+00:00,8.21,-6.26,0.48,322.67,2.66,10.33
2026-05-15 19:11:00+00:00,7.39,-6.83,2.67,317.26,14.89,10.41
2026-05-15 19:12:00+00:00,7.72,-6.82,2.02,318.55,11.10,10.50
2026-05-15 19:14:00+00:00,10.04,0.55,-2.98,3.13,-16.51,10.49
2026-05-15 19:15:00+00:00,9.43,-1.41,-3.94,351.51,-22.47,10.32
2026-05-15 19:16:00+00:00,7.43,-5.04,2.25,325.84,14.08,9.26
2026-05-15 19:17:00+00:00,6.34,-6.93,4.24,312.47,24.27,10.31
2026-05-15 19:18:00+00:00,4.71,-8.29,3.66,299.63,20.98,10.21
2026-05-15 19:19:00+00:00,6.27,-6.77,3.22,312.77,19.25,9.77
2026-05-15 19:21:00+00:00,4.21,-5.90,7.14,305.51,44.56,10.17
2026-05-15 19:22:00+00:00,4.17,-8.76,3.69,295.47,20.82,10.38
2026-05-15 19:23:00+00:00,5.36,-7.32,4.87,306.21,28.21,10.30
2026-05-15 19:24:00+00:00,4.14,-8.71,3.59,295.40,20.40,10.29
2026-05-15 19:25:00+00:00,6.28,-2.02,5.16,342.15,38.03,8.38
2026-05-15 19:26:00+00:00,8.54,-1.44,6.68,350.44,37.65,10.94
2026-05-15 19:27:00+00:00,8.75,-2.16,5.89,346.15,33.18,10.77
2026-05-15 19:28:00+00:00,9.05,-4.46,3.27,333.75,17.94,10.61
2026-05-15 19:29:00+00:00,8.65,-5.84,3.43,325.99,18.21,10.99
2026-05-15 19:32:00+00:00,7.98,-5.68,-3.30,324.56,-18.64,10.33
2026-05-15 19:33:00+00:00,10.13,-3.65,-1.55,340.21,-8.20,10.88
2026-05-15 19:34:00+00:00,8.99,-5.02,-0.55,330.80,-3.03,10.31
2026-05-15 19:35:00+00:00,7.25,-7.26,-0.96,314.96,-5.37,10.30
2026-05-15 19:36:00+00:00,7.65,-6.83,-2.59,318.26,-14.16,10.57
2026-05-15 19:37:00+00:00,7.19,-6.88,-1.81,316.27,-10.30,10.11
2026-05-15 19:38:00+00:00,5.08,-9.25,-2.36,298.81,-12.60,10.81
2026-05-15 19:39:00+00:00,5.68,-7.99,-4.38,305.40,-24.07,10.74
2026-05-15 19:40:00+00:00,7.38,-6.49,-4.25,318.68,-23.36,10.71
2026-05-15 19:41:00+00:00,2.43,-9.44,-3.39,284.41,-19.18,10.32
2026-05-15 19:42:00+00:00,-0.33,-10.74,-3.06,268.22,-15.88,11.17
2026-05-15 19:43:00+00:00,5.63,-7.82,-3.93,305.76,-22.22,10.40
2026-05-15 19:44:00+00:00,6.68,-8.17,-2.86,309.24,-15.15,10.93
2026-05-15 19:45:00+00:00,6.13,-8.71,-3.03,305.14,-15.90,11.07
2026-05-15 19:46:00+00:00,3.42,-10.19,-2.88,288.55,-15.02,11.13
2026-05-15 19:49:00+00:00,6.79,-3.71,-7.24,331.37,-43.10,10.59
2026-05-15 19:50:00+00:00,5.97,-5.76,-6.71,316.04,-38.97,10.67
2026-05-15 19:51:00+00:00,6.55,-6.19,-5.67,316.61,-32.18,10.65
2026-05-15 19:52:00+00:00,5.99,-7.04,-5.23,310.38,-29.50,10.62
2026-05-15 19:53:00+00:00,8.25,-4.59,-5.43,330.94,-29.91,10.89
2026-05-15 19:54:00+00:00,9.60,-1.68,-5.31,350.05,-28.59,11.10
2026-05-15 19:55:00+00:00,10.08,1.39,-4.46,7.86,-23.67,11.11
2026-05-15 19:56:00+00:00,10.76,0.04,-2.98,0.23,-15.49,11.16
2026-05-15 19:57:00+00:00,10.96,-2.39,-0.69,347.72,-3.51,11.24
2026-05-15 19:58:00+00:00,10.99,-1.91,-0.06,350.12,-0.33,11.16
2026-05-15 19:59:00+00:00,11.04,-1.74,-0.61,351.05,-3.13,11.19
2026-05-15 20:00:00+00:00,10.88,-1.58,-2.15,351.71,-11.09,11.20
2026-05-15 20:01:00+00:00,10.61,-3.26,-0.68,342.93,-3.50,11.12
2026-05-15 20:02:00+00:00,9.87,-3.63,-1.56,339.79,-8.44,10.63
2026-05-15 20:03:00+00:00,8.22,-5.10,-3.80,328.20,-21.46,10.39
2026-05-15 20:04:00+00:00,9.37,-5.07,-1.09,331.60,-5.86,10.71
2026-05-15 20:05:00+00:00,8.18,-6.74,-1.09,320.54,-5.85,10.66
2026-05-15 20:06:00+00:00,6.48,-7.02,4.71,312.69,26.26,10.66
2026-05-15 20:07:00+00:00,4.39,-7.11,6.52,301.68,37.97,10.60
2026-05-15 20:08:00+00:00,8.38,-6.65,-2.49,321.57,-13.10,10.98
2026-05-15 20:09:00+00:00,6.32,-7.56,2.35,309.89,13.39,10.12
2026-05-15 20:10:00+00:00,5.47,-8.17,4.25,303.81,23.35,10.72
2026-05-15 20:11:00+00:00,4.53,-9.71,0.06,295.01,0.34,10.71
2026-05-15 20:12:00+00:00,2.65,-9.91,-4.07,284.99,-21.65,11.03
2026-05-15 20:13:00+00:00,2.83,-7.65,-6.83,290.31,-39.92,10.64
2026-05-15 20:14:00+00:00,5.24,-5.45,-8.10,313.91,-46.97,11.08
2026-05-15 20:15:00+00:00,7.65,-3.02,-1.70,338.47,-11.66,8.40
2026-05-15 20:16:00+00:00,10.24,-1.99,1.46,349.03,7.95,10.53
2026-05-15 20:17:00+00:00,9.93,-1.76,2.48,349.95,13.82,10.38
2026-05-15 20:18:00+00:00,7.74,-7.05,1.05,317.66,5.72,10.52
2026-05-15 20:19:00+00:00,7.12,-6.68,3.95,316.83,22.05,10.54
2026-05-15 20:20:00+00:00,7.40,-5.94,4.93,321.23,27.48,10.69
2026-05-15 20:21:00+00:00,8.82,-5.78,-0.66,326.74,-3.59,10.57
2026-05-15 20:22:00+00:00,8.01,-5.22,-3.70,326.92,-21.14,10.25
2026-05-15 20:23:00+00:00,8.01,-5.10,-6.01,327.53,-32.31,11.24
2026-05-15 20:24:00+00:00,7.08,-6.26,-6.38,318.53,-34.03,11.40
2026-05-15 20:25:00+00:00,5.31,-6.82,-7.65,307.90,-41.51,11.54
2026-05-15 20:26:00+00:00,4.52,-5.81,-8.91,307.87,-50.44,11.56
2026-05-15 20:27:00+00:00,6.69,-1.75,-9.02,345.36,-52.55,11.37
2026-05-15 20:28:00+00:00,5.35,-6.02,-8.17,311.60,-45.40,11.47
2026-05-15 20:29:00+00:00,6.51,-3.94,-8.22,328.80,-47.17,11.20
2026-05-15 20:30:00+00:00,6.04,-4.21,-8.51,325.12,-49.14,11.25
2026-05-15 20:31:00+00:00,4.32,-6.11,-8.33,305.24,-48.04,11.20
2026-05-15 20:32:00+00:00,3.70,-5.98,-9.09,301.74,-52.31,11.49
2026-05-15 20:33:00+00:00,3.33,-6.38,-8.92,297.56,-51.10,11.46
2026-05-15 20:34:00+00:00,2.39,-5.08,-9.94,295.23,-60.54,11.42
2026-05-15 20:35:00+00:00,2.71,-4.42,-10.07,301.55,-62.74,11.33
2026-05-15 20:36:00+00:00,4.45,-5.46,-8.86,309.21,-51.50,11.32
2026-05-15 20:37:00+00:00,7.71,-5.60,-5.35,324.03,-29.30,10.93
2026-05-15 20:38:00+00:00,8.36,-5.44,-4.97,326.96,-26.46,11.15
2026-05-15 20:39:00+00:00,6.81,-7.02,-5.57,314.13,-29.66,11.25
2026-05-15 20:40:00+00:00,6.95,-7.17,-4.91,314.10,-26.17,11.12
2026-05-15 20:41:00+00:00,6.93,-8.06,-3.22,310.67,-16.86,11.11
2026-05-15 20:42:00+00:00,8.03,-7.68,-1.38,316.30,-7.07,11.20
2026-05-15 20:43:00+00:00,7.95,-7.46,1.85,316.83,9.61,11.06
2026-05-15 20:44:00+00:00,5.67,-9.11,-4.37,301.90,-22.16,11.58
2026-05-15 20:45:00+00:00,5.50,-9.53,-5.57,299.99,-26.84,12.33
2026-05-15 20:46:00+00:00,5.65,-9.76,-6.04,300.07,-28.15,12.80
2026-05-15 20:47:00+00:00,5.08,-8.77,-8.68,300.08,-40.58,13.35
2026-05-15 20:48:00+00:00,5.28,-7.63,-9.19,304.68,-44.69,13.06
2026-05-15 20:49:00+00:00,3.90,-7.09,-10.31,298.81,-51.89,13.11
2026-05-15 20:50:00+00:00,3.91,-7.54,-10.02,297.42,-49.72,13.14
2026-05-15 20:51:00+00:00,3.90,-8.10,-9.51,295.69,-46.61,13.09
2026-05-15 20:52:00+00:00,4.65,-8.42,-8.83,298.90,-42.57,13.05
2026-05-15 20:53:00+00:00,5.20,-8.21,-8.71,302.35,-41.86,13.05
2026-05-15 20:54:00+00:00,3.80,-8.98,-8.21,292.91,-40.11,12.75
2026-05-15 20:55:00+00:00,0.75,-9.86,-8.65,274.37,-41.17,13.14
2026-05-15 20:56:00+00:00,0.64,-9.24,-9.41,273.93,-45.45,13.21
2026-05-15 20:57:00+00:00,2.04,-9.30,-9.37,282.40,-44.55,13.36
2026-05-15 20:58:00+00:00,3.72,-8.72,-9.16,293.09,-44.02,13.18
2026-05-15 21:01:00+00:00,5.26,-6.41,-10.30,309.36,-51.19,13.22
2026-05-15 21:02:00+00:00,5.07,-7.39,-9.76,304.45,-47.44,13.25
2026-05-15 21:03:00+00:00,6.31,-7.73,-8.94,309.21,-41.86,13.40
2026-05-15 21:04:00+00:00,4.79,-8.62,-8.85,299.06,-41.90,13.25
2026-05-15 21:05:00+00:00,4.25,-9.29,-7.84,294.61,-37.52,12.88
2026-05-15 21:06:00+00:00,6.55,-9.48,-5.69,304.63,-26.29,12.85
2026-05-15 21:07:00+00:00,7.25,-9.50,-2.22,307.34,-10.53,12.16
2026-05-15 21:08:00+00:00,9.51,-7.14,0.44,323.09,2.13,11.90
2026-05-15 21:09:00+00:00,9.41,-6.59,2.36,325.01,11.63,11.73
2026-05-15 21:10:00+00:00,7.00,-7.07,-4.92,314.73,-26.32,11.10
2026-05-15 21:11:00+00:00,5.91,-7.29,-7.80,309.06,-39.73,12.20
2026-05-15 21:12:00+00:00,6.41,-6.96,-7.48,312.63,-38.31,12.06
2026-05-15 21:13:00+00:00,7.63,-7.64,-5.42,314.96,-26.64,12.08
2026-05-15 21:14:00+00:00,8.23,-5.91,-7.28,324.32,-35.70,12.47
2026-05-15 21:15:00+00:00,8.17,-4.74,-7.79,329.85,-39.49,12.24
2026-05-15 21:16:00+00:00,7.35,-3.33,-9.42,335.62,-49.41,12.40
2026-05-15 21:17:00+00:00,3.89,-9.22,-7.57,292.90,-37.10,12.55
2026-05-15 21:18:00+00:00,5.05,-5.57,-10.63,312.21,-54.73,13.02
2026-05-15 21:19:00+00:00,5.80,-8.47,-7.51,304.38,-36.19,12.72
2026-05-15 21:20:00+00:00,7.59,-6.58,-8.66,319.07,-40.77,13.26
2026-05-15 21:21:00+00:00,5.83,-9.03,-6.51,302.86,-31.22,12.57
2026-05-15 21:22:00+00:00,6.10,-9.80,-5.84,301.87,-26.84,12.94
2026-05-15 21:23:00+00:00,6.74,-9.11,-6.68,306.49,-30.52,13.15
2026-05-15 21:24:00+00:00,6.77,-7.84,-6.87,310.81,-33.55,12.43
2026-05-15 21:25:00+00:00,2.30,-10.76,-6.46,282.08,-30.41,12.76
2026-05-15 21:26:00+00:00,2.44,-10.44,-6.67,283.14,-31.90,12.63
2026-05-15 21:27:00+00:00,1.09,-10.77,-6.81,275.79,-32.16,12.79
2026-05-15 21:28:00+00:00,2.58,-9.16,-7.58,285.71,-38.55,12.17
2026-05-15 21:29:00+00:00,7.41,-9.25,-4.82,308.71,-22.14,12.80
2026-05-15 21:30:00+00:00,6.91,-9.65,-5.63,305.59,-25.36,13.14
2026-05-15 21:31:00+00:00,9.41,-8.71,-3.63,317.21,-15.80,13.33
2026-05-15 21:32:00+00:00,9.20,-8.57,-4.15,317.04,-18.26,13.24
2026-05-15 21:33:00+00:00,9.02,-8.27,-4.59,317.46,-20.56,13.07
2026-05-15 21:34:00+00:00,11.69,-5.48,-2.69,334.89,-11.77,13.18
2026-05-15 21:35:00+00:00,10.46,-7.10,-4.53,325.82,-19.73,13.43
2026-05-15 21:36:00+00:00,12.21,-3.00,0.09,346.19,0.40,12.57
2026-05-15 21:37:00+00:00,11.10,-7.18,-0.95,327.10,-4.11,13.25
2026-05-15 21:38:00+00:00,10.58,-8.33,-1.07,321.80,-4.56,13.51
2026-05-15 21:39:00+00:00,9.83,-7.91,-0.11,321.15,-0.48,12.62
2026-05-15 21:40:00+00:00,11.82,-1.65,4.75,352.06,21.70,12.84
2026-05-15 21:41:00+00:00,11.07,-3.39,6.19,342.98,28.12,13.13
2026-05-15 21:42:00+00:00,11.34,-6.24,2.51,331.20,10.99,13.19
2026-05-15 21:43:00+00:00,11.71,-3.03,7.55,345.48,31.96,14.26
2026-05-15 21:44:00+00:00,11.37,-2.86,8.26,345.88,35.17,14.35
2026-05-15 21:45:00+00:00,11.15,-3.60,7.63,342.10,33.06,13.99
2026-05-15 21:46:00+00:00,10.51,-3.99,8.50,339.19,37.10,14.10
2026-05-15 21:47:00+00:00,10.11,-4.28,9.35,337.07,40.41,14.42
2026-05-15 21:48:00+00:00,7.95,-3.68,3.63,335.17,22.53,9.48
2026-05-15 21:49:00+00:00,5.77,-7.35,-11.56,308.13,-51.06,14.87
2026-05-15 21:50:00+00:00,8.58,-7.96,-8.46,317.14,-35.86,14.44
2026-05-15 21:51:00+00:00,11.91,-5.72,-0.71,334.37,-3.06,13.23
2026-05-15 21:52:00+00:00,11.14,-7.26,-1.31,326.90,-5.63,13.36
2026-05-15 21:53:00+00:00,10.44,-8.25,-1.27,321.67,-5.47,13.36
2026-05-15 21:54:00+00:00,10.50,-8.16,-1.92,322.16,-8.20,13.44
2026-05-15 21:55:00+00:00,10.04,-8.22,-4.72,320.68,-19.98,13.80
2026-05-15 21:56:00+00:00,9.84,-8.12,-5.98,320.47,-25.12,14.10
2026-05-15 21:57:00+00:00,9.07,-9.20,-5.59,314.60,-23.40,14.08
2026-05-15 21:58:00+00:00,8.92,-9.18,-4.83,314.19,-20.68,13.68
2026-05-15 22:00:00+00:00,9.37,-8.12,-4.22,319.11,-18.78,13.10
2026-05-15 22:01:00+00:00,9.89,-8.58,-5.10,319.08,-21.29,14.05
2026-05-15 22:02:00+00:00,9.16,-7.99,-6.63,318.88,-28.62,13.85
2026-05-15 22:03:00+00:00,10.35,-8.04,-4.54,322.15,-19.12,13.87
2026-05-15 22:04:00+00:00,10.33,-8.25,-3.58,321.40,-15.15,13.70
2026-05-15 22:05:00+00:00,10.99,-8.36,-1.37,322.73,-5.65,13.88
2026-05-15 22:06:00+00:00,10.26,-8.77,-3.63,319.47,-15.07,13.97
2026-05-15 22:07:00+00:00,8.69,-8.93,-7.47,314.24,-30.93,14.53
2026-05-15 22:08:00+00:00,8.35,-9.04,-8.08,312.72,-33.29,14.72
2026-05-15 22:09:00+00:00,8.32,-9.24,-8.30,312.00,-33.72,14.95
2026-05-15 22:10:00+00:00,8.40,-9.21,-8.31,312.34,-33.70,14.98
2026-05-15 22:11:00+00:00,6.37,-8.83,-10.48,305.82,-43.91,15.12
2026-05-15 22:12:00+00:00,6.85,-8.28,-10.78,309.57,-45.10,15.22
2026-05-15 22:13:00+00:00,6.72,-9.41,-10.04,305.55,-40.96,15.32
2026-05-15 22:14:00+00:00,8.69,-9.74,-7.68,311.75,-30.46,15.14
2026-05-15 22:15:00+00:00,7.83,-8.68,-9.47,312.08,-39.01,15.05
2026-05-15 22:16:00+00:00,8.43,-8.62,-9.30,314.35,-37.64,15.23
2026-05-15 22:17:00+00:00,7.89,-9.62,-8.71,309.35,-34.98,15.19
2026-05-15 22:18:00+00:00,7.65,-9.48,-8.90,308.91,-36.14,15.08
2026-05-15 22:19:00+00:00,7.37,-9.47,-9.30,307.89,-37.80,15.18
2026-05-15 22:20:00+00:00,5.28,-10.31,-9.89,297.11,-40.50,15.23
2026-05-15 22:21:00+00:00,4.95,-9.87,-10.50,296.64,-43.54,15.24
2026-05-15 22:22:00+00:00,6.10,-8.85,-10.69,304.59,-44.84,15.16
2026-05-15 22:23:00+00:00,6.45,-8.82,-10.31,306.19,-43.33,15.02
2026-05-15 22:24:00+00:00,7.12,-8.34,-10.14,310.48,-42.77,14.93
2026-05-15 22:25:00+00:00,9.72,-8.97,-6.76,317.29,-27.06,14.85
2026-05-15 22:26:00+00:00,6.87,-7.43,-8.76,312.78,-40.88,13.38
2026-05-15 22:27:00+00:00,7.10,-6.25,-8.06,318.66,-40.40,12.43
2026-05-15 22:28:00+00:00,5.97,-5.27,-9.69,318.58,-50.58,12.54
2026-05-15 22:29:00+00:00,5.91,-4.96,-10.01,319.98,-52.36,12.64
2026-05-15 22:30:00+00:00,7.59,-7.43,-6.81,315.63,-32.68,12.62
2026-05-15 22:31:00+00:00,7.79,-10.27,-1.68,307.17,-7.43,13.00
2026-05-15 22:32:00+00:00,8.01,-8.68,-1.61,312.70,-7.78,11.92
2026-05-15 22:33:00+00:00,9.17,-7.96,2.57,319.04,11.94,12.41
2026-05-15 22:34:00+00:00,7.31,-7.13,-4.99,315.69,-26.03,11.36
2026-05-15 22:35:00+00:00,6.08,-6.58,-9.48,312.75,-46.63,13.04
2026-05-15 22:36:00+00:00,9.07,-6.14,-3.17,325.90,-16.15,11.41
2026-05-15 22:37:00+00:00,10.27,-5.35,2.70,332.50,13.14,11.89
2026-05-15 22:38:00+00:00,9.59,-5.63,4.60,329.60,22.48,12.04
2026-05-15 22:39:00+00:00,8.94,-5.75,5.22,327.26,26.17,11.84
2026-05-15 22:40:00+00:00,7.76,-5.52,7.70,324.55,38.97,12.25
2026-05-15 22:41:00+00:00,7.34,-5.29,7.57,324.25,39.93,11.80
2026-05-15 22:42:00+00:00,8.73,-7.73,0.76,318.48,3.74,11.69
2026-05-15 22:43:00+00:00,8.67,-7.59,0.08,318.80,0.40,11.52
2026-05-15 22:44:00+00:00,8.30,-7.39,-0.29,318.33,-1.52,11.12
2026-05-15 22:45:00+00:00,7.55,-4.11,5.58,331.45,33.03,10.25
2026-05-15 22:46:00+00:00,7.98,-4.45,3.11,330.84,18.82,9.65
2026-05-15 22:47:00+00:00,7.18,-4.59,5.04,327.40,30.58,9.90
2026-05-15 22:48:00+00:00,8.33,-4.88,3.12,329.62,17.91,10.15
2026-05-15 22:49:00+00:00,7.85,-5.14,3.24,326.81,19.03,9.92
2026-05-15 22:50:00+00:00,7.25,-6.54,2.12,317.93,12.28,9.99
2026-05-15 22:51:00+00:00,7.48,-6.31,0.07,319.88,0.42,9.79
2026-05-15 22:52:00+00:00,6.71,-5.65,-1.66,319.88,-10.74,8.93
2026-05-15 22:53:00+00:00,5.62,-4.46,-4.45,321.53,-31.80,8.44
2026-05-15 22:54:00+00:00,5.61,-4.25,-6.88,322.83,-44.36,9.84
2026-05-15 22:55:00+00:00,4.14,-2.61,-8.82,327.72,-60.98,10.09
2026-05-15 22:56:00+00:00,3.92,-2.46,-8.94,327.90,-62.65,10.07
2026-05-15 22:57:00+00:00,4.04,-2.84,-9.14,324.88,-61.59,10.39
2026-05-15 22:58:00+00:00,1.59,2.08,-8.55,52.57,-72.99,8.94
2026-05-15 22:59:00+00:00,1.90,0.99,-8.65,27.65,-76.08,8.91
2026-05-15 23:00:00+00:00,0.76,1.83,-8.52,67.43,-76.92,8.75
2026-05-15 23:01:00+00:00,1.39,2.05,-8.83,55.74,-74.34,9.17
2026-05-15 23:02:00+00:00,0.12,5.43,-5.34,88.72,-44.53,7.61
2026-05-15 23:03:00+00:00,0.77,5.30,-5.92,81.73,-47.84,7.98
2026-05-15 23:04:00+00:00,1.21,4.95,-6.90,76.26,-53.56,8.58
2026-05-15 23:05:00+00:00,-1.51,-3.09,-8.76,243.96,-68.59,9.41
2026-05-15 23:06:00+00:00,0.17,-2.00,-9.06,274.96,-77.49,9.28
2026-05-15 23:07:00+00:00,-1.12,-2.21,-8.70,243.00,-74.11,9.04
2026-05-15 23:08:00+00:00,-2.62,1.72,-8.64,146.80,-70.07,9.19
2026-05-15 23:09:00+00:00,-3.72,6.13,-5.09,121.22,-35.36,8.79
2026-05-15 23:10:00+00:00,-3.88,4.34,-5.96,131.81,-45.66,8.33
2026-05-15 23:11:00+00:00,-4.90,0.17,-8.02,178.06,-58.55,9.40
2026-05-15 23:12:00+00:00,-2.14,-0.63,-8.78,196.49,-75.75,9.06
2026-05-15 23:13:00+00:00,-2.49,-2.28,-8.34,222.46,-67.95,9.00
2026-05-15 23:14:00+00:00,-2.50,-0.59,-8.65,193.30,-73.43,9.02
2026-05-15 23:15:00+00:00,-3.83,1.04,-7.80,164.81,-63.07,8.75
2026-05-15 23:16:00+00:00,-3.46,1.01,-7.70,163.76,-64.96,8.50
2026-05-15 23:17:00+00:00,-3.36,1.90,-6.23,150.48,-58.20,7.33
2026-05-15 23:18:00+00:00,-4.53,2.45,-6.07,151.59,-49.69,7.96
2026-05-15 23:19:00+00:00,0.55,-1.33,-2.35,292.44,-58.49,2.76
2026-05-15 23:20:00+00:00,2.17,-0.60,-6.72,344.47,-71.46,7.09
2026-05-15 23:21:00+00:00,1.24,-0.70,-7.57,330.46,-79.32,7.70
2026-05-15 23:22:00+00:00,1.63,-1.98,-8.20,309.42,-72.63,8.59
2026-05-15 23:23:00+00:00,0.84,-3.33,-8.06,284.18,-66.91,8.77
2026-05-15 23:24:00+00:00,-0.21,-4.38,-7.63,267.27,-60.12,8.80
2026-05-15 23:25:00+00:00,1.05,-6.07,-6.09,279.83,-44.68,8.66
2026-05-15 23:26:00+00:00,2.05,-6.31,-5.47,288.01,-39.49,8.60
2026-05-15 23:27:00+00:00,2.70,-3.46,-7.22,308.01,-58.68,8.45
2026-05-15 23:28:00+00:00,2.51,-1.70,-7.93,325.96,-69.11,8.49
2026-05-15 23:29:00+00:00,2.48,-2.85,-6.37,311.01,-59.28,7.41
2026-05-15 23:30:00+00:00,3.23,-6.49,2.69,296.46,20.32,7.73
2026-05-15 23:31:00+00:00,4.60,-5.71,1.92,308.85,14.67,7.58
2026-05-15 23:32:00+00:00,5.51,-5.07,0.33,317.33,2.53,7.49
2026-05-15 23:33:00+00:00,5.53,-5.07,0.69,317.46,5.26,7.54
2026-05-15 23:34:00+00:00,5.95,-4.34,1.16,323.91,8.96,7.46
2026-05-15 23:35:00+00:00,5.18,-3.64,3.70,324.95,30.31,7.33
2026-05-15 23:36:00+00:00,4.87,-3.12,4.93,327.33,40.42,7.60
2026-05-15 23:37:00+00:00,5.55,-3.12,4.54,330.70,35.47,7.82
2026-05-15 23:38:00+00:00,5.98,-2.29,3.29,339.04,27.22,7.20
2026-05-15 23:39:00+00:00,6.63,-3.08,2.66,335.12,20.00,7.78
2026-05-15 23:40:00+00:00,6.61,-2.78,2.65,337.19,20.29,7.64
2026-05-15 23:41:00+00:00,6.72,-1.91,2.88,344.12,22.39,7.55
2026-05-15 23:42:00+00:00,5.84,-3.54,2.75,328.78,21.96,7.36
2026-05-15 23:43:00+00:00,3.33,-2.55,6.17,322.54,55.83,7.46
2026-05-15 23:44:00+00:00,4.59,-3.05,5.15,326.42,43.10,7.54
2026-05-15 23:45:00+00:00,4.52,-2.81,4.75,328.16,41.73,7.13
2026-05-15 23:46:00+00:00,5.55,-1.97,3.54,340.46,30.97,6.87
2026-05-15 23:47:00+00:00,5.01,0.70,-2.25,7.94,-23.94,5.54
2026-05-15 23:48:00+00:00,3.17,0.92,-6.04,16.16,-61.34,6.89
2026-05-15 23:49:00+00:00,3.97,0.52,-5.66,7.50,-54.68,6.93
2026-05-15 23:50:00+00:00,4.30,0.85,-5.66,11.15,-52.27,7.15
2026-05-15 23:51:00+00:00,3.70,0.72,-6.29,11.03,-59.10,7.33
2026-05-15 23:52:00+00:00,2.65,1.09,-6.97,22.46,-67.64,7.53
2026-05-15 23:53:00+00:00,3.34,1.43,-6.62,23.20,-61.23,7.56
2026-05-15 23:54:00+00:00,4.26,1.01,-6.03,13.32,-54.02,7.45
2026-05-15 23:55:00+00:00,3.67,1.84,-6.03,26.61,-55.71,7.29
2026-05-15 23:56:00+00:00,3.51,2.86,-5.95,39.09,-52.73,7.48
2026-05-15 23:57:00+00:00,3.56,3.48,-5.72,44.39,-48.98,7.58
2026-05-15 23:58:00+00:00,4.63,1.93,-3.50,22.66,-34.86,6.12
2026-05-15 23:59:00+00:00,6.55,-2.31,0.41,340.60,3.39,6.96
2026-05-16 00:00:00+00:00,5.61,-4.21,1.32,323.10,10.63,7.13
2026-05-16 00:01:00+00:00,5.65,-3.18,-1.94,330.59,-16.66,6.77
2026-05-16 00:02:00+00:00,5.44,-3.73,-2.17,325.54,-18.20,6.94
2026-05-16 00:03:00+00:00,5.33,-3.97,-2.36,323.33,-19.56,7.06
2026-05-16 00:04:00+00:00,5.26,-3.25,-3.21,328.31,-27.48,6.97
2026-05-16 00:05:00+00:00,5.36,-3.69,-2.61,325.44,-21.85,7.01
2026-05-16 00:06:00+00:00,5.00,-4.08,-2.66,320.80,-22.39,6.98
2026-05-16 00:07:00+00:00,3.73,-3.06,-4.91,320.61,-45.49,6.88
2026-05-16 00:08:00+00:00,2.43,-2.04,-6.30,319.94,-63.29,7.06
2026-05-16 00:09:00+00:00,1.80,-4.21,-4.59,293.16,-45.07,6.48
2026-05-16 00:10:00+00:00,1.95,-5.71,-3.87,288.90,-32.71,7.17
2026-05-16 00:11:00+00:00,1.53,-2.91,-6.45,297.81,-63.01,7.24
2026-05-16 00:12:00+00:00,2.36,-2.61,-5.94,312.10,-59.36,6.90
2026-05-16 00:13:00+00:00,1.62,-3.40,-5.74,295.47,-56.71,6.86
2026-05-16 00:14:00+00:00,3.44,-4.26,-4.33,308.90,-38.35,6.98
2026-05-16 00:15:00+00:00,2.48,-2.25,-5.96,317.83,-60.67,6.83
2026-05-16 00:16:00+00:00,2.22,-4.40,-5.46,296.74,-47.92,7.36
2026-05-16 00:17:00+00:00,2.72,-3.16,-6.09,310.75,-55.61,7.38
2026-05-16 00:18:00+00:00,3.11,-2.38,-6.31,322.59,-58.15,7.43
2026-05-16 00:19:00+00:00,2.96,-1.04,-6.30,340.70,-63.57,7.04
2026-05-16 00:20:00+00:00,5.03,2.05,-3.83,22.17,-35.22,6.65
2026-05-16 00:21:00+00:00,4.74,4.29,-3.05,42.13,-25.53,7.08
2026-05-16 00:22:00+00:00,4.50,2.48,-4.30,28.92,-39.94,6.70
2026-05-16 00:23:00+00:00,5.74,3.27,-1.98,29.67,-16.70,6.89
2026-05-16 00:24:00+00:00,5.53,4.00,-1.75,35.88,-14.35,7.04
2026-05-16 00:25:00+00:00,5.95,2.30,-3.05,21.14,-25.57,7.07
2026-05-16 00:26:00+00:00,6.24,2.41,-2.25,21.13,-18.59,7.06
2026-05-16 00:27:00+00:00,6.75,1.57,-1.69,13.07,-13.67,7.14
2026-05-16 00:28:00+00:00,6.66,2.10,-1.26,17.49,-10.25,7.09
2026-05-16 00:29:00+00:00,6.26,1.44,-2.15,12.96,-18.52,6.77
2026-05-16 00:30:00+00:00,5.07,-3.39,-0.97,326.28,-9.08,6.18
2026-05-16 00:31:00+00:00,5.80,-2.88,-2.43,333.61,-20.60,6.92
2026-05-16 00:32:00+00:00,5.97,-2.66,-2.09,336.00,-17.69,6.86
2026-05-16 00:33:00+00:00,6.84,-0.62,-0.71,354.80,-5.93,6.91
2026-05-16 00:34:00+00:00,6.73,0.15,1.04,1.31,8.81,6.81
2026-05-16 00:35:00+00:00,6.30,0.57,2.34,5.19,20.27,6.74
2026-05-16 00:36:00+00:00,5.41,0.83,3.94,8.75,35.72,6.75
2026-05-16 00:37:00+00:00,5.74,0.83,3.59,8.20,31.78,6.82
2026-05-16 00:38:00+00:00,5.66,-1.24,3.73,347.66,32.76,6.89
2026-05-16 00:39:00+00:00,5.42,0.20,3.94,2.08,36.03,6.70
2026-05-16 00:40:00+00:00,5.76,0.70,3.22,6.97,29.00,6.64
2026-05-16 00:41:00+00:00,6.54,0.04,0.07,0.31,0.60,6.54
2026-05-16 00:42:00+00:00,6.04,1.94,2.18,17.78,18.93,6.71
2026-05-16 00:43:00+00:00,6.39,1.64,1.37,14.37,11.72,6.74
2026-05-16 00:44:00+00:00,6.40,-0.95,1.36,351.55,11.91,6.61
2026-05-16 00:45:00+00:00,6.09,-2.69,-0.62,336.14,-5.34,6.69
2026-05-16 00:46:00+00:00,5.74,-1.72,-2.89,343.36,-25.73,6.65
2026-05-16 00:47:00+00:00,6.29,0.44,-2.58,4.01,-22.24,6.81
2026-05-16 00:48:00+00:00,6.69,0.86,-1.19,7.36,-10.03,6.85
2026-05-16 00:49:00+00:00,6.57,-0.95,1.20,351.80,10.21,6.75
2026-05-16 00:50:00+00:00,6.63,-1.42,0.99,347.91,8.31,6.85
2026-05-16 00:51:00+00:00,5.28,-2.18,-0.71,337.60,-7.08,5.76
2026-05-16 00:52:00+00:00,3.47,-1.91,-5.23,331.16,-52.85,6.57
2026-05-16 00:53:00+00:00,5.73,-3.05,-2.25,331.96,-19.13,6.87
2026-05-16 00:54:00+00:00,5.81,-3.52,-1.05,328.83,-8.83,6.87
2026-05-16 00:55:00+00:00,6.12,-2.46,-1.57,338.09,-13.40,6.78
2026-05-16 00:56:00+00:00,5.12,-3.83,-2.10,323.18,-18.21,6.73
2026-05-16 00:57:00+00:00,5.76,-1.76,-2.93,342.97,-25.93,6.69
2026-05-16 00:58:00+00:00,6.25,1.72,-1.03,15.40,-9.00,6.57
2026-05-16 00:59:00+00:00,6.06,2.71,0.54,24.10,4.65,6.66
2026-05-16 01:00:00+00:00,5.17,3.65,1.38,35.23,12.31,6.48
2026-05-16 01:01:00+00:00,5.18,3.62,0.22,34.89,2.02,6.32
2026-05-16 01:02:00+00:00,6.03,1.51,-1.14,14.09,-10.42,6.32
2026-05-16 01:03:00+00:00,6.31,0.89,-1.05,7.99,-9.40,6.46
2026-05-16 01:04:00+00:00,5.17,0.19,-1.78,2.07,-18.98,5.47
2026-05-16 01:05:00+00:00,4.39,1.76,-0.90,21.86,-10.77,4.81
2026-05-16 01:06:00+00:00,3.62,1.50,-1.77,22.48,-24.24,4.30
2026-05-16 01:07:00+00:00,4.04,1.86,-4.21,24.79,-43.43,6.12
2026-05-16 01:08:00+00:00,5.48,2.61,-3.80,25.43,-32.05,7.16
2026-05-16 01:09:00+00:00,5.84,2.43,-3.26,22.63,-27.25,7.11
2026-05-16 01:10:00+00:00,4.62,3.99,-4.10,40.76,-33.87,7.35
2026-05-16 01:11:00+00:00,4.53,-0.27,-0.27,356.53,-3.42,4.54
2026-05-16 01:12:00+00:00,6.19,-3.03,2.35,333.89,18.83,7.28
2026-05-16 01:13:00+00:00,6.66,-2.47,2.02,339.65,15.89,7.39
2026-05-16 01:14:00+00:00,6.87,-1.46,1.98,348.00,15.71,7.30
2026-05-16 01:15:00+00:00,6.87,-1.90,-0.07,344.52,-0.53,7.12
2026-05-16 01:16:00+00:00,6.95,-0.09,-0.27,359.27,-2.22,6.96
2026-05-16 01:17:00+00:00,5.90,0.71,-1.75,6.91,-16.46,6.19
2026-05-16 01:18:00+00:00,5.22,1.95,-4.64,20.48,-39.78,7.25
2026-05-16 01:19:00+00:00,3.92,-0.82,-4.72,348.13,-49.70,6.19
2026-05-16 01:20:00+00:00,4.68,-1.68,-3.04,340.25,-31.45,5.83
2026-05-16 01:21:00+00:00,3.84,-2.92,-4.81,322.78,-44.87,6.81
2026-05-16 01:22:00+00:00,3.95,-4.70,-5.28,310.10,-40.70,8.10
2026-05-16 01:23:00+00:00,5.31,-5.13,-1.94,316.04,-14.73,7.63
2026-05-16 01:24:00+00:00,4.61,-4.94,-3.40,313.08,-26.74,7.57
2026-05-16 01:25:00+00:00,5.53,-4.49,-1.74,320.93,-13.73,7.33
2026-05-16 01:26:00+00:00,4.61,-4.80,-1.44,313.84,-12.22,6.80
2026-05-16 01:27:00+00:00,4.48,-4.75,-2.72,313.33,-22.63,7.08
2026-05-16 01:28:00+00:00,6.57,-2.09,-1.52,342.36,-12.42,7.06
2026-05-16 01:29:00+00:00,6.71,-1.93,-0.28,343.93,-2.32,6.99
2026-05-16 01:30:00+00:00,6.77,-2.28,-1.29,341.36,-10.20,7.26
2026-05-16 01:31:00+00:00,6.88,-1.32,-0.53,349.11,-4.29,7.03
2026-05-16 01:32:00+00:00,7.05,-0.90,-1.50,352.72,-11.93,7.26
2026-05-16 01:33:00+00:00,7.01,-1.18,-1.75,350.43,-13.79,7.32
2026-05-16 01:34:00+00:00,7.11,-1.10,-1.02,351.17,-8.08,7.27
2026-05-16 01:35:00+00:00,7.08,-0.91,0.19,352.68,1.52,7.14
2026-05-16 01:36:00+00:00,7.13,0.62,0.24,4.99,1.88,7.17
2026-05-16 01:37:00+00:00,6.89,1.31,-0.78,10.74,-6.34,7.05
2026-05-16 01:38:00+00:00,6.83,0.96,0.75,8.02,6.17,6.94
2026-05-16 01:39:00+00:00,6.86,0.64,1.59,5.37,12.95,7.07
2026-05-16 01:40:00+00:00,6.30,-0.08,2.46,359.29,21.30,6.76
2026-05-16 01:41:00+00:00,5.71,0.88,3.43,8.80,30.68,6.71
2026-05-16 01:42:00+00:00,5.57,1.97,3.07,19.49,27.44,6.66
2026-05-16 01:43:00+00:00,4.98,3.87,1.74,37.88,15.45,6.55
2026-05-16 01:44:00+00:00,4.75,4.59,1.54,44.02,13.14,6.79
2026-05-16 01:45:00+00:00,4.49,4.63,2.23,45.90,19.09,6.83
2026-05-16 01:46:00+00:00,6.17,0.22,2.43,2.05,21.48,6.64
2026-05-16 01:47:00+00:00,6.03,-0.04,2.38,359.65,21.56,6.48
2026-05-16 01:48:00+00:00,6.28,-0.89,2.11,351.95,18.41,6.68
2026-05-16 01:49:00+00:00,5.82,-3.61,-1.18,328.16,-9.79,6.95
2026-05-16 01:50:00+00:00,5.25,-4.02,-1.83,322.58,-15.48,6.86
2026-05-16 01:51:00+00:00,4.84,-2.44,-3.77,333.24,-34.82,6.60
2026-05-16 01:52:00+00:00,4.34,-3.11,-4.38,324.41,-39.33,6.91
2026-05-16 01:53:00+00:00,5.15,-0.35,-4.57,356.09,-41.57,6.89
2026-05-16 01:54:00+00:00,5.68,0.66,-3.32,6.59,-30.15,6.62
2026-05-16 01:55:00+00:00,5.20,-1.33,-3.97,345.63,-36.46,6.67
2026-05-16 01:56:00+00:00,6.52,-1.49,-1.11,347.15,-9.43,6.78
2026-05-16 01:57:00+00:00,5.94,-0.72,0.70,353.11,6.69,6.03
2026-05-16 01:58:00+00:00,6.38,-1.74,-0.56,344.74,-4.81,6.63
2026-05-16 01:59:00+00:00,6.29,-3.28,-0.80,332.49,-6.43,7.14
2026-05-16 02:00:00+00:00,6.35,-0.77,-2.48,353.05,-21.20,6.86
2026-05-16 02:01:00+00:00,6.18,-1.62,-2.72,345.32,-23.07,6.95
2026-05-16 02:02:00+00:00,5.33,-2.66,-4.02,333.49,-34.01,7.18
2026-05-16 02:03:00+00:00,4.22,-3.05,-5.10,324.11,-44.39,7.29
2026-05-16 02:04:00+00:00,6.28,-1.12,-2.61,349.91,-22.24,6.89
2026-05-16 02:05:00+00:00,6.44,-1.73,-1.28,344.95,-10.85,6.79
2026-05-16 02:06:00+00:00,4.53,-1.07,-4.26,346.74,-42.45,6.31
2026-05-16 02:07:00+00:00,2.52,-0.11,-6.49,357.47,-68.77,6.96
2026-05-16 02:08:00+00:00,2.14,-1.87,-5.64,318.80,-63.25,6.31
2026-05-16 02:09:00+00:00,2.61,-5.81,-3.05,294.16,-25.55,7.06
2026-05-16 02:10:00+00:00,2.72,-3.45,-4.23,308.24,-43.89,6.10
2026-05-16 02:11:00+00:00,2.23,-2.05,-2.08,317.34,-34.53,3.67
2026-05-16 02:12:00+00:00,2.26,-1.01,-2.63,335.95,-46.78,3.61
2026-05-16 02:13:00+00:00,3.58,-0.69,-4.35,349.02,-50.03,5.67
2026-05-16 02:14:00+00:00,5.68,1.32,-3.44,13.08,-30.58,6.77
2026-05-16 02:15:00+00:00,4.53,-3.49,-3.25,322.35,-29.64,6.58
2026-05-16 02:16:00+00:00,3.37,-6.18,-2.65,298.57,-20.65,7.52
2026-05-16 02:17:00+00:00,3.90,-4.74,-3.56,309.41,-30.10,7.10
2026-05-16 02:18:00+00:00,5.71,-1.00,-4.30,350.05,-36.57,7.22
2026-05-16 02:19:00+00:00,3.38,-3.59,-4.50,313.23,-42.40,6.68
2026-05-16 02:20:00+00:00,2.51,-5.79,-4.90,293.42,-37.87,7.99
2026-05-16 02:21:00+00:00,3.31,-5.28,-4.07,302.12,-33.14,7.44
2026-05-16 02:22:00+00:00,0.69,-6.19,-4.09,276.38,-33.25,7.45
2026-05-16 02:23:00+00:00,2.52,-5.39,-4.71,295.06,-38.34,7.59
2026-05-16 02:24:00+00:00,1.64,-5.32,-5.16,287.14,-42.84,7.59
2026-05-16 02:25:00+00:00,1.72,-4.94,-5.27,289.19,-45.19,7.43
2026-05-16 02:26:00+00:00,1.95,-4.28,-6.10,294.50,-52.38,7.70
2026-05-16 02:27:00+00:00,2.85,-3.86,-5.78,306.42,-50.26,7.51
2026-05-16 02:28:00+00:00,1.92,-4.08,-6.00,295.23,-53.04,7.51
2026-05-16 02:29:00+00:00,2.52,-5.05,-5.27,296.53,-43.02,7.72
2026-05-16 02:30:00+00:00,2.27,-5.05,-5.14,294.27,-42.91,7.56
2026-05-16 02:31:00+00:00,0.89,-6.68,-3.59,277.58,-28.04,7.63
2026-05-16 02:32:00+00:00,1.84,-4.62,-5.86,291.72,-49.70,7.69
2026-05-16 02:33:00+00:00,1.66,-3.06,-6.89,298.54,-63.21,7.72
2026-05-16 02:34:00+00:00,1.54,-3.65,-6.45,292.82,-58.45,7.57
2026-05-16 02:35:00+00:00,2.47,-4.65,-5.05,298.01,-43.78,7.29
2026-05-16 02:36:00+00:00,0.56,-6.13,-4.27,275.20,-34.77,7.50
2026-05-16 02:37:00+00:00,2.06,-5.39,-4.61,290.89,-38.62,7.39
2026-05-16 02:38:00+00:00,2.60,-4.75,-4.83,298.73,-41.72,7.25
2026-05-16 02:39:00+00:00,1.63,-5.83,-3.44,285.65,-29.65,6.96
2026-05-16 02:40:00+00:00,1.63,-5.86,-4.08,285.57,-33.85,7.32
2026-05-16 02:41:00+00:00,2.52,-5.74,-3.60,293.67,-29.87,7.23
2026-05-16 02:42:00+00:00,2.89,-5.11,-4.00,299.51,-34.27,7.11
2026-05-16 02:43:00+00:00,3.99,-5.07,-3.21,308.21,-26.46,7.20
2026-05-16 02:44:00+00:00,4.52,-4.82,-2.40,313.16,-20.01,7.03
2026-05-16 02:45:00+00:00,4.28,-4.93,-3.10,310.95,-25.40,7.23
2026-05-16 02:46:00+00:00,3.94,-4.30,-3.63,312.50,-31.89,6.86
2026-05-16 02:47:00+00:00,6.38,-2.15,-0.34,341.36,-2.86,6.74
2026-05-16 02:48:00+00:00,6.43,0.86,0.47,7.63,4.16,6.50
2026-05-16 02:49:00+00:00,6.50,1.17,-0.07,10.24,-0.65,6.60
2026-05-16 02:50:00+00:00,6.70,1.11,0.05,9.42,0.41,6.80
2026-05-16 02:51:00+00:00,6.48,-0.80,-1.14,352.97,-9.86,6.63
2026-05-16 02:52:00+00:00,6.54,-1.16,-1.60,349.94,-13.55,6.83
2026-05-16 02:53:00+00:00,6.24,-0.21,-2.94,358.11,-25.25,6.90
2026-05-16 02:54:00+00:00,6.36,-0.47,-2.52,355.79,-21.56,6.85
2026-05-16 02:55:00+00:00,6.64,-0.08,-1.44,359.30,-12.27,6.79
2026-05-16 02:56:00+00:00,6.43,0.08,-1.67,0.71,-14.59,6.65
2026-05-16 02:57:00+00:00,5.82,3.09,-1.17,27.98,-10.06,6.69
2026-05-16 02:58:00+00:00,6.25,0.75,-1.66,6.85,-14.81,6.51
2026-05-16 02:59:00+00:00,5.54,2.48,-0.96,24.11,-9.02,6.15
2026-05-16 03:00:00+00:00,5.88,-0.26,-1.07,357.46,-10.35,5.98
2026-05-16 03:01:00+00:00,3.75,-5.60,-1.67,303.84,-13.95,6.94
2026-05-16 03:02:00+00:00,4.63,-4.09,-1.41,318.53,-12.83,6.34
2026-05-16 03:03:00+00:00,5.40,-2.29,2.49,337.01,23.02,6.38
2026-05-16 03:04:00+00:00,6.44,1.41,0.13,12.36,1.11,6.59
2026-05-16 03:05:00+00:00,6.29,2.09,0.67,18.41,5.80,6.66
2026-05-16 03:06:00+00:00,5.86,3.68,0.48,32.16,3.95,6.94
2026-05-16 03:07:00+00:00,5.64,3.79,-0.73,33.92,-6.13,6.83
2026-05-16 03:08:00+00:00,5.42,-2.01,-3.26,339.65,-29.46,6.64
2026-05-16 03:09:00+00:00,3.06,-6.07,-1.21,296.76,-10.09,6.91
2026-05-16 03:10:00+00:00,4.74,-2.08,-1.36,336.37,-14.68,5.35
2026-05-16 03:11:00+00:00,4.69,-5.54,-2.04,310.27,-15.73,7.54
2026-05-16 03:12:00+00:00,5.43,-5.24,-2.11,316.03,-15.61,7.83
2026-05-16 03:13:00+00:00,4.66,-6.19,-2.18,306.96,-15.73,8.05
2026-05-16 03:14:00+00:00,5.68,-2.93,-2.89,332.74,-24.32,7.02
2026-05-16 03:15:00+00:00,4.95,-4.88,-2.07,315.41,-16.59,7.25
2026-05-16 03:16:00+00:00,5.05,-5.62,-1.17,311.98,-8.83,7.65
2026-05-16 03:17:00+00:00,5.77,-5.58,-0.34,315.94,-2.44,8.04
2026-05-16 03:18:00+00:00,5.39,-6.06,0.42,311.65,2.96,8.12
2026-05-16 03:19:00+00:00,3.73,-7.22,-0.16,297.28,-1.14,8.13
2026-05-16 03:20:00+00:00,3.38,-7.31,-0.25,294.80,-1.76,8.05
2026-05-16 03:21:00+00:00,2.64,-7.65,-0.61,289.02,-4.32,8.12
2026-05-16 03:22:00+00:00,3.74,-6.92,-1.15,298.41,-8.29,7.95
2026-05-16 03:23:00+00:00,4.47,-5.84,-2.07,307.41,-15.73,7.64
2026-05-16 03:24:00+00:00,4.59,-5.78,-1.91,308.45,-14.53,7.62
2026-05-16 03:25:00+00:00,4.96,-5.83,-1.28,310.38,-9.47,7.75
2026-05-16 03:26:00+00:00,4.44,-6.87,-1.23,302.86,-8.56,8.27
2026-05-16 03:27:00+00:00,4.00,-7.00,-1.91,299.73,-13.32,8.29
2026-05-16 03:28:00+00:00,5.60,-5.64,-0.19,314.77,-1.39,7.95
2026-05-16 03:29:00+00:00,6.62,-2.06,2.85,342.76,22.33,7.50
2026-05-16 03:30:00+00:00,6.05,-1.55,3.34,345.60,28.15,7.08
2026-05-16 03:31:00+00:00,1.98,-5.80,0.59,288.89,5.52,6.15
2026-05-16 03:32:00+00:00,-5.12,-6.68,-3.39,232.56,-21.96,9.07
2026-05-16 03:33:00+00:00,-5.80,-5.83,-3.32,225.13,-22.01,8.87
2026-05-16 03:34:00+00:00,-7.41,-4.16,-4.07,209.32,-25.59,9.42
2026-05-16 03:35:00+00:00,-6.44,-4.27,-2.94,213.56,-20.82,8.27
2026-05-16 03:36:00+00:00,-3.44,-7.69,-1.15,245.89,-7.76,8.50
2026-05-16 03:37:00+00:00,-3.91,-7.40,-1.39,242.12,-9.43,8.48
2026-05-16 03:38:00+00:00,-4.07,-7.27,-1.56,240.73,-10.60,8.48
2026-05-16 03:39:00+00:00,-3.34,-7.67,-0.17,246.43,-1.15,8.37
2026-05-16 03:40:00+00:00,-4.08,-7.41,-0.04,241.15,-0.26,8.46
2026-05-16 03:41:00+00:00,-4.73,-7.25,0.61,236.87,4.05,8.68
2026-05-16 03:42:00+00:00,-2.14,-6.73,1.83,252.37,14.54,7.30
2026-05-16 03:43:00+00:00,1.25,-6.50,4.19,280.93,32.33,7.83
2026-05-16 03:44:00+00:00,1.11,-6.78,3.08,279.29,24.13,7.53
2026-05-16 03:45:00+00:00,0.46,-6.29,4.10,274.21,33.02,7.52
2026-05-16 03:46:00+00:00,0.74,-6.11,1.86,276.88,16.82,6.43
2026-05-16 03:47:00+00:00,-0.64,-7.32,-0.91,264.99,-7.05,7.41
2026-05-16 03:48:00+00:00,-1.21,-7.35,-1.05,260.67,-8.05,7.52
2026-05-16 03:49:00+00:00,-0.15,-7.45,1.32,268.85,10.05,7.57
2026-05-16 03:50:00+00:00,1.85,-7.05,1.47,284.72,11.37,7.43
2026-05-16 03:51:00+00:00,-0.69,-7.05,2.10,264.39,16.51,7.39
2026-05-16 03:52:00+00:00,-1.44,-7.15,2.50,258.63,18.94,7.71
2026-05-16 03:53:00+00:00,1.71,-7.43,-0.23,282.96,-1.76,7.63
2026-05-16 03:54:00+00:00,3.39,-6.24,-3.08,298.50,-23.46,7.74
2026-05-16 03:55:00+00:00,0.23,-6.16,1.99,272.18,17.88,6.48
2026-05-16 03:56:00+00:00,-0.52,-7.32,2.22,265.92,16.85,7.67
2026-05-16 03:57:00+00:00,-0.88,-7.32,2.77,263.17,20.61,7.88
2026-05-16 03:58:00+00:00,-2.54,-7.26,0.76,250.74,5.65,7.72
2026-05-16 04:00:00+00:00,-0.11,-7.63,1.92,269.18,14.09,7.87
2026-05-16 04:01:00+00:00,-1.46,-7.75,1.23,259.36,8.85,7.98
2026-05-16 04:02:00+00:00,-0.13,-7.46,1.70,269.00,12.80,7.66
2026-05-16 04:03:00+00:00,0.17,-7.66,-0.75,271.26,-5.60,7.70
2026-05-16 04:04:00+00:00,0.26,-7.62,-2.09,271.97,-15.31,7.90
2026-05-16 04:05:00+00:00,0.66,-7.66,-1.66,274.90,-12.17,7.87
2026-05-16 04:06:00+00:00,2.51,-7.25,-0.58,289.10,-4.35,7.70
2026-05-16 04:07:00+00:00,0.12,-7.42,-0.98,270.90,-7.55,7.48
2026-05-16 04:08:00+00:00,-0.05,-7.85,-1.74,269.66,-12.47,8.04
2026-05-16 04:09:00+00:00,0.39,-7.54,-2.99,272.94,-21.59,8.12
2026-05-16 04:10:00+00:00,-0.84,-8.05,-1.18,264.01,-8.33,8.18
2026-05-16 04:11:00+00:00,0.19,-7.60,1.21,271.46,9.05,7.69
2026-05-16 04:12:00+00:00,2.04,-7.49,0.26,285.24,1.90,7.76
2026-05-16 04:13:00+00:00,1.71,-8.07,-0.06,281.97,-0.43,8.25
2026-05-16 04:14:00+00:00,-0.94,-7.60,-2.32,262.94,-16.82,8.00
2026-05-16 04:15:00+00:00,-0.68,-7.75,-2.19,264.96,-15.72,8.08
2026-05-16 04:16:00+00:00,0.34,-6.82,0.09,272.89,0.78,6.83
2026-05-16 04:17:00+00:00,0.38,-5.07,-5.68,274.30,-48.17,7.62
2026-05-16 04:18:00+00:00,0.59,-5.40,-5.50,276.28,-45.36,7.73
2026-05-16 04:19:00+00:00,1.78,-3.80,-6.42,295.06,-56.81,7.67
2026-05-16 04:20:00+00:00,0.94,-3.67,-6.23,284.39,-58.66,7.29
2026-05-16 04:21:00+00:00,-0.63,-2.87,-7.21,257.53,-67.84,7.79
2026-05-16 04:22:00+00:00,1.93,-4.87,-5.12,291.65,-44.30,7.33
2026-05-16 04:23:00+00:00,1.72,-5.68,-3.83,286.90,-32.83,7.06
2026-05-16 04:24:00+00:00,5.58,-3.85,1.10,325.41,9.24,6.87
2026-05-16 04:25:00+00:00,5.06,-3.57,2.83,324.77,24.57,6.81
2026-05-16 04:26:00+00:00,4.22,-2.23,4.67,332.17,44.39,6.68
2026-05-16 04:27:00+00:00,4.39,-4.24,2.33,316.02,20.87,6.53
2026-05-16 04:28:00+00:00,4.79,-4.03,2.27,319.94,19.97,6.66
2026-05-16 04:29:00+00:00,5.49,-2.36,2.49,336.69,22.62,6.47
2026-05-16 04:30:00+00:00,5.82,-1.99,2.48,341.12,21.99,6.63
2026-05-16 04:31:00+00:00,6.09,-2.15,1.67,340.52,14.50,6.67
2026-05-16 04:32:00+00:00,6.47,-1.64,1.47,345.77,12.45,6.83
2026-05-16 04:33:00+00:00,6.47,-1.56,1.13,346.43,9.62,6.75
2026-05-16 04:34:00+00:00,6.63,-0.98,0.51,351.63,4.38,6.73
2026-05-16 04:35:00+00:00,6.59,-0.86,0.74,352.56,6.36,6.69
2026-05-16 04:36:00+00:00,6.58,-0.56,0.75,355.10,6.46,6.64
2026-05-16 04:37:00+00:00,6.53,-0.21,0.93,358.20,8.09,6.60
2026-05-16 04:38:00+00:00,6.45,-1.56,-0.37,346.41,-3.20,6.64
2026-05-16 04:39:00+00:00,6.30,-0.89,-1.60,351.94,-14.10,6.56
2026-05-16 04:40:00+00:00,6.07,-0.94,-2.36,351.16,-21.01,6.58
2026-05-16 04:41:00+00:00,6.00,-1.12,-2.55,349.43,-22.68,6.61
2026-05-16 04:42:00+00:00,3.07,-3.58,-4.33,310.56,-42.53,6.40
2026-05-16 04:43:00+00:00,3.90,-4.00,-4.33,314.23,-37.76,7.07
2026-05-16 04:44:00+00:00,3.00,-3.95,-5.02,307.20,-45.37,7.06
2026-05-16 04:45:00+00:00,3.05,-4.39,-5.06,304.76,-43.44,7.36
2026-05-16 04:46:00+00:00,4.49,-3.38,-4.37,323.05,-37.87,7.12
2026-05-16 04:47:00+00:00,5.04,0.17,-4.77,1.92,-43.38,6.94
2026-05-16 04:48:00+00:00,4.14,-0.60,-5.58,351.70,-53.13,6.97
2026-05-16 04:49:00+00:00,3.92,-1.34,-5.70,341.16,-54.02,7.05
2026-05-16 04:50:00+00:00,3.42,0.75,-6.03,12.34,-59.81,6.97
2026-05-16 04:51:00+00:00,3.22,1.59,-5.75,26.21,-58.00,6.78
2026-05-16 04:52:00+00:00,2.61,0.43,-6.46,9.26,-67.72,6.98
2026-05-16 04:53:00+00:00,3.28,-1.97,-5.65,328.95,-55.89,6.82
2026-05-16 04:54:00+00:00,2.68,-4.01,-4.66,303.74,-44.06,6.70
2026-05-16 04:55:00+00:00,2.12,-4.92,-4.02,293.34,-36.89,6.70
2026-05-16 04:56:00+00:00,2.95,-3.27,-5.09,312.12,-49.12,6.73
2026-05-16 04:57:00+00:00,4.32,-3.39,-3.34,321.82,-31.31,6.43
2026-05-16 04:58:00+00:00,4.44,-3.95,-2.79,318.31,-25.16,6.56
2026-05-16 04:59:00+00:00,4.11,-4.07,-2.97,315.27,-27.19,6.50
2026-05-16 05:00:00+00:00,3.24,-3.93,-4.32,309.57,-40.33,6.68
2026-05-16 05:01:00+00:00,2.30,-4.19,-4.73,298.80,-44.70,6.72
2026-05-16 05:02:00+00:00,1.64,-2.39,-6.24,304.46,-65.10,6.88
2026-05-16 05:03:00+00:00,1.67,-2.26,-6.24,306.49,-65.70,6.84
2026-05-16 05:04:00+00:00,1.67,-2.88,-6.57,300.19,-63.12,7.37
2026-05-16 05:05:00+00:00,4.35,-2.90,-4.14,326.30,-38.36,6.67
2026-05-16 05:06:00+00:00,4.41,-2.85,-4.12,327.19,-38.10,6.68
2026-05-16 05:07:00+00:00,3.87,-2.97,-4.84,322.45,-44.75,6.87
2026-05-16 05:08:00+00:00,3.88,-3.66,-4.38,316.67,-39.43,6.90
2026-05-16 05:09:00+00:00,4.59,-3.17,-2.08,325.34,-20.43,5.95
2026-05-16 05:10:00+00:00,5.23,-3.07,-1.91,329.57,-17.45,6.36
2026-05-16 05:11:00+00:00,4.55,-3.47,-3.53,322.67,-31.68,6.72
2026-05-16 05:12:00+00:00,3.66,-2.85,-3.34,322.09,-35.75,5.72
2026-05-16 05:13:00+00:00,6.17,-2.11,0.19,341.16,1.66,6.52
2026-05-16 05:14:00+00:00,6.57,-0.96,0.88,351.66,7.51,6.70
2026-05-16 05:15:00+00:00,5.57,-3.00,0.21,331.71,1.92,6.33
2026-05-16 05:16:00+00:00,4.81,-2.84,0.11,329.49,1.13,5.59
2026-05-16 05:17:00+00:00,5.08,-3.63,-0.43,324.47,-3.95,6.25
2026-05-16 05:18:00+00:00,5.91,-3.08,1.45,332.48,12.25,6.82
2026-05-16 05:19:00+00:00,6.01,-2.19,1.53,339.94,13.45,6.58
2026-05-16 05:20:00+00:00,5.00,-2.10,3.89,337.22,35.63,6.67
2026-05-16 05:21:00+00:00,5.55,-3.43,-1.04,328.28,-9.03,6.61
2026-05-16 05:22:00+00:00,3.66,-4.84,-5.25,307.10,-40.86,8.03
2026-05-16 05:23:00+00:00,1.73,-4.71,-6.57,290.15,-52.64,8.27
2026-05-16 05:24:00+00:00,1.73,-4.84,-6.24,289.71,-50.51,8.08
2026-05-16 05:25:00+00:00,2.44,-4.78,-5.95,297.02,-47.94,8.01
2026-05-16 05:26:00+00:00,2.43,-5.46,-5.50,293.96,-42.64,8.12
2026-05-16 05:27:00+00:00,1.30,-5.78,-6.00,282.67,-45.34,8.43
2026-05-16 05:28:00+00:00,2.42,-6.34,-5.40,290.90,-38.48,8.68
2026-05-16 05:29:00+00:00,2.53,-6.54,-4.95,291.13,-35.22,8.58
2026-05-16 05:30:00+00:00,3.14,-6.63,-4.45,295.32,-31.24,8.58
2026-05-16 05:31:00+00:00,3.67,-6.44,-4.19,299.66,-29.50,8.52
2026-05-16 05:32:00+00:00,3.44,-5.97,-4.66,299.96,-34.07,8.32
2026-05-16 05:33:00+00:00,3.88,-5.22,-4.46,306.67,-34.46,7.89
2026-05-16 05:34:00+00:00,2.08,-6.01,-4.94,289.05,-37.82,8.05
2026-05-16 05:35:00+00:00,1.34,-5.70,-5.44,283.26,-42.89,8.00
2026-05-16 05:36:00+00:00,0.02,-5.29,-6.00,270.25,-48.64,8.00
2026-05-16 05:37:00+00:00,0.44,-5.16,-5.97,274.87,-49.07,7.90
2026-05-16 05:38:00+00:00,2.30,-5.68,-5.02,292.05,-39.32,7.92
2026-05-16 05:39:00+00:00,0.58,-5.19,-5.97,276.34,-48.82,7.93
2026-05-16 05:40:00+00:00,0.08,-6.09,-4.91,270.79,-38.84,7.82
2026-05-16 05:41:00+00:00,1.32,-5.74,-5.35,282.91,-42.24,7.95
2026-05-16 05:42:00+00:00,1.97,-5.38,-5.52,290.10,-43.93,7.96
2026-05-16 05:43:00+00:00,2.56,-5.86,-4.97,293.62,-37.86,8.10
2026-05-16 05:44:00+00:00,2.84,-5.58,-4.92,296.94,-38.14,7.97
2026-05-16 05:45:00+00:00,0.92,-5.84,-5.44,278.91,-42.61,8.04
2026-05-16 05:46:00+00:00,2.36,-6.08,-4.41,291.18,-34.05,7.87
2026-05-16 05:47:00+00:00,5.71,-4.33,-0.31,322.82,-2.47,7.18
2026-05-16 05:48:00+00:00,5.46,-3.31,4.56,328.77,35.55,7.84
2026-05-16 05:49:00+00:00,6.04,-2.60,4.56,336.68,34.73,8.00
2026-05-16 05:50:00+00:00,3.35,-2.11,6.81,327.79,59.85,7.88
2026-05-16 05:51:00+00:00,4.72,-2.55,5.61,331.58,46.27,7.76
2026-05-16 05:52:00+00:00,3.85,-2.77,6.27,324.29,52.87,7.86
2026-05-16 05:53:00+00:00,2.29,-2.08,6.67,317.81,65.10,7.36
2026-05-16 05:54:00+00:00,2.17,-3.10,6.53,305.00,59.92,7.54
2026-05-16 05:55:00+00:00,2.23,-2.57,6.63,310.97,62.86,7.45
2026-05-16 05:56:00+00:00,2.78,-3.31,6.22,310.03,55.19,7.57
2026-05-16 05:57:00+00:00,2.85,-4.32,4.38,303.41,40.25,6.78
2026-05-16 05:58:00+00:00,4.89,-4.06,3.49,320.28,28.76,7.25
2026-05-16 05:59:00+00:00,5.98,-3.20,-0.25,331.82,-2.07,6.79
2026-05-16 06:00:00+00:00,5.86,-3.50,-0.57,329.11,-4.81,6.85
2026-05-16 06:01:00+00:00,5.14,-1.79,3.80,340.79,34.94,6.64
2026-05-16 06:02:00+00:00,4.33,-5.06,1.55,310.55,13.10,6.84
2026-05-16 06:03:00+00:00,4.47,-5.21,-2.20,310.60,-17.79,7.21
2026-05-16 06:04:00+00:00,4.80,-4.90,-3.71,314.42,-28.39,7.80
2026-05-16 06:05:00+00:00,2.73,-5.24,-5.83,297.48,-44.62,8.31
2026-05-16 06:06:00+00:00,1.48,-4.84,-6.68,286.98,-52.85,8.38
2026-05-16 06:07:00+00:00,0.86,-4.16,-7.37,281.60,-60.03,8.51
2026-05-16 06:08:00+00:00,-0.09,-2.81,-6.96,268.18,-68.05,7.51
2026-05-16 06:09:00+00:00,6.37,-4.60,1.67,324.15,11.98,8.03
2026-05-16 06:10:00+00:00,6.17,-4.74,-0.16,322.48,-1.20,7.79
2026-05-16 06:11:00+00:00,7.10,-4.09,-0.66,330.04,-4.60,8.22
2026-05-16 06:12:00+00:00,6.76,-4.67,-0.10,325.35,-0.70,8.22
2026-05-16 06:13:00+00:00,7.00,-4.32,-0.38,328.30,-2.67,8.24
2026-05-16 06:14:00+00:00,6.95,-4.07,-1.27,329.64,-8.95,8.16
2026-05-16 06:15:00+00:00,7.09,-4.16,-1.31,329.58,-9.07,8.33
2026-05-16 06:16:00+00:00,7.01,-3.80,-2.07,331.52,-14.58,8.24
2026-05-16 06:17:00+00:00,5.61,-6.15,0.30,312.37,2.07,8.33
2026-05-16 06:18:00+00:00,6.00,-5.69,0.40,316.48,2.80,8.28
2026-05-16 06:19:00+00:00,5.40,-6.43,-0.18,310.06,-1.21,8.40
2026-05-16 06:20:00+00:00,6.19,-5.39,-0.23,318.91,-1.62,8.21
2026-05-16 06:21:00+00:00,6.12,-5.57,-0.60,317.73,-4.13,8.30
2026-05-16 06:22:00+00:00,6.63,-4.52,-1.79,325.72,-12.54,8.22
2026-05-16 06:23:00+00:00,6.56,-1.34,-5.14,348.44,-37.53,8.44
2026-05-16 06:24:00+00:00,7.02,-1.64,-4.21,346.86,-30.26,8.35
2026-05-16 06:25:00+00:00,5.10,-2.79,-6.08,331.35,-46.27,8.41
2026-05-16 06:26:00+00:00,5.60,-0.40,-5.80,355.88,-45.92,8.08
2026-05-16 06:27:00+00:00,5.78,-2.45,-5.39,337.01,-40.65,8.27
2026-05-16 06:28:00+00:00,6.23,-1.69,-4.19,344.80,-32.95,7.69
2026-05-16 06:31:00+00:00,1.90,-2.35,-7.50,308.90,-68.05,8.08
2026-05-16 06:32:00+00:00,2.09,-2.86,-7.45,306.17,-64.55,8.25
2026-05-16 06:33:00+00:00,1.40,-3.48,-7.78,291.94,-64.24,8.64
2026-05-16 06:34:00+00:00,-0.05,-3.60,-7.69,269.28,-64.92,8.49
2026-05-16 06:35:00+00:00,0.10,-3.24,-7.84,271.83,-67.57,8.48
2026-05-16 06:36:00+00:00,1.24,-4.51,-7.17,285.33,-56.88,8.56
2026-05-16 06:37:00+00:00,0.46,-4.50,-7.47,275.78,-58.83,8.74
2026-05-16 06:38:00+00:00,1.90,-4.85,-6.90,291.38,-52.97,8.65
2026-05-16 06:39:00+00:00,2.45,-4.53,-6.92,298.43,-53.34,8.63
2026-05-16 06:40:00+00:00,2.31,-3.90,-7.14,300.66,-57.59,8.46
2026-05-16 06:41:00+00:00,2.98,-3.99,-7.11,306.70,-54.98,8.68
2026-05-16 06:42:00+00:00,3.60,-4.48,-6.40,308.78,-48.06,8.61
2026-05-16 06:43:00+00:00,5.58,-3.63,-4.92,326.98,-36.47,8.28
2026-05-16 06:46:00+00:00,4.15,-4.86,-5.59,310.46,-41.20,8.49
2026-05-16 06:47:00+00:00,0.41,-5.53,-6.39,274.20,-49.04,8.46
2026-05-16 06:48:00+00:00,4.53,-4.41,-5.31,315.78,-40.03,8.25
2026-05-16 06:49:00+00:00,6.94,-2.71,-2.23,338.64,-16.68,7.78
2026-05-16 06:50:00+00:00,7.34,-2.51,-2.06,341.16,-14.86,8.03
2026-05-16 06:51:00+00:00,7.33,-1.35,-3.41,349.56,-24.62,8.20
2026-05-16 06:52:00+00:00,7.39,-0.37,-2.07,357.16,-15.65,7.68
2026-05-16 06:53:00+00:00,7.24,-1.66,-2.39,347.06,-17.84,7.81
2026-05-16 06:54:00+00:00,6.34,-2.27,-3.68,340.27,-28.64,7.68
2026-05-16 06:55:00+00:00,6.92,-1.90,-2.78,344.61,-21.17,7.70
2026-05-16 06:56:00+00:00,6.33,-3.95,-1.70,328.03,-12.83,7.65
2026-05-16 06:57:00+00:00,6.26,-4.16,-1.38,326.40,-10.42,7.65
2026-05-16 06:58:00+00:00,5.71,-5.31,-0.70,317.07,-5.16,7.83
2026-05-16 06:59:00+00:00,5.72,-2.09,-4.31,339.91,-35.26,7.46
2026-05-16 07:00:00+00:00,5.53,-2.79,-3.98,333.22,-32.74,7.36
2026-05-16 07:01:00+00:00,4.90,-4.10,-4.16,320.08,-33.05,7.63
2026-05-16 07:02:00+00:00,5.75,-4.07,-2.79,324.70,-21.58,7.58
2026-05-16 07:03:00+00:00,5.71,-4.08,-2.01,324.45,-15.95,7.30
2026-05-16 07:04:00+00:00,6.03,-3.86,-1.73,327.38,-13.55,7.37
2026-05-16 07:05:00+00:00,5.91,-4.37,-0.90,323.50,-6.99,7.40
2026-05-16 07:06:00+00:00,6.33,-3.06,-1.36,334.19,-10.93,7.16
2026-05-16 07:07:00+00:00,5.32,-4.72,0.56,318.40,4.49,7.13
2026-05-16 07:08:00+00:00,2.32,-5.39,3.45,293.28,30.47,6.81
2026-05-16 07:09:00+00:00,0.00,-5.43,5.83,269.95,47.02,7.97
2026-05-16 07:10:00+00:00,2.58,-5.62,4.96,294.69,38.72,7.93
2026-05-16 07:11:00+00:00,0.06,-4.30,6.79,270.74,57.66,8.04
2026-05-16 07:12:00+00:00,-0.97,-2.95,6.88,251.78,65.73,7.54
2026-05-16 07:13:00+00:00,-2.80,-1.66,7.72,210.70,67.13,8.38
2026-05-16 07:14:00+00:00,-3.27,-0.44,7.46,187.67,66.10,8.16
2026-05-16 07:15:00+00:00,-0.72,0.99,7.73,125.99,81.03,7.83
2026-05-16 07:16:00+00:00,0.74,-1.08,7.53,304.29,80.17,7.64
2026-05-16 07:17:00+00:00,4.51,-3.84,3.90,319.61,33.36,7.09
2026-05-16 07:18:00+00:00,6.35,-2.57,1.04,338.00,8.65,6.93
2026-05-16 07:19:00+00:00,6.40,-3.46,0.97,331.58,7.57,7.34
2026-05-16 07:20:00+00:00,6.09,-4.28,-0.05,324.89,-0.41,7.44
2026-05-16 07:21:00+00:00,6.12,-3.91,1.86,327.41,14.36,7.50
2026-05-16 07:22:00+00:00,6.23,-3.91,1.34,327.93,10.35,7.48
2026-05-16 07:23:00+00:00,4.97,-5.56,0.78,311.81,6.01,7.50
2026-05-16 07:24:00+00:00,4.22,-6.24,0.28,304.11,2.10,7.54
2026-05-16 07:25:00+00:00,3.70,-6.47,0.81,299.78,6.24,7.50
2026-05-16 07:26:00+00:00,4.05,-6.18,0.11,303.21,0.88,7.39
2026-05-16 07:27:00+00:00,4.03,-6.22,-0.02,302.91,-0.12,7.41
2026-05-16 07:28:00+00:00,4.63,-5.82,-0.10,308.46,-0.78,7.44
2026-05-16 07:29:00+00:00,3.20,-6.56,-1.20,296.02,-9.34,7.40
2026-05-16 07:30:00+00:00,3.54,-6.02,-2.53,300.50,-19.90,7.42
2026-05-16 07:31:00+00:00,3.01,-6.35,-2.83,295.40,-21.95,7.58
2026-05-16 07:32:00+00:00,2.19,-6.07,-4.23,289.88,-33.24,7.71
2026-05-16 07:33:00+00:00,2.30,-6.53,-3.46,289.38,-26.53,7.74
2026-05-16 07:34:00+00:00,2.15,-6.75,-3.16,287.67,-24.06,7.76
2026-05-16 07:35:00+00:00,3.74,-3.83,-5.11,314.35,-43.68,7.40
2026-05-16 07:36:00+00:00,3.99,-3.36,-5.15,319.86,-44.65,7.33
2026-05-16 07:37:00+00:00,3.66,-4.04,-4.41,312.18,-38.94,7.01
2026-05-16 07:38:00+00:00,4.62,-3.55,-2.85,322.46,-26.09,6.48
2026-05-16 07:39:00+00:00,5.65,-2.57,2.86,335.52,24.77,6.83
2026-05-16 07:40:00+00:00,5.54,-1.17,4.28,348.05,37.10,7.10
2026-05-16 07:41:00+00:00,4.79,0.23,5.02,2.79,46.26,6.94
2026-05-16 07:42:00+00:00,4.48,2.44,4.85,28.55,43.55,7.04
2026-05-16 07:43:00+00:00,5.25,1.68,3.26,17.74,30.56,6.40
2026-05-16 07:44:00+00:00,5.91,1.23,2.67,11.77,23.87,6.61
2026-05-16 07:45:00+00:00,4.13,3.11,4.57,37.01,41.49,6.90
2026-05-16 07:46:00+00:00,4.07,4.44,2.17,47.51,19.83,6.40
2026-05-16 07:47:00+00:00,4.62,4.11,0.89,41.66,8.21,6.24
2026-05-16 07:48:00+00:00,3.63,3.74,2.78,45.91,28.08,5.91
2026-05-16 07:49:00+00:00,2.28,3.65,5.54,58.00,52.14,7.02
2026-05-16 07:50:00+00:00,2.97,4.87,4.53,58.66,38.46,7.28
2026-05-16 07:51:00+00:00,1.81,3.46,5.70,62.44,55.58,6.91
2026-05-16 07:52:00+00:00,3.14,2.04,6.30,32.99,59.31,7.32
2026-05-16 07:53:00+00:00,3.68,1.50,5.76,22.22,55.37,7.00
2026-05-16 07:54:00+00:00,3.49,2.00,5.76,29.88,55.07,7.02
2026-05-16 07:55:00+00:00,-1.99,1.57,6.87,141.73,69.72,7.33
2026-05-16 07:56:00+00:00,-3.62,1.41,6.25,158.76,58.11,7.36
2026-05-16 07:57:00+00:00,-1.61,1.12,7.12,145.03,74.61,7.39
2026-05-16 07:58:00+00:00,-1.19,1.49,7.36,128.70,75.49,7.60
2026-05-16 07:59:00+00:00,-1.02,1.67,7.07,121.41,74.50,7.34
2026-05-16 08:00:00+00:00,-0.52,2.43,7.49,102.16,71.67,7.89
2026-05-16 08:01:00+00:00,-1.02,3.16,7.02,107.81,64.70,7.77
2026-05-16 08:02:00+00:00,-1.04,2.89,6.99,109.78,66.26,7.63
2026-05-16 08:03:00+00:00,-1.14,1.77,6.85,122.91,72.93,7.17
2026-05-16 08:04:00+00:00,-3.36,1.48,6.65,156.22,61.09,7.60
2026-05-16 08:05:00+00:00,-0.20,1.10,7.22,100.44,81.22,7.31
2026-05-16 08:06:00+00:00,0.84,1.46,7.29,60.20,76.99,7.48
2026-05-16 08:07:00+00:00,0.62,1.43,7.16,66.40,77.74,7.33
2026-05-16 08:08:00+00:00,0.04,1.50,7.09,88.61,78.03,7.25
2026-05-16 08:09:00+00:00,-0.36,2.79,6.74,97.38,67.38,7.30
2026-05-16 08:10:00+00:00,0.15,1.72,7.01,85.12,76.14,7.22
2026-05-16 08:11:00+00:00,-1.34,1.11,6.53,140.47,75.04,6.76
2026-05-16 08:12:00+00:00,0.59,0.68,6.35,49.21,81.90,6.42
2026-05-16 08:13:00+00:00,5.11,3.18,1.67,31.91,15.49,6.25
2026-05-16 08:14:00+00:00,6.56,3.06,-0.27,25.03,-2.17,7.25
2026-05-16 08:15:00+00:00,6.38,1.58,2.30,13.89,19.31,6.96
2026-05-16 08:16:00+00:00,5.62,0.67,4.05,6.79,35.55,6.96
2026-05-16 08:17:00+00:00,5.71,0.76,4.36,7.59,37.10,7.22
2026-05-16 08:18:00+00:00,5.91,0.23,3.98,2.20,33.93,7.13
2026-05-16 08:19:00+00:00,5.19,0.92,4.57,10.02,40.93,6.97
2026-05-16 08:20:00+00:00,4.62,0.86,5.02,10.58,46.89,6.87
2026-05-16 08:21:00+00:00,4.37,1.60,4.82,20.14,46.01,6.70
2026-05-16 08:22:00+00:00,4.48,1.76,4.57,21.40,43.53,6.64
2026-05-16 08:23:00+00:00,5.59,0.29,3.74,2.97,33.78,6.73
2026-05-16 08:24:00+00:00,4.24,1.32,4.87,17.35,47.65,6.59
2026-05-16 08:25:00+00:00,5.10,-2.14,0.41,337.25,4.20,5.54
2026-05-16 08:26:00+00:00,4.15,-5.23,-1.40,308.45,-11.85,6.82
2026-05-16 08:27:00+00:00,2.05,-5.83,-3.54,289.37,-29.78,7.12
2026-05-16 08:28:00+00:00,-0.32,-6.06,-5.15,266.99,-40.29,7.96
2026-05-16 08:29:00+00:00,0.03,-5.40,-5.78,270.31,-46.97,7.91
2026-05-16 08:30:00+00:00,4.00,-3.28,-3.40,320.65,-33.30,6.19
2026-05-16 08:31:00+00:00,5.85,-1.76,0.87,343.26,8.11,6.17
2026-05-16 08:32:00+00:00,5.91,-0.21,3.01,357.93,26.98,6.63
2026-05-16 08:33:00+00:00,6.26,-0.64,2.61,354.17,22.54,6.81
2026-05-16 08:34:00+00:00,6.12,-1.03,1.83,350.49,16.46,6.47
2026-05-16 08:35:00+00:00,6.42,-1.20,1.96,349.41,16.67,6.82
2026-05-16 08:36:00+00:00,6.26,-1.26,3.89,348.62,31.32,7.48
2026-05-16 08:37:00+00:00,5.92,-1.16,4.64,348.89,37.58,7.61
2026-05-16 08:38:00+00:00,5.96,-1.01,4.77,350.35,38.26,7.71
2026-05-16 08:39:00+00:00,5.81,-0.53,4.87,354.79,39.88,7.60
2026-05-16 08:40:00+00:00,5.89,-1.35,3.64,347.12,31.07,7.05
2026-05-16 08:41:00+00:00,6.06,-2.48,2.34,337.79,19.65,6.95
2026-05-16 08:42:00+00:00,6.38,-2.15,3.46,341.35,27.18,7.57
2026-05-16 08:43:00+00:00,6.53,-2.13,3.34,341.92,25.96,7.63
2026-05-16 08:44:00+00:00,6.75,-2.10,2.62,342.74,20.31,7.53
2026-05-16 08:45:00+00:00,6.13,-5.40,1.16,318.61,8.07,8.25
2026-05-16 08:46:00+00:00,5.92,-5.75,1.29,315.81,8.85,8.35
2026-05-16 08:47:00+00:00,6.05,-5.53,0.70,317.57,4.85,8.22
2026-05-16 08:48:00+00:00,5.57,-6.27,0.14,311.63,0.95,8.39
2026-05-16 08:49:00+00:00,5.14,-6.39,-0.58,308.81,-4.07,8.23
2026-05-16 08:50:00+00:00,4.31,-6.52,-2.52,303.47,-17.86,8.21
2026-05-16 08:51:00+00:00,3.88,-6.61,-2.94,300.42,-21.00,8.22
2026-05-16 08:52:00+00:00,4.47,-6.41,-3.31,304.88,-22.94,8.49
2026-05-16 08:53:00+00:00,3.53,-5.94,-4.73,300.72,-34.40,8.38
2026-05-16 08:54:00+00:00,2.28,-5.72,-5.54,291.74,-41.97,8.28
2026-05-16 08:55:00+00:00,2.73,-5.50,-5.38,296.38,-41.21,8.16
2026-05-16 08:56:00+00:00,4.52,-6.38,-2.50,305.31,-17.74,8.21
2026-05-16 08:57:00+00:00,4.44,-5.14,-4.61,310.85,-34.15,8.21
2026-05-16 08:58:00+00:00,4.58,-3.97,-5.57,319.03,-42.58,8.23
2026-05-16 09:01:00+00:00,4.77,-6.25,-3.04,307.31,-21.12,8.43
2026-05-16 09:02:00+00:00,4.58,-6.26,-2.56,306.18,-18.26,8.17
2026-05-16 09:03:00+00:00,3.97,-6.61,-2.54,300.98,-18.23,8.11
2026-05-16 09:04:00+00:00,3.96,-6.40,-3.63,301.75,-25.76,8.35
2026-05-16 09:05:00+00:00,3.42,-6.30,-4.25,298.52,-30.66,8.34
2026-05-16 09:06:00+00:00,5.73,-5.51,-1.64,316.13,-11.63,8.12
2026-05-16 09:07:00+00:00,5.73,-5.23,-2.10,317.59,-15.11,8.04
2026-05-16 09:08:00+00:00,5.55,-5.35,-2.42,316.09,-17.42,8.08
2026-05-16 09:09:00+00:00,5.58,-4.67,-3.90,320.08,-28.22,8.26
2026-05-16 09:10:00+00:00,3.50,-5.17,-5.34,304.14,-40.55,8.21
2026-05-16 09:11:00+00:00,3.58,-6.36,-3.44,299.38,-25.26,8.07
2026-05-16 09:12:00+00:00,3.55,-5.23,-4.69,304.13,-36.55,7.87
2026-05-16 09:13:00+00:00,3.67,-5.57,-4.11,303.38,-31.66,7.83
2026-05-16 09:15:00+00:00,3.91,-3.72,-5.85,316.45,-47.31,7.96
2026-05-16 09:16:00+00:00,4.17,-2.97,-5.84,324.56,-48.79,7.76
2026-05-16 09:17:00+00:00,4.97,-1.95,-5.47,338.56,-45.70,7.64
2026-05-16 09:18:00+00:00,5.12,-1.56,-5.11,343.10,-43.65,7.40
2026-05-16 09:19:00+00:00,5.19,-2.33,-3.31,335.78,-30.17,6.58
2026-05-16 09:20:00+00:00,6.43,-2.63,-2.12,337.72,-16.94,7.26
2026-05-16 09:21:00+00:00,6.78,-0.63,-2.41,354.68,-19.52,7.22
2026-05-16 09:22:00+00:00,6.89,0.34,-2.49,2.84,-19.85,7.34
2026-05-16 09:23:00+00:00,6.82,-0.21,-2.47,358.28,-19.93,7.26
2026-05-16 09:24:00+00:00,6.87,-0.20,-1.46,358.36,-11.95,7.03
2026-05-16 09:25:00+00:00,6.61,0.06,-2.33,0.49,-19.40,7.01
2026-05-16 09:26:00+00:00,3.29,-6.06,-0.13,298.49,-1.11,6.90
2026-05-16 09:27:00+00:00,4.09,-6.11,-1.14,303.81,-8.81,7.44
2026-05-16 09:28:00+00:00,5.29,-5.46,0.86,314.07,6.46,7.65
2026-05-16 09:29:00+00:00,6.57,-3.76,-0.76,330.18,-5.71,7.61
2026-05-16 09:30:00+00:00,7.16,-1.88,-1.67,345.28,-12.74,7.59
2026-05-16 09:31:00+00:00,6.99,-1.55,-2.08,347.51,-16.24,7.45
2026-05-16 09:32:00+00:00,6.79,-2.16,-1.90,342.38,-14.91,7.38
2026-05-16 09:33:00+00:00,6.68,-3.18,-1.20,334.53,-9.20,7.49
2026-05-16 09:34:00+00:00,6.01,-4.01,-0.16,326.31,-1.23,7.23
2026-05-16 09:35:00+00:00,6.26,-3.49,-1.76,330.81,-13.79,7.38
2026-05-16 09:36:00+00:00,6.56,-3.06,-0.23,335.01,-1.85,7.24
2026-05-16 09:37:00+00:00,6.61,-2.86,0.13,336.63,1.06,7.20
2026-05-16 09:38:00+00:00,6.74,-2.83,0.48,337.18,3.79,7.32
2026-05-16 09:39:00+00:00,6.80,-2.25,-0.26,341.69,-2.06,7.17
2026-05-16 09:40:00+00:00,6.15,-3.06,-0.45,333.54,-3.72,6.89
2026-05-16 09:41:00+00:00,5.80,-3.25,-1.29,330.76,-10.98,6.78
2026-05-16 09:42:00+00:00,5.87,-2.84,-1.84,334.22,-15.76,6.77
2026-05-16 09:43:00+00:00,5.16,-2.05,-3.52,338.39,-32.34,6.57
2026-05-16 09:44:00+00:00,4.85,-0.60,-3.47,352.92,-35.35,5.99
2026-05-16 09:45:00+00:00,6.07,-1.73,-1.97,344.13,-17.32,6.61
2026-05-16 09:46:00+00:00,6.33,-2.22,-0.52,340.68,-4.42,6.73
2026-05-16 09:47:00+00:00,6.51,-2.05,-0.15,342.50,-1.23,6.83
2026-05-16 09:48:00+00:00,6.24,-2.06,0.33,341.74,2.88,6.58
2026-05-16 09:49:00+00:00,6.16,-2.03,2.15,341.75,18.37,6.83
2026-05-16 09:50:00+00:00,6.06,-1.14,0.88,349.37,8.08,6.23
2026-05-16 09:51:00+00:00,4.91,-0.89,1.46,349.68,16.36,5.20
2026-05-16 09:52:00+00:00,4.94,-0.13,1.58,358.47,17.68,5.19
2026-05-16 09:53:00+00:00,5.19,-0.03,0.01,359.64,0.06,5.19
2026-05-16 09:54:00+00:00,5.14,-0.77,0.66,351.43,7.25,5.24
2026-05-16 09:55:00+00:00,5.13,-0.96,-0.08,349.45,-0.84,5.22
2026-05-16 09:56:00+00:00,5.22,-0.09,-0.76,359.00,-8.26,5.27
2026-05-16 09:57:00+00:00,4.81,0.24,-1.88,2.81,-21.37,5.17
2026-05-16 09:58:00+00:00,4.19,0.51,-3.30,7.00,-38.01,5.36
2026-05-16 10:00:00+00:00,4.40,0.27,-3.00,3.50,-34.27,5.33
2026-05-16 10:01:00+00:00,4.18,0.65,-3.16,8.87,-36.80,5.28
2026-05-16 10:02:00+00:00,3.67,-0.22,-3.78,356.65,-45.73,5.27
2026-05-16 10:03:00+00:00,2.97,-2.30,-3.88,322.23,-45.93,5.39
2026-05-16 10:04:00+00:00,3.58,-2.51,-3.00,325.02,-34.49,5.31
2026-05-16 10:05:00+00:00,4.76,-0.52,-1.72,353.81,-19.73,5.08
2026-05-16 10:06:00+00:00,3.17,-1.43,2.99,335.67,40.64,4.59
2026-05-16 10:07:00+00:00,2.56,3.10,-2.06,50.47,-27.07,4.52
2026-05-16 10:08:00+00:00,3.00,3.53,1.47,49.70,17.56,4.86
2026-05-16 10:09:00+00:00,2.02,0.27,4.63,7.54,66.20,5.06
2026-05-16 10:10:00+00:00,3.13,-0.56,3.66,349.88,48.96,4.85
2026-05-16 10:11:00+00:00,3.58,2.88,1.74,38.80,20.75,4.91
2026-05-16 10:12:00+00:00,4.18,2.66,0.73,32.45,8.36,5.00
2026-05-16 10:13:00+00:00,3.98,2.79,0.27,35.04,3.23,4.87
2026-05-16 10:14:00+00:00,3.23,3.58,-0.19,47.92,-2.29,4.83
2026-05-16 10:15:00+00:00,4.16,1.74,-1.13,22.69,-14.11,4.65
2026-05-16 10:16:00+00:00,4.23,-1.53,-1.77,340.06,-21.46,4.84
2026-05-16 10:17:00+00:00,3.83,-0.72,-2.31,349.40,-30.73,4.53
2026-05-16 10:18:00+00:00,4.22,-2.50,0.38,329.34,4.44,4.92
2026-05-16 10:19:00+00:00,4.77,-0.65,-0.27,352.28,-3.21,4.82
2026-05-16 10:20:00+00:00,4.79,0.05,-0.45,0.62,-5.40,4.81
2026-05-16 10:21:00+00:00,4.23,-1.03,-1.79,346.33,-22.34,4.70
2026-05-16 10:22:00+00:00,3.42,-1.15,0.28,341.44,4.39,3.62
2026-05-16 10:23:00+00:00,2.05,-2.48,3.10,309.58,43.95,4.47
2026-05-16 10:24:00+00:00,1.32,1.07,1.39,38.86,39.32,2.19
2026-05-16 10:25:00+00:00,2.26,4.66,-0.17,64.14,-1.83,5.18
2026-05-16 10:26:00+00:00,1.83,4.77,-0.37,69.00,-4.12,5.13
2026-05-16 10:27:00+00:00,2.33,4.45,-0.92,62.33,-10.39,5.11
2026-05-16 10:28:00+00:00,2.92,3.89,-1.57,53.09,-17.92,5.12
2026-05-16 10:29:00+00:00,2.67,4.23,-0.60,57.69,-6.87,5.04
2026-05-16 10:30:00+00:00,2.26,-0.23,-0.60,354.24,-14.71,2.34
2026-05-16 10:31:00+00:00,-0.13,-4.70,-0.59,268.37,-7.11,4.74
2026-05-16 10:32:00+00:00,-0.72,-4.89,-0.77,261.64,-8.84,5.01
2026-05-16 10:33:00+00:00,2.28,-0.25,1.03,353.80,24.25,2.51
2026-05-16 10:34:00+00:00,3.37,3.52,0.38,46.19,4.52,4.89
2026-05-16 10:35:00+00:00,3.23,3.80,0.38,49.61,4.38,5.00
2026-05-16 10:36:00+00:00,3.23,3.75,0.65,49.30,7.52,4.99
2026-05-16 10:37:00+00:00,2.86,3.79,0.83,52.97,9.92,4.82
2026-05-16 10:38:00+00:00,2.86,-0.87,-0.98,343.02,-18.25,3.14
2026-05-16 10:39:00+00:00,3.97,-0.96,-0.95,346.45,-13.11,4.19
2026-05-16 10:40:00+00:00,3.90,-1.79,-0.82,335.28,-10.88,4.37
2026-05-16 10:41:00+00:00,2.84,-2.66,0.31,316.92,4.53,3.90
2026-05-16 10:42:00+00:00,2.49,-3.87,-1.81,302.73,-21.51,4.94
2026-05-16 10:43:00+00:00,2.51,-2.91,-3.11,310.83,-38.97,4.94
2026-05-16 10:44:00+00:00,3.31,-2.16,-3.06,326.87,-37.73,4.99
2026-05-16 10:45:00+00:00,3.65,-1.80,-2.77,333.80,-34.24,4.92
2026-05-16 10:46:00+00:00,4.15,-0.85,-2.35,348.47,-29.02,4.85
2026-05-16 10:47:00+00:00,4.41,-0.56,-1.74,352.79,-21.39,4.78
2026-05-16 10:48:00+00:00,4.50,-0.65,-1.38,351.76,-16.94,4.75
2026-05-16 10:49:00+00:00,4.52,-0.02,-1.41,359.72,-17.28,4.74
2026-05-16 10:50:00+00:00,4.38,-0.45,-1.18,354.18,-15.06,4.55
2026-05-16 10:51:00+00:00,4.10,1.33,-0.13,17.97,-1.79,4.31
2026-05-16 10:52:00+00:00,3.87,2.20,0.86,29.64,10.90,4.54
2026-05-16 10:53:00+00:00,4.31,1.58,0.17,20.07,2.08,4.59
2026-05-16 10:54:00+00:00,4.25,1.47,0.98,19.04,12.28,4.60
2026-05-16 10:55:00+00:00,4.08,1.80,1.40,23.86,17.40,4.68
2026-05-16 10:56:00+00:00,4.06,1.94,0.34,25.52,4.34,4.51
2026-05-16 10:57:00+00:00,4.36,1.48,-0.21,18.74,-2.62,4.61
2026-05-16 10:58:00+00:00,4.55,0.75,0.41,9.36,5.13,4.63
2026-05-16 10:59:00+00:00,4.69,0.86,0.08,10.39,1.01,4.77
2026-05-16 11:00:00+00:00,4.79,0.73,-0.26,8.70,-3.08,4.85
2026-05-16 11:01:00+00:00,4.82,-0.18,-0.08,357.86,-1.00,4.82
2026-05-16 11:02:00+00:00,4.69,0.60,-0.48,7.25,-5.77,4.75
2026-05-16 11:03:00+00:00,4.52,0.48,-1.23,6.10,-15.11,4.71
2026-05-16 11:04:00+00:00,4.39,0.86,-0.85,11.09,-10.74,4.55
2026-05-16 11:05:00+00:00,4.35,1.17,-1.39,15.05,-17.11,4.71
2026-05-16 11:06:00+00:00,4.41,0.43,-1.46,5.58,-18.19,4.66
2026-05-16 11:07:00+00:00,4.46,0.38,-1.43,4.83,-17.70,4.70
2026-05-16 11:08:00+00:00,4.49,0.47,-0.81,6.03,-10.14,4.59
2026-05-16 11:09:00+00:00,4.26,0.71,-0.88,9.40,-11.54,4.41
2026-05-16 11:10:00+00:00,2.10,1.94,-3.86,42.79,-53.50,4.80
2026-05-16 11:11:00+00:00,1.71,2.18,-4.39,51.84,-57.75,5.19
2026-05-16 11:12:00+00:00,2.36,2.60,-3.28,47.69,-43.01,4.80
2026-05-16 11:13:00+00:00,2.96,2.16,-3.00,36.12,-39.26,4.73
2026-05-16 11:14:00+00:00,3.86,1.88,-2.62,26.03,-31.42,5.03
2026-05-16 11:15:00+00:00,3.98,2.40,-0.47,31.10,-5.78,4.67
2026-05-16 11:16:00+00:00,3.37,1.97,2.64,30.30,34.03,4.71
2026-05-16 11:17:00+00:00,3.75,1.63,1.28,23.49,17.40,4.29
2026-05-16 11:18:00+00:00,4.25,1.86,0.62,23.64,7.63,4.68
2026-05-16 11:19:00+00:00,4.08,1.61,0.45,21.53,5.90,4.41
2026-05-16 11:20:00+00:00,3.93,1.77,-1.76,24.22,-22.27,4.65
2026-05-16 11:21:00+00:00,3.53,3.13,-1.23,41.52,-14.59,4.88
2026-05-16 11:22:00+00:00,3.71,3.02,-0.65,39.15,-7.73,4.83
2026-05-16 11:23:00+00:00,4.11,1.04,-1.61,14.17,-20.78,4.53
2026-05-16 11:24:00+00:00,4.72,0.08,-0.12,0.97,-1.45,4.72
2026-05-16 11:25:00+00:00,4.45,0.63,-1.55,8.09,-19.03,4.76
2026-05-16 11:26:00+00:00,4.08,1.07,-2.25,14.71,-28.07,4.78
2026-05-16 11:27:00+00:00,4.29,1.32,-1.68,17.06,-20.52,4.79
2026-05-16 11:30:00+00:00,4.34,1.56,-0.67,19.73,-8.25,4.66
2026-05-16 11:31:00+00:00,4.30,1.41,-1.27,18.20,-15.70,4.70
2026-05-16 11:32:00+00:00,4.36,1.36,-1.57,17.35,-18.94,4.83
2026-05-16 11:33:00+00:00,3.40,-1.10,-2.12,342.05,-30.66,4.15
2026-05-16 11:34:00+00:00,3.25,-1.13,-3.61,340.78,-46.34,4.98
2026-05-16 11:35:00+00:00,3.54,-2.59,-2.16,323.80,-26.22,4.89
2026-05-16 11:36:00+00:00,3.72,-2.65,-2.22,324.52,-25.96,5.08
2026-05-16 11:37:00+00:00,4.05,-2.34,-2.14,329.96,-24.63,5.15
2026-05-16 11:38:00+00:00,4.09,-2.41,-1.67,329.47,-19.37,5.03
2026-05-16 11:39:00+00:00,4.33,-1.22,-1.31,344.31,-16.27,4.68
2026-05-16 11:40:00+00:00,4.38,-1.85,-0.45,337.06,-5.41,4.78
2026-05-16 11:41:00+00:00,4.32,-2.01,-0.06,335.02,-0.73,4.76
2026-05-16 11:42:00+00:00,3.97,-2.74,-0.29,325.37,-3.42,4.83
2026-05-16 11:43:00+00:00,3.94,-2.77,-0.78,324.94,-9.25,4.88
2026-05-16 11:44:00+00:00,4.02,-1.98,0.82,333.76,10.40,4.56
2026-05-16 11:45:00+00:00,4.41,-1.66,-0.03,339.40,-0.41,4.71
2026-05-16 11:46:00+00:00,4.32,-2.11,0.53,334.03,6.26,4.84
2026-05-16 11:47:00+00:00,3.35,-3.24,1.65,315.92,19.47,4.94
2026-05-16 11:48:00+00:00,4.14,-2.39,0.86,330.03,10.23,4.86
2026-05-16 11:49:00+00:00,4.62,-1.41,0.12,343.01,1.47,4.83
2026-05-16 11:50:00+00:00,4.33,-2.39,-0.58,331.14,-6.70,4.98
2026-05-16 11:51:00+00:00,4.15,-2.56,0.79,328.36,9.17,4.93
2026-05-16 11:52:00+00:00,4.40,-1.99,0.91,335.68,10.65,4.92
2026-05-16 11:53:00+00:00,4.54,-1.70,0.03,339.46,0.33,4.85
2026-05-16 11:54:00+00:00,4.49,-1.80,-0.30,338.12,-3.50,4.85
2026-05-16 11:55:00+00:00,4.65,-1.29,-0.20,344.47,-2.40,4.83
2026-05-16 11:56:00+00:00,4.47,-1.19,0.69,345.08,8.53,4.68
2026-05-16 11:57:00+00:00,4.06,-2.54,0.40,327.91,4.77,4.80
2026-05-16 12:00:00+00:00,4.47,0.10,1.30,1.23,16.20,4.66
2026-05-16 12:01:00+00:00,4.12,1.01,1.53,13.81,19.89,4.51
2026-05-16 12:02:00+00:00,4.42,0.30,0.55,3.86,7.02,4.46
2026-05-16 12:03:00+00:00,3.81,1.84,1.91,25.76,24.31,4.64
2026-05-16 12:04:00+00:00,4.20,0.84,1.90,11.34,23.89,4.69
2026-05-16 12:05:00+00:00,4.02,1.32,1.48,18.20,19.27,4.48
2026-05-16 12:06:00+00:00,3.78,2.58,1.13,34.32,13.93,4.71
2026-05-16 12:07:00+00:00,3.70,0.02,2.58,0.29,34.89,4.51
2026-05-16 12:08:00+00:00,3.92,1.59,2.51,22.07,30.62,4.92
2026-05-16 12:09:00+00:00,3.64,1.46,2.73,21.82,34.87,4.78
2026-05-16 12:10:00+00:00,3.97,1.17,2.11,16.41,27.04,4.65
2026-05-16 12:11:00+00:00,3.30,0.15,2.85,2.68,40.73,4.36
2026-05-16 12:12:00+00:00,3.32,2.37,2.37,35.55,30.18,4.72
2026-05-16 12:13:00+00:00,3.22,2.67,1.02,39.65,13.65,4.30
2026-05-16 12:14:00+00:00,4.06,1.63,-1.37,21.90,-17.36,4.58
2026-05-16 12:15:00+00:00,3.97,2.06,-0.79,27.43,-10.06,4.54
2026-05-16 12:16:00+00:00,3.04,-0.97,-0.18,342.30,-3.18,3.19
2026-05-16 12:17:00+00:00,4.30,-1.21,0.10,344.24,1.35,4.47
2026-05-16 12:18:00+00:00,4.29,0.02,0.42,0.29,5.61,4.31
2026-05-16 12:19:00+00:00,4.23,0.78,-0.17,10.50,-2.25,4.30
2026-05-16 12:20:00+00:00,4.42,0.71,-0.07,9.07,-0.94,4.48
2026-05-16 12:21:00+00:00,4.39,0.73,-0.26,9.42,-3.28,4.46
2026-05-16 12:22:00+00:00,4.14,1.32,0.08,17.64,1.03,4.35
2026-05-16 12:23:00+00:00,4.14,1.59,0.31,21.06,3.99,4.44
2026-05-16 12:24:00+00:00,3.94,2.09,0.64,27.95,8.17,4.50
2026-05-16 12:25:00+00:00,4.13,1.03,0.47,14.01,6.29,4.29
2026-05-16 12:26:00+00:00,4.29,0.61,0.62,8.10,8.11,4.37
2026-05-16 12:27:00+00:00,4.32,-0.65,0.14,351.41,1.78,4.37
2026-05-16 12:28:00+00:00,4.46,-0.13,-0.70,358.38,-8.87,4.52
2026-05-16 12:29:00+00:00,4.39,0.22,0.16,2.81,2.11,4.40
2026-05-16 12:30:00+00:00,4.37,0.15,-0.10,1.90,-1.36,4.37
2026-05-16 12:31:00+00:00,4.22,1.37,0.00,17.99,-0.05,4.43
2026-05-16 12:32:00+00:00,4.17,1.22,-0.08,16.28,-1.00,4.35
2026-05-16 12:33:00+00:00,4.01,1.69,-0.10,22.89,-1.35,4.35
2026-05-16 12:34:00+00:00,4.09,1.64,0.13,21.90,1.65,4.40
2026-05-16 12:35:00+00:00,3.67,2.39,0.47,33.04,6.12,4.41
2026-05-16 12:36:00+00:00,3.37,2.80,-0.10,39.73,-1.29,4.39
2026-05-16 12:37:00+00:00,3.75,1.10,-1.16,16.39,-16.54,4.07
2026-05-16 12:38:00+00:00,3.95,-0.70,-1.63,349.90,-22.11,4.33
2026-05-16 12:39:00+00:00,3.16,-3.56,-0.67,311.63,-8.05,4.81
2026-05-16 12:40:00+00:00,2.30,-3.92,-1.83,300.43,-21.88,4.90
2026-05-16 12:41:00+00:00,3.50,-2.59,0.00,323.49,0.00,4.35
2026-05-16 12:44:00+00:00,3.54,-2.42,0.61,325.62,8.14,4.33
2026-05-16 12:45:00+00:00,3.33,-2.63,0.51,321.72,6.80,4.27
2026-05-16 12:46:00+00:00,3.94,-2.10,0.31,331.98,3.97,4.48
2026-05-16 12:47:00+00:00,4.05,-1.88,0.30,335.11,3.85,4.47
2026-05-16 12:48:00+00:00,4.26,-1.49,0.41,340.68,5.20,4.54
2026-05-16 12:49:00+00:00,4.30,-1.58,0.16,339.77,2.03,4.58
2026-05-16 12:50:00+00:00,3.37,-3.23,0.42,316.20,5.18,4.69
2026-05-16 12:51:00+00:00,3.11,-3.65,0.28,310.38,3.37,4.80
2026-05-16 12:52:00+00:00,3.47,-3.31,-0.01,316.39,-0.15,4.79
2026-05-16 12:53:00+00:00,3.20,-3.61,-0.30,311.54,-3.54,4.83
2026-05-16 12:54:00+00:00,3.08,-3.56,-0.55,310.87,-6.65,4.75
2026-05-16 12:55:00+00:00,3.37,-3.07,-1.19,317.67,-14.59,4.71
2026-05-16 12:56:00+00:00,2.92,-3.62,-0.28,308.82,-3.39,4.66
2026-05-16 12:57:00+00:00,3.36,-3.24,-0.49,316.04,-5.95,4.69
2026-05-16 12:58:00+00:00,3.84,-2.62,-0.07,325.62,-0.92,4.65
2026-05-16 12:59:00+00:00,3.61,-2.66,1.09,323.63,13.67,4.62
2026-05-16 13:00:00+00:00,3.52,-1.47,2.37,337.26,31.83,4.49
2026-05-16 13:01:00+00:00,3.14,-3.62,0.59,310.94,7.06,4.83
2026-05-16 13:02:00+00:00,2.99,-3.80,-0.04,308.24,-0.49,4.83
2026-05-16 13:03:00+00:00,2.15,-4.22,-1.91,296.93,-21.95,5.11
2026-05-16 13:04:00+00:00,1.96,-4.59,-0.88,293.09,-10.02,5.06
2026-05-16 13:05:00+00:00,2.77,-4.09,-0.51,304.11,-5.84,4.97
2026-05-16 13:06:00+00:00,2.97,-4.00,-0.02,306.53,-0.21,4.98
2026-05-16 13:07:00+00:00,3.09,-3.45,-1.33,311.90,-15.99,4.82
2026-05-16 13:08:00+00:00,3.51,-2.78,-1.89,321.56,-22.92,4.86
2026-05-16 13:09:00+00:00,3.80,-1.90,-2.18,333.38,-27.17,4.77
2026-05-16 13:10:00+00:00,3.93,-1.47,-2.34,339.50,-29.13,4.80
2026-05-16 13:11:00+00:00,4.13,-1.20,-2.01,343.79,-25.02,4.74
2026-05-16 13:12:00+00:00,4.44,-1.49,-0.51,341.48,-6.28,4.71
2026-05-16 13:14:00+00:00,3.57,-2.95,0.67,320.41,8.25,4.68
2026-05-16 13:15:00+00:00,3.43,-2.72,2.12,321.65,25.82,4.86
2026-05-16 13:16:00+00:00,3.35,-2.80,2.13,320.15,25.96,4.86
2026-05-16 13:17:00+00:00,2.99,-3.16,0.97,313.33,12.57,4.46
2026-05-16 13:18:00+00:00,2.77,-3.08,2.69,311.94,32.98,4.94
2026-05-16 13:19:00+00:00,2.30,-3.48,2.67,303.43,32.60,4.95
2026-05-16 13:20:00+00:00,2.76,-2.84,2.40,314.23,31.17,4.63
2026-05-16 13:21:00+00:00,3.64,-2.38,1.79,326.76,22.32,4.70
2026-05-16 13:22:00+00:00,3.26,-2.29,2.25,324.93,29.52,4.57
2026-05-16 13:23:00+00:00,4.32,1.63,-0.47,20.71,-5.84,4.64
2026-05-16 13:24:00+00:00,4.25,1.90,1.01,24.03,12.26,4.77
2026-05-16 13:25:00+00:00,1.78,4.44,-0.40,68.11,-4.76,4.80
2026-05-16 13:26:00+00:00,2.09,4.25,-1.03,63.80,-12.26,4.85
2026-05-16 13:27:00+00:00,2.20,4.04,-0.51,61.44,-6.30,4.63
2026-05-16 13:28:00+00:00,2.91,3.74,0.32,52.09,3.85,4.75
2026-05-16 13:29:00+00:00,2.96,2.40,2.94,39.07,37.60,4.81
2026-05-16 13:30:00+00:00,2.73,2.34,3.23,40.60,42.01,4.83
2026-05-16 13:31:00+00:00,3.32,0.01,3.23,0.18,44.21,4.64
2026-05-16 13:32:00+00:00,3.12,-1.46,3.03,334.89,41.32,4.59
2026-05-16 13:33:00+00:00,1.08,-4.46,2.24,283.55,25.96,5.11
2026-05-16 13:34:00+00:00,-0.34,-5.07,2.02,266.19,21.72,5.47
2026-05-16 13:35:00+00:00,3.78,1.09,1.17,16.07,16.58,4.10
2026-05-16 13:36:00+00:00,3.80,2.46,0.42,32.94,5.33,4.55
2026-05-16 13:37:00+00:00,3.89,2.27,-0.33,30.29,-4.24,4.51
2026-05-16 13:38:00+00:00,4.36,1.15,-0.12,14.76,-1.47,4.51
2026-05-16 13:39:00+00:00,4.32,1.20,-0.54,15.54,-6.93,4.51
2026-05-16 13:40:00+00:00,4.24,1.23,-1.34,16.14,-16.87,4.61
2026-05-16 13:41:00+00:00,3.91,1.72,-1.89,23.69,-23.86,4.67
2026-05-16 13:42:00+00:00,3.80,2.01,-1.82,27.85,-22.96,4.67
2026-05-16 13:44:00+00:00,2.30,-2.59,-0.83,311.52,-13.46,3.56
2026-05-16 13:45:00+00:00,0.06,-5.23,1.50,270.70,15.96,5.44
2026-05-16 13:46:00+00:00,1.12,-5.23,0.66,282.04,7.08,5.39
2026-05-16 13:47:00+00:00,1.64,-5.06,0.50,287.92,5.41,5.34
2026-05-16 13:48:00+00:00,2.67,-4.30,-0.55,301.87,-6.19,5.09
2026-05-16 13:49:00+00:00,2.12,-4.79,-0.07,293.92,-0.74,5.24
2026-05-16 13:50:00+00:00,2.03,-4.98,-0.30,292.13,-3.20,5.39
2026-05-16 13:51:00+00:00,2.66,-4.53,-0.78,300.48,-8.40,5.31
2026-05-16 13:52:00+00:00,1.64,-5.10,-0.09,287.86,-0.93,5.36
2026-05-16 13:53:00+00:00,1.29,-5.32,0.21,283.60,2.20,5.48
2026-05-16 13:54:00+00:00,3.10,-4.02,0.02,307.66,0.26,5.08
2026-05-16 13:55:00+00:00,3.44,-3.66,0.14,313.23,1.56,5.02
2026-05-16 13:56:00+00:00,2.94,-3.98,0.78,306.46,8.91,5.01
2026-05-16 13:57:00+00:00,1.74,-4.41,2.00,291.52,22.88,5.14
2026-05-16 13:58:00+00:00,2.44,-3.89,2.00,302.09,23.53,5.01
2026-05-16 13:59:00+00:00,3.60,-2.69,2.28,323.26,26.84,5.04
2026-05-16 14:00:00+00:00,3.23,-3.63,1.65,311.64,18.79,5.13
2026-05-16 14:01:00+00:00,2.77,-4.28,0.91,302.87,10.10,5.18
2026-05-16 14:02:00+00:00,2.37,-4.77,0.15,296.42,1.61,5.33
2026-05-16 14:03:00+00:00,1.33,-5.05,-0.83,284.71,-9.08,5.28
2026-05-16 14:04:00+00:00,0.98,-5.10,-1.04,280.87,-11.28,5.30
2026-05-16 14:05:00+00:00,1.74,-4.79,-1.45,290.00,-15.89,5.30
2026-05-16 14:06:00+00:00,2.11,-4.13,-1.09,297.09,-13.22,4.77
2026-05-16 14:07:00+00:00,3.70,-3.73,-0.35,314.76,-3.84,5.26
2026-05-16 14:08:00+00:00,3.20,-4.13,-1.02,307.80,-11.10,5.32
2026-05-16 14:09:00+00:00,3.69,-3.40,-1.11,317.34,-12.53,5.14
2026-05-16 14:10:00+00:00,3.68,-2.99,-1.23,320.97,-14.57,4.90
2026-05-16 14:11:00+00:00,3.32,-3.32,-1.75,315.05,-20.49,5.01
2026-05-16 14:12:00+00:00,2.98,-2.49,-3.45,320.07,-41.61,5.19
2026-05-16 14:14:00+00:00,2.94,-2.06,-2.52,324.89,-35.04,4.38
2026-05-16 14:15:00+00:00,2.80,-2.98,-2.91,313.26,-35.45,5.02
2026-05-16 14:16:00+00:00,2.08,-4.83,0.27,293.27,2.91,5.27
2026-05-16 14:17:00+00:00,0.85,-5.30,-0.74,279.09,-7.81,5.42
2026-05-16 14:18:00+00:00,0.35,-5.49,-0.60,273.67,-6.18,5.53
2026-05-16 14:19:00+00:00,1.18,-5.28,0.14,282.57,1.48,5.41
2026-05-16 14:20:00+00:00,0.85,-4.91,-1.91,279.87,-21.00,5.34
2026-05-16 14:21:00+00:00,0.91,-4.70,-0.95,281.01,-11.20,4.88
2026-05-16 14:22:00+00:00,-0.28,-4.22,3.03,266.17,35.65,5.20
2026-05-16 14:23:00+00:00,0.66,-4.38,1.64,278.51,20.35,4.73
2026-05-16 14:24:00+00:00,1.18,-4.92,-1.53,283.47,-16.86,5.28
2026-05-16 14:25:00+00:00,1.29,-5.06,-0.75,284.36,-8.21,5.28
2026-05-16 14:26:00+00:00,1.53,-4.85,-1.62,287.53,-17.65,5.33
2026-05-16 14:27:00+00:00,1.04,-5.01,-1.97,281.74,-21.09,5.49
2026-05-16 14:28:00+00:00,1.56,-4.54,-2.03,288.95,-22.94,5.22
2026-05-16 14:29:00+00:00,1.30,-5.20,0.37,284.08,3.96,5.37
2026-05-16 14:31:00+00:00,2.20,-3.94,-2.60,299.18,-29.94,5.20
2026-05-16 14:32:00+00:00,3.16,-3.48,-2.08,312.18,-23.86,5.14
2026-05-16 14:33:00+00:00,3.23,-3.50,-1.25,312.67,-14.72,4.92
2026-05-16 14:34:00+00:00,2.91,-4.19,0.17,304.76,1.93,5.11
2026-05-16 14:35:00+00:00,2.85,-4.15,0.18,304.44,2.10,5.04
2026-05-16 14:36:00+00:00,1.34,-4.82,-1.33,285.55,-14.85,5.18
2026-05-16 14:37:00+00:00,2.88,-3.66,0.94,308.27,11.39,4.75
2026-05-16 14:38:00+00:00,1.97,-4.05,0.40,295.94,5.14,4.52
2026-05-16 14:39:00+00:00,2.81,-3.31,2.05,310.38,25.29,4.80
2026-05-16 14:40:00+00:00,1.95,-4.45,1.51,293.70,17.25,5.09
2026-05-16 14:41:00+00:00,1.82,-3.66,1.11,296.36,15.20,4.24
2026-05-16 14:42:00+00:00,0.39,-4.68,-2.20,274.81,-25.09,5.19
2026-05-16 14:43:00+00:00,2.18,-4.65,0.21,295.14,2.30,5.14
2026-05-16 14:46:00+00:00,2.06,-4.44,-0.94,294.83,-10.82,4.98
2026-05-16 14:47:00+00:00,1.01,-2.02,-3.21,296.65,-54.82,3.92
2026-05-16 14:48:00+00:00,-1.01,1.89,-4.85,118.07,-66.23,5.30
2026-05-16 14:49:00+00:00,-0.87,0.74,-5.39,139.54,-78.04,5.51
2026-05-16 14:50:00+00:00,1.93,-1.91,-2.98,315.29,-47.64,4.03
2026-05-16 14:51:00+00:00,2.83,-3.52,-1.35,308.75,-16.60,4.71
2026-05-16 14:52:00+00:00,3.14,-3.09,-1.27,315.42,-16.04,4.58
2026-05-16 14:53:00+00:00,3.67,-2.56,-1.16,325.09,-14.56,4.62
2026-05-16 14:54:00+00:00,4.35,-1.69,-0.90,338.78,-10.89,4.75
2026-05-16 14:55:00+00:00,4.27,-1.49,-1.42,340.79,-17.48,4.74
2026-05-16 14:56:00+00:00,3.94,-1.74,-2.07,336.09,-25.70,4.78
2026-05-16 14:57:00+00:00,3.93,-1.10,-2.37,344.32,-30.12,4.72
2026-05-16 14:58:00+00:00,3.49,-1.38,-3.03,338.35,-38.90,4.82
2026-05-16 14:59:00+00:00,2.79,-1.83,-2.98,326.85,-41.76,4.47
2026-05-16 15:00:00+00:00,1.40,-3.53,-3.37,291.61,-41.60,5.08
2026-05-16 15:01:00+00:00,2.05,-2.67,-3.52,307.54,-46.33,4.87
2026-05-16 15:02:00+00:00,2.58,-0.61,-4.16,346.67,-57.51,4.93
2026-05-16 15:03:00+00:00,2.36,-2.54,-3.36,312.86,-44.03,4.83
2026-05-16 15:04:00+00:00,2.48,-2.69,-3.46,312.65,-43.41,5.04
2026-05-16 15:05:00+00:00,2.59,-2.72,-3.24,313.58,-40.79,4.97
2026-05-16 15:06:00+00:00,2.22,-1.57,-4.17,324.65,-56.91,4.98
2026-05-16 15:07:00+00:00,2.03,-2.07,-4.12,314.44,-54.91,5.04
2026-05-16 15:08:00+00:00,2.26,-2.24,-4.03,315.24,-51.68,5.14
2026-05-16 15:09:00+00:00,2.34,-2.70,-3.48,310.96,-44.19,4.99
2026-05-16 15:10:00+00:00,2.32,-3.76,-2.49,301.64,-29.44,5.07
2026-05-16 15:11:00+00:00,2.28,-3.69,-2.68,301.77,-31.69,5.10
2026-05-16 15:12:00+00:00,1.64,-4.04,-2.73,292.01,-31.99,5.14
2026-05-16 15:13:00+00:00,1.55,-4.25,-2.61,289.98,-29.95,5.22
2026-05-16 15:16:00+00:00,1.05,-3.71,-3.38,285.81,-41.27,5.13
2026-05-16 15:17:00+00:00,1.05,-4.30,-2.47,283.70,-29.14,5.07
2026-05-16 15:18:00+00:00,0.13,-4.63,-2.40,271.64,-27.36,5.22
2026-05-16 15:19:00+00:00,0.76,-4.61,-1.59,279.41,-18.80,4.94
2026-05-16 15:20:00+00:00,-0.22,-4.53,-1.30,267.27,-15.94,4.72
2026-05-16 15:21:00+00:00,0.01,-2.97,-4.16,270.26,-54.53,5.11
2026-05-16 15:22:00+00:00,-0.24,-1.97,-4.58,263.18,-66.52,4.99
2026-05-16 15:23:00+00:00,0.71,-2.94,-3.81,283.47,-51.56,4.87
2026-05-16 15:24:00+00:00,0.98,-2.73,-3.67,289.83,-51.69,4.68
2026-05-16 15:25:00+00:00,0.34,-1.17,-4.25,286.33,-73.94,4.42
2026-05-16 15:26:00+00:00,-0.08,1.88,-4.14,92.32,-65.61,4.55
2026-05-16 15:27:00+00:00,0.78,2.50,-3.73,72.62,-54.86,4.56
2026-05-16 15:28:00+00:00,0.14,2.03,-4.40,86.10,-65.15,4.85
2026-05-16 15:29:00+00:00,0.05,2.03,-4.34,88.54,-64.98,4.79
2026-05-16 15:30:00+00:00,0.28,0.30,-4.78,47.06,-85.13,4.80
2026-05-16 15:31:00+00:00,-0.14,-0.64,-4.98,257.69,-82.49,5.02
2026-05-16 15:32:00+00:00,-0.13,-1.22,-4.93,264.10,-76.06,5.08
2026-05-16 15:33:00+00:00,0.30,-0.42,-5.07,305.79,-84.14,5.10
2026-05-16 15:34:00+00:00,-0.20,-1.86,-4.98,263.82,-69.42,5.32
2026-05-16 15:35:00+00:00,0.21,-1.46,-5.01,278.36,-73.58,5.23
2026-05-16 15:36:00+00:00,0.56,-1.80,-4.82,287.28,-68.68,5.17
2026-05-16 15:37:00+00:00,-0.01,-0.82,-5.17,269.06,-81.01,5.23
2026-05-16 15:38:00+00:00,-0.46,-2.16,-4.81,257.87,-65.31,5.29
2026-05-16 15:39:00+00:00,-0.35,-2.64,-4.71,262.44,-60.56,5.41
2026-05-16 15:40:00+00:00,-0.30,-2.12,-4.90,261.88,-66.41,5.35
2026-05-16 15:41:00+00:00,0.06,-1.78,-4.93,271.86,-70.12,5.24
2026-05-16 15:42:00+00:00,0.19,-3.41,-3.92,273.26,-48.86,5.20
2026-05-16 15:43:00+00:00,-0.19,-4.76,-2.18,267.74,-24.53,5.24
2026-05-16 15:44:00+00:00,-0.49,-4.91,-2.17,264.35,-23.76,5.40
2026-05-16 15:45:00+00:00,-0.19,-4.86,-2.08,267.78,-23.14,5.29
2026-05-16 15:46:00+00:00,0.26,-4.60,-2.27,273.28,-26.18,5.13
2026-05-16 15:47:00+00:00,-0.56,-4.67,-2.33,263.18,-26.35,5.25
2026-05-16 15:48:00+00:00,-0.15,-3.90,-3.51,267.86,-41.93,5.25
2026-05-16 15:49:00+00:00,-0.12,-3.03,-4.23,267.78,-54.30,5.20
2026-05-16 15:50:00+00:00,0.09,-3.32,-4.11,271.62,-51.07,5.29
2026-05-16 15:51:00+00:00,0.15,-3.47,-3.98,272.45,-48.87,5.29
2026-05-16 15:52:00+00:00,0.67,-3.74,-3.53,280.11,-42.91,5.18
2026-05-16 15:53:00+00:00,0.57,-3.82,-3.43,278.53,-41.59,5.17
2026-05-16 15:54:00+00:00,2.10,-4.10,-2.09,297.17,-24.36,5.06
2026-05-16 15:55:00+00:00,1.85,-3.71,-3.07,296.43,-36.51,5.16
2026-05-16 15:56:00+00:00,2.10,-3.04,-3.53,304.64,-43.69,5.11
2026-05-16 15:57:00+00:00,1.81,-2.34,-4.11,307.76,-54.24,5.06
2026-05-16 15:58:00+00:00,-0.26,-3.53,-3.83,265.80,-47.21,5.21
2026-05-16 16:00:00+00:00,0.99,-0.46,-4.66,335.18,-76.81,4.79
2026-05-16 16:01:00+00:00,0.98,-0.49,-4.89,333.15,-77.38,5.01
2026-05-16 16:02:00+00:00,-0.16,-0.83,-4.73,259.13,-79.92,4.80
2026-05-16 16:03:00+00:00,0.45,-4.82,-1.69,275.36,-19.21,5.13
2026-05-16 16:04:00+00:00,0.71,-4.07,-3.13,279.86,-37.11,5.18
2026-05-16 16:05:00+00:00,1.09,-3.76,-3.06,286.25,-38.02,4.97
2026-05-16 16:06:00+00:00,-0.02,-4.11,-2.99,269.78,-35.97,5.08
2026-05-16 16:07:00+00:00,0.49,-4.01,-2.78,277.02,-34.53,4.90
2026-05-16 16:08:00+00:00,1.40,-3.68,-2.68,290.75,-34.27,4.77
2026-05-16 16:09:00+00:00,1.50,-3.44,-2.76,293.59,-36.30,4.66
2026-05-16 16:10:00+00:00,2.21,-3.89,-1.50,299.66,-18.54,4.72
2026-05-16 16:11:00+00:00,1.82,-4.19,-1.76,293.46,-21.10,4.90
2026-05-16 16:12:00+00:00,1.61,-4.12,-1.98,291.34,-24.15,4.85
2026-05-16 16:13:00+00:00,1.76,-4.19,-1.74,292.82,-20.92,4.87
2026-05-16 16:14:00+00:00,1.24,-4.59,-0.31,285.09,-3.68,4.76
2026-05-16 16:15:00+00:00,0.77,-4.57,-0.03,279.51,-0.39,4.63
2026-05-16 16:16:00+00:00,0.89,-4.65,-0.46,280.85,-5.60,4.75
2026-05-16 16:17:00+00:00,0.60,-4.05,0.77,278.47,10.65,4.17
2026-05-16 16:18:00+00:00,-0.08,-3.34,2.93,268.65,41.26,4.45
2026-05-16 16:19:00+00:00,0.11,-4.41,0.15,271.38,1.94,4.41
2026-05-16 16:20:00+00:00,-0.03,-4.81,-1.03,269.69,-12.04,4.92
2026-05-16 16:21:00+00:00,-0.24,-4.62,-0.92,267.08,-11.30,4.72
2026-05-16 16:22:00+00:00,-0.79,-4.72,-0.23,260.48,-2.72,4.79
2026-05-16 16:23:00+00:00,-0.47,-4.69,-0.18,264.31,-2.18,4.72
2026-05-16 16:24:00+00:00,-0.06,-4.58,-0.86,269.24,-10.60,4.66
2026-05-16 16:25:00+00:00,-0.32,-4.53,-1.24,265.97,-15.28,4.71
2026-05-16 16:26:00+00:00,-0.46,-4.57,-1.37,264.27,-16.61,4.79
2026-05-16 16:27:00+00:00,0.05,-4.17,-2.26,270.67,-28.51,4.74
2026-05-16 16:28:00+00:00,0.79,-3.90,-1.76,281.49,-23.91,4.35
2026-05-16 16:31:00+00:00,1.09,-4.37,-0.26,283.99,-3.32,4.51
2026-05-16 16:32:00+00:00,1.09,-4.46,0.09,283.80,1.18,4.59
2026-05-16 16:33:00+00:00,0.83,-4.43,-0.20,280.62,-2.60,4.52
2026-05-16 16:34:00+00:00,0.80,-4.35,0.56,280.39,7.26,4.45
2026-05-16 16:35:00+00:00,1.17,-4.20,-0.66,285.60,-8.57,4.41
2026-05-16 16:36:00+00:00,0.59,-4.35,-0.36,277.79,-4.65,4.40
2026-05-16 16:37:00+00:00,1.17,-4.20,0.05,285.52,0.60,4.36
2026-05-16 16:38:00+00:00,1.57,-3.84,-0.53,292.26,-7.25,4.18
2026-05-16 16:39:00+00:00,1.97,-3.45,-0.89,299.68,-12.62,4.07
2026-05-16 16:40:00+00:00,1.27,-3.77,-0.33,288.55,-4.70,3.99
2026-05-16 16:41:00+00:00,1.25,-3.59,1.21,289.27,17.71,3.99
2026-05-16 16:42:00+00:00,-0.01,-4.12,-1.25,269.87,-16.90,4.30
2026-05-16 16:43:00+00:00,0.45,1.34,2.89,71.53,64.02,3.22
2026-05-16 16:44:00+00:00,1.22,2.86,2.96,66.85,43.62,4.30
2026-05-16 16:45:00+00:00,1.03,3.89,2.04,75.15,26.85,4.51
2026-05-16 16:46:00+00:00,1.06,3.83,1.95,74.51,26.14,4.43
2026-05-16 16:47:00+00:00,1.05,3.06,1.74,71.10,28.36,3.67
2026-05-16 16:48:00+00:00,0.19,-2.96,-0.30,273.74,-5.78,2.98
2026-05-16 16:49:00+00:00,-0.47,-4.04,-0.52,263.34,-7.32,4.10
2026-05-16 16:50:00+00:00,0.41,-3.48,-1.20,276.70,-18.88,3.71
2026-05-16 16:51:00+00:00,0.33,-4.16,-0.87,274.56,-11.71,4.26
2026-05-16 16:52:00+00:00,0.00,-3.95,-1.54,269.95,-21.35,4.24
2026-05-16 16:53:00+00:00,1.06,-3.58,-1.59,286.48,-23.04,4.05
2026-05-16 16:54:00+00:00,1.71,-3.44,-1.22,296.38,-17.65,4.03
2026-05-16 16:55:00+00:00,0.90,-3.63,-1.94,283.88,-27.43,4.22
2026-05-16 16:56:00+00:00,0.73,-3.28,-2.57,282.49,-37.39,4.23
2026-05-16 16:57:00+00:00,0.29,-3.69,-1.73,274.50,-25.11,4.09
2026-05-16 16:58:00+00:00,0.12,-3.26,-1.35,272.04,-22.57,3.53
2026-05-16 16:59:00+00:00,0.53,-3.58,-0.63,278.46,-9.87,3.67
2026-05-16 17:00:00+00:00,1.24,-3.38,1.61,290.21,24.05,3.94
2026-05-16 17:01:00+00:00,0.82,-0.87,2.16,313.38,61.14,2.47
2026-05-16 17:02:00+00:00,-0.90,3.66,2.49,103.81,33.49,4.52
2026-05-16 17:03:00+00:00,-0.69,3.47,2.86,101.23,38.99,4.55
2026-05-16 17:04:00+00:00,-0.78,3.94,2.22,101.25,28.98,4.59
2026-05-16 17:05:00+00:00,-0.07,3.67,2.36,91.16,32.74,4.37
2026-05-16 17:06:00+00:00,-0.51,3.44,2.65,98.43,37.28,4.37
2026-05-16 17:07:00+00:00,-0.95,3.70,2.04,104.41,28.15,4.33
2026-05-16 17:08:00+00:00,-0.46,3.72,2.33,97.08,31.87,4.42
2026-05-16 17:09:00+00:00,-0.46,2.84,3.34,99.17,49.26,4.41
2026-05-16 17:10:00+00:00,0.05,2.45,3.38,88.88,54.04,4.17
2026-05-16 17:11:00+00:00,0.96,1.44,3.61,56.24,64.40,4.01
2026-05-16 17:12:00+00:00,1.11,2.21,3.37,63.18,53.73,4.18
2026-05-16 17:13:00+00:00,1.76,1.99,2.89,48.50,47.45,3.93
2026-05-16 17:14:00+00:00,1.41,1.83,3.36,52.51,55.50,4.08
2026-05-16 17:15:00+00:00,1.37,1.98,3.42,55.23,54.86,4.18
2026-05-16 17:16:00+00:00,1.87,2.38,2.88,51.78,43.61,4.18
2026-05-16 17:17:00+00:00,2.75,2.23,1.80,39.00,26.92,3.97
2026-05-16 17:18:00+00:00,2.44,2.26,2.33,42.82,35.07,4.06
2026-05-16 17:19:00+00:00,2.32,2.36,1.80,45.48,28.51,3.76
2026-05-16 17:20:00+00:00,2.66,1.89,1.93,35.43,30.56,3.79
2026-05-16 17:21:00+00:00,2.21,0.72,3.29,17.90,54.74,4.03
2026-05-16 17:22:00+00:00,1.16,0.12,3.77,5.74,72.81,3.95
2026-05-16 17:23:00+00:00,1.46,2.73,1.93,61.96,32.00,3.65
2026-05-16 17:24:00+00:00,0.59,3.38,1.59,80.04,24.93,3.78
2026-05-16 17:25:00+00:00,1.50,1.26,3.50,40.06,60.70,4.01
2026-05-16 17:26:00+00:00,1.61,0.32,3.56,11.36,65.20,3.93
2026-05-16 17:27:00+00:00,1.41,-0.60,3.62,337.07,67.04,3.94
2026-05-16 17:28:00+00:00,2.38,0.30,3.02,7.29,51.62,3.86
2026-05-16 17:29:00+00:00,1.54,-1.05,3.22,325.74,59.96,3.72
2026-05-16 17:30:00+00:00,1.03,-1.20,3.16,310.65,63.47,3.53
2026-05-16 17:31:00+00:00,1.00,0.01,3.81,0.33,75.29,3.94
2026-05-16 17:32:00+00:00,1.68,-0.49,3.29,343.64,62.00,3.73
2026-05-16 17:33:00+00:00,2.34,0.44,2.75,10.72,49.20,3.64
2026-05-16 17:34:00+00:00,1.74,-0.61,3.17,340.60,59.88,3.67
2026-05-16 17:35:00+00:00,1.70,-0.73,3.38,336.79,61.28,3.85
2026-05-16 17:36:00+00:00,2.27,-1.66,2.46,323.77,41.14,3.74
2026-05-16 17:37:00+00:00,2.36,-1.89,2.01,321.29,33.53,3.63
2026-05-16 17:38:00+00:00,2.80,-1.67,1.89,329.14,30.15,3.77
2026-05-16 17:39:00+00:00,1.43,-3.37,1.23,292.91,18.51,3.86
2026-05-16 17:40:00+00:00,1.66,-1.88,2.62,311.51,46.26,3.62
2026-05-16 17:41:00+00:00,1.49,-1.37,3.28,317.50,58.31,3.85
2026-05-16 17:42:00+00:00,2.27,-1.87,2.39,320.54,39.11,3.80
2026-05-16 17:43:00+00:00,2.03,-1.49,2.96,323.80,49.59,3.88
2026-05-16 17:44:00+00:00,1.37,-2.82,1.78,295.93,29.65,3.60
2026-05-16 17:45:00+00:00,0.29,-3.90,-0.48,274.30,-6.99,3.94
2026-05-16 17:46:00+00:00,1.01,-1.66,1.02,301.37,27.62,2.19
2026-05-16 17:47:00+00:00,-2.62,-2.37,-2.15,222.16,-31.36,4.14
2026-05-16 17:48:00+00:00,-1.42,-2.31,-1.89,238.47,-34.98,3.30
2026-05-16 17:49:00+00:00,-0.40,-3.34,-2.75,263.12,-39.20,4.35
2026-05-16 17:50:00+00:00,-0.44,-2.21,-3.95,258.68,-60.34,4.55
2026-05-16 17:51:00+00:00,-0.75,-1.15,-4.60,237.06,-73.40,4.80
2026-05-16 17:52:00+00:00,-0.96,-0.87,-4.85,222.34,-75.05,5.02
2026-05-16 17:53:00+00:00,0.09,-2.03,-4.54,272.64,-65.85,4.97
2026-05-16 17:54:00+00:00,-0.72,-1.90,-4.29,249.32,-64.71,4.74
2026-05-16 17:55:00+00:00,-1.34,-1.97,-4.46,235.89,-61.85,5.05
2026-05-16 17:56:00+00:00,0.18,-3.98,-1.85,272.52,-24.90,4.39
2026-05-16 17:57:00+00:00,-0.46,-3.14,-3.24,261.71,-45.60,4.54
2026-05-16 17:58:00+00:00,0.28,-2.52,-3.64,276.42,-55.11,4.44
2026-05-16 17:59:00+00:00,-0.84,-3.43,-3.31,256.29,-43.13,4.84
2026-05-16 18:00:00+00:00,-1.04,-3.49,-3.13,253.39,-40.70,4.80
2026-05-16 18:01:00+00:00,-0.93,-3.30,-3.27,254.29,-43.58,4.74
2026-05-16 18:02:00+00:00,-0.91,-4.12,-2.01,257.49,-25.44,4.68
2026-05-16 18:03:00+00:00,-0.90,-4.03,-1.53,257.46,-20.30,4.40
2026-05-16 18:04:00+00:00,-0.53,-2.84,-3.72,259.52,-52.18,4.71
2026-05-16 18:05:00+00:00,0.89,-3.22,-1.06,285.51,-17.57,3.50
2026-05-16 18:06:00+00:00,1.83,-2.60,2.34,305.17,36.37,3.95
2026-05-16 18:07:00+00:00,1.86,-1.87,3.18,314.85,50.44,4.13
2026-05-16 18:08:00+00:00,1.68,-0.89,3.59,332.16,62.11,4.06
2026-05-16 18:09:00+00:00,2.63,-2.95,0.26,311.66,3.71,3.96
2026-05-16 18:10:00+00:00,2.82,-2.91,0.05,314.07,0.74,4.05
2026-05-16 18:11:00+00:00,2.37,-3.32,-2.24,305.47,-28.78,4.65
2026-05-16 18:12:00+00:00,2.10,-3.00,-2.23,304.99,-31.40,4.28
2026-05-16 18:13:00+00:00,1.99,-3.55,-1.89,299.25,-24.84,4.49
2026-05-16 18:16:00+00:00,1.68,-3.84,-0.27,293.66,-3.64,4.20
2026-05-16 18:17:00+00:00,2.06,-2.98,-1.68,304.65,-24.87,4.00
2026-05-16 18:18:00+00:00,1.43,-4.11,-0.73,289.24,-9.56,4.41
2026-05-16 18:19:00+00:00,0.76,-4.43,0.79,279.71,10.02,4.56
2026-05-16 18:20:00+00:00,1.12,-3.93,1.55,285.91,20.83,4.37
2026-05-16 18:21:00+00:00,1.99,-0.78,-3.59,338.62,-59.24,4.17
2026-05-16 18:22:00+00:00,2.07,0.98,-3.09,25.39,-53.43,3.85
2026-05-16 18:23:00+00:00,3.23,0.53,-2.33,9.24,-35.44,4.02
2026-05-16 18:24:00+00:00,3.43,-0.92,-1.76,344.95,-26.32,3.96
2026-05-16 18:25:00+00:00,2.16,-2.64,0.48,309.32,7.98,3.44
2026-05-16 18:26:00+00:00,1.55,-3.16,0.95,296.16,15.09,3.64
2026-05-16 18:27:00+00:00,1.16,-2.94,2.46,291.51,37.88,4.01
2026-05-16 18:28:00+00:00,1.03,-3.40,2.06,286.90,30.09,4.10
2026-05-16 18:29:00+00:00,0.08,-4.05,1.80,271.10,23.98,4.44
2026-05-16 18:30:00+00:00,0.29,-4.06,1.46,274.03,19.78,4.33
2026-05-16 18:31:00+00:00,-0.41,-3.38,2.53,263.02,36.60,4.24
2026-05-16 18:32:00+00:00,0.48,-2.36,-1.06,281.57,-23.69,2.64
2026-05-16 18:33:00+00:00,1.39,-2.43,-3.98,299.75,-54.86,4.86
2026-05-16 18:34:00+00:00,1.48,-1.81,-4.25,309.23,-61.19,4.85
2026-05-16 18:35:00+00:00,1.53,-0.90,-4.46,329.46,-68.25,4.81
2026-05-16 18:36:00+00:00,1.97,-0.83,-3.88,337.09,-61.08,4.43
2026-05-16 18:37:00+00:00,2.46,0.23,-3.53,5.36,-55.04,4.30
2026-05-16 18:38:00+00:00,2.44,1.33,-3.08,28.58,-47.96,4.14
2026-05-16 18:39:00+00:00,3.06,-0.16,-3.16,357.09,-45.86,4.40
2026-05-16 18:40:00+00:00,3.16,-0.77,-3.05,346.33,-43.22,4.46
2026-05-16 18:41:00+00:00,3.21,0.92,-2.65,16.00,-38.42,4.26
2026-05-16 18:42:00+00:00,3.29,0.59,-2.61,10.15,-37.93,4.24
2026-05-16 18:43:00+00:00,3.41,1.64,-1.41,25.71,-20.49,4.04
2026-05-16 18:44:00+00:00,3.84,0.78,-1.39,11.50,-19.56,4.16
2026-05-16 18:45:00+00:00,3.84,1.21,-1.55,17.52,-21.10,4.31
2026-05-16 18:46:00+00:00,3.48,0.00,-2.88,0.04,-39.58,4.52
2026-05-16 18:47:00+00:00,3.92,0.99,-1.48,14.18,-20.14,4.31
2026-05-16 18:48:00+00:00,3.94,0.82,-1.84,11.69,-24.54,4.42
2026-05-16 18:49:00+00:00,4.09,1.43,-0.89,19.31,-11.62,4.42
2026-05-16 18:50:00+00:00,4.17,1.16,-0.85,15.51,-11.15,4.41
2026-05-16 18:51:00+00:00,4.08,0.87,-1.20,11.98,-16.04,4.34
2026-05-16 18:52:00+00:00,0.99,-2.49,-3.21,291.79,-50.14,4.18
2026-05-16 18:53:00+00:00,-0.42,-3.15,-3.99,262.38,-51.49,5.10
2026-05-16 18:54:00+00:00,0.17,-3.11,-3.90,273.20,-51.41,5.00
2026-05-16 18:55:00+00:00,0.58,-2.55,-4.31,282.75,-58.82,5.04
2026-05-16 18:56:00+00:00,0.78,-2.34,-4.44,288.53,-60.94,5.08
2026-05-16 18:57:00+00:00,0.72,-2.45,-4.37,286.38,-59.66,5.06
2026-05-16 18:58:00+00:00,1.45,-2.55,-4.03,299.62,-53.92,4.98
2026-05-16 18:59:00+00:00,1.25,-2.66,-4.13,295.19,-54.56,5.07
2026-05-16 19:00:00+00:00,1.04,-2.68,-4.08,291.09,-54.81,4.99
2026-05-16 19:01:00+00:00,1.04,-2.01,-4.50,297.45,-63.35,5.04
2026-05-16 19:02:00+00:00,1.89,-2.62,-3.66,305.77,-48.61,4.88
2026-05-16 19:03:00+00:00,2.28,-2.82,-3.22,309.01,-41.54,4.85
2026-05-16 19:04:00+00:00,2.92,-3.22,-2.27,312.21,-27.58,4.90
2026-05-16 19:05:00+00:00,2.94,-3.38,-1.74,310.96,-21.19,4.81
2026-05-16 19:06:00+00:00,3.20,-3.24,-1.33,314.69,-16.27,4.74
2026-05-16 19:07:00+00:00,3.11,-3.47,-0.66,311.80,-8.02,4.71
2026-05-16 19:08:00+00:00,2.99,-3.72,-0.58,308.85,-6.90,4.81
2026-05-16 19:09:00+00:00,2.52,-4.19,-0.64,301.05,-7.46,4.94
2026-05-16 19:10:00+00:00,2.45,-4.13,-0.88,300.68,-10.35,4.88
2026-05-16 19:11:00+00:00,2.68,-4.01,-0.22,303.72,-2.57,4.83
2026-05-16 19:12:00+00:00,3.61,-2.34,1.24,327.11,16.10,4.48
2026-05-16 19:13:00+00:00,3.68,-1.83,1.91,333.64,24.94,4.53
2026-05-16 19:15:00+00:00,3.46,-2.88,1.33,320.22,16.51,4.69
2026-05-16 19:16:00+00:00,3.71,-2.59,1.31,325.07,16.17,4.71
2026-05-16 19:17:00+00:00,3.48,-2.93,1.17,319.84,14.40,4.70
2026-05-16 19:18:00+00:00,2.57,-3.64,1.10,305.18,13.88,4.59
2026-05-16 19:19:00+00:00,0.84,-4.56,0.80,280.43,9.74,4.71
2026-05-16 19:20:00+00:00,3.04,-2.01,1.16,326.56,17.69,3.82
2026-05-16 19:21:00+00:00,3.83,-0.83,1.42,347.82,19.91,4.17
2026-05-16 19:22:00+00:00,3.69,-0.98,1.51,345.17,21.58,4.11
2026-05-16 19:23:00+00:00,3.09,-2.12,2.23,325.45,30.81,4.36
2026-05-16 19:24:00+00:00,3.38,-2.00,1.85,329.41,25.26,4.34
2026-05-16 19:25:00+00:00,3.73,-0.53,1.62,351.94,23.29,4.10
2026-05-16 19:26:00+00:00,3.86,-0.43,1.69,353.69,23.48,4.23
2026-05-16 19:27:00+00:00,2.12,-3.33,1.55,302.50,21.42,4.24
2026-05-16 19:28:00+00:00,3.09,-2.23,1.56,324.24,22.29,4.12
2026-05-16 19:29:00+00:00,3.76,-0.97,1.12,345.53,16.15,4.04
2026-05-16 19:30:00+00:00,3.94,0.75,1.29,10.75,17.85,4.22
2026-05-16 19:31:00+00:00,3.85,0.07,1.58,0.99,22.38,4.16
2026-05-16 19:32:00+00:00,3.88,0.12,1.70,1.70,23.62,4.24
2026-05-16 19:33:00+00:00,3.85,0.26,1.77,3.89,24.61,4.24
2026-05-16 19:34:00+00:00,3.51,1.01,2.21,16.11,31.17,4.27
2026-05-16 19:35:00+00:00,3.55,0.76,1.79,12.08,26.24,4.04
2026-05-16 19:36:00+00:00,3.45,0.72,2.04,11.83,30.06,4.07
2026-05-16 19:37:00+00:00,3.29,0.04,1.88,0.62,29.81,3.79
2026-05-16 19:38:00+00:00,3.18,-1.47,1.70,335.23,25.93,3.90
2026-05-16 19:39:00+00:00,1.16,-3.72,1.50,287.26,21.05,4.18
2026-05-16 19:40:00+00:00,0.36,-4.38,-0.77,274.70,-9.88,4.46
2026-05-16 19:41:00+00:00,1.39,-3.77,1.24,290.31,17.20,4.21
2026-05-16 19:42:00+00:00,1.10,-4.06,1.68,285.17,21.74,4.53
2026-05-16 19:43:00+00:00,0.81,-3.61,2.31,282.65,31.96,4.36
2026-05-16 19:46:00+00:00,-1.40,-4.36,0.45,252.20,5.61,4.61
2026-05-16 19:47:00+00:00,-1.87,-4.36,0.02,246.82,0.21,4.74
2026-05-16 19:48:00+00:00,-2.06,-4.19,0.24,243.80,2.90,4.68
2026-05-16 19:49:00+00:00,-1.57,-4.10,-0.81,249.02,-10.50,4.47
2026-05-16 19:50:00+00:00,-0.32,-3.97,-1.17,265.36,-16.37,4.15
2026-05-16 19:51:00+00:00,1.09,-4.03,-0.42,285.11,-5.73,4.20
2026-05-16 19:52:00+00:00,0.54,-4.24,-0.70,277.30,-9.31,4.34
2026-05-16 19:53:00+00:00,0.12,-4.26,-0.60,271.57,-8.07,4.30
2026-05-16 19:54:00+00:00,-3.28,-2.44,1.20,216.71,16.41,4.26
2026-05-16 19:55:00+00:00,-3.65,-2.67,0.06,216.13,0.76,4.52
2026-05-16 19:56:00+00:00,0.34,-2.77,1.61,276.96,29.87,3.22
2026-05-16 19:57:00+00:00,-0.31,-2.64,3.07,263.38,49.09,4.06
2026-05-16 19:58:00+00:00,-0.32,-4.07,1.35,265.56,18.33,4.30
2026-05-16 19:59:00+00:00,1.13,-1.57,2.71,305.78,54.47,3.33
2026-05-16 20:00:00+00:00,0.56,-3.38,1.73,279.37,26.82,3.84
2026-05-16 20:01:00+00:00,1.25,-3.70,0.15,288.67,2.16,3.91
2026-05-16 20:02:00+00:00,3.06,-1.69,0.28,331.05,4.55,3.51
2026-05-16 20:03:00+00:00,2.97,-2.04,0.22,325.53,3.57,3.61
2026-05-16 20:04:00+00:00,1.60,-2.64,1.45,301.28,25.18,3.41
2026-05-16 20:05:00+00:00,0.48,-2.69,1.53,280.12,29.20,3.14
2026-05-16 20:06:00+00:00,-1.12,-3.82,0.11,253.60,1.61,3.98
2026-05-16 20:07:00+00:00,0.72,-2.21,-2.50,288.04,-47.05,3.42
2026-05-16 20:08:00+00:00,-1.00,-3.17,-0.53,252.46,-9.13,3.37
2026-05-16 20:09:00+00:00,-0.08,-2.89,0.14,268.35,2.68,2.89
2026-05-16 20:10:00+00:00,-0.65,-2.35,-3.24,254.48,-52.96,4.06
2026-05-16 20:11:00+00:00,-1.97,-1.84,-2.99,223.07,-48.02,4.03
2026-05-16 20:12:00+00:00,-2.38,-2.46,-2.26,225.94,-33.40,4.10
2026-05-16 20:13:00+00:00,-2.94,-2.89,-1.65,224.57,-21.78,4.44
2026-05-16 20:16:00+00:00,-2.17,-4.03,1.06,241.72,13.04,4.69
2026-05-16 20:17:00+00:00,-2.64,-3.72,0.32,234.66,4.01,4.57
2026-05-16 20:18:00+00:00,-1.49,-4.22,1.18,250.59,14.80,4.63
2026-05-16 20:19:00+00:00,-2.14,-3.89,1.28,241.19,16.10,4.62
2026-05-16 20:20:00+00:00,-2.18,-3.84,1.07,240.49,13.56,4.54
2026-05-16 20:21:00+00:00,-2.68,-3.39,0.93,231.62,12.20,4.42
2026-05-16 20:22:00+00:00,-2.96,-3.25,1.89,227.71,23.26,4.78
2026-05-16 20:23:00+00:00,-3.08,-3.52,1.55,228.82,18.33,4.93
2026-05-16 20:24:00+00:00,-2.66,-4.02,0.97,236.47,11.35,4.92
2026-05-16 20:25:00+00:00,-2.15,-4.30,0.51,243.40,6.07,4.84
2026-05-16 20:26:00+00:00,-2.59,-4.14,-0.12,237.98,-1.38,4.89
2026-05-16 20:27:00+00:00,-2.56,-3.92,0.68,236.90,8.25,4.73
2026-05-16 20:28:00+00:00,-2.42,-3.98,0.64,238.74,7.85,4.70
2026-05-16 20:29:00+00:00,-2.24,-3.66,1.73,238.59,21.98,4.63
2026-05-16 20:30:00+00:00,-2.51,-3.86,0.93,236.93,11.41,4.70
2026-05-16 20:31:00+00:00,-2.65,-3.91,0.43,235.85,5.22,4.74
2026-05-16 20:32:00+00:00,-2.75,-3.94,0.00,235.11,-0.02,4.80
2026-05-16 20:33:00+00:00,-2.42,-4.05,-0.24,239.18,-2.97,4.72
2026-05-16 20:34:00+00:00,-2.74,-3.67,-1.39,233.32,-16.84,4.79
2026-05-16 20:35:00+00:00,-0.98,-4.15,0.27,256.72,3.64,4.27
2026-05-16 20:36:00+00:00,-0.80,-4.34,0.95,259.60,12.11,4.52
2026-05-16 20:37:00+00:00,-1.44,-4.36,0.46,251.69,5.69,4.61
2026-05-16 20:38:00+00:00,-1.10,-4.32,0.35,255.77,4.46,4.47
2026-05-16 20:39:00+00:00,-1.18,-4.15,0.49,254.08,6.53,4.34
2026-05-16 20:40:00+00:00,-1.21,-4.19,-1.05,253.91,-13.55,4.48
2026-05-16 20:41:00+00:00,-1.06,-4.34,-0.54,256.24,-6.87,4.50
2026-05-16 20:42:00+00:00,-1.64,-4.20,0.03,248.62,0.39,4.51
2026-05-16 20:43:00+00:00,-1.67,-3.99,-0.06,247.24,-0.83,4.33
2026-05-16 20:44:00+00:00,-1.10,-4.15,-1.29,255.17,-16.78,4.48
2026-05-16 20:45:00+00:00,-1.50,-3.79,1.57,248.43,21.10,4.36
2026-05-16 20:46:00+00:00,-1.83,-2.78,2.13,236.68,32.62,3.95
2026-05-16 20:47:00+00:00,-2.91,-3.34,0.68,228.88,8.79,4.48
2026-05-16 20:48:00+00:00,-2.51,-2.95,-2.18,229.60,-29.38,4.44
2026-05-16 20:49:00+00:00,-1.43,-3.21,-2.49,246.07,-35.33,4.31
2026-05-16 20:50:00+00:00,-2.25,-2.73,1.23,230.51,19.15,3.75
2026-05-16 20:51:00+00:00,-1.29,-2.53,-3.58,242.99,-51.59,4.57
2026-05-16 20:52:00+00:00,-1.08,-2.05,-4.01,242.17,-59.99,4.63
2026-05-16 20:53:00+00:00,-0.63,-2.06,-3.99,253.11,-61.60,4.54
2026-05-16 20:54:00+00:00,0.05,-1.05,-4.04,272.49,-75.45,4.18
2026-05-16 20:55:00+00:00,0.04,-2.40,-1.97,270.88,-39.31,3.10
2026-05-16 20:56:00+00:00,0.35,-0.30,-3.65,319.27,-82.87,3.68
2026-05-16 20:57:00+00:00,0.72,0.01,-3.58,0.51,-78.63,3.65
2026-05-16 20:58:00+00:00,0.33,-1.11,-3.86,286.55,-73.25,4.03
2026-05-16 20:59:00+00:00,0.28,-2.55,-3.27,276.35,-51.81,4.16
2026-05-16 21:00:00+00:00,0.09,-2.94,-2.38,271.71,-38.94,3.78
2026-05-16 21:01:00+00:00,-1.56,-3.86,-0.17,248.06,-2.37,4.17
2026-05-16 21:02:00+00:00,-1.63,-3.62,-0.21,245.81,-3.08,3.98
2026-05-16 21:03:00+00:00,-1.63,-3.42,-1.93,244.47,-26.98,4.25
2026-05-16 21:04:00+00:00,-2.06,-2.41,-3.26,229.40,-45.78,4.55
2026-05-16 21:05:00+00:00,-0.76,-1.56,-3.90,243.88,-66.06,4.27
2026-05-16 21:06:00+00:00,-1.99,-1.66,-3.67,219.90,-54.72,4.49
2026-05-16 21:07:00+00:00,-1.60,-0.98,-4.14,211.43,-65.65,4.54
2026-05-16 21:08:00+00:00,-1.58,-1.12,-4.26,215.38,-65.55,4.68
2026-05-16 21:09:00+00:00,-1.63,-0.69,-4.46,202.93,-68.36,4.79
2026-05-16 21:10:00+00:00,-1.52,-0.50,-4.48,198.30,-70.30,4.75
2026-05-16 21:11:00+00:00,-1.66,0.00,-4.31,180.08,-68.95,4.62
2026-05-16 21:12:00+00:00,-1.35,-0.20,-3.97,188.58,-71.08,4.20
2026-05-16 21:13:00+00:00,-0.89,-0.11,-3.53,187.08,-75.69,3.64
2026-05-16 21:16:00+00:00,-0.35,-3.19,-0.54,263.80,-9.56,3.25
2026-05-16 21:17:00+00:00,2.04,-2.02,2.84,315.32,44.69,4.03
2026-05-16 21:18:00+00:00,1.04,-1.44,3.82,305.84,65.00,4.21
2026-05-16 21:19:00+00:00,1.19,-2.15,3.38,299.04,53.94,4.18
2026-05-16 21:20:00+00:00,1.63,-1.89,3.35,310.68,53.31,4.17
2026-05-16 21:21:00+00:00,1.66,-2.36,2.91,305.16,45.24,4.10
2026-05-16 21:22:00+00:00,1.16,-2.79,0.19,292.52,3.63,3.03
2026-05-16 21:23:00+00:00,1.68,-1.74,2.54,314.00,46.39,3.50
2026-05-16 21:24:00+00:00,2.09,-2.32,2.56,312.08,39.37,4.04
2026-05-16 21:25:00+00:00,2.05,-2.37,2.45,310.87,38.05,3.97
2026-05-16 21:26:00+00:00,2.06,-2.31,2.48,311.67,38.64,3.97
2026-05-16 21:27:00+00:00,2.71,-1.33,2.14,333.97,35.31,3.70
2026-05-16 21:28:00+00:00,1.03,-2.01,2.92,297.21,52.24,3.69
2026-05-16 21:31:00+00:00,2.13,0.17,3.17,4.51,56.04,3.82
2026-05-16 21:32:00+00:00,2.79,-0.25,2.19,354.82,38.07,3.55
2026-05-16 21:33:00+00:00,2.91,-2.21,1.04,322.83,15.85,3.80
2026-05-16 21:34:00+00:00,3.20,-2.00,0.85,328.06,12.72,3.87
2026-05-16 21:35:00+00:00,2.85,-2.79,0.14,315.63,2.01,3.99
2026-05-16 21:36:00+00:00,2.46,-3.18,-0.09,307.79,-1.28,4.02
2026-05-16 21:37:00+00:00,2.31,-3.25,0.44,305.39,6.25,4.02
2026-05-16 21:38:00+00:00,2.40,-3.04,0.37,308.32,5.44,3.89
2026-05-16 21:39:00+00:00,2.61,-2.79,0.25,313.10,3.70,3.83
2026-05-16 21:40:00+00:00,2.39,-3.07,-0.09,307.82,-1.33,3.89
2026-05-16 21:41:00+00:00,2.00,-3.30,-1.19,301.22,-17.17,4.04
2026-05-16 21:42:00+00:00,1.96,-3.30,-1.12,300.71,-16.24,3.99
2026-05-16 21:43:00+00:00,2.39,-2.71,-1.78,311.45,-26.21,4.03
2026-05-16 21:44:00+00:00,2.64,-2.11,-2.01,321.33,-30.75,3.94
2026-05-16 21:45:00+00:00,2.76,-2.26,-1.62,320.71,-24.43,3.92
2026-05-16 21:46:00+00:00,0.60,-4.22,0.58,278.09,7.70,4.30
2026-05-16 21:47:00+00:00,1.23,-4.17,-0.27,286.44,-3.50,4.35
2026-05-16 21:48:00+00:00,0.81,-4.21,0.05,280.94,0.68,4.28
2026-05-16 21:49:00+00:00,1.13,-4.14,0.25,285.24,3.31,4.30
2026-05-16 21:50:00+00:00,2.22,-3.51,0.04,302.27,0.61,4.15
2026-05-16 21:51:00+00:00,1.22,-3.84,0.84,287.67,11.84,4.11
2026-05-16 21:52:00+00:00,0.48,-3.85,1.26,277.13,17.97,4.08
2026-05-16 21:53:00+00:00,0.58,-3.73,1.28,278.90,18.70,3.99
2026-05-16 21:54:00+00:00,0.34,-3.86,1.83,275.04,25.30,4.28
2026-05-16 21:55:00+00:00,0.34,-3.74,2.28,275.22,31.27,4.39
2026-05-16 21:56:00+00:00,2.08,-2.68,1.85,307.84,28.61,3.87
2026-05-16 21:57:00+00:00,2.53,-1.93,2.40,322.68,37.12,3.98
2026-05-16 21:58:00+00:00,2.63,-1.64,2.32,328.09,36.82,3.87
2026-05-16 22:00:00+00:00,0.57,-4.13,1.62,277.80,21.19,4.48
2026-05-16 22:01:00+00:00,0.54,-3.23,2.21,279.42,33.99,3.95
2026-05-16 22:02:00+00:00,0.71,-1.63,3.62,293.39,63.84,4.03
2026-05-16 22:03:00+00:00,0.62,-2.01,3.85,287.28,61.36,4.38
2026-05-16 22:04:00+00:00,0.46,-3.28,2.90,278.04,41.17,4.40
2026-05-16 22:05:00+00:00,0.22,-3.87,1.95,273.19,26.76,4.34
2026-05-16 22:06:00+00:00,-0.18,-3.95,2.16,267.36,28.70,4.51
2026-05-16 22:07:00+00:00,-0.01,-3.87,2.09,269.88,28.32,4.40
2026-05-16 22:08:00+00:00,0.75,-3.35,2.69,282.69,38.13,4.36
2026-05-16 22:09:00+00:00,0.37,-3.27,2.78,276.49,40.18,4.30
2026-05-16 22:10:00+00:00,0.37,-3.13,3.05,276.73,44.03,4.39
2026-05-16 22:11:00+00:00,0.07,-3.45,2.54,271.14,36.36,4.29
2026-05-16 22:12:00+00:00,-0.10,-4.19,1.45,268.62,19.13,4.44
2026-05-16 22:13:00+00:00,-0.18,-4.41,1.00,267.70,12.71,4.52
2026-05-16 22:14:00+00:00,-0.07,-4.28,0.96,269.08,12.67,4.39
2026-05-16 22:15:00+00:00,0.55,-3.70,2.10,278.53,29.32,4.29
2026-05-16 22:16:00+00:00,0.46,-3.87,1.89,276.82,25.88,4.33
2026-05-16 22:17:00+00:00,0.18,-4.12,1.34,272.52,18.03,4.34
2026-05-16 22:18:00+00:00,0.30,-3.97,1.46,274.35,20.16,4.24
2026-05-16 22:19:00+00:00,0.02,-3.68,2.07,270.27,29.33,4.23
2026-05-16 22:20:00+00:00,0.13,-3.62,2.26,272.13,31.95,4.27
2026-05-16 22:21:00+00:00,0.44,-3.35,2.57,277.50,37.25,4.25
2026-05-16 22:22:00+00:00,1.08,-3.36,2.24,287.84,32.40,4.18
2026-05-16 22:23:00+00:00,0.94,-3.44,2.26,285.27,32.40,4.22
2026-05-16 22:24:00+00:00,0.87,-3.70,1.97,283.21,27.41,4.28
2026-05-16 22:25:00+00:00,0.72,-3.00,2.98,283.42,44.03,4.29
2026-05-16 22:26:00+00:00,0.79,-3.14,2.74,284.16,40.19,4.24
2026-05-16 22:27:00+00:00,1.05,-3.13,2.71,288.55,39.42,4.27
2026-05-16 22:28:00+00:00,1.71,-3.21,2.14,298.04,30.47,4.22
2026-05-16 22:29:00+00:00,1.63,-3.25,2.11,296.67,30.10,4.20
2026-05-16 22:30:00+00:00,1.96,-3.42,1.26,299.76,17.73,4.14
2026-05-16 22:31:00+00:00,2.31,-2.90,1.53,308.49,22.37,4.01
2026-05-16 22:32:00+00:00,1.77,-3.03,2.02,300.28,29.87,4.05
2026-05-16 22:33:00+00:00,1.69,-2.45,2.80,304.65,43.29,4.09
2026-05-16 22:34:00+00:00,1.61,-1.86,3.28,310.83,53.22,4.10
2026-05-16 22:35:00+00:00,1.12,-2.79,2.81,291.87,43.08,4.11
2026-05-16 22:36:00+00:00,0.09,-4.43,0.17,271.22,2.15,4.44
2026-05-16 22:37:00+00:00,-0.24,-3.83,0.61,266.36,9.07,3.89
2026-05-16 22:38:00+00:00,1.22,-3.51,1.34,289.22,19.84,3.95
2026-05-16 22:39:00+00:00,1.67,-3.31,1.31,296.85,19.41,3.93
2026-05-16 22:40:00+00:00,1.82,-2.69,0.70,304.07,12.19,3.32
2026-05-16 22:41:00+00:00,2.76,-2.34,-1.60,319.70,-23.82,3.96
2026-05-16 22:42:00+00:00,2.65,-2.80,-0.83,313.43,-12.11,3.94
2026-05-16 22:43:00+00:00,2.58,-2.77,-0.37,312.93,-5.56,3.80
2026-05-16 22:44:00+00:00,1.59,-2.70,2.21,300.45,35.18,3.83
2026-05-16 22:45:00+00:00,0.70,-3.96,0.56,279.99,7.94,4.06
2026-05-16 22:46:00+00:00,2.52,-1.33,2.18,332.28,37.39,3.59
2026-05-16 22:47:00+00:00,1.58,-0.82,3.53,332.65,63.31,3.95
2026-05-16 22:48:00+00:00,1.38,-2.85,2.16,295.75,34.23,3.83
2026-05-16 22:49:00+00:00,1.49,-2.70,2.51,298.86,39.20,3.98
2026-05-16 22:50:00+00:00,2.39,-3.11,-0.27,307.51,-3.89,3.93
2026-05-16 22:51:00+00:00,3.16,-2.31,0.35,323.84,5.10,3.93
2026-05-16 22:52:00+00:00,3.48,-1.69,0.63,334.14,9.25,3.91
2026-05-16 22:53:00+00:00,3.77,-0.30,0.89,355.46,13.26,3.89
2026-05-16 22:54:00+00:00,3.64,-0.04,1.16,359.37,17.72,3.82
2026-05-16 22:55:00+00:00,3.48,0.06,1.48,0.94,22.97,3.78
2026-05-16 22:56:00+00:00,3.39,-0.26,1.55,355.55,24.53,3.73
2026-05-16 22:57:00+00:00,3.74,-0.18,0.95,357.29,14.30,3.86
2026-05-16 22:58:00+00:00,3.81,-0.45,0.63,353.25,9.35,3.89
2026-05-16 22:59:00+00:00,3.58,-1.38,0.61,338.90,8.95,3.89
2026-05-16 23:00:00+00:00,3.62,-1.27,0.49,340.71,7.34,3.87
2026-05-16 23:01:00+00:00,3.59,-0.79,1.29,347.64,19.27,3.90
2026-05-16 23:02:00+00:00,3.47,-0.59,1.71,350.42,25.92,3.92
2026-05-16 23:03:00+00:00,3.14,-1.71,1.54,331.47,23.32,3.89
2026-05-16 23:04:00+00:00,3.11,-1.90,0.79,328.55,12.18,3.73
2026-05-16 23:05:00+00:00,3.24,-0.96,1.50,343.45,23.95,3.70
2026-05-16 23:06:00+00:00,2.95,-1.81,1.71,328.54,26.33,3.86
2026-05-16 23:07:00+00:00,2.75,-2.31,1.70,319.89,25.31,3.97
2026-05-16 23:08:00+00:00,2.97,-1.73,1.96,329.68,29.75,3.96
2026-05-16 23:09:00+00:00,2.79,-2.37,1.43,319.66,21.38,3.92
2026-05-16 23:10:00+00:00,3.47,-1.49,0.56,336.78,8.39,3.82
2026-05-16 23:11:00+00:00,3.39,-2.00,0.29,329.40,4.27,3.95
2026-05-16 23:12:00+00:00,3.32,-1.52,0.27,335.37,4.16,3.66
2026-05-16 23:13:00+00:00,3.53,-1.03,0.78,343.73,12.05,3.76
2026-05-16 23:14:00+00:00,3.58,-1.28,0.06,340.37,0.83,3.80
2026-05-16 23:15:00+00:00,3.09,-1.96,1.31,327.66,19.66,3.89
2026-05-16 23:16:00+00:00,2.13,-2.93,0.96,305.98,14.83,3.75
2026-05-16 23:17:00+00:00,0.78,-3.49,0.14,282.60,2.31,3.58
2026-05-16 23:18:00+00:00,-0.63,-4.06,-0.09,261.16,-1.28,4.11
2026-05-16 23:19:00+00:00,-0.67,-4.02,-1.35,260.59,-18.38,4.29
2026-05-16 23:20:00+00:00,-0.58,-4.07,-1.39,261.93,-18.63,4.34
2026-05-16 23:21:00+00:00,-0.98,-3.68,-1.17,255.06,-17.07,3.98
2026-05-16 23:22:00+00:00,2.52,-0.54,2.72,347.96,46.61,3.74
2026-05-16 23:23:00+00:00,2.09,-1.98,2.42,316.53,40.01,3.76
2026-05-16 23:24:00+00:00,0.23,-3.81,1.28,273.45,18.56,4.03
2026-05-16 23:25:00+00:00,2.08,-1.55,2.80,323.40,47.20,3.82
2026-05-16 23:26:00+00:00,2.05,-1.89,2.84,317.37,45.58,3.98
2026-05-16 23:27:00+00:00,2.46,-2.29,2.05,317.06,31.31,3.93
2026-05-16 23:28:00+00:00,1.08,-3.45,1.23,287.43,18.86,3.82
2026-05-16 23:29:00+00:00,1.00,-3.57,1.73,285.68,25.08,4.09
2026-05-16 23:30:00+00:00,-0.17,-4.15,0.83,267.70,11.26,4.24
2026-05-16 23:31:00+00:00,2.31,-1.56,1.87,325.97,33.87,3.36
2026-05-16 23:32:00+00:00,0.22,-3.98,-0.30,273.16,-4.26,4.00
2026-05-16 23:33:00+00:00,0.13,-4.29,-0.36,271.76,-4.76,4.31
2026-05-16 23:34:00+00:00,0.26,-4.24,-0.95,273.52,-12.59,4.36
2026-05-16 23:35:00+00:00,0.04,-4.23,-1.03,270.58,-13.69,4.35
2026-05-16 23:36:00+00:00,1.29,-3.79,0.82,288.78,11.63,4.09
2026-05-16 23:37:00+00:00,1.25,-3.98,0.79,287.48,10.71,4.24
2026-05-16 23:38:00+00:00,1.65,-3.41,1.18,295.81,17.37,3.97
2026-05-16 23:39:00+00:00,3.05,-2.15,1.30,324.86,19.15,3.95
2026-05-16 23:40:00+00:00,3.07,-2.12,1.18,325.33,17.51,3.91
2026-05-16 23:41:00+00:00,2.91,-2.25,1.50,322.29,22.23,3.97
2026-05-16 23:42:00+00:00,3.29,-1.71,1.19,332.52,17.83,3.90
2026-05-16 23:43:00+00:00,3.52,-1.34,1.11,339.16,16.38,3.93
2026-05-16 23:44:00+00:00,3.62,-0.78,1.00,347.83,15.15,3.84
2026-05-16 23:45:00+00:00,3.54,-1.33,0.90,339.45,13.34,3.89
2026-05-16 23:46:00+00:00,3.64,-0.98,0.70,344.87,10.54,3.84
2026-05-16 23:47:00+00:00,3.65,-0.97,0.79,345.19,11.86,3.86
2026-05-16 23:48:00+00:00,3.69,-1.45,0.82,338.51,11.67,4.05
2026-05-16 23:49:00+00:00,3.82,-1.28,0.87,341.41,12.16,4.12
2026-05-16 23:50:00+00:00,3.88,-0.83,0.61,347.99,8.77,4.02
2026-05-16 23:51:00+00:00,3.74,-1.44,0.23,338.92,3.31,4.01
2026-05-16 23:52:00+00:00,3.58,-1.51,-0.51,337.09,-7.51,3.92
2026-05-16 23:53:00+00:00,3.32,-1.97,-0.15,329.29,-2.24,3.87
2026-05-16 23:54:00+00:00,2.93,-2.67,-0.62,317.63,-8.95,4.01
2026-05-16 23:55:00+00:00,2.85,-2.90,-0.79,314.50,-10.93,4.15
2026-05-16 23:56:00+00:00,2.94,-2.74,-0.53,317.07,-7.56,4.05
2026-05-16 23:57:00+00:00,3.17,-2.22,-0.72,324.95,-10.57,3.94
2026-05-16 23:58:00+00:00,3.19,-2.17,-0.43,325.81,-6.29,3.88
2026-05-16 23:59:00+00:00,3.22,-2.22,-0.59,325.37,-8.63,3.96
2026-05-17 00:00:00+00:00,2.97,-2.53,-0.75,319.55,-10.85,3.98
2026-05-17 00:01:00+00:00,3.33,-2.29,0.30,325.50,4.21,4.06
2026-05-17 00:02:00+00:00,3.68,-1.11,0.87,343.15,12.70,3.94
2026-05-17 00:03:00+00:00,3.67,-1.18,0.82,342.16,12.05,3.94
2026-05-17 00:04:00+00:00,3.41,-1.72,0.97,333.30,14.28,3.94
2026-05-17 00:05:00+00:00,3.44,-1.94,0.24,330.55,3.51,3.96
2026-05-17 00:06:00+00:00,3.23,-2.46,-0.53,322.68,-7.41,4.09
2026-05-17 00:07:00+00:00,3.43,-2.09,-0.32,328.66,-4.50,4.03
2026-05-17 00:08:00+00:00,3.47,-1.93,-0.89,330.88,-12.70,4.07
2026-05-17 00:09:00+00:00,3.33,-2.32,-0.82,325.14,-11.38,4.14
2026-05-17 00:10:00+00:00,3.16,-2.34,-0.97,323.46,-13.90,4.05
2026-05-17 00:11:00+00:00,3.12,-2.49,0.09,321.36,1.32,4.00
2026-05-17 00:12:00+00:00,3.04,-2.43,0.50,321.40,7.25,3.93
2026-05-17 00:13:00+00:00,3.53,-1.01,0.75,344.03,11.47,3.75
2026-05-17 00:14:00+00:00,3.44,-0.68,1.60,348.83,24.46,3.86
2026-05-17 00:15:00+00:00,3.49,-0.31,1.56,354.87,24.02,3.83
2026-05-17 00:16:00+00:00,3.45,0.00,1.69,0.07,26.13,3.84
2026-05-17 00:17:00+00:00,3.44,-0.10,1.42,358.42,22.39,3.72
2026-05-17 00:18:00+00:00,3.37,-0.93,1.42,344.54,22.13,3.77
2026-05-17 00:19:00+00:00,3.43,-1.76,1.02,332.85,14.82,3.99
2026-05-17 00:20:00+00:00,2.72,-2.91,0.24,313.07,3.49,3.99
2026-05-17 00:21:00+00:00,2.81,-2.92,-0.01,313.91,-0.10,4.05
2026-05-17 00:22:00+00:00,2.84,-2.83,0.19,315.17,2.71,4.01
2026-05-17 00:23:00+00:00,2.95,-2.67,0.36,317.85,5.22,3.99
2026-05-17 00:24:00+00:00,2.99,-2.65,-0.03,318.40,-0.49,3.99
2026-05-17 00:25:00+00:00,2.81,-2.66,-0.04,316.55,-0.59,3.87
2026-05-17 00:26:00+00:00,3.09,-2.29,0.78,323.46,11.43,3.93
2026-05-17 00:27:00+00:00,2.73,-2.68,0.99,315.46,14.48,3.95
2026-05-17 00:28:00+00:00,2.84,-2.50,1.10,318.61,16.26,3.94
2026-05-17 00:29:00+00:00,3.24,-1.66,1.07,332.85,16.44,3.80
2026-05-17 00:30:00+00:00,2.93,-2.08,1.44,324.65,21.84,3.87
2026-05-17 00:31:00+00:00,2.63,-1.85,1.83,324.88,29.62,3.69
2026-05-17 00:32:00+00:00,1.95,-3.66,-0.66,298.12,-9.10,4.20
2026-05-17 00:33:00+00:00,2.62,-3.60,-0.35,306.08,-4.56,4.46
2026-05-17 00:34:00+00:00,2.82,-2.29,1.17,320.93,17.91,3.81
2026-05-17 00:35:00+00:00,2.99,-1.68,2.01,330.73,30.33,3.98
2026-05-17 00:36:00+00:00,3.21,-1.70,1.39,331.99,21.01,3.89
2026-05-17 00:37:00+00:00,3.00,-1.87,1.63,328.08,24.75,3.89
2026-05-17 00:38:00+00:00,2.42,-2.98,1.48,309.07,21.08,4.11
2026-05-17 00:39:00+00:00,1.76,-3.53,1.27,296.53,17.85,4.15
2026-05-17 00:40:00+00:00,2.17,-3.38,0.97,302.67,13.53,4.13
2026-05-17 00:41:00+00:00,2.18,-3.68,-0.09,300.60,-1.24,4.28
2026-05-17 00:42:00+00:00,3.10,-2.28,0.67,323.63,9.85,3.90
2026-05-17 00:43:00+00:00,3.05,-2.22,0.89,323.96,13.30,3.88
2026-05-17 00:44:00+00:00,3.31,-1.89,0.89,330.25,13.21,3.92
2026-05-17 00:45:00+00:00,3.66,-1.56,0.13,336.90,1.84,3.98
2026-05-17 00:46:00+00:00,3.76,-1.43,0.05,339.22,0.75,4.02
2026-05-17 00:47:00+00:00,3.68,-1.01,0.99,344.65,14.60,3.94
2026-05-17 00:48:00+00:00,3.78,-0.97,1.14,345.66,16.28,4.06
2026-05-17 00:49:00+00:00,3.84,-1.10,0.66,343.98,9.35,4.05
2026-05-17 00:50:00+00:00,4.04,0.05,0.43,0.68,6.09,4.07
2026-05-17 00:51:00+00:00,4.01,0.27,0.69,3.86,9.79,4.08
2026-05-17 00:52:00+00:00,3.87,0.19,1.34,2.89,19.05,4.10
2026-05-17 00:53:00+00:00,3.92,-0.56,1.01,351.93,14.29,4.08
2026-05-17 00:54:00+00:00,4.03,-0.52,0.81,352.59,11.22,4.14
2026-05-17 00:55:00+00:00,4.04,-0.48,0.82,353.23,11.37,4.15
2026-05-17 00:56:00+00:00,3.75,-0.34,1.61,354.77,23.09,4.09
2026-05-17 00:57:00+00:00,3.86,-0.03,1.56,359.62,21.98,4.16
2026-05-17 00:58:00+00:00,3.88,0.32,1.20,4.66,17.10,4.07
2026-05-17 00:59:00+00:00,3.76,0.57,1.72,8.63,24.31,4.17
2026-05-17 01:00:00+00:00,3.71,0.48,1.96,7.39,27.71,4.23
2026-05-17 01:01:00+00:00,3.83,0.20,1.86,2.97,25.89,4.27
2026-05-17 01:02:00+00:00,3.77,0.09,1.00,1.37,14.82,3.90
2026-05-17 01:03:00+00:00,3.94,0.44,-1.43,6.38,-19.78,4.21
2026-05-17 01:04:00+00:00,3.75,0.95,-1.67,14.19,-23.43,4.21
2026-05-17 01:05:00+00:00,3.85,1.06,-1.47,15.38,-20.22,4.25
2026-05-17 01:06:00+00:00,3.72,1.46,-1.51,21.42,-20.76,4.27
2026-05-17 01:07:00+00:00,4.08,-0.53,-0.17,352.55,-2.38,4.12
2026-05-17 01:08:00+00:00,4.07,-0.63,0.00,351.23,0.03,4.12
2026-05-17 01:09:00+00:00,4.02,-1.00,-0.17,346.04,-2.32,4.15
2026-05-17 01:10:00+00:00,4.15,-0.41,-0.08,354.38,-1.04,4.17
2026-05-17 01:11:00+00:00,4.22,0.31,-0.14,4.21,-1.87,4.24
2026-05-17 01:12:00+00:00,4.29,-0.25,-0.30,356.66,-4.01,4.31
2026-05-17 01:13:00+00:00,4.29,-0.01,-0.39,359.89,-5.13,4.31
2026-05-17 01:14:00+00:00,4.28,-0.13,-0.02,358.31,-0.24,4.28
2026-05-17 01:15:00+00:00,4.13,-0.89,-0.32,347.83,-4.27,4.23
2026-05-17 01:16:00+00:00,3.98,-1.52,0.34,339.07,4.55,4.28
2026-05-17 01:17:00+00:00,3.94,-1.29,-0.68,341.89,-9.28,4.20
2026-05-17 01:18:00+00:00,3.90,-1.33,-0.14,341.12,-1.93,4.12
2026-05-17 01:19:00+00:00,4.07,-0.14,-0.72,358.00,-10.07,4.13
2026-05-17 01:20:00+00:00,3.95,-1.62,-0.39,337.67,-5.17,4.29
2026-05-17 01:21:00+00:00,3.88,-0.78,-0.34,348.62,-4.88,3.98
2026-05-17 01:22:00+00:00,4.07,0.21,-0.02,2.96,-0.23,4.08
2026-05-17 01:23:00+00:00,4.05,0.82,-0.32,11.39,-4.46,4.14
2026-05-17 01:24:00+00:00,3.87,-0.77,-0.74,348.79,-10.61,4.01
2026-05-17 01:25:00+00:00,3.96,-0.70,-1.13,350.00,-15.70,4.18
2026-05-17 01:26:00+00:00,3.81,-0.90,-1.40,346.75,-19.72,4.16
2026-05-17 01:27:00+00:00,3.79,-0.72,-1.64,349.30,-23.03,4.19
2026-05-17 01:28:00+00:00,3.74,-0.91,-1.61,346.38,-22.73,4.17
2026-05-17 01:29:00+00:00,3.61,-0.28,-2.13,355.62,-30.43,4.20
2026-05-17 01:30:00+00:00,3.56,-1.59,-0.69,335.91,-10.09,3.96
2026-05-17 01:31:00+00:00,3.68,-1.23,-0.99,341.45,-14.30,4.00
2026-05-17 01:32:00+00:00,3.42,-1.62,-1.04,334.65,-15.34,3.93
2026-05-17 01:33:00+00:00,3.53,-2.14,0.46,328.84,6.42,4.16
2026-05-17 01:34:00+00:00,3.57,-1.89,0.56,332.13,7.83,4.08
2026-05-17 01:35:00+00:00,3.17,-2.31,1.24,323.90,17.56,4.11
2026-05-17 01:36:00+00:00,2.56,-2.99,1.31,310.59,18.38,4.15
2026-05-17 01:37:00+00:00,2.72,-3.00,0.96,312.25,13.29,4.16
2026-05-17 01:38:00+00:00,3.08,-2.69,0.53,318.88,7.33,4.13
2026-05-17 01:39:00+00:00,3.11,-2.74,0.38,318.67,5.19,4.16
2026-05-17 01:40:00+00:00,3.33,-2.49,-0.21,323.14,-2.87,4.16
2026-05-17 01:41:00+00:00,3.38,-2.18,0.34,327.12,4.86,4.04
2026-05-17 01:42:00+00:00,3.54,-1.88,0.59,332.06,8.44,4.05
2026-05-17 01:43:00+00:00,3.66,-1.62,0.58,336.13,8.25,4.05
2026-05-17 01:44:00+00:00,3.56,-1.96,0.57,331.21,8.03,4.10
2026-05-17 01:45:00+00:00,3.31,-2.44,0.56,323.61,7.72,4.15
2026-05-17 01:46:00+00:00,3.04,-2.35,1.74,322.37,24.37,4.22
2026-05-17 01:47:00+00:00,3.45,-1.59,1.33,335.25,19.24,4.02
2026-05-17 01:48:00+00:00,3.72,-1.34,0.83,340.21,11.92,4.04
2026-05-17 01:49:00+00:00,3.72,-1.30,-0.22,340.80,-3.22,3.95
2026-05-17 01:50:00+00:00,3.81,-1.55,-0.11,337.90,-1.48,4.12
2026-05-17 01:51:00+00:00,3.77,-1.35,-0.03,340.31,-0.40,4.01
2026-05-17 01:52:00+00:00,3.93,-0.81,0.17,348.29,2.44,4.02
2026-05-17 01:53:00+00:00,3.72,-1.64,0.22,336.27,3.08,4.07
2026-05-17 01:54:00+00:00,3.73,-1.35,0.47,340.15,6.77,3.99
2026-05-17 01:55:00+00:00,3.43,-2.19,0.48,327.48,6.78,4.10
2026-05-17 01:56:00+00:00,3.68,-2.05,0.05,330.91,0.71,4.21
2026-05-17 01:57:00+00:00,3.50,-2.27,0.25,327.06,3.42,4.18
2026-05-17 01:58:00+00:00,3.64,-1.95,0.10,331.86,1.37,4.13
2026-05-17 01:59:00+00:00,3.72,-1.35,-0.83,340.05,-11.91,4.04
2026-05-17 02:00:00+00:00,3.60,0.06,-1.77,0.95,-26.20,4.02
2026-05-17 02:01:00+00:00,3.56,0.85,-1.84,13.48,-26.73,4.10
2026-05-17 02:02:00+00:00,3.75,0.62,-1.34,9.40,-19.41,4.03
2026-05-17 02:03:00+00:00,3.81,-0.66,-0.25,350.18,-3.76,3.88
2026-05-17 02:04:00+00:00,3.22,-2.69,0.76,320.18,10.20,4.27
2026-05-17 02:05:00+00:00,3.32,-2.68,0.53,321.12,7.08,4.30
2026-05-17 02:06:00+00:00,3.35,-2.71,0.42,321.03,5.53,4.33
2026-05-17 02:07:00+00:00,3.40,-2.66,0.35,321.97,4.64,4.32
2026-05-17 02:08:00+00:00,3.50,-2.42,-0.12,325.37,-1.62,4.25
2026-05-17 02:09:00+00:00,3.64,-1.75,-0.43,334.24,-6.10,4.06
2026-05-17 02:10:00+00:00,3.50,-1.92,-1.00,331.24,-14.11,4.12
2026-05-17 02:11:00+00:00,3.57,-1.57,-1.23,336.21,-17.46,4.09
2026-05-17 02:12:00+00:00,3.10,-2.52,-0.51,320.88,-7.27,4.03
2026-05-17 02:13:00+00:00,2.63,-3.40,-0.14,307.78,-1.90,4.30
2026-05-17 02:14:00+00:00,2.51,-3.67,0.50,304.40,6.44,4.47
2026-05-17 02:15:00+00:00,2.86,-3.24,-0.13,311.37,-1.73,4.32
2026-05-17 02:16:00+00:00,3.15,-2.67,-0.75,319.71,-10.25,4.20
2026-05-17 02:17:00+00:00,2.61,-3.25,-0.16,308.81,-2.16,4.17
2026-05-17 02:18:00+00:00,2.44,-3.06,0.96,308.52,13.74,4.03
2026-05-17 02:19:00+00:00,2.42,-2.96,0.33,309.22,4.86,3.84
2026-05-17 02:20:00+00:00,2.57,-3.22,0.25,308.54,3.47,4.12
2026-05-17 02:21:00+00:00,2.44,-2.33,-1.25,316.32,-20.30,3.60
2026-05-17 02:22:00+00:00,2.80,0.06,-2.70,1.16,-43.90,3.89
2026-05-17 02:23:00+00:00,2.35,1.99,-2.85,40.22,-42.82,4.20
2026-05-17 02:24:00+00:00,2.66,1.27,-3.05,25.54,-45.99,4.25
2026-05-17 02:25:00+00:00,3.07,0.99,-2.97,17.98,-42.63,4.38
2026-05-17 02:26:00+00:00,3.21,0.29,-2.67,5.09,-39.65,4.18
2026-05-17 02:27:00+00:00,3.31,-0.28,-2.16,355.11,-33.01,3.96
2026-05-17 02:28:00+00:00,3.10,0.14,-2.53,2.55,-39.17,4.01
2026-05-17 02:29:00+00:00,3.38,-0.31,-1.78,354.83,-27.74,3.83
2026-05-17 02:30:00+00:00,3.33,-0.43,-1.85,352.71,-28.83,3.83
2026-05-17 02:31:00+00:00,3.23,-0.25,-2.11,355.60,-33.05,3.87
2026-05-17 02:32:00+00:00,3.12,-0.41,-2.28,352.52,-35.89,3.88
2026-05-17 02:33:00+00:00,3.10,-1.08,-1.82,340.88,-28.98,3.75
2026-05-17 02:34:00+00:00,3.19,-1.95,-1.00,328.52,-15.04,3.87
2026-05-17 02:35:00+00:00,3.17,-2.28,-0.50,324.24,-7.33,3.94
2026-05-17 02:36:00+00:00,3.27,-2.14,-0.81,326.82,-11.68,3.99
2026-05-17 02:37:00+00:00,3.16,-2.03,-1.44,327.22,-20.94,4.02
2026-05-17 02:38:00+00:00,3.33,-1.90,-0.94,330.29,-13.79,3.95
2026-05-17 02:39:00+00:00,3.44,-1.67,-0.94,334.13,-13.75,3.94
2026-05-17 02:40:00+00:00,3.46,-1.68,-0.94,334.10,-13.79,3.96
2026-05-17 02:41:00+00:00,3.46,-1.70,-0.80,333.91,-11.77,3.94
2026-05-17 02:42:00+00:00,3.66,-1.23,-0.62,341.43,-9.09,3.91
2026-05-17 02:43:00+00:00,3.87,-0.65,-0.17,350.52,-2.43,3.93
2026-05-17 02:44:00+00:00,3.71,-1.10,-0.31,343.47,-4.57,3.88
2026-05-17 02:45:00+00:00,3.65,-1.37,-0.58,339.42,-8.49,3.95
2026-05-17 02:46:00+00:00,3.72,-1.14,-0.57,342.92,-8.40,3.93
2026-05-17 02:47:00+00:00,3.69,-1.16,-0.64,342.57,-9.41,3.92
2026-05-17 02:48:00+00:00,3.73,-1.01,-0.62,344.76,-9.15,3.91
2026-05-17 02:49:00+00:00,3.75,-1.03,-0.16,344.65,-2.28,3.89
2026-05-17 02:50:00+00:00,3.79,-0.36,-0.47,354.55,-7.05,3.83
2026-05-17 02:51:00+00:00,3.82,0.24,-0.32,3.66,-4.81,3.84
2026-05-17 02:52:00+00:00,3.84,-0.04,-0.46,359.36,-6.82,3.86
2026-05-17 02:53:00+00:00,3.75,-0.96,0.01,345.60,0.11,3.87
2026-05-17 02:54:00+00:00,3.66,-1.15,0.24,342.55,3.51,3.85
2026-05-17 02:55:00+00:00,3.56,-1.52,0.42,336.93,6.26,3.89
2026-05-17 02:56:00+00:00,3.58,-1.45,0.56,337.88,8.19,3.90
2026-05-17 02:57:00+00:00,3.54,-1.39,0.95,338.55,13.96,3.92
2026-05-17 02:58:00+00:00,3.48,-1.29,1.15,339.63,17.18,3.89
2026-05-17 02:59:00+00:00,3.45,-1.34,0.94,338.81,14.17,3.82
2026-05-17 03:00:00+00:00,3.45,-0.37,1.41,353.82,22.12,3.75
2026-05-17 03:01:00+00:00,3.54,0.19,1.46,3.05,22.37,3.83
2026-05-17 03:02:00+00:00,3.59,-0.39,1.13,353.75,17.43,3.79
2026-05-17 03:03:00+00:00,3.68,-0.71,0.90,349.10,13.43,3.86
2026-05-17 03:04:00+00:00,3.22,-2.03,0.62,327.74,9.18,3.86
2026-05-17 03:05:00+00:00,3.33,-1.80,0.23,331.64,3.41,3.79
2026-05-17 03:06:00+00:00,3.58,-0.83,1.06,346.99,16.15,3.82
2026-05-17 03:07:00+00:00,3.58,-1.22,0.39,341.19,5.86,3.80
2026-05-17 03:08:00+00:00,3.54,-1.43,0.36,337.96,5.33,3.84
2026-05-17 03:09:00+00:00,3.45,-1.64,0.90,334.61,13.26,3.92
2026-05-17 03:10:00+00:00,3.44,-1.58,0.45,335.37,6.82,3.81
2026-05-17 03:11:00+00:00,3.41,-1.83,0.06,331.77,0.88,3.87
2026-05-17 03:12:00+00:00,3.37,-2.09,0.14,328.14,2.03,3.97
2026-05-17 03:13:00+00:00,3.32,-2.23,-0.11,326.06,-1.52,4.00
2026-05-17 03:14:00+00:00,3.80,-0.84,-0.40,347.49,-5.86,3.91
2026-05-17 03:15:00+00:00,3.77,-0.82,-0.62,347.79,-9.12,3.91
2026-05-17 03:16:00+00:00,3.65,-1.33,-0.45,340.01,-6.58,3.91
2026-05-17 03:17:00+00:00,3.84,-0.80,-0.41,348.20,-5.92,3.94
2026-05-17 03:18:00+00:00,3.88,-0.94,-0.32,346.40,-4.54,4.01
2026-05-17 03:19:00+00:00,3.72,-1.30,-0.46,340.71,-6.72,3.97
2026-05-17 03:20:00+00:00,3.88,-1.04,-0.59,344.94,-8.34,4.06
2026-05-17 03:21:00+00:00,3.83,-0.85,-0.92,347.44,-13.18,4.03
2026-05-17 03:22:00+00:00,3.86,-0.64,-0.96,350.65,-13.78,4.03
2026-05-17 03:23:00+00:00,3.67,-1.25,-0.97,341.19,-14.10,4.00
2026-05-17 03:24:00+00:00,3.59,-1.40,-0.99,338.63,-14.37,3.98
2026-05-17 03:25:00+00:00,3.59,-1.02,-1.05,344.14,-15.73,3.88
2026-05-17 03:26:00+00:00,3.28,-2.25,-0.59,325.57,-8.45,4.02
2026-05-17 03:27:00+00:00,3.41,-2.04,-0.70,329.08,-9.93,4.04
2026-05-17 03:28:00+00:00,3.47,-1.86,-0.80,331.72,-11.53,4.02
2026-05-17 03:29:00+00:00,3.49,-1.81,-0.83,332.63,-11.93,4.01
2026-05-17 03:30:00+00:00,3.56,-1.14,-1.25,342.27,-18.55,3.94
2026-05-17 03:31:00+00:00,3.75,-0.39,-1.05,353.99,-15.57,3.91
2026-05-17 03:32:00+00:00,3.77,0.18,-1.01,2.68,-14.97,3.91
2026-05-17 03:33:00+00:00,3.80,-0.21,-1.37,356.84,-19.74,4.04
2026-05-17 03:34:00+00:00,3.46,1.15,-1.62,18.39,-23.93,3.99
2026-05-17 03:35:00+00:00,3.59,0.66,-1.50,10.43,-22.30,3.94
2026-05-17 03:36:00+00:00,3.76,-0.31,-0.96,355.29,-14.25,3.89
2026-05-17 03:37:00+00:00,3.71,-0.31,-1.02,355.30,-15.32,3.86
2026-05-17 03:38:00+00:00,3.53,-1.17,-0.52,341.58,-8.02,3.75
2026-05-17 03:39:00+00:00,3.23,-2.31,-0.13,324.41,-1.92,3.97
2026-05-17 03:40:00+00:00,3.55,-1.66,-0.73,334.96,-10.58,3.99
2026-05-17 03:41:00+00:00,3.55,-1.61,-0.68,335.59,-9.97,3.96
2026-05-17 03:42:00+00:00,3.36,-1.82,-1.01,331.54,-14.73,3.95
2026-05-17 03:43:00+00:00,3.17,-2.29,-0.58,324.22,-8.45,3.95
2026-05-17 03:44:00+00:00,3.00,-2.58,-0.22,319.34,-3.22,3.96
2026-05-17 03:45:00+00:00,2.60,-2.93,0.06,311.53,0.94,3.92
2026-05-17 03:46:00+00:00,2.32,-2.92,0.11,308.46,1.67,3.73
2026-05-17 03:47:00+00:00,2.55,-2.91,0.24,311.24,3.55,3.87
2026-05-17 03:48:00+00:00,2.40,-3.04,0.49,308.27,7.19,3.90
2026-05-17 03:49:00+00:00,2.28,-3.06,0.49,306.67,7.40,3.85
2026-05-17 03:50:00+00:00,2.35,-2.83,0.47,309.64,7.22,3.71
2026-05-17 03:51:00+00:00,2.43,-2.78,-0.29,311.15,-4.57,3.70
2026-05-17 03:52:00+00:00,2.52,-2.71,-0.14,312.85,-2.17,3.70
2026-05-17 03:53:00+00:00,2.18,-2.95,1.04,306.43,15.88,3.81
2026-05-17 03:54:00+00:00,1.89,-2.88,1.06,303.26,17.07,3.61
2026-05-17 03:55:00+00:00,2.07,-2.64,1.19,308.09,19.60,3.55
2026-05-17 03:56:00+00:00,1.94,-3.20,0.00,301.16,-0.03,3.74
2026-05-17 03:57:00+00:00,1.79,-1.72,2.32,316.18,43.05,3.39
2026-05-17 03:58:00+00:00,2.04,-3.08,-1.34,303.54,-19.90,3.94
2026-05-17 04:00:00+00:00,2.80,-2.95,-1.03,313.44,-14.17,4.19
2026-05-17 04:01:00+00:00,2.89,-2.91,-1.00,314.81,-13.70,4.22
2026-05-17 04:02:00+00:00,2.71,-3.21,-0.51,310.11,-6.94,4.23
2026-05-17 04:03:00+00:00,2.71,-3.24,-0.22,309.96,-2.98,4.23
2026-05-17 04:04:00+00:00,2.99,-2.87,-0.70,316.17,-9.62,4.20
2026-05-17 04:05:00+00:00,2.44,-3.47,-0.57,305.09,-7.71,4.28
2026-05-17 04:06:00+00:00,1.33,-4.27,-0.41,287.35,-5.27,4.49
2026-05-17 04:07:00+00:00,1.17,-4.35,-0.33,285.06,-4.16,4.52
2026-05-17 04:08:00+00:00,1.16,-4.38,-0.39,284.86,-4.97,4.55
2026-05-17 04:09:00+00:00,1.26,-4.30,-0.63,286.29,-7.99,4.53
2026-05-17 04:10:00+00:00,1.39,-4.17,-0.65,288.47,-8.40,4.45
2026-05-17 04:11:00+00:00,1.07,-4.37,-0.70,283.72,-8.87,4.56
2026-05-17 04:12:00+00:00,1.70,-3.90,-1.18,293.56,-15.53,4.42
2026-05-17 04:13:00+00:00,1.92,-3.90,-0.72,296.16,-9.40,4.41
2026-05-17 04:14:00+00:00,2.05,-3.85,-0.90,298.11,-11.67,4.45
2026-05-17 04:15:00+00:00,2.04,-3.92,-0.19,297.56,-2.44,4.42
2026-05-17 04:16:00+00:00,1.95,-4.03,0.11,295.75,1.35,4.48
2026-05-17 04:17:00+00:00,1.83,-3.99,-0.84,294.65,-10.86,4.47
2026-05-17 04:18:00+00:00,1.66,-3.97,-0.70,292.71,-9.22,4.36
2026-05-17 04:19:00+00:00,1.17,-4.30,-0.56,285.26,-7.09,4.50
2026-05-17 04:20:00+00:00,1.38,-4.21,-0.94,288.16,-11.95,4.53
2026-05-17 04:21:00+00:00,1.22,-4.29,-0.83,285.84,-10.52,4.53
2026-05-17 04:22:00+00:00,1.59,-4.19,-0.30,290.83,-3.76,4.49
2026-05-17 04:23:00+00:00,0.89,-4.49,-0.53,281.25,-6.55,4.61
2026-05-17 04:24:00+00:00,0.87,-4.55,-0.02,280.86,-0.26,4.63
2026-05-17 04:25:00+00:00,1.26,-4.27,0.39,286.47,4.94,4.47
2026-05-17 04:26:00+00:00,2.31,-3.69,0.94,302.02,12.16,4.45
2026-05-17 04:27:00+00:00,2.44,-3.55,0.88,304.56,11.53,4.40
2026-05-17 04:28:00+00:00,2.17,-3.73,1.06,300.21,13.74,4.45
2026-05-17 04:29:00+00:00,2.41,-3.65,0.81,303.45,10.50,4.45
2026-05-17 04:30:00+00:00,2.05,-3.75,0.97,298.67,12.83,4.39
2026-05-17 04:31:00+00:00,2.39,-3.02,1.97,308.31,27.15,4.33
2026-05-17 04:32:00+00:00,2.56,-3.22,1.23,308.53,16.66,4.30
2026-05-17 04:33:00+00:00,2.60,-3.25,0.94,308.70,12.73,4.26
2026-05-17 04:34:00+00:00,2.76,-2.76,1.42,315.02,20.06,4.15
2026-05-17 04:35:00+00:00,2.37,-3.18,1.44,306.69,19.92,4.21
2026-05-17 04:36:00+00:00,2.60,-3.00,0.13,310.90,1.91,3.97
2026-05-17 04:37:00+00:00,2.72,-3.16,0.02,310.76,0.24,4.17
2026-05-17 04:38:00+00:00,2.33,-3.17,1.17,306.31,16.58,4.10
2026-05-17 04:39:00+00:00,2.24,-2.99,1.27,306.89,18.84,3.95
2026-05-17 04:40:00+00:00,2.37,-3.29,-0.97,305.74,-13.53,4.17
2026-05-17 04:41:00+00:00,2.45,-2.92,-1.79,310.01,-25.08,4.21
2026-05-17 04:42:00+00:00,2.30,-3.13,-1.93,306.36,-26.40,4.33
2026-05-17 04:43:00+00:00,2.46,-3.12,-1.84,308.28,-24.83,4.38
2026-05-17 04:44:00+00:00,2.19,-3.08,-1.59,305.38,-22.84,4.10
2026-05-17 04:45:00+00:00,2.06,-3.65,-0.22,299.36,-2.98,4.20
2026-05-17 04:46:00+00:00,1.78,-3.86,0.21,294.71,2.79,4.25
2026-05-17 04:47:00+00:00,1.96,-3.73,-0.65,297.75,-8.77,4.26
2026-05-17 04:48:00+00:00,1.98,-3.64,-0.75,298.64,-10.30,4.21
2026-05-17 04:49:00+00:00,2.16,-3.54,-0.29,301.43,-4.06,4.15
2026-05-17 04:50:00+00:00,2.20,-3.21,0.33,304.47,4.83,3.90
2026-05-17 04:51:00+00:00,2.86,-2.23,1.47,322.01,22.06,3.92
2026-05-17 04:52:00+00:00,2.37,-3.14,0.62,307.03,9.00,3.98
2026-05-17 04:53:00+00:00,1.97,-3.19,0.78,301.74,11.81,3.83
2026-05-17 04:54:00+00:00,1.34,-3.37,0.45,291.62,7.14,3.66
2026-05-17 04:55:00+00:00,-0.97,-3.75,1.85,255.51,25.55,4.30
2026-05-17 04:56:00+00:00,1.27,-2.49,1.22,297.04,23.60,3.05
2026-05-17 04:57:00+00:00,2.94,0.46,1.53,8.82,27.18,3.35
2026-05-17 04:58:00+00:00,2.58,1.08,1.94,22.61,34.70,3.41
2026-05-17 04:59:00+00:00,1.97,-0.92,2.49,335.03,48.78,3.30
2026-05-17 05:00:00+00:00,2.28,-1.61,1.98,324.69,35.41,3.42
2026-05-17 05:01:00+00:00,2.14,-2.56,1.31,309.91,21.49,3.59
2026-05-17 05:02:00+00:00,1.79,-2.86,1.17,302.04,19.07,3.57
2026-05-17 05:03:00+00:00,1.54,-2.69,1.80,299.75,30.05,3.58
2026-05-17 05:04:00+00:00,0.05,-2.89,2.73,271.04,43.33,3.98
2026-05-17 05:05:00+00:00,0.59,-3.14,2.20,280.60,34.58,3.87
2026-05-17 05:06:00+00:00,1.19,-3.36,1.22,289.48,18.98,3.76
2026-05-17 05:07:00+00:00,1.52,-2.94,1.33,297.29,21.88,3.56
2026-05-17 05:08:00+00:00,1.82,-2.29,2.09,308.51,35.52,3.59
2026-05-17 05:09:00+00:00,0.81,-2.77,2.57,286.23,41.66,3.86
2026-05-17 05:10:00+00:00,1.15,-2.63,2.23,293.66,37.78,3.63
2026-05-17 05:11:00+00:00,1.05,-2.80,2.57,290.50,40.71,3.95
2026-05-17 05:12:00+00:00,1.08,-3.33,1.69,287.92,25.78,3.89
2026-05-17 05:13:00+00:00,1.33,-3.27,1.46,292.15,22.43,3.83
2026-05-17 05:14:00+00:00,1.54,-2.89,1.86,298.09,29.58,3.77
2026-05-17 05:15:00+00:00,1.20,-2.98,2.18,291.91,34.12,3.89
2026-05-17 05:16:00+00:00,1.21,-2.51,2.64,295.66,43.40,3.84
2026-05-17 05:17:00+00:00,2.27,-2.60,0.79,311.10,12.91,3.55
2026-05-17 05:18:00+00:00,2.90,-2.28,-0.48,321.82,-7.43,3.72
2026-05-17 05:19:00+00:00,2.73,-2.46,-0.96,317.96,-14.61,3.80
2026-05-17 05:20:00+00:00,1.63,-2.49,0.97,303.27,18.08,3.13
2026-05-17 05:21:00+00:00,0.31,-2.31,3.19,277.72,53.84,3.95
2026-05-17 05:22:00+00:00,1.65,-3.24,0.03,296.98,0.44,3.64
2026-05-17 05:23:00+00:00,1.78,-3.43,-0.07,297.45,-0.98,3.87
2026-05-17 05:24:00+00:00,2.12,-2.35,1.24,312.07,21.39,3.40
2026-05-17 05:25:00+00:00,2.29,-2.65,-0.95,310.81,-15.11,3.63
2026-05-17 05:26:00+00:00,2.18,-2.83,-1.27,307.54,-19.55,3.79
2026-05-17 05:27:00+00:00,1.47,-3.22,-1.59,294.55,-24.26,3.88
2026-05-17 05:28:00+00:00,1.84,-3.32,-0.84,299.08,-12.50,3.89
2026-05-17 05:29:00+00:00,1.71,-3.52,-0.72,295.90,-10.47,3.98
2026-05-17 05:30:00+00:00,1.73,-3.53,-0.44,296.03,-6.42,3.96
2026-05-17 05:31:00+00:00,1.58,-3.51,-1.11,294.30,-16.05,4.01
2026-05-17 05:32:00+00:00,1.64,-3.32,-1.59,296.34,-23.20,4.03
2026-05-17 05:33:00+00:00,1.58,-3.02,-2.06,297.69,-31.21,3.98
2026-05-17 05:34:00+00:00,0.84,-2.92,-2.79,286.00,-42.56,4.13
2026-05-17 05:35:00+00:00,1.08,-3.15,-2.27,288.85,-34.27,4.03
2026-05-17 05:36:00+00:00,1.88,-2.60,-1.96,305.82,-31.37,3.76
2026-05-17 05:37:00+00:00,2.26,-2.47,-1.79,312.48,-28.08,3.80
2026-05-17 05:38:00+00:00,2.08,-2.24,-2.41,312.84,-38.23,3.90
2026-05-17 05:39:00+00:00,1.96,-2.15,-2.62,312.36,-42.04,3.91
2026-05-17 05:40:00+00:00,1.94,-1.93,-2.41,315.05,-41.32,3.65
2026-05-17 05:41:00+00:00,2.48,-0.42,-2.23,350.44,-41.58,3.36
2026-05-17 05:42:00+00:00,2.65,0.71,-2.05,14.98,-36.71,3.42
2026-05-17 05:43:00+00:00,1.65,-1.00,-1.06,328.75,-28.89,2.20
2026-05-17 05:44:00+00:00,0.26,-3.56,0.95,274.25,14.91,3.69
2026-05-17 05:45:00+00:00,-1.74,-2.83,1.99,238.34,30.88,3.87
2026-05-17 05:46:00+00:00,-1.73,-3.17,1.82,241.30,26.80,4.05
2026-05-17 05:47:00+00:00,-1.48,-2.96,1.86,243.46,29.34,3.80
2026-05-17 05:48:00+00:00,0.22,-2.92,1.99,274.35,34.26,3.54
2026-05-17 05:49:00+00:00,1.44,-2.97,0.92,295.92,15.53,3.42
2026-05-17 05:50:00+00:00,1.84,-2.33,1.72,308.32,30.09,3.44
2026-05-17 05:51:00+00:00,2.51,-1.68,1.56,326.19,27.35,3.40
2026-05-17 05:52:00+00:00,2.42,-1.62,1.30,326.26,24.11,3.19
2026-05-17 05:53:00+00:00,2.62,-1.06,-1.71,338.07,-31.19,3.30
2026-05-17 05:54:00+00:00,2.81,0.13,-1.69,2.72,-30.92,3.28
2026-05-17 05:55:00+00:00,1.80,0.41,0.61,12.90,18.32,1.94
2026-05-17 05:56:00+00:00,1.94,0.52,2.56,14.97,51.86,3.25
2026-05-17 05:57:00+00:00,1.69,-0.12,2.89,355.80,59.53,3.35
2026-05-17 05:58:00+00:00,1.20,-1.35,2.68,311.62,56.02,3.23
2026-05-17 05:59:00+00:00,-0.34,-0.80,3.42,247.00,75.69,3.53
2026-05-17 06:00:00+00:00,0.10,-0.17,3.70,300.92,86.98,3.71
2026-05-17 06:01:00+00:00,-0.01,-0.42,3.84,268.00,83.70,3.86
2026-05-17 06:02:00+00:00,0.20,-0.38,3.75,297.48,83.43,3.77
2026-05-17 06:03:00+00:00,0.74,-0.59,3.40,321.32,74.39,3.53
2026-05-17 06:04:00+00:00,2.46,-1.30,1.33,332.11,25.53,3.08
2026-05-17 06:05:00+00:00,2.95,-0.93,-0.78,342.47,-14.18,3.19
2026-05-17 06:06:00+00:00,3.28,-0.15,0.86,357.31,14.66,3.39
2026-05-17 06:07:00+00:00,3.45,0.06,0.90,1.02,14.65,3.57
2026-05-17 06:08:00+00:00,3.00,0.18,1.82,3.41,31.21,3.51
2026-05-17 06:09:00+00:00,3.28,-0.20,1.57,356.56,25.49,3.64
2026-05-17 06:10:00+00:00,3.00,0.28,1.74,5.30,30.03,3.48
2026-05-17 06:11:00+00:00,2.78,-0.87,2.15,342.66,36.45,3.62
2026-05-17 06:12:00+00:00,2.74,-1.21,2.09,336.23,34.91,3.65
2026-05-17 06:13:00+00:00,3.09,-0.91,1.57,343.66,25.93,3.59
2026-05-17 06:17:00+00:00,3.70,-0.79,-0.21,347.89,-3.24,3.79
2026-05-17 06:18:00+00:00,3.79,-0.03,-0.55,359.60,-8.29,3.83
2026-05-17 06:19:00+00:00,3.75,0.42,-0.37,6.43,-5.57,3.80
2026-05-17 06:20:00+00:00,3.75,1.05,0.17,15.59,2.52,3.89
2026-05-17 06:21:00+00:00,3.51,1.66,0.50,25.24,7.38,3.92
2026-05-17 06:22:00+00:00,3.00,1.87,1.35,31.96,20.85,3.78
2026-05-17 06:23:00+00:00,2.27,3.07,0.92,53.48,13.50,3.92
2026-05-17 06:24:00+00:00,2.88,2.68,0.31,42.97,4.55,3.94
2026-05-17 06:25:00+00:00,3.17,2.27,-0.03,35.56,-0.42,3.90
2026-05-17 06:26:00+00:00,3.04,2.36,0.09,37.85,1.27,3.86
2026-05-17 06:27:00+00:00,3.11,2.21,0.08,35.44,1.26,3.82
2026-05-17 06:28:00+00:00,3.36,1.94,0.06,30.02,0.95,3.88
2026-05-17 06:31:00+00:00,3.47,1.20,-0.05,19.08,-0.76,3.67
2026-05-17 06:32:00+00:00,2.80,-1.20,1.50,336.78,26.16,3.39
2026-05-17 06:33:00+00:00,2.68,0.52,0.99,10.88,19.86,2.90
2026-05-17 06:34:00+00:00,3.01,0.83,0.20,15.47,3.61,3.13
2026-05-17 06:35:00+00:00,3.17,-0.78,0.24,346.12,4.14,3.27
2026-05-17 06:36:00+00:00,2.93,-1.69,0.70,330.06,11.69,3.45
2026-05-17 06:37:00+00:00,3.02,-1.22,1.52,338.04,25.06,3.60
2026-05-17 06:38:00+00:00,3.22,-1.62,1.26,333.28,19.35,3.82
2026-05-17 06:39:00+00:00,3.12,-1.84,1.17,329.53,17.96,3.81
2026-05-17 06:40:00+00:00,3.15,-1.90,-0.02,328.87,-0.30,3.68
2026-05-17 06:41:00+00:00,2.15,-2.73,-0.82,308.23,-13.21,3.57
2026-05-17 06:42:00+00:00,1.94,-3.05,0.53,302.40,8.39,3.65
2026-05-17 06:43:00+00:00,2.01,-1.98,2.64,315.40,43.10,3.87
2026-05-17 06:44:00+00:00,1.26,-2.13,2.97,300.55,50.25,3.87
2026-05-17 06:45:00+00:00,2.16,-2.20,2.33,314.42,37.01,3.86
2026-05-17 06:46:00+00:00,1.77,-2.44,2.14,305.88,35.41,3.70
2026-05-17 06:47:00+00:00,2.10,-2.34,2.05,311.93,33.06,3.76
2026-05-17 06:48:00+00:00,1.76,-2.84,1.87,301.73,29.28,3.83
2026-05-17 06:49:00+00:00,1.30,-3.35,1.48,291.16,22.37,3.89
2026-05-17 06:50:00+00:00,0.61,-3.34,1.97,280.31,30.15,3.92
2026-05-17 06:51:00+00:00,0.32,-3.17,2.43,275.69,37.38,4.01
2026-05-17 06:52:00+00:00,-2.32,-1.74,3.17,216.93,47.48,4.29
2026-05-17 06:53:00+00:00,-2.49,-1.93,3.29,217.76,46.24,4.56
2026-05-17 06:54:00+00:00,-1.94,-2.55,3.10,232.71,44.07,4.46
2026-05-17 06:55:00+00:00,-1.43,-2.77,2.77,242.71,41.58,4.17
2026-05-17 06:56:00+00:00,-2.02,-2.22,3.29,227.81,47.62,4.45
2026-05-17 06:57:00+00:00,-1.78,-2.36,3.37,233.01,48.68,4.48
2026-05-17 06:58:00+00:00,-1.63,-2.49,3.30,236.74,47.93,4.44
2026-05-17 06:59:00+00:00,-0.48,-2.65,2.41,259.71,41.81,3.61
2026-05-17 07:00:00+00:00,2.51,-1.26,-0.71,333.34,-14.22,2.89
2026-05-17 07:01:00+00:00,3.09,0.82,-0.22,14.87,-3.94,3.21
2026-05-17 07:02:00+00:00,2.70,1.72,0.00,32.46,-0.05,3.20
2026-05-17 07:03:00+00:00,2.82,1.67,0.53,30.60,9.15,3.32
2026-05-17 07:04:00+00:00,1.69,-0.84,-1.23,333.63,-33.08,2.26
2026-05-17 07:05:00+00:00,1.04,-2.61,-3.10,291.80,-47.78,4.19
2026-05-17 07:06:00+00:00,1.29,-2.41,-2.99,298.13,-47.56,4.06
2026-05-17 07:07:00+00:00,1.13,-2.15,-2.61,297.77,-47.01,3.56
2026-05-17 07:08:00+00:00,2.66,-0.16,1.63,356.58,31.35,3.12
2026-05-17 07:09:00+00:00,2.19,0.47,1.84,12.17,39.28,2.90
2026-05-17 07:10:00+00:00,1.98,0.51,2.20,14.35,47.16,3.00
2026-05-17 07:11:00+00:00,2.60,-0.64,0.79,346.11,16.38,2.80
2026-05-17 07:12:00+00:00,3.03,-0.10,-0.25,358.10,-4.74,3.05
2026-05-17 07:13:00+00:00,2.86,0.96,0.77,18.62,14.28,3.11
2026-05-17 07:14:00+00:00,3.08,-1.06,-1.40,341.00,-23.17,3.55
2026-05-17 07:15:00+00:00,2.83,-0.71,-1.09,345.89,-20.46,3.11
2026-05-17 07:16:00+00:00,3.03,-0.77,-0.71,345.76,-12.73,3.20
2026-05-17 07:17:00+00:00,3.21,-0.20,-1.04,356.46,-17.90,3.38
2026-05-17 07:18:00+00:00,3.43,0.15,-0.48,2.55,-8.03,3.47
2026-05-17 07:19:00+00:00,3.31,-0.59,-0.15,349.85,-2.61,3.37
2026-05-17 07:20:00+00:00,3.31,-0.58,-0.34,350.11,-5.85,3.38
2026-05-17 07:21:00+00:00,3.31,-0.56,-0.16,350.36,-2.74,3.36
2026-05-17 07:22:00+00:00,3.36,-0.56,-0.39,350.53,-6.51,3.42
2026-05-17 07:23:00+00:00,3.32,-0.74,-0.60,347.51,-10.05,3.46
2026-05-17 07:24:00+00:00,3.19,-1.46,-1.25,335.41,-19.67,3.72
2026-05-17 07:25:00+00:00,2.83,-1.75,-1.81,328.24,-28.60,3.79
2026-05-17 07:26:00+00:00,2.78,-1.79,-1.89,327.22,-29.75,3.81
2026-05-17 07:27:00+00:00,2.63,-1.84,-1.94,325.11,-31.12,3.75
2026-05-17 07:28:00+00:00,2.14,-2.60,-1.50,309.49,-24.07,3.69
2026-05-17 07:29:00+00:00,2.37,-2.38,-1.75,314.93,-27.46,3.79
2026-05-17 07:30:00+00:00,2.26,-2.51,-1.55,311.97,-24.72,3.72
2026-05-17 07:31:00+00:00,2.24,-2.16,-1.79,316.03,-29.93,3.59
2026-05-17 07:32:00+00:00,2.69,-1.69,-1.61,327.79,-26.92,3.56
2026-05-17 07:33:00+00:00,1.69,-2.49,-2.51,304.18,-39.82,3.92
2026-05-17 07:34:00+00:00,1.93,-2.77,-2.15,304.89,-32.57,4.00
2026-05-17 07:35:00+00:00,2.35,-2.73,-1.85,310.69,-27.17,4.05
2026-05-17 07:36:00+00:00,1.94,-3.07,-1.91,302.31,-27.69,4.10
2026-05-17 07:37:00+00:00,2.14,-2.67,-1.90,308.81,-29.11,3.92
2026-05-17 07:38:00+00:00,3.03,-0.55,-2.21,349.65,-35.65,3.79
2026-05-17 07:39:00+00:00,2.77,-0.64,-2.76,347.04,-44.13,3.96
2026-05-17 07:40:00+00:00,2.36,-0.69,-3.03,343.67,-50.91,3.91
2026-05-17 07:41:00+00:00,2.49,-1.41,-2.73,330.53,-43.61,3.96
2026-05-17 07:42:00+00:00,2.63,-1.98,-2.10,323.06,-32.54,3.91
2026-05-17 07:43:00+00:00,2.75,-1.57,-2.11,330.29,-33.69,3.81
2026-05-17 07:44:00+00:00,3.11,-0.79,-1.60,345.72,-26.55,3.59
2026-05-17 07:45:00+00:00,3.39,-0.83,-1.02,346.25,-16.29,3.64
2026-05-17 07:46:00+00:00,2.74,-1.77,-1.07,327.13,-18.22,3.44
2026-05-17 07:47:00+00:00,2.73,-2.30,-1.44,319.91,-22.01,3.84
2026-05-17 07:48:00+00:00,2.56,-2.29,-1.71,318.20,-26.41,3.84
2026-05-17 07:49:00+00:00,1.84,-3.22,-1.48,299.71,-21.74,3.99
2026-05-17 07:50:00+00:00,1.93,-3.10,-1.59,301.89,-23.57,3.98
2026-05-17 07:51:00+00:00,1.83,-2.82,-2.31,302.92,-34.48,4.08
2026-05-17 07:52:00+00:00,2.53,-2.28,-0.94,317.90,-15.41,3.54
2026-05-17 07:53:00+00:00,2.51,-2.34,-0.13,317.11,-2.18,3.43
2026-05-17 07:54:00+00:00,1.90,-3.24,-0.83,300.42,-12.45,3.85
2026-05-17 07:55:00+00:00,2.02,-2.47,0.50,309.28,8.95,3.23
2026-05-17 07:56:00+00:00,2.24,-2.80,0.35,308.68,5.53,3.61
2026-05-17 07:57:00+00:00,2.51,-2.63,0.14,313.67,2.24,3.64
2026-05-17 07:58:00+00:00,2.55,-2.67,0.65,313.67,9.94,3.74
2026-05-17 07:59:00+00:00,2.21,-2.93,0.04,306.97,0.55,3.67
2026-05-17 08:00:00+00:00,2.84,-2.31,-0.66,320.90,-10.16,3.72
2026-05-17 08:01:00+00:00,3.31,-1.56,-0.87,334.74,-13.39,3.76
2026-05-17 08:02:00+00:00,3.66,-0.72,-0.50,348.81,-7.56,3.77
2026-05-17 08:03:00+00:00,2.76,-2.01,-0.87,323.97,-14.26,3.52
2026-05-17 08:04:00+00:00,1.14,-3.36,-2.02,288.73,-29.73,4.08
2026-05-17 08:05:00+00:00,0.86,-3.59,-1.98,283.49,-28.21,4.19
2026-05-17 08:06:00+00:00,1.36,-3.50,-1.73,291.24,-24.73,4.13
2026-05-17 08:07:00+00:00,1.94,-3.21,-1.23,301.09,-18.15,3.94
2026-05-17 08:08:00+00:00,1.72,-3.10,-2.01,299.00,-29.54,4.08
2026-05-17 08:09:00+00:00,1.62,-3.10,-2.20,297.58,-32.13,4.13
2026-05-17 08:10:00+00:00,1.06,-3.43,-2.07,287.16,-29.92,4.15
2026-05-17 08:11:00+00:00,1.85,-3.12,-1.51,300.68,-22.54,3.93
2026-05-17 08:12:00+00:00,2.24,-3.05,-0.76,306.31,-11.41,3.86
2026-05-17 08:13:00+00:00,2.39,-2.91,-1.10,309.39,-16.36,3.92
2026-05-17 08:14:00+00:00,2.36,-2.51,-1.90,313.18,-28.92,3.94
2026-05-17 08:15:00+00:00,2.29,-2.61,-1.95,311.19,-29.30,3.98
2026-05-17 08:16:00+00:00,2.34,-2.71,-1.47,310.80,-22.32,3.87
2026-05-17 08:17:00+00:00,2.35,-3.06,-0.27,307.46,-4.06,3.87
2026-05-17 08:18:00+00:00,2.81,-2.63,-0.38,316.90,-5.63,3.87
2026-05-17 08:19:00+00:00,2.74,-2.68,-0.34,315.71,-5.10,3.85
2026-05-17 08:20:00+00:00,2.89,-2.32,0.12,321.19,1.79,3.70
2026-05-17 08:21:00+00:00,2.74,-2.62,-0.15,316.25,-2.26,3.79
2026-05-17 08:22:00+00:00,2.94,-2.30,-0.88,322.03,-13.20,3.84
2026-05-17 08:23:00+00:00,2.86,-1.78,-1.92,328.10,-29.68,3.88
2026-05-17 08:24:00+00:00,2.76,-1.91,-2.03,325.24,-31.21,3.92
2026-05-17 08:25:00+00:00,2.74,-1.78,-2.15,327.02,-33.34,3.90
2026-05-17 08:26:00+00:00,2.92,-1.83,-1.80,327.91,-27.58,3.89
2026-05-17 08:27:00+00:00,2.96,-1.99,-1.04,326.06,-16.25,3.72
2026-05-17 08:28:00+00:00,3.25,-1.67,-0.86,332.78,-13.22,3.76
2026-05-17 08:29:00+00:00,3.31,-1.38,-1.08,337.30,-16.77,3.74
2026-05-17 08:30:00+00:00,3.17,-1.93,-1.03,328.69,-15.46,3.85
2026-05-17 08:31:00+00:00,3.52,-1.08,-0.86,342.97,-13.20,3.78
2026-05-17 08:32:00+00:00,3.35,-0.79,-1.48,346.67,-23.21,3.75
2026-05-17 08:33:00+00:00,3.10,-1.76,-1.40,330.44,-21.36,3.83
2026-05-17 08:34:00+00:00,3.03,-1.56,-1.56,332.73,-24.65,3.75
2026-05-17 08:35:00+00:00,2.92,-1.05,-2.18,340.21,-35.10,3.79
2026-05-17 08:36:00+00:00,2.87,-1.00,-2.30,340.70,-37.15,3.81
2026-05-17 08:37:00+00:00,2.59,-1.28,-2.46,333.64,-40.35,3.79
2026-05-17 08:38:00+00:00,2.43,-0.43,-2.77,349.94,-48.27,3.71
2026-05-17 08:39:00+00:00,2.83,-0.25,-2.29,355.02,-38.80,3.65
2026-05-17 08:40:00+00:00,2.46,-0.21,-2.56,355.22,-45.96,3.56
2026-05-17 08:41:00+00:00,2.45,-1.13,-2.31,335.25,-40.59,3.55
2026-05-17 08:42:00+00:00,2.71,-2.33,-0.86,319.32,-13.55,3.68
2026-05-17 08:43:00+00:00,3.02,-1.81,-1.51,329.08,-23.21,3.82
2026-05-17 08:47:00+00:00,2.37,-2.95,-0.34,308.82,-5.08,3.80
2026-05-17 08:48:00+00:00,2.67,-2.28,-1.34,319.47,-20.85,3.76
2026-05-17 08:49:00+00:00,2.24,-2.51,0.45,311.76,7.65,3.39
2026-05-17 08:50:00+00:00,2.01,-2.62,1.56,307.54,25.25,3.65
2026-05-17 08:51:00+00:00,2.36,-2.46,1.36,313.82,21.72,3.66
2026-05-17 08:52:00+00:00,2.38,-2.22,1.69,316.98,27.47,3.67
2026-05-17 08:53:00+00:00,2.09,-2.93,1.26,305.52,19.26,3.81
2026-05-17 08:54:00+00:00,1.60,-3.11,1.43,297.25,22.18,3.78
2026-05-17 08:55:00+00:00,1.74,-3.07,1.33,299.50,20.60,3.77
2026-05-17 08:56:00+00:00,2.02,-2.79,1.56,305.95,24.38,3.78
2026-05-17 08:57:00+00:00,2.29,-2.50,0.83,312.39,13.81,3.49
2026-05-17 08:58:00+00:00,3.14,-1.39,-0.35,336.11,-5.84,3.45
2026-05-17 09:01:00+00:00,3.37,-1.49,0.68,336.13,10.47,3.75
2026-05-17 09:02:00+00:00,3.44,-1.48,0.42,336.70,6.45,3.76
2026-05-17 09:03:00+00:00,3.46,-1.40,-0.32,338.02,-4.87,3.74
2026-05-17 09:04:00+00:00,2.99,-1.82,-0.71,328.61,-11.45,3.57
2026-05-17 09:05:00+00:00,2.88,-1.99,-0.77,325.43,-12.45,3.59
2026-05-17 09:06:00+00:00,2.63,-2.56,-0.43,315.80,-6.75,3.69
2026-05-17 09:07:00+00:00,2.79,-2.08,-1.21,323.32,-19.19,3.68
2026-05-17 09:08:00+00:00,2.73,-2.10,-1.09,322.48,-17.50,3.62
2026-05-17 09:09:00+00:00,2.45,-2.63,-0.92,312.90,-14.39,3.71
2026-05-17 09:10:00+00:00,2.44,-2.46,-1.04,314.75,-16.68,3.61
2026-05-17 09:11:00+00:00,2.65,-2.29,-0.19,319.10,-3.09,3.51
2026-05-17 09:12:00+00:00,2.72,-2.25,-0.20,320.40,-3.27,3.54
2026-05-17 09:13:00+00:00,2.87,-2.05,-0.13,324.36,-2.19,3.53
2026-05-17 09:14:00+00:00,3.41,-1.10,0.27,342.11,4.32,3.59
2026-05-17 09:15:00+00:00,3.26,-1.52,-0.86,335.03,-13.41,3.70
2026-05-17 09:16:00+00:00,2.96,-1.90,-0.05,327.38,-0.75,3.52
2026-05-17 09:17:00+00:00,3.17,-1.32,0.83,337.34,13.52,3.53
2026-05-17 09:18:00+00:00,3.48,-0.89,-0.58,345.59,-9.18,3.64
2026-05-17 09:19:00+00:00,3.40,-1.09,-1.10,342.16,-17.17,3.73
2026-05-17 09:20:00+00:00,3.50,-1.19,-0.95,341.28,-14.45,3.82
2026-05-17 09:21:00+00:00,3.49,-1.22,-0.74,340.77,-11.28,3.77
2026-05-17 09:22:00+00:00,3.51,-1.08,-1.21,342.83,-18.27,3.87
2026-05-17 09:23:00+00:00,3.22,-1.18,-1.72,339.93,-26.63,3.83
2026-05-17 09:24:00+00:00,3.38,-1.16,-1.03,341.12,-16.13,3.72
2026-05-17 09:25:00+00:00,3.28,-1.66,-0.68,333.08,-10.54,3.74
2026-05-17 09:26:00+00:00,3.57,-0.88,-1.01,346.10,-15.41,3.82
2026-05-17 09:27:00+00:00,3.49,-0.95,-1.41,344.76,-21.33,3.88
2026-05-17 09:28:00+00:00,3.28,-1.18,-1.72,340.25,-26.27,3.88
2026-05-17 09:29:00+00:00,3.35,-1.00,-1.51,343.45,-23.36,3.81
2026-05-17 09:30:00+00:00,3.36,-0.86,-1.60,345.64,-24.74,3.82
2026-05-17 09:31:00+00:00,3.36,-1.12,-1.44,341.57,-22.07,3.83
2026-05-17 09:32:00+00:00,2.70,-1.60,-2.34,329.41,-36.72,3.91
2026-05-17 09:33:00+00:00,2.22,-2.34,-2.34,313.59,-35.90,3.98
2026-05-17 09:34:00+00:00,2.00,-1.60,-3.08,321.30,-50.27,4.00
2026-05-17 09:35:00+00:00,2.50,-1.08,-2.79,336.63,-45.72,3.90
2026-05-17 09:36:00+00:00,2.98,-1.14,-2.22,339.05,-34.83,3.89
2026-05-17 09:37:00+00:00,2.99,-1.26,-2.12,337.10,-33.22,3.88
2026-05-17 09:38:00+00:00,2.97,-1.34,-2.09,335.68,-32.71,3.87
2026-05-17 09:39:00+00:00,3.01,-1.28,-2.06,336.92,-32.27,3.86
2026-05-17 09:40:00+00:00,3.00,-1.51,-2.02,333.26,-30.95,3.92
2026-05-17 09:41:00+00:00,2.97,-0.95,-2.38,342.25,-37.36,3.93
2026-05-17 09:42:00+00:00,2.80,-1.45,-2.36,332.62,-36.82,3.94
2026-05-17 09:43:00+00:00,2.81,-1.06,-2.46,339.42,-39.29,3.88
2026-05-17 09:44:00+00:00,2.84,-1.34,-2.29,334.72,-36.10,3.88
2026-05-17 09:45:00+00:00,2.73,-1.82,-2.09,326.30,-32.48,3.89
2026-05-17 09:46:00+00:00,2.72,-2.11,-1.78,322.14,-27.41,3.87
2026-05-17 09:47:00+00:00,3.00,-1.72,-1.51,330.15,-23.60,3.77
2026-05-17 09:48:00+00:00,2.63,-1.56,-2.31,329.40,-37.12,3.83
2026-05-17 09:49:00+00:00,2.92,-1.88,-1.69,327.25,-25.91,3.86
2026-05-17 09:50:00+00:00,2.74,-1.78,-2.05,327.02,-32.01,3.86
2026-05-17 09:51:00+00:00,2.91,-1.39,-2.09,334.43,-32.90,3.84
2026-05-17 09:52:00+00:00,2.90,-1.38,-2.13,334.63,-33.62,3.86
2026-05-17 09:53:00+00:00,2.96,-1.36,-2.08,335.40,-32.57,3.86
2026-05-17 09:54:00+00:00,2.80,-1.68,-2.02,328.97,-31.79,3.84
2026-05-17 09:55:00+00:00,2.82,-1.34,-2.15,334.61,-34.57,3.79
2026-05-17 09:56:00+00:00,2.89,-1.32,-1.77,335.42,-29.11,3.64
2026-05-17 09:57:00+00:00,2.65,-1.17,-2.12,336.25,-36.19,3.58
2026-05-17 09:58:00+00:00,-1.18,-0.98,2.62,219.78,59.62,3.04
2026-05-17 10:00:00+00:00,0.17,-1.66,3.01,275.94,60.99,3.44
2026-05-17 10:01:00+00:00,0.27,-2.28,2.47,276.74,47.12,3.37
2026-05-17 10:02:00+00:00,0.89,-1.68,2.08,297.98,47.55,2.82
2026-05-17 10:03:00+00:00,1.35,-1.68,0.28,308.83,7.26,2.18
2026-05-17 10:04:00+00:00,2.29,-1.98,0.00,319.24,0.01,3.03
2026-05-17 10:05:00+00:00,2.14,-2.02,-1.26,316.57,-23.12,3.20
2026-05-17 10:06:00+00:00,2.10,-1.93,-0.67,317.40,-13.26,2.92
2026-05-17 10:07:00+00:00,2.22,-1.97,0.40,318.38,7.67,3.00
2026-05-17 10:08:00+00:00,2.04,-1.84,-1.45,317.87,-27.75,3.11
2026-05-17 10:09:00+00:00,2.04,-1.09,-2.07,331.85,-41.75,3.11
2026-05-17 10:10:00+00:00,2.16,-1.30,-1.82,329.04,-35.77,3.11
2026-05-17 10:11:00+00:00,1.44,-1.74,-1.08,309.63,-25.61,2.50
2026-05-17 10:12:00+00:00,2.39,-0.21,-1.28,355.09,-28.09,2.72
2026-05-17 10:13:00+00:00,1.38,-2.10,0.01,303.26,0.33,2.51
2026-05-17 10:14:00+00:00,1.77,-1.32,-0.46,323.27,-11.88,2.26
2026-05-17 10:15:00+00:00,0.64,-2.25,-0.20,285.99,-4.86,2.34
2026-05-17 10:16:00+00:00,0.33,-2.36,-0.28,277.88,-6.72,2.40
2026-05-17 10:17:00+00:00,0.73,-2.84,0.07,284.33,1.45,2.93
2026-05-17 10:18:00+00:00,0.75,-3.37,0.70,282.60,11.51,3.52
2026-05-17 10:19:00+00:00,0.46,-3.24,1.41,278.14,23.32,3.57
2026-05-17 10:20:00+00:00,-0.45,-3.42,1.65,262.48,25.52,3.82
2026-05-17 10:21:00+00:00,-1.35,-3.27,1.16,247.52,18.20,3.73
2026-05-17 10:22:00+00:00,-1.97,-2.89,1.61,235.70,24.76,3.86
2026-05-17 10:23:00+00:00,-1.56,-2.68,1.96,239.83,32.20,3.67
2026-05-17 10:24:00+00:00,-0.57,-2.89,0.80,258.88,15.21,3.06
2026-05-17 10:25:00+00:00,-0.40,-1.77,0.55,257.15,16.84,1.90
2026-05-17 10:26:00+00:00,-0.02,-2.68,-0.80,269.48,-16.61,2.80
2026-05-17 10:27:00+00:00,-0.10,-2.91,-0.83,267.97,-15.91,3.03
2026-05-17 10:28:00+00:00,-0.30,-2.99,-0.84,264.35,-15.68,3.12
2026-05-17 10:29:00+00:00,-0.41,-2.75,-1.27,261.58,-24.57,3.06
2026-05-17 10:30:00+00:00,-1.08,-2.97,-0.57,249.92,-10.20,3.21
2026-05-17 10:31:00+00:00,-2.07,-1.88,-0.99,222.20,-19.58,2.97
2026-05-17 10:32:00+00:00,-1.73,-1.26,-2.39,216.09,-48.16,3.21
2026-05-17 10:33:00+00:00,-0.95,-2.63,-1.41,250.16,-26.68,3.13
2026-05-17 10:34:00+00:00,-0.58,-2.11,-0.33,254.57,-8.68,2.22
2026-05-17 10:35:00+00:00,-0.01,-2.17,-0.02,269.80,-0.65,2.17
2026-05-17 10:36:00+00:00,0.92,-2.15,-0.35,293.27,-8.40,2.37
2026-05-17 10:37:00+00:00,1.47,-2.05,-0.83,305.67,-18.27,2.66
2026-05-17 10:38:00+00:00,1.69,-1.97,-0.63,310.62,-13.62,2.68
2026-05-17 10:39:00+00:00,1.39,-2.15,-0.84,302.95,-18.09,2.69
2026-05-17 10:40:00+00:00,0.69,-1.99,0.07,289.15,1.90,2.11
2026-05-17 10:41:00+00:00,0.49,-2.14,-0.02,282.78,-0.41,2.20
2026-05-17 10:42:00+00:00,1.37,-1.85,-0.07,306.48,-1.73,2.30
2026-05-17 10:43:00+00:00,1.21,-1.43,-0.63,310.29,-18.46,1.98
2026-05-17 10:44:00+00:00,1.21,-2.15,-0.20,299.24,-4.58,2.48
2026-05-17 10:45:00+00:00,1.86,-2.40,-1.03,307.88,-18.73,3.21
2026-05-17 10:46:00+00:00,2.02,-2.30,-0.57,311.38,-10.57,3.11
2026-05-17 10:47:00+00:00,2.53,-1.56,-0.76,328.36,-14.27,3.07
2026-05-17 10:48:00+00:00,2.56,-1.42,-1.11,331.04,-20.72,3.13
2026-05-17 10:49:00+00:00,2.79,-1.06,-0.73,339.21,-13.82,3.08
2026-05-17 10:50:00+00:00,2.92,-0.83,-0.91,344.04,-16.76,3.17
2026-05-17 10:51:00+00:00,2.41,-1.11,-1.78,335.23,-33.84,3.20
2026-05-17 10:52:00+00:00,2.01,-1.00,-2.26,333.68,-45.22,3.19
2026-05-17 10:53:00+00:00,1.98,-1.37,-1.80,325.40,-36.75,3.01
2026-05-17 10:54:00+00:00,1.78,-1.93,-1.11,312.67,-23.01,2.85
2026-05-17 10:55:00+00:00,1.68,-1.46,-2.05,319.12,-42.57,3.02
2026-05-17 10:56:00+00:00,1.75,-1.66,-1.33,316.66,-28.79,2.75
2026-05-17 10:57:00+00:00,1.30,-2.36,0.58,298.94,12.09,2.75
2026-05-17 10:58:00+00:00,1.15,-2.51,0.16,294.69,3.40,2.77
2026-05-17 11:03:00+00:00,2.88,-0.82,0.00,344.14,-0.01,2.99
2026-05-17 11:04:00+00:00,1.75,-2.07,-1.12,310.27,-22.41,2.93
2026-05-17 11:05:00+00:00,1.48,-2.61,-1.37,299.56,-24.58,3.30
2026-05-17 11:06:00+00:00,1.02,-2.89,-0.37,289.41,-6.81,3.09
2026-05-17 11:07:00+00:00,0.57,-2.86,-0.55,281.23,-10.59,2.97
2026-05-17 11:08:00+00:00,1.02,-2.37,0.54,293.23,11.91,2.64
2026-05-17 11:09:00+00:00,0.87,-2.08,1.78,292.70,38.30,2.87
2026-05-17 11:10:00+00:00,0.63,-2.55,1.19,283.95,24.38,2.89
2026-05-17 11:11:00+00:00,0.29,-2.71,-0.50,276.05,-10.47,2.77
2026-05-17 11:12:00+00:00,0.47,-2.68,-0.72,279.90,-14.88,2.81
2026-05-17 11:13:00+00:00,0.22,-2.56,-0.22,274.81,-4.81,2.57
2026-05-17 11:14:00+00:00,0.91,-1.36,2.26,303.94,54.11,2.79
2026-05-17 11:15:00+00:00,0.23,-1.30,2.27,279.98,59.84,2.63
2026-05-17 11:16:00+00:00,0.41,-1.63,2.09,284.10,51.23,2.69
2026-05-17 11:17:00+00:00,0.35,-2.62,-0.36,277.65,-7.85,2.67
2026-05-17 11:18:00+00:00,0.63,-2.62,-0.05,283.58,-1.15,2.70
2026-05-17 11:19:00+00:00,1.19,-2.26,1.00,297.78,21.43,2.74
2026-05-17 11:20:00+00:00,0.55,-2.32,1.29,283.43,28.43,2.71
2026-05-17 11:21:00+00:00,0.06,-2.55,1.32,271.45,27.24,2.87
2026-05-17 11:22:00+00:00,0.55,-2.45,1.13,282.68,24.15,2.75
2026-05-17 11:23:00+00:00,1.02,-2.11,1.06,295.80,24.35,2.57
2026-05-17 11:24:00+00:00,1.72,-1.87,0.75,312.62,16.47,2.65
2026-05-17 11:25:00+00:00,1.48,-2.16,0.51,304.43,11.11,2.67
2026-05-17 11:26:00+00:00,1.29,-1.72,1.22,306.96,29.46,2.47
2026-05-17 11:27:00+00:00,0.88,-1.68,1.85,297.65,44.19,2.65
2026-05-17 11:28:00+00:00,0.85,-2.44,1.11,289.24,23.30,2.81
2026-05-17 11:32:00+00:00,1.78,-2.17,0.29,309.42,5.81,2.82
2026-05-17 11:33:00+00:00,1.41,-2.47,0.05,299.77,1.03,2.85
2026-05-17 11:34:00+00:00,1.08,-2.72,0.36,291.69,6.99,2.95
2026-05-17 11:35:00+00:00,1.26,-2.62,0.09,295.67,1.86,2.90
2026-05-17 11:36:00+00:00,1.57,-2.29,-0.67,304.44,-13.55,2.86
2026-05-17 11:37:00+00:00,1.55,-2.28,-1.08,304.19,-21.37,2.95
2026-05-17 11:38:00+00:00,1.46,-2.44,-0.67,300.90,-13.23,2.92
2026-05-17 11:39:00+00:00,1.76,-2.06,0.47,310.57,9.85,2.75
2026-05-17 11:40:00+00:00,2.05,-2.16,0.25,313.49,4.76,2.99
2026-05-17 11:41:00+00:00,2.46,-1.57,0.63,327.50,12.18,2.99
2026-05-17 11:42:00+00:00,2.48,-1.64,-0.05,326.45,-1.05,2.98
2026-05-17 11:43:00+00:00,2.87,-0.89,0.50,342.82,9.43,3.04
2026-05-17 11:44:00+00:00,2.99,-0.84,0.62,344.32,11.34,3.16
2026-05-17 11:45:00+00:00,3.06,-0.75,-0.30,346.16,-5.44,3.16
2026-05-17 11:46:00+00:00,2.86,-1.03,-0.68,340.30,-12.52,3.12
2026-05-17 11:47:00+00:00,2.71,-1.62,-0.40,329.19,-7.24,3.19
2026-05-17 11:48:00+00:00,2.83,-1.35,-0.43,334.47,-7.73,3.17
2026-05-17 11:49:00+00:00,2.95,-0.21,-0.49,355.87,-9.33,2.99
2026-05-17 11:50:00+00:00,2.94,0.09,-0.83,1.79,-15.85,3.05
2026-05-17 11:51:00+00:00,2.88,0.11,-1.00,2.15,-19.21,3.05
2026-05-17 11:52:00+00:00,2.82,0.06,-1.13,1.16,-21.87,3.04
2026-05-17 11:53:00+00:00,2.96,0.37,-0.43,7.10,-8.19,3.01
2026-05-17 11:54:00+00:00,2.58,0.73,-1.37,15.71,-27.14,3.01
2026-05-17 11:55:00+00:00,2.53,0.79,-1.66,17.23,-32.09,3.13
2026-05-17 11:56:00+00:00,2.55,1.44,-1.07,29.52,-20.09,3.12
2026-05-17 11:57:00+00:00,2.54,1.51,-0.96,30.75,-18.00,3.11
2026-05-17 11:58:00+00:00,2.01,2.28,-0.47,48.65,-8.71,3.08
2026-05-17 11:59:00+00:00,1.80,2.35,-0.37,52.56,-7.18,2.98
2026-05-17 12:00:00+00:00,1.67,2.81,-0.75,59.26,-12.84,3.36
2026-05-17 12:01:00+00:00,1.28,3.07,-0.60,67.28,-10.16,3.38
2026-05-17 12:02:00+00:00,1.48,2.42,-0.55,58.51,-11.05,2.89
2026-05-17 12:03:00+00:00,1.46,1.85,-0.57,51.80,-13.51,2.43
2026-05-17 12:04:00+00:00,2.13,-0.52,-1.53,346.29,-34.90,2.67
2026-05-17 12:05:00+00:00,2.25,1.37,-1.25,31.32,-25.44,2.92
2026-05-17 12:06:00+00:00,2.20,1.40,-1.05,32.56,-21.87,2.81
2026-05-17 12:07:00+00:00,2.25,1.28,-1.02,29.68,-21.47,2.78
2026-05-17 12:08:00+00:00,2.48,1.25,-0.84,26.66,-16.81,2.90
2026-05-17 12:09:00+00:00,2.27,1.51,-0.90,33.53,-18.20,2.87
2026-05-17 12:10:00+00:00,2.10,1.93,-0.93,42.50,-18.05,3.00
2026-05-17 12:11:00+00:00,2.09,2.61,-0.08,51.35,-1.35,3.34
2026-05-17 12:12:00+00:00,1.99,2.57,0.21,52.19,3.75,3.26
2026-05-17 12:13:00+00:00,2.08,2.67,-0.28,52.13,-4.70,3.40
2026-05-17 12:14:00+00:00,2.05,2.62,0.18,51.91,3.07,3.33
2026-05-17 12:15:00+00:00,2.42,3.04,0.80,51.54,11.65,3.97
2026-05-17 12:16:00+00:00,2.27,3.04,1.43,53.21,20.70,4.05
2026-05-17 12:17:00+00:00,2.43,2.50,1.45,45.81,22.61,3.78
2026-05-17 12:18:00+00:00,2.22,2.48,1.58,48.14,25.34,3.69
2026-05-17 12:19:00+00:00,1.63,2.58,2.26,57.66,36.57,3.80
2026-05-17 12:20:00+00:00,2.20,0.61,-0.47,15.46,-11.68,2.33
2026-05-17 12:21:00+00:00,1.20,-0.67,-2.99,330.93,-65.28,3.29
2026-05-17 12:22:00+00:00,0.91,-0.29,-3.13,342.37,-72.97,3.28
2026-05-17 12:23:00+00:00,1.60,0.56,-2.39,19.32,-54.61,2.93
2026-05-17 12:24:00+00:00,2.11,1.00,-1.79,25.46,-37.51,2.94
2026-05-17 12:25:00+00:00,1.26,1.21,-2.52,43.95,-55.20,3.07
2026-05-17 12:26:00+00:00,0.45,1.53,-3.32,73.53,-64.26,3.68
2026-05-17 12:27:00+00:00,0.05,1.89,-3.18,88.39,-59.23,3.70
2026-05-17 12:28:00+00:00,0.89,2.07,-3.01,66.67,-53.19,3.75
2026-05-17 12:29:00+00:00,1.04,2.03,-2.86,62.83,-51.45,3.66
2026-05-17 12:30:00+00:00,1.50,1.95,-2.82,52.50,-48.87,3.74
2026-05-17 12:31:00+00:00,1.20,2.33,-2.25,62.75,-40.58,3.46
2026-05-17 12:32:00+00:00,1.76,2.30,-1.82,52.61,-32.08,3.42
2026-05-17 12:33:00+00:00,2.12,1.52,-1.90,35.55,-36.10,3.23
2026-05-17 12:34:00+00:00,1.80,1.98,-1.72,47.61,-32.76,3.18
2026-05-17 12:35:00+00:00,2.13,2.13,-1.92,45.00,-32.54,3.57
2026-05-17 12:36:00+00:00,2.07,2.13,-1.67,45.70,-29.28,3.41
2026-05-17 12:37:00+00:00,1.60,2.36,-2.21,55.84,-37.75,3.60
2026-05-17 12:38:00+00:00,1.88,2.35,-1.90,51.37,-32.28,3.56
2026-05-17 12:39:00+00:00,2.14,2.02,-1.65,43.34,-29.19,3.38
2026-05-17 12:40:00+00:00,2.10,2.01,-1.75,43.74,-31.08,3.39
2026-05-17 12:41:00+00:00,1.04,2.37,-2.03,66.40,-38.03,3.29
2026-05-17 12:42:00+00:00,0.59,2.14,-2.23,74.68,-45.11,3.14
2026-05-17 12:43:00+00:00,0.10,2.42,-2.09,87.58,-40.67,3.20
2026-05-17 12:44:00+00:00,0.27,2.69,-2.02,84.36,-36.75,3.38
2026-05-17 12:45:00+00:00,0.57,2.73,-2.06,78.23,-36.37,3.47
2026-05-17 12:46:00+00:00,1.25,2.87,-1.84,66.52,-30.43,3.63
2026-05-17 12:47:00+00:00,1.22,2.96,-1.73,67.55,-28.40,3.64
2026-05-17 12:48:00+00:00,1.54,2.76,-1.32,60.85,-22.72,3.43
2026-05-17 12:49:00+00:00,1.61,2.73,-0.88,59.49,-15.53,3.29
2026-05-17 12:50:00+00:00,1.27,3.12,-0.97,67.89,-16.06,3.50
2026-05-17 12:51:00+00:00,1.60,2.84,-0.78,60.56,-13.48,3.36
2026-05-17 12:52:00+00:00,1.79,2.67,-0.95,56.11,-16.49,3.36
2026-05-17 12:53:00+00:00,1.59,2.81,-0.70,60.51,-12.17,3.30
2026-05-17 12:54:00+00:00,1.45,2.84,-0.60,62.98,-10.62,3.25
2026-05-17 12:55:00+00:00,1.40,2.89,-0.35,64.21,-6.21,3.23
2026-05-17 12:56:00+00:00,0.89,3.04,0.02,73.64,0.34,3.17
2026-05-17 12:57:00+00:00,1.41,2.75,-0.31,62.85,-5.71,3.11
2026-05-17 12:58:00+00:00,1.62,2.70,-0.38,59.07,-6.85,3.17
2026-05-17 12:59:00+00:00,1.47,2.86,-0.26,62.87,-4.54,3.23
2026-05-17 13:00:00+00:00,1.61,2.62,-0.24,58.39,-4.51,3.09
2026-05-17 13:01:00+00:00,2.71,1.50,-0.89,28.94,-16.02,3.22
2026-05-17 13:02:00+00:00,2.72,1.35,-0.24,26.29,-4.60,3.05
2026-05-17 13:03:00+00:00,2.50,1.43,1.01,29.84,19.40,3.05
2026-05-17 13:04:00+00:00,2.84,1.26,0.59,23.85,10.79,3.16
2026-05-17 13:05:00+00:00,3.15,0.75,0.18,13.46,3.18,3.24
2026-05-17 13:06:00+00:00,3.11,0.28,-0.33,5.22,-5.98,3.14
2026-05-17 13:07:00+00:00,3.14,-0.01,-0.50,359.76,-9.01,3.18
2026-05-17 13:08:00+00:00,2.80,-0.59,-1.06,348.07,-20.26,3.05
2026-05-17 13:09:00+00:00,2.66,-0.69,-1.47,345.45,-28.23,3.12
2026-05-17 13:10:00+00:00,1.99,-0.34,-2.28,350.42,-48.52,3.04
2026-05-17 13:11:00+00:00,1.89,0.15,-2.42,4.50,-52.03,3.07
2026-05-17 13:12:00+00:00,1.62,0.08,-2.76,2.75,-59.46,3.20
2026-05-17 13:13:00+00:00,1.77,0.39,-2.49,12.27,-53.92,3.08
2026-05-17 13:15:00+00:00,2.68,0.86,-1.20,17.76,-23.13,3.06
2026-05-17 13:16:00+00:00,2.56,0.68,-1.59,14.85,-31.08,3.09
2026-05-17 13:17:00+00:00,2.81,0.63,-1.25,12.69,-23.54,3.14
2026-05-17 13:18:00+00:00,2.21,-2.15,-1.34,315.83,-23.48,3.36
2026-05-17 13:19:00+00:00,1.93,-2.24,-1.61,310.78,-28.54,3.37
2026-05-17 13:20:00+00:00,1.75,-2.39,-1.59,306.17,-28.30,3.36
2026-05-17 13:21:00+00:00,1.95,-2.35,-1.29,309.73,-22.86,3.31
2026-05-17 13:22:00+00:00,2.47,-1.52,-1.31,328.42,-24.29,3.18
2026-05-17 13:23:00+00:00,2.25,-1.82,-1.07,321.00,-20.27,3.09
2026-05-17 13:24:00+00:00,1.67,-2.47,-1.36,303.95,-24.49,3.28
2026-05-17 13:25:00+00:00,1.66,-2.37,-1.68,305.02,-30.15,3.35
2026-05-17 13:26:00+00:00,1.65,-2.42,-1.48,304.36,-26.89,3.28
2026-05-17 13:27:00+00:00,1.71,-2.50,-1.19,304.39,-21.47,3.25
2026-05-17 13:28:00+00:00,1.82,-2.24,-1.63,309.13,-29.42,3.32
2026-05-17 13:29:00+00:00,2.08,-2.10,-1.55,314.78,-27.59,3.34
2026-05-17 13:30:00+00:00,2.36,-1.88,-1.27,321.47,-22.87,3.27
2026-05-17 13:31:00+00:00,2.13,-2.26,-1.29,313.31,-22.51,3.37
2026-05-17 13:32:00+00:00,2.19,-2.26,-1.27,314.02,-21.98,3.40
2026-05-17 13:33:00+00:00,2.13,-1.91,0.65,318.05,12.87,2.93
2026-05-17 13:34:00+00:00,2.10,-1.81,1.79,319.33,32.90,3.30
2026-05-17 13:35:00+00:00,1.75,-1.93,1.43,312.32,28.71,2.97
2026-05-17 13:36:00+00:00,1.75,-1.91,1.45,312.51,29.30,2.97
2026-05-17 13:37:00+00:00,1.91,-2.41,0.80,308.34,14.51,3.18
2026-05-17 13:38:00+00:00,1.73,-2.61,0.70,303.44,12.52,3.21
2026-05-17 13:39:00+00:00,2.01,-2.17,0.73,312.79,13.96,3.05
2026-05-17 13:40:00+00:00,1.86,-2.38,0.32,307.95,6.14,3.04
2026-05-17 13:41:00+00:00,2.04,-2.31,0.23,311.50,4.29,3.09
2026-05-17 13:42:00+00:00,2.30,-2.10,-0.15,317.50,-2.67,3.12
2026-05-17 13:43:00+00:00,2.05,-1.50,-1.92,323.74,-37.17,3.18
2026-05-17 13:46:00+00:00,1.42,-2.47,-1.93,299.89,-34.13,3.44
2026-05-17 13:47:00+00:00,1.69,-2.61,-0.68,302.97,-12.31,3.18
2026-05-17 13:48:00+00:00,1.77,-2.49,-0.70,305.38,-12.94,3.13
2026-05-17 13:49:00+00:00,2.52,-1.06,-1.58,337.14,-29.96,3.16
2026-05-17 13:50:00+00:00,2.67,-0.98,-1.47,339.82,-27.35,3.20
2026-05-17 13:51:00+00:00,2.69,-0.97,-1.28,340.10,-24.03,3.13
2026-05-17 13:52:00+00:00,2.69,-1.21,-1.14,335.84,-21.15,3.16
2026-05-17 13:53:00+00:00,2.56,-0.96,-1.78,339.47,-33.02,3.26
2026-05-17 13:54:00+00:00,3.03,-0.41,-1.30,352.38,-23.02,3.33
2026-05-17 13:55:00+00:00,3.11,0.17,-1.08,3.15,-19.18,3.29
2026-05-17 13:56:00+00:00,3.05,-0.27,-1.11,354.89,-19.99,3.25
2026-05-17 13:57:00+00:00,3.09,0.34,-1.25,6.25,-21.90,3.35
2026-05-17 13:58:00+00:00,3.06,-0.10,-1.00,358.22,-18.01,3.22
2026-05-17 13:59:00+00:00,2.87,-0.52,-1.55,349.69,-28.02,3.30
2026-05-17 14:00:00+00:00,2.58,-0.61,-1.94,346.64,-36.25,3.28
2026-05-17 14:01:00+00:00,2.76,-0.59,-1.50,347.86,-28.00,3.20
2026-05-17 14:02:00+00:00,2.77,-0.53,-1.61,349.23,-29.66,3.24
2026-05-17 14:03:00+00:00,2.63,-1.16,0.06,336.17,1.16,2.87
2026-05-17 14:04:00+00:00,2.72,-0.95,-0.78,340.85,-15.19,2.99
2026-05-17 14:05:00+00:00,3.02,-0.83,-0.76,344.69,-13.68,3.22
2026-05-17 14:06:00+00:00,2.91,-0.38,-1.40,352.58,-25.47,3.25
2026-05-17 14:07:00+00:00,2.66,-0.29,-1.96,353.82,-36.29,3.31
2026-05-17 14:08:00+00:00,2.81,-0.64,-1.75,347.17,-31.23,3.37
2026-05-17 14:09:00+00:00,2.83,-0.58,-1.59,348.36,-28.75,3.30
2026-05-17 14:10:00+00:00,2.87,-0.44,-1.42,351.33,-26.10,3.24
2026-05-17 14:11:00+00:00,2.96,-0.51,-1.13,350.28,-20.65,3.20
2026-05-17 14:12:00+00:00,2.91,-0.19,-1.37,356.23,-25.15,3.22
2026-05-17 14:13:00+00:00,2.77,0.15,-1.68,3.03,-31.17,3.24
2026-05-17 14:14:00+00:00,3.00,0.48,-1.32,9.10,-23.57,3.31
2026-05-17 14:15:00+00:00,2.98,0.62,-1.25,11.76,-22.43,3.29
2026-05-17 14:16:00+00:00,3.09,-0.31,-1.11,354.27,-19.70,3.30
2026-05-17 14:17:00+00:00,3.13,-0.03,-0.94,359.40,-16.69,3.27
2026-05-17 14:18:00+00:00,3.22,-0.12,-0.83,357.89,-14.51,3.33
2026-05-17 14:19:00+00:00,3.18,-0.50,-0.60,351.02,-10.56,3.28
2026-05-17 14:20:00+00:00,3.06,-0.29,-0.92,354.50,-16.64,3.21
2026-05-17 14:21:00+00:00,3.20,0.17,-0.98,3.01,-16.95,3.35
2026-05-17 14:22:00+00:00,2.94,0.86,-0.76,16.29,-13.97,3.16
2026-05-17 14:23:00+00:00,2.91,1.28,-0.65,23.72,-11.59,3.24
2026-05-17 14:24:00+00:00,2.93,1.48,-0.28,26.69,-4.89,3.30
2026-05-17 14:25:00+00:00,2.68,1.75,-0.57,33.12,-10.10,3.25
2026-05-17 14:26:00+00:00,2.85,1.60,-1.10,29.34,-18.67,3.45
2026-05-17 14:27:00+00:00,3.03,1.29,-0.94,23.11,-15.90,3.43
2026-05-17 14:28:00+00:00,2.71,1.69,-0.33,31.93,-5.87,3.22
2026-05-17 14:29:00+00:00,2.71,1.68,-0.51,31.71,-9.07,3.23
2026-05-17 14:30:00+00:00,2.89,1.28,-0.72,23.90,-12.86,3.24
2026-05-17 14:31:00+00:00,3.06,0.82,-0.59,15.06,-10.48,3.22
2026-05-17 14:32:00+00:00,3.12,0.75,-0.30,13.48,-5.33,3.22
2026-05-17 14:33:00+00:00,3.02,0.84,-0.35,15.61,-6.29,3.16
2026-05-17 14:34:00+00:00,3.04,0.55,-0.57,10.30,-10.42,3.15
2026-05-17 14:35:00+00:00,3.18,0.10,-0.31,1.84,-5.61,3.20
2026-05-17 14:36:00+00:00,3.12,0.29,-0.76,5.34,-13.58,3.23
2026-05-17 14:37:00+00:00,3.31,-0.24,-0.51,355.78,-8.80,3.36
2026-05-17 14:38:00+00:00,3.25,-0.61,-0.61,349.33,-10.49,3.36
2026-05-17 14:39:00+00:00,3.24,-0.73,-0.51,347.34,-8.66,3.36
2026-05-17 14:40:00+00:00,3.20,-0.78,-0.53,346.25,-9.12,3.33
2026-05-17 14:41:00+00:00,3.23,-0.90,-0.51,344.46,-8.64,3.40
2026-05-17 14:42:00+00:00,3.06,-1.11,-0.48,340.08,-8.43,3.29
2026-05-17 14:43:00+00:00,3.16,-1.04,-0.23,341.86,-3.89,3.33
2026-05-17 14:44:00+00:00,3.16,-1.14,-0.55,340.16,-9.24,3.40
2026-05-17 14:45:00+00:00,3.09,-1.18,-0.75,339.12,-12.77,3.39
2026-05-17 14:46:00+00:00,3.17,-1.01,-0.61,342.34,-10.41,3.38
2026-05-17 14:47:00+00:00,2.88,-1.03,-1.40,340.30,-24.55,3.36
2026-05-17 14:48:00+00:00,2.70,-1.41,-1.70,332.42,-29.18,3.49
2026-05-17 14:49:00+00:00,2.54,-1.75,-1.54,325.49,-26.59,3.45
2026-05-17 14:50:00+00:00,2.44,-1.88,-1.47,322.40,-25.50,3.41
2026-05-17 14:51:00+00:00,2.94,-1.36,-0.87,335.17,-15.02,3.36
2026-05-17 14:52:00+00:00,3.19,-0.92,-0.66,343.94,-11.26,3.38
2026-05-17 14:53:00+00:00,3.31,-0.97,-0.47,343.67,-7.84,3.48
2026-05-17 14:54:00+00:00,3.28,-1.02,-0.66,342.77,-10.90,3.50
2026-05-17 14:55:00+00:00,3.13,-1.02,-1.04,341.86,-17.56,3.45
2026-05-17 14:56:00+00:00,3.16,-0.88,-1.23,344.42,-20.53,3.50
2026-05-17 14:57:00+00:00,3.19,-0.77,-0.97,346.39,-16.41,3.42
2026-05-17 14:58:00+00:00,3.09,-0.86,-1.22,344.46,-20.77,3.43
2026-05-17 14:59:00+00:00,3.26,-0.64,-1.25,348.98,-20.56,3.55
2026-05-17 15:00:00+00:00,3.22,-0.83,-1.15,345.61,-19.00,3.52
2026-05-17 15:01:00+00:00,3.26,-0.96,-1.02,343.59,-16.67,3.55
2026-05-17 15:02:00+00:00,3.20,-0.94,-1.04,343.67,-17.30,3.49
2026-05-17 15:03:00+00:00,3.22,-0.92,-1.12,344.10,-18.53,3.53
2026-05-17 15:04:00+00:00,3.10,-0.92,-1.37,343.45,-22.92,3.52
2026-05-17 15:05:00+00:00,2.98,-0.76,-1.54,345.64,-26.56,3.44
2026-05-17 15:06:00+00:00,3.01,-0.71,-1.63,346.72,-27.79,3.50
2026-05-17 15:07:00+00:00,3.02,-0.80,-1.46,345.08,-24.97,3.45
2026-05-17 15:08:00+00:00,3.08,-0.67,-1.42,347.69,-24.21,3.46
2026-05-17 15:09:00+00:00,3.01,-0.66,-1.60,347.67,-27.47,3.48
2026-05-17 15:10:00+00:00,2.61,-0.78,-2.06,343.42,-37.11,3.41
2026-05-17 15:11:00+00:00,2.18,-0.62,-2.89,344.18,-51.88,3.67
2026-05-17 15:12:00+00:00,2.27,-0.55,-2.72,346.42,-49.26,3.59
2026-05-17 15:13:00+00:00,2.47,-0.51,-2.38,348.40,-43.33,3.46
2026-05-17 15:14:00+00:00,2.49,-0.62,-2.35,345.96,-42.48,3.48
2026-05-17 15:15:00+00:00,2.47,-0.56,-2.44,347.26,-43.96,3.52
2026-05-17 15:16:00+00:00,3.01,-0.74,-0.15,346.27,-2.75,3.10
2026-05-17 15:17:00+00:00,3.16,-1.03,0.86,341.88,14.58,3.43
2026-05-17 15:18:00+00:00,3.15,-1.17,0.68,339.67,11.36,3.43
2026-05-17 15:19:00+00:00,3.15,-1.08,0.62,341.09,10.60,3.39
2026-05-17 15:20:00+00:00,3.25,-1.19,0.22,339.89,3.68,3.47
2026-05-17 15:21:00+00:00,3.23,-1.21,0.37,339.49,6.17,3.47
2026-05-17 15:22:00+00:00,3.16,-1.29,0.38,337.84,6.36,3.43
2026-05-17 15:23:00+00:00,3.23,-1.05,0.43,341.99,7.20,3.42
2026-05-17 15:24:00+00:00,3.21,-1.14,0.13,340.54,2.26,3.41
2026-05-17 15:25:00+00:00,3.17,-1.34,-0.05,337.14,-0.78,3.44
2026-05-17 15:26:00+00:00,3.26,-1.09,-0.03,341.45,-0.43,3.44
2026-05-17 15:27:00+00:00,3.05,-1.52,-0.34,333.53,-5.74,3.42
2026-05-17 15:28:00+00:00,3.08,-1.52,-0.26,333.81,-4.36,3.45
2026-05-17 15:30:00+00:00,2.95,-2.09,-0.15,324.63,-2.35,3.61
2026-05-17 15:31:00+00:00,2.80,-1.81,-0.72,327.05,-12.22,3.41
2026-05-17 15:32:00+00:00,2.86,-1.90,-0.53,326.45,-8.83,3.47
2026-05-17 15:33:00+00:00,2.70,-1.91,-0.42,324.67,-7.19,3.33
2026-05-17 15:34:00+00:00,2.69,-1.88,-0.77,325.08,-13.16,3.37
2026-05-17 15:35:00+00:00,3.04,-1.37,-0.49,335.81,-8.33,3.37
2026-05-17 15:36:00+00:00,2.80,-1.86,0.43,326.47,7.29,3.39
2026-05-17 15:37:00+00:00,2.74,-1.61,0.64,329.57,11.40,3.24
2026-05-17 15:38:00+00:00,2.95,-1.37,-0.34,335.01,-5.91,3.27
2026-05-17 15:39:00+00:00,2.87,-1.51,-0.44,332.23,-7.65,3.27
2026-05-17 15:40:00+00:00,2.42,-2.06,-0.44,319.70,-7.81,3.21
2026-05-17 15:41:00+00:00,2.81,-1.74,-0.28,328.19,-4.90,3.32
2026-05-17 15:42:00+00:00,2.98,-1.22,-0.93,337.67,-16.06,3.35
2026-05-17 15:43:00+00:00,2.89,-1.26,-1.18,336.55,-20.49,3.37
2026-05-17 15:44:00+00:00,2.83,-1.42,-1.30,333.33,-22.31,3.43
2026-05-17 15:45:00+00:00,2.66,-1.43,-1.09,331.74,-19.86,3.22
2026-05-17 15:46:00+00:00,2.35,-1.61,-1.21,325.61,-22.98,3.09
2026-05-17 15:47:00+00:00,2.70,-1.48,-0.29,331.29,-5.31,3.09
2026-05-17 15:48:00+00:00,2.98,-1.20,0.40,338.02,7.10,3.24
2026-05-17 15:49:00+00:00,2.73,-1.05,1.08,338.89,20.28,3.12
2026-05-17 15:50:00+00:00,2.77,-1.13,0.82,337.85,15.35,3.11
2026-05-17 15:51:00+00:00,2.81,-0.78,0.71,344.54,13.61,3.00
2026-05-17 15:52:00+00:00,2.53,-0.97,1.26,339.08,24.99,2.99
2026-05-17 15:53:00+00:00,2.62,-1.08,1.33,337.69,25.07,3.13
2026-05-17 15:54:00+00:00,2.85,-0.71,1.26,345.98,23.27,3.20
2026-05-17 15:55:00+00:00,2.36,-0.50,1.88,347.99,37.90,3.06
2026-05-17 15:56:00+00:00,2.80,-0.79,1.37,344.17,25.24,3.22
2026-05-17 15:57:00+00:00,2.82,-0.60,1.14,347.96,21.58,3.10
2026-05-17 15:58:00+00:00,2.87,-0.57,1.48,348.75,26.78,3.28
2026-05-17 15:59:00+00:00,2.96,-0.65,1.49,347.57,26.20,3.38
2026-05-17 16:03:00+00:00,2.49,-0.19,1.95,355.53,38.07,3.17
2026-05-17 16:04:00+00:00,2.62,-0.21,1.83,355.38,34.83,3.20
2026-05-17 16:05:00+00:00,2.68,-0.26,1.32,354.40,26.11,3.00
2026-05-17 16:06:00+00:00,2.70,-0.30,1.31,353.61,25.64,3.02
2026-05-17 16:07:00+00:00,2.09,-0.09,1.68,357.50,38.87,2.68
2026-05-17 16:08:00+00:00,2.28,-0.29,1.33,352.81,30.01,2.65
2026-05-17 16:09:00+00:00,2.15,-0.39,1.13,349.80,27.42,2.46
2026-05-17 16:10:00+00:00,1.95,-0.17,1.26,355.06,32.67,2.33
2026-05-17 16:11:00+00:00,1.97,-0.32,1.11,350.72,29.09,2.29
2026-05-17 16:12:00+00:00,1.70,-0.24,1.10,351.95,32.57,2.04
2026-05-17 16:13:00+00:00,0.58,-0.15,0.43,345.78,35.80,0.73
2026-05-17 16:14:00+00:00,0.91,-0.11,0.44,352.95,25.81,1.02
2026-05-17 16:15:00+00:00,0.94,-0.09,0.44,354.52,25.10,1.04
2026-05-17 16:16:00+00:00,1.62,-0.25,0.55,351.27,18.51,1.73
2026-05-17 16:17:00+00:00,2.76,-0.64,0.79,346.85,15.63,2.94
2026-05-17 16:18:00+00:00,2.68,-1.00,1.13,339.57,21.45,3.08
2026-05-17 16:19:00+00:00,2.45,-0.98,1.16,338.22,23.81,2.88
2026-05-17 16:20:00+00:00,2.97,-0.25,0.41,355.21,7.75,3.01
2026-05-17 16:21:00+00:00,3.01,-0.43,0.24,351.92,4.46,3.05
2026-05-17 16:22:00+00:00,2.65,-0.37,0.28,351.98,6.00,2.69
2026-05-17 16:23:00+00:00,2.55,-0.58,0.25,347.17,5.40,2.63
2026-05-17 16:24:00+00:00,2.57,-0.84,0.26,341.99,5.42,2.71
2026-05-17 16:25:00+00:00,2.38,-0.67,1.21,344.16,26.08,2.75
2026-05-17 16:26:00+00:00,2.58,-1.03,1.21,338.15,23.54,3.03
2026-05-17 16:27:00+00:00,2.82,-1.21,1.23,336.75,21.86,3.31
2026-05-17 16:30:00+00:00,2.80,-1.02,1.43,339.88,25.67,3.31
2026-05-17 16:31:00+00:00,3.01,-0.90,1.21,343.38,21.06,3.37
2026-05-17 16:32:00+00:00,3.14,-0.67,1.16,348.02,19.84,3.42
2026-05-17 16:33:00+00:00,3.08,-0.63,1.33,348.42,22.90,3.42
2026-05-17 16:34:00+00:00,3.05,-0.48,1.24,351.02,21.83,3.33
2026-05-17 16:35:00+00:00,2.93,-0.49,1.25,350.50,22.87,3.22
2026-05-17 16:36:00+00:00,2.64,-1.09,1.34,337.59,25.11,3.16
2026-05-17 16:37:00+00:00,2.29,-0.53,1.65,347.06,35.12,2.88
2026-05-17 16:38:00+00:00,2.28,-0.77,1.42,341.29,30.49,2.79
2026-05-17 16:39:00+00:00,2.28,-0.96,1.44,337.08,30.28,2.86
2026-05-17 16:40:00+00:00,2.96,-1.53,0.81,332.77,13.73,3.43
2026-05-17 16:41:00+00:00,3.07,-1.72,0.36,330.73,5.79,3.54
2026-05-17 16:42:00+00:00,2.91,-1.96,0.31,326.05,5.00,3.52
2026-05-17 16:43:00+00:00,2.86,-2.02,0.23,324.85,3.68,3.51
2026-05-17 16:44:00+00:00,2.21,-2.20,-0.27,315.25,-4.93,3.13
2026-05-17 16:45:00+00:00,2.01,-2.28,-0.36,311.38,-6.81,3.06
2026-05-17 16:46:00+00:00,2.43,-2.05,0.33,319.87,5.88,3.20
2026-05-17 16:47:00+00:00,2.52,-1.98,-0.02,321.90,-0.35,3.20
2026-05-17 16:48:00+00:00,1.88,-2.50,-0.92,306.91,-16.40,3.27
2026-05-17 16:49:00+00:00,1.65,-2.72,-0.99,301.26,-17.33,3.33
2026-05-17 16:50:00+00:00,1.82,-2.43,-1.49,306.95,-26.08,3.38
2026-05-17 16:51:00+00:00,1.76,-2.60,-1.33,304.08,-23.04,3.41
2026-05-17 16:52:00+00:00,1.53,-2.84,-0.91,298.26,-15.79,3.35
2026-05-17 16:53:00+00:00,1.17,-3.06,-1.25,290.92,-20.86,3.50
2026-05-17 16:54:00+00:00,1.08,-3.14,-1.34,288.91,-22.05,3.58
2026-05-17 16:55:00+00:00,1.19,-2.48,-2.06,295.63,-36.92,3.43
2026-05-17 16:56:00+00:00,1.27,-2.40,-2.19,297.89,-38.91,3.48
2026-05-17 16:57:00+00:00,1.03,-2.58,-2.07,291.86,-36.64,3.46
2026-05-17 16:58:00+00:00,1.97,-2.50,0.12,308.29,2.07,3.19
2026-05-17 16:59:00+00:00,1.51,-3.05,0.07,296.40,1.17,3.40
2026-05-17 17:00:00+00:00,1.71,-2.93,-0.33,300.27,-5.48,3.40
2026-05-17 17:01:00+00:00,1.67,-3.01,-1.01,299.09,-16.30,3.59
2026-05-17 17:02:00+00:00,1.71,-2.91,-0.83,300.44,-13.80,3.48
2026-05-17 17:03:00+00:00,1.76,-2.19,-2.03,308.80,-35.95,3.46
2026-05-17 17:04:00+00:00,1.62,-2.39,-2.07,304.15,-35.57,3.55
2026-05-17 17:05:00+00:00,1.47,-2.33,-2.26,302.27,-39.31,3.57
2026-05-17 17:06:00+00:00,0.61,-2.42,-2.69,284.10,-47.18,3.67
2026-05-17 17:07:00+00:00,1.41,-2.48,-2.06,299.53,-35.78,3.51
2026-05-17 17:08:00+00:00,1.73,-2.53,-1.93,304.36,-32.26,3.62
2026-05-17 17:09:00+00:00,1.71,-2.36,-1.99,305.88,-34.34,3.52
2026-05-17 17:10:00+00:00,1.43,-2.46,-2.25,300.20,-38.34,3.63
2026-05-17 17:11:00+00:00,1.37,-2.19,-2.53,302.14,-44.42,3.62
2026-05-17 17:14:00+00:00,1.01,-1.12,-3.07,312.03,-63.78,3.42
2026-05-17 17:15:00+00:00,0.65,-1.09,-3.27,300.87,-68.86,3.51
2026-05-17 17:16:00+00:00,0.94,-1.25,-3.05,307.09,-62.82,3.43
2026-05-17 17:17:00+00:00,0.96,-1.20,-3.08,308.69,-63.55,3.44
2026-05-17 17:18:00+00:00,1.17,-1.86,-2.52,302.09,-48.95,3.35
2026-05-17 17:19:00+00:00,1.54,-1.88,-2.52,309.29,-46.10,3.50
2026-05-17 17:20:00+00:00,1.58,-1.97,-2.41,308.85,-43.71,3.49
2026-05-17 17:21:00+00:00,1.62,-1.92,-2.37,310.18,-43.34,3.45
2026-05-17 17:22:00+00:00,1.24,-1.94,-2.53,302.58,-47.76,3.42
2026-05-17 17:23:00+00:00,0.96,-1.56,-2.75,301.63,-56.44,3.31
2026-05-17 17:24:00+00:00,1.20,-1.25,-2.87,313.94,-58.91,3.35
2026-05-17 17:25:00+00:00,0.75,-0.82,-3.27,312.57,-71.31,3.45
2026-05-17 17:26:00+00:00,-0.55,-0.25,-3.38,204.43,-79.84,3.44
2026-05-17 17:27:00+00:00,-1.75,0.74,-3.14,157.20,-58.84,3.67
2026-05-17 17:28:00+00:00,-1.83,1.06,-3.00,149.85,-54.82,3.67
2026-05-17 17:29:00+00:00,-1.95,1.33,-3.01,145.72,-51.86,3.82
2026-05-17 17:30:00+00:00,-1.75,1.07,-3.15,148.44,-56.94,3.75
2026-05-17 17:31:00+00:00,-1.65,0.81,-3.41,153.84,-61.71,3.87
2026-05-17 17:32:00+00:00,-0.98,0.73,-3.51,143.27,-70.78,3.71
2026-05-17 17:33:00+00:00,-0.79,1.43,-3.28,118.85,-63.50,3.66
2026-05-17 17:34:00+00:00,0.61,-0.94,-1.25,303.04,-48.14,1.67
2026-05-17 17:35:00+00:00,1.44,-1.00,-0.74,325.29,-22.90,1.91
2026-05-17 17:36:00+00:00,1.76,-1.35,-0.25,322.49,-6.43,2.24
2026-05-17 17:37:00+00:00,2.71,-1.91,-0.18,324.85,-3.09,3.32
2026-05-17 17:38:00+00:00,2.62,-1.94,-0.28,323.54,-4.83,3.27
2026-05-17 17:39:00+00:00,2.68,-1.97,-0.04,323.79,-0.69,3.33
2026-05-17 17:40:00+00:00,2.70,-1.94,0.05,324.34,0.90,3.33
2026-05-17 17:41:00+00:00,2.81,-1.65,-0.39,329.63,-6.91,3.28
2026-05-17 17:44:00+00:00,2.45,-1.78,0.40,324.01,7.45,3.05
2026-05-17 17:45:00+00:00,2.40,-2.11,0.22,318.66,3.94,3.20
2026-05-17 17:46:00+00:00,2.11,-2.53,0.13,309.72,2.23,3.30
2026-05-17 17:47:00+00:00,2.16,-2.28,0.17,313.43,3.11,3.14
2026-05-17 17:48:00+00:00,2.70,-1.48,0.18,331.35,3.32,3.08
2026-05-17 17:49:00+00:00,2.86,-1.17,0.75,337.71,13.66,3.18
2026-05-17 17:50:00+00:00,2.66,-1.42,1.05,332.00,19.25,3.20
2026-05-17 17:51:00+00:00,2.73,-1.52,1.06,330.90,18.76,3.30
2026-05-17 17:52:00+00:00,2.68,-1.45,1.07,331.66,19.36,3.23
2026-05-17 17:53:00+00:00,2.63,-1.31,1.04,333.49,19.46,3.12
2026-05-17 17:54:00+00:00,2.24,-1.35,1.52,328.85,30.15,3.03
2026-05-17 17:55:00+00:00,1.92,-1.49,1.99,322.21,39.37,3.14
2026-05-17 17:56:00+00:00,2.03,-1.70,1.61,320.04,31.26,3.10
2026-05-17 17:57:00+00:00,2.50,-1.32,1.20,332.09,22.92,3.07
2026-05-17 17:58:00+00:00,2.60,-1.34,0.81,332.65,15.51,3.03
2026-05-17 17:59:00+00:00,2.68,-0.89,0.46,341.73,9.23,2.86
2026-05-17 18:00:00+00:00,2.63,-1.47,0.45,330.87,8.44,3.05
2026-05-17 18:01:00+00:00,2.70,-1.52,0.52,330.57,9.46,3.14
2026-05-17 18:02:00+00:00,2.24,-1.87,0.40,320.08,7.83,2.94
2026-05-17 18:03:00+00:00,2.06,-2.12,0.18,314.16,3.51,2.97
2026-05-17 18:04:00+00:00,0.12,-3.07,-0.27,272.27,-4.96,3.09
2026-05-17 18:05:00+00:00,-0.97,-3.06,-0.42,252.49,-7.48,3.23
2026-05-17 18:06:00+00:00,-1.65,-2.84,-0.28,239.90,-4.81,3.30
2026-05-17 18:07:00+00:00,-2.28,-2.29,0.33,225.15,5.77,3.24
2026-05-17 18:08:00+00:00,-0.92,-2.36,0.44,248.65,9.79,2.57
2026-05-17 18:09:00+00:00,0.85,-1.50,-0.16,299.60,-5.21,1.73
2026-05-17 18:10:00+00:00,0.56,-2.66,-0.02,281.85,-0.47,2.72
2026-05-17 18:11:00+00:00,2.33,-1.68,-0.42,324.16,-8.23,2.90
2026-05-17 18:12:00+00:00,3.20,-0.44,-0.26,352.15,-4.53,3.24
2026-05-17 18:14:00+00:00,2.97,-1.11,0.12,339.45,2.13,3.18
2026-05-17 18:15:00+00:00,3.17,-1.02,-0.30,342.20,-5.13,3.34
2026-05-17 18:16:00+00:00,3.15,-1.06,-0.20,341.34,-3.38,3.33
2026-05-17 18:17:00+00:00,2.85,-0.69,-0.17,346.34,-3.41,2.94
2026-05-17 18:18:00+00:00,2.74,-0.72,-0.32,345.32,-6.55,2.85
2026-05-17 18:19:00+00:00,2.38,-1.68,-0.24,324.79,-4.71,2.92
2026-05-17 18:20:00+00:00,1.52,-1.83,-0.76,309.77,-17.69,2.49
2026-05-17 18:21:00+00:00,1.44,-1.95,-0.69,306.51,-15.93,2.52
2026-05-17 18:22:00+00:00,1.36,-2.08,-0.87,303.27,-19.29,2.64
2026-05-17 18:23:00+00:00,2.11,-1.65,-0.11,321.98,-2.33,2.68
2026-05-17 18:24:00+00:00,2.08,-1.83,-0.67,318.54,-13.57,2.85
2026-05-17 18:25:00+00:00,2.37,-1.82,-0.29,322.48,-5.58,3.00
2026-05-17 18:26:00+00:00,2.42,-1.69,-0.61,325.10,-11.66,3.01
2026-05-17 18:27:00+00:00,2.49,-1.30,-0.45,332.42,-9.11,2.85
2026-05-17 18:28:00+00:00,2.46,-1.39,-0.38,330.52,-7.75,2.85
2026-05-17 18:29:00+00:00,2.03,-1.48,-0.78,323.87,-17.30,2.63
2026-05-17 18:30:00+00:00,2.13,-1.17,-0.94,331.31,-21.11,2.60
2026-05-17 18:31:00+00:00,2.03,-1.82,-0.74,318.19,-15.27,2.82
2026-05-17 18:32:00+00:00,1.03,-2.31,-1.48,293.98,-30.28,2.93
2026-05-17 18:33:00+00:00,0.68,-2.15,-1.74,287.60,-37.76,2.85
2026-05-17 18:34:00+00:00,1.64,-1.04,-0.35,327.46,-10.25,1.97
2026-05-17 18:35:00+00:00,2.46,-1.56,-0.10,327.67,-1.93,2.91
2026-05-17 18:36:00+00:00,2.33,-1.60,-0.11,325.52,-2.20,2.83
2026-05-17 18:37:00+00:00,2.61,-1.47,-0.09,330.63,-1.65,3.00
2026-05-17 18:38:00+00:00,3.01,-0.95,0.14,342.52,2.45,3.16
2026-05-17 18:39:00+00:00,3.48,0.26,0.61,4.30,9.92,3.54
2026-05-17 18:40:00+00:00,3.73,-0.07,0.49,358.95,7.46,3.77
2026-05-17 18:41:00+00:00,3.60,0.06,0.63,0.94,9.89,3.66
2026-05-17 18:42:00+00:00,3.59,-0.50,0.54,352.10,8.40,3.66
2026-05-17 18:44:00+00:00,3.54,-0.49,0.97,352.05,15.19,3.70
2026-05-17 18:45:00+00:00,3.63,-0.47,0.54,352.55,8.43,3.70
2026-05-17 18:46:00+00:00,3.62,-0.42,0.66,353.44,10.22,3.70
2026-05-17 18:47:00+00:00,3.56,-0.41,0.66,353.41,10.41,3.64
2026-05-17 18:48:00+00:00,3.64,-0.52,0.61,351.84,9.46,3.73
2026-05-17 18:49:00+00:00,3.59,-0.55,0.64,351.28,10.00,3.69
2026-05-17 18:50:00+00:00,3.60,-0.73,0.68,348.48,10.50,3.73
2026-05-17 18:51:00+00:00,3.48,-0.95,0.94,344.80,14.54,3.73
2026-05-17 18:52:00+00:00,3.43,-0.99,1.05,343.86,16.30,3.73
2026-05-17 18:53:00+00:00,3.45,-0.94,1.05,344.80,16.35,3.72
2026-05-17 18:54:00+00:00,3.39,-0.89,0.92,345.31,14.73,3.63
2026-05-17 18:55:00+00:00,3.49,-0.88,0.82,345.81,12.86,3.69
2026-05-17 18:56:00+00:00,3.21,-1.01,0.56,342.54,9.38,3.41
2026-05-17 18:57:00+00:00,3.21,-1.31,0.52,337.81,8.60,3.51
2026-05-17 18:58:00+00:00,3.24,-1.21,0.66,339.47,10.85,3.52
2026-05-17 18:59:00+00:00,3.27,-1.22,0.50,339.52,8.19,3.53
2026-05-17 19:00:00+00:00,3.24,-1.20,0.81,339.61,13.23,3.55
2026-05-17 19:01:00+00:00,3.44,-0.97,0.51,344.29,8.13,3.61
2026-05-17 19:02:00+00:00,3.25,0.37,1.77,6.48,28.47,3.72
2026-05-17 19:03:00+00:00,3.52,0.08,1.54,1.36,23.69,3.84
2026-05-17 19:04:00+00:00,3.38,0.00,1.54,0.01,24.50,3.72
2026-05-17 19:05:00+00:00,3.43,0.11,1.29,1.87,20.63,3.67
2026-05-17 19:06:00+00:00,3.11,0.09,1.51,1.63,25.92,3.46
2026-05-17 19:07:00+00:00,3.07,0.24,1.48,4.56,25.64,3.42
2026-05-17 19:08:00+00:00,3.08,-0.10,1.63,358.08,27.85,3.49
2026-05-17 19:09:00+00:00,3.29,0.56,1.14,9.60,18.80,3.53
2026-05-17 19:10:00+00:00,3.07,0.10,1.46,1.77,25.33,3.40
2026-05-17 19:11:00+00:00,3.10,0.37,1.19,6.88,20.83,3.35
2026-05-17 19:12:00+00:00,3.07,0.36,1.35,6.70,23.54,3.37
2026-05-17 19:14:00+00:00,3.14,0.54,1.95,9.69,31.42,3.73
2026-05-17 19:15:00+00:00,3.24,0.20,1.03,3.60,17.52,3.41
2026-05-17 19:16:00+00:00,3.38,0.42,0.69,7.12,11.38,3.48
2026-05-17 19:17:00+00:00,3.25,0.37,1.04,6.54,17.69,3.44
2026-05-17 19:18:00+00:00,3.26,0.56,1.06,9.76,17.83,3.47
2026-05-17 19:19:00+00:00,3.23,-0.11,1.26,358.04,21.24,3.47
2026-05-17 19:20:00+00:00,3.06,0.32,1.30,5.95,22.98,3.34
2026-05-17 19:21:00+00:00,3.07,0.92,1.53,16.66,25.49,3.55
2026-05-17 19:22:00+00:00,3.22,0.63,1.49,10.99,24.45,3.61
2026-05-17 19:23:00+00:00,3.13,0.85,1.71,15.23,27.82,3.67
2026-05-17 19:24:00+00:00,3.29,0.30,1.48,5.25,24.04,3.62
2026-05-17 19:25:00+00:00,3.60,-0.13,1.01,357.90,15.71,3.74
2026-05-17 19:26:00+00:00,3.48,-0.26,1.38,355.79,21.58,3.75
2026-05-17 19:27:00+00:00,3.33,-1.01,1.32,343.07,20.76,3.72
2026-05-17 19:28:00+00:00,3.66,-0.06,0.89,359.09,13.59,3.77
2026-05-17 19:29:00+00:00,3.54,-0.20,0.74,356.72,11.85,3.62
2026-05-17 19:30:00+00:00,3.62,-0.20,0.66,356.84,10.28,3.68
2026-05-17 19:31:00+00:00,3.59,-0.16,0.72,357.38,11.36,3.67
2026-05-17 19:32:00+00:00,3.65,-0.27,0.77,355.76,11.88,3.74
2026-05-17 19:33:00+00:00,3.65,0.07,0.62,1.15,9.72,3.70
2026-05-17 19:34:00+00:00,3.53,0.04,0.92,0.66,14.58,3.65
2026-05-17 19:35:00+00:00,3.61,0.24,0.60,3.80,9.35,3.67
2026-05-17 19:36:00+00:00,3.52,-0.29,0.72,355.34,11.46,3.60
2026-05-17 19:37:00+00:00,3.26,-0.83,1.09,345.75,17.96,3.53
2026-05-17 19:38:00+00:00,3.32,-0.90,1.02,344.92,16.58,3.59
2026-05-17 19:39:00+00:00,3.32,0.18,1.63,3.15,26.21,3.70
2026-05-17 19:40:00+00:00,3.50,0.11,1.33,1.86,20.81,3.75
2026-05-17 19:41:00+00:00,3.21,0.70,1.52,12.26,24.78,3.62
2026-05-17 19:42:00+00:00,3.03,0.77,1.84,14.33,30.54,3.63
2026-05-17 19:43:00+00:00,2.97,0.78,1.89,14.69,31.59,3.60
2026-05-17 19:44:00+00:00,2.71,1.08,2.15,21.71,36.37,3.62
2026-05-17 19:45:00+00:00,2.62,1.19,2.20,24.50,37.39,3.62
2026-05-17 19:46:00+00:00,2.22,1.88,2.23,40.21,37.47,3.66
2026-05-17 19:50:00+00:00,2.83,1.10,1.80,21.27,30.68,3.53
2026-05-17 19:51:00+00:00,2.87,0.91,1.88,17.55,32.05,3.55
2026-05-17 19:52:00+00:00,3.02,0.48,1.76,8.96,29.99,3.53
2026-05-17 19:53:00+00:00,2.97,0.29,1.87,5.61,32.00,3.52
2026-05-17 19:54:00+00:00,3.08,0.06,1.91,1.19,31.85,3.63
2026-05-17 19:55:00+00:00,2.94,0.03,2.15,0.49,36.12,3.64
2026-05-17 19:56:00+00:00,2.90,0.05,1.99,0.90,34.50,3.52
2026-05-17 19:57:00+00:00,3.16,0.34,1.67,6.10,27.73,3.59
2026-05-17 19:58:00+00:00,3.09,0.29,1.78,5.42,29.81,3.58
2026-05-17 19:59:00+00:00,3.12,-0.38,1.59,353.00,26.76,3.52
2026-05-17 20:00:00+00:00,3.07,-0.61,1.78,348.73,29.68,3.60
2026-05-17 20:01:00+00:00,3.06,-0.01,1.92,359.76,32.11,3.62
2026-05-17 20:02:00+00:00,3.01,-0.30,2.07,354.24,34.40,3.66
2026-05-17 20:03:00+00:00,2.83,-0.49,2.27,350.14,38.30,3.66
2026-05-17 20:04:00+00:00,2.86,-0.55,2.08,349.02,35.52,3.57
2026-05-17 20:05:00+00:00,3.36,-1.00,0.82,343.35,13.15,3.60
2026-05-17 20:06:00+00:00,3.26,-1.30,0.09,338.27,1.41,3.51
2026-05-17 20:07:00+00:00,3.10,-0.83,1.40,344.97,23.58,3.50
2026-05-17 20:08:00+00:00,3.06,-1.06,1.44,340.98,24.03,3.55
2026-05-17 20:09:00+00:00,3.11,-0.80,1.43,345.67,23.94,3.52
2026-05-17 20:10:00+00:00,2.90,1.22,0.98,22.92,17.27,3.29
2026-05-17 20:11:00+00:00,3.35,0.61,0.81,10.30,13.32,3.50
2026-05-17 20:12:00+00:00,3.33,-0.57,0.23,350.26,3.98,3.38
2026-05-17 20:13:00+00:00,3.40,-0.89,-0.01,345.33,-0.17,3.51
2026-05-17 20:14:00+00:00,3.35,-1.07,0.37,342.25,6.07,3.53
2026-05-17 20:15:00+00:00,3.41,-0.50,0.75,351.69,12.28,3.53
2026-05-17 20:16:00+00:00,3.27,-0.52,0.45,350.95,7.68,3.34
2026-05-17 20:17:00+00:00,3.43,0.03,0.35,0.48,5.75,3.45
2026-05-17 20:18:00+00:00,3.37,-0.51,0.37,351.36,6.24,3.43
2026-05-17 20:19:00+00:00,3.45,-0.24,-0.08,356.01,-1.28,3.46
2026-05-17 20:20:00+00:00,3.45,-0.28,-0.11,355.30,-1.77,3.46
2026-05-17 20:21:00+00:00,3.37,-0.64,-0.30,349.21,-5.00,3.44
2026-05-17 20:22:00+00:00,3.07,-1.49,0.12,334.06,2.02,3.42
2026-05-17 20:23:00+00:00,2.96,-1.63,-1.02,331.17,-16.73,3.53
2026-05-17 20:24:00+00:00,2.91,-1.26,-1.38,336.66,-23.52,3.46
2026-05-17 20:25:00+00:00,2.88,-1.71,-0.11,329.25,-1.87,3.36
2026-05-17 20:26:00+00:00,2.94,-1.62,-1.24,331.11,-20.28,3.58
2026-05-17 20:27:00+00:00,2.83,-2.05,-0.45,324.08,-7.35,3.53
2026-05-17 20:28:00+00:00,2.75,-2.15,-0.78,322.03,-12.59,3.58
2026-05-17 20:29:00+00:00,2.91,-1.64,-1.20,330.58,-19.82,3.55
2026-05-17 20:30:00+00:00,2.89,-1.34,-1.48,335.08,-24.88,3.51
2026-05-17 20:31:00+00:00,2.38,-1.76,-2.04,323.51,-34.48,3.60
2026-05-17 20:32:00+00:00,2.38,-0.85,-1.75,340.34,-34.75,3.07
2026-05-17 20:33:00+00:00,2.09,-0.51,-1.07,346.42,-26.51,2.41
2026-05-17 20:34:00+00:00,0.64,-2.15,2.22,286.53,44.76,3.16
2026-05-17 20:35:00+00:00,0.76,-2.76,1.31,285.36,24.64,3.15
2026-05-17 20:36:00+00:00,1.77,-2.36,-1.10,306.87,-20.45,3.15
2026-05-17 20:37:00+00:00,1.85,-1.50,-1.88,320.97,-38.29,3.03
2026-05-17 20:38:00+00:00,1.77,-2.02,-1.69,311.24,-32.25,3.17
2026-05-17 20:39:00+00:00,1.81,-2.21,1.54,309.28,28.38,3.25
2026-05-17 20:40:00+00:00,1.84,-2.08,1.85,311.53,33.67,3.34
2026-05-17 20:41:00+00:00,1.54,-1.70,2.30,312.19,45.18,3.25
2026-05-17 20:42:00+00:00,1.52,-0.97,2.40,327.36,53.03,3.00
2026-05-17 20:43:00+00:00,2.61,-1.08,1.01,337.40,19.71,3.00
2026-05-17 20:44:00+00:00,3.00,-0.22,-0.74,355.75,-13.87,3.10
2026-05-17 20:45:00+00:00,2.95,0.61,-0.83,11.64,-15.43,3.12
2026-05-17 20:46:00+00:00,2.96,0.59,0.63,11.29,11.72,3.08
2026-05-17 20:47:00+00:00,2.70,1.34,0.89,26.28,16.38,3.14
2026-05-17 20:48:00+00:00,1.90,-0.08,2.15,357.44,48.52,2.86
2026-05-17 20:49:00+00:00,2.35,0.74,1.62,17.43,33.31,2.95
2026-05-17 20:50:00+00:00,2.42,0.16,1.11,3.69,24.53,2.66
2026-05-17 20:51:00+00:00,1.77,1.37,1.93,37.80,40.79,2.96
2026-05-17 20:52:00+00:00,1.18,2.30,2.26,62.96,41.12,3.43
2026-05-17 20:53:00+00:00,0.90,2.57,2.54,70.75,43.11,3.72
2026-05-17 20:54:00+00:00,1.47,1.93,2.62,52.77,47.20,3.57
2026-05-17 20:55:00+00:00,1.64,1.97,2.58,50.22,45.18,3.64
2026-05-17 20:56:00+00:00,1.37,1.74,2.95,51.67,53.13,3.69
2026-05-17 20:57:00+00:00,1.51,1.43,2.90,43.49,54.38,3.56
2026-05-17 20:58:00+00:00,1.03,0.60,3.18,30.43,69.48,3.40
2026-05-17 21:02:00+00:00,1.36,-2.06,2.14,303.35,40.95,3.27
2026-05-17 21:03:00+00:00,0.52,2.82,1.30,79.56,24.45,3.15
2026-05-17 21:04:00+00:00,1.11,2.90,1.93,69.01,31.94,3.66
2026-05-17 21:05:00+00:00,1.36,2.55,2.08,61.82,35.70,3.56
2026-05-17 21:06:00+00:00,1.44,2.59,2.06,60.92,34.73,3.61
2026-05-17 21:07:00+00:00,1.54,2.37,2.07,57.09,36.19,3.50
2026-05-17 21:08:00+00:00,1.76,2.33,1.98,52.83,34.20,3.53
2026-05-17 21:09:00+00:00,1.95,1.90,2.14,44.30,38.12,3.46
2026-05-17 21:10:00+00:00,2.47,1.41,1.90,29.80,33.73,3.42
2026-05-17 21:11:00+00:00,2.33,1.94,1.89,39.77,31.94,3.58
2026-05-17 21:12:00+00:00,2.27,2.09,1.82,42.64,30.60,3.58
2026-05-17 21:13:00+00:00,1.90,2.10,2.27,47.80,38.67,3.63
2026-05-17 21:14:00+00:00,1.77,2.13,2.47,50.33,41.70,3.71
2026-05-17 21:15:00+00:00,2.44,1.87,1.96,37.45,32.52,3.65
2026-05-17 21:16:00+00:00,1.41,2.47,2.73,60.21,43.81,3.94
2026-05-17 21:17:00+00:00,1.28,2.68,2.59,64.43,41.11,3.94
2026-05-17 21:18:00+00:00,1.39,2.15,2.92,57.08,48.68,3.88
2026-05-17 21:19:00+00:00,1.58,1.63,2.94,45.99,52.28,3.71
2026-05-17 21:20:00+00:00,0.63,2.18,3.10,73.95,53.85,3.84
2026-05-17 21:21:00+00:00,0.30,2.44,2.96,82.95,50.20,3.85
2026-05-17 21:22:00+00:00,0.42,2.64,2.93,81.00,47.68,3.97
2026-05-17 21:23:00+00:00,1.35,2.30,2.72,59.60,45.61,3.81
2026-05-17 21:24:00+00:00,1.56,1.96,2.83,51.55,48.46,3.78
2026-05-17 21:25:00+00:00,1.43,2.09,2.79,55.67,47.81,3.76
2026-05-17 21:26:00+00:00,0.79,1.94,3.07,67.85,55.68,3.72
2026-05-17 21:27:00+00:00,0.22,1.83,3.44,83.06,61.75,3.90
2026-05-17 21:28:00+00:00,0.37,1.68,3.35,77.54,62.82,3.77
2026-05-17 21:29:00+00:00,0.84,1.76,3.35,64.34,59.79,3.87
2026-05-17 21:30:00+00:00,0.92,1.87,3.22,63.71,57.08,3.84
2026-05-17 21:31:00+00:00,0.66,1.61,3.50,67.71,63.57,3.91
2026-05-17 21:32:00+00:00,0.40,1.55,3.52,75.62,65.60,3.86
2026-05-17 21:33:00+00:00,-0.14,1.82,3.27,94.37,60.88,3.74
2026-05-17 21:34:00+00:00,-0.04,1.65,2.03,91.53,50.78,2.62
2026-05-17 21:35:00+00:00,2.30,2.29,0.44,44.94,7.67,3.27
2026-05-17 21:36:00+00:00,2.51,1.86,1.33,36.57,23.13,3.40
2026-05-17 21:37:00+00:00,2.91,1.49,1.16,27.10,19.50,3.47
2026-05-17 21:38:00+00:00,2.46,1.86,1.83,37.11,30.69,3.59
2026-05-17 21:39:00+00:00,2.79,1.69,1.44,31.23,23.88,3.57
2026-05-17 21:40:00+00:00,3.41,1.03,0.87,16.84,13.67,3.66
2026-05-17 21:41:00+00:00,3.42,0.25,0.69,4.10,11.33,3.50
2026-05-17 21:42:00+00:00,3.56,0.39,-0.27,6.32,-4.36,3.59
2026-05-17 21:43:00+00:00,3.52,0.75,-0.35,12.06,-5.59,3.62
2026-05-17 21:44:00+00:00,3.43,1.24,-0.42,19.94,-6.52,3.67
2026-05-17 21:45:00+00:00,3.08,1.95,-0.38,32.42,-5.91,3.67
2026-05-17 21:46:00+00:00,3.44,1.12,-0.62,17.98,-9.69,3.67
2026-05-17 21:47:00+00:00,3.32,1.51,-0.50,24.42,-7.80,3.69
2026-05-17 21:48:00+00:00,3.05,1.38,-1.13,24.36,-18.59,3.53
2026-05-17 21:49:00+00:00,3.19,0.87,-1.53,15.29,-24.83,3.64
2026-05-17 21:50:00+00:00,2.81,1.32,0.32,25.17,5.81,3.12
2026-05-17 21:51:00+00:00,2.54,1.12,2.32,23.72,39.88,3.62
2026-05-17 21:52:00+00:00,2.39,1.64,2.16,34.57,36.75,3.62
2026-05-17 21:53:00+00:00,2.72,1.91,1.74,34.97,27.68,3.75
2026-05-17 21:54:00+00:00,2.67,1.90,1.61,35.43,26.09,3.65
2026-05-17 21:55:00+00:00,3.06,1.68,1.32,28.76,20.71,3.73
2026-05-17 21:56:00+00:00,2.52,2.34,1.22,42.92,19.58,3.65
2026-05-17 21:57:00+00:00,2.20,2.92,0.38,53.03,5.87,3.67
2026-05-17 21:58:00+00:00,2.08,2.59,1.46,51.20,23.67,3.63
2026-05-17 22:00:00+00:00,2.15,2.69,1.14,51.38,18.35,3.63
2026-05-17 22:01:00+00:00,1.88,3.20,0.69,59.62,10.61,3.77
2026-05-17 22:02:00+00:00,1.63,3.37,0.78,64.16,11.71,3.83
2026-05-17 22:03:00+00:00,2.00,2.65,1.65,52.97,26.43,3.71
2026-05-17 22:04:00+00:00,2.01,2.08,2.30,45.93,38.46,3.69
2026-05-17 22:05:00+00:00,1.44,1.43,3.04,44.73,56.27,3.65
2026-05-17 22:06:00+00:00,2.64,1.87,1.44,35.29,23.98,3.53
2026-05-17 22:07:00+00:00,2.63,2.01,1.51,37.40,24.58,3.64
2026-05-17 22:08:00+00:00,2.89,1.92,1.14,33.54,18.15,3.65
2026-05-17 22:09:00+00:00,2.61,1.34,1.16,27.28,21.60,3.16
2026-05-17 22:10:00+00:00,3.18,0.27,1.40,4.92,23.68,3.48
2026-05-17 22:11:00+00:00,2.90,0.38,1.77,7.47,31.17,3.41
2026-05-17 22:12:00+00:00,2.89,0.65,1.86,12.76,32.09,3.49
2026-05-17 22:13:00+00:00,2.43,0.00,2.35,359.91,44.01,3.38
2026-05-17 22:14:00+00:00,2.59,1.26,1.64,25.99,29.64,3.31
2026-05-17 22:15:00+00:00,3.16,0.86,1.42,15.28,23.46,3.57
2026-05-17 22:16:00+00:00,3.29,0.84,0.95,14.27,15.58,3.53
2026-05-17 22:17:00+00:00,3.34,1.11,0.68,18.32,10.89,3.59
2026-05-17 22:18:00+00:00,3.52,0.43,1.03,6.97,16.20,3.69
2026-05-17 22:19:00+00:00,3.55,0.27,0.79,4.28,12.49,3.64
2026-05-17 22:20:00+00:00,3.51,-0.60,0.65,350.38,10.40,3.62
2026-05-17 22:21:00+00:00,3.61,-0.73,0.60,348.60,9.20,3.73
2026-05-17 22:22:00+00:00,3.53,-0.91,0.84,345.56,13.05,3.74
2026-05-17 22:23:00+00:00,0.79,1.44,2.58,61.30,57.65,3.06
2026-05-17 22:24:00+00:00,-0.10,1.85,3.50,93.12,62.13,3.96
2026-05-17 22:25:00+00:00,0.53,1.85,3.29,74.06,59.71,3.81
2026-05-17 22:26:00+00:00,2.27,0.39,2.44,9.70,46.69,3.36
2026-05-17 22:27:00+00:00,1.85,2.29,2.03,51.00,34.59,3.58
2026-05-17 22:28:00+00:00,2.31,1.71,2.27,36.58,38.33,3.67
2026-05-17 22:29:00+00:00,1.30,1.77,2.86,53.85,52.44,3.60
2026-05-17 22:30:00+00:00,1.44,1.66,3.11,49.03,54.74,3.81
2026-05-17 22:31:00+00:00,2.30,0.73,2.57,17.54,46.85,3.52
2026-05-17 22:32:00+00:00,2.68,-1.08,1.15,338.07,21.73,3.11
2026-05-17 22:33:00+00:00,1.99,1.35,2.71,34.07,48.43,3.63
2026-05-17 22:34:00+00:00,3.36,-0.16,0.11,357.34,1.85,3.37
2026-05-17 22:35:00+00:00,1.58,1.16,2.42,36.26,50.88,3.11
2026-05-17 22:36:00+00:00,1.09,2.07,3.01,62.33,52.18,3.82
2026-05-17 22:37:00+00:00,1.06,1.87,3.10,60.52,55.26,3.77
2026-05-17 22:38:00+00:00,1.66,1.88,2.74,48.60,47.50,3.72
2026-05-17 22:39:00+00:00,1.73,1.36,2.88,38.31,52.64,3.63
2026-05-17 22:40:00+00:00,0.63,0.28,3.49,24.17,78.76,3.56
2026-05-17 22:41:00+00:00,-0.51,0.48,3.91,137.02,79.80,3.97
2026-05-17 22:42:00+00:00,-0.33,1.78,3.51,100.43,62.71,3.95
2026-05-17 22:43:00+00:00,-0.05,2.54,3.01,91.20,49.82,3.94
2026-05-17 22:44:00+00:00,0.94,2.92,2.50,72.05,39.16,3.95
2026-05-17 22:45:00+00:00,1.62,2.88,2.04,60.67,31.73,3.89
2026-05-17 22:46:00+00:00,1.38,3.20,1.78,66.63,27.14,3.91
2026-05-17 22:47:00+00:00,1.32,2.92,1.94,65.64,31.28,3.75
2026-05-17 22:48:00+00:00,0.81,2.97,2.45,74.78,38.44,3.94
2026-05-17 22:49:00+00:00,1.04,2.49,2.47,67.31,42.48,3.66
2026-05-17 22:50:00+00:00,1.79,2.75,1.36,56.90,22.41,3.55
2026-05-17 22:51:00+00:00,2.91,2.25,0.54,37.64,8.39,3.72
2026-05-17 22:52:00+00:00,3.55,1.39,-0.09,21.38,-1.42,3.81
2026-05-17 22:53:00+00:00,3.36,1.59,-0.86,25.30,-13.09,3.82
2026-05-17 22:54:00+00:00,2.85,2.09,-1.21,36.22,-18.94,3.74
2026-05-17 22:55:00+00:00,2.65,1.79,-2.06,34.06,-32.73,3.81
2026-05-17 22:56:00+00:00,3.06,1.51,-1.58,26.22,-24.81,3.75
2026-05-17 22:57:00+00:00,2.94,0.75,-2.14,14.28,-35.13,3.72
2026-05-17 22:58:00+00:00,3.46,0.81,-1.32,13.14,-20.40,3.79
2026-05-17 22:59:00+00:00,2.91,-0.07,-2.44,358.68,-39.95,3.80
2026-05-17 23:00:00+00:00,3.11,0.08,-2.11,1.57,-34.21,3.76
2026-05-17 23:01:00+00:00,3.39,0.42,-1.44,7.14,-22.85,3.71
2026-05-17 23:02:00+00:00,3.54,0.10,-1.25,1.57,-19.52,3.76
2026-05-17 23:03:00+00:00,3.39,-1.31,-0.91,338.85,-14.01,3.74
2026-05-17 23:04:00+00:00,3.17,-1.23,-1.19,338.75,-19.25,3.60
2026-05-17 23:05:00+00:00,3.21,0.58,-1.50,10.21,-24.79,3.59
2026-05-17 23:06:00+00:00,3.36,0.11,-1.54,1.93,-24.60,3.69
2026-05-17 23:07:00+00:00,2.23,2.34,1.29,46.42,21.75,3.48
2026-05-17 23:08:00+00:00,2.70,2.31,1.11,40.54,17.27,3.72
2026-05-17 23:09:00+00:00,2.81,1.97,1.19,35.10,19.09,3.63
2026-05-17 23:10:00+00:00,2.27,2.49,1.70,47.58,26.82,3.78
2026-05-17 23:11:00+00:00,2.32,2.62,1.01,48.52,16.17,3.65
2026-05-17 23:12:00+00:00,2.44,2.76,-0.48,48.48,-7.37,3.71
2026-05-17 23:13:00+00:00,2.35,2.75,0.13,49.47,1.98,3.62
2026-05-17 23:14:00+00:00,2.06,3.02,0.18,55.64,2.76,3.66
2026-05-17 23:15:00+00:00,2.05,3.15,0.35,56.86,5.27,3.77
2026-05-17 23:16:00+00:00,2.10,3.07,0.06,55.65,0.90,3.72
2026-05-17 23:17:00+00:00,2.61,2.57,-0.03,44.51,-0.46,3.66
2026-05-17 23:18:00+00:00,2.61,2.28,-1.20,41.19,-19.10,3.66
2026-05-17 23:19:00+00:00,2.33,2.84,-0.46,50.56,-7.10,3.70
2026-05-17 23:20:00+00:00,3.48,1.37,-0.86,21.50,-12.92,3.83
2026-05-17 23:21:00+00:00,3.51,1.51,-0.49,23.26,-7.27,3.86
2026-05-17 23:22:00+00:00,2.98,2.06,-1.08,34.63,-16.66,3.78
2026-05-17 23:23:00+00:00,3.49,1.59,-0.34,24.45,-5.13,3.85
2026-05-17 23:24:00+00:00,3.30,1.87,-0.37,29.55,-5.61,3.81
2026-05-17 23:25:00+00:00,3.31,1.97,-0.16,30.79,-2.45,3.86
2026-05-17 23:26:00+00:00,3.47,1.66,-0.01,25.60,-0.22,3.85
2026-05-17 23:27:00+00:00,3.38,1.26,-0.54,20.49,-8.47,3.65
2026-05-17 23:28:00+00:00,3.47,0.06,-0.47,0.94,-7.76,3.50
2026-05-17 23:29:00+00:00,3.50,-0.10,-0.75,358.41,-12.06,3.58
2026-05-17 23:30:00+00:00,3.53,-0.03,-0.52,359.53,-8.34,3.57
2026-05-17 23:31:00+00:00,3.56,-0.11,-0.51,358.29,-8.22,3.60
2026-05-17 23:32:00+00:00,3.55,0.50,-0.60,8.06,-9.46,3.63
2026-05-17 23:33:00+00:00,3.56,0.23,0.26,3.64,4.18,3.58
2026-05-17 23:34:00+00:00,3.48,0.58,0.01,9.41,0.18,3.53
2026-05-17 23:35:00+00:00,3.62,0.21,0.13,3.34,1.98,3.63
2026-05-17 23:36:00+00:00,3.49,0.42,0.57,6.82,9.19,3.56
2026-05-17 23:37:00+00:00,3.49,0.84,0.42,13.60,6.65,3.62
2026-05-17 23:38:00+00:00,3.47,0.66,0.48,10.68,7.67,3.57
2026-05-17 23:39:00+00:00,3.44,0.57,0.89,9.43,14.30,3.60
2026-05-17 23:40:00+00:00,3.50,0.62,0.59,10.05,9.35,3.61
2026-05-17 23:41:00+00:00,3.56,0.15,0.56,2.44,8.97,3.60
2026-05-17 23:42:00+00:00,3.58,0.13,0.50,2.15,7.87,3.62
2026-05-17 23:43:00+00:00,3.65,0.05,0.45,0.72,7.00,3.67
2026-05-17 23:44:00+00:00,3.61,0.01,0.59,0.11,9.35,3.66
2026-05-17 23:45:00+00:00,2.94,-1.64,1.34,330.83,21.62,3.63
2026-05-17 23:46:00+00:00,2.94,-1.76,1.37,329.14,21.82,3.69
2026-05-17 23:47:00+00:00,2.50,-2.31,1.49,317.22,23.56,3.72
2026-05-17 23:48:00+00:00,3.42,0.23,0.74,3.86,12.25,3.50
2026-05-17 23:49:00+00:00,3.66,0.61,0.64,9.51,9.86,3.76
2026-05-17 23:50:00+00:00,3.76,0.53,0.72,7.98,10.68,3.87
2026-05-17 23:51:00+00:00,3.03,-1.75,0.09,329.96,1.44,3.50
2026-05-17 23:52:00+00:00,2.67,-2.63,-0.29,315.39,-4.48,3.76
2026-05-17 23:53:00+00:00,2.54,-2.73,0.09,312.95,1.40,3.73
2026-05-17 23:54:00+00:00,2.63,-1.80,0.43,325.55,7.63,3.22
2026-05-17 23:55:00+00:00,3.39,0.13,1.25,2.22,20.15,3.62
2026-05-17 23:56:00+00:00,3.56,0.02,0.92,0.38,14.47,3.68
2026-05-17 23:57:00+00:00,3.48,-0.28,1.11,355.43,17.66,3.67
2026-05-17 23:58:00+00:00,3.52,-0.23,0.97,356.33,15.37,3.65
2026-05-17 23:59:00+00:00,3.44,-0.31,1.26,354.83,20.04,3.68
2026-05-18 00:00:00+00:00,3.36,-0.11,1.37,358.21,22.23,3.63
2026-05-18 00:01:00+00:00,2.77,0.26,1.80,5.34,32.80,3.32
2026-05-18 00:02:00+00:00,2.88,-0.34,2.33,353.32,38.84,3.72
2026-05-18 00:03:00+00:00,3.10,-0.24,1.93,355.49,31.81,3.65
2026-05-18 00:04:00+00:00,3.19,-2.04,-0.33,327.39,-4.98,3.80
2026-05-18 00:05:00+00:00,3.32,-1.46,0.55,336.28,8.64,3.67
2026-05-18 00:06:00+00:00,3.32,-1.36,0.89,337.71,13.90,3.70
2026-05-18 00:07:00+00:00,3.07,-2.23,0.09,323.94,1.34,3.80
2026-05-18 00:08:00+00:00,3.17,-2.09,0.43,326.58,6.44,3.82
2026-05-18 00:09:00+00:00,3.60,-1.34,0.29,339.53,4.30,3.86
2026-05-18 00:10:00+00:00,3.46,-1.16,-0.66,341.50,-10.20,3.71
2026-05-18 00:11:00+00:00,3.49,-1.26,-0.33,340.16,-5.14,3.72
2026-05-18 00:12:00+00:00,3.59,-1.08,-0.54,343.23,-8.26,3.79
2026-05-18 00:13:00+00:00,3.49,-0.23,-1.45,356.18,-22.49,3.78
2026-05-18 00:14:00+00:00,3.62,-0.31,-0.76,355.16,-11.85,3.72
2026-05-18 00:15:00+00:00,3.73,-0.42,0.02,353.58,0.34,3.76
2026-05-18 00:16:00+00:00,3.80,0.03,-0.23,0.50,-3.53,3.81
2026-05-18 00:17:00+00:00,3.79,0.38,-0.15,5.76,-2.22,3.81
2026-05-18 00:18:00+00:00,3.76,0.26,0.36,3.98,5.44,3.79
2026-05-18 00:19:00+00:00,3.75,0.03,0.35,0.50,5.27,3.77
2026-05-18 00:20:00+00:00,3.75,0.05,0.15,0.79,2.26,3.75
2026-05-18 00:21:00+00:00,3.74,-0.29,-0.18,355.50,-2.72,3.76
2026-05-18 00:22:00+00:00,3.83,-0.15,-0.20,357.75,-3.00,3.84
2026-05-18 00:23:00+00:00,3.87,0.05,-0.04,0.72,-0.55,3.87
2026-05-18 00:24:00+00:00,3.83,-0.36,0.17,354.68,2.56,3.85
2026-05-18 00:25:00+00:00,3.73,-0.57,0.07,351.30,1.07,3.77
2026-05-18 00:26:00+00:00,3.50,-0.92,0.43,345.25,6.77,3.65
2026-05-18 00:27:00+00:00,3.71,-0.28,0.37,355.72,5.68,3.74
2026-05-18 00:28:00+00:00,3.68,1.20,0.00,18.03,0.00,3.87
2026-05-18 00:29:00+00:00,3.78,0.59,-0.05,8.85,-0.70,3.83
2026-05-18 00:30:00+00:00,3.82,0.44,0.24,6.60,3.59,3.85
2026-05-18 00:31:00+00:00,3.78,0.19,0.07,2.87,1.03,3.78
2026-05-18 00:32:00+00:00,3.63,0.68,-0.03,10.65,-0.46,3.70
2026-05-18 00:33:00+00:00,3.41,0.86,0.27,14.18,4.46,3.53
2026-05-18 00:34:00+00:00,3.51,0.61,-0.35,9.89,-5.57,3.58
2026-05-18 00:35:00+00:00,3.54,0.59,-0.17,9.45,-2.79,3.59
2026-05-18 00:36:00+00:00,3.56,0.49,-0.23,7.91,-3.60,3.60
2026-05-18 00:37:00+00:00,3.50,0.34,-0.44,5.56,-7.20,3.54
2026-05-18 00:38:00+00:00,3.51,0.37,-0.60,6.05,-9.63,3.58
2026-05-18 00:39:00+00:00,3.64,0.17,0.07,2.75,1.03,3.64
2026-05-18 00:40:00+00:00,3.65,-0.16,0.09,357.53,1.37,3.65
2026-05-18 00:41:00+00:00,3.63,-0.51,0.04,351.96,0.69,3.66
2026-05-18 00:42:00+00:00,3.58,-0.61,-0.01,350.30,-0.14,3.63
2026-05-18 00:43:00+00:00,3.62,-0.34,0.00,354.66,0.06,3.64
2026-05-18 00:44:00+00:00,3.37,-0.81,-0.47,346.46,-7.77,3.50
2026-05-18 00:45:00+00:00,3.40,-0.74,-0.51,347.72,-8.41,3.52
2026-05-18 00:46:00+00:00,2.54,-2.54,0.40,315.03,6.34,3.61
2026-05-18 00:47:00+00:00,2.58,-2.49,0.54,316.00,8.63,3.62
2026-05-18 00:48:00+00:00,2.88,-2.16,0.58,323.10,9.21,3.65
2026-05-18 00:49:00+00:00,3.31,-0.81,0.64,346.24,10.57,3.47
2026-05-18 00:50:00+00:00,3.47,-1.12,0.29,342.13,4.57,3.66
2026-05-18 00:51:00+00:00,3.33,-1.32,0.67,338.31,10.64,3.64
2026-05-18 00:52:00+00:00,3.49,-1.30,0.28,339.53,4.27,3.74
2026-05-18 00:53:00+00:00,3.45,-1.40,0.00,337.95,0.06,3.72
2026-05-18 00:54:00+00:00,3.48,-0.76,-0.46,347.64,-7.32,3.59
2026-05-18 00:55:00+00:00,3.53,-1.08,0.21,343.05,3.23,3.69
2026-05-18 00:56:00+00:00,3.45,-1.20,0.49,340.86,7.62,3.69
2026-05-18 00:57:00+00:00,3.41,-1.34,0.79,338.48,12.20,3.75
2026-05-18 00:58:00+00:00,3.46,-1.47,0.56,337.01,8.42,3.80
2026-05-18 00:59:00+00:00,3.00,-2.38,-0.36,321.54,-5.32,3.84
2026-05-18 01:00:00+00:00,2.98,-2.24,-0.03,322.98,-0.51,3.73
2026-05-18 01:01:00+00:00,3.20,-1.90,0.57,329.32,8.68,3.77
2026-05-18 01:02:00+00:00,3.26,-1.87,0.45,330.20,6.91,3.78
2026-05-18 01:03:00+00:00,2.13,-3.15,0.32,304.12,4.88,3.81
2026-05-18 01:04:00+00:00,1.48,-3.82,0.07,291.13,1.02,4.10
2026-05-18 01:05:00+00:00,1.56,-3.78,0.22,292.48,3.03,4.10
2026-05-18 01:06:00+00:00,1.60,-3.76,0.27,292.99,3.83,4.10
2026-05-18 01:07:00+00:00,1.68,-3.70,0.20,294.40,2.85,4.07
2026-05-18 01:08:00+00:00,1.75,-3.61,0.00,295.79,0.05,4.01
2026-05-18 01:09:00+00:00,1.88,-3.49,0.67,298.29,9.57,4.02
2026-05-18 01:10:00+00:00,1.86,-3.58,0.60,297.37,8.50,4.08
2026-05-18 01:11:00+00:00,2.47,-2.90,-0.89,310.45,-13.17,3.92
2026-05-18 01:12:00+00:00,2.43,-2.91,-0.85,309.84,-12.61,3.89
2026-05-18 01:13:00+00:00,2.14,-3.10,-0.98,304.63,-14.65,3.89
2026-05-18 01:14:00+00:00,1.90,-3.28,-0.70,300.06,-10.50,3.85
2026-05-18 01:15:00+00:00,2.03,-3.22,0.14,302.32,2.06,3.81
2026-05-18 01:16:00+00:00,2.70,-2.58,-0.34,316.28,-5.21,3.75
2026-05-18 01:17:00+00:00,2.74,-2.51,-0.63,317.53,-9.54,3.77
2026-05-18 01:18:00+00:00,2.66,-2.66,-0.33,315.06,-5.06,3.78
2026-05-18 01:19:00+00:00,1.97,-3.45,-0.09,299.77,-1.25,3.98
2026-05-18 01:20:00+00:00,1.96,-3.53,-0.08,299.13,-1.10,4.04
2026-05-18 01:21:00+00:00,1.67,-3.71,-0.28,294.19,-3.90,4.08
2026-05-18 01:22:00+00:00,1.65,-3.63,0.48,294.40,6.92,4.02
2026-05-18 01:23:00+00:00,1.93,-3.43,0.84,299.36,12.02,4.02
2026-05-18 01:24:00+00:00,1.48,-3.76,0.63,291.49,8.90,4.09
2026-05-18 01:25:00+00:00,1.77,-3.25,1.30,298.50,19.34,3.92
2026-05-18 01:26:00+00:00,1.89,-3.17,1.33,300.80,19.79,3.92
2026-05-18 01:27:00+00:00,2.47,-2.55,1.65,313.99,24.87,3.91
2026-05-18 01:28:00+00:00,2.81,-2.51,1.05,318.16,15.55,3.91
2026-05-18 01:29:00+00:00,2.44,-2.64,1.41,312.79,21.40,3.86
2026-05-18 01:30:00+00:00,2.70,-2.76,0.84,314.40,12.19,3.95
2026-05-18 01:31:00+00:00,2.72,-2.79,0.42,314.30,6.20,3.92
2026-05-18 01:32:00+00:00,2.88,-2.66,0.08,317.29,1.10,3.93
2026-05-18 01:33:00+00:00,2.78,-2.57,0.29,317.27,4.43,3.80
2026-05-18 01:34:00+00:00,2.90,-2.42,-1.57,320.16,-22.57,4.10
2026-05-18 01:35:00+00:00,2.50,-2.26,-2.08,317.95,-31.62,3.96
2026-05-18 01:36:00+00:00,2.04,-1.60,-3.12,321.89,-50.37,4.06
2026-05-18 01:37:00+00:00,2.31,-1.50,-2.94,327.05,-46.88,4.02
2026-05-18 01:38:00+00:00,3.15,-2.37,-0.92,323.01,-13.16,4.05
2026-05-18 01:39:00+00:00,3.11,-2.49,-0.02,321.38,-0.32,3.98
2026-05-18 01:40:00+00:00,2.24,-2.85,1.86,308.12,27.09,4.08
2026-05-18 01:41:00+00:00,2.09,-3.13,1.94,303.73,27.28,4.23
2026-05-18 01:42:00+00:00,1.77,-2.79,2.62,302.40,38.42,4.21
2026-05-18 01:43:00+00:00,1.95,-2.40,2.90,309.11,43.22,4.24
2026-05-18 01:44:00+00:00,1.79,-2.13,3.19,310.09,48.97,4.23
2026-05-18 01:45:00+00:00,1.67,-1.00,3.68,329.15,62.13,4.16
2026-05-18 01:46:00+00:00,1.99,-2.04,3.24,314.42,48.63,4.31
2026-05-18 01:47:00+00:00,1.95,-1.93,3.31,315.33,50.40,4.30
2026-05-18 01:48:00+00:00,1.71,-2.12,3.29,308.84,50.37,4.27
2026-05-18 01:49:00+00:00,1.72,-1.71,3.45,315.23,54.94,4.22
2026-05-18 01:50:00+00:00,1.69,-2.29,3.07,306.34,47.11,4.19
2026-05-18 01:51:00+00:00,2.08,-1.76,3.10,319.76,48.68,4.13
2026-05-18 01:52:00+00:00,2.18,-1.15,3.31,332.17,53.31,4.12
2026-05-18 01:53:00+00:00,1.89,-1.69,3.22,318.30,51.75,4.10
2026-05-18 01:54:00+00:00,2.02,-1.25,3.39,328.31,54.94,4.14
2026-05-18 01:55:00+00:00,1.52,-2.10,3.30,305.79,51.79,4.19
2026-05-18 01:56:00+00:00,1.95,-1.69,3.16,319.09,50.80,4.08
2026-05-18 01:57:00+00:00,1.20,-1.43,3.77,309.93,63.68,4.21
2026-05-18 01:58:00+00:00,1.34,-2.35,3.19,299.68,49.68,4.18
2026-05-18 01:59:00+00:00,1.47,-1.63,3.52,312.00,58.00,4.15
2026-05-18 02:00:00+00:00,1.87,-1.37,3.29,323.80,54.81,4.02
2026-05-18 02:01:00+00:00,1.32,-1.38,3.59,313.60,61.97,4.07
2026-05-18 02:02:00+00:00,2.25,-1.52,2.93,325.97,47.12,3.99
2026-05-18 02:03:00+00:00,2.26,-1.76,2.77,322.03,44.09,3.98
2026-05-18 02:04:00+00:00,2.12,-0.78,3.21,339.92,54.89,3.93
2026-05-18 02:05:00+00:00,2.16,0.10,3.33,2.54,56.95,3.97
2026-05-18 02:06:00+00:00,2.00,-0.19,3.40,354.51,59.38,3.95
2026-05-18 02:07:00+00:00,2.13,-0.85,3.27,338.24,54.97,4.00
2026-05-18 02:08:00+00:00,2.29,-0.53,3.14,347.03,53.25,3.92
2026-05-18 02:09:00+00:00,2.39,-0.67,2.86,344.45,49.07,3.79
2026-05-18 02:10:00+00:00,2.70,0.55,2.75,11.52,44.86,3.89
2026-05-18 02:11:00+00:00,2.56,-0.92,2.25,340.23,39.63,3.53
2026-05-18 02:12:00+00:00,3.13,-1.75,1.22,330.77,18.75,3.79
2026-05-18 02:13:00+00:00,3.37,-1.04,1.34,342.79,20.85,3.78
2026-05-18 02:14:00+00:00,3.63,-0.32,0.85,354.89,13.11,3.74
2026-05-18 02:15:00+00:00,3.60,0.43,0.58,6.87,9.04,3.67
2026-05-18 02:16:00+00:00,3.45,1.32,0.35,20.93,5.40,3.71
2026-05-18 02:17:00+00:00,3.56,1.04,0.31,16.31,4.84,3.72
2026-05-18 02:18:00+00:00,3.46,0.17,0.97,2.89,15.58,3.60
2026-05-18 02:19:00+00:00,3.36,-0.28,1.19,355.23,19.43,3.57
2026-05-18 02:20:00+00:00,3.67,0.93,0.13,14.24,2.01,3.79
2026-05-18 02:21:00+00:00,3.65,0.73,-0.40,11.27,-6.12,3.74
2026-05-18 02:22:00+00:00,3.59,0.53,-0.82,8.40,-12.79,3.72
2026-05-18 02:23:00+00:00,3.46,0.90,-1.25,14.54,-19.20,3.79
2026-05-18 02:24:00+00:00,3.57,0.09,-1.14,1.38,-17.75,3.75
2026-05-18 02:25:00+00:00,3.46,-0.61,-0.70,350.00,-11.26,3.58
2026-05-18 02:26:00+00:00,2.57,-2.24,1.33,319.00,21.26,3.66
2026-05-18 02:27:00+00:00,3.20,-1.82,0.04,330.35,0.58,3.69
2026-05-18 02:28:00+00:00,3.33,-1.68,-0.68,333.29,-10.28,3.79
2026-05-18 02:29:00+00:00,3.50,-1.09,-0.87,342.65,-13.36,3.77
2026-05-18 02:30:00+00:00,2.19,-2.98,-1.41,306.34,-20.91,3.96
2026-05-18 02:31:00+00:00,3.28,-1.80,-0.63,331.21,-9.59,3.80
2026-05-18 02:32:00+00:00,3.19,-2.16,0.53,325.92,7.82,3.88
2026-05-18 02:33:00+00:00,3.71,-1.33,0.49,340.30,7.09,3.97
2026-05-18 02:34:00+00:00,3.48,-1.14,1.47,341.79,21.87,3.94
2026-05-18 02:35:00+00:00,3.00,-1.76,1.51,329.58,23.54,3.79
2026-05-18 02:36:00+00:00,2.76,-2.08,1.72,322.96,26.50,3.86
2026-05-18 02:37:00+00:00,2.94,-0.45,2.10,351.24,35.28,3.64
2026-05-18 02:38:00+00:00,2.86,-0.67,1.99,346.74,34.07,3.54
2026-05-18 02:39:00+00:00,2.75,-1.83,1.71,326.41,27.40,3.72
2026-05-18 02:40:00+00:00,3.01,-1.42,1.34,334.72,22.01,3.58
2026-05-18 02:41:00+00:00,1.72,-3.09,1.14,299.07,17.89,3.72
2026-05-18 02:42:00+00:00,1.97,-1.32,2.56,326.12,47.08,3.49
2026-05-18 02:43:00+00:00,1.93,-1.71,2.11,318.39,39.22,3.33
2026-05-18 02:44:00+00:00,1.88,-3.11,1.06,301.14,16.31,3.78
2026-05-18 02:45:00+00:00,1.77,-3.04,1.25,300.20,19.58,3.73
2026-05-18 02:46:00+00:00,1.85,-3.19,0.64,300.18,9.91,3.74
2026-05-18 02:47:00+00:00,2.05,-3.16,0.02,302.98,0.34,3.77
2026-05-18 02:48:00+00:00,2.18,-3.05,0.06,305.51,0.85,3.75
2026-05-18 02:49:00+00:00,2.18,-2.96,0.59,306.40,9.19,3.72
2026-05-18 02:50:00+00:00,1.54,-3.30,0.50,295.08,7.85,3.67
2026-05-18 02:51:00+00:00,1.43,-3.26,0.86,293.74,13.52,3.66
2026-05-18 02:52:00+00:00,1.56,-3.43,0.46,294.53,6.89,3.79
2026-05-18 02:53:00+00:00,1.63,-2.38,0.97,304.35,18.63,3.05
2026-05-18 02:54:00+00:00,2.93,0.38,0.68,7.46,12.96,3.03
2026-05-18 02:55:00+00:00,3.13,-1.42,0.81,335.56,13.24,3.53
2026-05-18 02:56:00+00:00,2.08,-2.83,0.36,306.27,5.89,3.53
2026-05-18 02:57:00+00:00,0.12,-3.96,-0.79,271.76,-11.34,4.04
2026-05-18 02:58:00+00:00,0.27,-3.94,-0.60,273.95,-8.68,4.00
2026-05-18 02:59:00+00:00,0.64,-3.72,-0.89,279.70,-13.24,3.88
2026-05-18 03:00:00+00:00,0.52,-3.89,-0.64,277.67,-9.33,3.97
2026-05-18 03:01:00+00:00,1.00,-3.55,-1.63,285.79,-23.82,4.03
2026-05-18 03:02:00+00:00,0.92,-3.73,-1.14,283.78,-16.55,4.01
2026-05-18 03:03:00+00:00,1.16,-3.76,-0.83,287.07,-11.93,4.02
2026-05-18 03:04:00+00:00,1.01,-3.89,-0.24,284.58,-3.48,4.03
2026-05-18 03:05:00+00:00,1.16,-3.75,0.04,287.19,0.62,3.93
2026-05-18 03:06:00+00:00,2.02,-3.34,-0.55,301.18,-8.08,3.94
2026-05-18 03:07:00+00:00,1.32,-3.81,0.09,289.11,1.23,4.03
2026-05-18 03:08:00+00:00,0.96,-3.82,0.70,284.08,10.13,4.00
2026-05-18 03:09:00+00:00,0.02,-3.61,2.06,270.35,29.63,4.16
2026-05-18 03:10:00+00:00,-0.30,-3.65,2.20,265.36,30.95,4.27
2026-05-18 03:11:00+00:00,0.58,-3.71,1.37,278.94,20.10,4.00
2026-05-18 03:12:00+00:00,0.81,-3.76,1.18,282.19,17.00,4.02
2026-05-18 03:13:00+00:00,0.54,-3.90,0.76,277.87,10.97,4.01
2026-05-18 03:14:00+00:00,0.71,-3.77,1.09,280.72,15.83,3.99
2026-05-18 03:15:00+00:00,0.74,-3.90,1.00,280.70,14.20,4.09
2026-05-18 03:16:00+00:00,0.45,-3.85,1.70,276.72,23.68,4.23
2026-05-18 03:17:00+00:00,0.37,-3.91,1.63,275.36,22.53,4.26
2026-05-18 03:18:00+00:00,-0.12,-4.12,1.32,268.34,17.79,4.33
2026-05-18 03:19:00+00:00,-0.32,-4.20,1.20,265.61,15.86,4.37
2026-05-18 03:20:00+00:00,0.41,-3.94,1.37,276.01,19.12,4.20
2026-05-18 03:21:00+00:00,0.37,-3.84,1.67,275.46,23.41,4.21
2026-05-18 03:22:00+00:00,0.55,-3.93,1.30,277.99,18.18,4.18
2026-05-18 03:23:00+00:00,1.18,-3.62,1.46,288.01,20.96,4.07
2026-05-18 03:24:00+00:00,1.22,-3.84,0.93,287.69,12.95,4.13
2026-05-18 03:25:00+00:00,1.25,-3.76,0.58,288.38,8.28,4.01
2026-05-18 03:26:00+00:00,0.87,-4.00,0.55,282.31,7.72,4.13
2026-05-18 03:27:00+00:00,1.73,-3.39,-1.25,297.02,-18.20,4.00
2026-05-18 03:28:00+00:00,2.11,-2.31,-2.27,312.43,-35.99,3.87
2026-05-18 03:29:00+00:00,1.40,-2.69,-2.30,297.47,-37.13,3.81
2026-05-18 03:30:00+00:00,1.28,-3.57,-1.38,289.77,-20.04,4.04
2026-05-18 03:31:00+00:00,1.81,-3.45,-0.85,297.78,-12.34,3.99
2026-05-18 03:32:00+00:00,1.40,-3.66,-0.94,290.94,-13.44,4.03
2026-05-18 03:33:00+00:00,1.56,-3.56,-0.37,293.60,-5.43,3.91
2026-05-18 03:34:00+00:00,1.58,-3.47,-0.53,294.55,-7.95,3.85
2026-05-18 03:35:00+00:00,1.53,-3.59,0.20,293.15,2.96,3.91
2026-05-18 03:36:00+00:00,1.91,-2.83,1.77,304.11,27.37,3.84
2026-05-18 03:37:00+00:00,0.83,-2.51,2.53,288.27,43.73,3.66
2026-05-18 03:38:00+00:00,1.12,-2.60,2.82,293.34,44.92,3.99
2026-05-18 03:39:00+00:00,0.40,-3.79,1.57,275.98,22.41,4.12
2026-05-18 03:40:00+00:00,0.73,-3.44,1.59,281.98,24.26,3.86
2026-05-18 03:41:00+00:00,1.08,-3.33,1.90,287.88,28.52,3.99
2026-05-18 03:42:00+00:00,0.52,-3.48,2.06,278.48,30.38,4.08
2026-05-18 03:43:00+00:00,0.73,-3.60,1.90,281.49,27.43,4.13
2026-05-18 03:44:00+00:00,0.93,-3.84,1.22,283.57,17.14,4.13
2026-05-18 03:45:00+00:00,0.95,-3.89,0.98,283.70,13.72,4.12
2026-05-18 03:46:00+00:00,1.09,-3.88,0.29,285.74,4.13,4.04
2026-05-18 03:47:00+00:00,1.00,-3.66,1.00,285.27,14.69,3.92
2026-05-18 03:48:00+00:00,0.68,-3.68,1.30,280.51,19.13,3.96
2026-05-18 03:49:00+00:00,0.60,-3.82,1.14,278.92,16.41,4.03
2026-05-18 03:50:00+00:00,1.08,-3.24,-1.04,288.41,-16.97,3.57
2026-05-18 03:51:00+00:00,0.39,-2.23,-3.45,279.91,-56.72,4.13
2026-05-18 03:52:00+00:00,0.21,-3.35,-2.37,273.64,-35.28,4.11
2026-05-18 03:53:00+00:00,0.13,-3.74,-1.82,271.92,-25.93,4.17
2026-05-18 03:54:00+00:00,-0.28,-4.07,-1.07,266.01,-14.70,4.22
2026-05-18 03:55:00+00:00,-0.15,-4.08,-1.17,267.85,-15.94,4.25
2026-05-18 03:56:00+00:00,0.21,-4.06,-1.13,272.95,-15.50,4.21
2026-05-18 03:57:00+00:00,-0.07,-3.77,-1.93,268.94,-27.15,4.23
2026-05-18 03:58:00+00:00,-0.32,-4.11,-1.19,265.61,-16.14,4.29
2026-05-18 04:00:00+00:00,-0.16,-4.12,-0.66,267.80,-9.08,4.17
2026-05-18 04:01:00+00:00,-0.26,-4.32,-0.33,266.53,-4.40,4.34
2026-05-18 04:02:00+00:00,-0.70,-4.21,-0.39,260.55,-5.29,4.28
2026-05-18 04:03:00+00:00,-0.71,-3.92,0.67,259.71,9.52,4.04
2026-05-18 04:04:00+00:00,0.59,-3.48,1.50,279.58,23.02,3.83
2026-05-18 04:05:00+00:00,1.12,-3.62,0.55,287.23,8.25,3.83
2026-05-18 04:06:00+00:00,0.09,-3.93,0.74,271.33,10.71,4.00
2026-05-18 04:07:00+00:00,0.66,-3.71,-1.52,280.14,-21.98,4.07
2026-05-18 04:08:00+00:00,0.97,-3.48,-1.87,285.49,-27.36,4.07
2026-05-18 04:09:00+00:00,0.55,-3.66,-2.05,278.61,-28.98,4.23
2026-05-18 04:10:00+00:00,0.24,-3.38,-2.11,274.14,-31.91,3.99
2026-05-18 04:11:00+00:00,-0.41,-4.03,0.12,264.13,1.64,4.06
2026-05-18 04:12:00+00:00,0.48,-2.46,-3.40,281.07,-53.61,4.22
2026-05-18 04:13:00+00:00,0.61,-2.78,-2.90,282.35,-45.58,4.06
2026-05-18 04:14:00+00:00,-0.27,-2.23,-2.96,263.14,-52.80,3.72
2026-05-18 04:15:00+00:00,1.69,-3.43,-0.02,296.28,-0.36,3.82
2026-05-18 04:16:00+00:00,1.69,-3.56,-0.58,295.35,-8.31,3.98
2026-05-18 04:17:00+00:00,2.09,-3.14,0.93,303.62,13.92,3.88
2026-05-18 04:18:00+00:00,1.34,-3.74,0.51,289.67,7.30,4.00
2026-05-18 04:19:00+00:00,1.81,-3.10,-0.20,300.30,-3.14,3.59
2026-05-18 04:20:00+00:00,2.14,-2.28,-2.25,313.18,-35.73,3.86
2026-05-18 04:21:00+00:00,2.04,-2.16,-2.27,313.43,-37.38,3.74
2026-05-18 04:22:00+00:00,1.40,-1.64,-3.45,310.45,-58.02,4.07
2026-05-18 04:23:00+00:00,1.63,-1.85,-3.17,311.40,-52.13,4.02
2026-05-18 04:24:00+00:00,1.17,-2.13,-2.95,298.80,-50.50,3.83
2026-05-18 04:25:00+00:00,0.55,-3.09,-2.74,280.05,-41.10,4.16
2026-05-18 04:26:00+00:00,1.35,-2.91,-2.28,294.94,-35.31,3.94
2026-05-18 04:27:00+00:00,1.49,-2.39,-2.82,301.97,-45.09,3.99
2026-05-18 04:28:00+00:00,1.46,-2.46,-3.01,300.65,-46.43,4.15
2026-05-18 04:29:00+00:00,0.84,-2.78,-3.08,286.92,-46.68,4.23
2026-05-18 04:30:00+00:00,0.45,-2.85,-2.93,278.95,-45.42,4.11
2026-05-18 04:31:00+00:00,0.26,-3.08,-2.86,274.86,-42.80,4.21
2026-05-18 04:32:00+00:00,1.37,-2.05,-2.81,303.83,-48.78,3.74
2026-05-18 04:33:00+00:00,1.02,-2.21,-3.18,294.69,-52.63,4.01
2026-05-18 04:34:00+00:00,1.47,-2.64,-2.56,299.20,-40.30,3.96
2026-05-18 04:35:00+00:00,1.52,-2.85,-1.84,298.10,-29.65,3.72
2026-05-18 04:36:00+00:00,1.88,-3.13,0.07,300.93,1.08,3.65
2026-05-18 04:37:00+00:00,1.96,-3.14,-0.15,301.89,-2.25,3.71
2026-05-18 04:38:00+00:00,1.60,-3.06,0.72,297.57,11.78,3.52
2026-05-18 04:39:00+00:00,1.76,-2.59,2.11,304.11,33.99,3.78
2026-05-18 04:40:00+00:00,0.35,-2.85,2.97,276.93,45.97,4.13
2026-05-18 04:41:00+00:00,0.43,-2.10,3.45,281.69,58.17,4.06
2026-05-18 04:42:00+00:00,0.21,-0.23,3.82,312.38,85.29,3.84
2026-05-18 04:43:00+00:00,0.79,-1.92,2.39,292.35,49.08,3.17
2026-05-18 04:44:00+00:00,1.67,-2.38,1.68,305.14,30.06,3.36
2026-05-18 04:45:00+00:00,2.56,-2.18,-0.57,319.51,-9.61,3.41
2026-05-18 04:46:00+00:00,2.31,-2.88,0.10,308.67,1.58,3.69
2026-05-18 04:47:00+00:00,2.37,-2.36,-0.41,315.10,-6.98,3.37
2026-05-18 04:48:00+00:00,2.21,-2.79,1.33,308.37,20.49,3.80
2026-05-18 04:49:00+00:00,2.53,-1.83,-1.13,324.15,-19.97,3.32
2026-05-18 04:50:00+00:00,2.79,-1.62,-2.03,329.93,-32.15,3.81
2026-05-18 04:51:00+00:00,2.98,-1.52,-1.67,332.93,-26.48,3.74
2026-05-18 04:52:00+00:00,2.33,-2.56,-1.41,312.23,-22.22,3.74
2026-05-18 04:53:00+00:00,1.71,-2.78,0.92,301.58,15.73,3.39
2026-05-18 04:54:00+00:00,1.47,-3.52,0.91,292.72,13.38,3.92
2026-05-18 04:55:00+00:00,1.03,-3.96,-0.35,284.53,-4.83,4.11
2026-05-18 04:56:00+00:00,0.18,-4.25,-0.58,272.42,-7.81,4.29
2026-05-18 04:57:00+00:00,0.04,-4.24,-0.51,270.55,-6.92,4.27
2026-05-18 04:58:00+00:00,-0.38,-4.28,0.35,264.96,4.71,4.32
2026-05-18 04:59:00+00:00,-0.34,-4.02,1.00,265.14,13.94,4.15
2026-05-18 05:00:00+00:00,-0.13,-3.81,1.38,268.04,19.82,4.06
2026-05-18 05:01:00+00:00,0.26,-4.07,0.53,273.61,7.46,4.12
2026-05-18 05:02:00+00:00,0.95,-3.71,0.91,284.37,13.41,3.94
2026-05-18 05:03:00+00:00,2.12,-2.86,1.12,306.51,17.54,3.73
2026-05-18 05:04:00+00:00,2.25,-2.86,0.96,308.23,14.74,3.77
2026-05-18 05:05:00+00:00,2.95,-2.01,0.99,325.67,15.45,3.70
2026-05-18 05:06:00+00:00,3.36,-1.48,1.06,336.22,16.15,3.82
2026-05-18 05:07:00+00:00,3.57,-0.36,0.89,354.25,13.97,3.69
2026-05-18 05:08:00+00:00,3.48,0.13,1.16,2.15,18.43,3.67
2026-05-18 05:09:00+00:00,3.15,-0.57,1.82,349.74,29.61,3.68
2026-05-18 05:10:00+00:00,3.47,-0.86,0.99,346.10,15.52,3.71
2026-05-18 05:11:00+00:00,3.58,-0.93,-0.62,345.46,-9.56,3.75
2026-05-18 05:12:00+00:00,3.34,-1.02,-0.99,342.98,-15.90,3.63
2026-05-18 05:13:00+00:00,3.05,-0.48,-1.38,351.11,-24.05,3.38
2026-05-18 05:14:00+00:00,3.16,-1.22,-1.49,338.93,-23.77,3.70
2026-05-18 05:15:00+00:00,3.65,-0.09,-0.80,358.61,-12.33,3.73
2026-05-18 05:16:00+00:00,3.74,0.70,-0.20,10.63,-3.08,3.81
2026-05-18 05:17:00+00:00,3.64,0.55,-0.59,8.59,-9.10,3.73
2026-05-18 05:18:00+00:00,3.06,1.92,-1.15,32.09,-17.73,3.79
2026-05-18 05:19:00+00:00,3.41,-0.12,-1.86,357.92,-28.51,3.89
2026-05-18 05:20:00+00:00,2.93,0.18,-2.49,3.59,-40.37,3.85
2026-05-18 05:21:00+00:00,3.01,0.85,-2.39,15.73,-37.38,3.93
2026-05-18 05:22:00+00:00,3.06,0.99,-1.72,17.93,-28.12,3.65
2026-05-18 05:23:00+00:00,1.81,-1.79,1.06,315.29,22.61,2.76
2026-05-18 05:24:00+00:00,0.10,-2.96,2.86,271.93,43.99,4.12
2026-05-18 05:25:00+00:00,0.60,-3.42,2.20,279.91,32.41,4.11
2026-05-18 05:26:00+00:00,0.89,-3.66,1.36,283.68,19.77,4.01
2026-05-18 05:27:00+00:00,1.17,-2.97,2.35,291.49,36.36,3.96
2026-05-18 05:28:00+00:00,0.99,-2.67,2.99,290.23,46.42,4.13
2026-05-18 05:29:00+00:00,1.11,-3.34,2.18,288.36,31.76,4.13
2026-05-18 05:30:00+00:00,1.59,-3.20,1.77,296.34,26.36,3.99
2026-05-18 05:31:00+00:00,2.24,-2.95,1.50,307.16,22.02,3.99
2026-05-18 05:32:00+00:00,2.73,-2.48,1.53,317.71,22.46,4.00
2026-05-18 05:33:00+00:00,2.82,-2.30,1.48,320.73,22.12,3.93
2026-05-18 05:34:00+00:00,2.03,-2.14,2.76,313.46,43.07,4.04
2026-05-18 05:35:00+00:00,2.17,-2.15,2.61,315.25,40.56,4.01
2026-05-18 05:36:00+00:00,2.43,-3.15,0.69,307.72,9.83,4.04
2026-05-18 05:37:00+00:00,2.07,-2.64,-0.52,308.17,-8.78,3.39
2026-05-18 05:38:00+00:00,2.35,-2.74,1.61,310.67,24.01,3.95
2026-05-18 05:39:00+00:00,1.86,-2.99,1.19,301.79,18.72,3.72
2026-05-18 05:40:00+00:00,2.71,-2.61,-0.31,316.06,-4.74,3.77
2026-05-18 05:41:00+00:00,3.29,-0.93,-2.01,344.19,-30.43,3.96
2026-05-18 05:42:00+00:00,3.09,-0.15,-2.37,357.17,-37.50,3.90
2026-05-18 05:43:00+00:00,3.30,-0.83,-2.00,345.95,-30.47,3.95
2026-05-18 05:44:00+00:00,3.68,-0.58,-1.03,351.07,-15.51,3.86
2026-05-18 05:45:00+00:00,3.54,-0.06,-0.95,359.04,-14.98,3.66
2026-05-18 05:46:00+00:00,3.53,-0.92,-0.72,345.40,-11.24,3.71
2026-05-18 05:47:00+00:00,2.24,-2.49,-0.42,312.01,-7.13,3.37
2026-05-18 05:48:00+00:00,3.11,-0.77,-1.12,346.12,-19.16,3.40
2026-05-18 05:49:00+00:00,0.10,-2.54,0.93,272.25,19.97,2.71
2026-05-18 05:50:00+00:00,-0.66,-3.62,1.83,259.69,26.41,4.11
2026-05-18 05:51:00+00:00,0.37,-3.84,-0.09,275.53,-1.40,3.86
2026-05-18 05:52:00+00:00,0.26,-3.44,2.26,274.34,33.18,4.13
2026-05-18 05:53:00+00:00,-0.55,-3.53,2.63,261.11,36.31,4.43
2026-05-18 05:54:00+00:00,-0.50,-3.73,2.48,262.36,33.41,4.50
2026-05-18 05:55:00+00:00,0.66,-3.85,1.56,279.68,21.73,4.21
2026-05-18 05:56:00+00:00,2.36,-2.86,-1.16,309.53,-17.43,3.89
2026-05-18 05:57:00+00:00,2.25,-2.43,-2.24,312.80,-34.07,4.00
2026-05-18 05:58:00+00:00,2.80,-2.11,-1.80,322.98,-27.16,3.94
2026-05-18 05:59:00+00:00,2.67,-2.37,-1.73,318.35,-25.80,3.97
2026-05-18 06:00:00+00:00,2.27,-2.90,-1.72,308.04,-25.05,4.07
2026-05-18 06:01:00+00:00,1.90,-3.35,-1.21,299.57,-17.37,4.04
2026-05-18 06:02:00+00:00,1.96,-3.14,-0.43,301.98,-6.57,3.73
2026-05-18 06:03:00+00:00,2.97,-2.53,-0.09,319.65,-1.39,3.90
2026-05-18 06:04:00+00:00,2.14,-2.56,-2.02,309.84,-31.17,3.90
2026-05-18 06:05:00+00:00,1.95,-3.32,0.47,300.40,6.97,3.88
2026-05-18 06:06:00+00:00,2.15,-3.02,-0.87,305.42,-13.22,3.81
2026-05-18 06:07:00+00:00,3.00,-2.11,1.09,324.87,16.52,3.82
2026-05-18 06:08:00+00:00,3.26,-2.06,0.41,327.74,6.08,3.87
2026-05-18 06:09:00+00:00,3.13,-2.14,-1.02,325.56,-15.06,3.92
2026-05-18 06:10:00+00:00,3.55,-1.22,-0.61,341.01,-9.17,3.80
2026-05-18 06:11:00+00:00,3.64,-0.54,-1.15,351.56,-17.38,3.86
2026-05-18 06:12:00+00:00,3.70,-0.50,-0.91,352.35,-13.73,3.85
2026-05-18 06:13:00+00:00,3.43,-1.66,-0.15,334.11,-2.23,3.81
2026-05-18 06:14:00+00:00,3.21,-2.20,-0.38,325.63,-5.64,3.91
2026-05-18 06:15:00+00:00,3.15,-2.09,-0.82,326.38,-12.24,3.87
2026-05-18 06:16:00+00:00,3.62,-1.21,-0.29,341.48,-4.32,3.83
2026-05-18 06:17:00+00:00,3.36,-1.90,0.04,330.44,0.63,3.86
2026-05-18 06:18:00+00:00,2.23,-2.80,-1.02,308.60,-15.95,3.72
2026-05-18 06:19:00+00:00,2.09,-3.20,-1.09,303.14,-15.89,3.97
2026-05-18 06:20:00+00:00,1.75,-3.39,-1.70,297.31,-24.04,4.18
2026-05-18 06:21:00+00:00,1.77,-3.14,-1.86,299.36,-27.23,4.06
2026-05-18 06:22:00+00:00,1.10,-2.96,-2.52,290.39,-38.63,4.04
2026-05-18 06:23:00+00:00,0.54,-2.47,-3.12,282.40,-50.93,4.01
2026-05-18 06:24:00+00:00,2.39,-2.57,-2.05,312.97,-30.32,4.07
2026-05-18 06:25:00+00:00,2.44,-1.88,-2.21,322.38,-35.73,3.79
2026-05-18 06:26:00+00:00,1.83,-0.79,-3.00,336.71,-56.34,3.60
2026-05-18 06:27:00+00:00,0.45,-1.47,-0.27,287.17,-9.91,1.57
2026-05-18 06:28:00+00:00,0.75,-2.50,3.31,286.63,51.75,4.21
2026-05-18 06:31:00+00:00,1.80,-3.12,2.26,300.04,32.11,4.25
2026-05-18 06:32:00+00:00,2.04,-3.01,2.02,304.14,29.06,4.16
2026-05-18 06:33:00+00:00,2.16,-3.23,0.36,303.75,5.33,3.91
2026-05-18 06:34:00+00:00,2.03,-2.51,-1.42,309.02,-23.75,3.53
2026-05-18 06:35:00+00:00,2.52,-3.11,-0.81,309.05,-11.46,4.08
2026-05-18 06:36:00+00:00,3.15,-1.98,-1.40,327.95,-20.68,3.98
2026-05-18 06:37:00+00:00,2.73,-1.58,-2.35,329.98,-36.72,3.94
2026-05-18 06:38:00+00:00,2.36,-0.48,-3.14,348.46,-52.50,3.96
2026-05-18 06:39:00+00:00,2.85,-1.28,-2.27,335.86,-35.93,3.86
2026-05-18 06:40:00+00:00,2.91,-0.12,-2.71,357.66,-42.99,3.98
2026-05-18 06:41:00+00:00,2.71,0.21,-2.99,4.35,-47.74,4.05
2026-05-18 06:42:00+00:00,2.92,-0.77,-2.46,345.25,-39.18,3.89
2026-05-18 06:43:00+00:00,2.89,-2.75,0.71,316.45,10.06,4.05
2026-05-18 06:45:00+00:00,2.71,-2.94,0.71,312.68,10.06,4.06
2026-05-18 06:46:00+00:00,2.36,-3.18,1.32,306.52,18.48,4.18
2026-05-18 06:47:00+00:00,2.28,-3.30,1.06,304.59,14.83,4.15
2026-05-18 06:48:00+00:00,2.01,-3.74,-0.20,298.25,-2.71,4.25
2026-05-18 06:49:00+00:00,2.48,-3.30,-0.05,306.97,-0.70,4.13
2026-05-18 06:50:00+00:00,2.48,-3.19,-0.38,307.91,-5.42,4.06
2026-05-18 06:51:00+00:00,2.47,-2.71,-1.63,312.35,-23.98,4.01
2026-05-18 06:52:00+00:00,2.13,-2.34,-2.50,312.38,-38.37,4.03
2026-05-18 06:53:00+00:00,2.12,-2.37,-2.40,311.74,-37.05,3.99
2026-05-18 06:54:00+00:00,2.12,-2.19,-2.46,314.06,-38.94,3.92
2026-05-18 06:55:00+00:00,0.48,-3.90,0.72,277.01,10.32,4.00
2026-05-18 06:56:00+00:00,0.82,-4.18,0.73,281.09,9.68,4.32
2026-05-18 06:57:00+00:00,0.74,-4.24,0.54,279.87,7.18,4.34
2026-05-18 06:58:00+00:00,0.88,-4.15,0.64,281.91,8.57,4.29
2026-05-18 06:59:00+00:00,0.90,-4.22,0.18,281.98,2.40,4.32
2026-05-18 07:00:00+00:00,1.89,-3.75,-0.15,296.68,-2.06,4.20
2026-05-18 07:01:00+00:00,1.52,-3.68,-1.48,292.51,-20.40,4.25
2026-05-18 07:02:00+00:00,1.35,-3.61,-1.88,290.48,-26.00,4.28
2026-05-18 07:03:00+00:00,1.07,-3.73,-1.92,286.05,-26.40,4.33
2026-05-18 07:04:00+00:00,1.41,-3.20,-2.42,293.70,-34.62,4.25
2026-05-18 07:05:00+00:00,1.28,-3.62,-1.57,289.55,-22.22,4.15
2026-05-18 07:06:00+00:00,1.33,-3.57,-1.59,290.42,-22.59,4.13
2026-05-18 07:07:00+00:00,1.33,-3.51,-0.62,290.81,-9.38,3.80
2026-05-18 07:08:00+00:00,1.42,-3.38,1.13,292.74,17.05,3.84
2026-05-18 07:09:00+00:00,2.16,-3.16,-0.34,304.39,-5.07,3.84
2026-05-18 07:10:00+00:00,2.09,-2.92,-1.52,305.63,-22.95,3.90
2026-05-18 07:11:00+00:00,1.78,-2.70,-2.23,303.39,-34.62,3.93
2026-05-18 07:12:00+00:00,1.98,-2.93,-1.64,304.06,-24.88,3.90
2026-05-18 07:13:00+00:00,1.63,-3.73,-0.93,293.58,-12.86,4.18
2026-05-18 07:14:00+00:00,1.51,-3.70,-0.92,292.20,-13.01,4.10
2026-05-18 07:15:00+00:00,0.99,-3.71,-1.59,284.93,-22.51,4.16
2026-05-18 07:16:00+00:00,2.49,-2.07,-2.22,320.24,-34.42,3.93
2026-05-18 07:17:00+00:00,2.67,-1.81,-2.10,325.92,-33.05,3.85
2026-05-18 07:18:00+00:00,2.59,-2.31,-1.91,318.30,-28.79,3.96
2026-05-18 07:19:00+00:00,2.04,-1.59,-3.37,322.01,-52.57,4.25
2026-05-18 07:20:00+00:00,2.44,-1.99,-2.72,320.74,-40.81,4.16
2026-05-18 07:21:00+00:00,2.48,-2.07,-2.47,320.10,-37.42,4.07
2026-05-18 07:22:00+00:00,1.46,-0.10,-3.64,356.05,-68.07,3.92
2026-05-18 07:23:00+00:00,2.55,-1.03,-2.67,338.05,-44.24,3.83
2026-05-18 07:24:00+00:00,1.38,-0.55,-3.79,338.35,-68.61,4.07
2026-05-18 07:25:00+00:00,1.47,-1.11,-3.54,323.03,-62.54,3.98
2026-05-18 07:26:00+00:00,2.21,-1.88,-2.37,319.57,-39.24,3.74
2026-05-18 07:27:00+00:00,2.51,-2.07,-2.38,320.52,-36.21,4.03
2026-05-18 07:28:00+00:00,2.67,-1.60,-2.38,329.07,-37.39,3.92
2026-05-18 07:29:00+00:00,2.55,-1.04,-2.83,337.78,-45.74,3.95
2026-05-18 07:30:00+00:00,2.36,-0.81,-3.02,341.05,-50.45,3.91
2026-05-18 07:31:00+00:00,2.09,-1.16,-2.85,330.96,-50.10,3.72
2026-05-18 07:32:00+00:00,1.28,-2.54,-2.89,296.72,-45.47,4.05
2026-05-18 07:33:00+00:00,0.38,-3.36,-2.42,276.43,-35.65,4.16
2026-05-18 07:34:00+00:00,0.78,-3.66,-1.87,281.98,-26.49,4.18
2026-05-18 07:35:00+00:00,0.44,-3.61,-2.12,276.97,-30.28,4.21
2026-05-18 07:36:00+00:00,0.95,-3.67,-1.66,284.49,-23.62,4.13
2026-05-18 07:37:00+00:00,2.05,-2.71,-1.84,307.09,-28.35,3.87
2026-05-18 07:38:00+00:00,1.95,-2.69,-2.18,305.87,-33.30,3.97
2026-05-18 07:39:00+00:00,1.79,-2.52,-2.49,305.42,-38.93,3.97
2026-05-18 07:40:00+00:00,2.25,-1.97,-2.60,318.86,-41.03,3.96
2026-05-18 07:41:00+00:00,2.00,-1.72,-2.89,319.35,-47.65,3.92
2026-05-18 07:42:00+00:00,1.70,-3.51,-0.92,295.86,-13.27,4.01
2026-05-18 07:43:00+00:00,1.15,-3.95,-0.57,286.29,-7.85,4.15
2026-05-18 07:44:00+00:00,1.35,-3.84,-0.47,289.40,-6.63,4.10
2026-05-18 07:45:00+00:00,1.87,-3.52,-0.50,298.01,-7.14,4.02
2026-05-18 07:46:00+00:00,2.43,-3.14,-0.27,307.73,-3.93,3.98
2026-05-18 07:47:00+00:00,2.31,-3.15,-0.42,306.28,-6.08,3.93
2026-05-18 07:48:00+00:00,2.07,-3.40,-0.19,301.30,-2.77,3.98
2026-05-18 07:49:00+00:00,1.71,-3.60,0.11,295.42,1.58,3.99
2026-05-18 07:50:00+00:00,1.63,-3.64,0.21,294.13,3.06,4.00
2026-05-18 07:51:00+00:00,0.96,-3.95,-0.03,283.71,-0.40,4.07
2026-05-18 07:52:00+00:00,0.48,-4.16,-0.32,276.61,-4.31,4.20
2026-05-18 07:53:00+00:00,0.86,-4.02,0.12,282.05,1.68,4.11
2026-05-18 07:54:00+00:00,-0.28,-4.10,-0.79,266.07,-10.90,4.18
2026-05-18 07:55:00+00:00,-0.72,-4.14,-0.71,260.08,-9.58,4.26
2026-05-18 07:56:00+00:00,1.04,-3.93,0.03,284.87,0.49,4.06
2026-05-18 07:57:00+00:00,0.71,-4.00,0.14,280.07,2.00,4.07
2026-05-18 07:58:00+00:00,1.10,-3.87,0.11,285.89,1.54,4.02
2026-05-18 07:59:00+00:00,0.41,-3.99,0.42,275.85,5.95,4.03
2026-05-18 08:00:00+00:00,1.04,-3.48,1.69,286.59,24.92,4.00
2026-05-18 08:01:00+00:00,1.01,-3.61,1.33,285.65,19.53,3.98
2026-05-18 08:02:00+00:00,0.70,-2.81,2.38,283.95,39.41,3.74
2026-05-18 08:03:00+00:00,0.38,-3.05,2.24,277.07,36.05,3.80
2026-05-18 08:04:00+00:00,0.39,-3.21,2.09,276.88,32.90,3.85
2026-05-18 08:05:00+00:00,0.78,-3.42,1.33,282.76,20.68,3.75
2026-05-18 08:06:00+00:00,0.78,-3.80,0.55,281.57,8.09,3.92
2026-05-18 08:07:00+00:00,0.62,-3.83,0.77,279.21,11.21,3.96
2026-05-18 08:08:00+00:00,0.86,-3.88,0.41,282.54,5.91,4.00
2026-05-18 08:09:00+00:00,0.53,-3.83,0.86,277.85,12.61,3.96
2026-05-18 08:10:00+00:00,-0.14,-3.90,0.97,267.99,14.01,4.02
2026-05-18 08:11:00+00:00,0.09,-3.95,0.85,271.27,12.19,4.05
2026-05-18 08:12:00+00:00,0.22,-3.96,0.48,273.18,6.88,3.99
2026-05-18 08:13:00+00:00,0.84,-3.91,-0.04,282.07,-0.57,4.00
2026-05-18 08:14:00+00:00,0.78,-3.91,-0.38,281.30,-5.39,4.00
2026-05-18 08:15:00+00:00,0.66,-3.85,-0.66,279.69,-9.61,3.96
2026-05-18 08:16:00+00:00,0.41,-3.94,-0.36,275.95,-5.18,3.98
2026-05-18 08:17:00+00:00,0.31,-3.95,-0.50,274.55,-7.17,3.99
2026-05-18 08:18:00+00:00,0.86,-3.68,-1.04,283.14,-15.39,3.92
2026-05-18 08:19:00+00:00,1.28,-3.36,-0.41,290.91,-6.46,3.62
2026-05-18 08:20:00+00:00,0.56,-3.91,-0.54,278.18,-7.77,3.98
2026-05-18 08:21:00+00:00,0.24,-4.00,-0.38,273.41,-5.39,4.02
2026-05-18 08:22:00+00:00,0.45,-3.97,-0.39,276.42,-5.56,4.01
2026-05-18 08:23:00+00:00,-0.03,-4.01,-0.97,269.52,-13.65,4.12
2026-05-18 08:24:00+00:00,0.05,-3.76,-1.69,270.72,-24.15,4.13
2026-05-18 08:25:00+00:00,-0.41,-3.67,-1.12,263.58,-16.92,3.86
2026-05-18 08:26:00+00:00,-1.51,-3.58,-0.67,247.16,-9.76,3.95
2026-05-18 08:27:00+00:00,-1.31,-3.78,-0.51,250.84,-7.23,4.03
2026-05-18 08:28:00+00:00,-1.20,-3.83,-0.30,252.57,-4.27,4.03
2026-05-18 08:29:00+00:00,-1.39,-3.78,-0.07,249.86,-0.95,4.02
2026-05-18 08:30:00+00:00,-1.00,-3.91,-0.31,255.65,-4.44,4.05
2026-05-18 08:31:00+00:00,-1.56,-3.90,-0.21,248.24,-2.87,4.21
2026-05-18 08:32:00+00:00,-1.13,-3.94,-0.56,254.03,-7.80,4.14
2026-05-18 08:33:00+00:00,-0.29,-3.66,-1.49,265.50,-22.04,3.96
2026-05-18 08:34:00+00:00,-0.86,-3.82,-1.16,257.36,-16.50,4.08
2026-05-18 08:35:00+00:00,-0.41,-3.85,-1.26,263.89,-18.08,4.07
2026-05-18 08:36:00+00:00,0.99,-3.29,-1.76,286.80,-27.13,3.86
2026-05-18 08:37:00+00:00,0.97,-3.26,-1.27,286.61,-20.49,3.63
2026-05-18 08:38:00+00:00,-0.17,-3.75,-0.46,267.34,-6.99,3.78
2026-05-18 08:39:00+00:00,1.43,-2.59,-1.46,298.89,-26.20,3.30
2026-05-18 08:40:00+00:00,2.00,1.66,-2.40,39.73,-42.71,3.53
2026-05-18 08:41:00+00:00,2.63,0.39,-2.27,8.49,-40.59,3.50
2026-05-18 08:42:00+00:00,2.74,0.86,-2.29,17.43,-38.53,3.67
2026-05-18 08:43:00+00:00,2.34,0.45,-2.68,10.76,-48.31,3.59
2026-05-18 08:45:00+00:00,2.60,1.08,-2.40,22.55,-40.47,3.69
2026-05-18 08:46:00+00:00,2.56,1.27,-2.49,26.32,-41.16,3.79
2026-05-18 08:47:00+00:00,2.30,0.52,-3.04,12.63,-52.19,3.85
2026-05-18 08:48:00+00:00,2.43,0.86,-2.70,19.59,-46.34,3.73
2026-05-18 08:49:00+00:00,2.86,1.28,-2.01,24.11,-32.74,3.72
2026-05-18 08:50:00+00:00,2.09,1.52,-2.68,36.07,-46.05,3.72
2026-05-18 08:51:00+00:00,2.14,1.86,-2.41,40.99,-40.42,3.72
2026-05-18 08:52:00+00:00,1.79,2.13,-2.55,49.89,-42.49,3.77
2026-05-18 08:53:00+00:00,2.29,2.10,-2.08,42.55,-33.89,3.74
2026-05-18 08:54:00+00:00,2.56,2.01,-1.89,38.21,-30.09,3.77
2026-05-18 08:55:00+00:00,2.71,2.27,-1.31,39.99,-20.41,3.77
2026-05-18 08:56:00+00:00,2.71,2.24,-0.81,39.52,-12.99,3.61
2026-05-18 08:57:00+00:00,2.41,2.42,-0.19,45.10,-3.12,3.42
2026-05-18 08:58:00+00:00,2.48,2.48,0.90,45.07,14.34,3.62
2026-05-18 08:59:00+00:00,3.06,1.78,-0.72,30.14,-11.53,3.62
2026-05-18 09:00:00+00:00,2.74,2.21,-0.48,38.92,-7.74,3.56
2026-05-18 09:01:00+00:00,2.40,2.29,-1.12,43.73,-18.67,3.50
2026-05-18 09:02:00+00:00,2.38,2.40,-0.95,45.19,-15.66,3.51
2026-05-18 09:03:00+00:00,2.15,2.45,-1.50,48.73,-24.73,3.58
2026-05-18 09:04:00+00:00,2.19,2.38,-1.22,47.37,-20.70,3.45
2026-05-18 09:05:00+00:00,2.28,1.99,-1.32,41.11,-23.59,3.31
2026-05-18 09:06:00+00:00,2.53,-0.17,-2.04,356.10,-38.82,3.26
2026-05-18 09:07:00+00:00,2.32,-0.21,-2.18,354.93,-43.06,3.19
2026-05-18 09:08:00+00:00,2.67,-0.58,-1.85,347.86,-34.02,3.30
2026-05-18 09:09:00+00:00,2.73,-1.71,-1.12,327.92,-19.23,3.41
2026-05-18 09:10:00+00:00,2.88,-1.23,-1.13,336.89,-19.82,3.32
2026-05-18 09:11:00+00:00,3.17,-1.50,0.01,334.69,0.09,3.51
2026-05-18 09:12:00+00:00,3.18,-1.47,-0.03,335.21,-0.49,3.50
2026-05-18 09:16:00+00:00,1.00,-2.62,-0.76,290.83,-15.25,2.90
2026-05-18 09:17:00+00:00,0.32,-3.63,0.37,275.06,5.77,3.67
2026-05-18 09:18:00+00:00,-0.06,-3.66,0.86,269.10,13.20,3.76
2026-05-18 09:19:00+00:00,-0.40,-3.81,0.75,264.08,11.09,3.91
2026-05-18 09:20:00+00:00,-0.61,-3.76,0.90,260.77,13.35,3.91
2026-05-18 09:21:00+00:00,-0.80,-3.65,1.21,257.60,17.91,3.93
2026-05-18 09:22:00+00:00,-0.49,-3.57,1.37,262.14,20.82,3.86
2026-05-18 09:23:00+00:00,-0.09,-3.78,1.19,268.66,17.43,3.97
2026-05-18 09:24:00+00:00,0.31,-3.65,1.43,274.90,21.38,3.93
2026-05-18 09:25:00+00:00,0.36,-3.51,1.56,275.80,23.83,3.86
2026-05-18 09:26:00+00:00,0.67,-3.33,1.45,281.41,23.14,3.70
2026-05-18 09:27:00+00:00,0.91,-3.32,1.21,285.39,19.37,3.65
2026-05-18 09:28:00+00:00,0.95,-3.40,0.81,285.56,12.88,3.62
2026-05-18 09:29:00+00:00,1.19,-3.36,0.29,289.45,4.62,3.57
2026-05-18 09:30:00+00:00,1.32,-3.51,-0.10,290.57,-1.60,3.75
2026-05-18 09:31:00+00:00,1.51,-3.49,-0.58,293.45,-8.64,3.85
2026-05-18 09:32:00+00:00,1.60,-3.24,-1.25,296.18,-19.12,3.83
2026-05-18 09:33:00+00:00,1.06,-3.48,-0.81,286.93,-12.53,3.72
2026-05-18 09:34:00+00:00,0.93,-3.52,-1.06,284.75,-16.24,3.80
2026-05-18 09:35:00+00:00,0.98,-3.41,-1.27,286.03,-19.69,3.77
2026-05-18 09:36:00+00:00,1.35,-1.30,2.62,315.98,54.36,3.22
2026-05-18 09:37:00+00:00,1.23,-0.71,3.22,330.15,66.23,3.52
2026-05-18 09:38:00+00:00,0.82,-1.28,3.16,302.53,64.35,3.51
2026-05-18 09:39:00+00:00,-0.15,-3.77,-0.17,267.65,-2.53,3.78
2026-05-18 09:40:00+00:00,-0.12,-3.04,-0.09,267.66,-1.66,3.04
2026-05-18 09:41:00+00:00,1.30,-2.64,2.03,296.14,34.64,3.58
2026-05-18 09:42:00+00:00,1.40,-2.84,1.60,296.18,26.78,3.55
2026-05-18 09:45:00+00:00,1.23,0.99,2.89,38.85,61.30,3.29
2026-05-18 09:46:00+00:00,1.28,1.98,2.90,57.16,50.98,3.74
2026-05-18 09:47:00+00:00,1.47,1.56,2.77,46.63,52.33,3.50
2026-05-18 09:48:00+00:00,2.13,-0.03,2.64,359.27,51.15,3.40
2026-05-18 09:49:00+00:00,1.55,-0.12,3.05,355.64,63.01,3.42
2026-05-18 09:50:00+00:00,0.09,2.17,2.47,87.69,48.62,3.29
2026-05-18 09:51:00+00:00,0.68,2.91,2.42,76.85,39.04,3.84
2026-05-18 09:52:00+00:00,0.74,2.65,2.63,74.45,43.73,3.80
2026-05-18 09:53:00+00:00,0.43,2.04,3.04,78.02,55.52,3.68
2026-05-18 09:54:00+00:00,0.72,1.99,3.10,70.06,55.72,3.76
2026-05-18 09:55:00+00:00,1.10,1.13,3.26,45.68,64.25,3.62
2026-05-18 09:56:00+00:00,0.85,1.18,3.06,54.47,64.58,3.39
2026-05-18 09:57:00+00:00,0.62,0.76,3.64,50.58,74.93,3.77
2026-05-18 09:58:00+00:00,0.64,1.09,3.51,59.58,70.15,3.74
2026-05-18 10:00:00+00:00,1.16,1.53,2.32,52.83,50.42,3.01
2026-05-18 10:03:00+00:00,1.54,0.00,2.94,359.96,62.42,3.32
2026-05-18 10:04:00+00:00,2.30,-0.55,1.72,346.50,35.96,2.92
2026-05-18 10:05:00+00:00,2.12,-1.74,1.06,320.63,21.14,2.94
2026-05-18 10:06:00+00:00,1.45,-2.68,-0.61,298.48,-11.40,3.11
2026-05-18 10:07:00+00:00,0.62,-2.59,0.35,283.40,7.57,2.68
2026-05-18 10:08:00+00:00,0.47,-2.36,2.15,281.16,41.80,3.22
2026-05-18 10:09:00+00:00,0.94,-3.11,0.53,286.84,9.22,3.29
2026-05-18 10:10:00+00:00,-0.01,-3.01,-0.50,269.87,-9.36,3.05
2026-05-18 10:11:00+00:00,-1.37,-2.96,-1.53,245.11,-25.14,3.60
2026-05-18 10:12:00+00:00,-1.24,-2.73,-1.12,245.66,-20.53,3.20
2026-05-18 10:13:00+00:00,0.67,-3.21,-0.31,281.72,-5.32,3.29
2026-05-18 10:14:00+00:00,-0.06,-3.30,-0.91,268.91,-15.36,3.43
2026-05-18 10:15:00+00:00,-0.03,-3.23,-1.57,269.53,-25.87,3.59
2026-05-18 10:16:00+00:00,-0.33,-2.85,-2.12,263.47,-36.42,3.57
2026-05-18 10:17:00+00:00,0.36,-2.90,-2.26,277.11,-37.73,3.69
2026-05-18 10:18:00+00:00,1.01,-2.34,-2.51,293.34,-44.57,3.57
2026-05-18 10:19:00+00:00,-1.25,-2.58,0.88,244.20,17.01,2.99
2026-05-18 10:20:00+00:00,-2.42,-3.41,0.65,234.58,8.88,4.23
2026-05-18 10:21:00+00:00,-2.93,-2.59,-1.01,221.43,-14.45,4.04
2026-05-18 10:22:00+00:00,-2.76,-3.04,-0.97,227.76,-13.32,4.22
2026-05-18 10:23:00+00:00,-2.45,-3.19,-1.02,232.51,-14.19,4.15
2026-05-18 10:24:00+00:00,-1.07,-2.54,0.25,247.28,5.18,2.77
2026-05-18 10:25:00+00:00,-0.76,-3.54,1.41,257.89,21.26,3.88
2026-05-18 10:26:00+00:00,-1.16,-3.88,0.45,253.43,6.33,4.08
2026-05-18 10:27:00+00:00,-1.37,-3.62,-1.39,249.32,-19.76,4.11
2026-05-18 10:30:00+00:00,-1.07,-3.62,-2.04,253.54,-28.39,4.29
2026-05-18 10:31:00+00:00,-1.17,-3.38,-2.32,250.85,-33.00,4.27
2026-05-18 10:32:00+00:00,-1.09,-3.26,-2.59,251.54,-37.01,4.31
2026-05-18 10:33:00+00:00,-0.95,-2.27,-3.28,247.32,-53.13,4.10
2026-05-18 10:34:00+00:00,-0.76,-2.54,-3.20,253.47,-50.31,4.16
2026-05-18 10:35:00+00:00,-0.36,-2.76,-3.05,262.51,-47.62,4.13
2026-05-18 10:36:00+00:00,-0.68,-2.84,-2.89,256.53,-44.69,4.11
2026-05-18 10:37:00+00:00,0.37,-3.41,-1.02,276.14,-16.52,3.58
2026-05-18 10:38:00+00:00,0.01,-3.53,-1.82,270.18,-27.23,3.97
2026-05-18 10:39:00+00:00,-0.15,-3.31,-2.28,267.38,-34.56,4.02
2026-05-18 10:40:00+00:00,0.86,-3.08,-1.85,285.53,-30.03,3.70
2026-05-18 10:41:00+00:00,0.09,-2.80,-2.71,271.79,-44.11,3.90
2026-05-18 10:42:00+00:00,-0.33,-2.50,-3.41,262.50,-53.49,4.24
2026-05-18 10:43:00+00:00,0.39,-2.41,-3.40,279.21,-54.26,4.18
2026-05-18 10:44:00+00:00,0.45,-2.27,-3.64,281.22,-57.50,4.31
2026-05-18 10:45:00+00:00,0.37,-2.43,-3.48,278.74,-54.74,4.27
2026-05-18 10:46:00+00:00,0.53,-2.20,-3.54,283.54,-57.45,4.21
2026-05-18 10:47:00+00:00,0.40,-2.45,-3.39,279.30,-53.72,4.20
2026-05-18 10:48:00+00:00,0.58,-2.04,-3.69,285.88,-60.13,4.25
2026-05-18 10:49:00+00:00,0.47,-1.54,-3.97,287.09,-67.95,4.28
2026-05-18 10:50:00+00:00,0.01,-0.89,-4.24,270.38,-78.17,4.34
2026-05-18 10:51:00+00:00,0.37,-1.98,-3.61,280.57,-60.85,4.14
2026-05-18 10:52:00+00:00,0.44,-2.22,-3.45,281.30,-56.72,4.13
2026-05-18 10:53:00+00:00,-0.22,-3.31,-2.61,266.17,-38.12,4.22
2026-05-18 10:54:00+00:00,-0.75,-3.78,-1.92,258.79,-26.49,4.30
2026-05-18 10:55:00+00:00,-0.35,-3.88,-1.54,264.88,-21.60,4.19
2026-05-18 10:56:00+00:00,-0.34,-4.04,-0.86,265.16,-11.96,4.14
2026-05-18 10:57:00+00:00,-0.60,-4.20,0.03,261.88,0.41,4.24
2026-05-18 10:58:00+00:00,0.13,-3.46,-2.14,272.18,-31.77,4.07
2026-05-18 10:59:00+00:00,-0.04,-3.70,-1.39,269.42,-20.58,3.95
2026-05-18 11:00:00+00:00,-0.49,-3.61,-1.54,262.27,-22.86,3.96
2026-05-18 11:01:00+00:00,0.32,-3.37,-2.02,275.46,-30.75,3.94
2026-05-18 11:02:00+00:00,-1.24,-3.19,0.65,248.71,10.83,3.48
2026-05-18 11:03:00+00:00,-1.97,-3.18,2.23,238.27,30.80,4.36
2026-05-18 11:04:00+00:00,-2.07,-3.20,2.34,237.15,31.54,4.47
2026-05-18 11:05:00+00:00,-2.23,-2.79,2.71,231.43,37.18,4.49
2026-05-18 11:06:00+00:00,-2.45,-2.23,2.92,222.32,41.39,4.42
2026-05-18 11:07:00+00:00,-2.62,-2.70,2.29,225.83,31.37,4.40
2026-05-18 11:08:00+00:00,-2.18,-3.12,2.11,235.06,28.99,4.36
2026-05-18 11:09:00+00:00,-1.66,-3.57,2.01,245.15,27.09,4.42
2026-05-18 11:10:00+00:00,-3.63,-2.21,2.01,211.31,25.27,4.70
2026-05-18 11:11:00+00:00,-3.39,-2.76,1.99,219.18,24.47,4.80
2026-05-18 11:14:00+00:00,-3.98,-1.78,2.12,204.10,25.97,4.84
2026-05-18 11:15:00+00:00,-3.85,-2.39,1.81,211.84,21.75,4.87
2026-05-18 11:16:00+00:00,-3.40,-3.07,1.58,222.09,18.97,4.85
2026-05-18 11:17:00+00:00,-3.29,-3.08,1.43,223.14,17.56,4.73
2026-05-18 11:18:00+00:00,-3.00,-3.20,1.26,226.85,16.04,4.56
2026-05-18 11:19:00+00:00,-2.98,-3.50,0.92,229.59,11.33,4.69
2026-05-18 11:20:00+00:00,-2.65,-3.74,1.04,234.69,12.74,4.70
2026-05-18 11:21:00+00:00,-2.85,-3.81,0.55,233.23,6.54,4.79
2026-05-18 11:22:00+00:00,-3.10,-3.78,0.34,230.65,3.97,4.89
2026-05-18 11:23:00+00:00,-3.01,-3.77,0.28,231.34,3.27,4.83
2026-05-18 11:24:00+00:00,-3.08,-3.69,0.22,230.13,2.66,4.81
2026-05-18 11:25:00+00:00,-3.45,-3.48,-0.24,225.24,-2.81,4.90
2026-05-18 11:26:00+00:00,-3.79,-3.11,-0.51,219.32,-5.92,4.93
2026-05-18 11:27:00+00:00,-3.92,-2.92,-0.47,216.65,-5.50,4.91
2026-05-18 11:28:00+00:00,1.20,-2.79,1.71,293.32,29.32,3.49
2026-05-18 11:29:00+00:00,1.88,-2.48,1.93,307.19,31.77,3.66
2026-05-18 11:30:00+00:00,1.76,-3.06,1.21,299.90,18.85,3.73
2026-05-18 11:31:00+00:00,1.17,-3.45,1.09,288.80,16.64,3.80
2026-05-18 11:32:00+00:00,1.29,-3.18,1.58,292.13,24.67,3.78
2026-05-18 11:33:00+00:00,1.45,-2.37,2.40,301.41,40.86,3.67
2026-05-18 11:34:00+00:00,0.87,-3.89,0.59,282.59,8.38,4.02
2026-05-18 11:35:00+00:00,1.57,-3.43,0.78,294.54,11.64,3.85
2026-05-18 11:36:00+00:00,0.60,-3.72,-0.75,279.15,-11.25,3.84
2026-05-18 11:37:00+00:00,0.04,-3.83,-1.05,270.56,-15.36,3.97
2026-05-18 11:38:00+00:00,-0.05,-3.95,-0.97,269.30,-13.85,4.07
2026-05-18 11:39:00+00:00,0.77,-3.88,-0.70,281.29,-10.01,4.01
2026-05-18 11:40:00+00:00,-0.69,-3.37,-0.46,258.46,-7.68,3.47
2026-05-18 11:41:00+00:00,-1.81,-3.98,-0.13,245.56,-1.70,4.38
2026-05-18 11:44:00+00:00,-1.16,-3.91,-0.80,253.53,-11.03,4.16
2026-05-18 11:45:00+00:00,-1.64,-4.14,-0.59,248.45,-7.54,4.49
2026-05-18 11:46:00+00:00,-1.54,-4.21,-0.34,249.90,-4.31,4.49
2026-05-18 11:47:00+00:00,-1.66,-4.13,-1.22,248.16,-15.32,4.61
2026-05-18 11:48:00+00:00,-1.64,-3.83,-2.40,246.87,-29.98,4.81
2026-05-18 11:49:00+00:00,-1.71,-3.32,-3.07,242.71,-39.35,4.83
2026-05-18 11:50:00+00:00,-1.87,-1.89,-4.05,225.28,-56.78,4.84
2026-05-18 11:51:00+00:00,0.03,-3.19,-2.47,270.47,-37.72,4.04
2026-05-18 11:52:00+00:00,-1.19,-2.55,-2.24,245.04,-38.51,3.60
2026-05-18 11:53:00+00:00,-2.34,-3.45,-2.47,235.89,-30.64,4.85
2026-05-18 11:54:00+00:00,0.85,-3.88,-1.93,282.39,-25.85,4.42
2026-05-18 11:55:00+00:00,0.71,-3.58,-2.92,281.23,-38.70,4.67
2026-05-18 11:56:00+00:00,-0.81,-3.86,-2.52,258.10,-32.63,4.68
2026-05-18 11:57:00+00:00,-1.71,-2.23,-4.05,232.56,-55.25,4.93
2026-05-18 11:58:00+00:00,-1.59,-2.06,-4.35,232.29,-59.14,5.07
2026-05-18 11:59:00+00:00,-1.57,-1.80,-4.50,228.93,-62.06,5.10
2026-05-18 12:00:00+00:00,-0.64,-3.64,-0.45,259.98,-6.97,3.72
2026-05-18 12:01:00+00:00,-0.33,-3.73,2.40,264.98,32.66,4.45
2026-05-18 12:02:00+00:00,-0.37,-3.79,2.15,264.37,29.46,4.37
2026-05-18 12:03:00+00:00,-0.46,-4.13,1.39,263.59,18.54,4.38
2026-05-18 12:04:00+00:00,-0.98,-4.15,1.23,256.69,16.14,4.44
2026-05-18 12:05:00+00:00,-1.95,-1.98,-3.28,225.47,-49.70,4.30
2026-05-18 12:06:00+00:00,-0.85,-4.17,-1.31,258.49,-17.16,4.45
2026-05-18 12:07:00+00:00,-1.29,-4.23,-0.11,253.05,-1.42,4.42
2026-05-18 12:08:00+00:00,-0.40,-3.71,-2.81,263.86,-37.04,4.67
2026-05-18 12:09:00+00:00,-0.90,-4.13,-2.41,257.68,-29.69,4.87
2026-05-18 12:11:00+00:00,-0.94,-4.00,-2.79,256.82,-34.18,4.96
2026-05-18 12:12:00+00:00,-0.91,-3.88,-3.18,256.77,-38.56,5.10
2026-05-18 12:13:00+00:00,-1.06,-3.86,-3.07,254.64,-37.43,5.05
2026-05-18 12:14:00+00:00,0.20,-1.65,-4.35,277.02,-69.08,4.66
2026-05-18 12:15:00+00:00,-0.60,-2.23,-4.26,254.92,-61.55,4.84
2026-05-18 12:16:00+00:00,-0.42,-1.53,-4.42,254.81,-70.23,4.70
2026-05-18 12:17:00+00:00,-0.03,-1.46,-4.46,269.01,-71.92,4.69
2026-05-18 12:18:00+00:00,-0.53,-1.67,-4.39,252.50,-68.29,4.72
2026-05-18 12:19:00+00:00,-1.12,-1.86,-4.45,239.11,-63.97,4.95
2026-05-18 12:20:00+00:00,-1.34,-2.04,-4.29,236.60,-60.39,4.93
2026-05-18 12:21:00+00:00,-1.22,-2.18,-4.18,240.78,-59.07,4.87
2026-05-18 12:22:00+00:00,-1.21,-1.40,-4.52,229.01,-67.73,4.88
2026-05-18 12:23:00+00:00,-0.98,-1.46,-4.54,236.13,-68.84,4.87
2026-05-18 12:24:00+00:00,-1.46,-0.95,-4.50,213.06,-68.81,4.82
2026-05-18 12:25:00+00:00,-1.76,-0.69,-4.49,201.47,-67.19,4.87
2026-05-18 12:26:00+00:00,-1.89,-1.69,-4.20,221.85,-58.91,4.91
2026-05-18 12:27:00+00:00,-2.14,-1.68,-4.23,218.07,-57.30,5.03
2026-05-18 12:28:00+00:00,-2.03,-1.76,-4.24,221.01,-57.65,5.02
2026-05-18 12:29:00+00:00,-2.69,-1.26,-4.14,205.09,-54.39,5.09
2026-05-18 12:30:00+00:00,-2.85,-0.97,-4.09,198.69,-53.65,5.08
2026-05-18 12:31:00+00:00,-2.72,-1.22,-3.95,204.21,-52.97,4.95
2026-05-18 12:32:00+00:00,-2.22,-2.22,-3.88,225.01,-51.00,5.00
2026-05-18 12:33:00+00:00,-2.35,-2.19,-3.92,222.99,-50.74,5.07
2026-05-18 12:34:00+00:00,-2.41,-2.91,-2.17,230.47,-29.89,4.36
2026-05-18 12:35:00+00:00,-1.42,-1.65,-3.48,229.29,-57.97,4.11
2026-05-18 12:36:00+00:00,-1.42,-1.49,-3.10,226.34,-56.47,3.72
2026-05-18 12:37:00+00:00,-1.37,-4.31,-0.04,252.39,-0.49,4.52
2026-05-18 12:38:00+00:00,-1.41,-3.62,-2.27,248.75,-30.34,4.50
2026-05-18 12:39:00+00:00,-1.98,-2.17,-3.33,227.62,-48.50,4.44
2026-05-18 12:40:00+00:00,-1.34,-2.21,-2.78,238.80,-47.09,3.80
2026-05-18 12:41:00+00:00,-0.42,-4.02,-2.31,264.00,-29.71,4.65
2026-05-18 12:42:00+00:00,-1.20,-3.41,-3.01,250.64,-39.78,4.70
2026-05-18 12:43:00+00:00,-1.54,-3.24,-3.12,244.54,-41.00,4.76
2026-05-18 12:44:00+00:00,-1.11,-3.99,-1.89,254.43,-24.57,4.56
2026-05-18 12:45:00+00:00,-2.56,-2.50,-3.14,224.23,-41.27,4.76
2026-05-18 12:46:00+00:00,-1.02,-3.78,-2.25,254.90,-29.85,4.52
2026-05-18 12:47:00+00:00,-0.68,-3.89,-2.49,260.04,-32.25,4.67
2026-05-18 12:48:00+00:00,-1.26,-3.96,-2.29,252.40,-28.92,4.75
2026-05-18 12:49:00+00:00,-2.13,-3.42,-2.49,238.04,-31.73,4.74
2026-05-18 12:50:00+00:00,-2.43,-2.82,-2.54,229.25,-34.34,4.51
2026-05-18 12:51:00+00:00,-1.55,-1.23,-4.25,218.33,-65.00,4.69
2026-05-18 12:52:00+00:00,-1.21,-1.76,-4.17,235.50,-62.89,4.68
2026-05-18 12:53:00+00:00,-1.38,-1.70,-4.19,231.05,-62.38,4.72
2026-05-18 12:54:00+00:00,-1.75,-3.40,-2.18,242.80,-29.61,4.40
2026-05-18 12:55:00+00:00,-1.67,-3.60,-2.05,245.10,-27.30,4.46
2026-05-18 12:56:00+00:00,-0.87,-4.32,-0.21,258.63,-2.76,4.41
2026-05-18 12:57:00+00:00,-0.70,-4.29,-0.74,260.77,-9.62,4.41
2026-05-18 12:58:00+00:00,-1.61,-3.39,-2.15,244.55,-29.79,4.33
2026-05-18 12:59:00+00:00,-1.56,-1.96,-4.12,231.48,-58.67,4.82
2026-05-18 13:00:00+00:00,-1.60,-1.97,-4.13,230.86,-58.47,4.85
2026-05-18 13:01:00+00:00,-1.39,-1.82,-4.20,232.62,-61.43,4.79
2026-05-18 13:02:00+00:00,-1.76,-2.58,-3.73,235.77,-50.04,4.86
2026-05-18 13:03:00+00:00,-1.69,-2.61,-3.14,237.03,-45.29,4.42
2026-05-18 13:04:00+00:00,-1.38,-3.00,-2.96,245.26,-41.89,4.44
2026-05-18 13:05:00+00:00,-1.71,-3.00,-2.60,240.36,-37.02,4.32
2026-05-18 13:06:00+00:00,-1.75,-3.60,-2.66,244.13,-33.61,4.81
2026-05-18 13:07:00+00:00,-1.86,-2.73,-3.63,235.76,-47.73,4.91
2026-05-18 13:08:00+00:00,-2.22,-2.57,-3.66,229.10,-47.12,4.99
2026-05-18 13:09:00+00:00,-2.51,-2.37,-3.70,223.38,-46.96,5.06
2026-05-18 13:10:00+00:00,-2.23,-2.56,-3.65,228.88,-47.10,4.99
2026-05-18 13:11:00+00:00,-2.90,-2.50,-3.16,220.73,-39.47,4.96
2026-05-18 13:12:00+00:00,-1.82,-2.23,-4.01,230.76,-54.30,4.94
2026-05-18 13:13:00+00:00,-2.31,-1.97,-3.93,220.44,-52.30,4.96
2026-05-18 13:16:00+00:00,-3.00,-3.27,-1.99,227.52,-24.16,4.87
2026-05-18 13:17:00+00:00,-3.16,-2.10,-3.07,213.63,-38.98,4.89
2026-05-18 13:18:00+00:00,-3.32,-1.54,-3.49,204.85,-43.65,5.05
2026-05-18 13:19:00+00:00,-3.26,-0.79,-3.57,193.66,-46.78,4.90
2026-05-18 13:20:00+00:00,-2.41,-2.13,-3.33,221.56,-46.00,4.63
2026-05-18 13:21:00+00:00,0.88,-3.44,-2.24,284.34,-32.25,4.20
2026-05-18 13:22:00+00:00,1.85,-3.08,-1.27,300.93,-19.52,3.81
2026-05-18 13:23:00+00:00,3.22,-2.05,0.39,327.59,5.90,3.84
2026-05-18 13:24:00+00:00,3.28,-1.82,0.92,330.92,13.75,3.86
2026-05-18 13:25:00+00:00,3.23,-1.47,1.32,335.59,20.45,3.79
2026-05-18 13:26:00+00:00,3.15,-1.65,1.38,332.38,21.21,3.81
2026-05-18 13:27:00+00:00,3.23,-1.56,1.37,334.25,20.93,3.84
2026-05-18 13:28:00+00:00,3.09,-1.60,1.57,332.69,24.34,3.82
2026-05-18 13:29:00+00:00,3.05,-0.89,1.85,343.69,30.16,3.68
2026-05-18 13:30:00+00:00,2.91,-0.27,2.27,354.61,37.83,3.70
2026-05-18 13:31:00+00:00,2.77,0.18,2.33,3.76,40.02,3.63
2026-05-18 13:32:00+00:00,3.02,-0.28,2.02,354.72,33.62,3.65
2026-05-18 13:33:00+00:00,3.14,-0.68,1.76,347.87,28.76,3.66
2026-05-18 13:34:00+00:00,3.13,-0.95,1.64,343.13,26.60,3.66
2026-05-18 13:35:00+00:00,2.88,-2.14,-0.04,323.47,-0.61,3.59
2026-05-18 13:36:00+00:00,2.44,-2.58,-1.11,313.34,-17.40,3.72
2026-05-18 13:37:00+00:00,1.54,-3.14,-1.88,296.09,-28.27,3.97
2026-05-18 13:38:00+00:00,0.31,-2.92,-2.83,276.12,-44.02,4.08
2026-05-18 13:39:00+00:00,-0.39,-3.31,-2.55,263.25,-37.39,4.20
2026-05-18 13:40:00+00:00,2.00,-2.56,-1.07,307.93,-18.25,3.42
2026-05-18 13:41:00+00:00,3.07,-0.81,0.86,345.19,15.05,3.29
2026-05-18 13:42:00+00:00,3.03,0.84,1.22,15.49,21.18,3.37
2026-05-18 13:43:00+00:00,2.60,1.48,1.49,29.67,26.55,3.34
2026-05-18 13:47:00+00:00,2.74,-2.50,-0.84,317.61,-12.73,3.80
2026-05-18 13:48:00+00:00,1.99,-2.94,-1.42,304.13,-21.81,3.82
2026-05-18 13:49:00+00:00,0.40,-2.98,-2.70,277.61,-41.97,4.04
2026-05-18 13:50:00+00:00,-0.08,-3.54,-2.03,268.68,-29.83,4.08
2026-05-18 13:51:00+00:00,1.69,-3.15,-1.40,298.26,-21.34,3.84
2026-05-18 13:52:00+00:00,2.00,-2.96,0.13,304.11,2.13,3.57
2026-05-18 13:53:00+00:00,1.21,-3.46,-1.63,289.21,-23.94,4.01
2026-05-18 13:54:00+00:00,1.53,-3.08,-1.98,296.39,-29.93,3.97
2026-05-18 13:55:00+00:00,1.21,-3.03,-2.16,291.73,-33.42,3.91
2026-05-18 13:56:00+00:00,0.71,-3.37,-1.17,281.97,-18.82,3.64
2026-05-18 13:57:00+00:00,1.73,-2.81,-1.42,301.55,-23.32,3.60
2026-05-18 13:58:00+00:00,2.07,-2.74,-0.50,307.09,-8.35,3.48
2026-05-18 13:59:00+00:00,1.61,-3.44,-0.11,295.16,-1.73,3.80
2026-05-18 14:00:00+00:00,1.07,-3.42,0.21,287.33,3.30,3.58
2026-05-18 14:01:00+00:00,0.77,-3.81,0.12,281.45,1.83,3.88
2026-05-18 14:02:00+00:00,0.83,-3.68,0.32,282.70,4.83,3.79
2026-05-18 14:03:00+00:00,1.07,-3.59,0.33,286.53,5.09,3.76
2026-05-18 14:04:00+00:00,0.67,-3.60,-0.99,280.48,-15.20,3.79
2026-05-18 14:05:00+00:00,-0.83,-3.65,-1.74,257.17,-24.98,4.13
2026-05-18 14:06:00+00:00,0.14,-3.13,-0.99,272.62,-17.53,3.29
2026-05-18 14:07:00+00:00,2.93,-1.51,0.87,332.80,14.75,3.41
2026-05-18 14:08:00+00:00,2.65,-1.40,1.38,332.12,24.70,3.30
2026-05-18 14:09:00+00:00,1.46,-3.19,0.02,294.66,0.25,3.51
2026-05-18 14:10:00+00:00,1.55,-3.46,-0.39,294.15,-5.86,3.81
2026-05-18 14:11:00+00:00,2.04,-3.12,0.27,303.18,4.13,3.73
2026-05-18 14:12:00+00:00,2.18,-3.01,0.23,306.00,3.51,3.72
2026-05-18 14:13:00+00:00,2.36,-2.83,0.15,309.85,2.29,3.69
2026-05-18 14:14:00+00:00,2.45,-2.63,0.55,312.88,8.67,3.64
2026-05-18 14:15:00+00:00,2.45,-2.70,0.55,312.19,8.51,3.69
2026-05-18 14:16:00+00:00,2.25,-2.91,0.38,307.71,5.97,3.69
2026-05-18 14:17:00+00:00,1.67,-3.25,0.13,297.22,1.97,3.65
2026-05-18 14:18:00+00:00,0.16,-3.41,-1.56,272.69,-24.57,3.76
2026-05-18 14:19:00+00:00,1.37,-3.43,0.26,291.81,3.95,3.71
2026-05-18 14:20:00+00:00,1.53,-3.06,-1.26,296.49,-20.29,3.65
2026-05-18 14:21:00+00:00,0.35,-3.71,0.20,275.37,3.11,3.73
2026-05-18 14:22:00+00:00,1.41,-3.49,-0.22,291.92,-3.40,3.77
2026-05-18 14:23:00+00:00,1.22,-3.07,-1.67,291.65,-26.86,3.70
2026-05-18 14:24:00+00:00,0.72,-2.57,-2.51,285.64,-43.28,3.67
2026-05-18 14:25:00+00:00,1.45,-2.73,-0.31,298.04,-5.65,3.11
2026-05-18 14:26:00+00:00,2.43,-1.98,-0.36,320.84,-6.62,3.15
2026-05-18 14:27:00+00:00,2.75,-1.84,-0.27,326.25,-4.63,3.31
2026-05-18 14:28:00+00:00,1.92,-1.41,-2.29,323.63,-43.90,3.31
2026-05-18 14:29:00+00:00,2.11,-0.91,-2.32,336.61,-45.19,3.27
2026-05-18 14:30:00+00:00,1.87,-1.93,-2.14,314.13,-38.42,3.44
2026-05-18 14:31:00+00:00,2.10,-0.97,-2.22,335.15,-43.81,3.21
2026-05-18 14:32:00+00:00,2.55,-0.45,-1.95,349.95,-36.89,3.24
2026-05-18 14:33:00+00:00,3.37,-0.32,-0.10,354.51,-1.62,3.39
2026-05-18 14:34:00+00:00,3.20,-0.10,0.85,358.25,14.93,3.31
2026-05-18 14:35:00+00:00,2.79,-0.56,1.14,348.64,21.78,3.07
2026-05-18 14:36:00+00:00,2.73,-1.00,1.38,339.86,25.45,3.22
2026-05-18 14:37:00+00:00,2.30,-1.82,1.48,321.64,26.75,3.29
2026-05-18 14:38:00+00:00,1.88,-2.82,0.85,303.70,14.01,3.50
2026-05-18 14:39:00+00:00,1.27,-3.39,0.68,290.50,10.70,3.69
2026-05-18 14:40:00+00:00,0.60,-3.81,0.27,278.91,4.07,3.87
2026-05-18 14:41:00+00:00,1.84,-2.97,0.91,301.75,14.62,3.61
2026-05-18 14:42:00+00:00,2.19,-2.58,1.26,310.34,20.43,3.61
2026-05-18 14:43:00+00:00,1.04,-2.90,1.59,289.67,27.34,3.46
2026-05-18 14:44:00+00:00,1.23,-2.74,1.71,294.24,29.66,3.46
2026-05-18 14:45:00+00:00,2.57,-2.09,0.34,320.89,5.84,3.33
2026-05-18 14:46:00+00:00,1.79,-1.55,2.49,319.08,46.49,3.43
2026-05-18 14:47:00+00:00,1.39,-1.13,2.86,321.09,57.92,3.37
2026-05-18 14:48:00+00:00,2.20,-1.43,1.27,326.99,25.82,2.91
2026-05-18 14:49:00+00:00,3.03,-1.31,0.90,336.62,15.25,3.42
2026-05-18 14:50:00+00:00,2.96,-1.48,0.62,333.40,10.70,3.37
2026-05-18 14:51:00+00:00,3.09,-1.19,0.55,338.87,9.47,3.36
2026-05-18 14:52:00+00:00,2.16,-1.06,2.16,333.83,41.88,3.24
2026-05-18 14:53:00+00:00,2.26,-0.77,2.26,341.28,43.43,3.29
2026-05-18 14:54:00+00:00,2.48,1.14,2.04,24.68,36.75,3.41
2026-05-18 14:55:00+00:00,3.21,0.80,1.01,13.93,16.90,3.46
2026-05-18 14:56:00+00:00,3.43,0.08,0.80,1.37,13.09,3.52
2026-05-18 14:57:00+00:00,3.41,-0.77,0.37,347.28,6.11,3.51
2026-05-18 14:58:00+00:00,3.01,-1.84,-0.37,328.49,-6.02,3.55
2026-05-18 14:59:00+00:00,1.95,-2.95,-0.33,303.48,-5.30,3.56
2026-05-18 15:00:00+00:00,2.48,-2.48,-0.05,315.07,-0.89,3.51
2026-05-18 15:01:00+00:00,2.15,-2.51,-1.74,310.54,-27.78,3.73
2026-05-18 15:02:00+00:00,2.13,-2.42,-1.89,311.33,-30.36,3.74
2026-05-18 15:03:00+00:00,2.14,-1.82,-2.40,319.69,-40.53,3.70
2026-05-18 15:04:00+00:00,1.98,-2.27,-1.08,311.16,-19.68,3.20
2026-05-18 15:05:00+00:00,1.24,-2.11,-3.00,300.37,-50.80,3.87
2026-05-18 15:06:00+00:00,1.22,-2.29,-2.72,298.02,-46.28,3.76
2026-05-18 15:07:00+00:00,-0.46,-2.19,-1.95,258.21,-41.09,2.96
2026-05-18 15:08:00+00:00,-0.23,-1.33,-2.06,260.24,-56.81,2.46
2026-05-18 15:09:00+00:00,0.71,-0.87,-2.75,309.24,-67.70,2.97
2026-05-18 15:10:00+00:00,0.96,-1.10,-2.40,311.13,-58.70,2.81
2026-05-18 15:11:00+00:00,0.86,-1.57,-2.35,298.66,-52.62,2.95
2026-05-18 15:12:00+00:00,1.13,0.07,-2.12,3.70,-61.84,2.41
2026-05-18 15:13:00+00:00,2.28,0.28,-0.43,6.92,-10.51,2.33
2026-05-18 15:14:00+00:00,2.56,-0.29,-0.74,353.55,-15.98,2.68
2026-05-18 15:15:00+00:00,1.96,-1.02,0.11,332.47,2.97,2.21
2026-05-18 15:16:00+00:00,2.09,-1.64,1.64,321.86,31.64,3.12
2026-05-18 15:17:00+00:00,1.68,-0.72,2.07,336.94,48.61,2.76
2026-05-18 15:18:00+00:00,2.02,0.91,0.27,24.33,6.83,2.23
2026-05-18 15:19:00+00:00,2.55,1.19,-0.46,25.01,-9.30,2.86
2026-05-18 15:20:00+00:00,2.74,0.72,0.24,14.73,4.83,2.85
2026-05-18 15:21:00+00:00,2.92,0.40,0.37,7.84,7.16,2.97
2026-05-18 15:22:00+00:00,3.04,0.54,0.27,10.14,5.05,3.10
2026-05-18 15:23:00+00:00,3.13,0.35,0.40,6.37,7.19,3.18
2026-05-18 15:24:00+00:00,3.10,0.22,0.50,4.11,9.08,3.15
2026-05-18 15:25:00+00:00,3.08,0.14,0.45,2.64,8.29,3.12
2026-05-18 15:26:00+00:00,2.98,0.35,0.21,6.68,4.04,3.01
2026-05-18 15:27:00+00:00,3.11,0.34,-0.05,6.17,-0.93,3.13
2026-05-18 15:28:00+00:00,3.21,0.14,0.11,2.50,1.97,3.22
2026-05-18 15:31:00+00:00,3.00,-1.04,0.40,340.93,7.27,3.20
2026-05-18 15:32:00+00:00,2.78,-0.59,1.25,347.96,23.78,3.11
2026-05-18 15:33:00+00:00,2.69,-1.34,1.06,333.54,19.41,3.18
2026-05-18 15:34:00+00:00,2.52,-1.81,0.69,324.32,12.57,3.17
2026-05-18 15:35:00+00:00,2.62,-1.67,0.87,327.47,15.73,3.23
2026-05-18 15:36:00+00:00,2.70,-1.09,1.08,338.01,20.25,3.11
2026-05-18 15:37:00+00:00,1.95,-1.30,1.61,326.18,34.56,2.84
2026-05-18 15:38:00+00:00,2.23,-0.38,2.27,350.34,45.13,3.20
2026-05-18 15:39:00+00:00,2.88,-0.66,2.23,347.12,37.13,3.70
2026-05-18 15:40:00+00:00,2.41,-0.51,2.07,348.09,39.97,3.22
2026-05-18 15:41:00+00:00,2.16,-0.38,2.38,350.15,47.25,3.24
2026-05-18 15:42:00+00:00,1.76,-0.15,3.05,355.12,59.89,3.53
2026-05-18 15:43:00+00:00,1.81,0.15,3.12,4.66,59.85,3.61
2026-05-18 15:44:00+00:00,2.11,0.27,2.84,7.15,53.09,3.55
2026-05-18 15:45:00+00:00,2.37,0.76,2.58,17.74,46.08,3.59
2026-05-18 15:46:00+00:00,2.44,1.84,0.84,37.01,15.28,3.17
2026-05-18 15:47:00+00:00,3.01,2.05,0.97,34.30,14.86,3.77
2026-05-18 15:48:00+00:00,2.88,1.23,1.88,23.19,30.99,3.65
2026-05-18 15:49:00+00:00,1.62,1.44,2.63,41.59,50.44,3.41
2026-05-18 15:50:00+00:00,0.88,-2.71,2.46,287.92,40.82,3.76
2026-05-18 15:51:00+00:00,0.13,-3.93,0.87,271.91,12.46,4.03
2026-05-18 15:52:00+00:00,-0.08,-4.07,0.64,268.93,8.86,4.12
2026-05-18 15:53:00+00:00,0.86,-3.36,2.01,284.33,30.07,4.01
2026-05-18 15:54:00+00:00,1.10,-2.80,1.93,291.56,32.65,3.57
2026-05-18 15:55:00+00:00,1.12,1.84,3.52,58.59,58.56,4.12
2026-05-18 15:56:00+00:00,1.16,1.32,3.83,48.77,65.30,4.21
2026-05-18 15:57:00+00:00,1.55,0.95,3.67,31.51,63.69,4.09
2026-05-18 15:58:00+00:00,1.56,-0.24,3.47,351.37,65.52,3.82
2026-05-18 16:00:00+00:00,1.30,-2.04,2.73,302.49,48.44,3.65
2026-05-18 16:01:00+00:00,0.96,-3.30,1.93,286.29,29.31,3.95
2026-05-18 16:03:00+00:00,0.19,-3.86,0.31,272.76,4.58,3.88
2026-05-18 16:04:00+00:00,1.09,-3.18,1.51,288.86,24.14,3.68
2026-05-18 16:05:00+00:00,1.40,-3.31,1.55,292.88,23.40,3.91
2026-05-18 16:06:00+00:00,2.28,-0.33,2.90,351.71,51.59,3.70
2026-05-18 16:07:00+00:00,2.49,0.22,2.88,5.09,49.11,3.81
2026-05-18 16:08:00+00:00,2.12,-0.57,3.18,344.85,55.44,3.87
2026-05-18 16:09:00+00:00,2.17,0.02,3.19,0.66,55.77,3.85
2026-05-18 16:10:00+00:00,2.03,-0.25,3.33,352.98,58.40,3.91
2026-05-18 16:11:00+00:00,2.26,-0.75,3.16,341.58,53.01,3.96
2026-05-18 16:12:00+00:00,1.64,-0.29,3.47,350.02,64.37,3.85
2026-05-18 16:13:00+00:00,1.60,0.73,3.47,24.59,63.16,3.89
2026-05-18 16:14:00+00:00,1.06,0.72,3.76,34.09,71.18,3.97
2026-05-18 16:15:00+00:00,1.67,1.07,3.31,32.71,59.05,3.85
2026-05-18 16:16:00+00:00,1.67,-0.75,2.50,335.99,53.77,3.10
2026-05-18 16:17:00+00:00,2.27,-0.83,3.00,339.87,51.21,3.85
2026-05-18 16:18:00+00:00,1.29,-1.57,3.44,309.30,59.39,4.00
2026-05-18 16:19:00+00:00,1.91,-0.95,3.12,333.53,55.60,3.78
2026-05-18 16:20:00+00:00,2.34,-0.37,3.14,351.02,52.93,3.94
2026-05-18 16:21:00+00:00,1.95,0.57,3.34,16.43,58.71,3.91
2026-05-18 16:22:00+00:00,1.68,0.10,2.61,3.25,57.19,3.11
2026-05-18 16:23:00+00:00,1.48,-0.97,3.20,326.67,61.12,3.66
2026-05-18 16:24:00+00:00,0.64,-2.17,2.90,286.37,52.08,3.68
2026-05-18 16:25:00+00:00,0.76,-2.36,2.68,287.91,47.31,3.65
2026-05-18 16:26:00+00:00,1.40,-1.99,2.37,305.14,44.24,3.40
2026-05-18 16:27:00+00:00,-0.06,-2.17,3.16,268.54,55.52,3.83
2026-05-18 16:28:00+00:00,-0.66,-2.32,3.27,254.07,53.57,4.07
2026-05-18 16:29:00+00:00,-0.27,-2.34,3.36,263.37,54.99,4.10
2026-05-18 16:30:00+00:00,-0.67,-2.04,3.65,251.83,59.48,4.24
2026-05-18 16:31:00+00:00,-0.32,-2.45,3.23,262.58,52.64,4.07
2026-05-18 16:32:00+00:00,0.00,-1.34,3.61,270.17,69.69,3.85
2026-05-18 16:33:00+00:00,0.39,0.39,3.61,45.41,81.31,3.65
2026-05-18 16:34:00+00:00,0.20,0.18,3.82,41.81,86.05,3.83
2026-05-18 16:35:00+00:00,0.14,0.80,3.64,80.21,77.36,3.73
2026-05-18 16:36:00+00:00,0.33,-0.16,3.69,334.18,84.36,3.71
2026-05-18 16:37:00+00:00,0.53,-0.40,3.34,322.59,78.77,3.41
2026-05-18 16:38:00+00:00,0.79,0.80,3.47,45.41,72.08,3.65
2026-05-18 16:39:00+00:00,1.15,-0.52,3.35,335.70,69.36,3.58
2026-05-18 16:40:00+00:00,1.12,-0.93,3.31,320.33,66.33,3.62
2026-05-18 16:41:00+00:00,1.28,-0.50,3.40,338.80,68.00,3.67
2026-05-18 16:42:00+00:00,0.64,-0.96,3.49,303.56,71.77,3.68
2026-05-18 16:43:00+00:00,2.32,0.04,2.47,0.97,46.70,3.39
2026-05-18 16:44:00+00:00,2.72,0.24,2.48,5.13,42.25,3.68
2026-05-18 16:45:00+00:00,2.72,-0.67,2.26,346.16,38.88,3.60
2026-05-18 16:46:00+00:00,2.15,-0.66,2.78,342.93,50.99,3.57
2026-05-18 16:47:00+00:00,2.46,-0.99,2.40,337.99,42.15,3.57
2026-05-18 16:48:00+00:00,2.12,-1.13,2.39,331.86,44.88,3.39
2026-05-18 16:49:00+00:00,0.60,-0.86,3.34,304.81,72.52,3.50
2026-05-18 16:50:00+00:00,0.14,-1.82,3.12,274.29,59.68,3.62
2026-05-18 16:51:00+00:00,0.53,-2.49,2.60,282.00,45.63,3.64
2026-05-18 16:52:00+00:00,0.98,-2.83,2.24,289.05,36.81,3.74
2026-05-18 16:53:00+00:00,2.41,0.09,1.96,2.09,39.17,3.11
2026-05-18 16:54:00+00:00,2.62,0.96,2.36,20.08,40.21,3.65
2026-05-18 16:55:00+00:00,1.92,-0.31,3.05,350.72,57.48,3.62
2026-05-18 16:56:00+00:00,2.21,0.67,2.99,16.86,52.26,3.78
2026-05-18 16:57:00+00:00,2.34,0.57,2.79,13.70,49.14,3.68
2026-05-18 16:58:00+00:00,2.41,1.15,2.87,25.52,47.10,3.92
2026-05-18 16:59:00+00:00,2.78,0.93,2.78,18.42,43.41,4.04
2026-05-18 17:00:00+00:00,2.60,0.15,2.81,3.32,47.17,3.83
2026-05-18 17:01:00+00:00,2.47,-0.32,2.74,352.63,47.76,3.70
2026-05-18 17:02:00+00:00,2.79,1.12,1.94,21.93,32.86,3.58
2026-05-18 17:03:00+00:00,2.79,1.27,1.91,24.46,32.01,3.61
2026-05-18 17:04:00+00:00,2.23,1.34,2.42,30.88,42.92,3.55
2026-05-18 17:05:00+00:00,2.70,1.69,1.56,32.11,26.12,3.55
2026-05-18 17:06:00+00:00,2.99,1.57,1.16,27.68,19.02,3.57
2026-05-18 17:07:00+00:00,2.94,1.74,0.76,30.60,12.52,3.50
2026-05-18 17:08:00+00:00,2.75,2.13,0.87,37.77,14.09,3.58
2026-05-18 17:09:00+00:00,2.72,2.37,0.53,41.12,8.40,3.65
2026-05-18 17:10:00+00:00,2.77,2.25,0.77,39.10,12.12,3.65
2026-05-18 17:11:00+00:00,2.77,2.24,1.21,38.87,18.73,3.76
2026-05-18 17:12:00+00:00,2.88,1.81,1.67,32.17,26.21,3.79
2026-05-18 17:13:00+00:00,2.79,2.03,1.12,36.10,17.95,3.63
2026-05-18 17:14:00+00:00,2.51,2.49,0.94,44.75,14.82,3.66
2026-05-18 17:15:00+00:00,1.91,2.95,0.81,57.01,13.04,3.61
2026-05-18 17:16:00+00:00,2.94,1.57,1.64,28.06,26.14,3.71
2026-05-18 17:17:00+00:00,3.10,1.07,1.72,18.99,27.69,3.70
2026-05-18 17:18:00+00:00,3.25,1.04,1.29,17.69,20.63,3.65
2026-05-18 17:19:00+00:00,3.09,0.64,2.06,11.74,33.14,3.77
2026-05-18 17:20:00+00:00,2.65,0.21,2.49,4.62,43.10,3.64
2026-05-18 17:21:00+00:00,3.22,0.41,1.74,7.31,28.26,3.69
2026-05-18 17:22:00+00:00,2.67,0.25,2.61,5.36,44.22,3.74
2026-05-18 17:23:00+00:00,2.50,-0.32,2.89,352.72,48.99,3.84
2026-05-18 17:24:00+00:00,3.52,-0.09,1.29,358.56,20.15,3.75
2026-05-18 17:25:00+00:00,3.46,-0.37,1.29,353.96,20.38,3.71
2026-05-18 17:26:00+00:00,3.32,-0.78,1.77,346.82,27.44,3.85
2026-05-18 17:27:00+00:00,3.27,-1.05,1.66,342.20,25.74,3.81
2026-05-18 17:28:00+00:00,3.19,-1.27,1.73,338.30,26.73,3.85
2026-05-18 17:29:00+00:00,3.34,-1.31,1.26,338.57,19.33,3.81
2026-05-18 17:30:00+00:00,3.10,-1.12,1.80,340.10,28.66,3.76
2026-05-18 17:31:00+00:00,2.42,-2.27,1.86,316.77,29.30,3.81
2026-05-18 17:32:00+00:00,1.78,-3.27,1.86,298.52,26.55,4.17
2026-05-18 17:33:00+00:00,1.69,-3.47,1.80,295.99,25.06,4.26
2026-05-18 17:34:00+00:00,1.35,-3.76,1.68,289.77,22.84,4.34
2026-05-18 17:35:00+00:00,1.17,-3.81,1.58,287.01,21.64,4.29
2026-05-18 17:36:00+00:00,1.26,-4.01,0.53,287.48,7.17,4.24
2026-05-18 17:37:00+00:00,0.96,-4.03,0.72,283.43,9.79,4.21
2026-05-18 17:38:00+00:00,0.55,-4.06,1.29,277.79,17.45,4.29
2026-05-18 17:39:00+00:00,0.39,-4.19,1.18,275.36,15.69,4.37
2026-05-18 17:40:00+00:00,0.04,-4.20,0.95,270.48,12.81,4.30
2026-05-18 17:41:00+00:00,0.20,-4.18,0.88,272.72,11.83,4.27
2026-05-18 17:42:00+00:00,1.07,-3.06,2.45,289.27,37.04,4.07
2026-05-18 17:43:00+00:00,1.15,-3.39,2.27,288.79,32.35,4.24
2026-05-18 17:44:00+00:00,0.36,-3.96,1.88,275.16,25.30,4.40
2026-05-18 17:45:00+00:00,0.12,-4.02,1.58,271.76,21.48,4.32
2026-05-18 17:46:00+00:00,-0.27,-4.08,1.57,266.27,21.05,4.38
2026-05-18 17:47:00+00:00,-0.43,-4.09,1.48,264.02,19.79,4.37
2026-05-18 17:48:00+00:00,-1.36,-3.99,0.89,251.22,11.92,4.31
2026-05-18 17:49:00+00:00,-1.03,-3.47,1.40,253.49,21.19,3.88
2026-05-18 17:50:00+00:00,2.53,-1.41,1.83,330.88,32.17,3.43
2026-05-18 17:51:00+00:00,3.34,0.33,1.19,5.59,19.45,3.56
2026-05-18 17:52:00+00:00,3.42,-0.40,0.84,353.28,13.65,3.54
2026-05-18 17:53:00+00:00,3.54,-0.24,-0.30,356.11,-4.84,3.56
2026-05-18 17:54:00+00:00,3.67,-0.16,0.37,357.51,5.80,3.69
2026-05-18 17:55:00+00:00,3.71,0.22,0.14,3.40,2.10,3.71
2026-05-18 17:56:00+00:00,3.84,0.11,0.14,1.57,2.01,3.85
2026-05-18 17:57:00+00:00,3.86,0.46,0.49,6.77,7.15,3.92
2026-05-18 17:58:00+00:00,3.67,0.51,0.26,7.91,3.94,3.72
2026-05-18 17:59:00+00:00,3.70,0.62,-0.16,9.48,-2.48,3.76
2026-05-18 18:00:00+00:00,3.75,0.40,-0.35,6.15,-5.28,3.79
2026-05-18 18:01:00+00:00,3.69,0.74,-0.01,11.40,-0.19,3.76
2026-05-18 18:02:00+00:00,3.74,-0.33,0.28,354.96,4.24,3.76
2026-05-18 18:03:00+00:00,3.71,-0.33,0.52,354.96,7.88,3.76
2026-05-18 18:04:00+00:00,3.59,-0.41,0.70,353.51,10.89,3.68
2026-05-18 18:05:00+00:00,3.09,-1.31,1.19,337.07,19.56,3.56
2026-05-18 18:06:00+00:00,2.45,-2.66,-0.57,312.69,-8.99,3.67
2026-05-18 18:07:00+00:00,2.45,-2.74,-0.89,311.72,-13.61,3.78
2026-05-18 18:08:00+00:00,2.20,-3.08,-0.64,305.55,-9.66,3.83
2026-05-18 18:09:00+00:00,2.00,-3.16,-1.29,302.36,-19.01,3.95
2026-05-18 18:10:00+00:00,2.19,-3.01,-1.55,305.97,-22.61,4.03
2026-05-18 18:11:00+00:00,2.22,-2.68,-1.95,309.60,-29.21,3.99
2026-05-18 18:12:00+00:00,1.84,-2.85,-2.37,302.83,-34.94,4.13
2026-05-18 18:13:00+00:00,2.11,-2.48,-2.01,310.35,-31.70,3.83
2026-05-18 18:14:00+00:00,2.05,-2.62,-2.33,308.09,-35.07,4.06
2026-05-18 18:15:00+00:00,1.24,-3.40,-1.76,290.10,-25.91,4.03
2026-05-18 18:16:00+00:00,1.19,-2.66,-2.65,294.12,-42.23,3.94
2026-05-18 18:17:00+00:00,1.36,-2.82,-2.31,295.75,-36.45,3.89
2026-05-18 18:18:00+00:00,1.49,-3.15,0.06,295.30,0.96,3.49
2026-05-18 18:19:00+00:00,2.22,-2.97,-1.07,306.69,-16.15,3.86
2026-05-18 18:20:00+00:00,2.27,-2.66,-1.52,310.53,-23.51,3.82
2026-05-18 18:21:00+00:00,2.20,-2.45,-1.13,311.87,-18.99,3.48
2026-05-18 18:22:00+00:00,1.26,-3.15,-0.53,291.85,-8.85,3.43
2026-05-18 18:23:00+00:00,1.92,-0.64,-3.07,341.55,-56.68,3.68
2026-05-18 18:24:00+00:00,1.91,-0.90,-2.90,334.78,-53.88,3.59
2026-05-18 18:25:00+00:00,2.26,1.74,-0.47,37.52,-9.37,2.89
2026-05-18 18:26:00+00:00,1.78,2.14,-0.13,50.30,-2.65,2.79
2026-05-18 18:27:00+00:00,2.02,1.65,0.38,39.25,8.33,2.64
2026-05-18 18:28:00+00:00,2.45,0.96,0.88,21.29,18.49,2.78
2026-05-18 18:29:00+00:00,2.27,0.82,1.29,19.96,28.02,2.74
2026-05-18 18:30:00+00:00,2.14,-0.59,1.14,344.62,27.14,2.50
2026-05-18 18:31:00+00:00,2.40,-1.83,0.05,322.65,0.98,3.02
2026-05-18 18:32:00+00:00,3.01,-0.17,-0.45,356.73,-8.41,3.05
2026-05-18 18:33:00+00:00,1.96,0.68,0.36,19.12,9.93,2.10
2026-05-18 18:34:00+00:00,1.51,1.47,1.10,44.14,27.56,2.38
2026-05-18 18:35:00+00:00,2.35,1.30,0.42,28.98,8.95,2.72
2026-05-18 18:36:00+00:00,2.44,0.99,0.99,22.02,20.61,2.81
2026-05-18 18:37:00+00:00,2.67,0.77,0.50,16.19,10.23,2.82
2026-05-18 18:38:00+00:00,2.47,0.81,-1.01,18.17,-21.23,2.79
2026-05-18 18:39:00+00:00,0.93,-1.08,-1.83,310.62,-52.14,2.32
2026-05-18 18:40:00+00:00,2.05,-0.17,-1.66,355.37,-38.93,2.64
2026-05-18 18:41:00+00:00,2.90,0.01,-0.78,0.28,-15.03,3.00
2026-05-18 18:42:00+00:00,2.53,0.92,-0.54,20.01,-11.35,2.74
2026-05-18 18:43:00+00:00,1.41,2.10,0.54,56.11,12.02,2.58
2026-05-18 18:44:00+00:00,1.31,3.12,0.20,67.22,3.46,3.39
2026-05-18 18:45:00+00:00,1.35,2.90,0.47,65.04,8.33,3.23
2026-05-18 18:46:00+00:00,1.06,2.94,0.11,70.08,1.95,3.13
2026-05-18 18:47:00+00:00,1.06,2.96,-0.25,70.40,-4.57,3.15
2026-05-18 18:48:00+00:00,0.86,3.04,-0.02,74.22,-0.40,3.16
2026-05-18 18:49:00+00:00,2.11,1.67,-0.70,38.27,-14.49,2.78
2026-05-18 18:50:00+00:00,0.41,-2.48,-2.07,279.43,-39.44,3.26
2026-05-18 18:51:00+00:00,0.24,-3.44,-2.58,274.06,-36.84,4.31
2026-05-18 18:52:00+00:00,0.25,-3.34,-2.24,274.27,-33.72,4.03
2026-05-18 18:53:00+00:00,-0.77,-3.66,-1.76,258.07,-25.18,4.13
2026-05-18 18:54:00+00:00,-0.34,-3.89,-1.67,265.01,-23.24,4.24
2026-05-18 18:55:00+00:00,0.48,-3.64,-1.90,277.56,-27.41,4.14
2026-05-18 18:56:00+00:00,1.88,-2.75,-1.94,304.33,-30.31,3.85
2026-05-18 18:57:00+00:00,2.15,-2.02,-2.04,316.69,-34.61,3.59
2026-05-18 18:58:00+00:00,1.12,-2.72,-2.66,292.29,-42.16,3.97
2026-05-18 18:59:00+00:00,0.81,-2.19,-3.59,290.27,-56.99,4.28
2026-05-18 19:00:00+00:00,1.19,-2.12,-3.60,299.19,-55.92,4.34
2026-05-18 19:01:00+00:00,1.53,-1.39,-3.96,317.78,-62.41,4.47
2026-05-18 19:02:00+00:00,1.89,-1.66,-3.38,318.57,-53.31,4.21
2026-05-18 19:03:00+00:00,2.02,-0.23,-3.64,353.45,-60.81,4.17
2026-05-18 19:04:00+00:00,1.98,-1.54,-3.52,322.07,-54.48,4.32
2026-05-18 19:05:00+00:00,1.32,-2.53,-3.46,297.62,-50.43,4.48
2026-05-18 19:06:00+00:00,0.22,-3.42,-3.11,273.67,-42.27,4.63
2026-05-18 19:07:00+00:00,0.12,-3.57,-2.86,271.96,-38.69,4.58
2026-05-18 19:08:00+00:00,0.35,-3.59,-2.59,275.58,-35.66,4.44
2026-05-18 19:09:00+00:00,0.08,-2.95,-3.00,271.46,-45.42,4.21
2026-05-18 19:10:00+00:00,-1.49,-3.22,-2.68,245.17,-37.09,4.45
2026-05-18 19:11:00+00:00,-1.51,-3.02,-3.31,243.48,-44.44,4.72
2026-05-18 19:12:00+00:00,1.41,-1.03,-3.29,323.66,-62.04,3.72
2026-05-18 19:13:00+00:00,2.38,-1.39,-3.08,329.61,-48.14,4.13
2026-05-18 19:14:00+00:00,2.77,-1.19,-2.92,336.83,-44.16,4.20
2026-05-18 19:15:00+00:00,2.48,-1.51,-2.75,328.62,-43.44,4.00
2026-05-18 19:16:00+00:00,1.96,-2.55,-2.77,307.54,-40.68,4.24
2026-05-18 19:17:00+00:00,1.24,-2.78,-3.20,294.02,-46.43,4.41
2026-05-18 19:18:00+00:00,1.32,-3.21,-2.90,292.31,-39.93,4.52
2026-05-18 19:19:00+00:00,1.90,-3.16,-2.36,300.98,-32.59,4.38
2026-05-18 19:20:00+00:00,1.67,-2.94,-2.87,299.67,-40.35,4.44
2026-05-18 19:21:00+00:00,0.72,-2.91,-3.46,283.94,-49.05,4.58
2026-05-18 19:22:00+00:00,0.91,-3.16,-3.16,286.13,-43.83,4.56
2026-05-18 19:23:00+00:00,0.88,-2.97,-3.10,286.57,-44.98,4.38
2026-05-18 19:24:00+00:00,0.72,-3.04,-3.02,283.39,-44.03,4.34
2026-05-18 19:25:00+00:00,0.38,-3.19,-2.79,276.82,-40.93,4.25
2026-05-18 19:26:00+00:00,1.29,-1.74,-3.41,306.49,-57.59,4.05
2026-05-18 19:27:00+00:00,1.86,-0.89,-3.78,334.51,-61.42,4.30
2026-05-18 19:28:00+00:00,1.83,-1.98,-3.24,312.74,-50.21,4.22
2026-05-18 19:29:00+00:00,2.13,-2.26,-2.32,313.30,-36.73,3.88
2026-05-18 19:30:00+00:00,2.52,-2.83,-1.38,311.77,-20.07,4.03
2026-05-18 19:31:00+00:00,2.65,-2.60,-1.54,315.56,-22.51,4.02
2026-05-18 19:32:00+00:00,2.43,-2.31,-2.47,316.43,-36.40,4.17
2026-05-18 19:33:00+00:00,2.59,-1.92,-2.57,323.46,-38.53,4.13
2026-05-18 19:34:00+00:00,3.17,-0.96,-1.60,343.18,-25.86,3.68
2026-05-18 19:35:00+00:00,2.66,-0.17,-3.00,356.34,-48.41,4.01
2026-05-18 19:36:00+00:00,2.29,0.87,-3.32,20.88,-53.56,4.13
2026-05-18 19:37:00+00:00,2.60,0.02,-3.05,0.52,-49.54,4.00
2026-05-18 19:38:00+00:00,2.18,0.44,-3.23,11.38,-55.37,3.92
2026-05-18 19:39:00+00:00,1.85,0.74,-3.50,21.77,-60.41,4.02
2026-05-18 19:40:00+00:00,2.65,-0.70,-2.80,345.25,-45.61,3.92
2026-05-18 19:41:00+00:00,2.89,1.27,-1.65,23.69,-27.66,3.56
2026-05-18 19:42:00+00:00,0.40,-0.73,-4.43,298.49,-79.32,4.51
2026-05-18 19:43:00+00:00,0.84,-0.35,-3.59,337.45,-75.73,3.71
2026-05-18 19:45:00+00:00,1.74,-3.19,-1.57,298.59,-23.44,3.95
2026-05-18 19:46:00+00:00,1.13,-3.22,-2.28,289.33,-33.74,4.11
2026-05-18 19:47:00+00:00,0.74,-2.35,-2.69,287.44,-47.50,3.64
2026-05-18 19:48:00+00:00,-0.21,-1.12,-3.85,259.21,-73.51,4.02
2026-05-18 19:49:00+00:00,0.62,-1.13,-3.64,298.66,-70.44,3.86
2026-05-18 19:50:00+00:00,0.44,-0.34,-4.03,322.06,-82.15,4.06
2026-05-18 19:51:00+00:00,1.32,-1.73,-1.45,307.28,-33.66,2.62
2026-05-18 19:52:00+00:00,2.22,-3.19,1.10,304.86,15.84,4.04
2026-05-18 19:53:00+00:00,2.07,-3.38,0.63,301.51,8.98,4.01
2026-05-18 19:54:00+00:00,2.69,-1.47,2.02,331.38,33.36,3.67
2026-05-18 19:55:00+00:00,2.29,0.27,2.97,6.76,52.12,3.76
2026-05-18 19:56:00+00:00,2.95,-1.14,2.01,338.83,32.48,3.75
2026-05-18 19:57:00+00:00,2.66,-1.23,2.24,335.10,37.46,3.69
2026-05-18 19:58:00+00:00,2.79,-2.43,0.13,318.90,2.02,3.70
2026-05-18 19:59:00+00:00,2.98,-2.02,0.00,325.84,0.00,3.60
2026-05-18 20:00:00+00:00,1.13,-2.38,-2.74,295.49,-46.17,3.80
2026-05-18 20:01:00+00:00,-0.29,-2.11,-3.51,262.16,-58.77,4.10
2026-05-18 20:02:00+00:00,-0.88,-2.00,-3.84,246.30,-60.39,4.42
2026-05-18 20:03:00+00:00,-0.08,-0.48,-4.03,260.33,-83.06,4.06
2026-05-18 20:04:00+00:00,-0.66,-0.29,-4.17,203.77,-80.23,4.23
2026-05-18 20:05:00+00:00,-0.28,0.04,-4.46,172.65,-86.43,4.47
2026-05-18 20:06:00+00:00,-0.25,-0.07,-4.59,194.98,-86.82,4.60
2026-05-18 20:07:00+00:00,-0.40,-1.17,-4.44,251.19,-74.50,4.61
2026-05-18 20:08:00+00:00,0.42,-0.74,-4.56,299.62,-79.43,4.64
2026-05-18 20:09:00+00:00,1.09,-1.37,-4.10,308.49,-66.88,4.46
2026-05-18 20:10:00+00:00,1.85,-1.31,-3.74,324.66,-58.75,4.37
2026-05-18 20:11:00+00:00,1.75,-0.97,-4.01,330.90,-63.45,4.48
2026-05-18 20:12:00+00:00,1.72,-0.96,-4.08,330.81,-64.30,4.53
2026-05-18 20:13:00+00:00,2.03,-1.01,-3.82,333.60,-59.33,4.45
2026-05-18 20:16:00+00:00,2.23,-0.14,-3.89,356.52,-60.12,4.49
2026-05-18 20:17:00+00:00,2.94,0.26,-3.06,4.97,-45.99,4.25
2026-05-18 20:18:00+00:00,2.11,0.90,-3.49,22.99,-56.71,4.18
2026-05-18 20:19:00+00:00,-1.40,-1.38,-4.49,224.65,-66.36,4.90
2026-05-18 20:20:00+00:00,0.20,-0.44,-4.33,294.40,-83.65,4.35
2026-05-18 20:21:00+00:00,0.76,-0.12,-4.63,351.35,-80.61,4.69
2026-05-18 20:22:00+00:00,1.10,1.02,-4.38,43.00,-71.07,4.63
2026-05-18 20:23:00+00:00,1.18,1.17,-4.39,44.85,-69.24,4.70
2026-05-18 20:24:00+00:00,1.68,1.08,-3.95,32.82,-63.15,4.43
2026-05-18 20:25:00+00:00,-0.81,0.34,-4.71,157.61,-79.42,4.79
2026-05-18 20:26:00+00:00,-1.42,-0.17,-5.09,186.86,-74.27,5.29
2026-05-18 20:27:00+00:00,-1.37,-0.35,-5.12,194.32,-74.56,5.31
2026-05-18 20:28:00+00:00,-1.21,-0.64,-5.07,207.66,-74.89,5.25
2026-05-18 20:29:00+00:00,-1.42,-1.96,-4.49,234.14,-61.70,5.10
2026-05-18 20:30:00+00:00,-2.17,-2.11,-4.18,224.19,-54.15,5.16
2026-05-18 20:31:00+00:00,-1.96,-2.40,-3.95,230.73,-51.94,5.02
2026-05-18 20:32:00+00:00,-1.95,-2.48,-3.95,231.85,-51.34,5.06
2026-05-18 20:33:00+00:00,-2.09,-2.58,-3.85,231.01,-49.29,5.08
2026-05-18 20:34:00+00:00,-2.36,-2.58,-3.79,227.46,-47.31,5.15
2026-05-18 20:35:00+00:00,-3.05,-2.81,-3.06,222.70,-36.44,5.15
2026-05-18 20:36:00+00:00,-2.99,-2.78,-3.18,222.94,-37.90,5.17
2026-05-18 20:37:00+00:00,-1.00,-2.60,-3.96,248.86,-54.87,4.84
2026-05-18 20:38:00+00:00,-1.35,-2.24,-4.07,238.80,-57.30,4.84
2026-05-18 20:39:00+00:00,0.04,-0.77,-3.59,273.25,-77.86,3.68
2026-05-18 20:40:00+00:00,-0.37,-0.80,-3.67,244.97,-76.47,3.77
2026-05-18 20:41:00+00:00,-0.98,-1.44,-2.90,235.80,-58.94,3.39
2026-05-18 20:42:00+00:00,1.15,0.29,-2.87,13.95,-67.60,3.11
2026-05-18 20:43:00+00:00,2.47,2.26,-1.74,42.50,-27.47,3.77
2026-05-18 20:44:00+00:00,2.56,2.86,-0.49,48.13,-7.24,3.87
2026-05-18 20:45:00+00:00,1.94,3.35,0.13,59.92,1.98,3.87
2026-05-18 20:46:00+00:00,2.33,0.92,-2.09,21.61,-39.89,3.26
2026-05-18 20:47:00+00:00,2.35,1.57,-2.01,33.75,-35.37,3.47
2026-05-18 20:48:00+00:00,2.64,1.74,0.65,33.43,11.63,3.23
2026-05-18 20:49:00+00:00,2.50,2.94,0.19,49.58,2.86,3.86
2026-05-18 20:50:00+00:00,2.82,2.26,-0.65,38.79,-10.23,3.67
2026-05-18 20:51:00+00:00,2.96,2.10,-0.35,35.34,-5.44,3.65
2026-05-18 20:52:00+00:00,1.71,3.21,0.96,61.91,14.73,3.76
2026-05-18 20:53:00+00:00,2.44,1.36,2.29,29.20,39.25,3.61
2026-05-18 20:54:00+00:00,2.41,2.33,0.48,44.04,8.07,3.39
2026-05-18 20:55:00+00:00,2.13,2.76,1.52,52.27,23.52,3.80
2026-05-18 20:56:00+00:00,2.02,2.50,2.03,51.14,32.33,3.80
2026-05-18 20:57:00+00:00,1.91,2.61,2.14,53.82,33.51,3.87
2026-05-18 20:58:00+00:00,2.08,2.59,2.08,51.19,32.04,3.92
2026-05-18 20:59:00+00:00,2.10,2.49,2.05,49.92,32.18,3.85
2026-05-18 21:00:00+00:00,1.95,2.15,2.43,47.70,39.99,3.79
2026-05-18 21:01:00+00:00,1.77,-0.95,2.67,331.83,53.12,3.34
2026-05-18 21:02:00+00:00,2.17,0.24,2.93,6.35,53.29,3.65
2026-05-18 21:03:00+00:00,1.66,-2.15,2.26,307.64,39.71,3.54
2026-05-18 21:04:00+00:00,-0.22,-3.69,0.25,266.54,3.92,3.70
2026-05-18 21:05:00+00:00,-0.40,-4.59,-0.02,264.99,-0.19,4.61
2026-05-18 21:06:00+00:00,-0.55,-4.69,-0.52,263.28,-6.22,4.75
2026-05-18 21:07:00+00:00,-0.04,-4.44,-1.48,269.48,-18.38,4.68
2026-05-18 21:08:00+00:00,-0.26,-4.04,-2.18,266.32,-28.30,4.60
2026-05-18 21:09:00+00:00,-0.19,-4.62,-0.59,267.63,-7.23,4.66
2026-05-18 21:10:00+00:00,-0.03,-4.59,-0.44,269.65,-5.44,4.61
2026-05-18 21:11:00+00:00,0.43,-4.59,-0.49,275.31,-6.02,4.64
2026-05-18 21:12:00+00:00,0.09,-4.66,-0.44,271.13,-5.43,4.68
2026-05-18 21:13:00+00:00,-0.05,-4.66,-0.48,269.33,-5.90,4.69
2026-05-18 21:14:00+00:00,0.68,-4.50,-0.72,278.62,-8.98,4.61
2026-05-18 21:15:00+00:00,1.53,-3.86,0.38,291.60,5.24,4.17
2026-05-18 21:16:00+00:00,2.11,-3.41,1.25,301.75,17.26,4.20
2026-05-18 21:17:00+00:00,2.19,-2.97,1.09,306.36,16.42,3.85
2026-05-18 21:18:00+00:00,2.58,-3.25,0.49,308.44,6.76,4.18
2026-05-18 21:19:00+00:00,3.15,-3.25,0.05,314.07,0.57,4.53
2026-05-18 21:20:00+00:00,2.83,-2.02,2.37,324.52,34.34,4.21
2026-05-18 21:21:00+00:00,2.39,-1.39,3.30,329.85,49.97,4.31
2026-05-18 21:22:00+00:00,2.07,-0.90,3.92,336.38,60.08,4.52
2026-05-18 21:23:00+00:00,1.82,-0.82,4.00,335.87,63.52,4.47
2026-05-18 21:24:00+00:00,1.53,-1.06,4.04,325.21,65.28,4.45
2026-05-18 21:25:00+00:00,3.59,1.31,1.74,20.00,24.48,4.19
2026-05-18 21:26:00+00:00,2.90,1.14,2.73,21.52,41.16,4.14
2026-05-18 21:27:00+00:00,2.06,0.86,3.51,22.65,57.63,4.16
2026-05-18 21:28:00+00:00,2.28,0.85,3.19,20.57,52.65,4.01
2026-05-18 21:29:00+00:00,2.09,-0.18,3.38,355.01,58.15,3.98
2026-05-18 21:30:00+00:00,2.36,-0.06,3.49,358.56,55.89,4.22
2026-05-18 21:31:00+00:00,2.34,-0.70,3.34,343.43,53.85,4.14
2026-05-18 21:32:00+00:00,2.48,-0.45,3.25,349.78,52.18,4.11
2026-05-18 21:33:00+00:00,1.91,-1.08,3.25,330.56,55.98,3.92
2026-05-18 21:34:00+00:00,1.50,0.16,3.70,6.08,67.90,4.00
2026-05-18 21:35:00+00:00,1.88,0.44,3.40,13.17,60.37,3.91
2026-05-18 21:36:00+00:00,1.94,0.18,3.32,5.36,59.67,3.85
2026-05-18 21:37:00+00:00,1.95,0.26,3.56,7.64,61.12,4.06
2026-05-18 21:38:00+00:00,2.25,0.27,3.27,6.78,55.35,3.98
2026-05-18 21:39:00+00:00,2.23,0.46,3.26,11.63,55.07,3.98
2026-05-18 21:40:00+00:00,1.60,-0.04,3.76,358.63,66.88,4.08
2026-05-18 21:41:00+00:00,2.41,0.30,3.30,7.02,53.60,4.10
2026-05-18 21:42:00+00:00,2.75,0.47,2.83,9.70,45.45,3.97
2026-05-18 21:43:00+00:00,3.16,0.75,1.86,13.39,29.72,3.74
2026-05-18 21:47:00+00:00,1.66,0.78,3.59,25.16,62.96,4.03
2026-05-18 21:48:00+00:00,1.55,0.96,3.60,31.61,63.11,4.03
2026-05-18 21:49:00+00:00,1.65,1.25,3.56,37.02,59.81,4.12
2026-05-18 21:50:00+00:00,1.54,1.45,3.47,43.31,58.69,4.06
2026-05-18 21:51:00+00:00,1.66,1.35,3.38,39.08,57.70,4.00
2026-05-18 21:52:00+00:00,1.94,1.46,3.09,36.89,51.88,3.93
2026-05-18 21:53:00+00:00,1.81,1.45,3.09,38.79,53.08,3.86
2026-05-18 21:54:00+00:00,1.63,1.47,3.21,41.99,55.60,3.89
2026-05-18 21:55:00+00:00,2.82,0.17,2.59,3.43,42.54,3.83
2026-05-18 21:56:00+00:00,2.92,1.12,2.12,20.94,34.20,3.78
2026-05-18 21:57:00+00:00,2.94,1.17,1.93,21.71,31.36,3.70
2026-05-18 21:58:00+00:00,2.53,-0.15,2.67,356.60,46.43,3.68
2026-05-18 22:00:00+00:00,1.91,-1.61,2.63,319.90,46.53,3.63
2026-05-18 22:01:00+00:00,2.69,0.45,1.97,9.46,35.87,3.37
2026-05-18 22:02:00+00:00,3.12,2.00,1.11,32.64,16.65,3.87
2026-05-18 22:03:00+00:00,2.05,2.15,2.21,46.33,36.66,3.71
2026-05-18 22:04:00+00:00,1.41,1.49,2.71,46.58,52.87,3.40
2026-05-18 22:05:00+00:00,2.55,2.39,1.54,43.10,23.74,3.82
2026-05-18 22:06:00+00:00,2.23,2.18,2.07,44.34,33.63,3.74
2026-05-18 22:07:00+00:00,2.18,2.29,2.23,46.30,35.25,3.87
2026-05-18 22:08:00+00:00,2.23,2.34,1.92,46.35,30.69,3.76
2026-05-18 22:09:00+00:00,2.51,2.15,1.88,40.60,29.55,3.81
2026-05-18 22:10:00+00:00,2.13,2.46,1.93,49.11,30.76,3.78
2026-05-18 22:11:00+00:00,2.12,2.65,1.82,51.31,28.26,3.85
2026-05-18 22:12:00+00:00,0.91,2.78,2.73,71.92,43.02,4.00
2026-05-18 22:13:00+00:00,1.86,2.51,2.20,53.44,35.19,3.82
2026-05-18 22:14:00+00:00,2.58,2.18,1.52,40.15,24.26,3.70
2026-05-18 22:15:00+00:00,2.93,1.57,1.85,28.16,29.15,3.80
2026-05-18 22:16:00+00:00,2.65,1.61,2.26,31.27,36.09,3.83
2026-05-18 22:17:00+00:00,2.07,1.72,2.62,39.78,44.23,3.76
2026-05-18 22:18:00+00:00,1.84,1.77,3.12,43.87,50.79,4.03
2026-05-18 22:19:00+00:00,1.89,1.77,3.13,43.11,50.49,4.06
2026-05-18 22:20:00+00:00,2.12,1.85,2.96,41.08,46.43,4.09
2026-05-18 22:21:00+00:00,1.52,1.78,3.35,49.41,55.02,4.09
2026-05-18 22:22:00+00:00,1.60,1.52,3.32,43.68,56.38,3.98
2026-05-18 22:23:00+00:00,0.85,1.33,3.73,57.38,67.02,4.05
2026-05-18 22:24:00+00:00,1.13,1.78,3.25,57.52,56.95,3.87
2026-05-18 22:25:00+00:00,1.82,2.71,2.19,56.16,33.84,3.93
2026-05-18 22:26:00+00:00,1.60,2.81,2.21,60.41,34.31,3.91
2026-05-18 22:27:00+00:00,0.87,2.75,2.80,72.47,44.17,4.02
2026-05-18 22:28:00+00:00,0.83,2.55,2.96,71.97,47.74,3.99
2026-05-18 22:29:00+00:00,0.90,2.40,2.99,69.42,49.36,3.94
2026-05-18 22:30:00+00:00,1.16,2.07,2.73,60.64,48.99,3.62
2026-05-18 22:31:00+00:00,1.60,1.27,3.02,38.45,56.02,3.65
2026-05-18 22:32:00+00:00,1.20,0.88,3.26,36.40,65.48,3.58
2026-05-18 22:33:00+00:00,0.81,-0.08,3.12,354.51,75.45,3.22
2026-05-18 22:34:00+00:00,1.22,-1.57,2.89,307.90,55.56,3.51
2026-05-18 22:35:00+00:00,1.57,-0.53,3.30,341.44,63.38,3.69
2026-05-18 22:36:00+00:00,2.00,0.92,2.40,24.75,47.48,3.25
2026-05-18 22:37:00+00:00,1.75,0.55,3.14,17.40,59.67,3.64
2026-05-18 22:38:00+00:00,2.10,1.95,2.50,42.88,40.98,3.80
2026-05-18 22:39:00+00:00,2.13,2.38,1.92,48.20,31.09,3.72
2026-05-18 22:40:00+00:00,1.95,0.33,3.14,9.73,57.88,3.71
2026-05-18 22:41:00+00:00,0.55,-0.88,3.65,301.81,74.13,3.79
2026-05-18 22:42:00+00:00,0.86,-2.59,2.66,288.37,44.17,3.81
2026-05-18 22:43:00+00:00,1.49,-2.77,2.38,298.33,37.05,3.94
2026-05-18 22:44:00+00:00,2.25,-2.66,1.76,310.20,26.84,3.90
2026-05-18 22:45:00+00:00,1.72,-1.64,2.83,316.40,50.03,3.70
2026-05-18 22:46:00+00:00,1.33,-0.64,3.63,334.46,67.84,3.92
2026-05-18 22:47:00+00:00,1.90,-0.08,3.42,357.70,60.87,3.91
2026-05-18 22:48:00+00:00,2.33,0.03,3.22,0.81,54.15,3.97
2026-05-18 22:49:00+00:00,2.19,-0.17,3.29,355.59,56.25,3.96
2026-05-18 22:50:00+00:00,1.85,0.15,3.34,4.75,60.99,3.82
2026-05-18 22:51:00+00:00,1.95,-1.67,2.70,319.47,46.47,3.73
2026-05-18 22:52:00+00:00,1.66,-0.20,3.62,353.13,65.23,3.99
2026-05-18 22:53:00+00:00,0.35,0.73,3.99,64.53,78.57,4.08
2026-05-18 22:54:00+00:00,0.58,2.18,3.33,75.19,55.90,4.02
2026-05-18 22:55:00+00:00,0.51,1.93,3.42,75.04,59.76,3.96
2026-05-18 22:56:00+00:00,0.18,0.09,4.02,27.10,87.17,4.02
2026-05-18 22:57:00+00:00,0.29,-1.05,3.90,285.46,74.38,4.05
2026-05-18 22:58:00+00:00,0.12,0.06,4.15,24.94,88.18,4.15
2026-05-18 22:59:00+00:00,1.37,-0.62,3.62,335.80,67.41,3.92
2026-05-18 23:00:00+00:00,1.36,0.17,3.74,6.99,69.85,3.98
2026-05-18 23:01:00+00:00,0.66,0.22,3.77,18.23,79.51,3.84
2026-05-18 23:02:00+00:00,1.91,1.51,2.97,38.24,50.57,3.84
2026-05-18 23:03:00+00:00,1.91,1.15,2.94,31.02,52.77,3.69
2026-05-18 23:04:00+00:00,2.01,0.54,3.05,15.12,55.69,3.69
2026-05-18 23:05:00+00:00,2.23,-0.39,3.12,350.16,53.97,3.86
2026-05-18 23:06:00+00:00,2.69,-0.62,2.77,347.10,45.07,3.91
2026-05-18 23:07:00+00:00,2.22,1.68,2.33,37.17,39.98,3.63
2026-05-18 23:08:00+00:00,2.34,0.87,2.93,20.38,49.56,3.85
2026-05-18 23:09:00+00:00,2.08,1.54,2.95,36.53,48.71,3.92
2026-05-18 23:10:00+00:00,2.17,1.49,2.88,34.56,47.59,3.90
2026-05-18 23:11:00+00:00,1.98,1.81,2.66,42.44,44.71,3.78
2026-05-18 23:12:00+00:00,1.90,2.39,1.74,51.53,29.65,3.52
2026-05-18 23:13:00+00:00,0.68,3.73,-0.17,79.61,-2.61,3.80
2026-05-18 23:14:00+00:00,0.41,3.84,-0.25,83.93,-3.67,3.87
2026-05-18 23:15:00+00:00,1.02,3.43,0.85,73.38,13.44,3.68
2026-05-18 23:16:00+00:00,1.63,2.72,1.88,59.05,30.64,3.68
2026-05-18 23:17:00+00:00,2.00,2.96,1.46,55.96,22.24,3.86
2026-05-18 23:18:00+00:00,1.73,2.70,2.02,57.32,32.21,3.79
2026-05-18 23:19:00+00:00,1.16,-0.35,2.04,343.39,59.21,2.37
2026-05-18 23:20:00+00:00,1.51,1.88,2.01,51.20,39.81,3.14
2026-05-18 23:21:00+00:00,1.42,2.57,2.50,61.20,40.35,3.85
2026-05-18 23:22:00+00:00,1.56,2.66,1.58,59.57,27.14,3.46
2026-05-18 23:23:00+00:00,1.97,1.93,2.62,44.51,43.49,3.80
2026-05-18 23:24:00+00:00,1.36,3.06,1.79,66.08,28.13,3.80
2026-05-18 23:25:00+00:00,2.15,-0.66,1.51,342.96,33.86,2.71
2026-05-18 23:26:00+00:00,2.23,-2.63,1.51,310.21,23.59,3.76
2026-05-18 23:27:00+00:00,1.68,-2.69,2.15,301.93,34.09,3.83
2026-05-18 23:28:00+00:00,1.65,-2.78,1.82,300.74,29.34,3.71
2026-05-18 23:29:00+00:00,2.14,-2.74,1.20,308.06,19.06,3.68
2026-05-18 23:30:00+00:00,2.19,-2.94,1.12,306.67,16.95,3.84
2026-05-18 23:31:00+00:00,3.28,0.10,1.47,1.80,24.13,3.60
2026-05-18 23:32:00+00:00,2.94,1.27,1.78,23.36,29.02,3.66
2026-05-18 23:33:00+00:00,2.49,2.11,1.70,40.26,27.47,3.68
2026-05-18 23:34:00+00:00,2.08,3.05,0.80,55.70,12.26,3.77
2026-05-18 23:35:00+00:00,2.06,3.18,0.97,57.11,14.36,3.91
2026-05-18 23:36:00+00:00,2.11,3.03,1.05,55.12,15.86,3.84
2026-05-18 23:37:00+00:00,2.35,1.91,1.42,39.13,25.12,3.35
2026-05-18 23:38:00+00:00,2.05,-1.94,2.18,316.68,37.68,3.57
2026-05-18 23:39:00+00:00,2.79,0.80,2.06,16.06,35.43,3.56
2026-05-18 23:40:00+00:00,2.95,1.31,1.65,23.92,27.05,3.62
2026-05-18 23:41:00+00:00,2.52,1.02,2.10,22.10,37.70,3.44
2026-05-18 23:42:00+00:00,1.28,-1.44,3.44,311.72,60.74,3.95
2026-05-18 23:43:00+00:00,1.41,-0.64,3.73,335.51,67.47,4.04
2026-05-18 23:44:00+00:00,2.14,-0.31,3.22,351.75,56.11,3.88
2026-05-18 23:45:00+00:00,2.08,1.37,3.11,33.35,51.28,3.99
2026-05-18 23:46:00+00:00,1.02,3.32,2.21,73.01,32.44,4.12
2026-05-18 23:47:00+00:00,1.00,3.06,2.63,71.87,39.20,4.16
2026-05-18 23:48:00+00:00,1.16,2.14,3.23,61.58,53.04,4.05
2026-05-18 23:49:00+00:00,-0.18,1.67,3.89,96.02,66.62,4.23
2026-05-18 23:50:00+00:00,-0.23,1.69,3.88,97.82,66.25,4.24
2026-05-18 23:51:00+00:00,-0.03,1.92,3.63,90.93,62.10,4.11
2026-05-18 23:52:00+00:00,0.41,2.28,3.36,79.83,55.43,4.08
2026-05-18 23:53:00+00:00,-0.75,2.82,3.02,104.79,46.01,4.20
2026-05-18 23:54:00+00:00,-0.85,2.64,3.23,107.88,49.34,4.25
2026-05-18 23:55:00+00:00,-0.89,2.01,3.53,113.72,58.07,4.16
2026-05-18 23:56:00+00:00,-0.63,2.15,3.52,106.24,57.54,4.17
2026-05-18 23:57:00+00:00,1.04,2.62,2.80,68.32,44.86,3.97
2026-05-18 23:58:00+00:00,1.16,2.96,2.47,68.64,37.85,4.03
2026-05-18 23:59:00+00:00,1.14,3.03,2.46,69.36,37.26,4.06
2026-05-19 00:00:00+00:00,0.17,3.25,2.52,87.03,37.79,4.12
2026-05-19 00:01:00+00:00,0.55,1.65,3.63,71.47,64.35,4.03
2026-05-19 00:02:00+00:00,-0.06,2.82,3.02,91.27,46.94,4.13
2026-05-19 00:03:00+00:00,0.05,3.15,2.95,89.01,43.16,4.31
2026-05-19 00:04:00+00:00,-0.01,3.48,2.53,90.16,36.04,4.31
2026-05-19 00:05:00+00:00,-0.93,3.69,2.25,104.17,30.64,4.42
2026-05-19 00:06:00+00:00,-1.27,3.68,2.17,109.06,29.15,4.46
2026-05-19 00:07:00+00:00,-1.02,3.52,2.42,106.15,33.51,4.39
2026-05-19 00:08:00+00:00,-0.47,3.61,2.14,97.44,30.39,4.22
2026-05-19 00:09:00+00:00,-1.28,3.62,1.77,109.51,24.82,4.23
2026-05-19 00:10:00+00:00,2.12,-3.00,0.55,305.33,8.59,3.71
2026-05-19 00:11:00+00:00,1.90,-3.34,0.14,299.68,2.15,3.85
2026-05-19 00:12:00+00:00,2.51,-1.56,1.49,328.13,26.73,3.31
2026-05-19 00:13:00+00:00,2.80,-1.28,1.89,335.47,31.50,3.61
2026-05-19 00:14:00+00:00,2.51,-2.47,1.46,315.43,22.54,3.81
2026-05-19 00:15:00+00:00,2.53,-1.49,1.99,329.50,34.09,3.55
2026-05-19 00:16:00+00:00,3.14,-0.36,1.83,353.40,30.02,3.65
2026-05-19 00:17:00+00:00,3.13,-0.98,1.76,342.71,28.18,3.72
2026-05-19 00:18:00+00:00,3.31,-1.02,1.29,342.85,20.37,3.70
2026-05-19 00:19:00+00:00,3.39,-0.48,1.25,351.86,20.00,3.64
2026-05-19 00:20:00+00:00,3.34,-0.24,1.28,355.82,20.96,3.59
2026-05-19 00:21:00+00:00,3.36,-0.15,1.10,357.44,18.05,3.54
2026-05-19 00:22:00+00:00,2.54,0.24,2.22,5.34,40.97,3.38
2026-05-19 00:23:00+00:00,2.19,0.19,1.84,5.03,40.01,2.87
2026-05-19 00:24:00+00:00,3.07,-1.87,0.16,328.68,2.62,3.60
2026-05-19 00:25:00+00:00,3.00,-1.85,-0.06,328.36,-0.98,3.53
2026-05-19 00:26:00+00:00,1.94,0.31,2.12,8.96,47.19,2.89
2026-05-19 00:27:00+00:00,1.72,1.25,2.71,35.94,51.95,3.45
2026-05-19 00:28:00+00:00,2.17,0.01,2.85,0.35,52.67,3.58
2026-05-19 00:29:00+00:00,2.33,0.72,2.81,17.11,48.98,3.72
2026-05-19 00:30:00+00:00,2.30,1.90,2.07,39.55,34.72,3.63
2026-05-19 00:31:00+00:00,2.42,1.22,2.61,26.83,43.89,3.76
2026-05-19 00:32:00+00:00,2.05,2.18,2.55,46.64,40.47,3.93
2026-05-19 00:33:00+00:00,1.91,2.46,2.06,52.29,33.53,3.74
2026-05-19 00:34:00+00:00,1.84,-2.76,1.50,303.60,24.41,3.64
2026-05-19 00:35:00+00:00,2.19,-0.02,2.09,359.37,43.61,3.02
2026-05-19 00:36:00+00:00,2.24,0.87,2.33,21.21,44.04,3.35
2026-05-19 00:37:00+00:00,1.95,-2.83,1.19,304.55,19.04,3.64
2026-05-19 00:38:00+00:00,1.68,-3.64,0.61,294.83,8.65,4.05
2026-05-19 00:39:00+00:00,1.47,-3.40,1.21,293.40,18.14,3.90
2026-05-19 00:40:00+00:00,0.82,-3.62,1.36,282.84,20.16,3.95
2026-05-19 00:41:00+00:00,1.22,-3.64,0.84,288.56,12.37,3.93
2026-05-19 00:42:00+00:00,1.55,-2.50,1.38,301.83,25.08,3.24
2026-05-19 00:43:00+00:00,2.27,-1.37,1.02,328.90,21.02,2.84
2026-05-19 00:44:00+00:00,2.23,-0.89,1.81,338.11,37.00,3.00
2026-05-19 00:45:00+00:00,1.57,-3.28,1.31,295.54,19.87,3.87
2026-05-19 00:46:00+00:00,1.51,-3.53,1.25,293.23,18.05,4.04
2026-05-19 00:47:00+00:00,1.97,-3.34,1.10,300.51,15.86,4.03
2026-05-19 00:48:00+00:00,2.50,-3.05,1.05,309.28,14.88,4.08
2026-05-19 00:49:00+00:00,1.27,-3.49,1.95,289.95,27.68,4.19
2026-05-19 00:50:00+00:00,1.01,-4.18,1.37,283.55,17.70,4.51
2026-05-19 00:51:00+00:00,1.16,-3.92,1.47,286.54,19.81,4.35
2026-05-19 00:52:00+00:00,1.42,-4.01,0.64,289.53,8.52,4.30
2026-05-19 00:53:00+00:00,2.00,-3.75,-0.28,298.10,-3.77,4.26
2026-05-19 00:54:00+00:00,2.52,-3.41,0.15,306.51,1.98,4.24
2026-05-19 00:55:00+00:00,2.58,-3.34,0.15,307.75,2.03,4.22
2026-05-19 00:56:00+00:00,2.63,-3.36,-0.05,308.07,-0.72,4.27
2026-05-19 00:57:00+00:00,2.32,-3.70,-0.02,302.08,-0.22,4.37
2026-05-19 00:58:00+00:00,2.89,-2.76,-1.34,316.32,-18.52,4.22
2026-05-19 00:59:00+00:00,3.10,-2.89,-0.40,317.05,-5.46,4.26
2026-05-19 01:00:00+00:00,3.52,-2.14,0.48,328.70,6.61,4.15
2026-05-19 01:01:00+00:00,3.45,-2.03,1.17,329.46,16.23,4.17
2026-05-19 01:02:00+00:00,3.63,-2.00,0.77,331.15,10.51,4.21
2026-05-19 01:03:00+00:00,3.67,-2.03,0.49,330.99,6.64,4.22
2026-05-19 01:04:00+00:00,3.79,-1.86,0.21,333.89,2.78,4.23
2026-05-19 01:05:00+00:00,3.94,-0.82,-1.44,348.28,-19.74,4.27
2026-05-19 01:06:00+00:00,4.11,-1.56,0.82,339.20,10.56,4.47
2026-05-19 01:07:00+00:00,4.18,-1.53,0.91,339.88,11.61,4.54
2026-05-19 01:08:00+00:00,4.10,-0.96,1.47,346.85,19.28,4.46
2026-05-19 01:09:00+00:00,4.10,-0.86,1.21,348.16,16.07,4.35
2026-05-19 01:10:00+00:00,4.33,-1.04,-0.04,346.48,-0.45,4.45
2026-05-19 01:11:00+00:00,4.29,-1.29,-1.11,343.25,-13.88,4.62
2026-05-19 01:12:00+00:00,3.89,-0.37,-2.41,354.61,-31.70,4.60
2026-05-19 01:13:00+00:00,4.24,-0.84,-1.61,348.76,-20.39,4.61
2026-05-19 01:14:00+00:00,4.28,0.50,-1.36,6.73,-17.48,4.51
2026-05-19 01:15:00+00:00,4.49,0.17,0.63,2.11,7.97,4.54
2026-05-19 01:16:00+00:00,4.42,0.42,0.91,5.48,11.56,4.53
2026-05-19 01:17:00+00:00,4.42,0.46,0.80,5.94,10.26,4.51
2026-05-19 01:18:00+00:00,4.38,0.55,0.63,7.21,8.07,4.46
2026-05-19 01:19:00+00:00,4.42,0.62,0.83,8.01,10.49,4.54
2026-05-19 01:20:00+00:00,4.38,0.80,0.10,10.40,1.29,4.45
2026-05-19 01:21:00+00:00,4.13,1.11,-0.16,15.06,-2.10,4.28
2026-05-19 01:22:00+00:00,4.25,1.05,-0.73,13.85,-9.41,4.44
2026-05-19 01:23:00+00:00,4.35,1.23,-1.12,15.77,-13.87,4.66
2026-05-19 01:24:00+00:00,4.02,1.45,-1.65,19.79,-21.14,4.58
2026-05-19 01:25:00+00:00,3.94,1.55,-1.87,21.51,-23.80,4.63
2026-05-19 01:26:00+00:00,3.78,1.55,-2.03,22.29,-26.47,4.56
2026-05-19 01:27:00+00:00,2.49,1.70,-3.51,34.26,-49.38,4.63
2026-05-19 01:28:00+00:00,2.92,2.60,-2.60,41.72,-33.59,4.69
2026-05-19 01:29:00+00:00,2.34,2.67,-3.08,48.80,-41.00,4.70
2026-05-19 01:30:00+00:00,2.71,2.28,-3.18,40.06,-41.86,4.76
2026-05-19 01:31:00+00:00,1.72,2.54,-3.24,55.91,-46.56,4.46
2026-05-19 01:32:00+00:00,1.82,2.35,-3.03,52.22,-45.52,4.25
2026-05-19 01:33:00+00:00,2.63,1.76,-3.30,33.85,-46.23,4.57
2026-05-19 01:34:00+00:00,1.89,3.05,-2.76,58.27,-37.61,4.53
2026-05-19 01:35:00+00:00,1.83,2.88,-3.03,57.67,-41.58,4.56
2026-05-19 01:36:00+00:00,1.40,1.90,-3.61,53.55,-56.83,4.31
2026-05-19 01:37:00+00:00,1.18,3.09,-3.09,69.05,-43.04,4.52
2026-05-19 01:38:00+00:00,1.16,3.01,-3.18,68.95,-44.61,4.53
2026-05-19 01:39:00+00:00,1.68,3.15,-2.80,61.85,-38.09,4.53
2026-05-19 01:40:00+00:00,1.41,3.42,-2.77,67.52,-36.82,4.62
2026-05-19 01:41:00+00:00,0.93,3.65,-2.75,75.65,-36.14,4.67
2026-05-19 01:42:00+00:00,0.88,3.85,-2.56,77.19,-32.96,4.71
2026-05-19 01:43:00+00:00,0.15,3.27,-3.41,87.39,-46.13,4.73
2026-05-19 01:44:00+00:00,-0.12,3.26,-3.55,92.08,-47.39,4.82
2026-05-19 01:45:00+00:00,0.25,3.31,-3.33,85.75,-45.11,4.70
2026-05-19 01:46:00+00:00,0.42,3.85,-2.65,83.76,-34.38,4.69
2026-05-19 01:47:00+00:00,1.00,3.62,-2.41,74.47,-32.73,4.46
2026-05-19 01:48:00+00:00,0.98,3.82,-2.29,75.67,-30.09,4.56
2026-05-19 01:49:00+00:00,1.05,3.73,-2.20,74.30,-29.59,4.46
2026-05-19 01:50:00+00:00,1.88,1.71,-3.66,42.39,-55.25,4.45
2026-05-19 01:51:00+00:00,1.10,3.36,-3.10,71.82,-41.19,4.70
2026-05-19 01:52:00+00:00,1.22,3.56,-2.82,71.07,-36.82,4.70
2026-05-19 01:53:00+00:00,0.18,4.02,-2.62,87.50,-33.15,4.80
2026-05-19 01:54:00+00:00,0.01,4.04,-2.68,89.80,-33.53,4.84
2026-05-19 01:55:00+00:00,-0.15,3.80,-3.28,92.26,-40.76,5.03
2026-05-19 01:56:00+00:00,-0.33,3.37,-3.68,95.58,-47.42,5.00
2026-05-19 01:57:00+00:00,-0.31,3.40,-3.67,95.28,-47.12,5.01
2026-05-19 01:58:00+00:00,-0.88,3.32,-3.61,104.75,-46.44,4.99
2026-05-19 01:59:00+00:00,-0.69,3.61,-3.26,100.83,-41.63,4.91
2026-05-19 02:00:00+00:00,-0.46,3.23,-3.62,98.07,-47.97,4.88
2026-05-19 02:01:00+00:00,0.31,2.63,-4.08,83.38,-56.98,4.86
2026-05-19 02:02:00+00:00,0.60,2.74,-3.81,77.67,-53.58,4.73
2026-05-19 02:03:00+00:00,0.92,3.60,-2.19,75.72,-30.54,4.32
2026-05-19 02:04:00+00:00,1.44,3.80,-1.78,69.27,-23.67,4.43
2026-05-19 02:05:00+00:00,0.94,3.31,-2.55,74.17,-36.58,4.28
2026-05-19 02:06:00+00:00,2.58,0.92,-3.37,19.58,-50.85,4.34
2026-05-19 02:07:00+00:00,2.43,0.64,-3.69,14.73,-55.80,4.47
2026-05-19 02:08:00+00:00,2.58,0.42,-3.42,9.24,-52.54,4.31
2026-05-19 02:09:00+00:00,2.87,-0.94,-3.19,341.94,-46.57,4.39
2026-05-19 02:10:00+00:00,2.41,-2.37,-3.00,315.42,-41.59,4.52
2026-05-19 02:11:00+00:00,3.44,-0.66,-2.00,349.13,-29.73,4.04
2026-05-19 02:12:00+00:00,3.89,0.55,-1.92,8.00,-26.09,4.37
2026-05-19 02:13:00+00:00,3.53,-0.23,-2.56,356.29,-35.91,4.36
2026-05-19 02:14:00+00:00,3.37,-0.37,-3.09,353.70,-42.30,4.59
2026-05-19 02:15:00+00:00,3.71,-0.15,-2.84,357.69,-37.38,4.68
2026-05-19 02:16:00+00:00,3.24,-1.91,-2.52,329.50,-33.89,4.53
2026-05-19 02:17:00+00:00,2.50,-2.97,-2.25,310.08,-30.14,4.48
2026-05-19 02:18:00+00:00,2.18,-3.22,-2.19,304.07,-29.36,4.46
2026-05-19 02:19:00+00:00,2.05,-3.37,-2.46,301.25,-31.94,4.65
2026-05-19 02:20:00+00:00,2.29,-3.15,-2.41,306.02,-31.80,4.58
2026-05-19 02:21:00+00:00,2.62,-3.36,-1.47,307.89,-19.05,4.51
2026-05-19 02:22:00+00:00,3.37,-2.90,-0.08,319.28,-1.01,4.44
2026-05-19 02:23:00+00:00,3.02,-3.18,-0.43,313.51,-5.54,4.41
2026-05-19 02:24:00+00:00,2.27,-3.18,-1.94,305.56,-26.47,4.36
2026-05-19 02:25:00+00:00,1.90,-3.51,-1.60,298.49,-21.82,4.30
2026-05-19 02:26:00+00:00,1.48,-3.01,-3.07,296.20,-42.50,4.55
2026-05-19 02:27:00+00:00,1.52,-3.26,-2.95,294.96,-39.33,4.65
2026-05-19 02:28:00+00:00,2.05,-3.42,-2.06,300.98,-27.32,4.49
2026-05-19 02:29:00+00:00,2.74,-0.74,-3.24,344.84,-48.71,4.31
2026-05-19 02:30:00+00:00,2.94,-1.40,-2.95,334.49,-42.17,4.39
2026-05-19 02:31:00+00:00,3.14,-1.49,-2.70,334.61,-37.82,4.40
2026-05-19 02:32:00+00:00,3.22,-0.74,-2.89,347.03,-41.14,4.39
2026-05-19 02:33:00+00:00,2.80,-0.88,-3.12,342.58,-46.73,4.28
2026-05-19 02:34:00+00:00,1.93,-3.52,-1.91,298.67,-25.50,4.45
2026-05-19 02:35:00+00:00,1.40,-4.45,-1.34,287.45,-16.06,4.85
2026-05-19 02:36:00+00:00,1.00,-4.64,-1.00,282.11,-11.86,4.85
2026-05-19 02:37:00+00:00,0.86,-4.68,-1.03,280.41,-12.20,4.87
2026-05-19 02:38:00+00:00,1.06,-4.71,-0.88,282.64,-10.31,4.91
2026-05-19 02:39:00+00:00,0.59,-4.76,-1.06,277.05,-12.48,4.91
2026-05-19 02:40:00+00:00,0.77,-4.52,-1.62,279.63,-19.47,4.86
2026-05-19 02:41:00+00:00,0.48,-4.52,-1.71,276.07,-20.61,4.86
2026-05-19 02:42:00+00:00,0.34,-4.46,-1.42,274.33,-17.64,4.69
2026-05-19 02:43:00+00:00,0.87,-3.13,-2.52,285.50,-37.75,4.11
2026-05-19 02:44:00+00:00,1.91,0.19,-4.21,5.56,-65.50,4.63
2026-05-19 02:45:00+00:00,1.78,-0.02,-4.40,359.36,-67.96,4.74
2026-05-19 02:46:00+00:00,2.02,-0.63,-4.15,342.59,-62.93,4.66
2026-05-19 02:47:00+00:00,3.35,-1.79,-1.88,331.89,-26.38,4.24
2026-05-19 02:48:00+00:00,3.26,-2.36,-0.89,324.12,-12.51,4.13
2026-05-19 02:49:00+00:00,3.57,-1.67,-1.97,334.97,-26.48,4.41
2026-05-19 02:50:00+00:00,3.21,-2.29,-2.37,324.52,-31.06,4.60
2026-05-19 02:51:00+00:00,2.20,-2.63,-3.15,309.86,-42.55,4.66
2026-05-19 02:52:00+00:00,1.65,-2.40,-3.71,304.49,-51.88,4.72
2026-05-19 02:53:00+00:00,2.49,-2.42,-2.91,315.82,-40.01,4.53
2026-05-19 02:54:00+00:00,2.94,-2.71,-2.18,317.32,-28.64,4.55
2026-05-19 02:55:00+00:00,2.46,-2.81,-2.81,311.16,-36.91,4.67
2026-05-19 02:56:00+00:00,2.24,-2.66,-3.11,310.03,-41.79,4.66
2026-05-19 02:57:00+00:00,1.34,-3.20,-3.30,292.63,-43.55,4.79
2026-05-19 02:58:00+00:00,0.57,-3.66,-3.16,278.86,-40.45,4.87
2026-05-19 02:59:00+00:00,0.10,-3.21,-3.25,271.78,-45.41,4.57
2026-05-19 03:00:00+00:00,-0.64,-3.29,-3.65,258.91,-47.47,4.96
2026-05-19 03:01:00+00:00,-0.68,-1.86,-4.09,249.95,-64.18,4.54
2026-05-19 03:02:00+00:00,1.65,-1.32,2.93,321.39,54.17,3.62
2026-05-19 03:03:00+00:00,2.21,-0.84,3.79,339.10,58.05,4.47
2026-05-19 03:04:00+00:00,2.28,-1.72,3.55,323.05,51.22,4.56
2026-05-19 03:05:00+00:00,1.55,-3.09,1.88,296.58,28.61,3.94
2026-05-19 03:06:00+00:00,1.67,-2.89,1.22,299.93,20.00,3.55
2026-05-19 03:07:00+00:00,2.21,-3.34,0.69,303.50,9.75,4.06
2026-05-19 03:08:00+00:00,2.00,-3.33,-0.16,300.98,-2.39,3.89
2026-05-19 03:09:00+00:00,2.19,-2.84,-2.17,307.67,-31.14,4.19
2026-05-19 03:10:00+00:00,1.39,-3.28,-2.48,292.92,-34.87,4.34
2026-05-19 03:11:00+00:00,1.80,-3.42,-2.46,297.77,-32.48,4.58
2026-05-19 03:12:00+00:00,1.05,-3.56,-3.03,286.39,-39.29,4.79
2026-05-19 03:13:00+00:00,1.61,-3.32,-2.86,295.87,-37.78,4.66
2026-05-19 03:14:00+00:00,1.82,-2.89,-3.16,302.24,-42.78,4.65
2026-05-19 03:15:00+00:00,1.44,-2.32,-3.71,301.85,-53.63,4.61
2026-05-19 03:16:00+00:00,0.86,-1.54,-4.47,299.02,-68.47,4.81
2026-05-19 03:17:00+00:00,0.67,-1.29,-4.45,297.31,-71.88,4.69
2026-05-19 03:18:00+00:00,1.24,-0.75,-4.41,328.78,-71.76,4.64
2026-05-19 03:19:00+00:00,0.73,1.23,-4.90,59.09,-73.73,5.10
2026-05-19 03:20:00+00:00,0.43,0.97,-4.71,65.97,-77.27,4.83
2026-05-19 03:21:00+00:00,0.85,-0.44,-3.18,332.44,-73.25,3.32
2026-05-19 03:22:00+00:00,2.60,-3.34,-1.63,307.83,-21.09,4.54
2026-05-19 03:23:00+00:00,2.79,-3.18,-1.55,311.28,-20.15,4.51
2026-05-19 03:24:00+00:00,2.60,-3.09,-2.06,310.09,-27.05,4.53
2026-05-19 03:25:00+00:00,2.69,-2.71,-2.45,314.83,-32.71,4.54
2026-05-19 03:26:00+00:00,2.64,-2.09,-3.08,321.59,-42.47,4.56
2026-05-19 03:27:00+00:00,2.20,-2.22,-3.48,314.82,-48.10,4.68
2026-05-19 03:28:00+00:00,2.48,-1.25,-3.71,333.17,-53.14,4.63
2026-05-19 03:29:00+00:00,2.39,-1.87,-3.34,322.00,-47.76,4.51
2026-05-19 03:30:00+00:00,2.32,-1.88,-3.71,320.98,-51.23,4.76
2026-05-19 03:31:00+00:00,2.28,-1.56,-3.86,325.74,-54.42,4.75
2026-05-19 03:32:00+00:00,2.29,-1.30,-4.02,330.36,-56.73,4.80
2026-05-19 03:33:00+00:00,2.55,-1.31,-3.76,332.78,-52.64,4.73
2026-05-19 03:34:00+00:00,1.91,-0.57,-4.34,343.48,-65.36,4.77
2026-05-19 03:35:00+00:00,1.87,-0.03,-4.36,359.19,-66.84,4.75
2026-05-19 03:36:00+00:00,2.20,0.48,-4.17,12.33,-61.64,4.74
2026-05-19 03:37:00+00:00,2.31,0.81,-4.14,19.32,-59.42,4.81
2026-05-19 03:38:00+00:00,2.67,1.04,-3.80,21.22,-53.01,4.76
2026-05-19 03:39:00+00:00,3.24,1.29,-3.20,21.73,-42.46,4.73
2026-05-19 03:40:00+00:00,2.85,1.06,-3.49,20.29,-48.88,4.63
2026-05-19 03:41:00+00:00,2.57,1.07,-3.78,22.63,-53.62,4.69
2026-05-19 03:42:00+00:00,2.65,1.39,-3.56,27.62,-49.92,4.65
2026-05-19 03:43:00+00:00,2.47,1.27,-3.66,27.31,-52.82,4.59
2026-05-19 03:44:00+00:00,3.10,0.70,-2.94,12.67,-42.76,4.33
2026-05-19 03:45:00+00:00,2.41,1.08,-2.63,24.17,-44.81,3.73
2026-05-19 03:46:00+00:00,1.78,-0.08,-3.73,357.38,-64.43,4.14
2026-05-19 03:47:00+00:00,3.18,-1.02,-2.85,342.19,-40.47,4.39
2026-05-19 03:48:00+00:00,3.10,-1.04,-3.06,341.43,-43.09,4.48
2026-05-19 03:49:00+00:00,3.79,-0.24,-2.13,356.33,-29.26,4.35
2026-05-19 03:50:00+00:00,3.54,0.32,-2.48,5.22,-34.90,4.33
2026-05-19 03:51:00+00:00,3.07,0.59,-3.24,10.83,-46.06,4.51
2026-05-19 03:52:00+00:00,2.97,0.65,-3.43,12.36,-48.40,4.58
2026-05-19 03:53:00+00:00,2.96,0.70,-3.42,13.29,-48.34,4.58
2026-05-19 03:54:00+00:00,2.65,1.20,-3.75,24.36,-52.22,4.74
2026-05-19 03:55:00+00:00,2.15,1.67,-3.94,37.72,-55.37,4.79
2026-05-19 03:56:00+00:00,2.51,1.13,-3.71,24.24,-53.39,4.62
2026-05-19 03:57:00+00:00,1.33,2.56,-3.87,62.53,-53.34,4.83
2026-05-19 03:58:00+00:00,1.52,2.48,-3.90,58.55,-53.26,4.86
2026-05-19 04:00:00+00:00,1.19,3.58,-3.22,71.56,-40.45,4.96
2026-05-19 04:01:00+00:00,1.05,2.99,-3.61,70.71,-48.68,4.80
2026-05-19 04:02:00+00:00,1.28,2.94,-3.62,66.42,-48.49,4.84
2026-05-19 04:03:00+00:00,1.86,3.49,-3.11,61.91,-38.18,5.03
2026-05-19 04:04:00+00:00,1.79,3.70,-2.85,64.11,-34.77,5.00
2026-05-19 04:05:00+00:00,1.83,3.88,-2.57,64.82,-30.90,5.00
2026-05-19 04:06:00+00:00,1.66,4.08,-2.25,67.82,-27.09,4.95
2026-05-19 04:07:00+00:00,1.58,4.34,-2.00,70.01,-23.40,5.03
2026-05-19 04:08:00+00:00,1.19,4.45,-1.83,75.07,-21.70,4.95
2026-05-19 04:09:00+00:00,1.13,4.42,-1.90,75.70,-22.63,4.94
2026-05-19 04:10:00+00:00,1.10,4.05,-2.10,74.80,-26.52,4.69
2026-05-19 04:11:00+00:00,1.42,3.64,-2.56,68.67,-33.29,4.67
2026-05-19 04:12:00+00:00,1.29,3.69,-2.24,70.69,-29.75,4.51
2026-05-19 04:13:00+00:00,1.51,4.16,-1.56,70.06,-19.42,4.69
2026-05-19 04:14:00+00:00,1.61,4.06,-1.45,68.36,-18.36,4.60
2026-05-19 04:15:00+00:00,1.59,4.06,-1.28,68.58,-16.38,4.54
2026-05-19 04:16:00+00:00,1.64,0.30,-3.91,10.44,-66.92,4.25
2026-05-19 04:17:00+00:00,2.07,0.93,-3.60,24.32,-57.77,4.26
2026-05-19 04:18:00+00:00,1.89,0.60,-3.83,17.55,-62.62,4.31
2026-05-19 04:19:00+00:00,1.71,2.50,-3.19,55.64,-46.45,4.40
2026-05-19 04:20:00+00:00,1.00,4.17,-2.16,76.54,-26.78,4.80
2026-05-19 04:21:00+00:00,1.27,3.43,-2.96,69.68,-38.98,4.71
2026-05-19 04:22:00+00:00,2.26,2.72,-3.04,50.28,-40.60,4.66
2026-05-19 04:23:00+00:00,1.74,2.79,-3.38,57.98,-45.77,4.71
2026-05-19 04:24:00+00:00,1.65,2.85,-3.08,59.98,-43.12,4.51
2026-05-19 04:25:00+00:00,2.04,2.19,-3.29,47.05,-47.70,4.45
2026-05-19 04:26:00+00:00,1.67,1.71,-3.33,45.71,-54.33,4.10
2026-05-19 04:27:00+00:00,1.48,1.99,-3.62,53.29,-55.51,4.39
2026-05-19 04:28:00+00:00,0.91,1.44,-4.30,57.65,-68.32,4.63
2026-05-19 04:29:00+00:00,1.97,0.07,-3.93,1.93,-63.31,4.39
2026-05-19 04:30:00+00:00,1.72,0.92,-3.88,28.08,-63.41,4.34
2026-05-19 04:31:00+00:00,1.83,1.17,-3.86,32.60,-60.58,4.43
2026-05-19 04:32:00+00:00,1.58,1.19,-3.99,36.89,-63.62,4.45
2026-05-19 04:33:00+00:00,2.59,0.42,-3.03,9.30,-49.09,4.02
2026-05-19 04:34:00+00:00,3.63,-0.83,-1.82,347.13,-26.12,4.15
2026-05-19 04:35:00+00:00,3.49,0.74,-1.99,12.04,-29.18,4.09
2026-05-19 04:36:00+00:00,3.27,2.10,-1.45,32.73,-20.44,4.15
2026-05-19 04:37:00+00:00,3.55,2.08,-0.96,30.32,-13.18,4.22
2026-05-19 04:38:00+00:00,3.52,2.12,-0.77,31.03,-10.59,4.18
2026-05-19 04:39:00+00:00,3.33,2.43,-0.87,36.19,-11.90,4.21
2026-05-19 04:40:00+00:00,3.02,2.84,-1.16,43.31,-15.60,4.30
2026-05-19 04:41:00+00:00,2.40,2.95,-2.31,50.89,-31.22,4.45
2026-05-19 04:42:00+00:00,2.32,2.79,-2.54,50.29,-35.02,4.43
2026-05-19 04:43:00+00:00,2.73,2.64,-2.15,44.03,-29.48,4.37
2026-05-19 04:44:00+00:00,2.30,2.94,-1.26,51.98,-18.58,3.94
2026-05-19 04:45:00+00:00,1.62,2.79,-1.96,59.94,-31.32,3.78
2026-05-19 04:46:00+00:00,2.41,-0.40,-2.25,350.46,-42.66,3.32
2026-05-19 04:47:00+00:00,2.47,-2.11,-2.02,319.39,-31.84,3.82
2026-05-19 04:48:00+00:00,1.61,-0.80,-3.44,333.69,-62.40,3.88
2026-05-19 04:49:00+00:00,2.14,0.99,-2.91,24.97,-50.97,3.74
2026-05-19 04:50:00+00:00,2.49,1.27,-2.48,27.06,-41.57,3.73
2026-05-19 04:51:00+00:00,2.15,1.94,-2.36,42.06,-39.17,3.74
2026-05-19 04:52:00+00:00,1.97,2.21,-2.03,48.27,-34.45,3.59
2026-05-19 04:53:00+00:00,1.02,3.60,-0.22,74.21,-3.31,3.74
2026-05-19 04:54:00+00:00,2.57,1.43,-1.63,29.07,-28.94,3.36
2026-05-19 04:55:00+00:00,2.13,-2.80,-1.16,307.30,-18.26,3.71
2026-05-19 04:56:00+00:00,1.94,-3.26,-0.40,300.77,-6.07,3.82
2026-05-19 04:57:00+00:00,2.03,-3.12,-1.16,303.04,-17.31,3.89
2026-05-19 04:58:00+00:00,1.11,-3.83,-0.67,286.13,-9.53,4.04
2026-05-19 04:59:00+00:00,1.41,-3.70,-0.57,290.84,-8.18,4.00
2026-05-19 05:00:00+00:00,1.67,-3.68,-0.32,294.34,-4.54,4.05
2026-05-19 05:01:00+00:00,1.48,-3.76,0.02,291.50,0.30,4.04
2026-05-19 05:02:00+00:00,1.52,-3.81,0.25,291.73,3.48,4.11
2026-05-19 05:03:00+00:00,1.53,-3.60,0.30,293.02,4.35,3.92
2026-05-19 05:04:00+00:00,1.32,-3.49,0.92,290.65,13.92,3.84
2026-05-19 05:05:00+00:00,1.57,-3.33,1.13,295.26,17.08,3.86
2026-05-19 05:06:00+00:00,2.12,-3.11,0.99,304.32,14.68,3.89
2026-05-19 05:07:00+00:00,1.80,-3.32,0.96,298.50,14.32,3.89
2026-05-19 05:08:00+00:00,2.12,-3.13,0.55,304.15,8.23,3.82
2026-05-19 05:09:00+00:00,2.65,-2.50,-0.28,316.73,-4.44,3.65
2026-05-19 05:10:00+00:00,3.37,-1.47,0.07,336.41,1.03,3.68
2026-05-19 05:11:00+00:00,3.70,-0.68,0.00,349.54,0.00,3.76
2026-05-19 05:12:00+00:00,3.79,0.00,0.09,359.98,1.40,3.79
2026-05-19 05:13:00+00:00,3.75,-0.03,0.19,359.52,2.87,3.75
2026-05-19 05:14:00+00:00,3.82,-0.11,0.09,358.30,1.35,3.82
2026-05-19 05:15:00+00:00,3.81,-0.16,0.32,357.65,4.77,3.83
2026-05-19 05:16:00+00:00,3.80,-0.09,-0.25,358.64,-3.79,3.81
2026-05-19 05:17:00+00:00,3.78,-0.36,-0.24,354.62,-3.67,3.80
2026-05-19 05:18:00+00:00,3.83,-0.71,-0.17,349.46,-2.50,3.90
2026-05-19 05:19:00+00:00,3.68,-0.85,-0.50,347.00,-7.48,3.80
2026-05-19 05:20:00+00:00,3.75,-0.32,-0.52,355.09,-7.87,3.80
2026-05-19 05:21:00+00:00,2.97,0.74,-2.64,13.94,-40.73,4.04
2026-05-19 05:22:00+00:00,3.05,0.36,-2.63,6.81,-40.64,4.04
2026-05-19 05:23:00+00:00,2.78,-0.43,-2.97,351.22,-46.51,4.09
2026-05-19 05:24:00+00:00,2.26,-1.05,-3.48,335.07,-54.40,4.28
2026-05-19 05:25:00+00:00,2.28,-1.71,-3.17,323.07,-48.07,4.26
2026-05-19 05:26:00+00:00,2.99,-1.23,-2.34,337.72,-35.86,3.99
2026-05-19 05:27:00+00:00,3.24,0.23,-2.46,4.02,-37.14,4.08
2026-05-19 05:28:00+00:00,2.77,1.36,-2.77,26.17,-41.92,4.15
2026-05-19 05:29:00+00:00,2.22,1.14,-3.67,27.24,-55.83,4.44
2026-05-19 05:30:00+00:00,1.73,-0.31,-4.07,349.94,-66.67,4.43
2026-05-19 05:31:00+00:00,1.39,-0.80,-4.18,330.22,-69.00,4.48
2026-05-19 05:32:00+00:00,1.80,-0.96,-3.76,332.04,-61.51,4.28
2026-05-19 05:33:00+00:00,1.34,-0.59,-3.96,336.37,-69.75,4.22
2026-05-19 05:34:00+00:00,2.34,-1.63,-2.95,325.19,-45.97,4.11
2026-05-19 05:35:00+00:00,0.84,-0.82,-3.97,315.53,-73.56,4.14
2026-05-19 05:36:00+00:00,0.95,-0.69,-4.19,323.75,-74.35,4.35
2026-05-19 05:37:00+00:00,1.20,-0.99,-4.13,320.40,-69.38,4.41
2026-05-19 05:38:00+00:00,1.48,-1.72,-3.69,310.67,-58.47,4.33
2026-05-19 05:39:00+00:00,1.89,-2.08,-3.26,312.18,-49.21,4.30
2026-05-19 05:40:00+00:00,1.83,-2.98,-2.58,301.56,-36.43,4.34
2026-05-19 05:41:00+00:00,1.61,-3.33,-2.44,295.83,-33.41,4.44
2026-05-19 05:42:00+00:00,1.69,-3.36,-2.24,296.72,-30.79,4.38
2026-05-19 05:43:00+00:00,2.34,-3.29,-1.74,305.43,-23.29,4.40
2026-05-19 05:44:00+00:00,1.85,-1.95,-2.98,313.53,-48.02,4.01
2026-05-19 05:45:00+00:00,1.23,-0.55,-4.30,335.96,-72.66,4.51
2026-05-19 05:46:00+00:00,0.30,-2.84,-3.35,276.01,-49.58,4.40
2026-05-19 05:47:00+00:00,1.01,-1.82,-3.63,299.11,-60.15,4.19
2026-05-19 05:48:00+00:00,1.33,-2.50,-2.65,297.96,-43.18,3.88
2026-05-19 05:49:00+00:00,0.24,-1.73,-4.13,277.94,-67.07,4.49
2026-05-19 05:50:00+00:00,0.73,-1.48,-4.17,296.41,-68.42,4.49
2026-05-19 05:51:00+00:00,0.54,-1.38,-4.43,291.25,-71.47,4.67
2026-05-19 05:52:00+00:00,1.29,-2.16,-3.88,300.90,-56.99,4.62
2026-05-19 05:53:00+00:00,1.00,-2.45,-3.90,292.26,-55.78,4.72
2026-05-19 05:54:00+00:00,1.56,-2.98,-3.08,297.54,-42.43,4.56
2026-05-19 05:55:00+00:00,1.37,-2.55,-3.49,298.22,-50.30,4.54
2026-05-19 05:56:00+00:00,1.40,-3.19,-2.80,293.69,-38.84,4.47
2026-05-19 05:57:00+00:00,1.28,-3.52,-2.38,289.97,-32.44,4.44
2026-05-19 05:58:00+00:00,1.41,-3.30,-2.21,293.20,-31.58,4.21
2026-05-19 05:59:00+00:00,1.17,-3.67,-2.44,287.76,-32.31,4.56
2026-05-19 06:00:00+00:00,0.97,-3.89,-1.97,283.96,-26.17,4.47
2026-05-19 06:01:00+00:00,1.51,-3.72,-1.81,292.08,-24.24,4.41
2026-05-19 06:02:00+00:00,1.66,-3.70,-1.36,294.17,-18.50,4.27
2026-05-19 06:03:00+00:00,1.76,-3.81,-1.25,294.82,-16.55,4.37
2026-05-19 06:04:00+00:00,1.09,-3.93,-1.77,285.50,-23.49,4.45
2026-05-19 06:05:00+00:00,1.01,-3.75,-1.85,285.12,-25.53,4.30
2026-05-19 06:06:00+00:00,1.42,-3.88,-0.38,290.07,-5.28,4.15
2026-05-19 06:07:00+00:00,1.59,-3.39,-1.94,295.18,-27.36,4.22
2026-05-19 06:08:00+00:00,1.35,-3.45,-1.88,291.39,-26.88,4.16
2026-05-19 06:09:00+00:00,1.14,-3.02,-2.56,290.70,-38.44,4.12
2026-05-19 06:10:00+00:00,1.11,-3.02,-2.68,290.18,-39.77,4.19
2026-05-19 06:11:00+00:00,0.50,-1.54,-3.54,288.00,-65.47,3.89
2026-05-19 06:12:00+00:00,0.02,-1.19,-3.68,270.75,-72.13,3.86
2026-05-19 06:13:00+00:00,0.06,-0.48,-3.93,277.26,-82.97,3.96
2026-05-19 06:17:00+00:00,-1.14,2.70,-3.02,112.91,-45.85,4.21
2026-05-19 06:18:00+00:00,0.35,-0.67,-2.64,297.43,-74.11,2.75
2026-05-19 06:19:00+00:00,0.89,-1.64,-3.42,298.50,-61.34,3.90
2026-05-19 06:20:00+00:00,-0.16,-0.04,-4.09,193.21,-87.76,4.09
2026-05-19 06:21:00+00:00,0.12,0.59,-3.91,78.13,-81.17,3.95
2026-05-19 06:22:00+00:00,0.88,-1.66,-3.26,298.06,-60.09,3.77
2026-05-19 06:23:00+00:00,0.75,-1.83,-3.09,292.31,-57.30,3.67
2026-05-19 06:24:00+00:00,0.89,-2.15,-3.02,292.40,-52.34,3.81
2026-05-19 06:25:00+00:00,0.53,-1.42,-3.38,290.49,-65.83,3.70
2026-05-19 06:26:00+00:00,1.26,0.37,-2.96,16.55,-66.07,3.24
2026-05-19 06:27:00+00:00,1.37,0.64,-2.61,25.05,-59.91,3.01
2026-05-19 06:28:00+00:00,0.00,-3.46,-1.92,269.96,-29.04,3.95
2026-05-19 06:31:00+00:00,0.74,-3.20,-1.88,282.94,-29.85,3.79
2026-05-19 06:32:00+00:00,0.45,-3.39,-4.73,277.60,-54.14,5.83
2026-05-19 06:33:00+00:00,0.86,-4.56,-3.64,280.62,-38.06,5.90
2026-05-19 06:34:00+00:00,1.30,-5.44,-2.37,283.46,-22.98,6.08
2026-05-19 06:35:00+00:00,1.07,-6.76,-1.34,278.99,-11.11,6.97
2026-05-19 06:36:00+00:00,0.79,-6.62,-0.87,276.82,-7.40,6.73
2026-05-19 06:37:00+00:00,0.75,-6.40,1.02,276.65,9.01,6.52
2026-05-19 06:38:00+00:00,0.42,-3.20,1.82,277.55,29.47,3.70
2026-05-19 06:39:00+00:00,-0.99,2.75,4.80,109.76,58.69,5.61
2026-05-19 06:40:00+00:00,-1.42,0.39,4.19,164.52,70.66,4.44
2026-05-19 06:41:00+00:00,-1.15,-1.87,4.47,238.46,63.84,4.98
2026-05-19 06:42:00+00:00,-1.22,-2.34,5.04,242.53,62.36,5.69
2026-05-19 06:43:00+00:00,-1.31,-1.45,5.24,228.02,69.58,5.59
2026-05-19 06:44:00+00:00,-0.68,-3.43,3.82,258.72,47.54,5.18
2026-05-19 06:45:00+00:00,-0.40,-4.21,3.41,264.58,38.95,5.43
2026-05-19 06:46:00+00:00,-1.16,-5.50,0.98,258.12,9.92,5.70
2026-05-19 06:47:00+00:00,-0.24,-5.21,2.66,267.32,26.98,5.86
2026-05-19 06:48:00+00:00,-0.90,-5.57,-2.00,260.77,-19.52,5.98
2026-05-19 06:49:00+00:00,-1.70,-2.98,-6.45,240.33,-61.95,7.30
2026-05-19 06:50:00+00:00,-1.83,-1.83,-6.99,225.06,-69.70,7.45
2026-05-19 06:51:00+00:00,-1.83,-1.97,-7.01,227.09,-69.04,7.50
2026-05-19 06:52:00+00:00,-1.53,-1.92,-6.86,231.57,-70.29,7.28
2026-05-19 06:53:00+00:00,-1.35,-0.73,-7.22,208.23,-77.98,7.38
2026-05-19 06:54:00+00:00,-1.20,-0.18,-7.32,188.54,-80.60,7.42
2026-05-19 06:55:00+00:00,-0.63,-0.52,-6.99,219.70,-83.31,7.03
2026-05-19 06:56:00+00:00,-1.52,-1.30,-6.99,220.56,-74.03,7.27
2026-05-19 06:57:00+00:00,-1.26,-1.35,-7.02,226.96,-75.25,7.26
2026-05-19 06:58:00+00:00,-1.16,-2.09,-6.76,241.02,-70.51,7.18
2026-05-19 06:59:00+00:00,-1.42,-2.87,-5.73,243.65,-60.82,6.56
2026-05-19 07:00:00+00:00,-2.00,-4.83,-3.65,247.49,-34.89,6.38
2026-05-19 07:01:00+00:00,-2.54,-4.74,-4.58,241.78,-40.41,7.06
2026-05-19 07:02:00+00:00,-2.53,-4.26,-3.16,239.35,-32.54,5.88
2026-05-19 07:03:00+00:00,-1.71,-3.75,-4.21,245.47,-45.59,5.90
2026-05-19 07:04:00+00:00,-0.21,-2.96,-5.73,265.84,-62.63,6.45
2026-05-19 07:05:00+00:00,-0.95,-3.10,-6.16,253.03,-62.21,6.96
2026-05-19 07:06:00+00:00,-0.67,-3.74,-5.57,259.86,-55.74,6.74
2026-05-19 07:07:00+00:00,-0.81,-4.55,-5.28,259.96,-48.82,7.02
2026-05-19 07:08:00+00:00,0.21,-4.47,-5.23,272.70,-49.44,6.88
2026-05-19 07:09:00+00:00,-2.06,-6.25,-3.95,251.78,-30.97,7.67
2026-05-19 07:10:00+00:00,-1.19,-4.83,-5.25,256.18,-46.57,7.24
2026-05-19 07:11:00+00:00,-2.65,-5.35,-4.23,243.65,-35.34,7.31
2026-05-19 07:12:00+00:00,-2.37,-5.05,-4.52,244.84,-38.99,7.18
2026-05-19 07:13:00+00:00,-1.24,-2.69,-6.53,245.36,-65.58,7.17
2026-05-19 07:14:00+00:00,-1.34,-1.42,-7.07,226.60,-74.53,7.33
2026-05-19 07:15:00+00:00,-0.36,-3.12,-6.18,263.36,-63.01,6.93
2026-05-19 07:16:00+00:00,0.40,-1.08,-6.78,290.19,-80.33,6.87
2026-05-19 07:17:00+00:00,-1.42,-5.40,-4.08,255.26,-36.19,6.92
2026-05-19 07:18:00+00:00,-2.00,-6.49,-2.70,252.88,-21.70,7.30
2026-05-19 07:19:00+00:00,-2.27,-6.15,-3.35,249.72,-27.09,7.37
2026-05-19 07:20:00+00:00,-2.09,-5.95,-3.01,250.67,-25.54,6.99
2026-05-19 07:21:00+00:00,-2.30,-4.47,-4.97,242.82,-44.64,7.07
2026-05-19 07:22:00+00:00,-2.75,-6.05,-3.19,245.53,-25.65,7.37
2026-05-19 07:23:00+00:00,-2.65,-5.67,-3.75,244.92,-30.91,7.30
2026-05-19 07:24:00+00:00,-1.71,-5.93,-3.18,253.88,-27.29,6.94
2026-05-19 07:25:00+00:00,-1.61,-4.97,-4.82,252.07,-42.66,7.11
2026-05-19 07:26:00+00:00,-2.31,-5.25,-4.04,246.27,-35.20,7.02
2026-05-19 07:27:00+00:00,-3.35,-4.53,-2.55,233.49,-24.37,6.18
2026-05-19 07:28:00+00:00,-3.90,-4.20,-1.74,227.11,-16.89,5.99
2026-05-19 07:29:00+00:00,-3.34,-3.99,-1.84,230.05,-19.46,5.52
2026-05-19 07:30:00+00:00,0.29,-0.09,-6.30,342.75,-87.21,6.31
2026-05-19 07:31:00+00:00,1.20,-3.04,-5.04,291.59,-57.07,6.01
2026-05-19 07:32:00+00:00,1.89,-3.01,-5.18,302.08,-55.56,6.29
2026-05-19 07:33:00+00:00,0.12,-0.30,-7.42,291.44,-87.48,7.42
2026-05-19 07:34:00+00:00,0.99,0.00,-6.75,0.05,-81.62,6.83
2026-05-19 07:35:00+00:00,1.99,0.26,-6.15,7.34,-71.88,6.47
2026-05-19 07:36:00+00:00,1.52,-0.53,-5.72,340.65,-74.24,5.94
2026-05-19 07:37:00+00:00,2.12,-1.35,-4.94,327.45,-63.04,5.54
2026-05-19 07:38:00+00:00,1.89,-0.31,-5.34,350.77,-70.33,5.68
2026-05-19 07:39:00+00:00,3.85,1.62,-3.73,22.76,-41.81,5.60
2026-05-19 07:40:00+00:00,4.79,1.79,-1.68,20.53,-18.18,5.38
2026-05-19 07:41:00+00:00,5.05,1.97,0.07,21.27,0.78,5.42
2026-05-19 07:42:00+00:00,5.27,2.10,-0.13,21.76,-1.30,5.67
2026-05-19 07:43:00+00:00,5.03,1.85,1.54,20.20,16.08,5.58
2026-05-19 07:44:00+00:00,4.53,0.87,2.23,10.85,25.75,5.12
2026-05-19 07:45:00+00:00,4.35,-0.15,2.65,358.02,31.31,5.10
2026-05-19 07:46:00+00:00,3.94,1.54,2.73,21.38,32.83,5.03
2026-05-19 07:47:00+00:00,2.55,4.68,2.07,61.49,21.26,5.72
2026-05-19 07:48:00+00:00,1.26,4.69,2.90,74.99,30.87,5.66
2026-05-19 07:49:00+00:00,0.96,4.26,3.53,77.31,38.96,5.61
2026-05-19 07:50:00+00:00,-0.57,3.13,4.40,100.40,54.14,5.43
2026-05-19 07:51:00+00:00,-0.31,2.62,4.70,96.66,60.75,5.39
2026-05-19 07:52:00+00:00,1.44,2.85,3.97,63.28,51.18,5.09
2026-05-19 07:53:00+00:00,1.43,2.87,4.11,63.43,52.07,5.21
2026-05-19 07:54:00+00:00,4.34,-0.15,3.43,358.05,38.34,5.54
2026-05-19 07:55:00+00:00,3.04,-4.31,0.21,305.21,2.23,5.28
2026-05-19 07:56:00+00:00,1.59,-5.08,-0.07,287.40,-0.77,5.32
2026-05-19 07:57:00+00:00,1.58,-5.05,-1.23,287.38,-13.04,5.43
2026-05-19 07:58:00+00:00,2.32,-2.32,-3.20,314.92,-44.30,4.58
2026-05-19 07:59:00+00:00,2.34,-3.42,-1.78,304.42,-23.19,4.51
2026-05-19 08:00:00+00:00,3.20,-4.44,-1.90,305.77,-19.15,5.79
2026-05-19 08:01:00+00:00,2.64,-2.91,-2.79,312.19,-35.39,4.81
2026-05-19 08:02:00+00:00,2.75,-1.55,-3.50,330.58,-47.95,4.72
2026-05-19 08:03:00+00:00,2.29,-3.58,-2.94,302.66,-34.68,5.17
2026-05-19 08:04:00+00:00,1.53,-5.07,-1.45,286.83,-15.32,5.50
2026-05-19 08:05:00+00:00,2.40,-4.81,-2.34,296.48,-23.54,5.87
2026-05-19 08:06:00+00:00,3.24,-3.14,-3.32,315.88,-36.36,5.60
2026-05-19 08:07:00+00:00,2.12,-4.25,-3.55,296.56,-36.78,5.93
2026-05-19 08:08:00+00:00,2.21,-4.28,-3.84,297.37,-38.57,6.16
2026-05-19 08:09:00+00:00,1.79,-3.39,-4.86,297.83,-51.69,6.19
2026-05-19 08:10:00+00:00,1.31,-3.17,-5.38,292.49,-57.44,6.38
2026-05-19 08:11:00+00:00,0.90,-3.22,-5.69,285.57,-59.59,6.60
2026-05-19 08:12:00+00:00,1.36,-3.09,-5.50,293.71,-58.46,6.46
2026-05-19 08:13:00+00:00,2.12,-3.61,-5.07,300.40,-50.45,6.57
2026-05-19 08:14:00+00:00,2.72,-3.32,-4.96,309.24,-49.15,6.56
2026-05-19 08:15:00+00:00,2.64,-2.93,-5.17,312.05,-52.62,6.50
2026-05-19 08:16:00+00:00,1.57,-3.44,-5.40,294.54,-54.95,6.59
2026-05-19 08:17:00+00:00,0.26,-4.52,-4.62,273.33,-45.59,6.47
2026-05-19 08:18:00+00:00,-0.49,-4.34,-4.57,263.51,-46.28,6.32
2026-05-19 08:19:00+00:00,1.00,0.83,-6.96,39.66,-79.44,7.08
2026-05-19 08:20:00+00:00,1.12,1.00,-6.68,41.68,-77.32,6.85
2026-05-19 08:21:00+00:00,-0.72,-4.79,-3.77,261.49,-37.91,6.13
2026-05-19 08:22:00+00:00,0.61,-1.99,-6.65,286.94,-72.61,6.97
2026-05-19 08:23:00+00:00,2.60,0.04,-6.30,0.80,-67.55,6.82
2026-05-19 08:24:00+00:00,2.06,1.59,-6.59,37.74,-68.45,7.09
2026-05-19 08:25:00+00:00,2.84,3.97,-4.97,54.42,-45.50,6.97
2026-05-19 08:26:00+00:00,2.50,4.49,-4.46,60.93,-40.91,6.80
2026-05-19 08:27:00+00:00,2.22,4.69,-3.82,64.62,-36.41,6.44
2026-05-19 08:28:00+00:00,1.38,1.91,-6.58,54.13,-70.31,6.99
2026-05-19 08:29:00+00:00,1.11,2.26,-6.26,63.80,-68.08,6.74
2026-05-19 08:30:00+00:00,0.97,-1.95,-5.80,296.50,-69.43,6.19
2026-05-19 08:31:00+00:00,-0.13,-0.45,-5.93,253.73,-85.43,5.95
2026-05-19 08:32:00+00:00,-0.32,-4.17,-4.10,265.59,-44.42,5.86
2026-05-19 08:33:00+00:00,0.16,-2.02,-5.55,274.55,-69.89,5.91
2026-05-19 08:34:00+00:00,-0.68,-6.54,-1.56,264.05,-13.40,6.75
2026-05-19 08:35:00+00:00,0.33,-5.99,-1.80,273.13,-16.70,6.26
2026-05-19 08:36:00+00:00,-0.20,-5.30,-2.66,267.87,-26.69,5.93
2026-05-19 08:37:00+00:00,0.45,-4.06,-3.68,276.27,-42.04,5.50
2026-05-19 08:38:00+00:00,2.38,4.88,-3.19,63.94,-30.45,6.30
2026-05-19 08:39:00+00:00,2.58,5.63,-1.32,65.37,-12.01,6.33
2026-05-19 08:40:00+00:00,2.64,4.16,-3.83,57.63,-37.82,6.24
2026-05-19 08:41:00+00:00,3.05,3.66,-4.42,50.20,-42.83,6.49
2026-05-19 08:42:00+00:00,2.29,3.94,-4.23,59.87,-42.86,6.22
2026-05-19 08:43:00+00:00,1.59,3.44,-5.59,65.17,-55.85,6.76
2026-05-19 08:47:00+00:00,1.71,-1.76,-5.76,314.10,-66.95,6.26
2026-05-19 08:48:00+00:00,-0.20,-4.47,-1.88,267.42,-22.77,4.85
2026-05-19 08:49:00+00:00,-1.92,-5.34,-0.18,250.19,-1.77,5.68
2026-05-19 08:50:00+00:00,-1.98,-5.46,1.93,250.05,18.40,6.12
2026-05-19 08:51:00+00:00,-2.04,-5.52,2.75,249.70,25.03,6.50
2026-05-19 08:52:00+00:00,-2.25,-5.83,-0.55,248.91,-5.00,6.27
2026-05-19 08:53:00+00:00,-2.02,-5.94,1.24,251.23,11.16,6.40
2026-05-19 08:54:00+00:00,-1.96,-5.81,-1.62,251.33,-14.82,6.34
2026-05-19 08:55:00+00:00,0.21,-5.70,-1.77,272.12,-17.21,5.97
2026-05-19 08:56:00+00:00,0.35,-6.29,-1.25,273.20,-11.24,6.43
2026-05-19 08:57:00+00:00,0.48,-5.71,-2.79,274.85,-25.96,6.37
2026-05-19 08:58:00+00:00,1.47,-3.85,-4.61,290.89,-48.21,6.18
2026-05-19 09:01:00+00:00,0.84,-3.78,-3.86,282.49,-44.91,5.46
2026-05-19 09:02:00+00:00,0.13,-4.67,-1.78,271.54,-20.87,5.00
2026-05-19 09:03:00+00:00,1.46,-3.27,-4.43,294.00,-51.03,5.70
2026-05-19 09:04:00+00:00,1.38,-2.27,-5.20,301.27,-62.98,5.84
2026-05-19 09:05:00+00:00,0.19,-2.96,-2.51,273.74,-40.19,3.89
2026-05-19 09:06:00+00:00,0.21,-1.42,-4.63,278.34,-72.82,4.85
2026-05-19 09:07:00+00:00,1.47,-3.12,-2.81,295.28,-39.18,4.46
2026-05-19 09:08:00+00:00,0.36,-3.73,-0.67,275.44,-10.14,3.81
2026-05-19 09:09:00+00:00,0.07,-5.31,2.66,270.77,26.61,5.93
2026-05-19 09:10:00+00:00,-0.70,-5.39,2.34,262.65,23.27,5.92
2026-05-19 09:11:00+00:00,-1.67,-5.28,1.65,252.44,16.59,5.77
2026-05-19 09:12:00+00:00,-1.44,-4.96,1.14,253.76,12.49,5.29
2026-05-19 09:13:00+00:00,0.92,-1.90,-1.78,295.76,-40.25,2.76
2026-05-19 09:14:00+00:00,3.18,1.66,-3.00,27.58,-39.85,4.67
2026-05-19 09:15:00+00:00,3.91,0.78,-3.11,11.28,-38.00,5.06
2026-05-19 09:16:00+00:00,3.61,0.61,-3.57,9.60,-44.28,5.11
2026-05-19 09:17:00+00:00,4.18,0.06,-3.44,0.76,-39.40,5.42
2026-05-19 09:18:00+00:00,-0.97,-3.03,-3.38,252.31,-46.67,4.64
2026-05-19 09:19:00+00:00,-0.55,-2.58,-2.23,258.05,-40.21,3.45
2026-05-19 09:20:00+00:00,-1.10,-5.02,-3.45,257.64,-33.87,6.19
2026-05-19 09:21:00+00:00,-1.11,-6.06,-3.06,259.66,-26.44,6.88
2026-05-19 09:22:00+00:00,-0.41,-5.92,-2.75,266.03,-24.86,6.54
2026-05-19 09:23:00+00:00,2.75,-4.92,-0.06,299.26,-0.62,5.64
2026-05-19 09:24:00+00:00,4.47,-2.85,2.57,327.49,25.85,5.89
2026-05-19 09:25:00+00:00,4.02,-2.94,1.73,323.77,19.16,5.27
2026-05-19 09:26:00+00:00,1.97,-3.69,1.11,298.11,14.82,4.33
2026-05-19 09:27:00+00:00,-0.13,-3.08,2.05,267.49,33.65,3.71
2026-05-19 09:28:00+00:00,-0.34,-3.42,3.68,264.31,46.94,5.03
2026-05-19 09:29:00+00:00,-0.51,-5.00,2.35,264.21,25.09,5.55
2026-05-19 09:30:00+00:00,-0.37,-6.32,-0.36,266.67,-3.27,6.34
2026-05-19 09:31:00+00:00,0.32,-2.63,-5.25,277.02,-63.24,5.88
2026-05-19 09:32:00+00:00,-1.53,-1.59,-5.52,226.00,-68.20,5.95
2026-05-19 09:33:00+00:00,-2.18,-0.05,-4.49,181.33,-64.10,4.99
2026-05-19 09:34:00+00:00,-1.12,-2.31,-4.77,244.21,-61.68,5.42
2026-05-19 09:35:00+00:00,0.19,-4.22,-3.47,272.55,-39.40,5.47
2026-05-19 09:36:00+00:00,0.34,-5.74,-1.20,273.41,-11.76,5.88
2026-05-19 09:37:00+00:00,-2.88,-5.55,-0.29,242.60,-2.63,6.26
2026-05-19 09:38:00+00:00,-1.24,-5.72,-1.87,257.78,-17.69,6.14
2026-05-19 09:39:00+00:00,-1.60,-5.83,-0.56,254.68,-5.27,6.07
2026-05-19 09:40:00+00:00,-1.79,-5.28,0.36,251.26,3.69,5.59
2026-05-19 09:41:00+00:00,-2.78,-5.03,-1.46,241.09,-14.27,5.93
2026-05-19 09:42:00+00:00,-3.92,-4.64,-1.98,229.79,-18.02,6.39
2026-05-19 09:43:00+00:00,-3.53,-4.88,-1.61,234.08,-15.00,6.24
2026-05-19 09:44:00+00:00,-3.13,-4.88,-0.29,237.32,-2.87,5.81
2026-05-19 09:45:00+00:00,-2.82,-4.98,0.24,240.48,2.45,5.73
2026-05-19 09:46:00+00:00,-3.04,-4.71,1.01,237.11,10.24,5.69
2026-05-19 09:47:00+00:00,-2.46,-4.18,1.34,239.51,15.39,5.03
2026-05-19 09:48:00+00:00,-2.50,-5.51,-0.28,245.55,-2.62,6.06
2026-05-19 09:49:00+00:00,-2.48,-5.62,0.70,246.20,6.49,6.18
2026-05-19 09:50:00+00:00,-1.53,-4.83,-0.60,252.40,-6.77,5.11
2026-05-19 09:51:00+00:00,1.20,-2.90,-6.58,292.54,-64.48,7.29
2026-05-19 09:52:00+00:00,1.28,-1.35,-6.95,313.30,-75.03,7.20
2026-05-19 09:53:00+00:00,1.52,-0.83,-6.98,331.33,-76.08,7.19
2026-05-19 09:54:00+00:00,0.17,-2.86,-6.47,273.47,-66.06,7.07
2026-05-19 09:55:00+00:00,0.09,-2.02,-6.95,272.58,-73.80,7.24
2026-05-19 09:56:00+00:00,0.11,-2.05,-7.08,273.16,-73.79,7.37
2026-05-19 09:57:00+00:00,-0.42,-4.58,-6.02,264.76,-52.63,7.58
2026-05-19 09:58:00+00:00,-1.81,-5.51,-5.15,251.86,-41.60,7.76
2026-05-19 10:00:00+00:00,-1.45,-5.85,-4.79,256.08,-38.47,7.70
2026-05-19 10:01:00+00:00,-1.23,-5.24,-5.44,256.73,-45.33,7.66
2026-05-19 10:02:00+00:00,-1.81,-4.56,-5.93,248.30,-50.38,7.69
2026-05-19 10:03:00+00:00,-1.45,-5.56,-5.23,255.35,-42.30,7.77
2026-05-19 10:04:00+00:00,-1.18,-6.43,-4.21,259.63,-32.77,7.77
2026-05-19 10:05:00+00:00,-1.08,-6.27,-4.25,260.25,-33.75,7.65
2026-05-19 10:06:00+00:00,-1.25,-6.13,-4.85,258.45,-37.78,7.91
2026-05-19 10:07:00+00:00,-0.96,-5.71,-5.36,260.43,-42.83,7.89
2026-05-19 10:08:00+00:00,-0.97,-5.43,-5.48,259.86,-44.80,7.78
2026-05-19 10:09:00+00:00,-1.05,-5.57,-5.23,259.36,-42.69,7.71
2026-05-19 10:10:00+00:00,-0.95,-4.67,-6.02,258.47,-51.66,7.68
2026-05-19 10:11:00+00:00,-0.89,-5.22,-5.67,260.37,-46.99,7.76
2026-05-19 10:12:00+00:00,-0.84,-6.30,-3.85,262.43,-31.21,7.43
2026-05-19 10:13:00+00:00,-1.11,-5.74,-4.69,259.05,-38.74,7.50
2026-05-19 10:14:00+00:00,-0.62,-5.71,-4.81,263.79,-39.97,7.49
2026-05-19 10:15:00+00:00,-0.35,-5.40,-5.05,266.34,-42.99,7.40
2026-05-19 10:16:00+00:00,-0.35,-4.58,-5.88,265.64,-51.99,7.46
2026-05-19 10:17:00+00:00,-0.79,-5.17,-5.15,261.33,-44.59,7.34
2026-05-19 10:18:00+00:00,-0.68,-5.74,-4.47,263.26,-37.68,7.31
2026-05-19 10:19:00+00:00,-0.99,-5.34,-4.94,259.55,-42.30,7.35
2026-05-19 10:20:00+00:00,0.84,-5.04,-5.05,279.48,-44.61,7.18
2026-05-19 10:21:00+00:00,1.18,-4.13,-5.77,285.97,-53.34,7.20
2026-05-19 10:22:00+00:00,-0.03,-5.03,-5.75,269.66,-48.86,7.64
2026-05-19 10:23:00+00:00,-0.36,-4.84,-5.80,265.74,-50.06,7.56
2026-05-19 10:24:00+00:00,-0.12,-4.80,-5.86,268.55,-50.64,7.57
2026-05-19 10:25:00+00:00,0.10,-4.47,-5.84,271.26,-52.58,7.36
2026-05-19 10:26:00+00:00,0.66,-4.34,-5.77,278.65,-52.75,7.25
2026-05-19 10:27:00+00:00,0.13,-4.19,-6.09,271.79,-55.45,7.40
2026-05-19 10:28:00+00:00,0.38,-4.50,-6.14,274.80,-53.65,7.62
2026-05-19 10:29:00+00:00,0.52,-4.85,-6.16,276.11,-51.62,7.86
2026-05-19 10:30:00+00:00,1.07,-4.93,-5.91,282.27,-49.52,7.77
2026-05-19 10:31:00+00:00,0.82,-4.43,-6.47,280.52,-55.18,7.88
2026-05-19 10:32:00+00:00,1.37,-5.01,-5.34,285.24,-45.79,7.45
2026-05-19 10:33:00+00:00,1.36,-5.11,-5.29,284.94,-45.05,7.48
2026-05-19 10:34:00+00:00,1.32,-5.06,-5.77,284.58,-47.84,7.79
2026-05-19 10:35:00+00:00,1.04,-4.55,-5.76,282.85,-50.97,7.41
2026-05-19 10:36:00+00:00,0.72,-4.97,-5.92,278.23,-49.68,7.76
2026-05-19 10:37:00+00:00,0.34,-4.59,-6.40,274.29,-54.30,7.89
2026-05-19 10:38:00+00:00,0.75,-4.61,-6.40,279.23,-53.90,7.93
2026-05-19 10:39:00+00:00,0.95,-4.18,-6.47,282.85,-56.48,7.76
2026-05-19 10:40:00+00:00,0.76,-5.06,-5.83,278.58,-48.71,7.76
2026-05-19 10:41:00+00:00,0.35,-4.77,-6.10,274.20,-51.92,7.75
2026-05-19 10:42:00+00:00,0.55,-4.65,-5.94,276.69,-51.73,7.56
2026-05-19 10:43:00+00:00,0.96,-4.61,-5.97,281.72,-51.77,7.60
2026-05-19 10:44:00+00:00,1.25,-4.69,-5.86,284.89,-50.34,7.61
2026-05-19 10:45:00+00:00,1.26,-5.02,-5.75,284.04,-48.03,7.74
2026-05-19 10:46:00+00:00,1.75,-5.27,-4.90,288.33,-41.43,7.40
2026-05-19 10:47:00+00:00,1.52,-4.56,-5.38,288.39,-48.23,7.22
2026-05-19 10:48:00+00:00,1.26,-4.81,-5.46,284.68,-47.66,7.38
2026-05-19 10:49:00+00:00,1.26,-5.38,-4.49,283.14,-39.14,7.12
2026-05-19 10:50:00+00:00,2.13,-6.11,-2.16,289.19,-18.48,6.82
2026-05-19 10:51:00+00:00,2.92,-6.09,-0.15,295.57,-1.29,6.76
2026-05-19 10:52:00+00:00,2.80,-6.36,-0.91,293.76,-7.47,7.01
2026-05-19 10:53:00+00:00,2.30,-6.19,-2.56,290.43,-21.20,7.08
2026-05-19 10:54:00+00:00,0.90,-5.77,-4.08,278.89,-34.96,7.13
2026-05-19 10:55:00+00:00,0.92,-6.49,-2.85,278.11,-23.48,7.14
2026-05-19 10:56:00+00:00,-0.40,-1.50,-6.64,255.17,-76.89,6.82
2026-05-19 10:57:00+00:00,-0.12,-3.11,-6.46,267.77,-64.26,7.17
2026-05-19 10:58:00+00:00,0.58,-4.10,-4.78,278.08,-49.08,6.33
2026-05-19 11:00:00+00:00,-0.36,-4.82,-3.76,265.67,-37.89,6.12
2026-05-19 11:01:00+00:00,1.00,-5.44,-1.31,280.38,-13.28,5.68
2026-05-19 11:02:00+00:00,1.38,-3.34,4.78,292.38,52.93,5.99
2026-05-19 11:03:00+00:00,1.68,-2.96,4.81,299.50,54.71,5.89
2026-05-19 11:04:00+00:00,0.56,-2.67,4.38,281.90,58.08,5.16
2026-05-19 11:05:00+00:00,0.75,-3.00,4.14,284.01,53.26,5.17
2026-05-19 11:06:00+00:00,2.88,-3.61,2.80,308.65,31.24,5.40
2026-05-19 11:07:00+00:00,4.02,-3.78,2.26,316.75,22.29,5.97
2026-05-19 11:08:00+00:00,3.86,-3.80,2.28,315.47,22.86,5.88
2026-05-19 11:09:00+00:00,3.65,-3.97,2.64,312.59,26.10,6.01
2026-05-19 11:10:00+00:00,5.45,-2.16,-0.76,338.38,-7.41,5.91
2026-05-19 11:11:00+00:00,5.09,-0.60,-3.27,353.26,-32.50,6.08
2026-05-19 11:12:00+00:00,5.24,-1.48,-2.66,344.21,-26.01,6.06
2026-05-19 11:13:00+00:00,5.36,-1.42,-2.25,345.20,-22.07,5.98
2026-05-19 11:14:00+00:00,5.52,-1.93,-0.74,340.72,-7.17,5.90
2026-05-19 11:15:00+00:00,5.22,-2.77,-0.65,332.04,-6.23,5.95
2026-05-19 11:16:00+00:00,4.54,-3.01,-0.51,326.45,-5.29,5.47
2026-05-19 11:17:00+00:00,4.36,-2.78,-0.78,327.50,-8.58,5.23
2026-05-19 11:18:00+00:00,4.29,-3.04,-1.24,324.72,-13.27,5.40
2026-05-19 11:19:00+00:00,4.21,-2.95,-2.12,325.00,-22.42,5.56
2026-05-19 11:20:00+00:00,4.01,-2.66,-3.13,326.41,-33.03,5.74
2026-05-19 11:21:00+00:00,4.45,-2.96,-2.15,326.33,-21.97,5.76
2026-05-19 11:22:00+00:00,4.10,-2.68,-3.17,326.83,-32.87,5.83
2026-05-19 11:23:00+00:00,4.10,-3.04,-2.67,323.43,-27.64,5.76
2026-05-19 11:24:00+00:00,3.84,-3.33,-2.83,319.11,-29.08,5.81
2026-05-19 11:25:00+00:00,3.84,-2.78,-3.32,324.08,-35.00,5.79
2026-05-19 11:26:00+00:00,3.99,-2.89,-3.10,324.06,-32.23,5.82
2026-05-19 11:27:00+00:00,4.33,-1.63,-3.23,339.35,-34.90,5.64
2026-05-19 11:28:00+00:00,4.60,-2.47,-2.78,331.79,-28.03,5.92
2026-05-19 11:30:00+00:00,3.47,-4.29,-2.15,308.95,-21.31,5.92
2026-05-19 11:31:00+00:00,3.64,0.39,-3.04,6.16,-39.65,4.76
2026-05-19 11:32:00+00:00,2.78,3.23,-3.61,49.23,-40.26,5.59
2026-05-19 11:33:00+00:00,3.23,1.79,-4.51,28.97,-50.72,5.82
2026-05-19 11:34:00+00:00,4.40,0.00,-3.80,359.95,-40.83,5.82
2026-05-19 11:35:00+00:00,3.64,-1.16,-4.32,342.27,-48.55,5.77
2026-05-19 11:36:00+00:00,3.29,-1.80,-4.40,331.27,-49.59,5.78
2026-05-19 11:37:00+00:00,2.35,-2.18,-5.10,317.26,-57.83,6.02
2026-05-19 11:38:00+00:00,3.67,-1.09,-4.20,343.46,-47.69,5.68
2026-05-19 11:39:00+00:00,0.29,-2.67,-5.68,276.28,-64.73,6.28
2026-05-19 11:40:00+00:00,0.38,-3.13,-5.30,276.83,-59.23,6.16
2026-05-19 11:41:00+00:00,-0.02,-3.49,-5.45,269.71,-57.35,6.47
2026-05-19 11:42:00+00:00,1.20,-3.28,-5.27,290.13,-56.46,6.32
2026-05-19 11:43:00+00:00,1.34,-3.17,-5.30,292.96,-57.03,6.32
2026-05-19 11:44:00+00:00,0.35,-3.10,-4.72,276.47,-56.51,5.66
2026-05-19 11:45:00+00:00,-5.82,-2.08,-2.79,199.66,-24.31,6.78
2026-05-19 11:46:00+00:00,-4.10,-2.95,-4.43,215.73,-41.26,6.72
2026-05-19 11:47:00+00:00,-4.12,-3.76,-3.40,222.42,-31.33,6.53
2026-05-19 11:48:00+00:00,-1.41,-3.81,-4.98,249.77,-50.75,6.43
2026-05-19 11:49:00+00:00,1.75,-2.91,-5.26,301.03,-57.15,6.27
2026-05-19 11:50:00+00:00,2.98,-2.56,-5.48,319.27,-54.37,6.74
2026-05-19 11:51:00+00:00,3.89,-2.02,-5.25,332.60,-50.17,6.84
2026-05-19 11:52:00+00:00,4.31,-1.74,-5.01,337.99,-47.15,6.84
2026-05-19 11:53:00+00:00,4.02,-1.55,-5.28,338.96,-50.83,6.82
2026-05-19 11:54:00+00:00,3.75,-2.34,-5.10,328.00,-49.06,6.75
2026-05-19 11:55:00+00:00,4.56,-0.76,-4.79,350.50,-46.01,6.66
2026-05-19 11:56:00+00:00,3.53,-1.79,-5.26,333.09,-53.03,6.58
2026-05-19 11:57:00+00:00,-1.63,-6.60,-3.03,256.15,-24.05,7.44
2026-05-19 11:58:00+00:00,-1.24,-6.57,-3.54,259.27,-27.88,7.56
2026-05-19 12:03:00+00:00,0.40,-5.54,-4.93,274.09,-41.57,7.43
2026-05-19 12:04:00+00:00,1.30,-5.56,-4.61,283.14,-38.94,7.34
2026-05-19 12:05:00+00:00,1.31,-4.85,-5.40,285.14,-47.09,7.38
2026-05-19 12:06:00+00:00,1.43,-4.79,-5.39,286.64,-47.15,7.35
2026-05-19 12:07:00+00:00,1.37,-4.67,-5.38,286.36,-47.85,7.25
2026-05-19 12:08:00+00:00,2.16,-5.08,-4.81,292.99,-41.06,7.32
2026-05-19 12:09:00+00:00,1.24,-5.40,-4.71,282.91,-40.40,7.27
2026-05-19 12:10:00+00:00,1.34,-5.03,-5.17,284.89,-44.80,7.34
2026-05-19 12:11:00+00:00,1.91,-5.13,-4.99,290.41,-42.33,7.41
2026-05-19 12:12:00+00:00,1.58,-4.94,-5.20,287.70,-45.09,7.34
2026-05-19 12:13:00+00:00,2.13,-3.93,-5.78,298.48,-52.28,7.30
2026-05-19 12:14:00+00:00,2.55,-4.06,-5.34,302.11,-48.09,7.17
2026-05-19 12:15:00+00:00,2.96,-4.26,-4.80,304.85,-42.79,7.07
2026-05-19 12:16:00+00:00,3.04,-4.14,-4.89,306.25,-43.59,7.09
2026-05-19 12:17:00+00:00,2.62,-4.15,-5.24,302.24,-46.88,7.17
2026-05-19 12:18:00+00:00,2.69,-3.81,-5.48,305.21,-49.61,7.19
2026-05-19 12:19:00+00:00,2.85,-3.60,-5.39,308.43,-49.56,7.08
2026-05-19 12:20:00+00:00,4.65,-1.59,-4.97,341.08,-45.35,6.99
2026-05-19 12:21:00+00:00,4.70,-1.31,-4.93,344.45,-45.28,6.93
2026-05-19 12:22:00+00:00,4.81,-0.79,-4.97,350.64,-45.57,6.96
2026-05-19 12:23:00+00:00,3.91,-0.85,-5.91,347.73,-55.93,7.14
2026-05-19 12:24:00+00:00,4.25,-0.64,-5.58,351.37,-52.38,7.04
2026-05-19 12:25:00+00:00,4.49,-0.93,-5.29,348.28,-49.09,7.00
2026-05-19 12:26:00+00:00,4.39,-0.96,-5.20,347.70,-49.12,6.87
2026-05-19 12:27:00+00:00,4.46,-0.88,-5.24,348.83,-49.01,6.94
2026-05-19 12:28:00+00:00,4.48,-0.85,-5.17,349.25,-48.54,6.90
2026-05-19 12:29:00+00:00,4.40,-1.03,-5.20,346.76,-49.02,6.89
2026-05-19 12:30:00+00:00,3.84,-2.51,-5.48,326.81,-50.03,7.15
2026-05-19 12:31:00+00:00,3.64,-1.75,-5.77,334.34,-54.98,7.04
2026-05-19 12:32:00+00:00,3.84,-1.81,-5.74,334.71,-53.50,7.14
2026-05-19 12:33:00+00:00,3.92,-2.00,-5.65,332.99,-52.06,7.16
2026-05-19 12:34:00+00:00,4.17,-1.97,-5.49,334.72,-49.97,7.17
2026-05-19 12:35:00+00:00,3.67,-2.82,-5.47,322.42,-49.75,7.16
2026-05-19 12:36:00+00:00,3.10,-3.43,-5.56,312.17,-50.27,7.23
2026-05-19 12:37:00+00:00,3.18,-3.51,-5.42,312.14,-48.90,7.20
2026-05-19 12:38:00+00:00,3.26,-3.41,-5.38,313.73,-48.74,7.15
2026-05-19 12:39:00+00:00,3.04,-3.15,-5.71,313.96,-52.55,7.19
2026-05-19 12:40:00+00:00,3.19,-3.62,-5.27,311.36,-47.49,7.14
2026-05-19 12:41:00+00:00,3.12,-3.67,-5.33,310.38,-47.85,7.19
2026-05-19 12:42:00+00:00,3.12,-3.51,-5.44,311.67,-49.19,7.19
2026-05-19 12:43:00+00:00,3.19,-3.51,-5.48,312.27,-49.11,7.25
2026-05-19 12:44:00+00:00,2.92,-3.62,-5.49,308.89,-49.78,7.20
2026-05-19 12:45:00+00:00,2.89,-3.88,-5.57,306.70,-49.01,7.38
2026-05-19 12:46:00+00:00,4.88,-1.35,-4.70,344.51,-42.91,6.91
2026-05-19 12:47:00+00:00,5.04,-0.92,-4.62,349.65,-42.06,6.89
2026-05-19 12:48:00+00:00,5.10,-1.17,-4.88,347.06,-43.00,7.16
2026-05-19 12:49:00+00:00,5.11,-1.73,-4.62,341.25,-40.61,7.10
2026-05-19 12:50:00+00:00,4.85,-1.67,-4.83,340.96,-43.29,7.05
2026-05-19 12:51:00+00:00,4.88,-1.77,-4.70,340.06,-42.19,7.00
2026-05-19 12:52:00+00:00,5.06,-1.97,-4.38,338.72,-38.87,6.97
2026-05-19 12:53:00+00:00,5.46,-2.15,-3.70,338.54,-32.22,6.94
2026-05-19 12:54:00+00:00,5.34,-2.25,-3.91,337.20,-34.00,6.99
2026-05-19 12:55:00+00:00,5.24,-2.35,-3.95,335.86,-34.53,6.98
2026-05-19 12:56:00+00:00,5.35,-2.46,-3.68,335.28,-32.00,6.94
2026-05-19 12:57:00+00:00,5.32,-2.55,-3.81,334.39,-32.83,7.02
2026-05-19 12:58:00+00:00,5.30,-2.79,-3.78,332.19,-32.29,7.08
2026-05-19 12:59:00+00:00,5.46,-2.68,-3.44,333.86,-29.47,6.98
2026-05-19 13:00:00+00:00,5.62,-2.76,-3.06,333.83,-26.01,6.97
2026-05-19 13:01:00+00:00,5.29,-2.89,-3.45,331.40,-29.76,6.95
2026-05-19 13:02:00+00:00,5.11,-2.75,-4.04,331.70,-34.84,7.07
2026-05-19 13:03:00+00:00,5.60,-2.00,-3.52,340.32,-30.64,6.91
2026-05-19 13:04:00+00:00,5.85,-1.66,-3.23,344.19,-27.98,6.89
2026-05-19 13:05:00+00:00,5.76,-1.45,-3.35,345.83,-29.43,6.82
2026-05-19 13:06:00+00:00,5.56,-1.35,-3.75,346.37,-33.27,6.84
2026-05-19 13:07:00+00:00,5.38,-1.14,-3.85,348.01,-34.99,6.71
2026-05-19 13:08:00+00:00,4.72,-2.00,-4.46,337.02,-40.98,6.79
2026-05-19 13:09:00+00:00,4.06,-3.16,-4.64,322.11,-42.08,6.93
2026-05-19 13:10:00+00:00,3.98,-3.68,-4.80,317.21,-41.49,7.24
2026-05-19 13:11:00+00:00,3.66,-4.33,-4.72,310.18,-39.79,7.38
2026-05-19 13:12:00+00:00,3.25,-4.70,-4.75,304.64,-39.74,7.43
2026-05-19 13:13:00+00:00,3.55,-4.64,-4.51,307.44,-37.69,7.38
2026-05-19 13:14:00+00:00,3.27,-4.61,-4.68,305.33,-39.65,7.34
2026-05-19 13:15:00+00:00,3.58,-3.40,-5.25,316.47,-46.71,7.21
2026-05-19 13:16:00+00:00,3.72,-3.87,-4.72,313.88,-41.32,7.15
2026-05-19 13:17:00+00:00,3.67,-3.40,-5.04,317.21,-45.18,7.10
2026-05-19 13:18:00+00:00,4.08,-3.62,-4.61,318.38,-40.22,7.14
2026-05-19 13:19:00+00:00,4.20,-3.20,-4.72,322.70,-41.81,7.08
2026-05-19 13:20:00+00:00,4.13,-3.21,-4.78,322.14,-42.45,7.09
2026-05-19 13:21:00+00:00,4.44,-1.88,-4.95,337.05,-45.75,6.91
2026-05-19 13:22:00+00:00,4.60,-1.57,-4.87,341.16,-45.06,6.88
2026-05-19 13:23:00+00:00,4.78,-1.99,-4.61,337.42,-41.68,6.93
2026-05-19 13:24:00+00:00,4.67,-2.21,-4.54,334.72,-41.31,6.88
2026-05-19 13:25:00+00:00,4.61,-1.60,-4.77,340.86,-44.31,6.82
2026-05-19 13:26:00+00:00,5.13,-1.00,-4.29,348.95,-39.39,6.76
2026-05-19 13:27:00+00:00,4.96,-0.54,-4.57,353.79,-42.52,6.76
2026-05-19 13:28:00+00:00,4.83,0.27,-4.72,3.20,-44.30,6.76
2026-05-19 13:29:00+00:00,3.65,-2.13,-5.33,329.75,-51.64,6.80
2026-05-19 13:30:00+00:00,4.04,-1.33,-5.28,341.77,-51.15,6.78
2026-05-19 13:31:00+00:00,3.90,0.28,-5.61,4.06,-55.15,6.83
2026-05-19 13:32:00+00:00,3.68,0.72,-5.70,11.03,-56.67,6.82
2026-05-19 13:33:00+00:00,4.13,0.43,-5.36,5.92,-52.20,6.78
2026-05-19 13:34:00+00:00,4.03,0.51,-5.41,7.18,-53.12,6.76
2026-05-19 13:35:00+00:00,3.97,0.42,-5.48,6.08,-53.92,6.79
2026-05-19 13:36:00+00:00,4.50,-1.87,-4.62,337.47,-43.46,6.71
2026-05-19 13:37:00+00:00,4.41,-1.86,-4.74,337.14,-44.74,6.74
2026-05-19 13:38:00+00:00,3.67,-1.84,-5.44,333.35,-52.93,6.82
2026-05-19 13:39:00+00:00,3.68,-2.00,-5.41,331.48,-52.23,6.85
2026-05-19 13:40:00+00:00,4.08,-1.98,-5.11,334.10,-48.45,6.83
2026-05-19 13:41:00+00:00,4.14,-2.08,-4.94,333.39,-46.85,6.78
2026-05-19 13:42:00+00:00,4.19,-2.23,-4.82,332.04,-45.46,6.77
2026-05-19 13:43:00+00:00,4.14,-2.41,-4.78,329.79,-44.99,6.77
2026-05-19 13:44:00+00:00,3.67,-2.73,-4.97,323.35,-47.37,6.76
2026-05-19 13:45:00+00:00,3.74,-2.30,-5.23,328.35,-50.01,6.83
2026-05-19 13:46:00+00:00,3.91,-2.33,-5.10,329.22,-48.26,6.83
2026-05-19 13:47:00+00:00,3.93,-2.30,-5.09,329.67,-48.18,6.83
2026-05-19 13:48:00+00:00,4.26,-2.06,-4.88,334.15,-45.87,6.80
2026-05-19 13:49:00+00:00,4.15,-1.81,-5.07,336.48,-48.21,6.80
2026-05-19 13:50:00+00:00,4.31,-1.73,-4.88,338.06,-46.42,6.73
2026-05-19 13:51:00+00:00,4.31,-1.47,-4.94,341.20,-47.33,6.71
2026-05-19 13:52:00+00:00,4.50,-1.37,-4.78,343.08,-45.47,6.71
2026-05-19 13:53:00+00:00,4.13,-1.49,-5.12,340.12,-49.35,6.74
2026-05-19 13:54:00+00:00,4.48,-2.56,-4.18,330.24,-39.03,6.64
2026-05-19 13:55:00+00:00,4.45,-2.73,-4.19,328.50,-38.76,6.69
2026-05-19 13:56:00+00:00,4.20,-2.41,-4.58,330.15,-43.38,6.66
2026-05-19 13:57:00+00:00,4.26,-2.50,-4.47,329.56,-42.13,6.66
2026-05-19 13:58:00+00:00,4.37,-2.53,-4.33,330.00,-40.58,6.65
2026-05-19 13:59:00+00:00,4.41,-2.66,-4.27,328.92,-39.62,6.69
2026-05-19 14:00:00+00:00,4.52,-2.67,-4.12,329.43,-38.13,6.68
2026-05-19 14:01:00+00:00,4.54,-2.38,-4.21,332.31,-39.40,6.63
2026-05-19 14:02:00+00:00,4.60,-2.36,-4.19,332.84,-39.04,6.66
2026-05-19 14:03:00+00:00,4.13,-2.60,-4.58,327.77,-43.22,6.69
2026-05-19 14:04:00+00:00,4.01,-2.84,-4.53,324.67,-42.63,6.68
2026-05-19 14:05:00+00:00,3.77,-2.89,-4.76,322.53,-45.09,6.72
2026-05-19 14:06:00+00:00,3.59,-3.26,-4.66,317.79,-43.86,6.72
2026-05-19 14:07:00+00:00,3.28,-3.42,-4.78,313.75,-45.25,6.73
2026-05-19 14:08:00+00:00,3.00,-3.57,-4.91,310.07,-46.46,6.77
2026-05-19 14:09:00+00:00,2.86,-3.75,-4.87,307.31,-45.90,6.78
2026-05-19 14:10:00+00:00,2.86,-3.83,-4.84,306.77,-45.35,6.80
2026-05-19 14:11:00+00:00,3.37,-3.67,-4.56,312.58,-42.50,6.76
2026-05-19 14:12:00+00:00,3.64,-3.42,-4.47,316.78,-41.86,6.70
2026-05-19 14:13:00+00:00,3.23,-3.76,-4.54,310.62,-42.49,6.72
2026-05-19 14:14:00+00:00,4.28,-2.41,-4.29,330.64,-41.12,6.52
2026-05-19 14:15:00+00:00,4.82,-1.57,-4.15,342.00,-39.25,6.55
2026-05-19 14:16:00+00:00,4.37,-2.12,-4.36,334.13,-41.95,6.53
2026-05-19 14:17:00+00:00,3.82,-2.99,-4.49,321.93,-42.73,6.61
2026-05-19 14:18:00+00:00,3.84,-2.78,-4.54,324.08,-43.74,6.57
2026-05-19 14:19:00+00:00,4.13,-2.13,-4.66,332.75,-45.10,6.58
2026-05-19 14:20:00+00:00,4.22,-2.29,-4.47,331.50,-42.98,6.56
2026-05-19 14:21:00+00:00,4.08,-2.85,-4.30,325.10,-40.81,6.58
2026-05-19 14:22:00+00:00,4.14,-2.67,-4.33,327.14,-41.32,6.56
2026-05-19 14:23:00+00:00,4.37,-2.01,-4.41,335.27,-42.50,6.52
2026-05-19 14:24:00+00:00,4.33,-1.90,-4.45,336.26,-43.28,6.50
2026-05-19 14:25:00+00:00,4.13,-2.44,-4.43,329.36,-42.69,6.53
2026-05-19 14:26:00+00:00,3.90,-2.83,-4.46,324.07,-42.78,6.56
2026-05-19 14:27:00+00:00,3.95,-3.17,-4.21,321.28,-39.72,6.59
2026-05-19 14:28:00+00:00,4.28,-2.13,-4.42,333.59,-42.75,6.51
2026-05-19 14:29:00+00:00,4.40,-1.59,-4.41,340.11,-43.26,6.43
2026-05-19 14:30:00+00:00,4.10,-2.50,-4.32,328.58,-41.99,6.46
2026-05-19 14:31:00+00:00,4.39,-2.27,-4.13,332.60,-39.92,6.44
2026-05-19 14:32:00+00:00,4.56,-1.91,-4.08,337.28,-39.51,6.41
2026-05-19 14:33:00+00:00,4.50,-1.95,-4.11,336.57,-39.96,6.40
2026-05-19 14:34:00+00:00,4.64,-2.36,-3.70,333.06,-35.40,6.38
2026-05-19 14:35:00+00:00,4.68,-1.92,-3.87,337.75,-37.46,6.37
2026-05-19 14:36:00+00:00,4.76,-1.85,-3.81,338.79,-36.78,6.37
2026-05-19 14:37:00+00:00,4.93,-1.19,-3.76,346.39,-36.52,6.31
2026-05-19 14:38:00+00:00,5.23,-1.24,-3.21,346.65,-30.89,6.26
2026-05-19 14:39:00+00:00,5.30,-1.00,-3.08,349.28,-29.74,6.22
2026-05-19 14:40:00+00:00,5.09,-1.66,-3.19,341.93,-30.76,6.23
2026-05-19 14:41:00+00:00,5.08,-1.79,-3.16,340.64,-30.41,6.25
2026-05-19 14:42:00+00:00,4.99,-2.14,-3.20,336.79,-30.53,6.30
2026-05-19 14:43:00+00:00,5.07,-1.55,-3.32,343.06,-32.02,6.26
2026-05-19 14:45:00+00:00,5.09,-1.27,-3.27,345.99,-31.91,6.18
2026-05-19 14:46:00+00:00,4.78,-1.04,-3.93,347.72,-38.78,6.28
2026-05-19 14:47:00+00:00,4.68,-1.04,-4.05,347.50,-40.23,6.28
2026-05-19 14:48:00+00:00,4.51,-0.63,-4.37,352.05,-43.77,6.31
2026-05-19 14:49:00+00:00,4.60,-0.07,-4.39,359.17,-43.66,6.36
2026-05-19 14:50:00+00:00,5.04,0.51,-3.72,5.73,-36.27,6.29
2026-05-19 14:51:00+00:00,5.20,0.67,-3.51,7.35,-33.78,6.31
2026-05-19 14:52:00+00:00,5.34,0.16,-3.33,1.75,-31.89,6.30
2026-05-19 14:53:00+00:00,5.45,0.10,-2.91,1.03,-28.06,6.18
2026-05-19 14:54:00+00:00,5.52,-0.34,-2.62,356.53,-25.31,6.12
2026-05-19 14:55:00+00:00,5.44,-0.37,-2.73,356.16,-26.62,6.10
2026-05-19 14:56:00+00:00,5.46,-0.18,-2.86,358.10,-27.66,6.16
2026-05-19 14:57:00+00:00,5.42,-0.33,-2.84,356.55,-27.61,6.13
2026-05-19 14:58:00+00:00,5.51,-0.47,-2.42,355.10,-23.60,6.03
2026-05-19 14:59:00+00:00,5.23,0.14,-3.18,1.48,-31.30,6.12
2026-05-19 15:00:00+00:00,5.17,-0.08,-3.38,359.16,-33.18,6.18
2026-05-19 15:01:00+00:00,5.26,0.19,-3.22,2.11,-31.46,6.17
2026-05-19 15:02:00+00:00,5.37,0.56,-2.73,5.96,-26.77,6.05
2026-05-19 15:03:00+00:00,5.27,2.03,-1.60,21.02,-15.84,5.87
2026-05-19 15:04:00+00:00,5.51,1.74,-1.40,17.56,-13.66,5.94
2026-05-19 15:05:00+00:00,5.65,1.81,-0.59,17.81,-5.64,5.96
2026-05-19 15:06:00+00:00,5.63,1.81,-0.71,17.84,-6.88,5.95
2026-05-19 15:07:00+00:00,5.49,2.08,-1.41,20.76,-13.48,6.04
2026-05-19 15:08:00+00:00,5.51,2.03,-1.37,20.25,-13.17,6.03
2026-05-19 15:09:00+00:00,5.75,1.47,-1.11,14.30,-10.55,6.04
2026-05-19 15:10:00+00:00,5.72,1.53,-1.16,15.00,-11.04,6.04
2026-05-19 15:11:00+00:00,5.67,1.46,-1.20,14.41,-11.63,5.97
2026-05-19 15:12:00+00:00,5.37,1.08,-2.32,11.33,-22.96,5.95
2026-05-19 15:13:00+00:00,4.94,0.27,-3.52,3.11,-35.45,6.07
2026-05-19 15:18:00+00:00,4.98,-0.64,-3.40,352.64,-34.08,6.06
2026-05-19 15:19:00+00:00,4.82,-0.96,-3.65,348.69,-36.60,6.12
2026-05-19 15:22:00+00:00,5.18,-0.18,-3.12,358.02,-31.08,6.05
2026-05-19 15:23:00+00:00,5.05,-0.16,-3.34,358.22,-33.50,6.06
2026-05-19 15:24:00+00:00,4.95,-0.19,-3.46,357.78,-34.90,6.04
2026-05-19 15:25:00+00:00,4.85,-0.50,-3.55,354.14,-36.07,6.04
2026-05-19 15:26:00+00:00,5.12,-0.11,-3.26,358.81,-32.47,6.07
2026-05-19 15:27:00+00:00,5.12,-0.03,-3.23,359.69,-32.21,6.06
2026-05-19 15:28:00+00:00,5.21,-0.10,-3.10,358.89,-30.72,6.06
2026-05-19 15:29:00+00:00,5.22,-0.18,-3.04,358.02,-30.24,6.04
2026-05-19 15:30:00+00:00,5.23,-0.26,-2.88,357.20,-28.77,5.98
2026-05-19 15:31:00+00:00,5.26,-0.45,-2.77,355.07,-27.73,5.96
2026-05-19 15:32:00+00:00,5.31,0.07,-2.64,0.73,-26.46,5.93
2026-05-19 15:33:00+00:00,5.27,-0.26,-2.94,357.18,-29.09,6.04
2026-05-19 15:34:00+00:00,5.20,-0.24,-2.90,357.34,-29.10,5.96
2026-05-19 15:35:00+00:00,5.13,0.19,-3.17,2.15,-31.70,6.04
2026-05-19 15:36:00+00:00,5.29,-0.29,-2.94,356.87,-29.01,6.06
2026-05-19 15:37:00+00:00,5.24,-0.45,-2.93,355.12,-29.11,6.02
2026-05-19 15:38:00+00:00,5.12,-0.04,-3.12,359.60,-31.35,6.00
2026-05-19 15:39:00+00:00,5.12,0.15,-3.12,1.69,-31.35,6.00
2026-05-19 15:40:00+00:00,5.09,0.00,-3.10,0.05,-31.33,5.96
2026-05-19 15:41:00+00:00,5.04,0.02,-3.12,0.28,-31.80,5.92
2026-05-19 15:42:00+00:00,5.08,-0.02,-3.09,359.82,-31.33,5.95
2026-05-19 15:45:00+00:00,5.37,-0.90,-2.10,350.52,-21.05,5.84
2026-05-19 15:46:00+00:00,5.54,-1.05,-1.55,349.31,-15.38,5.85
2026-05-19 15:47:00+00:00,5.44,-1.04,-1.90,349.14,-18.88,5.86
2026-05-19 15:48:00+00:00,5.49,-1.01,-1.93,349.54,-19.04,5.90
2026-05-19 15:49:00+00:00,5.46,-0.34,-2.05,356.39,-20.54,5.84
2026-05-19 15:50:00+00:00,5.47,-0.19,-2.05,358.05,-20.56,5.84
2026-05-19 15:51:00+00:00,5.49,-0.02,-1.99,359.83,-19.94,5.84
2026-05-19 15:52:00+00:00,5.42,0.39,-1.98,4.16,-20.00,5.79
2026-05-19 15:53:00+00:00,5.16,0.01,-2.35,0.06,-24.54,5.67
2026-05-19 15:54:00+00:00,3.89,-3.65,-2.88,316.84,-28.35,6.07
2026-05-19 15:55:00+00:00,4.34,-3.19,-2.83,323.69,-27.68,6.08
2026-05-19 15:56:00+00:00,4.34,-2.71,-3.19,328.04,-31.96,6.03
2026-05-19 15:57:00+00:00,4.25,-2.47,-3.43,329.86,-34.94,6.00
2026-05-19 15:58:00+00:00,3.99,-2.78,-3.53,325.08,-35.98,6.01
2026-05-19 16:00:00+00:00,5.46,-0.46,0.92,355.14,9.54,5.56
2026-05-19 16:02:00+00:00,5.43,0.02,-0.02,0.23,-0.17,5.43
2026-05-19 16:03:00+00:00,5.06,-2.22,0.10,336.35,1.03,5.53
2026-05-19 16:04:00+00:00,4.98,0.18,-1.97,2.10,-21.51,5.36
2026-05-19 16:05:00+00:00,2.76,-1.45,-5.10,332.34,-58.54,5.97
2026-05-19 16:06:00+00:00,2.61,-1.19,-5.33,335.57,-61.69,6.05
2026-05-19 16:07:00+00:00,3.36,-0.84,-4.82,346.01,-54.29,5.93
2026-05-19 16:08:00+00:00,3.94,-0.94,-4.16,346.51,-45.79,5.81
2026-05-19 16:09:00+00:00,4.06,-1.07,-4.22,345.24,-45.19,5.95
2026-05-19 16:10:00+00:00,3.83,-0.96,-4.34,345.88,-47.73,5.87
2026-05-19 16:11:00+00:00,4.15,-0.88,-4.03,348.09,-43.49,5.85
2026-05-19 16:12:00+00:00,3.43,-0.66,-4.67,349.02,-53.20,5.83
2026-05-19 16:13:00+00:00,3.42,-0.70,-4.30,348.48,-50.93,5.54
2026-05-19 16:14:00+00:00,4.17,-3.79,0.07,317.75,0.72,5.63
2026-05-19 16:15:00+00:00,3.94,-1.79,-3.02,335.62,-34.91,5.28
2026-05-19 16:16:00+00:00,2.88,-0.85,-5.34,343.63,-60.65,6.12
2026-05-19 16:17:00+00:00,3.01,-1.09,-5.23,340.15,-58.54,6.13
2026-05-19 16:18:00+00:00,2.47,-2.45,-4.69,315.20,-53.46,5.84
2026-05-19 16:19:00+00:00,1.83,-2.81,-5.12,303.04,-56.77,6.12
2026-05-19 16:20:00+00:00,2.86,-3.62,-4.08,308.24,-41.48,6.16
2026-05-19 16:21:00+00:00,2.98,-3.23,-4.30,312.70,-44.38,6.14
2026-05-19 16:22:00+00:00,3.01,-3.18,-4.31,313.43,-44.51,6.14
2026-05-19 16:23:00+00:00,2.93,-2.96,-4.53,314.65,-47.40,6.15
2026-05-19 16:24:00+00:00,3.18,-2.80,-4.38,318.69,-45.96,6.09
2026-05-19 16:25:00+00:00,2.93,-2.64,-4.70,317.96,-50.05,6.14
2026-05-19 16:26:00+00:00,2.73,-2.62,-4.85,316.24,-52.01,6.15
2026-05-19 16:27:00+00:00,3.11,-2.83,-4.39,317.69,-46.20,6.08
2026-05-19 16:30:00+00:00,4.04,-2.48,-3.58,328.47,-37.08,5.94
2026-05-19 16:31:00+00:00,3.17,-3.06,-4.09,316.00,-42.86,6.01
2026-05-19 16:32:00+00:00,3.32,-2.87,-4.10,319.15,-43.03,6.01
2026-05-19 16:33:00+00:00,3.27,-2.30,-4.43,324.89,-47.97,5.96
2026-05-19 16:34:00+00:00,3.11,-0.69,-4.98,347.48,-57.39,5.91
2026-05-19 16:35:00+00:00,3.98,-1.73,-3.81,336.55,-41.24,5.78
2026-05-19 16:36:00+00:00,4.61,-1.26,-3.10,344.64,-32.95,5.69
2026-05-19 16:37:00+00:00,4.52,0.22,-3.51,2.84,-37.83,5.73
2026-05-19 16:38:00+00:00,4.48,0.43,-3.64,5.48,-38.96,5.79
2026-05-19 16:39:00+00:00,4.53,1.44,-3.28,17.69,-34.66,5.78
2026-05-19 16:40:00+00:00,4.65,0.40,-3.31,4.87,-35.36,5.73
2026-05-19 16:41:00+00:00,4.49,-0.52,-3.61,353.43,-38.60,5.78
2026-05-19 16:42:00+00:00,4.58,-0.40,-3.28,355.07,-35.50,5.65
2026-05-19 16:43:00+00:00,4.20,-1.01,-3.82,346.49,-41.53,5.77
2026-05-19 16:44:00+00:00,4.67,-0.57,-3.46,353.07,-36.30,5.84
2026-05-19 16:45:00+00:00,4.57,-0.82,-3.40,349.88,-36.20,5.75
2026-05-19 16:46:00+00:00,4.46,-0.61,-3.60,352.19,-38.66,5.77
2026-05-19 16:47:00+00:00,4.21,-0.86,-3.60,348.40,-39.95,5.61
2026-05-19 16:48:00+00:00,4.25,-0.64,-3.81,351.42,-41.54,5.75
2026-05-19 16:49:00+00:00,4.32,-0.93,-3.58,347.80,-38.98,5.69
2026-05-19 16:50:00+00:00,4.15,-1.14,-3.74,344.63,-40.99,5.70
2026-05-19 16:51:00+00:00,2.42,-2.81,-4.64,310.78,-51.32,5.94
2026-05-19 16:52:00+00:00,2.56,-2.50,-4.74,315.71,-52.93,5.94
2026-05-19 16:53:00+00:00,2.78,-1.77,-4.94,327.58,-56.31,5.94
2026-05-19 16:54:00+00:00,3.59,-2.00,-4.23,330.85,-45.86,5.90
2026-05-19 16:55:00+00:00,3.52,-2.10,-4.22,329.16,-45.83,5.89
2026-05-19 16:56:00+00:00,3.90,-1.46,-4.05,339.42,-44.26,5.81
2026-05-19 16:57:00+00:00,3.94,-1.77,-3.86,335.81,-41.79,5.79
2026-05-19 16:58:00+00:00,3.79,-2.22,-4.02,329.59,-42.48,5.95
2026-05-19 16:59:00+00:00,4.16,-1.48,-3.66,340.38,-39.63,5.74
2026-05-19 17:00:00+00:00,4.27,-0.96,-3.68,347.28,-40.07,5.72
2026-05-19 17:01:00+00:00,3.12,-2.44,-4.31,321.95,-47.43,5.85
2026-05-19 17:02:00+00:00,3.78,-1.66,-3.96,336.23,-43.80,5.72
2026-05-19 17:03:00+00:00,3.94,-0.93,-3.97,346.71,-44.42,5.67
2026-05-19 17:04:00+00:00,3.63,-1.08,-4.25,343.50,-48.27,5.69
2026-05-19 17:05:00+00:00,3.59,-0.74,-4.41,348.31,-50.26,5.74
2026-05-19 17:06:00+00:00,3.60,-0.20,-4.51,356.85,-51.38,5.77
2026-05-19 17:07:00+00:00,3.55,0.78,-4.39,12.43,-50.35,5.70
2026-05-19 17:08:00+00:00,3.36,0.18,-4.67,3.12,-54.19,5.75
2026-05-19 17:09:00+00:00,3.06,0.14,-4.55,2.63,-56.01,5.49
2026-05-19 17:10:00+00:00,4.03,-2.08,-3.30,332.68,-36.06,5.60
2026-05-19 17:11:00+00:00,4.07,-2.11,-3.36,332.59,-36.21,5.68
2026-05-19 17:14:00+00:00,4.01,0.17,-3.90,2.39,-44.19,5.60
2026-05-19 17:15:00+00:00,3.99,0.87,-3.62,12.24,-41.58,5.46
2026-05-19 17:16:00+00:00,3.89,1.06,-3.80,15.26,-43.25,5.54
2026-05-19 17:17:00+00:00,4.23,0.58,-3.56,7.74,-39.83,5.56
2026-05-19 17:18:00+00:00,4.39,-0.39,-3.11,354.93,-35.23,5.39
2026-05-19 17:19:00+00:00,4.65,-0.44,-3.01,354.54,-32.77,5.55
2026-05-19 17:20:00+00:00,4.41,-0.02,-3.36,359.78,-37.32,5.54
2026-05-19 17:21:00+00:00,4.31,0.56,-3.29,7.48,-37.13,5.45
2026-05-19 17:22:00+00:00,4.57,0.87,-2.76,10.81,-30.70,5.41
2026-05-19 17:23:00+00:00,4.34,1.19,-2.89,15.30,-32.70,5.35
2026-05-19 17:24:00+00:00,4.34,2.02,-2.31,24.96,-25.72,5.32
2026-05-19 17:25:00+00:00,4.33,1.31,-2.94,16.79,-33.08,5.39
2026-05-19 17:26:00+00:00,4.52,-1.42,-2.38,342.56,-26.68,5.31
2026-05-19 17:27:00+00:00,4.60,-1.56,-2.34,341.28,-25.74,5.39
2026-05-19 17:28:00+00:00,4.39,-1.14,-3.07,345.46,-34.11,5.47
2026-05-19 17:29:00+00:00,4.50,-0.84,-2.93,349.47,-32.65,5.44
2026-05-19 17:30:00+00:00,4.46,-0.82,-2.94,349.57,-32.93,5.40
2026-05-19 17:31:00+00:00,4.50,-0.34,-3.02,355.63,-33.84,5.43
2026-05-19 17:32:00+00:00,4.56,-0.50,-2.76,353.81,-31.05,5.36
2026-05-19 17:33:00+00:00,4.58,-0.47,-2.83,354.12,-31.61,5.41
2026-05-19 17:34:00+00:00,4.43,-0.77,-2.96,350.09,-33.36,5.39
2026-05-19 17:35:00+00:00,4.13,-1.42,-3.37,341.04,-37.65,5.51
2026-05-19 17:36:00+00:00,4.33,-0.60,-3.20,352.18,-36.16,5.42
2026-05-19 17:37:00+00:00,4.61,-0.42,-2.73,354.79,-30.51,5.38
2026-05-19 17:38:00+00:00,4.72,-0.16,-2.42,358.05,-27.12,5.30
2026-05-19 17:39:00+00:00,4.75,-0.71,-2.02,351.50,-22.81,5.21
2026-05-19 17:40:00+00:00,4.76,-0.36,-2.18,355.72,-24.54,5.25
2026-05-19 17:41:00+00:00,4.26,0.99,-2.86,13.11,-33.21,5.22
2026-05-19 17:42:00+00:00,2.82,2.77,-3.71,44.50,-43.22,5.42
2026-05-19 17:57:00+00:00,4.24,1.36,-3.06,17.81,-34.53,5.40
2026-05-19 17:58:00+00:00,4.41,1.13,-2.71,14.40,-30.75,5.29
2026-05-19 17:59:00+00:00,4.75,1.06,-1.77,12.53,-19.99,5.18
2026-05-19 18:00:00+00:00,4.58,0.53,-2.40,6.64,-27.47,5.20
2026-05-19 18:01:00+00:00,4.75,0.45,-1.88,5.46,-21.53,5.13
2026-05-19 18:02:00+00:00,4.62,1.16,-1.75,14.04,-20.16,5.07
2026-05-19 18:20:00+00:00,4.70,1.99,-0.08,22.94,-0.89,5.10
2026-05-19 18:21:00+00:00,4.58,2.26,-0.48,26.25,-5.35,5.13
2026-05-19 18:22:00+00:00,4.80,1.80,0.41,20.59,4.61,5.14
2026-05-19 18:23:00+00:00,4.66,1.95,0.79,22.66,8.86,5.12
2026-05-19 18:24:00+00:00,4.58,2.13,0.72,24.97,8.13,5.10
2026-05-19 18:25:00+00:00,4.74,1.98,0.47,22.64,5.28,5.16
2026-05-19 18:26:00+00:00,4.41,2.62,0.66,30.67,7.30,5.17
2026-05-19 18:27:00+00:00,4.51,2.43,0.76,28.32,8.46,5.18
2026-05-19 18:28:00+00:00,4.85,1.99,0.47,22.32,5.12,5.27
2026-05-19 18:29:00+00:00,4.86,2.00,0.11,22.40,1.22,5.26
2026-05-19 18:30:00+00:00,4.73,2.20,0.10,24.96,1.06,5.21
2026-05-19 18:31:00+00:00,4.69,1.91,0.79,22.17,8.84,5.12
2026-05-19 18:32:00+00:00,4.80,2.02,-0.29,22.85,-3.21,5.21
2026-05-19 18:33:00+00:00,4.81,1.98,-0.33,22.43,-3.61,5.21
2026-05-19 18:34:00+00:00,4.90,1.88,-0.30,20.97,-3.30,5.26
2026-05-19 18:35:00+00:00,5.05,1.51,-0.47,16.65,-5.09,5.29
2026-05-19 18:36:00+00:00,5.11,1.26,-0.29,13.81,-3.17,5.27
2026-05-19 18:37:00+00:00,4.96,1.66,-0.18,18.50,-1.98,5.23
2026-05-19 18:38:00+00:00,5.07,1.38,-0.11,15.27,-1.19,5.26
2026-05-19 18:39:00+00:00,5.01,1.48,0.49,16.43,5.32,5.25
2026-05-19 18:40:00+00:00,4.76,1.86,0.42,21.31,4.68,5.13
2026-05-19 18:41:00+00:00,4.74,2.08,-0.38,23.69,-4.16,5.19
2026-05-19 18:44:00+00:00,4.78,0.74,-2.53,8.81,-27.56,5.46
2026-05-19 18:46:00+00:00,4.32,1.83,-2.41,22.93,-27.24,5.27
2026-05-19 18:47:00+00:00,4.32,1.31,-2.70,16.84,-30.95,5.26
2026-05-19 18:48:00+00:00,4.39,1.53,-2.49,19.20,-28.12,5.28
2026-05-19 18:49:00+00:00,4.43,1.57,-2.34,19.51,-26.41,5.25
2026-05-19 18:50:00+00:00,4.66,1.91,-1.10,22.27,-12.31,5.16
2026-05-19 18:51:00+00:00,4.97,1.40,-0.74,15.78,-8.17,5.21
2026-05-19 18:52:00+00:00,3.73,3.33,-0.47,41.76,-5.38,5.02
2026-05-19 18:53:00+00:00,4.06,3.24,-0.37,38.61,-4.11,5.21
2026-05-19 18:54:00+00:00,3.91,3.24,-1.43,39.67,-15.69,5.28
2026-05-19 18:55:00+00:00,3.60,3.70,-0.60,45.75,-6.65,5.20
2026-05-19 18:56:00+00:00,3.81,2.78,-2.31,36.13,-26.06,5.25
2026-05-19 18:57:00+00:00,3.33,3.69,-0.65,47.95,-7.49,5.02
2026-05-19 18:58:00+00:00,4.76,2.03,-0.42,23.16,-4.62,5.19
2026-05-19 18:59:00+00:00,4.16,2.77,-0.75,33.65,-8.54,5.05
2026-05-19 19:00:00+00:00,4.59,1.91,-1.33,22.55,-14.94,5.14
2026-05-19 19:01:00+00:00,4.36,2.56,-0.95,30.35,-10.68,5.15
2026-05-19 19:02:00+00:00,4.45,2.28,-1.22,27.16,-13.72,5.15
2026-05-19 19:03:00+00:00,4.03,2.58,-1.56,32.56,-18.09,5.03
2026-05-19 19:04:00+00:00,3.82,3.39,0.24,41.53,2.70,5.11
2026-05-19 19:05:00+00:00,3.94,3.19,-0.05,38.98,-0.60,5.07
2026-05-19 19:06:00+00:00,4.07,2.98,0.20,36.20,2.29,5.05
2026-05-19 19:07:00+00:00,4.29,2.57,-0.56,30.96,-6.43,5.03
2026-05-19 19:08:00+00:00,4.21,2.78,-0.37,33.43,-4.15,5.06
2026-05-19 19:09:00+00:00,4.15,2.91,-0.46,35.03,-5.22,5.09
2026-05-19 19:10:00+00:00,4.10,2.97,-0.55,35.93,-6.23,5.10
2026-05-19 19:11:00+00:00,4.14,2.74,-0.51,33.49,-5.87,4.99
2026-05-19 19:12:00+00:00,4.10,2.76,-1.01,33.93,-11.56,5.04
2026-05-19 19:13:00+00:00,4.26,1.82,-1.92,23.07,-22.50,5.01
2026-05-19 19:14:00+00:00,4.41,0.89,-2.13,11.43,-25.33,4.98
2026-05-19 19:15:00+00:00,4.43,1.23,-1.96,15.47,-23.09,5.00
2026-05-19 19:16:00+00:00,4.41,1.53,-1.57,19.12,-18.58,4.93
2026-05-19 19:17:00+00:00,4.39,1.84,-0.98,22.74,-11.62,4.86
2026-05-19 19:18:00+00:00,4.27,2.10,-1.14,26.25,-13.49,4.89
2026-05-19 19:19:00+00:00,4.37,2.10,-0.84,25.68,-9.80,4.92
2026-05-19 19:20:00+00:00,4.60,1.57,-0.36,18.81,-4.24,4.87
2026-05-19 19:21:00+00:00,4.73,1.15,-0.42,13.68,-4.94,4.88
2026-05-19 19:22:00+00:00,4.63,1.04,0.56,12.63,6.71,4.77
2026-05-19 19:23:00+00:00,4.58,-0.06,-1.69,359.20,-20.23,4.89
2026-05-19 19:24:00+00:00,4.43,-0.55,-2.34,352.96,-27.64,5.04
2026-05-19 19:25:00+00:00,4.64,-0.36,-1.52,355.58,-18.06,4.89
2026-05-19 19:26:00+00:00,4.24,-0.06,-1.34,359.24,-17.51,4.44
2026-05-19 19:27:00+00:00,4.29,-2.24,-1.21,332.42,-14.08,4.99
2026-05-19 19:28:00+00:00,3.52,-3.40,-1.47,316.02,-16.73,5.11
2026-05-19 19:31:00+00:00,4.38,-2.02,-1.37,335.20,-15.88,5.01
2026-05-19 19:32:00+00:00,4.64,-0.95,-1.55,348.41,-18.12,4.98
2026-05-19 19:33:00+00:00,4.75,-0.82,-1.14,350.18,-13.31,4.95
2026-05-19 19:34:00+00:00,4.59,-1.61,-1.08,340.63,-12.46,4.98
2026-05-19 19:35:00+00:00,4.72,-1.30,-0.80,344.56,-9.28,4.96
2026-05-19 19:36:00+00:00,4.73,-1.08,-0.97,347.19,-11.35,4.95
2026-05-19 19:37:00+00:00,4.71,-0.83,-1.20,350.00,-14.10,4.93
2026-05-19 19:38:00+00:00,4.77,0.09,-1.36,1.13,-15.87,4.96
2026-05-19 19:39:00+00:00,4.63,1.34,-0.78,16.18,-9.22,4.89
2026-05-19 19:40:00+00:00,4.47,1.77,-0.54,21.61,-6.39,4.84
2026-05-19 19:41:00+00:00,4.31,2.34,-0.55,28.47,-6.42,4.94
2026-05-19 19:42:00+00:00,4.25,1.97,-0.66,24.86,-7.98,4.72
2026-05-19 19:43:00+00:00,4.14,2.72,-0.32,33.31,-3.68,4.97
2026-05-19 19:44:00+00:00,3.39,3.83,0.19,48.44,2.13,5.12
2026-05-19 19:45:00+00:00,3.91,3.43,-0.63,41.24,-6.94,5.24
2026-05-19 19:46:00+00:00,3.93,3.38,-0.25,40.66,-2.72,5.19
2026-05-19 19:47:00+00:00,4.02,3.22,-0.27,38.72,-2.96,5.16
2026-05-19 19:48:00+00:00,4.07,3.09,-0.49,37.17,-5.47,5.13
2026-05-19 19:49:00+00:00,3.86,3.28,-0.75,40.39,-8.37,5.12
2026-05-19 19:50:00+00:00,4.07,2.98,-0.22,36.20,-2.48,5.05
2026-05-19 19:51:00+00:00,4.16,2.85,-0.44,34.44,-5.00,5.06
2026-05-19 19:52:00+00:00,4.29,2.49,-0.94,30.18,-10.76,5.05
2026-05-19 19:53:00+00:00,4.47,2.09,-0.77,25.08,-8.84,5.00
2026-05-19 19:54:00+00:00,4.54,1.87,-0.82,22.36,-9.51,4.97
2026-05-19 19:55:00+00:00,4.60,1.70,-0.86,20.29,-9.91,4.98
2026-05-19 19:56:00+00:00,4.60,1.76,-0.62,20.89,-7.17,4.97
2026-05-19 19:57:00+00:00,4.57,1.80,-0.32,21.51,-3.74,4.92
2026-05-19 19:58:00+00:00,4.56,1.77,-0.63,21.27,-7.28,4.93
2026-05-19 20:01:00+00:00,4.49,2.38,-0.12,27.92,-1.38,5.08
2026-05-19 20:02:00+00:00,4.30,2.60,-0.64,31.17,-7.21,5.07
2026-05-19 20:03:00+00:00,4.36,2.46,0.28,29.41,3.22,5.01
2026-05-19 20:04:00+00:00,4.27,2.73,-0.33,32.63,-3.77,5.08
2026-05-19 20:05:00+00:00,4.14,2.88,0.19,34.79,2.15,5.04
2026-05-19 20:06:00+00:00,4.01,2.96,0.14,36.38,1.58,4.99
2026-05-19 20:07:00+00:00,4.30,3.06,0.56,35.42,6.02,5.31
2026-05-19 20:08:00+00:00,4.30,2.95,0.19,34.50,2.11,5.22
2026-05-19 20:09:00+00:00,4.46,2.59,-0.17,30.17,-1.84,5.16
2026-05-19 20:10:00+00:00,4.74,2.05,-0.33,23.41,-3.70,5.17
2026-05-19 20:11:00+00:00,4.92,1.66,-0.62,18.61,-6.80,5.23
2026-05-19 20:12:00+00:00,4.96,1.29,-0.82,14.59,-9.11,5.19
2026-05-19 20:13:00+00:00,4.71,1.80,-1.30,20.95,-14.47,5.21
2026-05-19 20:14:00+00:00,4.76,1.45,-1.21,16.89,-13.65,5.12
2026-05-19 20:15:00+00:00,4.96,1.52,0.10,17.00,1.13,5.19
2026-05-19 20:16:00+00:00,5.17,1.23,0.01,13.34,0.12,5.31
2026-05-19 20:19:00+00:00,5.02,0.84,-0.37,9.45,-4.16,5.10
2026-05-19 20:20:00+00:00,5.13,0.70,-0.89,7.75,-9.78,5.25
2026-05-19 20:21:00+00:00,5.08,0.64,-0.94,7.14,-10.41,5.21
2026-05-19 20:22:00+00:00,4.87,0.36,-1.49,4.17,-16.91,5.11
2026-05-19 20:23:00+00:00,5.00,0.73,-0.25,8.27,-2.79,5.06
2026-05-19 20:24:00+00:00,4.90,1.24,0.21,14.18,2.35,5.06
2026-05-19 20:25:00+00:00,4.89,1.38,0.16,15.78,1.79,5.08
2026-05-19 20:26:00+00:00,5.29,0.85,-0.33,9.15,-3.56,5.37
2026-05-19 20:27:00+00:00,5.28,0.99,-0.24,10.61,-2.54,5.37
2026-05-19 20:28:00+00:00,5.31,0.59,-1.10,6.33,-11.59,5.45
2026-05-19 20:29:00+00:00,5.28,0.73,-1.27,7.91,-13.35,5.48
2026-05-19 20:30:00+00:00,5.14,0.98,-1.31,10.77,-14.07,5.39
2026-05-19 20:31:00+00:00,5.19,0.71,-1.55,7.78,-16.47,5.47
2026-05-19 20:32:00+00:00,5.28,0.38,-1.16,4.17,-12.38,5.42
2026-05-19 20:33:00+00:00,5.31,0.25,-0.90,2.70,-9.64,5.39
2026-05-19 20:34:00+00:00,5.39,0.47,-0.63,5.01,-6.68,5.45
2026-05-19 20:35:00+00:00,5.29,0.63,-0.74,6.74,-7.91,5.38
2026-05-19 20:36:00+00:00,5.30,0.72,-0.76,7.73,-8.10,5.41
2026-05-19 20:37:00+00:00,5.30,0.82,-0.42,8.75,-4.52,5.38
2026-05-19 20:38:00+00:00,5.31,0.54,-0.66,5.81,-7.10,5.38
2026-05-19 20:39:00+00:00,5.38,0.19,-0.63,2.02,-6.66,5.42
2026-05-19 20:40:00+00:00,5.34,0.40,-0.73,4.33,-7.75,5.40
2026-05-19 20:41:00+00:00,5.36,0.61,-0.50,6.52,-5.31,5.41
2026-05-19 20:42:00+00:00,5.25,1.28,-0.19,13.70,-2.02,5.41
2026-05-19 20:43:00+00:00,5.31,0.95,-0.60,10.10,-6.30,5.43
2026-05-19 20:47:00+00:00,5.42,1.07,-0.03,11.20,-0.30,5.53
2026-05-19 20:48:00+00:00,5.13,1.55,0.64,16.82,6.78,5.40
2026-05-19 20:49:00+00:00,5.17,0.83,-0.24,9.11,-2.67,5.24
2026-05-19 20:50:00+00:00,5.38,0.37,-0.99,3.91,-10.36,5.48
2026-05-19 20:51:00+00:00,5.33,-0.39,-1.43,355.81,-14.97,5.53
2026-05-19 20:52:00+00:00,5.39,-0.24,-1.47,357.42,-15.21,5.59
2026-05-19 20:53:00+00:00,5.41,-0.30,-1.19,356.84,-12.35,5.55
2026-05-19 20:54:00+00:00,5.51,0.04,-0.97,0.47,-10.01,5.60
2026-05-19 20:55:00+00:00,5.51,0.32,-0.70,3.30,-7.23,5.56
2026-05-19 20:56:00+00:00,5.41,0.61,-0.37,6.42,-3.87,5.46
2026-05-19 20:57:00+00:00,5.33,0.39,-1.57,4.16,-16.42,5.57
2026-05-19 20:58:00+00:00,5.36,0.52,-1.44,5.57,-14.94,5.57
2026-05-19 20:59:00+00:00,5.52,0.37,-1.03,3.82,-10.52,5.62
2026-05-19 21:00:00+00:00,5.44,0.80,-0.83,8.33,-8.60,5.56
2026-05-19 21:01:00+00:00,5.47,0.22,-0.94,2.28,-9.71,5.55
2026-05-19 21:02:00+00:00,5.45,0.09,-1.01,1.00,-10.51,5.54
2026-05-19 21:03:00+00:00,5.40,0.72,-0.81,7.55,-8.51,5.51
2026-05-19 21:04:00+00:00,5.49,-0.05,-1.03,359.51,-10.64,5.58
2026-05-19 21:05:00+00:00,5.32,1.42,-0.43,15.00,-4.47,5.52
2026-05-19 21:06:00+00:00,5.21,1.58,-0.70,16.81,-7.30,5.49
2026-05-19 21:07:00+00:00,5.29,1.53,-0.43,16.16,-4.42,5.52
2026-05-19 21:08:00+00:00,5.26,1.42,-1.13,15.12,-11.70,5.56
2026-05-19 21:09:00+00:00,5.38,1.22,0.08,12.76,0.86,5.51
2026-05-19 21:10:00+00:00,5.24,1.44,0.19,15.42,2.04,5.44
2026-05-19 21:11:00+00:00,5.46,0.55,-0.07,5.76,-0.70,5.49
2026-05-19 21:12:00+00:00,5.52,0.63,-0.36,6.52,-3.75,5.56
2026-05-19 21:13:00+00:00,5.43,0.45,-0.61,4.79,-6.40,5.48
2026-05-19 21:14:00+00:00,5.64,0.17,-0.61,1.71,-6.16,5.67
2026-05-19 21:15:00+00:00,5.56,0.91,-0.37,9.31,-3.71,5.65
2026-05-19 21:16:00+00:00,5.15,2.06,0.42,21.80,4.28,5.56
2026-05-19 21:17:00+00:00,5.06,2.31,-0.32,24.54,-3.32,5.57
2026-05-19 21:18:00+00:00,5.32,1.56,-0.59,16.34,-6.04,5.58
2026-05-19 21:19:00+00:00,5.36,1.51,-0.40,15.74,-4.13,5.58
2026-05-19 21:20:00+00:00,5.43,1.27,0.07,13.13,0.75,5.58
2026-05-19 21:21:00+00:00,5.43,1.09,-0.48,11.31,-4.92,5.56
2026-05-19 21:22:00+00:00,5.30,1.06,-0.59,11.27,-6.27,5.44
2026-05-19 21:23:00+00:00,5.31,1.21,-0.56,12.89,-5.89,5.47
2026-05-19 21:24:00+00:00,5.46,0.52,-0.06,5.41,-0.62,5.48
2026-05-19 21:25:00+00:00,5.43,0.30,-0.02,3.21,-0.22,5.44
2026-05-19 21:26:00+00:00,5.37,0.58,-0.18,6.13,-1.93,5.41
2026-05-19 21:27:00+00:00,5.36,0.55,-0.40,5.90,-4.23,5.41
2026-05-19 21:28:00+00:00,5.35,0.51,-0.24,5.42,-2.56,5.38
2026-05-19 21:29:00+00:00,5.34,0.43,-0.02,4.62,-0.21,5.36
2026-05-19 21:30:00+00:00,5.46,0.06,-0.08,0.60,-0.85,5.46
2026-05-19 21:31:00+00:00,5.41,-0.34,-0.06,356.36,-0.61,5.42
2026-05-19 21:32:00+00:00,5.41,-0.07,-0.30,359.23,-3.21,5.41
2026-05-19 21:33:00+00:00,5.40,-0.05,-0.08,359.47,-0.82,5.40
2026-05-19 21:34:00+00:00,5.33,0.81,0.20,8.60,2.12,5.39
2026-05-19 21:35:00+00:00,5.23,1.48,0.22,15.83,2.28,5.44
2026-05-19 21:36:00+00:00,5.19,1.39,0.33,14.97,3.51,5.39
2026-05-19 21:37:00+00:00,5.08,1.97,-0.20,21.20,-2.09,5.46
2026-05-19 21:38:00+00:00,5.11,1.57,0.79,17.10,8.40,5.40
2026-05-19 21:39:00+00:00,5.31,1.24,0.04,13.12,0.38,5.45
2026-05-19 21:40:00+00:00,5.42,0.77,0.56,8.08,5.83,5.50
2026-05-19 21:41:00+00:00,5.31,0.08,0.39,0.84,4.20,5.33
2026-05-19 21:42:00+00:00,4.98,-0.04,0.78,359.53,8.86,5.04
2026-05-19 21:43:00+00:00,5.15,0.60,0.76,6.64,8.32,5.24
2026-05-19 21:44:00+00:00,5.01,1.26,0.98,14.17,10.72,5.26
2026-05-19 21:45:00+00:00,4.99,1.39,0.91,15.52,9.93,5.26
2026-05-19 21:46:00+00:00,5.09,1.15,0.59,12.71,6.46,5.26
2026-05-19 21:47:00+00:00,5.03,0.85,1.23,9.58,13.59,5.25
2026-05-19 21:48:00+00:00,5.08,0.97,1.00,10.80,10.91,5.26
2026-05-19 21:49:00+00:00,5.10,0.79,0.97,8.81,10.68,5.25
2026-05-19 21:50:00+00:00,5.09,0.99,0.99,11.05,10.80,5.27
2026-05-19 21:51:00+00:00,5.09,1.09,0.91,12.12,9.87,5.29
2026-05-19 21:52:00+00:00,5.08,1.26,0.94,13.90,10.18,5.32
2026-05-19 21:53:00+00:00,5.16,0.86,0.72,9.50,7.83,5.28
2026-05-19 21:54:00+00:00,5.23,-0.01,0.15,359.91,1.64,5.24
2026-05-19 21:55:00+00:00,5.17,0.06,0.00,0.67,-0.02,5.17
2026-05-19 21:56:00+00:00,5.14,0.39,-0.03,4.29,-0.39,5.16
2026-05-19 21:57:00+00:00,5.21,0.17,-0.39,1.83,-4.24,5.23
2026-05-19 21:58:00+00:00,5.28,0.14,-0.13,1.52,-1.40,5.28
2026-05-19 22:00:00+00:00,5.18,-0.28,-0.12,356.93,-1.30,5.19
2026-05-19 22:01:00+00:00,5.14,0.10,-0.45,1.07,-4.97,5.16
2026-05-19 22:02:00+00:00,5.19,-0.16,0.13,358.21,1.48,5.20
2026-05-19 22:03:00+00:00,5.22,-0.33,0.01,356.42,0.09,5.23
2026-05-19 22:04:00+00:00,5.25,-0.37,-0.13,355.96,-1.39,5.27
2026-05-19 22:05:00+00:00,5.26,-0.32,-0.14,356.52,-1.47,5.27
2026-05-19 22:06:00+00:00,5.17,-0.52,0.06,354.28,0.70,5.20
2026-05-19 22:07:00+00:00,5.16,-0.56,0.16,353.76,1.80,5.20
2026-05-19 22:08:00+00:00,5.01,-0.79,0.54,351.06,6.02,5.10
2026-05-19 22:09:00+00:00,4.98,-0.60,0.26,353.13,3.01,5.02
2026-05-19 22:10:00+00:00,4.96,-0.37,0.35,355.76,4.02,4.99
2026-05-19 22:11:00+00:00,4.98,-0.36,0.11,355.87,1.32,5.00
2026-05-19 22:12:00+00:00,4.98,0.05,-0.75,0.54,-8.62,5.04
2026-05-19 22:13:00+00:00,5.09,-0.02,-0.47,359.75,-5.25,5.11
2026-05-19 22:14:00+00:00,5.08,-0.24,0.27,357.34,3.01,5.09
2026-05-19 22:15:00+00:00,5.01,-0.58,0.67,353.36,7.55,5.08
2026-05-19 22:16:00+00:00,5.06,-0.22,0.83,357.56,9.34,5.14
2026-05-19 22:17:00+00:00,5.03,0.36,0.21,4.11,2.39,5.05
2026-05-19 22:18:00+00:00,5.07,0.77,-0.08,8.65,-0.86,5.13
2026-05-19 22:19:00+00:00,4.97,1.01,0.13,11.52,1.50,5.07
2026-05-19 22:20:00+00:00,5.03,0.90,-0.05,10.11,-0.59,5.11
2026-05-19 22:21:00+00:00,5.01,0.91,0.16,10.32,1.84,5.09
2026-05-19 22:22:00+00:00,4.92,1.66,-0.21,18.59,-2.30,5.20
2026-05-19 22:23:00+00:00,4.69,2.31,-0.18,26.22,-1.93,5.23
2026-05-19 22:24:00+00:00,4.44,3.06,-0.19,34.57,-1.97,5.40
2026-05-19 22:25:00+00:00,4.05,3.61,-0.81,41.71,-8.47,5.49
2026-05-19 22:26:00+00:00,3.58,4.33,-0.29,50.38,-3.00,5.63
2026-05-19 22:27:00+00:00,3.61,4.33,-0.23,50.18,-2.30,5.64
2026-05-19 22:28:00+00:00,3.89,3.99,-0.12,45.78,-1.20,5.57
2026-05-19 22:29:00+00:00,4.00,3.88,0.10,44.13,1.00,5.57
2026-05-19 22:30:00+00:00,4.04,4.00,0.08,44.72,0.83,5.68
2026-05-19 22:31:00+00:00,3.48,4.39,-0.08,51.62,-0.85,5.60
2026-05-19 22:32:00+00:00,3.62,4.22,0.25,49.39,2.58,5.56
2026-05-19 22:33:00+00:00,3.00,4.62,0.82,57.03,8.51,5.57
2026-05-19 22:34:00+00:00,4.20,3.45,0.18,39.40,1.86,5.44
2026-05-19 22:35:00+00:00,4.06,3.58,-0.33,41.44,-3.52,5.42
2026-05-19 22:36:00+00:00,3.99,3.61,0.91,42.18,9.62,5.45
2026-05-19 22:37:00+00:00,4.16,2.95,1.85,35.30,19.92,5.43
2026-05-19 22:38:00+00:00,4.42,2.86,1.08,32.91,11.56,5.38
2026-05-19 22:39:00+00:00,4.32,3.03,1.03,35.03,11.01,5.37
2026-05-19 22:40:00+00:00,4.05,3.42,1.14,40.17,12.17,5.42
2026-05-19 22:41:00+00:00,3.68,3.69,1.63,45.02,17.32,5.46
2026-05-19 22:42:00+00:00,3.85,3.38,1.92,41.28,20.53,5.47
2026-05-19 22:43:00+00:00,4.33,2.96,1.64,34.33,17.36,5.50
2026-05-19 22:44:00+00:00,4.69,2.52,0.71,28.23,7.56,5.38
2026-05-19 22:45:00+00:00,4.35,2.91,-0.45,33.80,-4.91,5.25
2026-05-19 22:46:00+00:00,3.66,3.68,-1.07,45.15,-11.66,5.30
2026-05-19 22:47:00+00:00,2.64,4.71,-1.48,60.75,-15.39,5.59
2026-05-19 22:48:00+00:00,3.62,3.98,-1.51,47.71,-15.70,5.59
2026-05-19 22:49:00+00:00,4.66,2.69,-1.17,29.94,-12.22,5.50
2026-05-19 22:50:00+00:00,4.79,2.55,0.55,28.04,5.79,5.45
2026-05-19 22:51:00+00:00,4.60,2.99,-1.15,33.00,-11.85,5.61
2026-05-19 22:52:00+00:00,4.85,2.49,-0.60,27.23,-6.31,5.48
2026-05-19 22:53:00+00:00,5.09,2.00,0.38,21.50,4.01,5.48
2026-05-19 22:54:00+00:00,5.11,2.08,0.26,22.14,2.69,5.52
2026-05-19 22:55:00+00:00,5.08,1.54,0.21,16.83,2.28,5.31
2026-05-19 22:56:00+00:00,5.08,1.46,-0.16,16.04,-1.76,5.29
2026-05-19 22:57:00+00:00,4.93,1.76,0.02,19.69,0.23,5.24
2026-05-19 22:58:00+00:00,4.75,2.10,0.40,23.82,4.44,5.21
2026-05-19 22:59:00+00:00,4.69,2.52,0.56,28.28,5.97,5.36
2026-05-19 23:00:00+00:00,4.59,2.68,0.69,30.25,7.40,5.36
2026-05-19 23:01:00+00:00,4.99,2.40,0.89,25.73,9.10,5.61
2026-05-19 23:02:00+00:00,5.25,2.05,-0.16,21.34,-1.65,5.64
2026-05-19 23:03:00+00:00,5.13,2.27,-0.05,23.87,-0.51,5.61
2026-05-19 23:04:00+00:00,4.99,2.29,0.06,24.64,0.62,5.49
2026-05-19 23:05:00+00:00,5.07,1.93,0.06,20.86,0.64,5.43
2026-05-19 23:06:00+00:00,4.82,2.34,-0.11,25.86,-1.21,5.36
2026-05-19 23:07:00+00:00,4.88,2.16,-0.11,23.92,-1.18,5.34
2026-05-19 23:08:00+00:00,4.88,2.31,-0.01,25.36,-0.09,5.40
2026-05-19 23:09:00+00:00,4.87,2.16,-0.24,23.94,-2.57,5.34
2026-05-19 23:10:00+00:00,5.14,1.31,-1.24,14.27,-13.20,5.44
2026-05-19 23:11:00+00:00,5.29,0.88,-0.97,9.40,-10.30,5.45
2026-05-19 23:12:00+00:00,4.75,2.96,-0.29,31.91,-2.97,5.61
2026-05-19 23:13:00+00:00,4.62,3.24,-0.46,35.02,-4.62,5.66
2026-05-19 23:14:00+00:00,4.50,3.47,-0.60,37.68,-6.00,5.71
2026-05-19 23:15:00+00:00,4.61,3.33,-0.30,35.82,-3.05,5.70
2026-05-19 23:16:00+00:00,4.70,3.14,-0.54,33.75,-5.50,5.68
2026-05-19 23:17:00+00:00,4.76,3.13,-0.28,33.33,-2.78,5.70
2026-05-19 23:18:00+00:00,4.43,3.62,-0.14,39.25,-1.43,5.72
2026-05-19 23:19:00+00:00,4.53,3.39,0.50,36.81,5.09,5.68
2026-05-19 23:20:00+00:00,4.88,2.90,-0.23,30.72,-2.29,5.68
2026-05-19 23:21:00+00:00,4.83,3.11,-0.40,32.78,-3.98,5.76
2026-05-19 23:22:00+00:00,4.69,3.34,-0.10,35.44,-0.98,5.76
2026-05-19 23:23:00+00:00,4.52,3.29,-0.16,36.00,-1.60,5.59
2026-05-19 23:24:00+00:00,4.17,3.81,0.34,42.42,3.49,5.65
2026-05-19 23:25:00+00:00,4.03,3.88,-0.25,43.88,-2.52,5.60
2026-05-19 23:26:00+00:00,4.67,2.43,-1.28,27.47,-13.71,5.42
2026-05-19 23:27:00+00:00,5.48,1.21,-1.33,12.49,-13.33,5.77
2026-05-19 23:28:00+00:00,5.41,1.92,-0.99,19.54,-9.78,5.83
2026-05-19 23:29:00+00:00,5.38,1.50,-0.83,15.56,-8.46,5.65
2026-05-19 23:30:00+00:00,5.34,1.74,-1.69,18.01,-16.72,5.86
2026-05-19 23:31:00+00:00,5.27,1.77,-2.04,18.55,-20.12,5.92
2026-05-19 23:32:00+00:00,5.28,-0.75,-2.11,351.94,-21.56,5.74
2026-05-19 23:33:00+00:00,5.53,-1.03,-2.24,349.49,-21.76,6.05
2026-05-19 23:34:00+00:00,5.20,2.25,-2.07,23.38,-20.04,6.04
2026-05-19 23:35:00+00:00,4.80,2.97,-2.43,31.73,-23.32,6.14
2026-05-19 23:36:00+00:00,4.56,3.33,-2.58,36.08,-24.59,6.21
2026-05-19 23:37:00+00:00,3.83,3.71,-2.91,44.07,-28.63,6.07
2026-05-19 23:38:00+00:00,3.39,4.21,-2.84,51.16,-27.72,6.11
2026-05-19 23:39:00+00:00,4.70,1.52,-2.95,17.92,-30.82,5.75
2026-05-19 23:40:00+00:00,5.15,-0.06,-3.23,359.32,-32.06,6.08
2026-05-19 23:41:00+00:00,5.30,0.55,-2.70,5.92,-26.87,5.98
2026-05-19 23:42:00+00:00,5.49,-0.16,-2.41,358.31,-23.73,6.00
2026-05-19 23:43:00+00:00,4.87,-1.20,-3.42,346.10,-34.33,6.07
2026-05-19 23:44:00+00:00,4.70,-2.43,-3.02,332.67,-29.69,6.09
2026-05-19 23:45:00+00:00,2.57,-4.35,-3.05,300.59,-31.15,5.90
2026-05-19 23:46:00+00:00,2.12,-5.13,-2.84,292.46,-27.10,6.24
2026-05-19 23:47:00+00:00,3.77,-3.20,-3.48,319.61,-35.10,6.05
2026-05-19 23:48:00+00:00,3.95,-2.48,-3.89,327.93,-39.86,6.07
2026-05-19 23:49:00+00:00,4.31,-2.32,-3.59,331.70,-36.28,6.07
2026-05-19 23:50:00+00:00,4.26,-0.91,-3.22,347.93,-36.50,5.42
2026-05-19 23:51:00+00:00,1.38,-5.86,-2.63,283.27,-23.64,6.57
2026-05-19 23:52:00+00:00,2.31,-5.43,-2.80,293.06,-25.44,6.53
2026-05-19 23:53:00+00:00,2.35,-5.29,-3.16,294.00,-28.66,6.59
2026-05-19 23:54:00+00:00,2.22,-5.12,-3.43,293.44,-31.61,6.55
2026-05-19 23:55:00+00:00,2.71,-4.88,-3.31,299.04,-30.67,6.49
2026-05-19 23:56:00+00:00,2.74,-4.82,-3.57,299.59,-32.76,6.59
2026-05-19 23:57:00+00:00,3.44,-3.64,-3.81,313.37,-37.33,6.29
2026-05-19 23:58:00+00:00,4.66,-0.61,-4.36,352.49,-42.85,6.41
2026-05-19 23:59:00+00:00,3.01,0.23,-5.25,4.36,-60.10,6.05
2026-05-20 00:00:00+00:00,4.53,-1.55,-4.12,341.16,-40.73,6.32
2026-05-20 00:01:00+00:00,4.70,-0.95,-4.32,348.63,-42.01,6.46
2026-05-20 00:02:00+00:00,5.12,-0.35,-3.86,356.08,-36.91,6.42
2026-05-20 00:03:00+00:00,5.39,0.69,-3.34,7.33,-31.58,6.37
2026-05-20 00:04:00+00:00,5.70,1.04,-2.63,10.35,-24.42,6.36
2026-05-20 00:05:00+00:00,5.32,1.50,-3.19,15.72,-29.99,6.38
2026-05-20 00:06:00+00:00,5.39,1.85,-2.82,18.95,-26.34,6.36
2026-05-20 00:07:00+00:00,5.51,2.04,-2.55,20.32,-23.45,6.41
2026-05-20 00:08:00+00:00,5.59,2.09,-2.25,20.49,-20.68,6.38
2026-05-20 00:09:00+00:00,5.30,0.77,-3.48,8.28,-33.06,6.39
2026-05-20 00:10:00+00:00,4.41,0.29,-4.87,3.72,-47.74,6.57
2026-05-20 00:11:00+00:00,4.67,0.54,-4.56,6.61,-44.16,6.55
2026-05-20 00:12:00+00:00,4.94,0.46,-4.13,5.31,-39.73,6.46
2026-05-20 00:13:00+00:00,4.95,0.95,-4.01,10.81,-38.54,6.44
2026-05-20 00:14:00+00:00,5.05,0.59,-3.93,6.69,-37.71,6.43
2026-05-20 00:15:00+00:00,5.06,1.11,-3.91,12.33,-37.04,6.49
2026-05-20 00:16:00+00:00,4.87,1.46,-4.17,16.71,-39.35,6.57
2026-05-20 00:17:00+00:00,3.99,-2.31,-4.81,329.92,-46.18,6.66
2026-05-20 00:18:00+00:00,3.60,-3.05,-4.54,319.71,-43.88,6.55
2026-05-20 00:19:00+00:00,4.11,-2.70,-4.45,326.65,-42.12,6.63
2026-05-20 00:20:00+00:00,2.77,-4.17,-3.86,303.56,-37.61,6.32
2026-05-20 00:21:00+00:00,1.97,-4.90,-3.82,291.88,-35.91,6.51
2026-05-20 00:22:00+00:00,1.56,-4.72,-4.33,288.30,-41.01,6.59
2026-05-20 00:23:00+00:00,2.09,-4.77,-3.92,293.71,-36.96,6.52
2026-05-20 00:24:00+00:00,1.90,-4.81,-3.97,291.59,-37.52,6.52
2026-05-20 00:25:00+00:00,1.55,-5.25,-3.74,286.44,-34.34,6.63
2026-05-20 00:26:00+00:00,1.72,-5.27,-3.67,288.07,-33.51,6.65
2026-05-20 00:27:00+00:00,2.11,-5.16,-3.50,292.26,-32.13,6.58
2026-05-20 00:28:00+00:00,1.62,-5.12,-3.73,287.54,-34.79,6.54
2026-05-20 00:29:00+00:00,1.29,-5.12,-3.92,284.13,-36.62,6.58
2026-05-20 00:30:00+00:00,2.11,-5.02,-3.34,292.83,-31.54,6.39
2026-05-20 00:31:00+00:00,2.62,-5.21,-2.41,296.72,-22.41,6.31
2026-05-20 00:32:00+00:00,2.25,-4.92,-3.45,294.59,-32.50,6.42
2026-05-20 00:33:00+00:00,1.99,-5.38,-3.10,290.33,-28.34,6.52
2026-05-20 00:34:00+00:00,2.08,-5.20,-3.33,291.77,-30.75,6.52
2026-05-20 00:35:00+00:00,1.99,-5.29,-3.24,290.65,-29.84,6.52
2026-05-20 00:36:00+00:00,1.62,-5.84,-2.69,285.48,-23.90,6.63
2026-05-20 00:37:00+00:00,1.25,-6.20,-2.00,281.42,-17.55,6.64
2026-05-20 00:38:00+00:00,0.46,-6.36,-1.63,274.13,-14.37,6.58
2026-05-20 00:39:00+00:00,0.58,-6.61,-1.15,275.00,-9.84,6.74
2026-05-20 00:40:00+00:00,0.67,-6.51,-1.25,275.87,-10.81,6.66
2026-05-20 00:41:00+00:00,0.95,-6.16,-1.53,278.75,-13.78,6.42
2026-05-20 00:42:00+00:00,1.69,-5.68,-2.30,286.53,-21.21,6.36
2026-05-20 00:43:00+00:00,1.92,-5.80,-2.95,288.32,-25.75,6.78
2026-05-20 00:44:00+00:00,2.26,-5.64,-3.18,291.87,-27.58,6.86
2026-05-20 00:45:00+00:00,1.70,-5.99,-2.46,285.82,-21.53,6.70
2026-05-20 00:46:00+00:00,1.59,-6.14,-2.51,284.48,-21.59,6.82
2026-05-20 00:47:00+00:00,1.86,-6.02,-2.61,287.15,-22.50,6.82
2026-05-20 00:48:00+00:00,2.13,-5.96,-2.34,289.65,-20.27,6.75
2026-05-20 00:49:00+00:00,1.65,-5.95,-2.12,285.52,-18.97,6.53
2026-05-20 00:50:00+00:00,1.67,-5.80,-2.20,286.06,-20.00,6.42
2026-05-20 00:51:00+00:00,1.76,-5.87,-2.54,286.68,-22.52,6.64
2026-05-20 00:52:00+00:00,2.27,-5.54,-2.99,292.26,-26.58,6.69
2026-05-20 00:53:00+00:00,2.55,-5.26,-3.15,295.91,-28.36,6.64
2026-05-20 00:54:00+00:00,2.95,-4.87,-3.17,301.22,-29.14,6.52
2026-05-20 00:55:00+00:00,2.73,-4.96,-3.24,298.85,-29.74,6.53
2026-05-20 00:56:00+00:00,1.21,-6.04,-2.73,281.33,-23.89,6.74
2026-05-20 00:57:00+00:00,3.12,-5.11,-2.41,301.47,-21.94,6.45
2026-05-20 00:58:00+00:00,3.43,-5.27,-1.71,303.05,-15.19,6.52
2026-05-20 00:59:00+00:00,3.49,-5.30,-1.60,303.39,-14.15,6.54
2026-05-20 01:00:00+00:00,3.34,-5.15,-2.34,302.94,-20.87,6.57
2026-05-20 01:01:00+00:00,3.60,-4.88,-2.43,306.42,-21.80,6.53
2026-05-20 01:02:00+00:00,3.25,-4.91,-2.86,303.49,-25.94,6.54
2026-05-20 01:03:00+00:00,3.23,-4.66,-3.23,304.74,-29.64,6.53
2026-05-20 01:04:00+00:00,3.06,-4.90,-3.11,301.97,-28.27,6.56
2026-05-20 01:05:00+00:00,2.27,-5.18,-3.39,293.63,-30.91,6.59
2026-05-20 01:06:00+00:00,1.38,-5.37,-3.79,284.41,-34.34,6.72
2026-05-20 01:07:00+00:00,1.40,-5.48,-3.68,284.30,-33.06,6.74
2026-05-20 01:08:00+00:00,1.97,-5.37,-3.50,290.12,-31.51,6.71
2026-05-20 01:09:00+00:00,2.06,-5.28,-3.48,291.33,-31.56,6.65
2026-05-20 01:10:00+00:00,1.46,-5.60,-3.38,284.60,-30.30,6.70
2026-05-20 01:11:00+00:00,1.68,-5.27,-3.65,287.72,-33.46,6.63
2026-05-20 01:12:00+00:00,2.04,-5.27,-3.23,291.12,-29.73,6.51
2026-05-20 01:13:00+00:00,4.96,-2.98,-2.08,329.03,-19.72,6.15
2026-05-20 01:14:00+00:00,3.06,-4.62,-3.39,303.51,-31.49,6.49
2026-05-20 01:15:00+00:00,2.94,-4.82,-3.43,301.37,-31.32,6.61
2026-05-20 01:16:00+00:00,2.78,-4.93,-3.42,299.37,-31.15,6.61
2026-05-20 01:17:00+00:00,2.86,-4.89,-3.44,300.31,-31.26,6.62
2026-05-20 01:18:00+00:00,2.53,-5.18,-3.38,296.05,-30.34,6.68
2026-05-20 01:19:00+00:00,2.53,-5.22,-3.35,295.88,-29.98,6.69
2026-05-20 01:20:00+00:00,2.29,-5.38,-3.31,293.09,-29.56,6.72
2026-05-20 01:21:00+00:00,2.78,-5.16,-3.15,298.36,-28.30,6.65
2026-05-20 01:22:00+00:00,2.47,-5.32,-3.36,294.90,-29.78,6.75
2026-05-20 01:23:00+00:00,2.80,-5.08,-3.22,298.84,-28.99,6.63
2026-05-20 01:24:00+00:00,1.50,-5.62,-3.40,284.99,-30.34,6.74
2026-05-20 01:25:00+00:00,1.87,-5.57,-3.29,288.57,-29.29,6.73
2026-05-20 01:26:00+00:00,1.26,-5.80,-3.31,282.26,-29.14,6.79
2026-05-20 01:27:00+00:00,1.80,-5.58,-3.33,287.84,-29.61,6.75
2026-05-20 01:28:00+00:00,1.72,-5.62,-3.36,287.05,-29.70,6.77
2026-05-20 01:29:00+00:00,1.94,-5.53,-3.28,289.33,-29.27,6.71
2026-05-20 01:30:00+00:00,1.93,-5.51,-3.24,289.32,-29.01,6.68
2026-05-20 01:31:00+00:00,1.36,-5.67,-3.38,283.52,-30.12,6.74
2026-05-20 01:32:00+00:00,1.07,-6.00,-2.91,280.14,-25.53,6.75
2026-05-20 01:33:00+00:00,1.16,-6.25,-2.26,280.52,-19.58,6.75
2026-05-20 01:34:00+00:00,1.43,-6.12,-2.44,283.19,-21.20,6.74
2026-05-20 01:35:00+00:00,1.45,-5.99,-2.76,283.59,-24.12,6.75
2026-05-20 01:36:00+00:00,1.49,-6.13,-2.37,283.67,-20.63,6.74
2026-05-20 01:37:00+00:00,0.90,-6.41,-2.00,277.95,-17.19,6.77
2026-05-20 01:38:00+00:00,1.02,-6.21,-2.34,279.31,-20.39,6.71
2026-05-20 01:39:00+00:00,1.56,-5.81,-2.89,285.01,-25.63,6.67
2026-05-20 01:40:00+00:00,1.54,-5.80,-3.22,284.82,-28.17,6.81
2026-05-20 01:41:00+00:00,1.82,-5.60,-3.42,288.01,-30.16,6.81
2026-05-20 01:42:00+00:00,2.22,-5.74,-2.77,291.19,-24.23,6.75
2026-05-20 01:43:00+00:00,2.79,-5.07,-3.30,298.84,-29.68,6.66
2026-05-20 01:44:00+00:00,1.92,-5.60,-3.14,288.94,-27.94,6.70
2026-05-20 01:45:00+00:00,1.59,-5.32,-3.60,286.62,-32.99,6.62
2026-05-20 01:46:00+00:00,0.71,-5.43,-3.86,277.41,-35.18,6.69
2026-05-20 01:47:00+00:00,0.49,-5.30,-4.02,275.26,-37.04,6.67
2026-05-20 01:48:00+00:00,1.55,-4.79,-2.80,287.91,-29.03,5.76
2026-05-20 01:49:00+00:00,4.32,-4.07,-0.36,316.71,-3.49,5.95
2026-05-20 01:50:00+00:00,3.49,-5.00,-1.43,304.93,-13.22,6.26
2026-05-20 01:51:00+00:00,3.76,-4.66,-1.64,308.85,-15.32,6.21
2026-05-20 01:52:00+00:00,3.22,-5.17,-1.97,301.94,-17.88,6.40
2026-05-20 01:53:00+00:00,3.13,-5.20,-2.17,300.99,-19.67,6.45
2026-05-20 01:54:00+00:00,3.03,-5.09,-2.56,300.78,-23.33,6.45
2026-05-20 01:55:00+00:00,2.31,-5.24,-2.97,293.78,-27.44,6.45
2026-05-20 01:56:00+00:00,1.04,-5.57,-3.41,280.63,-31.04,6.61
2026-05-20 01:57:00+00:00,1.05,-5.56,-3.83,280.74,-34.09,6.84
2026-05-20 01:58:00+00:00,1.07,-5.40,-4.08,281.22,-36.55,6.86
2026-05-20 01:59:00+00:00,1.42,-5.26,-3.85,285.11,-35.24,6.67
2026-05-20 02:00:00+00:00,1.65,-4.71,-4.57,289.28,-42.50,6.77
2026-05-20 02:01:00+00:00,1.82,-3.83,-5.05,295.46,-50.00,6.59
2026-05-20 02:02:00+00:00,0.83,-4.01,-4.60,281.73,-48.36,6.16
2026-05-20 02:03:00+00:00,-0.27,-5.47,-3.95,267.15,-35.80,6.75
2026-05-20 02:04:00+00:00,-0.63,-5.82,-3.39,263.83,-30.06,6.77
2026-05-20 02:05:00+00:00,-0.28,-6.05,-2.98,267.35,-26.23,6.75
2026-05-20 02:06:00+00:00,1.17,-5.91,-2.63,281.21,-23.58,6.57
2026-05-20 02:07:00+00:00,1.51,-5.95,-2.44,284.25,-21.67,6.61
2026-05-20 02:08:00+00:00,0.80,-6.26,-2.02,277.23,-17.71,6.63
2026-05-20 02:09:00+00:00,1.33,-6.01,-2.32,282.46,-20.66,6.57
2026-05-20 02:10:00+00:00,1.79,-5.71,-2.59,287.36,-23.42,6.52
2026-05-20 02:11:00+00:00,2.09,-5.62,-2.45,290.37,-22.23,6.48
2026-05-20 02:12:00+00:00,1.83,-5.42,-3.36,288.65,-30.43,6.63
2026-05-20 02:13:00+00:00,2.26,-4.65,-3.81,295.99,-36.40,6.42
2026-05-20 02:14:00+00:00,2.32,-5.30,-2.95,293.64,-27.02,6.50
2026-05-20 02:15:00+00:00,2.13,-5.73,-2.14,290.38,-19.29,6.47
2026-05-20 02:16:00+00:00,1.75,-5.89,-2.13,286.55,-19.11,6.51
2026-05-20 02:17:00+00:00,2.23,-5.22,-2.86,293.13,-26.75,6.36
2026-05-20 02:18:00+00:00,0.16,-6.29,1.15,271.41,10.38,6.40
2026-05-20 02:19:00+00:00,-0.45,-6.14,1.31,265.85,12.00,6.29
2026-05-20 02:20:00+00:00,-0.71,-6.41,-1.30,263.70,-11.39,6.58
2026-05-20 02:21:00+00:00,-1.85,-6.45,-1.04,253.98,-8.79,6.79
2026-05-20 02:22:00+00:00,-1.75,-6.47,-1.07,254.86,-9.08,6.79
2026-05-20 02:23:00+00:00,-1.32,-6.62,-0.89,258.71,-7.54,6.81
2026-05-20 02:24:00+00:00,-1.25,-6.69,-0.61,259.44,-5.11,6.83
2026-05-20 02:25:00+00:00,-0.47,-6.68,-0.40,265.98,-3.40,6.71
2026-05-20 02:26:00+00:00,-1.10,-6.66,-0.27,260.65,-2.31,6.76
2026-05-20 02:27:00+00:00,-0.35,-6.59,-1.30,266.97,-11.18,6.72
2026-05-20 02:28:00+00:00,-0.23,-6.38,-2.01,267.97,-17.46,6.69
2026-05-20 02:29:00+00:00,-0.22,-5.64,-3.18,267.72,-29.39,6.48
2026-05-20 02:30:00+00:00,0.16,-5.40,-3.69,271.68,-34.30,6.54
2026-05-20 02:31:00+00:00,1.19,-5.82,-2.77,281.60,-25.02,6.56
2026-05-20 02:32:00+00:00,0.95,-4.97,-4.06,280.78,-38.72,6.49
2026-05-20 02:33:00+00:00,1.71,-5.38,-3.11,287.65,-28.85,6.44
2026-05-20 02:34:00+00:00,1.25,-5.83,-2.79,282.06,-25.04,6.58
2026-05-20 02:35:00+00:00,0.71,-5.91,-2.75,276.88,-24.78,6.56
2026-05-20 02:36:00+00:00,0.28,-6.03,-2.55,272.70,-22.93,6.56
2026-05-20 02:37:00+00:00,1.03,-6.08,-2.20,279.59,-19.63,6.54
2026-05-20 02:38:00+00:00,2.31,-4.53,-1.19,297.00,-13.20,5.22
2026-05-20 02:39:00+00:00,4.17,-4.37,0.25,313.64,2.41,6.05
2026-05-20 02:40:00+00:00,4.19,-4.37,0.19,313.81,1.84,6.06
2026-05-20 02:41:00+00:00,4.62,-3.77,0.65,320.83,6.26,6.00
2026-05-20 02:42:00+00:00,4.36,-4.03,0.99,317.29,9.44,6.02
2026-05-20 02:43:00+00:00,3.94,-4.25,1.52,312.80,14.72,5.99
2026-05-20 02:44:00+00:00,3.78,-4.08,0.48,312.84,4.96,5.58
2026-05-20 02:45:00+00:00,4.36,-4.12,-1.07,316.64,-10.14,6.09
2026-05-20 02:46:00+00:00,4.36,-4.23,-0.68,315.85,-6.44,6.11
2026-05-20 02:47:00+00:00,4.05,-4.64,-0.12,311.11,-1.14,6.16
2026-05-20 02:48:00+00:00,3.98,-4.70,-0.21,310.27,-1.91,6.16
2026-05-20 02:49:00+00:00,4.06,-4.62,-0.64,311.32,-5.98,6.18
2026-05-20 02:50:00+00:00,3.63,-5.01,0.06,305.97,0.56,6.19
2026-05-20 02:51:00+00:00,3.77,-4.89,-0.43,307.63,-4.01,6.20
2026-05-20 02:52:00+00:00,3.75,-4.90,-0.82,307.40,-7.56,6.23
2026-05-20 02:53:00+00:00,3.01,-5.27,-1.35,299.76,-12.51,6.21
2026-05-20 02:54:00+00:00,2.15,-5.54,-2.06,291.22,-19.09,6.29
2026-05-20 02:55:00+00:00,2.81,-5.25,-0.91,298.13,-8.66,6.02
2026-05-20 02:56:00+00:00,2.58,-5.30,-0.79,296.00,-7.64,5.94
2026-05-20 02:57:00+00:00,1.87,-5.67,-1.47,288.22,-13.84,6.15
2026-05-20 02:58:00+00:00,3.07,-4.33,-0.30,305.33,-3.24,5.31
2026-05-20 02:59:00+00:00,4.18,-0.46,3.67,353.75,41.15,5.58
2026-05-20 03:00:00+00:00,4.22,0.09,3.47,1.23,39.36,5.47
2026-05-20 03:01:00+00:00,4.16,0.01,3.36,0.15,38.93,5.34
2026-05-20 03:02:00+00:00,4.28,-0.45,3.17,354.05,36.39,5.35
2026-05-20 03:03:00+00:00,4.45,-0.43,2.92,354.46,33.19,5.34
2026-05-20 03:04:00+00:00,3.64,1.58,3.49,23.50,41.37,5.28
2026-05-20 03:05:00+00:00,4.00,0.65,3.28,9.25,39.00,5.22
2026-05-20 03:06:00+00:00,3.93,0.00,3.40,359.96,40.83,5.19
2026-05-20 03:07:00+00:00,3.97,-0.35,3.40,354.97,40.48,5.24
2026-05-20 03:08:00+00:00,4.33,0.05,3.03,0.69,35.00,5.28
2026-05-20 03:09:00+00:00,4.14,-0.98,3.22,346.73,37.10,5.33
2026-05-20 03:10:00+00:00,4.50,0.60,2.65,7.54,30.26,5.26
2026-05-20 03:11:00+00:00,4.27,-0.31,3.02,355.79,35.22,5.24
2026-05-20 03:12:00+00:00,4.30,0.51,2.87,6.74,33.52,5.20
2026-05-20 03:13:00+00:00,4.35,0.79,2.47,10.32,29.20,5.06
2026-05-20 03:14:00+00:00,4.19,-0.03,2.84,359.60,34.19,5.06
2026-05-20 03:15:00+00:00,4.41,-0.61,2.30,352.09,27.29,5.01
2026-05-20 03:16:00+00:00,4.29,-0.35,2.39,355.35,28.97,4.92
2026-05-20 03:17:00+00:00,4.24,0.04,2.40,0.50,29.51,4.88
2026-05-20 03:18:00+00:00,4.05,0.40,2.66,5.71,33.16,4.86
2026-05-20 03:19:00+00:00,4.10,0.59,2.64,8.13,32.47,4.91
2026-05-20 03:20:00+00:00,3.68,1.53,2.90,22.60,36.00,4.93
2026-05-20 03:21:00+00:00,3.93,1.18,2.53,16.65,31.68,4.82
2026-05-20 03:22:00+00:00,3.88,1.27,2.49,18.12,31.41,4.78
2026-05-20 03:23:00+00:00,4.13,0.80,2.19,10.96,27.48,4.74
2026-05-20 03:24:00+00:00,4.41,0.15,1.69,1.98,20.97,4.73
2026-05-20 03:25:00+00:00,4.51,0.03,1.46,0.35,17.92,4.74
2026-05-20 03:26:00+00:00,4.64,-0.04,1.19,359.46,14.37,4.79
2026-05-20 03:27:00+00:00,4.71,-0.26,0.90,356.84,10.86,4.80
2026-05-20 03:28:00+00:00,4.79,-1.14,0.56,346.59,6.53,4.96
2026-05-20 03:29:00+00:00,4.75,-1.45,0.45,343.08,5.12,4.99
2026-05-20 03:30:00+00:00,4.70,-1.43,0.26,343.03,3.00,4.92
2026-05-20 03:31:00+00:00,4.71,-1.46,0.07,342.73,0.76,4.93
2026-05-20 03:32:00+00:00,4.71,-1.01,0.35,347.84,4.16,4.83
2026-05-20 03:33:00+00:00,4.46,-1.90,-0.37,336.91,-4.38,4.86
2026-05-20 03:34:00+00:00,4.61,-1.85,-0.60,338.17,-6.89,5.00
2026-05-20 03:35:00+00:00,4.29,-2.49,-0.96,329.84,-10.93,5.06
2026-05-20 03:36:00+00:00,4.42,-1.99,-1.33,335.72,-15.35,5.02
2026-05-20 03:37:00+00:00,4.34,-2.10,-1.32,334.17,-15.34,5.00
2026-05-20 03:38:00+00:00,4.30,-2.26,-1.34,332.21,-15.48,5.04
2026-05-20 03:39:00+00:00,3.87,-2.07,-2.64,331.93,-31.00,5.12
2026-05-20 03:40:00+00:00,4.12,-2.35,-1.30,330.28,-15.37,4.92
2026-05-20 03:41:00+00:00,4.03,-2.34,-2.14,329.88,-24.66,5.13
2026-05-20 03:42:00+00:00,3.92,-2.63,-1.82,326.20,-21.08,5.06
2026-05-20 03:43:00+00:00,3.98,-2.82,-1.38,324.68,-15.74,5.07
2026-05-20 03:44:00+00:00,4.01,-2.88,-1.02,324.36,-11.73,5.04
2026-05-20 03:45:00+00:00,4.02,-3.02,-0.52,323.06,-5.91,5.05
2026-05-20 03:46:00+00:00,3.82,-3.21,-0.24,319.96,-2.71,5.00
2026-05-20 03:47:00+00:00,3.61,-3.31,0.87,317.50,10.05,4.98
2026-05-20 03:48:00+00:00,3.88,-3.10,0.10,321.41,1.17,4.96
2026-05-20 03:49:00+00:00,3.93,-3.09,0.77,321.81,8.72,5.06
2026-05-20 03:50:00+00:00,3.73,-3.26,1.27,318.87,14.37,5.11
2026-05-20 03:51:00+00:00,3.96,-2.97,1.10,323.16,12.54,5.07
2026-05-20 03:52:00+00:00,3.76,-3.46,-0.03,317.39,-0.38,5.11
2026-05-20 03:53:00+00:00,3.58,-3.61,0.05,314.79,0.54,5.08
2026-05-20 03:54:00+00:00,3.87,-3.16,0.93,320.72,10.52,5.08
2026-05-20 03:55:00+00:00,3.83,-3.22,1.11,319.97,12.51,5.12
2026-05-20 03:56:00+00:00,3.64,-3.27,1.45,318.04,16.46,5.10
2026-05-20 03:57:00+00:00,3.78,-3.12,1.27,320.54,14.54,5.06
2026-05-20 03:58:00+00:00,3.89,-2.89,1.27,323.38,14.69,5.01
2026-05-20 04:00:00+00:00,3.87,-2.86,1.52,323.53,17.50,5.05
2026-05-20 04:01:00+00:00,3.79,-2.82,1.64,323.38,19.19,5.00
2026-05-20 04:02:00+00:00,3.78,-2.92,1.32,322.30,15.48,4.95
2026-05-20 04:03:00+00:00,3.83,-2.95,1.03,322.41,12.02,4.95
2026-05-20 04:04:00+00:00,3.44,-3.68,0.50,313.12,5.67,5.06
2026-05-20 04:05:00+00:00,3.50,-3.58,0.86,314.33,9.78,5.08
2026-05-20 04:06:00+00:00,3.45,-3.64,0.78,313.48,8.82,5.08
2026-05-20 04:07:00+00:00,3.57,-3.62,0.63,314.60,7.02,5.12
2026-05-20 04:08:00+00:00,3.69,-3.47,0.35,316.74,3.94,5.08
2026-05-20 04:09:00+00:00,3.89,-3.16,-0.13,320.90,-1.49,5.01
2026-05-20 04:10:00+00:00,3.29,-3.89,0.35,310.26,3.95,5.11
2026-05-20 04:11:00+00:00,3.34,-3.84,0.31,311.02,3.43,5.10
2026-05-20 04:12:00+00:00,3.20,-3.96,0.02,308.95,0.26,5.09
2026-05-20 04:13:00+00:00,2.93,-4.16,-0.45,305.10,-5.09,5.11
2026-05-20 04:14:00+00:00,2.83,-4.28,-0.54,303.47,-5.98,5.16
2026-05-20 04:15:00+00:00,2.52,-4.45,-0.95,299.58,-10.56,5.20
2026-05-20 04:16:00+00:00,2.58,-4.41,-0.22,300.34,-2.47,5.11
2026-05-20 04:17:00+00:00,2.55,-4.47,-0.30,299.71,-3.31,5.16
2026-05-20 04:18:00+00:00,2.22,-4.75,-0.06,295.08,-0.67,5.25
2026-05-20 04:19:00+00:00,2.13,-4.79,-0.12,293.99,-1.28,5.24
2026-05-20 04:20:00+00:00,2.01,-4.81,-0.10,292.70,-1.10,5.21
2026-05-20 04:21:00+00:00,1.67,-4.99,-0.34,288.48,-3.65,5.27
2026-05-20 04:22:00+00:00,1.74,-4.90,-0.18,289.51,-1.99,5.20
2026-05-20 04:23:00+00:00,1.58,-4.98,-0.12,287.61,-1.26,5.22
2026-05-20 04:24:00+00:00,1.68,-4.92,-0.35,288.83,-3.84,5.21
2026-05-20 04:25:00+00:00,1.91,-4.83,-0.27,291.56,-2.96,5.20
2026-05-20 04:26:00+00:00,1.95,-4.77,-0.29,292.17,-3.22,5.16
2026-05-20 04:27:00+00:00,1.75,-4.88,-0.37,289.68,-4.13,5.20
2026-05-20 04:28:00+00:00,1.68,-4.86,-0.59,289.12,-6.51,5.17
2026-05-20 04:29:00+00:00,1.02,-5.09,-1.10,281.32,-12.01,5.31
2026-05-20 04:30:00+00:00,0.46,-5.16,-1.53,275.04,-16.41,5.40
2026-05-20 04:31:00+00:00,-0.01,-5.14,-1.80,269.85,-19.30,5.45
2026-05-20 04:32:00+00:00,0.56,-5.34,-0.95,275.98,-10.03,5.45
2026-05-20 04:33:00+00:00,0.54,-5.38,-0.71,275.70,-7.43,5.46
2026-05-20 04:34:00+00:00,0.60,-5.41,-0.63,276.29,-6.55,5.48
2026-05-20 04:35:00+00:00,1.18,-5.13,-0.53,283.01,-5.70,5.29
2026-05-20 04:36:00+00:00,2.28,-4.77,0.25,295.54,2.66,5.29
2026-05-20 04:37:00+00:00,2.09,-4.90,-0.12,293.06,-1.34,5.33
2026-05-20 04:38:00+00:00,1.84,-5.04,-0.62,290.07,-6.64,5.40
2026-05-20 04:39:00+00:00,1.84,-5.03,-0.24,290.14,-2.57,5.36
2026-05-20 04:40:00+00:00,1.72,-5.06,-0.26,288.75,-2.80,5.35
2026-05-20 04:41:00+00:00,2.14,-4.80,0.40,293.99,4.31,5.27
2026-05-20 04:42:00+00:00,2.10,-4.94,-0.19,293.06,-2.05,5.37
2026-05-20 04:43:00+00:00,2.66,-4.67,-0.30,299.69,-3.17,5.38
2026-05-20 04:44:00+00:00,2.03,-5.07,-0.38,291.82,-3.99,5.47
2026-05-20 04:45:00+00:00,2.03,-5.12,0.02,291.59,0.17,5.51
2026-05-20 04:46:00+00:00,1.98,-5.10,0.15,291.20,1.55,5.47
2026-05-20 04:47:00+00:00,1.80,-5.18,-0.15,289.21,-1.52,5.49
2026-05-20 04:48:00+00:00,2.50,-4.59,0.47,298.56,5.09,5.25
2026-05-20 04:49:00+00:00,3.48,-3.90,1.22,311.69,13.18,5.37
2026-05-20 04:50:00+00:00,3.78,-3.72,-0.05,315.50,-0.56,5.31
2026-05-20 04:51:00+00:00,3.93,-3.52,-0.25,318.12,-2.69,5.28
2026-05-20 04:52:00+00:00,3.83,-3.42,1.39,318.24,15.12,5.32
2026-05-20 04:53:00+00:00,3.55,-3.41,1.79,316.10,19.97,5.24
2026-05-20 04:54:00+00:00,3.70,-3.61,1.10,315.69,11.97,5.28
2026-05-20 04:55:00+00:00,3.40,-4.04,0.59,310.10,6.37,5.31
2026-05-20 04:56:00+00:00,3.16,-4.31,0.09,306.25,1.01,5.34
2026-05-20 04:57:00+00:00,2.79,-4.62,-0.27,301.08,-2.90,5.40
2026-05-20 04:58:00+00:00,3.40,-4.03,0.58,310.18,6.32,5.30
2026-05-20 04:59:00+00:00,3.81,-3.45,1.46,317.86,15.90,5.34
2026-05-20 05:00:00+00:00,3.87,-3.53,1.10,317.60,11.85,5.35
2026-05-20 05:01:00+00:00,3.76,-3.52,1.38,316.86,14.97,5.33
2026-05-20 05:02:00+00:00,3.58,-3.70,1.47,314.08,15.98,5.35
2026-05-20 05:03:00+00:00,3.83,-3.26,1.81,319.59,19.82,5.35
2026-05-20 05:04:00+00:00,3.85,-3.45,1.50,318.11,16.14,5.38
2026-05-20 05:05:00+00:00,3.75,-3.54,1.50,316.62,16.21,5.37
2026-05-20 05:06:00+00:00,3.69,-3.74,1.27,314.60,13.62,5.40
2026-05-20 05:07:00+00:00,3.70,-3.84,0.97,313.90,10.31,5.42
2026-05-20 05:08:00+00:00,3.63,-3.79,1.14,313.83,12.26,5.37
2026-05-20 05:09:00+00:00,3.68,-3.79,1.05,314.20,11.20,5.39
2026-05-20 05:10:00+00:00,3.80,-3.57,1.46,316.83,15.66,5.42
2026-05-20 05:11:00+00:00,3.91,-3.41,1.70,318.87,18.11,5.46
2026-05-20 05:12:00+00:00,3.98,-3.21,1.93,321.09,20.66,5.47
2026-05-20 05:13:00+00:00,4.10,-3.25,1.55,321.56,16.45,5.46
2026-05-20 05:14:00+00:00,4.12,-3.26,1.47,321.64,15.60,5.46
2026-05-20 05:15:00+00:00,4.37,-2.93,1.14,326.14,12.27,5.39
2026-05-20 05:16:00+00:00,4.45,-2.69,1.37,328.80,14.80,5.38
2026-05-20 05:17:00+00:00,4.34,-2.71,1.67,328.00,18.07,5.38
2026-05-20 05:18:00+00:00,4.49,-2.70,1.40,329.00,14.92,5.42
2026-05-20 05:19:00+00:00,4.43,-2.48,1.78,330.76,19.29,5.38
2026-05-20 05:20:00+00:00,4.57,-2.28,1.68,333.50,18.16,5.38
2026-05-20 05:21:00+00:00,4.43,-2.40,2.00,331.54,21.63,5.42
2026-05-20 05:22:00+00:00,4.31,-2.15,2.46,333.42,27.03,5.41
2026-05-20 05:23:00+00:00,3.91,-1.43,3.27,339.91,38.20,5.29
2026-05-20 05:24:00+00:00,4.24,-2.67,-1.53,327.77,-16.95,5.24
2026-05-20 05:25:00+00:00,4.04,-3.40,-1.34,319.90,-14.18,5.45
2026-05-20 05:26:00+00:00,4.33,-3.23,-0.93,323.25,-9.80,5.48
2026-05-20 05:27:00+00:00,3.96,-3.82,0.14,315.97,1.43,5.50
2026-05-20 05:28:00+00:00,3.99,-3.76,-0.45,316.67,-4.68,5.50
2026-05-20 05:29:00+00:00,3.55,-4.16,0.03,310.50,0.26,5.47
2026-05-20 05:30:00+00:00,2.90,-4.62,0.92,302.12,9.59,5.53
2026-05-20 05:31:00+00:00,3.49,-4.07,-1.57,310.56,-16.27,5.59
2026-05-20 05:32:00+00:00,3.45,-4.22,-1.19,309.25,-12.36,5.57
2026-05-20 05:33:00+00:00,3.60,-4.14,-1.07,310.98,-11.01,5.59
2026-05-20 05:34:00+00:00,3.55,-4.25,-0.86,309.87,-8.82,5.61
2026-05-20 05:35:00+00:00,3.72,-4.04,-1.12,312.63,-11.55,5.61
2026-05-20 05:36:00+00:00,4.07,-3.16,-0.49,322.24,-5.39,5.18
2026-05-20 05:37:00+00:00,4.80,-2.20,0.12,335.39,1.32,5.28
2026-05-20 05:38:00+00:00,4.81,-1.67,0.78,340.82,8.69,5.16
2026-05-20 05:39:00+00:00,4.68,-2.50,0.47,331.92,5.02,5.33
2026-05-20 05:40:00+00:00,4.84,-2.09,0.73,336.65,7.87,5.32
2026-05-20 05:41:00+00:00,4.76,-2.25,0.78,334.76,8.41,5.32
2026-05-20 05:42:00+00:00,4.75,-2.02,1.19,337.02,12.98,5.30
2026-05-20 05:43:00+00:00,4.56,-2.39,0.71,332.30,7.85,5.20
2026-05-20 05:44:00+00:00,4.80,-1.03,1.40,347.88,15.91,5.10
2026-05-20 05:45:00+00:00,4.94,-0.87,1.20,350.02,13.43,5.16
2026-05-20 05:46:00+00:00,4.94,-0.97,0.86,348.88,9.70,5.11
2026-05-20 05:47:00+00:00,4.96,-1.21,0.64,346.23,7.14,5.14
2026-05-20 05:48:00+00:00,4.89,-0.89,1.09,349.64,12.39,5.09
2026-05-20 05:49:00+00:00,4.74,-0.95,1.65,348.66,18.80,5.11
2026-05-20 05:50:00+00:00,4.84,-0.72,1.47,351.59,16.70,5.11
2026-05-20 05:51:00+00:00,3.52,1.99,1.91,29.53,25.32,4.47
2026-05-20 05:52:00+00:00,3.28,3.08,2.28,43.18,26.90,5.04
2026-05-20 05:53:00+00:00,3.90,2.48,2.00,32.44,23.43,5.04
2026-05-20 05:54:00+00:00,3.96,2.18,2.36,28.77,27.55,5.10
2026-05-20 05:55:00+00:00,4.10,1.85,2.21,24.30,26.13,5.02
2026-05-20 05:56:00+00:00,4.32,1.07,2.56,13.94,29.87,5.13
2026-05-20 05:57:00+00:00,4.31,1.25,2.48,16.15,28.93,5.12
2026-05-20 05:58:00+00:00,4.38,1.30,2.17,16.49,25.36,5.06
2026-05-20 05:59:00+00:00,3.97,0.26,3.01,3.69,37.15,4.99
2026-05-20 06:00:00+00:00,3.56,-0.08,3.49,358.69,44.47,4.98
2026-05-20 06:01:00+00:00,3.62,0.17,3.40,2.64,43.15,4.97
2026-05-20 06:02:00+00:00,3.79,0.27,3.13,4.04,39.48,4.92
2026-05-20 06:03:00+00:00,4.34,0.68,2.21,8.90,26.65,4.92
2026-05-20 06:04:00+00:00,4.58,0.83,1.52,10.28,18.07,4.90
2026-05-20 06:05:00+00:00,4.48,1.16,1.44,14.55,17.28,4.85
2026-05-20 06:06:00+00:00,4.49,0.97,1.49,12.18,18.00,4.83
2026-05-20 06:07:00+00:00,4.48,1.58,1.10,19.43,13.05,4.88
2026-05-20 06:08:00+00:00,4.59,1.93,-0.05,22.78,-0.53,4.97
2026-05-20 06:09:00+00:00,4.14,1.60,1.31,21.16,16.47,4.63
2026-05-20 06:10:00+00:00,4.11,1.00,2.29,13.71,28.44,4.81
2026-05-20 06:11:00+00:00,4.28,1.18,1.97,15.46,23.92,4.86
2026-05-20 06:12:00+00:00,4.48,1.35,1.57,16.74,18.58,4.94
2026-05-20 06:13:00+00:00,4.25,1.99,1.65,25.14,19.41,4.98
2026-05-20 06:14:00+00:00,3.88,2.59,1.80,33.73,21.15,5.00
2026-05-20 06:15:00+00:00,4.35,2.12,1.32,25.93,15.22,5.02
2026-05-20 06:16:00+00:00,4.36,1.93,0.58,23.85,6.99,4.80
2026-05-20 06:17:00+00:00,4.03,2.69,0.49,33.67,5.83,4.87
2026-05-20 06:18:00+00:00,4.00,1.79,1.32,24.11,16.74,4.57
2026-05-20 06:19:00+00:00,3.74,0.80,2.81,12.03,36.33,4.74
2026-05-20 06:20:00+00:00,4.11,0.23,2.47,3.22,31.03,4.80
2026-05-20 06:21:00+00:00,3.96,1.26,2.37,17.69,29.68,4.78
2026-05-20 06:22:00+00:00,3.59,2.98,1.58,39.73,18.66,4.93
2026-05-20 06:23:00+00:00,3.82,1.75,1.94,24.62,24.80,4.63
2026-05-20 06:24:00+00:00,4.10,0.65,2.29,9.04,28.91,4.74
2026-05-20 06:25:00+00:00,4.08,0.58,2.30,8.06,29.13,4.72
2026-05-20 06:26:00+00:00,4.15,0.38,2.17,5.27,27.50,4.70
2026-05-20 06:27:00+00:00,4.05,-0.03,2.51,359.61,31.75,4.76
2026-05-20 06:28:00+00:00,4.00,-0.63,2.37,350.99,30.33,4.69
2026-05-20 06:29:00+00:00,3.72,-1.23,2.64,341.67,33.93,4.72
2026-05-20 06:30:00+00:00,3.41,-1.89,2.82,330.97,35.89,4.81
2026-05-20 06:31:00+00:00,3.81,-1.63,2.39,336.78,30.01,4.79
2026-05-20 06:32:00+00:00,4.11,-1.51,2.02,339.90,24.73,4.82
2026-05-20 06:33:00+00:00,3.95,-1.89,2.10,334.43,25.62,4.85
2026-05-20 06:34:00+00:00,3.61,-1.74,2.33,334.35,30.17,4.64
2026-05-20 06:35:00+00:00,4.13,-2.35,0.70,330.33,8.35,4.81
2026-05-20 06:36:00+00:00,4.22,-2.10,0.80,333.55,9.66,4.79
2026-05-20 06:37:00+00:00,4.21,-2.22,0.57,332.17,6.87,4.80
2026-05-20 06:38:00+00:00,3.78,0.05,2.03,0.73,28.29,4.29
2026-05-20 06:39:00+00:00,3.58,1.58,2.76,23.84,35.21,4.79
2026-05-20 06:40:00+00:00,3.63,1.61,2.74,23.99,34.60,4.82
2026-05-20 06:41:00+00:00,3.22,2.04,2.92,32.34,37.48,4.80
2026-05-20 06:42:00+00:00,3.57,1.71,2.62,25.61,33.54,4.75
2026-05-20 06:43:00+00:00,3.22,1.76,3.04,28.74,39.58,4.76
2026-05-20 06:44:00+00:00,3.23,2.00,2.93,31.79,37.57,4.80
2026-05-20 06:45:00+00:00,2.96,2.37,2.81,38.75,36.59,4.72
2026-05-20 06:46:00+00:00,2.57,2.81,2.82,47.52,36.48,4.74
2026-05-20 06:47:00+00:00,2.46,2.74,2.97,48.11,38.92,4.73
2026-05-20 06:48:00+00:00,2.05,2.87,3.03,54.43,40.61,4.65
2026-05-20 06:49:00+00:00,2.22,2.80,3.05,51.62,40.47,4.69
2026-05-20 06:50:00+00:00,2.14,2.69,3.05,51.51,41.62,4.59
2026-05-20 06:51:00+00:00,2.27,2.85,2.90,51.48,38.49,4.66
2026-05-20 06:52:00+00:00,2.48,3.12,2.49,51.57,32.05,4.70
2026-05-20 06:53:00+00:00,2.36,3.33,2.51,54.64,31.59,4.80
2026-05-20 06:54:00+00:00,2.74,2.56,2.92,43.07,37.96,4.75
2026-05-20 06:55:00+00:00,3.15,-0.27,2.05,355.12,32.93,3.76
2026-05-20 06:56:00+00:00,2.87,-3.80,1.34,307.08,15.74,4.95
2026-05-20 06:57:00+00:00,3.10,-3.57,0.75,311.02,9.00,4.79
2026-05-20 06:58:00+00:00,3.32,-3.37,0.86,314.62,10.30,4.81
2026-05-20 07:02:00+00:00,2.65,-3.68,1.92,305.75,22.87,4.93
2026-05-20 07:03:00+00:00,2.61,-3.55,2.08,306.31,25.24,4.87
2026-05-20 07:04:00+00:00,2.78,-3.48,2.11,308.61,25.30,4.93
2026-05-20 07:05:00+00:00,3.47,-3.38,-0.05,315.71,-0.55,4.84
2026-05-20 07:06:00+00:00,2.95,-3.59,1.29,309.43,15.50,4.83
2026-05-20 07:07:00+00:00,2.50,-3.57,2.32,304.98,28.03,4.94
2026-05-20 07:08:00+00:00,2.82,-3.35,2.25,310.14,27.23,4.93
2026-05-20 07:09:00+00:00,2.82,-3.14,2.46,311.88,30.23,4.88
2026-05-20 07:10:00+00:00,2.67,-3.46,2.25,307.65,27.24,4.91
2026-05-20 07:11:00+00:00,3.38,-2.31,2.46,325.69,30.97,4.77
2026-05-20 07:12:00+00:00,3.74,-1.52,2.46,337.93,31.36,4.72
2026-05-20 07:13:00+00:00,3.66,-1.45,2.54,338.44,32.82,4.68
2026-05-20 07:14:00+00:00,3.76,-0.84,2.49,347.39,32.83,4.59
2026-05-20 07:15:00+00:00,3.75,0.57,2.55,8.61,33.94,4.57
2026-05-20 07:16:00+00:00,3.72,-0.29,2.69,355.50,35.73,4.60
2026-05-20 07:17:00+00:00,3.96,-0.14,2.29,358.00,30.06,4.58
2026-05-20 07:18:00+00:00,4.13,-1.04,1.73,345.87,22.13,4.60
2026-05-20 07:19:00+00:00,3.77,-0.87,2.40,347.07,31.81,4.55
2026-05-20 07:20:00+00:00,3.39,0.40,3.12,6.78,42.45,4.62
2026-05-20 07:21:00+00:00,3.24,0.10,3.40,1.74,46.38,4.69
2026-05-20 07:22:00+00:00,3.32,-0.65,3.17,348.91,43.13,4.63
2026-05-20 07:23:00+00:00,2.87,0.49,3.64,9.65,51.33,4.66
2026-05-20 07:24:00+00:00,3.47,0.20,2.82,3.27,39.11,4.48
2026-05-20 07:25:00+00:00,3.97,-0.44,2.31,353.64,30.01,4.61
2026-05-20 07:26:00+00:00,3.93,-0.31,2.44,355.54,31.80,4.64
2026-05-20 07:27:00+00:00,3.96,-0.25,2.36,356.42,30.81,4.61
2026-05-20 07:28:00+00:00,4.03,-0.08,2.24,358.88,29.07,4.61
2026-05-20 07:29:00+00:00,3.97,-0.96,2.17,346.43,28.01,4.63
2026-05-20 07:30:00+00:00,3.99,-0.58,2.28,351.75,29.47,4.63
2026-05-20 07:31:00+00:00,3.96,-0.99,2.08,346.03,26.96,4.58
2026-05-20 07:32:00+00:00,4.08,-1.45,1.70,340.41,21.39,4.65
2026-05-20 07:33:00+00:00,3.80,-1.32,2.37,340.90,30.54,4.67
2026-05-20 07:34:00+00:00,3.48,-0.82,2.86,346.77,38.64,4.58
2026-05-20 07:35:00+00:00,3.51,-1.91,2.56,331.50,32.62,4.75
2026-05-20 07:36:00+00:00,3.59,-1.09,2.81,343.09,36.82,4.68
2026-05-20 07:37:00+00:00,3.42,-0.45,3.26,352.47,43.43,4.74
2026-05-20 07:38:00+00:00,3.34,-0.56,3.21,350.40,43.46,4.66
2026-05-20 07:39:00+00:00,3.56,-0.59,2.93,350.66,39.03,4.65
2026-05-20 07:40:00+00:00,3.60,-0.38,2.95,354.02,39.13,4.67
2026-05-20 07:41:00+00:00,3.51,-0.56,3.04,351.01,40.61,4.68
2026-05-20 07:42:00+00:00,3.96,0.90,2.12,12.78,27.53,4.58
2026-05-20 07:43:00+00:00,3.85,0.13,2.62,1.99,34.20,4.66
2026-05-20 07:44:00+00:00,3.89,0.62,2.42,9.02,31.59,4.63
2026-05-20 07:45:00+00:00,4.03,0.95,2.11,13.29,27.00,4.65
2026-05-20 07:46:00+00:00,4.05,0.37,2.16,5.19,27.93,4.60
2026-05-20 07:47:00+00:00,3.63,0.27,2.91,4.24,38.63,4.66
2026-05-20 07:48:00+00:00,3.72,0.30,2.79,4.66,36.83,4.66
2026-05-20 07:49:00+00:00,3.77,0.65,2.63,9.83,34.53,4.65
2026-05-20 07:50:00+00:00,3.51,1.65,2.55,25.14,33.40,4.64
2026-05-20 07:51:00+00:00,3.00,2.36,2.74,38.26,35.67,4.70
2026-05-20 07:52:00+00:00,3.19,1.97,2.76,31.70,36.38,4.66
2026-05-20 07:53:00+00:00,3.67,1.63,2.21,23.99,28.78,4.58
2026-05-20 07:54:00+00:00,3.25,1.77,2.75,28.57,36.57,4.61
2026-05-20 07:55:00+00:00,2.90,2.36,2.57,39.22,34.55,4.54
2026-05-20 07:56:00+00:00,3.02,2.13,2.69,35.24,36.02,4.57
2026-05-20 07:57:00+00:00,2.88,2.19,2.86,37.22,38.34,4.61
2026-05-20 07:58:00+00:00,2.76,2.47,2.65,41.78,35.66,4.55
2026-05-20 07:59:00+00:00,2.77,0.70,3.26,14.27,48.76,4.33
2026-05-20 08:00:00+00:00,2.75,2.51,2.51,42.40,34.04,4.49
2026-05-20 08:01:00+00:00,2.80,2.57,2.47,42.58,33.02,4.54
2026-05-20 08:02:00+00:00,2.68,2.49,2.76,42.95,37.08,4.58
2026-05-20 08:03:00+00:00,1.99,3.54,1.78,60.71,23.67,4.44
2026-05-20 08:04:00+00:00,1.59,4.04,1.39,68.51,17.81,4.56
2026-05-20 08:05:00+00:00,1.95,3.18,1.88,58.54,26.71,4.17
2026-05-20 08:06:00+00:00,3.07,2.24,2.25,36.12,30.69,4.42
2026-05-20 08:07:00+00:00,3.12,2.33,2.21,36.74,29.52,4.48
2026-05-20 08:08:00+00:00,3.54,1.77,2.13,26.50,28.28,4.49
2026-05-20 08:09:00+00:00,3.64,1.35,2.09,20.37,28.28,4.40
2026-05-20 08:10:00+00:00,3.33,1.73,2.38,27.43,32.39,4.44
2026-05-20 08:11:00+00:00,3.31,1.44,2.12,23.57,30.45,4.18
2026-05-20 08:12:00+00:00,2.17,2.62,2.32,50.35,34.30,4.11
2026-05-20 08:13:00+00:00,0.63,4.31,1.21,81.64,15.54,4.52
2026-05-20 08:14:00+00:00,2.50,3.33,0.17,53.11,2.32,4.17
2026-05-20 08:15:00+00:00,2.25,3.55,-1.10,57.66,-14.72,4.34
2026-05-20 08:16:00+00:00,1.91,3.97,-0.99,64.28,-12.60,4.52
2026-05-20 08:17:00+00:00,1.90,4.10,-0.01,65.17,-0.10,4.52
2026-05-20 08:18:00+00:00,1.89,4.09,0.32,65.16,4.11,4.52
2026-05-20 08:19:00+00:00,2.36,3.83,-0.48,58.37,-6.14,4.52
2026-05-20 08:20:00+00:00,3.17,3.12,-0.32,44.50,-4.10,4.46
2026-05-20 08:21:00+00:00,3.35,2.92,-0.53,41.03,-6.74,4.48
2026-05-20 08:22:00+00:00,3.70,2.63,-0.22,35.35,-2.73,4.55
2026-05-20 08:23:00+00:00,3.79,2.44,0.41,32.77,5.22,4.52
2026-05-20 08:24:00+00:00,3.79,2.53,-0.27,33.71,-3.40,4.56
2026-05-20 08:25:00+00:00,3.80,1.48,1.87,21.32,24.61,4.49
2026-05-20 08:26:00+00:00,3.57,1.40,2.60,21.44,34.05,4.63
2026-05-20 08:27:00+00:00,3.54,1.38,2.55,21.32,33.86,4.58
2026-05-20 08:28:00+00:00,3.87,1.25,1.99,17.87,26.09,4.52
2026-05-20 08:29:00+00:00,3.73,1.10,2.39,16.49,31.63,4.56
2026-05-20 08:30:00+00:00,3.51,0.92,2.76,14.74,37.26,4.56
2026-05-20 08:31:00+00:00,2.41,0.61,3.79,14.26,56.75,4.53
2026-05-20 08:32:00+00:00,2.03,1.35,3.84,33.73,57.58,4.55
2026-05-20 08:33:00+00:00,2.47,1.02,3.55,22.42,53.07,4.44
2026-05-20 08:34:00+00:00,2.53,2.72,2.49,47.07,33.77,4.48
2026-05-20 08:35:00+00:00,2.70,1.03,1.60,20.91,29.01,3.31
2026-05-20 08:36:00+00:00,3.28,-1.58,2.98,334.28,39.33,4.71
2026-05-20 08:37:00+00:00,2.62,-1.81,3.58,325.39,48.32,4.80
2026-05-20 08:38:00+00:00,2.70,-1.57,3.60,329.85,49.12,4.77
2026-05-20 08:39:00+00:00,4.05,2.12,0.63,27.61,7.87,4.61
2026-05-20 08:40:00+00:00,4.30,1.61,0.64,20.55,7.91,4.63
2026-05-20 08:41:00+00:00,4.35,1.49,0.55,18.93,6.77,4.64
2026-05-20 08:42:00+00:00,4.07,1.66,1.05,22.24,13.48,4.52
2026-05-20 08:43:00+00:00,4.05,1.26,1.58,17.22,20.43,4.52
2026-05-20 08:44:00+00:00,3.90,0.95,1.84,13.71,24.60,4.41
2026-05-20 08:45:00+00:00,4.29,0.66,0.53,8.71,6.99,4.37
2026-05-20 08:46:00+00:00,4.37,-0.24,-1.10,356.80,-14.06,4.51
2026-05-20 08:47:00+00:00,4.52,-0.56,-0.54,352.94,-6.80,4.58
2026-05-20 08:48:00+00:00,4.45,-0.97,-0.66,347.72,-8.29,4.60
2026-05-20 08:49:00+00:00,4.45,-0.66,-0.59,351.61,-7.52,4.53
2026-05-20 08:50:00+00:00,4.41,-1.10,-0.83,345.97,-10.30,4.62
2026-05-20 08:51:00+00:00,4.39,-1.01,-0.06,347.08,-0.74,4.50
2026-05-20 08:52:00+00:00,2.91,0.29,3.08,5.70,46.46,4.25
2026-05-20 08:53:00+00:00,2.29,0.79,4.00,19.08,58.83,4.67
2026-05-20 08:54:00+00:00,3.13,-0.27,3.33,355.15,46.66,4.58
2026-05-20 08:55:00+00:00,3.15,-0.67,3.21,347.93,44.95,4.55
2026-05-20 08:56:00+00:00,3.61,-0.90,2.66,345.91,35.59,4.57
2026-05-20 08:57:00+00:00,3.67,-1.30,2.58,340.52,33.56,4.67
2026-05-20 08:58:00+00:00,3.82,-1.26,2.28,341.77,29.61,4.62
2026-05-20 08:59:00+00:00,4.18,-1.29,1.60,342.89,20.15,4.66
2026-05-20 09:00:00+00:00,4.03,-1.44,1.99,340.32,24.87,4.72
2026-05-20 09:01:00+00:00,3.80,-1.92,1.95,333.19,24.58,4.68
2026-05-20 09:02:00+00:00,3.96,-1.80,1.67,335.54,20.98,4.66
2026-05-20 09:03:00+00:00,3.88,-1.38,2.12,340.42,27.22,4.63
2026-05-20 09:04:00+00:00,3.83,-1.55,2.22,337.96,28.19,4.69
2026-05-20 09:05:00+00:00,3.96,-1.37,1.89,340.94,24.29,4.59
2026-05-20 09:06:00+00:00,3.96,-0.74,2.01,349.48,26.55,4.51
2026-05-20 09:07:00+00:00,4.14,-0.13,1.60,358.20,21.17,4.44
2026-05-20 09:08:00+00:00,3.82,1.00,1.76,14.64,23.98,4.32
2026-05-20 09:09:00+00:00,4.02,0.81,1.68,11.36,22.24,4.43
2026-05-20 09:10:00+00:00,3.88,1.71,1.25,23.86,16.49,4.42
2026-05-20 09:11:00+00:00,3.93,1.50,1.26,20.89,16.68,4.39
2026-05-20 09:12:00+00:00,3.91,1.68,0.79,23.27,10.49,4.33
2026-05-20 09:13:00+00:00,2.75,2.93,1.42,46.89,19.46,4.26
2026-05-20 09:17:00+00:00,3.30,2.36,1.71,35.60,22.82,4.41
2026-05-20 09:18:00+00:00,3.27,2.31,1.99,35.27,26.42,4.48
2026-05-20 09:19:00+00:00,3.33,2.08,2.14,32.01,28.53,4.47
2026-05-20 09:20:00+00:00,3.38,2.12,1.98,32.09,26.46,4.45
2026-05-20 09:21:00+00:00,3.58,1.24,2.26,19.11,30.81,4.41
2026-05-20 09:22:00+00:00,3.69,0.88,2.25,13.38,30.64,4.41
2026-05-20 09:23:00+00:00,2.66,-1.52,3.34,330.30,47.42,4.53
2026-05-20 09:24:00+00:00,2.50,-2.00,3.35,321.33,46.33,4.64
2026-05-20 09:25:00+00:00,2.31,-2.33,3.27,314.75,44.85,4.63
2026-05-20 09:26:00+00:00,2.17,-2.38,3.42,312.47,46.68,4.69
2026-05-20 09:27:00+00:00,2.56,-2.08,3.23,321.00,44.44,4.62
2026-05-20 09:28:00+00:00,2.48,-2.16,3.27,318.91,44.83,4.63
2026-05-20 09:30:00+00:00,3.59,-1.53,2.51,336.86,32.74,4.64
2026-05-20 09:31:00+00:00,3.15,-0.89,3.21,344.26,44.47,4.58
2026-05-20 09:32:00+00:00,3.05,0.85,3.32,15.51,46.31,4.59
2026-05-20 09:33:00+00:00,3.03,1.11,3.15,20.07,44.29,4.51
2026-05-20 09:34:00+00:00,2.96,1.09,3.27,20.14,46.06,4.55
2026-05-20 09:35:00+00:00,3.04,1.44,3.06,25.39,42.35,4.55
2026-05-20 09:36:00+00:00,2.85,1.66,3.12,30.26,43.40,4.54
2026-05-20 09:37:00+00:00,2.79,1.78,3.00,32.48,42.21,4.47
2026-05-20 09:38:00+00:00,3.00,1.65,2.57,28.82,36.88,4.28
2026-05-20 09:39:00+00:00,3.24,0.81,2.34,14.11,34.99,4.08
2026-05-20 09:40:00+00:00,3.64,1.37,2.16,20.70,29.06,4.45
2026-05-20 09:41:00+00:00,3.00,2.39,2.27,38.54,30.67,4.46
2026-05-20 09:42:00+00:00,3.54,0.91,2.59,14.46,35.27,4.48
2026-05-20 09:43:00+00:00,3.24,1.18,2.67,20.04,37.78,4.36
2026-05-20 09:47:00+00:00,3.90,-1.52,1.80,338.73,23.32,4.55
2026-05-20 09:48:00+00:00,3.80,-1.51,1.95,338.32,25.49,4.53
2026-05-20 09:49:00+00:00,3.83,-1.55,1.93,337.98,25.03,4.56
2026-05-20 09:51:00+00:00,3.74,-1.74,1.82,335.10,23.82,4.50
2026-05-20 09:52:00+00:00,3.66,-2.14,1.57,329.68,20.27,4.52
2026-05-20 09:53:00+00:00,3.57,-2.63,1.07,323.66,13.55,4.56
2026-05-20 09:54:00+00:00,3.30,-2.33,1.83,324.80,24.42,4.43
2026-05-20 09:55:00+00:00,3.26,-1.33,2.88,337.80,39.32,4.54
2026-05-20 09:56:00+00:00,3.52,-1.75,2.38,333.51,31.25,4.60
2026-05-20 10:00:00+00:00,3.10,-3.03,1.44,315.63,18.44,4.57
2026-05-20 10:02:00+00:00,3.42,-2.75,0.71,321.19,9.15,4.44
2026-05-20 10:03:00+00:00,3.46,-2.82,0.85,320.75,10.82,4.54
2026-05-20 10:04:00+00:00,3.15,-3.38,0.55,312.95,6.80,4.65
2026-05-20 10:05:00+00:00,2.48,-3.91,0.29,302.36,3.56,4.64
2026-05-20 10:06:00+00:00,0.63,-4.78,-0.46,277.56,-5.43,4.85
2026-05-20 10:07:00+00:00,1.29,-4.61,-0.20,285.66,-2.39,4.79
2026-05-20 10:14:00+00:00,2.85,-3.76,0.67,307.15,8.12,4.76
2026-05-20 10:15:00+00:00,2.82,-3.70,0.34,307.30,4.23,4.66
2026-05-20 10:16:00+00:00,2.80,-3.76,-0.21,306.70,-2.62,4.69
2026-05-20 10:17:00+00:00,3.00,-3.53,-0.05,310.36,-0.59,4.63
2026-05-20 10:18:00+00:00,2.81,-3.74,-0.51,306.93,-6.23,4.70
2026-05-20 10:19:00+00:00,2.61,-3.87,-0.58,304.01,-7.09,4.71
2026-05-20 10:20:00+00:00,2.55,-3.90,-0.77,303.19,-9.43,4.72
2026-05-20 10:21:00+00:00,2.78,-3.79,-0.65,306.28,-7.90,4.74
2026-05-20 10:30:00+00:00,3.63,-2.53,0.03,325.10,0.37,4.43
2026-05-20 10:31:00+00:00,2.59,1.57,2.24,31.17,36.55,3.77
2026-05-20 10:32:00+00:00,1.89,3.06,2.86,58.34,38.51,4.60
2026-05-20 10:33:00+00:00,2.12,2.92,2.76,53.98,37.48,4.54
2026-05-20 10:34:00+00:00,2.11,2.79,2.70,52.91,37.65,4.42
2026-05-20 10:35:00+00:00,2.97,0.51,3.05,9.74,45.38,4.28
2026-05-20 10:36:00+00:00,2.69,1.79,2.95,33.69,42.45,4.37
2026-05-20 10:44:00+00:00,2.11,2.98,2.67,54.74,36.22,4.52
2026-05-20 10:45:00+00:00,1.82,3.53,2.14,62.70,28.28,4.51
2026-05-20 10:46:00+00:00,1.70,3.58,2.26,64.61,29.73,4.56
2026-05-20 10:47:00+00:00,1.84,3.35,2.46,61.27,32.74,4.54
2026-05-20 10:48:00+00:00,1.88,3.27,2.54,60.17,33.96,4.55
2026-05-20 10:49:00+00:00,2.02,3.26,2.27,58.26,30.62,4.45
2026-05-20 10:50:00+00:00,2.13,2.85,2.69,53.21,37.05,4.46
2026-05-20 10:51:00+00:00,2.32,2.09,3.16,42.00,45.38,4.44
2026-05-20 11:00:00+00:00,2.85,1.40,3.06,26.21,43.93,4.41
2026-05-20 11:01:00+00:00,2.86,1.70,2.87,30.71,40.78,4.40
2026-05-20 11:02:00+00:00,2.80,1.53,3.01,28.54,43.27,4.38
2026-05-20 11:03:00+00:00,2.93,1.76,2.71,30.92,38.42,4.36
2026-05-20 11:04:00+00:00,3.25,1.43,2.29,23.76,32.85,4.23
2026-05-20 11:05:00+00:00,3.06,1.73,2.37,29.53,33.98,4.24
2026-05-20 11:06:00+00:00,2.85,1.86,2.58,33.06,37.15,4.27
2026-05-20 11:14:00+00:00,2.77,1.65,2.96,30.77,42.61,4.38
2026-05-20 11:15:00+00:00,2.90,1.53,2.89,27.82,41.38,4.37
2026-05-20 11:16:00+00:00,2.82,0.97,3.28,18.92,47.78,4.43
2026-05-20 11:17:00+00:00,2.63,0.71,3.45,15.10,51.74,4.40
2026-05-20 11:18:00+00:00,3.14,-0.72,2.78,347.05,40.79,4.26
2026-05-20 11:19:00+00:00,3.16,-0.28,2.69,354.89,40.34,4.16
2026-05-20 11:20:00+00:00,2.62,1.16,3.27,23.83,48.78,4.34
2026-05-20 11:21:00+00:00,2.76,0.47,3.26,9.74,49.33,4.30
2026-05-20 11:30:00+00:00,3.37,0.45,2.08,7.61,31.53,3.98
2026-05-20 11:31:00+00:00,2.89,0.78,1.90,15.17,32.46,3.55
2026-05-20 11:32:00+00:00,3.08,2.62,0.52,40.46,7.33,4.08
2026-05-20 11:33:00+00:00,3.25,1.80,1.86,28.96,26.68,4.15
2026-05-20 11:34:00+00:00,3.48,1.85,1.31,27.98,18.41,4.15
2026-05-20 11:35:00+00:00,3.51,1.40,1.64,21.71,23.41,4.12
2026-05-20 11:36:00+00:00,3.39,1.90,1.41,29.31,19.93,4.13
2026-05-20 11:44:00+00:00,3.63,2.03,0.18,29.18,2.50,4.17
2026-05-20 11:45:00+00:00,3.88,1.57,0.30,22.03,4.15,4.20
2026-05-20 11:46:00+00:00,3.68,1.53,1.19,22.63,16.59,4.16
2026-05-20 11:47:00+00:00,3.78,1.53,1.02,22.06,14.07,4.21
2026-05-20 11:48:00+00:00,3.85,1.36,0.88,19.49,12.13,4.18
2026-05-20 11:49:00+00:00,3.95,0.98,0.94,13.96,13.04,4.17
2026-05-20 11:50:00+00:00,3.68,1.32,1.51,19.76,21.10,4.19
2026-05-20 11:51:00+00:00,4.07,0.46,0.88,6.39,12.14,4.19
2026-05-20 12:00:00+00:00,3.53,-1.38,2.14,338.69,29.52,4.35
2026-05-20 12:01:00+00:00,2.49,-0.94,3.07,339.27,49.01,4.06
2026-05-20 12:02:00+00:00,1.51,-0.64,4.16,337.16,68.46,4.47
2026-05-20 12:03:00+00:00,1.39,-1.30,4.07,316.81,64.95,4.49
2026-05-20 12:04:00+00:00,1.54,-1.71,3.91,311.86,59.53,4.54
2026-05-20 12:05:00+00:00,2.54,-1.32,3.28,332.60,48.87,4.35
2026-05-20 12:06:00+00:00,2.80,-1.69,2.84,328.80,40.95,4.33
2026-05-20 12:14:00+00:00,2.09,-0.48,3.72,347.03,60.05,4.30
2026-05-20 12:15:00+00:00,1.08,0.57,4.14,27.71,73.53,4.32
2026-05-20 12:16:00+00:00,2.11,-0.30,3.41,351.83,58.00,4.02
2026-05-20 12:17:00+00:00,2.91,-0.17,2.89,356.71,44.72,4.11
2026-05-20 12:18:00+00:00,3.19,-1.62,2.10,332.99,30.45,4.15
2026-05-20 12:19:00+00:00,1.04,-2.20,2.88,295.35,49.79,3.78
2026-05-20 12:20:00+00:00,0.85,-2.26,3.47,290.58,55.17,4.23
2026-05-20 12:21:00+00:00,2.59,-1.42,2.95,331.24,44.89,4.17
2026-05-20 12:30:00+00:00,0.88,-0.19,4.28,347.88,78.08,4.38
2026-05-20 12:31:00+00:00,0.81,0.03,4.47,2.47,79.73,4.54
2026-05-20 12:32:00+00:00,0.94,-0.36,4.40,339.33,77.11,4.51
2026-05-20 12:33:00+00:00,0.74,-1.28,4.34,299.94,71.23,4.58
2026-05-20 12:34:00+00:00,0.83,-0.81,4.24,315.58,74.72,4.39
2026-05-20 12:35:00+00:00,1.47,0.37,4.19,14.01,70.11,4.46
2026-05-20 12:36:00+00:00,0.39,0.96,4.23,67.83,76.19,4.36
2026-05-20 12:44:00+00:00,3.51,-2.47,0.95,324.84,12.42,4.40
2026-05-20 12:45:00+00:00,3.67,-3.12,0.79,319.63,9.28,4.88
2026-05-20 12:46:00+00:00,3.82,-2.30,0.89,328.94,11.28,4.55
2026-05-20 12:47:00+00:00,3.94,-2.02,1.08,332.85,13.67,4.56
2026-05-20 12:48:00+00:00,3.78,-2.48,0.81,326.76,10.14,4.59
2026-05-20 12:49:00+00:00,3.65,-2.70,0.65,323.49,8.19,4.58
2026-05-20 12:50:00+00:00,3.73,-2.78,0.13,323.28,1.62,4.65
2026-05-20 12:51:00+00:00,3.46,-1.31,1.45,339.28,21.36,3.97
2026-05-20 12:52:00+00:00,3.18,-0.13,3.00,357.63,43.26,4.37
2026-05-20 12:53:00+00:00,3.26,0.03,2.92,0.58,41.89,4.38
2026-05-20 12:54:00+00:00,2.86,0.27,3.34,5.42,49.34,4.41
2026-05-20 12:55:00+00:00,1.99,0.46,3.96,13.01,62.67,4.46
2026-05-20 12:56:00+00:00,2.33,0.47,3.70,11.45,57.26,4.40
2026-05-20 12:57:00+00:00,2.71,0.69,3.35,14.27,50.11,4.36
2026-05-20 12:58:00+00:00,2.68,0.92,3.25,18.99,48.93,4.32
2026-05-20 12:59:00+00:00,2.90,1.82,2.74,32.21,38.64,4.38
2026-05-20 13:00:00+00:00,2.77,2.09,2.56,37.03,36.44,4.32
2026-05-20 13:01:00+00:00,2.31,2.15,2.86,42.92,42.12,4.26
2026-05-20 13:02:00+00:00,2.39,2.01,2.93,40.01,43.10,4.28
2026-05-20 13:03:00+00:00,2.34,1.69,3.15,35.86,47.43,4.28
2026-05-20 13:04:00+00:00,-0.29,2.93,3.59,95.64,50.61,4.64
2026-05-20 13:05:00+00:00,0.06,2.93,3.73,88.76,51.81,4.74
2026-05-20 13:06:00+00:00,0.11,2.84,3.77,87.81,53.03,4.72
2026-05-20 13:07:00+00:00,0.20,2.74,3.75,85.80,53.70,4.65
2026-05-20 13:08:00+00:00,0.86,2.78,3.59,72.84,50.95,4.63
2026-05-20 13:09:00+00:00,1.02,2.82,3.54,70.16,49.74,4.64
2026-05-20 13:10:00+00:00,1.50,2.44,3.56,58.44,51.15,4.57
2026-05-20 13:11:00+00:00,1.66,2.55,3.32,56.97,47.49,4.51
2026-05-20 13:12:00+00:00,3.14,-0.58,2.88,349.49,42.04,4.30
2026-05-20 13:13:00+00:00,3.00,-0.28,2.92,354.72,44.11,4.19
2026-05-20 13:14:00+00:00,3.06,0.44,3.01,8.15,44.23,4.31
2026-05-20 13:15:00+00:00,2.89,-0.18,3.10,356.39,47.01,4.24
2026-05-20 13:16:00+00:00,2.83,-0.40,3.23,351.87,48.48,4.31
2026-05-20 13:17:00+00:00,2.65,0.76,3.40,15.97,50.99,4.38
2026-05-20 13:18:00+00:00,2.00,0.61,3.89,17.06,61.73,4.41
2026-05-20 13:19:00+00:00,2.59,0.35,3.55,7.71,53.70,4.41
2026-05-20 13:20:00+00:00,3.22,0.35,2.95,6.25,42.29,4.38
2026-05-20 13:21:00+00:00,3.04,-0.02,3.15,359.69,46.01,4.38
2026-05-20 13:23:00+00:00,3.16,0.18,3.12,3.20,44.57,4.44
2026-05-20 13:24:00+00:00,3.16,0.37,3.11,6.70,44.33,4.44
2026-05-20 13:25:00+00:00,3.18,-0.06,3.07,358.86,43.95,4.42
2026-05-20 13:26:00+00:00,3.22,-0.57,3.02,350.05,42.74,4.45
2026-05-20 13:27:00+00:00,3.32,-0.96,2.77,343.84,38.65,4.43
2026-05-20 13:28:00+00:00,3.16,-0.94,3.05,343.34,42.78,4.49
2026-05-20 13:29:00+00:00,3.27,-0.10,2.89,358.26,41.39,4.36
2026-05-20 13:30:00+00:00,3.36,-0.02,2.85,359.72,40.24,4.41
2026-05-20 13:31:00+00:00,3.23,-0.42,2.98,352.66,42.48,4.42
2026-05-20 13:32:00+00:00,3.25,-0.84,2.84,345.52,40.19,4.40
2026-05-20 13:33:00+00:00,3.20,-0.53,2.95,350.63,42.26,4.38
2026-05-20 13:34:00+00:00,2.78,-0.79,3.40,344.05,49.65,4.47
2026-05-20 13:35:00+00:00,2.62,-0.54,3.61,348.28,53.46,4.50
2026-05-20 13:36:00+00:00,2.70,-0.87,3.46,342.12,50.67,4.48
2026-05-20 13:37:00+00:00,2.83,-0.97,3.31,341.14,47.85,4.46
2026-05-20 13:38:00+00:00,2.93,-1.38,3.03,334.86,43.10,4.44
2026-05-20 13:39:00+00:00,2.91,-1.46,2.98,333.31,42.52,4.41
2026-05-20 13:40:00+00:00,2.21,-2.44,3.19,312.20,44.14,4.58
2026-05-20 13:41:00+00:00,1.68,-2.18,3.68,307.56,53.26,4.59
2026-05-20 13:42:00+00:00,2.93,-2.08,2.65,324.54,36.41,4.46
2026-05-20 13:43:00+00:00,3.08,-1.98,2.44,327.26,33.69,4.40
2026-05-20 13:44:00+00:00,3.39,-1.72,2.13,333.13,29.24,4.36
2026-05-20 13:45:00+00:00,2.81,-1.87,2.84,326.34,40.02,4.41
2026-05-20 13:46:00+00:00,3.24,-1.93,2.40,329.22,32.43,4.47
2026-05-20 13:47:00+00:00,3.45,-1.89,2.22,331.28,29.50,4.52
2026-05-20 13:48:00+00:00,3.11,-2.10,2.54,326.00,34.09,4.53
2026-05-20 13:49:00+00:00,3.15,-2.08,2.62,326.50,34.77,4.60
2026-05-20 13:50:00+00:00,2.86,-2.18,2.90,322.66,38.86,4.62
2026-05-20 13:51:00+00:00,2.85,-2.47,2.68,319.10,35.48,4.62
2026-05-20 13:52:00+00:00,2.61,-2.80,2.58,312.93,33.98,4.62
2026-05-20 13:53:00+00:00,2.33,-2.62,2.91,311.61,39.70,4.56
2026-05-20 13:54:00+00:00,2.98,-2.51,2.10,319.93,28.28,4.43
2026-05-20 13:55:00+00:00,3.01,-2.71,1.69,318.00,22.65,4.39
2026-05-20 13:56:00+00:00,2.44,-3.70,1.27,303.39,15.99,4.61
2026-05-20 13:57:00+00:00,2.15,-3.81,1.47,299.44,18.54,4.61
2026-05-20 13:58:00+00:00,2.56,-3.51,1.27,306.12,16.25,4.53
2026-05-20 13:59:00+00:00,2.75,-3.23,1.45,310.34,18.89,4.48
2026-05-20 14:00:00+00:00,2.48,-3.69,1.14,303.87,14.38,4.59
2026-05-20 14:01:00+00:00,2.29,-3.85,1.23,300.79,15.38,4.65
2026-05-20 14:02:00+00:00,1.99,-4.14,0.75,295.68,9.27,4.65
2026-05-20 14:03:00+00:00,1.92,-4.11,0.82,295.02,10.20,4.61
2026-05-20 14:04:00+00:00,1.94,-3.96,1.09,296.07,13.84,4.54
2026-05-20 14:05:00+00:00,2.07,-3.59,1.80,300.00,23.50,4.53
2026-05-20 14:06:00+00:00,1.93,-3.45,1.63,299.25,22.38,4.28
2026-05-20 14:07:00+00:00,2.93,0.38,2.58,7.41,41.04,3.92
2026-05-20 14:08:00+00:00,1.75,0.54,3.60,17.13,63.00,4.04
2026-05-20 14:09:00+00:00,2.71,-1.03,2.23,339.29,37.56,3.66
2026-05-20 14:10:00+00:00,3.55,-1.81,1.32,332.96,18.28,4.19
2026-05-20 14:11:00+00:00,3.26,-1.20,2.39,339.74,34.45,4.22
2026-05-20 14:12:00+00:00,3.53,0.17,1.92,2.76,28.46,4.02
2026-05-20 14:13:00+00:00,3.64,-0.73,1.80,348.66,25.81,4.13
2026-05-20 14:14:00+00:00,3.72,-1.73,1.18,335.10,16.04,4.26
2026-05-20 14:15:00+00:00,3.73,-1.52,1.09,337.85,15.11,4.17
2026-05-20 14:16:00+00:00,3.86,-1.52,0.48,338.43,6.54,4.17
2026-05-20 14:17:00+00:00,3.94,-1.29,0.28,341.90,3.83,4.16
2026-05-20 14:18:00+00:00,4.04,-0.70,0.64,350.15,8.94,4.15
2026-05-20 14:19:00+00:00,3.95,-0.94,0.95,346.60,13.19,4.17
2026-05-20 14:20:00+00:00,4.03,-0.59,1.04,351.64,14.30,4.20
2026-05-20 14:21:00+00:00,4.02,-0.67,0.92,350.56,12.66,4.18
2026-05-20 14:22:00+00:00,4.11,0.07,0.86,0.94,11.75,4.20
2026-05-20 14:23:00+00:00,4.02,0.27,0.65,3.88,9.20,4.08
2026-05-20 14:24:00+00:00,4.06,0.25,0.50,3.48,7.08,4.09
2026-05-20 14:25:00+00:00,4.04,0.60,0.30,8.50,4.20,4.10
2026-05-20 14:26:00+00:00,4.12,0.52,0.36,7.15,4.95,4.16
2026-05-20 14:27:00+00:00,4.04,0.47,1.07,6.71,14.70,4.20
2026-05-20 14:28:00+00:00,3.82,1.14,1.25,16.59,17.47,4.18
2026-05-20 14:29:00+00:00,3.32,0.57,2.53,9.71,36.94,4.21
2026-05-20 14:30:00+00:00,3.45,0.58,2.37,9.49,34.17,4.22
2026-05-20 14:31:00+00:00,3.45,0.85,2.23,13.87,32.08,4.20
2026-05-20 14:32:00+00:00,3.56,0.82,2.00,12.98,28.68,4.16
2026-05-20 14:33:00+00:00,3.14,1.70,2.20,28.46,31.56,4.19
2026-05-20 14:34:00+00:00,3.15,1.55,2.11,26.18,30.94,4.10
2026-05-20 14:35:00+00:00,2.82,2.87,0.73,45.45,10.35,4.09
2026-05-20 14:36:00+00:00,3.06,2.66,0.75,40.94,10.47,4.13
2026-05-20 14:37:00+00:00,3.83,0.48,1.51,7.17,21.34,4.15
2026-05-20 14:38:00+00:00,3.86,0.39,1.40,5.82,19.90,4.12
2026-05-20 14:39:00+00:00,3.85,0.32,1.58,4.77,22.28,4.17
2026-05-20 14:40:00+00:00,3.88,-0.56,1.39,351.85,19.55,4.16
2026-05-20 14:41:00+00:00,3.62,0.28,1.36,4.38,20.59,3.88
2026-05-20 14:42:00+00:00,2.89,2.14,2.00,36.59,29.13,4.12
2026-05-20 14:43:00+00:00,2.88,1.88,2.32,33.11,34.04,4.15
2026-05-20 14:44:00+00:00,2.51,2.03,2.69,38.95,39.77,4.21
2026-05-20 14:45:00+00:00,3.49,0.99,1.25,15.87,19.02,3.84
2026-05-20 14:46:00+00:00,4.14,0.16,0.51,2.19,7.03,4.18
2026-05-20 14:47:00+00:00,3.83,-0.28,0.29,355.81,4.34,3.85
2026-05-20 14:48:00+00:00,3.57,-2.33,-0.06,326.89,-0.83,4.26
2026-05-20 14:49:00+00:00,4.11,-0.94,0.45,347.12,6.02,4.24
2026-05-20 14:50:00+00:00,3.95,-1.54,0.39,338.63,5.29,4.26
2026-05-20 14:51:00+00:00,3.68,-2.03,0.00,331.05,0.03,4.20
2026-05-20 14:52:00+00:00,3.53,-1.82,0.23,332.72,3.38,3.98
2026-05-20 14:53:00+00:00,3.41,-2.43,0.45,324.59,6.18,4.21
2026-05-20 14:54:00+00:00,3.54,-1.79,0.43,333.16,6.11,3.99
2026-05-20 14:55:00+00:00,3.61,0.27,-1.67,4.35,-24.80,3.99
2026-05-20 14:56:00+00:00,3.36,1.18,-1.26,19.38,-19.51,3.78
2026-05-20 14:57:00+00:00,3.59,0.79,-1.12,12.44,-17.01,3.84
2026-05-20 14:58:00+00:00,2.56,1.75,-2.72,34.43,-41.28,4.13
2026-05-20 14:59:00+00:00,3.42,-1.60,-1.35,334.89,-19.73,4.01
2026-05-20 15:00:00+00:00,2.96,-1.95,-2.38,326.62,-33.91,4.26
2026-05-20 15:01:00+00:00,2.97,-1.96,-1.89,326.51,-27.91,4.03
2026-05-20 15:02:00+00:00,3.37,-1.36,-1.63,338.03,-24.17,3.98
2026-05-20 15:03:00+00:00,1.87,-3.31,-1.90,299.39,-26.54,4.25
2026-05-20 15:04:00+00:00,1.22,-3.43,-2.60,289.58,-35.45,4.48
2026-05-20 15:05:00+00:00,2.11,-2.74,-2.71,307.65,-38.07,4.39
2026-05-20 15:06:00+00:00,1.88,-2.51,-2.60,306.93,-39.69,4.07
2026-05-20 15:07:00+00:00,2.54,-2.86,-1.87,311.65,-25.97,4.26
2026-05-20 15:08:00+00:00,2.88,-2.53,-1.79,318.68,-25.02,4.23
2026-05-20 15:09:00+00:00,2.98,-2.14,-1.74,324.28,-25.34,4.06
2026-05-20 15:10:00+00:00,2.85,-2.58,-1.39,317.82,-19.88,4.09
2026-05-20 15:11:00+00:00,2.80,-1.64,1.37,329.68,22.88,3.52
2026-05-20 15:12:00+00:00,2.84,-1.75,1.92,328.36,29.99,3.85
2026-05-20 15:13:00+00:00,2.47,-2.32,2.37,316.79,34.92,4.14
2026-05-20 15:14:00+00:00,2.65,-1.59,2.70,329.01,41.17,4.11
2026-05-20 15:15:00+00:00,2.72,-2.61,1.96,316.19,27.54,4.24
2026-05-20 15:16:00+00:00,2.50,-0.92,2.71,339.77,45.52,3.80
2026-05-20 15:17:00+00:00,1.14,0.49,3.98,23.06,72.65,4.17
2026-05-20 15:18:00+00:00,1.39,0.26,4.08,10.45,70.95,4.32
2026-05-20 15:19:00+00:00,1.18,1.23,3.87,46.13,66.15,4.23
2026-05-20 15:20:00+00:00,1.49,-0.57,3.93,339.19,67.97,4.24
2026-05-20 15:21:00+00:00,1.62,0.09,3.99,3.29,67.86,4.31
2026-05-20 15:22:00+00:00,1.50,-0.20,4.01,352.57,69.32,4.29
2026-05-20 15:23:00+00:00,1.54,-0.15,4.03,354.57,68.97,4.32
2026-05-20 15:24:00+00:00,2.19,0.43,3.55,11.02,57.84,4.19
2026-05-20 15:25:00+00:00,2.69,0.42,3.13,8.93,49.01,4.15
2026-05-20 15:26:00+00:00,2.54,-0.12,3.35,357.37,52.87,4.21
2026-05-20 15:27:00+00:00,2.19,-0.25,3.66,353.47,59.01,4.27
2026-05-20 15:28:00+00:00,1.98,-0.29,3.80,351.66,62.23,4.30
2026-05-20 15:33:00+00:00,1.93,-1.16,3.63,329.04,58.15,4.27
2026-05-20 15:34:00+00:00,1.56,-1.36,3.66,319.08,60.50,4.21
2026-05-20 15:35:00+00:00,2.52,-0.56,3.21,347.37,51.19,4.12
2026-05-20 15:36:00+00:00,2.73,-0.54,3.09,348.75,48.03,4.16
2026-05-20 15:37:00+00:00,2.35,-0.52,3.46,347.49,55.17,4.22
2026-05-20 15:38:00+00:00,1.53,0.09,4.14,3.35,69.69,4.42
2026-05-20 15:39:00+00:00,1.78,0.01,3.99,0.48,65.96,4.37
2026-05-20 15:40:00+00:00,1.69,0.11,4.08,3.67,67.43,4.42
2026-05-20 15:41:00+00:00,0.87,0.35,4.34,21.75,77.77,4.44
2026-05-20 15:42:00+00:00,0.64,0.45,4.42,35.14,80.00,4.49
2026-05-20 15:43:00+00:00,0.42,0.73,4.43,59.91,79.17,4.51
2026-05-20 15:44:00+00:00,-0.01,0.91,4.42,90.32,78.32,4.51
2026-05-20 15:45:00+00:00,0.47,0.76,4.38,58.35,78.48,4.47
2026-05-20 15:46:00+00:00,1.34,0.37,4.23,15.26,71.78,4.45
2026-05-20 15:47:00+00:00,1.69,-0.28,4.10,350.46,67.34,4.45
2026-05-20 15:48:00+00:00,1.36,-0.07,4.20,357.10,72.04,4.42
2026-05-20 15:49:00+00:00,1.29,0.44,4.22,18.72,72.11,4.43
2026-05-20 15:50:00+00:00,1.76,0.25,4.03,8.15,66.24,4.40
2026-05-20 15:51:00+00:00,1.76,0.20,4.02,6.51,66.16,4.39
2026-05-20 15:52:00+00:00,1.84,-0.14,3.98,355.52,65.09,4.39
2026-05-20 15:53:00+00:00,1.89,0.41,3.83,12.30,63.27,4.29
2026-05-20 15:54:00+00:00,2.18,0.83,3.56,20.84,56.72,4.26
2026-05-20 15:55:00+00:00,2.19,0.30,3.69,7.69,59.04,4.30
2026-05-20 15:56:00+00:00,2.20,-0.77,3.60,340.64,57.04,4.30
2026-05-20 15:57:00+00:00,2.27,-0.34,3.70,351.48,58.17,4.35
2026-05-20 15:58:00+00:00,2.84,-0.80,3.07,344.37,46.17,4.26
2026-05-20 16:00:00+00:00,1.92,-0.45,3.99,346.70,63.73,4.45
2026-05-20 16:01:00+00:00,2.37,-0.63,3.44,345.17,54.50,4.23
2026-05-20 16:02:00+00:00,2.43,-0.64,3.59,345.17,54.99,4.38
2026-05-20 16:03:00+00:00,2.42,-0.60,3.54,346.03,54.79,4.33
2026-05-20 16:04:00+00:00,3.28,-1.24,2.43,339.25,34.68,4.27
2026-05-20 16:05:00+00:00,3.33,-1.78,1.46,331.94,21.09,4.05
2026-05-20 16:06:00+00:00,3.75,-1.47,0.36,338.55,5.06,4.05
2026-05-20 16:07:00+00:00,3.92,-0.69,0.56,349.99,8.03,4.02
2026-05-20 16:08:00+00:00,3.53,-0.55,1.61,351.19,24.25,3.92
2026-05-20 16:09:00+00:00,3.62,-0.58,1.41,350.95,21.03,3.93
2026-05-20 16:10:00+00:00,3.80,-0.44,0.95,353.36,14.00,3.94
2026-05-20 16:11:00+00:00,3.89,-0.29,-0.57,355.73,-8.30,3.94
2026-05-20 16:12:00+00:00,3.85,-0.56,0.48,351.74,7.00,3.92
2026-05-20 16:13:00+00:00,3.84,-0.36,0.90,354.71,13.19,3.96
2026-05-20 16:14:00+00:00,3.82,-0.43,0.19,353.58,2.82,3.85
2026-05-20 16:15:00+00:00,3.90,-0.46,-0.36,353.30,-5.18,3.94
2026-05-20 16:16:00+00:00,3.90,-0.83,-0.39,347.93,-5.60,4.01
2026-05-20 16:17:00+00:00,3.72,-0.74,0.13,348.81,1.90,3.80
2026-05-20 16:18:00+00:00,2.75,-0.52,3.23,349.36,49.10,4.28
2026-05-20 16:19:00+00:00,2.51,-0.59,3.26,346.76,51.70,4.15
2026-05-20 16:20:00+00:00,2.40,-0.49,3.56,348.53,55.43,4.32
2026-05-20 16:21:00+00:00,2.37,-0.32,3.49,352.27,55.53,4.23
2026-05-20 16:22:00+00:00,1.76,-0.47,3.71,345.22,63.84,4.14
2026-05-20 16:23:00+00:00,2.87,-2.04,-0.22,324.55,-3.52,3.53
2026-05-20 16:24:00+00:00,3.05,-1.99,-2.08,326.93,-29.71,4.19
2026-05-20 16:25:00+00:00,2.52,-2.15,-2.78,319.61,-39.97,4.32
2026-05-20 16:26:00+00:00,1.91,-1.80,-3.53,316.69,-53.33,4.40
2026-05-20 16:27:00+00:00,1.78,-2.08,-2.75,310.42,-45.08,3.88
2026-05-20 16:28:00+00:00,1.39,-0.65,3.74,334.84,67.72,4.04
2026-05-20 16:29:00+00:00,1.41,-0.85,3.82,328.99,66.73,4.16
2026-05-20 16:30:00+00:00,1.44,-1.00,3.77,325.13,65.10,4.16
2026-05-20 16:31:00+00:00,1.40,-0.82,3.92,329.70,67.53,4.24
2026-05-20 16:32:00+00:00,1.34,-1.86,3.20,305.88,54.37,3.94
2026-05-20 16:33:00+00:00,1.35,-1.35,3.67,314.99,62.45,4.14
2026-05-20 16:34:00+00:00,1.58,-1.34,3.68,319.58,60.66,4.23
2026-05-20 16:35:00+00:00,1.83,-1.01,3.59,331.07,59.78,4.15
2026-05-20 16:36:00+00:00,1.56,-0.89,3.77,330.29,64.54,4.17
2026-05-20 16:37:00+00:00,2.07,-0.86,3.54,337.43,57.73,4.19
2026-05-20 16:38:00+00:00,2.26,-0.75,3.50,341.65,55.82,4.23
2026-05-20 16:39:00+00:00,2.32,-1.26,3.32,331.55,51.53,4.24
2026-05-20 16:40:00+00:00,2.43,-1.57,3.10,327.02,47.00,4.24
2026-05-20 16:41:00+00:00,2.10,-2.19,2.92,313.82,43.86,4.21
2026-05-20 16:42:00+00:00,2.46,-1.31,3.00,332.07,47.10,4.09
2026-05-20 16:43:00+00:00,2.48,-0.73,3.39,343.57,52.60,4.26
2026-05-20 16:44:00+00:00,2.64,-0.89,3.05,341.38,47.62,4.13
2026-05-20 16:45:00+00:00,2.53,-1.54,2.92,328.74,44.60,4.16
2026-05-20 16:46:00+00:00,2.50,-2.04,2.69,320.78,39.82,4.20
2026-05-20 16:47:00+00:00,2.39,-2.22,2.68,317.08,39.44,4.23
2026-05-20 16:48:00+00:00,2.42,-2.56,2.36,313.40,33.81,4.24
2026-05-20 16:49:00+00:00,2.72,-2.43,2.14,318.25,30.43,4.23
2026-05-20 16:50:00+00:00,2.79,-1.70,2.57,328.58,38.13,4.16
2026-05-20 16:51:00+00:00,2.71,-1.56,2.74,329.97,41.23,4.16
2026-05-20 16:52:00+00:00,2.53,-1.69,2.84,326.29,43.03,4.16
2026-05-20 16:53:00+00:00,2.77,-1.87,2.50,326.05,36.84,4.17
2026-05-20 16:54:00+00:00,2.32,-1.83,2.95,321.71,44.90,4.18
2026-05-20 16:55:00+00:00,2.38,-2.13,2.82,318.20,41.43,4.26
2026-05-20 16:56:00+00:00,2.19,-1.99,3.19,317.77,47.16,4.36
2026-05-20 16:57:00+00:00,1.68,-1.59,3.74,316.62,58.34,4.40
2026-05-20 16:58:00+00:00,1.98,-1.30,3.71,326.82,57.44,4.40
2026-05-20 16:59:00+00:00,2.37,-1.54,3.18,326.92,48.33,4.26
2026-05-20 17:00:00+00:00,2.51,-1.50,2.94,329.19,45.14,4.15
2026-05-20 17:01:00+00:00,2.60,-1.77,2.68,325.70,40.44,4.13
2026-05-20 17:02:00+00:00,2.66,-2.82,-0.20,313.40,-2.97,3.88
2026-05-20 17:03:00+00:00,2.72,-2.64,-2.10,315.77,-28.97,4.33
2026-05-20 17:04:00+00:00,2.55,-2.43,-2.59,316.31,-36.29,4.37
2026-05-20 17:05:00+00:00,2.64,-2.44,-2.54,317.27,-35.19,4.40
2026-05-20 17:06:00+00:00,3.12,-2.48,-0.75,321.44,-10.71,4.06
2026-05-20 17:07:00+00:00,3.24,-2.05,1.27,327.61,18.34,4.04
2026-05-20 17:08:00+00:00,2.96,-2.64,-0.27,318.33,-3.84,3.98
2026-05-20 17:09:00+00:00,3.08,-2.39,-1.30,322.12,-18.38,4.11
2026-05-20 17:10:00+00:00,2.83,-2.72,-0.97,316.18,-13.94,4.04
2026-05-20 17:11:00+00:00,2.72,-1.69,2.44,328.19,37.31,4.03
2026-05-20 17:12:00+00:00,2.21,-2.06,2.77,317.06,42.44,4.10
2026-05-20 17:13:00+00:00,2.70,-1.76,2.42,326.86,36.85,4.03
2026-05-20 17:14:00+00:00,2.64,-2.30,1.90,318.99,28.41,3.98
2026-05-20 17:15:00+00:00,3.07,-1.73,1.80,330.53,27.02,3.96
2026-05-20 17:16:00+00:00,3.10,-1.87,1.28,328.84,19.52,3.84
2026-05-20 17:17:00+00:00,3.09,-2.20,0.81,324.51,12.12,3.88
2026-05-20 17:18:00+00:00,3.00,-1.83,1.52,328.59,23.41,3.82
2026-05-20 17:19:00+00:00,2.68,-1.03,3.42,339.06,50.01,4.46
2026-05-20 17:20:00+00:00,2.74,-0.97,3.22,340.51,47.93,4.34
2026-05-20 17:21:00+00:00,2.47,-1.09,3.46,336.10,51.99,4.38
2026-05-20 17:22:00+00:00,2.61,-1.06,3.33,337.94,49.73,4.36
2026-05-20 17:23:00+00:00,2.05,-0.85,3.59,337.54,58.32,4.22
2026-05-20 17:24:00+00:00,2.41,-1.52,3.27,327.81,48.93,4.33
2026-05-20 17:25:00+00:00,1.74,-1.41,3.70,320.98,58.86,4.32
2026-05-20 17:26:00+00:00,2.21,-1.30,3.32,329.60,52.35,4.19
2026-05-20 17:27:00+00:00,0.60,0.67,4.53,47.90,78.79,4.62
2026-05-20 17:28:00+00:00,0.25,0.71,4.53,70.52,80.50,4.59
2026-05-20 17:29:00+00:00,0.73,0.56,4.45,37.27,78.36,4.54
2026-05-20 17:30:00+00:00,1.25,-0.07,4.36,356.57,74.02,4.53
2026-05-20 17:31:00+00:00,1.00,-0.18,4.37,350.07,76.87,4.49
2026-05-20 17:32:00+00:00,0.80,-0.29,4.39,339.77,79.05,4.47
2026-05-20 17:33:00+00:00,0.45,-0.02,4.46,358.01,84.22,4.49
2026-05-20 17:34:00+00:00,0.41,-0.47,4.43,311.30,81.97,4.47
2026-05-20 17:35:00+00:00,1.43,-0.84,4.14,329.59,68.18,4.46
2026-05-20 17:36:00+00:00,1.21,-1.73,3.98,305.04,62.08,4.50
2026-05-20 17:37:00+00:00,0.73,-1.82,4.05,291.87,64.16,4.50
2026-05-20 17:38:00+00:00,0.19,-1.43,4.36,277.75,71.67,4.60
2026-05-20 17:39:00+00:00,-0.42,-0.90,4.54,245.08,77.66,4.65
2026-05-20 17:40:00+00:00,0.03,-0.31,4.56,275.12,86.14,4.57
2026-05-20 17:41:00+00:00,-0.45,-0.57,4.59,231.51,81.05,4.65
2026-05-20 17:42:00+00:00,-0.67,-1.04,4.52,237.19,74.74,4.68
